ISO-10303-21;
HEADER;
FILE_DESCRIPTION((''),'2;1');
FILE_NAME('399100104','2015-03-20T',('me'),(''),
'PRO/ENGINEER BY PARAMETRIC TECHNOLOGY CORPORATION, 2011490',
'PRO/ENGINEER BY PARAMETRIC TECHNOLOGY CORPORATION, 2011490','');
FILE_SCHEMA(('CONFIG_CONTROL_DESIGN'));
ENDSEC;
DATA;
#1=DIRECTION('',(0.E0,0.E0,-1.E0));
#2=VECTOR('',#1,5.82E-1);
#3=CARTESIAN_POINT('',(-8.3E-1,5.5E-2,2.935E-1));
#4=LINE('',#3,#2);
#5=DIRECTION('',(0.E0,9.999621949606E-1,8.695323434440E-3));
#6=VECTOR('',#5,1.035039129695E0);
#7=CARTESIAN_POINT('',(-8.3E-1,5.5E-2,-2.885E-1));
#8=LINE('',#7,#6);
#9=DIRECTION('',(0.E0,-2.467162276945E-14,-1.E0));
#10=VECTOR('',#9,9.000000000001E-3);
#11=CARTESIAN_POINT('',(-8.3E-1,1.09E0,-2.795E-1));
#12=LINE('',#11,#10);
#13=DIRECTION('',(0.E0,1.E0,0.E0));
#14=VECTOR('',#13,4.9E-2);
#15=CARTESIAN_POINT('',(-8.3E-1,1.09E0,-2.885E-1));
#16=LINE('',#15,#14);
#17=DIRECTION('',(0.E0,1.022647605219E-1,9.947572159856E-1));
#18=VECTOR('',#17,1.075639344762E-1);
#19=CARTESIAN_POINT('',(-8.3E-1,1.139E0,-2.885E-1));
#20=LINE('',#19,#18);
#21=DIRECTION('',(0.E0,1.E0,0.E0));
#22=VECTOR('',#21,2.E-2);
#23=CARTESIAN_POINT('',(-8.3E-1,1.15E0,-1.815E-1));
#24=LINE('',#23,#22);
#25=DIRECTION('',(0.E0,0.E0,1.E0));
#26=VECTOR('',#25,3.63E-1);
#27=CARTESIAN_POINT('',(-8.3E-1,1.17E0,-1.815E-1));
#28=LINE('',#27,#26);
#29=DIRECTION('',(0.E0,-1.E0,0.E0));
#30=VECTOR('',#29,2.E-2);
#31=CARTESIAN_POINT('',(-8.3E-1,1.17E0,1.815E-1));
#32=LINE('',#31,#30);
#33=DIRECTION('',(0.E0,-9.774399556782E-2,9.952115912360E-1));
#34=VECTOR('',#33,1.125388821697E-1);
#35=CARTESIAN_POINT('',(-8.3E-1,1.15E0,1.815E-1));
#36=LINE('',#35,#34);
#37=DIRECTION('',(0.E0,-1.E0,0.E0));
#38=VECTOR('',#37,4.9E-2);
#39=CARTESIAN_POINT('',(-8.3E-1,1.139E0,2.935E-1));
#40=LINE('',#39,#38);
#41=DIRECTION('',(0.E0,0.E0,-1.E0));
#42=VECTOR('',#41,2.5E-2);
#43=CARTESIAN_POINT('',(-8.3E-1,1.09E0,2.935E-1));
#44=LINE('',#43,#42);
#45=DIRECTION('',(0.E0,-9.980428334136E-1,6.253401211865E-2));
#46=VECTOR('',#45,3.997824408350E-1);
#47=CARTESIAN_POINT('',(-8.3E-1,1.09E0,2.685E-1));
#48=LINE('',#47,#46);
#49=DIRECTION('',(0.E0,0.E0,1.E0));
#50=VECTOR('',#49,1.58E-1);
#51=CARTESIAN_POINT('',(-8.3E-1,6.91E-1,2.935E-1));
#52=LINE('',#51,#50);
#53=DIRECTION('',(0.E0,-1.E0,0.E0));
#54=VECTOR('',#53,5.11E-1);
#55=CARTESIAN_POINT('',(-8.3E-1,6.91E-1,4.515E-1));
#56=LINE('',#55,#54);
#57=DIRECTION('',(0.E0,0.E0,-1.E0));
#58=VECTOR('',#57,1.58E-1);
#59=CARTESIAN_POINT('',(-8.3E-1,1.8E-1,4.515E-1));
#60=LINE('',#59,#58);
#61=DIRECTION('',(0.E0,-1.E0,0.E0));
#62=VECTOR('',#61,1.25E-1);
#63=CARTESIAN_POINT('',(-8.3E-1,1.8E-1,2.935E-1));
#64=LINE('',#63,#62);
#65=DIRECTION('',(1.E0,0.E0,0.E0));
#66=VECTOR('',#65,1.66E0);
#67=CARTESIAN_POINT('',(-8.3E-1,5.5E-2,2.935E-1));
#68=LINE('',#67,#66);
#69=DIRECTION('',(-1.E0,0.E0,0.E0));
#70=VECTOR('',#69,9.15E-2);
#71=CARTESIAN_POINT('',(-6.75E-1,5.5E-2,2.675E-1));
#72=LINE('',#71,#70);
#73=DIRECTION('',(0.E0,0.E0,-1.E0));
#74=VECTOR('',#73,5.44E-1);
#75=CARTESIAN_POINT('',(-7.665E-1,5.5E-2,2.675E-1));
#76=LINE('',#75,#74);
#77=DIRECTION('',(1.E0,0.E0,0.E0));
#78=VECTOR('',#77,9.15E-2);
#79=CARTESIAN_POINT('',(-7.665E-1,5.5E-2,-2.765E-1));
#80=LINE('',#79,#78);
#81=DIRECTION('',(0.E0,0.E0,1.E0));
#82=VECTOR('',#81,3.5E-2);
#83=CARTESIAN_POINT('',(-6.75E-1,5.5E-2,-2.765E-1));
#84=LINE('',#83,#82);
#85=DIRECTION('',(-1.E0,0.E0,0.E0));
#86=VECTOR('',#85,5.65E-2);
#87=CARTESIAN_POINT('',(-6.75E-1,5.5E-2,-2.415E-1));
#88=LINE('',#87,#86);
#89=DIRECTION('',(0.E0,0.E0,1.E0));
#90=VECTOR('',#89,4.74E-1);
#91=CARTESIAN_POINT('',(-7.315E-1,5.5E-2,-2.415E-1));
#92=LINE('',#91,#90);
#93=DIRECTION('',(1.E0,0.E0,0.E0));
#94=VECTOR('',#93,5.65E-2);
#95=CARTESIAN_POINT('',(-7.315E-1,5.5E-2,2.325E-1));
#96=LINE('',#95,#94);
#97=DIRECTION('',(0.E0,0.E0,1.E0));
#98=VECTOR('',#97,3.5E-2);
#99=CARTESIAN_POINT('',(-6.75E-1,5.5E-2,2.325E-1));
#100=LINE('',#99,#98);
#101=DIRECTION('',(0.E0,0.E0,-1.E0));
#102=VECTOR('',#101,3.5E-2);
#103=CARTESIAN_POINT('',(-5.25E-1,5.5E-2,2.675E-1));
#104=LINE('',#103,#102);
#105=DIRECTION('',(1.E0,0.E0,0.E0));
#106=VECTOR('',#105,5.65E-2);
#107=CARTESIAN_POINT('',(-5.25E-1,5.5E-2,2.325E-1));
#108=LINE('',#107,#106);
#109=DIRECTION('',(0.E0,0.E0,-1.E0));
#110=VECTOR('',#109,4.74E-1);
#111=CARTESIAN_POINT('',(-4.685E-1,5.5E-2,2.325E-1));
#112=LINE('',#111,#110);
#113=DIRECTION('',(-1.E0,0.E0,0.E0));
#114=VECTOR('',#113,5.65E-2);
#115=CARTESIAN_POINT('',(-4.685E-1,5.5E-2,-2.415E-1));
#116=LINE('',#115,#114);
#117=DIRECTION('',(0.E0,0.E0,-1.E0));
#118=VECTOR('',#117,3.5E-2);
#119=CARTESIAN_POINT('',(-5.25E-1,5.5E-2,-2.415E-1));
#120=LINE('',#119,#118);
#121=DIRECTION('',(1.E0,0.E0,0.E0));
#122=VECTOR('',#121,9.15E-2);
#123=CARTESIAN_POINT('',(-5.25E-1,5.5E-2,-2.765E-1));
#124=LINE('',#123,#122);
#125=DIRECTION('',(0.E0,0.E0,1.E0));
#126=VECTOR('',#125,5.44E-1);
#127=CARTESIAN_POINT('',(-4.335E-1,5.5E-2,-2.765E-1));
#128=LINE('',#127,#126);
#129=DIRECTION('',(-1.E0,0.E0,0.E0));
#130=VECTOR('',#129,9.15E-2);
#131=CARTESIAN_POINT('',(-4.335E-1,5.5E-2,2.675E-1));
#132=LINE('',#131,#130);
#133=DIRECTION('',(-1.E0,0.E0,0.E0));
#134=VECTOR('',#133,9.15E-2);
#135=CARTESIAN_POINT('',(-2.75E-1,5.5E-2,2.675E-1));
#136=LINE('',#135,#134);
#137=DIRECTION('',(0.E0,0.E0,-1.E0));
#138=VECTOR('',#137,5.44E-1);
#139=CARTESIAN_POINT('',(-3.665E-1,5.5E-2,2.675E-1));
#140=LINE('',#139,#138);
#141=DIRECTION('',(1.E0,0.E0,0.E0));
#142=VECTOR('',#141,9.15E-2);
#143=CARTESIAN_POINT('',(-3.665E-1,5.5E-2,-2.765E-1));
#144=LINE('',#143,#142);
#145=DIRECTION('',(0.E0,0.E0,1.E0));
#146=VECTOR('',#145,3.5E-2);
#147=CARTESIAN_POINT('',(-2.75E-1,5.5E-2,-2.765E-1));
#148=LINE('',#147,#146);
#149=DIRECTION('',(-1.E0,0.E0,0.E0));
#150=VECTOR('',#149,5.65E-2);
#151=CARTESIAN_POINT('',(-2.75E-1,5.5E-2,-2.415E-1));
#152=LINE('',#151,#150);
#153=DIRECTION('',(0.E0,0.E0,1.E0));
#154=VECTOR('',#153,4.74E-1);
#155=CARTESIAN_POINT('',(-3.315E-1,5.5E-2,-2.415E-1));
#156=LINE('',#155,#154);
#157=DIRECTION('',(1.E0,0.E0,0.E0));
#158=VECTOR('',#157,5.65E-2);
#159=CARTESIAN_POINT('',(-3.315E-1,5.5E-2,2.325E-1));
#160=LINE('',#159,#158);
#161=DIRECTION('',(0.E0,0.E0,1.E0));
#162=VECTOR('',#161,3.5E-2);
#163=CARTESIAN_POINT('',(-2.75E-1,5.5E-2,2.325E-1));
#164=LINE('',#163,#162);
#165=DIRECTION('',(0.E0,0.E0,-1.E0));
#166=VECTOR('',#165,3.5E-2);
#167=CARTESIAN_POINT('',(-1.25E-1,5.5E-2,2.675E-1));
#168=LINE('',#167,#166);
#169=DIRECTION('',(1.E0,0.E0,0.E0));
#170=VECTOR('',#169,5.65E-2);
#171=CARTESIAN_POINT('',(-1.25E-1,5.5E-2,2.325E-1));
#172=LINE('',#171,#170);
#173=DIRECTION('',(0.E0,0.E0,-1.E0));
#174=VECTOR('',#173,4.74E-1);
#175=CARTESIAN_POINT('',(-6.85E-2,5.5E-2,2.325E-1));
#176=LINE('',#175,#174);
#177=DIRECTION('',(-1.E0,0.E0,0.E0));
#178=VECTOR('',#177,5.65E-2);
#179=CARTESIAN_POINT('',(-6.85E-2,5.5E-2,-2.415E-1));
#180=LINE('',#179,#178);
#181=DIRECTION('',(0.E0,0.E0,-1.E0));
#182=VECTOR('',#181,3.5E-2);
#183=CARTESIAN_POINT('',(-1.25E-1,5.5E-2,-2.415E-1));
#184=LINE('',#183,#182);
#185=DIRECTION('',(1.E0,0.E0,0.E0));
#186=VECTOR('',#185,9.15E-2);
#187=CARTESIAN_POINT('',(-1.25E-1,5.5E-2,-2.765E-1));
#188=LINE('',#187,#186);
#189=DIRECTION('',(0.E0,0.E0,1.E0));
#190=VECTOR('',#189,5.44E-1);
#191=CARTESIAN_POINT('',(-3.35E-2,5.5E-2,-2.765E-1));
#192=LINE('',#191,#190);
#193=DIRECTION('',(-1.E0,0.E0,0.E0));
#194=VECTOR('',#193,9.15E-2);
#195=CARTESIAN_POINT('',(-3.35E-2,5.5E-2,2.675E-1));
#196=LINE('',#195,#194);
#197=DIRECTION('',(-1.E0,0.E0,0.E0));
#198=VECTOR('',#197,9.15E-2);
#199=CARTESIAN_POINT('',(1.25E-1,5.5E-2,2.675E-1));
#200=LINE('',#199,#198);
#201=DIRECTION('',(0.E0,0.E0,-1.E0));
#202=VECTOR('',#201,5.44E-1);
#203=CARTESIAN_POINT('',(3.35E-2,5.5E-2,2.675E-1));
#204=LINE('',#203,#202);
#205=DIRECTION('',(1.E0,0.E0,0.E0));
#206=VECTOR('',#205,9.15E-2);
#207=CARTESIAN_POINT('',(3.35E-2,5.5E-2,-2.765E-1));
#208=LINE('',#207,#206);
#209=DIRECTION('',(0.E0,0.E0,1.E0));
#210=VECTOR('',#209,3.5E-2);
#211=CARTESIAN_POINT('',(1.25E-1,5.5E-2,-2.765E-1));
#212=LINE('',#211,#210);
#213=DIRECTION('',(-1.E0,0.E0,0.E0));
#214=VECTOR('',#213,5.65E-2);
#215=CARTESIAN_POINT('',(1.25E-1,5.5E-2,-2.415E-1));
#216=LINE('',#215,#214);
#217=DIRECTION('',(0.E0,0.E0,1.E0));
#218=VECTOR('',#217,4.74E-1);
#219=CARTESIAN_POINT('',(6.85E-2,5.5E-2,-2.415E-1));
#220=LINE('',#219,#218);
#221=DIRECTION('',(1.E0,0.E0,0.E0));
#222=VECTOR('',#221,5.65E-2);
#223=CARTESIAN_POINT('',(6.85E-2,5.5E-2,2.325E-1));
#224=LINE('',#223,#222);
#225=DIRECTION('',(0.E0,0.E0,1.E0));
#226=VECTOR('',#225,3.5E-2);
#227=CARTESIAN_POINT('',(1.25E-1,5.5E-2,2.325E-1));
#228=LINE('',#227,#226);
#229=DIRECTION('',(0.E0,0.E0,-1.E0));
#230=VECTOR('',#229,3.5E-2);
#231=CARTESIAN_POINT('',(2.75E-1,5.5E-2,2.675E-1));
#232=LINE('',#231,#230);
#233=DIRECTION('',(1.E0,0.E0,0.E0));
#234=VECTOR('',#233,5.65E-2);
#235=CARTESIAN_POINT('',(2.75E-1,5.5E-2,2.325E-1));
#236=LINE('',#235,#234);
#237=DIRECTION('',(0.E0,0.E0,-1.E0));
#238=VECTOR('',#237,4.74E-1);
#239=CARTESIAN_POINT('',(3.315E-1,5.5E-2,2.325E-1));
#240=LINE('',#239,#238);
#241=DIRECTION('',(-1.E0,0.E0,0.E0));
#242=VECTOR('',#241,5.65E-2);
#243=CARTESIAN_POINT('',(3.315E-1,5.5E-2,-2.415E-1));
#244=LINE('',#243,#242);
#245=DIRECTION('',(0.E0,0.E0,-1.E0));
#246=VECTOR('',#245,3.5E-2);
#247=CARTESIAN_POINT('',(2.75E-1,5.5E-2,-2.415E-1));
#248=LINE('',#247,#246);
#249=DIRECTION('',(1.E0,0.E0,0.E0));
#250=VECTOR('',#249,9.15E-2);
#251=CARTESIAN_POINT('',(2.75E-1,5.5E-2,-2.765E-1));
#252=LINE('',#251,#250);
#253=DIRECTION('',(0.E0,0.E0,1.E0));
#254=VECTOR('',#253,5.44E-1);
#255=CARTESIAN_POINT('',(3.665E-1,5.5E-2,-2.765E-1));
#256=LINE('',#255,#254);
#257=DIRECTION('',(-1.E0,0.E0,0.E0));
#258=VECTOR('',#257,9.15E-2);
#259=CARTESIAN_POINT('',(3.665E-1,5.5E-2,2.675E-1));
#260=LINE('',#259,#258);
#261=DIRECTION('',(-1.E0,0.E0,0.E0));
#262=VECTOR('',#261,9.15E-2);
#263=CARTESIAN_POINT('',(5.25E-1,5.5E-2,2.675E-1));
#264=LINE('',#263,#262);
#265=DIRECTION('',(0.E0,0.E0,-1.E0));
#266=VECTOR('',#265,5.44E-1);
#267=CARTESIAN_POINT('',(4.335E-1,5.5E-2,2.675E-1));
#268=LINE('',#267,#266);
#269=DIRECTION('',(1.E0,0.E0,0.E0));
#270=VECTOR('',#269,9.15E-2);
#271=CARTESIAN_POINT('',(4.335E-1,5.5E-2,-2.765E-1));
#272=LINE('',#271,#270);
#273=DIRECTION('',(0.E0,0.E0,1.E0));
#274=VECTOR('',#273,3.5E-2);
#275=CARTESIAN_POINT('',(5.25E-1,5.5E-2,-2.765E-1));
#276=LINE('',#275,#274);
#277=DIRECTION('',(-1.E0,0.E0,0.E0));
#278=VECTOR('',#277,5.65E-2);
#279=CARTESIAN_POINT('',(5.25E-1,5.5E-2,-2.415E-1));
#280=LINE('',#279,#278);
#281=DIRECTION('',(0.E0,0.E0,1.E0));
#282=VECTOR('',#281,4.74E-1);
#283=CARTESIAN_POINT('',(4.685E-1,5.5E-2,-2.415E-1));
#284=LINE('',#283,#282);
#285=DIRECTION('',(1.E0,0.E0,0.E0));
#286=VECTOR('',#285,5.65E-2);
#287=CARTESIAN_POINT('',(4.685E-1,5.5E-2,2.325E-1));
#288=LINE('',#287,#286);
#289=DIRECTION('',(0.E0,0.E0,1.E0));
#290=VECTOR('',#289,3.5E-2);
#291=CARTESIAN_POINT('',(5.25E-1,5.5E-2,2.325E-1));
#292=LINE('',#291,#290);
#293=DIRECTION('',(0.E0,0.E0,-1.E0));
#294=VECTOR('',#293,3.5E-2);
#295=CARTESIAN_POINT('',(6.75E-1,5.5E-2,2.675E-1));
#296=LINE('',#295,#294);
#297=DIRECTION('',(1.E0,0.E0,0.E0));
#298=VECTOR('',#297,5.65E-2);
#299=CARTESIAN_POINT('',(6.75E-1,5.5E-2,2.325E-1));
#300=LINE('',#299,#298);
#301=DIRECTION('',(0.E0,0.E0,-1.E0));
#302=VECTOR('',#301,4.74E-1);
#303=CARTESIAN_POINT('',(7.315E-1,5.5E-2,2.325E-1));
#304=LINE('',#303,#302);
#305=DIRECTION('',(-1.E0,0.E0,0.E0));
#306=VECTOR('',#305,5.65E-2);
#307=CARTESIAN_POINT('',(7.315E-1,5.5E-2,-2.415E-1));
#308=LINE('',#307,#306);
#309=DIRECTION('',(0.E0,0.E0,-1.E0));
#310=VECTOR('',#309,3.5E-2);
#311=CARTESIAN_POINT('',(6.75E-1,5.5E-2,-2.415E-1));
#312=LINE('',#311,#310);
#313=DIRECTION('',(1.E0,0.E0,0.E0));
#314=VECTOR('',#313,9.15E-2);
#315=CARTESIAN_POINT('',(6.75E-1,5.5E-2,-2.765E-1));
#316=LINE('',#315,#314);
#317=DIRECTION('',(0.E0,0.E0,1.E0));
#318=VECTOR('',#317,5.44E-1);
#319=CARTESIAN_POINT('',(7.665E-1,5.5E-2,-2.765E-1));
#320=LINE('',#319,#318);
#321=DIRECTION('',(-1.E0,0.E0,0.E0));
#322=VECTOR('',#321,9.15E-2);
#323=CARTESIAN_POINT('',(7.665E-1,5.5E-2,2.675E-1));
#324=LINE('',#323,#322);
#325=DIRECTION('',(0.E0,0.E0,1.E0));
#326=VECTOR('',#325,4.E-2);
#327=CARTESIAN_POINT('',(-5.01E-1,5.5E-2,-2.225E-1));
#328=LINE('',#327,#326);
#329=DIRECTION('',(-1.E0,0.E0,0.E0));
#330=VECTOR('',#329,4.E-2);
#331=CARTESIAN_POINT('',(-5.01E-1,5.5E-2,-1.825E-1));
#332=LINE('',#331,#330);
#333=DIRECTION('',(0.E0,0.E0,-1.E0));
#334=VECTOR('',#333,4.E-2);
#335=CARTESIAN_POINT('',(-5.41E-1,5.5E-2,-1.825E-1));
#336=LINE('',#335,#334);
#337=DIRECTION('',(1.E0,0.E0,0.E0));
#338=VECTOR('',#337,4.E-2);
#339=CARTESIAN_POINT('',(-5.41E-1,5.5E-2,-2.225E-1));
#340=LINE('',#339,#338);
#341=DIRECTION('',(1.E0,0.E0,0.E0));
#342=VECTOR('',#341,4.E-2);
#343=CARTESIAN_POINT('',(-6.99E-1,5.5E-2,-2.225E-1));
#344=LINE('',#343,#342);
#345=DIRECTION('',(0.E0,0.E0,1.E0));
#346=VECTOR('',#345,4.E-2);
#347=CARTESIAN_POINT('',(-6.59E-1,5.5E-2,-2.225E-1));
#348=LINE('',#347,#346);
#349=DIRECTION('',(-1.E0,0.E0,0.E0));
#350=VECTOR('',#349,4.E-2);
#351=CARTESIAN_POINT('',(-6.59E-1,5.5E-2,-1.825E-1));
#352=LINE('',#351,#350);
#353=DIRECTION('',(0.E0,0.E0,-1.E0));
#354=VECTOR('',#353,4.E-2);
#355=CARTESIAN_POINT('',(-6.99E-1,5.5E-2,-1.825E-1));
#356=LINE('',#355,#354);
#357=DIRECTION('',(0.E0,0.E0,1.E0));
#358=VECTOR('',#357,4.E-2);
#359=CARTESIAN_POINT('',(2.99E-1,5.5E-2,-2.225E-1));
#360=LINE('',#359,#358);
#361=DIRECTION('',(-1.E0,0.E0,0.E0));
#362=VECTOR('',#361,4.E-2);
#363=CARTESIAN_POINT('',(2.99E-1,5.5E-2,-1.825E-1));
#364=LINE('',#363,#362);
#365=DIRECTION('',(0.E0,0.E0,-1.E0));
#366=VECTOR('',#365,4.E-2);
#367=CARTESIAN_POINT('',(2.59E-1,5.5E-2,-1.825E-1));
#368=LINE('',#367,#366);
#369=DIRECTION('',(1.E0,0.E0,0.E0));
#370=VECTOR('',#369,4.E-2);
#371=CARTESIAN_POINT('',(2.59E-1,5.5E-2,-2.225E-1));
#372=LINE('',#371,#370);
#373=DIRECTION('',(1.E0,0.E0,0.E0));
#374=VECTOR('',#373,4.E-2);
#375=CARTESIAN_POINT('',(1.01E-1,5.5E-2,-2.225E-1));
#376=LINE('',#375,#374);
#377=DIRECTION('',(0.E0,0.E0,1.E0));
#378=VECTOR('',#377,4.E-2);
#379=CARTESIAN_POINT('',(1.41E-1,5.5E-2,-2.225E-1));
#380=LINE('',#379,#378);
#381=DIRECTION('',(-1.E0,0.E0,0.E0));
#382=VECTOR('',#381,4.E-2);
#383=CARTESIAN_POINT('',(1.41E-1,5.5E-2,-1.825E-1));
#384=LINE('',#383,#382);
#385=DIRECTION('',(0.E0,0.E0,-1.E0));
#386=VECTOR('',#385,4.E-2);
#387=CARTESIAN_POINT('',(1.01E-1,5.5E-2,-1.825E-1));
#388=LINE('',#387,#386);
#389=DIRECTION('',(0.E0,0.E0,-1.E0));
#390=VECTOR('',#389,4.E-2);
#391=CARTESIAN_POINT('',(-2.99E-1,5.5E-2,2.175E-1));
#392=LINE('',#391,#390);
#393=DIRECTION('',(1.E0,0.E0,0.E0));
#394=VECTOR('',#393,4.E-2);
#395=CARTESIAN_POINT('',(-2.99E-1,5.5E-2,1.775E-1));
#396=LINE('',#395,#394);
#397=DIRECTION('',(0.E0,0.E0,1.E0));
#398=VECTOR('',#397,4.E-2);
#399=CARTESIAN_POINT('',(-2.59E-1,5.5E-2,1.775E-1));
#400=LINE('',#399,#398);
#401=DIRECTION('',(-1.E0,0.E0,0.E0));
#402=VECTOR('',#401,4.E-2);
#403=CARTESIAN_POINT('',(-2.59E-1,5.5E-2,2.175E-1));
#404=LINE('',#403,#402);
#405=DIRECTION('',(-1.E0,0.E0,0.E0));
#406=VECTOR('',#405,4.E-2);
#407=CARTESIAN_POINT('',(-1.01E-1,5.5E-2,2.175E-1));
#408=LINE('',#407,#406);
#409=DIRECTION('',(0.E0,0.E0,-1.E0));
#410=VECTOR('',#409,4.E-2);
#411=CARTESIAN_POINT('',(-1.41E-1,5.5E-2,2.175E-1));
#412=LINE('',#411,#410);
#413=DIRECTION('',(1.E0,0.E0,0.E0));
#414=VECTOR('',#413,4.E-2);
#415=CARTESIAN_POINT('',(-1.41E-1,5.5E-2,1.775E-1));
#416=LINE('',#415,#414);
#417=DIRECTION('',(0.E0,0.E0,1.E0));
#418=VECTOR('',#417,4.E-2);
#419=CARTESIAN_POINT('',(-1.01E-1,5.5E-2,1.775E-1));
#420=LINE('',#419,#418);
#421=DIRECTION('',(0.E0,0.E0,-1.E0));
#422=VECTOR('',#421,4.E-2);
#423=CARTESIAN_POINT('',(5.01E-1,5.5E-2,2.175E-1));
#424=LINE('',#423,#422);
#425=DIRECTION('',(1.E0,0.E0,0.E0));
#426=VECTOR('',#425,4.E-2);
#427=CARTESIAN_POINT('',(5.01E-1,5.5E-2,1.775E-1));
#428=LINE('',#427,#426);
#429=DIRECTION('',(0.E0,0.E0,1.E0));
#430=VECTOR('',#429,4.E-2);
#431=CARTESIAN_POINT('',(5.41E-1,5.5E-2,1.775E-1));
#432=LINE('',#431,#430);
#433=DIRECTION('',(-1.E0,0.E0,0.E0));
#434=VECTOR('',#433,4.E-2);
#435=CARTESIAN_POINT('',(5.41E-1,5.5E-2,2.175E-1));
#436=LINE('',#435,#434);
#437=DIRECTION('',(-1.E0,0.E0,0.E0));
#438=VECTOR('',#437,4.E-2);
#439=CARTESIAN_POINT('',(6.99E-1,5.5E-2,2.175E-1));
#440=LINE('',#439,#438);
#441=DIRECTION('',(0.E0,0.E0,-1.E0));
#442=VECTOR('',#441,4.E-2);
#443=CARTESIAN_POINT('',(6.59E-1,5.5E-2,2.175E-1));
#444=LINE('',#443,#442);
#445=DIRECTION('',(1.E0,0.E0,0.E0));
#446=VECTOR('',#445,4.E-2);
#447=CARTESIAN_POINT('',(6.59E-1,5.5E-2,1.775E-1));
#448=LINE('',#447,#446);
#449=DIRECTION('',(0.E0,0.E0,1.E0));
#450=VECTOR('',#449,4.E-2);
#451=CARTESIAN_POINT('',(6.99E-1,5.5E-2,1.775E-1));
#452=LINE('',#451,#450);
#453=DIRECTION('',(1.E0,0.E0,0.E0));
#454=VECTOR('',#453,1.66E0);
#455=CARTESIAN_POINT('',(-8.3E-1,1.8E-1,2.935E-1));
#456=LINE('',#455,#454);
#457=DIRECTION('',(1.E0,0.E0,0.E0));
#458=VECTOR('',#457,1.66E0);
#459=CARTESIAN_POINT('',(-8.3E-1,1.8E-1,4.515E-1));
#460=LINE('',#459,#458);
#461=DIRECTION('',(1.E0,0.E0,0.E0));
#462=VECTOR('',#461,1.66E0);
#463=CARTESIAN_POINT('',(-8.3E-1,6.91E-1,4.515E-1));
#464=LINE('',#463,#462);
#465=DIRECTION('',(0.E0,-1.E0,0.E0));
#466=VECTOR('',#465,4.25E-1);
#467=CARTESIAN_POINT('',(-7.75E-1,6.49E-1,4.515E-1));
#468=LINE('',#467,#466);
#469=DIRECTION('',(1.E0,0.E0,0.E0));
#470=VECTOR('',#469,3.5E-1);
#471=CARTESIAN_POINT('',(-7.75E-1,2.24E-1,4.515E-1));
#472=LINE('',#471,#470);
#473=DIRECTION('',(0.E0,1.E0,0.E0));
#474=VECTOR('',#473,4.25E-1);
#475=CARTESIAN_POINT('',(-4.25E-1,2.24E-1,4.515E-1));
#476=LINE('',#475,#474);
#477=DIRECTION('',(-1.E0,0.E0,0.E0));
#478=VECTOR('',#477,3.5E-1);
#479=CARTESIAN_POINT('',(-4.25E-1,6.49E-1,4.515E-1));
#480=LINE('',#479,#478);
#481=DIRECTION('',(0.E0,-1.E0,0.E0));
#482=VECTOR('',#481,4.25E-1);
#483=CARTESIAN_POINT('',(-3.75E-1,6.49E-1,4.515E-1));
#484=LINE('',#483,#482);
#485=DIRECTION('',(1.E0,0.E0,0.E0));
#486=VECTOR('',#485,3.5E-1);
#487=CARTESIAN_POINT('',(-3.75E-1,2.24E-1,4.515E-1));
#488=LINE('',#487,#486);
#489=DIRECTION('',(0.E0,1.E0,0.E0));
#490=VECTOR('',#489,4.25E-1);
#491=CARTESIAN_POINT('',(-2.5E-2,2.24E-1,4.515E-1));
#492=LINE('',#491,#490);
#493=DIRECTION('',(-1.E0,0.E0,0.E0));
#494=VECTOR('',#493,3.5E-1);
#495=CARTESIAN_POINT('',(-2.5E-2,6.49E-1,4.515E-1));
#496=LINE('',#495,#494);
#497=DIRECTION('',(0.E0,-1.E0,0.E0));
#498=VECTOR('',#497,4.25E-1);
#499=CARTESIAN_POINT('',(2.5E-2,6.49E-1,4.515E-1));
#500=LINE('',#499,#498);
#501=DIRECTION('',(1.E0,0.E0,0.E0));
#502=VECTOR('',#501,3.5E-1);
#503=CARTESIAN_POINT('',(2.5E-2,2.24E-1,4.515E-1));
#504=LINE('',#503,#502);
#505=DIRECTION('',(0.E0,1.E0,0.E0));
#506=VECTOR('',#505,4.25E-1);
#507=CARTESIAN_POINT('',(3.75E-1,2.24E-1,4.515E-1));
#508=LINE('',#507,#506);
#509=DIRECTION('',(-1.E0,0.E0,0.E0));
#510=VECTOR('',#509,3.5E-1);
#511=CARTESIAN_POINT('',(3.75E-1,6.49E-1,4.515E-1));
#512=LINE('',#511,#510);
#513=DIRECTION('',(0.E0,-1.E0,0.E0));
#514=VECTOR('',#513,4.25E-1);
#515=CARTESIAN_POINT('',(4.25E-1,6.49E-1,4.515E-1));
#516=LINE('',#515,#514);
#517=DIRECTION('',(1.E0,0.E0,0.E0));
#518=VECTOR('',#517,3.5E-1);
#519=CARTESIAN_POINT('',(4.25E-1,2.24E-1,4.515E-1));
#520=LINE('',#519,#518);
#521=DIRECTION('',(0.E0,1.E0,0.E0));
#522=VECTOR('',#521,4.25E-1);
#523=CARTESIAN_POINT('',(7.75E-1,2.24E-1,4.515E-1));
#524=LINE('',#523,#522);
#525=DIRECTION('',(-1.E0,0.E0,0.E0));
#526=VECTOR('',#525,3.5E-1);
#527=CARTESIAN_POINT('',(7.75E-1,6.49E-1,4.515E-1));
#528=LINE('',#527,#526);
#529=DIRECTION('',(1.E0,0.E0,0.E0));
#530=VECTOR('',#529,1.66E0);
#531=CARTESIAN_POINT('',(-8.3E-1,6.91E-1,2.935E-1));
#532=LINE('',#531,#530);
#533=DIRECTION('',(1.E0,0.E0,0.E0));
#534=VECTOR('',#533,1.66E0);
#535=CARTESIAN_POINT('',(-8.3E-1,1.09E0,2.685E-1));
#536=LINE('',#535,#534);
#537=DIRECTION('',(1.E0,0.E0,0.E0));
#538=VECTOR('',#537,1.66E0);
#539=CARTESIAN_POINT('',(-8.3E-1,1.09E0,2.935E-1));
#540=LINE('',#539,#538);
#541=DIRECTION('',(1.E0,0.E0,0.E0));
#542=VECTOR('',#541,1.66E0);
#543=CARTESIAN_POINT('',(-8.3E-1,1.139E0,2.935E-1));
#544=LINE('',#543,#542);
#545=DIRECTION('',(1.E0,0.E0,0.E0));
#546=VECTOR('',#545,1.66E0);
#547=CARTESIAN_POINT('',(-8.3E-1,1.15E0,1.815E-1));
#548=LINE('',#547,#546);
#549=DIRECTION('',(1.E0,0.E0,0.E0));
#550=VECTOR('',#549,1.66E0);
#551=CARTESIAN_POINT('',(-8.3E-1,1.17E0,1.815E-1));
#552=LINE('',#551,#550);
#553=DIRECTION('',(1.E0,0.E0,0.E0));
#554=VECTOR('',#553,1.66E0);
#555=CARTESIAN_POINT('',(-8.3E-1,1.17E0,-1.815E-1));
#556=LINE('',#555,#554);
#557=CARTESIAN_POINT('',(-6.E-1,1.17E0,0.E0));
#558=DIRECTION('',(0.E0,-1.E0,0.E0));
#559=DIRECTION('',(0.E0,0.E0,-1.E0));
#560=AXIS2_PLACEMENT_3D('',#557,#558,#559);
#562=CARTESIAN_POINT('',(-6.E-1,1.17E0,0.E0));
#563=DIRECTION('',(0.E0,-1.E0,0.E0));
#564=DIRECTION('',(0.E0,0.E0,1.E0));
#565=AXIS2_PLACEMENT_3D('',#562,#563,#564);
#567=CARTESIAN_POINT('',(-2.E-1,1.17E0,0.E0));
#568=DIRECTION('',(0.E0,-1.E0,0.E0));
#569=DIRECTION('',(0.E0,0.E0,-1.E0));
#570=AXIS2_PLACEMENT_3D('',#567,#568,#569);
#572=CARTESIAN_POINT('',(-2.E-1,1.17E0,0.E0));
#573=DIRECTION('',(0.E0,-1.E0,0.E0));
#574=DIRECTION('',(0.E0,0.E0,1.E0));
#575=AXIS2_PLACEMENT_3D('',#572,#573,#574);
#577=CARTESIAN_POINT('',(2.E-1,1.17E0,0.E0));
#578=DIRECTION('',(0.E0,-1.E0,0.E0));
#579=DIRECTION('',(0.E0,0.E0,-1.E0));
#580=AXIS2_PLACEMENT_3D('',#577,#578,#579);
#582=CARTESIAN_POINT('',(2.E-1,1.17E0,0.E0));
#583=DIRECTION('',(0.E0,-1.E0,0.E0));
#584=DIRECTION('',(0.E0,0.E0,1.E0));
#585=AXIS2_PLACEMENT_3D('',#582,#583,#584);
#587=CARTESIAN_POINT('',(6.E-1,1.17E0,0.E0));
#588=DIRECTION('',(0.E0,-1.E0,0.E0));
#589=DIRECTION('',(0.E0,0.E0,-1.E0));
#590=AXIS2_PLACEMENT_3D('',#587,#588,#589);
#592=CARTESIAN_POINT('',(6.E-1,1.17E0,0.E0));
#593=DIRECTION('',(0.E0,-1.E0,0.E0));
#594=DIRECTION('',(0.E0,0.E0,1.E0));
#595=AXIS2_PLACEMENT_3D('',#592,#593,#594);
#597=DIRECTION('',(1.E0,0.E0,0.E0));
#598=VECTOR('',#597,1.66E0);
#599=CARTESIAN_POINT('',(-8.3E-1,1.15E0,-1.815E-1));
#600=LINE('',#599,#598);
#601=DIRECTION('',(1.E0,0.E0,0.E0));
#602=VECTOR('',#601,1.66E0);
#603=CARTESIAN_POINT('',(-8.3E-1,1.139E0,-2.885E-1));
#604=LINE('',#603,#602);
#605=DIRECTION('',(1.E0,0.E0,0.E0));
#606=VECTOR('',#605,1.66E0);
#607=CARTESIAN_POINT('',(-8.3E-1,1.09E0,-2.885E-1));
#608=LINE('',#607,#606);
#609=DIRECTION('',(1.E0,0.E0,0.E0));
#610=VECTOR('',#609,1.66E0);
#611=CARTESIAN_POINT('',(-8.3E-1,1.09E0,-2.795E-1));
#612=LINE('',#611,#610);
#613=DIRECTION('',(1.E0,0.E0,0.E0));
#614=VECTOR('',#613,1.66E0);
#615=CARTESIAN_POINT('',(-8.3E-1,5.5E-2,-2.885E-1));
#616=LINE('',#615,#614);
#617=DIRECTION('',(0.E0,0.E0,-1.E0));
#618=VECTOR('',#617,5.82E-1);
#619=CARTESIAN_POINT('',(8.3E-1,5.5E-2,2.935E-1));
#620=LINE('',#619,#618);
#621=DIRECTION('',(0.E0,-1.E0,0.E0));
#622=VECTOR('',#621,1.25E-1);
#623=CARTESIAN_POINT('',(8.3E-1,1.8E-1,2.935E-1));
#624=LINE('',#623,#622);
#625=DIRECTION('',(0.E0,0.E0,-1.E0));
#626=VECTOR('',#625,1.58E-1);
#627=CARTESIAN_POINT('',(8.3E-1,1.8E-1,4.515E-1));
#628=LINE('',#627,#626);
#629=DIRECTION('',(0.E0,-1.E0,0.E0));
#630=VECTOR('',#629,5.11E-1);
#631=CARTESIAN_POINT('',(8.3E-1,6.91E-1,4.515E-1));
#632=LINE('',#631,#630);
#633=DIRECTION('',(0.E0,0.E0,1.E0));
#634=VECTOR('',#633,1.58E-1);
#635=CARTESIAN_POINT('',(8.3E-1,6.91E-1,2.935E-1));
#636=LINE('',#635,#634);
#637=DIRECTION('',(0.E0,-9.980428334136E-1,6.253401211865E-2));
#638=VECTOR('',#637,3.997824408350E-1);
#639=CARTESIAN_POINT('',(8.3E-1,1.09E0,2.685E-1));
#640=LINE('',#639,#638);
#641=DIRECTION('',(0.E0,0.E0,-1.E0));
#642=VECTOR('',#641,2.5E-2);
#643=CARTESIAN_POINT('',(8.3E-1,1.09E0,2.935E-1));
#644=LINE('',#643,#642);
#645=DIRECTION('',(0.E0,-1.E0,0.E0));
#646=VECTOR('',#645,4.9E-2);
#647=CARTESIAN_POINT('',(8.3E-1,1.139E0,2.935E-1));
#648=LINE('',#647,#646);
#649=DIRECTION('',(0.E0,-9.774399556782E-2,9.952115912360E-1));
#650=VECTOR('',#649,1.125388821697E-1);
#651=CARTESIAN_POINT('',(8.3E-1,1.15E0,1.815E-1));
#652=LINE('',#651,#650);
#653=DIRECTION('',(0.E0,-1.E0,0.E0));
#654=VECTOR('',#653,2.E-2);
#655=CARTESIAN_POINT('',(8.3E-1,1.17E0,1.815E-1));
#656=LINE('',#655,#654);
#657=DIRECTION('',(0.E0,0.E0,1.E0));
#658=VECTOR('',#657,3.63E-1);
#659=CARTESIAN_POINT('',(8.3E-1,1.17E0,-1.815E-1));
#660=LINE('',#659,#658);
#661=DIRECTION('',(0.E0,1.E0,0.E0));
#662=VECTOR('',#661,2.E-2);
#663=CARTESIAN_POINT('',(8.3E-1,1.15E0,-1.815E-1));
#664=LINE('',#663,#662);
#665=DIRECTION('',(0.E0,1.022647605219E-1,9.947572159856E-1));
#666=VECTOR('',#665,1.075639344762E-1);
#667=CARTESIAN_POINT('',(8.3E-1,1.139E0,-2.885E-1));
#668=LINE('',#667,#666);
#669=DIRECTION('',(0.E0,1.E0,0.E0));
#670=VECTOR('',#669,4.9E-2);
#671=CARTESIAN_POINT('',(8.3E-1,1.09E0,-2.885E-1));
#672=LINE('',#671,#670);
#673=DIRECTION('',(0.E0,-2.467162276945E-14,-1.E0));
#674=VECTOR('',#673,9.000000000001E-3);
#675=CARTESIAN_POINT('',(8.3E-1,1.09E0,-2.795E-1));
#676=LINE('',#675,#674);
#677=DIRECTION('',(0.E0,9.999621949606E-1,8.695323434440E-3));
#678=VECTOR('',#677,1.035039129695E0);
#679=CARTESIAN_POINT('',(8.3E-1,5.5E-2,-2.885E-1));
#680=LINE('',#679,#678);
#681=CARTESIAN_POINT('',(-6.E-1,1.015E0,0.E0));
#682=DIRECTION('',(0.E0,1.E0,0.E0));
#683=DIRECTION('',(8.184325442295E-1,0.E0,-5.746026196825E-1));
#684=AXIS2_PLACEMENT_3D('',#681,#682,#683);
#686=CARTESIAN_POINT('',(-6.E-1,1.015E0,0.E0));
#687=DIRECTION('',(0.E0,-1.E0,0.E0));
#688=DIRECTION('',(0.E0,0.E0,-1.E0));
#689=AXIS2_PLACEMENT_3D('',#686,#687,#688);
#691=CARTESIAN_POINT('',(-6.E-1,1.015E0,0.E0));
#692=DIRECTION('',(0.E0,-1.E0,0.E0));
#693=DIRECTION('',(8.184325442295E-1,0.E0,-5.746026196825E-1));
#694=AXIS2_PLACEMENT_3D('',#691,#692,#693);
#696=DIRECTION('',(0.E0,-1.E0,0.E0));
#697=VECTOR('',#696,2.5E-2);
#698=CARTESIAN_POINT('',(-5.050618248694E-1,1.015E0,-6.665390388317E-2));
#699=LINE('',#698,#697);
#700=DIRECTION('',(0.E0,-1.E0,0.E0));
#701=VECTOR('',#700,2.5E-2);
#702=CARTESIAN_POINT('',(-6.666539038832E-1,1.015E0,9.493817513063E-2));
#703=LINE('',#702,#701);
#704=DIRECTION('',(7.071067811865E-1,0.E0,-7.071067811865E-1));
#705=VECTOR('',#704,2.285257097134E-1);
#706=CARTESIAN_POINT('',(-6.666539038832E-1,1.015E0,9.493817513063E-2));
#707=LINE('',#706,#705);
#708=DIRECTION('',(-7.071067811865E-1,0.E0,7.071067811865E-1));
#709=VECTOR('',#708,2.285257097134E-1);
#710=CARTESIAN_POINT('',(-5.333460961168E-1,1.015E0,-9.493817513063E-2));
#711=LINE('',#710,#709);
#712=CARTESIAN_POINT('',(-6.E-1,1.015E0,0.E0));
#713=DIRECTION('',(0.E0,1.E0,0.E0));
#714=DIRECTION('',(-8.184325442295E-1,0.E0,5.746026196825E-1));
#715=AXIS2_PLACEMENT_3D('',#712,#713,#714);
#717=CARTESIAN_POINT('',(-6.E-1,1.015E0,0.E0));
#718=DIRECTION('',(0.E0,1.E0,0.E0));
#719=DIRECTION('',(-5.746026196825E-1,0.E0,8.184325442295E-1));
#720=AXIS2_PLACEMENT_3D('',#717,#718,#719);
#722=DIRECTION('',(0.E0,9.917778666340E-1,1.279713376302E-1));
#723=VECTOR('',#722,1.562849960809E-1);
#724=CARTESIAN_POINT('',(-6.E-1,1.015E0,1.16E-1));
#725=LINE('',#724,#723);
#726=DIRECTION('',(0.E0,9.917778666340E-1,-1.279713376302E-1));
#727=VECTOR('',#726,1.562849960809E-1);
#728=CARTESIAN_POINT('',(-6.E-1,1.015E0,-1.16E-1));
#729=LINE('',#728,#727);
#730=CARTESIAN_POINT('',(-6.E-1,1.015E0,0.E0));
#731=DIRECTION('',(0.E0,1.E0,0.E0));
#732=DIRECTION('',(0.E0,0.E0,-1.E0));
#733=AXIS2_PLACEMENT_3D('',#730,#731,#732);
#735=DIRECTION('',(0.E0,-1.E0,0.E0));
#736=VECTOR('',#735,2.5E-2);
#737=CARTESIAN_POINT('',(-6.949381751306E-1,1.015E0,6.665390388317E-2));
#738=LINE('',#737,#736);
#739=DIRECTION('',(0.E0,-1.E0,0.E0));
#740=VECTOR('',#739,2.5E-2);
#741=CARTESIAN_POINT('',(-5.333460961168E-1,1.015E0,-9.493817513063E-2));
#742=LINE('',#741,#740);
#743=DIRECTION('',(7.071067811865E-1,0.E0,-7.071067811865E-1));
#744=VECTOR('',#743,2.285257097134E-1);
#745=CARTESIAN_POINT('',(-6.666539038832E-1,9.9E-1,9.493817513063E-2));
#746=LINE('',#745,#744);
#747=CARTESIAN_POINT('',(-6.E-1,9.9E-1,0.E0));
#748=DIRECTION('',(0.E0,1.E0,0.E0));
#749=DIRECTION('',(-8.184325442295E-1,0.E0,5.746026196825E-1));
#750=AXIS2_PLACEMENT_3D('',#747,#748,#749);
#752=DIRECTION('',(-7.071067811865E-1,0.E0,7.071067811865E-1));
#753=VECTOR('',#752,2.285257097134E-1);
#754=CARTESIAN_POINT('',(-5.333460961168E-1,9.9E-1,-9.493817513063E-2));
#755=LINE('',#754,#753);
#756=CARTESIAN_POINT('',(-6.E-1,9.9E-1,0.E0));
#757=DIRECTION('',(0.E0,1.E0,0.E0));
#758=DIRECTION('',(8.184325442295E-1,0.E0,-5.746026196825E-1));
#759=AXIS2_PLACEMENT_3D('',#756,#757,#758);
#761=CARTESIAN_POINT('',(-2.E-1,1.015E0,0.E0));
#762=DIRECTION('',(0.E0,1.E0,0.E0));
#763=DIRECTION('',(8.184325442295E-1,0.E0,-5.746026196825E-1));
#764=AXIS2_PLACEMENT_3D('',#761,#762,#763);
#766=CARTESIAN_POINT('',(-2.E-1,1.015E0,0.E0));
#767=DIRECTION('',(0.E0,-1.E0,0.E0));
#768=DIRECTION('',(0.E0,0.E0,-1.E0));
#769=AXIS2_PLACEMENT_3D('',#766,#767,#768);
#771=CARTESIAN_POINT('',(-2.E-1,1.015E0,0.E0));
#772=DIRECTION('',(0.E0,-1.E0,0.E0));
#773=DIRECTION('',(8.184325442295E-1,0.E0,-5.746026196825E-1));
#774=AXIS2_PLACEMENT_3D('',#771,#772,#773);
#776=DIRECTION('',(0.E0,-1.E0,0.E0));
#777=VECTOR('',#776,2.5E-2);
#778=CARTESIAN_POINT('',(-1.050618248694E-1,1.015E0,-6.665390388317E-2));
#779=LINE('',#778,#777);
#780=DIRECTION('',(0.E0,-1.E0,0.E0));
#781=VECTOR('',#780,2.5E-2);
#782=CARTESIAN_POINT('',(-2.666539038832E-1,1.015E0,9.493817513063E-2));
#783=LINE('',#782,#781);
#784=DIRECTION('',(7.071067811865E-1,0.E0,-7.071067811865E-1));
#785=VECTOR('',#784,2.285257097134E-1);
#786=CARTESIAN_POINT('',(-2.666539038832E-1,1.015E0,9.493817513063E-2));
#787=LINE('',#786,#785);
#788=DIRECTION('',(-7.071067811865E-1,0.E0,7.071067811865E-1));
#789=VECTOR('',#788,2.285257097134E-1);
#790=CARTESIAN_POINT('',(-1.333460961168E-1,1.015E0,-9.493817513063E-2));
#791=LINE('',#790,#789);
#792=CARTESIAN_POINT('',(-2.E-1,1.015E0,0.E0));
#793=DIRECTION('',(0.E0,1.E0,0.E0));
#794=DIRECTION('',(-8.184325442295E-1,0.E0,5.746026196825E-1));
#795=AXIS2_PLACEMENT_3D('',#792,#793,#794);
#797=CARTESIAN_POINT('',(-2.E-1,1.015E0,0.E0));
#798=DIRECTION('',(0.E0,1.E0,0.E0));
#799=DIRECTION('',(-5.746026196825E-1,0.E0,8.184325442295E-1));
#800=AXIS2_PLACEMENT_3D('',#797,#798,#799);
#802=DIRECTION('',(0.E0,9.917778666340E-1,1.279713376302E-1));
#803=VECTOR('',#802,1.562849960809E-1);
#804=CARTESIAN_POINT('',(-2.E-1,1.015E0,1.16E-1));
#805=LINE('',#804,#803);
#806=DIRECTION('',(0.E0,9.917778666340E-1,-1.279713376302E-1));
#807=VECTOR('',#806,1.562849960809E-1);
#808=CARTESIAN_POINT('',(-2.E-1,1.015E0,-1.16E-1));
#809=LINE('',#808,#807);
#810=CARTESIAN_POINT('',(-2.E-1,1.015E0,0.E0));
#811=DIRECTION('',(0.E0,1.E0,0.E0));
#812=DIRECTION('',(0.E0,0.E0,-1.E0));
#813=AXIS2_PLACEMENT_3D('',#810,#811,#812);
#815=DIRECTION('',(0.E0,-1.E0,0.E0));
#816=VECTOR('',#815,2.5E-2);
#817=CARTESIAN_POINT('',(-2.949381751306E-1,1.015E0,6.665390388317E-2));
#818=LINE('',#817,#816);
#819=DIRECTION('',(0.E0,-1.E0,0.E0));
#820=VECTOR('',#819,2.5E-2);
#821=CARTESIAN_POINT('',(-1.333460961168E-1,1.015E0,-9.493817513063E-2));
#822=LINE('',#821,#820);
#823=DIRECTION('',(7.071067811865E-1,0.E0,-7.071067811865E-1));
#824=VECTOR('',#823,2.285257097134E-1);
#825=CARTESIAN_POINT('',(-2.666539038832E-1,9.9E-1,9.493817513063E-2));
#826=LINE('',#825,#824);
#827=CARTESIAN_POINT('',(-2.E-1,9.9E-1,0.E0));
#828=DIRECTION('',(0.E0,1.E0,0.E0));
#829=DIRECTION('',(-8.184325442295E-1,0.E0,5.746026196825E-1));
#830=AXIS2_PLACEMENT_3D('',#827,#828,#829);
#832=DIRECTION('',(-7.071067811865E-1,0.E0,7.071067811865E-1));
#833=VECTOR('',#832,2.285257097134E-1);
#834=CARTESIAN_POINT('',(-1.333460961168E-1,9.9E-1,-9.493817513063E-2));
#835=LINE('',#834,#833);
#836=CARTESIAN_POINT('',(-2.E-1,9.9E-1,0.E0));
#837=DIRECTION('',(0.E0,1.E0,0.E0));
#838=DIRECTION('',(8.184325442295E-1,0.E0,-5.746026196825E-1));
#839=AXIS2_PLACEMENT_3D('',#836,#837,#838);
#841=CARTESIAN_POINT('',(2.E-1,1.015E0,0.E0));
#842=DIRECTION('',(0.E0,1.E0,0.E0));
#843=DIRECTION('',(8.184325442295E-1,0.E0,-5.746026196825E-1));
#844=AXIS2_PLACEMENT_3D('',#841,#842,#843);
#846=CARTESIAN_POINT('',(2.E-1,1.015E0,0.E0));
#847=DIRECTION('',(0.E0,-1.E0,0.E0));
#848=DIRECTION('',(0.E0,0.E0,-1.E0));
#849=AXIS2_PLACEMENT_3D('',#846,#847,#848);
#851=CARTESIAN_POINT('',(2.E-1,1.015E0,0.E0));
#852=DIRECTION('',(0.E0,-1.E0,0.E0));
#853=DIRECTION('',(8.184325442295E-1,0.E0,-5.746026196825E-1));
#854=AXIS2_PLACEMENT_3D('',#851,#852,#853);
#856=DIRECTION('',(0.E0,-1.E0,0.E0));
#857=VECTOR('',#856,2.5E-2);
#858=CARTESIAN_POINT('',(2.949381751306E-1,1.015E0,-6.665390388317E-2));
#859=LINE('',#858,#857);
#860=DIRECTION('',(0.E0,-1.E0,0.E0));
#861=VECTOR('',#860,2.5E-2);
#862=CARTESIAN_POINT('',(1.333460961168E-1,1.015E0,9.493817513063E-2));
#863=LINE('',#862,#861);
#864=DIRECTION('',(7.071067811865E-1,0.E0,-7.071067811865E-1));
#865=VECTOR('',#864,2.285257097134E-1);
#866=CARTESIAN_POINT('',(1.333460961168E-1,1.015E0,9.493817513063E-2));
#867=LINE('',#866,#865);
#868=DIRECTION('',(-7.071067811865E-1,0.E0,7.071067811865E-1));
#869=VECTOR('',#868,2.285257097134E-1);
#870=CARTESIAN_POINT('',(2.666539038832E-1,1.015E0,-9.493817513063E-2));
#871=LINE('',#870,#869);
#872=CARTESIAN_POINT('',(2.E-1,1.015E0,0.E0));
#873=DIRECTION('',(0.E0,1.E0,0.E0));
#874=DIRECTION('',(-8.184325442295E-1,0.E0,5.746026196825E-1));
#875=AXIS2_PLACEMENT_3D('',#872,#873,#874);
#877=CARTESIAN_POINT('',(2.E-1,1.015E0,0.E0));
#878=DIRECTION('',(0.E0,1.E0,0.E0));
#879=DIRECTION('',(-5.746026196825E-1,0.E0,8.184325442295E-1));
#880=AXIS2_PLACEMENT_3D('',#877,#878,#879);
#882=DIRECTION('',(0.E0,9.917778666340E-1,1.279713376302E-1));
#883=VECTOR('',#882,1.562849960809E-1);
#884=CARTESIAN_POINT('',(2.E-1,1.015E0,1.16E-1));
#885=LINE('',#884,#883);
#886=DIRECTION('',(0.E0,9.917778666340E-1,-1.279713376302E-1));
#887=VECTOR('',#886,1.562849960809E-1);
#888=CARTESIAN_POINT('',(2.E-1,1.015E0,-1.16E-1));
#889=LINE('',#888,#887);
#890=CARTESIAN_POINT('',(2.E-1,1.015E0,0.E0));
#891=DIRECTION('',(0.E0,1.E0,0.E0));
#892=DIRECTION('',(0.E0,0.E0,-1.E0));
#893=AXIS2_PLACEMENT_3D('',#890,#891,#892);
#895=DIRECTION('',(0.E0,-1.E0,0.E0));
#896=VECTOR('',#895,2.5E-2);
#897=CARTESIAN_POINT('',(1.050618248694E-1,1.015E0,6.665390388317E-2));
#898=LINE('',#897,#896);
#899=DIRECTION('',(0.E0,-1.E0,0.E0));
#900=VECTOR('',#899,2.5E-2);
#901=CARTESIAN_POINT('',(2.666539038832E-1,1.015E0,-9.493817513063E-2));
#902=LINE('',#901,#900);
#903=DIRECTION('',(7.071067811865E-1,0.E0,-7.071067811865E-1));
#904=VECTOR('',#903,2.285257097134E-1);
#905=CARTESIAN_POINT('',(1.333460961168E-1,9.9E-1,9.493817513063E-2));
#906=LINE('',#905,#904);
#907=CARTESIAN_POINT('',(2.E-1,9.9E-1,0.E0));
#908=DIRECTION('',(0.E0,1.E0,0.E0));
#909=DIRECTION('',(-8.184325442295E-1,0.E0,5.746026196825E-1));
#910=AXIS2_PLACEMENT_3D('',#907,#908,#909);
#912=DIRECTION('',(-7.071067811865E-1,0.E0,7.071067811865E-1));
#913=VECTOR('',#912,2.285257097134E-1);
#914=CARTESIAN_POINT('',(2.666539038832E-1,9.9E-1,-9.493817513063E-2));
#915=LINE('',#914,#913);
#916=CARTESIAN_POINT('',(2.E-1,9.9E-1,0.E0));
#917=DIRECTION('',(0.E0,1.E0,0.E0));
#918=DIRECTION('',(8.184325442295E-1,0.E0,-5.746026196825E-1));
#919=AXIS2_PLACEMENT_3D('',#916,#917,#918);
#921=CARTESIAN_POINT('',(6.E-1,1.015E0,0.E0));
#922=DIRECTION('',(0.E0,1.E0,0.E0));
#923=DIRECTION('',(8.184325442295E-1,0.E0,-5.746026196825E-1));
#924=AXIS2_PLACEMENT_3D('',#921,#922,#923);
#926=CARTESIAN_POINT('',(6.E-1,1.015E0,0.E0));
#927=DIRECTION('',(0.E0,-1.E0,0.E0));
#928=DIRECTION('',(0.E0,0.E0,-1.E0));
#929=AXIS2_PLACEMENT_3D('',#926,#927,#928);
#931=CARTESIAN_POINT('',(6.E-1,1.015E0,0.E0));
#932=DIRECTION('',(0.E0,-1.E0,0.E0));
#933=DIRECTION('',(8.184325442295E-1,0.E0,-5.746026196825E-1));
#934=AXIS2_PLACEMENT_3D('',#931,#932,#933);
#936=DIRECTION('',(0.E0,-1.E0,0.E0));
#937=VECTOR('',#936,2.5E-2);
#938=CARTESIAN_POINT('',(6.949381751306E-1,1.015E0,-6.665390388317E-2));
#939=LINE('',#938,#937);
#940=DIRECTION('',(0.E0,-1.E0,0.E0));
#941=VECTOR('',#940,2.5E-2);
#942=CARTESIAN_POINT('',(5.333460961168E-1,1.015E0,9.493817513063E-2));
#943=LINE('',#942,#941);
#944=DIRECTION('',(7.071067811865E-1,0.E0,-7.071067811865E-1));
#945=VECTOR('',#944,2.285257097134E-1);
#946=CARTESIAN_POINT('',(5.333460961168E-1,1.015E0,9.493817513063E-2));
#947=LINE('',#946,#945);
#948=DIRECTION('',(-7.071067811865E-1,0.E0,7.071067811865E-1));
#949=VECTOR('',#948,2.285257097134E-1);
#950=CARTESIAN_POINT('',(6.666539038832E-1,1.015E0,-9.493817513063E-2));
#951=LINE('',#950,#949);
#952=CARTESIAN_POINT('',(6.E-1,1.015E0,0.E0));
#953=DIRECTION('',(0.E0,1.E0,0.E0));
#954=DIRECTION('',(-8.184325442295E-1,0.E0,5.746026196825E-1));
#955=AXIS2_PLACEMENT_3D('',#952,#953,#954);
#957=CARTESIAN_POINT('',(6.E-1,1.015E0,0.E0));
#958=DIRECTION('',(0.E0,1.E0,0.E0));
#959=DIRECTION('',(-5.746026196825E-1,0.E0,8.184325442295E-1));
#960=AXIS2_PLACEMENT_3D('',#957,#958,#959);
#962=DIRECTION('',(0.E0,9.917778666340E-1,1.279713376302E-1));
#963=VECTOR('',#962,1.562849960809E-1);
#964=CARTESIAN_POINT('',(6.E-1,1.015E0,1.16E-1));
#965=LINE('',#964,#963);
#966=DIRECTION('',(0.E0,9.917778666340E-1,-1.279713376302E-1));
#967=VECTOR('',#966,1.562849960809E-1);
#968=CARTESIAN_POINT('',(6.E-1,1.015E0,-1.16E-1));
#969=LINE('',#968,#967);
#970=CARTESIAN_POINT('',(6.E-1,1.015E0,0.E0));
#971=DIRECTION('',(0.E0,1.E0,0.E0));
#972=DIRECTION('',(0.E0,0.E0,-1.E0));
#973=AXIS2_PLACEMENT_3D('',#970,#971,#972);
#975=DIRECTION('',(0.E0,-1.E0,0.E0));
#976=VECTOR('',#975,2.5E-2);
#977=CARTESIAN_POINT('',(5.050618248694E-1,1.015E0,6.665390388317E-2));
#978=LINE('',#977,#976);
#979=DIRECTION('',(0.E0,-1.E0,0.E0));
#980=VECTOR('',#979,2.5E-2);
#981=CARTESIAN_POINT('',(6.666539038832E-1,1.015E0,-9.493817513063E-2));
#982=LINE('',#981,#980);
#983=DIRECTION('',(7.071067811865E-1,0.E0,-7.071067811865E-1));
#984=VECTOR('',#983,2.285257097134E-1);
#985=CARTESIAN_POINT('',(5.333460961168E-1,9.9E-1,9.493817513063E-2));
#986=LINE('',#985,#984);
#987=CARTESIAN_POINT('',(6.E-1,9.9E-1,0.E0));
#988=DIRECTION('',(0.E0,1.E0,0.E0));
#989=DIRECTION('',(-8.184325442295E-1,0.E0,5.746026196825E-1));
#990=AXIS2_PLACEMENT_3D('',#987,#988,#989);
#992=DIRECTION('',(-7.071067811865E-1,0.E0,7.071067811865E-1));
#993=VECTOR('',#992,2.285257097134E-1);
#994=CARTESIAN_POINT('',(6.666539038832E-1,9.9E-1,-9.493817513063E-2));
#995=LINE('',#994,#993);
#996=CARTESIAN_POINT('',(6.E-1,9.9E-1,0.E0));
#997=DIRECTION('',(0.E0,1.E0,0.E0));
#998=DIRECTION('',(8.184325442295E-1,0.E0,-5.746026196825E-1));
#999=AXIS2_PLACEMENT_3D('',#996,#997,#998);
#1001=DIRECTION('',(0.E0,0.E0,1.E0));
#1002=VECTOR('',#1001,1.5E-2);
#1003=CARTESIAN_POINT('',(-7.75E-1,6.49E-1,4.365E-1));
#1004=LINE('',#1003,#1002);
#1005=DIRECTION('',(0.E0,-1.E0,0.E0));
#1006=VECTOR('',#1005,4.25E-1);
#1007=CARTESIAN_POINT('',(-7.75E-1,6.49E-1,4.365E-1));
#1008=LINE('',#1007,#1006);
#1009=DIRECTION('',(0.E0,0.E0,1.E0));
#1010=VECTOR('',#1009,1.5E-2);
#1011=CARTESIAN_POINT('',(-4.25E-1,6.49E-1,4.365E-1));
#1012=LINE('',#1011,#1010);
#1013=DIRECTION('',(-1.E0,0.E0,0.E0));
#1014=VECTOR('',#1013,3.5E-1);
#1015=CARTESIAN_POINT('',(-4.25E-1,6.49E-1,4.365E-1));
#1016=LINE('',#1015,#1014);
#1017=DIRECTION('',(0.E0,0.E0,1.E0));
#1018=VECTOR('',#1017,1.5E-2);
#1019=CARTESIAN_POINT('',(-4.25E-1,2.24E-1,4.365E-1));
#1020=LINE('',#1019,#1018);
#1021=DIRECTION('',(0.E0,1.E0,0.E0));
#1022=VECTOR('',#1021,4.25E-1);
#1023=CARTESIAN_POINT('',(-4.25E-1,2.24E-1,4.365E-1));
#1024=LINE('',#1023,#1022);
#1025=DIRECTION('',(0.E0,0.E0,1.E0));
#1026=VECTOR('',#1025,1.5E-2);
#1027=CARTESIAN_POINT('',(-7.75E-1,2.24E-1,4.365E-1));
#1028=LINE('',#1027,#1026);
#1029=DIRECTION('',(1.E0,0.E0,0.E0));
#1030=VECTOR('',#1029,3.5E-1);
#1031=CARTESIAN_POINT('',(-7.75E-1,2.24E-1,4.365E-1));
#1032=LINE('',#1031,#1030);
#1033=DIRECTION('',(1.E0,0.E0,0.E0));
#1034=VECTOR('',#1033,3.12E-1);
#1035=CARTESIAN_POINT('',(-7.56E-1,2.47E-1,3.115E-1));
#1036=LINE('',#1035,#1034);
#1037=DIRECTION('',(-1.478476111976E-1,-1.789734240813E-1,9.726816526160E-1));
#1038=VECTOR('',#1037,1.285106999436E-1);
#1039=CARTESIAN_POINT('',(-7.56E-1,2.47E-1,3.115E-1));
#1040=LINE('',#1039,#1038);
#1041=DIRECTION('',(-5.242576524875E-1,-1.467921426965E-1,8.388122439800E-1));
#1042=VECTOR('',#1041,9.537295214053E-2);
#1043=CARTESIAN_POINT('',(-7.06E-1,2.61E-1,2.315E-1));
#1044=LINE('',#1043,#1042);
#1045=DIRECTION('',(0.E0,-1.E0,0.E0));
#1046=VECTOR('',#1045,2.32E-1);
#1047=CARTESIAN_POINT('',(-7.06E-1,4.93E-1,2.315E-1));
#1048=LINE('',#1047,#1046);
#1049=DIRECTION('',(-1.E0,0.E0,0.E0));
#1050=VECTOR('',#1049,2.12E-1);
#1051=CARTESIAN_POINT('',(-4.94E-1,4.93E-1,2.315E-1));
#1052=LINE('',#1051,#1050);
#1053=DIRECTION('',(0.E0,1.E0,0.E0));
#1054=VECTOR('',#1053,2.32E-1);
#1055=CARTESIAN_POINT('',(-4.94E-1,2.61E-1,2.315E-1));
#1056=LINE('',#1055,#1054);
#1057=DIRECTION('',(1.E0,0.E0,0.E0));
#1058=VECTOR('',#1057,2.12E-1);
#1059=CARTESIAN_POINT('',(-7.06E-1,2.61E-1,2.315E-1));
#1060=LINE('',#1059,#1058);
#1061=DIRECTION('',(-4.557523480194E-1,5.104426297817E-1,7.292037568310E-1));
#1062=VECTOR('',#1061,1.097087052152E-1);
#1063=CARTESIAN_POINT('',(-7.06E-1,4.93E-1,2.315E-1));
#1064=LINE('',#1063,#1062);
#1065=DIRECTION('',(0.E0,-1.E0,0.E0));
#1066=VECTOR('',#1065,3.02E-1);
#1067=CARTESIAN_POINT('',(-7.56E-1,5.49E-1,3.115E-1));
#1068=LINE('',#1067,#1066);
#1069=DIRECTION('',(-1.178647349459E-1,6.203407102415E-1,7.754258878018E-1));
#1070=VECTOR('',#1069,1.612017369633E-1);
#1071=CARTESIAN_POINT('',(-7.56E-1,5.49E-1,3.115E-1));
#1072=LINE('',#1071,#1070);
#1073=DIRECTION('',(-1.E0,0.E0,0.E0));
#1074=VECTOR('',#1073,3.12E-1);
#1075=CARTESIAN_POINT('',(-4.44E-1,5.49E-1,3.115E-1));
#1076=LINE('',#1075,#1074);
#1077=DIRECTION('',(1.178647349459E-1,6.203407102415E-1,7.754258878018E-1));
#1078=VECTOR('',#1077,1.612017369633E-1);
#1079=CARTESIAN_POINT('',(-4.44E-1,5.49E-1,3.115E-1));
#1080=LINE('',#1079,#1078);
#1081=DIRECTION('',(4.557523480194E-1,5.104426297817E-1,7.292037568310E-1));
#1082=VECTOR('',#1081,1.097087052152E-1);
#1083=CARTESIAN_POINT('',(-4.94E-1,4.93E-1,2.315E-1));
#1084=LINE('',#1083,#1082);
#1085=DIRECTION('',(5.242576524875E-1,-1.467921426965E-1,8.388122439800E-1));
#1086=VECTOR('',#1085,9.537295214053E-2);
#1087=CARTESIAN_POINT('',(-4.94E-1,2.61E-1,2.315E-1));
#1088=LINE('',#1087,#1086);
#1089=DIRECTION('',(0.E0,1.E0,0.E0));
#1090=VECTOR('',#1089,3.02E-1);
#1091=CARTESIAN_POINT('',(-4.44E-1,2.47E-1,3.115E-1));
#1092=LINE('',#1091,#1090);
#1093=DIRECTION('',(1.478476111976E-1,-1.789734240813E-1,9.726816526160E-1));
#1094=VECTOR('',#1093,1.285106999436E-1);
#1095=CARTESIAN_POINT('',(-4.44E-1,2.47E-1,3.115E-1));
#1096=LINE('',#1095,#1094);
#1097=DIRECTION('',(0.E0,0.E0,1.E0));
#1098=VECTOR('',#1097,1.5E-2);
#1099=CARTESIAN_POINT('',(-3.75E-1,6.49E-1,4.365E-1));
#1100=LINE('',#1099,#1098);
#1101=DIRECTION('',(0.E0,-1.E0,0.E0));
#1102=VECTOR('',#1101,4.25E-1);
#1103=CARTESIAN_POINT('',(-3.75E-1,6.49E-1,4.365E-1));
#1104=LINE('',#1103,#1102);
#1105=DIRECTION('',(0.E0,0.E0,1.E0));
#1106=VECTOR('',#1105,1.5E-2);
#1107=CARTESIAN_POINT('',(-2.5E-2,6.49E-1,4.365E-1));
#1108=LINE('',#1107,#1106);
#1109=DIRECTION('',(-1.E0,0.E0,0.E0));
#1110=VECTOR('',#1109,3.5E-1);
#1111=CARTESIAN_POINT('',(-2.5E-2,6.49E-1,4.365E-1));
#1112=LINE('',#1111,#1110);
#1113=DIRECTION('',(0.E0,0.E0,1.E0));
#1114=VECTOR('',#1113,1.5E-2);
#1115=CARTESIAN_POINT('',(-2.5E-2,2.24E-1,4.365E-1));
#1116=LINE('',#1115,#1114);
#1117=DIRECTION('',(0.E0,1.E0,0.E0));
#1118=VECTOR('',#1117,4.25E-1);
#1119=CARTESIAN_POINT('',(-2.5E-2,2.24E-1,4.365E-1));
#1120=LINE('',#1119,#1118);
#1121=DIRECTION('',(0.E0,0.E0,1.E0));
#1122=VECTOR('',#1121,1.5E-2);
#1123=CARTESIAN_POINT('',(-3.75E-1,2.24E-1,4.365E-1));
#1124=LINE('',#1123,#1122);
#1125=DIRECTION('',(1.E0,0.E0,0.E0));
#1126=VECTOR('',#1125,3.5E-1);
#1127=CARTESIAN_POINT('',(-3.75E-1,2.24E-1,4.365E-1));
#1128=LINE('',#1127,#1126);
#1129=DIRECTION('',(1.E0,0.E0,0.E0));
#1130=VECTOR('',#1129,3.12E-1);
#1131=CARTESIAN_POINT('',(-3.56E-1,2.47E-1,3.115E-1));
#1132=LINE('',#1131,#1130);
#1133=DIRECTION('',(-1.478476111976E-1,-1.789734240813E-1,9.726816526160E-1));
#1134=VECTOR('',#1133,1.285106999436E-1);
#1135=CARTESIAN_POINT('',(-3.56E-1,2.47E-1,3.115E-1));
#1136=LINE('',#1135,#1134);
#1137=DIRECTION('',(-5.242576524875E-1,-1.467921426965E-1,8.388122439800E-1));
#1138=VECTOR('',#1137,9.537295214053E-2);
#1139=CARTESIAN_POINT('',(-3.06E-1,2.61E-1,2.315E-1));
#1140=LINE('',#1139,#1138);
#1141=DIRECTION('',(0.E0,-1.E0,0.E0));
#1142=VECTOR('',#1141,2.32E-1);
#1143=CARTESIAN_POINT('',(-3.06E-1,4.93E-1,2.315E-1));
#1144=LINE('',#1143,#1142);
#1145=DIRECTION('',(-1.E0,0.E0,0.E0));
#1146=VECTOR('',#1145,2.12E-1);
#1147=CARTESIAN_POINT('',(-9.4E-2,4.93E-1,2.315E-1));
#1148=LINE('',#1147,#1146);
#1149=DIRECTION('',(0.E0,1.E0,0.E0));
#1150=VECTOR('',#1149,2.32E-1);
#1151=CARTESIAN_POINT('',(-9.4E-2,2.61E-1,2.315E-1));
#1152=LINE('',#1151,#1150);
#1153=DIRECTION('',(1.E0,0.E0,0.E0));
#1154=VECTOR('',#1153,2.12E-1);
#1155=CARTESIAN_POINT('',(-3.06E-1,2.61E-1,2.315E-1));
#1156=LINE('',#1155,#1154);
#1157=DIRECTION('',(-4.557523480194E-1,5.104426297817E-1,7.292037568310E-1));
#1158=VECTOR('',#1157,1.097087052152E-1);
#1159=CARTESIAN_POINT('',(-3.06E-1,4.93E-1,2.315E-1));
#1160=LINE('',#1159,#1158);
#1161=DIRECTION('',(0.E0,-1.E0,0.E0));
#1162=VECTOR('',#1161,3.02E-1);
#1163=CARTESIAN_POINT('',(-3.56E-1,5.49E-1,3.115E-1));
#1164=LINE('',#1163,#1162);
#1165=DIRECTION('',(-1.178647349459E-1,6.203407102415E-1,7.754258878018E-1));
#1166=VECTOR('',#1165,1.612017369633E-1);
#1167=CARTESIAN_POINT('',(-3.56E-1,5.49E-1,3.115E-1));
#1168=LINE('',#1167,#1166);
#1169=DIRECTION('',(-1.E0,0.E0,0.E0));
#1170=VECTOR('',#1169,3.12E-1);
#1171=CARTESIAN_POINT('',(-4.4E-2,5.49E-1,3.115E-1));
#1172=LINE('',#1171,#1170);
#1173=DIRECTION('',(1.178647349459E-1,6.203407102415E-1,7.754258878018E-1));
#1174=VECTOR('',#1173,1.612017369633E-1);
#1175=CARTESIAN_POINT('',(-4.4E-2,5.49E-1,3.115E-1));
#1176=LINE('',#1175,#1174);
#1177=DIRECTION('',(4.557523480194E-1,5.104426297817E-1,7.292037568310E-1));
#1178=VECTOR('',#1177,1.097087052152E-1);
#1179=CARTESIAN_POINT('',(-9.4E-2,4.93E-1,2.315E-1));
#1180=LINE('',#1179,#1178);
#1181=DIRECTION('',(5.242576524875E-1,-1.467921426965E-1,8.388122439800E-1));
#1182=VECTOR('',#1181,9.537295214053E-2);
#1183=CARTESIAN_POINT('',(-9.4E-2,2.61E-1,2.315E-1));
#1184=LINE('',#1183,#1182);
#1185=DIRECTION('',(0.E0,1.E0,0.E0));
#1186=VECTOR('',#1185,3.02E-1);
#1187=CARTESIAN_POINT('',(-4.4E-2,2.47E-1,3.115E-1));
#1188=LINE('',#1187,#1186);
#1189=DIRECTION('',(1.478476111976E-1,-1.789734240813E-1,9.726816526160E-1));
#1190=VECTOR('',#1189,1.285106999436E-1);
#1191=CARTESIAN_POINT('',(-4.4E-2,2.47E-1,3.115E-1));
#1192=LINE('',#1191,#1190);
#1193=DIRECTION('',(0.E0,0.E0,1.E0));
#1194=VECTOR('',#1193,1.5E-2);
#1195=CARTESIAN_POINT('',(2.5E-2,6.49E-1,4.365E-1));
#1196=LINE('',#1195,#1194);
#1197=DIRECTION('',(0.E0,-1.E0,0.E0));
#1198=VECTOR('',#1197,4.25E-1);
#1199=CARTESIAN_POINT('',(2.5E-2,6.49E-1,4.365E-1));
#1200=LINE('',#1199,#1198);
#1201=DIRECTION('',(0.E0,0.E0,1.E0));
#1202=VECTOR('',#1201,1.5E-2);
#1203=CARTESIAN_POINT('',(3.75E-1,6.49E-1,4.365E-1));
#1204=LINE('',#1203,#1202);
#1205=DIRECTION('',(-1.E0,0.E0,0.E0));
#1206=VECTOR('',#1205,3.5E-1);
#1207=CARTESIAN_POINT('',(3.75E-1,6.49E-1,4.365E-1));
#1208=LINE('',#1207,#1206);
#1209=DIRECTION('',(0.E0,0.E0,1.E0));
#1210=VECTOR('',#1209,1.5E-2);
#1211=CARTESIAN_POINT('',(3.75E-1,2.24E-1,4.365E-1));
#1212=LINE('',#1211,#1210);
#1213=DIRECTION('',(0.E0,1.E0,0.E0));
#1214=VECTOR('',#1213,4.25E-1);
#1215=CARTESIAN_POINT('',(3.75E-1,2.24E-1,4.365E-1));
#1216=LINE('',#1215,#1214);
#1217=DIRECTION('',(0.E0,0.E0,1.E0));
#1218=VECTOR('',#1217,1.5E-2);
#1219=CARTESIAN_POINT('',(2.5E-2,2.24E-1,4.365E-1));
#1220=LINE('',#1219,#1218);
#1221=DIRECTION('',(1.E0,0.E0,0.E0));
#1222=VECTOR('',#1221,3.5E-1);
#1223=CARTESIAN_POINT('',(2.5E-2,2.24E-1,4.365E-1));
#1224=LINE('',#1223,#1222);
#1225=DIRECTION('',(1.E0,0.E0,0.E0));
#1226=VECTOR('',#1225,3.12E-1);
#1227=CARTESIAN_POINT('',(4.4E-2,2.47E-1,3.115E-1));
#1228=LINE('',#1227,#1226);
#1229=DIRECTION('',(-1.478476111976E-1,-1.789734240813E-1,9.726816526160E-1));
#1230=VECTOR('',#1229,1.285106999436E-1);
#1231=CARTESIAN_POINT('',(4.4E-2,2.47E-1,3.115E-1));
#1232=LINE('',#1231,#1230);
#1233=DIRECTION('',(-5.242576524875E-1,-1.467921426965E-1,8.388122439800E-1));
#1234=VECTOR('',#1233,9.537295214053E-2);
#1235=CARTESIAN_POINT('',(9.4E-2,2.61E-1,2.315E-1));
#1236=LINE('',#1235,#1234);
#1237=DIRECTION('',(0.E0,-1.E0,0.E0));
#1238=VECTOR('',#1237,2.32E-1);
#1239=CARTESIAN_POINT('',(9.4E-2,4.93E-1,2.315E-1));
#1240=LINE('',#1239,#1238);
#1241=DIRECTION('',(-1.E0,0.E0,0.E0));
#1242=VECTOR('',#1241,2.12E-1);
#1243=CARTESIAN_POINT('',(3.06E-1,4.93E-1,2.315E-1));
#1244=LINE('',#1243,#1242);
#1245=DIRECTION('',(0.E0,1.E0,0.E0));
#1246=VECTOR('',#1245,2.32E-1);
#1247=CARTESIAN_POINT('',(3.06E-1,2.61E-1,2.315E-1));
#1248=LINE('',#1247,#1246);
#1249=DIRECTION('',(1.E0,0.E0,0.E0));
#1250=VECTOR('',#1249,2.12E-1);
#1251=CARTESIAN_POINT('',(9.4E-2,2.61E-1,2.315E-1));
#1252=LINE('',#1251,#1250);
#1253=DIRECTION('',(-4.557523480194E-1,5.104426297817E-1,7.292037568310E-1));
#1254=VECTOR('',#1253,1.097087052152E-1);
#1255=CARTESIAN_POINT('',(9.4E-2,4.93E-1,2.315E-1));
#1256=LINE('',#1255,#1254);
#1257=DIRECTION('',(0.E0,-1.E0,0.E0));
#1258=VECTOR('',#1257,3.02E-1);
#1259=CARTESIAN_POINT('',(4.4E-2,5.49E-1,3.115E-1));
#1260=LINE('',#1259,#1258);
#1261=DIRECTION('',(-1.178647349459E-1,6.203407102415E-1,7.754258878018E-1));
#1262=VECTOR('',#1261,1.612017369633E-1);
#1263=CARTESIAN_POINT('',(4.4E-2,5.49E-1,3.115E-1));
#1264=LINE('',#1263,#1262);
#1265=DIRECTION('',(-1.E0,0.E0,0.E0));
#1266=VECTOR('',#1265,3.12E-1);
#1267=CARTESIAN_POINT('',(3.56E-1,5.49E-1,3.115E-1));
#1268=LINE('',#1267,#1266);
#1269=DIRECTION('',(1.178647349459E-1,6.203407102415E-1,7.754258878018E-1));
#1270=VECTOR('',#1269,1.612017369633E-1);
#1271=CARTESIAN_POINT('',(3.56E-1,5.49E-1,3.115E-1));
#1272=LINE('',#1271,#1270);
#1273=DIRECTION('',(4.557523480194E-1,5.104426297817E-1,7.292037568310E-1));
#1274=VECTOR('',#1273,1.097087052152E-1);
#1275=CARTESIAN_POINT('',(3.06E-1,4.93E-1,2.315E-1));
#1276=LINE('',#1275,#1274);
#1277=DIRECTION('',(5.242576524875E-1,-1.467921426965E-1,8.388122439800E-1));
#1278=VECTOR('',#1277,9.537295214053E-2);
#1279=CARTESIAN_POINT('',(3.06E-1,2.61E-1,2.315E-1));
#1280=LINE('',#1279,#1278);
#1281=DIRECTION('',(0.E0,1.E0,0.E0));
#1282=VECTOR('',#1281,3.02E-1);
#1283=CARTESIAN_POINT('',(3.56E-1,2.47E-1,3.115E-1));
#1284=LINE('',#1283,#1282);
#1285=DIRECTION('',(1.478476111976E-1,-1.789734240813E-1,9.726816526160E-1));
#1286=VECTOR('',#1285,1.285106999436E-1);
#1287=CARTESIAN_POINT('',(3.56E-1,2.47E-1,3.115E-1));
#1288=LINE('',#1287,#1286);
#1289=DIRECTION('',(0.E0,0.E0,1.E0));
#1290=VECTOR('',#1289,1.5E-2);
#1291=CARTESIAN_POINT('',(4.25E-1,6.49E-1,4.365E-1));
#1292=LINE('',#1291,#1290);
#1293=DIRECTION('',(0.E0,-1.E0,0.E0));
#1294=VECTOR('',#1293,4.25E-1);
#1295=CARTESIAN_POINT('',(4.25E-1,6.49E-1,4.365E-1));
#1296=LINE('',#1295,#1294);
#1297=DIRECTION('',(0.E0,0.E0,1.E0));
#1298=VECTOR('',#1297,1.5E-2);
#1299=CARTESIAN_POINT('',(7.75E-1,6.49E-1,4.365E-1));
#1300=LINE('',#1299,#1298);
#1301=DIRECTION('',(-1.E0,0.E0,0.E0));
#1302=VECTOR('',#1301,3.5E-1);
#1303=CARTESIAN_POINT('',(7.75E-1,6.49E-1,4.365E-1));
#1304=LINE('',#1303,#1302);
#1305=DIRECTION('',(0.E0,0.E0,1.E0));
#1306=VECTOR('',#1305,1.5E-2);
#1307=CARTESIAN_POINT('',(7.75E-1,2.24E-1,4.365E-1));
#1308=LINE('',#1307,#1306);
#1309=DIRECTION('',(0.E0,1.E0,0.E0));
#1310=VECTOR('',#1309,4.25E-1);
#1311=CARTESIAN_POINT('',(7.75E-1,2.24E-1,4.365E-1));
#1312=LINE('',#1311,#1310);
#1313=DIRECTION('',(0.E0,0.E0,1.E0));
#1314=VECTOR('',#1313,1.5E-2);
#1315=CARTESIAN_POINT('',(4.25E-1,2.24E-1,4.365E-1));
#1316=LINE('',#1315,#1314);
#1317=DIRECTION('',(1.E0,0.E0,0.E0));
#1318=VECTOR('',#1317,3.5E-1);
#1319=CARTESIAN_POINT('',(4.25E-1,2.24E-1,4.365E-1));
#1320=LINE('',#1319,#1318);
#1321=DIRECTION('',(1.E0,0.E0,0.E0));
#1322=VECTOR('',#1321,3.12E-1);
#1323=CARTESIAN_POINT('',(4.44E-1,2.47E-1,3.115E-1));
#1324=LINE('',#1323,#1322);
#1325=DIRECTION('',(-1.478476111976E-1,-1.789734240813E-1,9.726816526160E-1));
#1326=VECTOR('',#1325,1.285106999436E-1);
#1327=CARTESIAN_POINT('',(4.44E-1,2.47E-1,3.115E-1));
#1328=LINE('',#1327,#1326);
#1329=DIRECTION('',(-5.242576524875E-1,-1.467921426965E-1,8.388122439800E-1));
#1330=VECTOR('',#1329,9.537295214053E-2);
#1331=CARTESIAN_POINT('',(4.94E-1,2.61E-1,2.315E-1));
#1332=LINE('',#1331,#1330);
#1333=DIRECTION('',(0.E0,-1.E0,0.E0));
#1334=VECTOR('',#1333,2.32E-1);
#1335=CARTESIAN_POINT('',(4.94E-1,4.93E-1,2.315E-1));
#1336=LINE('',#1335,#1334);
#1337=DIRECTION('',(-1.E0,0.E0,0.E0));
#1338=VECTOR('',#1337,2.12E-1);
#1339=CARTESIAN_POINT('',(7.06E-1,4.93E-1,2.315E-1));
#1340=LINE('',#1339,#1338);
#1341=DIRECTION('',(0.E0,1.E0,0.E0));
#1342=VECTOR('',#1341,2.32E-1);
#1343=CARTESIAN_POINT('',(7.06E-1,2.61E-1,2.315E-1));
#1344=LINE('',#1343,#1342);
#1345=DIRECTION('',(1.E0,0.E0,0.E0));
#1346=VECTOR('',#1345,2.12E-1);
#1347=CARTESIAN_POINT('',(4.94E-1,2.61E-1,2.315E-1));
#1348=LINE('',#1347,#1346);
#1349=DIRECTION('',(-4.557523480194E-1,5.104426297817E-1,7.292037568310E-1));
#1350=VECTOR('',#1349,1.097087052152E-1);
#1351=CARTESIAN_POINT('',(4.94E-1,4.93E-1,2.315E-1));
#1352=LINE('',#1351,#1350);
#1353=DIRECTION('',(0.E0,-1.E0,0.E0));
#1354=VECTOR('',#1353,3.02E-1);
#1355=CARTESIAN_POINT('',(4.44E-1,5.49E-1,3.115E-1));
#1356=LINE('',#1355,#1354);
#1357=DIRECTION('',(-1.178647349459E-1,6.203407102415E-1,7.754258878018E-1));
#1358=VECTOR('',#1357,1.612017369633E-1);
#1359=CARTESIAN_POINT('',(4.44E-1,5.49E-1,3.115E-1));
#1360=LINE('',#1359,#1358);
#1361=DIRECTION('',(-1.E0,0.E0,0.E0));
#1362=VECTOR('',#1361,3.12E-1);
#1363=CARTESIAN_POINT('',(7.56E-1,5.49E-1,3.115E-1));
#1364=LINE('',#1363,#1362);
#1365=DIRECTION('',(1.178647349459E-1,6.203407102415E-1,7.754258878018E-1));
#1366=VECTOR('',#1365,1.612017369633E-1);
#1367=CARTESIAN_POINT('',(7.56E-1,5.49E-1,3.115E-1));
#1368=LINE('',#1367,#1366);
#1369=DIRECTION('',(4.557523480194E-1,5.104426297817E-1,7.292037568310E-1));
#1370=VECTOR('',#1369,1.097087052152E-1);
#1371=CARTESIAN_POINT('',(7.06E-1,4.93E-1,2.315E-1));
#1372=LINE('',#1371,#1370);
#1373=DIRECTION('',(5.242576524875E-1,-1.467921426965E-1,8.388122439800E-1));
#1374=VECTOR('',#1373,9.537295214053E-2);
#1375=CARTESIAN_POINT('',(7.06E-1,2.61E-1,2.315E-1));
#1376=LINE('',#1375,#1374);
#1377=DIRECTION('',(0.E0,1.E0,0.E0));
#1378=VECTOR('',#1377,3.02E-1);
#1379=CARTESIAN_POINT('',(7.56E-1,2.47E-1,3.115E-1));
#1380=LINE('',#1379,#1378);
#1381=DIRECTION('',(1.478476111976E-1,-1.789734240813E-1,9.726816526160E-1));
#1382=VECTOR('',#1381,1.285106999436E-1);
#1383=CARTESIAN_POINT('',(7.56E-1,2.47E-1,3.115E-1));
#1384=LINE('',#1383,#1382);
#1385=DIRECTION('',(0.E0,-1.E0,0.E0));
#1386=VECTOR('',#1385,5.5E-2);
#1387=CARTESIAN_POINT('',(-6.75E-1,5.5E-2,2.675E-1));
#1388=LINE('',#1387,#1386);
#1389=DIRECTION('',(0.E0,-1.E0,0.E0));
#1390=VECTOR('',#1389,5.5E-2);
#1391=CARTESIAN_POINT('',(-6.75E-1,5.5E-2,2.325E-1));
#1392=LINE('',#1391,#1390);
#1393=DIRECTION('',(0.E0,-1.E0,0.E0));
#1394=VECTOR('',#1393,5.5E-2);
#1395=CARTESIAN_POINT('',(-7.315E-1,5.5E-2,2.325E-1));
#1396=LINE('',#1395,#1394);
#1397=DIRECTION('',(0.E0,-1.E0,0.E0));
#1398=VECTOR('',#1397,5.5E-2);
#1399=CARTESIAN_POINT('',(-7.315E-1,5.5E-2,-2.415E-1));
#1400=LINE('',#1399,#1398);
#1401=DIRECTION('',(0.E0,-1.E0,0.E0));
#1402=VECTOR('',#1401,5.5E-2);
#1403=CARTESIAN_POINT('',(-6.75E-1,5.5E-2,-2.415E-1));
#1404=LINE('',#1403,#1402);
#1405=DIRECTION('',(0.E0,-1.E0,0.E0));
#1406=VECTOR('',#1405,5.5E-2);
#1407=CARTESIAN_POINT('',(-6.75E-1,5.5E-2,-2.765E-1));
#1408=LINE('',#1407,#1406);
#1409=DIRECTION('',(0.E0,-1.E0,0.E0));
#1410=VECTOR('',#1409,5.5E-2);
#1411=CARTESIAN_POINT('',(-7.665E-1,5.5E-2,-2.765E-1));
#1412=LINE('',#1411,#1410);
#1413=DIRECTION('',(0.E0,-1.E0,0.E0));
#1414=VECTOR('',#1413,5.5E-2);
#1415=CARTESIAN_POINT('',(-7.665E-1,5.5E-2,2.675E-1));
#1416=LINE('',#1415,#1414);
#1417=DIRECTION('',(-1.E0,0.E0,0.E0));
#1418=VECTOR('',#1417,9.15E-2);
#1419=CARTESIAN_POINT('',(-6.75E-1,0.E0,2.675E-1));
#1420=LINE('',#1419,#1418);
#1421=DIRECTION('',(0.E0,0.E0,1.E0));
#1422=VECTOR('',#1421,3.5E-2);
#1423=CARTESIAN_POINT('',(-6.75E-1,0.E0,2.325E-1));
#1424=LINE('',#1423,#1422);
#1425=DIRECTION('',(1.E0,0.E0,0.E0));
#1426=VECTOR('',#1425,5.65E-2);
#1427=CARTESIAN_POINT('',(-7.315E-1,0.E0,2.325E-1));
#1428=LINE('',#1427,#1426);
#1429=DIRECTION('',(0.E0,0.E0,1.E0));
#1430=VECTOR('',#1429,4.74E-1);
#1431=CARTESIAN_POINT('',(-7.315E-1,0.E0,-2.415E-1));
#1432=LINE('',#1431,#1430);
#1433=DIRECTION('',(-1.E0,0.E0,0.E0));
#1434=VECTOR('',#1433,5.65E-2);
#1435=CARTESIAN_POINT('',(-6.75E-1,0.E0,-2.415E-1));
#1436=LINE('',#1435,#1434);
#1437=DIRECTION('',(0.E0,0.E0,1.E0));
#1438=VECTOR('',#1437,3.5E-2);
#1439=CARTESIAN_POINT('',(-6.75E-1,0.E0,-2.765E-1));
#1440=LINE('',#1439,#1438);
#1441=DIRECTION('',(1.E0,0.E0,0.E0));
#1442=VECTOR('',#1441,9.15E-2);
#1443=CARTESIAN_POINT('',(-7.665E-1,0.E0,-2.765E-1));
#1444=LINE('',#1443,#1442);
#1445=DIRECTION('',(0.E0,0.E0,-1.E0));
#1446=VECTOR('',#1445,5.44E-1);
#1447=CARTESIAN_POINT('',(-7.665E-1,0.E0,2.675E-1));
#1448=LINE('',#1447,#1446);
#1449=DIRECTION('',(0.E0,0.E0,-1.E0));
#1450=VECTOR('',#1449,3.5E-2);
#1451=CARTESIAN_POINT('',(-5.25E-1,0.E0,2.675E-1));
#1452=LINE('',#1451,#1450);
#1453=DIRECTION('',(-1.E0,0.E0,0.E0));
#1454=VECTOR('',#1453,9.15E-2);
#1455=CARTESIAN_POINT('',(-4.335E-1,0.E0,2.675E-1));
#1456=LINE('',#1455,#1454);
#1457=DIRECTION('',(0.E0,0.E0,1.E0));
#1458=VECTOR('',#1457,5.44E-1);
#1459=CARTESIAN_POINT('',(-4.335E-1,0.E0,-2.765E-1));
#1460=LINE('',#1459,#1458);
#1461=DIRECTION('',(1.E0,0.E0,0.E0));
#1462=VECTOR('',#1461,9.15E-2);
#1463=CARTESIAN_POINT('',(-5.25E-1,0.E0,-2.765E-1));
#1464=LINE('',#1463,#1462);
#1465=DIRECTION('',(0.E0,0.E0,-1.E0));
#1466=VECTOR('',#1465,3.5E-2);
#1467=CARTESIAN_POINT('',(-5.25E-1,0.E0,-2.415E-1));
#1468=LINE('',#1467,#1466);
#1469=DIRECTION('',(-1.E0,0.E0,0.E0));
#1470=VECTOR('',#1469,5.65E-2);
#1471=CARTESIAN_POINT('',(-4.685E-1,0.E0,-2.415E-1));
#1472=LINE('',#1471,#1470);
#1473=DIRECTION('',(0.E0,0.E0,-1.E0));
#1474=VECTOR('',#1473,4.74E-1);
#1475=CARTESIAN_POINT('',(-4.685E-1,0.E0,2.325E-1));
#1476=LINE('',#1475,#1474);
#1477=DIRECTION('',(1.E0,0.E0,0.E0));
#1478=VECTOR('',#1477,5.65E-2);
#1479=CARTESIAN_POINT('',(-5.25E-1,0.E0,2.325E-1));
#1480=LINE('',#1479,#1478);
#1481=DIRECTION('',(0.E0,-1.E0,0.E0));
#1482=VECTOR('',#1481,5.5E-2);
#1483=CARTESIAN_POINT('',(-5.25E-1,5.5E-2,2.675E-1));
#1484=LINE('',#1483,#1482);
#1485=DIRECTION('',(0.E0,-1.E0,0.E0));
#1486=VECTOR('',#1485,5.5E-2);
#1487=CARTESIAN_POINT('',(-4.335E-1,5.5E-2,2.675E-1));
#1488=LINE('',#1487,#1486);
#1489=DIRECTION('',(0.E0,-1.E0,0.E0));
#1490=VECTOR('',#1489,5.5E-2);
#1491=CARTESIAN_POINT('',(-4.335E-1,5.5E-2,-2.765E-1));
#1492=LINE('',#1491,#1490);
#1493=DIRECTION('',(0.E0,-1.E0,0.E0));
#1494=VECTOR('',#1493,5.5E-2);
#1495=CARTESIAN_POINT('',(-5.25E-1,5.5E-2,-2.765E-1));
#1496=LINE('',#1495,#1494);
#1497=DIRECTION('',(0.E0,-1.E0,0.E0));
#1498=VECTOR('',#1497,5.5E-2);
#1499=CARTESIAN_POINT('',(-5.25E-1,5.5E-2,-2.415E-1));
#1500=LINE('',#1499,#1498);
#1501=DIRECTION('',(0.E0,-1.E0,0.E0));
#1502=VECTOR('',#1501,5.5E-2);
#1503=CARTESIAN_POINT('',(-4.685E-1,5.5E-2,-2.415E-1));
#1504=LINE('',#1503,#1502);
#1505=DIRECTION('',(0.E0,-1.E0,0.E0));
#1506=VECTOR('',#1505,5.5E-2);
#1507=CARTESIAN_POINT('',(-4.685E-1,5.5E-2,2.325E-1));
#1508=LINE('',#1507,#1506);
#1509=DIRECTION('',(0.E0,-1.E0,0.E0));
#1510=VECTOR('',#1509,5.5E-2);
#1511=CARTESIAN_POINT('',(-5.25E-1,5.5E-2,2.325E-1));
#1512=LINE('',#1511,#1510);
#1513=DIRECTION('',(0.E0,-1.E0,0.E0));
#1514=VECTOR('',#1513,5.5E-2);
#1515=CARTESIAN_POINT('',(-2.75E-1,5.5E-2,2.675E-1));
#1516=LINE('',#1515,#1514);
#1517=DIRECTION('',(0.E0,-1.E0,0.E0));
#1518=VECTOR('',#1517,5.5E-2);
#1519=CARTESIAN_POINT('',(-2.75E-1,5.5E-2,2.325E-1));
#1520=LINE('',#1519,#1518);
#1521=DIRECTION('',(0.E0,-1.E0,0.E0));
#1522=VECTOR('',#1521,5.5E-2);
#1523=CARTESIAN_POINT('',(-3.315E-1,5.5E-2,2.325E-1));
#1524=LINE('',#1523,#1522);
#1525=DIRECTION('',(0.E0,-1.E0,0.E0));
#1526=VECTOR('',#1525,5.5E-2);
#1527=CARTESIAN_POINT('',(-3.315E-1,5.5E-2,-2.415E-1));
#1528=LINE('',#1527,#1526);
#1529=DIRECTION('',(0.E0,-1.E0,0.E0));
#1530=VECTOR('',#1529,5.5E-2);
#1531=CARTESIAN_POINT('',(-2.75E-1,5.5E-2,-2.415E-1));
#1532=LINE('',#1531,#1530);
#1533=DIRECTION('',(0.E0,-1.E0,0.E0));
#1534=VECTOR('',#1533,5.5E-2);
#1535=CARTESIAN_POINT('',(-2.75E-1,5.5E-2,-2.765E-1));
#1536=LINE('',#1535,#1534);
#1537=DIRECTION('',(0.E0,-1.E0,0.E0));
#1538=VECTOR('',#1537,5.5E-2);
#1539=CARTESIAN_POINT('',(-3.665E-1,5.5E-2,-2.765E-1));
#1540=LINE('',#1539,#1538);
#1541=DIRECTION('',(0.E0,-1.E0,0.E0));
#1542=VECTOR('',#1541,5.5E-2);
#1543=CARTESIAN_POINT('',(-3.665E-1,5.5E-2,2.675E-1));
#1544=LINE('',#1543,#1542);
#1545=DIRECTION('',(-1.E0,0.E0,0.E0));
#1546=VECTOR('',#1545,9.15E-2);
#1547=CARTESIAN_POINT('',(-2.75E-1,0.E0,2.675E-1));
#1548=LINE('',#1547,#1546);
#1549=DIRECTION('',(0.E0,0.E0,1.E0));
#1550=VECTOR('',#1549,3.5E-2);
#1551=CARTESIAN_POINT('',(-2.75E-1,0.E0,2.325E-1));
#1552=LINE('',#1551,#1550);
#1553=DIRECTION('',(1.E0,0.E0,0.E0));
#1554=VECTOR('',#1553,5.65E-2);
#1555=CARTESIAN_POINT('',(-3.315E-1,0.E0,2.325E-1));
#1556=LINE('',#1555,#1554);
#1557=DIRECTION('',(0.E0,0.E0,1.E0));
#1558=VECTOR('',#1557,4.74E-1);
#1559=CARTESIAN_POINT('',(-3.315E-1,0.E0,-2.415E-1));
#1560=LINE('',#1559,#1558);
#1561=DIRECTION('',(-1.E0,0.E0,0.E0));
#1562=VECTOR('',#1561,5.65E-2);
#1563=CARTESIAN_POINT('',(-2.75E-1,0.E0,-2.415E-1));
#1564=LINE('',#1563,#1562);
#1565=DIRECTION('',(0.E0,0.E0,1.E0));
#1566=VECTOR('',#1565,3.5E-2);
#1567=CARTESIAN_POINT('',(-2.75E-1,0.E0,-2.765E-1));
#1568=LINE('',#1567,#1566);
#1569=DIRECTION('',(1.E0,0.E0,0.E0));
#1570=VECTOR('',#1569,9.15E-2);
#1571=CARTESIAN_POINT('',(-3.665E-1,0.E0,-2.765E-1));
#1572=LINE('',#1571,#1570);
#1573=DIRECTION('',(0.E0,0.E0,-1.E0));
#1574=VECTOR('',#1573,5.44E-1);
#1575=CARTESIAN_POINT('',(-3.665E-1,0.E0,2.675E-1));
#1576=LINE('',#1575,#1574);
#1577=DIRECTION('',(0.E0,0.E0,-1.E0));
#1578=VECTOR('',#1577,3.5E-2);
#1579=CARTESIAN_POINT('',(-1.25E-1,0.E0,2.675E-1));
#1580=LINE('',#1579,#1578);
#1581=DIRECTION('',(-1.E0,0.E0,0.E0));
#1582=VECTOR('',#1581,9.15E-2);
#1583=CARTESIAN_POINT('',(-3.35E-2,0.E0,2.675E-1));
#1584=LINE('',#1583,#1582);
#1585=DIRECTION('',(0.E0,0.E0,1.E0));
#1586=VECTOR('',#1585,5.44E-1);
#1587=CARTESIAN_POINT('',(-3.35E-2,0.E0,-2.765E-1));
#1588=LINE('',#1587,#1586);
#1589=DIRECTION('',(1.E0,0.E0,0.E0));
#1590=VECTOR('',#1589,9.15E-2);
#1591=CARTESIAN_POINT('',(-1.25E-1,0.E0,-2.765E-1));
#1592=LINE('',#1591,#1590);
#1593=DIRECTION('',(0.E0,0.E0,-1.E0));
#1594=VECTOR('',#1593,3.5E-2);
#1595=CARTESIAN_POINT('',(-1.25E-1,0.E0,-2.415E-1));
#1596=LINE('',#1595,#1594);
#1597=DIRECTION('',(-1.E0,0.E0,0.E0));
#1598=VECTOR('',#1597,5.65E-2);
#1599=CARTESIAN_POINT('',(-6.85E-2,0.E0,-2.415E-1));
#1600=LINE('',#1599,#1598);
#1601=DIRECTION('',(0.E0,0.E0,-1.E0));
#1602=VECTOR('',#1601,4.74E-1);
#1603=CARTESIAN_POINT('',(-6.85E-2,0.E0,2.325E-1));
#1604=LINE('',#1603,#1602);
#1605=DIRECTION('',(1.E0,0.E0,0.E0));
#1606=VECTOR('',#1605,5.65E-2);
#1607=CARTESIAN_POINT('',(-1.25E-1,0.E0,2.325E-1));
#1608=LINE('',#1607,#1606);
#1609=DIRECTION('',(0.E0,-1.E0,0.E0));
#1610=VECTOR('',#1609,5.5E-2);
#1611=CARTESIAN_POINT('',(-1.25E-1,5.5E-2,2.675E-1));
#1612=LINE('',#1611,#1610);
#1613=DIRECTION('',(0.E0,-1.E0,0.E0));
#1614=VECTOR('',#1613,5.5E-2);
#1615=CARTESIAN_POINT('',(-3.35E-2,5.5E-2,2.675E-1));
#1616=LINE('',#1615,#1614);
#1617=DIRECTION('',(0.E0,-1.E0,0.E0));
#1618=VECTOR('',#1617,5.5E-2);
#1619=CARTESIAN_POINT('',(-3.35E-2,5.5E-2,-2.765E-1));
#1620=LINE('',#1619,#1618);
#1621=DIRECTION('',(0.E0,-1.E0,0.E0));
#1622=VECTOR('',#1621,5.5E-2);
#1623=CARTESIAN_POINT('',(-1.25E-1,5.5E-2,-2.765E-1));
#1624=LINE('',#1623,#1622);
#1625=DIRECTION('',(0.E0,-1.E0,0.E0));
#1626=VECTOR('',#1625,5.5E-2);
#1627=CARTESIAN_POINT('',(-1.25E-1,5.5E-2,-2.415E-1));
#1628=LINE('',#1627,#1626);
#1629=DIRECTION('',(0.E0,-1.E0,0.E0));
#1630=VECTOR('',#1629,5.5E-2);
#1631=CARTESIAN_POINT('',(-6.85E-2,5.5E-2,-2.415E-1));
#1632=LINE('',#1631,#1630);
#1633=DIRECTION('',(0.E0,-1.E0,0.E0));
#1634=VECTOR('',#1633,5.5E-2);
#1635=CARTESIAN_POINT('',(-6.85E-2,5.5E-2,2.325E-1));
#1636=LINE('',#1635,#1634);
#1637=DIRECTION('',(0.E0,-1.E0,0.E0));
#1638=VECTOR('',#1637,5.5E-2);
#1639=CARTESIAN_POINT('',(-1.25E-1,5.5E-2,2.325E-1));
#1640=LINE('',#1639,#1638);
#1641=DIRECTION('',(0.E0,-1.E0,0.E0));
#1642=VECTOR('',#1641,5.5E-2);
#1643=CARTESIAN_POINT('',(1.25E-1,5.5E-2,2.675E-1));
#1644=LINE('',#1643,#1642);
#1645=DIRECTION('',(0.E0,-1.E0,0.E0));
#1646=VECTOR('',#1645,5.5E-2);
#1647=CARTESIAN_POINT('',(1.25E-1,5.5E-2,2.325E-1));
#1648=LINE('',#1647,#1646);
#1649=DIRECTION('',(0.E0,-1.E0,0.E0));
#1650=VECTOR('',#1649,5.5E-2);
#1651=CARTESIAN_POINT('',(6.85E-2,5.5E-2,2.325E-1));
#1652=LINE('',#1651,#1650);
#1653=DIRECTION('',(0.E0,-1.E0,0.E0));
#1654=VECTOR('',#1653,5.5E-2);
#1655=CARTESIAN_POINT('',(6.85E-2,5.5E-2,-2.415E-1));
#1656=LINE('',#1655,#1654);
#1657=DIRECTION('',(0.E0,-1.E0,0.E0));
#1658=VECTOR('',#1657,5.5E-2);
#1659=CARTESIAN_POINT('',(1.25E-1,5.5E-2,-2.415E-1));
#1660=LINE('',#1659,#1658);
#1661=DIRECTION('',(0.E0,-1.E0,0.E0));
#1662=VECTOR('',#1661,5.5E-2);
#1663=CARTESIAN_POINT('',(1.25E-1,5.5E-2,-2.765E-1));
#1664=LINE('',#1663,#1662);
#1665=DIRECTION('',(0.E0,-1.E0,0.E0));
#1666=VECTOR('',#1665,5.5E-2);
#1667=CARTESIAN_POINT('',(3.35E-2,5.5E-2,-2.765E-1));
#1668=LINE('',#1667,#1666);
#1669=DIRECTION('',(0.E0,-1.E0,0.E0));
#1670=VECTOR('',#1669,5.5E-2);
#1671=CARTESIAN_POINT('',(3.35E-2,5.5E-2,2.675E-1));
#1672=LINE('',#1671,#1670);
#1673=DIRECTION('',(-1.E0,0.E0,0.E0));
#1674=VECTOR('',#1673,9.15E-2);
#1675=CARTESIAN_POINT('',(1.25E-1,0.E0,2.675E-1));
#1676=LINE('',#1675,#1674);
#1677=DIRECTION('',(0.E0,0.E0,1.E0));
#1678=VECTOR('',#1677,3.5E-2);
#1679=CARTESIAN_POINT('',(1.25E-1,0.E0,2.325E-1));
#1680=LINE('',#1679,#1678);
#1681=DIRECTION('',(1.E0,0.E0,0.E0));
#1682=VECTOR('',#1681,5.65E-2);
#1683=CARTESIAN_POINT('',(6.85E-2,0.E0,2.325E-1));
#1684=LINE('',#1683,#1682);
#1685=DIRECTION('',(0.E0,0.E0,1.E0));
#1686=VECTOR('',#1685,4.74E-1);
#1687=CARTESIAN_POINT('',(6.85E-2,0.E0,-2.415E-1));
#1688=LINE('',#1687,#1686);
#1689=DIRECTION('',(-1.E0,0.E0,0.E0));
#1690=VECTOR('',#1689,5.65E-2);
#1691=CARTESIAN_POINT('',(1.25E-1,0.E0,-2.415E-1));
#1692=LINE('',#1691,#1690);
#1693=DIRECTION('',(0.E0,0.E0,1.E0));
#1694=VECTOR('',#1693,3.5E-2);
#1695=CARTESIAN_POINT('',(1.25E-1,0.E0,-2.765E-1));
#1696=LINE('',#1695,#1694);
#1697=DIRECTION('',(1.E0,0.E0,0.E0));
#1698=VECTOR('',#1697,9.15E-2);
#1699=CARTESIAN_POINT('',(3.35E-2,0.E0,-2.765E-1));
#1700=LINE('',#1699,#1698);
#1701=DIRECTION('',(0.E0,0.E0,-1.E0));
#1702=VECTOR('',#1701,5.44E-1);
#1703=CARTESIAN_POINT('',(3.35E-2,0.E0,2.675E-1));
#1704=LINE('',#1703,#1702);
#1705=DIRECTION('',(0.E0,0.E0,-1.E0));
#1706=VECTOR('',#1705,3.5E-2);
#1707=CARTESIAN_POINT('',(2.75E-1,0.E0,2.675E-1));
#1708=LINE('',#1707,#1706);
#1709=DIRECTION('',(-1.E0,0.E0,0.E0));
#1710=VECTOR('',#1709,9.15E-2);
#1711=CARTESIAN_POINT('',(3.665E-1,0.E0,2.675E-1));
#1712=LINE('',#1711,#1710);
#1713=DIRECTION('',(0.E0,0.E0,1.E0));
#1714=VECTOR('',#1713,5.44E-1);
#1715=CARTESIAN_POINT('',(3.665E-1,0.E0,-2.765E-1));
#1716=LINE('',#1715,#1714);
#1717=DIRECTION('',(1.E0,0.E0,0.E0));
#1718=VECTOR('',#1717,9.15E-2);
#1719=CARTESIAN_POINT('',(2.75E-1,0.E0,-2.765E-1));
#1720=LINE('',#1719,#1718);
#1721=DIRECTION('',(0.E0,0.E0,-1.E0));
#1722=VECTOR('',#1721,3.5E-2);
#1723=CARTESIAN_POINT('',(2.75E-1,0.E0,-2.415E-1));
#1724=LINE('',#1723,#1722);
#1725=DIRECTION('',(-1.E0,0.E0,0.E0));
#1726=VECTOR('',#1725,5.65E-2);
#1727=CARTESIAN_POINT('',(3.315E-1,0.E0,-2.415E-1));
#1728=LINE('',#1727,#1726);
#1729=DIRECTION('',(0.E0,0.E0,-1.E0));
#1730=VECTOR('',#1729,4.74E-1);
#1731=CARTESIAN_POINT('',(3.315E-1,0.E0,2.325E-1));
#1732=LINE('',#1731,#1730);
#1733=DIRECTION('',(1.E0,0.E0,0.E0));
#1734=VECTOR('',#1733,5.65E-2);
#1735=CARTESIAN_POINT('',(2.75E-1,0.E0,2.325E-1));
#1736=LINE('',#1735,#1734);
#1737=DIRECTION('',(0.E0,-1.E0,0.E0));
#1738=VECTOR('',#1737,5.5E-2);
#1739=CARTESIAN_POINT('',(2.75E-1,5.5E-2,2.675E-1));
#1740=LINE('',#1739,#1738);
#1741=DIRECTION('',(0.E0,-1.E0,0.E0));
#1742=VECTOR('',#1741,5.5E-2);
#1743=CARTESIAN_POINT('',(3.665E-1,5.5E-2,2.675E-1));
#1744=LINE('',#1743,#1742);
#1745=DIRECTION('',(0.E0,-1.E0,0.E0));
#1746=VECTOR('',#1745,5.5E-2);
#1747=CARTESIAN_POINT('',(3.665E-1,5.5E-2,-2.765E-1));
#1748=LINE('',#1747,#1746);
#1749=DIRECTION('',(0.E0,-1.E0,0.E0));
#1750=VECTOR('',#1749,5.5E-2);
#1751=CARTESIAN_POINT('',(2.75E-1,5.5E-2,-2.765E-1));
#1752=LINE('',#1751,#1750);
#1753=DIRECTION('',(0.E0,-1.E0,0.E0));
#1754=VECTOR('',#1753,5.5E-2);
#1755=CARTESIAN_POINT('',(2.75E-1,5.5E-2,-2.415E-1));
#1756=LINE('',#1755,#1754);
#1757=DIRECTION('',(0.E0,-1.E0,0.E0));
#1758=VECTOR('',#1757,5.5E-2);
#1759=CARTESIAN_POINT('',(3.315E-1,5.5E-2,-2.415E-1));
#1760=LINE('',#1759,#1758);
#1761=DIRECTION('',(0.E0,-1.E0,0.E0));
#1762=VECTOR('',#1761,5.5E-2);
#1763=CARTESIAN_POINT('',(3.315E-1,5.5E-2,2.325E-1));
#1764=LINE('',#1763,#1762);
#1765=DIRECTION('',(0.E0,-1.E0,0.E0));
#1766=VECTOR('',#1765,5.5E-2);
#1767=CARTESIAN_POINT('',(2.75E-1,5.5E-2,2.325E-1));
#1768=LINE('',#1767,#1766);
#1769=DIRECTION('',(0.E0,-1.E0,0.E0));
#1770=VECTOR('',#1769,5.5E-2);
#1771=CARTESIAN_POINT('',(5.25E-1,5.5E-2,2.675E-1));
#1772=LINE('',#1771,#1770);
#1773=DIRECTION('',(0.E0,-1.E0,0.E0));
#1774=VECTOR('',#1773,5.5E-2);
#1775=CARTESIAN_POINT('',(5.25E-1,5.5E-2,2.325E-1));
#1776=LINE('',#1775,#1774);
#1777=DIRECTION('',(0.E0,-1.E0,0.E0));
#1778=VECTOR('',#1777,5.5E-2);
#1779=CARTESIAN_POINT('',(4.685E-1,5.5E-2,2.325E-1));
#1780=LINE('',#1779,#1778);
#1781=DIRECTION('',(0.E0,-1.E0,0.E0));
#1782=VECTOR('',#1781,5.5E-2);
#1783=CARTESIAN_POINT('',(4.685E-1,5.5E-2,-2.415E-1));
#1784=LINE('',#1783,#1782);
#1785=DIRECTION('',(0.E0,-1.E0,0.E0));
#1786=VECTOR('',#1785,5.5E-2);
#1787=CARTESIAN_POINT('',(5.25E-1,5.5E-2,-2.415E-1));
#1788=LINE('',#1787,#1786);
#1789=DIRECTION('',(0.E0,-1.E0,0.E0));
#1790=VECTOR('',#1789,5.5E-2);
#1791=CARTESIAN_POINT('',(5.25E-1,5.5E-2,-2.765E-1));
#1792=LINE('',#1791,#1790);
#1793=DIRECTION('',(0.E0,-1.E0,0.E0));
#1794=VECTOR('',#1793,5.5E-2);
#1795=CARTESIAN_POINT('',(4.335E-1,5.5E-2,-2.765E-1));
#1796=LINE('',#1795,#1794);
#1797=DIRECTION('',(0.E0,-1.E0,0.E0));
#1798=VECTOR('',#1797,5.5E-2);
#1799=CARTESIAN_POINT('',(4.335E-1,5.5E-2,2.675E-1));
#1800=LINE('',#1799,#1798);
#1801=DIRECTION('',(-1.E0,0.E0,0.E0));
#1802=VECTOR('',#1801,9.15E-2);
#1803=CARTESIAN_POINT('',(5.25E-1,0.E0,2.675E-1));
#1804=LINE('',#1803,#1802);
#1805=DIRECTION('',(0.E0,0.E0,1.E0));
#1806=VECTOR('',#1805,3.5E-2);
#1807=CARTESIAN_POINT('',(5.25E-1,0.E0,2.325E-1));
#1808=LINE('',#1807,#1806);
#1809=DIRECTION('',(1.E0,0.E0,0.E0));
#1810=VECTOR('',#1809,5.65E-2);
#1811=CARTESIAN_POINT('',(4.685E-1,0.E0,2.325E-1));
#1812=LINE('',#1811,#1810);
#1813=DIRECTION('',(0.E0,0.E0,1.E0));
#1814=VECTOR('',#1813,4.74E-1);
#1815=CARTESIAN_POINT('',(4.685E-1,0.E0,-2.415E-1));
#1816=LINE('',#1815,#1814);
#1817=DIRECTION('',(-1.E0,0.E0,0.E0));
#1818=VECTOR('',#1817,5.65E-2);
#1819=CARTESIAN_POINT('',(5.25E-1,0.E0,-2.415E-1));
#1820=LINE('',#1819,#1818);
#1821=DIRECTION('',(0.E0,0.E0,1.E0));
#1822=VECTOR('',#1821,3.5E-2);
#1823=CARTESIAN_POINT('',(5.25E-1,0.E0,-2.765E-1));
#1824=LINE('',#1823,#1822);
#1825=DIRECTION('',(1.E0,0.E0,0.E0));
#1826=VECTOR('',#1825,9.15E-2);
#1827=CARTESIAN_POINT('',(4.335E-1,0.E0,-2.765E-1));
#1828=LINE('',#1827,#1826);
#1829=DIRECTION('',(0.E0,0.E0,-1.E0));
#1830=VECTOR('',#1829,5.44E-1);
#1831=CARTESIAN_POINT('',(4.335E-1,0.E0,2.675E-1));
#1832=LINE('',#1831,#1830);
#1833=DIRECTION('',(0.E0,0.E0,-1.E0));
#1834=VECTOR('',#1833,3.5E-2);
#1835=CARTESIAN_POINT('',(6.75E-1,0.E0,2.675E-1));
#1836=LINE('',#1835,#1834);
#1837=DIRECTION('',(-1.E0,0.E0,0.E0));
#1838=VECTOR('',#1837,9.15E-2);
#1839=CARTESIAN_POINT('',(7.665E-1,0.E0,2.675E-1));
#1840=LINE('',#1839,#1838);
#1841=DIRECTION('',(0.E0,0.E0,1.E0));
#1842=VECTOR('',#1841,5.44E-1);
#1843=CARTESIAN_POINT('',(7.665E-1,0.E0,-2.765E-1));
#1844=LINE('',#1843,#1842);
#1845=DIRECTION('',(1.E0,0.E0,0.E0));
#1846=VECTOR('',#1845,9.15E-2);
#1847=CARTESIAN_POINT('',(6.75E-1,0.E0,-2.765E-1));
#1848=LINE('',#1847,#1846);
#1849=DIRECTION('',(0.E0,0.E0,-1.E0));
#1850=VECTOR('',#1849,3.5E-2);
#1851=CARTESIAN_POINT('',(6.75E-1,0.E0,-2.415E-1));
#1852=LINE('',#1851,#1850);
#1853=DIRECTION('',(-1.E0,0.E0,0.E0));
#1854=VECTOR('',#1853,5.65E-2);
#1855=CARTESIAN_POINT('',(7.315E-1,0.E0,-2.415E-1));
#1856=LINE('',#1855,#1854);
#1857=DIRECTION('',(0.E0,0.E0,-1.E0));
#1858=VECTOR('',#1857,4.74E-1);
#1859=CARTESIAN_POINT('',(7.315E-1,0.E0,2.325E-1));
#1860=LINE('',#1859,#1858);
#1861=DIRECTION('',(1.E0,0.E0,0.E0));
#1862=VECTOR('',#1861,5.65E-2);
#1863=CARTESIAN_POINT('',(6.75E-1,0.E0,2.325E-1));
#1864=LINE('',#1863,#1862);
#1865=DIRECTION('',(0.E0,-1.E0,0.E0));
#1866=VECTOR('',#1865,5.5E-2);
#1867=CARTESIAN_POINT('',(6.75E-1,5.5E-2,2.675E-1));
#1868=LINE('',#1867,#1866);
#1869=DIRECTION('',(0.E0,-1.E0,0.E0));
#1870=VECTOR('',#1869,5.5E-2);
#1871=CARTESIAN_POINT('',(7.665E-1,5.5E-2,2.675E-1));
#1872=LINE('',#1871,#1870);
#1873=DIRECTION('',(0.E0,-1.E0,0.E0));
#1874=VECTOR('',#1873,5.5E-2);
#1875=CARTESIAN_POINT('',(7.665E-1,5.5E-2,-2.765E-1));
#1876=LINE('',#1875,#1874);
#1877=DIRECTION('',(0.E0,-1.E0,0.E0));
#1878=VECTOR('',#1877,5.5E-2);
#1879=CARTESIAN_POINT('',(6.75E-1,5.5E-2,-2.765E-1));
#1880=LINE('',#1879,#1878);
#1881=DIRECTION('',(0.E0,-1.E0,0.E0));
#1882=VECTOR('',#1881,5.5E-2);
#1883=CARTESIAN_POINT('',(6.75E-1,5.5E-2,-2.415E-1));
#1884=LINE('',#1883,#1882);
#1885=DIRECTION('',(0.E0,-1.E0,0.E0));
#1886=VECTOR('',#1885,5.5E-2);
#1887=CARTESIAN_POINT('',(7.315E-1,5.5E-2,-2.415E-1));
#1888=LINE('',#1887,#1886);
#1889=DIRECTION('',(0.E0,-1.E0,0.E0));
#1890=VECTOR('',#1889,5.5E-2);
#1891=CARTESIAN_POINT('',(7.315E-1,5.5E-2,2.325E-1));
#1892=LINE('',#1891,#1890);
#1893=DIRECTION('',(0.E0,-1.E0,0.E0));
#1894=VECTOR('',#1893,5.5E-2);
#1895=CARTESIAN_POINT('',(6.75E-1,5.5E-2,2.325E-1));
#1896=LINE('',#1895,#1894);
#1897=DIRECTION('',(0.E0,0.E0,1.E0));
#1898=VECTOR('',#1897,4.E-2);
#1899=CARTESIAN_POINT('',(-5.01E-1,-1.5E-1,-2.225E-1));
#1900=LINE('',#1899,#1898);
#1901=DIRECTION('',(0.E0,-1.E0,0.E0));
#1902=VECTOR('',#1901,2.05E-1);
#1903=CARTESIAN_POINT('',(-5.01E-1,5.5E-2,-2.225E-1));
#1904=LINE('',#1903,#1902);
#1905=DIRECTION('',(7.071067811865E-1,7.071067811865E-1,0.E0));
#1906=VECTOR('',#1905,1.414213562373E-2);
#1907=CARTESIAN_POINT('',(-5.11E-1,-1.6E-1,-1.825E-1));
#1908=LINE('',#1907,#1906);
#1909=DIRECTION('',(7.071067811865E-1,-7.071067811865E-1,0.E0));
#1910=VECTOR('',#1909,1.414213562373E-2);
#1911=CARTESIAN_POINT('',(-5.41E-1,-1.5E-1,-1.825E-1));
#1912=LINE('',#1911,#1910);
#1913=DIRECTION('',(0.E0,-1.E0,0.E0));
#1914=VECTOR('',#1913,2.05E-1);
#1915=CARTESIAN_POINT('',(-5.01E-1,5.5E-2,-1.825E-1));
#1916=LINE('',#1915,#1914);
#1917=DIRECTION('',(0.E0,0.E0,1.E0));
#1918=VECTOR('',#1917,4.E-2);
#1919=CARTESIAN_POINT('',(-5.11E-1,-1.6E-1,-2.225E-1));
#1920=LINE('',#1919,#1918);
#1921=DIRECTION('',(1.E0,0.E0,0.E0));
#1922=VECTOR('',#1921,2.E-2);
#1923=CARTESIAN_POINT('',(-5.31E-1,-1.6E-1,-2.225E-1));
#1924=LINE('',#1923,#1922);
#1925=DIRECTION('',(0.E0,0.E0,-1.E0));
#1926=VECTOR('',#1925,4.E-2);
#1927=CARTESIAN_POINT('',(-5.31E-1,-1.6E-1,-1.825E-1));
#1928=LINE('',#1927,#1926);
#1929=DIRECTION('',(-1.E0,0.E0,0.E0));
#1930=VECTOR('',#1929,2.E-2);
#1931=CARTESIAN_POINT('',(-5.11E-1,-1.6E-1,-1.825E-1));
#1932=LINE('',#1931,#1930);
#1933=DIRECTION('',(0.E0,0.E0,1.E0));
#1934=VECTOR('',#1933,4.E-2);
#1935=CARTESIAN_POINT('',(-6.69E-1,-1.6E-1,-2.225E-1));
#1936=LINE('',#1935,#1934);
#1937=DIRECTION('',(1.E0,0.E0,0.E0));
#1938=VECTOR('',#1937,2.E-2);
#1939=CARTESIAN_POINT('',(-6.89E-1,-1.6E-1,-2.225E-1));
#1940=LINE('',#1939,#1938);
#1941=DIRECTION('',(0.E0,0.E0,-1.E0));
#1942=VECTOR('',#1941,4.E-2);
#1943=CARTESIAN_POINT('',(-6.89E-1,-1.6E-1,-1.825E-1));
#1944=LINE('',#1943,#1942);
#1945=DIRECTION('',(-1.E0,0.E0,0.E0));
#1946=VECTOR('',#1945,2.E-2);
#1947=CARTESIAN_POINT('',(-6.69E-1,-1.6E-1,-1.825E-1));
#1948=LINE('',#1947,#1946);
#1949=DIRECTION('',(-7.071067811865E-1,-7.071067811865E-1,0.E0));
#1950=VECTOR('',#1949,1.414213562373E-2);
#1951=CARTESIAN_POINT('',(-5.01E-1,-1.5E-1,-2.225E-1));
#1952=LINE('',#1951,#1950);
#1953=DIRECTION('',(0.E0,-1.E0,0.E0));
#1954=VECTOR('',#1953,2.05E-1);
#1955=CARTESIAN_POINT('',(-5.41E-1,5.5E-2,-2.225E-1));
#1956=LINE('',#1955,#1954);
#1957=DIRECTION('',(-7.071067811865E-1,7.071067811865E-1,0.E0));
#1958=VECTOR('',#1957,1.414213562373E-2);
#1959=CARTESIAN_POINT('',(-5.31E-1,-1.6E-1,-2.225E-1));
#1960=LINE('',#1959,#1958);
#1961=DIRECTION('',(0.E0,0.E0,-1.E0));
#1962=VECTOR('',#1961,4.E-2);
#1963=CARTESIAN_POINT('',(-5.41E-1,-1.5E-1,-1.825E-1));
#1964=LINE('',#1963,#1962);
#1965=DIRECTION('',(0.E0,-1.E0,0.E0));
#1966=VECTOR('',#1965,2.05E-1);
#1967=CARTESIAN_POINT('',(-5.41E-1,5.5E-2,-1.825E-1));
#1968=LINE('',#1967,#1966);
#1969=DIRECTION('',(7.071067811865E-1,7.071067811866E-1,0.E0));
#1970=VECTOR('',#1969,1.414213562373E-2);
#1971=CARTESIAN_POINT('',(-6.69E-1,-1.6E-1,-1.825E-1));
#1972=LINE('',#1971,#1970);
#1973=DIRECTION('',(7.071067811865E-1,-7.071067811866E-1,0.E0));
#1974=VECTOR('',#1973,1.414213562373E-2);
#1975=CARTESIAN_POINT('',(-6.99E-1,-1.5E-1,-1.825E-1));
#1976=LINE('',#1975,#1974);
#1977=DIRECTION('',(0.E0,-1.E0,0.E0));
#1978=VECTOR('',#1977,2.05E-1);
#1979=CARTESIAN_POINT('',(-6.59E-1,5.5E-2,-1.825E-1));
#1980=LINE('',#1979,#1978);
#1981=DIRECTION('',(-7.071067811865E-1,-7.071067811866E-1,0.E0));
#1982=VECTOR('',#1981,1.414213562373E-2);
#1983=CARTESIAN_POINT('',(-6.59E-1,-1.5E-1,-2.225E-1));
#1984=LINE('',#1983,#1982);
#1985=DIRECTION('',(0.E0,-1.E0,0.E0));
#1986=VECTOR('',#1985,2.05E-1);
#1987=CARTESIAN_POINT('',(-6.99E-1,5.5E-2,-2.225E-1));
#1988=LINE('',#1987,#1986);
#1989=DIRECTION('',(-7.071067811865E-1,7.071067811866E-1,0.E0));
#1990=VECTOR('',#1989,1.414213562373E-2);
#1991=CARTESIAN_POINT('',(-6.89E-1,-1.6E-1,-2.225E-1));
#1992=LINE('',#1991,#1990);
#1993=DIRECTION('',(0.E0,0.E0,1.E0));
#1994=VECTOR('',#1993,4.E-2);
#1995=CARTESIAN_POINT('',(-6.59E-1,-1.5E-1,-2.225E-1));
#1996=LINE('',#1995,#1994);
#1997=DIRECTION('',(0.E0,-1.E0,0.E0));
#1998=VECTOR('',#1997,2.05E-1);
#1999=CARTESIAN_POINT('',(-6.59E-1,5.5E-2,-2.225E-1));
#2000=LINE('',#1999,#1998);
#2001=DIRECTION('',(0.E0,0.E0,-1.E0));
#2002=VECTOR('',#2001,4.E-2);
#2003=CARTESIAN_POINT('',(-6.99E-1,-1.5E-1,-1.825E-1));
#2004=LINE('',#2003,#2002);
#2005=DIRECTION('',(0.E0,-1.E0,0.E0));
#2006=VECTOR('',#2005,2.05E-1);
#2007=CARTESIAN_POINT('',(-6.99E-1,5.5E-2,-1.825E-1));
#2008=LINE('',#2007,#2006);
#2009=DIRECTION('',(0.E0,0.E0,1.E0));
#2010=VECTOR('',#2009,4.E-2);
#2011=CARTESIAN_POINT('',(2.99E-1,-1.5E-1,-2.225E-1));
#2012=LINE('',#2011,#2010);
#2013=DIRECTION('',(0.E0,-1.E0,0.E0));
#2014=VECTOR('',#2013,2.05E-1);
#2015=CARTESIAN_POINT('',(2.99E-1,5.5E-2,-2.225E-1));
#2016=LINE('',#2015,#2014);
#2017=DIRECTION('',(7.071067811865E-1,7.071067811865E-1,0.E0));
#2018=VECTOR('',#2017,1.414213562373E-2);
#2019=CARTESIAN_POINT('',(2.89E-1,-1.6E-1,-1.825E-1));
#2020=LINE('',#2019,#2018);
#2021=DIRECTION('',(7.071067811865E-1,-7.071067811865E-1,0.E0));
#2022=VECTOR('',#2021,1.414213562373E-2);
#2023=CARTESIAN_POINT('',(2.59E-1,-1.5E-1,-1.825E-1));
#2024=LINE('',#2023,#2022);
#2025=DIRECTION('',(0.E0,-1.E0,0.E0));
#2026=VECTOR('',#2025,2.05E-1);
#2027=CARTESIAN_POINT('',(2.99E-1,5.5E-2,-1.825E-1));
#2028=LINE('',#2027,#2026);
#2029=DIRECTION('',(0.E0,0.E0,1.E0));
#2030=VECTOR('',#2029,4.E-2);
#2031=CARTESIAN_POINT('',(1.31E-1,-1.6E-1,-2.225E-1));
#2032=LINE('',#2031,#2030);
#2033=DIRECTION('',(1.E0,0.E0,0.E0));
#2034=VECTOR('',#2033,2.E-2);
#2035=CARTESIAN_POINT('',(1.11E-1,-1.6E-1,-2.225E-1));
#2036=LINE('',#2035,#2034);
#2037=DIRECTION('',(0.E0,0.E0,-1.E0));
#2038=VECTOR('',#2037,4.E-2);
#2039=CARTESIAN_POINT('',(1.11E-1,-1.6E-1,-1.825E-1));
#2040=LINE('',#2039,#2038);
#2041=DIRECTION('',(-1.E0,0.E0,0.E0));
#2042=VECTOR('',#2041,2.E-2);
#2043=CARTESIAN_POINT('',(1.31E-1,-1.6E-1,-1.825E-1));
#2044=LINE('',#2043,#2042);
#2045=DIRECTION('',(0.E0,0.E0,1.E0));
#2046=VECTOR('',#2045,4.E-2);
#2047=CARTESIAN_POINT('',(2.89E-1,-1.6E-1,-2.225E-1));
#2048=LINE('',#2047,#2046);
#2049=DIRECTION('',(1.E0,0.E0,0.E0));
#2050=VECTOR('',#2049,2.E-2);
#2051=CARTESIAN_POINT('',(2.69E-1,-1.6E-1,-2.225E-1));
#2052=LINE('',#2051,#2050);
#2053=DIRECTION('',(0.E0,0.E0,-1.E0));
#2054=VECTOR('',#2053,4.E-2);
#2055=CARTESIAN_POINT('',(2.69E-1,-1.6E-1,-1.825E-1));
#2056=LINE('',#2055,#2054);
#2057=DIRECTION('',(-1.E0,0.E0,0.E0));
#2058=VECTOR('',#2057,2.E-2);
#2059=CARTESIAN_POINT('',(2.89E-1,-1.6E-1,-1.825E-1));
#2060=LINE('',#2059,#2058);
#2061=DIRECTION('',(7.071067811865E-1,7.071067811865E-1,0.E0));
#2062=VECTOR('',#2061,1.414213562373E-2);
#2063=CARTESIAN_POINT('',(1.31E-1,-1.6E-1,-1.825E-1));
#2064=LINE('',#2063,#2062);
#2065=DIRECTION('',(7.071067811865E-1,-7.071067811865E-1,0.E0));
#2066=VECTOR('',#2065,1.414213562373E-2);
#2067=CARTESIAN_POINT('',(1.01E-1,-1.5E-1,-1.825E-1));
#2068=LINE('',#2067,#2066);
#2069=DIRECTION('',(0.E0,-1.E0,0.E0));
#2070=VECTOR('',#2069,2.05E-1);
#2071=CARTESIAN_POINT('',(1.41E-1,5.5E-2,-1.825E-1));
#2072=LINE('',#2071,#2070);
#2073=DIRECTION('',(-7.071067811865E-1,-7.071067811865E-1,0.E0));
#2074=VECTOR('',#2073,1.414213562373E-2);
#2075=CARTESIAN_POINT('',(1.41E-1,-1.5E-1,-2.225E-1));
#2076=LINE('',#2075,#2074);
#2077=DIRECTION('',(0.E0,-1.E0,0.E0));
#2078=VECTOR('',#2077,2.05E-1);
#2079=CARTESIAN_POINT('',(1.01E-1,5.5E-2,-2.225E-1));
#2080=LINE('',#2079,#2078);
#2081=DIRECTION('',(-7.071067811865E-1,7.071067811865E-1,0.E0));
#2082=VECTOR('',#2081,1.414213562373E-2);
#2083=CARTESIAN_POINT('',(1.11E-1,-1.6E-1,-2.225E-1));
#2084=LINE('',#2083,#2082);
#2085=DIRECTION('',(0.E0,0.E0,1.E0));
#2086=VECTOR('',#2085,4.E-2);
#2087=CARTESIAN_POINT('',(1.41E-1,-1.5E-1,-2.225E-1));
#2088=LINE('',#2087,#2086);
#2089=DIRECTION('',(0.E0,-1.E0,0.E0));
#2090=VECTOR('',#2089,2.05E-1);
#2091=CARTESIAN_POINT('',(1.41E-1,5.5E-2,-2.225E-1));
#2092=LINE('',#2091,#2090);
#2093=DIRECTION('',(0.E0,0.E0,-1.E0));
#2094=VECTOR('',#2093,4.E-2);
#2095=CARTESIAN_POINT('',(1.01E-1,-1.5E-1,-1.825E-1));
#2096=LINE('',#2095,#2094);
#2097=DIRECTION('',(0.E0,-1.E0,0.E0));
#2098=VECTOR('',#2097,2.05E-1);
#2099=CARTESIAN_POINT('',(1.01E-1,5.5E-2,-1.825E-1));
#2100=LINE('',#2099,#2098);
#2101=DIRECTION('',(-7.071067811865E-1,-7.071067811865E-1,0.E0));
#2102=VECTOR('',#2101,1.414213562373E-2);
#2103=CARTESIAN_POINT('',(2.99E-1,-1.5E-1,-2.225E-1));
#2104=LINE('',#2103,#2102);
#2105=DIRECTION('',(0.E0,-1.E0,0.E0));
#2106=VECTOR('',#2105,2.05E-1);
#2107=CARTESIAN_POINT('',(2.59E-1,5.5E-2,-2.225E-1));
#2108=LINE('',#2107,#2106);
#2109=DIRECTION('',(-7.071067811865E-1,7.071067811865E-1,0.E0));
#2110=VECTOR('',#2109,1.414213562373E-2);
#2111=CARTESIAN_POINT('',(2.69E-1,-1.6E-1,-2.225E-1));
#2112=LINE('',#2111,#2110);
#2113=DIRECTION('',(0.E0,0.E0,-1.E0));
#2114=VECTOR('',#2113,4.E-2);
#2115=CARTESIAN_POINT('',(2.59E-1,-1.5E-1,-1.825E-1));
#2116=LINE('',#2115,#2114);
#2117=DIRECTION('',(0.E0,-1.E0,0.E0));
#2118=VECTOR('',#2117,2.05E-1);
#2119=CARTESIAN_POINT('',(2.59E-1,5.5E-2,-1.825E-1));
#2120=LINE('',#2119,#2118);
#2121=DIRECTION('',(0.E0,0.E0,-1.E0));
#2122=VECTOR('',#2121,4.E-2);
#2123=CARTESIAN_POINT('',(-2.99E-1,-1.5E-1,2.175E-1));
#2124=LINE('',#2123,#2122);
#2125=DIRECTION('',(0.E0,-1.E0,0.E0));
#2126=VECTOR('',#2125,2.05E-1);
#2127=CARTESIAN_POINT('',(-2.99E-1,5.5E-2,2.175E-1));
#2128=LINE('',#2127,#2126);
#2129=DIRECTION('',(-7.071067811865E-1,7.071067811865E-1,0.E0));
#2130=VECTOR('',#2129,1.414213562373E-2);
#2131=CARTESIAN_POINT('',(-2.89E-1,-1.6E-1,1.775E-1));
#2132=LINE('',#2131,#2130);
#2133=DIRECTION('',(-7.071067811865E-1,-7.071067811865E-1,0.E0));
#2134=VECTOR('',#2133,1.414213562373E-2);
#2135=CARTESIAN_POINT('',(-2.59E-1,-1.5E-1,1.775E-1));
#2136=LINE('',#2135,#2134);
#2137=DIRECTION('',(0.E0,-1.E0,0.E0));
#2138=VECTOR('',#2137,2.05E-1);
#2139=CARTESIAN_POINT('',(-2.99E-1,5.5E-2,1.775E-1));
#2140=LINE('',#2139,#2138);
#2141=DIRECTION('',(0.E0,0.E0,-1.E0));
#2142=VECTOR('',#2141,4.E-2);
#2143=CARTESIAN_POINT('',(-2.89E-1,-1.6E-1,2.175E-1));
#2144=LINE('',#2143,#2142);
#2145=DIRECTION('',(-1.E0,0.E0,0.E0));
#2146=VECTOR('',#2145,2.E-2);
#2147=CARTESIAN_POINT('',(-2.69E-1,-1.6E-1,2.175E-1));
#2148=LINE('',#2147,#2146);
#2149=DIRECTION('',(0.E0,0.E0,1.E0));
#2150=VECTOR('',#2149,4.E-2);
#2151=CARTESIAN_POINT('',(-2.69E-1,-1.6E-1,1.775E-1));
#2152=LINE('',#2151,#2150);
#2153=DIRECTION('',(1.E0,0.E0,0.E0));
#2154=VECTOR('',#2153,2.E-2);
#2155=CARTESIAN_POINT('',(-2.89E-1,-1.6E-1,1.775E-1));
#2156=LINE('',#2155,#2154);
#2157=DIRECTION('',(0.E0,0.E0,-1.E0));
#2158=VECTOR('',#2157,4.E-2);
#2159=CARTESIAN_POINT('',(-1.31E-1,-1.6E-1,2.175E-1));
#2160=LINE('',#2159,#2158);
#2161=DIRECTION('',(-1.E0,0.E0,0.E0));
#2162=VECTOR('',#2161,2.E-2);
#2163=CARTESIAN_POINT('',(-1.11E-1,-1.6E-1,2.175E-1));
#2164=LINE('',#2163,#2162);
#2165=DIRECTION('',(0.E0,0.E0,1.E0));
#2166=VECTOR('',#2165,4.E-2);
#2167=CARTESIAN_POINT('',(-1.11E-1,-1.6E-1,1.775E-1));
#2168=LINE('',#2167,#2166);
#2169=DIRECTION('',(1.E0,0.E0,0.E0));
#2170=VECTOR('',#2169,2.E-2);
#2171=CARTESIAN_POINT('',(-1.31E-1,-1.6E-1,1.775E-1));
#2172=LINE('',#2171,#2170);
#2173=DIRECTION('',(7.071067811865E-1,-7.071067811865E-1,0.E0));
#2174=VECTOR('',#2173,1.414213562373E-2);
#2175=CARTESIAN_POINT('',(-2.99E-1,-1.5E-1,2.175E-1));
#2176=LINE('',#2175,#2174);
#2177=DIRECTION('',(0.E0,-1.E0,0.E0));
#2178=VECTOR('',#2177,2.05E-1);
#2179=CARTESIAN_POINT('',(-2.59E-1,5.5E-2,2.175E-1));
#2180=LINE('',#2179,#2178);
#2181=DIRECTION('',(7.071067811866E-1,7.071067811865E-1,0.E0));
#2182=VECTOR('',#2181,1.414213562373E-2);
#2183=CARTESIAN_POINT('',(-2.69E-1,-1.6E-1,2.175E-1));
#2184=LINE('',#2183,#2182);
#2185=DIRECTION('',(0.E0,0.E0,1.E0));
#2186=VECTOR('',#2185,4.E-2);
#2187=CARTESIAN_POINT('',(-2.59E-1,-1.5E-1,1.775E-1));
#2188=LINE('',#2187,#2186);
#2189=DIRECTION('',(0.E0,-1.E0,0.E0));
#2190=VECTOR('',#2189,2.05E-1);
#2191=CARTESIAN_POINT('',(-2.59E-1,5.5E-2,1.775E-1));
#2192=LINE('',#2191,#2190);
#2193=DIRECTION('',(-7.071067811865E-1,7.071067811865E-1,0.E0));
#2194=VECTOR('',#2193,1.414213562373E-2);
#2195=CARTESIAN_POINT('',(-1.31E-1,-1.6E-1,1.775E-1));
#2196=LINE('',#2195,#2194);
#2197=DIRECTION('',(-7.071067811865E-1,-7.071067811865E-1,0.E0));
#2198=VECTOR('',#2197,1.414213562373E-2);
#2199=CARTESIAN_POINT('',(-1.01E-1,-1.5E-1,1.775E-1));
#2200=LINE('',#2199,#2198);
#2201=DIRECTION('',(0.E0,-1.E0,0.E0));
#2202=VECTOR('',#2201,2.05E-1);
#2203=CARTESIAN_POINT('',(-1.41E-1,5.5E-2,1.775E-1));
#2204=LINE('',#2203,#2202);
#2205=DIRECTION('',(7.071067811865E-1,-7.071067811865E-1,0.E0));
#2206=VECTOR('',#2205,1.414213562373E-2);
#2207=CARTESIAN_POINT('',(-1.41E-1,-1.5E-1,2.175E-1));
#2208=LINE('',#2207,#2206);
#2209=DIRECTION('',(0.E0,-1.E0,0.E0));
#2210=VECTOR('',#2209,2.05E-1);
#2211=CARTESIAN_POINT('',(-1.01E-1,5.5E-2,2.175E-1));
#2212=LINE('',#2211,#2210);
#2213=DIRECTION('',(7.071067811865E-1,7.071067811865E-1,0.E0));
#2214=VECTOR('',#2213,1.414213562373E-2);
#2215=CARTESIAN_POINT('',(-1.11E-1,-1.6E-1,2.175E-1));
#2216=LINE('',#2215,#2214);
#2217=DIRECTION('',(0.E0,0.E0,-1.E0));
#2218=VECTOR('',#2217,4.E-2);
#2219=CARTESIAN_POINT('',(-1.41E-1,-1.5E-1,2.175E-1));
#2220=LINE('',#2219,#2218);
#2221=DIRECTION('',(0.E0,-1.E0,0.E0));
#2222=VECTOR('',#2221,2.05E-1);
#2223=CARTESIAN_POINT('',(-1.41E-1,5.5E-2,2.175E-1));
#2224=LINE('',#2223,#2222);
#2225=DIRECTION('',(0.E0,0.E0,1.E0));
#2226=VECTOR('',#2225,4.E-2);
#2227=CARTESIAN_POINT('',(-1.01E-1,-1.5E-1,1.775E-1));
#2228=LINE('',#2227,#2226);
#2229=DIRECTION('',(0.E0,-1.E0,0.E0));
#2230=VECTOR('',#2229,2.05E-1);
#2231=CARTESIAN_POINT('',(-1.01E-1,5.5E-2,1.775E-1));
#2232=LINE('',#2231,#2230);
#2233=DIRECTION('',(0.E0,0.E0,-1.E0));
#2234=VECTOR('',#2233,4.E-2);
#2235=CARTESIAN_POINT('',(5.01E-1,-1.5E-1,2.175E-1));
#2236=LINE('',#2235,#2234);
#2237=DIRECTION('',(0.E0,-1.E0,0.E0));
#2238=VECTOR('',#2237,2.05E-1);
#2239=CARTESIAN_POINT('',(5.01E-1,5.5E-2,2.175E-1));
#2240=LINE('',#2239,#2238);
#2241=DIRECTION('',(-7.071067811865E-1,7.071067811866E-1,0.E0));
#2242=VECTOR('',#2241,1.414213562373E-2);
#2243=CARTESIAN_POINT('',(5.11E-1,-1.6E-1,1.775E-1));
#2244=LINE('',#2243,#2242);
#2245=DIRECTION('',(-7.071067811866E-1,-7.071067811865E-1,0.E0));
#2246=VECTOR('',#2245,1.414213562373E-2);
#2247=CARTESIAN_POINT('',(5.41E-1,-1.5E-1,1.775E-1));
#2248=LINE('',#2247,#2246);
#2249=DIRECTION('',(0.E0,-1.E0,0.E0));
#2250=VECTOR('',#2249,2.05E-1);
#2251=CARTESIAN_POINT('',(5.01E-1,5.5E-2,1.775E-1));
#2252=LINE('',#2251,#2250);
#2253=DIRECTION('',(0.E0,0.E0,-1.E0));
#2254=VECTOR('',#2253,4.E-2);
#2255=CARTESIAN_POINT('',(5.11E-1,-1.6E-1,2.175E-1));
#2256=LINE('',#2255,#2254);
#2257=DIRECTION('',(-1.E0,0.E0,0.E0));
#2258=VECTOR('',#2257,2.E-2);
#2259=CARTESIAN_POINT('',(5.31E-1,-1.6E-1,2.175E-1));
#2260=LINE('',#2259,#2258);
#2261=DIRECTION('',(0.E0,0.E0,1.E0));
#2262=VECTOR('',#2261,4.E-2);
#2263=CARTESIAN_POINT('',(5.31E-1,-1.6E-1,1.775E-1));
#2264=LINE('',#2263,#2262);
#2265=DIRECTION('',(1.E0,0.E0,0.E0));
#2266=VECTOR('',#2265,2.E-2);
#2267=CARTESIAN_POINT('',(5.11E-1,-1.6E-1,1.775E-1));
#2268=LINE('',#2267,#2266);
#2269=DIRECTION('',(0.E0,0.E0,-1.E0));
#2270=VECTOR('',#2269,4.E-2);
#2271=CARTESIAN_POINT('',(6.69E-1,-1.6E-1,2.175E-1));
#2272=LINE('',#2271,#2270);
#2273=DIRECTION('',(-1.E0,0.E0,0.E0));
#2274=VECTOR('',#2273,2.E-2);
#2275=CARTESIAN_POINT('',(6.89E-1,-1.6E-1,2.175E-1));
#2276=LINE('',#2275,#2274);
#2277=DIRECTION('',(0.E0,0.E0,1.E0));
#2278=VECTOR('',#2277,4.E-2);
#2279=CARTESIAN_POINT('',(6.89E-1,-1.6E-1,1.775E-1));
#2280=LINE('',#2279,#2278);
#2281=DIRECTION('',(1.E0,0.E0,0.E0));
#2282=VECTOR('',#2281,2.E-2);
#2283=CARTESIAN_POINT('',(6.69E-1,-1.6E-1,1.775E-1));
#2284=LINE('',#2283,#2282);
#2285=DIRECTION('',(7.071067811865E-1,-7.071067811866E-1,0.E0));
#2286=VECTOR('',#2285,1.414213562373E-2);
#2287=CARTESIAN_POINT('',(5.01E-1,-1.5E-1,2.175E-1));
#2288=LINE('',#2287,#2286);
#2289=DIRECTION('',(0.E0,-1.E0,0.E0));
#2290=VECTOR('',#2289,2.05E-1);
#2291=CARTESIAN_POINT('',(5.41E-1,5.5E-2,2.175E-1));
#2292=LINE('',#2291,#2290);
#2293=DIRECTION('',(7.071067811866E-1,7.071067811865E-1,0.E0));
#2294=VECTOR('',#2293,1.414213562373E-2);
#2295=CARTESIAN_POINT('',(5.31E-1,-1.6E-1,2.175E-1));
#2296=LINE('',#2295,#2294);
#2297=DIRECTION('',(0.E0,0.E0,1.E0));
#2298=VECTOR('',#2297,4.E-2);
#2299=CARTESIAN_POINT('',(5.41E-1,-1.5E-1,1.775E-1));
#2300=LINE('',#2299,#2298);
#2301=DIRECTION('',(0.E0,-1.E0,0.E0));
#2302=VECTOR('',#2301,2.05E-1);
#2303=CARTESIAN_POINT('',(5.41E-1,5.5E-2,1.775E-1));
#2304=LINE('',#2303,#2302);
#2305=DIRECTION('',(-7.071067811865E-1,7.071067811865E-1,0.E0));
#2306=VECTOR('',#2305,1.414213562373E-2);
#2307=CARTESIAN_POINT('',(6.69E-1,-1.6E-1,1.775E-1));
#2308=LINE('',#2307,#2306);
#2309=DIRECTION('',(-7.071067811866E-1,-7.071067811865E-1,0.E0));
#2310=VECTOR('',#2309,1.414213562373E-2);
#2311=CARTESIAN_POINT('',(6.99E-1,-1.5E-1,1.775E-1));
#2312=LINE('',#2311,#2310);
#2313=DIRECTION('',(0.E0,-1.E0,0.E0));
#2314=VECTOR('',#2313,2.05E-1);
#2315=CARTESIAN_POINT('',(6.59E-1,5.5E-2,1.775E-1));
#2316=LINE('',#2315,#2314);
#2317=DIRECTION('',(7.071067811865E-1,-7.071067811865E-1,0.E0));
#2318=VECTOR('',#2317,1.414213562373E-2);
#2319=CARTESIAN_POINT('',(6.59E-1,-1.5E-1,2.175E-1));
#2320=LINE('',#2319,#2318);
#2321=DIRECTION('',(0.E0,-1.E0,0.E0));
#2322=VECTOR('',#2321,2.05E-1);
#2323=CARTESIAN_POINT('',(6.99E-1,5.5E-2,2.175E-1));
#2324=LINE('',#2323,#2322);
#2325=DIRECTION('',(7.071067811866E-1,7.071067811865E-1,0.E0));
#2326=VECTOR('',#2325,1.414213562373E-2);
#2327=CARTESIAN_POINT('',(6.89E-1,-1.6E-1,2.175E-1));
#2328=LINE('',#2327,#2326);
#2329=DIRECTION('',(0.E0,0.E0,-1.E0));
#2330=VECTOR('',#2329,4.E-2);
#2331=CARTESIAN_POINT('',(6.59E-1,-1.5E-1,2.175E-1));
#2332=LINE('',#2331,#2330);
#2333=DIRECTION('',(0.E0,-1.E0,0.E0));
#2334=VECTOR('',#2333,2.05E-1);
#2335=CARTESIAN_POINT('',(6.59E-1,5.5E-2,2.175E-1));
#2336=LINE('',#2335,#2334);
#2337=DIRECTION('',(0.E0,0.E0,1.E0));
#2338=VECTOR('',#2337,4.E-2);
#2339=CARTESIAN_POINT('',(6.99E-1,-1.5E-1,1.775E-1));
#2340=LINE('',#2339,#2338);
#2341=DIRECTION('',(0.E0,-1.E0,0.E0));
#2342=VECTOR('',#2341,2.05E-1);
#2343=CARTESIAN_POINT('',(6.99E-1,5.5E-2,1.775E-1));
#2344=LINE('',#2343,#2342);
#2345=CARTESIAN_POINT('',(-8.3E-1,5.5E-2,2.935E-1));
#2346=CARTESIAN_POINT('',(-8.3E-1,5.5E-2,-2.885E-1));
#2347=VERTEX_POINT('',#2345);
#2348=VERTEX_POINT('',#2346);
#2349=CARTESIAN_POINT('',(-8.3E-1,1.09E0,-2.795E-1));
#2350=VERTEX_POINT('',#2349);
#2351=CARTESIAN_POINT('',(-8.3E-1,1.09E0,-2.885E-1));
#2352=VERTEX_POINT('',#2351);
#2353=CARTESIAN_POINT('',(-8.3E-1,1.139E0,-2.885E-1));
#2354=VERTEX_POINT('',#2353);
#2355=CARTESIAN_POINT('',(-8.3E-1,1.15E0,-1.815E-1));
#2356=VERTEX_POINT('',#2355);
#2357=CARTESIAN_POINT('',(-8.3E-1,1.17E0,-1.815E-1));
#2358=VERTEX_POINT('',#2357);
#2359=CARTESIAN_POINT('',(-8.3E-1,1.17E0,1.815E-1));
#2360=VERTEX_POINT('',#2359);
#2361=CARTESIAN_POINT('',(-8.3E-1,1.15E0,1.815E-1));
#2362=VERTEX_POINT('',#2361);
#2363=CARTESIAN_POINT('',(-8.3E-1,1.139E0,2.935E-1));
#2364=VERTEX_POINT('',#2363);
#2365=CARTESIAN_POINT('',(-8.3E-1,1.09E0,2.935E-1));
#2366=VERTEX_POINT('',#2365);
#2367=CARTESIAN_POINT('',(-8.3E-1,1.09E0,2.685E-1));
#2368=VERTEX_POINT('',#2367);
#2369=CARTESIAN_POINT('',(-8.3E-1,6.91E-1,2.935E-1));
#2370=VERTEX_POINT('',#2369);
#2371=CARTESIAN_POINT('',(-8.3E-1,6.91E-1,4.515E-1));
#2372=VERTEX_POINT('',#2371);
#2373=CARTESIAN_POINT('',(-8.3E-1,1.8E-1,4.515E-1));
#2374=VERTEX_POINT('',#2373);
#2375=CARTESIAN_POINT('',(-8.3E-1,1.8E-1,2.935E-1));
#2376=VERTEX_POINT('',#2375);
#2377=CARTESIAN_POINT('',(8.3E-1,5.5E-2,2.935E-1));
#2378=CARTESIAN_POINT('',(8.3E-1,5.5E-2,-2.885E-1));
#2379=VERTEX_POINT('',#2377);
#2380=VERTEX_POINT('',#2378);
#2381=CARTESIAN_POINT('',(8.3E-1,1.09E0,-2.795E-1));
#2382=VERTEX_POINT('',#2381);
#2383=CARTESIAN_POINT('',(8.3E-1,1.09E0,-2.885E-1));
#2384=VERTEX_POINT('',#2383);
#2385=CARTESIAN_POINT('',(8.3E-1,1.139E0,-2.885E-1));
#2386=VERTEX_POINT('',#2385);
#2387=CARTESIAN_POINT('',(8.3E-1,1.15E0,-1.815E-1));
#2388=VERTEX_POINT('',#2387);
#2389=CARTESIAN_POINT('',(8.3E-1,1.17E0,-1.815E-1));
#2390=VERTEX_POINT('',#2389);
#2391=CARTESIAN_POINT('',(8.3E-1,1.17E0,1.815E-1));
#2392=VERTEX_POINT('',#2391);
#2393=CARTESIAN_POINT('',(8.3E-1,1.15E0,1.815E-1));
#2394=VERTEX_POINT('',#2393);
#2395=CARTESIAN_POINT('',(8.3E-1,1.139E0,2.935E-1));
#2396=VERTEX_POINT('',#2395);
#2397=CARTESIAN_POINT('',(8.3E-1,1.09E0,2.935E-1));
#2398=VERTEX_POINT('',#2397);
#2399=CARTESIAN_POINT('',(8.3E-1,1.09E0,2.685E-1));
#2400=VERTEX_POINT('',#2399);
#2401=CARTESIAN_POINT('',(8.3E-1,6.91E-1,2.935E-1));
#2402=VERTEX_POINT('',#2401);
#2403=CARTESIAN_POINT('',(8.3E-1,6.91E-1,4.515E-1));
#2404=VERTEX_POINT('',#2403);
#2405=CARTESIAN_POINT('',(8.3E-1,1.8E-1,4.515E-1));
#2406=VERTEX_POINT('',#2405);
#2407=CARTESIAN_POINT('',(8.3E-1,1.8E-1,2.935E-1));
#2408=VERTEX_POINT('',#2407);
#2409=CARTESIAN_POINT('',(-6.75E-1,0.E0,2.675E-1));
#2410=CARTESIAN_POINT('',(-7.665E-1,0.E0,2.675E-1));
#2411=VERTEX_POINT('',#2409);
#2412=VERTEX_POINT('',#2410);
#2413=CARTESIAN_POINT('',(-7.665E-1,0.E0,-2.765E-1));
#2414=VERTEX_POINT('',#2413);
#2415=CARTESIAN_POINT('',(-6.75E-1,0.E0,-2.765E-1));
#2416=VERTEX_POINT('',#2415);
#2417=CARTESIAN_POINT('',(-6.75E-1,0.E0,-2.415E-1));
#2418=VERTEX_POINT('',#2417);
#2419=CARTESIAN_POINT('',(-7.315E-1,0.E0,-2.415E-1));
#2420=VERTEX_POINT('',#2419);
#2421=CARTESIAN_POINT('',(-7.315E-1,0.E0,2.325E-1));
#2422=VERTEX_POINT('',#2421);
#2423=CARTESIAN_POINT('',(-6.75E-1,0.E0,2.325E-1));
#2424=VERTEX_POINT('',#2423);
#2425=CARTESIAN_POINT('',(-5.25E-1,0.E0,2.675E-1));
#2426=CARTESIAN_POINT('',(-5.25E-1,0.E0,2.325E-1));
#2427=VERTEX_POINT('',#2425);
#2428=VERTEX_POINT('',#2426);
#2429=CARTESIAN_POINT('',(-4.685E-1,0.E0,2.325E-1));
#2430=VERTEX_POINT('',#2429);
#2431=CARTESIAN_POINT('',(-4.685E-1,0.E0,-2.415E-1));
#2432=VERTEX_POINT('',#2431);
#2433=CARTESIAN_POINT('',(-5.25E-1,0.E0,-2.415E-1));
#2434=VERTEX_POINT('',#2433);
#2435=CARTESIAN_POINT('',(-5.25E-1,0.E0,-2.765E-1));
#2436=VERTEX_POINT('',#2435);
#2437=CARTESIAN_POINT('',(-4.335E-1,0.E0,-2.765E-1));
#2438=VERTEX_POINT('',#2437);
#2439=CARTESIAN_POINT('',(-4.335E-1,0.E0,2.675E-1));
#2440=VERTEX_POINT('',#2439);
#2441=CARTESIAN_POINT('',(-6.75E-1,5.5E-2,2.675E-1));
#2442=CARTESIAN_POINT('',(-7.665E-1,5.5E-2,2.675E-1));
#2443=VERTEX_POINT('',#2441);
#2444=VERTEX_POINT('',#2442);
#2445=CARTESIAN_POINT('',(-7.665E-1,5.5E-2,-2.765E-1));
#2446=VERTEX_POINT('',#2445);
#2447=CARTESIAN_POINT('',(-6.75E-1,5.5E-2,-2.765E-1));
#2448=VERTEX_POINT('',#2447);
#2449=CARTESIAN_POINT('',(-6.75E-1,5.5E-2,-2.415E-1));
#2450=VERTEX_POINT('',#2449);
#2451=CARTESIAN_POINT('',(-7.315E-1,5.5E-2,-2.415E-1));
#2452=VERTEX_POINT('',#2451);
#2453=CARTESIAN_POINT('',(-7.315E-1,5.5E-2,2.325E-1));
#2454=VERTEX_POINT('',#2453);
#2455=CARTESIAN_POINT('',(-6.75E-1,5.5E-2,2.325E-1));
#2456=VERTEX_POINT('',#2455);
#2457=CARTESIAN_POINT('',(-5.25E-1,5.5E-2,2.675E-1));
#2458=CARTESIAN_POINT('',(-5.25E-1,5.5E-2,2.325E-1));
#2459=VERTEX_POINT('',#2457);
#2460=VERTEX_POINT('',#2458);
#2461=CARTESIAN_POINT('',(-4.685E-1,5.5E-2,2.325E-1));
#2462=VERTEX_POINT('',#2461);
#2463=CARTESIAN_POINT('',(-4.685E-1,5.5E-2,-2.415E-1));
#2464=VERTEX_POINT('',#2463);
#2465=CARTESIAN_POINT('',(-5.25E-1,5.5E-2,-2.415E-1));
#2466=VERTEX_POINT('',#2465);
#2467=CARTESIAN_POINT('',(-5.25E-1,5.5E-2,-2.765E-1));
#2468=VERTEX_POINT('',#2467);
#2469=CARTESIAN_POINT('',(-4.335E-1,5.5E-2,-2.765E-1));
#2470=VERTEX_POINT('',#2469);
#2471=CARTESIAN_POINT('',(-4.335E-1,5.5E-2,2.675E-1));
#2472=VERTEX_POINT('',#2471);
#2473=CARTESIAN_POINT('',(-6.E-1,1.17E0,-1.36E-1));
#2474=CARTESIAN_POINT('',(-6.E-1,1.17E0,1.36E-1));
#2475=VERTEX_POINT('',#2473);
#2476=VERTEX_POINT('',#2474);
#2477=CARTESIAN_POINT('',(-6.E-1,1.015E0,-1.16E-1));
#2478=VERTEX_POINT('',#2477);
#2479=CARTESIAN_POINT('',(-6.E-1,1.015E0,1.16E-1));
#2480=VERTEX_POINT('',#2479);
#2481=CARTESIAN_POINT('',(-6.666539038832E-1,9.9E-1,9.493817513063E-2));
#2482=CARTESIAN_POINT('',(-5.050618248694E-1,9.9E-1,-6.665390388317E-2));
#2483=VERTEX_POINT('',#2481);
#2484=VERTEX_POINT('',#2482);
#2485=CARTESIAN_POINT('',(-5.333460961168E-1,9.9E-1,-9.493817513063E-2));
#2486=VERTEX_POINT('',#2485);
#2487=CARTESIAN_POINT('',(-6.949381751306E-1,9.9E-1,6.665390388317E-2));
#2488=VERTEX_POINT('',#2487);
#2489=CARTESIAN_POINT('',(-6.666539038832E-1,1.015E0,9.493817513063E-2));
#2490=CARTESIAN_POINT('',(-5.050618248694E-1,1.015E0,-6.665390388317E-2));
#2491=VERTEX_POINT('',#2489);
#2492=VERTEX_POINT('',#2490);
#2493=CARTESIAN_POINT('',(-5.333460961168E-1,1.015E0,-9.493817513063E-2));
#2494=VERTEX_POINT('',#2493);
#2495=CARTESIAN_POINT('',(-6.949381751306E-1,1.015E0,6.665390388317E-2));
#2496=VERTEX_POINT('',#2495);
#2497=CARTESIAN_POINT('',(-5.01E-1,5.5E-2,-2.225E-1));
#2498=CARTESIAN_POINT('',(-5.01E-1,5.5E-2,-1.825E-1));
#2499=VERTEX_POINT('',#2497);
#2500=VERTEX_POINT('',#2498);
#2501=CARTESIAN_POINT('',(-5.41E-1,5.5E-2,-1.825E-1));
#2502=VERTEX_POINT('',#2501);
#2503=CARTESIAN_POINT('',(-5.41E-1,5.5E-2,-2.225E-1));
#2504=VERTEX_POINT('',#2503);
#2505=CARTESIAN_POINT('',(-5.11E-1,-1.6E-1,-1.825E-1));
#2506=CARTESIAN_POINT('',(-5.01E-1,-1.5E-1,-1.825E-1));
#2507=VERTEX_POINT('',#2505);
#2508=VERTEX_POINT('',#2506);
#2509=CARTESIAN_POINT('',(-5.01E-1,-1.5E-1,-2.225E-1));
#2510=VERTEX_POINT('',#2509);
#2511=CARTESIAN_POINT('',(-5.11E-1,-1.6E-1,-2.225E-1));
#2512=VERTEX_POINT('',#2511);
#2513=CARTESIAN_POINT('',(-5.31E-1,-1.6E-1,-2.225E-1));
#2514=CARTESIAN_POINT('',(-5.41E-1,-1.5E-1,-2.225E-1));
#2515=VERTEX_POINT('',#2513);
#2516=VERTEX_POINT('',#2514);
#2517=CARTESIAN_POINT('',(-5.41E-1,-1.5E-1,-1.825E-1));
#2518=VERTEX_POINT('',#2517);
#2519=CARTESIAN_POINT('',(-5.31E-1,-1.6E-1,-1.825E-1));
#2520=VERTEX_POINT('',#2519);
#2521=CARTESIAN_POINT('',(-2.75E-1,0.E0,2.675E-1));
#2522=CARTESIAN_POINT('',(-3.665E-1,0.E0,2.675E-1));
#2523=VERTEX_POINT('',#2521);
#2524=VERTEX_POINT('',#2522);
#2525=CARTESIAN_POINT('',(-3.665E-1,0.E0,-2.765E-1));
#2526=VERTEX_POINT('',#2525);
#2527=CARTESIAN_POINT('',(-2.75E-1,0.E0,-2.765E-1));
#2528=VERTEX_POINT('',#2527);
#2529=CARTESIAN_POINT('',(-2.75E-1,0.E0,-2.415E-1));
#2530=VERTEX_POINT('',#2529);
#2531=CARTESIAN_POINT('',(-3.315E-1,0.E0,-2.415E-1));
#2532=VERTEX_POINT('',#2531);
#2533=CARTESIAN_POINT('',(-3.315E-1,0.E0,2.325E-1));
#2534=VERTEX_POINT('',#2533);
#2535=CARTESIAN_POINT('',(-2.75E-1,0.E0,2.325E-1));
#2536=VERTEX_POINT('',#2535);
#2537=CARTESIAN_POINT('',(-1.25E-1,0.E0,2.675E-1));
#2538=CARTESIAN_POINT('',(-1.25E-1,0.E0,2.325E-1));
#2539=VERTEX_POINT('',#2537);
#2540=VERTEX_POINT('',#2538);
#2541=CARTESIAN_POINT('',(-6.85E-2,0.E0,2.325E-1));
#2542=VERTEX_POINT('',#2541);
#2543=CARTESIAN_POINT('',(-6.85E-2,0.E0,-2.415E-1));
#2544=VERTEX_POINT('',#2543);
#2545=CARTESIAN_POINT('',(-1.25E-1,0.E0,-2.415E-1));
#2546=VERTEX_POINT('',#2545);
#2547=CARTESIAN_POINT('',(-1.25E-1,0.E0,-2.765E-1));
#2548=VERTEX_POINT('',#2547);
#2549=CARTESIAN_POINT('',(-3.35E-2,0.E0,-2.765E-1));
#2550=VERTEX_POINT('',#2549);
#2551=CARTESIAN_POINT('',(-3.35E-2,0.E0,2.675E-1));
#2552=VERTEX_POINT('',#2551);
#2553=CARTESIAN_POINT('',(-2.75E-1,5.5E-2,2.675E-1));
#2554=CARTESIAN_POINT('',(-3.665E-1,5.5E-2,2.675E-1));
#2555=VERTEX_POINT('',#2553);
#2556=VERTEX_POINT('',#2554);
#2557=CARTESIAN_POINT('',(-3.665E-1,5.5E-2,-2.765E-1));
#2558=VERTEX_POINT('',#2557);
#2559=CARTESIAN_POINT('',(-2.75E-1,5.5E-2,-2.765E-1));
#2560=VERTEX_POINT('',#2559);
#2561=CARTESIAN_POINT('',(-2.75E-1,5.5E-2,-2.415E-1));
#2562=VERTEX_POINT('',#2561);
#2563=CARTESIAN_POINT('',(-3.315E-1,5.5E-2,-2.415E-1));
#2564=VERTEX_POINT('',#2563);
#2565=CARTESIAN_POINT('',(-3.315E-1,5.5E-2,2.325E-1));
#2566=VERTEX_POINT('',#2565);
#2567=CARTESIAN_POINT('',(-2.75E-1,5.5E-2,2.325E-1));
#2568=VERTEX_POINT('',#2567);
#2569=CARTESIAN_POINT('',(-1.25E-1,5.5E-2,2.675E-1));
#2570=CARTESIAN_POINT('',(-1.25E-1,5.5E-2,2.325E-1));
#2571=VERTEX_POINT('',#2569);
#2572=VERTEX_POINT('',#2570);
#2573=CARTESIAN_POINT('',(-6.85E-2,5.5E-2,2.325E-1));
#2574=VERTEX_POINT('',#2573);
#2575=CARTESIAN_POINT('',(-6.85E-2,5.5E-2,-2.415E-1));
#2576=VERTEX_POINT('',#2575);
#2577=CARTESIAN_POINT('',(-1.25E-1,5.5E-2,-2.415E-1));
#2578=VERTEX_POINT('',#2577);
#2579=CARTESIAN_POINT('',(-1.25E-1,5.5E-2,-2.765E-1));
#2580=VERTEX_POINT('',#2579);
#2581=CARTESIAN_POINT('',(-3.35E-2,5.5E-2,-2.765E-1));
#2582=VERTEX_POINT('',#2581);
#2583=CARTESIAN_POINT('',(-3.35E-2,5.5E-2,2.675E-1));
#2584=VERTEX_POINT('',#2583);
#2585=CARTESIAN_POINT('',(1.25E-1,0.E0,2.675E-1));
#2586=CARTESIAN_POINT('',(3.35E-2,0.E0,2.675E-1));
#2587=VERTEX_POINT('',#2585);
#2588=VERTEX_POINT('',#2586);
#2589=CARTESIAN_POINT('',(3.35E-2,0.E0,-2.765E-1));
#2590=VERTEX_POINT('',#2589);
#2591=CARTESIAN_POINT('',(1.25E-1,0.E0,-2.765E-1));
#2592=VERTEX_POINT('',#2591);
#2593=CARTESIAN_POINT('',(1.25E-1,0.E0,-2.415E-1));
#2594=VERTEX_POINT('',#2593);
#2595=CARTESIAN_POINT('',(6.85E-2,0.E0,-2.415E-1));
#2596=VERTEX_POINT('',#2595);
#2597=CARTESIAN_POINT('',(6.85E-2,0.E0,2.325E-1));
#2598=VERTEX_POINT('',#2597);
#2599=CARTESIAN_POINT('',(1.25E-1,0.E0,2.325E-1));
#2600=VERTEX_POINT('',#2599);
#2601=CARTESIAN_POINT('',(2.75E-1,0.E0,2.675E-1));
#2602=CARTESIAN_POINT('',(2.75E-1,0.E0,2.325E-1));
#2603=VERTEX_POINT('',#2601);
#2604=VERTEX_POINT('',#2602);
#2605=CARTESIAN_POINT('',(3.315E-1,0.E0,2.325E-1));
#2606=VERTEX_POINT('',#2605);
#2607=CARTESIAN_POINT('',(3.315E-1,0.E0,-2.415E-1));
#2608=VERTEX_POINT('',#2607);
#2609=CARTESIAN_POINT('',(2.75E-1,0.E0,-2.415E-1));
#2610=VERTEX_POINT('',#2609);
#2611=CARTESIAN_POINT('',(2.75E-1,0.E0,-2.765E-1));
#2612=VERTEX_POINT('',#2611);
#2613=CARTESIAN_POINT('',(3.665E-1,0.E0,-2.765E-1));
#2614=VERTEX_POINT('',#2613);
#2615=CARTESIAN_POINT('',(3.665E-1,0.E0,2.675E-1));
#2616=VERTEX_POINT('',#2615);
#2617=CARTESIAN_POINT('',(1.25E-1,5.5E-2,2.675E-1));
#2618=CARTESIAN_POINT('',(3.35E-2,5.5E-2,2.675E-1));
#2619=VERTEX_POINT('',#2617);
#2620=VERTEX_POINT('',#2618);
#2621=CARTESIAN_POINT('',(3.35E-2,5.5E-2,-2.765E-1));
#2622=VERTEX_POINT('',#2621);
#2623=CARTESIAN_POINT('',(1.25E-1,5.5E-2,-2.765E-1));
#2624=VERTEX_POINT('',#2623);
#2625=CARTESIAN_POINT('',(1.25E-1,5.5E-2,-2.415E-1));
#2626=VERTEX_POINT('',#2625);
#2627=CARTESIAN_POINT('',(6.85E-2,5.5E-2,-2.415E-1));
#2628=VERTEX_POINT('',#2627);
#2629=CARTESIAN_POINT('',(6.85E-2,5.5E-2,2.325E-1));
#2630=VERTEX_POINT('',#2629);
#2631=CARTESIAN_POINT('',(1.25E-1,5.5E-2,2.325E-1));
#2632=VERTEX_POINT('',#2631);
#2633=CARTESIAN_POINT('',(2.75E-1,5.5E-2,2.675E-1));
#2634=CARTESIAN_POINT('',(2.75E-1,5.5E-2,2.325E-1));
#2635=VERTEX_POINT('',#2633);
#2636=VERTEX_POINT('',#2634);
#2637=CARTESIAN_POINT('',(3.315E-1,5.5E-2,2.325E-1));
#2638=VERTEX_POINT('',#2637);
#2639=CARTESIAN_POINT('',(3.315E-1,5.5E-2,-2.415E-1));
#2640=VERTEX_POINT('',#2639);
#2641=CARTESIAN_POINT('',(2.75E-1,5.5E-2,-2.415E-1));
#2642=VERTEX_POINT('',#2641);
#2643=CARTESIAN_POINT('',(2.75E-1,5.5E-2,-2.765E-1));
#2644=VERTEX_POINT('',#2643);
#2645=CARTESIAN_POINT('',(3.665E-1,5.5E-2,-2.765E-1));
#2646=VERTEX_POINT('',#2645);
#2647=CARTESIAN_POINT('',(3.665E-1,5.5E-2,2.675E-1));
#2648=VERTEX_POINT('',#2647);
#2649=CARTESIAN_POINT('',(-2.E-1,1.17E0,-1.36E-1));
#2650=CARTESIAN_POINT('',(-2.E-1,1.17E0,1.36E-1));
#2651=VERTEX_POINT('',#2649);
#2652=VERTEX_POINT('',#2650);
#2653=CARTESIAN_POINT('',(-2.E-1,1.015E0,-1.16E-1));
#2654=VERTEX_POINT('',#2653);
#2655=CARTESIAN_POINT('',(-2.E-1,1.015E0,1.16E-1));
#2656=VERTEX_POINT('',#2655);
#2657=CARTESIAN_POINT('',(2.E-1,1.17E0,-1.36E-1));
#2658=CARTESIAN_POINT('',(2.E-1,1.17E0,1.36E-1));
#2659=VERTEX_POINT('',#2657);
#2660=VERTEX_POINT('',#2658);
#2661=CARTESIAN_POINT('',(2.E-1,1.015E0,-1.16E-1));
#2662=VERTEX_POINT('',#2661);
#2663=CARTESIAN_POINT('',(2.E-1,1.015E0,1.16E-1));
#2664=VERTEX_POINT('',#2663);
#2665=CARTESIAN_POINT('',(-2.666539038832E-1,9.9E-1,9.493817513063E-2));
#2666=CARTESIAN_POINT('',(-1.050618248694E-1,9.9E-1,-6.665390388317E-2));
#2667=VERTEX_POINT('',#2665);
#2668=VERTEX_POINT('',#2666);
#2669=CARTESIAN_POINT('',(-1.333460961168E-1,9.9E-1,-9.493817513063E-2));
#2670=VERTEX_POINT('',#2669);
#2671=CARTESIAN_POINT('',(-2.949381751306E-1,9.9E-1,6.665390388317E-2));
#2672=VERTEX_POINT('',#2671);
#2673=CARTESIAN_POINT('',(-2.666539038832E-1,1.015E0,9.493817513063E-2));
#2674=CARTESIAN_POINT('',(-1.050618248694E-1,1.015E0,-6.665390388317E-2));
#2675=VERTEX_POINT('',#2673);
#2676=VERTEX_POINT('',#2674);
#2677=CARTESIAN_POINT('',(-1.333460961168E-1,1.015E0,-9.493817513063E-2));
#2678=VERTEX_POINT('',#2677);
#2679=CARTESIAN_POINT('',(-2.949381751306E-1,1.015E0,6.665390388317E-2));
#2680=VERTEX_POINT('',#2679);
#2681=CARTESIAN_POINT('',(1.333460961168E-1,9.9E-1,9.493817513063E-2));
#2682=CARTESIAN_POINT('',(2.949381751306E-1,9.9E-1,-6.665390388317E-2));
#2683=VERTEX_POINT('',#2681);
#2684=VERTEX_POINT('',#2682);
#2685=CARTESIAN_POINT('',(2.666539038832E-1,9.9E-1,-9.493817513063E-2));
#2686=VERTEX_POINT('',#2685);
#2687=CARTESIAN_POINT('',(1.050618248694E-1,9.9E-1,6.665390388317E-2));
#2688=VERTEX_POINT('',#2687);
#2689=CARTESIAN_POINT('',(1.333460961168E-1,1.015E0,9.493817513063E-2));
#2690=CARTESIAN_POINT('',(2.949381751306E-1,1.015E0,-6.665390388317E-2));
#2691=VERTEX_POINT('',#2689);
#2692=VERTEX_POINT('',#2690);
#2693=CARTESIAN_POINT('',(2.666539038832E-1,1.015E0,-9.493817513063E-2));
#2694=VERTEX_POINT('',#2693);
#2695=CARTESIAN_POINT('',(1.050618248694E-1,1.015E0,6.665390388317E-2));
#2696=VERTEX_POINT('',#2695);
#2697=CARTESIAN_POINT('',(5.25E-1,0.E0,2.675E-1));
#2698=CARTESIAN_POINT('',(4.335E-1,0.E0,2.675E-1));
#2699=VERTEX_POINT('',#2697);
#2700=VERTEX_POINT('',#2698);
#2701=CARTESIAN_POINT('',(4.335E-1,0.E0,-2.765E-1));
#2702=VERTEX_POINT('',#2701);
#2703=CARTESIAN_POINT('',(5.25E-1,0.E0,-2.765E-1));
#2704=VERTEX_POINT('',#2703);
#2705=CARTESIAN_POINT('',(5.25E-1,0.E0,-2.415E-1));
#2706=VERTEX_POINT('',#2705);
#2707=CARTESIAN_POINT('',(4.685E-1,0.E0,-2.415E-1));
#2708=VERTEX_POINT('',#2707);
#2709=CARTESIAN_POINT('',(4.685E-1,0.E0,2.325E-1));
#2710=VERTEX_POINT('',#2709);
#2711=CARTESIAN_POINT('',(5.25E-1,0.E0,2.325E-1));
#2712=VERTEX_POINT('',#2711);
#2713=CARTESIAN_POINT('',(6.75E-1,0.E0,2.675E-1));
#2714=CARTESIAN_POINT('',(6.75E-1,0.E0,2.325E-1));
#2715=VERTEX_POINT('',#2713);
#2716=VERTEX_POINT('',#2714);
#2717=CARTESIAN_POINT('',(7.315E-1,0.E0,2.325E-1));
#2718=VERTEX_POINT('',#2717);
#2719=CARTESIAN_POINT('',(7.315E-1,0.E0,-2.415E-1));
#2720=VERTEX_POINT('',#2719);
#2721=CARTESIAN_POINT('',(6.75E-1,0.E0,-2.415E-1));
#2722=VERTEX_POINT('',#2721);
#2723=CARTESIAN_POINT('',(6.75E-1,0.E0,-2.765E-1));
#2724=VERTEX_POINT('',#2723);
#2725=CARTESIAN_POINT('',(7.665E-1,0.E0,-2.765E-1));
#2726=VERTEX_POINT('',#2725);
#2727=CARTESIAN_POINT('',(7.665E-1,0.E0,2.675E-1));
#2728=VERTEX_POINT('',#2727);
#2729=CARTESIAN_POINT('',(5.25E-1,5.5E-2,2.675E-1));
#2730=CARTESIAN_POINT('',(4.335E-1,5.5E-2,2.675E-1));
#2731=VERTEX_POINT('',#2729);
#2732=VERTEX_POINT('',#2730);
#2733=CARTESIAN_POINT('',(4.335E-1,5.5E-2,-2.765E-1));
#2734=VERTEX_POINT('',#2733);
#2735=CARTESIAN_POINT('',(5.25E-1,5.5E-2,-2.765E-1));
#2736=VERTEX_POINT('',#2735);
#2737=CARTESIAN_POINT('',(5.25E-1,5.5E-2,-2.415E-1));
#2738=VERTEX_POINT('',#2737);
#2739=CARTESIAN_POINT('',(4.685E-1,5.5E-2,-2.415E-1));
#2740=VERTEX_POINT('',#2739);
#2741=CARTESIAN_POINT('',(4.685E-1,5.5E-2,2.325E-1));
#2742=VERTEX_POINT('',#2741);
#2743=CARTESIAN_POINT('',(5.25E-1,5.5E-2,2.325E-1));
#2744=VERTEX_POINT('',#2743);
#2745=CARTESIAN_POINT('',(6.75E-1,5.5E-2,2.675E-1));
#2746=CARTESIAN_POINT('',(6.75E-1,5.5E-2,2.325E-1));
#2747=VERTEX_POINT('',#2745);
#2748=VERTEX_POINT('',#2746);
#2749=CARTESIAN_POINT('',(7.315E-1,5.5E-2,2.325E-1));
#2750=VERTEX_POINT('',#2749);
#2751=CARTESIAN_POINT('',(7.315E-1,5.5E-2,-2.415E-1));
#2752=VERTEX_POINT('',#2751);
#2753=CARTESIAN_POINT('',(6.75E-1,5.5E-2,-2.415E-1));
#2754=VERTEX_POINT('',#2753);
#2755=CARTESIAN_POINT('',(6.75E-1,5.5E-2,-2.765E-1));
#2756=VERTEX_POINT('',#2755);
#2757=CARTESIAN_POINT('',(7.665E-1,5.5E-2,-2.765E-1));
#2758=VERTEX_POINT('',#2757);
#2759=CARTESIAN_POINT('',(7.665E-1,5.5E-2,2.675E-1));
#2760=VERTEX_POINT('',#2759);
#2761=CARTESIAN_POINT('',(6.E-1,1.17E0,-1.36E-1));
#2762=CARTESIAN_POINT('',(6.E-1,1.17E0,1.36E-1));
#2763=VERTEX_POINT('',#2761);
#2764=VERTEX_POINT('',#2762);
#2765=CARTESIAN_POINT('',(6.E-1,1.015E0,-1.16E-1));
#2766=VERTEX_POINT('',#2765);
#2767=CARTESIAN_POINT('',(6.E-1,1.015E0,1.16E-1));
#2768=VERTEX_POINT('',#2767);
#2769=CARTESIAN_POINT('',(5.333460961168E-1,9.9E-1,9.493817513063E-2));
#2770=CARTESIAN_POINT('',(6.949381751306E-1,9.9E-1,-6.665390388317E-2));
#2771=VERTEX_POINT('',#2769);
#2772=VERTEX_POINT('',#2770);
#2773=CARTESIAN_POINT('',(6.666539038832E-1,9.9E-1,-9.493817513063E-2));
#2774=VERTEX_POINT('',#2773);
#2775=CARTESIAN_POINT('',(5.050618248694E-1,9.9E-1,6.665390388317E-2));
#2776=VERTEX_POINT('',#2775);
#2777=CARTESIAN_POINT('',(5.333460961168E-1,1.015E0,9.493817513063E-2));
#2778=CARTESIAN_POINT('',(6.949381751306E-1,1.015E0,-6.665390388317E-2));
#2779=VERTEX_POINT('',#2777);
#2780=VERTEX_POINT('',#2778);
#2781=CARTESIAN_POINT('',(6.666539038832E-1,1.015E0,-9.493817513063E-2));
#2782=VERTEX_POINT('',#2781);
#2783=CARTESIAN_POINT('',(5.050618248694E-1,1.015E0,6.665390388317E-2));
#2784=VERTEX_POINT('',#2783);
#2785=CARTESIAN_POINT('',(-7.06E-1,4.93E-1,2.315E-1));
#2786=CARTESIAN_POINT('',(-7.06E-1,2.61E-1,2.315E-1));
#2787=VERTEX_POINT('',#2785);
#2788=VERTEX_POINT('',#2786);
#2789=CARTESIAN_POINT('',(-4.94E-1,2.61E-1,2.315E-1));
#2790=VERTEX_POINT('',#2789);
#2791=CARTESIAN_POINT('',(-4.94E-1,4.93E-1,2.315E-1));
#2792=VERTEX_POINT('',#2791);
#2793=CARTESIAN_POINT('',(-7.56E-1,5.49E-1,3.115E-1));
#2794=CARTESIAN_POINT('',(-7.56E-1,2.47E-1,3.115E-1));
#2795=VERTEX_POINT('',#2793);
#2796=VERTEX_POINT('',#2794);
#2797=CARTESIAN_POINT('',(-4.44E-1,2.47E-1,3.115E-1));
#2798=VERTEX_POINT('',#2797);
#2799=CARTESIAN_POINT('',(-4.44E-1,5.49E-1,3.115E-1));
#2800=VERTEX_POINT('',#2799);
#2801=CARTESIAN_POINT('',(-7.75E-1,6.49E-1,4.365E-1));
#2802=CARTESIAN_POINT('',(-7.75E-1,2.24E-1,4.365E-1));
#2803=VERTEX_POINT('',#2801);
#2804=VERTEX_POINT('',#2802);
#2805=CARTESIAN_POINT('',(-4.25E-1,2.24E-1,4.365E-1));
#2806=VERTEX_POINT('',#2805);
#2807=CARTESIAN_POINT('',(-4.25E-1,6.49E-1,4.365E-1));
#2808=VERTEX_POINT('',#2807);
#2809=CARTESIAN_POINT('',(-7.75E-1,6.49E-1,4.515E-1));
#2810=CARTESIAN_POINT('',(-7.75E-1,2.24E-1,4.515E-1));
#2811=VERTEX_POINT('',#2809);
#2812=VERTEX_POINT('',#2810);
#2813=CARTESIAN_POINT('',(-4.25E-1,2.24E-1,4.515E-1));
#2814=VERTEX_POINT('',#2813);
#2815=CARTESIAN_POINT('',(-4.25E-1,6.49E-1,4.515E-1));
#2816=VERTEX_POINT('',#2815);
#2817=CARTESIAN_POINT('',(-3.06E-1,4.93E-1,2.315E-1));
#2818=CARTESIAN_POINT('',(-3.06E-1,2.61E-1,2.315E-1));
#2819=VERTEX_POINT('',#2817);
#2820=VERTEX_POINT('',#2818);
#2821=CARTESIAN_POINT('',(-9.4E-2,2.61E-1,2.315E-1));
#2822=VERTEX_POINT('',#2821);
#2823=CARTESIAN_POINT('',(-9.4E-2,4.93E-1,2.315E-1));
#2824=VERTEX_POINT('',#2823);
#2825=CARTESIAN_POINT('',(-3.56E-1,5.49E-1,3.115E-1));
#2826=CARTESIAN_POINT('',(-3.56E-1,2.47E-1,3.115E-1));
#2827=VERTEX_POINT('',#2825);
#2828=VERTEX_POINT('',#2826);
#2829=CARTESIAN_POINT('',(-4.4E-2,2.47E-1,3.115E-1));
#2830=VERTEX_POINT('',#2829);
#2831=CARTESIAN_POINT('',(-4.4E-2,5.49E-1,3.115E-1));
#2832=VERTEX_POINT('',#2831);
#2833=CARTESIAN_POINT('',(-3.75E-1,6.49E-1,4.365E-1));
#2834=CARTESIAN_POINT('',(-3.75E-1,2.24E-1,4.365E-1));
#2835=VERTEX_POINT('',#2833);
#2836=VERTEX_POINT('',#2834);
#2837=CARTESIAN_POINT('',(-2.5E-2,2.24E-1,4.365E-1));
#2838=VERTEX_POINT('',#2837);
#2839=CARTESIAN_POINT('',(-2.5E-2,6.49E-1,4.365E-1));
#2840=VERTEX_POINT('',#2839);
#2841=CARTESIAN_POINT('',(-3.75E-1,6.49E-1,4.515E-1));
#2842=CARTESIAN_POINT('',(-3.75E-1,2.24E-1,4.515E-1));
#2843=VERTEX_POINT('',#2841);
#2844=VERTEX_POINT('',#2842);
#2845=CARTESIAN_POINT('',(-2.5E-2,2.24E-1,4.515E-1));
#2846=VERTEX_POINT('',#2845);
#2847=CARTESIAN_POINT('',(-2.5E-2,6.49E-1,4.515E-1));
#2848=VERTEX_POINT('',#2847);
#2849=CARTESIAN_POINT('',(9.4E-2,4.93E-1,2.315E-1));
#2850=CARTESIAN_POINT('',(9.4E-2,2.61E-1,2.315E-1));
#2851=VERTEX_POINT('',#2849);
#2852=VERTEX_POINT('',#2850);
#2853=CARTESIAN_POINT('',(3.06E-1,2.61E-1,2.315E-1));
#2854=VERTEX_POINT('',#2853);
#2855=CARTESIAN_POINT('',(3.06E-1,4.93E-1,2.315E-1));
#2856=VERTEX_POINT('',#2855);
#2857=CARTESIAN_POINT('',(4.4E-2,5.49E-1,3.115E-1));
#2858=CARTESIAN_POINT('',(4.4E-2,2.47E-1,3.115E-1));
#2859=VERTEX_POINT('',#2857);
#2860=VERTEX_POINT('',#2858);
#2861=CARTESIAN_POINT('',(3.56E-1,2.47E-1,3.115E-1));
#2862=VERTEX_POINT('',#2861);
#2863=CARTESIAN_POINT('',(3.56E-1,5.49E-1,3.115E-1));
#2864=VERTEX_POINT('',#2863);
#2865=CARTESIAN_POINT('',(2.5E-2,6.49E-1,4.365E-1));
#2866=CARTESIAN_POINT('',(2.5E-2,2.24E-1,4.365E-1));
#2867=VERTEX_POINT('',#2865);
#2868=VERTEX_POINT('',#2866);
#2869=CARTESIAN_POINT('',(3.75E-1,2.24E-1,4.365E-1));
#2870=VERTEX_POINT('',#2869);
#2871=CARTESIAN_POINT('',(3.75E-1,6.49E-1,4.365E-1));
#2872=VERTEX_POINT('',#2871);
#2873=CARTESIAN_POINT('',(2.5E-2,6.49E-1,4.515E-1));
#2874=CARTESIAN_POINT('',(2.5E-2,2.24E-1,4.515E-1));
#2875=VERTEX_POINT('',#2873);
#2876=VERTEX_POINT('',#2874);
#2877=CARTESIAN_POINT('',(3.75E-1,2.24E-1,4.515E-1));
#2878=VERTEX_POINT('',#2877);
#2879=CARTESIAN_POINT('',(3.75E-1,6.49E-1,4.515E-1));
#2880=VERTEX_POINT('',#2879);
#2881=CARTESIAN_POINT('',(4.94E-1,4.93E-1,2.315E-1));
#2882=CARTESIAN_POINT('',(4.94E-1,2.61E-1,2.315E-1));
#2883=VERTEX_POINT('',#2881);
#2884=VERTEX_POINT('',#2882);
#2885=CARTESIAN_POINT('',(7.06E-1,2.61E-1,2.315E-1));
#2886=VERTEX_POINT('',#2885);
#2887=CARTESIAN_POINT('',(7.06E-1,4.93E-1,2.315E-1));
#2888=VERTEX_POINT('',#2887);
#2889=CARTESIAN_POINT('',(4.44E-1,5.49E-1,3.115E-1));
#2890=CARTESIAN_POINT('',(4.44E-1,2.47E-1,3.115E-1));
#2891=VERTEX_POINT('',#2889);
#2892=VERTEX_POINT('',#2890);
#2893=CARTESIAN_POINT('',(7.56E-1,2.47E-1,3.115E-1));
#2894=VERTEX_POINT('',#2893);
#2895=CARTESIAN_POINT('',(7.56E-1,5.49E-1,3.115E-1));
#2896=VERTEX_POINT('',#2895);
#2897=CARTESIAN_POINT('',(4.25E-1,6.49E-1,4.365E-1));
#2898=CARTESIAN_POINT('',(4.25E-1,2.24E-1,4.365E-1));
#2899=VERTEX_POINT('',#2897);
#2900=VERTEX_POINT('',#2898);
#2901=CARTESIAN_POINT('',(7.75E-1,2.24E-1,4.365E-1));
#2902=VERTEX_POINT('',#2901);
#2903=CARTESIAN_POINT('',(7.75E-1,6.49E-1,4.365E-1));
#2904=VERTEX_POINT('',#2903);
#2905=CARTESIAN_POINT('',(4.25E-1,6.49E-1,4.515E-1));
#2906=CARTESIAN_POINT('',(4.25E-1,2.24E-1,4.515E-1));
#2907=VERTEX_POINT('',#2905);
#2908=VERTEX_POINT('',#2906);
#2909=CARTESIAN_POINT('',(7.75E-1,2.24E-1,4.515E-1));
#2910=VERTEX_POINT('',#2909);
#2911=CARTESIAN_POINT('',(7.75E-1,6.49E-1,4.515E-1));
#2912=VERTEX_POINT('',#2911);
#2913=CARTESIAN_POINT('',(-6.99E-1,5.5E-2,-2.225E-1));
#2914=CARTESIAN_POINT('',(-6.59E-1,5.5E-2,-2.225E-1));
#2915=VERTEX_POINT('',#2913);
#2916=VERTEX_POINT('',#2914);
#2917=CARTESIAN_POINT('',(-6.59E-1,5.5E-2,-1.825E-1));
#2918=VERTEX_POINT('',#2917);
#2919=CARTESIAN_POINT('',(-6.99E-1,5.5E-2,-1.825E-1));
#2920=VERTEX_POINT('',#2919);
#2921=CARTESIAN_POINT('',(-6.69E-1,-1.6E-1,-1.825E-1));
#2922=CARTESIAN_POINT('',(-6.59E-1,-1.5E-1,-1.825E-1));
#2923=VERTEX_POINT('',#2921);
#2924=VERTEX_POINT('',#2922);
#2925=CARTESIAN_POINT('',(-6.59E-1,-1.5E-1,-2.225E-1));
#2926=VERTEX_POINT('',#2925);
#2927=CARTESIAN_POINT('',(-6.69E-1,-1.6E-1,-2.225E-1));
#2928=VERTEX_POINT('',#2927);
#2929=CARTESIAN_POINT('',(-6.89E-1,-1.6E-1,-2.225E-1));
#2930=CARTESIAN_POINT('',(-6.99E-1,-1.5E-1,-2.225E-1));
#2931=VERTEX_POINT('',#2929);
#2932=VERTEX_POINT('',#2930);
#2933=CARTESIAN_POINT('',(-6.99E-1,-1.5E-1,-1.825E-1));
#2934=VERTEX_POINT('',#2933);
#2935=CARTESIAN_POINT('',(-6.89E-1,-1.6E-1,-1.825E-1));
#2936=VERTEX_POINT('',#2935);
#2937=CARTESIAN_POINT('',(2.99E-1,5.5E-2,-2.225E-1));
#2938=CARTESIAN_POINT('',(2.99E-1,5.5E-2,-1.825E-1));
#2939=VERTEX_POINT('',#2937);
#2940=VERTEX_POINT('',#2938);
#2941=CARTESIAN_POINT('',(2.59E-1,5.5E-2,-1.825E-1));
#2942=VERTEX_POINT('',#2941);
#2943=CARTESIAN_POINT('',(2.59E-1,5.5E-2,-2.225E-1));
#2944=VERTEX_POINT('',#2943);
#2945=CARTESIAN_POINT('',(1.01E-1,5.5E-2,-2.225E-1));
#2946=CARTESIAN_POINT('',(1.41E-1,5.5E-2,-2.225E-1));
#2947=VERTEX_POINT('',#2945);
#2948=VERTEX_POINT('',#2946);
#2949=CARTESIAN_POINT('',(1.41E-1,5.5E-2,-1.825E-1));
#2950=VERTEX_POINT('',#2949);
#2951=CARTESIAN_POINT('',(1.01E-1,5.5E-2,-1.825E-1));
#2952=VERTEX_POINT('',#2951);
#2953=CARTESIAN_POINT('',(1.31E-1,-1.6E-1,-1.825E-1));
#2954=CARTESIAN_POINT('',(1.41E-1,-1.5E-1,-1.825E-1));
#2955=VERTEX_POINT('',#2953);
#2956=VERTEX_POINT('',#2954);
#2957=CARTESIAN_POINT('',(1.41E-1,-1.5E-1,-2.225E-1));
#2958=VERTEX_POINT('',#2957);
#2959=CARTESIAN_POINT('',(1.31E-1,-1.6E-1,-2.225E-1));
#2960=VERTEX_POINT('',#2959);
#2961=CARTESIAN_POINT('',(1.11E-1,-1.6E-1,-2.225E-1));
#2962=CARTESIAN_POINT('',(1.01E-1,-1.5E-1,-2.225E-1));
#2963=VERTEX_POINT('',#2961);
#2964=VERTEX_POINT('',#2962);
#2965=CARTESIAN_POINT('',(1.01E-1,-1.5E-1,-1.825E-1));
#2966=VERTEX_POINT('',#2965);
#2967=CARTESIAN_POINT('',(1.11E-1,-1.6E-1,-1.825E-1));
#2968=VERTEX_POINT('',#2967);
#2969=CARTESIAN_POINT('',(2.89E-1,-1.6E-1,-1.825E-1));
#2970=CARTESIAN_POINT('',(2.99E-1,-1.5E-1,-1.825E-1));
#2971=VERTEX_POINT('',#2969);
#2972=VERTEX_POINT('',#2970);
#2973=CARTESIAN_POINT('',(2.99E-1,-1.5E-1,-2.225E-1));
#2974=VERTEX_POINT('',#2973);
#2975=CARTESIAN_POINT('',(2.89E-1,-1.6E-1,-2.225E-1));
#2976=VERTEX_POINT('',#2975);
#2977=CARTESIAN_POINT('',(2.69E-1,-1.6E-1,-2.225E-1));
#2978=CARTESIAN_POINT('',(2.59E-1,-1.5E-1,-2.225E-1));
#2979=VERTEX_POINT('',#2977);
#2980=VERTEX_POINT('',#2978);
#2981=CARTESIAN_POINT('',(2.59E-1,-1.5E-1,-1.825E-1));
#2982=VERTEX_POINT('',#2981);
#2983=CARTESIAN_POINT('',(2.69E-1,-1.6E-1,-1.825E-1));
#2984=VERTEX_POINT('',#2983);
#2985=CARTESIAN_POINT('',(-2.99E-1,5.5E-2,2.175E-1));
#2986=CARTESIAN_POINT('',(-2.99E-1,5.5E-2,1.775E-1));
#2987=VERTEX_POINT('',#2985);
#2988=VERTEX_POINT('',#2986);
#2989=CARTESIAN_POINT('',(-2.59E-1,5.5E-2,1.775E-1));
#2990=VERTEX_POINT('',#2989);
#2991=CARTESIAN_POINT('',(-2.59E-1,5.5E-2,2.175E-1));
#2992=VERTEX_POINT('',#2991);
#2993=CARTESIAN_POINT('',(-1.01E-1,5.5E-2,2.175E-1));
#2994=CARTESIAN_POINT('',(-1.41E-1,5.5E-2,2.175E-1));
#2995=VERTEX_POINT('',#2993);
#2996=VERTEX_POINT('',#2994);
#2997=CARTESIAN_POINT('',(-1.41E-1,5.5E-2,1.775E-1));
#2998=VERTEX_POINT('',#2997);
#2999=CARTESIAN_POINT('',(-1.01E-1,5.5E-2,1.775E-1));
#3000=VERTEX_POINT('',#2999);
#3001=CARTESIAN_POINT('',(-2.89E-1,-1.6E-1,1.775E-1));
#3002=CARTESIAN_POINT('',(-2.99E-1,-1.5E-1,1.775E-1));
#3003=VERTEX_POINT('',#3001);
#3004=VERTEX_POINT('',#3002);
#3005=CARTESIAN_POINT('',(-2.99E-1,-1.5E-1,2.175E-1));
#3006=VERTEX_POINT('',#3005);
#3007=CARTESIAN_POINT('',(-2.89E-1,-1.6E-1,2.175E-1));
#3008=VERTEX_POINT('',#3007);
#3009=CARTESIAN_POINT('',(-2.69E-1,-1.6E-1,2.175E-1));
#3010=CARTESIAN_POINT('',(-2.59E-1,-1.5E-1,2.175E-1));
#3011=VERTEX_POINT('',#3009);
#3012=VERTEX_POINT('',#3010);
#3013=CARTESIAN_POINT('',(-2.59E-1,-1.5E-1,1.775E-1));
#3014=VERTEX_POINT('',#3013);
#3015=CARTESIAN_POINT('',(-2.69E-1,-1.6E-1,1.775E-1));
#3016=VERTEX_POINT('',#3015);
#3017=CARTESIAN_POINT('',(-1.31E-1,-1.6E-1,1.775E-1));
#3018=CARTESIAN_POINT('',(-1.41E-1,-1.5E-1,1.775E-1));
#3019=VERTEX_POINT('',#3017);
#3020=VERTEX_POINT('',#3018);
#3021=CARTESIAN_POINT('',(-1.41E-1,-1.5E-1,2.175E-1));
#3022=VERTEX_POINT('',#3021);
#3023=CARTESIAN_POINT('',(-1.31E-1,-1.6E-1,2.175E-1));
#3024=VERTEX_POINT('',#3023);
#3025=CARTESIAN_POINT('',(-1.11E-1,-1.6E-1,2.175E-1));
#3026=CARTESIAN_POINT('',(-1.01E-1,-1.5E-1,2.175E-1));
#3027=VERTEX_POINT('',#3025);
#3028=VERTEX_POINT('',#3026);
#3029=CARTESIAN_POINT('',(-1.01E-1,-1.5E-1,1.775E-1));
#3030=VERTEX_POINT('',#3029);
#3031=CARTESIAN_POINT('',(-1.11E-1,-1.6E-1,1.775E-1));
#3032=VERTEX_POINT('',#3031);
#3033=CARTESIAN_POINT('',(5.01E-1,5.5E-2,2.175E-1));
#3034=CARTESIAN_POINT('',(5.01E-1,5.5E-2,1.775E-1));
#3035=VERTEX_POINT('',#3033);
#3036=VERTEX_POINT('',#3034);
#3037=CARTESIAN_POINT('',(5.41E-1,5.5E-2,1.775E-1));
#3038=VERTEX_POINT('',#3037);
#3039=CARTESIAN_POINT('',(5.41E-1,5.5E-2,2.175E-1));
#3040=VERTEX_POINT('',#3039);
#3041=CARTESIAN_POINT('',(6.99E-1,5.5E-2,2.175E-1));
#3042=CARTESIAN_POINT('',(6.59E-1,5.5E-2,2.175E-1));
#3043=VERTEX_POINT('',#3041);
#3044=VERTEX_POINT('',#3042);
#3045=CARTESIAN_POINT('',(6.59E-1,5.5E-2,1.775E-1));
#3046=VERTEX_POINT('',#3045);
#3047=CARTESIAN_POINT('',(6.99E-1,5.5E-2,1.775E-1));
#3048=VERTEX_POINT('',#3047);
#3049=CARTESIAN_POINT('',(5.11E-1,-1.6E-1,1.775E-1));
#3050=CARTESIAN_POINT('',(5.01E-1,-1.5E-1,1.775E-1));
#3051=VERTEX_POINT('',#3049);
#3052=VERTEX_POINT('',#3050);
#3053=CARTESIAN_POINT('',(5.01E-1,-1.5E-1,2.175E-1));
#3054=VERTEX_POINT('',#3053);
#3055=CARTESIAN_POINT('',(5.11E-1,-1.6E-1,2.175E-1));
#3056=VERTEX_POINT('',#3055);
#3057=CARTESIAN_POINT('',(5.31E-1,-1.6E-1,2.175E-1));
#3058=CARTESIAN_POINT('',(5.41E-1,-1.5E-1,2.175E-1));
#3059=VERTEX_POINT('',#3057);
#3060=VERTEX_POINT('',#3058);
#3061=CARTESIAN_POINT('',(5.41E-1,-1.5E-1,1.775E-1));
#3062=VERTEX_POINT('',#3061);
#3063=CARTESIAN_POINT('',(5.31E-1,-1.6E-1,1.775E-1));
#3064=VERTEX_POINT('',#3063);
#3065=CARTESIAN_POINT('',(6.69E-1,-1.6E-1,1.775E-1));
#3066=CARTESIAN_POINT('',(6.59E-1,-1.5E-1,1.775E-1));
#3067=VERTEX_POINT('',#3065);
#3068=VERTEX_POINT('',#3066);
#3069=CARTESIAN_POINT('',(6.59E-1,-1.5E-1,2.175E-1));
#3070=VERTEX_POINT('',#3069);
#3071=CARTESIAN_POINT('',(6.69E-1,-1.6E-1,2.175E-1));
#3072=VERTEX_POINT('',#3071);
#3073=CARTESIAN_POINT('',(6.89E-1,-1.6E-1,2.175E-1));
#3074=CARTESIAN_POINT('',(6.99E-1,-1.5E-1,2.175E-1));
#3075=VERTEX_POINT('',#3073);
#3076=VERTEX_POINT('',#3074);
#3077=CARTESIAN_POINT('',(6.99E-1,-1.5E-1,1.775E-1));
#3078=VERTEX_POINT('',#3077);
#3079=CARTESIAN_POINT('',(6.89E-1,-1.6E-1,1.775E-1));
#3080=VERTEX_POINT('',#3079);
#3081=CARTESIAN_POINT('',(-8.3E-1,0.E0,0.E0));
#3082=DIRECTION('',(1.E0,0.E0,0.E0));
#3083=DIRECTION('',(0.E0,0.E0,-1.E0));
#3084=AXIS2_PLACEMENT_3D('',#3081,#3082,#3083);
#3085=PLANE('',#3084);
#3087=ORIENTED_EDGE('',*,*,#3086,.T.);
#3089=ORIENTED_EDGE('',*,*,#3088,.T.);
#3091=ORIENTED_EDGE('',*,*,#3090,.T.);
#3093=ORIENTED_EDGE('',*,*,#3092,.T.);
#3095=ORIENTED_EDGE('',*,*,#3094,.T.);
#3097=ORIENTED_EDGE('',*,*,#3096,.T.);
#3099=ORIENTED_EDGE('',*,*,#3098,.T.);
#3101=ORIENTED_EDGE('',*,*,#3100,.T.);
#3103=ORIENTED_EDGE('',*,*,#3102,.T.);
#3105=ORIENTED_EDGE('',*,*,#3104,.T.);
#3107=ORIENTED_EDGE('',*,*,#3106,.T.);
#3109=ORIENTED_EDGE('',*,*,#3108,.T.);
#3111=ORIENTED_EDGE('',*,*,#3110,.T.);
#3113=ORIENTED_EDGE('',*,*,#3112,.T.);
#3115=ORIENTED_EDGE('',*,*,#3114,.T.);
#3117=ORIENTED_EDGE('',*,*,#3116,.T.);
#3118=EDGE_LOOP('',(#3087,#3089,#3091,#3093,#3095,#3097,#3099,#3101,#3103,#3105,
#3107,#3109,#3111,#3113,#3115,#3117));
#3119=FACE_OUTER_BOUND('',#3118,.F.);
#3120=ADVANCED_FACE('',(#3119),#3085,.F.);
#3121=CARTESIAN_POINT('',(-8.3E-1,5.5E-2,2.935E-1));
#3122=DIRECTION('',(0.E0,-1.E0,0.E0));
#3123=DIRECTION('',(0.E0,0.E0,-1.E0));
#3124=AXIS2_PLACEMENT_3D('',#3121,#3122,#3123);
#3125=PLANE('',#3124);
#3126=ORIENTED_EDGE('',*,*,#3086,.F.);
#3128=ORIENTED_EDGE('',*,*,#3127,.T.);
#3130=ORIENTED_EDGE('',*,*,#3129,.T.);
#3132=ORIENTED_EDGE('',*,*,#3131,.F.);
#3133=EDGE_LOOP('',(#3126,#3128,#3130,#3132));
#3134=FACE_OUTER_BOUND('',#3133,.F.);
#3136=ORIENTED_EDGE('',*,*,#3135,.T.);
#3138=ORIENTED_EDGE('',*,*,#3137,.T.);
#3140=ORIENTED_EDGE('',*,*,#3139,.T.);
#3142=ORIENTED_EDGE('',*,*,#3141,.T.);
#3144=ORIENTED_EDGE('',*,*,#3143,.T.);
#3146=ORIENTED_EDGE('',*,*,#3145,.T.);
#3148=ORIENTED_EDGE('',*,*,#3147,.T.);
#3150=ORIENTED_EDGE('',*,*,#3149,.T.);
#3151=EDGE_LOOP('',(#3136,#3138,#3140,#3142,#3144,#3146,#3148,#3150));
#3152=FACE_BOUND('',#3151,.F.);
#3154=ORIENTED_EDGE('',*,*,#3153,.T.);
#3156=ORIENTED_EDGE('',*,*,#3155,.T.);
#3158=ORIENTED_EDGE('',*,*,#3157,.T.);
#3160=ORIENTED_EDGE('',*,*,#3159,.T.);
#3162=ORIENTED_EDGE('',*,*,#3161,.T.);
#3164=ORIENTED_EDGE('',*,*,#3163,.T.);
#3166=ORIENTED_EDGE('',*,*,#3165,.T.);
#3168=ORIENTED_EDGE('',*,*,#3167,.T.);
#3169=EDGE_LOOP('',(#3154,#3156,#3158,#3160,#3162,#3164,#3166,#3168));
#3170=FACE_BOUND('',#3169,.F.);
#3172=ORIENTED_EDGE('',*,*,#3171,.T.);
#3174=ORIENTED_EDGE('',*,*,#3173,.T.);
#3176=ORIENTED_EDGE('',*,*,#3175,.T.);
#3178=ORIENTED_EDGE('',*,*,#3177,.T.);
#3180=ORIENTED_EDGE('',*,*,#3179,.T.);
#3182=ORIENTED_EDGE('',*,*,#3181,.T.);
#3184=ORIENTED_EDGE('',*,*,#3183,.T.);
#3186=ORIENTED_EDGE('',*,*,#3185,.T.);
#3187=EDGE_LOOP('',(#3172,#3174,#3176,#3178,#3180,#3182,#3184,#3186));
#3188=FACE_BOUND('',#3187,.F.);
#3190=ORIENTED_EDGE('',*,*,#3189,.T.);
#3192=ORIENTED_EDGE('',*,*,#3191,.T.);
#3194=ORIENTED_EDGE('',*,*,#3193,.T.);
#3196=ORIENTED_EDGE('',*,*,#3195,.T.);
#3198=ORIENTED_EDGE('',*,*,#3197,.T.);
#3200=ORIENTED_EDGE('',*,*,#3199,.T.);
#3202=ORIENTED_EDGE('',*,*,#3201,.T.);
#3204=ORIENTED_EDGE('',*,*,#3203,.T.);
#3205=EDGE_LOOP('',(#3190,#3192,#3194,#3196,#3198,#3200,#3202,#3204));
#3206=FACE_BOUND('',#3205,.F.);
#3208=ORIENTED_EDGE('',*,*,#3207,.T.);
#3210=ORIENTED_EDGE('',*,*,#3209,.T.);
#3212=ORIENTED_EDGE('',*,*,#3211,.T.);
#3214=ORIENTED_EDGE('',*,*,#3213,.T.);
#3216=ORIENTED_EDGE('',*,*,#3215,.T.);
#3218=ORIENTED_EDGE('',*,*,#3217,.T.);
#3220=ORIENTED_EDGE('',*,*,#3219,.T.);
#3222=ORIENTED_EDGE('',*,*,#3221,.T.);
#3223=EDGE_LOOP('',(#3208,#3210,#3212,#3214,#3216,#3218,#3220,#3222));
#3224=FACE_BOUND('',#3223,.F.);
#3226=ORIENTED_EDGE('',*,*,#3225,.T.);
#3228=ORIENTED_EDGE('',*,*,#3227,.T.);
#3230=ORIENTED_EDGE('',*,*,#3229,.T.);
#3232=ORIENTED_EDGE('',*,*,#3231,.T.);
#3234=ORIENTED_EDGE('',*,*,#3233,.T.);
#3236=ORIENTED_EDGE('',*,*,#3235,.T.);
#3238=ORIENTED_EDGE('',*,*,#3237,.T.);
#3240=ORIENTED_EDGE('',*,*,#3239,.T.);
#3241=EDGE_LOOP('',(#3226,#3228,#3230,#3232,#3234,#3236,#3238,#3240));
#3242=FACE_BOUND('',#3241,.F.);
#3244=ORIENTED_EDGE('',*,*,#3243,.T.);
#3246=ORIENTED_EDGE('',*,*,#3245,.T.);
#3248=ORIENTED_EDGE('',*,*,#3247,.T.);
#3250=ORIENTED_EDGE('',*,*,#3249,.T.);
#3252=ORIENTED_EDGE('',*,*,#3251,.T.);
#3254=ORIENTED_EDGE('',*,*,#3253,.T.);
#3256=ORIENTED_EDGE('',*,*,#3255,.T.);
#3258=ORIENTED_EDGE('',*,*,#3257,.T.);
#3259=EDGE_LOOP('',(#3244,#3246,#3248,#3250,#3252,#3254,#3256,#3258));
#3260=FACE_BOUND('',#3259,.F.);
#3262=ORIENTED_EDGE('',*,*,#3261,.T.);
#3264=ORIENTED_EDGE('',*,*,#3263,.T.);
#3266=ORIENTED_EDGE('',*,*,#3265,.T.);
#3268=ORIENTED_EDGE('',*,*,#3267,.T.);
#3270=ORIENTED_EDGE('',*,*,#3269,.T.);
#3272=ORIENTED_EDGE('',*,*,#3271,.T.);
#3274=ORIENTED_EDGE('',*,*,#3273,.T.);
#3276=ORIENTED_EDGE('',*,*,#3275,.T.);
#3277=EDGE_LOOP('',(#3262,#3264,#3266,#3268,#3270,#3272,#3274,#3276));
#3278=FACE_BOUND('',#3277,.F.);
#3280=ORIENTED_EDGE('',*,*,#3279,.T.);
#3282=ORIENTED_EDGE('',*,*,#3281,.T.);
#3284=ORIENTED_EDGE('',*,*,#3283,.T.);
#3286=ORIENTED_EDGE('',*,*,#3285,.T.);
#3287=EDGE_LOOP('',(#3280,#3282,#3284,#3286));
#3288=FACE_BOUND('',#3287,.F.);
#3290=ORIENTED_EDGE('',*,*,#3289,.T.);
#3292=ORIENTED_EDGE('',*,*,#3291,.T.);
#3294=ORIENTED_EDGE('',*,*,#3293,.T.);
#3296=ORIENTED_EDGE('',*,*,#3295,.T.);
#3297=EDGE_LOOP('',(#3290,#3292,#3294,#3296));
#3298=FACE_BOUND('',#3297,.F.);
#3300=ORIENTED_EDGE('',*,*,#3299,.T.);
#3302=ORIENTED_EDGE('',*,*,#3301,.T.);
#3304=ORIENTED_EDGE('',*,*,#3303,.T.);
#3306=ORIENTED_EDGE('',*,*,#3305,.T.);
#3307=EDGE_LOOP('',(#3300,#3302,#3304,#3306));
#3308=FACE_BOUND('',#3307,.F.);
#3310=ORIENTED_EDGE('',*,*,#3309,.T.);
#3312=ORIENTED_EDGE('',*,*,#3311,.T.);
#3314=ORIENTED_EDGE('',*,*,#3313,.T.);
#3316=ORIENTED_EDGE('',*,*,#3315,.T.);
#3317=EDGE_LOOP('',(#3310,#3312,#3314,#3316));
#3318=FACE_BOUND('',#3317,.F.);
#3320=ORIENTED_EDGE('',*,*,#3319,.T.);
#3322=ORIENTED_EDGE('',*,*,#3321,.T.);
#3324=ORIENTED_EDGE('',*,*,#3323,.T.);
#3326=ORIENTED_EDGE('',*,*,#3325,.T.);
#3327=EDGE_LOOP('',(#3320,#3322,#3324,#3326));
#3328=FACE_BOUND('',#3327,.F.);
#3330=ORIENTED_EDGE('',*,*,#3329,.T.);
#3332=ORIENTED_EDGE('',*,*,#3331,.T.);
#3334=ORIENTED_EDGE('',*,*,#3333,.T.);
#3336=ORIENTED_EDGE('',*,*,#3335,.T.);
#3337=EDGE_LOOP('',(#3330,#3332,#3334,#3336));
#3338=FACE_BOUND('',#3337,.F.);
#3340=ORIENTED_EDGE('',*,*,#3339,.T.);
#3342=ORIENTED_EDGE('',*,*,#3341,.T.);
#3344=ORIENTED_EDGE('',*,*,#3343,.T.);
#3346=ORIENTED_EDGE('',*,*,#3345,.T.);
#3347=EDGE_LOOP('',(#3340,#3342,#3344,#3346));
#3348=FACE_BOUND('',#3347,.F.);
#3350=ORIENTED_EDGE('',*,*,#3349,.T.);
#3352=ORIENTED_EDGE('',*,*,#3351,.T.);
#3354=ORIENTED_EDGE('',*,*,#3353,.T.);
#3356=ORIENTED_EDGE('',*,*,#3355,.T.);
#3357=EDGE_LOOP('',(#3350,#3352,#3354,#3356));
#3358=FACE_BOUND('',#3357,.F.);
#3359=ADVANCED_FACE('',(#3134,#3152,#3170,#3188,#3206,#3224,#3242,#3260,#3278,
#3288,#3298,#3308,#3318,#3328,#3338,#3348,#3358),#3125,.T.);
#3360=CARTESIAN_POINT('',(-8.3E-1,1.8E-1,2.935E-1));
#3361=DIRECTION('',(0.E0,0.E0,1.E0));
#3362=DIRECTION('',(0.E0,-1.E0,0.E0));
#3363=AXIS2_PLACEMENT_3D('',#3360,#3361,#3362);
#3364=PLANE('',#3363);
#3365=ORIENTED_EDGE('',*,*,#3116,.F.);
#3367=ORIENTED_EDGE('',*,*,#3366,.T.);
#3369=ORIENTED_EDGE('',*,*,#3368,.T.);
#3370=ORIENTED_EDGE('',*,*,#3127,.F.);
#3371=EDGE_LOOP('',(#3365,#3367,#3369,#3370));
#3372=FACE_OUTER_BOUND('',#3371,.F.);
#3373=ADVANCED_FACE('',(#3372),#3364,.T.);
#3374=CARTESIAN_POINT('',(-8.3E-1,1.8E-1,4.515E-1));
#3375=DIRECTION('',(0.E0,-1.E0,0.E0));
#3376=DIRECTION('',(0.E0,0.E0,-1.E0));
#3377=AXIS2_PLACEMENT_3D('',#3374,#3375,#3376);
#3378=PLANE('',#3377);
#3379=ORIENTED_EDGE('',*,*,#3114,.F.);
#3381=ORIENTED_EDGE('',*,*,#3380,.T.);
#3383=ORIENTED_EDGE('',*,*,#3382,.T.);
#3384=ORIENTED_EDGE('',*,*,#3366,.F.);
#3385=EDGE_LOOP('',(#3379,#3381,#3383,#3384));
#3386=FACE_OUTER_BOUND('',#3385,.F.);
#3387=ADVANCED_FACE('',(#3386),#3378,.T.);
#3388=CARTESIAN_POINT('',(-8.3E-1,6.91E-1,4.515E-1));
#3389=DIRECTION('',(0.E0,0.E0,1.E0));
#3390=DIRECTION('',(0.E0,-1.E0,0.E0));
#3391=AXIS2_PLACEMENT_3D('',#3388,#3389,#3390);
#3392=PLANE('',#3391);
#3393=ORIENTED_EDGE('',*,*,#3112,.F.);
#3395=ORIENTED_EDGE('',*,*,#3394,.T.);
#3397=ORIENTED_EDGE('',*,*,#3396,.T.);
#3398=ORIENTED_EDGE('',*,*,#3380,.F.);
#3399=EDGE_LOOP('',(#3393,#3395,#3397,#3398));
#3400=FACE_OUTER_BOUND('',#3399,.F.);
#3402=ORIENTED_EDGE('',*,*,#3401,.T.);
#3404=ORIENTED_EDGE('',*,*,#3403,.T.);
#3406=ORIENTED_EDGE('',*,*,#3405,.T.);
#3408=ORIENTED_EDGE('',*,*,#3407,.T.);
#3409=EDGE_LOOP('',(#3402,#3404,#3406,#3408));
#3410=FACE_BOUND('',#3409,.F.);
#3412=ORIENTED_EDGE('',*,*,#3411,.T.);
#3414=ORIENTED_EDGE('',*,*,#3413,.T.);
#3416=ORIENTED_EDGE('',*,*,#3415,.T.);
#3418=ORIENTED_EDGE('',*,*,#3417,.T.);
#3419=EDGE_LOOP('',(#3412,#3414,#3416,#3418));
#3420=FACE_BOUND('',#3419,.F.);
#3422=ORIENTED_EDGE('',*,*,#3421,.T.);
#3424=ORIENTED_EDGE('',*,*,#3423,.T.);
#3426=ORIENTED_EDGE('',*,*,#3425,.T.);
#3428=ORIENTED_EDGE('',*,*,#3427,.T.);
#3429=EDGE_LOOP('',(#3422,#3424,#3426,#3428));
#3430=FACE_BOUND('',#3429,.F.);
#3432=ORIENTED_EDGE('',*,*,#3431,.T.);
#3434=ORIENTED_EDGE('',*,*,#3433,.T.);
#3436=ORIENTED_EDGE('',*,*,#3435,.T.);
#3438=ORIENTED_EDGE('',*,*,#3437,.T.);
#3439=EDGE_LOOP('',(#3432,#3434,#3436,#3438));
#3440=FACE_BOUND('',#3439,.F.);
#3441=ADVANCED_FACE('',(#3400,#3410,#3420,#3430,#3440),#3392,.T.);
#3442=CARTESIAN_POINT('',(-8.3E-1,6.91E-1,2.935E-1));
#3443=DIRECTION('',(0.E0,1.E0,0.E0));
#3444=DIRECTION('',(0.E0,0.E0,1.E0));
#3445=AXIS2_PLACEMENT_3D('',#3442,#3443,#3444);
#3446=PLANE('',#3445);
#3447=ORIENTED_EDGE('',*,*,#3110,.F.);
#3449=ORIENTED_EDGE('',*,*,#3448,.T.);
#3451=ORIENTED_EDGE('',*,*,#3450,.T.);
#3452=ORIENTED_EDGE('',*,*,#3394,.F.);
#3453=EDGE_LOOP('',(#3447,#3449,#3451,#3452));
#3454=FACE_OUTER_BOUND('',#3453,.F.);
#3455=ADVANCED_FACE('',(#3454),#3446,.T.);
#3456=CARTESIAN_POINT('',(-8.3E-1,1.09E0,2.685E-1));
#3457=DIRECTION('',(0.E0,6.253401211865E-2,9.980428334136E-1));
#3458=DIRECTION('',(0.E0,-9.980428334136E-1,6.253401211865E-2));
#3459=AXIS2_PLACEMENT_3D('',#3456,#3457,#3458);
#3460=PLANE('',#3459);
#3461=ORIENTED_EDGE('',*,*,#3108,.F.);
#3463=ORIENTED_EDGE('',*,*,#3462,.T.);
#3465=ORIENTED_EDGE('',*,*,#3464,.T.);
#3466=ORIENTED_EDGE('',*,*,#3448,.F.);
#3467=EDGE_LOOP('',(#3461,#3463,#3465,#3466));
#3468=FACE_OUTER_BOUND('',#3467,.F.);
#3469=ADVANCED_FACE('',(#3468),#3460,.T.);
#3470=CARTESIAN_POINT('',(-8.3E-1,1.09E0,2.935E-1));
#3471=DIRECTION('',(0.E0,-1.E0,0.E0));
#3472=DIRECTION('',(0.E0,0.E0,-1.E0));
#3473=AXIS2_PLACEMENT_3D('',#3470,#3471,#3472);
#3474=PLANE('',#3473);
#3475=ORIENTED_EDGE('',*,*,#3106,.F.);
#3477=ORIENTED_EDGE('',*,*,#3476,.T.);
#3479=ORIENTED_EDGE('',*,*,#3478,.T.);
#3480=ORIENTED_EDGE('',*,*,#3462,.F.);
#3481=EDGE_LOOP('',(#3475,#3477,#3479,#3480));
#3482=FACE_OUTER_BOUND('',#3481,.F.);
#3483=ADVANCED_FACE('',(#3482),#3474,.T.);
#3484=CARTESIAN_POINT('',(-8.3E-1,1.139E0,2.935E-1));
#3485=DIRECTION('',(0.E0,0.E0,1.E0));
#3486=DIRECTION('',(0.E0,-1.E0,0.E0));
#3487=AXIS2_PLACEMENT_3D('',#3484,#3485,#3486);
#3488=PLANE('',#3487);
#3489=ORIENTED_EDGE('',*,*,#3104,.F.);
#3491=ORIENTED_EDGE('',*,*,#3490,.T.);
#3493=ORIENTED_EDGE('',*,*,#3492,.T.);
#3494=ORIENTED_EDGE('',*,*,#3476,.F.);
#3495=EDGE_LOOP('',(#3489,#3491,#3493,#3494));
#3496=FACE_OUTER_BOUND('',#3495,.F.);
#3497=ADVANCED_FACE('',(#3496),#3488,.T.);
#3498=CARTESIAN_POINT('',(-8.3E-1,1.15E0,1.815E-1));
#3499=DIRECTION('',(0.E0,9.952115912360E-1,9.774399556782E-2));
#3500=DIRECTION('',(0.E0,-9.774399556782E-2,9.952115912360E-1));
#3501=AXIS2_PLACEMENT_3D('',#3498,#3499,#3500);
#3502=PLANE('',#3501);
#3503=ORIENTED_EDGE('',*,*,#3102,.F.);
#3505=ORIENTED_EDGE('',*,*,#3504,.T.);
#3507=ORIENTED_EDGE('',*,*,#3506,.T.);
#3508=ORIENTED_EDGE('',*,*,#3490,.F.);
#3509=EDGE_LOOP('',(#3503,#3505,#3507,#3508));
#3510=FACE_OUTER_BOUND('',#3509,.F.);
#3511=ADVANCED_FACE('',(#3510),#3502,.T.);
#3512=CARTESIAN_POINT('',(-8.3E-1,1.17E0,1.815E-1));
#3513=DIRECTION('',(0.E0,0.E0,1.E0));
#3514=DIRECTION('',(0.E0,-1.E0,0.E0));
#3515=AXIS2_PLACEMENT_3D('',#3512,#3513,#3514);
#3516=PLANE('',#3515);
#3517=ORIENTED_EDGE('',*,*,#3100,.F.);
#3519=ORIENTED_EDGE('',*,*,#3518,.T.);
#3521=ORIENTED_EDGE('',*,*,#3520,.T.);
#3522=ORIENTED_EDGE('',*,*,#3504,.F.);
#3523=EDGE_LOOP('',(#3517,#3519,#3521,#3522));
#3524=FACE_OUTER_BOUND('',#3523,.F.);
#3525=ADVANCED_FACE('',(#3524),#3516,.T.);
#3526=CARTESIAN_POINT('',(-8.3E-1,1.17E0,-1.815E-1));
#3527=DIRECTION('',(0.E0,1.E0,0.E0));
#3528=DIRECTION('',(0.E0,0.E0,1.E0));
#3529=AXIS2_PLACEMENT_3D('',#3526,#3527,#3528);
#3530=PLANE('',#3529);
#3531=ORIENTED_EDGE('',*,*,#3098,.F.);
#3533=ORIENTED_EDGE('',*,*,#3532,.T.);
#3535=ORIENTED_EDGE('',*,*,#3534,.T.);
#3536=ORIENTED_EDGE('',*,*,#3518,.F.);
#3537=EDGE_LOOP('',(#3531,#3533,#3535,#3536));
#3538=FACE_OUTER_BOUND('',#3537,.F.);
#3540=ORIENTED_EDGE('',*,*,#3539,.F.);
#3542=ORIENTED_EDGE('',*,*,#3541,.F.);
#3543=EDGE_LOOP('',(#3540,#3542));
#3544=FACE_BOUND('',#3543,.F.);
#3546=ORIENTED_EDGE('',*,*,#3545,.F.);
#3548=ORIENTED_EDGE('',*,*,#3547,.F.);
#3549=EDGE_LOOP('',(#3546,#3548));
#3550=FACE_BOUND('',#3549,.F.);
#3552=ORIENTED_EDGE('',*,*,#3551,.F.);
#3554=ORIENTED_EDGE('',*,*,#3553,.F.);
#3555=EDGE_LOOP('',(#3552,#3554));
#3556=FACE_BOUND('',#3555,.F.);
#3558=ORIENTED_EDGE('',*,*,#3557,.F.);
#3560=ORIENTED_EDGE('',*,*,#3559,.F.);
#3561=EDGE_LOOP('',(#3558,#3560));
#3562=FACE_BOUND('',#3561,.F.);
#3563=ADVANCED_FACE('',(#3538,#3544,#3550,#3556,#3562),#3530,.T.);
#3564=CARTESIAN_POINT('',(-8.3E-1,1.15E0,-1.815E-1));
#3565=DIRECTION('',(0.E0,0.E0,-1.E0));
#3566=DIRECTION('',(0.E0,1.E0,0.E0));
#3567=AXIS2_PLACEMENT_3D('',#3564,#3565,#3566);
#3568=PLANE('',#3567);
#3569=ORIENTED_EDGE('',*,*,#3096,.F.);
#3571=ORIENTED_EDGE('',*,*,#3570,.T.);
#3573=ORIENTED_EDGE('',*,*,#3572,.T.);
#3574=ORIENTED_EDGE('',*,*,#3532,.F.);
#3575=EDGE_LOOP('',(#3569,#3571,#3573,#3574));
#3576=FACE_OUTER_BOUND('',#3575,.F.);
#3577=ADVANCED_FACE('',(#3576),#3568,.T.);
#3578=CARTESIAN_POINT('',(-8.3E-1,1.139E0,-2.885E-1));
#3579=DIRECTION('',(0.E0,9.947572159856E-1,-1.022647605219E-1));
#3580=DIRECTION('',(0.E0,1.022647605219E-1,9.947572159856E-1));
#3581=AXIS2_PLACEMENT_3D('',#3578,#3579,#3580);
#3582=PLANE('',#3581);
#3583=ORIENTED_EDGE('',*,*,#3094,.F.);
#3585=ORIENTED_EDGE('',*,*,#3584,.T.);
#3587=ORIENTED_EDGE('',*,*,#3586,.T.);
#3588=ORIENTED_EDGE('',*,*,#3570,.F.);
#3589=EDGE_LOOP('',(#3583,#3585,#3587,#3588));
#3590=FACE_OUTER_BOUND('',#3589,.F.);
#3591=ADVANCED_FACE('',(#3590),#3582,.T.);
#3592=CARTESIAN_POINT('',(-8.3E-1,1.09E0,-2.885E-1));
#3593=DIRECTION('',(0.E0,0.E0,-1.E0));
#3594=DIRECTION('',(0.E0,1.E0,0.E0));
#3595=AXIS2_PLACEMENT_3D('',#3592,#3593,#3594);
#3596=PLANE('',#3595);
#3597=ORIENTED_EDGE('',*,*,#3092,.F.);
#3599=ORIENTED_EDGE('',*,*,#3598,.T.);
#3601=ORIENTED_EDGE('',*,*,#3600,.T.);
#3602=ORIENTED_EDGE('',*,*,#3584,.F.);
#3603=EDGE_LOOP('',(#3597,#3599,#3601,#3602));
#3604=FACE_OUTER_BOUND('',#3603,.F.);
#3605=ADVANCED_FACE('',(#3604),#3596,.T.);
#3606=CARTESIAN_POINT('',(-8.3E-1,1.09E0,-2.795E-1));
#3607=DIRECTION('',(0.E0,-1.E0,0.E0));
#3608=DIRECTION('',(0.E0,0.E0,-1.E0));
#3609=AXIS2_PLACEMENT_3D('',#3606,#3607,#3608);
#3610=PLANE('',#3609);
#3611=ORIENTED_EDGE('',*,*,#3090,.F.);
#3613=ORIENTED_EDGE('',*,*,#3612,.T.);
#3615=ORIENTED_EDGE('',*,*,#3614,.T.);
#3616=ORIENTED_EDGE('',*,*,#3598,.F.);
#3617=EDGE_LOOP('',(#3611,#3613,#3615,#3616));
#3618=FACE_OUTER_BOUND('',#3617,.F.);
#3619=ADVANCED_FACE('',(#3618),#3610,.T.);
#3620=CARTESIAN_POINT('',(-8.3E-1,5.5E-2,-2.885E-1));
#3621=DIRECTION('',(0.E0,8.695323434440E-3,-9.999621949606E-1));
#3622=DIRECTION('',(0.E0,9.999621949606E-1,8.695323434440E-3));
#3623=AXIS2_PLACEMENT_3D('',#3620,#3621,#3622);
#3624=PLANE('',#3623);
#3625=ORIENTED_EDGE('',*,*,#3088,.F.);
#3626=ORIENTED_EDGE('',*,*,#3131,.T.);
#3628=ORIENTED_EDGE('',*,*,#3627,.T.);
#3629=ORIENTED_EDGE('',*,*,#3612,.F.);
#3630=EDGE_LOOP('',(#3625,#3626,#3628,#3629));
#3631=FACE_OUTER_BOUND('',#3630,.F.);
#3632=ADVANCED_FACE('',(#3631),#3624,.T.);
#3633=CARTESIAN_POINT('',(8.3E-1,0.E0,0.E0));
#3634=DIRECTION('',(1.E0,0.E0,0.E0));
#3635=DIRECTION('',(0.E0,0.E0,-1.E0));
#3636=AXIS2_PLACEMENT_3D('',#3633,#3634,#3635);
#3637=PLANE('',#3636);
#3638=ORIENTED_EDGE('',*,*,#3129,.F.);
#3639=ORIENTED_EDGE('',*,*,#3368,.F.);
#3640=ORIENTED_EDGE('',*,*,#3382,.F.);
#3641=ORIENTED_EDGE('',*,*,#3396,.F.);
#3642=ORIENTED_EDGE('',*,*,#3450,.F.);
#3643=ORIENTED_EDGE('',*,*,#3464,.F.);
#3644=ORIENTED_EDGE('',*,*,#3478,.F.);
#3645=ORIENTED_EDGE('',*,*,#3492,.F.);
#3646=ORIENTED_EDGE('',*,*,#3506,.F.);
#3647=ORIENTED_EDGE('',*,*,#3520,.F.);
#3648=ORIENTED_EDGE('',*,*,#3534,.F.);
#3649=ORIENTED_EDGE('',*,*,#3572,.F.);
#3650=ORIENTED_EDGE('',*,*,#3586,.F.);
#3651=ORIENTED_EDGE('',*,*,#3600,.F.);
#3652=ORIENTED_EDGE('',*,*,#3614,.F.);
#3653=ORIENTED_EDGE('',*,*,#3627,.F.);
#3654=EDGE_LOOP('',(#3638,#3639,#3640,#3641,#3642,#3643,#3644,#3645,#3646,#3647,
#3648,#3649,#3650,#3651,#3652,#3653));
#3655=FACE_OUTER_BOUND('',#3654,.F.);
#3656=ADVANCED_FACE('',(#3655),#3637,.T.);
#3657=CARTESIAN_POINT('',(-6.E-1,1.0925E0,0.E0));
#3658=DIRECTION('',(0.E0,1.E0,0.E0));
#3659=DIRECTION('',(0.E0,0.E0,-1.E0));
#3660=AXIS2_PLACEMENT_3D('',#3657,#3658,#3659);
#3661=CONICAL_SURFACE('',#3660,1.26E-1,7.352379359892E0);
#3663=ORIENTED_EDGE('',*,*,#3662,.T.);
#3665=ORIENTED_EDGE('',*,*,#3664,.F.);
#3667=ORIENTED_EDGE('',*,*,#3666,.T.);
#3668=ORIENTED_EDGE('',*,*,#3539,.T.);
#3670=ORIENTED_EDGE('',*,*,#3669,.F.);
#3672=ORIENTED_EDGE('',*,*,#3671,.F.);
#3673=EDGE_LOOP('',(#3663,#3665,#3667,#3668,#3670,#3672));
#3674=FACE_OUTER_BOUND('',#3673,.F.);
#3675=ADVANCED_FACE('',(#3674),#3661,.F.);
#3676=CARTESIAN_POINT('',(-6.E-1,1.17E0,0.E0));
#3677=DIRECTION('',(0.E0,1.E0,0.E0));
#3678=DIRECTION('',(1.E0,0.E0,0.E0));
#3679=AXIS2_PLACEMENT_3D('',#3676,#3677,#3678);
#3680=CYLINDRICAL_SURFACE('',#3679,1.16E-1);
#3681=ORIENTED_EDGE('',*,*,#3662,.F.);
#3683=ORIENTED_EDGE('',*,*,#3682,.T.);
#3685=ORIENTED_EDGE('',*,*,#3684,.T.);
#3687=ORIENTED_EDGE('',*,*,#3686,.F.);
#3688=EDGE_LOOP('',(#3681,#3683,#3685,#3687));
#3689=FACE_OUTER_BOUND('',#3688,.F.);
#3690=ADVANCED_FACE('',(#3689),#3680,.F.);
#3691=CARTESIAN_POINT('',(-6.666539038832E-1,1.17E0,9.493817513063E-2));
#3692=DIRECTION('',(7.071067811865E-1,0.E0,7.071067811865E-1));
#3693=DIRECTION('',(7.071067811865E-1,0.E0,-7.071067811865E-1));
#3694=AXIS2_PLACEMENT_3D('',#3691,#3692,#3693);
#3695=PLANE('',#3694);
#3697=ORIENTED_EDGE('',*,*,#3696,.F.);
#3699=ORIENTED_EDGE('',*,*,#3698,.T.);
#3701=ORIENTED_EDGE('',*,*,#3700,.T.);
#3702=ORIENTED_EDGE('',*,*,#3682,.F.);
#3703=EDGE_LOOP('',(#3697,#3699,#3701,#3702));
#3704=FACE_OUTER_BOUND('',#3703,.F.);
#3705=ADVANCED_FACE('',(#3704),#3695,.F.);
#3706=CARTESIAN_POINT('',(-6.E-1,1.015E0,0.E0));
#3707=DIRECTION('',(0.E0,-1.E0,0.E0));
#3708=DIRECTION('',(0.E0,0.E0,1.E0));
#3709=AXIS2_PLACEMENT_3D('',#3706,#3707,#3708);
#3710=PLANE('',#3709);
#3711=ORIENTED_EDGE('',*,*,#3696,.T.);
#3712=ORIENTED_EDGE('',*,*,#3671,.T.);
#3714=ORIENTED_EDGE('',*,*,#3713,.F.);
#3715=EDGE_LOOP('',(#3711,#3712,#3714));
#3716=FACE_OUTER_BOUND('',#3715,.F.);
#3717=ADVANCED_FACE('',(#3716),#3710,.F.);
#3718=CARTESIAN_POINT('',(-6.E-1,1.015E0,0.E0));
#3719=DIRECTION('',(0.E0,-1.E0,0.E0));
#3720=DIRECTION('',(0.E0,0.E0,1.E0));
#3721=AXIS2_PLACEMENT_3D('',#3718,#3719,#3720);
#3722=PLANE('',#3721);
#3724=ORIENTED_EDGE('',*,*,#3723,.T.);
#3726=ORIENTED_EDGE('',*,*,#3725,.F.);
#3727=ORIENTED_EDGE('',*,*,#3664,.T.);
#3728=EDGE_LOOP('',(#3724,#3726,#3727));
#3729=FACE_OUTER_BOUND('',#3728,.F.);
#3730=ADVANCED_FACE('',(#3729),#3722,.F.);
#3731=CARTESIAN_POINT('',(-6.E-1,1.0925E0,0.E0));
#3732=DIRECTION('',(0.E0,1.E0,0.E0));
#3733=DIRECTION('',(0.E0,0.E0,-1.E0));
#3734=AXIS2_PLACEMENT_3D('',#3731,#3732,#3733);
#3735=CONICAL_SURFACE('',#3734,1.26E-1,7.352379359892E0);
#3737=ORIENTED_EDGE('',*,*,#3736,.T.);
#3738=ORIENTED_EDGE('',*,*,#3713,.T.);
#3739=ORIENTED_EDGE('',*,*,#3669,.T.);
#3740=ORIENTED_EDGE('',*,*,#3541,.T.);
#3741=ORIENTED_EDGE('',*,*,#3666,.F.);
#3742=ORIENTED_EDGE('',*,*,#3725,.T.);
#3743=EDGE_LOOP('',(#3737,#3738,#3739,#3740,#3741,#3742));
#3744=FACE_OUTER_BOUND('',#3743,.F.);
#3745=ADVANCED_FACE('',(#3744),#3735,.F.);
#3746=CARTESIAN_POINT('',(-6.E-1,1.17E0,0.E0));
#3747=DIRECTION('',(0.E0,1.E0,0.E0));
#3748=DIRECTION('',(1.E0,0.E0,0.E0));
#3749=AXIS2_PLACEMENT_3D('',#3746,#3747,#3748);
#3750=CYLINDRICAL_SURFACE('',#3749,1.16E-1);
#3751=ORIENTED_EDGE('',*,*,#3736,.F.);
#3753=ORIENTED_EDGE('',*,*,#3752,.T.);
#3755=ORIENTED_EDGE('',*,*,#3754,.T.);
#3756=ORIENTED_EDGE('',*,*,#3698,.F.);
#3757=EDGE_LOOP('',(#3751,#3753,#3755,#3756));
#3758=FACE_OUTER_BOUND('',#3757,.F.);
#3759=ADVANCED_FACE('',(#3758),#3750,.F.);
#3760=CARTESIAN_POINT('',(-5.333460961168E-1,1.17E0,-9.493817513063E-2));
#3761=DIRECTION('',(-7.071067811865E-1,0.E0,-7.071067811865E-1));
#3762=DIRECTION('',(-7.071067811865E-1,0.E0,7.071067811865E-1));
#3763=AXIS2_PLACEMENT_3D('',#3760,#3761,#3762);
#3764=PLANE('',#3763);
#3765=ORIENTED_EDGE('',*,*,#3723,.F.);
#3766=ORIENTED_EDGE('',*,*,#3686,.T.);
#3768=ORIENTED_EDGE('',*,*,#3767,.T.);
#3769=ORIENTED_EDGE('',*,*,#3752,.F.);
#3770=EDGE_LOOP('',(#3765,#3766,#3768,#3769));
#3771=FACE_OUTER_BOUND('',#3770,.F.);
#3772=ADVANCED_FACE('',(#3771),#3764,.F.);
#3773=CARTESIAN_POINT('',(-8.3E-1,9.9E-1,0.E0));
#3774=DIRECTION('',(0.E0,1.E0,0.E0));
#3775=DIRECTION('',(1.E0,0.E0,0.E0));
#3776=AXIS2_PLACEMENT_3D('',#3773,#3774,#3775);
#3777=PLANE('',#3776);
#3778=ORIENTED_EDGE('',*,*,#3700,.F.);
#3779=ORIENTED_EDGE('',*,*,#3754,.F.);
#3780=ORIENTED_EDGE('',*,*,#3767,.F.);
#3781=ORIENTED_EDGE('',*,*,#3684,.F.);
#3782=EDGE_LOOP('',(#3778,#3779,#3780,#3781));
#3783=FACE_OUTER_BOUND('',#3782,.F.);
#3784=ADVANCED_FACE('',(#3783),#3777,.T.);
#3785=CARTESIAN_POINT('',(-2.E-1,1.0925E0,0.E0));
#3786=DIRECTION('',(0.E0,1.E0,0.E0));
#3787=DIRECTION('',(0.E0,0.E0,-1.E0));
#3788=AXIS2_PLACEMENT_3D('',#3785,#3786,#3787);
#3789=CONICAL_SURFACE('',#3788,1.26E-1,7.352379359892E0);
#3791=ORIENTED_EDGE('',*,*,#3790,.T.);
#3793=ORIENTED_EDGE('',*,*,#3792,.F.);
#3795=ORIENTED_EDGE('',*,*,#3794,.T.);
#3796=ORIENTED_EDGE('',*,*,#3545,.T.);
#3798=ORIENTED_EDGE('',*,*,#3797,.F.);
#3800=ORIENTED_EDGE('',*,*,#3799,.F.);
#3801=EDGE_LOOP('',(#3791,#3793,#3795,#3796,#3798,#3800));
#3802=FACE_OUTER_BOUND('',#3801,.F.);
#3803=ADVANCED_FACE('',(#3802),#3789,.F.);
#3804=CARTESIAN_POINT('',(-2.E-1,1.17E0,0.E0));
#3805=DIRECTION('',(0.E0,1.E0,0.E0));
#3806=DIRECTION('',(1.E0,0.E0,0.E0));
#3807=AXIS2_PLACEMENT_3D('',#3804,#3805,#3806);
#3808=CYLINDRICAL_SURFACE('',#3807,1.16E-1);
#3809=ORIENTED_EDGE('',*,*,#3790,.F.);
#3811=ORIENTED_EDGE('',*,*,#3810,.T.);
#3813=ORIENTED_EDGE('',*,*,#3812,.T.);
#3815=ORIENTED_EDGE('',*,*,#3814,.F.);
#3816=EDGE_LOOP('',(#3809,#3811,#3813,#3815));
#3817=FACE_OUTER_BOUND('',#3816,.F.);
#3818=ADVANCED_FACE('',(#3817),#3808,.F.);
#3819=CARTESIAN_POINT('',(-2.666539038832E-1,1.17E0,9.493817513063E-2));
#3820=DIRECTION('',(7.071067811865E-1,0.E0,7.071067811865E-1));
#3821=DIRECTION('',(7.071067811865E-1,0.E0,-7.071067811865E-1));
#3822=AXIS2_PLACEMENT_3D('',#3819,#3820,#3821);
#3823=PLANE('',#3822);
#3825=ORIENTED_EDGE('',*,*,#3824,.F.);
#3827=ORIENTED_EDGE('',*,*,#3826,.T.);
#3829=ORIENTED_EDGE('',*,*,#3828,.T.);
#3830=ORIENTED_EDGE('',*,*,#3810,.F.);
#3831=EDGE_LOOP('',(#3825,#3827,#3829,#3830));
#3832=FACE_OUTER_BOUND('',#3831,.F.);
#3833=ADVANCED_FACE('',(#3832),#3823,.F.);
#3834=CARTESIAN_POINT('',(-2.E-1,1.015E0,0.E0));
#3835=DIRECTION('',(0.E0,-1.E0,0.E0));
#3836=DIRECTION('',(0.E0,0.E0,1.E0));
#3837=AXIS2_PLACEMENT_3D('',#3834,#3835,#3836);
#3838=PLANE('',#3837);
#3839=ORIENTED_EDGE('',*,*,#3824,.T.);
#3840=ORIENTED_EDGE('',*,*,#3799,.T.);
#3842=ORIENTED_EDGE('',*,*,#3841,.F.);
#3843=EDGE_LOOP('',(#3839,#3840,#3842));
#3844=FACE_OUTER_BOUND('',#3843,.F.);
#3845=ADVANCED_FACE('',(#3844),#3838,.F.);
#3846=CARTESIAN_POINT('',(-2.E-1,1.015E0,0.E0));
#3847=DIRECTION('',(0.E0,-1.E0,0.E0));
#3848=DIRECTION('',(0.E0,0.E0,1.E0));
#3849=AXIS2_PLACEMENT_3D('',#3846,#3847,#3848);
#3850=PLANE('',#3849);
#3852=ORIENTED_EDGE('',*,*,#3851,.T.);
#3854=ORIENTED_EDGE('',*,*,#3853,.F.);
#3855=ORIENTED_EDGE('',*,*,#3792,.T.);
#3856=EDGE_LOOP('',(#3852,#3854,#3855));
#3857=FACE_OUTER_BOUND('',#3856,.F.);
#3858=ADVANCED_FACE('',(#3857),#3850,.F.);
#3859=CARTESIAN_POINT('',(-2.E-1,1.0925E0,0.E0));
#3860=DIRECTION('',(0.E0,1.E0,0.E0));
#3861=DIRECTION('',(0.E0,0.E0,-1.E0));
#3862=AXIS2_PLACEMENT_3D('',#3859,#3860,#3861);
#3863=CONICAL_SURFACE('',#3862,1.26E-1,7.352379359892E0);
#3865=ORIENTED_EDGE('',*,*,#3864,.T.);
#3866=ORIENTED_EDGE('',*,*,#3841,.T.);
#3867=ORIENTED_EDGE('',*,*,#3797,.T.);
#3868=ORIENTED_EDGE('',*,*,#3547,.T.);
#3869=ORIENTED_EDGE('',*,*,#3794,.F.);
#3870=ORIENTED_EDGE('',*,*,#3853,.T.);
#3871=EDGE_LOOP('',(#3865,#3866,#3867,#3868,#3869,#3870));
#3872=FACE_OUTER_BOUND('',#3871,.F.);
#3873=ADVANCED_FACE('',(#3872),#3863,.F.);
#3874=CARTESIAN_POINT('',(-2.E-1,1.17E0,0.E0));
#3875=DIRECTION('',(0.E0,1.E0,0.E0));
#3876=DIRECTION('',(1.E0,0.E0,0.E0));
#3877=AXIS2_PLACEMENT_3D('',#3874,#3875,#3876);
#3878=CYLINDRICAL_SURFACE('',#3877,1.16E-1);
#3879=ORIENTED_EDGE('',*,*,#3864,.F.);
#3881=ORIENTED_EDGE('',*,*,#3880,.T.);
#3883=ORIENTED_EDGE('',*,*,#3882,.T.);
#3884=ORIENTED_EDGE('',*,*,#3826,.F.);
#3885=EDGE_LOOP('',(#3879,#3881,#3883,#3884));
#3886=FACE_OUTER_BOUND('',#3885,.F.);
#3887=ADVANCED_FACE('',(#3886),#3878,.F.);
#3888=CARTESIAN_POINT('',(-1.333460961168E-1,1.17E0,-9.493817513063E-2));
#3889=DIRECTION('',(-7.071067811865E-1,0.E0,-7.071067811865E-1));
#3890=DIRECTION('',(-7.071067811865E-1,0.E0,7.071067811865E-1));
#3891=AXIS2_PLACEMENT_3D('',#3888,#3889,#3890);
#3892=PLANE('',#3891);
#3893=ORIENTED_EDGE('',*,*,#3851,.F.);
#3894=ORIENTED_EDGE('',*,*,#3814,.T.);
#3896=ORIENTED_EDGE('',*,*,#3895,.T.);
#3897=ORIENTED_EDGE('',*,*,#3880,.F.);
#3898=EDGE_LOOP('',(#3893,#3894,#3896,#3897));
#3899=FACE_OUTER_BOUND('',#3898,.F.);
#3900=ADVANCED_FACE('',(#3899),#3892,.F.);
#3901=CARTESIAN_POINT('',(-8.3E-1,9.9E-1,0.E0));
#3902=DIRECTION('',(0.E0,1.E0,0.E0));
#3903=DIRECTION('',(1.E0,0.E0,0.E0));
#3904=AXIS2_PLACEMENT_3D('',#3901,#3902,#3903);
#3905=PLANE('',#3904);
#3906=ORIENTED_EDGE('',*,*,#3828,.F.);
#3907=ORIENTED_EDGE('',*,*,#3882,.F.);
#3908=ORIENTED_EDGE('',*,*,#3895,.F.);
#3909=ORIENTED_EDGE('',*,*,#3812,.F.);
#3910=EDGE_LOOP('',(#3906,#3907,#3908,#3909));
#3911=FACE_OUTER_BOUND('',#3910,.F.);
#3912=ADVANCED_FACE('',(#3911),#3905,.T.);
#3913=CARTESIAN_POINT('',(2.E-1,1.0925E0,0.E0));
#3914=DIRECTION('',(0.E0,1.E0,0.E0));
#3915=DIRECTION('',(0.E0,0.E0,-1.E0));
#3916=AXIS2_PLACEMENT_3D('',#3913,#3914,#3915);
#3917=CONICAL_SURFACE('',#3916,1.26E-1,7.352379359892E0);
#3919=ORIENTED_EDGE('',*,*,#3918,.T.);
#3921=ORIENTED_EDGE('',*,*,#3920,.F.);
#3923=ORIENTED_EDGE('',*,*,#3922,.T.);
#3924=ORIENTED_EDGE('',*,*,#3551,.T.);
#3926=ORIENTED_EDGE('',*,*,#3925,.F.);
#3928=ORIENTED_EDGE('',*,*,#3927,.F.);
#3929=EDGE_LOOP('',(#3919,#3921,#3923,#3924,#3926,#3928));
#3930=FACE_OUTER_BOUND('',#3929,.F.);
#3931=ADVANCED_FACE('',(#3930),#3917,.F.);
#3932=CARTESIAN_POINT('',(2.E-1,1.17E0,0.E0));
#3933=DIRECTION('',(0.E0,1.E0,0.E0));
#3934=DIRECTION('',(1.E0,0.E0,0.E0));
#3935=AXIS2_PLACEMENT_3D('',#3932,#3933,#3934);
#3936=CYLINDRICAL_SURFACE('',#3935,1.16E-1);
#3937=ORIENTED_EDGE('',*,*,#3918,.F.);
#3939=ORIENTED_EDGE('',*,*,#3938,.T.);
#3941=ORIENTED_EDGE('',*,*,#3940,.T.);
#3943=ORIENTED_EDGE('',*,*,#3942,.F.);
#3944=EDGE_LOOP('',(#3937,#3939,#3941,#3943));
#3945=FACE_OUTER_BOUND('',#3944,.F.);
#3946=ADVANCED_FACE('',(#3945),#3936,.F.);
#3947=CARTESIAN_POINT('',(1.333460961168E-1,1.17E0,9.493817513063E-2));
#3948=DIRECTION('',(7.071067811865E-1,0.E0,7.071067811865E-1));
#3949=DIRECTION('',(7.071067811865E-1,0.E0,-7.071067811865E-1));
#3950=AXIS2_PLACEMENT_3D('',#3947,#3948,#3949);
#3951=PLANE('',#3950);
#3953=ORIENTED_EDGE('',*,*,#3952,.F.);
#3955=ORIENTED_EDGE('',*,*,#3954,.T.);
#3957=ORIENTED_EDGE('',*,*,#3956,.T.);
#3958=ORIENTED_EDGE('',*,*,#3938,.F.);
#3959=EDGE_LOOP('',(#3953,#3955,#3957,#3958));
#3960=FACE_OUTER_BOUND('',#3959,.F.);
#3961=ADVANCED_FACE('',(#3960),#3951,.F.);
#3962=CARTESIAN_POINT('',(2.E-1,1.015E0,0.E0));
#3963=DIRECTION('',(0.E0,-1.E0,0.E0));
#3964=DIRECTION('',(0.E0,0.E0,1.E0));
#3965=AXIS2_PLACEMENT_3D('',#3962,#3963,#3964);
#3966=PLANE('',#3965);
#3967=ORIENTED_EDGE('',*,*,#3952,.T.);
#3968=ORIENTED_EDGE('',*,*,#3927,.T.);
#3970=ORIENTED_EDGE('',*,*,#3969,.F.);
#3971=EDGE_LOOP('',(#3967,#3968,#3970));
#3972=FACE_OUTER_BOUND('',#3971,.F.);
#3973=ADVANCED_FACE('',(#3972),#3966,.F.);
#3974=CARTESIAN_POINT('',(2.E-1,1.015E0,0.E0));
#3975=DIRECTION('',(0.E0,-1.E0,0.E0));
#3976=DIRECTION('',(0.E0,0.E0,1.E0));
#3977=AXIS2_PLACEMENT_3D('',#3974,#3975,#3976);
#3978=PLANE('',#3977);
#3980=ORIENTED_EDGE('',*,*,#3979,.T.);
#3982=ORIENTED_EDGE('',*,*,#3981,.F.);
#3983=ORIENTED_EDGE('',*,*,#3920,.T.);
#3984=EDGE_LOOP('',(#3980,#3982,#3983));
#3985=FACE_OUTER_BOUND('',#3984,.F.);
#3986=ADVANCED_FACE('',(#3985),#3978,.F.);
#3987=CARTESIAN_POINT('',(2.E-1,1.0925E0,0.E0));
#3988=DIRECTION('',(0.E0,1.E0,0.E0));
#3989=DIRECTION('',(0.E0,0.E0,-1.E0));
#3990=AXIS2_PLACEMENT_3D('',#3987,#3988,#3989);
#3991=CONICAL_SURFACE('',#3990,1.26E-1,7.352379359892E0);
#3993=ORIENTED_EDGE('',*,*,#3992,.T.);
#3994=ORIENTED_EDGE('',*,*,#3969,.T.);
#3995=ORIENTED_EDGE('',*,*,#3925,.T.);
#3996=ORIENTED_EDGE('',*,*,#3553,.T.);
#3997=ORIENTED_EDGE('',*,*,#3922,.F.);
#3998=ORIENTED_EDGE('',*,*,#3981,.T.);
#3999=EDGE_LOOP('',(#3993,#3994,#3995,#3996,#3997,#3998));
#4000=FACE_OUTER_BOUND('',#3999,.F.);
#4001=ADVANCED_FACE('',(#4000),#3991,.F.);
#4002=CARTESIAN_POINT('',(2.E-1,1.17E0,0.E0));
#4003=DIRECTION('',(0.E0,1.E0,0.E0));
#4004=DIRECTION('',(1.E0,0.E0,0.E0));
#4005=AXIS2_PLACEMENT_3D('',#4002,#4003,#4004);
#4006=CYLINDRICAL_SURFACE('',#4005,1.16E-1);
#4007=ORIENTED_EDGE('',*,*,#3992,.F.);
#4009=ORIENTED_EDGE('',*,*,#4008,.T.);
#4011=ORIENTED_EDGE('',*,*,#4010,.T.);
#4012=ORIENTED_EDGE('',*,*,#3954,.F.);
#4013=EDGE_LOOP('',(#4007,#4009,#4011,#4012));
#4014=FACE_OUTER_BOUND('',#4013,.F.);
#4015=ADVANCED_FACE('',(#4014),#4006,.F.);
#4016=CARTESIAN_POINT('',(2.666539038832E-1,1.17E0,-9.493817513063E-2));
#4017=DIRECTION('',(-7.071067811865E-1,0.E0,-7.071067811865E-1));
#4018=DIRECTION('',(-7.071067811865E-1,0.E0,7.071067811865E-1));
#4019=AXIS2_PLACEMENT_3D('',#4016,#4017,#4018);
#4020=PLANE('',#4019);
#4021=ORIENTED_EDGE('',*,*,#3979,.F.);
#4022=ORIENTED_EDGE('',*,*,#3942,.T.);
#4024=ORIENTED_EDGE('',*,*,#4023,.T.);
#4025=ORIENTED_EDGE('',*,*,#4008,.F.);
#4026=EDGE_LOOP('',(#4021,#4022,#4024,#4025));
#4027=FACE_OUTER_BOUND('',#4026,.F.);
#4028=ADVANCED_FACE('',(#4027),#4020,.F.);
#4029=CARTESIAN_POINT('',(-8.3E-1,9.9E-1,0.E0));
#4030=DIRECTION('',(0.E0,1.E0,0.E0));
#4031=DIRECTION('',(1.E0,0.E0,0.E0));
#4032=AXIS2_PLACEMENT_3D('',#4029,#4030,#4031);
#4033=PLANE('',#4032);
#4034=ORIENTED_EDGE('',*,*,#3956,.F.);
#4035=ORIENTED_EDGE('',*,*,#4010,.F.);
#4036=ORIENTED_EDGE('',*,*,#4023,.F.);
#4037=ORIENTED_EDGE('',*,*,#3940,.F.);
#4038=EDGE_LOOP('',(#4034,#4035,#4036,#4037));
#4039=FACE_OUTER_BOUND('',#4038,.F.);
#4040=ADVANCED_FACE('',(#4039),#4033,.T.);
#4041=CARTESIAN_POINT('',(6.E-1,1.0925E0,0.E0));
#4042=DIRECTION('',(0.E0,1.E0,0.E0));
#4043=DIRECTION('',(0.E0,0.E0,-1.E0));
#4044=AXIS2_PLACEMENT_3D('',#4041,#4042,#4043);
#4045=CONICAL_SURFACE('',#4044,1.26E-1,7.352379359892E0);
#4047=ORIENTED_EDGE('',*,*,#4046,.T.);
#4049=ORIENTED_EDGE('',*,*,#4048,.F.);
#4051=ORIENTED_EDGE('',*,*,#4050,.T.);
#4052=ORIENTED_EDGE('',*,*,#3557,.T.);
#4054=ORIENTED_EDGE('',*,*,#4053,.F.);
#4056=ORIENTED_EDGE('',*,*,#4055,.F.);
#4057=EDGE_LOOP('',(#4047,#4049,#4051,#4052,#4054,#4056));
#4058=FACE_OUTER_BOUND('',#4057,.F.);
#4059=ADVANCED_FACE('',(#4058),#4045,.F.);
#4060=CARTESIAN_POINT('',(6.E-1,1.17E0,0.E0));
#4061=DIRECTION('',(0.E0,1.E0,0.E0));
#4062=DIRECTION('',(1.E0,0.E0,0.E0));
#4063=AXIS2_PLACEMENT_3D('',#4060,#4061,#4062);
#4064=CYLINDRICAL_SURFACE('',#4063,1.16E-1);
#4065=ORIENTED_EDGE('',*,*,#4046,.F.);
#4067=ORIENTED_EDGE('',*,*,#4066,.T.);
#4069=ORIENTED_EDGE('',*,*,#4068,.T.);
#4071=ORIENTED_EDGE('',*,*,#4070,.F.);
#4072=EDGE_LOOP('',(#4065,#4067,#4069,#4071));
#4073=FACE_OUTER_BOUND('',#4072,.F.);
#4074=ADVANCED_FACE('',(#4073),#4064,.F.);
#4075=CARTESIAN_POINT('',(5.333460961168E-1,1.17E0,9.493817513063E-2));
#4076=DIRECTION('',(7.071067811865E-1,0.E0,7.071067811865E-1));
#4077=DIRECTION('',(7.071067811865E-1,0.E0,-7.071067811865E-1));
#4078=AXIS2_PLACEMENT_3D('',#4075,#4076,#4077);
#4079=PLANE('',#4078);
#4081=ORIENTED_EDGE('',*,*,#4080,.F.);
#4083=ORIENTED_EDGE('',*,*,#4082,.T.);
#4085=ORIENTED_EDGE('',*,*,#4084,.T.);
#4086=ORIENTED_EDGE('',*,*,#4066,.F.);
#4087=EDGE_LOOP('',(#4081,#4083,#4085,#4086));
#4088=FACE_OUTER_BOUND('',#4087,.F.);
#4089=ADVANCED_FACE('',(#4088),#4079,.F.);
#4090=CARTESIAN_POINT('',(6.E-1,1.015E0,0.E0));
#4091=DIRECTION('',(0.E0,-1.E0,0.E0));
#4092=DIRECTION('',(0.E0,0.E0,1.E0));
#4093=AXIS2_PLACEMENT_3D('',#4090,#4091,#4092);
#4094=PLANE('',#4093);
#4095=ORIENTED_EDGE('',*,*,#4080,.T.);
#4096=ORIENTED_EDGE('',*,*,#4055,.T.);
#4098=ORIENTED_EDGE('',*,*,#4097,.F.);
#4099=EDGE_LOOP('',(#4095,#4096,#4098));
#4100=FACE_OUTER_BOUND('',#4099,.F.);
#4101=ADVANCED_FACE('',(#4100),#4094,.F.);
#4102=CARTESIAN_POINT('',(6.E-1,1.015E0,0.E0));
#4103=DIRECTION('',(0.E0,-1.E0,0.E0));
#4104=DIRECTION('',(0.E0,0.E0,1.E0));
#4105=AXIS2_PLACEMENT_3D('',#4102,#4103,#4104);
#4106=PLANE('',#4105);
#4108=ORIENTED_EDGE('',*,*,#4107,.T.);
#4110=ORIENTED_EDGE('',*,*,#4109,.F.);
#4111=ORIENTED_EDGE('',*,*,#4048,.T.);
#4112=EDGE_LOOP('',(#4108,#4110,#4111));
#4113=FACE_OUTER_BOUND('',#4112,.F.);
#4114=ADVANCED_FACE('',(#4113),#4106,.F.);
#4115=CARTESIAN_POINT('',(6.E-1,1.0925E0,0.E0));
#4116=DIRECTION('',(0.E0,1.E0,0.E0));
#4117=DIRECTION('',(0.E0,0.E0,-1.E0));
#4118=AXIS2_PLACEMENT_3D('',#4115,#4116,#4117);
#4119=CONICAL_SURFACE('',#4118,1.26E-1,7.352379359892E0);
#4121=ORIENTED_EDGE('',*,*,#4120,.T.);
#4122=ORIENTED_EDGE('',*,*,#4097,.T.);
#4123=ORIENTED_EDGE('',*,*,#4053,.T.);
#4124=ORIENTED_EDGE('',*,*,#3559,.T.);
#4125=ORIENTED_EDGE('',*,*,#4050,.F.);
#4126=ORIENTED_EDGE('',*,*,#4109,.T.);
#4127=EDGE_LOOP('',(#4121,#4122,#4123,#4124,#4125,#4126));
#4128=FACE_OUTER_BOUND('',#4127,.F.);
#4129=ADVANCED_FACE('',(#4128),#4119,.F.);
#4130=CARTESIAN_POINT('',(6.E-1,1.17E0,0.E0));
#4131=DIRECTION('',(0.E0,1.E0,0.E0));
#4132=DIRECTION('',(1.E0,0.E0,0.E0));
#4133=AXIS2_PLACEMENT_3D('',#4130,#4131,#4132);
#4134=CYLINDRICAL_SURFACE('',#4133,1.16E-1);
#4135=ORIENTED_EDGE('',*,*,#4120,.F.);
#4137=ORIENTED_EDGE('',*,*,#4136,.T.);
#4139=ORIENTED_EDGE('',*,*,#4138,.T.);
#4140=ORIENTED_EDGE('',*,*,#4082,.F.);
#4141=EDGE_LOOP('',(#4135,#4137,#4139,#4140));
#4142=FACE_OUTER_BOUND('',#4141,.F.);
#4143=ADVANCED_FACE('',(#4142),#4134,.F.);
#4144=CARTESIAN_POINT('',(6.666539038832E-1,1.17E0,-9.493817513063E-2));
#4145=DIRECTION('',(-7.071067811865E-1,0.E0,-7.071067811865E-1));
#4146=DIRECTION('',(-7.071067811865E-1,0.E0,7.071067811865E-1));
#4147=AXIS2_PLACEMENT_3D('',#4144,#4145,#4146);
#4148=PLANE('',#4147);
#4149=ORIENTED_EDGE('',*,*,#4107,.F.);
#4150=ORIENTED_EDGE('',*,*,#4070,.T.);
#4152=ORIENTED_EDGE('',*,*,#4151,.T.);
#4153=ORIENTED_EDGE('',*,*,#4136,.F.);
#4154=EDGE_LOOP('',(#4149,#4150,#4152,#4153));
#4155=FACE_OUTER_BOUND('',#4154,.F.);
#4156=ADVANCED_FACE('',(#4155),#4148,.F.);
#4157=CARTESIAN_POINT('',(-8.3E-1,9.9E-1,0.E0));
#4158=DIRECTION('',(0.E0,1.E0,0.E0));
#4159=DIRECTION('',(1.E0,0.E0,0.E0));
#4160=AXIS2_PLACEMENT_3D('',#4157,#4158,#4159);
#4161=PLANE('',#4160);
#4162=ORIENTED_EDGE('',*,*,#4084,.F.);
#4163=ORIENTED_EDGE('',*,*,#4138,.F.);
#4164=ORIENTED_EDGE('',*,*,#4151,.F.);
#4165=ORIENTED_EDGE('',*,*,#4068,.F.);
#4166=EDGE_LOOP('',(#4162,#4163,#4164,#4165));
#4167=FACE_OUTER_BOUND('',#4166,.F.);
#4168=ADVANCED_FACE('',(#4167),#4161,.T.);
#4169=CARTESIAN_POINT('',(-7.75E-1,4.365E-1,4.44E-1));
#4170=DIRECTION('',(-1.E0,0.E0,0.E0));
#4171=DIRECTION('',(0.E0,-1.E0,0.E0));
#4172=AXIS2_PLACEMENT_3D('',#4169,#4170,#4171);
#4173=PLANE('',#4172);
#4174=ORIENTED_EDGE('',*,*,#3401,.F.);
#4176=ORIENTED_EDGE('',*,*,#4175,.F.);
#4178=ORIENTED_EDGE('',*,*,#4177,.T.);
#4180=ORIENTED_EDGE('',*,*,#4179,.T.);
#4181=EDGE_LOOP('',(#4174,#4176,#4178,#4180));
#4182=FACE_OUTER_BOUND('',#4181,.F.);
#4183=ADVANCED_FACE('',(#4182),#4173,.F.);
#4184=CARTESIAN_POINT('',(-6.E-1,6.49E-1,4.44E-1));
#4185=DIRECTION('',(0.E0,1.E0,0.E0));
#4186=DIRECTION('',(-1.E0,0.E0,0.E0));
#4187=AXIS2_PLACEMENT_3D('',#4184,#4185,#4186);
#4188=PLANE('',#4187);
#4189=ORIENTED_EDGE('',*,*,#3407,.F.);
#4191=ORIENTED_EDGE('',*,*,#4190,.F.);
#4193=ORIENTED_EDGE('',*,*,#4192,.T.);
#4194=ORIENTED_EDGE('',*,*,#4175,.T.);
#4195=EDGE_LOOP('',(#4189,#4191,#4193,#4194));
#4196=FACE_OUTER_BOUND('',#4195,.F.);
#4197=ADVANCED_FACE('',(#4196),#4188,.F.);
#4198=CARTESIAN_POINT('',(-4.25E-1,4.365E-1,4.44E-1));
#4199=DIRECTION('',(1.E0,0.E0,0.E0));
#4200=DIRECTION('',(0.E0,1.E0,0.E0));
#4201=AXIS2_PLACEMENT_3D('',#4198,#4199,#4200);
#4202=PLANE('',#4201);
#4203=ORIENTED_EDGE('',*,*,#3405,.F.);
#4205=ORIENTED_EDGE('',*,*,#4204,.F.);
#4207=ORIENTED_EDGE('',*,*,#4206,.T.);
#4208=ORIENTED_EDGE('',*,*,#4190,.T.);
#4209=EDGE_LOOP('',(#4203,#4205,#4207,#4208));
#4210=FACE_OUTER_BOUND('',#4209,.F.);
#4211=ADVANCED_FACE('',(#4210),#4202,.F.);
#4212=CARTESIAN_POINT('',(-6.E-1,2.24E-1,4.44E-1));
#4213=DIRECTION('',(0.E0,-1.E0,0.E0));
#4214=DIRECTION('',(1.E0,0.E0,0.E0));
#4215=AXIS2_PLACEMENT_3D('',#4212,#4213,#4214);
#4216=PLANE('',#4215);
#4217=ORIENTED_EDGE('',*,*,#3403,.F.);
#4218=ORIENTED_EDGE('',*,*,#4179,.F.);
#4220=ORIENTED_EDGE('',*,*,#4219,.T.);
#4221=ORIENTED_EDGE('',*,*,#4204,.T.);
#4222=EDGE_LOOP('',(#4217,#4218,#4220,#4221));
#4223=FACE_OUTER_BOUND('',#4222,.F.);
#4224=ADVANCED_FACE('',(#4223),#4216,.F.);
#4225=CARTESIAN_POINT('',(-6.E-1,2.355E-1,3.74E-1));
#4226=DIRECTION('',(0.E0,-9.834900573120E-1,-1.809621705454E-1));
#4227=DIRECTION('',(1.E0,0.E0,0.E0));
#4228=AXIS2_PLACEMENT_3D('',#4225,#4226,#4227);
#4229=PLANE('',#4228);
#4231=ORIENTED_EDGE('',*,*,#4230,.T.);
#4233=ORIENTED_EDGE('',*,*,#4232,.T.);
#4234=ORIENTED_EDGE('',*,*,#4219,.F.);
#4236=ORIENTED_EDGE('',*,*,#4235,.F.);
#4237=EDGE_LOOP('',(#4231,#4233,#4234,#4236));
#4238=FACE_OUTER_BOUND('',#4237,.F.);
#4239=ADVANCED_FACE('',(#4238),#4229,.F.);
#4240=CARTESIAN_POINT('',(-6.E-1,2.54E-1,2.715E-1));
#4241=DIRECTION('',(0.E0,-9.850304671557E-1,-1.723803317522E-1));
#4242=DIRECTION('',(1.E0,0.E0,0.E0));
#4243=AXIS2_PLACEMENT_3D('',#4240,#4241,#4242);
#4244=PLANE('',#4243);
#4246=ORIENTED_EDGE('',*,*,#4245,.T.);
#4248=ORIENTED_EDGE('',*,*,#4247,.T.);
#4249=ORIENTED_EDGE('',*,*,#4230,.F.);
#4251=ORIENTED_EDGE('',*,*,#4250,.F.);
#4252=EDGE_LOOP('',(#4246,#4248,#4249,#4251));
#4253=FACE_OUTER_BOUND('',#4252,.F.);
#4254=ADVANCED_FACE('',(#4253),#4244,.F.);
#4255=CARTESIAN_POINT('',(-8.3E-1,6.91E-1,2.315E-1));
#4256=DIRECTION('',(0.E0,0.E0,1.E0));
#4257=DIRECTION('',(1.E0,0.E0,0.E0));
#4258=AXIS2_PLACEMENT_3D('',#4255,#4256,#4257);
#4259=PLANE('',#4258);
#4261=ORIENTED_EDGE('',*,*,#4260,.F.);
#4263=ORIENTED_EDGE('',*,*,#4262,.F.);
#4265=ORIENTED_EDGE('',*,*,#4264,.F.);
#4266=ORIENTED_EDGE('',*,*,#4245,.F.);
#4267=EDGE_LOOP('',(#4261,#4263,#4265,#4266));
#4268=FACE_OUTER_BOUND('',#4267,.F.);
#4269=ADVANCED_FACE('',(#4268),#4259,.T.);
#4270=CARTESIAN_POINT('',(-7.31E-1,3.875E-1,2.715E-1));
#4271=DIRECTION('',(-8.479983040051E-1,0.E0,-5.299989400032E-1));
#4272=DIRECTION('',(0.E0,-1.E0,0.E0));
#4273=AXIS2_PLACEMENT_3D('',#4270,#4271,#4272);
#4274=PLANE('',#4273);
#4275=ORIENTED_EDGE('',*,*,#4260,.T.);
#4276=ORIENTED_EDGE('',*,*,#4250,.T.);
#4278=ORIENTED_EDGE('',*,*,#4277,.F.);
#4280=ORIENTED_EDGE('',*,*,#4279,.F.);
#4281=EDGE_LOOP('',(#4275,#4276,#4278,#4280));
#4282=FACE_OUTER_BOUND('',#4281,.F.);
#4283=ADVANCED_FACE('',(#4282),#4274,.F.);
#4284=CARTESIAN_POINT('',(-7.655E-1,4.1725E-1,3.74E-1));
#4285=DIRECTION('',(-9.886443953834E-1,0.E0,-1.502739480983E-1));
#4286=DIRECTION('',(0.E0,-1.E0,0.E0));
#4287=AXIS2_PLACEMENT_3D('',#4284,#4285,#4286);
#4288=PLANE('',#4287);
#4289=ORIENTED_EDGE('',*,*,#4277,.T.);
#4290=ORIENTED_EDGE('',*,*,#4235,.T.);
#4291=ORIENTED_EDGE('',*,*,#4177,.F.);
#4293=ORIENTED_EDGE('',*,*,#4292,.F.);
#4294=EDGE_LOOP('',(#4289,#4290,#4291,#4293));
#4295=FACE_OUTER_BOUND('',#4294,.F.);
#4296=ADVANCED_FACE('',(#4295),#4288,.F.);
#4297=CARTESIAN_POINT('',(-6.E-1,5.99E-1,3.74E-1));
#4298=DIRECTION('',(0.E0,7.808688094430E-1,-6.246950475544E-1));
#4299=DIRECTION('',(-1.E0,0.E0,0.E0));
#4300=AXIS2_PLACEMENT_3D('',#4297,#4298,#4299);
#4301=PLANE('',#4300);
#4303=ORIENTED_EDGE('',*,*,#4302,.T.);
#4304=ORIENTED_EDGE('',*,*,#4292,.T.);
#4305=ORIENTED_EDGE('',*,*,#4192,.F.);
#4307=ORIENTED_EDGE('',*,*,#4306,.F.);
#4308=EDGE_LOOP('',(#4303,#4304,#4305,#4307));
#4309=FACE_OUTER_BOUND('',#4308,.F.);
#4310=ADVANCED_FACE('',(#4309),#4301,.F.);
#4311=CARTESIAN_POINT('',(-6.E-1,5.21E-1,2.715E-1));
#4312=DIRECTION('',(0.E0,8.192319205190E-1,-5.734623443633E-1));
#4313=DIRECTION('',(-1.E0,0.E0,0.E0));
#4314=AXIS2_PLACEMENT_3D('',#4311,#4312,#4313);
#4315=PLANE('',#4314);
#4316=ORIENTED_EDGE('',*,*,#4262,.T.);
#4317=ORIENTED_EDGE('',*,*,#4279,.T.);
#4318=ORIENTED_EDGE('',*,*,#4302,.F.);
#4320=ORIENTED_EDGE('',*,*,#4319,.F.);
#4321=EDGE_LOOP('',(#4316,#4317,#4318,#4320));
#4322=FACE_OUTER_BOUND('',#4321,.F.);
#4323=ADVANCED_FACE('',(#4322),#4315,.F.);
#4324=CARTESIAN_POINT('',(-4.69E-1,3.875E-1,2.715E-1));
#4325=DIRECTION('',(8.479983040051E-1,0.E0,-5.299989400032E-1));
#4326=DIRECTION('',(0.E0,1.E0,0.E0));
#4327=AXIS2_PLACEMENT_3D('',#4324,#4325,#4326);
#4328=PLANE('',#4327);
#4329=ORIENTED_EDGE('',*,*,#4264,.T.);
#4330=ORIENTED_EDGE('',*,*,#4319,.T.);
#4332=ORIENTED_EDGE('',*,*,#4331,.F.);
#4333=ORIENTED_EDGE('',*,*,#4247,.F.);
#4334=EDGE_LOOP('',(#4329,#4330,#4332,#4333));
#4335=FACE_OUTER_BOUND('',#4334,.F.);
#4336=ADVANCED_FACE('',(#4335),#4328,.F.);
#4337=CARTESIAN_POINT('',(-4.345E-1,4.1725E-1,3.74E-1));
#4338=DIRECTION('',(9.886443953834E-1,0.E0,-1.502739480983E-1));
#4339=DIRECTION('',(0.E0,1.E0,0.E0));
#4340=AXIS2_PLACEMENT_3D('',#4337,#4338,#4339);
#4341=PLANE('',#4340);
#4342=ORIENTED_EDGE('',*,*,#4331,.T.);
#4343=ORIENTED_EDGE('',*,*,#4306,.T.);
#4344=ORIENTED_EDGE('',*,*,#4206,.F.);
#4345=ORIENTED_EDGE('',*,*,#4232,.F.);
#4346=EDGE_LOOP('',(#4342,#4343,#4344,#4345));
#4347=FACE_OUTER_BOUND('',#4346,.F.);
#4348=ADVANCED_FACE('',(#4347),#4341,.F.);
#4349=CARTESIAN_POINT('',(-3.75E-1,4.365E-1,4.44E-1));
#4350=DIRECTION('',(-1.E0,0.E0,0.E0));
#4351=DIRECTION('',(0.E0,-1.E0,0.E0));
#4352=AXIS2_PLACEMENT_3D('',#4349,#4350,#4351);
#4353=PLANE('',#4352);
#4354=ORIENTED_EDGE('',*,*,#3411,.F.);
#4356=ORIENTED_EDGE('',*,*,#4355,.F.);
#4358=ORIENTED_EDGE('',*,*,#4357,.T.);
#4360=ORIENTED_EDGE('',*,*,#4359,.T.);
#4361=EDGE_LOOP('',(#4354,#4356,#4358,#4360));
#4362=FACE_OUTER_BOUND('',#4361,.F.);
#4363=ADVANCED_FACE('',(#4362),#4353,.F.);
#4364=CARTESIAN_POINT('',(-2.E-1,6.49E-1,4.44E-1));
#4365=DIRECTION('',(0.E0,1.E0,0.E0));
#4366=DIRECTION('',(-1.E0,0.E0,0.E0));
#4367=AXIS2_PLACEMENT_3D('',#4364,#4365,#4366);
#4368=PLANE('',#4367);
#4369=ORIENTED_EDGE('',*,*,#3417,.F.);
#4371=ORIENTED_EDGE('',*,*,#4370,.F.);
#4373=ORIENTED_EDGE('',*,*,#4372,.T.);
#4374=ORIENTED_EDGE('',*,*,#4355,.T.);
#4375=EDGE_LOOP('',(#4369,#4371,#4373,#4374));
#4376=FACE_OUTER_BOUND('',#4375,.F.);
#4377=ADVANCED_FACE('',(#4376),#4368,.F.);
#4378=CARTESIAN_POINT('',(-2.5E-2,4.365E-1,4.44E-1));
#4379=DIRECTION('',(1.E0,0.E0,0.E0));
#4380=DIRECTION('',(0.E0,1.E0,0.E0));
#4381=AXIS2_PLACEMENT_3D('',#4378,#4379,#4380);
#4382=PLANE('',#4381);
#4383=ORIENTED_EDGE('',*,*,#3415,.F.);
#4385=ORIENTED_EDGE('',*,*,#4384,.F.);
#4387=ORIENTED_EDGE('',*,*,#4386,.T.);
#4388=ORIENTED_EDGE('',*,*,#4370,.T.);
#4389=EDGE_LOOP('',(#4383,#4385,#4387,#4388));
#4390=FACE_OUTER_BOUND('',#4389,.F.);
#4391=ADVANCED_FACE('',(#4390),#4382,.F.);
#4392=CARTESIAN_POINT('',(-2.E-1,2.24E-1,4.44E-1));
#4393=DIRECTION('',(0.E0,-1.E0,0.E0));
#4394=DIRECTION('',(1.E0,0.E0,0.E0));
#4395=AXIS2_PLACEMENT_3D('',#4392,#4393,#4394);
#4396=PLANE('',#4395);
#4397=ORIENTED_EDGE('',*,*,#3413,.F.);
#4398=ORIENTED_EDGE('',*,*,#4359,.F.);
#4400=ORIENTED_EDGE('',*,*,#4399,.T.);
#4401=ORIENTED_EDGE('',*,*,#4384,.T.);
#4402=EDGE_LOOP('',(#4397,#4398,#4400,#4401));
#4403=FACE_OUTER_BOUND('',#4402,.F.);
#4404=ADVANCED_FACE('',(#4403),#4396,.F.);
#4405=CARTESIAN_POINT('',(-2.E-1,2.355E-1,3.74E-1));
#4406=DIRECTION('',(0.E0,-9.834900573120E-1,-1.809621705454E-1));
#4407=DIRECTION('',(1.E0,0.E0,0.E0));
#4408=AXIS2_PLACEMENT_3D('',#4405,#4406,#4407);
#4409=PLANE('',#4408);
#4411=ORIENTED_EDGE('',*,*,#4410,.T.);
#4413=ORIENTED_EDGE('',*,*,#4412,.T.);
#4414=ORIENTED_EDGE('',*,*,#4399,.F.);
#4416=ORIENTED_EDGE('',*,*,#4415,.F.);
#4417=EDGE_LOOP('',(#4411,#4413,#4414,#4416));
#4418=FACE_OUTER_BOUND('',#4417,.F.);
#4419=ADVANCED_FACE('',(#4418),#4409,.F.);
#4420=CARTESIAN_POINT('',(-2.E-1,2.54E-1,2.715E-1));
#4421=DIRECTION('',(0.E0,-9.850304671557E-1,-1.723803317522E-1));
#4422=DIRECTION('',(1.E0,0.E0,0.E0));
#4423=AXIS2_PLACEMENT_3D('',#4420,#4421,#4422);
#4424=PLANE('',#4423);
#4426=ORIENTED_EDGE('',*,*,#4425,.T.);
#4428=ORIENTED_EDGE('',*,*,#4427,.T.);
#4429=ORIENTED_EDGE('',*,*,#4410,.F.);
#4431=ORIENTED_EDGE('',*,*,#4430,.F.);
#4432=EDGE_LOOP('',(#4426,#4428,#4429,#4431));
#4433=FACE_OUTER_BOUND('',#4432,.F.);
#4434=ADVANCED_FACE('',(#4433),#4424,.F.);
#4435=CARTESIAN_POINT('',(-8.3E-1,6.91E-1,2.315E-1));
#4436=DIRECTION('',(0.E0,0.E0,1.E0));
#4437=DIRECTION('',(1.E0,0.E0,0.E0));
#4438=AXIS2_PLACEMENT_3D('',#4435,#4436,#4437);
#4439=PLANE('',#4438);
#4441=ORIENTED_EDGE('',*,*,#4440,.F.);
#4443=ORIENTED_EDGE('',*,*,#4442,.F.);
#4445=ORIENTED_EDGE('',*,*,#4444,.F.);
#4446=ORIENTED_EDGE('',*,*,#4425,.F.);
#4447=EDGE_LOOP('',(#4441,#4443,#4445,#4446));
#4448=FACE_OUTER_BOUND('',#4447,.F.);
#4449=ADVANCED_FACE('',(#4448),#4439,.T.);
#4450=CARTESIAN_POINT('',(-3.31E-1,3.875E-1,2.715E-1));
#4451=DIRECTION('',(-8.479983040051E-1,0.E0,-5.299989400032E-1));
#4452=DIRECTION('',(0.E0,-1.E0,0.E0));
#4453=AXIS2_PLACEMENT_3D('',#4450,#4451,#4452);
#4454=PLANE('',#4453);
#4455=ORIENTED_EDGE('',*,*,#4440,.T.);
#4456=ORIENTED_EDGE('',*,*,#4430,.T.);
#4458=ORIENTED_EDGE('',*,*,#4457,.F.);
#4460=ORIENTED_EDGE('',*,*,#4459,.F.);
#4461=EDGE_LOOP('',(#4455,#4456,#4458,#4460));
#4462=FACE_OUTER_BOUND('',#4461,.F.);
#4463=ADVANCED_FACE('',(#4462),#4454,.F.);
#4464=CARTESIAN_POINT('',(-3.655E-1,4.1725E-1,3.74E-1));
#4465=DIRECTION('',(-9.886443953834E-1,0.E0,-1.502739480983E-1));
#4466=DIRECTION('',(0.E0,-1.E0,0.E0));
#4467=AXIS2_PLACEMENT_3D('',#4464,#4465,#4466);
#4468=PLANE('',#4467);
#4469=ORIENTED_EDGE('',*,*,#4457,.T.);
#4470=ORIENTED_EDGE('',*,*,#4415,.T.);
#4471=ORIENTED_EDGE('',*,*,#4357,.F.);
#4473=ORIENTED_EDGE('',*,*,#4472,.F.);
#4474=EDGE_LOOP('',(#4469,#4470,#4471,#4473));
#4475=FACE_OUTER_BOUND('',#4474,.F.);
#4476=ADVANCED_FACE('',(#4475),#4468,.F.);
#4477=CARTESIAN_POINT('',(-2.E-1,5.99E-1,3.74E-1));
#4478=DIRECTION('',(0.E0,7.808688094430E-1,-6.246950475544E-1));
#4479=DIRECTION('',(-1.E0,0.E0,0.E0));
#4480=AXIS2_PLACEMENT_3D('',#4477,#4478,#4479);
#4481=PLANE('',#4480);
#4483=ORIENTED_EDGE('',*,*,#4482,.T.);
#4484=ORIENTED_EDGE('',*,*,#4472,.T.);
#4485=ORIENTED_EDGE('',*,*,#4372,.F.);
#4487=ORIENTED_EDGE('',*,*,#4486,.F.);
#4488=EDGE_LOOP('',(#4483,#4484,#4485,#4487));
#4489=FACE_OUTER_BOUND('',#4488,.F.);
#4490=ADVANCED_FACE('',(#4489),#4481,.F.);
#4491=CARTESIAN_POINT('',(-2.E-1,5.21E-1,2.715E-1));
#4492=DIRECTION('',(0.E0,8.192319205190E-1,-5.734623443633E-1));
#4493=DIRECTION('',(-1.E0,0.E0,0.E0));
#4494=AXIS2_PLACEMENT_3D('',#4491,#4492,#4493);
#4495=PLANE('',#4494);
#4496=ORIENTED_EDGE('',*,*,#4442,.T.);
#4497=ORIENTED_EDGE('',*,*,#4459,.T.);
#4498=ORIENTED_EDGE('',*,*,#4482,.F.);
#4500=ORIENTED_EDGE('',*,*,#4499,.F.);
#4501=EDGE_LOOP('',(#4496,#4497,#4498,#4500));
#4502=FACE_OUTER_BOUND('',#4501,.F.);
#4503=ADVANCED_FACE('',(#4502),#4495,.F.);
#4504=CARTESIAN_POINT('',(-6.9E-2,3.875E-1,2.715E-1));
#4505=DIRECTION('',(8.479983040051E-1,0.E0,-5.299989400032E-1));
#4506=DIRECTION('',(0.E0,1.E0,0.E0));
#4507=AXIS2_PLACEMENT_3D('',#4504,#4505,#4506);
#4508=PLANE('',#4507);
#4509=ORIENTED_EDGE('',*,*,#4444,.T.);
#4510=ORIENTED_EDGE('',*,*,#4499,.T.);
#4512=ORIENTED_EDGE('',*,*,#4511,.F.);
#4513=ORIENTED_EDGE('',*,*,#4427,.F.);
#4514=EDGE_LOOP('',(#4509,#4510,#4512,#4513));
#4515=FACE_OUTER_BOUND('',#4514,.F.);
#4516=ADVANCED_FACE('',(#4515),#4508,.F.);
#4517=CARTESIAN_POINT('',(-3.45E-2,4.1725E-1,3.74E-1));
#4518=DIRECTION('',(9.886443953834E-1,0.E0,-1.502739480983E-1));
#4519=DIRECTION('',(0.E0,1.E0,0.E0));
#4520=AXIS2_PLACEMENT_3D('',#4517,#4518,#4519);
#4521=PLANE('',#4520);
#4522=ORIENTED_EDGE('',*,*,#4511,.T.);
#4523=ORIENTED_EDGE('',*,*,#4486,.T.);
#4524=ORIENTED_EDGE('',*,*,#4386,.F.);
#4525=ORIENTED_EDGE('',*,*,#4412,.F.);
#4526=EDGE_LOOP('',(#4522,#4523,#4524,#4525));
#4527=FACE_OUTER_BOUND('',#4526,.F.);
#4528=ADVANCED_FACE('',(#4527),#4521,.F.);
#4529=CARTESIAN_POINT('',(2.5E-2,4.365E-1,4.44E-1));
#4530=DIRECTION('',(-1.E0,0.E0,0.E0));
#4531=DIRECTION('',(0.E0,-1.E0,0.E0));
#4532=AXIS2_PLACEMENT_3D('',#4529,#4530,#4531);
#4533=PLANE('',#4532);
#4534=ORIENTED_EDGE('',*,*,#3421,.F.);
#4536=ORIENTED_EDGE('',*,*,#4535,.F.);
#4538=ORIENTED_EDGE('',*,*,#4537,.T.);
#4540=ORIENTED_EDGE('',*,*,#4539,.T.);
#4541=EDGE_LOOP('',(#4534,#4536,#4538,#4540));
#4542=FACE_OUTER_BOUND('',#4541,.F.);
#4543=ADVANCED_FACE('',(#4542),#4533,.F.);
#4544=CARTESIAN_POINT('',(2.E-1,6.49E-1,4.44E-1));
#4545=DIRECTION('',(0.E0,1.E0,0.E0));
#4546=DIRECTION('',(-1.E0,0.E0,0.E0));
#4547=AXIS2_PLACEMENT_3D('',#4544,#4545,#4546);
#4548=PLANE('',#4547);
#4549=ORIENTED_EDGE('',*,*,#3427,.F.);
#4551=ORIENTED_EDGE('',*,*,#4550,.F.);
#4553=ORIENTED_EDGE('',*,*,#4552,.T.);
#4554=ORIENTED_EDGE('',*,*,#4535,.T.);
#4555=EDGE_LOOP('',(#4549,#4551,#4553,#4554));
#4556=FACE_OUTER_BOUND('',#4555,.F.);
#4557=ADVANCED_FACE('',(#4556),#4548,.F.);
#4558=CARTESIAN_POINT('',(3.75E-1,4.365E-1,4.44E-1));
#4559=DIRECTION('',(1.E0,0.E0,0.E0));
#4560=DIRECTION('',(0.E0,1.E0,0.E0));
#4561=AXIS2_PLACEMENT_3D('',#4558,#4559,#4560);
#4562=PLANE('',#4561);
#4563=ORIENTED_EDGE('',*,*,#3425,.F.);
#4565=ORIENTED_EDGE('',*,*,#4564,.F.);
#4567=ORIENTED_EDGE('',*,*,#4566,.T.);
#4568=ORIENTED_EDGE('',*,*,#4550,.T.);
#4569=EDGE_LOOP('',(#4563,#4565,#4567,#4568));
#4570=FACE_OUTER_BOUND('',#4569,.F.);
#4571=ADVANCED_FACE('',(#4570),#4562,.F.);
#4572=CARTESIAN_POINT('',(2.E-1,2.24E-1,4.44E-1));
#4573=DIRECTION('',(0.E0,-1.E0,0.E0));
#4574=DIRECTION('',(1.E0,0.E0,0.E0));
#4575=AXIS2_PLACEMENT_3D('',#4572,#4573,#4574);
#4576=PLANE('',#4575);
#4577=ORIENTED_EDGE('',*,*,#3423,.F.);
#4578=ORIENTED_EDGE('',*,*,#4539,.F.);
#4580=ORIENTED_EDGE('',*,*,#4579,.T.);
#4581=ORIENTED_EDGE('',*,*,#4564,.T.);
#4582=EDGE_LOOP('',(#4577,#4578,#4580,#4581));
#4583=FACE_OUTER_BOUND('',#4582,.F.);
#4584=ADVANCED_FACE('',(#4583),#4576,.F.);
#4585=CARTESIAN_POINT('',(2.E-1,2.355E-1,3.74E-1));
#4586=DIRECTION('',(0.E0,-9.834900573120E-1,-1.809621705454E-1));
#4587=DIRECTION('',(1.E0,0.E0,0.E0));
#4588=AXIS2_PLACEMENT_3D('',#4585,#4586,#4587);
#4589=PLANE('',#4588);
#4591=ORIENTED_EDGE('',*,*,#4590,.T.);
#4593=ORIENTED_EDGE('',*,*,#4592,.T.);
#4594=ORIENTED_EDGE('',*,*,#4579,.F.);
#4596=ORIENTED_EDGE('',*,*,#4595,.F.);
#4597=EDGE_LOOP('',(#4591,#4593,#4594,#4596));
#4598=FACE_OUTER_BOUND('',#4597,.F.);
#4599=ADVANCED_FACE('',(#4598),#4589,.F.);
#4600=CARTESIAN_POINT('',(2.E-1,2.54E-1,2.715E-1));
#4601=DIRECTION('',(0.E0,-9.850304671557E-1,-1.723803317522E-1));
#4602=DIRECTION('',(1.E0,0.E0,0.E0));
#4603=AXIS2_PLACEMENT_3D('',#4600,#4601,#4602);
#4604=PLANE('',#4603);
#4606=ORIENTED_EDGE('',*,*,#4605,.T.);
#4608=ORIENTED_EDGE('',*,*,#4607,.T.);
#4609=ORIENTED_EDGE('',*,*,#4590,.F.);
#4611=ORIENTED_EDGE('',*,*,#4610,.F.);
#4612=EDGE_LOOP('',(#4606,#4608,#4609,#4611));
#4613=FACE_OUTER_BOUND('',#4612,.F.);
#4614=ADVANCED_FACE('',(#4613),#4604,.F.);
#4615=CARTESIAN_POINT('',(-8.3E-1,6.91E-1,2.315E-1));
#4616=DIRECTION('',(0.E0,0.E0,1.E0));
#4617=DIRECTION('',(1.E0,0.E0,0.E0));
#4618=AXIS2_PLACEMENT_3D('',#4615,#4616,#4617);
#4619=PLANE('',#4618);
#4621=ORIENTED_EDGE('',*,*,#4620,.F.);
#4623=ORIENTED_EDGE('',*,*,#4622,.F.);
#4625=ORIENTED_EDGE('',*,*,#4624,.F.);
#4626=ORIENTED_EDGE('',*,*,#4605,.F.);
#4627=EDGE_LOOP('',(#4621,#4623,#4625,#4626));
#4628=FACE_OUTER_BOUND('',#4627,.F.);
#4629=ADVANCED_FACE('',(#4628),#4619,.T.);
#4630=CARTESIAN_POINT('',(6.9E-2,3.875E-1,2.715E-1));
#4631=DIRECTION('',(-8.479983040051E-1,0.E0,-5.299989400032E-1));
#4632=DIRECTION('',(0.E0,-1.E0,0.E0));
#4633=AXIS2_PLACEMENT_3D('',#4630,#4631,#4632);
#4634=PLANE('',#4633);
#4635=ORIENTED_EDGE('',*,*,#4620,.T.);
#4636=ORIENTED_EDGE('',*,*,#4610,.T.);
#4638=ORIENTED_EDGE('',*,*,#4637,.F.);
#4640=ORIENTED_EDGE('',*,*,#4639,.F.);
#4641=EDGE_LOOP('',(#4635,#4636,#4638,#4640));
#4642=FACE_OUTER_BOUND('',#4641,.F.);
#4643=ADVANCED_FACE('',(#4642),#4634,.F.);
#4644=CARTESIAN_POINT('',(3.45E-2,4.1725E-1,3.74E-1));
#4645=DIRECTION('',(-9.886443953834E-1,0.E0,-1.502739480983E-1));
#4646=DIRECTION('',(0.E0,-1.E0,0.E0));
#4647=AXIS2_PLACEMENT_3D('',#4644,#4645,#4646);
#4648=PLANE('',#4647);
#4649=ORIENTED_EDGE('',*,*,#4637,.T.);
#4650=ORIENTED_EDGE('',*,*,#4595,.T.);
#4651=ORIENTED_EDGE('',*,*,#4537,.F.);
#4653=ORIENTED_EDGE('',*,*,#4652,.F.);
#4654=EDGE_LOOP('',(#4649,#4650,#4651,#4653));
#4655=FACE_OUTER_BOUND('',#4654,.F.);
#4656=ADVANCED_FACE('',(#4655),#4648,.F.);
#4657=CARTESIAN_POINT('',(2.E-1,5.99E-1,3.74E-1));
#4658=DIRECTION('',(0.E0,7.808688094430E-1,-6.246950475544E-1));
#4659=DIRECTION('',(-1.E0,0.E0,0.E0));
#4660=AXIS2_PLACEMENT_3D('',#4657,#4658,#4659);
#4661=PLANE('',#4660);
#4663=ORIENTED_EDGE('',*,*,#4662,.T.);
#4664=ORIENTED_EDGE('',*,*,#4652,.T.);
#4665=ORIENTED_EDGE('',*,*,#4552,.F.);
#4667=ORIENTED_EDGE('',*,*,#4666,.F.);
#4668=EDGE_LOOP('',(#4663,#4664,#4665,#4667));
#4669=FACE_OUTER_BOUND('',#4668,.F.);
#4670=ADVANCED_FACE('',(#4669),#4661,.F.);
#4671=CARTESIAN_POINT('',(2.E-1,5.21E-1,2.715E-1));
#4672=DIRECTION('',(0.E0,8.192319205190E-1,-5.734623443633E-1));
#4673=DIRECTION('',(-1.E0,0.E0,0.E0));
#4674=AXIS2_PLACEMENT_3D('',#4671,#4672,#4673);
#4675=PLANE('',#4674);
#4676=ORIENTED_EDGE('',*,*,#4622,.T.);
#4677=ORIENTED_EDGE('',*,*,#4639,.T.);
#4678=ORIENTED_EDGE('',*,*,#4662,.F.);
#4680=ORIENTED_EDGE('',*,*,#4679,.F.);
#4681=EDGE_LOOP('',(#4676,#4677,#4678,#4680));
#4682=FACE_OUTER_BOUND('',#4681,.F.);
#4683=ADVANCED_FACE('',(#4682),#4675,.F.);
#4684=CARTESIAN_POINT('',(3.31E-1,3.875E-1,2.715E-1));
#4685=DIRECTION('',(8.479983040051E-1,0.E0,-5.299989400032E-1));
#4686=DIRECTION('',(0.E0,1.E0,0.E0));
#4687=AXIS2_PLACEMENT_3D('',#4684,#4685,#4686);
#4688=PLANE('',#4687);
#4689=ORIENTED_EDGE('',*,*,#4624,.T.);
#4690=ORIENTED_EDGE('',*,*,#4679,.T.);
#4692=ORIENTED_EDGE('',*,*,#4691,.F.);
#4693=ORIENTED_EDGE('',*,*,#4607,.F.);
#4694=EDGE_LOOP('',(#4689,#4690,#4692,#4693));
#4695=FACE_OUTER_BOUND('',#4694,.F.);
#4696=ADVANCED_FACE('',(#4695),#4688,.F.);
#4697=CARTESIAN_POINT('',(3.655E-1,4.1725E-1,3.74E-1));
#4698=DIRECTION('',(9.886443953834E-1,0.E0,-1.502739480983E-1));
#4699=DIRECTION('',(0.E0,1.E0,0.E0));
#4700=AXIS2_PLACEMENT_3D('',#4697,#4698,#4699);
#4701=PLANE('',#4700);
#4702=ORIENTED_EDGE('',*,*,#4691,.T.);
#4703=ORIENTED_EDGE('',*,*,#4666,.T.);
#4704=ORIENTED_EDGE('',*,*,#4566,.F.);
#4705=ORIENTED_EDGE('',*,*,#4592,.F.);
#4706=EDGE_LOOP('',(#4702,#4703,#4704,#4705));
#4707=FACE_OUTER_BOUND('',#4706,.F.);
#4708=ADVANCED_FACE('',(#4707),#4701,.F.);
#4709=CARTESIAN_POINT('',(4.25E-1,4.365E-1,4.44E-1));
#4710=DIRECTION('',(-1.E0,0.E0,0.E0));
#4711=DIRECTION('',(0.E0,-1.E0,0.E0));
#4712=AXIS2_PLACEMENT_3D('',#4709,#4710,#4711);
#4713=PLANE('',#4712);
#4714=ORIENTED_EDGE('',*,*,#3431,.F.);
#4716=ORIENTED_EDGE('',*,*,#4715,.F.);
#4718=ORIENTED_EDGE('',*,*,#4717,.T.);
#4720=ORIENTED_EDGE('',*,*,#4719,.T.);
#4721=EDGE_LOOP('',(#4714,#4716,#4718,#4720));
#4722=FACE_OUTER_BOUND('',#4721,.F.);
#4723=ADVANCED_FACE('',(#4722),#4713,.F.);
#4724=CARTESIAN_POINT('',(6.E-1,6.49E-1,4.44E-1));
#4725=DIRECTION('',(0.E0,1.E0,0.E0));
#4726=DIRECTION('',(-1.E0,0.E0,0.E0));
#4727=AXIS2_PLACEMENT_3D('',#4724,#4725,#4726);
#4728=PLANE('',#4727);
#4729=ORIENTED_EDGE('',*,*,#3437,.F.);
#4731=ORIENTED_EDGE('',*,*,#4730,.F.);
#4733=ORIENTED_EDGE('',*,*,#4732,.T.);
#4734=ORIENTED_EDGE('',*,*,#4715,.T.);
#4735=EDGE_LOOP('',(#4729,#4731,#4733,#4734));
#4736=FACE_OUTER_BOUND('',#4735,.F.);
#4737=ADVANCED_FACE('',(#4736),#4728,.F.);
#4738=CARTESIAN_POINT('',(7.75E-1,4.365E-1,4.44E-1));
#4739=DIRECTION('',(1.E0,0.E0,0.E0));
#4740=DIRECTION('',(0.E0,1.E0,0.E0));
#4741=AXIS2_PLACEMENT_3D('',#4738,#4739,#4740);
#4742=PLANE('',#4741);
#4743=ORIENTED_EDGE('',*,*,#3435,.F.);
#4745=ORIENTED_EDGE('',*,*,#4744,.F.);
#4747=ORIENTED_EDGE('',*,*,#4746,.T.);
#4748=ORIENTED_EDGE('',*,*,#4730,.T.);
#4749=EDGE_LOOP('',(#4743,#4745,#4747,#4748));
#4750=FACE_OUTER_BOUND('',#4749,.F.);
#4751=ADVANCED_FACE('',(#4750),#4742,.F.);
#4752=CARTESIAN_POINT('',(6.E-1,2.24E-1,4.44E-1));
#4753=DIRECTION('',(0.E0,-1.E0,0.E0));
#4754=DIRECTION('',(1.E0,0.E0,0.E0));
#4755=AXIS2_PLACEMENT_3D('',#4752,#4753,#4754);
#4756=PLANE('',#4755);
#4757=ORIENTED_EDGE('',*,*,#3433,.F.);
#4758=ORIENTED_EDGE('',*,*,#4719,.F.);
#4760=ORIENTED_EDGE('',*,*,#4759,.T.);
#4761=ORIENTED_EDGE('',*,*,#4744,.T.);
#4762=EDGE_LOOP('',(#4757,#4758,#4760,#4761));
#4763=FACE_OUTER_BOUND('',#4762,.F.);
#4764=ADVANCED_FACE('',(#4763),#4756,.F.);
#4765=CARTESIAN_POINT('',(6.E-1,2.355E-1,3.74E-1));
#4766=DIRECTION('',(0.E0,-9.834900573120E-1,-1.809621705454E-1));
#4767=DIRECTION('',(1.E0,0.E0,0.E0));
#4768=AXIS2_PLACEMENT_3D('',#4765,#4766,#4767);
#4769=PLANE('',#4768);
#4771=ORIENTED_EDGE('',*,*,#4770,.T.);
#4773=ORIENTED_EDGE('',*,*,#4772,.T.);
#4774=ORIENTED_EDGE('',*,*,#4759,.F.);
#4776=ORIENTED_EDGE('',*,*,#4775,.F.);
#4777=EDGE_LOOP('',(#4771,#4773,#4774,#4776));
#4778=FACE_OUTER_BOUND('',#4777,.F.);
#4779=ADVANCED_FACE('',(#4778),#4769,.F.);
#4780=CARTESIAN_POINT('',(6.E-1,2.54E-1,2.715E-1));
#4781=DIRECTION('',(0.E0,-9.850304671557E-1,-1.723803317522E-1));
#4782=DIRECTION('',(1.E0,0.E0,0.E0));
#4783=AXIS2_PLACEMENT_3D('',#4780,#4781,#4782);
#4784=PLANE('',#4783);
#4786=ORIENTED_EDGE('',*,*,#4785,.T.);
#4788=ORIENTED_EDGE('',*,*,#4787,.T.);
#4789=ORIENTED_EDGE('',*,*,#4770,.F.);
#4791=ORIENTED_EDGE('',*,*,#4790,.F.);
#4792=EDGE_LOOP('',(#4786,#4788,#4789,#4791));
#4793=FACE_OUTER_BOUND('',#4792,.F.);
#4794=ADVANCED_FACE('',(#4793),#4784,.F.);
#4795=CARTESIAN_POINT('',(-8.3E-1,6.91E-1,2.315E-1));
#4796=DIRECTION('',(0.E0,0.E0,1.E0));
#4797=DIRECTION('',(1.E0,0.E0,0.E0));
#4798=AXIS2_PLACEMENT_3D('',#4795,#4796,#4797);
#4799=PLANE('',#4798);
#4801=ORIENTED_EDGE('',*,*,#4800,.F.);
#4803=ORIENTED_EDGE('',*,*,#4802,.F.);
#4805=ORIENTED_EDGE('',*,*,#4804,.F.);
#4806=ORIENTED_EDGE('',*,*,#4785,.F.);
#4807=EDGE_LOOP('',(#4801,#4803,#4805,#4806));
#4808=FACE_OUTER_BOUND('',#4807,.F.);
#4809=ADVANCED_FACE('',(#4808),#4799,.T.);
#4810=CARTESIAN_POINT('',(4.69E-1,3.875E-1,2.715E-1));
#4811=DIRECTION('',(-8.479983040051E-1,0.E0,-5.299989400032E-1));
#4812=DIRECTION('',(0.E0,-1.E0,0.E0));
#4813=AXIS2_PLACEMENT_3D('',#4810,#4811,#4812);
#4814=PLANE('',#4813);
#4815=ORIENTED_EDGE('',*,*,#4800,.T.);
#4816=ORIENTED_EDGE('',*,*,#4790,.T.);
#4818=ORIENTED_EDGE('',*,*,#4817,.F.);
#4820=ORIENTED_EDGE('',*,*,#4819,.F.);
#4821=EDGE_LOOP('',(#4815,#4816,#4818,#4820));
#4822=FACE_OUTER_BOUND('',#4821,.F.);
#4823=ADVANCED_FACE('',(#4822),#4814,.F.);
#4824=CARTESIAN_POINT('',(4.345E-1,4.1725E-1,3.74E-1));
#4825=DIRECTION('',(-9.886443953834E-1,0.E0,-1.502739480983E-1));
#4826=DIRECTION('',(0.E0,-1.E0,0.E0));
#4827=AXIS2_PLACEMENT_3D('',#4824,#4825,#4826);
#4828=PLANE('',#4827);
#4829=ORIENTED_EDGE('',*,*,#4817,.T.);
#4830=ORIENTED_EDGE('',*,*,#4775,.T.);
#4831=ORIENTED_EDGE('',*,*,#4717,.F.);
#4833=ORIENTED_EDGE('',*,*,#4832,.F.);
#4834=EDGE_LOOP('',(#4829,#4830,#4831,#4833));
#4835=FACE_OUTER_BOUND('',#4834,.F.);
#4836=ADVANCED_FACE('',(#4835),#4828,.F.);
#4837=CARTESIAN_POINT('',(6.E-1,5.99E-1,3.74E-1));
#4838=DIRECTION('',(0.E0,7.808688094430E-1,-6.246950475544E-1));
#4839=DIRECTION('',(-1.E0,0.E0,0.E0));
#4840=AXIS2_PLACEMENT_3D('',#4837,#4838,#4839);
#4841=PLANE('',#4840);
#4843=ORIENTED_EDGE('',*,*,#4842,.T.);
#4844=ORIENTED_EDGE('',*,*,#4832,.T.);
#4845=ORIENTED_EDGE('',*,*,#4732,.F.);
#4847=ORIENTED_EDGE('',*,*,#4846,.F.);
#4848=EDGE_LOOP('',(#4843,#4844,#4845,#4847));
#4849=FACE_OUTER_BOUND('',#4848,.F.);
#4850=ADVANCED_FACE('',(#4849),#4841,.F.);
#4851=CARTESIAN_POINT('',(6.E-1,5.21E-1,2.715E-1));
#4852=DIRECTION('',(0.E0,8.192319205190E-1,-5.734623443633E-1));
#4853=DIRECTION('',(-1.E0,0.E0,0.E0));
#4854=AXIS2_PLACEMENT_3D('',#4851,#4852,#4853);
#4855=PLANE('',#4854);
#4856=ORIENTED_EDGE('',*,*,#4802,.T.);
#4857=ORIENTED_EDGE('',*,*,#4819,.T.);
#4858=ORIENTED_EDGE('',*,*,#4842,.F.);
#4860=ORIENTED_EDGE('',*,*,#4859,.F.);
#4861=EDGE_LOOP('',(#4856,#4857,#4858,#4860));
#4862=FACE_OUTER_BOUND('',#4861,.F.);
#4863=ADVANCED_FACE('',(#4862),#4855,.F.);
#4864=CARTESIAN_POINT('',(7.31E-1,3.875E-1,2.715E-1));
#4865=DIRECTION('',(8.479983040051E-1,0.E0,-5.299989400032E-1));
#4866=DIRECTION('',(0.E0,1.E0,0.E0));
#4867=AXIS2_PLACEMENT_3D('',#4864,#4865,#4866);
#4868=PLANE('',#4867);
#4869=ORIENTED_EDGE('',*,*,#4804,.T.);
#4870=ORIENTED_EDGE('',*,*,#4859,.T.);
#4872=ORIENTED_EDGE('',*,*,#4871,.F.);
#4873=ORIENTED_EDGE('',*,*,#4787,.F.);
#4874=EDGE_LOOP('',(#4869,#4870,#4872,#4873));
#4875=FACE_OUTER_BOUND('',#4874,.F.);
#4876=ADVANCED_FACE('',(#4875),#4868,.F.);
#4877=CARTESIAN_POINT('',(7.655E-1,4.1725E-1,3.74E-1));
#4878=DIRECTION('',(9.886443953834E-1,0.E0,-1.502739480983E-1));
#4879=DIRECTION('',(0.E0,1.E0,0.E0));
#4880=AXIS2_PLACEMENT_3D('',#4877,#4878,#4879);
#4881=PLANE('',#4880);
#4882=ORIENTED_EDGE('',*,*,#4871,.T.);
#4883=ORIENTED_EDGE('',*,*,#4846,.T.);
#4884=ORIENTED_EDGE('',*,*,#4746,.F.);
#4885=ORIENTED_EDGE('',*,*,#4772,.F.);
#4886=EDGE_LOOP('',(#4882,#4883,#4884,#4885));
#4887=FACE_OUTER_BOUND('',#4886,.F.);
#4888=ADVANCED_FACE('',(#4887),#4881,.F.);
#4889=CARTESIAN_POINT('',(-6.75E-1,5.5E-2,2.675E-1));
#4890=DIRECTION('',(0.E0,0.E0,1.E0));
#4891=DIRECTION('',(-1.E0,0.E0,0.E0));
#4892=AXIS2_PLACEMENT_3D('',#4889,#4890,#4891);
#4893=PLANE('',#4892);
#4894=ORIENTED_EDGE('',*,*,#3135,.F.);
#4896=ORIENTED_EDGE('',*,*,#4895,.T.);
#4898=ORIENTED_EDGE('',*,*,#4897,.T.);
#4900=ORIENTED_EDGE('',*,*,#4899,.F.);
#4901=EDGE_LOOP('',(#4894,#4896,#4898,#4900));
#4902=FACE_OUTER_BOUND('',#4901,.F.);
#4903=ADVANCED_FACE('',(#4902),#4893,.T.);
#4904=CARTESIAN_POINT('',(-6.75E-1,5.5E-2,2.325E-1));
#4905=DIRECTION('',(1.E0,0.E0,0.E0));
#4906=DIRECTION('',(0.E0,0.E0,1.E0));
#4907=AXIS2_PLACEMENT_3D('',#4904,#4905,#4906);
#4908=PLANE('',#4907);
#4909=ORIENTED_EDGE('',*,*,#3149,.F.);
#4911=ORIENTED_EDGE('',*,*,#4910,.T.);
#4913=ORIENTED_EDGE('',*,*,#4912,.T.);
#4914=ORIENTED_EDGE('',*,*,#4895,.F.);
#4915=EDGE_LOOP('',(#4909,#4911,#4913,#4914));
#4916=FACE_OUTER_BOUND('',#4915,.F.);
#4917=ADVANCED_FACE('',(#4916),#4908,.T.);
#4918=CARTESIAN_POINT('',(-7.315E-1,5.5E-2,2.325E-1));
#4919=DIRECTION('',(0.E0,0.E0,-1.E0));
#4920=DIRECTION('',(1.E0,0.E0,0.E0));
#4921=AXIS2_PLACEMENT_3D('',#4918,#4919,#4920);
#4922=PLANE('',#4921);
#4923=ORIENTED_EDGE('',*,*,#3147,.F.);
#4925=ORIENTED_EDGE('',*,*,#4924,.T.);
#4927=ORIENTED_EDGE('',*,*,#4926,.T.);
#4928=ORIENTED_EDGE('',*,*,#4910,.F.);
#4929=EDGE_LOOP('',(#4923,#4925,#4927,#4928));
#4930=FACE_OUTER_BOUND('',#4929,.F.);
#4931=ADVANCED_FACE('',(#4930),#4922,.T.);
#4932=CARTESIAN_POINT('',(-7.315E-1,5.5E-2,-2.415E-1));
#4933=DIRECTION('',(1.E0,0.E0,0.E0));
#4934=DIRECTION('',(0.E0,0.E0,1.E0));
#4935=AXIS2_PLACEMENT_3D('',#4932,#4933,#4934);
#4936=PLANE('',#4935);
#4937=ORIENTED_EDGE('',*,*,#3145,.F.);
#4939=ORIENTED_EDGE('',*,*,#4938,.T.);
#4941=ORIENTED_EDGE('',*,*,#4940,.T.);
#4942=ORIENTED_EDGE('',*,*,#4924,.F.);
#4943=EDGE_LOOP('',(#4937,#4939,#4941,#4942));
#4944=FACE_OUTER_BOUND('',#4943,.F.);
#4945=ADVANCED_FACE('',(#4944),#4936,.T.);
#4946=CARTESIAN_POINT('',(-6.75E-1,5.5E-2,-2.415E-1));
#4947=DIRECTION('',(0.E0,0.E0,1.E0));
#4948=DIRECTION('',(-1.E0,0.E0,0.E0));
#4949=AXIS2_PLACEMENT_3D('',#4946,#4947,#4948);
#4950=PLANE('',#4949);
#4951=ORIENTED_EDGE('',*,*,#3143,.F.);
#4953=ORIENTED_EDGE('',*,*,#4952,.T.);
#4955=ORIENTED_EDGE('',*,*,#4954,.T.);
#4956=ORIENTED_EDGE('',*,*,#4938,.F.);
#4957=EDGE_LOOP('',(#4951,#4953,#4955,#4956));
#4958=FACE_OUTER_BOUND('',#4957,.F.);
#4959=ADVANCED_FACE('',(#4958),#4950,.T.);
#4960=CARTESIAN_POINT('',(-6.75E-1,5.5E-2,-2.765E-1));
#4961=DIRECTION('',(1.E0,0.E0,0.E0));
#4962=DIRECTION('',(0.E0,0.E0,1.E0));
#4963=AXIS2_PLACEMENT_3D('',#4960,#4961,#4962);
#4964=PLANE('',#4963);
#4965=ORIENTED_EDGE('',*,*,#3141,.F.);
#4967=ORIENTED_EDGE('',*,*,#4966,.T.);
#4969=ORIENTED_EDGE('',*,*,#4968,.T.);
#4970=ORIENTED_EDGE('',*,*,#4952,.F.);
#4971=EDGE_LOOP('',(#4965,#4967,#4969,#4970));
#4972=FACE_OUTER_BOUND('',#4971,.F.);
#4973=ADVANCED_FACE('',(#4972),#4964,.T.);
#4974=CARTESIAN_POINT('',(-7.665E-1,5.5E-2,-2.765E-1));
#4975=DIRECTION('',(0.E0,0.E0,-1.E0));
#4976=DIRECTION('',(1.E0,0.E0,0.E0));
#4977=AXIS2_PLACEMENT_3D('',#4974,#4975,#4976);
#4978=PLANE('',#4977);
#4979=ORIENTED_EDGE('',*,*,#3139,.F.);
#4981=ORIENTED_EDGE('',*,*,#4980,.T.);
#4983=ORIENTED_EDGE('',*,*,#4982,.T.);
#4984=ORIENTED_EDGE('',*,*,#4966,.F.);
#4985=EDGE_LOOP('',(#4979,#4981,#4983,#4984));
#4986=FACE_OUTER_BOUND('',#4985,.F.);
#4987=ADVANCED_FACE('',(#4986),#4978,.T.);
#4988=CARTESIAN_POINT('',(-7.665E-1,5.5E-2,2.675E-1));
#4989=DIRECTION('',(-1.E0,0.E0,0.E0));
#4990=DIRECTION('',(0.E0,0.E0,-1.E0));
#4991=AXIS2_PLACEMENT_3D('',#4988,#4989,#4990);
#4992=PLANE('',#4991);
#4993=ORIENTED_EDGE('',*,*,#3137,.F.);
#4994=ORIENTED_EDGE('',*,*,#4899,.T.);
#4996=ORIENTED_EDGE('',*,*,#4995,.T.);
#4997=ORIENTED_EDGE('',*,*,#4980,.F.);
#4998=EDGE_LOOP('',(#4993,#4994,#4996,#4997));
#4999=FACE_OUTER_BOUND('',#4998,.F.);
#5000=ADVANCED_FACE('',(#4999),#4992,.T.);
#5001=CARTESIAN_POINT('',(-8.3E-1,0.E0,0.E0));
#5002=DIRECTION('',(0.E0,-1.E0,0.E0));
#5003=DIRECTION('',(1.E0,0.E0,0.E0));
#5004=AXIS2_PLACEMENT_3D('',#5001,#5002,#5003);
#5005=PLANE('',#5004);
#5006=ORIENTED_EDGE('',*,*,#4897,.F.);
#5007=ORIENTED_EDGE('',*,*,#4912,.F.);
#5008=ORIENTED_EDGE('',*,*,#4926,.F.);
#5009=ORIENTED_EDGE('',*,*,#4940,.F.);
#5010=ORIENTED_EDGE('',*,*,#4954,.F.);
#5011=ORIENTED_EDGE('',*,*,#4968,.F.);
#5012=ORIENTED_EDGE('',*,*,#4982,.F.);
#5013=ORIENTED_EDGE('',*,*,#4995,.F.);
#5014=EDGE_LOOP('',(#5006,#5007,#5008,#5009,#5010,#5011,#5012,#5013));
#5015=FACE_OUTER_BOUND('',#5014,.F.);
#5016=ADVANCED_FACE('',(#5015),#5005,.T.);
#5017=CARTESIAN_POINT('',(-8.3E-1,0.E0,0.E0));
#5018=DIRECTION('',(0.E0,-1.E0,0.E0));
#5019=DIRECTION('',(1.E0,0.E0,0.E0));
#5020=AXIS2_PLACEMENT_3D('',#5017,#5018,#5019);
#5021=PLANE('',#5020);
#5023=ORIENTED_EDGE('',*,*,#5022,.F.);
#5025=ORIENTED_EDGE('',*,*,#5024,.F.);
#5027=ORIENTED_EDGE('',*,*,#5026,.F.);
#5029=ORIENTED_EDGE('',*,*,#5028,.F.);
#5031=ORIENTED_EDGE('',*,*,#5030,.F.);
#5033=ORIENTED_EDGE('',*,*,#5032,.F.);
#5035=ORIENTED_EDGE('',*,*,#5034,.F.);
#5037=ORIENTED_EDGE('',*,*,#5036,.F.);
#5038=EDGE_LOOP('',(#5023,#5025,#5027,#5029,#5031,#5033,#5035,#5037));
#5039=FACE_OUTER_BOUND('',#5038,.F.);
#5040=ADVANCED_FACE('',(#5039),#5021,.T.);
#5041=CARTESIAN_POINT('',(-5.25E-1,5.5E-2,2.675E-1));
#5042=DIRECTION('',(-1.E0,0.E0,0.E0));
#5043=DIRECTION('',(0.E0,0.E0,-1.E0));
#5044=AXIS2_PLACEMENT_3D('',#5041,#5042,#5043);
#5045=PLANE('',#5044);
#5046=ORIENTED_EDGE('',*,*,#3153,.F.);
#5048=ORIENTED_EDGE('',*,*,#5047,.T.);
#5049=ORIENTED_EDGE('',*,*,#5022,.T.);
#5051=ORIENTED_EDGE('',*,*,#5050,.F.);
#5052=EDGE_LOOP('',(#5046,#5048,#5049,#5051));
#5053=FACE_OUTER_BOUND('',#5052,.F.);
#5054=ADVANCED_FACE('',(#5053),#5045,.T.);
#5055=CARTESIAN_POINT('',(-4.335E-1,5.5E-2,2.675E-1));
#5056=DIRECTION('',(0.E0,0.E0,1.E0));
#5057=DIRECTION('',(-1.E0,0.E0,0.E0));
#5058=AXIS2_PLACEMENT_3D('',#5055,#5056,#5057);
#5059=PLANE('',#5058);
#5060=ORIENTED_EDGE('',*,*,#3167,.F.);
#5062=ORIENTED_EDGE('',*,*,#5061,.T.);
#5063=ORIENTED_EDGE('',*,*,#5024,.T.);
#5064=ORIENTED_EDGE('',*,*,#5047,.F.);
#5065=EDGE_LOOP('',(#5060,#5062,#5063,#5064));
#5066=FACE_OUTER_BOUND('',#5065,.F.);
#5067=ADVANCED_FACE('',(#5066),#5059,.T.);
#5068=CARTESIAN_POINT('',(-4.335E-1,5.5E-2,-2.765E-1));
#5069=DIRECTION('',(1.E0,0.E0,0.E0));
#5070=DIRECTION('',(0.E0,0.E0,1.E0));
#5071=AXIS2_PLACEMENT_3D('',#5068,#5069,#5070);
#5072=PLANE('',#5071);
#5073=ORIENTED_EDGE('',*,*,#3165,.F.);
#5075=ORIENTED_EDGE('',*,*,#5074,.T.);
#5076=ORIENTED_EDGE('',*,*,#5026,.T.);
#5077=ORIENTED_EDGE('',*,*,#5061,.F.);
#5078=EDGE_LOOP('',(#5073,#5075,#5076,#5077));
#5079=FACE_OUTER_BOUND('',#5078,.F.);
#5080=ADVANCED_FACE('',(#5079),#5072,.T.);
#5081=CARTESIAN_POINT('',(-5.25E-1,5.5E-2,-2.765E-1));
#5082=DIRECTION('',(0.E0,0.E0,-1.E0));
#5083=DIRECTION('',(1.E0,0.E0,0.E0));
#5084=AXIS2_PLACEMENT_3D('',#5081,#5082,#5083);
#5085=PLANE('',#5084);
#5086=ORIENTED_EDGE('',*,*,#3163,.F.);
#5088=ORIENTED_EDGE('',*,*,#5087,.T.);
#5089=ORIENTED_EDGE('',*,*,#5028,.T.);
#5090=ORIENTED_EDGE('',*,*,#5074,.F.);
#5091=EDGE_LOOP('',(#5086,#5088,#5089,#5090));
#5092=FACE_OUTER_BOUND('',#5091,.F.);
#5093=ADVANCED_FACE('',(#5092),#5085,.T.);
#5094=CARTESIAN_POINT('',(-5.25E-1,5.5E-2,-2.415E-1));
#5095=DIRECTION('',(-1.E0,0.E0,0.E0));
#5096=DIRECTION('',(0.E0,0.E0,-1.E0));
#5097=AXIS2_PLACEMENT_3D('',#5094,#5095,#5096);
#5098=PLANE('',#5097);
#5099=ORIENTED_EDGE('',*,*,#3161,.F.);
#5101=ORIENTED_EDGE('',*,*,#5100,.T.);
#5102=ORIENTED_EDGE('',*,*,#5030,.T.);
#5103=ORIENTED_EDGE('',*,*,#5087,.F.);
#5104=EDGE_LOOP('',(#5099,#5101,#5102,#5103));
#5105=FACE_OUTER_BOUND('',#5104,.F.);
#5106=ADVANCED_FACE('',(#5105),#5098,.T.);
#5107=CARTESIAN_POINT('',(-4.685E-1,5.5E-2,-2.415E-1));
#5108=DIRECTION('',(0.E0,0.E0,1.E0));
#5109=DIRECTION('',(-1.E0,0.E0,0.E0));
#5110=AXIS2_PLACEMENT_3D('',#5107,#5108,#5109);
#5111=PLANE('',#5110);
#5112=ORIENTED_EDGE('',*,*,#3159,.F.);
#5114=ORIENTED_EDGE('',*,*,#5113,.T.);
#5115=ORIENTED_EDGE('',*,*,#5032,.T.);
#5116=ORIENTED_EDGE('',*,*,#5100,.F.);
#5117=EDGE_LOOP('',(#5112,#5114,#5115,#5116));
#5118=FACE_OUTER_BOUND('',#5117,.F.);
#5119=ADVANCED_FACE('',(#5118),#5111,.T.);
#5120=CARTESIAN_POINT('',(-4.685E-1,5.5E-2,2.325E-1));
#5121=DIRECTION('',(-1.E0,0.E0,0.E0));
#5122=DIRECTION('',(0.E0,0.E0,-1.E0));
#5123=AXIS2_PLACEMENT_3D('',#5120,#5121,#5122);
#5124=PLANE('',#5123);
#5125=ORIENTED_EDGE('',*,*,#3157,.F.);
#5127=ORIENTED_EDGE('',*,*,#5126,.T.);
#5128=ORIENTED_EDGE('',*,*,#5034,.T.);
#5129=ORIENTED_EDGE('',*,*,#5113,.F.);
#5130=EDGE_LOOP('',(#5125,#5127,#5128,#5129));
#5131=FACE_OUTER_BOUND('',#5130,.F.);
#5132=ADVANCED_FACE('',(#5131),#5124,.T.);
#5133=CARTESIAN_POINT('',(-5.25E-1,5.5E-2,2.325E-1));
#5134=DIRECTION('',(0.E0,0.E0,-1.E0));
#5135=DIRECTION('',(1.E0,0.E0,0.E0));
#5136=AXIS2_PLACEMENT_3D('',#5133,#5134,#5135);
#5137=PLANE('',#5136);
#5138=ORIENTED_EDGE('',*,*,#3155,.F.);
#5139=ORIENTED_EDGE('',*,*,#5050,.T.);
#5140=ORIENTED_EDGE('',*,*,#5036,.T.);
#5141=ORIENTED_EDGE('',*,*,#5126,.F.);
#5142=EDGE_LOOP('',(#5138,#5139,#5140,#5141));
#5143=FACE_OUTER_BOUND('',#5142,.F.);
#5144=ADVANCED_FACE('',(#5143),#5137,.T.);
#5145=CARTESIAN_POINT('',(-2.75E-1,5.5E-2,2.675E-1));
#5146=DIRECTION('',(0.E0,0.E0,1.E0));
#5147=DIRECTION('',(-1.E0,0.E0,0.E0));
#5148=AXIS2_PLACEMENT_3D('',#5145,#5146,#5147);
#5149=PLANE('',#5148);
#5150=ORIENTED_EDGE('',*,*,#3171,.F.);
#5152=ORIENTED_EDGE('',*,*,#5151,.T.);
#5154=ORIENTED_EDGE('',*,*,#5153,.T.);
#5156=ORIENTED_EDGE('',*,*,#5155,.F.);
#5157=EDGE_LOOP('',(#5150,#5152,#5154,#5156));
#5158=FACE_OUTER_BOUND('',#5157,.F.);
#5159=ADVANCED_FACE('',(#5158),#5149,.T.);
#5160=CARTESIAN_POINT('',(-2.75E-1,5.5E-2,2.325E-1));
#5161=DIRECTION('',(1.E0,0.E0,0.E0));
#5162=DIRECTION('',(0.E0,0.E0,1.E0));
#5163=AXIS2_PLACEMENT_3D('',#5160,#5161,#5162);
#5164=PLANE('',#5163);
#5165=ORIENTED_EDGE('',*,*,#3185,.F.);
#5167=ORIENTED_EDGE('',*,*,#5166,.T.);
#5169=ORIENTED_EDGE('',*,*,#5168,.T.);
#5170=ORIENTED_EDGE('',*,*,#5151,.F.);
#5171=EDGE_LOOP('',(#5165,#5167,#5169,#5170));
#5172=FACE_OUTER_BOUND('',#5171,.F.);
#5173=ADVANCED_FACE('',(#5172),#5164,.T.);
#5174=CARTESIAN_POINT('',(-3.315E-1,5.5E-2,2.325E-1));
#5175=DIRECTION('',(0.E0,0.E0,-1.E0));
#5176=DIRECTION('',(1.E0,0.E0,0.E0));
#5177=AXIS2_PLACEMENT_3D('',#5174,#5175,#5176);
#5178=PLANE('',#5177);
#5179=ORIENTED_EDGE('',*,*,#3183,.F.);
#5181=ORIENTED_EDGE('',*,*,#5180,.T.);
#5183=ORIENTED_EDGE('',*,*,#5182,.T.);
#5184=ORIENTED_EDGE('',*,*,#5166,.F.);
#5185=EDGE_LOOP('',(#5179,#5181,#5183,#5184));
#5186=FACE_OUTER_BOUND('',#5185,.F.);
#5187=ADVANCED_FACE('',(#5186),#5178,.T.);
#5188=CARTESIAN_POINT('',(-3.315E-1,5.5E-2,-2.415E-1));
#5189=DIRECTION('',(1.E0,0.E0,0.E0));
#5190=DIRECTION('',(0.E0,0.E0,1.E0));
#5191=AXIS2_PLACEMENT_3D('',#5188,#5189,#5190);
#5192=PLANE('',#5191);
#5193=ORIENTED_EDGE('',*,*,#3181,.F.);
#5195=ORIENTED_EDGE('',*,*,#5194,.T.);
#5197=ORIENTED_EDGE('',*,*,#5196,.T.);
#5198=ORIENTED_EDGE('',*,*,#5180,.F.);
#5199=EDGE_LOOP('',(#5193,#5195,#5197,#5198));
#5200=FACE_OUTER_BOUND('',#5199,.F.);
#5201=ADVANCED_FACE('',(#5200),#5192,.T.);
#5202=CARTESIAN_POINT('',(-2.75E-1,5.5E-2,-2.415E-1));
#5203=DIRECTION('',(0.E0,0.E0,1.E0));
#5204=DIRECTION('',(-1.E0,0.E0,0.E0));
#5205=AXIS2_PLACEMENT_3D('',#5202,#5203,#5204);
#5206=PLANE('',#5205);
#5207=ORIENTED_EDGE('',*,*,#3179,.F.);
#5209=ORIENTED_EDGE('',*,*,#5208,.T.);
#5211=ORIENTED_EDGE('',*,*,#5210,.T.);
#5212=ORIENTED_EDGE('',*,*,#5194,.F.);
#5213=EDGE_LOOP('',(#5207,#5209,#5211,#5212));
#5214=FACE_OUTER_BOUND('',#5213,.F.);
#5215=ADVANCED_FACE('',(#5214),#5206,.T.);
#5216=CARTESIAN_POINT('',(-2.75E-1,5.5E-2,-2.765E-1));
#5217=DIRECTION('',(1.E0,0.E0,0.E0));
#5218=DIRECTION('',(0.E0,0.E0,1.E0));
#5219=AXIS2_PLACEMENT_3D('',#5216,#5217,#5218);
#5220=PLANE('',#5219);
#5221=ORIENTED_EDGE('',*,*,#3177,.F.);
#5223=ORIENTED_EDGE('',*,*,#5222,.T.);
#5225=ORIENTED_EDGE('',*,*,#5224,.T.);
#5226=ORIENTED_EDGE('',*,*,#5208,.F.);
#5227=EDGE_LOOP('',(#5221,#5223,#5225,#5226));
#5228=FACE_OUTER_BOUND('',#5227,.F.);
#5229=ADVANCED_FACE('',(#5228),#5220,.T.);
#5230=CARTESIAN_POINT('',(-3.665E-1,5.5E-2,-2.765E-1));
#5231=DIRECTION('',(0.E0,0.E0,-1.E0));
#5232=DIRECTION('',(1.E0,0.E0,0.E0));
#5233=AXIS2_PLACEMENT_3D('',#5230,#5231,#5232);
#5234=PLANE('',#5233);
#5235=ORIENTED_EDGE('',*,*,#3175,.F.);
#5237=ORIENTED_EDGE('',*,*,#5236,.T.);
#5239=ORIENTED_EDGE('',*,*,#5238,.T.);
#5240=ORIENTED_EDGE('',*,*,#5222,.F.);
#5241=EDGE_LOOP('',(#5235,#5237,#5239,#5240));
#5242=FACE_OUTER_BOUND('',#5241,.F.);
#5243=ADVANCED_FACE('',(#5242),#5234,.T.);
#5244=CARTESIAN_POINT('',(-3.665E-1,5.5E-2,2.675E-1));
#5245=DIRECTION('',(-1.E0,0.E0,0.E0));
#5246=DIRECTION('',(0.E0,0.E0,-1.E0));
#5247=AXIS2_PLACEMENT_3D('',#5244,#5245,#5246);
#5248=PLANE('',#5247);
#5249=ORIENTED_EDGE('',*,*,#3173,.F.);
#5250=ORIENTED_EDGE('',*,*,#5155,.T.);
#5252=ORIENTED_EDGE('',*,*,#5251,.T.);
#5253=ORIENTED_EDGE('',*,*,#5236,.F.);
#5254=EDGE_LOOP('',(#5249,#5250,#5252,#5253));
#5255=FACE_OUTER_BOUND('',#5254,.F.);
#5256=ADVANCED_FACE('',(#5255),#5248,.T.);
#5257=CARTESIAN_POINT('',(-8.3E-1,0.E0,0.E0));
#5258=DIRECTION('',(0.E0,-1.E0,0.E0));
#5259=DIRECTION('',(1.E0,0.E0,0.E0));
#5260=AXIS2_PLACEMENT_3D('',#5257,#5258,#5259);
#5261=PLANE('',#5260);
#5262=ORIENTED_EDGE('',*,*,#5153,.F.);
#5263=ORIENTED_EDGE('',*,*,#5168,.F.);
#5264=ORIENTED_EDGE('',*,*,#5182,.F.);
#5265=ORIENTED_EDGE('',*,*,#5196,.F.);
#5266=ORIENTED_EDGE('',*,*,#5210,.F.);
#5267=ORIENTED_EDGE('',*,*,#5224,.F.);
#5268=ORIENTED_EDGE('',*,*,#5238,.F.);
#5269=ORIENTED_EDGE('',*,*,#5251,.F.);
#5270=EDGE_LOOP('',(#5262,#5263,#5264,#5265,#5266,#5267,#5268,#5269));
#5271=FACE_OUTER_BOUND('',#5270,.F.);
#5272=ADVANCED_FACE('',(#5271),#5261,.T.);
#5273=CARTESIAN_POINT('',(-8.3E-1,0.E0,0.E0));
#5274=DIRECTION('',(0.E0,-1.E0,0.E0));
#5275=DIRECTION('',(1.E0,0.E0,0.E0));
#5276=AXIS2_PLACEMENT_3D('',#5273,#5274,#5275);
#5277=PLANE('',#5276);
#5279=ORIENTED_EDGE('',*,*,#5278,.F.);
#5281=ORIENTED_EDGE('',*,*,#5280,.F.);
#5283=ORIENTED_EDGE('',*,*,#5282,.F.);
#5285=ORIENTED_EDGE('',*,*,#5284,.F.);
#5287=ORIENTED_EDGE('',*,*,#5286,.F.);
#5289=ORIENTED_EDGE('',*,*,#5288,.F.);
#5291=ORIENTED_EDGE('',*,*,#5290,.F.);
#5293=ORIENTED_EDGE('',*,*,#5292,.F.);
#5294=EDGE_LOOP('',(#5279,#5281,#5283,#5285,#5287,#5289,#5291,#5293));
#5295=FACE_OUTER_BOUND('',#5294,.F.);
#5296=ADVANCED_FACE('',(#5295),#5277,.T.);
#5297=CARTESIAN_POINT('',(-1.25E-1,5.5E-2,2.675E-1));
#5298=DIRECTION('',(-1.E0,0.E0,0.E0));
#5299=DIRECTION('',(0.E0,0.E0,-1.E0));
#5300=AXIS2_PLACEMENT_3D('',#5297,#5298,#5299);
#5301=PLANE('',#5300);
#5302=ORIENTED_EDGE('',*,*,#3189,.F.);
#5304=ORIENTED_EDGE('',*,*,#5303,.T.);
#5305=ORIENTED_EDGE('',*,*,#5278,.T.);
#5307=ORIENTED_EDGE('',*,*,#5306,.F.);
#5308=EDGE_LOOP('',(#5302,#5304,#5305,#5307));
#5309=FACE_OUTER_BOUND('',#5308,.F.);
#5310=ADVANCED_FACE('',(#5309),#5301,.T.);
#5311=CARTESIAN_POINT('',(-3.35E-2,5.5E-2,2.675E-1));
#5312=DIRECTION('',(0.E0,0.E0,1.E0));
#5313=DIRECTION('',(-1.E0,0.E0,0.E0));
#5314=AXIS2_PLACEMENT_3D('',#5311,#5312,#5313);
#5315=PLANE('',#5314);
#5316=ORIENTED_EDGE('',*,*,#3203,.F.);
#5318=ORIENTED_EDGE('',*,*,#5317,.T.);
#5319=ORIENTED_EDGE('',*,*,#5280,.T.);
#5320=ORIENTED_EDGE('',*,*,#5303,.F.);
#5321=EDGE_LOOP('',(#5316,#5318,#5319,#5320));
#5322=FACE_OUTER_BOUND('',#5321,.F.);
#5323=ADVANCED_FACE('',(#5322),#5315,.T.);
#5324=CARTESIAN_POINT('',(-3.35E-2,5.5E-2,-2.765E-1));
#5325=DIRECTION('',(1.E0,0.E0,0.E0));
#5326=DIRECTION('',(0.E0,0.E0,1.E0));
#5327=AXIS2_PLACEMENT_3D('',#5324,#5325,#5326);
#5328=PLANE('',#5327);
#5329=ORIENTED_EDGE('',*,*,#3201,.F.);
#5331=ORIENTED_EDGE('',*,*,#5330,.T.);
#5332=ORIENTED_EDGE('',*,*,#5282,.T.);
#5333=ORIENTED_EDGE('',*,*,#5317,.F.);
#5334=EDGE_LOOP('',(#5329,#5331,#5332,#5333));
#5335=FACE_OUTER_BOUND('',#5334,.F.);
#5336=ADVANCED_FACE('',(#5335),#5328,.T.);
#5337=CARTESIAN_POINT('',(-1.25E-1,5.5E-2,-2.765E-1));
#5338=DIRECTION('',(0.E0,0.E0,-1.E0));
#5339=DIRECTION('',(1.E0,0.E0,0.E0));
#5340=AXIS2_PLACEMENT_3D('',#5337,#5338,#5339);
#5341=PLANE('',#5340);
#5342=ORIENTED_EDGE('',*,*,#3199,.F.);
#5344=ORIENTED_EDGE('',*,*,#5343,.T.);
#5345=ORIENTED_EDGE('',*,*,#5284,.T.);
#5346=ORIENTED_EDGE('',*,*,#5330,.F.);
#5347=EDGE_LOOP('',(#5342,#5344,#5345,#5346));
#5348=FACE_OUTER_BOUND('',#5347,.F.);
#5349=ADVANCED_FACE('',(#5348),#5341,.T.);
#5350=CARTESIAN_POINT('',(-1.25E-1,5.5E-2,-2.415E-1));
#5351=DIRECTION('',(-1.E0,0.E0,0.E0));
#5352=DIRECTION('',(0.E0,0.E0,-1.E0));
#5353=AXIS2_PLACEMENT_3D('',#5350,#5351,#5352);
#5354=PLANE('',#5353);
#5355=ORIENTED_EDGE('',*,*,#3197,.F.);
#5357=ORIENTED_EDGE('',*,*,#5356,.T.);
#5358=ORIENTED_EDGE('',*,*,#5286,.T.);
#5359=ORIENTED_EDGE('',*,*,#5343,.F.);
#5360=EDGE_LOOP('',(#5355,#5357,#5358,#5359));
#5361=FACE_OUTER_BOUND('',#5360,.F.);
#5362=ADVANCED_FACE('',(#5361),#5354,.T.);
#5363=CARTESIAN_POINT('',(-6.85E-2,5.5E-2,-2.415E-1));
#5364=DIRECTION('',(0.E0,0.E0,1.E0));
#5365=DIRECTION('',(-1.E0,0.E0,0.E0));
#5366=AXIS2_PLACEMENT_3D('',#5363,#5364,#5365);
#5367=PLANE('',#5366);
#5368=ORIENTED_EDGE('',*,*,#3195,.F.);
#5370=ORIENTED_EDGE('',*,*,#5369,.T.);
#5371=ORIENTED_EDGE('',*,*,#5288,.T.);
#5372=ORIENTED_EDGE('',*,*,#5356,.F.);
#5373=EDGE_LOOP('',(#5368,#5370,#5371,#5372));
#5374=FACE_OUTER_BOUND('',#5373,.F.);
#5375=ADVANCED_FACE('',(#5374),#5367,.T.);
#5376=CARTESIAN_POINT('',(-6.85E-2,5.5E-2,2.325E-1));
#5377=DIRECTION('',(-1.E0,0.E0,0.E0));
#5378=DIRECTION('',(0.E0,0.E0,-1.E0));
#5379=AXIS2_PLACEMENT_3D('',#5376,#5377,#5378);
#5380=PLANE('',#5379);
#5381=ORIENTED_EDGE('',*,*,#3193,.F.);
#5383=ORIENTED_EDGE('',*,*,#5382,.T.);
#5384=ORIENTED_EDGE('',*,*,#5290,.T.);
#5385=ORIENTED_EDGE('',*,*,#5369,.F.);
#5386=EDGE_LOOP('',(#5381,#5383,#5384,#5385));
#5387=FACE_OUTER_BOUND('',#5386,.F.);
#5388=ADVANCED_FACE('',(#5387),#5380,.T.);
#5389=CARTESIAN_POINT('',(-1.25E-1,5.5E-2,2.325E-1));
#5390=DIRECTION('',(0.E0,0.E0,-1.E0));
#5391=DIRECTION('',(1.E0,0.E0,0.E0));
#5392=AXIS2_PLACEMENT_3D('',#5389,#5390,#5391);
#5393=PLANE('',#5392);
#5394=ORIENTED_EDGE('',*,*,#3191,.F.);
#5395=ORIENTED_EDGE('',*,*,#5306,.T.);
#5396=ORIENTED_EDGE('',*,*,#5292,.T.);
#5397=ORIENTED_EDGE('',*,*,#5382,.F.);
#5398=EDGE_LOOP('',(#5394,#5395,#5396,#5397));
#5399=FACE_OUTER_BOUND('',#5398,.F.);
#5400=ADVANCED_FACE('',(#5399),#5393,.T.);
#5401=CARTESIAN_POINT('',(1.25E-1,5.5E-2,2.675E-1));
#5402=DIRECTION('',(0.E0,0.E0,1.E0));
#5403=DIRECTION('',(-1.E0,0.E0,0.E0));
#5404=AXIS2_PLACEMENT_3D('',#5401,#5402,#5403);
#5405=PLANE('',#5404);
#5406=ORIENTED_EDGE('',*,*,#3207,.F.);
#5408=ORIENTED_EDGE('',*,*,#5407,.T.);
#5410=ORIENTED_EDGE('',*,*,#5409,.T.);
#5412=ORIENTED_EDGE('',*,*,#5411,.F.);
#5413=EDGE_LOOP('',(#5406,#5408,#5410,#5412));
#5414=FACE_OUTER_BOUND('',#5413,.F.);
#5415=ADVANCED_FACE('',(#5414),#5405,.T.);
#5416=CARTESIAN_POINT('',(1.25E-1,5.5E-2,2.325E-1));
#5417=DIRECTION('',(1.E0,0.E0,0.E0));
#5418=DIRECTION('',(0.E0,0.E0,1.E0));
#5419=AXIS2_PLACEMENT_3D('',#5416,#5417,#5418);
#5420=PLANE('',#5419);
#5421=ORIENTED_EDGE('',*,*,#3221,.F.);
#5423=ORIENTED_EDGE('',*,*,#5422,.T.);
#5425=ORIENTED_EDGE('',*,*,#5424,.T.);
#5426=ORIENTED_EDGE('',*,*,#5407,.F.);
#5427=EDGE_LOOP('',(#5421,#5423,#5425,#5426));
#5428=FACE_OUTER_BOUND('',#5427,.F.);
#5429=ADVANCED_FACE('',(#5428),#5420,.T.);
#5430=CARTESIAN_POINT('',(6.85E-2,5.5E-2,2.325E-1));
#5431=DIRECTION('',(0.E0,0.E0,-1.E0));
#5432=DIRECTION('',(1.E0,0.E0,0.E0));
#5433=AXIS2_PLACEMENT_3D('',#5430,#5431,#5432);
#5434=PLANE('',#5433);
#5435=ORIENTED_EDGE('',*,*,#3219,.F.);
#5437=ORIENTED_EDGE('',*,*,#5436,.T.);
#5439=ORIENTED_EDGE('',*,*,#5438,.T.);
#5440=ORIENTED_EDGE('',*,*,#5422,.F.);
#5441=EDGE_LOOP('',(#5435,#5437,#5439,#5440));
#5442=FACE_OUTER_BOUND('',#5441,.F.);
#5443=ADVANCED_FACE('',(#5442),#5434,.T.);
#5444=CARTESIAN_POINT('',(6.85E-2,5.5E-2,-2.415E-1));
#5445=DIRECTION('',(1.E0,0.E0,0.E0));
#5446=DIRECTION('',(0.E0,0.E0,1.E0));
#5447=AXIS2_PLACEMENT_3D('',#5444,#5445,#5446);
#5448=PLANE('',#5447);
#5449=ORIENTED_EDGE('',*,*,#3217,.F.);
#5451=ORIENTED_EDGE('',*,*,#5450,.T.);
#5453=ORIENTED_EDGE('',*,*,#5452,.T.);
#5454=ORIENTED_EDGE('',*,*,#5436,.F.);
#5455=EDGE_LOOP('',(#5449,#5451,#5453,#5454));
#5456=FACE_OUTER_BOUND('',#5455,.F.);
#5457=ADVANCED_FACE('',(#5456),#5448,.T.);
#5458=CARTESIAN_POINT('',(1.25E-1,5.5E-2,-2.415E-1));
#5459=DIRECTION('',(0.E0,0.E0,1.E0));
#5460=DIRECTION('',(-1.E0,0.E0,0.E0));
#5461=AXIS2_PLACEMENT_3D('',#5458,#5459,#5460);
#5462=PLANE('',#5461);
#5463=ORIENTED_EDGE('',*,*,#3215,.F.);
#5465=ORIENTED_EDGE('',*,*,#5464,.T.);
#5467=ORIENTED_EDGE('',*,*,#5466,.T.);
#5468=ORIENTED_EDGE('',*,*,#5450,.F.);
#5469=EDGE_LOOP('',(#5463,#5465,#5467,#5468));
#5470=FACE_OUTER_BOUND('',#5469,.F.);
#5471=ADVANCED_FACE('',(#5470),#5462,.T.);
#5472=CARTESIAN_POINT('',(1.25E-1,5.5E-2,-2.765E-1));
#5473=DIRECTION('',(1.E0,0.E0,0.E0));
#5474=DIRECTION('',(0.E0,0.E0,1.E0));
#5475=AXIS2_PLACEMENT_3D('',#5472,#5473,#5474);
#5476=PLANE('',#5475);
#5477=ORIENTED_EDGE('',*,*,#3213,.F.);
#5479=ORIENTED_EDGE('',*,*,#5478,.T.);
#5481=ORIENTED_EDGE('',*,*,#5480,.T.);
#5482=ORIENTED_EDGE('',*,*,#5464,.F.);
#5483=EDGE_LOOP('',(#5477,#5479,#5481,#5482));
#5484=FACE_OUTER_BOUND('',#5483,.F.);
#5485=ADVANCED_FACE('',(#5484),#5476,.T.);
#5486=CARTESIAN_POINT('',(3.35E-2,5.5E-2,-2.765E-1));
#5487=DIRECTION('',(0.E0,0.E0,-1.E0));
#5488=DIRECTION('',(1.E0,0.E0,0.E0));
#5489=AXIS2_PLACEMENT_3D('',#5486,#5487,#5488);
#5490=PLANE('',#5489);
#5491=ORIENTED_EDGE('',*,*,#3211,.F.);
#5493=ORIENTED_EDGE('',*,*,#5492,.T.);
#5495=ORIENTED_EDGE('',*,*,#5494,.T.);
#5496=ORIENTED_EDGE('',*,*,#5478,.F.);
#5497=EDGE_LOOP('',(#5491,#5493,#5495,#5496));
#5498=FACE_OUTER_BOUND('',#5497,.F.);
#5499=ADVANCED_FACE('',(#5498),#5490,.T.);
#5500=CARTESIAN_POINT('',(3.35E-2,5.5E-2,2.675E-1));
#5501=DIRECTION('',(-1.E0,0.E0,0.E0));
#5502=DIRECTION('',(0.E0,0.E0,-1.E0));
#5503=AXIS2_PLACEMENT_3D('',#5500,#5501,#5502);
#5504=PLANE('',#5503);
#5505=ORIENTED_EDGE('',*,*,#3209,.F.);
#5506=ORIENTED_EDGE('',*,*,#5411,.T.);
#5508=ORIENTED_EDGE('',*,*,#5507,.T.);
#5509=ORIENTED_EDGE('',*,*,#5492,.F.);
#5510=EDGE_LOOP('',(#5505,#5506,#5508,#5509));
#5511=FACE_OUTER_BOUND('',#5510,.F.);
#5512=ADVANCED_FACE('',(#5511),#5504,.T.);
#5513=CARTESIAN_POINT('',(-8.3E-1,0.E0,0.E0));
#5514=DIRECTION('',(0.E0,-1.E0,0.E0));
#5515=DIRECTION('',(1.E0,0.E0,0.E0));
#5516=AXIS2_PLACEMENT_3D('',#5513,#5514,#5515);
#5517=PLANE('',#5516);
#5518=ORIENTED_EDGE('',*,*,#5409,.F.);
#5519=ORIENTED_EDGE('',*,*,#5424,.F.);
#5520=ORIENTED_EDGE('',*,*,#5438,.F.);
#5521=ORIENTED_EDGE('',*,*,#5452,.F.);
#5522=ORIENTED_EDGE('',*,*,#5466,.F.);
#5523=ORIENTED_EDGE('',*,*,#5480,.F.);
#5524=ORIENTED_EDGE('',*,*,#5494,.F.);
#5525=ORIENTED_EDGE('',*,*,#5507,.F.);
#5526=EDGE_LOOP('',(#5518,#5519,#5520,#5521,#5522,#5523,#5524,#5525));
#5527=FACE_OUTER_BOUND('',#5526,.F.);
#5528=ADVANCED_FACE('',(#5527),#5517,.T.);
#5529=CARTESIAN_POINT('',(-8.3E-1,0.E0,0.E0));
#5530=DIRECTION('',(0.E0,-1.E0,0.E0));
#5531=DIRECTION('',(1.E0,0.E0,0.E0));
#5532=AXIS2_PLACEMENT_3D('',#5529,#5530,#5531);
#5533=PLANE('',#5532);
#5535=ORIENTED_EDGE('',*,*,#5534,.F.);
#5537=ORIENTED_EDGE('',*,*,#5536,.F.);
#5539=ORIENTED_EDGE('',*,*,#5538,.F.);
#5541=ORIENTED_EDGE('',*,*,#5540,.F.);
#5543=ORIENTED_EDGE('',*,*,#5542,.F.);
#5545=ORIENTED_EDGE('',*,*,#5544,.F.);
#5547=ORIENTED_EDGE('',*,*,#5546,.F.);
#5549=ORIENTED_EDGE('',*,*,#5548,.F.);
#5550=EDGE_LOOP('',(#5535,#5537,#5539,#5541,#5543,#5545,#5547,#5549));
#5551=FACE_OUTER_BOUND('',#5550,.F.);
#5552=ADVANCED_FACE('',(#5551),#5533,.T.);
#5553=CARTESIAN_POINT('',(2.75E-1,5.5E-2,2.675E-1));
#5554=DIRECTION('',(-1.E0,0.E0,0.E0));
#5555=DIRECTION('',(0.E0,0.E0,-1.E0));
#5556=AXIS2_PLACEMENT_3D('',#5553,#5554,#5555);
#5557=PLANE('',#5556);
#5558=ORIENTED_EDGE('',*,*,#3225,.F.);
#5560=ORIENTED_EDGE('',*,*,#5559,.T.);
#5561=ORIENTED_EDGE('',*,*,#5534,.T.);
#5563=ORIENTED_EDGE('',*,*,#5562,.F.);
#5564=EDGE_LOOP('',(#5558,#5560,#5561,#5563));
#5565=FACE_OUTER_BOUND('',#5564,.F.);
#5566=ADVANCED_FACE('',(#5565),#5557,.T.);
#5567=CARTESIAN_POINT('',(3.665E-1,5.5E-2,2.675E-1));
#5568=DIRECTION('',(0.E0,0.E0,1.E0));
#5569=DIRECTION('',(-1.E0,0.E0,0.E0));
#5570=AXIS2_PLACEMENT_3D('',#5567,#5568,#5569);
#5571=PLANE('',#5570);
#5572=ORIENTED_EDGE('',*,*,#3239,.F.);
#5574=ORIENTED_EDGE('',*,*,#5573,.T.);
#5575=ORIENTED_EDGE('',*,*,#5536,.T.);
#5576=ORIENTED_EDGE('',*,*,#5559,.F.);
#5577=EDGE_LOOP('',(#5572,#5574,#5575,#5576));
#5578=FACE_OUTER_BOUND('',#5577,.F.);
#5579=ADVANCED_FACE('',(#5578),#5571,.T.);
#5580=CARTESIAN_POINT('',(3.665E-1,5.5E-2,-2.765E-1));
#5581=DIRECTION('',(1.E0,0.E0,0.E0));
#5582=DIRECTION('',(0.E0,0.E0,1.E0));
#5583=AXIS2_PLACEMENT_3D('',#5580,#5581,#5582);
#5584=PLANE('',#5583);
#5585=ORIENTED_EDGE('',*,*,#3237,.F.);
#5587=ORIENTED_EDGE('',*,*,#5586,.T.);
#5588=ORIENTED_EDGE('',*,*,#5538,.T.);
#5589=ORIENTED_EDGE('',*,*,#5573,.F.);
#5590=EDGE_LOOP('',(#5585,#5587,#5588,#5589));
#5591=FACE_OUTER_BOUND('',#5590,.F.);
#5592=ADVANCED_FACE('',(#5591),#5584,.T.);
#5593=CARTESIAN_POINT('',(2.75E-1,5.5E-2,-2.765E-1));
#5594=DIRECTION('',(0.E0,0.E0,-1.E0));
#5595=DIRECTION('',(1.E0,0.E0,0.E0));
#5596=AXIS2_PLACEMENT_3D('',#5593,#5594,#5595);
#5597=PLANE('',#5596);
#5598=ORIENTED_EDGE('',*,*,#3235,.F.);
#5600=ORIENTED_EDGE('',*,*,#5599,.T.);
#5601=ORIENTED_EDGE('',*,*,#5540,.T.);
#5602=ORIENTED_EDGE('',*,*,#5586,.F.);
#5603=EDGE_LOOP('',(#5598,#5600,#5601,#5602));
#5604=FACE_OUTER_BOUND('',#5603,.F.);
#5605=ADVANCED_FACE('',(#5604),#5597,.T.);
#5606=CARTESIAN_POINT('',(2.75E-1,5.5E-2,-2.415E-1));
#5607=DIRECTION('',(-1.E0,0.E0,0.E0));
#5608=DIRECTION('',(0.E0,0.E0,-1.E0));
#5609=AXIS2_PLACEMENT_3D('',#5606,#5607,#5608);
#5610=PLANE('',#5609);
#5611=ORIENTED_EDGE('',*,*,#3233,.F.);
#5613=ORIENTED_EDGE('',*,*,#5612,.T.);
#5614=ORIENTED_EDGE('',*,*,#5542,.T.);
#5615=ORIENTED_EDGE('',*,*,#5599,.F.);
#5616=EDGE_LOOP('',(#5611,#5613,#5614,#5615));
#5617=FACE_OUTER_BOUND('',#5616,.F.);
#5618=ADVANCED_FACE('',(#5617),#5610,.T.);
#5619=CARTESIAN_POINT('',(3.315E-1,5.5E-2,-2.415E-1));
#5620=DIRECTION('',(0.E0,0.E0,1.E0));
#5621=DIRECTION('',(-1.E0,0.E0,0.E0));
#5622=AXIS2_PLACEMENT_3D('',#5619,#5620,#5621);
#5623=PLANE('',#5622);
#5624=ORIENTED_EDGE('',*,*,#3231,.F.);
#5626=ORIENTED_EDGE('',*,*,#5625,.T.);
#5627=ORIENTED_EDGE('',*,*,#5544,.T.);
#5628=ORIENTED_EDGE('',*,*,#5612,.F.);
#5629=EDGE_LOOP('',(#5624,#5626,#5627,#5628));
#5630=FACE_OUTER_BOUND('',#5629,.F.);
#5631=ADVANCED_FACE('',(#5630),#5623,.T.);
#5632=CARTESIAN_POINT('',(3.315E-1,5.5E-2,2.325E-1));
#5633=DIRECTION('',(-1.E0,0.E0,0.E0));
#5634=DIRECTION('',(0.E0,0.E0,-1.E0));
#5635=AXIS2_PLACEMENT_3D('',#5632,#5633,#5634);
#5636=PLANE('',#5635);
#5637=ORIENTED_EDGE('',*,*,#3229,.F.);
#5639=ORIENTED_EDGE('',*,*,#5638,.T.);
#5640=ORIENTED_EDGE('',*,*,#5546,.T.);
#5641=ORIENTED_EDGE('',*,*,#5625,.F.);
#5642=EDGE_LOOP('',(#5637,#5639,#5640,#5641));
#5643=FACE_OUTER_BOUND('',#5642,.F.);
#5644=ADVANCED_FACE('',(#5643),#5636,.T.);
#5645=CARTESIAN_POINT('',(2.75E-1,5.5E-2,2.325E-1));
#5646=DIRECTION('',(0.E0,0.E0,-1.E0));
#5647=DIRECTION('',(1.E0,0.E0,0.E0));
#5648=AXIS2_PLACEMENT_3D('',#5645,#5646,#5647);
#5649=PLANE('',#5648);
#5650=ORIENTED_EDGE('',*,*,#3227,.F.);
#5651=ORIENTED_EDGE('',*,*,#5562,.T.);
#5652=ORIENTED_EDGE('',*,*,#5548,.T.);
#5653=ORIENTED_EDGE('',*,*,#5638,.F.);
#5654=EDGE_LOOP('',(#5650,#5651,#5652,#5653));
#5655=FACE_OUTER_BOUND('',#5654,.F.);
#5656=ADVANCED_FACE('',(#5655),#5649,.T.);
#5657=CARTESIAN_POINT('',(5.25E-1,5.5E-2,2.675E-1));
#5658=DIRECTION('',(0.E0,0.E0,1.E0));
#5659=DIRECTION('',(-1.E0,0.E0,0.E0));
#5660=AXIS2_PLACEMENT_3D('',#5657,#5658,#5659);
#5661=PLANE('',#5660);
#5662=ORIENTED_EDGE('',*,*,#3243,.F.);
#5664=ORIENTED_EDGE('',*,*,#5663,.T.);
#5666=ORIENTED_EDGE('',*,*,#5665,.T.);
#5668=ORIENTED_EDGE('',*,*,#5667,.F.);
#5669=EDGE_LOOP('',(#5662,#5664,#5666,#5668));
#5670=FACE_OUTER_BOUND('',#5669,.F.);
#5671=ADVANCED_FACE('',(#5670),#5661,.T.);
#5672=CARTESIAN_POINT('',(5.25E-1,5.5E-2,2.325E-1));
#5673=DIRECTION('',(1.E0,0.E0,0.E0));
#5674=DIRECTION('',(0.E0,0.E0,1.E0));
#5675=AXIS2_PLACEMENT_3D('',#5672,#5673,#5674);
#5676=PLANE('',#5675);
#5677=ORIENTED_EDGE('',*,*,#3257,.F.);
#5679=ORIENTED_EDGE('',*,*,#5678,.T.);
#5681=ORIENTED_EDGE('',*,*,#5680,.T.);
#5682=ORIENTED_EDGE('',*,*,#5663,.F.);
#5683=EDGE_LOOP('',(#5677,#5679,#5681,#5682));
#5684=FACE_OUTER_BOUND('',#5683,.F.);
#5685=ADVANCED_FACE('',(#5684),#5676,.T.);
#5686=CARTESIAN_POINT('',(4.685E-1,5.5E-2,2.325E-1));
#5687=DIRECTION('',(0.E0,0.E0,-1.E0));
#5688=DIRECTION('',(1.E0,0.E0,0.E0));
#5689=AXIS2_PLACEMENT_3D('',#5686,#5687,#5688);
#5690=PLANE('',#5689);
#5691=ORIENTED_EDGE('',*,*,#3255,.F.);
#5693=ORIENTED_EDGE('',*,*,#5692,.T.);
#5695=ORIENTED_EDGE('',*,*,#5694,.T.);
#5696=ORIENTED_EDGE('',*,*,#5678,.F.);
#5697=EDGE_LOOP('',(#5691,#5693,#5695,#5696));
#5698=FACE_OUTER_BOUND('',#5697,.F.);
#5699=ADVANCED_FACE('',(#5698),#5690,.T.);
#5700=CARTESIAN_POINT('',(4.685E-1,5.5E-2,-2.415E-1));
#5701=DIRECTION('',(1.E0,0.E0,0.E0));
#5702=DIRECTION('',(0.E0,0.E0,1.E0));
#5703=AXIS2_PLACEMENT_3D('',#5700,#5701,#5702);
#5704=PLANE('',#5703);
#5705=ORIENTED_EDGE('',*,*,#3253,.F.);
#5707=ORIENTED_EDGE('',*,*,#5706,.T.);
#5709=ORIENTED_EDGE('',*,*,#5708,.T.);
#5710=ORIENTED_EDGE('',*,*,#5692,.F.);
#5711=EDGE_LOOP('',(#5705,#5707,#5709,#5710));
#5712=FACE_OUTER_BOUND('',#5711,.F.);
#5713=ADVANCED_FACE('',(#5712),#5704,.T.);
#5714=CARTESIAN_POINT('',(5.25E-1,5.5E-2,-2.415E-1));
#5715=DIRECTION('',(0.E0,0.E0,1.E0));
#5716=DIRECTION('',(-1.E0,0.E0,0.E0));
#5717=AXIS2_PLACEMENT_3D('',#5714,#5715,#5716);
#5718=PLANE('',#5717);
#5719=ORIENTED_EDGE('',*,*,#3251,.F.);
#5721=ORIENTED_EDGE('',*,*,#5720,.T.);
#5723=ORIENTED_EDGE('',*,*,#5722,.T.);
#5724=ORIENTED_EDGE('',*,*,#5706,.F.);
#5725=EDGE_LOOP('',(#5719,#5721,#5723,#5724));
#5726=FACE_OUTER_BOUND('',#5725,.F.);
#5727=ADVANCED_FACE('',(#5726),#5718,.T.);
#5728=CARTESIAN_POINT('',(5.25E-1,5.5E-2,-2.765E-1));
#5729=DIRECTION('',(1.E0,0.E0,0.E0));
#5730=DIRECTION('',(0.E0,0.E0,1.E0));
#5731=AXIS2_PLACEMENT_3D('',#5728,#5729,#5730);
#5732=PLANE('',#5731);
#5733=ORIENTED_EDGE('',*,*,#3249,.F.);
#5735=ORIENTED_EDGE('',*,*,#5734,.T.);
#5737=ORIENTED_EDGE('',*,*,#5736,.T.);
#5738=ORIENTED_EDGE('',*,*,#5720,.F.);
#5739=EDGE_LOOP('',(#5733,#5735,#5737,#5738));
#5740=FACE_OUTER_BOUND('',#5739,.F.);
#5741=ADVANCED_FACE('',(#5740),#5732,.T.);
#5742=CARTESIAN_POINT('',(4.335E-1,5.5E-2,-2.765E-1));
#5743=DIRECTION('',(0.E0,0.E0,-1.E0));
#5744=DIRECTION('',(1.E0,0.E0,0.E0));
#5745=AXIS2_PLACEMENT_3D('',#5742,#5743,#5744);
#5746=PLANE('',#5745);
#5747=ORIENTED_EDGE('',*,*,#3247,.F.);
#5749=ORIENTED_EDGE('',*,*,#5748,.T.);
#5751=ORIENTED_EDGE('',*,*,#5750,.T.);
#5752=ORIENTED_EDGE('',*,*,#5734,.F.);
#5753=EDGE_LOOP('',(#5747,#5749,#5751,#5752));
#5754=FACE_OUTER_BOUND('',#5753,.F.);
#5755=ADVANCED_FACE('',(#5754),#5746,.T.);
#5756=CARTESIAN_POINT('',(4.335E-1,5.5E-2,2.675E-1));
#5757=DIRECTION('',(-1.E0,0.E0,0.E0));
#5758=DIRECTION('',(0.E0,0.E0,-1.E0));
#5759=AXIS2_PLACEMENT_3D('',#5756,#5757,#5758);
#5760=PLANE('',#5759);
#5761=ORIENTED_EDGE('',*,*,#3245,.F.);
#5762=ORIENTED_EDGE('',*,*,#5667,.T.);
#5764=ORIENTED_EDGE('',*,*,#5763,.T.);
#5765=ORIENTED_EDGE('',*,*,#5748,.F.);
#5766=EDGE_LOOP('',(#5761,#5762,#5764,#5765));
#5767=FACE_OUTER_BOUND('',#5766,.F.);
#5768=ADVANCED_FACE('',(#5767),#5760,.T.);
#5769=CARTESIAN_POINT('',(-8.3E-1,0.E0,0.E0));
#5770=DIRECTION('',(0.E0,-1.E0,0.E0));
#5771=DIRECTION('',(1.E0,0.E0,0.E0));
#5772=AXIS2_PLACEMENT_3D('',#5769,#5770,#5771);
#5773=PLANE('',#5772);
#5774=ORIENTED_EDGE('',*,*,#5665,.F.);
#5775=ORIENTED_EDGE('',*,*,#5680,.F.);
#5776=ORIENTED_EDGE('',*,*,#5694,.F.);
#5777=ORIENTED_EDGE('',*,*,#5708,.F.);
#5778=ORIENTED_EDGE('',*,*,#5722,.F.);
#5779=ORIENTED_EDGE('',*,*,#5736,.F.);
#5780=ORIENTED_EDGE('',*,*,#5750,.F.);
#5781=ORIENTED_EDGE('',*,*,#5763,.F.);
#5782=EDGE_LOOP('',(#5774,#5775,#5776,#5777,#5778,#5779,#5780,#5781));
#5783=FACE_OUTER_BOUND('',#5782,.F.);
#5784=ADVANCED_FACE('',(#5783),#5773,.T.);
#5785=CARTESIAN_POINT('',(-8.3E-1,0.E0,0.E0));
#5786=DIRECTION('',(0.E0,-1.E0,0.E0));
#5787=DIRECTION('',(1.E0,0.E0,0.E0));
#5788=AXIS2_PLACEMENT_3D('',#5785,#5786,#5787);
#5789=PLANE('',#5788);
#5791=ORIENTED_EDGE('',*,*,#5790,.F.);
#5793=ORIENTED_EDGE('',*,*,#5792,.F.);
#5795=ORIENTED_EDGE('',*,*,#5794,.F.);
#5797=ORIENTED_EDGE('',*,*,#5796,.F.);
#5799=ORIENTED_EDGE('',*,*,#5798,.F.);
#5801=ORIENTED_EDGE('',*,*,#5800,.F.);
#5803=ORIENTED_EDGE('',*,*,#5802,.F.);
#5805=ORIENTED_EDGE('',*,*,#5804,.F.);
#5806=EDGE_LOOP('',(#5791,#5793,#5795,#5797,#5799,#5801,#5803,#5805));
#5807=FACE_OUTER_BOUND('',#5806,.F.);
#5808=ADVANCED_FACE('',(#5807),#5789,.T.);
#5809=CARTESIAN_POINT('',(6.75E-1,5.5E-2,2.675E-1));
#5810=DIRECTION('',(-1.E0,0.E0,0.E0));
#5811=DIRECTION('',(0.E0,0.E0,-1.E0));
#5812=AXIS2_PLACEMENT_3D('',#5809,#5810,#5811);
#5813=PLANE('',#5812);
#5814=ORIENTED_EDGE('',*,*,#3261,.F.);
#5816=ORIENTED_EDGE('',*,*,#5815,.T.);
#5817=ORIENTED_EDGE('',*,*,#5790,.T.);
#5819=ORIENTED_EDGE('',*,*,#5818,.F.);
#5820=EDGE_LOOP('',(#5814,#5816,#5817,#5819));
#5821=FACE_OUTER_BOUND('',#5820,.F.);
#5822=ADVANCED_FACE('',(#5821),#5813,.T.);
#5823=CARTESIAN_POINT('',(7.665E-1,5.5E-2,2.675E-1));
#5824=DIRECTION('',(0.E0,0.E0,1.E0));
#5825=DIRECTION('',(-1.E0,0.E0,0.E0));
#5826=AXIS2_PLACEMENT_3D('',#5823,#5824,#5825);
#5827=PLANE('',#5826);
#5828=ORIENTED_EDGE('',*,*,#3275,.F.);
#5830=ORIENTED_EDGE('',*,*,#5829,.T.);
#5831=ORIENTED_EDGE('',*,*,#5792,.T.);
#5832=ORIENTED_EDGE('',*,*,#5815,.F.);
#5833=EDGE_LOOP('',(#5828,#5830,#5831,#5832));
#5834=FACE_OUTER_BOUND('',#5833,.F.);
#5835=ADVANCED_FACE('',(#5834),#5827,.T.);
#5836=CARTESIAN_POINT('',(7.665E-1,5.5E-2,-2.765E-1));
#5837=DIRECTION('',(1.E0,0.E0,0.E0));
#5838=DIRECTION('',(0.E0,0.E0,1.E0));
#5839=AXIS2_PLACEMENT_3D('',#5836,#5837,#5838);
#5840=PLANE('',#5839);
#5841=ORIENTED_EDGE('',*,*,#3273,.F.);
#5843=ORIENTED_EDGE('',*,*,#5842,.T.);
#5844=ORIENTED_EDGE('',*,*,#5794,.T.);
#5845=ORIENTED_EDGE('',*,*,#5829,.F.);
#5846=EDGE_LOOP('',(#5841,#5843,#5844,#5845));
#5847=FACE_OUTER_BOUND('',#5846,.F.);
#5848=ADVANCED_FACE('',(#5847),#5840,.T.);
#5849=CARTESIAN_POINT('',(6.75E-1,5.5E-2,-2.765E-1));
#5850=DIRECTION('',(0.E0,0.E0,-1.E0));
#5851=DIRECTION('',(1.E0,0.E0,0.E0));
#5852=AXIS2_PLACEMENT_3D('',#5849,#5850,#5851);
#5853=PLANE('',#5852);
#5854=ORIENTED_EDGE('',*,*,#3271,.F.);
#5856=ORIENTED_EDGE('',*,*,#5855,.T.);
#5857=ORIENTED_EDGE('',*,*,#5796,.T.);
#5858=ORIENTED_EDGE('',*,*,#5842,.F.);
#5859=EDGE_LOOP('',(#5854,#5856,#5857,#5858));
#5860=FACE_OUTER_BOUND('',#5859,.F.);
#5861=ADVANCED_FACE('',(#5860),#5853,.T.);
#5862=CARTESIAN_POINT('',(6.75E-1,5.5E-2,-2.415E-1));
#5863=DIRECTION('',(-1.E0,0.E0,0.E0));
#5864=DIRECTION('',(0.E0,0.E0,-1.E0));
#5865=AXIS2_PLACEMENT_3D('',#5862,#5863,#5864);
#5866=PLANE('',#5865);
#5867=ORIENTED_EDGE('',*,*,#3269,.F.);
#5869=ORIENTED_EDGE('',*,*,#5868,.T.);
#5870=ORIENTED_EDGE('',*,*,#5798,.T.);
#5871=ORIENTED_EDGE('',*,*,#5855,.F.);
#5872=EDGE_LOOP('',(#5867,#5869,#5870,#5871));
#5873=FACE_OUTER_BOUND('',#5872,.F.);
#5874=ADVANCED_FACE('',(#5873),#5866,.T.);
#5875=CARTESIAN_POINT('',(7.315E-1,5.5E-2,-2.415E-1));
#5876=DIRECTION('',(0.E0,0.E0,1.E0));
#5877=DIRECTION('',(-1.E0,0.E0,0.E0));
#5878=AXIS2_PLACEMENT_3D('',#5875,#5876,#5877);
#5879=PLANE('',#5878);
#5880=ORIENTED_EDGE('',*,*,#3267,.F.);
#5882=ORIENTED_EDGE('',*,*,#5881,.T.);
#5883=ORIENTED_EDGE('',*,*,#5800,.T.);
#5884=ORIENTED_EDGE('',*,*,#5868,.F.);
#5885=EDGE_LOOP('',(#5880,#5882,#5883,#5884));
#5886=FACE_OUTER_BOUND('',#5885,.F.);
#5887=ADVANCED_FACE('',(#5886),#5879,.T.);
#5888=CARTESIAN_POINT('',(7.315E-1,5.5E-2,2.325E-1));
#5889=DIRECTION('',(-1.E0,0.E0,0.E0));
#5890=DIRECTION('',(0.E0,0.E0,-1.E0));
#5891=AXIS2_PLACEMENT_3D('',#5888,#5889,#5890);
#5892=PLANE('',#5891);
#5893=ORIENTED_EDGE('',*,*,#3265,.F.);
#5895=ORIENTED_EDGE('',*,*,#5894,.T.);
#5896=ORIENTED_EDGE('',*,*,#5802,.T.);
#5897=ORIENTED_EDGE('',*,*,#5881,.F.);
#5898=EDGE_LOOP('',(#5893,#5895,#5896,#5897));
#5899=FACE_OUTER_BOUND('',#5898,.F.);
#5900=ADVANCED_FACE('',(#5899),#5892,.T.);
#5901=CARTESIAN_POINT('',(6.75E-1,5.5E-2,2.325E-1));
#5902=DIRECTION('',(0.E0,0.E0,-1.E0));
#5903=DIRECTION('',(1.E0,0.E0,0.E0));
#5904=AXIS2_PLACEMENT_3D('',#5901,#5902,#5903);
#5905=PLANE('',#5904);
#5906=ORIENTED_EDGE('',*,*,#3263,.F.);
#5907=ORIENTED_EDGE('',*,*,#5818,.T.);
#5908=ORIENTED_EDGE('',*,*,#5804,.T.);
#5909=ORIENTED_EDGE('',*,*,#5894,.F.);
#5910=EDGE_LOOP('',(#5906,#5907,#5908,#5909));
#5911=FACE_OUTER_BOUND('',#5910,.F.);
#5912=ADVANCED_FACE('',(#5911),#5905,.T.);
#5913=CARTESIAN_POINT('',(-5.01E-1,5.5E-2,-2.225E-1));
#5914=DIRECTION('',(1.E0,0.E0,0.E0));
#5915=DIRECTION('',(0.E0,0.E0,1.E0));
#5916=AXIS2_PLACEMENT_3D('',#5913,#5914,#5915);
#5917=PLANE('',#5916);
#5919=ORIENTED_EDGE('',*,*,#5918,.T.);
#5921=ORIENTED_EDGE('',*,*,#5920,.F.);
#5922=ORIENTED_EDGE('',*,*,#3279,.F.);
#5924=ORIENTED_EDGE('',*,*,#5923,.T.);
#5925=EDGE_LOOP('',(#5919,#5921,#5922,#5924));
#5926=FACE_OUTER_BOUND('',#5925,.F.);
#5927=ADVANCED_FACE('',(#5926),#5917,.T.);
#5928=CARTESIAN_POINT('',(-5.06E-1,-1.55E-1,-2.025E-1));
#5929=DIRECTION('',(7.071067811865E-1,-7.071067811865E-1,0.E0));
#5930=DIRECTION('',(7.071067811865E-1,7.071067811865E-1,0.E0));
#5931=AXIS2_PLACEMENT_3D('',#5928,#5929,#5930);
#5932=PLANE('',#5931);
#5934=ORIENTED_EDGE('',*,*,#5933,.T.);
#5935=ORIENTED_EDGE('',*,*,#5918,.F.);
#5937=ORIENTED_EDGE('',*,*,#5936,.T.);
#5939=ORIENTED_EDGE('',*,*,#5938,.T.);
#5940=EDGE_LOOP('',(#5934,#5935,#5937,#5939));
#5941=FACE_OUTER_BOUND('',#5940,.F.);
#5942=ADVANCED_FACE('',(#5941),#5932,.T.);
#5943=CARTESIAN_POINT('',(-5.01E-1,5.5E-2,-1.825E-1));
#5944=DIRECTION('',(0.E0,0.E0,1.E0));
#5945=DIRECTION('',(-1.E0,0.E0,0.E0));
#5946=AXIS2_PLACEMENT_3D('',#5943,#5944,#5945);
#5947=PLANE('',#5946);
#5948=ORIENTED_EDGE('',*,*,#5933,.F.);
#5950=ORIENTED_EDGE('',*,*,#5949,.T.);
#5952=ORIENTED_EDGE('',*,*,#5951,.F.);
#5954=ORIENTED_EDGE('',*,*,#5953,.F.);
#5955=ORIENTED_EDGE('',*,*,#3281,.F.);
#5956=ORIENTED_EDGE('',*,*,#5920,.T.);
#5957=EDGE_LOOP('',(#5948,#5950,#5952,#5954,#5955,#5956));
#5958=FACE_OUTER_BOUND('',#5957,.F.);
#5959=ADVANCED_FACE('',(#5958),#5947,.T.);
#5960=CARTESIAN_POINT('',(-8.3E-1,-1.6E-1,0.E0));
#5961=DIRECTION('',(0.E0,-1.E0,0.E0));
#5962=DIRECTION('',(0.E0,0.E0,-1.E0));
#5963=AXIS2_PLACEMENT_3D('',#5960,#5961,#5962);
#5964=PLANE('',#5963);
#5965=ORIENTED_EDGE('',*,*,#5938,.F.);
#5967=ORIENTED_EDGE('',*,*,#5966,.F.);
#5969=ORIENTED_EDGE('',*,*,#5968,.F.);
#5970=ORIENTED_EDGE('',*,*,#5949,.F.);
#5971=EDGE_LOOP('',(#5965,#5967,#5969,#5970));
#5972=FACE_OUTER_BOUND('',#5971,.F.);
#5973=ADVANCED_FACE('',(#5972),#5964,.T.);
#5974=CARTESIAN_POINT('',(-8.3E-1,-1.6E-1,0.E0));
#5975=DIRECTION('',(0.E0,-1.E0,0.E0));
#5976=DIRECTION('',(0.E0,0.E0,-1.E0));
#5977=AXIS2_PLACEMENT_3D('',#5974,#5975,#5976);
#5978=PLANE('',#5977);
#5980=ORIENTED_EDGE('',*,*,#5979,.F.);
#5982=ORIENTED_EDGE('',*,*,#5981,.F.);
#5984=ORIENTED_EDGE('',*,*,#5983,.F.);
#5986=ORIENTED_EDGE('',*,*,#5985,.F.);
#5987=EDGE_LOOP('',(#5980,#5982,#5984,#5986));
#5988=FACE_OUTER_BOUND('',#5987,.F.);
#5989=ADVANCED_FACE('',(#5988),#5978,.T.);
#5990=CARTESIAN_POINT('',(-5.41E-1,5.5E-2,-2.225E-1));
#5991=DIRECTION('',(0.E0,0.E0,-1.E0));
#5992=DIRECTION('',(1.E0,0.E0,0.E0));
#5993=AXIS2_PLACEMENT_3D('',#5990,#5991,#5992);
#5994=PLANE('',#5993);
#5995=ORIENTED_EDGE('',*,*,#5936,.F.);
#5996=ORIENTED_EDGE('',*,*,#5923,.F.);
#5997=ORIENTED_EDGE('',*,*,#3285,.F.);
#5999=ORIENTED_EDGE('',*,*,#5998,.T.);
#6001=ORIENTED_EDGE('',*,*,#6000,.F.);
#6002=ORIENTED_EDGE('',*,*,#5966,.T.);
#6003=EDGE_LOOP('',(#5995,#5996,#5997,#5999,#6001,#6002));
#6004=FACE_OUTER_BOUND('',#6003,.F.);
#6005=ADVANCED_FACE('',(#6004),#5994,.T.);
#6006=CARTESIAN_POINT('',(-5.41E-1,5.5E-2,-1.825E-1));
#6007=DIRECTION('',(-1.E0,0.E0,0.E0));
#6008=DIRECTION('',(0.E0,0.E0,-1.E0));
#6009=AXIS2_PLACEMENT_3D('',#6006,#6007,#6008);
#6010=PLANE('',#6009);
#6012=ORIENTED_EDGE('',*,*,#6011,.T.);
#6013=ORIENTED_EDGE('',*,*,#5998,.F.);
#6014=ORIENTED_EDGE('',*,*,#3283,.F.);
#6015=ORIENTED_EDGE('',*,*,#5953,.T.);
#6016=EDGE_LOOP('',(#6012,#6013,#6014,#6015));
#6017=FACE_OUTER_BOUND('',#6016,.F.);
#6018=ADVANCED_FACE('',(#6017),#6010,.T.);
#6019=CARTESIAN_POINT('',(-5.36E-1,-1.55E-1,-2.025E-1));
#6020=DIRECTION('',(-7.071067811865E-1,-7.071067811865E-1,0.E0));
#6021=DIRECTION('',(-7.071067811865E-1,7.071067811865E-1,0.E0));
#6022=AXIS2_PLACEMENT_3D('',#6019,#6020,#6021);
#6023=PLANE('',#6022);
#6024=ORIENTED_EDGE('',*,*,#6000,.T.);
#6025=ORIENTED_EDGE('',*,*,#6011,.F.);
#6026=ORIENTED_EDGE('',*,*,#5951,.T.);
#6027=ORIENTED_EDGE('',*,*,#5968,.T.);
#6028=EDGE_LOOP('',(#6024,#6025,#6026,#6027));
#6029=FACE_OUTER_BOUND('',#6028,.F.);
#6030=ADVANCED_FACE('',(#6029),#6023,.T.);
#6031=CARTESIAN_POINT('',(-6.64E-1,-1.55E-1,-2.025E-1));
#6032=DIRECTION('',(7.071067811865E-1,-7.071067811865E-1,0.E0));
#6033=DIRECTION('',(7.071067811865E-1,7.071067811865E-1,0.E0));
#6034=AXIS2_PLACEMENT_3D('',#6031,#6032,#6033);
#6035=PLANE('',#6034);
#6037=ORIENTED_EDGE('',*,*,#6036,.T.);
#6039=ORIENTED_EDGE('',*,*,#6038,.F.);
#6041=ORIENTED_EDGE('',*,*,#6040,.T.);
#6042=ORIENTED_EDGE('',*,*,#5979,.T.);
#6043=EDGE_LOOP('',(#6037,#6039,#6041,#6042));
#6044=FACE_OUTER_BOUND('',#6043,.F.);
#6045=ADVANCED_FACE('',(#6044),#6035,.T.);
#6046=CARTESIAN_POINT('',(-6.59E-1,5.5E-2,-1.825E-1));
#6047=DIRECTION('',(0.E0,0.E0,1.E0));
#6048=DIRECTION('',(-1.E0,0.E0,0.E0));
#6049=AXIS2_PLACEMENT_3D('',#6046,#6047,#6048);
#6050=PLANE('',#6049);
#6051=ORIENTED_EDGE('',*,*,#6036,.F.);
#6052=ORIENTED_EDGE('',*,*,#5985,.T.);
#6054=ORIENTED_EDGE('',*,*,#6053,.F.);
#6056=ORIENTED_EDGE('',*,*,#6055,.F.);
#6057=ORIENTED_EDGE('',*,*,#3293,.F.);
#6059=ORIENTED_EDGE('',*,*,#6058,.T.);
#6060=EDGE_LOOP('',(#6051,#6052,#6054,#6056,#6057,#6059));
#6061=FACE_OUTER_BOUND('',#6060,.F.);
#6062=ADVANCED_FACE('',(#6061),#6050,.T.);
#6063=CARTESIAN_POINT('',(-6.94E-1,-1.55E-1,-2.025E-1));
#6064=DIRECTION('',(-7.071067811865E-1,-7.071067811865E-1,0.E0));
#6065=DIRECTION('',(-7.071067811865E-1,7.071067811865E-1,0.E0));
#6066=AXIS2_PLACEMENT_3D('',#6063,#6064,#6065);
#6067=PLANE('',#6066);
#6069=ORIENTED_EDGE('',*,*,#6068,.T.);
#6071=ORIENTED_EDGE('',*,*,#6070,.F.);
#6072=ORIENTED_EDGE('',*,*,#6053,.T.);
#6073=ORIENTED_EDGE('',*,*,#5983,.T.);
#6074=EDGE_LOOP('',(#6069,#6071,#6072,#6073));
#6075=FACE_OUTER_BOUND('',#6074,.F.);
#6076=ADVANCED_FACE('',(#6075),#6067,.T.);
#6077=CARTESIAN_POINT('',(-6.99E-1,5.5E-2,-2.225E-1));
#6078=DIRECTION('',(0.E0,0.E0,-1.E0));
#6079=DIRECTION('',(1.E0,0.E0,0.E0));
#6080=AXIS2_PLACEMENT_3D('',#6077,#6078,#6079);
#6081=PLANE('',#6080);
#6082=ORIENTED_EDGE('',*,*,#6040,.F.);
#6084=ORIENTED_EDGE('',*,*,#6083,.F.);
#6085=ORIENTED_EDGE('',*,*,#3289,.F.);
#6087=ORIENTED_EDGE('',*,*,#6086,.T.);
#6088=ORIENTED_EDGE('',*,*,#6068,.F.);
#6089=ORIENTED_EDGE('',*,*,#5981,.T.);
#6090=EDGE_LOOP('',(#6082,#6084,#6085,#6087,#6088,#6089));
#6091=FACE_OUTER_BOUND('',#6090,.F.);
#6092=ADVANCED_FACE('',(#6091),#6081,.T.);
#6093=CARTESIAN_POINT('',(-6.59E-1,5.5E-2,-2.225E-1));
#6094=DIRECTION('',(1.E0,0.E0,0.E0));
#6095=DIRECTION('',(0.E0,0.E0,1.E0));
#6096=AXIS2_PLACEMENT_3D('',#6093,#6094,#6095);
#6097=PLANE('',#6096);
#6098=ORIENTED_EDGE('',*,*,#6038,.T.);
#6099=ORIENTED_EDGE('',*,*,#6058,.F.);
#6100=ORIENTED_EDGE('',*,*,#3291,.F.);
#6101=ORIENTED_EDGE('',*,*,#6083,.T.);
#6102=EDGE_LOOP('',(#6098,#6099,#6100,#6101));
#6103=FACE_OUTER_BOUND('',#6102,.F.);
#6104=ADVANCED_FACE('',(#6103),#6097,.T.);
#6105=CARTESIAN_POINT('',(-6.99E-1,5.5E-2,-1.825E-1));
#6106=DIRECTION('',(-1.E0,0.E0,0.E0));
#6107=DIRECTION('',(0.E0,0.E0,-1.E0));
#6108=AXIS2_PLACEMENT_3D('',#6105,#6106,#6107);
#6109=PLANE('',#6108);
#6110=ORIENTED_EDGE('',*,*,#6070,.T.);
#6111=ORIENTED_EDGE('',*,*,#6086,.F.);
#6112=ORIENTED_EDGE('',*,*,#3295,.F.);
#6113=ORIENTED_EDGE('',*,*,#6055,.T.);
#6114=EDGE_LOOP('',(#6110,#6111,#6112,#6113));
#6115=FACE_OUTER_BOUND('',#6114,.F.);
#6116=ADVANCED_FACE('',(#6115),#6109,.T.);
#6117=CARTESIAN_POINT('',(2.99E-1,5.5E-2,-2.225E-1));
#6118=DIRECTION('',(1.E0,0.E0,0.E0));
#6119=DIRECTION('',(0.E0,0.E0,1.E0));
#6120=AXIS2_PLACEMENT_3D('',#6117,#6118,#6119);
#6121=PLANE('',#6120);
#6123=ORIENTED_EDGE('',*,*,#6122,.T.);
#6125=ORIENTED_EDGE('',*,*,#6124,.F.);
#6126=ORIENTED_EDGE('',*,*,#3299,.F.);
#6128=ORIENTED_EDGE('',*,*,#6127,.T.);
#6129=EDGE_LOOP('',(#6123,#6125,#6126,#6128));
#6130=FACE_OUTER_BOUND('',#6129,.F.);
#6131=ADVANCED_FACE('',(#6130),#6121,.T.);
#6132=CARTESIAN_POINT('',(2.94E-1,-1.55E-1,-2.025E-1));
#6133=DIRECTION('',(7.071067811865E-1,-7.071067811865E-1,0.E0));
#6134=DIRECTION('',(7.071067811865E-1,7.071067811865E-1,0.E0));
#6135=AXIS2_PLACEMENT_3D('',#6132,#6133,#6134);
#6136=PLANE('',#6135);
#6138=ORIENTED_EDGE('',*,*,#6137,.T.);
#6139=ORIENTED_EDGE('',*,*,#6122,.F.);
#6141=ORIENTED_EDGE('',*,*,#6140,.T.);
#6143=ORIENTED_EDGE('',*,*,#6142,.T.);
#6144=EDGE_LOOP('',(#6138,#6139,#6141,#6143));
#6145=FACE_OUTER_BOUND('',#6144,.F.);
#6146=ADVANCED_FACE('',(#6145),#6136,.T.);
#6147=CARTESIAN_POINT('',(2.99E-1,5.5E-2,-1.825E-1));
#6148=DIRECTION('',(0.E0,0.E0,1.E0));
#6149=DIRECTION('',(-1.E0,0.E0,0.E0));
#6150=AXIS2_PLACEMENT_3D('',#6147,#6148,#6149);
#6151=PLANE('',#6150);
#6152=ORIENTED_EDGE('',*,*,#6137,.F.);
#6154=ORIENTED_EDGE('',*,*,#6153,.T.);
#6156=ORIENTED_EDGE('',*,*,#6155,.F.);
#6158=ORIENTED_EDGE('',*,*,#6157,.F.);
#6159=ORIENTED_EDGE('',*,*,#3301,.F.);
#6160=ORIENTED_EDGE('',*,*,#6124,.T.);
#6161=EDGE_LOOP('',(#6152,#6154,#6156,#6158,#6159,#6160));
#6162=FACE_OUTER_BOUND('',#6161,.F.);
#6163=ADVANCED_FACE('',(#6162),#6151,.T.);
#6164=CARTESIAN_POINT('',(-3.E-2,-1.6E-1,0.E0));
#6165=DIRECTION('',(0.E0,-1.E0,0.E0));
#6166=DIRECTION('',(0.E0,0.E0,-1.E0));
#6167=AXIS2_PLACEMENT_3D('',#6164,#6165,#6166);
#6168=PLANE('',#6167);
#6170=ORIENTED_EDGE('',*,*,#6169,.F.);
#6172=ORIENTED_EDGE('',*,*,#6171,.F.);
#6174=ORIENTED_EDGE('',*,*,#6173,.F.);
#6176=ORIENTED_EDGE('',*,*,#6175,.F.);
#6177=EDGE_LOOP('',(#6170,#6172,#6174,#6176));
#6178=FACE_OUTER_BOUND('',#6177,.F.);
#6179=ADVANCED_FACE('',(#6178),#6168,.T.);
#6180=CARTESIAN_POINT('',(-3.E-2,-1.6E-1,0.E0));
#6181=DIRECTION('',(0.E0,-1.E0,0.E0));
#6182=DIRECTION('',(0.E0,0.E0,-1.E0));
#6183=AXIS2_PLACEMENT_3D('',#6180,#6181,#6182);
#6184=PLANE('',#6183);
#6185=ORIENTED_EDGE('',*,*,#6142,.F.);
#6187=ORIENTED_EDGE('',*,*,#6186,.F.);
#6189=ORIENTED_EDGE('',*,*,#6188,.F.);
#6190=ORIENTED_EDGE('',*,*,#6153,.F.);
#6191=EDGE_LOOP('',(#6185,#6187,#6189,#6190));
#6192=FACE_OUTER_BOUND('',#6191,.F.);
#6193=ADVANCED_FACE('',(#6192),#6184,.T.);
#6194=CARTESIAN_POINT('',(1.36E-1,-1.55E-1,-2.025E-1));
#6195=DIRECTION('',(7.071067811865E-1,-7.071067811865E-1,0.E0));
#6196=DIRECTION('',(7.071067811865E-1,7.071067811865E-1,0.E0));
#6197=AXIS2_PLACEMENT_3D('',#6194,#6195,#6196);
#6198=PLANE('',#6197);
#6200=ORIENTED_EDGE('',*,*,#6199,.T.);
#6202=ORIENTED_EDGE('',*,*,#6201,.F.);
#6204=ORIENTED_EDGE('',*,*,#6203,.T.);
#6205=ORIENTED_EDGE('',*,*,#6169,.T.);
#6206=EDGE_LOOP('',(#6200,#6202,#6204,#6205));
#6207=FACE_OUTER_BOUND('',#6206,.F.);
#6208=ADVANCED_FACE('',(#6207),#6198,.T.);
#6209=CARTESIAN_POINT('',(1.41E-1,5.5E-2,-1.825E-1));
#6210=DIRECTION('',(0.E0,0.E0,1.E0));
#6211=DIRECTION('',(-1.E0,0.E0,0.E0));
#6212=AXIS2_PLACEMENT_3D('',#6209,#6210,#6211);
#6213=PLANE('',#6212);
#6214=ORIENTED_EDGE('',*,*,#6199,.F.);
#6215=ORIENTED_EDGE('',*,*,#6175,.T.);
#6217=ORIENTED_EDGE('',*,*,#6216,.F.);
#6219=ORIENTED_EDGE('',*,*,#6218,.F.);
#6220=ORIENTED_EDGE('',*,*,#3313,.F.);
#6222=ORIENTED_EDGE('',*,*,#6221,.T.);
#6223=EDGE_LOOP('',(#6214,#6215,#6217,#6219,#6220,#6222));
#6224=FACE_OUTER_BOUND('',#6223,.F.);
#6225=ADVANCED_FACE('',(#6224),#6213,.T.);
#6226=CARTESIAN_POINT('',(1.06E-1,-1.55E-1,-2.025E-1));
#6227=DIRECTION('',(-7.071067811865E-1,-7.071067811865E-1,0.E0));
#6228=DIRECTION('',(-7.071067811865E-1,7.071067811865E-1,0.E0));
#6229=AXIS2_PLACEMENT_3D('',#6226,#6227,#6228);
#6230=PLANE('',#6229);
#6232=ORIENTED_EDGE('',*,*,#6231,.T.);
#6234=ORIENTED_EDGE('',*,*,#6233,.F.);
#6235=ORIENTED_EDGE('',*,*,#6216,.T.);
#6236=ORIENTED_EDGE('',*,*,#6173,.T.);
#6237=EDGE_LOOP('',(#6232,#6234,#6235,#6236));
#6238=FACE_OUTER_BOUND('',#6237,.F.);
#6239=ADVANCED_FACE('',(#6238),#6230,.T.);
#6240=CARTESIAN_POINT('',(1.01E-1,5.5E-2,-2.225E-1));
#6241=DIRECTION('',(0.E0,0.E0,-1.E0));
#6242=DIRECTION('',(1.E0,0.E0,0.E0));
#6243=AXIS2_PLACEMENT_3D('',#6240,#6241,#6242);
#6244=PLANE('',#6243);
#6245=ORIENTED_EDGE('',*,*,#6203,.F.);
#6247=ORIENTED_EDGE('',*,*,#6246,.F.);
#6248=ORIENTED_EDGE('',*,*,#3309,.F.);
#6250=ORIENTED_EDGE('',*,*,#6249,.T.);
#6251=ORIENTED_EDGE('',*,*,#6231,.F.);
#6252=ORIENTED_EDGE('',*,*,#6171,.T.);
#6253=EDGE_LOOP('',(#6245,#6247,#6248,#6250,#6251,#6252));
#6254=FACE_OUTER_BOUND('',#6253,.F.);
#6255=ADVANCED_FACE('',(#6254),#6244,.T.);
#6256=CARTESIAN_POINT('',(1.41E-1,5.5E-2,-2.225E-1));
#6257=DIRECTION('',(1.E0,0.E0,0.E0));
#6258=DIRECTION('',(0.E0,0.E0,1.E0));
#6259=AXIS2_PLACEMENT_3D('',#6256,#6257,#6258);
#6260=PLANE('',#6259);
#6261=ORIENTED_EDGE('',*,*,#6201,.T.);
#6262=ORIENTED_EDGE('',*,*,#6221,.F.);
#6263=ORIENTED_EDGE('',*,*,#3311,.F.);
#6264=ORIENTED_EDGE('',*,*,#6246,.T.);
#6265=EDGE_LOOP('',(#6261,#6262,#6263,#6264));
#6266=FACE_OUTER_BOUND('',#6265,.F.);
#6267=ADVANCED_FACE('',(#6266),#6260,.T.);
#6268=CARTESIAN_POINT('',(1.01E-1,5.5E-2,-1.825E-1));
#6269=DIRECTION('',(-1.E0,0.E0,0.E0));
#6270=DIRECTION('',(0.E0,0.E0,-1.E0));
#6271=AXIS2_PLACEMENT_3D('',#6268,#6269,#6270);
#6272=PLANE('',#6271);
#6273=ORIENTED_EDGE('',*,*,#6233,.T.);
#6274=ORIENTED_EDGE('',*,*,#6249,.F.);
#6275=ORIENTED_EDGE('',*,*,#3315,.F.);
#6276=ORIENTED_EDGE('',*,*,#6218,.T.);
#6277=EDGE_LOOP('',(#6273,#6274,#6275,#6276));
#6278=FACE_OUTER_BOUND('',#6277,.F.);
#6279=ADVANCED_FACE('',(#6278),#6272,.T.);
#6280=CARTESIAN_POINT('',(2.59E-1,5.5E-2,-2.225E-1));
#6281=DIRECTION('',(0.E0,0.E0,-1.E0));
#6282=DIRECTION('',(1.E0,0.E0,0.E0));
#6283=AXIS2_PLACEMENT_3D('',#6280,#6281,#6282);
#6284=PLANE('',#6283);
#6285=ORIENTED_EDGE('',*,*,#6140,.F.);
#6286=ORIENTED_EDGE('',*,*,#6127,.F.);
#6287=ORIENTED_EDGE('',*,*,#3305,.F.);
#6289=ORIENTED_EDGE('',*,*,#6288,.T.);
#6291=ORIENTED_EDGE('',*,*,#6290,.F.);
#6292=ORIENTED_EDGE('',*,*,#6186,.T.);
#6293=EDGE_LOOP('',(#6285,#6286,#6287,#6289,#6291,#6292));
#6294=FACE_OUTER_BOUND('',#6293,.F.);
#6295=ADVANCED_FACE('',(#6294),#6284,.T.);
#6296=CARTESIAN_POINT('',(2.59E-1,5.5E-2,-1.825E-1));
#6297=DIRECTION('',(-1.E0,0.E0,0.E0));
#6298=DIRECTION('',(0.E0,0.E0,-1.E0));
#6299=AXIS2_PLACEMENT_3D('',#6296,#6297,#6298);
#6300=PLANE('',#6299);
#6302=ORIENTED_EDGE('',*,*,#6301,.T.);
#6303=ORIENTED_EDGE('',*,*,#6288,.F.);
#6304=ORIENTED_EDGE('',*,*,#3303,.F.);
#6305=ORIENTED_EDGE('',*,*,#6157,.T.);
#6306=EDGE_LOOP('',(#6302,#6303,#6304,#6305));
#6307=FACE_OUTER_BOUND('',#6306,.F.);
#6308=ADVANCED_FACE('',(#6307),#6300,.T.);
#6309=CARTESIAN_POINT('',(2.64E-1,-1.55E-1,-2.025E-1));
#6310=DIRECTION('',(-7.071067811865E-1,-7.071067811865E-1,0.E0));
#6311=DIRECTION('',(-7.071067811865E-1,7.071067811865E-1,0.E0));
#6312=AXIS2_PLACEMENT_3D('',#6309,#6310,#6311);
#6313=PLANE('',#6312);
#6314=ORIENTED_EDGE('',*,*,#6290,.T.);
#6315=ORIENTED_EDGE('',*,*,#6301,.F.);
#6316=ORIENTED_EDGE('',*,*,#6155,.T.);
#6317=ORIENTED_EDGE('',*,*,#6188,.T.);
#6318=EDGE_LOOP('',(#6314,#6315,#6316,#6317));
#6319=FACE_OUTER_BOUND('',#6318,.F.);
#6320=ADVANCED_FACE('',(#6319),#6313,.T.);
#6321=CARTESIAN_POINT('',(-2.99E-1,5.5E-2,2.175E-1));
#6322=DIRECTION('',(-1.E0,0.E0,0.E0));
#6323=DIRECTION('',(0.E0,0.E0,-1.E0));
#6324=AXIS2_PLACEMENT_3D('',#6321,#6322,#6323);
#6325=PLANE('',#6324);
#6327=ORIENTED_EDGE('',*,*,#6326,.T.);
#6329=ORIENTED_EDGE('',*,*,#6328,.F.);
#6330=ORIENTED_EDGE('',*,*,#3319,.F.);
#6332=ORIENTED_EDGE('',*,*,#6331,.T.);
#6333=EDGE_LOOP('',(#6327,#6329,#6330,#6332));
#6334=FACE_OUTER_BOUND('',#6333,.F.);
#6335=ADVANCED_FACE('',(#6334),#6325,.T.);
#6336=CARTESIAN_POINT('',(-2.94E-1,-1.55E-1,1.975E-1));
#6337=DIRECTION('',(-7.071067811865E-1,-7.071067811865E-1,0.E0));
#6338=DIRECTION('',(-7.071067811865E-1,7.071067811865E-1,0.E0));
#6339=AXIS2_PLACEMENT_3D('',#6336,#6337,#6338);
#6340=PLANE('',#6339);
#6342=ORIENTED_EDGE('',*,*,#6341,.T.);
#6343=ORIENTED_EDGE('',*,*,#6326,.F.);
#6345=ORIENTED_EDGE('',*,*,#6344,.T.);
#6347=ORIENTED_EDGE('',*,*,#6346,.T.);
#6348=EDGE_LOOP('',(#6342,#6343,#6345,#6347));
#6349=FACE_OUTER_BOUND('',#6348,.F.);
#6350=ADVANCED_FACE('',(#6349),#6340,.T.);
#6351=CARTESIAN_POINT('',(-2.99E-1,5.5E-2,1.775E-1));
#6352=DIRECTION('',(0.E0,0.E0,-1.E0));
#6353=DIRECTION('',(1.E0,0.E0,0.E0));
#6354=AXIS2_PLACEMENT_3D('',#6351,#6352,#6353);
#6355=PLANE('',#6354);
#6356=ORIENTED_EDGE('',*,*,#6341,.F.);
#6358=ORIENTED_EDGE('',*,*,#6357,.T.);
#6360=ORIENTED_EDGE('',*,*,#6359,.F.);
#6362=ORIENTED_EDGE('',*,*,#6361,.F.);
#6363=ORIENTED_EDGE('',*,*,#3321,.F.);
#6364=ORIENTED_EDGE('',*,*,#6328,.T.);
#6365=EDGE_LOOP('',(#6356,#6358,#6360,#6362,#6363,#6364));
#6366=FACE_OUTER_BOUND('',#6365,.F.);
#6367=ADVANCED_FACE('',(#6366),#6355,.T.);
#6368=CARTESIAN_POINT('',(-8.3E-1,-1.6E-1,0.E0));
#6369=DIRECTION('',(0.E0,-1.E0,0.E0));
#6370=DIRECTION('',(0.E0,0.E0,-1.E0));
#6371=AXIS2_PLACEMENT_3D('',#6368,#6369,#6370);
#6372=PLANE('',#6371);
#6373=ORIENTED_EDGE('',*,*,#6346,.F.);
#6375=ORIENTED_EDGE('',*,*,#6374,.F.);
#6377=ORIENTED_EDGE('',*,*,#6376,.F.);
#6378=ORIENTED_EDGE('',*,*,#6357,.F.);
#6379=EDGE_LOOP('',(#6373,#6375,#6377,#6378));
#6380=FACE_OUTER_BOUND('',#6379,.F.);
#6381=ADVANCED_FACE('',(#6380),#6372,.T.);
#6382=CARTESIAN_POINT('',(-8.3E-1,-1.6E-1,0.E0));
#6383=DIRECTION('',(0.E0,-1.E0,0.E0));
#6384=DIRECTION('',(0.E0,0.E0,-1.E0));
#6385=AXIS2_PLACEMENT_3D('',#6382,#6383,#6384);
#6386=PLANE('',#6385);
#6388=ORIENTED_EDGE('',*,*,#6387,.F.);
#6390=ORIENTED_EDGE('',*,*,#6389,.F.);
#6392=ORIENTED_EDGE('',*,*,#6391,.F.);
#6394=ORIENTED_EDGE('',*,*,#6393,.F.);
#6395=EDGE_LOOP('',(#6388,#6390,#6392,#6394));
#6396=FACE_OUTER_BOUND('',#6395,.F.);
#6397=ADVANCED_FACE('',(#6396),#6386,.T.);
#6398=CARTESIAN_POINT('',(-2.59E-1,5.5E-2,2.175E-1));
#6399=DIRECTION('',(0.E0,0.E0,1.E0));
#6400=DIRECTION('',(-1.E0,0.E0,0.E0));
#6401=AXIS2_PLACEMENT_3D('',#6398,#6399,#6400);
#6402=PLANE('',#6401);
#6403=ORIENTED_EDGE('',*,*,#6344,.F.);
#6404=ORIENTED_EDGE('',*,*,#6331,.F.);
#6405=ORIENTED_EDGE('',*,*,#3325,.F.);
#6407=ORIENTED_EDGE('',*,*,#6406,.T.);
#6409=ORIENTED_EDGE('',*,*,#6408,.F.);
#6410=ORIENTED_EDGE('',*,*,#6374,.T.);
#6411=EDGE_LOOP('',(#6403,#6404,#6405,#6407,#6409,#6410));
#6412=FACE_OUTER_BOUND('',#6411,.F.);
#6413=ADVANCED_FACE('',(#6412),#6402,.T.);
#6414=CARTESIAN_POINT('',(-2.59E-1,5.5E-2,1.775E-1));
#6415=DIRECTION('',(1.E0,0.E0,0.E0));
#6416=DIRECTION('',(0.E0,0.E0,1.E0));
#6417=AXIS2_PLACEMENT_3D('',#6414,#6415,#6416);
#6418=PLANE('',#6417);
#6420=ORIENTED_EDGE('',*,*,#6419,.T.);
#6421=ORIENTED_EDGE('',*,*,#6406,.F.);
#6422=ORIENTED_EDGE('',*,*,#3323,.F.);
#6423=ORIENTED_EDGE('',*,*,#6361,.T.);
#6424=EDGE_LOOP('',(#6420,#6421,#6422,#6423));
#6425=FACE_OUTER_BOUND('',#6424,.F.);
#6426=ADVANCED_FACE('',(#6425),#6418,.T.);
#6427=CARTESIAN_POINT('',(-2.64E-1,-1.55E-1,1.975E-1));
#6428=DIRECTION('',(7.071067811865E-1,-7.071067811865E-1,0.E0));
#6429=DIRECTION('',(7.071067811865E-1,7.071067811865E-1,0.E0));
#6430=AXIS2_PLACEMENT_3D('',#6427,#6428,#6429);
#6431=PLANE('',#6430);
#6432=ORIENTED_EDGE('',*,*,#6408,.T.);
#6433=ORIENTED_EDGE('',*,*,#6419,.F.);
#6434=ORIENTED_EDGE('',*,*,#6359,.T.);
#6435=ORIENTED_EDGE('',*,*,#6376,.T.);
#6436=EDGE_LOOP('',(#6432,#6433,#6434,#6435));
#6437=FACE_OUTER_BOUND('',#6436,.F.);
#6438=ADVANCED_FACE('',(#6437),#6431,.T.);
#6439=CARTESIAN_POINT('',(-1.36E-1,-1.55E-1,1.975E-1));
#6440=DIRECTION('',(-7.071067811865E-1,-7.071067811865E-1,0.E0));
#6441=DIRECTION('',(-7.071067811865E-1,7.071067811865E-1,0.E0));
#6442=AXIS2_PLACEMENT_3D('',#6439,#6440,#6441);
#6443=PLANE('',#6442);
#6445=ORIENTED_EDGE('',*,*,#6444,.T.);
#6447=ORIENTED_EDGE('',*,*,#6446,.F.);
#6449=ORIENTED_EDGE('',*,*,#6448,.T.);
#6450=ORIENTED_EDGE('',*,*,#6387,.T.);
#6451=EDGE_LOOP('',(#6445,#6447,#6449,#6450));
#6452=FACE_OUTER_BOUND('',#6451,.F.);
#6453=ADVANCED_FACE('',(#6452),#6443,.T.);
#6454=CARTESIAN_POINT('',(-1.41E-1,5.5E-2,1.775E-1));
#6455=DIRECTION('',(0.E0,0.E0,-1.E0));
#6456=DIRECTION('',(1.E0,0.E0,0.E0));
#6457=AXIS2_PLACEMENT_3D('',#6454,#6455,#6456);
#6458=PLANE('',#6457);
#6459=ORIENTED_EDGE('',*,*,#6444,.F.);
#6460=ORIENTED_EDGE('',*,*,#6393,.T.);
#6462=ORIENTED_EDGE('',*,*,#6461,.F.);
#6464=ORIENTED_EDGE('',*,*,#6463,.F.);
#6465=ORIENTED_EDGE('',*,*,#3333,.F.);
#6467=ORIENTED_EDGE('',*,*,#6466,.T.);
#6468=EDGE_LOOP('',(#6459,#6460,#6462,#6464,#6465,#6467));
#6469=FACE_OUTER_BOUND('',#6468,.F.);
#6470=ADVANCED_FACE('',(#6469),#6458,.T.);
#6471=CARTESIAN_POINT('',(-1.06E-1,-1.55E-1,1.975E-1));
#6472=DIRECTION('',(7.071067811865E-1,-7.071067811865E-1,0.E0));
#6473=DIRECTION('',(7.071067811865E-1,7.071067811865E-1,0.E0));
#6474=AXIS2_PLACEMENT_3D('',#6471,#6472,#6473);
#6475=PLANE('',#6474);
#6477=ORIENTED_EDGE('',*,*,#6476,.T.);
#6479=ORIENTED_EDGE('',*,*,#6478,.F.);
#6480=ORIENTED_EDGE('',*,*,#6461,.T.);
#6481=ORIENTED_EDGE('',*,*,#6391,.T.);
#6482=EDGE_LOOP('',(#6477,#6479,#6480,#6481));
#6483=FACE_OUTER_BOUND('',#6482,.F.);
#6484=ADVANCED_FACE('',(#6483),#6475,.T.);
#6485=CARTESIAN_POINT('',(-1.01E-1,5.5E-2,2.175E-1));
#6486=DIRECTION('',(0.E0,0.E0,1.E0));
#6487=DIRECTION('',(-1.E0,0.E0,0.E0));
#6488=AXIS2_PLACEMENT_3D('',#6485,#6486,#6487);
#6489=PLANE('',#6488);
#6490=ORIENTED_EDGE('',*,*,#6448,.F.);
#6492=ORIENTED_EDGE('',*,*,#6491,.F.);
#6493=ORIENTED_EDGE('',*,*,#3329,.F.);
#6495=ORIENTED_EDGE('',*,*,#6494,.T.);
#6496=ORIENTED_EDGE('',*,*,#6476,.F.);
#6497=ORIENTED_EDGE('',*,*,#6389,.T.);
#6498=EDGE_LOOP('',(#6490,#6492,#6493,#6495,#6496,#6497));
#6499=FACE_OUTER_BOUND('',#6498,.F.);
#6500=ADVANCED_FACE('',(#6499),#6489,.T.);
#6501=CARTESIAN_POINT('',(-1.41E-1,5.5E-2,2.175E-1));
#6502=DIRECTION('',(-1.E0,0.E0,0.E0));
#6503=DIRECTION('',(0.E0,0.E0,-1.E0));
#6504=AXIS2_PLACEMENT_3D('',#6501,#6502,#6503);
#6505=PLANE('',#6504);
#6506=ORIENTED_EDGE('',*,*,#6446,.T.);
#6507=ORIENTED_EDGE('',*,*,#6466,.F.);
#6508=ORIENTED_EDGE('',*,*,#3331,.F.);
#6509=ORIENTED_EDGE('',*,*,#6491,.T.);
#6510=EDGE_LOOP('',(#6506,#6507,#6508,#6509));
#6511=FACE_OUTER_BOUND('',#6510,.F.);
#6512=ADVANCED_FACE('',(#6511),#6505,.T.);
#6513=CARTESIAN_POINT('',(-1.01E-1,5.5E-2,1.775E-1));
#6514=DIRECTION('',(1.E0,0.E0,0.E0));
#6515=DIRECTION('',(0.E0,0.E0,1.E0));
#6516=AXIS2_PLACEMENT_3D('',#6513,#6514,#6515);
#6517=PLANE('',#6516);
#6518=ORIENTED_EDGE('',*,*,#6478,.T.);
#6519=ORIENTED_EDGE('',*,*,#6494,.F.);
#6520=ORIENTED_EDGE('',*,*,#3335,.F.);
#6521=ORIENTED_EDGE('',*,*,#6463,.T.);
#6522=EDGE_LOOP('',(#6518,#6519,#6520,#6521));
#6523=FACE_OUTER_BOUND('',#6522,.F.);
#6524=ADVANCED_FACE('',(#6523),#6517,.T.);
#6525=CARTESIAN_POINT('',(5.01E-1,5.5E-2,2.175E-1));
#6526=DIRECTION('',(-1.E0,0.E0,0.E0));
#6527=DIRECTION('',(0.E0,0.E0,-1.E0));
#6528=AXIS2_PLACEMENT_3D('',#6525,#6526,#6527);
#6529=PLANE('',#6528);
#6531=ORIENTED_EDGE('',*,*,#6530,.T.);
#6533=ORIENTED_EDGE('',*,*,#6532,.F.);
#6534=ORIENTED_EDGE('',*,*,#3339,.F.);
#6536=ORIENTED_EDGE('',*,*,#6535,.T.);
#6537=EDGE_LOOP('',(#6531,#6533,#6534,#6536));
#6538=FACE_OUTER_BOUND('',#6537,.F.);
#6539=ADVANCED_FACE('',(#6538),#6529,.T.);
#6540=CARTESIAN_POINT('',(5.06E-1,-1.55E-1,1.975E-1));
#6541=DIRECTION('',(-7.071067811865E-1,-7.071067811865E-1,0.E0));
#6542=DIRECTION('',(-7.071067811865E-1,7.071067811865E-1,0.E0));
#6543=AXIS2_PLACEMENT_3D('',#6540,#6541,#6542);
#6544=PLANE('',#6543);
#6546=ORIENTED_EDGE('',*,*,#6545,.T.);
#6547=ORIENTED_EDGE('',*,*,#6530,.F.);
#6549=ORIENTED_EDGE('',*,*,#6548,.T.);
#6551=ORIENTED_EDGE('',*,*,#6550,.T.);
#6552=EDGE_LOOP('',(#6546,#6547,#6549,#6551));
#6553=FACE_OUTER_BOUND('',#6552,.F.);
#6554=ADVANCED_FACE('',(#6553),#6544,.T.);
#6555=CARTESIAN_POINT('',(5.01E-1,5.5E-2,1.775E-1));
#6556=DIRECTION('',(0.E0,0.E0,-1.E0));
#6557=DIRECTION('',(1.E0,0.E0,0.E0));
#6558=AXIS2_PLACEMENT_3D('',#6555,#6556,#6557);
#6559=PLANE('',#6558);
#6560=ORIENTED_EDGE('',*,*,#6545,.F.);
#6562=ORIENTED_EDGE('',*,*,#6561,.T.);
#6564=ORIENTED_EDGE('',*,*,#6563,.F.);
#6566=ORIENTED_EDGE('',*,*,#6565,.F.);
#6567=ORIENTED_EDGE('',*,*,#3341,.F.);
#6568=ORIENTED_EDGE('',*,*,#6532,.T.);
#6569=EDGE_LOOP('',(#6560,#6562,#6564,#6566,#6567,#6568));
#6570=FACE_OUTER_BOUND('',#6569,.F.);
#6571=ADVANCED_FACE('',(#6570),#6559,.T.);
#6572=CARTESIAN_POINT('',(-8.3E-1,-1.6E-1,0.E0));
#6573=DIRECTION('',(0.E0,-1.E0,0.E0));
#6574=DIRECTION('',(0.E0,0.E0,-1.E0));
#6575=AXIS2_PLACEMENT_3D('',#6572,#6573,#6574);
#6576=PLANE('',#6575);
#6577=ORIENTED_EDGE('',*,*,#6550,.F.);
#6579=ORIENTED_EDGE('',*,*,#6578,.F.);
#6581=ORIENTED_EDGE('',*,*,#6580,.F.);
#6582=ORIENTED_EDGE('',*,*,#6561,.F.);
#6583=EDGE_LOOP('',(#6577,#6579,#6581,#6582));
#6584=FACE_OUTER_BOUND('',#6583,.F.);
#6585=ADVANCED_FACE('',(#6584),#6576,.T.);
#6586=CARTESIAN_POINT('',(-8.3E-1,-1.6E-1,0.E0));
#6587=DIRECTION('',(0.E0,-1.E0,0.E0));
#6588=DIRECTION('',(0.E0,0.E0,-1.E0));
#6589=AXIS2_PLACEMENT_3D('',#6586,#6587,#6588);
#6590=PLANE('',#6589);
#6592=ORIENTED_EDGE('',*,*,#6591,.F.);
#6594=ORIENTED_EDGE('',*,*,#6593,.F.);
#6596=ORIENTED_EDGE('',*,*,#6595,.F.);
#6598=ORIENTED_EDGE('',*,*,#6597,.F.);
#6599=EDGE_LOOP('',(#6592,#6594,#6596,#6598));
#6600=FACE_OUTER_BOUND('',#6599,.F.);
#6601=ADVANCED_FACE('',(#6600),#6590,.T.);
#6602=CARTESIAN_POINT('',(5.41E-1,5.5E-2,2.175E-1));
#6603=DIRECTION('',(0.E0,0.E0,1.E0));
#6604=DIRECTION('',(-1.E0,0.E0,0.E0));
#6605=AXIS2_PLACEMENT_3D('',#6602,#6603,#6604);
#6606=PLANE('',#6605);
#6607=ORIENTED_EDGE('',*,*,#6548,.F.);
#6608=ORIENTED_EDGE('',*,*,#6535,.F.);
#6609=ORIENTED_EDGE('',*,*,#3345,.F.);
#6611=ORIENTED_EDGE('',*,*,#6610,.T.);
#6613=ORIENTED_EDGE('',*,*,#6612,.F.);
#6614=ORIENTED_EDGE('',*,*,#6578,.T.);
#6615=EDGE_LOOP('',(#6607,#6608,#6609,#6611,#6613,#6614));
#6616=FACE_OUTER_BOUND('',#6615,.F.);
#6617=ADVANCED_FACE('',(#6616),#6606,.T.);
#6618=CARTESIAN_POINT('',(5.41E-1,5.5E-2,1.775E-1));
#6619=DIRECTION('',(1.E0,0.E0,0.E0));
#6620=DIRECTION('',(0.E0,0.E0,1.E0));
#6621=AXIS2_PLACEMENT_3D('',#6618,#6619,#6620);
#6622=PLANE('',#6621);
#6624=ORIENTED_EDGE('',*,*,#6623,.T.);
#6625=ORIENTED_EDGE('',*,*,#6610,.F.);
#6626=ORIENTED_EDGE('',*,*,#3343,.F.);
#6627=ORIENTED_EDGE('',*,*,#6565,.T.);
#6628=EDGE_LOOP('',(#6624,#6625,#6626,#6627));
#6629=FACE_OUTER_BOUND('',#6628,.F.);
#6630=ADVANCED_FACE('',(#6629),#6622,.T.);
#6631=CARTESIAN_POINT('',(5.36E-1,-1.55E-1,1.975E-1));
#6632=DIRECTION('',(7.071067811865E-1,-7.071067811865E-1,0.E0));
#6633=DIRECTION('',(7.071067811865E-1,7.071067811865E-1,0.E0));
#6634=AXIS2_PLACEMENT_3D('',#6631,#6632,#6633);
#6635=PLANE('',#6634);
#6636=ORIENTED_EDGE('',*,*,#6612,.T.);
#6637=ORIENTED_EDGE('',*,*,#6623,.F.);
#6638=ORIENTED_EDGE('',*,*,#6563,.T.);
#6639=ORIENTED_EDGE('',*,*,#6580,.T.);
#6640=EDGE_LOOP('',(#6636,#6637,#6638,#6639));
#6641=FACE_OUTER_BOUND('',#6640,.F.);
#6642=ADVANCED_FACE('',(#6641),#6635,.T.);
#6643=CARTESIAN_POINT('',(6.64E-1,-1.55E-1,1.975E-1));
#6644=DIRECTION('',(-7.071067811865E-1,-7.071067811865E-1,0.E0));
#6645=DIRECTION('',(-7.071067811865E-1,7.071067811865E-1,0.E0));
#6646=AXIS2_PLACEMENT_3D('',#6643,#6644,#6645);
#6647=PLANE('',#6646);
#6649=ORIENTED_EDGE('',*,*,#6648,.T.);
#6651=ORIENTED_EDGE('',*,*,#6650,.F.);
#6653=ORIENTED_EDGE('',*,*,#6652,.T.);
#6654=ORIENTED_EDGE('',*,*,#6591,.T.);
#6655=EDGE_LOOP('',(#6649,#6651,#6653,#6654));
#6656=FACE_OUTER_BOUND('',#6655,.F.);
#6657=ADVANCED_FACE('',(#6656),#6647,.T.);
#6658=CARTESIAN_POINT('',(6.59E-1,5.5E-2,1.775E-1));
#6659=DIRECTION('',(0.E0,0.E0,-1.E0));
#6660=DIRECTION('',(1.E0,0.E0,0.E0));
#6661=AXIS2_PLACEMENT_3D('',#6658,#6659,#6660);
#6662=PLANE('',#6661);
#6663=ORIENTED_EDGE('',*,*,#6648,.F.);
#6664=ORIENTED_EDGE('',*,*,#6597,.T.);
#6666=ORIENTED_EDGE('',*,*,#6665,.F.);
#6668=ORIENTED_EDGE('',*,*,#6667,.F.);
#6669=ORIENTED_EDGE('',*,*,#3353,.F.);
#6671=ORIENTED_EDGE('',*,*,#6670,.T.);
#6672=EDGE_LOOP('',(#6663,#6664,#6666,#6668,#6669,#6671));
#6673=FACE_OUTER_BOUND('',#6672,.F.);
#6674=ADVANCED_FACE('',(#6673),#6662,.T.);
#6675=CARTESIAN_POINT('',(6.94E-1,-1.55E-1,1.975E-1));
#6676=DIRECTION('',(7.071067811865E-1,-7.071067811865E-1,0.E0));
#6677=DIRECTION('',(7.071067811865E-1,7.071067811865E-1,0.E0));
#6678=AXIS2_PLACEMENT_3D('',#6675,#6676,#6677);
#6679=PLANE('',#6678);
#6681=ORIENTED_EDGE('',*,*,#6680,.T.);
#6683=ORIENTED_EDGE('',*,*,#6682,.F.);
#6684=ORIENTED_EDGE('',*,*,#6665,.T.);
#6685=ORIENTED_EDGE('',*,*,#6595,.T.);
#6686=EDGE_LOOP('',(#6681,#6683,#6684,#6685));
#6687=FACE_OUTER_BOUND('',#6686,.F.);
#6688=ADVANCED_FACE('',(#6687),#6679,.T.);
#6689=CARTESIAN_POINT('',(6.99E-1,5.5E-2,2.175E-1));
#6690=DIRECTION('',(0.E0,0.E0,1.E0));
#6691=DIRECTION('',(-1.E0,0.E0,0.E0));
#6692=AXIS2_PLACEMENT_3D('',#6689,#6690,#6691);
#6693=PLANE('',#6692);
#6694=ORIENTED_EDGE('',*,*,#6652,.F.);
#6696=ORIENTED_EDGE('',*,*,#6695,.F.);
#6697=ORIENTED_EDGE('',*,*,#3349,.F.);
#6699=ORIENTED_EDGE('',*,*,#6698,.T.);
#6700=ORIENTED_EDGE('',*,*,#6680,.F.);
#6701=ORIENTED_EDGE('',*,*,#6593,.T.);
#6702=EDGE_LOOP('',(#6694,#6696,#6697,#6699,#6700,#6701));
#6703=FACE_OUTER_BOUND('',#6702,.F.);
#6704=ADVANCED_FACE('',(#6703),#6693,.T.);
#6705=CARTESIAN_POINT('',(6.59E-1,5.5E-2,2.175E-1));
#6706=DIRECTION('',(-1.E0,0.E0,0.E0));
#6707=DIRECTION('',(0.E0,0.E0,-1.E0));
#6708=AXIS2_PLACEMENT_3D('',#6705,#6706,#6707);
#6709=PLANE('',#6708);
#6710=ORIENTED_EDGE('',*,*,#6650,.T.);
#6711=ORIENTED_EDGE('',*,*,#6670,.F.);
#6712=ORIENTED_EDGE('',*,*,#3351,.F.);
#6713=ORIENTED_EDGE('',*,*,#6695,.T.);
#6714=EDGE_LOOP('',(#6710,#6711,#6712,#6713));
#6715=FACE_OUTER_BOUND('',#6714,.F.);
#6716=ADVANCED_FACE('',(#6715),#6709,.T.);
#6717=CARTESIAN_POINT('',(6.99E-1,5.5E-2,1.775E-1));
#6718=DIRECTION('',(1.E0,0.E0,0.E0));
#6719=DIRECTION('',(0.E0,0.E0,1.E0));
#6720=AXIS2_PLACEMENT_3D('',#6717,#6718,#6719);
#6721=PLANE('',#6720);
#6722=ORIENTED_EDGE('',*,*,#6682,.T.);
#6723=ORIENTED_EDGE('',*,*,#6698,.F.);
#6724=ORIENTED_EDGE('',*,*,#3355,.F.);
#6725=ORIENTED_EDGE('',*,*,#6667,.T.);
#6726=EDGE_LOOP('',(#6722,#6723,#6724,#6725));
#6727=FACE_OUTER_BOUND('',#6726,.F.);
#6728=ADVANCED_FACE('',(#6727),#6721,.T.);
#6729=CLOSED_SHELL('',(#3120,#3359,#3373,#3387,#3441,#3455,#3469,#3483,#3497,
#3511,#3525,#3563,#3577,#3591,#3605,#3619,#3632,#3656,#3675,#3690,#3705,#3717,
#3730,#3745,#3759,#3772,#3784,#3803,#3818,#3833,#3845,#3858,#3873,#3887,#3900,
#3912,#3931,#3946,#3961,#3973,#3986,#4001,#4015,#4028,#4040,#4059,#4074,#4089,
#4101,#4114,#4129,#4143,#4156,#4168,#4183,#4197,#4211,#4224,#4239,#4254,#4269,
#4283,#4296,#4310,#4323,#4336,#4348,#4363,#4377,#4391,#4404,#4419,#4434,#4449,
#4463,#4476,#4490,#4503,#4516,#4528,#4543,#4557,#4571,#4584,#4599,#4614,#4629,
#4643,#4656,#4670,#4683,#4696,#4708,#4723,#4737,#4751,#4764,#4779,#4794,#4809,
#4823,#4836,#4850,#4863,#4876,#4888,#4903,#4917,#4931,#4945,#4959,#4973,#4987,
#5000,#5016,#5040,#5054,#5067,#5080,#5093,#5106,#5119,#5132,#5144,#5159,#5173,
#5187,#5201,#5215,#5229,#5243,#5256,#5272,#5296,#5310,#5323,#5336,#5349,#5362,
#5375,#5388,#5400,#5415,#5429,#5443,#5457,#5471,#5485,#5499,#5512,#5528,#5552,
#5566,#5579,#5592,#5605,#5618,#5631,#5644,#5656,#5671,#5685,#5699,#5713,#5727,
#5741,#5755,#5768,#5784,#5808,#5822,#5835,#5848,#5861,#5874,#5887,#5900,#5912,
#5927,#5942,#5959,#5973,#5989,#6005,#6018,#6030,#6045,#6062,#6076,#6092,#6104,
#6116,#6131,#6146,#6163,#6179,#6193,#6208,#6225,#6239,#6255,#6267,#6279,#6295,
#6308,#6320,#6335,#6350,#6367,#6381,#6397,#6413,#6426,#6438,#6453,#6470,#6484,
#6500,#6512,#6524,#6539,#6554,#6571,#6585,#6601,#6617,#6630,#6642,#6657,#6674,
#6688,#6704,#6716,#6728));
#6730=MANIFOLD_SOLID_BREP('',#6729);
#6731=CARTESIAN_POINT('',(0.E0,0.E0,0.E0));
#6732=DIRECTION('',(0.E0,0.E0,1.E0));
#6733=DIRECTION('',(1.E0,0.E0,0.E0));
#6734=AXIS2_PLACEMENT_3D('CSYS',#6731,#6732,#6733);
#6735=DIRECTION('',(0.E0,-1.E0,0.E0));
#6736=VECTOR('',#6735,1.55E-1);
#6737=CARTESIAN_POINT('',(-6.E-1,1.17E0,0.E0));
#6738=LINE('',#6737,#6736);
#6741=DIRECTION('',(0.E0,-1.E0,0.E0));
#6742=VECTOR('',#6741,1.55E-1);
#6743=CARTESIAN_POINT('',(-2.E-1,1.17E0,0.E0));
#6744=LINE('',#6743,#6742);
#6746=DIRECTION('',(0.E0,-1.E0,0.E0));
#6747=VECTOR('',#6746,1.55E-1);
#6748=CARTESIAN_POINT('',(2.E-1,1.17E0,0.E0));
#6749=LINE('',#6748,#6747);
#6751=DIRECTION('',(0.E0,-1.E0,0.E0));
#6752=VECTOR('',#6751,1.55E-1);
#6753=CARTESIAN_POINT('',(6.E-1,1.17E0,0.E0));
#6754=LINE('',#6753,#6752);
#6756=CARTESIAN_POINT('',(-6.79E-1,0.E0,-2.025E-1));
#6757=DIRECTION('',(0.E0,-1.E0,0.E0));
#6758=DIRECTION('',(1.E0,0.E0,0.E0));
#6759=AXIS2_PLACEMENT_3D('',#6756,#6757,#6758);
#6763=CARTESIAN_POINT('',(-6.79E-1,0.E0,-2.025E-1));
#6764=DIRECTION('',(0.E0,-1.E0,0.E0));
#6765=DIRECTION('',(-1.E0,0.E0,0.E0));
#6766=AXIS2_PLACEMENT_3D('',#6763,#6764,#6765);
#6771=CARTESIAN_POINT('',(-5.21E-1,0.E0,-2.025E-1));
#6772=DIRECTION('',(0.E0,-1.E0,0.E0));
#6773=DIRECTION('',(1.E0,0.E0,0.E0));
#6774=AXIS2_PLACEMENT_3D('',#6771,#6772,#6773);
#6778=CARTESIAN_POINT('',(-5.21E-1,0.E0,-2.025E-1));
#6779=DIRECTION('',(0.E0,-1.E0,0.E0));
#6780=DIRECTION('',(-1.E0,0.E0,0.E0));
#6781=AXIS2_PLACEMENT_3D('',#6778,#6779,#6780);
#6786=CARTESIAN_POINT('',(1.21E-1,0.E0,-2.025E-1));
#6787=DIRECTION('',(0.E0,-1.E0,0.E0));
#6788=DIRECTION('',(1.E0,0.E0,0.E0));
#6789=AXIS2_PLACEMENT_3D('',#6786,#6787,#6788);
#6793=CARTESIAN_POINT('',(1.21E-1,0.E0,-2.025E-1));
#6794=DIRECTION('',(0.E0,-1.E0,0.E0));
#6795=DIRECTION('',(-1.E0,0.E0,0.E0));
#6796=AXIS2_PLACEMENT_3D('',#6793,#6794,#6795);
#6801=CARTESIAN_POINT('',(2.79E-1,0.E0,-2.025E-1));
#6802=DIRECTION('',(0.E0,-1.E0,0.E0));
#6803=DIRECTION('',(1.E0,0.E0,0.E0));
#6804=AXIS2_PLACEMENT_3D('',#6801,#6802,#6803);
#6808=CARTESIAN_POINT('',(2.79E-1,0.E0,-2.025E-1));
#6809=DIRECTION('',(0.E0,-1.E0,0.E0));
#6810=DIRECTION('',(-1.E0,0.E0,0.E0));
#6811=AXIS2_PLACEMENT_3D('',#6808,#6809,#6810);
#6816=CARTESIAN_POINT('',(-2.79E-1,0.E0,1.975E-1));
#6817=DIRECTION('',(0.E0,-1.E0,0.E0));
#6818=DIRECTION('',(1.E0,0.E0,0.E0));
#6819=AXIS2_PLACEMENT_3D('',#6816,#6817,#6818);
#6823=CARTESIAN_POINT('',(-2.79E-1,0.E0,1.975E-1));
#6824=DIRECTION('',(0.E0,-1.E0,0.E0));
#6825=DIRECTION('',(-1.E0,0.E0,0.E0));
#6826=AXIS2_PLACEMENT_3D('',#6823,#6824,#6825);
#6831=CARTESIAN_POINT('',(-1.21E-1,0.E0,1.975E-1));
#6832=DIRECTION('',(0.E0,-1.E0,0.E0));
#6833=DIRECTION('',(1.E0,0.E0,0.E0));
#6834=AXIS2_PLACEMENT_3D('',#6831,#6832,#6833);
#6838=CARTESIAN_POINT('',(-1.21E-1,0.E0,1.975E-1));
#6839=DIRECTION('',(0.E0,-1.E0,0.E0));
#6840=DIRECTION('',(-1.E0,0.E0,0.E0));
#6841=AXIS2_PLACEMENT_3D('',#6838,#6839,#6840);
#6846=CARTESIAN_POINT('',(5.21E-1,0.E0,1.975E-1));
#6847=DIRECTION('',(0.E0,-1.E0,0.E0));
#6848=DIRECTION('',(1.E0,0.E0,0.E0));
#6849=AXIS2_PLACEMENT_3D('',#6846,#6847,#6848);
#6853=CARTESIAN_POINT('',(5.21E-1,0.E0,1.975E-1));
#6854=DIRECTION('',(0.E0,-1.E0,0.E0));
#6855=DIRECTION('',(-1.E0,0.E0,0.E0));
#6856=AXIS2_PLACEMENT_3D('',#6853,#6854,#6855);
#6861=CARTESIAN_POINT('',(6.79E-1,0.E0,1.975E-1));
#6862=DIRECTION('',(0.E0,-1.E0,0.E0));
#6863=DIRECTION('',(1.E0,0.E0,0.E0));
#6864=AXIS2_PLACEMENT_3D('',#6861,#6862,#6863);
#6868=CARTESIAN_POINT('',(6.79E-1,0.E0,1.975E-1));
#6869=DIRECTION('',(0.E0,-1.E0,0.E0));
#6870=DIRECTION('',(-1.E0,0.E0,0.E0));
#6871=AXIS2_PLACEMENT_3D('',#6868,#6869,#6870);
#6876=DIMENSIONAL_EXPONENTS(1.E0,0.E0,0.E0,0.E0,0.E0,0.E0,0.E0);
#6878=LENGTH_MEASURE_WITH_UNIT(LENGTH_MEASURE(2.54E1),#6877);
#6879=(CONVERSION_BASED_UNIT('INCH',#6878)LENGTH_UNIT()NAMED_UNIT(#6876));
#6880=DIMENSIONAL_EXPONENTS(0.E0,0.E0,0.E0,0.E0,0.E0,0.E0,0.E0);
#6882=PLANE_ANGLE_MEASURE_WITH_UNIT(PLANE_ANGLE_MEASURE(1.745329251994E-2),
#6881);
#6883=(CONVERSION_BASED_UNIT('DEGREE',#6882)NAMED_UNIT(*)PLANE_ANGLE_UNIT());
#6885=UNCERTAINTY_MEASURE_WITH_UNIT(LENGTH_MEASURE(2.252042237640E-4),#6879,
'closure',
'Maximum model space distance between geometric entities at asserted connectivities');
#6886=(GEOMETRIC_REPRESENTATION_CONTEXT(3)GLOBAL_UNCERTAINTY_ASSIGNED_CONTEXT((
#6885))GLOBAL_UNIT_ASSIGNED_CONTEXT((#6879,#6883,#6884))REPRESENTATION_CONTEXT(
'ID1','3'));
#6740=GEOMETRIC_SET('',(#6739,#6745,#6750,#6755,#6770,#6785,#6800,#6815,#6830,
#6845,#6860,#6875));
#6890=SHAPE_REPRESENTATION_RELATIONSHIP('','',#6889,#6887);
#6891=SHAPE_REPRESENTATION_RELATIONSHIP('','',#6889,#6888);
#6892=APPLICATION_CONTEXT(
'CONFIGURATION CONTROLLED 3D DESIGNS OF MECHANICAL PARTS AND ASSEMBLIES');
#6893=APPLICATION_PROTOCOL_DEFINITION('international standard',
'config_control_design',1994,#6892);
#6894=DESIGN_CONTEXT('',#6892,'design');
#6895=MECHANICAL_CONTEXT('',#6892,'mechanical');
#6896=PRODUCT('399100104','399100104','NOT SPECIFIED',(#6895));
#6897=PRODUCT_DEFINITION_FORMATION_WITH_SPECIFIED_SOURCE('8','LAST_VERSION',
#6896,.MADE.);
#6901=PRODUCT_CATEGORY('part','');
#6902=PRODUCT_RELATED_PRODUCT_CATEGORY('detail','',(#6896));
#6903=PRODUCT_CATEGORY_RELATIONSHIP('','',#6901,#6902);
#6904=SECURITY_CLASSIFICATION_LEVEL('unclassified');
#6905=SECURITY_CLASSIFICATION('','',#6904);
#6906=CC_DESIGN_SECURITY_CLASSIFICATION(#6905,(#6897));
#6907=APPROVAL_STATUS('approved');
#6908=APPROVAL(#6907,'');
#6909=CC_DESIGN_APPROVAL(#6908,(#6905,#6897,#6898));
#6910=CALENDAR_DATE(115,20,3);
#6911=COORDINATED_UNIVERSAL_TIME_OFFSET(5,30,.AHEAD.);
#6912=LOCAL_TIME(14,37,4.3E1,#6911);
#6913=DATE_AND_TIME(#6910,#6912);
#6914=APPROVAL_DATE_TIME(#6913,#6908);
#6915=DATE_TIME_ROLE('creation_date');
#6916=CC_DESIGN_DATE_AND_TIME_ASSIGNMENT(#6913,#6915,(#6898));
#6917=DATE_TIME_ROLE('classification_date');
#6918=CC_DESIGN_DATE_AND_TIME_ASSIGNMENT(#6913,#6917,(#6905));
#6919=PERSON('UNSPECIFIED','UNSPECIFIED',$,$,$,$);
#6920=ORGANIZATION('UNSPECIFIED','UNSPECIFIED','UNSPECIFIED');
#6921=PERSON_AND_ORGANIZATION(#6919,#6920);
#6922=APPROVAL_ROLE('approver');
#6923=APPROVAL_PERSON_ORGANIZATION(#6921,#6908,#6922);
#6924=PERSON_AND_ORGANIZATION_ROLE('creator');
#6925=CC_DESIGN_PERSON_AND_ORGANIZATION_ASSIGNMENT(#6921,#6924,(#6897,#6898));
#6926=PERSON_AND_ORGANIZATION_ROLE('design_supplier');
#6927=CC_DESIGN_PERSON_AND_ORGANIZATION_ASSIGNMENT(#6921,#6926,(#6897));
#6928=PERSON_AND_ORGANIZATION_ROLE('classification_officer');
#6929=CC_DESIGN_PERSON_AND_ORGANIZATION_ASSIGNMENT(#6921,#6928,(#6905));
#6930=PERSON_AND_ORGANIZATION_ROLE('design_owner');
#6931=CC_DESIGN_PERSON_AND_ORGANIZATION_ASSIGNMENT(#6921,#6930,(#6896));
#561=CIRCLE('',#560,1.36E-1);
#566=CIRCLE('',#565,1.36E-1);
#571=CIRCLE('',#570,1.36E-1);
#576=CIRCLE('',#575,1.36E-1);
#581=CIRCLE('',#580,1.36E-1);
#586=CIRCLE('',#585,1.36E-1);
#591=CIRCLE('',#590,1.36E-1);
#596=CIRCLE('',#595,1.36E-1);
#685=CIRCLE('',#684,1.16E-1);
#690=CIRCLE('',#689,1.16E-1);
#695=CIRCLE('',#694,1.16E-1);
#716=CIRCLE('',#715,1.16E-1);
#721=CIRCLE('',#720,1.16E-1);
#734=CIRCLE('',#733,1.16E-1);
#751=CIRCLE('',#750,1.16E-1);
#760=CIRCLE('',#759,1.16E-1);
#765=CIRCLE('',#764,1.16E-1);
#770=CIRCLE('',#769,1.16E-1);
#775=CIRCLE('',#774,1.16E-1);
#796=CIRCLE('',#795,1.16E-1);
#801=CIRCLE('',#800,1.16E-1);
#814=CIRCLE('',#813,1.16E-1);
#831=CIRCLE('',#830,1.16E-1);
#840=CIRCLE('',#839,1.16E-1);
#845=CIRCLE('',#844,1.16E-1);
#850=CIRCLE('',#849,1.16E-1);
#855=CIRCLE('',#854,1.16E-1);
#876=CIRCLE('',#875,1.16E-1);
#881=CIRCLE('',#880,1.16E-1);
#894=CIRCLE('',#893,1.16E-1);
#911=CIRCLE('',#910,1.16E-1);
#920=CIRCLE('',#919,1.16E-1);
#925=CIRCLE('',#924,1.16E-1);
#930=CIRCLE('',#929,1.16E-1);
#935=CIRCLE('',#934,1.16E-1);
#956=CIRCLE('',#955,1.16E-1);
#961=CIRCLE('',#960,1.16E-1);
#974=CIRCLE('',#973,1.16E-1);
#991=CIRCLE('',#990,1.16E-1);
#1000=CIRCLE('',#999,1.16E-1);
#3086=EDGE_CURVE('',#2347,#2348,#4,.T.);
#3088=EDGE_CURVE('',#2348,#2350,#8,.T.);
#3090=EDGE_CURVE('',#2350,#2352,#12,.T.);
#3092=EDGE_CURVE('',#2352,#2354,#16,.T.);
#3094=EDGE_CURVE('',#2354,#2356,#20,.T.);
#3096=EDGE_CURVE('',#2356,#2358,#24,.T.);
#3098=EDGE_CURVE('',#2358,#2360,#28,.T.);
#3100=EDGE_CURVE('',#2360,#2362,#32,.T.);
#3102=EDGE_CURVE('',#2362,#2364,#36,.T.);
#3104=EDGE_CURVE('',#2364,#2366,#40,.T.);
#3106=EDGE_CURVE('',#2366,#2368,#44,.T.);
#3108=EDGE_CURVE('',#2368,#2370,#48,.T.);
#3110=EDGE_CURVE('',#2370,#2372,#52,.T.);
#3112=EDGE_CURVE('',#2372,#2374,#56,.T.);
#3114=EDGE_CURVE('',#2374,#2376,#60,.T.);
#3116=EDGE_CURVE('',#2376,#2347,#64,.T.);
#3127=EDGE_CURVE('',#2347,#2379,#68,.T.);
#3129=EDGE_CURVE('',#2379,#2380,#620,.T.);
#3131=EDGE_CURVE('',#2348,#2380,#616,.T.);
#3135=EDGE_CURVE('',#2443,#2444,#72,.T.);
#3137=EDGE_CURVE('',#2444,#2446,#76,.T.);
#3139=EDGE_CURVE('',#2446,#2448,#80,.T.);
#3141=EDGE_CURVE('',#2448,#2450,#84,.T.);
#3143=EDGE_CURVE('',#2450,#2452,#88,.T.);
#3145=EDGE_CURVE('',#2452,#2454,#92,.T.);
#3147=EDGE_CURVE('',#2454,#2456,#96,.T.);
#3149=EDGE_CURVE('',#2456,#2443,#100,.T.);
#3153=EDGE_CURVE('',#2459,#2460,#104,.T.);
#3155=EDGE_CURVE('',#2460,#2462,#108,.T.);
#3157=EDGE_CURVE('',#2462,#2464,#112,.T.);
#3159=EDGE_CURVE('',#2464,#2466,#116,.T.);
#3161=EDGE_CURVE('',#2466,#2468,#120,.T.);
#3163=EDGE_CURVE('',#2468,#2470,#124,.T.);
#3165=EDGE_CURVE('',#2470,#2472,#128,.T.);
#3167=EDGE_CURVE('',#2472,#2459,#132,.T.);
#3171=EDGE_CURVE('',#2555,#2556,#136,.T.);
#3173=EDGE_CURVE('',#2556,#2558,#140,.T.);
#3175=EDGE_CURVE('',#2558,#2560,#144,.T.);
#3177=EDGE_CURVE('',#2560,#2562,#148,.T.);
#3179=EDGE_CURVE('',#2562,#2564,#152,.T.);
#3181=EDGE_CURVE('',#2564,#2566,#156,.T.);
#3183=EDGE_CURVE('',#2566,#2568,#160,.T.);
#3185=EDGE_CURVE('',#2568,#2555,#164,.T.);
#3189=EDGE_CURVE('',#2571,#2572,#168,.T.);
#3191=EDGE_CURVE('',#2572,#2574,#172,.T.);
#3193=EDGE_CURVE('',#2574,#2576,#176,.T.);
#3195=EDGE_CURVE('',#2576,#2578,#180,.T.);
#3197=EDGE_CURVE('',#2578,#2580,#184,.T.);
#3199=EDGE_CURVE('',#2580,#2582,#188,.T.);
#3201=EDGE_CURVE('',#2582,#2584,#192,.T.);
#3203=EDGE_CURVE('',#2584,#2571,#196,.T.);
#3207=EDGE_CURVE('',#2619,#2620,#200,.T.);
#3209=EDGE_CURVE('',#2620,#2622,#204,.T.);
#3211=EDGE_CURVE('',#2622,#2624,#208,.T.);
#3213=EDGE_CURVE('',#2624,#2626,#212,.T.);
#3215=EDGE_CURVE('',#2626,#2628,#216,.T.);
#3217=EDGE_CURVE('',#2628,#2630,#220,.T.);
#3219=EDGE_CURVE('',#2630,#2632,#224,.T.);
#3221=EDGE_CURVE('',#2632,#2619,#228,.T.);
#3225=EDGE_CURVE('',#2635,#2636,#232,.T.);
#3227=EDGE_CURVE('',#2636,#2638,#236,.T.);
#3229=EDGE_CURVE('',#2638,#2640,#240,.T.);
#3231=EDGE_CURVE('',#2640,#2642,#244,.T.);
#3233=EDGE_CURVE('',#2642,#2644,#248,.T.);
#3235=EDGE_CURVE('',#2644,#2646,#252,.T.);
#3237=EDGE_CURVE('',#2646,#2648,#256,.T.);
#3239=EDGE_CURVE('',#2648,#2635,#260,.T.);
#3243=EDGE_CURVE('',#2731,#2732,#264,.T.);
#3245=EDGE_CURVE('',#2732,#2734,#268,.T.);
#3247=EDGE_CURVE('',#2734,#2736,#272,.T.);
#3249=EDGE_CURVE('',#2736,#2738,#276,.T.);
#3251=EDGE_CURVE('',#2738,#2740,#280,.T.);
#3253=EDGE_CURVE('',#2740,#2742,#284,.T.);
#3255=EDGE_CURVE('',#2742,#2744,#288,.T.);
#3257=EDGE_CURVE('',#2744,#2731,#292,.T.);
#3261=EDGE_CURVE('',#2747,#2748,#296,.T.);
#3263=EDGE_CURVE('',#2748,#2750,#300,.T.);
#3265=EDGE_CURVE('',#2750,#2752,#304,.T.);
#3267=EDGE_CURVE('',#2752,#2754,#308,.T.);
#3269=EDGE_CURVE('',#2754,#2756,#312,.T.);
#3271=EDGE_CURVE('',#2756,#2758,#316,.T.);
#3273=EDGE_CURVE('',#2758,#2760,#320,.T.);
#3275=EDGE_CURVE('',#2760,#2747,#324,.T.);
#3279=EDGE_CURVE('',#2499,#2500,#328,.T.);
#3281=EDGE_CURVE('',#2500,#2502,#332,.T.);
#3283=EDGE_CURVE('',#2502,#2504,#336,.T.);
#3285=EDGE_CURVE('',#2504,#2499,#340,.T.);
#3289=EDGE_CURVE('',#2915,#2916,#344,.T.);
#3291=EDGE_CURVE('',#2916,#2918,#348,.T.);
#3293=EDGE_CURVE('',#2918,#2920,#352,.T.);
#3295=EDGE_CURVE('',#2920,#2915,#356,.T.);
#3299=EDGE_CURVE('',#2939,#2940,#360,.T.);
#3301=EDGE_CURVE('',#2940,#2942,#364,.T.);
#3303=EDGE_CURVE('',#2942,#2944,#368,.T.);
#3305=EDGE_CURVE('',#2944,#2939,#372,.T.);
#3309=EDGE_CURVE('',#2947,#2948,#376,.T.);
#3311=EDGE_CURVE('',#2948,#2950,#380,.T.);
#3313=EDGE_CURVE('',#2950,#2952,#384,.T.);
#3315=EDGE_CURVE('',#2952,#2947,#388,.T.);
#3319=EDGE_CURVE('',#2987,#2988,#392,.T.);
#3321=EDGE_CURVE('',#2988,#2990,#396,.T.);
#3323=EDGE_CURVE('',#2990,#2992,#400,.T.);
#3325=EDGE_CURVE('',#2992,#2987,#404,.T.);
#3329=EDGE_CURVE('',#2995,#2996,#408,.T.);
#3331=EDGE_CURVE('',#2996,#2998,#412,.T.);
#3333=EDGE_CURVE('',#2998,#3000,#416,.T.);
#3335=EDGE_CURVE('',#3000,#2995,#420,.T.);
#3339=EDGE_CURVE('',#3035,#3036,#424,.T.);
#3341=EDGE_CURVE('',#3036,#3038,#428,.T.);
#3343=EDGE_CURVE('',#3038,#3040,#432,.T.);
#3345=EDGE_CURVE('',#3040,#3035,#436,.T.);
#3349=EDGE_CURVE('',#3043,#3044,#440,.T.);
#3351=EDGE_CURVE('',#3044,#3046,#444,.T.);
#3353=EDGE_CURVE('',#3046,#3048,#448,.T.);
#3355=EDGE_CURVE('',#3048,#3043,#452,.T.);
#3366=EDGE_CURVE('',#2376,#2408,#456,.T.);
#3368=EDGE_CURVE('',#2408,#2379,#624,.T.);
#3380=EDGE_CURVE('',#2374,#2406,#460,.T.);
#3382=EDGE_CURVE('',#2406,#2408,#628,.T.);
#3394=EDGE_CURVE('',#2372,#2404,#464,.T.);
#3396=EDGE_CURVE('',#2404,#2406,#632,.T.);
#3401=EDGE_CURVE('',#2811,#2812,#468,.T.);
#3403=EDGE_CURVE('',#2812,#2814,#472,.T.);
#3405=EDGE_CURVE('',#2814,#2816,#476,.T.);
#3407=EDGE_CURVE('',#2816,#2811,#480,.T.);
#3411=EDGE_CURVE('',#2843,#2844,#484,.T.);
#3413=EDGE_CURVE('',#2844,#2846,#488,.T.);
#3415=EDGE_CURVE('',#2846,#2848,#492,.T.);
#3417=EDGE_CURVE('',#2848,#2843,#496,.T.);
#3421=EDGE_CURVE('',#2875,#2876,#500,.T.);
#3423=EDGE_CURVE('',#2876,#2878,#504,.T.);
#3425=EDGE_CURVE('',#2878,#2880,#508,.T.);
#3427=EDGE_CURVE('',#2880,#2875,#512,.T.);
#3431=EDGE_CURVE('',#2907,#2908,#516,.T.);
#3433=EDGE_CURVE('',#2908,#2910,#520,.T.);
#3435=EDGE_CURVE('',#2910,#2912,#524,.T.);
#3437=EDGE_CURVE('',#2912,#2907,#528,.T.);
#3448=EDGE_CURVE('',#2370,#2402,#532,.T.);
#3450=EDGE_CURVE('',#2402,#2404,#636,.T.);
#3462=EDGE_CURVE('',#2368,#2400,#536,.T.);
#3464=EDGE_CURVE('',#2400,#2402,#640,.T.);
#3476=EDGE_CURVE('',#2366,#2398,#540,.T.);
#3478=EDGE_CURVE('',#2398,#2400,#644,.T.);
#3490=EDGE_CURVE('',#2364,#2396,#544,.T.);
#3492=EDGE_CURVE('',#2396,#2398,#648,.T.);
#3504=EDGE_CURVE('',#2362,#2394,#548,.T.);
#3506=EDGE_CURVE('',#2394,#2396,#652,.T.);
#3518=EDGE_CURVE('',#2360,#2392,#552,.T.);
#3520=EDGE_CURVE('',#2392,#2394,#656,.T.);
#3532=EDGE_CURVE('',#2358,#2390,#556,.T.);
#3534=EDGE_CURVE('',#2390,#2392,#660,.T.);
#3539=EDGE_CURVE('',#2475,#2476,#561,.T.);
#3541=EDGE_CURVE('',#2476,#2475,#566,.T.);
#3545=EDGE_CURVE('',#2651,#2652,#571,.T.);
#3547=EDGE_CURVE('',#2652,#2651,#576,.T.);
#3551=EDGE_CURVE('',#2659,#2660,#581,.T.);
#3553=EDGE_CURVE('',#2660,#2659,#586,.T.);
#3557=EDGE_CURVE('',#2763,#2764,#591,.T.);
#3559=EDGE_CURVE('',#2764,#2763,#596,.T.);
#3570=EDGE_CURVE('',#2356,#2388,#600,.T.);
#3572=EDGE_CURVE('',#2388,#2390,#664,.T.);
#3584=EDGE_CURVE('',#2354,#2386,#604,.T.);
#3586=EDGE_CURVE('',#2386,#2388,#668,.T.);
#3598=EDGE_CURVE('',#2352,#2384,#608,.T.);
#3600=EDGE_CURVE('',#2384,#2386,#672,.T.);
#3612=EDGE_CURVE('',#2350,#2382,#612,.T.);
#3614=EDGE_CURVE('',#2382,#2384,#676,.T.);
#3627=EDGE_CURVE('',#2380,#2382,#680,.T.);
#3662=EDGE_CURVE('',#2492,#2494,#685,.T.);
#3664=EDGE_CURVE('',#2478,#2494,#690,.T.);
#3666=EDGE_CURVE('',#2478,#2475,#729,.T.);
#3669=EDGE_CURVE('',#2480,#2476,#725,.T.);
#3671=EDGE_CURVE('',#2492,#2480,#695,.T.);
#3682=EDGE_CURVE('',#2492,#2484,#699,.T.);
#3684=EDGE_CURVE('',#2484,#2486,#760,.T.);
#3686=EDGE_CURVE('',#2494,#2486,#742,.T.);
#3696=EDGE_CURVE('',#2491,#2492,#707,.T.);
#3698=EDGE_CURVE('',#2491,#2483,#703,.T.);
#3700=EDGE_CURVE('',#2483,#2484,#746,.T.);
#3713=EDGE_CURVE('',#2491,#2480,#721,.T.);
#3723=EDGE_CURVE('',#2494,#2496,#711,.T.);
#3725=EDGE_CURVE('',#2478,#2496,#734,.T.);
#3736=EDGE_CURVE('',#2496,#2491,#716,.T.);
#3752=EDGE_CURVE('',#2496,#2488,#738,.T.);
#3754=EDGE_CURVE('',#2488,#2483,#751,.T.);
#3767=EDGE_CURVE('',#2486,#2488,#755,.T.);
#3790=EDGE_CURVE('',#2676,#2678,#765,.T.);
#3792=EDGE_CURVE('',#2654,#2678,#770,.T.);
#3794=EDGE_CURVE('',#2654,#2651,#809,.T.);
#3797=EDGE_CURVE('',#2656,#2652,#805,.T.);
#3799=EDGE_CURVE('',#2676,#2656,#775,.T.);
#3810=EDGE_CURVE('',#2676,#2668,#779,.T.);
#3812=EDGE_CURVE('',#2668,#2670,#840,.T.);
#3814=EDGE_CURVE('',#2678,#2670,#822,.T.);
#3824=EDGE_CURVE('',#2675,#2676,#787,.T.);
#3826=EDGE_CURVE('',#2675,#2667,#783,.T.);
#3828=EDGE_CURVE('',#2667,#2668,#826,.T.);
#3841=EDGE_CURVE('',#2675,#2656,#801,.T.);
#3851=EDGE_CURVE('',#2678,#2680,#791,.T.);
#3853=EDGE_CURVE('',#2654,#2680,#814,.T.);
#3864=EDGE_CURVE('',#2680,#2675,#796,.T.);
#3880=EDGE_CURVE('',#2680,#2672,#818,.T.);
#3882=EDGE_CURVE('',#2672,#2667,#831,.T.);
#3895=EDGE_CURVE('',#2670,#2672,#835,.T.);
#3918=EDGE_CURVE('',#2692,#2694,#845,.T.);
#3920=EDGE_CURVE('',#2662,#2694,#850,.T.);
#3922=EDGE_CURVE('',#2662,#2659,#889,.T.);
#3925=EDGE_CURVE('',#2664,#2660,#885,.T.);
#3927=EDGE_CURVE('',#2692,#2664,#855,.T.);
#3938=EDGE_CURVE('',#2692,#2684,#859,.T.);
#3940=EDGE_CURVE('',#2684,#2686,#920,.T.);
#3942=EDGE_CURVE('',#2694,#2686,#902,.T.);
#3952=EDGE_CURVE('',#2691,#2692,#867,.T.);
#3954=EDGE_CURVE('',#2691,#2683,#863,.T.);
#3956=EDGE_CURVE('',#2683,#2684,#906,.T.);
#3969=EDGE_CURVE('',#2691,#2664,#881,.T.);
#3979=EDGE_CURVE('',#2694,#2696,#871,.T.);
#3981=EDGE_CURVE('',#2662,#2696,#894,.T.);
#3992=EDGE_CURVE('',#2696,#2691,#876,.T.);
#4008=EDGE_CURVE('',#2696,#2688,#898,.T.);
#4010=EDGE_CURVE('',#2688,#2683,#911,.T.);
#4023=EDGE_CURVE('',#2686,#2688,#915,.T.);
#4046=EDGE_CURVE('',#2780,#2782,#925,.T.);
#4048=EDGE_CURVE('',#2766,#2782,#930,.T.);
#4050=EDGE_CURVE('',#2766,#2763,#969,.T.);
#4053=EDGE_CURVE('',#2768,#2764,#965,.T.);
#4055=EDGE_CURVE('',#2780,#2768,#935,.T.);
#4066=EDGE_CURVE('',#2780,#2772,#939,.T.);
#4068=EDGE_CURVE('',#2772,#2774,#1000,.T.);
#4070=EDGE_CURVE('',#2782,#2774,#982,.T.);
#4080=EDGE_CURVE('',#2779,#2780,#947,.T.);
#4082=EDGE_CURVE('',#2779,#2771,#943,.T.);
#4084=EDGE_CURVE('',#2771,#2772,#986,.T.);
#4097=EDGE_CURVE('',#2779,#2768,#961,.T.);
#4107=EDGE_CURVE('',#2782,#2784,#951,.T.);
#4109=EDGE_CURVE('',#2766,#2784,#974,.T.);
#4120=EDGE_CURVE('',#2784,#2779,#956,.T.);
#4136=EDGE_CURVE('',#2784,#2776,#978,.T.);
#4138=EDGE_CURVE('',#2776,#2771,#991,.T.);
#4151=EDGE_CURVE('',#2774,#2776,#995,.T.);
#4175=EDGE_CURVE('',#2803,#2811,#1004,.T.);
#4177=EDGE_CURVE('',#2803,#2804,#1008,.T.);
#4179=EDGE_CURVE('',#2804,#2812,#1028,.T.);
#4190=EDGE_CURVE('',#2808,#2816,#1012,.T.);
#4192=EDGE_CURVE('',#2808,#2803,#1016,.T.);
#4204=EDGE_CURVE('',#2806,#2814,#1020,.T.);
#4206=EDGE_CURVE('',#2806,#2808,#1024,.T.);
#4219=EDGE_CURVE('',#2804,#2806,#1032,.T.);
#4230=EDGE_CURVE('',#2796,#2798,#1036,.T.);
#4232=EDGE_CURVE('',#2798,#2806,#1096,.T.);
#4235=EDGE_CURVE('',#2796,#2804,#1040,.T.);
#4245=EDGE_CURVE('',#2788,#2790,#1060,.T.);
#4247=EDGE_CURVE('',#2790,#2798,#1088,.T.);
#4250=EDGE_CURVE('',#2788,#2796,#1044,.T.);
#4260=EDGE_CURVE('',#2787,#2788,#1048,.T.);
#4262=EDGE_CURVE('',#2792,#2787,#1052,.T.);
#4264=EDGE_CURVE('',#2790,#2792,#1056,.T.);
#4277=EDGE_CURVE('',#2795,#2796,#1068,.T.);
#4279=EDGE_CURVE('',#2787,#2795,#1064,.T.);
#4292=EDGE_CURVE('',#2795,#2803,#1072,.T.);
#4302=EDGE_CURVE('',#2800,#2795,#1076,.T.);
#4306=EDGE_CURVE('',#2800,#2808,#1080,.T.);
#4319=EDGE_CURVE('',#2792,#2800,#1084,.T.);
#4331=EDGE_CURVE('',#2798,#2800,#1092,.T.);
#4355=EDGE_CURVE('',#2835,#2843,#1100,.T.);
#4357=EDGE_CURVE('',#2835,#2836,#1104,.T.);
#4359=EDGE_CURVE('',#2836,#2844,#1124,.T.);
#4370=EDGE_CURVE('',#2840,#2848,#1108,.T.);
#4372=EDGE_CURVE('',#2840,#2835,#1112,.T.);
#4384=EDGE_CURVE('',#2838,#2846,#1116,.T.);
#4386=EDGE_CURVE('',#2838,#2840,#1120,.T.);
#4399=EDGE_CURVE('',#2836,#2838,#1128,.T.);
#4410=EDGE_CURVE('',#2828,#2830,#1132,.T.);
#4412=EDGE_CURVE('',#2830,#2838,#1192,.T.);
#4415=EDGE_CURVE('',#2828,#2836,#1136,.T.);
#4425=EDGE_CURVE('',#2820,#2822,#1156,.T.);
#4427=EDGE_CURVE('',#2822,#2830,#1184,.T.);
#4430=EDGE_CURVE('',#2820,#2828,#1140,.T.);
#4440=EDGE_CURVE('',#2819,#2820,#1144,.T.);
#4442=EDGE_CURVE('',#2824,#2819,#1148,.T.);
#4444=EDGE_CURVE('',#2822,#2824,#1152,.T.);
#4457=EDGE_CURVE('',#2827,#2828,#1164,.T.);
#4459=EDGE_CURVE('',#2819,#2827,#1160,.T.);
#4472=EDGE_CURVE('',#2827,#2835,#1168,.T.);
#4482=EDGE_CURVE('',#2832,#2827,#1172,.T.);
#4486=EDGE_CURVE('',#2832,#2840,#1176,.T.);
#4499=EDGE_CURVE('',#2824,#2832,#1180,.T.);
#4511=EDGE_CURVE('',#2830,#2832,#1188,.T.);
#4535=EDGE_CURVE('',#2867,#2875,#1196,.T.);
#4537=EDGE_CURVE('',#2867,#2868,#1200,.T.);
#4539=EDGE_CURVE('',#2868,#2876,#1220,.T.);
#4550=EDGE_CURVE('',#2872,#2880,#1204,.T.);
#4552=EDGE_CURVE('',#2872,#2867,#1208,.T.);
#4564=EDGE_CURVE('',#2870,#2878,#1212,.T.);
#4566=EDGE_CURVE('',#2870,#2872,#1216,.T.);
#4579=EDGE_CURVE('',#2868,#2870,#1224,.T.);
#4590=EDGE_CURVE('',#2860,#2862,#1228,.T.);
#4592=EDGE_CURVE('',#2862,#2870,#1288,.T.);
#4595=EDGE_CURVE('',#2860,#2868,#1232,.T.);
#4605=EDGE_CURVE('',#2852,#2854,#1252,.T.);
#4607=EDGE_CURVE('',#2854,#2862,#1280,.T.);
#4610=EDGE_CURVE('',#2852,#2860,#1236,.T.);
#4620=EDGE_CURVE('',#2851,#2852,#1240,.T.);
#4622=EDGE_CURVE('',#2856,#2851,#1244,.T.);
#4624=EDGE_CURVE('',#2854,#2856,#1248,.T.);
#4637=EDGE_CURVE('',#2859,#2860,#1260,.T.);
#4639=EDGE_CURVE('',#2851,#2859,#1256,.T.);
#4652=EDGE_CURVE('',#2859,#2867,#1264,.T.);
#4662=EDGE_CURVE('',#2864,#2859,#1268,.T.);
#4666=EDGE_CURVE('',#2864,#2872,#1272,.T.);
#4679=EDGE_CURVE('',#2856,#2864,#1276,.T.);
#4691=EDGE_CURVE('',#2862,#2864,#1284,.T.);
#4715=EDGE_CURVE('',#2899,#2907,#1292,.T.);
#4717=EDGE_CURVE('',#2899,#2900,#1296,.T.);
#4719=EDGE_CURVE('',#2900,#2908,#1316,.T.);
#4730=EDGE_CURVE('',#2904,#2912,#1300,.T.);
#4732=EDGE_CURVE('',#2904,#2899,#1304,.T.);
#4744=EDGE_CURVE('',#2902,#2910,#1308,.T.);
#4746=EDGE_CURVE('',#2902,#2904,#1312,.T.);
#4759=EDGE_CURVE('',#2900,#2902,#1320,.T.);
#4770=EDGE_CURVE('',#2892,#2894,#1324,.T.);
#4772=EDGE_CURVE('',#2894,#2902,#1384,.T.);
#4775=EDGE_CURVE('',#2892,#2900,#1328,.T.);
#4785=EDGE_CURVE('',#2884,#2886,#1348,.T.);
#4787=EDGE_CURVE('',#2886,#2894,#1376,.T.);
#4790=EDGE_CURVE('',#2884,#2892,#1332,.T.);
#4800=EDGE_CURVE('',#2883,#2884,#1336,.T.);
#4802=EDGE_CURVE('',#2888,#2883,#1340,.T.);
#4804=EDGE_CURVE('',#2886,#2888,#1344,.T.);
#4817=EDGE_CURVE('',#2891,#2892,#1356,.T.);
#4819=EDGE_CURVE('',#2883,#2891,#1352,.T.);
#4832=EDGE_CURVE('',#2891,#2899,#1360,.T.);
#4842=EDGE_CURVE('',#2896,#2891,#1364,.T.);
#4846=EDGE_CURVE('',#2896,#2904,#1368,.T.);
#4859=EDGE_CURVE('',#2888,#2896,#1372,.T.);
#4871=EDGE_CURVE('',#2894,#2896,#1380,.T.);
#4895=EDGE_CURVE('',#2443,#2411,#1388,.T.);
#4897=EDGE_CURVE('',#2411,#2412,#1420,.T.);
#4899=EDGE_CURVE('',#2444,#2412,#1416,.T.);
#4910=EDGE_CURVE('',#2456,#2424,#1392,.T.);
#4912=EDGE_CURVE('',#2424,#2411,#1424,.T.);
#4924=EDGE_CURVE('',#2454,#2422,#1396,.T.);
#4926=EDGE_CURVE('',#2422,#2424,#1428,.T.);
#4938=EDGE_CURVE('',#2452,#2420,#1400,.T.);
#4940=EDGE_CURVE('',#2420,#2422,#1432,.T.);
#4952=EDGE_CURVE('',#2450,#2418,#1404,.T.);
#4954=EDGE_CURVE('',#2418,#2420,#1436,.T.);
#4966=EDGE_CURVE('',#2448,#2416,#1408,.T.);
#4968=EDGE_CURVE('',#2416,#2418,#1440,.T.);
#4980=EDGE_CURVE('',#2446,#2414,#1412,.T.);
#4982=EDGE_CURVE('',#2414,#2416,#1444,.T.);
#4995=EDGE_CURVE('',#2412,#2414,#1448,.T.);
#5022=EDGE_CURVE('',#2427,#2428,#1452,.T.);
#5024=EDGE_CURVE('',#2440,#2427,#1456,.T.);
#5026=EDGE_CURVE('',#2438,#2440,#1460,.T.);
#5028=EDGE_CURVE('',#2436,#2438,#1464,.T.);
#5030=EDGE_CURVE('',#2434,#2436,#1468,.T.);
#5032=EDGE_CURVE('',#2432,#2434,#1472,.T.);
#5034=EDGE_CURVE('',#2430,#2432,#1476,.T.);
#5036=EDGE_CURVE('',#2428,#2430,#1480,.T.);
#5047=EDGE_CURVE('',#2459,#2427,#1484,.T.);
#5050=EDGE_CURVE('',#2460,#2428,#1512,.T.);
#5061=EDGE_CURVE('',#2472,#2440,#1488,.T.);
#5074=EDGE_CURVE('',#2470,#2438,#1492,.T.);
#5087=EDGE_CURVE('',#2468,#2436,#1496,.T.);
#5100=EDGE_CURVE('',#2466,#2434,#1500,.T.);
#5113=EDGE_CURVE('',#2464,#2432,#1504,.T.);
#5126=EDGE_CURVE('',#2462,#2430,#1508,.T.);
#5151=EDGE_CURVE('',#2555,#2523,#1516,.T.);
#5153=EDGE_CURVE('',#2523,#2524,#1548,.T.);
#5155=EDGE_CURVE('',#2556,#2524,#1544,.T.);
#5166=EDGE_CURVE('',#2568,#2536,#1520,.T.);
#5168=EDGE_CURVE('',#2536,#2523,#1552,.T.);
#5180=EDGE_CURVE('',#2566,#2534,#1524,.T.);
#5182=EDGE_CURVE('',#2534,#2536,#1556,.T.);
#5194=EDGE_CURVE('',#2564,#2532,#1528,.T.);
#5196=EDGE_CURVE('',#2532,#2534,#1560,.T.);
#5208=EDGE_CURVE('',#2562,#2530,#1532,.T.);
#5210=EDGE_CURVE('',#2530,#2532,#1564,.T.);
#5222=EDGE_CURVE('',#2560,#2528,#1536,.T.);
#5224=EDGE_CURVE('',#2528,#2530,#1568,.T.);
#5236=EDGE_CURVE('',#2558,#2526,#1540,.T.);
#5238=EDGE_CURVE('',#2526,#2528,#1572,.T.);
#5251=EDGE_CURVE('',#2524,#2526,#1576,.T.);
#5278=EDGE_CURVE('',#2539,#2540,#1580,.T.);
#5280=EDGE_CURVE('',#2552,#2539,#1584,.T.);
#5282=EDGE_CURVE('',#2550,#2552,#1588,.T.);
#5284=EDGE_CURVE('',#2548,#2550,#1592,.T.);
#5286=EDGE_CURVE('',#2546,#2548,#1596,.T.);
#5288=EDGE_CURVE('',#2544,#2546,#1600,.T.);
#5290=EDGE_CURVE('',#2542,#2544,#1604,.T.);
#5292=EDGE_CURVE('',#2540,#2542,#1608,.T.);
#5303=EDGE_CURVE('',#2571,#2539,#1612,.T.);
#5306=EDGE_CURVE('',#2572,#2540,#1640,.T.);
#5317=EDGE_CURVE('',#2584,#2552,#1616,.T.);
#5330=EDGE_CURVE('',#2582,#2550,#1620,.T.);
#5343=EDGE_CURVE('',#2580,#2548,#1624,.T.);
#5356=EDGE_CURVE('',#2578,#2546,#1628,.T.);
#5369=EDGE_CURVE('',#2576,#2544,#1632,.T.);
#5382=EDGE_CURVE('',#2574,#2542,#1636,.T.);
#5407=EDGE_CURVE('',#2619,#2587,#1644,.T.);
#5409=EDGE_CURVE('',#2587,#2588,#1676,.T.);
#5411=EDGE_CURVE('',#2620,#2588,#1672,.T.);
#5422=EDGE_CURVE('',#2632,#2600,#1648,.T.);
#5424=EDGE_CURVE('',#2600,#2587,#1680,.T.);
#5436=EDGE_CURVE('',#2630,#2598,#1652,.T.);
#5438=EDGE_CURVE('',#2598,#2600,#1684,.T.);
#5450=EDGE_CURVE('',#2628,#2596,#1656,.T.);
#5452=EDGE_CURVE('',#2596,#2598,#1688,.T.);
#5464=EDGE_CURVE('',#2626,#2594,#1660,.T.);
#5466=EDGE_CURVE('',#2594,#2596,#1692,.T.);
#5478=EDGE_CURVE('',#2624,#2592,#1664,.T.);
#5480=EDGE_CURVE('',#2592,#2594,#1696,.T.);
#5492=EDGE_CURVE('',#2622,#2590,#1668,.T.);
#5494=EDGE_CURVE('',#2590,#2592,#1700,.T.);
#5507=EDGE_CURVE('',#2588,#2590,#1704,.T.);
#5534=EDGE_CURVE('',#2603,#2604,#1708,.T.);
#5536=EDGE_CURVE('',#2616,#2603,#1712,.T.);
#5538=EDGE_CURVE('',#2614,#2616,#1716,.T.);
#5540=EDGE_CURVE('',#2612,#2614,#1720,.T.);
#5542=EDGE_CURVE('',#2610,#2612,#1724,.T.);
#5544=EDGE_CURVE('',#2608,#2610,#1728,.T.);
#5546=EDGE_CURVE('',#2606,#2608,#1732,.T.);
#5548=EDGE_CURVE('',#2604,#2606,#1736,.T.);
#5559=EDGE_CURVE('',#2635,#2603,#1740,.T.);
#5562=EDGE_CURVE('',#2636,#2604,#1768,.T.);
#5573=EDGE_CURVE('',#2648,#2616,#1744,.T.);
#5586=EDGE_CURVE('',#2646,#2614,#1748,.T.);
#5599=EDGE_CURVE('',#2644,#2612,#1752,.T.);
#5612=EDGE_CURVE('',#2642,#2610,#1756,.T.);
#5625=EDGE_CURVE('',#2640,#2608,#1760,.T.);
#5638=EDGE_CURVE('',#2638,#2606,#1764,.T.);
#5663=EDGE_CURVE('',#2731,#2699,#1772,.T.);
#5665=EDGE_CURVE('',#2699,#2700,#1804,.T.);
#5667=EDGE_CURVE('',#2732,#2700,#1800,.T.);
#5678=EDGE_CURVE('',#2744,#2712,#1776,.T.);
#5680=EDGE_CURVE('',#2712,#2699,#1808,.T.);
#5692=EDGE_CURVE('',#2742,#2710,#1780,.T.);
#5694=EDGE_CURVE('',#2710,#2712,#1812,.T.);
#5706=EDGE_CURVE('',#2740,#2708,#1784,.T.);
#5708=EDGE_CURVE('',#2708,#2710,#1816,.T.);
#5720=EDGE_CURVE('',#2738,#2706,#1788,.T.);
#5722=EDGE_CURVE('',#2706,#2708,#1820,.T.);
#5734=EDGE_CURVE('',#2736,#2704,#1792,.T.);
#5736=EDGE_CURVE('',#2704,#2706,#1824,.T.);
#5748=EDGE_CURVE('',#2734,#2702,#1796,.T.);
#5750=EDGE_CURVE('',#2702,#2704,#1828,.T.);
#5763=EDGE_CURVE('',#2700,#2702,#1832,.T.);
#5790=EDGE_CURVE('',#2715,#2716,#1836,.T.);
#5792=EDGE_CURVE('',#2728,#2715,#1840,.T.);
#5794=EDGE_CURVE('',#2726,#2728,#1844,.T.);
#5796=EDGE_CURVE('',#2724,#2726,#1848,.T.);
#5798=EDGE_CURVE('',#2722,#2724,#1852,.T.);
#5800=EDGE_CURVE('',#2720,#2722,#1856,.T.);
#5802=EDGE_CURVE('',#2718,#2720,#1860,.T.);
#5804=EDGE_CURVE('',#2716,#2718,#1864,.T.);
#5815=EDGE_CURVE('',#2747,#2715,#1868,.T.);
#5818=EDGE_CURVE('',#2748,#2716,#1896,.T.);
#5829=EDGE_CURVE('',#2760,#2728,#1872,.T.);
#5842=EDGE_CURVE('',#2758,#2726,#1876,.T.);
#5855=EDGE_CURVE('',#2756,#2724,#1880,.T.);
#5868=EDGE_CURVE('',#2754,#2722,#1884,.T.);
#5881=EDGE_CURVE('',#2752,#2720,#1888,.T.);
#5894=EDGE_CURVE('',#2750,#2718,#1892,.T.);
#5918=EDGE_CURVE('',#2510,#2508,#1900,.T.);
#5920=EDGE_CURVE('',#2500,#2508,#1916,.T.);
#5923=EDGE_CURVE('',#2499,#2510,#1904,.T.);
#5933=EDGE_CURVE('',#2507,#2508,#1908,.T.);
#5936=EDGE_CURVE('',#2510,#2512,#1952,.T.);
#5938=EDGE_CURVE('',#2512,#2507,#1920,.T.);
#5949=EDGE_CURVE('',#2507,#2520,#1932,.T.);
#5951=EDGE_CURVE('',#2518,#2520,#1912,.T.);
#5953=EDGE_CURVE('',#2502,#2518,#1968,.T.);
#5966=EDGE_CURVE('',#2515,#2512,#1924,.T.);
#5968=EDGE_CURVE('',#2520,#2515,#1928,.T.);
#5979=EDGE_CURVE('',#2928,#2923,#1936,.T.);
#5981=EDGE_CURVE('',#2931,#2928,#1940,.T.);
#5983=EDGE_CURVE('',#2936,#2931,#1944,.T.);
#5985=EDGE_CURVE('',#2923,#2936,#1948,.T.);
#5998=EDGE_CURVE('',#2504,#2516,#1956,.T.);
#6000=EDGE_CURVE('',#2515,#2516,#1960,.T.);
#6011=EDGE_CURVE('',#2518,#2516,#1964,.T.);
#6036=EDGE_CURVE('',#2923,#2924,#1972,.T.);
#6038=EDGE_CURVE('',#2926,#2924,#1996,.T.);
#6040=EDGE_CURVE('',#2926,#2928,#1984,.T.);
#6053=EDGE_CURVE('',#2934,#2936,#1976,.T.);
#6055=EDGE_CURVE('',#2920,#2934,#2008,.T.);
#6058=EDGE_CURVE('',#2918,#2924,#1980,.T.);
#6068=EDGE_CURVE('',#2931,#2932,#1992,.T.);
#6070=EDGE_CURVE('',#2934,#2932,#2004,.T.);
#6083=EDGE_CURVE('',#2916,#2926,#2000,.T.);
#6086=EDGE_CURVE('',#2915,#2932,#1988,.T.);
#6122=EDGE_CURVE('',#2974,#2972,#2012,.T.);
#6124=EDGE_CURVE('',#2940,#2972,#2028,.T.);
#6127=EDGE_CURVE('',#2939,#2974,#2016,.T.);
#6137=EDGE_CURVE('',#2971,#2972,#2020,.T.);
#6140=EDGE_CURVE('',#2974,#2976,#2104,.T.);
#6142=EDGE_CURVE('',#2976,#2971,#2048,.T.);
#6153=EDGE_CURVE('',#2971,#2984,#2060,.T.);
#6155=EDGE_CURVE('',#2982,#2984,#2024,.T.);
#6157=EDGE_CURVE('',#2942,#2982,#2120,.T.);
#6169=EDGE_CURVE('',#2960,#2955,#2032,.T.);
#6171=EDGE_CURVE('',#2963,#2960,#2036,.T.);
#6173=EDGE_CURVE('',#2968,#2963,#2040,.T.);
#6175=EDGE_CURVE('',#2955,#2968,#2044,.T.);
#6186=EDGE_CURVE('',#2979,#2976,#2052,.T.);
#6188=EDGE_CURVE('',#2984,#2979,#2056,.T.);
#6199=EDGE_CURVE('',#2955,#2956,#2064,.T.);
#6201=EDGE_CURVE('',#2958,#2956,#2088,.T.);
#6203=EDGE_CURVE('',#2958,#2960,#2076,.T.);
#6216=EDGE_CURVE('',#2966,#2968,#2068,.T.);
#6218=EDGE_CURVE('',#2952,#2966,#2100,.T.);
#6221=EDGE_CURVE('',#2950,#2956,#2072,.T.);
#6231=EDGE_CURVE('',#2963,#2964,#2084,.T.);
#6233=EDGE_CURVE('',#2966,#2964,#2096,.T.);
#6246=EDGE_CURVE('',#2948,#2958,#2092,.T.);
#6249=EDGE_CURVE('',#2947,#2964,#2080,.T.);
#6288=EDGE_CURVE('',#2944,#2980,#2108,.T.);
#6290=EDGE_CURVE('',#2979,#2980,#2112,.T.);
#6301=EDGE_CURVE('',#2982,#2980,#2116,.T.);
#6326=EDGE_CURVE('',#3006,#3004,#2124,.T.);
#6328=EDGE_CURVE('',#2988,#3004,#2140,.T.);
#6331=EDGE_CURVE('',#2987,#3006,#2128,.T.);
#6341=EDGE_CURVE('',#3003,#3004,#2132,.T.);
#6344=EDGE_CURVE('',#3006,#3008,#2176,.T.);
#6346=EDGE_CURVE('',#3008,#3003,#2144,.T.);
#6357=EDGE_CURVE('',#3003,#3016,#2156,.T.);
#6359=EDGE_CURVE('',#3014,#3016,#2136,.T.);
#6361=EDGE_CURVE('',#2990,#3014,#2192,.T.);
#6374=EDGE_CURVE('',#3011,#3008,#2148,.T.);
#6376=EDGE_CURVE('',#3016,#3011,#2152,.T.);
#6387=EDGE_CURVE('',#3024,#3019,#2160,.T.);
#6389=EDGE_CURVE('',#3027,#3024,#2164,.T.);
#6391=EDGE_CURVE('',#3032,#3027,#2168,.T.);
#6393=EDGE_CURVE('',#3019,#3032,#2172,.T.);
#6406=EDGE_CURVE('',#2992,#3012,#2180,.T.);
#6408=EDGE_CURVE('',#3011,#3012,#2184,.T.);
#6419=EDGE_CURVE('',#3014,#3012,#2188,.T.);
#6444=EDGE_CURVE('',#3019,#3020,#2196,.T.);
#6446=EDGE_CURVE('',#3022,#3020,#2220,.T.);
#6448=EDGE_CURVE('',#3022,#3024,#2208,.T.);
#6461=EDGE_CURVE('',#3030,#3032,#2200,.T.);
#6463=EDGE_CURVE('',#3000,#3030,#2232,.T.);
#6466=EDGE_CURVE('',#2998,#3020,#2204,.T.);
#6476=EDGE_CURVE('',#3027,#3028,#2216,.T.);
#6478=EDGE_CURVE('',#3030,#3028,#2228,.T.);
#6491=EDGE_CURVE('',#2996,#3022,#2224,.T.);
#6494=EDGE_CURVE('',#2995,#3028,#2212,.T.);
#6530=EDGE_CURVE('',#3054,#3052,#2236,.T.);
#6532=EDGE_CURVE('',#3036,#3052,#2252,.T.);
#6535=EDGE_CURVE('',#3035,#3054,#2240,.T.);
#6545=EDGE_CURVE('',#3051,#3052,#2244,.T.);
#6548=EDGE_CURVE('',#3054,#3056,#2288,.T.);
#6550=EDGE_CURVE('',#3056,#3051,#2256,.T.);
#6561=EDGE_CURVE('',#3051,#3064,#2268,.T.);
#6563=EDGE_CURVE('',#3062,#3064,#2248,.T.);
#6565=EDGE_CURVE('',#3038,#3062,#2304,.T.);
#6578=EDGE_CURVE('',#3059,#3056,#2260,.T.);
#6580=EDGE_CURVE('',#3064,#3059,#2264,.T.);
#6591=EDGE_CURVE('',#3072,#3067,#2272,.T.);
#6593=EDGE_CURVE('',#3075,#3072,#2276,.T.);
#6595=EDGE_CURVE('',#3080,#3075,#2280,.T.);
#6597=EDGE_CURVE('',#3067,#3080,#2284,.T.);
#6610=EDGE_CURVE('',#3040,#3060,#2292,.T.);
#6612=EDGE_CURVE('',#3059,#3060,#2296,.T.);
#6623=EDGE_CURVE('',#3062,#3060,#2300,.T.);
#6648=EDGE_CURVE('',#3067,#3068,#2308,.T.);
#6650=EDGE_CURVE('',#3070,#3068,#2332,.T.);
#6652=EDGE_CURVE('',#3070,#3072,#2320,.T.);
#6665=EDGE_CURVE('',#3078,#3080,#2312,.T.);
#6667=EDGE_CURVE('',#3048,#3078,#2344,.T.);
#6670=EDGE_CURVE('',#3046,#3068,#2316,.T.);
#6680=EDGE_CURVE('',#3075,#3076,#2328,.T.);
#6682=EDGE_CURVE('',#3078,#3076,#2340,.T.);
#6695=EDGE_CURVE('',#3044,#3070,#2336,.T.);
#6698=EDGE_CURVE('',#3043,#3076,#2324,.T.);
#6739=TRIMMED_CURVE('A_279',#6738,(PARAMETER_VALUE(0.E0)),(PARAMETER_VALUE
(1.E0)),.T.,.UNSPECIFIED.);
#6745=TRIMMED_CURVE('A_280',#6744,(PARAMETER_VALUE(0.E0)),(PARAMETER_VALUE
(1.E0)),.T.,.UNSPECIFIED.);
#6750=TRIMMED_CURVE('A_281',#6749,(PARAMETER_VALUE(0.E0)),(PARAMETER_VALUE
(1.E0)),.T.,.UNSPECIFIED.);
#6755=TRIMMED_CURVE('A_282',#6754,(PARAMETER_VALUE(0.E0)),(PARAMETER_VALUE
(1.E0)),.T.,.UNSPECIFIED.);
#6760=CIRCLE('',#6759,3.E-2);
#6761=TRIMMED_CURVE('',#6760,(PARAMETER_VALUE(0.E0)),(PARAMETER_VALUE(1.8E2)),
.T.,.UNSPECIFIED.);
#6762=COMPOSITE_CURVE_SEGMENT(.CONTINUOUS.,.T.,#6761);
#6767=CIRCLE('',#6766,3.E-2);
#6768=TRIMMED_CURVE('',#6767,(PARAMETER_VALUE(0.E0)),(PARAMETER_VALUE(1.8E2)),
.T.,.UNSPECIFIED.);
#6769=COMPOSITE_CURVE_SEGMENT(.CONTINUOUS.,.T.,#6768);
#6770=COMPOSITE_CURVE('',(#6762,#6769),.F.);
#6775=CIRCLE('',#6774,3.E-2);
#6776=TRIMMED_CURVE('',#6775,(PARAMETER_VALUE(0.E0)),(PARAMETER_VALUE(1.8E2)),
.T.,.UNSPECIFIED.);
#6777=COMPOSITE_CURVE_SEGMENT(.CONTINUOUS.,.T.,#6776);
#6782=CIRCLE('',#6781,3.E-2);
#6783=TRIMMED_CURVE('',#6782,(PARAMETER_VALUE(0.E0)),(PARAMETER_VALUE(1.8E2)),
.T.,.UNSPECIFIED.);
#6784=COMPOSITE_CURVE_SEGMENT(.CONTINUOUS.,.T.,#6783);
#6785=COMPOSITE_CURVE('',(#6777,#6784),.F.);
#6790=CIRCLE('',#6789,3.E-2);
#6791=TRIMMED_CURVE('',#6790,(PARAMETER_VALUE(0.E0)),(PARAMETER_VALUE(1.8E2)),
.T.,.UNSPECIFIED.);
#6792=COMPOSITE_CURVE_SEGMENT(.CONTINUOUS.,.T.,#6791);
#6797=CIRCLE('',#6796,3.E-2);
#6798=TRIMMED_CURVE('',#6797,(PARAMETER_VALUE(0.E0)),(PARAMETER_VALUE(1.8E2)),
.T.,.UNSPECIFIED.);
#6799=COMPOSITE_CURVE_SEGMENT(.CONTINUOUS.,.T.,#6798);
#6800=COMPOSITE_CURVE('',(#6792,#6799),.F.);
#6805=CIRCLE('',#6804,3.E-2);
#6806=TRIMMED_CURVE('',#6805,(PARAMETER_VALUE(0.E0)),(PARAMETER_VALUE(1.8E2)),
.T.,.UNSPECIFIED.);
#6807=COMPOSITE_CURVE_SEGMENT(.CONTINUOUS.,.T.,#6806);
#6812=CIRCLE('',#6811,3.E-2);
#6813=TRIMMED_CURVE('',#6812,(PARAMETER_VALUE(0.E0)),(PARAMETER_VALUE(1.8E2)),
.T.,.UNSPECIFIED.);
#6814=COMPOSITE_CURVE_SEGMENT(.CONTINUOUS.,.T.,#6813);
#6815=COMPOSITE_CURVE('',(#6807,#6814),.F.);
#6820=CIRCLE('',#6819,3.E-2);
#6821=TRIMMED_CURVE('',#6820,(PARAMETER_VALUE(0.E0)),(PARAMETER_VALUE(1.8E2)),
.T.,.UNSPECIFIED.);
#6822=COMPOSITE_CURVE_SEGMENT(.CONTINUOUS.,.T.,#6821);
#6827=CIRCLE('',#6826,3.E-2);
#6828=TRIMMED_CURVE('',#6827,(PARAMETER_VALUE(0.E0)),(PARAMETER_VALUE(1.8E2)),
.T.,.UNSPECIFIED.);
#6829=COMPOSITE_CURVE_SEGMENT(.CONTINUOUS.,.T.,#6828);
#6830=COMPOSITE_CURVE('',(#6822,#6829),.F.);
#6835=CIRCLE('',#6834,3.E-2);
#6836=TRIMMED_CURVE('',#6835,(PARAMETER_VALUE(0.E0)),(PARAMETER_VALUE(1.8E2)),
.T.,.UNSPECIFIED.);
#6837=COMPOSITE_CURVE_SEGMENT(.CONTINUOUS.,.T.,#6836);
#6842=CIRCLE('',#6841,3.E-2);
#6843=TRIMMED_CURVE('',#6842,(PARAMETER_VALUE(0.E0)),(PARAMETER_VALUE(1.8E2)),
.T.,.UNSPECIFIED.);
#6844=COMPOSITE_CURVE_SEGMENT(.CONTINUOUS.,.T.,#6843);
#6845=COMPOSITE_CURVE('',(#6837,#6844),.F.);
#6850=CIRCLE('',#6849,3.E-2);
#6851=TRIMMED_CURVE('',#6850,(PARAMETER_VALUE(0.E0)),(PARAMETER_VALUE(1.8E2)),
.T.,.UNSPECIFIED.);
#6852=COMPOSITE_CURVE_SEGMENT(.CONTINUOUS.,.T.,#6851);
#6857=CIRCLE('',#6856,3.E-2);
#6858=TRIMMED_CURVE('',#6857,(PARAMETER_VALUE(0.E0)),(PARAMETER_VALUE(1.8E2)),
.T.,.UNSPECIFIED.);
#6859=COMPOSITE_CURVE_SEGMENT(.CONTINUOUS.,.T.,#6858);
#6860=COMPOSITE_CURVE('',(#6852,#6859),.F.);
#6865=CIRCLE('',#6864,3.E-2);
#6866=TRIMMED_CURVE('',#6865,(PARAMETER_VALUE(0.E0)),(PARAMETER_VALUE(1.8E2)),
.T.,.UNSPECIFIED.);
#6867=COMPOSITE_CURVE_SEGMENT(.CONTINUOUS.,.T.,#6866);
#6872=CIRCLE('',#6871,3.E-2);
#6873=TRIMMED_CURVE('',#6872,(PARAMETER_VALUE(0.E0)),(PARAMETER_VALUE(1.8E2)),
.T.,.UNSPECIFIED.);
#6874=COMPOSITE_CURVE_SEGMENT(.CONTINUOUS.,.T.,#6873);
#6875=COMPOSITE_CURVE('',(#6867,#6874),.F.);
#6877=(LENGTH_UNIT()NAMED_UNIT(*)SI_UNIT(.MILLI.,.METRE.));
#6881=(NAMED_UNIT(*)PLANE_ANGLE_UNIT()SI_UNIT($,.RADIAN.));
#6884=(NAMED_UNIT(*)SI_UNIT($,.STERADIAN.)SOLID_ANGLE_UNIT());
#6887=ADVANCED_BREP_SHAPE_REPRESENTATION('',(#6730),#6886);
#6888=GEOMETRICALLY_BOUNDED_SURFACE_SHAPE_REPRESENTATION('',(#6740),#6886);
#6889=SHAPE_REPRESENTATION('',(#6734),#6886);
#6898=PRODUCT_DEFINITION('design','',#6897,#6894);
#6899=PRODUCT_DEFINITION_SHAPE('','SHAPE FOR 399100104.',#6898);
#6900=SHAPE_DEFINITION_REPRESENTATION(#6899,#6889);
ENDSEC;
END-ISO-10303-21;
