ISO-10303-21;
HEADER;
FILE_DESCRIPTION (( 'STEP AP203' ),
    '1' );
FILE_NAME ('housing_body.STEP',
    '2025-04-26T09:35:51',
    ( '' ),
    ( '' ),
    'SwSTEP 2.0',
    'SolidWorks 2023',
    '' );
FILE_SCHEMA (( 'CONFIG_CONTROL_DESIGN' ));
ENDSEC;

DATA;
#1 = DIRECTION ( 'NONE',  ( 0.000000000000000000, 0.000000000000000000, -1.000000000000000000 ) ) ;
#2 = LINE ( 'NONE', #970, #431 ) ;
#3 = DIRECTION ( 'NONE',  ( 0.000000000000000000, -0.000000000000000000, -1.000000000000000000 ) ) ;
#4 = AXIS2_PLACEMENT_3D ( 'NONE', #1617, #121, #1124 ) ;
#5 = EDGE_CURVE ( 'NONE', #2092, #2768, #3065, .T. ) ;
#6 = DIRECTION ( 'NONE',  ( 0.000000000000000000, -1.000000000000000000, 4.752667057470705368E-16 ) ) ;
#7 = FACE_OUTER_BOUND ( 'NONE', #1320, .T. ) ;
#8 = CARTESIAN_POINT ( 'NONE',  ( 2.000000000000000000, 2.000000000000000000, 0.000000000000000000 ) ) ;
#9 = AXIS2_PLACEMENT_3D ( 'NONE', #2129, #621, #1149 ) ;
#10 = ORIENTED_EDGE ( 'NONE', *, *, #1665, .F. ) ;
#11 = VERTEX_POINT ( 'NONE', #595 ) ;
#12 = ORIENTED_EDGE ( 'NONE', *, *, #2935, .T. ) ;
#13 = CIRCLE ( 'NONE', #1221, 1.699999999999993072 ) ;
#14 = CIRCLE ( 'NONE', #108, 2.000000000000000000 ) ;
#15 = VERTEX_POINT ( 'NONE', #2173 ) ;
#16 = DIRECTION ( 'NONE',  ( 0.000000000000000000, -1.000000000000000000, 0.000000000000000000 ) ) ;
#17 = DIRECTION ( 'NONE',  ( 0.000000000000000000, -1.000000000000000000, -0.000000000000000000 ) ) ;
#18 = FACE_OUTER_BOUND ( 'NONE', #933, .T. ) ;
#19 = ADVANCED_FACE ( 'NONE', ( #2585 ), #352, .F. ) ;
#20 = CARTESIAN_POINT ( 'NONE',  ( 2.000000000000000000, 36.00000000000000711, -118.0000000000000000 ) ) ;
#21 = DIRECTION ( 'NONE',  ( 1.000000000000000000, -0.000000000000000000, -0.000000000000000000 ) ) ;
#22 = VECTOR ( 'NONE', #1205, 1000.000000000000000 ) ;
#23 = DIRECTION ( 'NONE',  ( 0.000000000000000000, -0.000000000000000000, 1.000000000000000000 ) ) ;
#24 = VECTOR ( 'NONE', #1296, 1000.000000000000000 ) ;
#25 = ORIENTED_EDGE ( 'NONE', *, *, #1194, .F. ) ;
#26 = DIRECTION ( 'NONE',  ( 0.000000000000000000, 0.000000000000000000, -1.000000000000000000 ) ) ;
#27 = EDGE_CURVE ( 'NONE', #1056, #1213, #2649, .T. ) ;
#28 = VERTEX_POINT ( 'NONE', #2151 ) ;
#29 = AXIS2_PLACEMENT_3D ( 'NONE', #183, #434, #2924 ) ;
#30 = AXIS2_PLACEMENT_3D ( 'NONE', #2369, #697, #619 ) ;
#31 = FACE_OUTER_BOUND ( 'NONE', #871, .T. ) ;
#32 = CARTESIAN_POINT ( 'NONE',  ( 104.0000000000000000, 36.00000000000000711, -2.000000000000000000 ) ) ;
#33 = DIRECTION ( 'NONE',  ( 0.000000000000000000, 0.000000000000000000, -1.000000000000000000 ) ) ;
#34 = LINE ( 'NONE', #2006, #3206 ) ;
#35 = LINE ( 'NONE', #1037, #2436 ) ;
#36 = CARTESIAN_POINT ( 'NONE',  ( 2.000000000000000000, 4.420000000000007034, 5.478256737134755226E-15 ) ) ;
#37 = ORIENTED_EDGE ( 'NONE', *, *, #194, .T. ) ;
#38 = DIRECTION ( 'NONE',  ( 0.000000000000000000, -1.000000000000000000, 0.000000000000000000 ) ) ;
#39 = ORIENTED_EDGE ( 'NONE', *, *, #1230, .T. ) ;
#40 = ADVANCED_FACE ( 'NONE', ( #2328 ), #3144, .F. ) ;
#41 = DIRECTION ( 'NONE',  ( 0.000000000000000000, 0.000000000000000000, -1.000000000000000000 ) ) ;
#42 = DIRECTION ( 'NONE',  ( 0.000000000000000000, 1.000000000000000000, -0.000000000000000000 ) ) ;
#43 = CARTESIAN_POINT ( 'NONE',  ( 106.0000000000000000, 10.71999999999999886, -37.83000000000000540 ) ) ;
#44 = CARTESIAN_POINT ( 'NONE',  ( 6.000000000000000000, 6.000000000000000000, -117.0000000000000000 ) ) ;
#45 = EDGE_CURVE ( 'NONE', #393, #1354, #1810, .T. ) ;
#46 = CARTESIAN_POINT ( 'NONE',  ( 106.0000000000000000, 24.11999999999999744, -99.48999999999999488 ) ) ;
#47 = CARTESIAN_POINT ( 'NONE',  ( 96.00000000000000000, 24.11999999999999744, -63.74000000000001620 ) ) ;
#48 = VERTEX_POINT ( 'NONE', #3164 ) ;
#49 = ORIENTED_EDGE ( 'NONE', *, *, #229, .F. ) ;
#50 = LINE ( 'NONE', #2554, #328 ) ;
#51 = VECTOR ( 'NONE', #1477, 1000.000000000000000 ) ;
#52 = EDGE_CURVE ( 'NONE', #3147, #1263, #2570, .T. ) ;
#53 = PLANE ( 'NONE',  #1667 ) ;
#54 = ORIENTED_EDGE ( 'NONE', *, *, #382, .T. ) ;
#55 = CARTESIAN_POINT ( 'NONE',  ( 106.0000000000000000, 10.71999999999999886, -20.13999999999999702 ) ) ;
#56 = CIRCLE ( 'NONE', #1888, 1.699999999999993072 ) ;
#57 = CARTESIAN_POINT ( 'NONE',  ( 96.00000000000000000, 24.11999999999999744, -99.48999999999999488 ) ) ;
#58 = EDGE_CURVE ( 'NONE', #2597, #634, #925, .T. ) ;
#59 = CARTESIAN_POINT ( 'NONE',  ( 96.00000000000000000, 24.11999999999999744, -73.90000000000000568 ) ) ;
#60 = CIRCLE ( 'NONE', #2005, 3.250000000000002665 ) ;
#61 = ADVANCED_FACE ( 'NONE', ( #1317 ), #2908, .F. ) ;
#62 = DIRECTION ( 'NONE',  ( -0.000000000000000000, -1.000000000000000000, -0.000000000000000000 ) ) ;
#63 = DIRECTION ( 'NONE',  ( 0.000000000000000000, -1.000000000000000000, 0.000000000000000000 ) ) ;
#64 = VECTOR ( 'NONE', #2863, 1000.000000000000000 ) ;
#65 = ORIENTED_EDGE ( 'NONE', *, *, #679, .F. ) ;
#66 = VECTOR ( 'NONE', #2069, 1000.000000000000000 ) ;
#67 = ORIENTED_EDGE ( 'NONE', *, *, #1766, .T. ) ;
#68 = DIRECTION ( 'NONE',  ( 0.000000000000000000, 0.000000000000000000, 1.000000000000000000 ) ) ;
#69 = ORIENTED_EDGE ( 'NONE', *, *, #58, .F. ) ;
#70 = ADVANCED_FACE ( 'NONE', ( #2301 ), #53, .F. ) ;
#71 = DIRECTION ( 'NONE',  ( 0.000000000000000000, -1.000000000000000000, 0.000000000000000000 ) ) ;
#72 = VECTOR ( 'NONE', #62, 1000.000000000000000 ) ;
#73 = LINE ( 'NONE', #1813, #3000 ) ;
#74 = CARTESIAN_POINT ( 'NONE',  ( 6.059999999999996056, 0.02500000000000006384, -112.4999999999999858 ) ) ;
#75 = CARTESIAN_POINT ( 'NONE',  ( 96.00000000000000000, 10.71999999999999886, -101.4899999999999949 ) ) ;
#76 = EDGE_CURVE ( 'NONE', #1796, #1264, #1498, .T. ) ;
#77 = DIRECTION ( 'NONE',  ( 0.000000000000000000, -1.000000000000000000, 0.000000000000000000 ) ) ;
#78 = ORIENTED_EDGE ( 'NONE', *, *, #456, .T. ) ;
#79 = ORIENTED_EDGE ( 'NONE', *, *, #202, .F. ) ;
#80 = PERSON_AND_ORGANIZATION ( #793, #2801 ) ;
#81 = VERTEX_POINT ( 'NONE', #2668 ) ;
#82 = ADVANCED_FACE ( 'NONE', ( #1697 ), #2253, .F. ) ;
#83 = DIRECTION ( 'NONE',  ( 0.000000000000000000, 0.000000000000000000, -1.000000000000000000 ) ) ;
#84 = FACE_BOUND ( 'NONE', #2681, .T. ) ;
#85 = CARTESIAN_POINT ( 'NONE',  ( 96.00000000000000000, 10.71999999999999886, -73.90000000000000568 ) ) ;
#86 = CARTESIAN_POINT ( 'NONE',  ( 104.0000000000000000, 24.11999999999999744, -56.14999999999999858 ) ) ;
#87 = VECTOR ( 'NONE', #972, 1000.000000000000000 ) ;
#88 = DIRECTION ( 'NONE',  ( -1.000000000000000000, -0.000000000000000000, -0.000000000000000000 ) ) ;
#89 = EDGE_LOOP ( 'NONE', ( #2783, #2698, #1197, #2918 ) ) ;
#90 = DIRECTION ( 'NONE',  ( 0.000000000000000000, 0.000000000000000000, 1.000000000000000000 ) ) ;
#91 = ADVANCED_FACE ( 'NONE', ( #941 ), #2431, .F. ) ;
#92 = ORIENTED_EDGE ( 'NONE', *, *, #993, .F. ) ;
#93 = EDGE_LOOP ( 'NONE', ( #2699, #1210, #2433, #261 ) ) ;
#94 = CALENDAR_DATE ( 2025, 26, 4 ) ;
#95 = ORIENTED_EDGE ( 'NONE', *, *, #2426, .T. ) ;
#96 = LINE ( 'NONE', #1362, #235 ) ;
#97 = DIRECTION ( 'NONE',  ( 0.000000000000000000, 0.000000000000000000, -1.000000000000000000 ) ) ;
#98 = FACE_OUTER_BOUND ( 'NONE', #1767, .T. ) ;
#99 = CIRCLE ( 'NONE', #629, 4.500000000000004441 ) ;
#100 = CARTESIAN_POINT ( 'NONE',  ( 2.000000000000000000, 6.000000000000000000, -5.438447187191163046 ) ) ;
#101 = CARTESIAN_POINT ( 'NONE',  ( 96.00000000000000000, 10.71999999999999886, -73.90000000000000568 ) ) ;
#102 = ORIENTED_EDGE ( 'NONE', *, *, #1864, .F. ) ;
#103 = ORIENTED_EDGE ( 'NONE', *, *, #52, .T. ) ;
#104 = DIRECTION ( 'NONE',  ( -0.000000000000000000, -1.000000000000000000, -0.000000000000000000 ) ) ;
#105 = ADVANCED_FACE ( 'NONE', ( #457, #2205 ), #2479, .T. ) ;
#106 = VECTOR ( 'NONE', #2122, 1000.000000000000000 ) ;
#107 = DIRECTION ( 'NONE',  ( 0.000000000000000000, 0.000000000000000000, 1.000000000000000000 ) ) ;
#108 = AXIS2_PLACEMENT_3D ( 'NONE', #2189, #128, #2703 ) ;
#109 = VECTOR ( 'NONE', #1586, 1000.000000000000000 ) ;
#110 = VERTEX_POINT ( 'NONE', #203 ) ;
#111 = LINE ( 'NONE', #1359, #3003 ) ;
#112 = AXIS2_PLACEMENT_3D ( 'NONE', #1294, #2762, #249 ) ;
#113 = EDGE_CURVE ( 'NONE', #2820, #240, #2927, .T. ) ;
#114 = VERTEX_POINT ( 'NONE', #1204 ) ;
#115 = CALENDAR_DATE ( 2025, 26, 4 ) ;
#116 = LINE ( 'NONE', #1630, #2273 ) ;
#117 = VECTOR ( 'NONE', #1993, 1000.000000000000000 ) ;
#118 = CARTESIAN_POINT ( 'NONE',  ( 0.000000000000000000, 7.419999999999999929, -19.24999999999999645 ) ) ;
#119 = EDGE_CURVE ( 'NONE', #402, #2442, #1560, .T. ) ;
#120 = CIRCLE ( 'NONE', #1177, 1.699999999999993072 ) ;
#121 = DIRECTION ( 'NONE',  ( -0.000000000000000000, 0.000000000000000000, -1.000000000000000000 ) ) ;
#122 = DIRECTION ( 'NONE',  ( -0.000000000000000000, -1.000000000000000000, -0.000000000000000000 ) ) ;
#123 = CARTESIAN_POINT ( 'NONE',  ( 96.00000000000000000, 24.11999999999999744, -91.32999999999999829 ) ) ;
#124 = VERTEX_POINT ( 'NONE', #1481 ) ;
#125 = VERTEX_POINT ( 'NONE', #3198 ) ;
#126 = DIRECTION ( 'NONE',  ( 1.000000000000000000, -0.000000000000000000, -0.000000000000000000 ) ) ;
#127 = CARTESIAN_POINT ( 'NONE',  ( 99.93999999999999773, 6.000000000000000000, -112.4999999999999858 ) ) ;
#128 = DIRECTION ( 'NONE',  ( -0.000000000000000000, 1.000000000000000000, -0.000000000000000000 ) ) ;
#129 = CIRCLE ( 'NONE', #1599, 4.500000000000003553 ) ;
#130 = ORIENTED_EDGE ( 'NONE', *, *, #2814, .T. ) ;
#131 = DIRECTION ( 'NONE',  ( 0.000000000000000000, 0.000000000000000000, -1.000000000000000000 ) ) ;
#132 = VERTEX_POINT ( 'NONE', #955 ) ;
#133 = DIRECTION ( 'NONE',  ( 0.000000000000000000, -0.000000000000000000, 1.000000000000000000 ) ) ;
#134 = CYLINDRICAL_SURFACE ( 'NONE', #2822, 4.500000000000003553 ) ;
#135 = EDGE_CURVE ( 'NONE', #1240, #716, #2968, .T. ) ;
#136 = LINE ( 'NONE', #2558, #1308 ) ;
#137 = CARTESIAN_POINT ( 'NONE',  ( 96.00000000000000000, 24.11999999999999744, -28.29999999999999716 ) ) ;
#138 = CARTESIAN_POINT ( 'NONE',  ( 0.000000000000000000, 2.000000000000000000, -118.0000000000000000 ) ) ;
#139 = ORIENTED_EDGE ( 'NONE', *, *, #355, .F. ) ;
#140 = ORIENTED_EDGE ( 'NONE', *, *, #2465, .T. ) ;
#141 = AXIS2_PLACEMENT_3D ( 'NONE', #289, #1502, #1809 ) ;
#142 = FACE_OUTER_BOUND ( 'NONE', #1474, .T. ) ;
#143 = PLANE ( 'NONE',  #9 ) ;
#144 = CARTESIAN_POINT ( 'NONE',  ( 106.0000000000000000, 24.11999999999999744, -37.83000000000000540 ) ) ;
#145 = VECTOR ( 'NONE', #2535, 1000.000000000000000 ) ;
#146 = CARTESIAN_POINT ( 'NONE',  ( 96.00000000000000000, 24.11999999999999744, -63.74000000000001620 ) ) ;
#147 = EDGE_LOOP ( 'NONE', ( #935, #590, #2243, #2181 ) ) ;
#148 = DIRECTION ( 'NONE',  ( 0.000000000000000000, 0.000000000000000000, 1.000000000000000000 ) ) ;
#149 = ORIENTED_EDGE ( 'NONE', *, *, #2452, .T. ) ;
#150 = ORIENTED_EDGE ( 'NONE', *, *, #2738, .T. ) ;
#151 = DIRECTION ( 'NONE',  ( -0.000000000000000000, 1.000000000000000000, -0.000000000000000000 ) ) ;
#152 = DIRECTION ( 'NONE',  ( 0.000000000000000000, -0.000000000000000000, -1.000000000000000000 ) ) ;
#153 = VECTOR ( 'NONE', #1602, 1000.000000000000000 ) ;
#154 = ORIENTED_EDGE ( 'NONE', *, *, #858, .F. ) ;
#155 = DIRECTION ( 'NONE',  ( -0.000000000000000000, -1.000000000000000000, -0.000000000000000000 ) ) ;
#156 = LINE ( 'NONE', #2661, #2275 ) ;
#157 = EDGE_CURVE ( 'NONE', #2940, #3063, #1959, .T. ) ;
#158 = EDGE_LOOP ( 'NONE', ( #1118, #1083, #2659, #2480 ) ) ;
#159 = VECTOR ( 'NONE', #1676, 1000.000000000000000 ) ;
#160 = ORIENTED_EDGE ( 'NONE', *, *, #314, .T. ) ;
#161 = DIRECTION ( 'NONE',  ( -0.000000000000000000, -1.000000000000000000, -0.000000000000000000 ) ) ;
#162 = ADVANCED_FACE ( 'NONE', ( #1238 ), #2950, .F. ) ;
#163 = CARTESIAN_POINT ( 'NONE',  ( 96.00000000000000000, 10.71999999999999886, -71.90000000000001990 ) ) ;
#164 = DIRECTION ( 'NONE',  ( 0.000000000000000000, 0.000000000000000000, 1.000000000000000000 ) ) ;
#165 = CARTESIAN_POINT ( 'NONE',  ( 6.059999999999996056, 3.399999999999998579, -114.1999999999999886 ) ) ;
#166 = EDGE_CURVE ( 'NONE', #2471, #1850, #3070, .T. ) ;
#167 = ORIENTED_EDGE ( 'NONE', *, *, #1799, .T. ) ;
#168 = VECTOR ( 'NONE', #1297, 1000.000000000000000 ) ;
#169 = DIRECTION ( 'NONE',  ( -0.000000000000000000, -1.000000000000000000, -0.000000000000000000 ) ) ;
#170 = ORIENTED_EDGE ( 'NONE', *, *, #2577, .T. ) ;
#171 = AXIS2_PLACEMENT_3D ( 'NONE', #896, #1893, #1418 ) ;
#172 = ORIENTED_EDGE ( 'NONE', *, *, #2725, .F. ) ;
#173 = DIRECTION ( 'NONE',  ( 0.000000000000000000, 1.000000000000000000, 0.000000000000000000 ) ) ;
#174 = DIRECTION ( 'NONE',  ( 1.000000000000000000, -0.000000000000000000, -0.000000000000000000 ) ) ;
#175 = CIRCLE ( 'NONE', #2106, 1.699999999999993072 ) ;
#176 = EDGE_LOOP ( 'NONE', ( #824, #2070, #1891, #2843 ) ) ;
#177 = CIRCLE ( 'NONE', #2429, 3.249999999999999556 ) ;
#178 = DIRECTION ( 'NONE',  ( 0.000000000000000000, 0.000000000000000000, -1.000000000000000000 ) ) ;
#179 = CARTESIAN_POINT ( 'NONE',  ( 99.93999999999999773, 6.000000000000000000, -7.500000000000000000 ) ) ;
#180 = VERTEX_POINT ( 'NONE', #187 ) ;
#181 = VERTEX_POINT ( 'NONE', #722 ) ;
#182 = DIRECTION ( 'NONE',  ( 0.000000000000000000, 1.000000000000000000, 0.000000000000000000 ) ) ;
#183 = CARTESIAN_POINT ( 'NONE',  ( 99.99999999999998579, 0.000000000000000000, -7.500000000000000000 ) ) ;
#184 = LINE ( 'NONE', #1866, #1414 ) ;
#185 = LINE ( 'NONE', #3197, #1368 ) ;
#186 = ADVANCED_FACE ( 'NONE', ( #1992 ), #1716, .F. ) ;
#187 = CARTESIAN_POINT ( 'NONE',  ( 6.059999999999996056, 3.399999999999999467, -109.2499999999999858 ) ) ;
#188 = VECTOR ( 'NONE', #1848, 1000.000000000000000 ) ;
#189 = DIRECTION ( 'NONE',  ( 0.000000000000000000, 1.000000000000000000, 0.000000000000000000 ) ) ;
#190 = ORIENTED_EDGE ( 'NONE', *, *, #881, .T. ) ;
#191 = VERTEX_POINT ( 'NONE', #1464 ) ;
#192 = DIRECTION ( 'NONE',  ( 0.000000000000000000, 0.000000000000000000, -1.000000000000000000 ) ) ;
#193 = DIRECTION ( 'NONE',  ( 0.000000000000000000, 0.000000000000000000, -1.000000000000000000 ) ) ;
#194 = EDGE_CURVE ( 'NONE', #1264, #2786, #2192, .T. ) ;
#195 = ORIENTED_EDGE ( 'NONE', *, *, #1140, .F. ) ;
#196 = ORIENTED_EDGE ( 'NONE', *, *, #2658, .T. ) ;
#197 = ORIENTED_EDGE ( 'NONE', *, *, #2871, .F. ) ;
#198 = LINE ( 'NONE', #676, #2879 ) ;
#199 = DIRECTION ( 'NONE',  ( 0.000000000000000000, -1.000000000000000000, 0.000000000000000000 ) ) ;
#200 = DIRECTION ( 'NONE',  ( -1.000000000000000000, -0.000000000000000000, -0.000000000000000000 ) ) ;
#201 = LINE ( 'NONE', #661, #1692 ) ;
#202 = EDGE_CURVE ( 'NONE', #2728, #2597, #3236, .T. ) ;
#203 = CARTESIAN_POINT ( 'NONE',  ( 104.0000000000000000, 2.000000000000000000, -118.0000000000000000 ) ) ;
#204 = ORIENTED_EDGE ( 'NONE', *, *, #119, .T. ) ;
#205 = FACE_OUTER_BOUND ( 'NONE', #2209, .T. ) ;
#206 = EDGE_CURVE ( 'NONE', #1179, #3226, #1732, .T. ) ;
#207 = ORIENTED_EDGE ( 'NONE', *, *, #345, .F. ) ;
#208 = ORIENTED_EDGE ( 'NONE', *, *, #1592, .F. ) ;
#209 = EDGE_CURVE ( 'NONE', #960, #3126, #1763, .T. ) ;
#210 = CARTESIAN_POINT ( 'NONE',  ( 96.00000000000000000, 10.71999999999999886, -109.6499999999999915 ) ) ;
#211 = VERTEX_POINT ( 'NONE', #1515 ) ;
#212 = ORIENTED_EDGE ( 'NONE', *, *, #1305, .F. ) ;
#213 = ORIENTED_EDGE ( 'NONE', *, *, #229, .T. ) ;
#214 = ORIENTED_EDGE ( 'NONE', *, *, #5, .F. ) ;
#215 = CARTESIAN_POINT ( 'NONE',  ( 106.0000000000000000, 24.11999999999999744, -45.99000000000000199 ) ) ;
#216 = DIRECTION ( 'NONE',  ( 0.000000000000000000, 0.000000000000000000, -1.000000000000000000 ) ) ;
#217 = CARTESIAN_POINT ( 'NONE',  ( 99.99999999999998579, 6.000000000000000000, -112.4999999999999858 ) ) ;
#218 = CARTESIAN_POINT ( 'NONE',  ( 104.0000000000000000, 10.71999999999999886, -37.83000000000000540 ) ) ;
#219 = AXIS2_PLACEMENT_3D ( 'NONE', #2335, #1092, #606 ) ;
#220 = EDGE_CURVE ( 'NONE', #2127, #1862, #2477, .T. ) ;
#221 = CARTESIAN_POINT ( 'NONE',  ( 96.00000000000000000, 10.71999999999999886, -9.980000000000002203 ) ) ;
#222 = CARTESIAN_POINT ( 'NONE',  ( 106.0000000000000000, 24.11999999999999744, -18.14000000000000412 ) ) ;
#223 = AXIS2_PLACEMENT_3D ( 'NONE', #1540, #1265, #2303 ) ;
#224 = EDGE_CURVE ( 'NONE', #716, #1629, #1795, .T. ) ;
#225 = VECTOR ( 'NONE', #1753, 1000.000000000000000 ) ;
#226 = DIRECTION ( 'NONE',  ( 0.000000000000000000, 1.000000000000000000, 0.000000000000000000 ) ) ;
#227 = EDGE_LOOP ( 'NONE', ( #1846, #1870, #2865, #1939, #481, #67, #160, #150, #703, #1434, #1422, #675, #1612, #300, #3168, #726, #572, #458, #1231, #496 ) ) ;
#228 = ORIENTED_EDGE ( 'NONE', *, *, #1782, .T. ) ;
#229 = EDGE_CURVE ( 'NONE', #2028, #1962, #1824, .T. ) ;
#230 = AXIS2_PLACEMENT_3D ( 'NONE', #2645, #2234, #920 ) ;
#231 = ORIENTED_EDGE ( 'NONE', *, *, #291, .F. ) ;
#232 = VECTOR ( 'NONE', #2877, 1000.000000000000000 ) ;
#233 = VERTEX_POINT ( 'NONE', #483 ) ;
#234 = DIRECTION ( 'NONE',  ( 0.000000000000000000, 0.000000000000000000, -1.000000000000000000 ) ) ;
#235 = VECTOR ( 'NONE', #1647, 1000.000000000000000 ) ;
#236 = CARTESIAN_POINT ( 'NONE',  ( 96.00000000000000000, 10.71999999999999886, -37.83000000000000540 ) ) ;
#237 = DIRECTION ( 'NONE',  ( -0.000000000000000000, -1.000000000000000000, -0.000000000000000000 ) ) ;
#238 = DIRECTION ( 'NONE',  ( 0.000000000000000000, 1.000000000000000000, 0.000000000000000000 ) ) ;
#239 = CARTESIAN_POINT ( 'NONE',  ( 10.00000000000000000, 22.01999999999999957, -30.25000000000000355 ) ) ;
#240 = VERTEX_POINT ( 'NONE', #657 ) ;
#241 = FACE_OUTER_BOUND ( 'NONE', #3061, .T. ) ;
#242 = VERTEX_POINT ( 'NONE', #2443 ) ;
#243 = DIRECTION ( 'NONE',  ( 0.000000000000000000, 0.000000000000000000, 1.000000000000000000 ) ) ;
#244 = ORIENTED_EDGE ( 'NONE', *, *, #3120, .T. ) ;
#245 = ORIENTED_EDGE ( 'NONE', *, *, #1699, .F. ) ;
#246 = ORIENTED_EDGE ( 'NONE', *, *, #558, .F. ) ;
#247 = EDGE_CURVE ( 'NONE', #48, #1386, #3178, .T. ) ;
#248 = ORIENTED_EDGE ( 'NONE', *, *, #1245, .F. ) ;
#249 = DIRECTION ( 'NONE',  ( 0.000000000000000000, 0.000000000000000000, -1.000000000000000000 ) ) ;
#250 = CYLINDRICAL_SURFACE ( 'NONE', #740, 2.000000000000001776 ) ;
#251 = LINE ( 'NONE', #3215, #51 ) ;
#252 = LINE ( 'NONE', #1745, #846 ) ;
#253 = CARTESIAN_POINT ( 'NONE',  ( 104.0000000000000000, 0.000000000000000000, -118.0000000000000000 ) ) ;
#254 = CARTESIAN_POINT ( 'NONE',  ( 99.99999999999998579, 6.000000000000000000, -110.7999999999999972 ) ) ;
#255 = CARTESIAN_POINT ( 'NONE',  ( 104.0000000000000000, 24.11999999999999744, -9.980000000000002203 ) ) ;
#256 = VECTOR ( 'NONE', #419, 1000.000000000000000 ) ;
#257 = ORIENTED_EDGE ( 'NONE', *, *, #536, .F. ) ;
#258 = CC_DESIGN_SECURITY_CLASSIFICATION ( #1396, ( #2972 ) ) ;
#259 = AXIS2_PLACEMENT_3D ( 'NONE', #2007, #1191, #2238 ) ;
#260 = EDGE_LOOP ( 'NONE', ( #958, #92 ) ) ;
#261 = ORIENTED_EDGE ( 'NONE', *, *, #3201, .F. ) ;
#262 = ORIENTED_EDGE ( 'NONE', *, *, #2232, .T. ) ;
#263 = CARTESIAN_POINT ( 'NONE',  ( 104.0000000000000000, 24.11999999999999744, 0.000000000000000000 ) ) ;
#264 = CARTESIAN_POINT ( 'NONE',  ( 96.00000000000000000, 10.71999999999999886, -20.13999999999999702 ) ) ;
#265 = DIRECTION ( 'NONE',  ( -0.000000000000000000, -1.000000000000000000, -0.000000000000000000 ) ) ;
#266 = DIRECTION ( 'NONE',  ( 0.000000000000000000, 0.000000000000000000, 1.000000000000000000 ) ) ;
#267 = DIRECTION ( 'NONE',  ( 1.000000000000000000, -0.000000000000000000, -0.000000000000000000 ) ) ;
#268 = CARTESIAN_POINT ( 'NONE',  ( 104.0000000000000000, 24.11999999999999744, -37.83000000000000540 ) ) ;
#269 = ADVANCED_FACE ( 'NONE', ( #951 ), #2186, .F. ) ;
#270 = VECTOR ( 'NONE', #1530, 1000.000000000000000 ) ;
#271 = EDGE_LOOP ( 'NONE', ( #1928, #2515, #3239, #2339 ) ) ;
#272 = DIRECTION ( 'NONE',  ( 0.000000000000000000, 1.000000000000000000, 0.000000000000000000 ) ) ;
#273 = ORIENTED_EDGE ( 'NONE', *, *, #405, .F. ) ;
#274 = ORIENTED_EDGE ( 'NONE', *, *, #893, .F. ) ;
#275 = VECTOR ( 'NONE', #2587, 1000.000000000000000 ) ;
#276 = CONICAL_SURFACE ( 'NONE', #852, 3.275000000000000355, 0.7853981633973918797 ) ;
#277 = LINE ( 'NONE', #263, #797 ) ;
#278 = CARTESIAN_POINT ( 'NONE',  ( 6.000000000000000000, 2.000000000000000000, -112.4999999999999858 ) ) ;
#279 = DIRECTION ( 'NONE',  ( -0.000000000000000000, -1.000000000000000000, -0.000000000000000000 ) ) ;
#280 = CIRCLE ( 'NONE', #2361, 3.250000000000002665 ) ;
#281 = CARTESIAN_POINT ( 'NONE',  ( 104.0000000000000000, 10.71999999999999886, -45.99000000000000199 ) ) ;
#282 = CARTESIAN_POINT ( 'NONE',  ( 10.00000000000000000, 7.419999999999999929, -30.24999999999999645 ) ) ;
#283 = ORIENTED_EDGE ( 'NONE', *, *, #345, .T. ) ;
#284 = VECTOR ( 'NONE', #1500, 1000.000000000000000 ) ;
#285 = LINE ( 'NONE', #312, #694 ) ;
#286 = VECTOR ( 'NONE', #200, 1000.000000000000000 ) ;
#287 = EDGE_CURVE ( 'NONE', #2728, #724, #468, .T. ) ;
#288 = ORIENTED_EDGE ( 'NONE', *, *, #1010, .F. ) ;
#289 = CARTESIAN_POINT ( 'NONE',  ( 96.00000000000000000, 24.11999999999999744, -9.980000000000002203 ) ) ;
#290 = ORIENTED_EDGE ( 'NONE', *, *, #542, .F. ) ;
#291 = EDGE_CURVE ( 'NONE', #2450, #1961, #2403, .T. ) ;
#292 = VECTOR ( 'NONE', #126, 1000.000000000000000 ) ;
#293 = CARTESIAN_POINT ( 'NONE',  ( 106.0000000000000000, 10.71999999999999886, -47.98999999999999488 ) ) ;
#294 = CARTESIAN_POINT ( 'NONE',  ( 99.99999999999998579, 0.000000000000000000, -115.7749999999999915 ) ) ;
#295 = FACE_OUTER_BOUND ( 'NONE', #2326, .T. ) ;
#296 = LINE ( 'NONE', #44, #1101 ) ;
#297 = FACE_OUTER_BOUND ( 'NONE', #1781, .T. ) ;
#298 = CARTESIAN_POINT ( 'NONE',  ( 2.000000000000000000, 7.420000000000000817, -19.25000000000000000 ) ) ;
#299 = ADVANCED_FACE ( 'NONE', ( #936 ), #1459, .F. ) ;
#300 = ORIENTED_EDGE ( 'NONE', *, *, #220, .F. ) ;
#301 = EDGE_CURVE ( 'NONE', #1053, #1627, #3213, .T. ) ;
#302 = ORIENTED_EDGE ( 'NONE', *, *, #3098, .F. ) ;
#303 = PERSON_AND_ORGANIZATION ( #793, #2801 ) ;
#304 = EDGE_CURVE ( 'NONE', #211, #2836, #1404, .T. ) ;
#305 = DIRECTION ( 'NONE',  ( 0.000000000000000000, 0.000000000000000000, -1.000000000000000000 ) ) ;
#306 = VECTOR ( 'NONE', #1201, 1000.000000000000000 ) ;
#307 = ORIENTED_EDGE ( 'NONE', *, *, #1490, .T. ) ;
#308 = DIRECTION ( 'NONE',  ( -1.000000000000000000, -0.000000000000000000, -0.000000000000000000 ) ) ;
#309 = LINE ( 'NONE', #57, #2804 ) ;
#310 = CARTESIAN_POINT ( 'NONE',  ( 6.059999999999996056, 3.399999999999998579, -110.7999999999999972 ) ) ;
#311 = LINE ( 'NONE', #3040, #1909 ) ;
#312 = CARTESIAN_POINT ( 'NONE',  ( 104.0000000000000000, 2.000000000000000000, 0.000000000000000000 ) ) ;
#313 = AXIS2_PLACEMENT_3D ( 'NONE', #929, #2896, #192 ) ;
#314 = EDGE_CURVE ( 'NONE', #1504, #1689, #1164, .T. ) ;
#315 = ORIENTED_EDGE ( 'NONE', *, *, #709, .T. ) ;
#316 = ORIENTED_EDGE ( 'NONE', *, *, #113, .T. ) ;
#317 = CARTESIAN_POINT ( 'NONE',  ( 6.000000000000000000, 6.000000000000000000, -7.500000000000000000 ) ) ;
#318 = CIRCLE ( 'NONE', #2669, 3.249999999999999556 ) ;
#319 = CARTESIAN_POINT ( 'NONE',  ( 0.000000000000000000, 36.00000000000000711, -2.000000000000000000 ) ) ;
#320 = MANIFOLD_SOLID_BREP ( 'Schnitt-Linear austragen3', #1817 ) ;
#321 = EDGE_CURVE ( 'NONE', #2442, #2467, #198, .T. ) ;
#322 = AXIS2_PLACEMENT_3D ( 'NONE', #2973, #977, #445 ) ;
#323 = VERTEX_POINT ( 'NONE', #2944 ) ;
#324 = DIRECTION ( 'NONE',  ( 1.000000000000000000, 0.000000000000000000, -0.000000000000000000 ) ) ;
#325 = CONICAL_SURFACE ( 'NONE', #2469, 3.275000000000000355, 0.7853981633974612686 ) ;
#326 = LINE ( 'NONE', #1322, #1280 ) ;
#327 = CARTESIAN_POINT ( 'NONE',  ( 96.00000000000000000, 24.11999999999999744, -45.99000000000000199 ) ) ;
#328 = VECTOR ( 'NONE', #1535, 1000.000000000000000 ) ;
#329 = VERTEX_POINT ( 'NONE', #2200 ) ;
#330 = CARTESIAN_POINT ( 'NONE',  ( 99.93999999999999773, 6.000000000000000000, -7.500000000000000000 ) ) ;
#331 = CARTESIAN_POINT ( 'NONE',  ( 3.000000000000000000, 7.419999999999999929, -24.25000000000000000 ) ) ;
#332 = VECTOR ( 'NONE', #2363, 1000.000000000000000 ) ;
#333 = EDGE_CURVE ( 'NONE', #2632, #2788, #2962, .T. ) ;
#334 = ORIENTED_EDGE ( 'NONE', *, *, #5, .T. ) ;
#335 = CONICAL_SURFACE ( 'NONE', #1020, 3.275000000000000355, 0.7853981633974612686 ) ;
#336 = ORIENTED_EDGE ( 'NONE', *, *, #790, .T. ) ;
#337 = EDGE_LOOP ( 'NONE', ( #1577, #973, #2607, #2226 ) ) ;
#338 = CARTESIAN_POINT ( 'NONE',  ( 104.0000000000000000, 36.00000000000000711, -63.74000000000001620 ) ) ;
#339 = DIRECTION ( 'NONE',  ( -0.000000000000000000, -1.000000000000000000, -0.000000000000000000 ) ) ;
#340 = CC_DESIGN_PERSON_AND_ORGANIZATION_ASSIGNMENT ( #854, #2584, ( #855 ) ) ;
#341 = CARTESIAN_POINT ( 'NONE',  ( 106.0000000000000000, 0.000000000000000000, -2.000000000000000000 ) ) ;
#342 = VECTOR ( 'NONE', #808, 1000.000000000000000 ) ;
#343 = CARTESIAN_POINT ( 'NONE',  ( 0.000000000000000000, 22.01999999999999957, -30.25000000000000355 ) ) ;
#344 = CARTESIAN_POINT ( 'NONE',  ( 104.0000000000000000, 24.11999999999999744, -82.06000000000000227 ) ) ;
#345 = EDGE_CURVE ( 'NONE', #2455, #774, #2424, .T. ) ;
#346 = ORIENTED_EDGE ( 'NONE', *, *, #1616, .T. ) ;
#347 = PLANE ( 'NONE',  #1762 ) ;
#348 = CARTESIAN_POINT ( 'NONE',  ( 6.000000000000000000, 6.000000000000000000, -7.500000000000000000 ) ) ;
#349 = ORIENTED_EDGE ( 'NONE', *, *, #3221, .T. ) ;
#350 = ORIENTED_EDGE ( 'NONE', *, *, #3060, .F. ) ;
#351 = COORDINATED_UNIVERSAL_TIME_OFFSET ( 1, 0, .AHEAD. ) ;
#352 = PLANE ( 'NONE',  #1512 ) ;
#353 = CARTESIAN_POINT ( 'NONE',  ( 106.0000000000000000, 24.11999999999999744, -47.98999999999999488 ) ) ;
#354 = CYLINDRICAL_SURFACE ( 'NONE', #1057, 3.250000000000002665 ) ;
#355 = EDGE_CURVE ( 'NONE', #1012, #1681, #983, .T. ) ;
#356 = FACE_OUTER_BOUND ( 'NONE', #796, .T. ) ;
#357 = CARTESIAN_POINT ( 'NONE',  ( 106.0000000000000000, 24.11999999999999744, -73.90000000000000568 ) ) ;
#358 = DIRECTION ( 'NONE',  ( -0.000000000000000000, -1.000000000000000000, -0.000000000000000000 ) ) ;
#359 = ORIENTED_EDGE ( 'NONE', *, *, #2977, .F. ) ;
#360 = EDGE_LOOP ( 'NONE', ( #3091, #2557, #2072, #495 ) ) ;
#361 = EDGE_CURVE ( 'NONE', #1458, #2820, #2700, .T. ) ;
#362 = LINE ( 'NONE', #2887, #461 ) ;
#363 = CARTESIAN_POINT ( 'NONE',  ( 99.99999999999998579, 0.000000000000000000, -7.500000000000000000 ) ) ;
#364 = VERTEX_POINT ( 'NONE', #732 ) ;
#365 = EDGE_CURVE ( 'NONE', #364, #1354, #1726, .T. ) ;
#366 = VERTEX_POINT ( 'NONE', #1986 ) ;
#367 = CARTESIAN_POINT ( 'NONE',  ( 2.000000000000000000, 7.419999999999999929, -24.25000000000000000 ) ) ;
#368 = DIRECTION ( 'NONE',  ( 1.000000000000000000, -0.000000000000000000, -0.000000000000000000 ) ) ;
#369 = CARTESIAN_POINT ( 'NONE',  ( 99.99999999999998579, 0.000000000000000000, -115.7499999999999858 ) ) ;
#370 = CARTESIAN_POINT ( 'NONE',  ( 6.059999999999996056, 0.000000000000000000, -4.224999999999999645 ) ) ;
#371 = DIRECTION ( 'NONE',  ( 0.000000000000000000, -1.000000000000000000, 0.000000000000000000 ) ) ;
#372 = ORIENTED_EDGE ( 'NONE', *, *, #1904, .T. ) ;
#373 = VECTOR ( 'NONE', #2504, 1000.000000000000000 ) ;
#374 = ORIENTED_EDGE ( 'NONE', *, *, #287, .F. ) ;
#375 = CARTESIAN_POINT ( 'NONE',  ( 0.000000000000000000, 4.419999999999999929, -19.25000000000000000 ) ) ;
#376 = VECTOR ( 'NONE', #520, 1000.000000000000000 ) ;
#377 = PLANE ( 'NONE',  #578 ) ;
#378 = ORIENTED_EDGE ( 'NONE', *, *, #2725, .T. ) ;
#379 = CARTESIAN_POINT ( 'NONE',  ( 6.059999999999996056, 0.02500000000000006384, -10.75000000000000000 ) ) ;
#380 = AXIS2_PLACEMENT_3D ( 'NONE', #1971, #1234, #234 ) ;
#381 = AXIS2_PLACEMENT_3D ( 'NONE', #1394, #151, #385 ) ;
#382 = EDGE_CURVE ( 'NONE', #1566, #3177, #1186, .T. ) ;
#383 = ORIENTED_EDGE ( 'NONE', *, *, #361, .T. ) ;
#384 = APPROVAL_ROLE ( '' ) ;
#385 = DIRECTION ( 'NONE',  ( 0.000000000000000000, 0.000000000000000000, -1.000000000000000000 ) ) ;
#386 = CARTESIAN_POINT ( 'NONE',  ( 96.00000000000000000, 10.71999999999999886, -9.980000000000002203 ) ) ;
#387 = AXIS2_PLACEMENT_3D ( 'NONE', #1061, #819, #1814 ) ;
#388 = CARTESIAN_POINT ( 'NONE',  ( 104.0000000000000000, 36.00000000000000711, 0.000000000000000000 ) ) ;
#389 = DIRECTION ( 'NONE',  ( -0.000000000000000000, -1.000000000000000000, -0.000000000000000000 ) ) ;
#390 = CARTESIAN_POINT ( 'NONE',  ( 99.99999999999998579, 0.000000000000000000, -112.4999999999999858 ) ) ;
#391 = ADVANCED_FACE ( 'NONE', ( #452 ), #2789, .F. ) ;
#392 = ORIENTED_EDGE ( 'NONE', *, *, #3024, .T. ) ;
#393 = VERTEX_POINT ( 'NONE', #2491 ) ;
#394 = DIRECTION ( 'NONE',  ( -0.000000000000000000, -1.000000000000000000, -0.000000000000000000 ) ) ;
#395 = DIRECTION ( 'NONE',  ( 0.000000000000000000, 0.000000000000000000, -1.000000000000000000 ) ) ;
#396 = CARTESIAN_POINT ( 'NONE',  ( 96.00000000000000000, 24.11999999999999744, -101.4899999999999949 ) ) ;
#397 = ORIENTED_EDGE ( 'NONE', *, *, #2256, .F. ) ;
#398 = ADVANCED_FACE ( 'NONE', ( #31 ), #2750, .T. ) ;
#399 = DIRECTION ( 'NONE',  ( 0.000000000000000000, 0.000000000000000000, -1.000000000000000000 ) ) ;
#400 = EDGE_LOOP ( 'NONE', ( #2988, #1930 ) ) ;
#401 = APPROVAL_STATUS ( 'not_yet_approved' ) ;
#402 = VERTEX_POINT ( 'NONE', #1248 ) ;
#403 = DIRECTION ( 'NONE',  ( -0.000000000000000000, -1.000000000000000000, -0.000000000000000000 ) ) ;
#404 = LINE ( 'NONE', #3038, #3148 ) ;
#405 = EDGE_CURVE ( 'NONE', #2412, #1291, #2002, .T. ) ;
#406 = VERTEX_POINT ( 'NONE', #2031 ) ;
#407 = FACE_OUTER_BOUND ( 'NONE', #706, .T. ) ;
#408 = CARTESIAN_POINT ( 'NONE',  ( 6.000000000000000000, 2.000000000000000000, -7.500000000000000000 ) ) ;
#409 = EDGE_CURVE ( 'NONE', #3063, #1291, #3243, .T. ) ;
#410 = ORIENTED_EDGE ( 'NONE', *, *, #2579, .T. ) ;
#411 = ORIENTED_EDGE ( 'NONE', *, *, #873, .T. ) ;
#412 = CARTESIAN_POINT ( 'NONE',  ( 104.0000000000000000, 36.00000000000000711, -28.29999999999999716 ) ) ;
#413 =( GEOMETRIC_REPRESENTATION_CONTEXT ( 3 ) GLOBAL_UNCERTAINTY_ASSIGNED_CONTEXT ( ( #2784 ) ) GLOBAL_UNIT_ASSIGNED_CONTEXT ( ( #1277, #2785, #1768 ) ) REPRESENTATION_CONTEXT ( 'NONE', 'WORKASPACE' ) );
#414 = LINE ( 'NONE', #163, #2539 ) ;
#415 = VECTOR ( 'NONE', #2224, 1000.000000000000000 ) ;
#416 = CARTESIAN_POINT ( 'NONE',  ( 0.000000000000000000, 36.00000000000000711, -118.0000000000000000 ) ) ;
#417 = DIRECTION ( 'NONE',  ( -0.000000000000000000, -1.000000000000000000, -0.000000000000000000 ) ) ;
#418 = CIRCLE ( 'NONE', #994, 3.250000000000002665 ) ;
#419 = DIRECTION ( 'NONE',  ( 0.000000000000000000, 1.000000000000000000, 0.000000000000000000 ) ) ;
#420 = CARTESIAN_POINT ( 'NONE',  ( 2.000000000000000000, 0.000000000000000000, -120.0000000000000000 ) ) ;
#421 = EDGE_LOOP ( 'NONE', ( #196, #691, #1129, #273 ) ) ;
#422 = EDGE_LOOP ( 'NONE', ( #257, #538, #95, #3111 ) ) ;
#423 = CARTESIAN_POINT ( 'NONE',  ( 96.00000000000000000, 10.71999999999999886, -82.06000000000000227 ) ) ;
#424 = LINE ( 'NONE', #3204, #842 ) ;
#425 = VECTOR ( 'NONE', #2914, 1000.000000000000000 ) ;
#426 = ORIENTED_EDGE ( 'NONE', *, *, #924, .F. ) ;
#427 = CARTESIAN_POINT ( 'NONE',  ( 96.00000000000000000, 10.71999999999999886, -28.29999999999999716 ) ) ;
#428 = DIRECTION ( 'NONE',  ( 0.000000000000000000, 1.000000000000000000, 0.000000000000000000 ) ) ;
#429 = EDGE_LOOP ( 'NONE', ( #2489, #1185, #383, #397 ) ) ;
#430 = ADVANCED_FACE ( 'NONE', ( #746 ), #528, .F. ) ;
#431 = VECTOR ( 'NONE', #1935, 1000.000000000000000 ) ;
#432 = EDGE_LOOP ( 'NONE', ( #755, #1440, #1175, #195 ) ) ;
#433 = DIRECTION ( 'NONE',  ( 0.000000000000000000, 0.000000000000000000, 1.000000000000000000 ) ) ;
#434 = DIRECTION ( 'NONE',  ( -0.000000000000000000, -1.000000000000000000, -0.000000000000000000 ) ) ;
#435 = LINE ( 'NONE', #2349, #1574 ) ;
#436 = CARTESIAN_POINT ( 'NONE',  ( 2.000000000000000000, 35.99999999999999289, -30.25000000000001066 ) ) ;
#437 = DIRECTION ( 'NONE',  ( 0.000000000000000000, 1.000000000000000000, -4.752667057470705368E-16 ) ) ;
#438 = VECTOR ( 'NONE', #1496, 1000.000000000000000 ) ;
#439 = CARTESIAN_POINT ( 'NONE',  ( 99.93999999999999773, 6.000000000000000000, -112.4999999999999858 ) ) ;
#440 = EDGE_CURVE ( 'NONE', #1914, #1473, #3032, .T. ) ;
#441 = VERTEX_POINT ( 'NONE', #500 ) ;
#442 = ADVANCED_BREP_SHAPE_REPRESENTATION ( 'housing_body', ( #320, #2081 ), #413 ) ;
#443 = EDGE_LOOP ( 'NONE', ( #2260, #3220, #2902, #2381 ) ) ;
#444 = DIRECTION ( 'NONE',  ( 0.000000000000000000, 1.000000000000000000, 0.000000000000000000 ) ) ;
#445 = DIRECTION ( 'NONE',  ( 0.000000000000000000, 0.000000000000000000, -1.000000000000000000 ) ) ;
#446 = EDGE_LOOP ( 'NONE', ( #1877, #1658, #1561, #608 ) ) ;
#447 = EDGE_LOOP ( 'NONE', ( #2310, #231, #2876, #3076, #25, #2502, #2671, #3009 ) ) ;
#448 = VECTOR ( 'NONE', #2010, 1000.000000000000000 ) ;
#449 = ORIENTED_EDGE ( 'NONE', *, *, #980, .F. ) ;
#450 = VECTOR ( 'NONE', #586, 1000.000000000000000 ) ;
#451 = ORIENTED_EDGE ( 'NONE', *, *, #799, .T. ) ;
#452 = FACE_OUTER_BOUND ( 'NONE', #271, .T. ) ;
#453 = DIRECTION ( 'NONE',  ( 0.000000000000000000, 0.000000000000000000, -1.000000000000000000 ) ) ;
#454 = LINE ( 'NONE', #1760, #487 ) ;
#455 = DIRECTION ( 'NONE',  ( 0.000000000000000000, 0.000000000000000000, -1.000000000000000000 ) ) ;
#456 = EDGE_CURVE ( 'NONE', #3128, #2272, #2289, .T. ) ;
#457 = FACE_BOUND ( 'NONE', #2960, .T. ) ;
#458 = ORIENTED_EDGE ( 'NONE', *, *, #3205, .T. ) ;
#459 = CYLINDRICAL_SURFACE ( 'NONE', #2481, 2.000000000000000000 ) ;
#460 = ORIENTED_EDGE ( 'NONE', *, *, #1907, .F. ) ;
#461 = VECTOR ( 'NONE', #1655, 1000.000000000000000 ) ;
#462 = CARTESIAN_POINT ( 'NONE',  ( 96.00000000000000000, 24.11999999999999744, -18.14000000000000412 ) ) ;
#463 = EDGE_LOOP ( 'NONE', ( #274, #2842, #2161, #197 ) ) ;
#464 = EDGE_LOOP ( 'NONE', ( #460, #3085, #1811, #1643 ) ) ;
#465 = VERTEX_POINT ( 'NONE', #2020 ) ;
#466 = EDGE_CURVE ( 'NONE', #2956, #48, #277, .T. ) ;
#467 = ORIENTED_EDGE ( 'NONE', *, *, #1687, .F. ) ;
#468 = LINE ( 'NONE', #2218, #2222 ) ;
#469 = PLANE ( 'NONE',  #725 ) ;
#470 = CARTESIAN_POINT ( 'NONE',  ( 0.000000000000000000, 36.00000000000000711, 0.000000000000000000 ) ) ;
#471 = DIRECTION ( 'NONE',  ( 0.000000000000000000, -1.000000000000000000, 0.000000000000000000 ) ) ;
#472 = ADVANCED_FACE ( 'NONE', ( #2772 ), #541, .F. ) ;
#473 = DIRECTION ( 'NONE',  ( 0.000000000000000000, 0.000000000000000000, -1.000000000000000000 ) ) ;
#474 = CARTESIAN_POINT ( 'NONE',  ( 0.000000000000000000, 0.000000000000000000, 0.000000000000000000 ) ) ;
#475 = ORIENTED_EDGE ( 'NONE', *, *, #1286, .T. ) ;
#476 = ADVANCED_FACE ( 'NONE', ( #1033 ), #1554, .T. ) ;
#477 = LINE ( 'NONE', #2228, #1482 ) ;
#478 = ORIENTED_EDGE ( 'NONE', *, *, #1946, .T. ) ;
#479 = ORIENTED_EDGE ( 'NONE', *, *, #1592, .T. ) ;
#480 = AXIS2_PLACEMENT_3D ( 'NONE', #1517, #768, #667 ) ;
#481 = ORIENTED_EDGE ( 'NONE', *, *, #2452, .F. ) ;
#482 = ORIENTED_EDGE ( 'NONE', *, *, #247, .T. ) ;
#483 = CARTESIAN_POINT ( 'NONE',  ( 6.000000000000000888, 6.000000000000000000, -2.999999999999996447 ) ) ;
#484 = CARTESIAN_POINT ( 'NONE',  ( 106.0000000000000000, 10.71999999999999886, -73.90000000000000568 ) ) ;
#485 = CARTESIAN_POINT ( 'NONE',  ( 96.00000000000000000, 24.11999999999999744, -37.83000000000000540 ) ) ;
#486 = CARTESIAN_POINT ( 'NONE',  ( 106.0000000000000000, 24.11999999999999744, -45.99000000000000199 ) ) ;
#487 = VECTOR ( 'NONE', #2445, 1000.000000000000000 ) ;
#488 = CARTESIAN_POINT ( 'NONE',  ( 104.0000000000000000, 36.00000000000000711, 0.000000000000000000 ) ) ;
#489 = LINE ( 'NONE', #222, #591 ) ;
#490 = EDGE_CURVE ( 'NONE', #1673, #15, #1019, .T. ) ;
#491 = VECTOR ( 'NONE', #1841, 1000.000000000000000 ) ;
#492 = ORIENTED_EDGE ( 'NONE', *, *, #635, .T. ) ;
#493 = CIRCLE ( 'NONE', #1578, 1.699999999999993072 ) ;
#494 = CARTESIAN_POINT ( 'NONE',  ( 0.000000000000000000, 7.419999999999999929, -13.24999999999999467 ) ) ;
#495 = ORIENTED_EDGE ( 'NONE', *, *, #1346, .T. ) ;
#496 = ORIENTED_EDGE ( 'NONE', *, *, #1183, .F. ) ;
#497 = EDGE_LOOP ( 'NONE', ( #2992, #451, #1352, #743 ) ) ;
#498 = CIRCLE ( 'NONE', #381, 4.500000000000003553 ) ;
#499 = ORIENTED_EDGE ( 'NONE', *, *, #1319, .T. ) ;
#500 = CARTESIAN_POINT ( 'NONE',  ( 99.99999999999998579, 0.000000000000000000, -4.224999999999999645 ) ) ;
#501 = VECTOR ( 'NONE', #1938, 1000.000000000000000 ) ;
#502 = CARTESIAN_POINT ( 'NONE',  ( 99.93999999999999773, 2.000000000000000000, -112.4999999999999858 ) ) ;
#503 = CARTESIAN_POINT ( 'NONE',  ( 104.0000000000000000, 10.71999999999999886, -73.90000000000000568 ) ) ;
#504 = DIRECTION ( 'NONE',  ( 0.000000000000000000, 0.000000000000000000, 1.000000000000000000 ) ) ;
#505 = DIRECTION ( 'NONE',  ( 1.000000000000000000, 0.000000000000000000, -0.000000000000000000 ) ) ;
#506 = DIRECTION ( 'NONE',  ( 0.000000000000000000, -0.000000000000000000, 1.000000000000000000 ) ) ;
#507 = LINE ( 'NONE', #2741, #284 ) ;
#508 = AXIS2_PLACEMENT_3D ( 'NONE', #605, #1091, #550 ) ;
#509 = ORIENTED_EDGE ( 'NONE', *, *, #1934, .F. ) ;
#510 = FACE_OUTER_BOUND ( 'NONE', #1000, .T. ) ;
#511 = EDGE_CURVE ( 'NONE', #2662, #132, #3011, .T. ) ;
#512 = ORIENTED_EDGE ( 'NONE', *, *, #531, .F. ) ;
#513 = EDGE_CURVE ( 'NONE', #2055, #2288, #1044, .T. ) ;
#514 = VERTEX_POINT ( 'NONE', #776 ) ;
#515 = EDGE_LOOP ( 'NONE', ( #1895, #2029, #1470, #1328 ) ) ;
#516 = CARTESIAN_POINT ( 'NONE',  ( 99.99999999999998579, 0.000000000000000000, -112.4999999999999858 ) ) ;
#517 = CARTESIAN_POINT ( 'NONE',  ( 0.000000000000000000, 7.419999999999999929, -30.24999999999999645 ) ) ;
#518 = EDGE_CURVE ( 'NONE', #2761, #1961, #1772, .T. ) ;
#519 = FACE_OUTER_BOUND ( 'NONE', #1032, .T. ) ;
#520 = DIRECTION ( 'NONE',  ( -0.000000000000000000, -1.000000000000000000, -0.000000000000000000 ) ) ;
#521 = CARTESIAN_POINT ( 'NONE',  ( 104.0000000000000000, 5.999999999999998224, 0.000000000000000000 ) ) ;
#522 = DIRECTION ( 'NONE',  ( 0.000000000000000000, 1.000000000000000000, 0.000000000000000000 ) ) ;
#523 = CARTESIAN_POINT ( 'NONE',  ( 99.93999999999999773, 6.000000000000000000, -117.0000000000000000 ) ) ;
#524 = ORIENTED_EDGE ( 'NONE', *, *, #975, .F. ) ;
#525 = CARTESIAN_POINT ( 'NONE',  ( 106.0000000000000000, 10.71999999999999886, -91.32999999999999829 ) ) ;
#526 = ORIENTED_EDGE ( 'NONE', *, *, #635, .F. ) ;
#527 = VERTEX_POINT ( 'NONE', #1306 ) ;
#528 = CYLINDRICAL_SURFACE ( 'NONE', #2051, 3.250000000000002665 ) ;
#529 = FACE_OUTER_BOUND ( 'NONE', #89, .T. ) ;
#530 = DIRECTION ( 'NONE',  ( 0.000000000000000000, 0.000000000000000000, -1.000000000000000000 ) ) ;
#531 = EDGE_CURVE ( 'NONE', #835, #949, #1524, .T. ) ;
#532 = DIRECTION ( 'NONE',  ( -1.000000000000000000, 0.000000000000000000, 0.000000000000000000 ) ) ;
#533 = CARTESIAN_POINT ( 'NONE',  ( 101.6999999999999886, 3.399999999999999023, -7.500000000000000000 ) ) ;
#534 = LINE ( 'NONE', #2551, #66 ) ;
#535 = VERTEX_POINT ( 'NONE', #2979 ) ;
#536 = EDGE_CURVE ( 'NONE', #181, #1056, #1219, .T. ) ;
#537 = FACE_OUTER_BOUND ( 'NONE', #928, .T. ) ;
#538 = ORIENTED_EDGE ( 'NONE', *, *, #1907, .T. ) ;
#539 = VECTOR ( 'NONE', #1545, 1000.000000000000000 ) ;
#540 = AXIS2_PLACEMENT_3D ( 'NONE', #1695, #1657, #699 ) ;
#541 = PLANE ( 'NONE',  #223 ) ;
#542 = EDGE_CURVE ( 'NONE', #976, #323, #3080, .T. ) ;
#543 = VECTOR ( 'NONE', #3159, 1000.000000000000000 ) ;
#544 = CARTESIAN_POINT ( 'NONE',  ( 106.0000000000000000, 24.11999999999999744, -63.74000000000001620 ) ) ;
#545 = PLANE ( 'NONE',  #1847 ) ;
#546 = VECTOR ( 'NONE', #1335, 1000.000000000000000 ) ;
#547 = CARTESIAN_POINT ( 'NONE',  ( 6.059999999999996056, 6.000000000000000000, -5.800000000000002487 ) ) ;
#548 = EDGE_LOOP ( 'NONE', ( #1869, #2231, #411, #2392 ) ) ;
#549 = EDGE_CURVE ( 'NONE', #2679, #2288, #56, .T. ) ;
#550 = DIRECTION ( 'NONE',  ( -1.000000000000000000, 0.000000000000000000, -0.000000000000000000 ) ) ;
#551 = CARTESIAN_POINT ( 'NONE',  ( 0.000000000000000000, 4.419999999999999041, -24.25000000000000000 ) ) ;
#552 = ADVANCED_FACE ( 'NONE', ( #1584 ), #2343, .F. ) ;
#553 = EDGE_LOOP ( 'NONE', ( #2451, #1127 ) ) ;
#554 = ORIENTED_EDGE ( 'NONE', *, *, #1815, .T. ) ;
#555 = DIRECTION ( 'NONE',  ( -0.000000000000000000, -1.000000000000000000, -0.000000000000000000 ) ) ;
#556 = DIRECTION ( 'NONE',  ( 0.000000000000000000, 0.000000000000000000, -1.000000000000000000 ) ) ;
#557 = DIRECTION ( 'NONE',  ( 0.000000000000000000, 0.000000000000000000, -1.000000000000000000 ) ) ;
#558 = EDGE_CURVE ( 'NONE', #1521, #11, #1812, .T. ) ;
#559 = DIRECTION ( 'NONE',  ( -0.000000000000000000, -1.000000000000000000, -0.000000000000000000 ) ) ;
#560 = CARTESIAN_POINT ( 'NONE',  ( 106.0000000000000000, 10.71999999999999886, -20.13999999999999702 ) ) ;
#561 = LINE ( 'NONE', #47, #1528 ) ;
#562 = ADVANCED_FACE ( 'NONE', ( #356 ), #325, .F. ) ;
#563 = ORIENTED_EDGE ( 'NONE', *, *, #166, .F. ) ;
#564 = EDGE_CURVE ( 'NONE', #1259, #1056, #3051, .T. ) ;
#565 = ORIENTED_EDGE ( 'NONE', *, *, #2040, .T. ) ;
#566 = DIRECTION ( 'NONE',  ( 0.000000000000000000, 0.000000000000000000, -1.000000000000000000 ) ) ;
#567 = VECTOR ( 'NONE', #2739, 1000.000000000000000 ) ;
#568 = AXIS2_PLACEMENT_3D ( 'NONE', #2763, #3053, #556 ) ;
#569 = DIRECTION ( 'NONE',  ( -1.000000000000000000, 0.000000000000000000, 0.000000000000000000 ) ) ;
#570 = LINE ( 'NONE', #2290, #3044 ) ;
#571 = CARTESIAN_POINT ( 'NONE',  ( 104.0000000000000000, 36.00000000000000711, -2.000000000000000000 ) ) ;
#572 = ORIENTED_EDGE ( 'NONE', *, *, #2447, .T. ) ;
#573 = FACE_OUTER_BOUND ( 'NONE', #577, .T. ) ;
#574 = CARTESIAN_POINT ( 'NONE',  ( 6.059999999999996056, 3.399999999999999467, -7.500000000000000000 ) ) ;
#575 = AXIS2_PLACEMENT_3D ( 'NONE', #3066, #830, #1336 ) ;
#576 = ORIENTED_EDGE ( 'NONE', *, *, #365, .T. ) ;
#577 = EDGE_LOOP ( 'NONE', ( #392, #3192, #2382, #2909 ) ) ;
#578 = AXIS2_PLACEMENT_3D ( 'NONE', #1168, #1374, #1898 ) ;
#579 = CARTESIAN_POINT ( 'NONE',  ( 99.99999999999998579, 0.000000000000000000, -115.7749999999999915 ) ) ;
#580 = CARTESIAN_POINT ( 'NONE',  ( 99.99999999999998579, 0.000000000000000000, -112.4999999999999858 ) ) ;
#581 = EDGE_CURVE ( 'NONE', #2961, #870, #2158, .T. ) ;
#582 = CIRCLE ( 'NONE', #1632, 2.000000000000000000 ) ;
#583 = ORIENTED_EDGE ( 'NONE', *, *, #2365, .T. ) ;
#584 = CARTESIAN_POINT ( 'NONE',  ( 6.059999999999996056, 3.399999999999998579, -112.4999999999999858 ) ) ;
#585 = DIRECTION ( 'NONE',  ( 0.000000000000000000, 1.000000000000000000, 0.000000000000000000 ) ) ;
#586 = DIRECTION ( 'NONE',  ( 1.000000000000000000, -0.000000000000000000, -0.000000000000000000 ) ) ;
#587 = VECTOR ( 'NONE', #2421, 1000.000000000000000 ) ;
#588 = CARTESIAN_POINT ( 'NONE',  ( 104.0000000000000000, 6.000000000000000000, -9.440721515313336809 ) ) ;
#589 = DIRECTION ( 'NONE',  ( 0.000000000000000000, 1.000000000000000000, 0.000000000000000000 ) ) ;
#590 = ORIENTED_EDGE ( 'NONE', *, *, #2040, .F. ) ;
#591 = VECTOR ( 'NONE', #1778, 1000.000000000000000 ) ;
#592 = VECTOR ( 'NONE', #654, 1000.000000000000000 ) ;
#593 = EDGE_CURVE ( 'NONE', #329, #1439, #136, .T. ) ;
#594 = ORIENTED_EDGE ( 'NONE', *, *, #513, .T. ) ;
#595 = CARTESIAN_POINT ( 'NONE',  ( 2.000000000000000000, 6.000000000000000000, -110.4384471871911444 ) ) ;
#596 = DIRECTION ( 'NONE',  ( 0.000000000000000000, 1.000000000000000000, 0.000000000000000000 ) ) ;
#597 = LINE ( 'NONE', #817, #153 ) ;
#598 = AXIS2_PLACEMENT_3D ( 'NONE', #2837, #1288, #2778 ) ;
#599 = DIRECTION ( 'NONE',  ( 0.000000000000000000, 0.000000000000000000, -1.000000000000000000 ) ) ;
#600 = LINE ( 'NONE', #1604, #811 ) ;
#601 = VERTEX_POINT ( 'NONE', #2074 ) ;
#602 = CIRCLE ( 'NONE', #2121, 4.500000000000003553 ) ;
#603 = ORIENTED_EDGE ( 'NONE', *, *, #3205, .F. ) ;
#604 = EDGE_CURVE ( 'NONE', #2450, #1566, #597, .T. ) ;
#605 = CARTESIAN_POINT ( 'NONE',  ( 96.00000000000000000, 10.71999999999999886, -82.06000000000000227 ) ) ;
#606 = DIRECTION ( 'NONE',  ( 0.000000000000000000, 0.000000000000000000, -1.000000000000000000 ) ) ;
#607 = VERTEX_POINT ( 'NONE', #2575 ) ;
#608 = ORIENTED_EDGE ( 'NONE', *, *, #1806, .F. ) ;
#609 = APPROVAL_STATUS ( 'not_yet_approved' ) ;
#610 = CARTESIAN_POINT ( 'NONE',  ( 0.000000000000000000, 7.419999999999999929, -30.24999999999999645 ) ) ;
#611 = FACE_BOUND ( 'NONE', #3006, .T. ) ;
#612 = PLANE ( 'NONE',  #4 ) ;
#613 = APPLICATION_CONTEXT ( 'configuration controlled 3d designs of mechanical parts and assemblies' ) ;
#614 = DIRECTION ( 'NONE',  ( 0.000000000000000000, 0.000000000000000000, -1.000000000000000000 ) ) ;
#615 = CARTESIAN_POINT ( 'NONE',  ( 106.0000000000000000, 36.00000000000000711, -118.0000000000000000 ) ) ;
#616 = ORIENTED_EDGE ( 'NONE', *, *, #1251, .T. ) ;
#617 = VERTEX_POINT ( 'NONE', #341 ) ;
#618 = ORIENTED_EDGE ( 'NONE', *, *, #1080, .F. ) ;
#619 = DIRECTION ( 'NONE',  ( 0.000000000000000000, 0.000000000000000000, -1.000000000000000000 ) ) ;
#620 = ADVANCED_FACE ( 'NONE', ( #98 ), #1073, .F. ) ;
#621 = DIRECTION ( 'NONE',  ( 0.000000000000000000, 0.000000000000000000, 1.000000000000000000 ) ) ;
#622 = VERTEX_POINT ( 'NONE', #2799 ) ;
#623 = FACE_BOUND ( 'NONE', #1302, .T. ) ;
#624 = EDGE_LOOP ( 'NONE', ( #563, #2499 ) ) ;
#625 = DATE_AND_TIME ( #115, #2548 ) ;
#626 = ORIENTED_EDGE ( 'NONE', *, *, #511, .F. ) ;
#627 = ADVANCED_FACE ( 'NONE', ( #1633, #2622, #2362, #1826, #1569, #2331, #84, #2588, #1349 ), #1102, .T. ) ;
#628 = DIRECTION ( 'NONE',  ( 0.000000000000000000, 1.000000000000000000, -0.000000000000000000 ) ) ;
#629 = AXIS2_PLACEMENT_3D ( 'NONE', #2170, #3122, #883 ) ;
#630 = CARTESIAN_POINT ( 'NONE',  ( 99.93999999999999773, 6.000000000000000000, -7.500000000000000000 ) ) ;
#631 = CARTESIAN_POINT ( 'NONE',  ( 6.059999999999996056, 0.02500000000000006384, -112.4999999999999858 ) ) ;
#632 = DIRECTION ( 'NONE',  ( -0.000000000000000000, -0.000000000000000000, 1.000000000000000000 ) ) ;
#633 = LINE ( 'NONE', #2624, #2678 ) ;
#634 = VERTEX_POINT ( 'NONE', #2107 ) ;
#635 = EDGE_CURVE ( 'NONE', #2126, #1370, #1365, .T. ) ;
#636 = VERTEX_POINT ( 'NONE', #1859 ) ;
#637 = DIRECTION ( 'NONE',  ( -0.000000000000000000, -1.000000000000000000, -0.000000000000000000 ) ) ;
#638 = VECTOR ( 'NONE', #1363, 1000.000000000000000 ) ;
#639 = PLANE ( 'NONE',  #1999 ) ;
#640 = DIRECTION ( 'NONE',  ( -0.000000000000000000, 1.000000000000000000, -0.000000000000000000 ) ) ;
#641 = EDGE_LOOP ( 'NONE', ( #426, #2347, #1408, #731 ) ) ;
#642 = VECTOR ( 'NONE', #767, 1000.000000000000000 ) ;
#643 = CARTESIAN_POINT ( 'NONE',  ( 7.759999999999994458, 3.399999999999999023, -112.4999999999999858 ) ) ;
#644 = AXIS2_PLACEMENT_3D ( 'NONE', #1758, #2247, #1493 ) ;
#645 = ADVANCED_FACE ( 'NONE', ( #2847 ), #612, .F. ) ;
#646 = CIRCLE ( 'NONE', #2528, 3.275000000000000355 ) ;
#647 = VERTEX_POINT ( 'NONE', #2123 ) ;
#648 = PERSON_AND_ORGANIZATION ( #793, #2801 ) ;
#649 = AXIS2_PLACEMENT_3D ( 'NONE', #942, #189, #2691 ) ;
#650 = CARTESIAN_POINT ( 'NONE',  ( 7.759999999999994458, 3.399999999999999023, -7.500000000000000000 ) ) ;
#651 = CARTESIAN_POINT ( 'NONE',  ( 6.059999999999996056, 0.000000000000000000, -115.7499999999999858 ) ) ;
#652 = ORIENTED_EDGE ( 'NONE', *, *, #1245, .T. ) ;
#653 = DIRECTION ( 'NONE',  ( -0.000000000000000000, -0.000000000000000000, 1.000000000000000000 ) ) ;
#654 = DIRECTION ( 'NONE',  ( -1.000000000000000000, 0.000000000000000000, 0.000000000000000000 ) ) ;
#655 = ORIENTED_EDGE ( 'NONE', *, *, #787, .T. ) ;
#656 = VERTEX_POINT ( 'NONE', #1529 ) ;
#657 = CARTESIAN_POINT ( 'NONE',  ( 106.0000000000000000, 10.71999999999999886, -109.6499999999999915 ) ) ;
#658 = CARTESIAN_POINT ( 'NONE',  ( 106.0000000000000000, 10.71999999999999886, -63.74000000000001620 ) ) ;
#659 = EDGE_CURVE ( 'NONE', #2706, #402, #1924, .T. ) ;
#660 = DIRECTION ( 'NONE',  ( 1.000000000000000000, -0.000000000000000000, 0.000000000000000000 ) ) ;
#661 = CARTESIAN_POINT ( 'NONE',  ( 2.000000000000000000, 36.00000000000000000, -13.25000000000000888 ) ) ;
#662 = CARTESIAN_POINT ( 'NONE',  ( 2.000000000000000000, 6.000000000000000000, -5.438447187191163046 ) ) ;
#663 = FACE_BOUND ( 'NONE', #2911, .T. ) ;
#664 = EDGE_CURVE ( 'NONE', #870, #1109, #1499, .T. ) ;
#665 = ORIENTED_EDGE ( 'NONE', *, *, #2599, .T. ) ;
#666 = VERTEX_POINT ( 'NONE', #3015 ) ;
#667 = DIRECTION ( 'NONE',  ( 0.000000000000000000, 0.000000000000000000, -1.000000000000000000 ) ) ;
#668 = EDGE_CURVE ( 'NONE', #441, #1211, #1878, .T. ) ;
#669 = PLANE ( 'NONE',  #1748 ) ;
#670 = ORIENTED_EDGE ( 'NONE', *, *, #2300, .F. ) ;
#671 = LINE ( 'NONE', #137, #2571 ) ;
#672 = CARTESIAN_POINT ( 'NONE',  ( 99.99999999999998579, 0.000000000000000000, -4.249999999999996447 ) ) ;
#673 = ORIENTED_EDGE ( 'NONE', *, *, #2507, .F. ) ;
#674 = VECTOR ( 'NONE', #1334, 1000.000000000000000 ) ;
#675 = ORIENTED_EDGE ( 'NONE', *, *, #490, .T. ) ;
#676 = CARTESIAN_POINT ( 'NONE',  ( 106.0000000000000000, 36.00000000000000711, -118.0000000000000000 ) ) ;
#677 = AXIS2_PLACEMENT_3D ( 'NONE', #2769, #2258, #2530 ) ;
#678 = DIRECTION ( 'NONE',  ( 1.000000000000000000, -0.000000000000000000, -0.000000000000000000 ) ) ;
#679 = EDGE_CURVE ( 'NONE', #535, #2662, #2177, .T. ) ;
#680 = VECTOR ( 'NONE', #1449, 1000.000000000000000 ) ;
#681 = DIRECTION ( 'NONE',  ( 1.000000000000000000, -0.000000000000000000, -0.000000000000000000 ) ) ;
#682 = DIRECTION ( 'NONE',  ( 0.000000000000000000, -1.000000000000000000, 4.752667057470705368E-16 ) ) ;
#683 = CARTESIAN_POINT ( 'NONE',  ( 96.00000000000000000, 10.71999999999999886, -56.14999999999999858 ) ) ;
#684 = ORIENTED_EDGE ( 'NONE', *, *, #1815, .F. ) ;
#685 = LINE ( 'NONE', #2892, #501 ) ;
#686 = ORIENTED_EDGE ( 'NONE', *, *, #1886, .T. ) ;
#687 = ORIENTED_EDGE ( 'NONE', *, *, #1964, .F. ) ;
#688 = CARTESIAN_POINT ( 'NONE',  ( 96.00000000000000000, 10.71999999999999886, -47.98999999999999488 ) ) ;
#689 = DIRECTION ( 'NONE',  ( -0.000000000000000000, -1.000000000000000000, -0.000000000000000000 ) ) ;
#690 = EDGE_LOOP ( 'NONE', ( #1723, #998, #2815, #2144 ) ) ;
#691 = ORIENTED_EDGE ( 'NONE', *, *, #1305, .T. ) ;
#692 = CARTESIAN_POINT ( 'NONE',  ( 99.99999999999998579, 0.000000000000000000, -7.500000000000000000 ) ) ;
#693 = VERTEX_POINT ( 'NONE', #781 ) ;
#694 = VECTOR ( 'NONE', #821, 1000.000000000000000 ) ;
#695 = ORIENTED_EDGE ( 'NONE', *, *, #440, .F. ) ;
#696 = DIRECTION ( 'NONE',  ( -0.000000000000000000, 0.000000000000000000, 1.000000000000000000 ) ) ;
#697 = DIRECTION ( 'NONE',  ( -0.000000000000000000, -1.000000000000000000, -0.000000000000000000 ) ) ;
#698 = CARTESIAN_POINT ( 'NONE',  ( 99.99999999999998579, 3.399999999999999467, -7.500000000000000000 ) ) ;
#699 = DIRECTION ( 'NONE',  ( 0.000000000000000000, -0.000000000000000000, 1.000000000000000000 ) ) ;
#700 = CARTESIAN_POINT ( 'NONE',  ( 6.059999999999996056, 0.000000000000000000, -4.250000000000000000 ) ) ;
#701 = CIRCLE ( 'NONE', #2266, 4.500000000000003553 ) ;
#702 = CARTESIAN_POINT ( 'NONE',  ( 2.000000000000000000, 36.00000000000000711, -2.000000000000000000 ) ) ;
#703 = ORIENTED_EDGE ( 'NONE', *, *, #3036, .F. ) ;
#704 = AXIS2_PLACEMENT_3D ( 'NONE', #2407, #1641, #1189 ) ;
#705 = AXIS2_PLACEMENT_3D ( 'NONE', #1829, #2764, #530 ) ;
#706 = EDGE_LOOP ( 'NONE', ( #482, #3045, #1927, #1863 ) ) ;
#707 = CARTESIAN_POINT ( 'NONE',  ( 106.0000000000000000, 24.11999999999999744, -91.32999999999999829 ) ) ;
#708 = VECTOR ( 'NONE', #653, 1000.000000000000000 ) ;
#709 = EDGE_CURVE ( 'NONE', #81, #1439, #2497, .T. ) ;
#710 = DIRECTION ( 'NONE',  ( 0.000000000000000000, -0.000000000000000000, 1.000000000000000000 ) ) ;
#711 = ORIENTED_EDGE ( 'NONE', *, *, #1523, .F. ) ;
#712 = CIRCLE ( 'NONE', #2531, 4.500000000000003553 ) ;
#713 = ADVANCED_FACE ( 'NONE', ( #1176, #1682 ), #2694, .F. ) ;
#714 = VERTEX_POINT ( 'NONE', #1908 ) ;
#715 = VECTOR ( 'NONE', #2536, 1000.000000000000000 ) ;
#716 = VERTEX_POINT ( 'NONE', #3002 ) ;
#717 = CARTESIAN_POINT ( 'NONE',  ( 104.0000000000000000, 6.000000000000000000, -114.4407215153133279 ) ) ;
#718 = DIRECTION ( 'NONE',  ( 0.000000000000000000, 0.000000000000000000, -1.000000000000000000 ) ) ;
#719 = FACE_OUTER_BOUND ( 'NONE', #464, .T. ) ;
#720 = LINE ( 'NONE', #1132, #1954 ) ;
#721 = ADVANCED_FACE ( 'NONE', ( #1413, #2414 ), #1942, .F. ) ;
#722 = CARTESIAN_POINT ( 'NONE',  ( 99.99999999999998579, 0.02500000000000006384, -109.2499999999999858 ) ) ;
#723 = DIRECTION ( 'NONE',  ( 0.000000000000000000, 0.000000000000000000, -1.000000000000000000 ) ) ;
#724 = VERTEX_POINT ( 'NONE', #2766 ) ;
#725 = AXIS2_PLACEMENT_3D ( 'NONE', #236, #1691, #1460 ) ;
#726 = ORIENTED_EDGE ( 'NONE', *, *, #1948, .T. ) ;
#727 = CARTESIAN_POINT ( 'NONE',  ( 99.99999999999998579, 0.000000000000000000, -10.77500000000000036 ) ) ;
#728 = EDGE_LOOP ( 'NONE', ( #1624, #684, #3074, #2071 ) ) ;
#729 = ORIENTED_EDGE ( 'NONE', *, *, #2252, .F. ) ;
#730 = VERTEX_POINT ( 'NONE', #254 ) ;
#731 = ORIENTED_EDGE ( 'NONE', *, *, #581, .T. ) ;
#732 = CARTESIAN_POINT ( 'NONE',  ( 2.000000000000000000, 6.000000000000000000, -9.561552812808836066 ) ) ;
#733 = CARTESIAN_POINT ( 'NONE',  ( 99.99999999999998579, 3.399999999999998579, -112.4999999999999858 ) ) ;
#734 = CARTESIAN_POINT ( 'NONE',  ( 96.00000000000000000, 10.71999999999999886, -73.90000000000000568 ) ) ;
#735 = DIRECTION ( 'NONE',  ( 0.000000000000000000, 0.000000000000000000, -1.000000000000000000 ) ) ;
#736 = LOCAL_TIME ( 11, 35, 50.00000000000000000, #2327 ) ;
#737 = EDGE_CURVE ( 'NONE', #465, #2696, #1435, .T. ) ;
#738 = DIRECTION ( 'NONE',  ( 0.000000000000000000, 0.000000000000000000, -1.000000000000000000 ) ) ;
#739 = CARTESIAN_POINT ( 'NONE',  ( 6.059999999999996056, 0.02500000000000006384, -7.500000000000000000 ) ) ;
#740 = AXIS2_PLACEMENT_3D ( 'NONE', #2945, #2201, #3194 ) ;
#741 = VERTEX_POINT ( 'NONE', #2932 ) ;
#742 = CARTESIAN_POINT ( 'NONE',  ( 6.059999999999996056, 6.000000000000000000, -112.4999999999999858 ) ) ;
#743 = ORIENTED_EDGE ( 'NONE', *, *, #3075, .F. ) ;
#744 = ORIENTED_EDGE ( 'NONE', *, *, #314, .F. ) ;
#745 = EDGE_LOOP ( 'NONE', ( #1706, #711, #626, #2199 ) ) ;
#746 = FACE_OUTER_BOUND ( 'NONE', #1779, .T. ) ;
#747 = CYLINDRICAL_SURFACE ( 'NONE', #3071, 4.500000000000003553 ) ;
#748 = LINE ( 'NONE', #3196, #1963 ) ;
#749 = CARTESIAN_POINT ( 'NONE',  ( 104.0000000000000000, 6.000000000000000000, -110.5592784846866437 ) ) ;
#750 = VECTOR ( 'NONE', #2506, 1000.000000000000000 ) ;
#751 = DIRECTION ( 'NONE',  ( 0.000000000000000000, -1.000000000000000000, 0.000000000000000000 ) ) ;
#752 = FACE_OUTER_BOUND ( 'NONE', #1538, .T. ) ;
#753 = EDGE_CURVE ( 'NONE', #1594, #607, #2195, .T. ) ;
#754 = AXIS2_PLACEMENT_3D ( 'NONE', #2484, #2437, #243 ) ;
#755 = ORIENTED_EDGE ( 'NONE', *, *, #1357, .F. ) ;
#756 = ADVANCED_FACE ( 'NONE', ( #3171 ), #1777, .F. ) ;
#757 = EDGE_CURVE ( 'NONE', #125, #132, #2510, .T. ) ;
#758 = EDGE_LOOP ( 'NONE', ( #798, #2154, #2099, #1420 ) ) ;
#759 = ORIENTED_EDGE ( 'NONE', *, *, #3084, .F. ) ;
#760 = CIRCLE ( 'NONE', #1539, 2.000000000000001776 ) ;
#761 = ORIENTED_EDGE ( 'NONE', *, *, #2065, .F. ) ;
#762 = CARTESIAN_POINT ( 'NONE',  ( 106.0000000000000000, 24.11999999999999744, -20.13999999999999702 ) ) ;
#763 = AXIS2_PLACEMENT_3D ( 'NONE', #643, #2410, #23 ) ;
#764 = CARTESIAN_POINT ( 'NONE',  ( 6.000000000000000000, 6.000000000000000000, -7.500000000000000000 ) ) ;
#765 = DIRECTION ( 'NONE',  ( 0.000000000000000000, 1.000000000000000000, 0.000000000000000000 ) ) ;
#766 = CARTESIAN_POINT ( 'NONE',  ( 6.000000000000000000, 6.000000000000000000, -112.4999999999999858 ) ) ;
#767 = DIRECTION ( 'NONE',  ( 0.000000000000000000, 0.000000000000000000, -1.000000000000000000 ) ) ;
#768 = DIRECTION ( 'NONE',  ( -0.000000000000000000, -1.000000000000000000, -0.000000000000000000 ) ) ;
#769 = LINE ( 'NONE', #3234, #2948 ) ;
#770 = CIRCLE ( 'NONE', #1596, 4.500000000000003553 ) ;
#771 = EDGE_LOOP ( 'NONE', ( #981, #467, #2650, #1719 ) ) ;
#772 = CARTESIAN_POINT ( 'NONE',  ( 104.0000000000000000, 0.000000000000000000, -2.000000000000000000 ) ) ;
#773 = ORIENTED_EDGE ( 'NONE', *, *, #780, .T. ) ;
#774 = VERTEX_POINT ( 'NONE', #1256 ) ;
#775 = ADVANCED_FACE ( 'NONE', ( #7 ), #3150, .F. ) ;
#776 = CARTESIAN_POINT ( 'NONE',  ( 6.000000000000000000, 6.000000000000000000, -117.0000000000000000 ) ) ;
#777 = CARTESIAN_POINT ( 'NONE',  ( 0.000000000000000000, 22.01999999999999957, -13.25000000000000178 ) ) ;
#778 = LINE ( 'NONE', #327, #715 ) ;
#779 = CARTESIAN_POINT ( 'NONE',  ( 2.000000000000000000, 36.00000000000000711, -2.000000000000000000 ) ) ;
#780 = EDGE_CURVE ( 'NONE', #1627, #714, #3132, .T. ) ;
#781 = CARTESIAN_POINT ( 'NONE',  ( 6.000000000000000888, 2.000000000000000000, -107.9999999999999858 ) ) ;
#782 = CARTESIAN_POINT ( 'NONE',  ( 6.059999999999996056, 3.399999999999999467, -7.500000000000000000 ) ) ;
#783 = ORIENTED_EDGE ( 'NONE', *, *, #2537, .T. ) ;
#784 = LINE ( 'NONE', #2056, #2160 ) ;
#785 = ADVANCED_FACE ( 'NONE', ( #1272 ), #1764, .F. ) ;
#786 = ORIENTED_EDGE ( 'NONE', *, *, #1497, .F. ) ;
#787 = EDGE_CURVE ( 'NONE', #960, #1922, #2156, .T. ) ;
#788 = DIRECTION ( 'NONE',  ( 0.000000000000000000, 0.000000000000000000, -1.000000000000000000 ) ) ;
#789 = DIRECTION ( 'NONE',  ( 1.000000000000000000, -0.000000000000000000, -0.000000000000000000 ) ) ;
#790 = EDGE_CURVE ( 'NONE', #978, #813, #2550, .T. ) ;
#791 = CARTESIAN_POINT ( 'NONE',  ( 99.99999999999998579, 0.000000000000000000, -7.500000000000000000 ) ) ;
#792 = DIRECTION ( 'NONE',  ( 0.000000000000000000, 0.000000000000000000, -1.000000000000000000 ) ) ;
#793 = PERSON ( 'UNSPECIFIED', 'UNSPECIFIED', 'UNSPECIFIED', ('UNSPECIFIED'), ('UNSPECIFIED'), ('UNSPECIFIED') ) ;
#794 = DIRECTION ( 'NONE',  ( 0.000000000000000000, -1.000000000000000000, -0.000000000000000000 ) ) ;
#795 = CARTESIAN_POINT ( 'NONE',  ( 6.059999999999996056, 0.000000000000000000, -112.4999999999999858 ) ) ;
#796 = EDGE_LOOP ( 'NONE', ( #2894, #1391, #2953, #1094 ) ) ;
#797 = VECTOR ( 'NONE', #2277, 1000.000000000000000 ) ;
#798 = ORIENTED_EDGE ( 'NONE', *, *, #1799, .F. ) ;
#799 = EDGE_CURVE ( 'NONE', #124, #441, #311, .T. ) ;
#800 = VECTOR ( 'NONE', #1720, 1000.000000000000000 ) ;
#801 = CARTESIAN_POINT ( 'NONE',  ( 6.059999999999996056, 0.000000000000000000, -110.7999999999999972 ) ) ;
#802 = VECTOR ( 'NONE', #2472, 1000.000000000000000 ) ;
#803 = CARTESIAN_POINT ( 'NONE',  ( 104.0000000000000000, 24.11999999999999744, -45.99000000000000199 ) ) ;
#804 = ADVANCED_FACE ( 'NONE', ( #297 ), #2805, .F. ) ;
#805 = DIRECTION ( 'NONE',  ( 0.000000000000000000, 1.000000000000000000, 0.000000000000000000 ) ) ;
#806 = AXIS2_PLACEMENT_3D ( 'NONE', #3113, #403, #1138 ) ;
#807 = FACE_OUTER_BOUND ( 'NONE', #548, .T. ) ;
#808 = DIRECTION ( 'NONE',  ( -0.000000000000000000, 1.000000000000000000, -0.000000000000000000 ) ) ;
#809 = EDGE_CURVE ( 'NONE', #1673, #3126, #1311, .T. ) ;
#810 = CARTESIAN_POINT ( 'NONE',  ( 10.00000000000000000, 7.419999999999999929, -30.24999999999999645 ) ) ;
#811 = VECTOR ( 'NONE', #1635, 1000.000000000000000 ) ;
#812 = ORIENTED_EDGE ( 'NONE', *, *, #3195, .F. ) ;
#813 = VERTEX_POINT ( 'NONE', #1590 ) ;
#814 = DIRECTION ( 'NONE',  ( -0.000000000000000000, -1.000000000000000000, -0.000000000000000000 ) ) ;
#815 = EDGE_LOOP ( 'NONE', ( #2132, #686, #2337, #2748 ) ) ;
#816 = VERTEX_POINT ( 'NONE', #2821 ) ;
#817 = CARTESIAN_POINT ( 'NONE',  ( 10.00000000000000000, 7.419999999999999929, -24.25000000000000000 ) ) ;
#818 = DIRECTION ( 'NONE',  ( 0.000000000000000000, 1.734723475976806848E-16, 1.000000000000000000 ) ) ;
#819 = DIRECTION ( 'NONE',  ( -0.000000000000000000, -1.000000000000000000, -0.000000000000000000 ) ) ;
#820 = CARTESIAN_POINT ( 'NONE',  ( 0.000000000000000000, 22.01999999999999957, -30.25000000000000355 ) ) ;
#821 = DIRECTION ( 'NONE',  ( 0.000000000000000000, 0.000000000000000000, -1.000000000000000000 ) ) ;
#822 = ADVANCED_FACE ( 'NONE', ( #3027 ), #2580, .F. ) ;
#823 = VERTEX_POINT ( 'NONE', #820 ) ;
#824 = ORIENTED_EDGE ( 'NONE', *, *, #2441, .T. ) ;
#825 = PERSON_AND_ORGANIZATION_ROLE ( 'creator' ) ;
#826 = CC_DESIGN_APPROVAL ( #1266, ( #1396 ) ) ;
#827 = ORIENTED_EDGE ( 'NONE', *, *, #1766, .F. ) ;
#828 = LINE ( 'NONE', #840, #2478 ) ;
#829 = CIRCLE ( 'NONE', #2137, 1.699999999999993072 ) ;
#830 = DIRECTION ( 'NONE',  ( -0.000000000000000000, -1.000000000000000000, -0.000000000000000000 ) ) ;
#831 = LINE ( 'NONE', #2064, #908 ) ;
#832 = CARTESIAN_POINT ( 'NONE',  ( 96.00000000000000000, 10.71999999999999886, -37.83000000000000540 ) ) ;
#833 = LINE ( 'NONE', #848, #188 ) ;
#834 = DIRECTION ( 'NONE',  ( 0.000000000000000000, 1.000000000000000000, 0.000000000000000000 ) ) ;
#835 = VERTEX_POINT ( 'NONE', #560 ) ;
#836 = ADVANCED_FACE ( 'NONE', ( #2306 ), #1557, .F. ) ;
#837 = EDGE_LOOP ( 'NONE', ( #3137, #1278, #1740, #2653 ) ) ;
#838 = VECTOR ( 'NONE', #2888, 1000.000000000000000 ) ;
#839 = ORIENTED_EDGE ( 'NONE', *, *, #905, .T. ) ;
#840 = CARTESIAN_POINT ( 'NONE',  ( 106.0000000000000000, 10.71999999999999886, -56.14999999999999858 ) ) ;
#841 = ADVANCED_FACE ( 'NONE', ( #573 ), #347, .F. ) ;
#842 = VECTOR ( 'NONE', #1437, 1000.000000000000000 ) ;
#843 = CARTESIAN_POINT ( 'NONE',  ( 2.000000000000000000, 6.000000000000000000, -110.4384471871911444 ) ) ;
#844 = CARTESIAN_POINT ( 'NONE',  ( 10.00000000000000000, 7.419999999999999929, -13.24999999999999467 ) ) ;
#845 = CARTESIAN_POINT ( 'NONE',  ( 6.059999999999996056, 0.000000000000000000, -112.4999999999999858 ) ) ;
#846 = VECTOR ( 'NONE', #1036, 1000.000000000000000 ) ;
#847 = VERTEX_POINT ( 'NONE', #1788 ) ;
#848 = CARTESIAN_POINT ( 'NONE',  ( 104.0000000000000000, 6.000000000000000000, -110.5592784846866437 ) ) ;
#849 = CARTESIAN_POINT ( 'NONE',  ( 104.0000000000000000, 10.72000000000000064, 0.000000000000000000 ) ) ;
#850 = ORIENTED_EDGE ( 'NONE', *, *, #2493, .T. ) ;
#851 = VECTOR ( 'NONE', #399, 1000.000000000000000 ) ;
#852 = AXIS2_PLACEMENT_3D ( 'NONE', #791, #279, #2066 ) ;
#853 = EDGE_LOOP ( 'NONE', ( #1894, #2490 ) ) ;
#854 = PERSON_AND_ORGANIZATION ( #793, #2801 ) ;
#855 = PRODUCT_DEFINITION ( 'UNKNOWN', '', #2972, #2039 ) ;
#856 = CARTESIAN_POINT ( 'NONE',  ( 104.0000000000000000, 36.00000000000000711, -37.83000000000000540 ) ) ;
#857 = FACE_OUTER_BOUND ( 'NONE', #1844, .T. ) ;
#858 = EDGE_CURVE ( 'NONE', #3177, #1043, #2334, .T. ) ;
#859 = DIRECTION ( 'NONE',  ( -0.000000000000000000, -1.000000000000000000, -0.000000000000000000 ) ) ;
#860 = DIRECTION ( 'NONE',  ( -1.000000000000000000, 0.000000000000000000, -0.000000000000000000 ) ) ;
#861 = CARTESIAN_POINT ( 'NONE',  ( 106.0000000000000000, 0.000000000000000000, -118.0000000000000000 ) ) ;
#862 = ORIENTED_EDGE ( 'NONE', *, *, #1948, .F. ) ;
#863 = VECTOR ( 'NONE', #678, 1000.000000000000000 ) ;
#864 = EDGE_LOOP ( 'NONE', ( #1970, #1915, #2532, #526 ) ) ;
#865 = CYLINDRICAL_SURFACE ( 'NONE', #30, 4.500000000000003553 ) ;
#866 = FACE_OUTER_BOUND ( 'NONE', #3133, .T. ) ;
#867 = ADVANCED_FACE ( 'NONE', ( #2281 ), #2563, .T. ) ;
#868 = ORIENTED_EDGE ( 'NONE', *, *, #2845, .T. ) ;
#869 = DIRECTION ( 'NONE',  ( -0.000000000000000000, -0.000000000000000000, 1.000000000000000000 ) ) ;
#870 = VERTEX_POINT ( 'NONE', #1547 ) ;
#871 = EDGE_LOOP ( 'NONE', ( #761, #850, #2175, #964 ) ) ;
#872 = LINE ( 'NONE', #610, #3154 ) ;
#873 = EDGE_CURVE ( 'NONE', #191, #813, #770, .T. ) ;
#874 = CARTESIAN_POINT ( 'NONE',  ( 104.0000000000000000, 24.11999999999999744, -20.13999999999999702 ) ) ;
#875 = CARTESIAN_POINT ( 'NONE',  ( 104.0000000000000000, 36.00000000000000711, -18.14000000000000412 ) ) ;
#876 = CARTESIAN_POINT ( 'NONE',  ( 99.99999999999998579, 0.02500000000000006384, -7.500000000000000000 ) ) ;
#877 = FACE_OUTER_BOUND ( 'NONE', #2371, .T. ) ;
#878 = EDGE_CURVE ( 'NONE', #2625, #1850, #3072, .T. ) ;
#879 = ORIENTED_EDGE ( 'NONE', *, *, #2811, .F. ) ;
#880 = ORIENTED_EDGE ( 'NONE', *, *, #2285, .T. ) ;
#881 = EDGE_CURVE ( 'NONE', #2807, #15, #833, .T. ) ;
#882 = DIRECTION ( 'NONE',  ( 0.000000000000000000, 0.000000000000000000, 1.000000000000000000 ) ) ;
#883 = DIRECTION ( 'NONE',  ( 0.000000000000000000, 0.000000000000000000, 1.000000000000000000 ) ) ;
#884 = DIRECTION ( 'NONE',  ( -0.000000000000000000, -1.000000000000000000, -0.000000000000000000 ) ) ;
#885 = ORIENTED_EDGE ( 'NONE', *, *, #3055, .F. ) ;
#886 = FACE_BOUND ( 'NONE', #1081, .T. ) ;
#887 = AXIS2_PLACEMENT_3D ( 'NONE', #2435, #522, #2756 ) ;
#888 = EDGE_LOOP ( 'NONE', ( #2770, #2583, #2470, #1637 ) ) ;
#889 = DATE_AND_TIME ( #94, #2244 ) ;
#890 = CARTESIAN_POINT ( 'NONE',  ( 6.059999999999996056, 0.000000000000000000, -112.4999999999999858 ) ) ;
#891 = AXIS2_PLACEMENT_3D ( 'NONE', #2794, #834, #90 ) ;
#892 = CARTESIAN_POINT ( 'NONE',  ( 106.0000000000000000, 36.00000000000000711, 0.000000000000000000 ) ) ;
#893 = EDGE_CURVE ( 'NONE', #180, #2240, #2024, .T. ) ;
#894 = ORIENTED_EDGE ( 'NONE', *, *, #194, .F. ) ;
#895 = DIRECTION ( 'NONE',  ( 0.000000000000000000, 1.000000000000000000, 0.000000000000000000 ) ) ;
#896 = CARTESIAN_POINT ( 'NONE',  ( 6.059999999999996056, 3.399999999999998579, -112.4999999999999858 ) ) ;
#897 = ORIENTED_EDGE ( 'NONE', *, *, #737, .T. ) ;
#898 = VECTOR ( 'NONE', #308, 1000.000000000000000 ) ;
#899 = ORIENTED_EDGE ( 'NONE', *, *, #2131, .T. ) ;
#900 = EDGE_CURVE ( 'NONE', #914, #2940, #35, .T. ) ;
#901 = CARTESIAN_POINT ( 'NONE',  ( 104.0000000000000000, 24.11999999999999744, -99.48999999999999488 ) ) ;
#902 = AXIS2_PLACEMENT_3D ( 'NONE', #1965, #689, #193 ) ;
#903 = FACE_OUTER_BOUND ( 'NONE', #2440, .T. ) ;
#904 = CARTESIAN_POINT ( 'NONE',  ( 0.000000000000000000, 0.000000000000000000, -2.000000000000000000 ) ) ;
#905 = EDGE_CURVE ( 'NONE', #1962, #1594, #2293, .T. ) ;
#906 = DIRECTION ( 'NONE',  ( 0.000000000000000000, 0.000000000000000000, 1.000000000000000000 ) ) ;
#907 = CARTESIAN_POINT ( 'NONE',  ( 96.00000000000000000, 24.11999999999999744, -56.14999999999999858 ) ) ;
#908 = VECTOR ( 'NONE', #818, 1000.000000000000000 ) ;
#909 = ORIENTED_EDGE ( 'NONE', *, *, #301, .T. ) ;
#910 = CIRCLE ( 'NONE', #3046, 3.275000000000000355 ) ;
#911 = DIRECTION ( 'NONE',  ( -0.000000000000000000, -0.000000000000000000, 1.000000000000000000 ) ) ;
#912 = DIRECTION ( 'NONE',  ( 0.000000000000000000, -1.000000000000000000, 0.000000000000000000 ) ) ;
#913 = ADVANCED_FACE ( 'NONE', ( #1804 ), #2665, .F. ) ;
#914 = VERTEX_POINT ( 'NONE', #375 ) ;
#915 = CYLINDRICAL_SURFACE ( 'NONE', #3092, 4.500000000000003553 ) ;
#916 = LINE ( 'NONE', #3102, #1589 ) ;
#917 = ORIENTED_EDGE ( 'NONE', *, *, #3170, .F. ) ;
#918 = VECTOR ( 'NONE', #3086, 1000.000000000000000 ) ;
#919 = ORIENTED_EDGE ( 'NONE', *, *, #466, .T. ) ;
#920 = DIRECTION ( 'NONE',  ( 0.000000000000000000, 0.000000000000000000, -1.000000000000000000 ) ) ;
#921 = LINE ( 'NONE', #658, #1713 ) ;
#922 = CARTESIAN_POINT ( 'NONE',  ( 0.000000000000000000, 22.01999999999999957, -30.25000000000000355 ) ) ;
#923 = LINE ( 'NONE', #1936, #1106 ) ;
#924 = EDGE_CURVE ( 'NONE', #180, #870, #3105, .T. ) ;
#925 = LINE ( 'NONE', #319, #2654 ) ;
#926 = DIRECTION ( 'NONE',  ( 0.000000000000000000, 1.000000000000000000, 0.000000000000000000 ) ) ;
#927 = ORIENTED_EDGE ( 'NONE', *, *, #2771, .F. ) ;
#928 = EDGE_LOOP ( 'NONE', ( #616, #1133, #2012, #359 ) ) ;
#929 = CARTESIAN_POINT ( 'NONE',  ( 99.93999999999999773, 2.000000000000000000, -7.500000000000000000 ) ) ;
#930 = LINE ( 'NONE', #210, #2520 ) ;
#931 = ORIENTED_EDGE ( 'NONE', *, *, #2771, .T. ) ;
#932 = DIRECTION ( 'NONE',  ( 0.000000000000000000, 0.000000000000000000, -1.000000000000000000 ) ) ;
#933 = EDGE_LOOP ( 'NONE', ( #2643, #2708, #2969, #49 ) ) ;
#934 = AXIS2_PLACEMENT_3D ( 'NONE', #2556, #2827, #906 ) ;
#935 = ORIENTED_EDGE ( 'NONE', *, *, #3188, .F. ) ;
#936 = FACE_OUTER_BOUND ( 'NONE', #2891, .T. ) ;
#937 = DIRECTION ( 'NONE',  ( 0.000000000000000000, 0.000000000000000000, -1.000000000000000000 ) ) ;
#938 = CARTESIAN_POINT ( 'NONE',  ( 96.00000000000000000, 24.11999999999999744, -99.48999999999999488 ) ) ;
#939 = DIRECTION ( 'NONE',  ( 0.000000000000000000, 0.000000000000000000, -1.000000000000000000 ) ) ;
#940 = ADVANCED_FACE ( 'NONE', ( #142 ), #1333, .F. ) ;
#941 = FACE_OUTER_BOUND ( 'NONE', #1114, .T. ) ;
#942 = CARTESIAN_POINT ( 'NONE',  ( 6.000000000000000000, 6.000000000000000000, -7.500000000000000000 ) ) ;
#943 = EDGE_LOOP ( 'NONE', ( #862, #1607, #1705, #190, #1345, #1332, #2553, #655, #1163, #2316, #2714, #1672 ) ) ;
#944 = DIRECTION ( 'NONE',  ( 1.000000000000000000, -0.000000000000000000, -0.000000000000000000 ) ) ;
#945 = EDGE_CURVE ( 'NONE', #114, #3059, #921, .T. ) ;
#946 = FACE_OUTER_BOUND ( 'NONE', #2615, .T. ) ;
#947 = VERTEX_POINT ( 'NONE', #2854 ) ;
#948 = ADVANCED_FACE ( 'NONE', ( #1355 ), #1112, .T. ) ;
#949 = VERTEX_POINT ( 'NONE', #1187 ) ;
#950 = EDGE_LOOP ( 'NONE', ( #2116, #1438, #139, #1722 ) ) ;
#951 = FACE_OUTER_BOUND ( 'NONE', #997, .T. ) ;
#952 = PLANE ( 'NONE',  #3125 ) ;
#953 = PLANE ( 'NONE',  #1006 ) ;
#954 = DIRECTION ( 'NONE',  ( 0.000000000000000000, 1.000000000000000000, 0.000000000000000000 ) ) ;
#955 = CARTESIAN_POINT ( 'NONE',  ( 106.0000000000000000, 10.71999999999999886, -56.14999999999999858 ) ) ;
#956 = CIRCLE ( 'NONE', #2617, 1.699999999999993072 ) ;
#957 = PLANE ( 'NONE',  #2740 ) ;
#958 = ORIENTED_EDGE ( 'NONE', *, *, #1360, .F. ) ;
#959 = VECTOR ( 'NONE', #1714, 1000.000000000000000 ) ;
#960 = VERTEX_POINT ( 'NONE', #2128 ) ;
#961 = AXIS2_PLACEMENT_3D ( 'NONE', #1710, #1475, #1443 ) ;
#962 = CARTESIAN_POINT ( 'NONE',  ( 106.0000000000000000, 10.71999999999999886, -71.90000000000001990 ) ) ;
#963 = VERTEX_POINT ( 'NONE', #1130 ) ;
#964 = ORIENTED_EDGE ( 'NONE', *, *, #787, .F. ) ;
#965 = AXIS2_PLACEMENT_3D ( 'NONE', #408, #1843, #1913 ) ;
#966 = ADVANCED_FACE ( 'NONE', ( #1425 ), #865, .T. ) ;
#967 = ORIENTED_EDGE ( 'NONE', *, *, #2795, .F. ) ;
#968 = DIRECTION ( 'NONE',  ( -0.000000000000000000, -1.000000000000000000, -0.000000000000000000 ) ) ;
#969 = CARTESIAN_POINT ( 'NONE',  ( 6.059999999999996056, 0.000000000000000000, -109.2249999999999943 ) ) ;
#970 = CARTESIAN_POINT ( 'NONE',  ( 99.99999999999998579, 0.000000000000000000, -110.7999999999999972 ) ) ;
#971 = PLANE ( 'NONE',  #2415 ) ;
#972 = DIRECTION ( 'NONE',  ( -0.000000000000000000, -1.000000000000000000, -0.000000000000000000 ) ) ;
#973 = ORIENTED_EDGE ( 'NONE', *, *, #2594, .F. ) ;
#974 = CARTESIAN_POINT ( 'NONE',  ( 106.0000000000000000, 24.11999999999999744, -18.14000000000000412 ) ) ;
#975 = EDGE_CURVE ( 'NONE', #2259, #1458, #2868, .T. ) ;
#976 = VERTEX_POINT ( 'NONE', #2187 ) ;
#977 = DIRECTION ( 'NONE',  ( -0.000000000000000000, -1.000000000000000000, -0.000000000000000000 ) ) ;
#978 = VERTEX_POINT ( 'NONE', #1622 ) ;
#979 = ORIENTED_EDGE ( 'NONE', *, *, #1886, .F. ) ;
#980 = EDGE_CURVE ( 'NONE', #1354, #233, #602, .T. ) ;
#981 = ORIENTED_EDGE ( 'NONE', *, *, #2537, .F. ) ;
#982 = EDGE_LOOP ( 'NONE', ( #3139, #1281, #2143, #2140 ) ) ;
#983 = LINE ( 'NONE', #717, #1957 ) ;
#984 = FACE_OUTER_BOUND ( 'NONE', #1966, .T. ) ;
#985 = EDGE_CURVE ( 'NONE', #2786, #211, #1879, .T. ) ;
#986 = LINE ( 'NONE', #1988, #3099 ) ;
#987 = CYLINDRICAL_SURFACE ( 'NONE', #1950, 2.000000000000001776 ) ;
#988 = ADVANCED_FACE ( 'NONE', ( #3140 ), #2608, .T. ) ;
#989 = VECTOR ( 'NONE', #272, 1000.000000000000000 ) ;
#990 = DIRECTION ( 'NONE',  ( 0.000000000000000000, -0.000000000000000000, 1.000000000000000000 ) ) ;
#991 = AXIS2_PLACEMENT_3D ( 'NONE', #1747, #1254, #6 ) ;
#992 = DIRECTION ( 'NONE',  ( 0.000000000000000000, 0.000000000000000000, -1.000000000000000000 ) ) ;
#993 = EDGE_CURVE ( 'NONE', #741, #28, #2697, .T. ) ;
#994 = AXIS2_PLACEMENT_3D ( 'NONE', #2751, #1953, #1510 ) ;
#995 = ORIENTED_EDGE ( 'NONE', *, *, #1063, .F. ) ;
#996 = CARTESIAN_POINT ( 'NONE',  ( 106.0000000000000000, 24.11999999999999744, -28.29999999999999716 ) ) ;
#997 = EDGE_LOOP ( 'NONE', ( #2097, #1508, #54, #1994 ) ) ;
#998 = ORIENTED_EDGE ( 'NONE', *, *, #1490, .F. ) ;
#999 = AXIS2_PLACEMENT_3D ( 'NONE', #2269, #2026, #1155 ) ;
#1000 = EDGE_LOOP ( 'NONE', ( #245, #1905, #140, #3108 ) ) ;
#1001 = ORIENTED_EDGE ( 'NONE', *, *, #1017, .F. ) ;
#1002 = DIRECTION ( 'NONE',  ( -0.000000000000000000, 1.000000000000000000, -4.752667057470705368E-16 ) ) ;
#1003 = CARTESIAN_POINT ( 'NONE',  ( 2.000000000000000000, 22.01999999999999957, -30.25000000000000355 ) ) ;
#1004 = CARTESIAN_POINT ( 'NONE',  ( 6.059999999999996056, 0.000000000000000000, -4.224999999999999645 ) ) ;
#1005 = FACE_OUTER_BOUND ( 'NONE', #227, .T. ) ;
#1006 = AXIS2_PLACEMENT_3D ( 'NONE', #470, #1236, #1728 ) ;
#1007 = CARTESIAN_POINT ( 'NONE',  ( 106.0000000000000000, 10.71999999999999886, -101.4899999999999949 ) ) ;
#1008 = DIRECTION ( 'NONE',  ( -0.000000000000000000, -1.000000000000000000, -0.000000000000000000 ) ) ;
#1009 = CARTESIAN_POINT ( 'NONE',  ( 96.00000000000000000, 24.11999999999999744, -63.74000000000001620 ) ) ;
#1010 = EDGE_CURVE ( 'NONE', #1629, #1401, #1933, .T. ) ;
#1011 = VECTOR ( 'NONE', #368, 1000.000000000000000 ) ;
#1012 = VERTEX_POINT ( 'NONE', #2383 ) ;
#1013 = AXIS2_PLACEMENT_3D ( 'NONE', #2203, #417, #939 ) ;
#1014 = CARTESIAN_POINT ( 'NONE',  ( 0.000000000000000000, 0.000000000000000000, 0.000000000000000000 ) ) ;
#1015 = EDGE_LOOP ( 'NONE', ( #37, #1141, #3207, #2000 ) ) ;
#1016 = VERTEX_POINT ( 'NONE', #901 ) ;
#1017 = EDGE_CURVE ( 'NONE', #1852, #816, #362, .T. ) ;
#1018 = ORIENTED_EDGE ( 'NONE', *, *, #2167, .F. ) ;
#1019 = LINE ( 'NONE', #3022, #2612 ) ;
#1020 = AXIS2_PLACEMENT_3D ( 'NONE', #1431, #3184, #2432 ) ;
#1021 = DIRECTION ( 'NONE',  ( -0.000000000000000000, -1.000000000000000000, -0.000000000000000000 ) ) ;
#1022 = AXIS2_PLACEMENT_3D ( 'NONE', #3013, #1047, #33 ) ;
#1023 = CYLINDRICAL_SURFACE ( 'NONE', #1022, 3.250000000000002665 ) ;
#1024 = FACE_OUTER_BOUND ( 'NONE', #2692, .T. ) ;
#1025 = DIRECTION ( 'NONE',  ( -0.000000000000000000, -1.000000000000000000, -0.000000000000000000 ) ) ;
#1026 = DIRECTION ( 'NONE',  ( -0.000000000000000000, -1.000000000000000000, -0.000000000000000000 ) ) ;
#1027 = AXIS2_PLACEMENT_3D ( 'NONE', #75, #2067, #2793 ) ;
#1028 = VERTEX_POINT ( 'NONE', #2646 ) ;
#1029 = EDGE_CURVE ( 'NONE', #2059, #3059, #414, .T. ) ;
#1030 = VECTOR ( 'NONE', #1405, 1000.000000000000000 ) ;
#1031 = EDGE_CURVE ( 'NONE', #2956, #2272, #2169, .T. ) ;
#1032 = EDGE_LOOP ( 'NONE', ( #3242, #213, #839, #3029 ) ) ;
#1033 = FACE_OUTER_BOUND ( 'NONE', #950, .T. ) ;
#1034 = CARTESIAN_POINT ( 'NONE',  ( 96.00000000000000000, 24.11999999999999744, -9.980000000000002203 ) ) ;
#1035 = LINE ( 'NONE', #2549, #2533 ) ;
#1036 = DIRECTION ( 'NONE',  ( 0.000000000000000000, -1.000000000000000000, 0.000000000000000000 ) ) ;
#1037 = CARTESIAN_POINT ( 'NONE',  ( 0.000000000000000000, 7.420000000000000817, -19.25000000000000000 ) ) ;
#1038 = DIRECTION ( 'NONE',  ( 0.000000000000000000, 0.000000000000000000, -1.000000000000000000 ) ) ;
#1039 = ADVANCED_FACE ( 'NONE', ( #1675 ), #2473, .F. ) ;
#1040 = VERTEX_POINT ( 'NONE', #3229 ) ;
#1041 = CARTESIAN_POINT ( 'NONE',  ( 104.0000000000000000, 36.00000000000000711, -73.90000000000000568 ) ) ;
#1042 = ADVANCED_FACE ( 'NONE', ( #1743 ), #1249, .T. ) ;
#1043 = VERTEX_POINT ( 'NONE', #517 ) ;
#1044 = LINE ( 'NONE', #801, #1316 ) ;
#1045 = FACE_OUTER_BOUND ( 'NONE', #2682, .T. ) ;
#1046 = ADVANCED_FACE ( 'NONE', ( #2963 ), #469, .F. ) ;
#1047 = DIRECTION ( 'NONE',  ( -0.000000000000000000, -1.000000000000000000, -0.000000000000000000 ) ) ;
#1048 = CARTESIAN_POINT ( 'NONE',  ( 6.000000000000000000, 6.000000000000000000, -7.500000000000000000 ) ) ;
#1049 = DIRECTION ( 'NONE',  ( 0.000000000000000000, 0.000000000000000000, -1.000000000000000000 ) ) ;
#1050 = AXIS2_PLACEMENT_3D ( 'NONE', #348, #589, #3088 ) ;
#1051 = FACE_OUTER_BOUND ( 'NONE', #1985, .T. ) ;
#1052 = VERTEX_POINT ( 'NONE', #2248 ) ;
#1053 = VERTEX_POINT ( 'NONE', #2684 ) ;
#1054 = DIRECTION ( 'NONE',  ( 0.000000000000000000, 0.000000000000000000, -1.000000000000000000 ) ) ;
#1055 = VECTOR ( 'NONE', #1321, 1000.000000000000000 ) ;
#1056 = VERTEX_POINT ( 'NONE', #1987 ) ;
#1057 = AXIS2_PLACEMENT_3D ( 'NONE', #1348, #2342, #97 ) ;
#1058 = DIRECTION ( 'NONE',  ( 0.000000000000000000, 0.000000000000000000, -1.000000000000000000 ) ) ;
#1059 = VECTOR ( 'NONE', #161, 1000.000000000000000 ) ;
#1060 = LINE ( 'NONE', #2075, #1751 ) ;
#1061 = CARTESIAN_POINT ( 'NONE',  ( 99.99999999999998579, 0.000000000000000000, -7.500000000000000000 ) ) ;
#1062 = CONICAL_SURFACE ( 'NONE', #2880, 3.275000000000000355, 0.7853981633973918797 ) ;
#1063 = EDGE_CURVE ( 'NONE', #1246, #2728, #2444, .T. ) ;
#1064 = AXIS2_PLACEMENT_3D ( 'NONE', #739, #1257, #723 ) ;
#1065 = EDGE_LOOP ( 'NONE', ( #2758, #167 ) ) ;
#1066 = DIRECTION ( 'NONE',  ( 8.659560562354443518E-17, -0.7071067811865874297, 0.7071067811865076047 ) ) ;
#1067 = CARTESIAN_POINT ( 'NONE',  ( 104.0000000000000000, 36.00000000000000711, -109.6499999999999915 ) ) ;
#1068 = VERTEX_POINT ( 'NONE', #1003 ) ;
#1069 = ORIENTED_EDGE ( 'NONE', *, *, #1523, .T. ) ;
#1070 = CARTESIAN_POINT ( 'NONE',  ( 2.000000000000000000, 2.000000000000000000, 0.000000000000000000 ) ) ;
#1071 = ORIENTED_EDGE ( 'NONE', *, *, #1822, .T. ) ;
#1072 = ORIENTED_EDGE ( 'NONE', *, *, #2614, .F. ) ;
#1073 = CYLINDRICAL_SURFACE ( 'NONE', #575, 3.249999999999999556 ) ;
#1074 = CARTESIAN_POINT ( 'NONE',  ( 99.99999999999998579, 3.399999999999999467, -115.7499999999999858 ) ) ;
#1075 = DIRECTION ( 'NONE',  ( 0.000000000000000000, 0.000000000000000000, -1.000000000000000000 ) ) ;
#1076 = EDGE_CURVE ( 'NONE', #1862, #15, #129, .T. ) ;
#1077 = EDGE_LOOP ( 'NONE', ( #2354, #2386, #2257, #1361 ) ) ;
#1078 = DIRECTION ( 'NONE',  ( 0.000000000000000000, 0.000000000000000000, -1.000000000000000000 ) ) ;
#1079 = LINE ( 'NONE', #1818, #2987 ) ;
#1080 = EDGE_CURVE ( 'NONE', #2092, #28, #1972, .T. ) ;
#1081 = EDGE_LOOP ( 'NONE', ( #1488, #1247, #512, #673 ) ) ;
#1082 = EDGE_CURVE ( 'NONE', #1259, #1885, #1821, .T. ) ;
#1083 = ORIENTED_EDGE ( 'NONE', *, *, #3020, .T. ) ;
#1084 = PERSON_AND_ORGANIZATION ( #793, #2801 ) ;
#1085 = CC_DESIGN_APPROVAL ( #2350, ( #855 ) ) ;
#1086 = ORIENTED_EDGE ( 'NONE', *, *, #291, .T. ) ;
#1087 = FACE_OUTER_BOUND ( 'NONE', #422, .T. ) ;
#1088 = DIRECTION ( 'NONE',  ( -0.000000000000000000, -1.000000000000000000, -0.000000000000000000 ) ) ;
#1089 = LINE ( 'NONE', #1284, #3152 ) ;
#1090 = CYLINDRICAL_SURFACE ( 'NONE', #3217, 1.699999999999993072 ) ;
#1091 = DIRECTION ( 'NONE',  ( 0.000000000000000000, 0.000000000000000000, -1.000000000000000000 ) ) ;
#1092 = DIRECTION ( 'NONE',  ( -0.000000000000000000, 1.000000000000000000, -0.000000000000000000 ) ) ;
#1093 = CC_DESIGN_PERSON_AND_ORGANIZATION_ASSIGNMENT ( #1084, #825, ( #2972 ) ) ;
#1094 = ORIENTED_EDGE ( 'NONE', *, *, #2811, .T. ) ;
#1095 = EDGE_CURVE ( 'NONE', #816, #2978, #3214, .T. ) ;
#1096 = ORIENTED_EDGE ( 'NONE', *, *, #1323, .T. ) ;
#1097 = CALENDAR_DATE ( 2025, 26, 4 ) ;
#1098 = VECTOR ( 'NONE', #681, 1000.000000000000000 ) ;
#1099 = CARTESIAN_POINT ( 'NONE',  ( 2.000000000000000000, 2.000000000000000000, -2.000000000000000000 ) ) ;
#1100 = CARTESIAN_POINT ( 'NONE',  ( 6.000000000000000000, 6.000000000000000000, -112.4999999999999858 ) ) ;
#1101 = VECTOR ( 'NONE', #1631, 1000.000000000000000 ) ;
#1102 = PLANE ( 'NONE',  #1828 ) ;
#1103 = DIRECTION ( 'NONE',  ( -1.000000000000000000, -0.000000000000000000, -0.000000000000000000 ) ) ;
#1104 = CARTESIAN_POINT ( 'NONE',  ( 6.000000000000000000, 2.000000000000000000, -12.00000000000000355 ) ) ;
#1105 = EDGE_CURVE ( 'NONE', #242, #1685, #829, .T. ) ;
#1106 = VECTOR ( 'NONE', #1447, 1000.000000000000000 ) ;
#1107 = ORIENTED_EDGE ( 'NONE', *, *, #166, .T. ) ;
#1108 = AXIS2_PLACEMENT_3D ( 'NONE', #2091, #2163, #2900 ) ;
#1109 = VERTEX_POINT ( 'NONE', #969 ) ;
#1110 = VECTOR ( 'NONE', #1200, 1000.000000000000000 ) ;
#1111 = AXIS2_PLACEMENT_3D ( 'NONE', #1827, #1295, #1800 ) ;
#1112 = PLANE ( 'NONE',  #1856 ) ;
#1113 = FACE_BOUND ( 'NONE', #2995, .T. ) ;
#1114 = EDGE_LOOP ( 'NONE', ( #665, #2663, #2185, #154 ) ) ;
#1115 = CIRCLE ( 'NONE', #1541, 2.000000000000000000 ) ;
#1116 = EDGE_CURVE ( 'NONE', #1056, #181, #418, .T. ) ;
#1117 = DIRECTION ( 'NONE',  ( -0.000000000000000000, -0.000000000000000000, 1.000000000000000000 ) ) ;
#1118 = ORIENTED_EDGE ( 'NONE', *, *, #1946, .F. ) ;
#1119 = CALENDAR_DATE ( 2025, 26, 4 ) ;
#1120 = FACE_OUTER_BOUND ( 'NONE', #2246, .T. ) ;
#1121 = ADVANCED_FACE ( 'NONE', ( #2505 ), #250, .T. ) ;
#1122 = DIRECTION ( 'NONE',  ( -0.000000000000000000, -1.000000000000000000, -0.000000000000000000 ) ) ;
#1123 = ADVANCED_FACE ( 'NONE', ( #1476 ), #952, .F. ) ;
#1124 = DIRECTION ( 'NONE',  ( -1.000000000000000000, 0.000000000000000000, 0.000000000000000000 ) ) ;
#1125 = CARTESIAN_POINT ( 'NONE',  ( 2.000000000000000000, 36.00000000000000711, -118.0000000000000000 ) ) ;
#1126 = DIRECTION ( 'NONE',  ( -0.000000000000000000, -1.000000000000000000, -0.000000000000000000 ) ) ;
#1127 = ORIENTED_EDGE ( 'NONE', *, *, #1429, .F. ) ;
#1128 = AXIS2_PLACEMENT_3D ( 'NONE', #2628, #394, #2904 ) ;
#1129 = ORIENTED_EDGE ( 'NONE', *, *, #409, .T. ) ;
#1130 = CARTESIAN_POINT ( 'NONE',  ( 106.0000000000000000, 24.11999999999999744, -73.90000000000000568 ) ) ;
#1131 = CARTESIAN_POINT ( 'NONE',  ( 2.000000000000000000, 36.00000000000000711, -2.000000000000000000 ) ) ;
#1132 = CARTESIAN_POINT ( 'NONE',  ( 2.000000000000000000, 36.00000000000000711, -118.0000000000000000 ) ) ;
#1133 = ORIENTED_EDGE ( 'NONE', *, *, #1017, .T. ) ;
#1134 = FACE_BOUND ( 'NONE', #446, .T. ) ;
#1135 = ADVANCED_FACE ( 'NONE', ( #1711 ), #2219, .T. ) ;
#1136 = ORIENTED_EDGE ( 'NONE', *, *, #209, .T. ) ;
#1137 = SECURITY_CLASSIFICATION_LEVEL ( 'unclassified' ) ;
#1138 = DIRECTION ( 'NONE',  ( 0.000000000000000000, 0.000000000000000000, -1.000000000000000000 ) ) ;
#1139 = DIRECTION ( 'NONE',  ( 0.000000000000000000, -0.000000000000000000, 1.000000000000000000 ) ) ;
#1140 = EDGE_CURVE ( 'NONE', #963, #329, #3012, .T. ) ;
#1141 = ORIENTED_EDGE ( 'NONE', *, *, #985, .T. ) ;
#1142 = DIRECTION ( 'NONE',  ( 1.000000000000000000, -0.000000000000000000, -0.000000000000000000 ) ) ;
#1143 = LINE ( 'NONE', #2142, #1534 ) ;
#1144 = ORIENTED_EDGE ( 'NONE', *, *, #564, .T. ) ;
#1145 = AXIS2_PLACEMENT_3D ( 'NONE', #278, #1585, #2278 ) ;
#1146 = ADVANCED_FACE ( 'NONE', ( #984 ), #747, .T. ) ;
#1147 = EDGE_LOOP ( 'NONE', ( #3048, #1808 ) ) ;
#1148 = DIRECTION ( 'NONE',  ( -0.000000000000000000, -1.000000000000000000, -0.000000000000000000 ) ) ;
#1149 = DIRECTION ( 'NONE',  ( 1.000000000000000000, 0.000000000000000000, -0.000000000000000000 ) ) ;
#1150 = CARTESIAN_POINT ( 'NONE',  ( 104.0000000000000000, 36.00000000000000711, -118.0000000000000000 ) ) ;
#1151 = DIRECTION ( 'NONE',  ( 0.000000000000000000, 1.000000000000000000, 0.000000000000000000 ) ) ;
#1152 = CARTESIAN_POINT ( 'NONE',  ( 99.99999999999998579, 3.399999999999998579, -110.7999999999999972 ) ) ;
#1153 = AXIS2_PLACEMENT_3D ( 'NONE', #631, #859, #2089 ) ;
#1154 = EDGE_LOOP ( 'NONE', ( #1718, #1207, #3103, #1580 ) ) ;
#1155 = DIRECTION ( 'NONE',  ( 0.000000000000000000, -0.000000000000000000, 1.000000000000000000 ) ) ;
#1156 = CIRCLE ( 'NONE', #1832, 1.699999999999993072 ) ;
#1157 = LINE ( 'NONE', #2897, #539 ) ;
#1158 = EDGE_LOOP ( 'NONE', ( #583, #2165 ) ) ;
#1159 = PLANE ( 'NONE',  #1325 ) ;
#1160 = CARTESIAN_POINT ( 'NONE',  ( 104.0000000000000000, 10.71999999999999886, -109.6499999999999915 ) ) ;
#1161 = ORIENTED_EDGE ( 'NONE', *, *, #2271, .F. ) ;
#1162 = CIRCLE ( 'NONE', #1274, 4.500000000000003553 ) ;
#1163 = ORIENTED_EDGE ( 'NONE', *, *, #2738, .F. ) ;
#1164 = LINE ( 'NONE', #2683, #543 ) ;
#1165 = DIRECTION ( 'NONE',  ( 1.000000000000000000, -0.000000000000000000, -0.000000000000000000 ) ) ;
#1166 = ADVANCED_FACE ( 'NONE', ( #1045 ), #2318, .F. ) ;
#1167 = AXIS2_PLACEMENT_3D ( 'NONE', #1787, #1761, #2267 ) ;
#1168 = CARTESIAN_POINT ( 'NONE',  ( 96.00000000000000000, 24.11999999999999744, -37.83000000000000540 ) ) ;
#1169 = PLANE ( 'NONE',  #540 ) ;
#1170 = ORIENTED_EDGE ( 'NONE', *, *, #1419, .F. ) ;
#1171 = DIRECTION ( 'NONE',  ( 1.000000000000000000, -0.000000000000000000, -0.000000000000000000 ) ) ;
#1172 = VECTOR ( 'NONE', #122, 1000.000000000000000 ) ;
#1173 = ORIENTED_EDGE ( 'NONE', *, *, #2845, .F. ) ;
#1174 = CIRCLE ( 'NONE', #1642, 3.275000000000000355 ) ;
#1175 = ORIENTED_EDGE ( 'NONE', *, *, #593, .F. ) ;
#1176 = FACE_BOUND ( 'NONE', #2230, .T. ) ;
#1177 = AXIS2_PLACEMENT_3D ( 'NONE', #1785, #805, #2578 ) ;
#1178 = DIRECTION ( 'NONE',  ( -1.000000000000000000, 0.000000000000000000, 0.000000000000000000 ) ) ;
#1179 = VERTEX_POINT ( 'NONE', #32 ) ;
#1180 = CARTESIAN_POINT ( 'NONE',  ( 106.0000000000000000, 10.71999999999999886, -82.06000000000000227 ) ) ;
#1181 = CARTESIAN_POINT ( 'NONE',  ( 104.0000000000000000, 24.11999999999999744, 0.000000000000000000 ) ) ;
#1182 = VERTEX_POINT ( 'NONE', #544 ) ;
#1183 = EDGE_CURVE ( 'NONE', #693, #191, #1729, .T. ) ;
#1184 = VECTOR ( 'NONE', #2322, 1000.000000000000000 ) ;
#1185 = ORIENTED_EDGE ( 'NONE', *, *, #975, .T. ) ;
#1186 = LINE ( 'NONE', #1932, #2058 ) ;
#1187 = CARTESIAN_POINT ( 'NONE',  ( 106.0000000000000000, 10.71999999999999886, -28.29999999999999716 ) ) ;
#1188 = LINE ( 'NONE', #1880, #838 ) ;
#1189 = DIRECTION ( 'NONE',  ( 1.000000000000000000, 0.000000000000000000, -0.000000000000000000 ) ) ;
#1190 = EDGE_CURVE ( 'NONE', #1850, #2471, #2975, .T. ) ;
#1191 = DIRECTION ( 'NONE',  ( -0.000000000000000000, -1.000000000000000000, -0.000000000000000000 ) ) ;
#1192 = CARTESIAN_POINT ( 'NONE',  ( 96.00000000000000000, 10.71999999999999886, -18.14000000000000412 ) ) ;
#1193 = ORIENTED_EDGE ( 'NONE', *, *, #157, .T. ) ;
#1194 = EDGE_CURVE ( 'NONE', #1291, #823, #2304, .T. ) ;
#1195 = CARTESIAN_POINT ( 'NONE',  ( 6.059999999999996056, 0.000000000000000000, -109.2249999999999943 ) ) ;
#1196 = DIRECTION ( 'NONE',  ( 1.000000000000000000, -0.000000000000000000, -0.000000000000000000 ) ) ;
#1197 = ORIENTED_EDGE ( 'NONE', *, *, #593, .T. ) ;
#1198 = ORIENTED_EDGE ( 'NONE', *, *, #1567, .T. ) ;
#1199 = EDGE_LOOP ( 'NONE', ( #894, #1807, #208, #102 ) ) ;
#1200 = DIRECTION ( 'NONE',  ( 0.000000000000000000, 0.000000000000000000, 1.000000000000000000 ) ) ;
#1201 = DIRECTION ( 'NONE',  ( 0.000000000000000000, -1.000000000000000000, 0.000000000000000000 ) ) ;
#1202 = CARTESIAN_POINT ( 'NONE',  ( 6.000000000000000888, 2.000000000000000000, -2.999999999999996447 ) ) ;
#1203 = CARTESIAN_POINT ( 'NONE',  ( 106.0000000000000000, 10.71999999999999886, -47.98999999999999488 ) ) ;
#1204 = CARTESIAN_POINT ( 'NONE',  ( 106.0000000000000000, 10.71999999999999886, -63.74000000000001620 ) ) ;
#1205 = DIRECTION ( 'NONE',  ( 1.000000000000000000, -0.000000000000000000, -0.000000000000000000 ) ) ;
#1206 = ORIENTED_EDGE ( 'NONE', *, *, #1223, .T. ) ;
#1207 = ORIENTED_EDGE ( 'NONE', *, *, #1029, .T. ) ;
#1208 = EDGE_CURVE ( 'NONE', #1012, #2127, #1989, .T. ) ;
#1209 = CARTESIAN_POINT ( 'NONE',  ( 96.00000000000000000, 24.11999999999999744, -47.98999999999999488 ) ) ;
#1210 = ORIENTED_EDGE ( 'NONE', *, *, #1031, .T. ) ;
#1211 = VERTEX_POINT ( 'NONE', #1337 ) ;
#1212 = ORIENTED_EDGE ( 'NONE', *, *, #3163, .F. ) ;
#1213 = VERTEX_POINT ( 'NONE', #294 ) ;
#1214 = CARTESIAN_POINT ( 'NONE',  ( 106.0000000000000000, 10.71999999999999886, -101.4899999999999949 ) ) ;
#1215 = CARTESIAN_POINT ( 'NONE',  ( 106.0000000000000000, 24.11999999999999744, -9.980000000000002203 ) ) ;
#1216 = ADVANCED_FACE ( 'NONE', ( #529 ), #1555, .F. ) ;
#1217 = DIRECTION ( 'NONE',  ( 1.000000000000000000, -0.000000000000000000, -0.000000000000000000 ) ) ;
#1218 = LINE ( 'NONE', #1527, #438 ) ;
#1219 = CIRCLE ( 'NONE', #1479, 3.250000000000002665 ) ;
#1220 = CARTESIAN_POINT ( 'NONE',  ( 104.0000000000000000, 36.00000000000000711, -45.99000000000000199 ) ) ;
#1221 = AXIS2_PLACEMENT_3D ( 'NONE', #2709, #226, #1664 ) ;
#1222 = DIRECTION ( 'NONE',  ( 0.000000000000000000, 0.000000000000000000, 1.000000000000000000 ) ) ;
#1223 = EDGE_CURVE ( 'NONE', #1016, #1594, #309, .T. ) ;
#1224 = ORIENTED_EDGE ( 'NONE', *, *, #365, .F. ) ;
#1225 = VECTOR ( 'NONE', #2664, 1000.000000000000000 ) ;
#1226 = VECTOR ( 'NONE', #178, 1000.000000000000000 ) ;
#1227 = CARTESIAN_POINT ( 'NONE',  ( 106.0000000000000000, 10.71999999999999886, -28.29999999999999716 ) ) ;
#1228 = EDGE_LOOP ( 'NONE', ( #283, #2710, #316, #2085 ) ) ;
#1229 = EDGE_LOOP ( 'NONE', ( #172, #492, #652, #2198 ) ) ;
#1230 = EDGE_CURVE ( 'NONE', #2807, #1681, #73, .T. ) ;
#1231 = ORIENTED_EDGE ( 'NONE', *, *, #873, .F. ) ;
#1232 = CIRCLE ( 'NONE', #1108, 4.500000000000003553 ) ;
#1233 = ORIENTED_EDGE ( 'NONE', *, *, #405, .T. ) ;
#1234 = DIRECTION ( 'NONE',  ( -0.000000000000000000, -1.000000000000000000, -0.000000000000000000 ) ) ;
#1235 = DIRECTION ( 'NONE',  ( -0.000000000000000000, -1.000000000000000000, -0.000000000000000000 ) ) ;
#1236 = DIRECTION ( 'NONE',  ( 1.000000000000000000, -0.000000000000000000, 0.000000000000000000 ) ) ;
#1237 = CARTESIAN_POINT ( 'NONE',  ( 104.0000000000000000, 10.72000000000000064, 0.000000000000000000 ) ) ;
#1238 = FACE_OUTER_BOUND ( 'NONE', #421, .T. ) ;
#1239 = CARTESIAN_POINT ( 'NONE',  ( 10.00000000000000000, 22.01999999999999957, -30.25000000000000355 ) ) ;
#1240 = VERTEX_POINT ( 'NONE', #1784 ) ;
#1241 = ADVANCED_FACE ( 'NONE', ( #2332 ), #1542, .F. ) ;
#1242 = DIRECTION ( 'NONE',  ( 0.000000000000000000, 0.000000000000000000, 1.000000000000000000 ) ) ;
#1243 = ORIENTED_EDGE ( 'NONE', *, *, #3110, .T. ) ;
#1244 = ORIENTED_EDGE ( 'NONE', *, *, #2577, .F. ) ;
#1245 = EDGE_CURVE ( 'NONE', #1370, #2597, #1089, .T. ) ;
#1246 = VERTEX_POINT ( 'NONE', #2818 ) ;
#1247 = ORIENTED_EDGE ( 'NONE', *, *, #3167, .F. ) ;
#1248 = CARTESIAN_POINT ( 'NONE',  ( 104.0000000000000000, 0.000000000000000000, -120.0000000000000000 ) ) ;
#1249 = CYLINDRICAL_SURFACE ( 'NONE', #2958, 4.500000000000003553 ) ;
#1250 = LINE ( 'NONE', #734, #750 ) ;
#1251 = EDGE_CURVE ( 'NONE', #947, #1852, #570, .T. ) ;
#1252 = DIRECTION ( 'NONE',  ( -0.000000000000000000, -1.000000000000000000, -0.000000000000000000 ) ) ;
#1253 = APPROVAL_PERSON_ORGANIZATION ( #648, #1546, #384 ) ;
#1254 = DIRECTION ( 'NONE',  ( -0.000000000000000000, 4.752667057470705368E-16, 1.000000000000000000 ) ) ;
#1255 = AXIS2_PLACEMENT_3D ( 'NONE', #253, #751, #2462 ) ;
#1256 = CARTESIAN_POINT ( 'NONE',  ( 104.0000000000000000, 10.71999999999999886, -101.4899999999999949 ) ) ;
#1257 = DIRECTION ( 'NONE',  ( -0.000000000000000000, -1.000000000000000000, -0.000000000000000000 ) ) ;
#1258 = AXIS2_PLACEMENT_3D ( 'NONE', #2716, #1021, #2021 ) ;
#1259 = VERTEX_POINT ( 'NONE', #1074 ) ;
#1260 = EDGE_CURVE ( 'NONE', #81, #2233, #1060, .T. ) ;
#1261 = MECHANICAL_CONTEXT ( 'NONE', #613, 'mechanical' ) ;
#1262 = ORIENTED_EDGE ( 'NONE', *, *, #2229, .T. ) ;
#1263 = VERTEX_POINT ( 'NONE', #3034 ) ;
#1264 = VERTEX_POINT ( 'NONE', #803 ) ;
#1265 = DIRECTION ( 'NONE',  ( 0.000000000000000000, 0.000000000000000000, -1.000000000000000000 ) ) ;
#1266 = APPROVAL ( #609, 'UNSPECIFIED' ) ;
#1267 = CARTESIAN_POINT ( 'NONE',  ( 99.99999999999998579, 3.399999999999999467, -112.4999999999999858 ) ) ;
#1268 = DIRECTION ( 'NONE',  ( 0.000000000000000000, 0.000000000000000000, -1.000000000000000000 ) ) ;
#1269 = FACE_BOUND ( 'NONE', #553, .T. ) ;
#1270 = AXIS2_PLACEMENT_3D ( 'NONE', #2427, #1849, #107 ) ;
#1271 = EDGE_CURVE ( 'NONE', #1885, #181, #2090, .T. ) ;
#1272 = FACE_OUTER_BOUND ( 'NONE', #3008, .T. ) ;
#1273 = DIRECTION ( 'NONE',  ( 1.000000000000000000, 0.000000000000000000, -0.000000000000000000 ) ) ;
#1274 = AXIS2_PLACEMENT_3D ( 'NONE', #766, #238, #504 ) ;
#1275 = ORIENTED_EDGE ( 'NONE', *, *, #2781, .F. ) ;
#1276 = AXIS2_PLACEMENT_3D ( 'NONE', #1619, #371, #2125 ) ;
#1277 =( LENGTH_UNIT ( ) NAMED_UNIT ( * ) SI_UNIT ( .MILLI., .METRE. ) );
#1278 = ORIENTED_EDGE ( 'NONE', *, *, #2579, .F. ) ;
#1279 = ORIENTED_EDGE ( 'NONE', *, *, #2610, .T. ) ;
#1280 = VECTOR ( 'NONE', #2419, 1000.000000000000000 ) ;
#1281 = ORIENTED_EDGE ( 'NONE', *, *, #1290, .T. ) ;
#1282 = CARTESIAN_POINT ( 'NONE',  ( 99.93999999999999773, 6.000000000000000000, -112.4999999999999858 ) ) ;
#1283 = CIRCLE ( 'NONE', #2111, 4.500000000000003553 ) ;
#1284 = CARTESIAN_POINT ( 'NONE',  ( 0.000000000000000000, 0.000000000000000000, 0.000000000000000000 ) ) ;
#1285 = LINE ( 'NONE', #571, #2830 ) ;
#1286 = EDGE_CURVE ( 'NONE', #1961, #914, #831, .T. ) ;
#1287 = CARTESIAN_POINT ( 'NONE',  ( 6.059999999999996056, 0.000000000000000000, -112.4999999999999858 ) ) ;
#1288 = DIRECTION ( 'NONE',  ( -0.000000000000000000, -1.000000000000000000, -0.000000000000000000 ) ) ;
#1289 = DIRECTION ( 'NONE',  ( -0.000000000000000000, -1.000000000000000000, -0.000000000000000000 ) ) ;
#1290 = EDGE_CURVE ( 'NONE', #724, #1945, #2800, .T. ) ;
#1291 = VERTEX_POINT ( 'NONE', #777 ) ;
#1292 = EDGE_CURVE ( 'NONE', #535, #527, #326, .T. ) ;
#1293 = ORIENTED_EDGE ( 'NONE', *, *, #945, .F. ) ;
#1294 = CARTESIAN_POINT ( 'NONE',  ( 99.93999999999999773, 6.000000000000000000, -7.500000000000000000 ) ) ;
#1295 = DIRECTION ( 'NONE',  ( -0.000000000000000000, 0.000000000000000000, -1.000000000000000000 ) ) ;
#1296 = DIRECTION ( 'NONE',  ( -0.000000000000000000, -1.000000000000000000, -0.000000000000000000 ) ) ;
#1297 = DIRECTION ( 'NONE',  ( 0.000000000000000000, 0.000000000000000000, -1.000000000000000000 ) ) ;
#1298 = DIRECTION ( 'NONE',  ( -0.000000000000000000, 1.000000000000000000, -0.000000000000000000 ) ) ;
#1299 = CARTESIAN_POINT ( 'NONE',  ( 99.99999999999998579, 0.000000000000000000, -109.2249999999999943 ) ) ;
#1300 = ORIENTED_EDGE ( 'NONE', *, *, #1340, .F. ) ;
#1301 = VECTOR ( 'NONE', #2701, 1000.000000000000000 ) ;
#1302 = EDGE_LOOP ( 'NONE', ( #1501, #1741, #917, #1882 ) ) ;
#1303 = LINE ( 'NONE', #1070, #225 ) ;
#1304 = DIRECTION ( 'NONE',  ( -1.000000000000000000, 0.000000000000000000, -0.000000000000000000 ) ) ;
#1305 = EDGE_CURVE ( 'NONE', #2886, #3063, #3082, .T. ) ;
#1306 = CARTESIAN_POINT ( 'NONE',  ( 104.0000000000000000, 24.11999999999999744, -47.98999999999999488 ) ) ;
#1307 = DIRECTION ( 'NONE',  ( -0.000000000000000000, -0.000000000000000000, 1.000000000000000000 ) ) ;
#1308 = VECTOR ( 'NONE', #1873, 1000.000000000000000 ) ;
#1309 = FACE_OUTER_BOUND ( 'NONE', #515, .T. ) ;
#1310 = EDGE_CURVE ( 'NONE', #2742, #2422, #2162, .T. ) ;
#1311 = LINE ( 'NONE', #588, #2324 ) ;
#1312 = AXIS2_PLACEMENT_3D ( 'NONE', #363, #2666, #1610 ) ;
#1313 = PLANE ( 'NONE',  #1943 ) ;
#1314 = ORIENTED_EDGE ( 'NONE', *, *, #1463, .T. ) ;
#1315 = ORIENTED_EDGE ( 'NONE', *, *, #1260, .F. ) ;
#1316 = VECTOR ( 'NONE', #1798, 1000.000000000000000 ) ;
#1317 = FACE_OUTER_BOUND ( 'NONE', #2730, .T. ) ;
#1318 = VECTOR ( 'NONE', #1196, 1000.000000000000000 ) ;
#1319 = EDGE_CURVE ( 'NONE', #847, #2126, #760, .T. ) ;
#1320 = EDGE_LOOP ( 'NONE', ( #2206, #2001, #2397, #1980 ) ) ;
#1321 = DIRECTION ( 'NONE',  ( 0.000000000000000000, 1.000000000000000000, 0.000000000000000000 ) ) ;
#1322 = CARTESIAN_POINT ( 'NONE',  ( 104.0000000000000000, 36.00000000000000711, -47.98999999999999488 ) ) ;
#1323 = EDGE_CURVE ( 'NONE', #1451, #1016, #1603, .T. ) ;
#1324 = LINE ( 'NONE', #2819, #1694 ) ;
#1325 = AXIS2_PLACEMENT_3D ( 'NONE', #427, #2660, #860 ) ;
#1326 = VECTOR ( 'NONE', #1171, 1000.000000000000000 ) ;
#1327 = ADVANCED_FACE ( 'NONE', ( #407 ), #1159, .F. ) ;
#1328 = ORIENTED_EDGE ( 'NONE', *, *, #2907, .F. ) ;
#1329 = DIRECTION ( 'NONE',  ( -0.000000000000000000, -1.000000000000000000, -0.000000000000000000 ) ) ;
#1330 = DIRECTION ( 'NONE',  ( 0.000000000000000000, -0.000000000000000000, -1.000000000000000000 ) ) ;
#1331 = ORIENTED_EDGE ( 'NONE', *, *, #3110, .F. ) ;
#1332 = ORIENTED_EDGE ( 'NONE', *, *, #809, .T. ) ;
#1333 = CONICAL_SURFACE ( 'NONE', #2025, 3.275000000000000355, 0.7853981633974612686 ) ;
#1334 = DIRECTION ( 'NONE',  ( 0.000000000000000000, 1.000000000000000000, -0.000000000000000000 ) ) ;
#1335 = DIRECTION ( 'NONE',  ( 1.000000000000000000, -0.000000000000000000, -0.000000000000000000 ) ) ;
#1336 = DIRECTION ( 'NONE',  ( 0.000000000000000000, 0.000000000000000000, -1.000000000000000000 ) ) ;
#1337 = CARTESIAN_POINT ( 'NONE',  ( 99.99999999999998579, 0.000000000000000000, -10.77500000000000036 ) ) ;
#1338 = FACE_OUTER_BOUND ( 'NONE', #690, .T. ) ;
#1339 = DIRECTION ( 'NONE',  ( 0.000000000000000000, 0.000000000000000000, -1.000000000000000000 ) ) ;
#1340 = EDGE_CURVE ( 'NONE', #2208, #1401, #646, .T. ) ;
#1341 = CARTESIAN_POINT ( 'NONE',  ( 99.99999999999998579, 3.399999999999999467, -4.249999999999996447 ) ) ;
#1342 = ORIENTED_EDGE ( 'NONE', *, *, #2013, .T. ) ;
#1343 = ORIENTED_EDGE ( 'NONE', *, *, #2915, .F. ) ;
#1344 = APPROVAL_DATE_TIME ( #2355, #1546 ) ;
#1345 = ORIENTED_EDGE ( 'NONE', *, *, #490, .F. ) ;
#1346 = EDGE_CURVE ( 'NONE', #1401, #2208, #1587, .T. ) ;
#1347 = FACE_OUTER_BOUND ( 'NONE', #1065, .T. ) ;
#1348 = CARTESIAN_POINT ( 'NONE',  ( 6.059999999999996056, 0.000000000000000000, -112.4999999999999858 ) ) ;
#1349 = FACE_OUTER_BOUND ( 'NONE', #943, .T. ) ;
#1350 = DIRECTION ( 'NONE',  ( -0.000000000000000000, -1.000000000000000000, -0.000000000000000000 ) ) ;
#1351 = DIRECTION ( 'NONE',  ( 0.000000000000000000, 0.000000000000000000, -1.000000000000000000 ) ) ;
#1352 = ORIENTED_EDGE ( 'NONE', *, *, #668, .T. ) ;
#1353 = ADVANCED_FACE ( 'NONE', ( #2108 ), #915, .T. ) ;
#1354 = VERTEX_POINT ( 'NONE', #100 ) ;
#1355 = FACE_OUTER_BOUND ( 'NONE', #1522, .T. ) ;
#1356 = DIRECTION ( 'NONE',  ( 0.000000000000000000, -1.000000000000000000, 0.000000000000000000 ) ) ;
#1357 = EDGE_CURVE ( 'NONE', #601, #963, #1634, .T. ) ;
#1358 = ORIENTED_EDGE ( 'NONE', *, *, #1373, .F. ) ;
#1359 = CARTESIAN_POINT ( 'NONE',  ( 106.0000000000000000, 24.11999999999999744, -63.74000000000001620 ) ) ;
#1360 = EDGE_CURVE ( 'NONE', #28, #741, #1797, .T. ) ;
#1361 = ORIENTED_EDGE ( 'NONE', *, *, #659, .F. ) ;
#1362 = CARTESIAN_POINT ( 'NONE',  ( 2.000000000000000000, 36.00000000000000711, -24.25000000000000000 ) ) ;
#1363 = DIRECTION ( 'NONE',  ( 0.000000000000000000, -1.000000000000000000, 0.000000000000000000 ) ) ;
#1364 = AXIS2_PLACEMENT_3D ( 'NONE', #3172, #2453, #3222 ) ;
#1365 = LINE ( 'NONE', #3100, #1995 ) ;
#1366 = CARTESIAN_POINT ( 'NONE',  ( 104.0000000000000000, 24.11999999999999744, 0.000000000000000000 ) ) ;
#1367 = DIRECTION ( 'NONE',  ( 0.000000000000000000, 0.000000000000000000, -1.000000000000000000 ) ) ;
#1368 = VECTOR ( 'NONE', #471, 1000.000000000000000 ) ;
#1369 = ORIENTED_EDGE ( 'NONE', *, *, #2915, .T. ) ;
#1370 = VERTEX_POINT ( 'NONE', #1618 ) ;
#1371 = VECTOR ( 'NONE', #968, 1000.000000000000000 ) ;
#1372 = CARTESIAN_POINT ( 'NONE',  ( 6.059999999999996056, 0.000000000000000000, -7.500000000000000000 ) ) ;
#1373 = EDGE_CURVE ( 'NONE', #3059, #647, #2899, .T. ) ;
#1374 = DIRECTION ( 'NONE',  ( 0.000000000000000000, 0.000000000000000000, 1.000000000000000000 ) ) ;
#1375 = ORIENTED_EDGE ( 'NONE', *, *, #202, .T. ) ;
#1376 = CARTESIAN_POINT ( 'NONE',  ( 106.0000000000000000, 36.00000000000000711, 0.000000000000000000 ) ) ;
#1377 = VECTOR ( 'NONE', #1400, 1000.000000000000000 ) ;
#1378 = ORIENTED_EDGE ( 'NONE', *, *, #2754, .T. ) ;
#1379 = APPROVAL_DATE_TIME ( #2340, #2350 ) ;
#1380 = CARTESIAN_POINT ( 'NONE',  ( 99.93999999999999773, 6.000000000000000000, -112.4999999999999858 ) ) ;
#1381 = EDGE_CURVE ( 'NONE', #124, #2696, #280, .T. ) ;
#1382 = PLANE ( 'NONE',  #2053 ) ;
#1383 = DIRECTION ( 'NONE',  ( 0.000000000000000000, 0.000000000000000000, 1.000000000000000000 ) ) ;
#1384 = LINE ( 'NONE', #2379, #64 ) ;
#1385 = LINE ( 'NONE', #2604, #1801 ) ;
#1386 = VERTEX_POINT ( 'NONE', #2344 ) ;
#1387 = ORIENTED_EDGE ( 'NONE', *, *, #1608, .F. ) ;
#1388 = DIRECTION ( 'NONE',  ( 0.000000000000000000, -0.7071067811865383579, -0.7071067811865566766 ) ) ;
#1389 = DIRECTION ( 'NONE',  ( 0.000000000000000000, 0.000000000000000000, -1.000000000000000000 ) ) ;
#1390 = DIRECTION ( 'NONE',  ( 0.000000000000000000, -0.7071067811865383579, -0.7071067811865566766 ) ) ;
#1391 = ORIENTED_EDGE ( 'NONE', *, *, #581, .F. ) ;
#1392 = FACE_BOUND ( 'NONE', #1505, .T. ) ;
#1393 = ORIENTED_EDGE ( 'NONE', *, *, #2098, .F. ) ;
#1394 = CARTESIAN_POINT ( 'NONE',  ( 99.93999999999999773, 2.000000000000000000, -7.500000000000000000 ) ) ;
#1395 = DIRECTION ( 'NONE',  ( 0.000000000000000000, 0.000000000000000000, -1.000000000000000000 ) ) ;
#1396 = SECURITY_CLASSIFICATION ( '', '', #1137 ) ;
#1397 = EDGE_CURVE ( 'NONE', #716, #2208, #2603, .T. ) ;
#1398 = ORIENTED_EDGE ( 'NONE', *, *, #1531, .F. ) ;
#1399 = FACE_OUTER_BOUND ( 'NONE', #2529, .T. ) ;
#1400 = DIRECTION ( 'NONE',  ( -0.000000000000000000, -1.000000000000000000, -0.000000000000000000 ) ) ;
#1401 = VERTEX_POINT ( 'NONE', #1874 ) ;
#1402 = AXIS2_PLACEMENT_3D ( 'NONE', #1034, #585, #2773 ) ;
#1403 = ORIENTED_EDGE ( 'NONE', *, *, #753, .T. ) ;
#1404 = LINE ( 'NONE', #215, #2780 ) ;
#1405 = DIRECTION ( 'NONE',  ( 1.000000000000000000, -0.000000000000000000, -0.000000000000000000 ) ) ;
#1406 = CARTESIAN_POINT ( 'NONE',  ( 99.93999999999999773, 2.000000000000000000, -117.0000000000000000 ) ) ;
#1407 = CARTESIAN_POINT ( 'NONE',  ( 2.000000000000000000, 36.00000000000000711, -118.0000000000000000 ) ) ;
#1408 = ORIENTED_EDGE ( 'NONE', *, *, #2871, .T. ) ;
#1409 = PLANE ( 'NONE',  #763 ) ;
#1410 = AXIS2_PLACEMENT_3D ( 'NONE', #2524, #1008, #2009 ) ;
#1411 = ORIENTED_EDGE ( 'NONE', *, *, #2977, .T. ) ;
#1412 = ORIENTED_EDGE ( 'NONE', *, *, #2249, .F. ) ;
#1413 = FACE_BOUND ( 'NONE', #624, .T. ) ;
#1414 = VECTOR ( 'NONE', #1389, 1000.000000000000000 ) ;
#1415 = LINE ( 'NONE', #2416, #3037 ) ;
#1416 = ORIENTED_EDGE ( 'NONE', *, *, #2674, .T. ) ;
#1417 = DIRECTION ( 'NONE',  ( -0.000000000000000000, 1.000000000000000000, -0.000000000000000000 ) ) ;
#1418 = DIRECTION ( 'NONE',  ( 0.000000000000000000, 0.000000000000000000, -1.000000000000000000 ) ) ;
#1419 = EDGE_CURVE ( 'NONE', #1016, #2028, #1384, .T. ) ;
#1420 = ORIENTED_EDGE ( 'NONE', *, *, #2711, .F. ) ;
#1421 = AXIS2_PLACEMENT_3D ( 'NONE', #1287, #2521, #2495 ) ;
#1422 = ORIENTED_EDGE ( 'NONE', *, *, #1466, .F. ) ;
#1423 = DIRECTION ( 'NONE',  ( -0.000000000000000000, 1.000000000000000000, -0.000000000000000000 ) ) ;
#1424 = EDGE_CURVE ( 'NONE', #48, #3128, #671, .T. ) ;
#1425 = FACE_OUTER_BOUND ( 'NONE', #158, .T. ) ;
#1426 = CIRCLE ( 'NONE', #1582, 4.500000000000004441 ) ;
#1427 = PLANE ( 'NONE',  #3081 ) ;
#1428 = PLANE ( 'NONE',  #704 ) ;
#1429 = EDGE_CURVE ( 'NONE', #2625, #1519, #175, .T. ) ;
#1430 = CARTESIAN_POINT ( 'NONE',  ( 6.000000000000000000, 6.000000000000000000, -112.4999999999999858 ) ) ;
#1431 = CARTESIAN_POINT ( 'NONE',  ( 6.059999999999996056, 0.000000000000000000, -7.500000000000000000 ) ) ;
#1432 = ORIENTED_EDGE ( 'NONE', *, *, #1340, .T. ) ;
#1433 = VECTOR ( 'NONE', #3127, 1000.000000000000000 ) ;
#1434 = ORIENTED_EDGE ( 'NONE', *, *, #780, .F. ) ;
#1435 = LINE ( 'NONE', #1703, #2404 ) ;
#1436 = VECTOR ( 'NONE', #2685, 1000.000000000000000 ) ;
#1437 = DIRECTION ( 'NONE',  ( 0.000000000000000000, 0.000000000000000000, 1.000000000000000000 ) ) ;
#1438 = ORIENTED_EDGE ( 'NONE', *, *, #1553, .F. ) ;
#1439 = VERTEX_POINT ( 'NONE', #1180 ) ;
#1440 = ORIENTED_EDGE ( 'NONE', *, *, #2229, .F. ) ;
#1441 = VECTOR ( 'NONE', #104, 1000.000000000000000 ) ;
#1442 = ORIENTED_EDGE ( 'NONE', *, *, #1731, .T. ) ;
#1443 = DIRECTION ( 'NONE',  ( 0.000000000000000000, -0.000000000000000000, -1.000000000000000000 ) ) ;
#1444 = DIRECTION ( 'NONE',  ( -0.000000000000000000, -1.000000000000000000, -0.000000000000000000 ) ) ;
#1445 = CARTESIAN_POINT ( 'NONE',  ( 106.0000000000000000, 24.11999999999999744, -20.13999999999999702 ) ) ;
#1446 = VECTOR ( 'NONE', #1388, 1000.000000000000000 ) ;
#1447 = DIRECTION ( 'NONE',  ( 0.000000000000000000, 0.000000000000000000, -1.000000000000000000 ) ) ;
#1448 = EDGE_CURVE ( 'NONE', #2297, #1458, #2641, .T. ) ;
#1449 = DIRECTION ( 'NONE',  ( 0.000000000000000000, 0.000000000000000000, -1.000000000000000000 ) ) ;
#1450 = LINE ( 'NONE', #3004, #1754 ) ;
#1451 = VERTEX_POINT ( 'NONE', #1650 ) ;
#1452 = ORIENTED_EDGE ( 'NONE', *, *, #985, .F. ) ;
#1453 = LINE ( 'NONE', #1227, #2991 ) ;
#1454 = ORIENTED_EDGE ( 'NONE', *, *, #1397, .T. ) ;
#1455 = ADVANCED_FACE ( 'NONE', ( #1399 ), #1669, .F. ) ;
#1456 = EDGE_LOOP ( 'NONE', ( #1680, #449, #2313, #149 ) ) ;
#1457 = ORIENTED_EDGE ( 'NONE', *, *, #2204, .T. ) ;
#1458 = VERTEX_POINT ( 'NONE', #2182 ) ;
#1459 = CYLINDRICAL_SURFACE ( 'NONE', #230, 1.699999999999996625 ) ;
#1460 = DIRECTION ( 'NONE',  ( 0.000000000000000000, 0.000000000000000000, -1.000000000000000000 ) ) ;
#1461 = CARTESIAN_POINT ( 'NONE',  ( 6.059999999999996056, 3.399999999999999467, -115.7499999999999858 ) ) ;
#1462 = DIRECTION ( 'NONE',  ( 0.000000000000000000, 0.000000000000000000, 1.000000000000000000 ) ) ;
#1463 = EDGE_CURVE ( 'NONE', #1451, #607, #1929, .T. ) ;
#1464 = CARTESIAN_POINT ( 'NONE',  ( 6.000000000000000000, 2.000000000000000000, -117.0000000000000000 ) ) ;
#1465 = DIRECTION ( 'NONE',  ( -0.000000000000000000, -1.000000000000000000, -0.000000000000000000 ) ) ;
#1466 = EDGE_CURVE ( 'NONE', #1673, #1627, #498, .T. ) ;
#1467 = ORIENTED_EDGE ( 'NONE', *, *, #2098, .T. ) ;
#1468 = ADVANCED_FACE ( 'NONE', ( #1120 ), #2393, .F. ) ;
#1469 = LINE ( 'NONE', #1926, #2775 ) ;
#1470 = ORIENTED_EDGE ( 'NONE', *, *, #1357, .T. ) ;
#1471 = EDGE_LOOP ( 'NONE', ( #103, #3200, #228, #979 ) ) ;
#1472 = VECTOR ( 'NONE', #1356, 1000.000000000000000 ) ;
#1473 = VERTEX_POINT ( 'NONE', #1825 ) ;
#1474 = EDGE_LOOP ( 'NONE', ( #2856, #1454, #1432, #288 ) ) ;
#1475 = DIRECTION ( 'NONE',  ( 0.000000000000000000, -1.000000000000000000, 0.000000000000000000 ) ) ;
#1476 = FACE_OUTER_BOUND ( 'NONE', #176, .T. ) ;
#1477 = DIRECTION ( 'NONE',  ( -0.000000000000000000, -1.000000000000000000, -0.000000000000000000 ) ) ;
#1478 = FACE_OUTER_BOUND ( 'NONE', #888, .T. ) ;
#1479 = AXIS2_PLACEMENT_3D ( 'NONE', #1742, #2733, #2862 ) ;
#1480 = ADVANCED_FACE ( 'NONE', ( #2375 ), #2813, .F. ) ;
#1481 = CARTESIAN_POINT ( 'NONE',  ( 99.99999999999998579, 0.02500000000000006384, -4.249999999999996447 ) ) ;
#1482 = VECTOR ( 'NONE', #2916, 1000.000000000000000 ) ;
#1483 = CARTESIAN_POINT ( 'NONE',  ( 104.0000000000000000, 36.00000000000000711, -2.000000000000000000 ) ) ;
#1484 = ORIENTED_EDGE ( 'NONE', *, *, #518, .T. ) ;
#1485 = VECTOR ( 'NONE', #1855, 1000.000000000000000 ) ;
#1486 = DIRECTION ( 'NONE',  ( 0.000000000000000000, -0.7071067811865874297, -0.7071067811865076047 ) ) ;
#1487 = VECTOR ( 'NONE', #2323, 1000.000000000000000 ) ;
#1488 = ORIENTED_EDGE ( 'NONE', *, *, #456, .F. ) ;
#1489 = VERTEX_POINT ( 'NONE', #353 ) ;
#1490 = EDGE_CURVE ( 'NONE', #2696, #124, #2223, .T. ) ;
#1491 = ORIENTED_EDGE ( 'NONE', *, *, #1346, .F. ) ;
#1492 = ORIENTED_EDGE ( 'NONE', *, *, #1116, .T. ) ;
#1493 = DIRECTION ( 'NONE',  ( 1.000000000000000000, 0.000000000000000000, 0.000000000000000000 ) ) ;
#1494 = DIRECTION ( 'NONE',  ( -0.000000000000000000, -1.000000000000000000, -0.000000000000000000 ) ) ;
#1495 = CARTESIAN_POINT ( 'NONE',  ( 0.000000000000000000, 0.000000000000000000, -120.0000000000000000 ) ) ;
#1496 = DIRECTION ( 'NONE',  ( -0.000000000000000000, -1.000000000000000000, -0.000000000000000000 ) ) ;
#1497 = EDGE_CURVE ( 'NONE', #2706, #847, #2073, .T. ) ;
#1498 = LINE ( 'NONE', #1678, #680 ) ;
#1499 = LINE ( 'NONE', #1195, #425 ) ;
#1500 = DIRECTION ( 'NONE',  ( 0.000000000000000000, -1.000000000000000000, 0.000000000000000000 ) ) ;
#1501 = ORIENTED_EDGE ( 'NONE', *, *, #753, .F. ) ;
#1502 = DIRECTION ( 'NONE',  ( 0.000000000000000000, 0.000000000000000000, 1.000000000000000000 ) ) ;
#1503 = CC_DESIGN_PERSON_AND_ORGANIZATION_ASSIGNMENT ( #3019, #1551, ( #2931 ) ) ;
#1504 = VERTEX_POINT ( 'NONE', #1099 ) ;
#1505 = EDGE_LOOP ( 'NONE', ( #3093, #3191, #2943, #1583 ) ) ;
#1506 = ORIENTED_EDGE ( 'NONE', *, *, #2814, .F. ) ;
#1507 = ADVANCED_FACE ( 'NONE', ( #1087 ), #1062, .F. ) ;
#1508 = ORIENTED_EDGE ( 'NONE', *, *, #604, .T. ) ;
#1509 = CARTESIAN_POINT ( 'NONE',  ( 2.000000000000000000, 36.00000000000000711, -19.25000000000000000 ) ) ;
#1510 = DIRECTION ( 'NONE',  ( 0.000000000000000000, 0.000000000000000000, -1.000000000000000000 ) ) ;
#1511 = DIRECTION ( 'NONE',  ( 1.000000000000000000, -0.000000000000000000, -0.000000000000000000 ) ) ;
#1512 = AXIS2_PLACEMENT_3D ( 'NONE', #146, #1151, #2812 ) ;
#1513 = CARTESIAN_POINT ( 'NONE',  ( 2.000000000000000000, 4.419999999999999041, -24.25000000000000000 ) ) ;
#1514 = CC_DESIGN_APPROVAL ( #1546, ( #2972 ) ) ;
#1515 = CARTESIAN_POINT ( 'NONE',  ( 106.0000000000000000, 10.71999999999999886, -45.99000000000000199 ) ) ;
#1516 = AXIS2_PLACEMENT_3D ( 'NONE', #1430, #2496, #1937 ) ;
#1517 = CARTESIAN_POINT ( 'NONE',  ( 99.99999999999998579, 0.000000000000000000, -7.500000000000000000 ) ) ;
#1518 = PLANE ( 'NONE',  #2172 ) ;
#1519 = VERTEX_POINT ( 'NONE', #3064 ) ;
#1520 = LINE ( 'NONE', #525, #1836 ) ;
#1521 = VERTEX_POINT ( 'NONE', #2637 ) ;
#1522 = EDGE_LOOP ( 'NONE', ( #744, #2439, #2990, #1969 ) ) ;
#1523 = EDGE_CURVE ( 'NONE', #132, #1967, #828, .T. ) ;
#1524 = LINE ( 'NONE', #55, #2729 ) ;
#1525 = DIRECTION ( 'NONE',  ( 0.000000000000000000, -1.000000000000000000, -0.000000000000000000 ) ) ;
#1526 = CARTESIAN_POINT ( 'NONE',  ( 2.000000000000000000, 22.01999999999999957, -13.25000000000000178 ) ) ;
#1527 = CARTESIAN_POINT ( 'NONE',  ( 6.059999999999996056, 0.000000000000000000, -5.800000000000002487 ) ) ;
#1528 = VECTOR ( 'NONE', #2767, 1000.000000000000000 ) ;
#1529 = CARTESIAN_POINT ( 'NONE',  ( 106.0000000000000000, 10.71999999999999886, -18.14000000000000412 ) ) ;
#1530 = DIRECTION ( 'NONE',  ( -0.000000000000000000, 0.000000000000000000, 1.000000000000000000 ) ) ;
#1531 = EDGE_CURVE ( 'NONE', #2155, #617, #1581, .T. ) ;
#1532 = CIRCLE ( 'NONE', #1421, 3.275000000000000355 ) ;
#1533 = ORIENTED_EDGE ( 'NONE', *, *, #1190, .T. ) ;
#1534 = VECTOR ( 'NONE', #3136, 1000.000000000000000 ) ;
#1535 = DIRECTION ( 'NONE',  ( 0.000000000000000000, -1.000000000000000000, 0.000000000000000000 ) ) ;
#1536 = AXIS2_PLACEMENT_3D ( 'NONE', #1712, #2702, #1556 ) ;
#1537 = VECTOR ( 'NONE', #1783, 1000.000000000000000 ) ;
#1538 = EDGE_LOOP ( 'NONE', ( #2245, #1233, #1949, #3183 ) ) ;
#1539 = AXIS2_PLACEMENT_3D ( 'NONE', #1125, #1842, #2398 ) ;
#1540 = CARTESIAN_POINT ( 'NONE',  ( 0.000000000000000000, 36.00000000000000711, 0.000000000000000000 ) ) ;
#1541 = AXIS2_PLACEMENT_3D ( 'NONE', #2153, #2117, #2857 ) ;
#1542 = PLANE ( 'NONE',  #1111 ) ;
#1543 = CIRCLE ( 'NONE', #2939, 3.275000000000000355 ) ;
#1544 = DIRECTION ( 'NONE',  ( 0.000000000000000000, 1.000000000000000000, 0.000000000000000000 ) ) ;
#1545 = DIRECTION ( 'NONE',  ( -1.000000000000000000, -0.000000000000000000, -0.000000000000000000 ) ) ;
#1546 = APPROVAL ( #2135, 'UNSPECIFIED' ) ;
#1547 = CARTESIAN_POINT ( 'NONE',  ( 6.059999999999996056, 0.02500000000000006384, -109.2499999999999858 ) ) ;
#1548 = CARTESIAN_POINT ( 'NONE',  ( 104.0000000000000000, 2.000000000000000000, -5.559278484686663191 ) ) ;
#1549 = ORIENTED_EDGE ( 'NONE', *, *, #2401, .F. ) ;
#1550 = VECTOR ( 'NONE', #199, 1000.000000000000000 ) ;
#1551 = PERSON_AND_ORGANIZATION_ROLE ( 'design_owner' ) ;
#1552 = ORIENTED_EDGE ( 'NONE', *, *, #1531, .T. ) ;
#1553 = EDGE_CURVE ( 'NONE', #1681, #406, #1283, .T. ) ;
#1554 = CYLINDRICAL_SURFACE ( 'NONE', #2213, 4.500000000000003553 ) ;
#1555 = PLANE ( 'NONE',  #2394 ) ;
#1556 = DIRECTION ( 'NONE',  ( 0.000000000000000000, 0.000000000000000000, -1.000000000000000000 ) ) ;
#1557 = PLANE ( 'NONE',  #2178 ) ;
#1558 = DIRECTION ( 'NONE',  ( 0.000000000000000000, 0.000000000000000000, -1.000000000000000000 ) ) ;
#1559 = ADVANCED_FACE ( 'NONE', ( #2572, #1347 ), #1614, .F. ) ;
#1560 = CIRCLE ( 'NONE', #1255, 2.000000000000001776 ) ;
#1561 = ORIENTED_EDGE ( 'NONE', *, *, #2285, .F. ) ;
#1562 = EDGE_CURVE ( 'NONE', #1043, #2450, #872, .T. ) ;
#1563 = AXIS2_PLACEMENT_3D ( 'NONE', #2032, #1773, #2576 ) ;
#1564 = VERTEX_POINT ( 'NONE', #2586 ) ;
#1565 = EDGE_CURVE ( 'NONE', #1835, #816, #2859, .T. ) ;
#1566 = VERTEX_POINT ( 'NONE', #367 ) ;
#1567 = EDGE_CURVE ( 'NONE', #2761, #1566, #96, .T. ) ;
#1568 = EDGE_LOOP ( 'NONE', ( #1725, #3050, #2745, #1072 ) ) ;
#1569 = FACE_BOUND ( 'NONE', #1199, .T. ) ;
#1570 = CARTESIAN_POINT ( 'NONE',  ( 104.0000000000000000, 36.00000000000000711, 0.000000000000000000 ) ) ;
#1571 = VECTOR ( 'NONE', #21, 1000.000000000000000 ) ;
#1572 = DIRECTION ( 'NONE',  ( -0.000000000000000000, -1.000000000000000000, -0.000000000000000000 ) ) ;
#1573 = CARTESIAN_POINT ( 'NONE',  ( 96.00000000000000000, 10.71999999999999886, -47.98999999999999488 ) ) ;
#1574 = VECTOR ( 'NONE', #164, 1000.000000000000000 ) ;
#1575 = LINE ( 'NONE', #1299, #2044 ) ;
#1576 = ORIENTED_EDGE ( 'NONE', *, *, #2276, .T. ) ;
#1577 = ORIENTED_EDGE ( 'NONE', *, *, #301, .F. ) ;
#1578 = AXIS2_PLACEMENT_3D ( 'NONE', #2251, #2508, #266 ) ;
#1579 = EDGE_LOOP ( 'NONE', ( #1576, #3185, #786, #2164 ) ) ;
#1580 = ORIENTED_EDGE ( 'NONE', *, *, #2232, .F. ) ;
#1581 = LINE ( 'NONE', #1871, #1485 ) ;
#1582 = AXIS2_PLACEMENT_3D ( 'NONE', #179, #2183, #2428 ) ;
#1583 = ORIENTED_EDGE ( 'NONE', *, *, #361, .F. ) ;
#1584 = FACE_OUTER_BOUND ( 'NONE', #1579, .T. ) ;
#1585 = DIRECTION ( 'NONE',  ( -0.000000000000000000, 1.000000000000000000, -0.000000000000000000 ) ) ;
#1586 = DIRECTION ( 'NONE',  ( 0.000000000000000000, 0.000000000000000000, -1.000000000000000000 ) ) ;
#1587 = CIRCLE ( 'NONE', #2314, 3.275000000000000355 ) ;
#1588 = AXIS2_PLACEMENT_3D ( 'NONE', #1376, #1884, #148 ) ;
#1589 = VECTOR ( 'NONE', #2642, 1000.000000000000000 ) ;
#1590 = CARTESIAN_POINT ( 'NONE',  ( 1.999999999999998224, 2.000000000000000000, -114.5615528128088272 ) ) ;
#1591 = FACE_OUTER_BOUND ( 'NONE', #1652, .T. ) ;
#1592 = EDGE_CURVE ( 'NONE', #2808, #1796, #2101, .T. ) ;
#1593 = EDGE_LOOP ( 'NONE', ( #1660, #1484, #475, #2841 ) ) ;
#1594 = VERTEX_POINT ( 'NONE', #2357 ) ;
#1595 = PERSON_AND_ORGANIZATION ( #793, #2801 ) ;
#1596 = AXIS2_PLACEMENT_3D ( 'NONE', #2078, #2093, #1049 ) ;
#1597 = ORIENTED_EDGE ( 'NONE', *, *, #2011, .T. ) ;
#1598 = DIRECTION ( 'NONE',  ( 0.000000000000000000, 1.000000000000000000, 0.000000000000000000 ) ) ;
#1599 = AXIS2_PLACEMENT_3D ( 'NONE', #502, #2003, #453 ) ;
#1600 = CC_DESIGN_PERSON_AND_ORGANIZATION_ASSIGNMENT ( #1595, #1628, ( #1396 ) ) ;
#1601 = PLANE ( 'NONE',  #2309 ) ;
#1602 = DIRECTION ( 'NONE',  ( 1.000000000000000000, 0.000000000000000000, 0.000000000000000000 ) ) ;
#1603 = LINE ( 'NONE', #1366, #1226 ) ;
#1604 = CARTESIAN_POINT ( 'NONE',  ( 106.0000000000000000, 10.71999999999999886, -20.13999999999999702 ) ) ;
#1605 = EDGE_CURVE ( 'NONE', #2112, #1028, #116, .T. ) ;
#1606 = VERTEX_POINT ( 'NONE', #3130 ) ;
#1607 = ORIENTED_EDGE ( 'NONE', *, *, #355, .T. ) ;
#1608 = EDGE_CURVE ( 'NONE', #1109, #1982, #1174, .T. ) ;
#1609 = DIRECTION ( 'NONE',  ( 0.000000000000000000, -1.000000000000000000, 1.734723475976806848E-16 ) ) ;
#1610 = DIRECTION ( 'NONE',  ( 0.000000000000000000, 0.000000000000000000, -1.000000000000000000 ) ) ;
#1611 = EDGE_LOOP ( 'NONE', ( #2015, #69, #79, #995 ) ) ;
#1612 = ORIENTED_EDGE ( 'NONE', *, *, #1076, .F. ) ;
#1613 = COORDINATED_UNIVERSAL_TIME_OFFSET ( 1, 0, .AHEAD. ) ;
#1614 = PLANE ( 'NONE',  #2315 ) ;
#1615 = FACE_BOUND ( 'NONE', #3119, .T. ) ;
#1616 = EDGE_CURVE ( 'NONE', #2788, #1504, #2352, .T. ) ;
#1617 = CARTESIAN_POINT ( 'NONE',  ( 96.00000000000000000, 24.11999999999999744, -71.90000000000001990 ) ) ;
#1618 = CARTESIAN_POINT ( 'NONE',  ( 0.000000000000000000, 0.000000000000000000, -118.0000000000000000 ) ) ;
#1619 = CARTESIAN_POINT ( 'NONE',  ( 2.000000000000000000, 0.000000000000000000, -118.0000000000000000 ) ) ;
#1620 = ORIENTED_EDGE ( 'NONE', *, *, #1715, .T. ) ;
#1621 = ORIENTED_EDGE ( 'NONE', *, *, #1699, .T. ) ;
#1622 = CARTESIAN_POINT ( 'NONE',  ( 2.000000000000000000, 6.000000000000000000, -114.5615528128088272 ) ) ;
#1623 = CARTESIAN_POINT ( 'NONE',  ( 96.00000000000000000, 10.71999999999999886, -28.29999999999999716 ) ) ;
#1624 = ORIENTED_EDGE ( 'NONE', *, *, #1565, .F. ) ;
#1625 = CARTESIAN_POINT ( 'NONE',  ( 99.99999999999998579, 0.000000000000000000, -7.500000000000000000 ) ) ;
#1626 = ADVANCED_FACE ( 'NONE', ( #1679 ), #335, .F. ) ;
#1627 = VERTEX_POINT ( 'NONE', #1644 ) ;
#1628 = PERSON_AND_ORGANIZATION_ROLE ( 'classification_officer' ) ;
#1629 = VERTEX_POINT ( 'NONE', #379 ) ;
#1630 = CARTESIAN_POINT ( 'NONE',  ( 96.00000000000000000, 10.71999999999999886, -91.32999999999999829 ) ) ;
#1631 = DIRECTION ( 'NONE',  ( -0.000000000000000000, -1.000000000000000000, -0.000000000000000000 ) ) ;
#1632 = AXIS2_PLACEMENT_3D ( 'NONE', #772, #38, #1054 ) ;
#1633 = FACE_BOUND ( 'NONE', #2038, .T. ) ;
#1634 = LINE ( 'NONE', #357, #2621 ) ;
#1635 = DIRECTION ( 'NONE',  ( -0.000000000000000000, -1.000000000000000000, -0.000000000000000000 ) ) ;
#1636 = ORIENTED_EDGE ( 'NONE', *, *, #2850, .F. ) ;
#1637 = ORIENTED_EDGE ( 'NONE', *, *, #1105, .T. ) ;
#1638 = VECTOR ( 'NONE', #696, 1000.000000000000000 ) ;
#1639 = DIRECTION ( 'NONE',  ( 0.000000000000000000, 0.000000000000000000, -1.000000000000000000 ) ) ;
#1640 = CARTESIAN_POINT ( 'NONE',  ( 6.059999999999996056, 3.399999999999999467, -10.75000000000000000 ) ) ;
#1641 = DIRECTION ( 'NONE',  ( 0.000000000000000000, -0.000000000000000000, 1.000000000000000000 ) ) ;
#1642 = AXIS2_PLACEMENT_3D ( 'NONE', #1887, #3146, #131 ) ;
#1643 = ORIENTED_EDGE ( 'NONE', *, *, #2513, .T. ) ;
#1644 = CARTESIAN_POINT ( 'NONE',  ( 99.93999999999999773, 2.000000000000000000, -12.00000000000000355 ) ) ;
#1645 = EDGE_CURVE ( 'NONE', #2503, #1967, #2929, .T. ) ;
#1646 = ORIENTED_EDGE ( 'NONE', *, *, #2658, .F. ) ;
#1647 = DIRECTION ( 'NONE',  ( 0.000000000000000000, 1.000000000000000000, 0.000000000000000000 ) ) ;
#1648 = DIRECTION ( 'NONE',  ( 0.000000000000000000, 1.000000000000000000, 0.000000000000000000 ) ) ;
#1649 = EDGE_LOOP ( 'NONE', ( #244, #2311, #2930, #1552 ) ) ;
#1650 = CARTESIAN_POINT ( 'NONE',  ( 104.0000000000000000, 24.11999999999999744, -91.32999999999999829 ) ) ;
#1651 = LINE ( 'NONE', #138, #592 ) ;
#1652 = EDGE_LOOP ( 'NONE', ( #3118, #2262, #1193, #212 ) ) ;
#1653 = ORIENTED_EDGE ( 'NONE', *, *, #1381, .T. ) ;
#1654 = CARTESIAN_POINT ( 'NONE',  ( 96.00000000000000000, 10.71999999999999886, -99.48999999999999488 ) ) ;
#1655 = DIRECTION ( 'NONE',  ( 1.000000000000000000, -0.000000000000000000, -0.000000000000000000 ) ) ;
#1656 = DIRECTION ( 'NONE',  ( 0.000000000000000000, 0.000000000000000000, -1.000000000000000000 ) ) ;
#1657 = DIRECTION ( 'NONE',  ( 0.000000000000000000, 1.000000000000000000, 0.000000000000000000 ) ) ;
#1658 = ORIENTED_EDGE ( 'NONE', *, *, #304, .F. ) ;
#1659 = FACE_BOUND ( 'NONE', #432, .T. ) ;
#1660 = ORIENTED_EDGE ( 'NONE', *, *, #1901, .T. ) ;
#1661 = DIRECTION ( 'NONE',  ( 0.000000000000000000, -0.000000000000000000, 1.000000000000000000 ) ) ;
#1662 = EDGE_CURVE ( 'NONE', #323, #656, #1903, .T. ) ;
#1663 = VECTOR ( 'NONE', #2798, 1000.000000000000000 ) ;
#1664 = DIRECTION ( 'NONE',  ( 0.000000000000000000, 0.000000000000000000, 1.000000000000000000 ) ) ;
#1665 = EDGE_CURVE ( 'NONE', #2259, #1941, #1921, .T. ) ;
#1666 = APPROVAL_PERSON_ORGANIZATION ( #303, #2350, #3094 ) ;
#1667 = AXIS2_PLACEMENT_3D ( 'NONE', #2690, #3182, #505 ) ;
#1668 = ORIENTED_EDGE ( 'NONE', *, *, #1251, .F. ) ;
#1669 = CYLINDRICAL_SURFACE ( 'NONE', #1958, 3.250000000000002665 ) ;
#1670 = LINE ( 'NONE', #672, #1377 ) ;
#1671 = EDGE_CURVE ( 'NONE', #1967, #1489, #2670, .T. ) ;
#1672 = ORIENTED_EDGE ( 'NONE', *, *, #2606, .T. ) ;
#1673 = VERTEX_POINT ( 'NONE', #1698 ) ;
#1674 = DIRECTION ( 'NONE',  ( -0.000000000000000000, 1.000000000000000000, -0.000000000000000000 ) ) ;
#1675 = FACE_OUTER_BOUND ( 'NONE', #758, .T. ) ;
#1676 = DIRECTION ( 'NONE',  ( 0.000000000000000000, -1.000000000000000000, 4.752667057470705368E-16 ) ) ;
#1677 = LINE ( 'NONE', #436, #1793 ) ;
#1678 = CARTESIAN_POINT ( 'NONE',  ( 104.0000000000000000, 24.11999999999999744, 0.000000000000000000 ) ) ;
#1679 = FACE_OUTER_BOUND ( 'NONE', #360, .T. ) ;
#1680 = ORIENTED_EDGE ( 'NONE', *, *, #3020, .F. ) ;
#1681 = VERTEX_POINT ( 'NONE', #2633 ) ;
#1682 = FACE_OUTER_BOUND ( 'NONE', #400, .T. ) ;
#1683 = VECTOR ( 'NONE', #1511, 1000.000000000000000 ) ;
#1684 = PLANE ( 'NONE',  #2216 ) ;
#1685 = VERTEX_POINT ( 'NONE', #1152 ) ;
#1686 = EDGE_LOOP ( 'NONE', ( #879, #1387 ) ) ;
#1687 = EDGE_CURVE ( 'NONE', #406, #1564, #712, .T. ) ;
#1688 = VECTOR ( 'NONE', #2376, 1000.000000000000000 ) ;
#1689 = VERTEX_POINT ( 'NONE', #2613 ) ;
#1690 = DIRECTION ( 'NONE',  ( 0.000000000000000000, 0.000000000000000000, -1.000000000000000000 ) ) ;
#1691 = DIRECTION ( 'NONE',  ( 0.000000000000000000, -1.000000000000000000, -0.000000000000000000 ) ) ;
#1692 = VECTOR ( 'NONE', #682, 1000.000000000000000 ) ;
#1693 = LINE ( 'NONE', #2981, #1436 ) ;
#1694 = VECTOR ( 'NONE', #2305, 1000.000000000000000 ) ;
#1695 = CARTESIAN_POINT ( 'NONE',  ( 96.00000000000000000, 24.11999999999999744, -91.32999999999999829 ) ) ;
#1696 = VECTOR ( 'NONE', #1417, 1000.000000000000000 ) ;
#1697 = FACE_OUTER_BOUND ( 'NONE', #93, .T. ) ;
#1698 = CARTESIAN_POINT ( 'NONE',  ( 104.0000000000000000, 2.000000000000000000, -9.440721515313336809 ) ) ;
#1699 = EDGE_CURVE ( 'NONE', #2742, #364, #1701, .T. ) ;
#1700 = ORIENTED_EDGE ( 'NONE', *, *, #1565, .T. ) ;
#1701 = CIRCLE ( 'NONE', #649, 4.500000000000003553 ) ;
#1702 = ORIENTED_EDGE ( 'NONE', *, *, #3098, .T. ) ;
#1703 = CARTESIAN_POINT ( 'NONE',  ( 99.99999999999998579, 0.000000000000000000, -10.75000000000000178 ) ) ;
#1704 = CARTESIAN_POINT ( 'NONE',  ( 104.0000000000000000, 10.71999999999999886, -63.74000000000001620 ) ) ;
#1705 = ORIENTED_EDGE ( 'NONE', *, *, #1230, .F. ) ;
#1706 = ORIENTED_EDGE ( 'NONE', *, *, #1671, .F. ) ;
#1707 = EDGE_CURVE ( 'NONE', #1246, #1945, #685, .T. ) ;
#1708 = ORIENTED_EDGE ( 'NONE', *, *, #1864, .T. ) ;
#1709 = ORIENTED_EDGE ( 'NONE', *, *, #993, .T. ) ;
#1710 = CARTESIAN_POINT ( 'NONE',  ( 10.00000000000000000, 7.419999999999999929, -30.24999999999999645 ) ) ;
#1711 = FACE_OUTER_BOUND ( 'NONE', #771, .T. ) ;
#1712 = CARTESIAN_POINT ( 'NONE',  ( 99.99999999999998579, 0.000000000000000000, -112.4999999999999858 ) ) ;
#1713 = VECTOR ( 'NONE', #2425, 1000.000000000000000 ) ;
#1714 = DIRECTION ( 'NONE',  ( -0.000000000000000000, -0.000000000000000000, 1.000000000000000000 ) ) ;
#1715 = EDGE_CURVE ( 'NONE', #647, #1182, #111, .T. ) ;
#1716 = PLANE ( 'NONE',  #2803 ) ;
#1717 = DIRECTION ( 'NONE',  ( -1.000000000000000000, 0.000000000000000000, -0.000000000000000000 ) ) ;
#1718 = ORIENTED_EDGE ( 'NONE', *, *, #2068, .T. ) ;
#1719 = ORIENTED_EDGE ( 'NONE', *, *, #220, .T. ) ;
#1720 = DIRECTION ( 'NONE',  ( 0.000000000000000000, 0.000000000000000000, -1.000000000000000000 ) ) ;
#1721 = EDGE_LOOP ( 'NONE', ( #2592, #3224, #1416, #372 ) ) ;
#1722 = ORIENTED_EDGE ( 'NONE', *, *, #1208, .T. ) ;
#1723 = ORIENTED_EDGE ( 'NONE', *, *, #799, .F. ) ;
#1724 = EDGE_CURVE ( 'NONE', #1211, #441, #910, .T. ) ;
#1725 = ORIENTED_EDGE ( 'NONE', *, *, #2320, .F. ) ;
#1726 = LINE ( 'NONE', #2715, #1638 ) ;
#1727 = CARTESIAN_POINT ( 'NONE',  ( 6.059999999999996056, 0.000000000000000000, -7.500000000000000000 ) ) ;
#1728 = DIRECTION ( 'NONE',  ( 0.000000000000000000, 0.000000000000000000, -1.000000000000000000 ) ) ;
#1729 = CIRCLE ( 'NONE', #1145, 4.500000000000003553 ) ;
#1730 = CARTESIAN_POINT ( 'NONE',  ( 6.059999999999996056, 6.000000000000000000, -114.1999999999999886 ) ) ;
#1731 = EDGE_CURVE ( 'NONE', #1945, #2155, #1115, .T. ) ;
#1732 = LINE ( 'NONE', #488, #2057 ) ;
#1733 = DIRECTION ( 'NONE',  ( 0.000000000000000000, -0.000000000000000000, -1.000000000000000000 ) ) ;
#1734 = ADVANCED_FACE ( 'NONE', ( #623, #1392, #663, #1659, #1134, #2133, #2910, #886, #2387 ), #2651, .F. ) ;
#1735 = ORIENTED_EDGE ( 'NONE', *, *, #2754, .F. ) ;
#1736 = AXIS2_PLACEMENT_3D ( 'NONE', #533, #173, #506 ) ;
#1737 = DIRECTION ( 'NONE',  ( 0.000000000000000000, 1.000000000000000000, 0.000000000000000000 ) ) ;
#1738 = EDGE_LOOP ( 'NONE', ( #1708, #2019, #880, #1452 ) ) ;
#1739 = CIRCLE ( 'NONE', #891, 4.500000000000003553 ) ;
#1740 = ORIENTED_EDGE ( 'NONE', *, *, #52, .F. ) ;
#1741 = ORIENTED_EDGE ( 'NONE', *, *, #905, .F. ) ;
#1742 = CARTESIAN_POINT ( 'NONE',  ( 99.99999999999998579, 0.02500000000000006384, -112.4999999999999858 ) ) ;
#1743 = FACE_OUTER_BOUND ( 'NONE', #1456, .T. ) ;
#1744 = DIRECTION ( 'NONE',  ( 0.000000000000000000, 1.000000000000000000, -0.000000000000000000 ) ) ;
#1745 = CARTESIAN_POINT ( 'NONE',  ( 104.0000000000000000, 36.00000000000000711, -82.06000000000000227 ) ) ;
#1746 = VECTOR ( 'NONE', #16, 1000.000000000000000 ) ;
#1747 = CARTESIAN_POINT ( 'NONE',  ( 10.00000000000000000, 22.01999999999999957, -13.25000000000000178 ) ) ;
#1748 = AXIS2_PLACEMENT_3D ( 'NONE', #1996, #2934, #710 ) ;
#1749 = DIRECTION ( 'NONE',  ( 0.000000000000000000, -0.000000000000000000, 1.000000000000000000 ) ) ;
#1750 = VERTEX_POINT ( 'NONE', #420 ) ;
#1751 = VECTOR ( 'NONE', #2045, 1000.000000000000000 ) ;
#1752 = ADVANCED_FACE ( 'NONE', ( #2873, #3166 ), #1409, .F. ) ;
#1753 = DIRECTION ( 'NONE',  ( 0.000000000000000000, 0.000000000000000000, 1.000000000000000000 ) ) ;
#1754 = VECTOR ( 'NONE', #2463, 1000.000000000000000 ) ;
#1755 = ORIENTED_EDGE ( 'NONE', *, *, #135, .F. ) ;
#1756 = EDGE_LOOP ( 'NONE', ( #2569, #1771, #554, #1331 ) ) ;
#1757 = EDGE_LOOP ( 'NONE', ( #1997, #3173, #931, #1923 ) ) ;
#1758 = CARTESIAN_POINT ( 'NONE',  ( 3.000000000000000000, 7.420000000000000817, -19.25000000000000000 ) ) ;
#1759 = DIRECTION ( 'NONE',  ( 0.000000000000000000, 0.000000000000000000, -1.000000000000000000 ) ) ;
#1760 = CARTESIAN_POINT ( 'NONE',  ( 104.0000000000000000, 10.72000000000000064, 0.000000000000000000 ) ) ;
#1761 = DIRECTION ( 'NONE',  ( -0.000000000000000000, -1.000000000000000000, -0.000000000000000000 ) ) ;
#1762 = AXIS2_PLACEMENT_3D ( 'NONE', #1573, #794, #1339 ) ;
#1763 = LINE ( 'NONE', #521, #642 ) ;
#1764 = PLANE ( 'NONE',  #999 ) ;
#1765 = FACE_OUTER_BOUND ( 'NONE', #1471, .T. ) ;
#1766 = EDGE_CURVE ( 'NONE', #393, #1504, #769, .T. ) ;
#1767 = EDGE_LOOP ( 'NONE', ( #1755, #687, #2885, #1071 ) ) ;
#1768 =( NAMED_UNIT ( * ) SI_UNIT ( $, .STERADIAN. ) SOLID_ANGLE_UNIT ( ) );
#1769 = ORIENTED_EDGE ( 'NONE', *, *, #2011, .F. ) ;
#1770 = ADVANCED_FACE ( 'NONE', ( #205 ), #957, .F. ) ;
#1771 = ORIENTED_EDGE ( 'NONE', *, *, #1662, .T. ) ;
#1772 = LINE ( 'NONE', #2546, #898 ) ;
#1773 = DIRECTION ( 'NONE',  ( -0.000000000000000000, -1.000000000000000000, -0.000000000000000000 ) ) ;
#1774 = EDGE_CURVE ( 'NONE', #1750, #847, #1450, .T. ) ;
#1775 = FACE_OUTER_BOUND ( 'NONE', #1568, .T. ) ;
#1776 = CYLINDRICAL_SURFACE ( 'NONE', #1167, 1.699999999999993072 ) ;
#1777 = PLANE ( 'NONE',  #887 ) ;
#1778 = DIRECTION ( 'NONE',  ( -0.000000000000000000, 1.000000000000000000, -0.000000000000000000 ) ) ;
#1779 = EDGE_LOOP ( 'NONE', ( #2724, #3190, #1144, #1492 ) ) ;
#1780 = CARTESIAN_POINT ( 'NONE',  ( 104.0000000000000000, 36.00000000000000711, -118.0000000000000000 ) ) ;
#1781 = EDGE_LOOP ( 'NONE', ( #1378, #315, #1262, #2457 ) ) ;
#1782 = EDGE_CURVE ( 'NONE', #1182, #114, #507, .T. ) ;
#1783 = DIRECTION ( 'NONE',  ( -1.000000000000000000, -0.000000000000000000, -0.000000000000000000 ) ) ;
#1784 = CARTESIAN_POINT ( 'NONE',  ( 6.059999999999996056, 3.399999999999999467, -4.250000000000000000 ) ) ;
#1785 = CARTESIAN_POINT ( 'NONE',  ( 99.99999999999998579, 6.000000000000000000, -112.4999999999999858 ) ) ;
#1786 = EDGE_CURVE ( 'NONE', #406, #2127, #2270, .T. ) ;
#1787 = CARTESIAN_POINT ( 'NONE',  ( 99.99999999999998579, 0.000000000000000000, -112.4999999999999858 ) ) ;
#1788 = CARTESIAN_POINT ( 'NONE',  ( 2.000000000000000000, 36.00000000000000711, -120.0000000000000000 ) ) ;
#1789 = DIRECTION ( 'NONE',  ( -0.000000000000000000, 0.000000000000000000, 1.000000000000000000 ) ) ;
#1790 = CIRCLE ( 'NONE', #902, 3.250000000000002665 ) ;
#1791 = ORIENTED_EDGE ( 'NONE', *, *, #45, .T. ) ;
#1792 = ADVANCED_FACE ( 'NONE', ( #1765 ), #1518, .F. ) ;
#1793 = VECTOR ( 'NONE', #2870, 1000.000000000000000 ) ;
#1794 = DIRECTION ( 'NONE',  ( 1.000000000000000000, 0.000000000000000000, 0.000000000000000000 ) ) ;
#1795 = CIRCLE ( 'NONE', #380, 3.249999999999999556 ) ;
#1796 = VERTEX_POINT ( 'NONE', #268 ) ;
#1797 = CIRCLE ( 'NONE', #1896, 1.699999999999998401 ) ;
#1798 = DIRECTION ( 'NONE',  ( -0.000000000000000000, -1.000000000000000000, -0.000000000000000000 ) ) ;
#1799 = EDGE_CURVE ( 'NONE', #1240, #2062, #177, .T. ) ;
#1800 = DIRECTION ( 'NONE',  ( -1.000000000000000000, 0.000000000000000000, 0.000000000000000000 ) ) ;
#1801 = VECTOR ( 'NONE', #358, 1000.000000000000000 ) ;
#1802 = CARTESIAN_POINT ( 'NONE',  ( 96.00000000000000000, 10.71999999999999886, -91.32999999999999829 ) ) ;
#1803 = CARTESIAN_POINT ( 'NONE',  ( 6.000000000000000000, 6.000000000000000000, -112.4999999999999858 ) ) ;
#1804 = FACE_OUTER_BOUND ( 'NONE', #2562, .T. ) ;
#1805 = CARTESIAN_POINT ( 'NONE',  ( 99.93999999999999773, 2.000000000000000000, -107.9999999999999858 ) ) ;
#1806 = EDGE_CURVE ( 'NONE', #1052, #1606, #2757, .T. ) ;
#1807 = ORIENTED_EDGE ( 'NONE', *, *, #76, .F. ) ;
#1808 = ORIENTED_EDGE ( 'NONE', *, *, #3084, .T. ) ;
#1809 = DIRECTION ( 'NONE',  ( 1.000000000000000000, 0.000000000000000000, -0.000000000000000000 ) ) ;
#1810 = LINE ( 'NONE', #662, #256 ) ;
#1811 = ORIENTED_EDGE ( 'NONE', *, *, #27, .T. ) ;
#1812 = LINE ( 'NONE', #843, #1055 ) ;
#1813 = CARTESIAN_POINT ( 'NONE',  ( 104.0000000000000000, 5.999999999999998224, 0.000000000000000000 ) ) ;
#1814 = DIRECTION ( 'NONE',  ( 0.000000000000000000, 0.000000000000000000, -1.000000000000000000 ) ) ;
#1815 = EDGE_CURVE ( 'NONE', #656, #1835, #489, .T. ) ;
#1816 = CARTESIAN_POINT ( 'NONE',  ( 3.000000000000000000, 4.419999999999999041, -24.25000000000000000 ) ) ;
#1817 = CLOSED_SHELL ( 'NONE', ( #2035, #1455, #40, #2411, #1480, #1925, #1507, #2330, #775, #940, #1039, #299, #1353, #2986, #1146, #1135, #398, #2688, #966, #3209, #269, #2105, #627, #2861, #2214, #472, #1734, #552, #1839, #948, #2046, #2727, #1042, #2893, #867, #2853, #476, #2030, #988, #105, #2747, #1121, #1819, #2042, #1468, #1559, #620, #1626, #2743, #713, #430, #2283, #2486, #1752, #2993, #562, #2396, #721, #913, #2287, #162, #1991, #91, #1851, #1327, #1123, #82, #3135, #1241, #186, #3231, #1166, #61, #841, #2629, #785, #3096, #1046, #2060, #756, #804, #1216, #2527, #2372, #645, #2831, #1792, #19, #1770, #822, #70, #2722, #2138, #2295, #2474, #2704, #1968, #391, #836 ) ) ;
#1818 = CARTESIAN_POINT ( 'NONE',  ( 2.000000000000000000, 22.01999999999999957, 0.000000000000000000 ) ) ;
#1819 = ADVANCED_FACE ( 'NONE', ( #241 ), #459, .T. ) ;
#1820 = ORIENTED_EDGE ( 'NONE', *, *, #1140, .T. ) ;
#1821 = CIRCLE ( 'NONE', #3240, 3.250000000000002665 ) ;
#1822 = EDGE_CURVE ( 'NONE', #1629, #716, #2061, .T. ) ;
#1823 = ORIENTED_EDGE ( 'NONE', *, *, #2488, .T. ) ;
#1824 = LINE ( 'NONE', #1654, #3043 ) ;
#1825 = CARTESIAN_POINT ( 'NONE',  ( 2.000000000000000000, 4.419999999999999929, -19.25000000000000000 ) ) ;
#1826 = FACE_BOUND ( 'NONE', #2826, .T. ) ;
#1827 = CARTESIAN_POINT ( 'NONE',  ( 96.00000000000000000, 24.11999999999999744, -18.14000000000000412 ) ) ;
#1828 = AXIS2_PLACEMENT_3D ( 'NONE', #388, #569, #1383 ) ;
#1829 = CARTESIAN_POINT ( 'NONE',  ( 6.059999999999996056, 0.000000000000000000, -112.4999999999999858 ) ) ;
#1830 = EDGE_CURVE ( 'NONE', #1941, #2297, #2449, .T. ) ;
#1831 = DIRECTION ( 'NONE',  ( 0.000000000000000000, 1.000000000000000000, 0.000000000000000000 ) ) ;
#1832 = AXIS2_PLACEMENT_3D ( 'NONE', #217, #2250, #2494 ) ;
#1833 = DIRECTION ( 'NONE',  ( 0.000000000000000000, -1.734723475976806848E-16, -1.000000000000000000 ) ) ;
#1834 = ORIENTED_EDGE ( 'NONE', *, *, #1724, .F. ) ;
#1835 = VERTEX_POINT ( 'NONE', #974 ) ;
#1836 = VECTOR ( 'NONE', #2298, 1000.000000000000000 ) ;
#1837 = ORIENTED_EDGE ( 'NONE', *, *, #382, .F. ) ;
#1838 = DIRECTION ( 'NONE',  ( 0.000000000000000000, 1.000000000000000000, 0.000000000000000000 ) ) ;
#1839 = ADVANCED_FACE ( 'NONE', ( #2985, #2498, #2207, #1960, #2951 ), #2482, .T. ) ;
#1840 = AXIS2_PLACEMENT_3D ( 'NONE', #2889, #3181, #1462 ) ;
#1841 = DIRECTION ( 'NONE',  ( -0.000000000000000000, -1.000000000000000000, -0.000000000000000000 ) ) ;
#1842 = DIRECTION ( 'NONE',  ( -0.000000000000000000, 1.000000000000000000, -0.000000000000000000 ) ) ;
#1843 = DIRECTION ( 'NONE',  ( -0.000000000000000000, 1.000000000000000000, -0.000000000000000000 ) ) ;
#1844 = EDGE_LOOP ( 'NONE', ( #1867, #499, #378, #1279, #2408, #1442, #12, #2635 ) ) ;
#1845 = AXIS2_PLACEMENT_3D ( 'NONE', #1239, #2239, #1749 ) ;
#1846 = ORIENTED_EDGE ( 'NONE', *, *, #2013, .F. ) ;
#1847 = AXIS2_PLACEMENT_3D ( 'NONE', #59, #1544, #2291 ) ;
#1848 = DIRECTION ( 'NONE',  ( -0.000000000000000000, -1.000000000000000000, -0.000000000000000000 ) ) ;
#1849 = DIRECTION ( 'NONE',  ( 0.000000000000000000, 1.000000000000000000, 0.000000000000000000 ) ) ;
#1850 = VERTEX_POINT ( 'NONE', #1979 ) ;
#1851 = ADVANCED_FACE ( 'NONE', ( #752 ), #2970, .F. ) ;
#1852 = VERTEX_POINT ( 'NONE', #255 ) ;
#1853 = DATE_TIME_ROLE ( 'classification_date' ) ;
#1854 = VECTOR ( 'NONE', #2235, 1000.000000000000000 ) ;
#1855 = DIRECTION ( 'NONE',  ( 0.000000000000000000, -1.000000000000000000, 0.000000000000000000 ) ) ;
#1856 = AXIS2_PLACEMENT_3D ( 'NONE', #2114, #937, #2405 ) ;
#1857 = LINE ( 'NONE', #651, #3087 ) ;
#1858 = EDGE_CURVE ( 'NONE', #1521, #1040, #2255, .T. ) ;
#1859 = CARTESIAN_POINT ( 'NONE',  ( 2.000000000000000000, 2.000000000000000000, -118.0000000000000000 ) ) ;
#1860 = CARTESIAN_POINT ( 'NONE',  ( 6.059999999999996056, 0.000000000000000000, -7.500000000000000000 ) ) ;
#1861 = DIRECTION ( 'NONE',  ( 0.000000000000000000, 0.000000000000000000, -1.000000000000000000 ) ) ;
#1862 = VERTEX_POINT ( 'NONE', #1805 ) ;
#1863 = ORIENTED_EDGE ( 'NONE', *, *, #1424, .F. ) ;
#1864 = EDGE_CURVE ( 'NONE', #2786, #2808, #2541, .T. ) ;
#1865 = CARTESIAN_POINT ( 'NONE',  ( 6.059999999999996056, 0.000000000000000000, -109.2499999999999858 ) ) ;
#1866 = CARTESIAN_POINT ( 'NONE',  ( 104.0000000000000000, 24.11999999999999744, 0.000000000000000000 ) ) ;
#1867 = ORIENTED_EDGE ( 'NONE', *, *, #1497, .T. ) ;
#1868 = DIRECTION ( 'NONE',  ( 0.000000000000000000, 0.000000000000000000, 1.000000000000000000 ) ) ;
#1869 = ORIENTED_EDGE ( 'NONE', *, *, #2674, .F. ) ;
#1870 = ORIENTED_EDGE ( 'NONE', *, *, #1858, .T. ) ;
#1871 = CARTESIAN_POINT ( 'NONE',  ( 106.0000000000000000, 36.00000000000000711, -2.000000000000000000 ) ) ;
#1872 = LINE ( 'NONE', #2860, #168 ) ;
#1873 = DIRECTION ( 'NONE',  ( 0.000000000000000000, 0.000000000000000000, -1.000000000000000000 ) ) ;
#1874 = CARTESIAN_POINT ( 'NONE',  ( 6.059999999999996056, 0.000000000000000000, -10.77500000000000036 ) ) ;
#1875 = DIRECTION ( 'NONE',  ( 0.000000000000000000, -0.000000000000000000, 1.000000000000000000 ) ) ;
#1876 = EDGE_LOOP ( 'NONE', ( #1983, #967, #246, #1342 ) ) ;
#1877 = ORIENTED_EDGE ( 'NONE', *, *, #2634, .F. ) ;
#1878 = CIRCLE ( 'NONE', #480, 3.275000000000000355 ) ;
#1879 = LINE ( 'NONE', #2348, #292 ) ;
#1880 = CARTESIAN_POINT ( 'NONE',  ( 104.0000000000000000, 36.00000000000000711, -101.4899999999999949 ) ) ;
#1881 = LINE ( 'NONE', #144, #2994 ) ;
#1882 = ORIENTED_EDGE ( 'NONE', *, *, #2942, .F. ) ;
#1883 = AXIS2_PLACEMENT_3D ( 'NONE', #938, #1973, #2202 ) ;
#1884 = DIRECTION ( 'NONE',  ( -1.000000000000000000, 0.000000000000000000, 0.000000000000000000 ) ) ;
#1885 = VERTEX_POINT ( 'NONE', #3041 ) ;
#1886 = EDGE_CURVE ( 'NONE', #3147, #114, #534, .T. ) ;
#1887 = CARTESIAN_POINT ( 'NONE',  ( 6.059999999999996056, 0.000000000000000000, -112.4999999999999858 ) ) ;
#1888 = AXIS2_PLACEMENT_3D ( 'NONE', #584, #1088, #3115 ) ;
#1889 = FACE_OUTER_BOUND ( 'NONE', #2242, .T. ) ;
#1890 = VECTOR ( 'NONE', #2726, 1000.000000000000000 ) ;
#1891 = ORIENTED_EDGE ( 'NONE', *, *, #531, .T. ) ;
#1892 = DIRECTION ( 'NONE',  ( 0.000000000000000000, 0.000000000000000000, 1.000000000000000000 ) ) ;
#1893 = DIRECTION ( 'NONE',  ( -0.000000000000000000, -1.000000000000000000, -0.000000000000000000 ) ) ;
#1894 = ORIENTED_EDGE ( 'NONE', *, *, #2513, .F. ) ;
#1895 = ORIENTED_EDGE ( 'NONE', *, *, #2920, .T. ) ;
#1896 = AXIS2_PLACEMENT_3D ( 'NONE', #3101, #2623, #599 ) ;
#1897 = CARTESIAN_POINT ( 'NONE',  ( 6.059999999999996056, 0.000000000000000000, -10.77500000000000036 ) ) ;
#1898 = DIRECTION ( 'NONE',  ( 1.000000000000000000, 0.000000000000000000, -0.000000000000000000 ) ) ;
#1899 = CARTESIAN_POINT ( 'NONE',  ( 99.99999999999998579, 6.000000000000000000, -5.800000000000006928 ) ) ;
#1900 = VECTOR ( 'NONE', #2136, 1000.000000000000000 ) ;
#1901 = EDGE_CURVE ( 'NONE', #1473, #2761, #2282, .T. ) ;
#1902 = CARTESIAN_POINT ( 'NONE',  ( 99.99999999999998579, 0.000000000000000000, -7.500000000000000000 ) ) ;
#1903 = LINE ( 'NONE', #1192, #1433 ) ;
#1904 = EDGE_CURVE ( 'NONE', #978, #11, #3028, .T. ) ;
#1905 = ORIENTED_EDGE ( 'NONE', *, *, #1310, .T. ) ;
#1906 = ORIENTED_EDGE ( 'NONE', *, *, #1858, .F. ) ;
#1907 = EDGE_CURVE ( 'NONE', #181, #2351, #1575, .T. ) ;
#1908 = CARTESIAN_POINT ( 'NONE',  ( 99.93999999999999773, 2.000000000000000000, -2.999999999999994671 ) ) ;
#1909 = VECTOR ( 'NONE', #1066, 1000.000000000000000 ) ;
#1910 = DIRECTION ( 'NONE',  ( 0.000000000000000000, -0.000000000000000000, 1.000000000000000000 ) ) ;
#1911 = EDGE_LOOP ( 'NONE', ( #2976, #2418, #2922, #3241 ) ) ;
#1912 = DIRECTION ( 'NONE',  ( -0.000000000000000000, -1.000000000000000000, -0.000000000000000000 ) ) ;
#1913 = DIRECTION ( 'NONE',  ( 1.734723475976805714E-15, 0.000000000000000000, -1.000000000000000000 ) ) ;
#1914 = VERTEX_POINT ( 'NONE', #298 ) ;
#1915 = ORIENTED_EDGE ( 'NONE', *, *, #1774, .F. ) ;
#1916 = DIRECTION ( 'NONE',  ( 0.000000000000000000, 0.000000000000000000, -1.000000000000000000 ) ) ;
#1917 = CARTESIAN_POINT ( 'NONE',  ( 96.00000000000000000, 24.11999999999999744, -101.4899999999999949 ) ) ;
#1918 = CARTESIAN_POINT ( 'NONE',  ( 104.0000000000000000, 10.71999999999999886, -71.90000000000001990 ) ) ;
#1919 = FACE_OUTER_BOUND ( 'NONE', #2512, .T. ) ;
#1920 = DIRECTION ( 'NONE',  ( 0.000000000000000000, 1.000000000000000000, -0.000000000000000000 ) ) ;
#1921 = LINE ( 'NONE', #2373, #851 ) ;
#1922 = VERTEX_POINT ( 'NONE', #1548 ) ;
#1923 = ORIENTED_EDGE ( 'NONE', *, *, #2638, .T. ) ;
#1924 = LINE ( 'NONE', #2656, #2983 ) ;
#1925 = ADVANCED_FACE ( 'NONE', ( #2096 ), #2307, .F. ) ;
#1926 = CARTESIAN_POINT ( 'NONE',  ( 10.00000000000000000, 7.419999999999999929, -19.25000000000000000 ) ) ;
#1927 = ORIENTED_EDGE ( 'NONE', *, *, #3167, .T. ) ;
#1928 = ORIENTED_EDGE ( 'NONE', *, *, #440, .T. ) ;
#1929 = LINE ( 'NONE', #3174, #546 ) ;
#1930 = ORIENTED_EDGE ( 'NONE', *, *, #2781, .T. ) ;
#1931 = ORIENTED_EDGE ( 'NONE', *, *, #980, .T. ) ;
#1932 = CARTESIAN_POINT ( 'NONE',  ( 2.000000000000000000, 7.419999999999999929, 0.000000000000000000 ) ) ;
#1933 = LINE ( 'NONE', #1897, #1446 ) ;
#1934 = EDGE_CURVE ( 'NONE', #1564, #2807, #1739, .T. ) ;
#1935 = DIRECTION ( 'NONE',  ( -0.000000000000000000, -1.000000000000000000, -0.000000000000000000 ) ) ;
#1936 = CARTESIAN_POINT ( 'NONE',  ( 2.000000000000000000, 7.419999999999999929, 0.000000000000000000 ) ) ;
#1937 = DIRECTION ( 'NONE',  ( 0.000000000000000000, -0.000000000000000000, 1.000000000000000000 ) ) ;
#1938 = DIRECTION ( 'NONE',  ( 1.000000000000000000, 0.000000000000000000, 0.000000000000000000 ) ) ;
#1939 = ORIENTED_EDGE ( 'NONE', *, *, #3225, .F. ) ;
#1940 = EDGE_CURVE ( 'NONE', #1068, #2412, #1079, .T. ) ;
#1941 = VERTEX_POINT ( 'NONE', #2565 ) ;
#1942 = PLANE ( 'NONE',  #1736 ) ;
#1943 = AXIS2_PLACEMENT_3D ( 'NONE', #810, #63, #1330 ) ;
#1944 = LINE ( 'NONE', #1209, #1890 ) ;
#1945 = VERTEX_POINT ( 'NONE', #2779 ) ;
#1946 = EDGE_CURVE ( 'NONE', #233, #2742, #2095, .T. ) ;
#1947 = ORIENTED_EDGE ( 'NONE', *, *, #206, .F. ) ;
#1948 = EDGE_CURVE ( 'NONE', #1012, #110, #285, .T. ) ;
#1949 = ORIENTED_EDGE ( 'NONE', *, *, #1194, .T. ) ;
#1950 = AXIS2_PLACEMENT_3D ( 'NONE', #20, #2753, #2765 ) ;
#1951 = ORIENTED_EDGE ( 'NONE', *, *, #1830, .F. ) ;
#1952 = CARTESIAN_POINT ( 'NONE',  ( 104.0000000000000000, 10.72000000000000064, 0.000000000000000000 ) ) ;
#1953 = DIRECTION ( 'NONE',  ( -0.000000000000000000, -1.000000000000000000, -0.000000000000000000 ) ) ;
#1954 = VECTOR ( 'NONE', #3162, 1000.000000000000000 ) ;
#1955 = PLANE ( 'NONE',  #1883 ) ;
#1956 = CARTESIAN_POINT ( 'NONE',  ( 0.000000000000000000, 36.00000000000000711, 0.000000000000000000 ) ) ;
#1957 = VECTOR ( 'NONE', #182, 1000.000000000000000 ) ;
#1958 = AXIS2_PLACEMENT_3D ( 'NONE', #692, #2919, #932 ) ;
#1959 = LINE ( 'NONE', #2720, #567 ) ;
#1960 = FACE_BOUND ( 'NONE', #2084, .T. ) ;
#1961 = VERTEX_POINT ( 'NONE', #551 ) ;
#1962 = VERTEX_POINT ( 'NONE', #2823 ) ;
#1963 = VECTOR ( 'NONE', #1744, 1000.000000000000000 ) ;
#1964 = EDGE_CURVE ( 'NONE', #2062, #1240, #318, .T. ) ;
#1965 = CARTESIAN_POINT ( 'NONE',  ( 99.99999999999998579, 3.399999999999999467, -7.500000000000000000 ) ) ;
#1966 = EDGE_LOOP ( 'NONE', ( #509, #783, #2346, #2468 ) ) ;
#1967 = VERTEX_POINT ( 'NONE', #3073 ) ;
#1968 = ADVANCED_FACE ( 'NONE', ( #1051 ), #2806, .F. ) ;
#1969 = ORIENTED_EDGE ( 'NONE', *, *, #2302, .T. ) ;
#1970 = ORIENTED_EDGE ( 'NONE', *, *, #1319, .F. ) ;
#1971 = CARTESIAN_POINT ( 'NONE',  ( 6.059999999999996056, 0.02500000000000006384, -7.500000000000000000 ) ) ;
#1972 = LINE ( 'NONE', #2492, #1854 ) ;
#1973 = DIRECTION ( 'NONE',  ( -0.000000000000000000, 0.000000000000000000, -1.000000000000000000 ) ) ;
#1974 = EDGE_CURVE ( 'NONE', #1263, #1182, #561, .T. ) ;
#1975 = CARTESIAN_POINT ( 'NONE',  ( 96.00000000000000000, 10.71999999999999886, -63.74000000000001620 ) ) ;
#1976 = DIRECTION ( 'NONE',  ( 0.000000000000000000, -4.752667057470705368E-16, -1.000000000000000000 ) ) ;
#1977 = ORIENTED_EDGE ( 'NONE', *, *, #1031, .F. ) ;
#1978 = VERTEX_POINT ( 'NONE', #1341 ) ;
#1979 = CARTESIAN_POINT ( 'NONE',  ( 99.99999999999998579, 3.399999999999998579, -5.800000000000006928 ) ) ;
#1980 = ORIENTED_EDGE ( 'NONE', *, *, #2353, .F. ) ;
#1981 = DIRECTION ( 'NONE',  ( 0.000000000000000000, 1.000000000000000000, 0.000000000000000000 ) ) ;
#1982 = VERTEX_POINT ( 'NONE', #2050 ) ;
#1983 = ORIENTED_EDGE ( 'NONE', *, *, #2338, .F. ) ;
#1984 = AXIS2_PLACEMENT_3D ( 'NONE', #239, #1976, #437 ) ;
#1985 = EDGE_LOOP ( 'NONE', ( #1198, #2184, #1086, #2938 ) ) ;
#1986 = CARTESIAN_POINT ( 'NONE',  ( 99.99999999999998579, 6.000000000000000000, -114.1999999999999886 ) ) ;
#1987 = CARTESIAN_POINT ( 'NONE',  ( 99.99999999999998579, 0.02500000000000006384, -115.7499999999999858 ) ) ;
#1988 = CARTESIAN_POINT ( 'NONE',  ( 0.000000000000000000, 36.00000000000000711, -2.000000000000000000 ) ) ;
#1989 = CIRCLE ( 'NONE', #568, 4.500000000000003553 ) ;
#1990 = LINE ( 'NONE', #2023, #2875 ) ;
#1991 = ADVANCED_FACE ( 'NONE', ( #1591 ), #1313, .F. ) ;
#1992 = FACE_OUTER_BOUND ( 'NONE', #2851, .T. ) ;
#1993 = DIRECTION ( 'NONE',  ( 0.000000000000000000, -1.000000000000000000, 0.000000000000000000 ) ) ;
#1994 = ORIENTED_EDGE ( 'NONE', *, *, #858, .T. ) ;
#1995 = VECTOR ( 'NONE', #2378, 1000.000000000000000 ) ;
#1996 = CARTESIAN_POINT ( 'NONE',  ( 96.00000000000000000, 24.11999999999999744, -20.13999999999999702 ) ) ;
#1997 = ORIENTED_EDGE ( 'NONE', *, *, #2447, .F. ) ;
#1998 = ORIENTED_EDGE ( 'NONE', *, *, #878, .F. ) ;
#1999 = AXIS2_PLACEMENT_3D ( 'NONE', #2630, #660, #1656 ) ;
#2000 = ORIENTED_EDGE ( 'NONE', *, *, #2377, .F. ) ;
#2001 = ORIENTED_EDGE ( 'NONE', *, *, #2150, .T. ) ;
#2002 = LINE ( 'NONE', #2043, #1537 ) ;
#2003 = DIRECTION ( 'NONE',  ( -0.000000000000000000, 1.000000000000000000, -0.000000000000000000 ) ) ;
#2004 = FACE_BOUND ( 'NONE', #447, .T. ) ;
#2005 = AXIS2_PLACEMENT_3D ( 'NONE', #2461, #1252, #2982 ) ;
#2006 = CARTESIAN_POINT ( 'NONE',  ( 104.0000000000000000, 2.000000000000000000, 0.000000000000000000 ) ) ;
#2007 = CARTESIAN_POINT ( 'NONE',  ( 99.99999999999998579, 3.399999999999998579, -7.500000000000000000 ) ) ;
#2008 = CIRCLE ( 'NONE', #2417, 2.000000000000001776 ) ;
#2009 = DIRECTION ( 'NONE',  ( 0.000000000000000000, 0.000000000000000000, -1.000000000000000000 ) ) ;
#2010 = DIRECTION ( 'NONE',  ( 0.000000000000000000, 0.000000000000000000, 1.000000000000000000 ) ) ;
#2011 = EDGE_CURVE ( 'NONE', #1941, #2455, #2581, .T. ) ;
#2012 = ORIENTED_EDGE ( 'NONE', *, *, #1095, .T. ) ;
#2013 = EDGE_CURVE ( 'NONE', #1521, #693, #2723, .T. ) ;
#2014 = VECTOR ( 'NONE', #869, 1000.000000000000000 ) ;
#2015 = ORIENTED_EDGE ( 'NONE', *, *, #2610, .F. ) ;
#2016 = EDGE_CURVE ( 'NONE', #823, #1043, #2855, .T. ) ;
#2017 = ORIENTED_EDGE ( 'NONE', *, *, #1645, .T. ) ;
#2018 = CIRCLE ( 'NONE', #2525, 3.250000000000002665 ) ;
#2019 = ORIENTED_EDGE ( 'NONE', *, *, #2401, .T. ) ;
#2020 = CARTESIAN_POINT ( 'NONE',  ( 99.99999999999998579, 3.399999999999999467, -10.75000000000000178 ) ) ;
#2021 = DIRECTION ( 'NONE',  ( 0.000000000000000000, 0.000000000000000000, -1.000000000000000000 ) ) ;
#2022 = CARTESIAN_POINT ( 'NONE',  ( 99.99999999999998579, 0.000000000000000000, -109.2249999999999943 ) ) ;
#2023 = CARTESIAN_POINT ( 'NONE',  ( 0.000000000000000000, 36.00000000000000711, -118.0000000000000000 ) ) ;
#2024 = CIRCLE ( 'NONE', #598, 3.250000000000002665 ) ;
#2025 = AXIS2_PLACEMENT_3D ( 'NONE', #1372, #1148, #2593 ) ;
#2026 = DIRECTION ( 'NONE',  ( 0.000000000000000000, 1.000000000000000000, 0.000000000000000000 ) ) ;
#2027 = DIRECTION ( 'NONE',  ( 0.000000000000000000, 0.000000000000000000, -1.000000000000000000 ) ) ;
#2028 = VERTEX_POINT ( 'NONE', #2406 ) ;
#2029 = ORIENTED_EDGE ( 'NONE', *, *, #2542, .T. ) ;
#2030 = ADVANCED_FACE ( 'NONE', ( #2188, #866 ), #1427, .T. ) ;
#2031 = CARTESIAN_POINT ( 'NONE',  ( 99.93999999999999773, 6.000000000000000000, -117.0000000000000000 ) ) ;
#2032 = CARTESIAN_POINT ( 'NONE',  ( 99.99999999999998579, 3.399999999999998579, -7.500000000000000000 ) ) ;
#2033 = DIRECTION ( 'NONE',  ( -0.000000000000000000, -1.000000000000000000, -0.000000000000000000 ) ) ;
#2034 = CARTESIAN_POINT ( 'NONE',  ( 2.000000000000000000, 0.000000000000000000, 0.000000000000000000 ) ) ;
#2035 = ADVANCED_FACE ( 'NONE', ( #3180 ), #2866, .F. ) ;
#2036 = DIRECTION ( 'NONE',  ( 0.000000000000000000, -1.734723475976806848E-16, -1.000000000000000000 ) ) ;
#2037 = DIRECTION ( 'NONE',  ( -1.000000000000000000, 0.000000000000000000, -0.000000000000000000 ) ) ;
#2038 = EDGE_LOOP ( 'NONE', ( #1170, #2712, #1161, #2487 ) ) ;
#2039 = DESIGN_CONTEXT ( 'detailed design', #3123, 'design' ) ;
#2040 = EDGE_CURVE ( 'NONE', #527, #2503, #184, .T. ) ;
#2041 = ORIENTED_EDGE ( 'NONE', *, *, #2271, .T. ) ;
#2042 = ADVANCED_FACE ( 'NONE', ( #2838 ), #2384, .T. ) ;
#2043 = CARTESIAN_POINT ( 'NONE',  ( 10.00000000000000000, 22.01999999999999957, -13.25000000000000178 ) ) ;
#2044 = VECTOR ( 'NONE', #2526, 1000.000000000000000 ) ;
#2045 = DIRECTION ( 'NONE',  ( 0.000000000000000000, 0.000000000000000000, 1.000000000000000000 ) ) ;
#2046 = ADVANCED_FACE ( 'NONE', ( #2370 ), #143, .T. ) ;
#2047 = CYLINDRICAL_SURFACE ( 'NONE', #387, 1.699999999999993072 ) ;
#2048 = CARTESIAN_POINT ( 'NONE',  ( 106.0000000000000000, 10.71999999999999886, -9.980000000000002203 ) ) ;
#2049 = CARTESIAN_POINT ( 'NONE',  ( 2.000000000000000000, 6.000000000000000000, -114.5615528128088272 ) ) ;
#2050 = CARTESIAN_POINT ( 'NONE',  ( 6.059999999999996056, 0.000000000000000000, -115.7749999999999915 ) ) ;
#2051 = AXIS2_PLACEMENT_3D ( 'NONE', #516, #555, #2996 ) ;
#2052 = EDGE_CURVE ( 'NONE', #1386, #949, #2148, .T. ) ;
#2053 = AXIS2_PLACEMENT_3D ( 'NONE', #2792, #912, #152 ) ;
#2054 = ORIENTED_EDGE ( 'NONE', *, *, #1687, .T. ) ;
#2055 = VERTEX_POINT ( 'NONE', #2595 ) ;
#2056 = CARTESIAN_POINT ( 'NONE',  ( 96.00000000000000000, 10.71999999999999886, -20.13999999999999702 ) ) ;
#2057 = VECTOR ( 'NONE', #2755, 1000.000000000000000 ) ;
#2058 = VECTOR ( 'NONE', #1690, 1000.000000000000000 ) ;
#2059 = VERTEX_POINT ( 'NONE', #1918 ) ;
#2060 = ADVANCED_FACE ( 'NONE', ( #903 ), #377, .F. ) ;
#2061 = CIRCLE ( 'NONE', #1064, 3.249999999999999556 ) ;
#2062 = VERTEX_POINT ( 'NONE', #1640 ) ;
#2063 = CARTESIAN_POINT ( 'NONE',  ( 0.000000000000000000, 36.00000000000000711, -120.0000000000000000 ) ) ;
#2064 = CARTESIAN_POINT ( 'NONE',  ( 0.000000000000000000, 4.419999999999999041, -24.25000000000000000 ) ) ;
#2065 = EDGE_CURVE ( 'NONE', #2176, #960, #99, .T. ) ;
#2066 = DIRECTION ( 'NONE',  ( 0.000000000000000000, 0.000000000000000000, -1.000000000000000000 ) ) ;
#2067 = DIRECTION ( 'NONE',  ( 0.000000000000000000, -1.000000000000000000, -0.000000000000000000 ) ) ;
#2068 = EDGE_CURVE ( 'NONE', #2456, #2059, #2115, .T. ) ;
#2069 = DIRECTION ( 'NONE',  ( 1.000000000000000000, -0.000000000000000000, -0.000000000000000000 ) ) ;
#2070 = ORIENTED_EDGE ( 'NONE', *, *, #3201, .T. ) ;
#2071 = ORIENTED_EDGE ( 'NONE', *, *, #1095, .F. ) ;
#2072 = ORIENTED_EDGE ( 'NONE', *, *, #1010, .T. ) ;
#2073 = LINE ( 'NONE', #2600, #232 ) ;
#2074 = CARTESIAN_POINT ( 'NONE',  ( 106.0000000000000000, 24.11999999999999744, -82.06000000000000227 ) ) ;
#2075 = CARTESIAN_POINT ( 'NONE',  ( 104.0000000000000000, 10.72000000000000064, 0.000000000000000000 ) ) ;
#2076 = LINE ( 'NONE', #832, #450 ) ;
#2077 = CC_DESIGN_DATE_AND_TIME_ASSIGNMENT ( #3062, #2119, ( #855 ) ) ;
#2078 = CARTESIAN_POINT ( 'NONE',  ( 6.000000000000000000, 2.000000000000000000, -112.4999999999999858 ) ) ;
#2079 = AXIS2_PLACEMENT_3D ( 'NONE', #1902, #2890, #566 ) ;
#2080 = CARTESIAN_POINT ( 'NONE',  ( 2.000000000000000000, 5.999999999999998224, 0.000000000000000000 ) ) ;
#2081 = AXIS2_PLACEMENT_3D ( 'NONE', #1014, #68, #1794 ) ;
#2082 = EDGE_CURVE ( 'NONE', #2028, #2112, #435, .T. ) ;
#2083 = AXIS2_PLACEMENT_3D ( 'NONE', #683, #305, #1304 ) ;
#2084 = EDGE_LOOP ( 'NONE', ( #1491, #1300 ) ) ;
#2085 = ORIENTED_EDGE ( 'NONE', *, *, #3047, .F. ) ;
#2086 = COORDINATED_UNIVERSAL_TIME_OFFSET ( 1, 0, .AHEAD. ) ;
#2087 = EDGE_LOOP ( 'NONE', ( #410, #262, #1620, #3223 ) ) ;
#2088 = DIRECTION ( 'NONE',  ( 0.000000000000000000, 0.000000000000000000, -1.000000000000000000 ) ) ;
#2089 = DIRECTION ( 'NONE',  ( 0.000000000000000000, 0.000000000000000000, -1.000000000000000000 ) ) ;
#2090 = LINE ( 'NONE', #2790, #2737 ) ;
#2091 = CARTESIAN_POINT ( 'NONE',  ( 6.000000000000000000, 2.000000000000000000, -7.500000000000000000 ) ) ;
#2092 = VERTEX_POINT ( 'NONE', #2905 ) ;
#2093 = DIRECTION ( 'NONE',  ( -0.000000000000000000, 1.000000000000000000, -0.000000000000000000 ) ) ;
#2094 = EDGE_CURVE ( 'NONE', #774, #2259, #1188, .T. ) ;
#2095 = CIRCLE ( 'NONE', #1050, 4.500000000000003553 ) ;
#2096 = FACE_OUTER_BOUND ( 'NONE', #2274, .T. ) ;
#2097 = ORIENTED_EDGE ( 'NONE', *, *, #1562, .T. ) ;
#2098 = EDGE_CURVE ( 'NONE', #2768, #2092, #2928, .T. ) ;
#2099 = ORIENTED_EDGE ( 'NONE', *, *, #224, .T. ) ;
#2100 = SHAPE_DEFINITION_REPRESENTATION ( #2190, #442 ) ;
#2101 = LINE ( 'NONE', #856, #2687 ) ;
#2102 = CIRCLE ( 'NONE', #1276, 2.000000000000001776 ) ;
#2103 = AXIS2_PLACEMENT_3D ( 'NONE', #3025, #2802, #1075 ) ;
#2104 = CARTESIAN_POINT ( 'NONE',  ( 96.00000000000000000, 24.11999999999999744, -73.90000000000000568 ) ) ;
#2105 = ADVANCED_FACE ( 'NONE', ( #1113, #2869 ), #639, .T. ) ;
#2106 = AXIS2_PLACEMENT_3D ( 'NONE', #3134, #895, #1892 ) ;
#2107 = CARTESIAN_POINT ( 'NONE',  ( 0.000000000000000000, 36.00000000000000711, -2.000000000000000000 ) ) ;
#2108 = FACE_OUTER_BOUND ( 'NONE', #1911, .T. ) ;
#2109 = FACE_OUTER_BOUND ( 'NONE', #3169, .T. ) ;
#2110 = EDGE_LOOP ( 'NONE', ( #2881, #1244 ) ) ;
#2111 = AXIS2_PLACEMENT_3D ( 'NONE', #1380, #596, #3095 ) ;
#2112 = VERTEX_POINT ( 'NONE', #2647 ) ;
#2113 = CIRCLE ( 'NONE', #2103, 3.250000000000002665 ) ;
#2114 = CARTESIAN_POINT ( 'NONE',  ( 0.000000000000000000, 36.00000000000000711, -2.000000000000000000 ) ) ;
#2115 = LINE ( 'NONE', #3161, #1472 ) ;
#2116 = ORIENTED_EDGE ( 'NONE', *, *, #1786, .F. ) ;
#2117 = DIRECTION ( 'NONE',  ( -0.000000000000000000, 1.000000000000000000, -0.000000000000000000 ) ) ;
#2118 = ORIENTED_EDGE ( 'NONE', *, *, #1830, .T. ) ;
#2119 = DATE_TIME_ROLE ( 'creation_date' ) ;
#2120 = DIRECTION ( 'NONE',  ( -0.000000000000000000, -1.000000000000000000, -0.000000000000000000 ) ) ;
#2121 = AXIS2_PLACEMENT_3D ( 'NONE', #3179, #2147, #882 ) ;
#2122 = DIRECTION ( 'NONE',  ( 1.000000000000000000, -0.000000000000000000, -0.000000000000000000 ) ) ;
#2123 = CARTESIAN_POINT ( 'NONE',  ( 106.0000000000000000, 24.11999999999999744, -71.90000000000001990 ) ) ;
#2124 = DIRECTION ( 'NONE',  ( 0.000000000000000000, 0.000000000000000000, -1.000000000000000000 ) ) ;
#2125 = DIRECTION ( 'NONE',  ( 0.000000000000000000, 0.000000000000000000, -1.000000000000000000 ) ) ;
#2126 = VERTEX_POINT ( 'NONE', #416 ) ;
#2127 = VERTEX_POINT ( 'NONE', #1406 ) ;
#2128 = CARTESIAN_POINT ( 'NONE',  ( 104.0000000000000000, 6.000000000000000000, -5.559278484686663191 ) ) ;
#2129 = CARTESIAN_POINT ( 'NONE',  ( 0.000000000000000000, 36.00000000000000711, -118.0000000000000000 ) ) ;
#2130 = DIRECTION ( 'NONE',  ( -0.000000000000000000, -0.000000000000000000, 1.000000000000000000 ) ) ;
#2131 = EDGE_CURVE ( 'NONE', #364, #1040, #251, .T. ) ;
#2132 = ORIENTED_EDGE ( 'NONE', *, *, #2839, .T. ) ;
#2133 = FACE_BOUND ( 'NONE', #745, .T. ) ;
#2134 = ORIENTED_EDGE ( 'NONE', *, *, #757, .T. ) ;
#2135 = APPROVAL_STATUS ( 'not_yet_approved' ) ;
#2136 = DIRECTION ( 'NONE',  ( -0.000000000000000000, -0.000000000000000000, 1.000000000000000000 ) ) ;
#2137 = AXIS2_PLACEMENT_3D ( 'NONE', #733, #1444, #1759 ) ;
#2138 = ADVANCED_FACE ( 'NONE', ( #519 ), #1955, .F. ) ;
#2139 = DIRECTION ( 'NONE',  ( 0.000000000000000000, 0.000000000000000000, -1.000000000000000000 ) ) ;
#2140 = ORIENTED_EDGE ( 'NONE', *, *, #1063, .T. ) ;
#2141 = DIRECTION ( 'NONE',  ( 0.000000000000000000, 0.000000000000000000, -1.000000000000000000 ) ) ;
#2142 = CARTESIAN_POINT ( 'NONE',  ( 96.00000000000000000, 24.11999999999999744, -82.06000000000000227 ) ) ;
#2143 = ORIENTED_EDGE ( 'NONE', *, *, #1707, .F. ) ;
#2144 = ORIENTED_EDGE ( 'NONE', *, *, #1724, .T. ) ;
#2145 = VECTOR ( 'NONE', #944, 1000.000000000000000 ) ;
#2146 = EDGE_CURVE ( 'NONE', #366, #730, #1156, .T. ) ;
#2147 = DIRECTION ( 'NONE',  ( 0.000000000000000000, 1.000000000000000000, 0.000000000000000000 ) ) ;
#2148 = LINE ( 'NONE', #1623, #1098 ) ;
#2149 = CYLINDRICAL_SURFACE ( 'NONE', #1013, 4.500000000000003553 ) ;
#2150 = EDGE_CURVE ( 'NONE', #730, #1685, #2, .T. ) ;
#2151 = CARTESIAN_POINT ( 'NONE',  ( 6.059999999999996056, 3.399999999999998579, -9.199999999999997513 ) ) ;
#2152 = AXIS2_PLACEMENT_3D ( 'NONE', #331, #1558, #2037 ) ;
#2153 = CARTESIAN_POINT ( 'NONE',  ( 104.0000000000000000, 36.00000000000000711, -2.000000000000000000 ) ) ;
#2154 = ORIENTED_EDGE ( 'NONE', *, *, #135, .T. ) ;
#2155 = VERTEX_POINT ( 'NONE', #2460 ) ;
#2156 = LINE ( 'NONE', #3056, #1184 ) ;
#2157 = VECTOR ( 'NONE', #1395, 1000.000000000000000 ) ;
#2158 = CIRCLE ( 'NONE', #1153, 3.250000000000002665 ) ;
#2159 = LINE ( 'NONE', #2538, #638 ) ;
#2160 = VECTOR ( 'NONE', #2514, 1000.000000000000000 ) ;
#2161 = ORIENTED_EDGE ( 'NONE', *, *, #2320, .T. ) ;
#2162 = LINE ( 'NONE', #2848, #1172 ) ;
#2163 = DIRECTION ( 'NONE',  ( -0.000000000000000000, 1.000000000000000000, -0.000000000000000000 ) ) ;
#2164 = ORIENTED_EDGE ( 'NONE', *, *, #659, .T. ) ;
#2165 = ORIENTED_EDGE ( 'NONE', *, *, #893, .T. ) ;
#2166 = DIRECTION ( 'NONE',  ( -0.000000000000000000, 1.000000000000000000, -0.000000000000000000 ) ) ;
#2167 = EDGE_CURVE ( 'NONE', #323, #947, #454, .T. ) ;
#2168 = VECTOR ( 'NONE', #1103, 1000.000000000000000 ) ;
#2169 = LINE ( 'NONE', #3160, #863 ) ;
#2170 = CARTESIAN_POINT ( 'NONE',  ( 99.93999999999999773, 6.000000000000000000, -7.500000000000000000 ) ) ;
#2171 = CARTESIAN_POINT ( 'NONE',  ( 104.0000000000000000, 36.00000000000000711, -120.0000000000000000 ) ) ;
#2172 = AXIS2_PLACEMENT_3D ( 'NONE', #1009, #2511, #1273 ) ;
#2173 = CARTESIAN_POINT ( 'NONE',  ( 104.0000000000000000, 2.000000000000000000, -110.5592784846866437 ) ) ;
#2174 = DIRECTION ( 'NONE',  ( 0.000000000000000000, 0.000000000000000000, -1.000000000000000000 ) ) ;
#2175 = ORIENTED_EDGE ( 'NONE', *, *, #3036, .T. ) ;
#2176 = VERTEX_POINT ( 'NONE', #2998 ) ;
#2177 = LINE ( 'NONE', #688, #1571 ) ;
#2178 = AXIS2_PLACEMENT_3D ( 'NONE', #1816, #1609, #2036 ) ;
#2179 = CARTESIAN_POINT ( 'NONE',  ( 96.00000000000000000, 24.11999999999999744, -45.99000000000000199 ) ) ;
#2180 = EDGE_CURVE ( 'NONE', #1489, #2662, #2965, .T. ) ;
#2181 = ORIENTED_EDGE ( 'NONE', *, *, #3024, .F. ) ;
#2182 = CARTESIAN_POINT ( 'NONE',  ( 106.0000000000000000, 24.11999999999999744, -101.4899999999999949 ) ) ;
#2183 = DIRECTION ( 'NONE',  ( 0.000000000000000000, 1.000000000000000000, 0.000000000000000000 ) ) ;
#2184 = ORIENTED_EDGE ( 'NONE', *, *, #604, .F. ) ;
#2185 = ORIENTED_EDGE ( 'NONE', *, *, #2016, .T. ) ;
#2186 = PLANE ( 'NONE',  #961 ) ;
#2187 = CARTESIAN_POINT ( 'NONE',  ( 104.0000000000000000, 24.11999999999999744, -18.14000000000000412 ) ) ;
#2188 = FACE_BOUND ( 'NONE', #2954, .T. ) ;
#2189 = CARTESIAN_POINT ( 'NONE',  ( 2.000000000000000000, 36.00000000000000711, -2.000000000000000000 ) ) ;
#2190 = PRODUCT_DEFINITION_SHAPE ( 'NONE', 'NONE',  #855 ) ;
#2191 = EDGE_CURVE ( 'NONE', #2233, #329, #1250, .T. ) ;
#2192 = LINE ( 'NONE', #1220, #415 ) ;
#2193 = DIRECTION ( 'NONE',  ( 0.000000000000000000, -1.000000000000000000, 0.000000000000000000 ) ) ;
#2194 = ORIENTED_EDGE ( 'NONE', *, *, #333, .F. ) ;
#2195 = LINE ( 'NONE', #707, #2555 ) ;
#2196 = LINE ( 'NONE', #2466, #800 ) ;
#2197 = VERTEX_POINT ( 'NONE', #1202 ) ;
#2198 = ORIENTED_EDGE ( 'NONE', *, *, #58, .T. ) ;
#2199 = ORIENTED_EDGE ( 'NONE', *, *, #2180, .F. ) ;
#2200 = CARTESIAN_POINT ( 'NONE',  ( 106.0000000000000000, 10.71999999999999886, -73.90000000000000568 ) ) ;
#2201 = DIRECTION ( 'NONE',  ( 0.000000000000000000, -1.000000000000000000, 0.000000000000000000 ) ) ;
#2202 = DIRECTION ( 'NONE',  ( -1.000000000000000000, 0.000000000000000000, 0.000000000000000000 ) ) ;
#2203 = CARTESIAN_POINT ( 'NONE',  ( 99.93999999999999773, 6.000000000000000000, -7.500000000000000000 ) ) ;
#2204 = EDGE_CURVE ( 'NONE', #1796, #1052, #2475, .T. ) ;
#2205 = FACE_OUTER_BOUND ( 'NONE', #1721, .T. ) ;
#2206 = ORIENTED_EDGE ( 'NONE', *, *, #2146, .T. ) ;
#2207 = FACE_BOUND ( 'NONE', #853, .T. ) ;
#2208 = VERTEX_POINT ( 'NONE', #1004 ) ;
#2209 = EDGE_LOOP ( 'NONE', ( #1597, #3212, #1823, #1951 ) ) ;
#2210 = LINE ( 'NONE', #727, #3203 ) ;
#2211 = ORIENTED_EDGE ( 'NONE', *, *, #2276, .F. ) ;
#2212 = ORIENTED_EDGE ( 'NONE', *, *, #1665, .T. ) ;
#2213 = AXIS2_PLACEMENT_3D ( 'NONE', #1282, #2263, #2534 ) ;
#2214 = ADVANCED_FACE ( 'NONE', ( #2004, #2925 ), #953, .F. ) ;
#2215 = ORIENTED_EDGE ( 'NONE', *, *, #1290, .F. ) ;
#2216 = AXIS2_PLACEMENT_3D ( 'NONE', #2179, #2676, #2955 ) ;
#2217 = ORIENTED_EDGE ( 'NONE', *, *, #2146, .F. ) ;
#2218 = CARTESIAN_POINT ( 'NONE',  ( 0.000000000000000000, 0.000000000000000000, 0.000000000000000000 ) ) ;
#2219 = CYLINDRICAL_SURFACE ( 'NONE', #1258, 4.500000000000003553 ) ;
#2220 = CARTESIAN_POINT ( 'NONE',  ( 104.0000000000000000, 24.11999999999999744, -101.4899999999999949 ) ) ;
#2221 = PLANE ( 'NONE',  #2777 ) ;
#2222 = VECTOR ( 'NONE', #3228, 1000.000000000000000 ) ;
#2223 = CIRCLE ( 'NONE', #806, 3.250000000000002665 ) ;
#2224 = DIRECTION ( 'NONE',  ( 0.000000000000000000, -1.000000000000000000, 0.000000000000000000 ) ) ;
#2225 = DIRECTION ( 'NONE',  ( 0.000000000000000000, 0.000000000000000000, -1.000000000000000000 ) ) ;
#2226 = ORIENTED_EDGE ( 'NONE', *, *, #1466, .T. ) ;
#2227 = CIRCLE ( 'NONE', #3090, 3.250000000000002665 ) ;
#2228 = CARTESIAN_POINT ( 'NONE',  ( 6.000000000000000888, 6.000000000000000000, -2.999999999999996447 ) ) ;
#2229 = EDGE_CURVE ( 'NONE', #1439, #601, #2946, .T. ) ;
#2230 = EDGE_LOOP ( 'NONE', ( #2796, #2390 ) ) ;
#2231 = ORIENTED_EDGE ( 'NONE', *, *, #2967, .T. ) ;
#2232 = EDGE_CURVE ( 'NONE', #2456, #647, #2752, .T. ) ;
#2233 = VERTEX_POINT ( 'NONE', #503 ) ;
#2234 = DIRECTION ( 'NONE',  ( -0.000000000000000000, -1.000000000000000000, -0.000000000000000000 ) ) ;
#2235 = DIRECTION ( 'NONE',  ( -0.000000000000000000, -1.000000000000000000, -0.000000000000000000 ) ) ;
#2236 = CARTESIAN_POINT ( 'NONE',  ( 106.0000000000000000, 10.71999999999999886, -82.06000000000000227 ) ) ;
#2237 = LINE ( 'NONE', #3232, #376 ) ;
#2238 = DIRECTION ( 'NONE',  ( 0.000000000000000000, 0.000000000000000000, -1.000000000000000000 ) ) ;
#2239 = DIRECTION ( 'NONE',  ( 0.000000000000000000, 1.000000000000000000, 0.000000000000000000 ) ) ;
#2240 = VERTEX_POINT ( 'NONE', #1461 ) ;
#2241 = FACE_OUTER_BOUND ( 'NONE', #1015, .T. ) ;
#2242 = EDGE_LOOP ( 'NONE', ( #1931, #478, #1621, #576 ) ) ;
#2243 = ORIENTED_EDGE ( 'NONE', *, *, #1292, .F. ) ;
#2244 = LOCAL_TIME ( 11, 35, 50.00000000000000000, #351 ) ;
#2245 = ORIENTED_EDGE ( 'NONE', *, *, #1940, .T. ) ;
#2246 = EDGE_LOOP ( 'NONE', ( #1506, #1467, #2957, #2677 ) ) ;
#2247 = DIRECTION ( 'NONE',  ( -0.000000000000000000, 0.000000000000000000, 1.000000000000000000 ) ) ;
#2248 = CARTESIAN_POINT ( 'NONE',  ( 106.0000000000000000, 24.11999999999999744, -37.83000000000000540 ) ) ;
#2249 = EDGE_CURVE ( 'NONE', #465, #1978, #2227, .T. ) ;
#2250 = DIRECTION ( 'NONE',  ( 0.000000000000000000, 1.000000000000000000, 0.000000000000000000 ) ) ;
#2251 = CARTESIAN_POINT ( 'NONE',  ( 6.059999999999996056, 6.000000000000000000, -112.4999999999999858 ) ) ;
#2252 = EDGE_CURVE ( 'NONE', #2788, #1179, #986, .T. ) ;
#2253 = PLANE ( 'NONE',  #2912 ) ;
#2254 = CARTESIAN_POINT ( 'NONE',  ( 96.00000000000000000, 10.71999999999999886, -56.14999999999999858 ) ) ;
#2255 = LINE ( 'NONE', #8, #448 ) ;
#2256 = EDGE_CURVE ( 'NONE', #774, #2820, #1693, .T. ) ;
#2257 = ORIENTED_EDGE ( 'NONE', *, *, #119, .F. ) ;
#2258 = DIRECTION ( 'NONE',  ( -0.000000000000000000, 1.000000000000000000, -0.000000000000000000 ) ) ;
#2259 = VERTEX_POINT ( 'NONE', #2220 ) ;
#2260 = ORIENTED_EDGE ( 'NONE', *, *, #247, .F. ) ;
#2261 = AXIS2_PLACEMENT_3D ( 'NONE', #1131, #3106, #395 ) ;
#2262 = ORIENTED_EDGE ( 'NONE', *, *, #3058, .T. ) ;
#2263 = DIRECTION ( 'NONE',  ( -0.000000000000000000, -1.000000000000000000, -0.000000000000000000 ) ) ;
#2264 = DIRECTION ( 'NONE',  ( -0.000000000000000000, -1.000000000000000000, -0.000000000000000000 ) ) ;
#2265 = DIRECTION ( 'NONE',  ( 1.000000000000000000, 0.000000000000000000, 0.000000000000000000 ) ) ;
#2266 = AXIS2_PLACEMENT_3D ( 'NONE', #1100, #1981, #1242 ) ;
#2267 = DIRECTION ( 'NONE',  ( 0.000000000000000000, 0.000000000000000000, -1.000000000000000000 ) ) ;
#2268 = CIRCLE ( 'NONE', #1840, 4.500000000000003553 ) ;
#2269 = CARTESIAN_POINT ( 'NONE',  ( 96.00000000000000000, 24.11999999999999744, -47.98999999999999488 ) ) ;
#2270 = LINE ( 'NONE', #523, #2829 ) ;
#2271 = EDGE_CURVE ( 'NONE', #2112, #1451, #748, .T. ) ;
#2272 = VERTEX_POINT ( 'NONE', #1445 ) ;
#2273 = VECTOR ( 'NONE', #2618, 1000.000000000000000 ) ;
#2274 = EDGE_LOOP ( 'NONE', ( #2640, #594, #170, #1173 ) ) ;
#2275 = VECTOR ( 'NONE', #428, 1000.000000000000000 ) ;
#2276 = EDGE_CURVE ( 'NONE', #402, #1750, #2735, .T. ) ;
#2277 = DIRECTION ( 'NONE',  ( 0.000000000000000000, 0.000000000000000000, -1.000000000000000000 ) ) ;
#2278 = DIRECTION ( 'NONE',  ( 0.000000000000000000, 0.000000000000000000, -1.000000000000000000 ) ) ;
#2279 = DIRECTION ( 'NONE',  ( 0.000000000000000000, -1.000000000000000000, 0.000000000000000000 ) ) ;
#2280 = CARTESIAN_POINT ( 'NONE',  ( 0.000000000000000000, 2.000000000000000000, 0.000000000000000000 ) ) ;
#2281 = FACE_OUTER_BOUND ( 'NONE', #337, .T. ) ;
#2282 = LINE ( 'NONE', #36, #2464 ) ;
#2283 = ADVANCED_FACE ( 'NONE', ( #719 ), #2430, .F. ) ;
#2284 = ORIENTED_EDGE ( 'NONE', *, *, #1940, .F. ) ;
#2285 = EDGE_CURVE ( 'NONE', #1606, #211, #2561, .T. ) ;
#2286 = CARTESIAN_POINT ( 'NONE',  ( 2.000000000000000000, 7.419999999999999929, -30.24999999999999645 ) ) ;
#2287 = ADVANCED_FACE ( 'NONE', ( #1338 ), #276, .F. ) ;
#2288 = VERTEX_POINT ( 'NONE', #310 ) ;
#2289 = LINE ( 'NONE', #762, #373 ) ;
#2290 = CARTESIAN_POINT ( 'NONE',  ( 104.0000000000000000, 36.00000000000000711, -9.980000000000002203 ) ) ;
#2291 = DIRECTION ( 'NONE',  ( 0.000000000000000000, -0.000000000000000000, 1.000000000000000000 ) ) ;
#2292 = LINE ( 'NONE', #3097, #275 ) ;
#2293 = LINE ( 'NONE', #46, #342 ) ;
#2294 = DIRECTION ( 'NONE',  ( 0.000000000000000000, 0.000000000000000000, -1.000000000000000000 ) ) ;
#2295 = ADVANCED_FACE ( 'NONE', ( #18 ), #2319, .F. ) ;
#2296 = ORIENTED_EDGE ( 'NONE', *, *, #3195, .T. ) ;
#2297 = VERTEX_POINT ( 'NONE', #3069 ) ;
#2298 = DIRECTION ( 'NONE',  ( 0.000000000000000000, 0.000000000000000000, -1.000000000000000000 ) ) ;
#2299 = AXIS2_PLACEMENT_3D ( 'NONE', #2673, #444, #1661 ) ;
#2300 = EDGE_CURVE ( 'NONE', #730, #366, #120, .T. ) ;
#2301 = FACE_OUTER_BOUND ( 'NONE', #429, .T. ) ;
#2302 = EDGE_CURVE ( 'NONE', #1179, #1689, #1285, .T. ) ;
#2303 = DIRECTION ( 'NONE',  ( -1.000000000000000000, 0.000000000000000000, -0.000000000000000000 ) ) ;
#2304 = LINE ( 'NONE', #343, #145 ) ;
#2305 = DIRECTION ( 'NONE',  ( 0.000000000000000000, 1.000000000000000000, 0.000000000000000000 ) ) ;
#2306 = FACE_OUTER_BOUND ( 'NONE', #1593, .T. ) ;
#2307 = CYLINDRICAL_SURFACE ( 'NONE', #3138, 1.699999999999993072 ) ;
#2308 = VECTOR ( 'NONE', #41, 1000.000000000000000 ) ;
#2309 = AXIS2_PLACEMENT_3D ( 'NONE', #1048, #2878, #1139 ) ;
#2310 = ORIENTED_EDGE ( 'NONE', *, *, #1286, .F. ) ;
#2311 = ORIENTED_EDGE ( 'NONE', *, *, #321, .T. ) ;
#2312 = CYLINDRICAL_SURFACE ( 'NONE', #3068, 4.500000000000003553 ) ;
#2313 = ORIENTED_EDGE ( 'NONE', *, *, #45, .F. ) ;
#2314 = AXIS2_PLACEMENT_3D ( 'NONE', #1860, #155, #614 ) ;
#2315 = AXIS2_PLACEMENT_3D ( 'NONE', #650, #1598, #133 ) ;
#2316 = ORIENTED_EDGE ( 'NONE', *, *, #2302, .F. ) ;
#2317 = CARTESIAN_POINT ( 'NONE',  ( 6.059999999999996056, 0.000000000000000000, -112.4999999999999858 ) ) ;
#2318 = PLANE ( 'NONE',  #1402 ) ;
#2319 = PLANE ( 'NONE',  #2689 ) ;
#2320 = EDGE_CURVE ( 'NONE', #870, #2961, #2018, .T. ) ;
#2321 = ORIENTED_EDGE ( 'NONE', *, *, #2065, .T. ) ;
#2322 = DIRECTION ( 'NONE',  ( -0.000000000000000000, -1.000000000000000000, -0.000000000000000000 ) ) ;
#2323 = DIRECTION ( 'NONE',  ( 0.000000000000000000, 0.000000000000000000, 1.000000000000000000 ) ) ;
#2324 = VECTOR ( 'NONE', #1831, 1000.000000000000000 ) ;
#2325 = ORIENTED_EDGE ( 'NONE', *, *, #558, .T. ) ;
#2326 = EDGE_LOOP ( 'NONE', ( #1998, #3157, #3018, #1107 ) ) ;
#2327 = COORDINATED_UNIVERSAL_TIME_OFFSET ( 1, 0, .AHEAD. ) ;
#2328 = FACE_OUTER_BOUND ( 'NONE', #2402, .T. ) ;
#2329 = CARTESIAN_POINT ( 'NONE',  ( 6.059999999999996056, 0.000000000000000000, -7.500000000000000000 ) ) ;
#2330 = ADVANCED_FACE ( 'NONE', ( #2774 ), #1023, .F. ) ;
#2331 = FACE_BOUND ( 'NONE', #147, .T. ) ;
#2332 = FACE_OUTER_BOUND ( 'NONE', #1756, .T. ) ;
#2333 = DIRECTION ( 'NONE',  ( 0.000000000000000000, 0.000000000000000000, 1.000000000000000000 ) ) ;
#2334 = LINE ( 'NONE', #282, #3010 ) ;
#2335 = CARTESIAN_POINT ( 'NONE',  ( 6.000000000000000000, 2.000000000000000000, -112.4999999999999858 ) ) ;
#2336 = APPROVAL_PERSON_ORGANIZATION ( #3129, #1266, #3077 ) ;
#2337 = ORIENTED_EDGE ( 'NONE', *, *, #945, .T. ) ;
#2338 = EDGE_CURVE ( 'NONE', #622, #693, #3054, .T. ) ;
#2339 = ORIENTED_EDGE ( 'NONE', *, *, #3058, .F. ) ;
#2340 = DATE_AND_TIME ( #1119, #2501 ) ;
#2341 = CARTESIAN_POINT ( 'NONE',  ( 106.0000000000000000, 24.11999999999999744, -9.980000000000002203 ) ) ;
#2342 = DIRECTION ( 'NONE',  ( -0.000000000000000000, -1.000000000000000000, -0.000000000000000000 ) ) ;
#2343 = PLANE ( 'NONE',  #3033 ) ;
#2344 = CARTESIAN_POINT ( 'NONE',  ( 104.0000000000000000, 10.71999999999999886, -28.29999999999999716 ) ) ;
#2345 = PLANE ( 'NONE',  #2824 ) ;
#2346 = ORIENTED_EDGE ( 'NONE', *, *, #1076, .T. ) ;
#2347 = ORIENTED_EDGE ( 'NONE', *, *, #2365, .F. ) ;
#2348 = CARTESIAN_POINT ( 'NONE',  ( 96.00000000000000000, 10.71999999999999886, -45.99000000000000199 ) ) ;
#2349 = CARTESIAN_POINT ( 'NONE',  ( 104.0000000000000000, 10.72000000000000064, 0.000000000000000000 ) ) ;
#2350 = APPROVAL ( #401, 'UNSPECIFIED' ) ;
#2351 = VERTEX_POINT ( 'NONE', #2022 ) ;
#2352 = LINE ( 'NONE', #702, #2573 ) ;
#2353 = EDGE_CURVE ( 'NONE', #366, #242, #1035, .T. ) ;
#2354 = ORIENTED_EDGE ( 'NONE', *, *, #2680, .F. ) ;
#2355 = DATE_AND_TIME ( #1097, #2388 ) ;
#2356 = CIRCLE ( 'NONE', #1364, 4.500000000000003553 ) ;
#2357 = CARTESIAN_POINT ( 'NONE',  ( 106.0000000000000000, 24.11999999999999744, -99.48999999999999488 ) ) ;
#2358 = AXIS2_PLACEMENT_3D ( 'NONE', #396, #954, #2385 ) ;
#2359 = LINE ( 'NONE', #892, #2157 ) ;
#2360 = VECTOR ( 'NONE', #1002, 1000.000000000000000 ) ;
#2361 = AXIS2_PLACEMENT_3D ( 'NONE', #876, #389, #2141 ) ;
#2362 = FACE_BOUND ( 'NONE', #837, .T. ) ;
#2363 = DIRECTION ( 'NONE',  ( 8.659560562355045024E-17, -0.7071067811865383579, 0.7071067811865566766 ) ) ;
#2364 = FACE_OUTER_BOUND ( 'NONE', #2611, .T. ) ;
#2365 = EDGE_CURVE ( 'NONE', #2240, #180, #2113, .T. ) ;
#2366 = ORIENTED_EDGE ( 'NONE', *, *, #2493, .F. ) ;
#2367 = ORIENTED_EDGE ( 'NONE', *, *, #2094, .F. ) ;
#2368 = CIRCLE ( 'NONE', #965, 4.500000000000003553 ) ;
#2369 = CARTESIAN_POINT ( 'NONE',  ( 6.000000000000000000, 6.000000000000000000, -7.500000000000000000 ) ) ;
#2370 = FACE_OUTER_BOUND ( 'NONE', #1757, .T. ) ;
#2371 = EDGE_LOOP ( 'NONE', ( #349, #2693, #1820, #3186 ) ) ;
#2372 = ADVANCED_FACE ( 'NONE', ( #1309 ), #545, .F. ) ;
#2373 = CARTESIAN_POINT ( 'NONE',  ( 104.0000000000000000, 24.11999999999999744, 0.000000000000000000 ) ) ;
#2374 = VERTEX_POINT ( 'NONE', #344 ) ;
#2375 = FACE_OUTER_BOUND ( 'NONE', #463, .T. ) ;
#2376 = DIRECTION ( 'NONE',  ( 0.000000000000000000, 0.000000000000000000, -1.000000000000000000 ) ) ;
#2377 = EDGE_CURVE ( 'NONE', #1264, #2836, #778, .T. ) ;
#2378 = DIRECTION ( 'NONE',  ( -0.000000000000000000, -1.000000000000000000, 0.000000000000000000 ) ) ;
#2379 = CARTESIAN_POINT ( 'NONE',  ( 104.0000000000000000, 36.00000000000000711, -99.48999999999999488 ) ) ;
#2380 = DIRECTION ( 'NONE',  ( -0.000000000000000000, -1.000000000000000000, -0.000000000000000000 ) ) ;
#2381 = ORIENTED_EDGE ( 'NONE', *, *, #2441, .F. ) ;
#2382 = ORIENTED_EDGE ( 'NONE', *, *, #511, .T. ) ;
#2383 = CARTESIAN_POINT ( 'NONE',  ( 104.0000000000000000, 2.000000000000000000, -114.4407215153133279 ) ) ;
#2384 = CYLINDRICAL_SURFACE ( 'NONE', #2261, 2.000000000000000000 ) ;
#2385 = DIRECTION ( 'NONE',  ( 0.000000000000000000, -0.000000000000000000, 1.000000000000000000 ) ) ;
#2386 = ORIENTED_EDGE ( 'NONE', *, *, #321, .F. ) ;
#2387 = FACE_OUTER_BOUND ( 'NONE', #1649, .T. ) ;
#2388 = LOCAL_TIME ( 11, 35, 50.00000000000000000, #2598 ) ;
#2389 = EDGE_CURVE ( 'NONE', #3227, #2956, #1324, .T. ) ;
#2390 = ORIENTED_EDGE ( 'NONE', *, *, #3052, .F. ) ;
#2391 = VECTOR ( 'NONE', #2705, 1000.000000000000000 ) ;
#2392 = ORIENTED_EDGE ( 'NONE', *, *, #790, .F. ) ;
#2393 = CYLINDRICAL_SURFACE ( 'NONE', #2782, 1.699999999999996625 ) ;
#2394 = AXIS2_PLACEMENT_3D ( 'NONE', #85, #1525, #3023 ) ;
#2395 = CARTESIAN_POINT ( 'NONE',  ( 6.059999999999996056, 0.02500000000000006384, -115.7499999999999858 ) ) ;
#2396 = ADVANCED_FACE ( 'NONE', ( #295 ), #2047, .F. ) ;
#2397 = ORIENTED_EDGE ( 'NONE', *, *, #3052, .T. ) ;
#2398 = DIRECTION ( 'NONE',  ( 0.000000000000000000, 0.000000000000000000, -1.000000000000000000 ) ) ;
#2399 = CARTESIAN_POINT ( 'NONE',  ( 99.99999999999998579, 3.399999999999998579, -9.199999999999992184 ) ) ;
#2400 = ORIENTED_EDGE ( 'NONE', *, *, #2599, .F. ) ;
#2401 = EDGE_CURVE ( 'NONE', #2808, #1606, #2076, .T. ) ;
#2402 = EDGE_LOOP ( 'NONE', ( #3153, #2591, #1533, #1212 ) ) ;
#2403 = LINE ( 'NONE', #2458, #802 ) ;
#2404 = VECTOR ( 'NONE', #1025, 1000.000000000000000 ) ;
#2405 = DIRECTION ( 'NONE',  ( -1.000000000000000000, 0.000000000000000000, -0.000000000000000000 ) ) ;
#2406 = CARTESIAN_POINT ( 'NONE',  ( 104.0000000000000000, 10.71999999999999886, -99.48999999999999488 ) ) ;
#2407 = CARTESIAN_POINT ( 'NONE',  ( 96.00000000000000000, 10.71999999999999886, -47.98999999999999488 ) ) ;
#2408 = ORIENTED_EDGE ( 'NONE', *, *, #1707, .T. ) ;
#2409 = VECTOR ( 'NONE', #237, 1000.000000000000000 ) ;
#2410 = DIRECTION ( 'NONE',  ( 0.000000000000000000, 1.000000000000000000, 0.000000000000000000 ) ) ;
#2411 = ADVANCED_FACE ( 'NONE', ( #1775 ), #2949, .F. ) ;
#2412 = VERTEX_POINT ( 'NONE', #1526 ) ;
#2413 = ORIENTED_EDGE ( 'NONE', *, *, #2638, .F. ) ;
#2414 = FACE_OUTER_BOUND ( 'NONE', #1147, .T. ) ;
#2415 = AXIS2_PLACEMENT_3D ( 'NONE', #1975, #2966, #735 ) ;
#2416 = CARTESIAN_POINT ( 'NONE',  ( 99.99999999999998579, 0.000000000000000000, -9.199999999999992184 ) ) ;
#2417 = AXIS2_PLACEMENT_3D ( 'NONE', #1150, #640, #455 ) ;
#2418 = ORIENTED_EDGE ( 'NONE', *, *, #2338, .T. ) ;
#2419 = DIRECTION ( 'NONE',  ( 0.000000000000000000, 1.000000000000000000, 0.000000000000000000 ) ) ;
#2420 = CC_DESIGN_PERSON_AND_ORGANIZATION_ASSIGNMENT ( #80, #2616, ( #2972 ) ) ;
#2421 = DIRECTION ( 'NONE',  ( 0.000000000000000000, 0.000000000000000000, -1.000000000000000000 ) ) ;
#2422 = VERTEX_POINT ( 'NONE', #1104 ) ;
#2423 = EDGE_LOOP ( 'NONE', ( #1275, #3031, #2713, #2574 ) ) ;
#2424 = LINE ( 'NONE', #1952, #1110 ) ;
#2425 = DIRECTION ( 'NONE',  ( 0.000000000000000000, 0.000000000000000000, -1.000000000000000000 ) ) ;
#2426 = EDGE_CURVE ( 'NONE', #2351, #1213, #1543, .T. ) ;
#2427 = CARTESIAN_POINT ( 'NONE',  ( 6.059999999999996056, 6.000000000000000000, -7.500000000000000000 ) ) ;
#2428 = DIRECTION ( 'NONE',  ( 0.000000000000000000, 0.000000000000000000, 1.000000000000000000 ) ) ;
#2429 = AXIS2_PLACEMENT_3D ( 'NONE', #782, #1465, #2225 ) ;
#2430 = CONICAL_SURFACE ( 'NONE', #1536, 3.275000000000000355, 0.7853981633973918797 ) ;
#2431 = PLANE ( 'NONE',  #1984 ) ;
#2432 = DIRECTION ( 'NONE',  ( 0.000000000000000000, 0.000000000000000000, -1.000000000000000000 ) ) ;
#2433 = ORIENTED_EDGE ( 'NONE', *, *, #2507, .T. ) ;
#2434 = ORIENTED_EDGE ( 'NONE', *, *, #549, .T. ) ;
#2435 = CARTESIAN_POINT ( 'NONE',  ( 96.00000000000000000, 24.11999999999999744, -37.83000000000000540 ) ) ;
#2436 = VECTOR ( 'NONE', #1298, 1000.000000000000000 ) ;
#2437 = DIRECTION ( 'NONE',  ( 0.000000000000000000, 1.000000000000000000, 0.000000000000000000 ) ) ;
#2438 = ORIENTED_EDGE ( 'NONE', *, *, #333, .T. ) ;
#2439 = ORIENTED_EDGE ( 'NONE', *, *, #1616, .F. ) ;
#2440 = EDGE_LOOP ( 'NONE', ( #479, #1457, #2852, #1549 ) ) ;
#2441 = EDGE_CURVE ( 'NONE', #1386, #3227, #916, .T. ) ;
#2442 = VERTEX_POINT ( 'NONE', #861 ) ;
#2443 = CARTESIAN_POINT ( 'NONE',  ( 99.99999999999998579, 3.399999999999998579, -114.1999999999999886 ) ) ;
#2444 = LINE ( 'NONE', #2459, #1550 ) ;
#2445 = DIRECTION ( 'NONE',  ( 0.000000000000000000, 0.000000000000000000, 1.000000000000000000 ) ) ;
#2446 = CARTESIAN_POINT ( 'NONE',  ( 6.059999999999996056, 0.000000000000000000, -115.7749999999999915 ) ) ;
#2447 = EDGE_CURVE ( 'NONE', #110, #636, #1651, .T. ) ;
#2448 = CARTESIAN_POINT ( 'NONE',  ( 96.00000000000000000, 10.71999999999999886, -20.13999999999999702 ) ) ;
#2449 = LINE ( 'NONE', #3016, #22 ) ;
#2450 = VERTEX_POINT ( 'NONE', #3083 ) ;
#2451 = ORIENTED_EDGE ( 'NONE', *, *, #3141, .F. ) ;
#2452 = EDGE_CURVE ( 'NONE', #393, #2197, #2368, .T. ) ;
#2453 = DIRECTION ( 'NONE',  ( -0.000000000000000000, 1.000000000000000000, -0.000000000000000000 ) ) ;
#2454 = ORIENTED_EDGE ( 'NONE', *, *, #2180, .T. ) ;
#2455 = VERTEX_POINT ( 'NONE', #1160 ) ;
#2456 = VERTEX_POINT ( 'NONE', #2834 ) ;
#2457 = ORIENTED_EDGE ( 'NONE', *, *, #2542, .F. ) ;
#2458 = CARTESIAN_POINT ( 'NONE',  ( 0.000000000000000000, 7.419999999999999929, -24.25000000000000000 ) ) ;
#2459 = CARTESIAN_POINT ( 'NONE',  ( 2.000000000000000000, 36.00000000000000711, 0.000000000000000000 ) ) ;
#2460 = CARTESIAN_POINT ( 'NONE',  ( 106.0000000000000000, 36.00000000000000711, -2.000000000000000000 ) ) ;
#2461 = CARTESIAN_POINT ( 'NONE',  ( 99.99999999999998579, 3.399999999999999467, -112.4999999999999858 ) ) ;
#2462 = DIRECTION ( 'NONE',  ( 0.000000000000000000, 0.000000000000000000, -1.000000000000000000 ) ) ;
#2463 = DIRECTION ( 'NONE',  ( -0.000000000000000000, 1.000000000000000000, -0.000000000000000000 ) ) ;
#2464 = VECTOR ( 'NONE', #1833, 1000.000000000000000 ) ;
#2465 = EDGE_CURVE ( 'NONE', #2422, #1040, #1232, .T. ) ;
#2466 = CARTESIAN_POINT ( 'NONE',  ( 106.0000000000000000, 0.000000000000000000, 0.000000000000000000 ) ) ;
#2467 = VERTEX_POINT ( 'NONE', #615 ) ;
#2468 = ORIENTED_EDGE ( 'NONE', *, *, #881, .F. ) ;
#2469 = AXIS2_PLACEMENT_3D ( 'NONE', #2317, #2816, #2832 ) ;
#2470 = ORIENTED_EDGE ( 'NONE', *, *, #2353, .T. ) ;
#2471 = VERTEX_POINT ( 'NONE', #2399 ) ;
#2472 = DIRECTION ( 'NONE',  ( 0.000000000000000000, -1.000000000000000000, 0.000000000000000000 ) ) ;
#2473 = CYLINDRICAL_SURFACE ( 'NONE', #3107, 3.249999999999999556 ) ;
#2474 = ADVANCED_FACE ( 'NONE', ( #2364 ), #2590, .F. ) ;
#2475 = LINE ( 'NONE', #485, #2559 ) ;
#2476 = LINE ( 'NONE', #1237, #2675 ) ;
#2477 = CIRCLE ( 'NONE', #3208, 4.500000000000003553 ) ;
#2478 = VECTOR ( 'NONE', #1838, 1000.000000000000000 ) ;
#2479 = PLANE ( 'NONE',  #1516 ) ;
#2480 = ORIENTED_EDGE ( 'NONE', *, *, #1310, .F. ) ;
#2481 = AXIS2_PLACEMENT_3D ( 'NONE', #1483, #2707, #2027 ) ;
#2482 = PLANE ( 'NONE',  #2882 ) ;
#2483 = EDGE_CURVE ( 'NONE', #1978, #124, #1670, .T. ) ;
#2484 = CARTESIAN_POINT ( 'NONE',  ( 99.93999999999999773, 6.000000000000000000, -7.500000000000000000 ) ) ;
#2485 = ORIENTED_EDGE ( 'NONE', *, *, #668, .F. ) ;
#2486 = ADVANCED_FACE ( 'NONE', ( #2109 ), #1090, .F. ) ;
#2487 = ORIENTED_EDGE ( 'NONE', *, *, #2082, .F. ) ;
#2488 = EDGE_CURVE ( 'NONE', #240, #2297, #156, .T. ) ;
#2489 = ORIENTED_EDGE ( 'NONE', *, *, #2094, .T. ) ;
#2490 = ORIENTED_EDGE ( 'NONE', *, *, #2426, .F. ) ;
#2491 = CARTESIAN_POINT ( 'NONE',  ( 2.000000000000000000, 2.000000000000000000, -5.438447187191163046 ) ) ;
#2492 = CARTESIAN_POINT ( 'NONE',  ( 6.059999999999996056, 0.000000000000000000, -9.199999999999995737 ) ) ;
#2493 = EDGE_CURVE ( 'NONE', #2176, #714, #1385, .T. ) ;
#2494 = DIRECTION ( 'NONE',  ( 0.000000000000000000, 0.000000000000000000, 1.000000000000000000 ) ) ;
#2495 = DIRECTION ( 'NONE',  ( 0.000000000000000000, 0.000000000000000000, -1.000000000000000000 ) ) ;
#2496 = DIRECTION ( 'NONE',  ( 0.000000000000000000, 1.000000000000000000, 0.000000000000000000 ) ) ;
#2497 = LINE ( 'NONE', #423, #2145 ) ;
#2498 = FACE_BOUND ( 'NONE', #1686, .T. ) ;
#2499 = ORIENTED_EDGE ( 'NONE', *, *, #1190, .F. ) ;
#2500 = ORIENTED_EDGE ( 'NONE', *, *, #2522, .T. ) ;
#2501 = LOCAL_TIME ( 11, 35, 50.00000000000000000, #1613 ) ;
#2502 = ORIENTED_EDGE ( 'NONE', *, *, #409, .F. ) ;
#2503 = VERTEX_POINT ( 'NONE', #86 ) ;
#2504 = DIRECTION ( 'NONE',  ( -0.000000000000000000, -0.000000000000000000, 1.000000000000000000 ) ) ;
#2505 = FACE_OUTER_BOUND ( 'NONE', #1077, .T. ) ;
#2506 = DIRECTION ( 'NONE',  ( 1.000000000000000000, -0.000000000000000000, -0.000000000000000000 ) ) ;
#2507 = EDGE_CURVE ( 'NONE', #2272, #835, #600, .T. ) ;
#2508 = DIRECTION ( 'NONE',  ( 0.000000000000000000, 1.000000000000000000, 0.000000000000000000 ) ) ;
#2509 = CARTESIAN_POINT ( 'NONE',  ( 99.93999999999999773, 2.000000000000000000, -112.4999999999999858 ) ) ;
#2510 = LINE ( 'NONE', #2254, #2810 ) ;
#2511 = DIRECTION ( 'NONE',  ( 0.000000000000000000, 0.000000000000000000, 1.000000000000000000 ) ) ;
#2512 = EDGE_LOOP ( 'NONE', ( #3104, #3238, #2454, #65 ) ) ;
#2513 = EDGE_CURVE ( 'NONE', #1213, #2351, #2627, .T. ) ;
#2514 = DIRECTION ( 'NONE',  ( 1.000000000000000000, -0.000000000000000000, -0.000000000000000000 ) ) ;
#2515 = ORIENTED_EDGE ( 'NONE', *, *, #2952, .T. ) ;
#2516 = EDGE_LOOP ( 'NONE', ( #248, #2500, #2211, #204, #2543, #2296, #374, #1375 ) ) ;
#2517 = CARTESIAN_POINT ( 'NONE',  ( 0.000000000000000000, 22.01999999999999957, -13.25000000000000178 ) ) ;
#2518 = DIRECTION ( 'NONE',  ( 0.000000000000000000, 0.000000000000000000, -1.000000000000000000 ) ) ;
#2519 = DIRECTION ( 'NONE',  ( 0.000000000000000000, 0.000000000000000000, -1.000000000000000000 ) ) ;
#2520 = VECTOR ( 'NONE', #174, 1000.000000000000000 ) ;
#2521 = DIRECTION ( 'NONE',  ( -0.000000000000000000, -1.000000000000000000, -0.000000000000000000 ) ) ;
#2522 = EDGE_CURVE ( 'NONE', #1370, #1750, #2102, .T. ) ;
#2523 = CIRCLE ( 'NONE', #171, 1.699999999999993072 ) ;
#2524 = CARTESIAN_POINT ( 'NONE',  ( 99.99999999999998579, 0.000000000000000000, -112.4999999999999858 ) ) ;
#2525 = AXIS2_PLACEMENT_3D ( 'NONE', #74, #1572, #557 ) ;
#2526 = DIRECTION ( 'NONE',  ( 8.659560562354443518E-17, -0.7071067811865874297, 0.7071067811865076047 ) ) ;
#2527 = ADVANCED_FACE ( 'NONE', ( #877 ), #2345, .F. ) ;
#2528 = AXIS2_PLACEMENT_3D ( 'NONE', #2589, #1350, #3155 ) ;
#2529 = EDGE_LOOP ( 'NONE', ( #759, #2867, #1653, #2872 ) ) ;
#2530 = DIRECTION ( 'NONE',  ( 0.000000000000000000, 0.000000000000000000, -1.000000000000000000 ) ) ;
#2531 = AXIS2_PLACEMENT_3D ( 'NONE', #439, #926, #1868 ) ;
#2532 = ORIENTED_EDGE ( 'NONE', *, *, #2522, .F. ) ;
#2533 = VECTOR ( 'NONE', #2033, 1000.000000000000000 ) ;
#2534 = DIRECTION ( 'NONE',  ( 0.000000000000000000, 0.000000000000000000, -1.000000000000000000 ) ) ;
#2535 = DIRECTION ( 'NONE',  ( -0.000000000000000000, -0.000000000000000000, -1.000000000000000000 ) ) ;
#2536 = DIRECTION ( 'NONE',  ( 1.000000000000000000, -0.000000000000000000, -0.000000000000000000 ) ) ;
#2537 = EDGE_CURVE ( 'NONE', #1564, #1862, #633, .T. ) ;
#2538 = CARTESIAN_POINT ( 'NONE',  ( 106.0000000000000000, 24.11999999999999744, -91.32999999999999829 ) ) ;
#2539 = VECTOR ( 'NONE', #1165, 1000.000000000000000 ) ;
#2540 = CARTESIAN_POINT ( 'NONE',  ( 99.99999999999998579, 0.000000000000000000, -5.800000000000006928 ) ) ;
#2541 = LINE ( 'NONE', #849, #1487 ) ;
#2542 = EDGE_CURVE ( 'NONE', #2374, #601, #1143, .T. ) ;
#2543 = ORIENTED_EDGE ( 'NONE', *, *, #3120, .F. ) ;
#2544 = APPLICATION_PROTOCOL_DEFINITION ( 'international standard', 'config_control_design', 1994, #3123 ) ;
#2545 = ORIENTED_EDGE ( 'NONE', *, *, #2942, .T. ) ;
#2546 = CARTESIAN_POINT ( 'NONE',  ( 3.000000000000000000, 4.419999999999999041, -24.25000000000000000 ) ) ;
#2547 = DIRECTION ( 'NONE',  ( 0.000000000000000000, 0.000000000000000000, -1.000000000000000000 ) ) ;
#2548 = LOCAL_TIME ( 11, 35, 50.00000000000000000, #2086 ) ;
#2549 = CARTESIAN_POINT ( 'NONE',  ( 99.99999999999998579, 0.000000000000000000, -114.1999999999999886 ) ) ;
#2550 = LINE ( 'NONE', #2049, #72 ) ;
#2551 = CARTESIAN_POINT ( 'NONE',  ( 96.00000000000000000, 10.71999999999999886, -63.74000000000001620 ) ) ;
#2552 = EDGE_LOOP ( 'NONE', ( #1834, #2485 ) ) ;
#2553 = ORIENTED_EDGE ( 'NONE', *, *, #209, .F. ) ;
#2554 = CARTESIAN_POINT ( 'NONE',  ( 104.0000000000000000, 36.00000000000000711, -56.14999999999999858 ) ) ;
#2555 = VECTOR ( 'NONE', #911, 1000.000000000000000 ) ;
#2556 = CARTESIAN_POINT ( 'NONE',  ( 6.059999999999996056, 6.000000000000000000, -7.500000000000000000 ) ) ;
#2557 = ORIENTED_EDGE ( 'NONE', *, *, #1822, .F. ) ;
#2558 = CARTESIAN_POINT ( 'NONE',  ( 106.0000000000000000, 10.71999999999999886, -73.90000000000000568 ) ) ;
#2559 = VECTOR ( 'NONE', #1217, 1000.000000000000000 ) ;
#2560 = DIRECTION ( 'NONE',  ( -0.000000000000000000, 1.000000000000000000, -0.000000000000000000 ) ) ;
#2561 = LINE ( 'NONE', #43, #109 ) ;
#2562 = EDGE_LOOP ( 'NONE', ( #2732, #1412, #897, #307 ) ) ;
#2563 = CYLINDRICAL_SURFACE ( 'NONE', #3165, 4.500000000000003553 ) ;
#2564 = AXIS2_PLACEMENT_3D ( 'NONE', #630, #1648, #1910 ) ;
#2565 = CARTESIAN_POINT ( 'NONE',  ( 104.0000000000000000, 24.11999999999999744, -109.6499999999999915 ) ) ;
#2566 = VECTOR ( 'NONE', #884, 1000.000000000000000 ) ;
#2567 = EDGE_LOOP ( 'NONE', ( #1906, #2325, #2749, #336, #603, #2413, #2438, #346, #827, #1791, #1224, #899 ) ) ;
#2568 = ORIENTED_EDGE ( 'NONE', *, *, #1731, .F. ) ;
#2569 = ORIENTED_EDGE ( 'NONE', *, *, #542, .T. ) ;
#2570 = LINE ( 'NONE', #338, #674 ) ;
#2571 = VECTOR ( 'NONE', #1142, 1000.000000000000000 ) ;
#2572 = FACE_BOUND ( 'NONE', #260, .T. ) ;
#2573 = VECTOR ( 'NONE', #2193, 1000.000000000000000 ) ;
#2574 = ORIENTED_EDGE ( 'NONE', *, *, #564, .F. ) ;
#2575 = CARTESIAN_POINT ( 'NONE',  ( 106.0000000000000000, 24.11999999999999744, -91.32999999999999829 ) ) ;
#2576 = DIRECTION ( 'NONE',  ( 0.000000000000000000, 0.000000000000000000, -1.000000000000000000 ) ) ;
#2577 = EDGE_CURVE ( 'NONE', #2288, #2679, #2523, .T. ) ;
#2578 = DIRECTION ( 'NONE',  ( 0.000000000000000000, 0.000000000000000000, 1.000000000000000000 ) ) ;
#2579 = EDGE_CURVE ( 'NONE', #1263, #2456, #3175, .T. ) ;
#2580 = PLANE ( 'NONE',  #1027 ) ;
#2581 = LINE ( 'NONE', #1067, #3030 ) ;
#2582 = ORIENTED_EDGE ( 'NONE', *, *, #1605, .F. ) ;
#2583 = ORIENTED_EDGE ( 'NONE', *, *, #2300, .T. ) ;
#2584 = PERSON_AND_ORGANIZATION_ROLE ( 'creator' ) ;
#2585 = FACE_OUTER_BOUND ( 'NONE', #2087, .T. ) ;
#2586 = CARTESIAN_POINT ( 'NONE',  ( 99.93999999999999773, 6.000000000000000000, -107.9999999999999858 ) ) ;
#2587 = DIRECTION ( 'NONE',  ( -1.000000000000000000, -0.000000000000000000, -0.000000000000000000 ) ) ;
#2588 = FACE_BOUND ( 'NONE', #443, .T. ) ;
#2589 = CARTESIAN_POINT ( 'NONE',  ( 6.059999999999996056, 0.000000000000000000, -7.500000000000000000 ) ) ;
#2590 = PLANE ( 'NONE',  #2787 ) ;
#2591 = ORIENTED_EDGE ( 'NONE', *, *, #878, .T. ) ;
#2592 = ORIENTED_EDGE ( 'NONE', *, *, #2795, .T. ) ;
#2593 = DIRECTION ( 'NONE',  ( 0.000000000000000000, 0.000000000000000000, -1.000000000000000000 ) ) ;
#2594 = EDGE_CURVE ( 'NONE', #3126, #1053, #1426, .T. ) ;
#2595 = CARTESIAN_POINT ( 'NONE',  ( 6.059999999999996056, 6.000000000000000000, -110.7999999999999972 ) ) ;
#2596 = EDGE_LOOP ( 'NONE', ( #1769, #10, #2367, #207 ) ) ;
#2597 = VERTEX_POINT ( 'NONE', #904 ) ;
#2598 = COORDINATED_UNIVERSAL_TIME_OFFSET ( 1, 0, .AHEAD. ) ;
#2599 = EDGE_CURVE ( 'NONE', #3177, #1068, #1677, .T. ) ;
#2600 = CARTESIAN_POINT ( 'NONE',  ( 0.000000000000000000, 36.00000000000000711, -120.0000000000000000 ) ) ;
#2601 = DIRECTION ( 'NONE',  ( 0.000000000000000000, 0.000000000000000000, -1.000000000000000000 ) ) ;
#2602 = DIRECTION ( 'NONE',  ( 0.000000000000000000, 0.000000000000000000, 1.000000000000000000 ) ) ;
#2603 = LINE ( 'NONE', #370, #332 ) ;
#2604 = CARTESIAN_POINT ( 'NONE',  ( 99.93999999999999773, 6.000000000000000000, -2.999999999999994671 ) ) ;
#2605 = ORIENTED_EDGE ( 'NONE', *, *, #2377, .T. ) ;
#2606 = EDGE_CURVE ( 'NONE', #3226, #110, #185, .T. ) ;
#2607 = ORIENTED_EDGE ( 'NONE', *, *, #809, .F. ) ;
#2608 = CYLINDRICAL_SURFACE ( 'NONE', #2840, 4.500000000000003553 ) ;
#2609 = DIRECTION ( 'NONE',  ( 0.000000000000000000, -0.000000000000000000, 1.000000000000000000 ) ) ;
#2610 = EDGE_CURVE ( 'NONE', #634, #1246, #14, .T. ) ;
#2611 = EDGE_LOOP ( 'NONE', ( #2041, #1314, #2545, #2582 ) ) ;
#2612 = VECTOR ( 'NONE', #788, 1000.000000000000000 ) ;
#2613 = CARTESIAN_POINT ( 'NONE',  ( 104.0000000000000000, 2.000000000000000000, -2.000000000000000000 ) ) ;
#2614 = EDGE_CURVE ( 'NONE', #2961, #1982, #2947, .T. ) ;
#2615 = EDGE_LOOP ( 'NONE', ( #919, #2921, #78, #1977 ) ) ;
#2616 = PERSON_AND_ORGANIZATION_ROLE ( 'design_supplier' ) ;
#2617 = AXIS2_PLACEMENT_3D ( 'NONE', #742, #1737, #2657 ) ;
#2618 = DIRECTION ( 'NONE',  ( 1.000000000000000000, -0.000000000000000000, -0.000000000000000000 ) ) ;
#2619 = LINE ( 'NONE', #386, #1011 ) ;
#2620 = VECTOR ( 'NONE', #433, 1000.000000000000000 ) ;
#2621 = VECTOR ( 'NONE', #632, 1000.000000000000000 ) ;
#2622 = FACE_BOUND ( 'NONE', #2596, .T. ) ;
#2623 = DIRECTION ( 'NONE',  ( -0.000000000000000000, -1.000000000000000000, -0.000000000000000000 ) ) ;
#2624 = CARTESIAN_POINT ( 'NONE',  ( 99.93999999999999773, 6.000000000000000000, -107.9999999999999858 ) ) ;
#2625 = VERTEX_POINT ( 'NONE', #1899 ) ;
#2626 = ORIENTED_EDGE ( 'NONE', *, *, #1567, .F. ) ;
#2627 = CIRCLE ( 'NONE', #2937, 3.275000000000000355 ) ;
#2628 = CARTESIAN_POINT ( 'NONE',  ( 6.059999999999996056, 3.399999999999998579, -7.500000000000000000 ) ) ;
#2629 = ADVANCED_FACE ( 'NONE', ( #1919 ), #1428, .F. ) ;
#2630 = CARTESIAN_POINT ( 'NONE',  ( 2.000000000000000000, 36.00000000000000711, 0.000000000000000000 ) ) ;
#2631 = FACE_OUTER_BOUND ( 'NONE', #3078, .T. ) ;
#2632 = VERTEX_POINT ( 'NONE', #1407 ) ;
#2633 = CARTESIAN_POINT ( 'NONE',  ( 104.0000000000000000, 6.000000000000000000, -114.4407215153133279 ) ) ;
#2634 = EDGE_CURVE ( 'NONE', #2836, #1052, #1881, .T. ) ;
#2635 = ORIENTED_EDGE ( 'NONE', *, *, #2680, .T. ) ;
#2636 = CALENDAR_DATE ( 2025, 26, 4 ) ;
#2637 = CARTESIAN_POINT ( 'NONE',  ( 2.000000000000000000, 2.000000000000000000, -110.4384471871911444 ) ) ;
#2638 = EDGE_CURVE ( 'NONE', #2632, #636, #720, .T. ) ;
#2639 = LINE ( 'NONE', #2104, #106 ) ;
#2640 = ORIENTED_EDGE ( 'NONE', *, *, #2850, .T. ) ;
#2641 = LINE ( 'NONE', #2883, #708 ) ;
#2642 = DIRECTION ( 'NONE',  ( 0.000000000000000000, 0.000000000000000000, 1.000000000000000000 ) ) ;
#2643 = ORIENTED_EDGE ( 'NONE', *, *, #2082, .T. ) ;
#2644 = ORIENTED_EDGE ( 'NONE', *, *, #1934, .T. ) ;
#2645 = CARTESIAN_POINT ( 'NONE',  ( 6.059999999999996056, 0.000000000000000000, -7.500000000000000000 ) ) ;
#2646 = CARTESIAN_POINT ( 'NONE',  ( 106.0000000000000000, 10.71999999999999886, -91.32999999999999829 ) ) ;
#2647 = CARTESIAN_POINT ( 'NONE',  ( 104.0000000000000000, 10.71999999999999886, -91.32999999999999829 ) ) ;
#2648 = PLANE ( 'NONE',  #2358 ) ;
#2649 = LINE ( 'NONE', #579, #1663 ) ;
#2650 = ORIENTED_EDGE ( 'NONE', *, *, #1786, .T. ) ;
#2651 = PLANE ( 'NONE',  #1588 ) ;
#2652 = CIRCLE ( 'NONE', #677, 4.500000000000003553 ) ;
#2653 = ORIENTED_EDGE ( 'NONE', *, *, #2839, .F. ) ;
#2654 = VECTOR ( 'NONE', #1920, 1000.000000000000000 ) ;
#2655 = CC_DESIGN_DATE_AND_TIME_ASSIGNMENT ( #625, #1853, ( #1396 ) ) ;
#2656 = CARTESIAN_POINT ( 'NONE',  ( 104.0000000000000000, 36.00000000000000711, -120.0000000000000000 ) ) ;
#2657 = DIRECTION ( 'NONE',  ( 0.000000000000000000, 0.000000000000000000, 1.000000000000000000 ) ) ;
#2658 = EDGE_CURVE ( 'NONE', #2412, #2886, #201, .T. ) ;
#2659 = ORIENTED_EDGE ( 'NONE', *, *, #3225, .T. ) ;
#2660 = DIRECTION ( 'NONE',  ( 0.000000000000000000, 0.000000000000000000, -1.000000000000000000 ) ) ;
#2661 = CARTESIAN_POINT ( 'NONE',  ( 106.0000000000000000, 10.71999999999999886, -109.6499999999999915 ) ) ;
#2662 = VERTEX_POINT ( 'NONE', #1203 ) ;
#2663 = ORIENTED_EDGE ( 'NONE', *, *, #2964, .T. ) ;
#2664 = DIRECTION ( 'NONE',  ( 0.000000000000000000, -1.000000000000000000, 0.000000000000000000 ) ) ;
#2665 = CYLINDRICAL_SURFACE ( 'NONE', #29, 3.250000000000002665 ) ;
#2666 = DIRECTION ( 'NONE',  ( -0.000000000000000000, -1.000000000000000000, -0.000000000000000000 ) ) ;
#2667 = CARTESIAN_POINT ( 'NONE',  ( 99.99999999999998579, 0.02500000000000006384, -10.75000000000000178 ) ) ;
#2668 = CARTESIAN_POINT ( 'NONE',  ( 104.0000000000000000, 10.71999999999999886, -82.06000000000000227 ) ) ;
#2669 = AXIS2_PLACEMENT_3D ( 'NONE', #574, #1289, #1038 ) ;
#2670 = LINE ( 'NONE', #3109, #2014 ) ;
#2671 = ORIENTED_EDGE ( 'NONE', *, *, #157, .F. ) ;
#2672 = ORIENTED_EDGE ( 'NONE', *, *, #3188, .T. ) ;
#2673 = CARTESIAN_POINT ( 'NONE',  ( 101.6999999999999886, 3.399999999999999023, -112.4999999999999858 ) ) ;
#2674 = EDGE_CURVE ( 'NONE', #514, #978, #2268, .T. ) ;
#2675 = VECTOR ( 'NONE', #2736, 1000.000000000000000 ) ;
#2676 = DIRECTION ( 'NONE',  ( -0.000000000000000000, 0.000000000000000000, -1.000000000000000000 ) ) ;
#2677 = ORIENTED_EDGE ( 'NONE', *, *, #1360, .T. ) ;
#2678 = VECTOR ( 'NONE', #2380, 1000.000000000000000 ) ;
#2679 = VERTEX_POINT ( 'NONE', #165 ) ;
#2680 = EDGE_CURVE ( 'NONE', #2467, #2706, #2008, .T. ) ;
#2681 = EDGE_LOOP ( 'NONE', ( #290, #1343, #1668, #1018 ) ) ;
#2682 = EDGE_LOOP ( 'NONE', ( #1369, #1243, #1700, #1001 ) ) ;
#2683 = CARTESIAN_POINT ( 'NONE',  ( 0.000000000000000000, 2.000000000000000000, -2.000000000000000000 ) ) ;
#2684 = CARTESIAN_POINT ( 'NONE',  ( 99.93999999999999773, 6.000000000000000000, -12.00000000000000355 ) ) ;
#2685 = DIRECTION ( 'NONE',  ( 1.000000000000000000, -0.000000000000000000, -0.000000000000000000 ) ) ;
#2686 = CARTESIAN_POINT ( 'NONE',  ( 6.059999999999996056, 0.000000000000000000, -10.75000000000000000 ) ) ;
#2687 = VECTOR ( 'NONE', #628, 1000.000000000000000 ) ;
#2688 = ADVANCED_FACE ( 'NONE', ( #2906 ), #2149, .T. ) ;
#2689 = AXIS2_PLACEMENT_3D ( 'NONE', #1802, #3035, #2519 ) ;
#2690 = CARTESIAN_POINT ( 'NONE',  ( 96.00000000000000000, 10.71999999999999886, -101.4899999999999949 ) ) ;
#2691 = DIRECTION ( 'NONE',  ( 0.000000000000000000, 0.000000000000000000, 1.000000000000000000 ) ) ;
#2692 = EDGE_LOOP ( 'NONE', ( #2974, #1702, #2321, #1136 ) ) ;
#2693 = ORIENTED_EDGE ( 'NONE', *, *, #2907, .T. ) ;
#2694 = PLANE ( 'NONE',  #2299 ) ;
#2695 = DIRECTION ( 'NONE',  ( -0.000000000000000000, -1.000000000000000000, -0.000000000000000000 ) ) ;
#2696 = VERTEX_POINT ( 'NONE', #2667 ) ;
#2697 = CIRCLE ( 'NONE', #1128, 1.699999999999998401 ) ;
#2698 = ORIENTED_EDGE ( 'NONE', *, *, #2191, .T. ) ;
#2699 = ORIENTED_EDGE ( 'NONE', *, *, #2389, .T. ) ;
#2700 = LINE ( 'NONE', #1214, #1371 ) ;
#2701 = DIRECTION ( 'NONE',  ( -0.000000000000000000, -1.000000000000000000, -0.000000000000000000 ) ) ;
#2702 = DIRECTION ( 'NONE',  ( -0.000000000000000000, -1.000000000000000000, -0.000000000000000000 ) ) ;
#2703 = DIRECTION ( 'NONE',  ( 0.000000000000000000, 0.000000000000000000, -1.000000000000000000 ) ) ;
#2704 = ADVANCED_FACE ( 'NONE', ( #2631 ), #1169, .F. ) ;
#2705 = DIRECTION ( 'NONE',  ( 0.000000000000000000, 0.000000000000000000, -1.000000000000000000 ) ) ;
#2706 = VERTEX_POINT ( 'NONE', #2171 ) ;
#2707 = DIRECTION ( 'NONE',  ( 0.000000000000000000, -1.000000000000000000, 0.000000000000000000 ) ) ;
#2708 = ORIENTED_EDGE ( 'NONE', *, *, #1605, .T. ) ;
#2709 = CARTESIAN_POINT ( 'NONE',  ( 99.99999999999998579, 6.000000000000000000, -7.500000000000000000 ) ) ;
#2710 = ORIENTED_EDGE ( 'NONE', *, *, #2256, .T. ) ;
#2711 = EDGE_CURVE ( 'NONE', #2062, #1629, #3124, .T. ) ;
#2712 = ORIENTED_EDGE ( 'NONE', *, *, #1323, .F. ) ;
#2713 = ORIENTED_EDGE ( 'NONE', *, *, #536, .T. ) ;
#2714 = ORIENTED_EDGE ( 'NONE', *, *, #206, .T. ) ;
#2715 = CARTESIAN_POINT ( 'NONE',  ( 2.000000000000000000, 5.999999999999998224, 0.000000000000000000 ) ) ;
#2716 = CARTESIAN_POINT ( 'NONE',  ( 99.93999999999999773, 6.000000000000000000, -112.4999999999999858 ) ) ;
#2717 = CARTESIAN_POINT ( 'NONE',  ( 106.0000000000000000, 10.71999999999999886, -47.98999999999999488 ) ) ;
#2718 = CARTESIAN_POINT ( 'NONE',  ( 106.0000000000000000, 10.71999999999999886, -101.4899999999999949 ) ) ;
#2719 = EDGE_CURVE ( 'NONE', #2886, #1914, #923, .T. ) ;
#2720 = CARTESIAN_POINT ( 'NONE',  ( 0.000000000000000000, 7.419999999999999929, -30.24999999999999645 ) ) ;
#2721 = CARTESIAN_POINT ( 'NONE',  ( 106.0000000000000000, 24.11999999999999744, -37.83000000000000540 ) ) ;
#2722 = ADVANCED_FACE ( 'NONE', ( #2926 ), #2648, .F. ) ;
#2723 = CIRCLE ( 'NONE', #219, 4.500000000000003553 ) ;
#2724 = ORIENTED_EDGE ( 'NONE', *, *, #1271, .F. ) ;
#2725 = EDGE_CURVE ( 'NONE', #2126, #634, #3143, .T. ) ;
#2726 = DIRECTION ( 'NONE',  ( 1.000000000000000000, -0.000000000000000000, -0.000000000000000000 ) ) ;
#2727 = ADVANCED_FACE ( 'NONE', ( #1005 ), #2221, .F. ) ;
#2728 = VERTEX_POINT ( 'NONE', #2034 ) ;
#2729 = VECTOR ( 'NONE', #1058, 1000.000000000000000 ) ;
#2730 = EDGE_LOOP ( 'NONE', ( #2672, #2134, #1069, #2901 ) ) ;
#2731 = CIRCLE ( 'NONE', #754, 4.500000000000004441 ) ;
#2732 = ORIENTED_EDGE ( 'NONE', *, *, #2483, .F. ) ;
#2733 = DIRECTION ( 'NONE',  ( -0.000000000000000000, -1.000000000000000000, -0.000000000000000000 ) ) ;
#2734 = CARTESIAN_POINT ( 'NONE',  ( 99.93999999999999773, 6.000000000000000000, -112.4999999999999858 ) ) ;
#2735 = LINE ( 'NONE', #1495, #286 ) ;
#2736 = DIRECTION ( 'NONE',  ( 0.000000000000000000, 0.000000000000000000, 1.000000000000000000 ) ) ;
#2737 = VECTOR ( 'NONE', #3067, 1000.000000000000000 ) ;
#2738 = EDGE_CURVE ( 'NONE', #1689, #1922, #34, .T. ) ;
#2739 = DIRECTION ( 'NONE',  ( 0.000000000000000000, 0.000000000000000000, 1.000000000000000000 ) ) ;
#2740 = AXIS2_PLACEMENT_3D ( 'NONE', #3199, #992, #1717 ) ;
#2741 = CARTESIAN_POINT ( 'NONE',  ( 106.0000000000000000, 24.11999999999999744, -63.74000000000001620 ) ) ;
#2742 = VERTEX_POINT ( 'NONE', #2999 ) ;
#2743 = ADVANCED_FACE ( 'NONE', ( #1478 ), #1776, .F. ) ;
#2744 = LINE ( 'NONE', #1041, #989 ) ;
#2745 = ORIENTED_EDGE ( 'NONE', *, *, #1608, .T. ) ;
#2746 = ORIENTED_EDGE ( 'NONE', *, *, #1662, .F. ) ;
#2747 = ADVANCED_FACE ( 'NONE', ( #2776 ), #987, .T. ) ;
#2748 = ORIENTED_EDGE ( 'NONE', *, *, #1029, .F. ) ;
#2749 = ORIENTED_EDGE ( 'NONE', *, *, #1904, .F. ) ;
#2750 = CYLINDRICAL_SURFACE ( 'NONE', #112, 4.500000000000003553 ) ;
#2751 = CARTESIAN_POINT ( 'NONE',  ( 99.99999999999998579, 0.02500000000000006384, -112.4999999999999858 ) ) ;
#2752 = LINE ( 'NONE', #3230, #1683 ) ;
#2753 = DIRECTION ( 'NONE',  ( -0.000000000000000000, -1.000000000000000000, 0.000000000000000000 ) ) ;
#2754 = EDGE_CURVE ( 'NONE', #2374, #81, #252, .T. ) ;
#2755 = DIRECTION ( 'NONE',  ( 0.000000000000000000, 0.000000000000000000, -1.000000000000000000 ) ) ;
#2756 = DIRECTION ( 'NONE',  ( 0.000000000000000000, -0.000000000000000000, 1.000000000000000000 ) ) ;
#2757 = LINE ( 'NONE', #2721, #117 ) ;
#2758 = ORIENTED_EDGE ( 'NONE', *, *, #1964, .T. ) ;
#2759 = CARTESIAN_POINT ( 'NONE',  ( 104.0000000000000000, 10.71999999999999886, -20.13999999999999702 ) ) ;
#2760 = ORIENTED_EDGE ( 'NONE', *, *, #2204, .F. ) ;
#2761 = VERTEX_POINT ( 'NONE', #1513 ) ;
#2762 = DIRECTION ( 'NONE',  ( -0.000000000000000000, -1.000000000000000000, -0.000000000000000000 ) ) ;
#2763 = CARTESIAN_POINT ( 'NONE',  ( 99.93999999999999773, 2.000000000000000000, -112.4999999999999858 ) ) ;
#2764 = DIRECTION ( 'NONE',  ( -0.000000000000000000, -1.000000000000000000, -0.000000000000000000 ) ) ;
#2765 = DIRECTION ( 'NONE',  ( 0.000000000000000000, 0.000000000000000000, -1.000000000000000000 ) ) ;
#2766 = CARTESIAN_POINT ( 'NONE',  ( 104.0000000000000000, 0.000000000000000000, 0.000000000000000000 ) ) ;
#2767 = DIRECTION ( 'NONE',  ( 1.000000000000000000, -0.000000000000000000, -0.000000000000000000 ) ) ;
#2768 = VERTEX_POINT ( 'NONE', #547 ) ;
#2769 = CARTESIAN_POINT ( 'NONE',  ( 6.000000000000000000, 2.000000000000000000, -7.500000000000000000 ) ) ;
#2770 = ORIENTED_EDGE ( 'NONE', *, *, #2150, .F. ) ;
#2771 = EDGE_CURVE ( 'NONE', #3226, #2632, #1990, .T. ) ;
#2772 = FACE_OUTER_BOUND ( 'NONE', #982, .T. ) ;
#2773 = DIRECTION ( 'NONE',  ( 0.000000000000000000, -0.000000000000000000, 1.000000000000000000 ) ) ;
#2774 = FACE_OUTER_BOUND ( 'NONE', #2423, .T. ) ;
#2775 = VECTOR ( 'NONE', #1178, 1000.000000000000000 ) ;
#2776 = FACE_OUTER_BOUND ( 'NONE', #864, .T. ) ;
#2777 = AXIS2_PLACEMENT_3D ( 'NONE', #2280, #3026, #3 ) ;
#2778 = DIRECTION ( 'NONE',  ( 0.000000000000000000, 0.000000000000000000, -1.000000000000000000 ) ) ;
#2779 = CARTESIAN_POINT ( 'NONE',  ( 104.0000000000000000, 36.00000000000000711, 0.000000000000000000 ) ) ;
#2780 = VECTOR ( 'NONE', #1423, 1000.000000000000000 ) ;
#2781 = EDGE_CURVE ( 'NONE', #1885, #1259, #60, .T. ) ;
#2782 = AXIS2_PLACEMENT_3D ( 'NONE', #2329, #2120, #3079 ) ;
#2783 = ORIENTED_EDGE ( 'NONE', *, *, #1260, .T. ) ;
#2784 = UNCERTAINTY_MEASURE_WITH_UNIT (LENGTH_MEASURE( 1.000000000000000082E-05 ), #1277, 'distance_accuracy_value', 'NONE');
#2785 =( NAMED_UNIT ( * ) PLANE_ANGLE_UNIT ( ) SI_UNIT ( $, .RADIAN. ) );
#2786 = VERTEX_POINT ( 'NONE', #281 ) ;
#2787 = AXIS2_PLACEMENT_3D ( 'NONE', #123, #2333, #3156 ) ;
#2788 = VERTEX_POINT ( 'NONE', #779 ) ;
#2789 = PLANE ( 'NONE',  #644 ) ;
#2790 = CARTESIAN_POINT ( 'NONE',  ( 99.99999999999998579, 0.000000000000000000, -109.2499999999999858 ) ) ;
#2791 = CARTESIAN_POINT ( 'NONE',  ( 6.000000000000000888, 6.000000000000000000, -107.9999999999999858 ) ) ;
#2792 = CARTESIAN_POINT ( 'NONE',  ( 0.000000000000000000, 36.00000000000000711, 0.000000000000000000 ) ) ;
#2793 = DIRECTION ( 'NONE',  ( 0.000000000000000000, 0.000000000000000000, -1.000000000000000000 ) ) ;
#2794 = CARTESIAN_POINT ( 'NONE',  ( 99.93999999999999773, 6.000000000000000000, -112.4999999999999858 ) ) ;
#2795 = EDGE_CURVE ( 'NONE', #11, #622, #1162, .T. ) ;
#2796 = ORIENTED_EDGE ( 'NONE', *, *, #1105, .F. ) ;
#2797 = EDGE_LOOP ( 'NONE', ( #2366, #302, #909, #773 ) ) ;
#2798 = DIRECTION ( 'NONE',  ( 0.000000000000000000, -0.7071067811865874297, -0.7071067811865076047 ) ) ;
#2799 = CARTESIAN_POINT ( 'NONE',  ( 6.000000000000000888, 6.000000000000000000, -107.9999999999999858 ) ) ;
#2800 = LINE ( 'NONE', #1570, #2941 ) ;
#2801 = ORGANIZATION ( 'UNSPECIFIED', 'UNSPECIFIED', '' ) ;
#2802 = DIRECTION ( 'NONE',  ( -0.000000000000000000, -1.000000000000000000, -0.000000000000000000 ) ) ;
#2803 = AXIS2_PLACEMENT_3D ( 'NONE', #221, #3001, #473 ) ;
#2804 = VECTOR ( 'NONE', #789, 1000.000000000000000 ) ;
#2805 = PLANE ( 'NONE',  #508 ) ;
#2806 = PLANE ( 'NONE',  #2152 ) ;
#2807 = VERTEX_POINT ( 'NONE', #749 ) ;
#2808 = VERTEX_POINT ( 'NONE', #218 ) ;
#2809 = APPROVAL_DATE_TIME ( #889, #1266 ) ;
#2810 = VECTOR ( 'NONE', #267, 1000.000000000000000 ) ;
#2811 = EDGE_CURVE ( 'NONE', #1982, #1109, #1532, .T. ) ;
#2812 = DIRECTION ( 'NONE',  ( 0.000000000000000000, -0.000000000000000000, 1.000000000000000000 ) ) ;
#2813 = CYLINDRICAL_SURFACE ( 'NONE', #3211, 3.250000000000002665 ) ;
#2814 = EDGE_CURVE ( 'NONE', #2768, #741, #1218, .T. ) ;
#2815 = ORIENTED_EDGE ( 'NONE', *, *, #3075, .T. ) ;
#2816 = DIRECTION ( 'NONE',  ( -0.000000000000000000, -1.000000000000000000, -0.000000000000000000 ) ) ;
#2817 = VECTOR ( 'NONE', #765, 1000.000000000000000 ) ;
#2818 = CARTESIAN_POINT ( 'NONE',  ( 2.000000000000000000, 36.00000000000000711, 0.000000000000000000 ) ) ;
#2819 = CARTESIAN_POINT ( 'NONE',  ( 104.0000000000000000, 36.00000000000000711, -20.13999999999999702 ) ) ;
#2820 = VERTEX_POINT ( 'NONE', #2718 ) ;
#2821 = CARTESIAN_POINT ( 'NONE',  ( 106.0000000000000000, 24.11999999999999744, -9.980000000000002203 ) ) ;
#2822 = AXIS2_PLACEMENT_3D ( 'NONE', #1803, #559, #2139 ) ;
#2823 = CARTESIAN_POINT ( 'NONE',  ( 106.0000000000000000, 10.71999999999999886, -99.48999999999999488 ) ) ;
#2824 = AXIS2_PLACEMENT_3D ( 'NONE', #101, #1875, #2864 ) ;
#2825 = ORIENTED_EDGE ( 'NONE', *, *, #2920, .F. ) ;
#2826 = EDGE_LOOP ( 'NONE', ( #1735, #2825, #3176, #1315 ) ) ;
#2827 = DIRECTION ( 'NONE',  ( 0.000000000000000000, 1.000000000000000000, 0.000000000000000000 ) ) ;
#2828 = DIRECTION ( 'NONE',  ( -0.000000000000000000, -1.000000000000000000, -0.000000000000000000 ) ) ;
#2829 = VECTOR ( 'NONE', #1026, 1000.000000000000000 ) ;
#2830 = VECTOR ( 'NONE', #2279, 1000.000000000000000 ) ;
#2831 = ADVANCED_FACE ( 'NONE', ( #3216 ), #971, .F. ) ;
#2832 = DIRECTION ( 'NONE',  ( 0.000000000000000000, 0.000000000000000000, -1.000000000000000000 ) ) ;
#2833 = CARTESIAN_POINT ( 'NONE',  ( 6.000000000000000000, 6.000000000000000000, -112.4999999999999858 ) ) ;
#2834 = CARTESIAN_POINT ( 'NONE',  ( 104.0000000000000000, 24.11999999999999744, -71.90000000000001990 ) ) ;
#2835 = VERTEX_POINT ( 'NONE', #1730 ) ;
#2836 = VERTEX_POINT ( 'NONE', #486 ) ;
#2837 = CARTESIAN_POINT ( 'NONE',  ( 6.059999999999996056, 3.399999999999999467, -112.4999999999999858 ) ) ;
#2838 = FACE_OUTER_BOUND ( 'NONE', #1611, .T. ) ;
#2839 = EDGE_CURVE ( 'NONE', #2059, #3147, #2476, .T. ) ;
#2840 = AXIS2_PLACEMENT_3D ( 'NONE', #3121, #637, #1639 ) ;
#2841 = ORIENTED_EDGE ( 'NONE', *, *, #2952, .F. ) ;
#2842 = ORIENTED_EDGE ( 'NONE', *, *, #924, .T. ) ;
#2843 = ORIENTED_EDGE ( 'NONE', *, *, #2052, .F. ) ;
#2844 = DIRECTION ( 'NONE',  ( 0.000000000000000000, 0.000000000000000000, 1.000000000000000000 ) ) ;
#2845 = EDGE_CURVE ( 'NONE', #2835, #2679, #2237, .T. ) ;
#2846 = CARTESIAN_POINT ( 'NONE',  ( 2.000000000000000000, 7.419999999999999929, -13.24999999999999467 ) ) ;
#2847 = FACE_OUTER_BOUND ( 'NONE', #1154, .T. ) ;
#2848 = CARTESIAN_POINT ( 'NONE',  ( 6.000000000000000000, 6.000000000000000000, -12.00000000000000355 ) ) ;
#2849 = DIRECTION ( 'NONE',  ( -0.000000000000000000, -1.000000000000000000, -0.000000000000000000 ) ) ;
#2850 = EDGE_CURVE ( 'NONE', #2835, #2055, #493, .T. ) ;
#2851 = EDGE_LOOP ( 'NONE', ( #3149, #1411, #2858, #2746 ) ) ;
#2852 = ORIENTED_EDGE ( 'NONE', *, *, #1806, .T. ) ;
#2853 = ADVANCED_FACE ( 'NONE', ( #1269, #1024 ), #3014, .T. ) ;
#2854 = CARTESIAN_POINT ( 'NONE',  ( 104.0000000000000000, 10.71999999999999886, -9.980000000000002203 ) ) ;
#2855 = LINE ( 'NONE', #922, #159 ) ;
#2856 = ORIENTED_EDGE ( 'NONE', *, *, #224, .F. ) ;
#2857 = DIRECTION ( 'NONE',  ( 0.000000000000000000, 0.000000000000000000, -1.000000000000000000 ) ) ;
#2858 = ORIENTED_EDGE ( 'NONE', *, *, #2959, .T. ) ;
#2859 = LINE ( 'NONE', #2341, #1900 ) ;
#2860 = CARTESIAN_POINT ( 'NONE',  ( 106.0000000000000000, 10.71999999999999886, -9.980000000000002203 ) ) ;
#2861 = ADVANCED_FACE ( 'NONE', ( #857, #611 ), #1382, .F. ) ;
#2862 = DIRECTION ( 'NONE',  ( 0.000000000000000000, 0.000000000000000000, -1.000000000000000000 ) ) ;
#2863 = DIRECTION ( 'NONE',  ( 0.000000000000000000, -1.000000000000000000, 0.000000000000000000 ) ) ;
#2864 = DIRECTION ( 'NONE',  ( 1.000000000000000000, 0.000000000000000000, -0.000000000000000000 ) ) ;
#2865 = ORIENTED_EDGE ( 'NONE', *, *, #2465, .F. ) ;
#2866 = CONICAL_SURFACE ( 'NONE', #1312, 3.275000000000000355, 0.7853981633973918797 ) ;
#2867 = ORIENTED_EDGE ( 'NONE', *, *, #2483, .T. ) ;
#2868 = LINE ( 'NONE', #1917, #1030 ) ;
#2869 = FACE_OUTER_BOUND ( 'NONE', #2567, .T. ) ;
#2870 = DIRECTION ( 'NONE',  ( 0.000000000000000000, 1.000000000000000000, -4.752667057470705368E-16 ) ) ;
#2871 = EDGE_CURVE ( 'NONE', #2240, #2961, #1857, .T. ) ;
#2872 = ORIENTED_EDGE ( 'NONE', *, *, #737, .F. ) ;
#2873 = FACE_BOUND ( 'NONE', #2110, .T. ) ;
#2874 = ORIENTED_EDGE ( 'NONE', *, *, #3055, .T. ) ;
#2875 = VECTOR ( 'NONE', #532, 1000.000000000000000 ) ;
#2876 = ORIENTED_EDGE ( 'NONE', *, *, #1562, .F. ) ;
#2877 = DIRECTION ( 'NONE',  ( -1.000000000000000000, -0.000000000000000000, -0.000000000000000000 ) ) ;
#2878 = DIRECTION ( 'NONE',  ( 0.000000000000000000, 1.000000000000000000, 0.000000000000000000 ) ) ;
#2879 = VECTOR ( 'NONE', #1674, 1000.000000000000000 ) ;
#2880 = AXIS2_PLACEMENT_3D ( 'NONE', #580, #339, #2088 ) ;
#2881 = ORIENTED_EDGE ( 'NONE', *, *, #549, .F. ) ;
#2882 = AXIS2_PLACEMENT_3D ( 'NONE', #474, #3219, #1733 ) ;
#2883 = CARTESIAN_POINT ( 'NONE',  ( 106.0000000000000000, 24.11999999999999744, -101.4899999999999949 ) ) ;
#2884 = CARTESIAN_POINT ( 'NONE',  ( 99.99999999999998579, 0.000000000000000000, -112.4999999999999858 ) ) ;
#2885 = ORIENTED_EDGE ( 'NONE', *, *, #2711, .T. ) ;
#2886 = VERTEX_POINT ( 'NONE', #2846 ) ;
#2887 = CARTESIAN_POINT ( 'NONE',  ( 96.00000000000000000, 24.11999999999999744, -9.980000000000002203 ) ) ;
#2888 = DIRECTION ( 'NONE',  ( 0.000000000000000000, 1.000000000000000000, 0.000000000000000000 ) ) ;
#2889 = CARTESIAN_POINT ( 'NONE',  ( 6.000000000000000000, 6.000000000000000000, -112.4999999999999858 ) ) ;
#2890 = DIRECTION ( 'NONE',  ( -0.000000000000000000, -1.000000000000000000, -0.000000000000000000 ) ) ;
#2891 = EDGE_LOOP ( 'NONE', ( #334, #130, #1709, #618 ) ) ;
#2892 = CARTESIAN_POINT ( 'NONE',  ( 0.000000000000000000, 36.00000000000000711, 0.000000000000000000 ) ) ;
#2893 = ADVANCED_FACE ( 'NONE', ( #1615, #1889 ), #1601, .T. ) ;
#2894 = ORIENTED_EDGE ( 'NONE', *, *, #664, .F. ) ;
#2895 = ORIENTED_EDGE ( 'NONE', *, *, #1715, .F. ) ;
#2896 = DIRECTION ( 'NONE',  ( -0.000000000000000000, 1.000000000000000000, -0.000000000000000000 ) ) ;
#2897 = CARTESIAN_POINT ( 'NONE',  ( 10.00000000000000000, 22.01999999999999957, -30.25000000000000355 ) ) ;
#2898 = ORIENTED_EDGE ( 'NONE', *, *, #76, .T. ) ;
#2899 = LINE ( 'NONE', #3116, #1696 ) ;
#2900 = DIRECTION ( 'NONE',  ( 0.000000000000000000, 0.000000000000000000, -1.000000000000000000 ) ) ;
#2901 = ORIENTED_EDGE ( 'NONE', *, *, #1645, .F. ) ;
#2902 = ORIENTED_EDGE ( 'NONE', *, *, #2389, .F. ) ;
#2903 = CARTESIAN_POINT ( 'NONE',  ( 99.93999999999999773, 6.000000000000000000, -12.00000000000000355 ) ) ;
#2904 = DIRECTION ( 'NONE',  ( 0.000000000000000000, 0.000000000000000000, -1.000000000000000000 ) ) ;
#2905 = CARTESIAN_POINT ( 'NONE',  ( 6.059999999999996056, 6.000000000000000000, -9.199999999999995737 ) ) ;
#2906 = FACE_OUTER_BOUND ( 'NONE', #2797, .T. ) ;
#2907 = EDGE_CURVE ( 'NONE', #666, #963, #2639, .T. ) ;
#2908 = PLANE ( 'NONE',  #2083 ) ;
#2909 = ORIENTED_EDGE ( 'NONE', *, *, #757, .F. ) ;
#2910 = FACE_BOUND ( 'NONE', #728, .T. ) ;
#2911 = EDGE_LOOP ( 'NONE', ( #2895, #1358, #1293, #2936 ) ) ;
#2912 = AXIS2_PLACEMENT_3D ( 'NONE', #2448, #990, #3233 ) ;
#2913 = EDGE_LOOP ( 'NONE', ( #2212, #2118, #3039, #524 ) ) ;
#2914 = DIRECTION ( 'NONE',  ( 8.659560562355045024E-17, -0.7071067811865383579, 0.7071067811865566766 ) ) ;
#2915 = EDGE_CURVE ( 'NONE', #1852, #976, #3151, .T. ) ;
#2916 = DIRECTION ( 'NONE',  ( -0.000000000000000000, -1.000000000000000000, -0.000000000000000000 ) ) ;
#2917 = ORIENTED_EDGE ( 'NONE', *, *, #2719, .F. ) ;
#2918 = ORIENTED_EDGE ( 'NONE', *, *, #709, .F. ) ;
#2919 = DIRECTION ( 'NONE',  ( -0.000000000000000000, -1.000000000000000000, -0.000000000000000000 ) ) ;
#2920 = EDGE_CURVE ( 'NONE', #666, #2374, #404, .T. ) ;
#2921 = ORIENTED_EDGE ( 'NONE', *, *, #1424, .T. ) ;
#2922 = ORIENTED_EDGE ( 'NONE', *, *, #1183, .T. ) ;
#2923 = CARTESIAN_POINT ( 'NONE',  ( 2.000000000000000000, 36.00000000000000711, 0.000000000000000000 ) ) ;
#2924 = DIRECTION ( 'NONE',  ( 0.000000000000000000, 0.000000000000000000, -1.000000000000000000 ) ) ;
#2925 = FACE_OUTER_BOUND ( 'NONE', #1229, .T. ) ;
#2926 = FACE_OUTER_BOUND ( 'NONE', #2913, .T. ) ;
#2927 = LINE ( 'NONE', #1007, #2391 ) ;
#2928 = CIRCLE ( 'NONE', #1270, 1.699999999999997513 ) ;
#2929 = LINE ( 'NONE', #907, #1326 ) ;
#2930 = ORIENTED_EDGE ( 'NONE', *, *, #2935, .F. ) ;
#2931 = PRODUCT ( 'housing_body', 'housing_body', '', ( #1261 ) ) ;
#2932 = CARTESIAN_POINT ( 'NONE',  ( 6.059999999999996056, 3.399999999999998579, -5.800000000000001599 ) ) ;
#2933 = CIRCLE ( 'NONE', #322, 1.699999999999993072 ) ;
#2934 = DIRECTION ( 'NONE',  ( 0.000000000000000000, 1.000000000000000000, 0.000000000000000000 ) ) ;
#2935 = EDGE_CURVE ( 'NONE', #2155, #2467, #2359, .T. ) ;
#2936 = ORIENTED_EDGE ( 'NONE', *, *, #1782, .F. ) ;
#2937 = AXIS2_PLACEMENT_3D ( 'NONE', #390, #1126, #1351 ) ;
#2938 = ORIENTED_EDGE ( 'NONE', *, *, #518, .F. ) ;
#2939 = AXIS2_PLACEMENT_3D ( 'NONE', #2884, #3117, #1367 ) ;
#2940 = VERTEX_POINT ( 'NONE', #118 ) ;
#2941 = VECTOR ( 'NONE', #2560, 1000.000000000000000 ) ;
#2942 = EDGE_CURVE ( 'NONE', #607, #1028, #2159, .T. ) ;
#2943 = ORIENTED_EDGE ( 'NONE', *, *, #113, .F. ) ;
#2944 = CARTESIAN_POINT ( 'NONE',  ( 104.0000000000000000, 10.71999999999999886, -18.14000000000000412 ) ) ;
#2945 = CARTESIAN_POINT ( 'NONE',  ( 104.0000000000000000, 36.00000000000000711, -118.0000000000000000 ) ) ;
#2946 = LINE ( 'NONE', #2236, #2817 ) ;
#2947 = LINE ( 'NONE', #2446, #3089 ) ;
#2948 = VECTOR ( 'NONE', #1222, 1000.000000000000000 ) ;
#2949 = CONICAL_SURFACE ( 'NONE', #705, 3.275000000000000355, 0.7853981633974612686 ) ;
#2950 = PLANE ( 'NONE',  #991 ) ;
#2951 = FACE_OUTER_BOUND ( 'NONE', #2516, .T. ) ;
#2952 = EDGE_CURVE ( 'NONE', #1473, #914, #2292, .T. ) ;
#2953 = ORIENTED_EDGE ( 'NONE', *, *, #2614, .T. ) ;
#2954 = EDGE_LOOP ( 'NONE', ( #2217, #670 ) ) ;
#2955 = DIRECTION ( 'NONE',  ( -1.000000000000000000, 0.000000000000000000, 0.000000000000000000 ) ) ;
#2956 = VERTEX_POINT ( 'NONE', #874 ) ;
#2957 = ORIENTED_EDGE ( 'NONE', *, *, #1080, .T. ) ;
#2958 = AXIS2_PLACEMENT_3D ( 'NONE', #764, #1235, #216 ) ;
#2959 = EDGE_CURVE ( 'NONE', #2978, #656, #1872, .T. ) ;
#2960 = EDGE_LOOP ( 'NONE', ( #1636, #885 ) ) ;
#2961 = VERTEX_POINT ( 'NONE', #2395 ) ;
#2962 = LINE ( 'NONE', #2923, #2620 ) ;
#2963 = FACE_OUTER_BOUND ( 'NONE', #1738, .T. ) ;
#2964 = EDGE_CURVE ( 'NONE', #1068, #823, #1157, .T. ) ;
#2965 = LINE ( 'NONE', #2717, #2409 ) ;
#2966 = DIRECTION ( 'NONE',  ( 0.000000000000000000, -1.000000000000000000, -0.000000000000000000 ) ) ;
#2967 = EDGE_CURVE ( 'NONE', #514, #191, #296, .T. ) ;
#2968 = LINE ( 'NONE', #700, #87 ) ;
#2969 = ORIENTED_EDGE ( 'NONE', *, *, #3170, .T. ) ;
#2970 = PLANE ( 'NONE',  #1845 ) ;
#2971 = ORIENTED_EDGE ( 'NONE', *, *, #1463, .F. ) ;
#2972 = PRODUCT_DEFINITION_FORMATION_WITH_SPECIFIED_SOURCE ( 'ANY', '', #2931, .NOT_KNOWN. ) ;
#2973 = CARTESIAN_POINT ( 'NONE',  ( 99.99999999999998579, 3.399999999999998579, -112.4999999999999858 ) ) ;
#2974 = ORIENTED_EDGE ( 'NONE', *, *, #2594, .T. ) ;
#2975 = CIRCLE ( 'NONE', #1563, 1.699999999999993072 ) ;
#2976 = ORIENTED_EDGE ( 'NONE', *, *, #3017, .F. ) ;
#2977 = EDGE_CURVE ( 'NONE', #947, #2978, #2619, .T. ) ;
#2978 = VERTEX_POINT ( 'NONE', #2048 ) ;
#2979 = CARTESIAN_POINT ( 'NONE',  ( 104.0000000000000000, 10.71999999999999886, -47.98999999999999488 ) ) ;
#2980 = DIRECTION ( 'NONE',  ( -0.000000000000000000, -1.000000000000000000, -0.000000000000000000 ) ) ;
#2981 = CARTESIAN_POINT ( 'NONE',  ( 96.00000000000000000, 10.71999999999999886, -101.4899999999999949 ) ) ;
#2982 = DIRECTION ( 'NONE',  ( 0.000000000000000000, 0.000000000000000000, -1.000000000000000000 ) ) ;
#2983 = VECTOR ( 'NONE', #3187, 1000.000000000000000 ) ;
#2984 = DIRECTION ( 'NONE',  ( 0.000000000000000000, -1.000000000000000000, 0.000000000000000000 ) ) ;
#2985 = FACE_BOUND ( 'NONE', #2552, .T. ) ;
#2986 = ADVANCED_FACE ( 'NONE', ( #807 ), #134, .T. ) ;
#2987 = VECTOR ( 'NONE', #1789, 1000.000000000000000 ) ;
#2988 = ORIENTED_EDGE ( 'NONE', *, *, #1082, .T. ) ;
#2989 = APPLICATION_PROTOCOL_DEFINITION ( 'international standard', 'config_control_design', 1994, #613 ) ;
#2990 = ORIENTED_EDGE ( 'NONE', *, *, #2252, .T. ) ;
#2991 = VECTOR ( 'NONE', #3007, 1000.000000000000000 ) ;
#2992 = ORIENTED_EDGE ( 'NONE', *, *, #1381, .F. ) ;
#2993 = ADVANCED_FACE ( 'NONE', ( #3131 ), #354, .F. ) ;
#2994 = VECTOR ( 'NONE', #2130, 1000.000000000000000 ) ;
#2995 = EDGE_LOOP ( 'NONE', ( #2626, #3210, #695, #2917, #1646, #2284, #2400, #1837 ) ) ;
#2996 = DIRECTION ( 'NONE',  ( 0.000000000000000000, 0.000000000000000000, -1.000000000000000000 ) ) ;
#2997 = DIRECTION ( 'NONE',  ( 0.000000000000000000, 0.000000000000000000, -1.000000000000000000 ) ) ;
#2998 = CARTESIAN_POINT ( 'NONE',  ( 99.93999999999999773, 6.000000000000000000, -2.999999999999994671 ) ) ;
#2999 = CARTESIAN_POINT ( 'NONE',  ( 6.000000000000000000, 6.000000000000000000, -12.00000000000000355 ) ) ;
#3000 = VECTOR ( 'NONE', #2518, 1000.000000000000000 ) ;
#3001 = DIRECTION ( 'NONE',  ( 0.000000000000000000, -1.000000000000000000, -0.000000000000000000 ) ) ;
#3002 = CARTESIAN_POINT ( 'NONE',  ( 6.059999999999996056, 0.02500000000000006384, -4.250000000000000000 ) ) ;
#3003 = VECTOR ( 'NONE', #1117, 1000.000000000000000 ) ;
#3004 = CARTESIAN_POINT ( 'NONE',  ( 2.000000000000000000, 36.00000000000000711, -120.0000000000000000 ) ) ;
#3005 = PRODUCT_RELATED_PRODUCT_CATEGORY ( 'detail', '', ( #2931 ) ) ;
#3006 = EDGE_LOOP ( 'NONE', ( #2194, #927, #1947, #729 ) ) ;
#3007 = DIRECTION ( 'NONE',  ( 0.000000000000000000, 1.000000000000000000, 0.000000000000000000 ) ) ;
#3008 = EDGE_LOOP ( 'NONE', ( #565, #2017, #3112, #350 ) ) ;
#3009 = ORIENTED_EDGE ( 'NONE', *, *, #900, .F. ) ;
#3010 = VECTOR ( 'NONE', #88, 1000.000000000000000 ) ;
#3011 = LINE ( 'NONE', #293, #2308 ) ;
#3012 = LINE ( 'NONE', #484, #1301 ) ;
#3013 = CARTESIAN_POINT ( 'NONE',  ( 99.99999999999998579, 0.000000000000000000, -112.4999999999999858 ) ) ;
#3014 = PLANE ( 'NONE',  #2564 ) ;
#3015 = CARTESIAN_POINT ( 'NONE',  ( 104.0000000000000000, 24.11999999999999744, -73.90000000000000568 ) ) ;
#3016 = CARTESIAN_POINT ( 'NONE',  ( 96.00000000000000000, 24.11999999999999744, -109.6499999999999915 ) ) ;
#3017 = EDGE_CURVE ( 'NONE', #622, #514, #701, .T. ) ;
#3018 = ORIENTED_EDGE ( 'NONE', *, *, #3163, .T. ) ;
#3019 = PERSON_AND_ORGANIZATION ( #793, #2801 ) ;
#3020 = EDGE_CURVE ( 'NONE', #233, #2197, #477, .T. ) ;
#3021 = EDGE_LOOP ( 'NONE', ( #2898, #2605, #3158, #2760 ) ) ;
#3022 = CARTESIAN_POINT ( 'NONE',  ( 104.0000000000000000, 2.000000000000000000, 0.000000000000000000 ) ) ;
#3023 = DIRECTION ( 'NONE',  ( 0.000000000000000000, 0.000000000000000000, -1.000000000000000000 ) ) ;
#3024 = EDGE_CURVE ( 'NONE', #125, #535, #424, .T. ) ;
#3025 = CARTESIAN_POINT ( 'NONE',  ( 6.059999999999996056, 3.399999999999999467, -112.4999999999999858 ) ) ;
#3026 = DIRECTION ( 'NONE',  ( 0.000000000000000000, -1.000000000000000000, 0.000000000000000000 ) ) ;
#3027 = FACE_OUTER_BOUND ( 'NONE', #1228, .T. ) ;
#3028 = LINE ( 'NONE', #2080, #270 ) ;
#3029 = ORIENTED_EDGE ( 'NONE', *, *, #1223, .F. ) ;
#3030 = VECTOR ( 'NONE', #77, 1000.000000000000000 ) ;
#3031 = ORIENTED_EDGE ( 'NONE', *, *, #1271, .T. ) ;
#3032 = LINE ( 'NONE', #1509, #1746 ) ;
#3033 = AXIS2_PLACEMENT_3D ( 'NONE', #2063, #2602, #324 ) ;
#3034 = CARTESIAN_POINT ( 'NONE',  ( 104.0000000000000000, 24.11999999999999744, -63.74000000000001620 ) ) ;
#3035 = DIRECTION ( 'NONE',  ( 0.000000000000000000, -1.000000000000000000, -0.000000000000000000 ) ) ;
#3036 = EDGE_CURVE ( 'NONE', #714, #1922, #2356, .T. ) ;
#3037 = VECTOR ( 'NONE', #2695, 1000.000000000000000 ) ;
#3038 = CARTESIAN_POINT ( 'NONE',  ( 104.0000000000000000, 24.11999999999999744, 0.000000000000000000 ) ) ;
#3039 = ORIENTED_EDGE ( 'NONE', *, *, #1448, .T. ) ;
#3040 = CARTESIAN_POINT ( 'NONE',  ( 99.99999999999998579, 0.000000000000000000, -4.224999999999999645 ) ) ;
#3041 = CARTESIAN_POINT ( 'NONE',  ( 99.99999999999998579, 3.399999999999999467, -109.2499999999999858 ) ) ;
#3042 = AXIS2_PLACEMENT_3D ( 'NONE', #3218, #2984, #738 ) ;
#3043 = VECTOR ( 'NONE', #3193, 1000.000000000000000 ) ;
#3044 = VECTOR ( 'NONE', #42, 1000.000000000000000 ) ;
#3045 = ORIENTED_EDGE ( 'NONE', *, *, #2052, .T. ) ;
#3046 = AXIS2_PLACEMENT_3D ( 'NONE', #1625, #169, #2174 ) ;
#3047 = EDGE_CURVE ( 'NONE', #2455, #240, #930, .T. ) ;
#3048 = ORIENTED_EDGE ( 'NONE', *, *, #2249, .T. ) ;
#3049 = PLANE ( 'NONE',  #141 ) ;
#3050 = ORIENTED_EDGE ( 'NONE', *, *, #664, .T. ) ;
#3051 = LINE ( 'NONE', #369, #491 ) ;
#3052 = EDGE_CURVE ( 'NONE', #1685, #242, #2933, .T. ) ;
#3053 = DIRECTION ( 'NONE',  ( -0.000000000000000000, 1.000000000000000000, -0.000000000000000000 ) ) ;
#3054 = LINE ( 'NONE', #2791, #24 ) ;
#3055 = EDGE_CURVE ( 'NONE', #2055, #2835, #956, .T. ) ;
#3056 = CARTESIAN_POINT ( 'NONE',  ( 104.0000000000000000, 6.000000000000000000, -5.559278484686663191 ) ) ;
#3057 = DIRECTION ( 'NONE',  ( -0.000000000000000000, -1.000000000000000000, -0.000000000000000000 ) ) ;
#3058 = EDGE_CURVE ( 'NONE', #1914, #2940, #1469, .T. ) ;
#3059 = VERTEX_POINT ( 'NONE', #962 ) ;
#3060 = EDGE_CURVE ( 'NONE', #527, #1489, #1944, .T. ) ;
#3061 = EDGE_LOOP ( 'NONE', ( #2568, #2215, #812, #1398 ) ) ;
#3062 = DATE_AND_TIME ( #2636, #736 ) ;
#3063 = VERTEX_POINT ( 'NONE', #494 ) ;
#3064 = CARTESIAN_POINT ( 'NONE',  ( 99.99999999999998579, 6.000000000000000000, -9.199999999999992184 ) ) ;
#3065 = CIRCLE ( 'NONE', #934, 1.699999999999997513 ) ;
#3066 = CARTESIAN_POINT ( 'NONE',  ( 6.059999999999996056, 0.000000000000000000, -7.500000000000000000 ) ) ;
#3067 = DIRECTION ( 'NONE',  ( -0.000000000000000000, -1.000000000000000000, -0.000000000000000000 ) ) ;
#3068 = AXIS2_PLACEMENT_3D ( 'NONE', #317, #814, #26 ) ;
#3069 = CARTESIAN_POINT ( 'NONE',  ( 106.0000000000000000, 24.11999999999999744, -109.6499999999999915 ) ) ;
#3070 = CIRCLE ( 'NONE', #259, 1.699999999999993072 ) ;
#3071 = AXIS2_PLACEMENT_3D ( 'NONE', #2734, #1494, #2547 ) ;
#3072 = LINE ( 'NONE', #2540, #918 ) ;
#3073 = CARTESIAN_POINT ( 'NONE',  ( 106.0000000000000000, 24.11999999999999744, -56.14999999999999858 ) ) ;
#3074 = ORIENTED_EDGE ( 'NONE', *, *, #2959, .F. ) ;
#3075 = EDGE_CURVE ( 'NONE', #2696, #1211, #2210, .T. ) ;
#3076 = ORIENTED_EDGE ( 'NONE', *, *, #2016, .F. ) ;
#3077 = APPROVAL_ROLE ( '' ) ;
#3078 = EDGE_LOOP ( 'NONE', ( #1096, #1206, #1403, #2971 ) ) ;
#3079 = DIRECTION ( 'NONE',  ( 0.000000000000000000, 0.000000000000000000, -1.000000000000000000 ) ) ;
#3080 = LINE ( 'NONE', #875, #3145 ) ;
#3081 = AXIS2_PLACEMENT_3D ( 'NONE', #127, #3142, #2609 ) ;
#3082 = LINE ( 'NONE', #844, #2168 ) ;
#3083 = CARTESIAN_POINT ( 'NONE',  ( 0.000000000000000000, 7.419999999999999929, -24.25000000000000000 ) ) ;
#3084 = EDGE_CURVE ( 'NONE', #1978, #465, #1790, .T. ) ;
#3085 = ORIENTED_EDGE ( 'NONE', *, *, #1116, .F. ) ;
#3086 = DIRECTION ( 'NONE',  ( -0.000000000000000000, -1.000000000000000000, -0.000000000000000000 ) ) ;
#3087 = VECTOR ( 'NONE', #1122, 1000.000000000000000 ) ;
#3088 = DIRECTION ( 'NONE',  ( 0.000000000000000000, 0.000000000000000000, 1.000000000000000000 ) ) ;
#3089 = VECTOR ( 'NONE', #1390, 1000.000000000000000 ) ;
#3090 = AXIS2_PLACEMENT_3D ( 'NONE', #698, #265, #1268 ) ;
#3091 = ORIENTED_EDGE ( 'NONE', *, *, #1397, .F. ) ;
#3092 = AXIS2_PLACEMENT_3D ( 'NONE', #2833, #1912, #2124 ) ;
#3093 = ORIENTED_EDGE ( 'NONE', *, *, #1448, .F. ) ;
#3094 = APPROVAL_ROLE ( '' ) ;
#3095 = DIRECTION ( 'NONE',  ( 0.000000000000000000, 0.000000000000000000, 1.000000000000000000 ) ) ;
#3096 = ADVANCED_FACE ( 'NONE', ( #2241 ), #1684, .F. ) ;
#3097 = CARTESIAN_POINT ( 'NONE',  ( 3.000000000000000000, 4.419999999999999929, -19.25000000000000000 ) ) ;
#3098 = EDGE_CURVE ( 'NONE', #1053, #2176, #2731, .T. ) ;
#3099 = VECTOR ( 'NONE', #2265, 1000.000000000000000 ) ;
#3100 = CARTESIAN_POINT ( 'NONE',  ( 0.000000000000000000, 36.00000000000000711, -118.0000000000000000 ) ) ;
#3101 = CARTESIAN_POINT ( 'NONE',  ( 6.059999999999996056, 3.399999999999998579, -7.500000000000000000 ) ) ;
#3102 = CARTESIAN_POINT ( 'NONE',  ( 104.0000000000000000, 10.72000000000000064, 0.000000000000000000 ) ) ;
#3103 = ORIENTED_EDGE ( 'NONE', *, *, #1373, .T. ) ;
#3104 = ORIENTED_EDGE ( 'NONE', *, *, #1292, .T. ) ;
#3105 = LINE ( 'NONE', #1865, #1441 ) ;
#3106 = DIRECTION ( 'NONE',  ( 0.000000000000000000, -1.000000000000000000, 0.000000000000000000 ) ) ;
#3107 = AXIS2_PLACEMENT_3D ( 'NONE', #1727, #2980, #1 ) ;
#3108 = ORIENTED_EDGE ( 'NONE', *, *, #2131, .F. ) ;
#3109 = CARTESIAN_POINT ( 'NONE',  ( 106.0000000000000000, 24.11999999999999744, -47.98999999999999488 ) ) ;
#3110 = EDGE_CURVE ( 'NONE', #976, #1835, #3237, .T. ) ;
#3111 = ORIENTED_EDGE ( 'NONE', *, *, #27, .F. ) ;
#3112 = ORIENTED_EDGE ( 'NONE', *, *, #1671, .T. ) ;
#3113 = CARTESIAN_POINT ( 'NONE',  ( 99.99999999999998579, 0.02500000000000006384, -7.500000000000000000 ) ) ;
#3114 = CARTESIAN_POINT ( 'NONE',  ( 104.0000000000000000, 24.11999999999999744, 0.000000000000000000 ) ) ;
#3115 = DIRECTION ( 'NONE',  ( 0.000000000000000000, 0.000000000000000000, -1.000000000000000000 ) ) ;
#3116 = CARTESIAN_POINT ( 'NONE',  ( 106.0000000000000000, 24.11999999999999744, -71.90000000000001990 ) ) ;
#3117 = DIRECTION ( 'NONE',  ( -0.000000000000000000, -1.000000000000000000, -0.000000000000000000 ) ) ;
#3118 = ORIENTED_EDGE ( 'NONE', *, *, #2719, .T. ) ;
#3119 = EDGE_LOOP ( 'NONE', ( #214, #1393 ) ) ;
#3120 = EDGE_CURVE ( 'NONE', #617, #2442, #2196, .T. ) ;
#3121 = CARTESIAN_POINT ( 'NONE',  ( 6.000000000000000000, 6.000000000000000000, -112.4999999999999858 ) ) ;
#3122 = DIRECTION ( 'NONE',  ( 0.000000000000000000, 1.000000000000000000, 0.000000000000000000 ) ) ;
#3123 = APPLICATION_CONTEXT ( 'configuration controlled 3d designs of mechanical parts and assemblies' ) ;
#3124 = LINE ( 'NONE', #2686, #2566 ) ;
#3125 = AXIS2_PLACEMENT_3D ( 'NONE', #264, #17, #718 ) ;
#3126 = VERTEX_POINT ( 'NONE', #3189 ) ;
#3127 = DIRECTION ( 'NONE',  ( 1.000000000000000000, -0.000000000000000000, -0.000000000000000000 ) ) ;
#3128 = VERTEX_POINT ( 'NONE', #996 ) ;
#3129 = PERSON_AND_ORGANIZATION ( #793, #2801 ) ;
#3130 = CARTESIAN_POINT ( 'NONE',  ( 106.0000000000000000, 10.71999999999999886, -37.83000000000000540 ) ) ;
#3131 = FACE_OUTER_BOUND ( 'NONE', #641, .T. ) ;
#3132 = CIRCLE ( 'NONE', #313, 4.500000000000003553 ) ;
#3133 = EDGE_LOOP ( 'NONE', ( #3202, #2054, #2644, #39 ) ) ;
#3134 = CARTESIAN_POINT ( 'NONE',  ( 99.99999999999998579, 6.000000000000000000, -7.500000000000000000 ) ) ;
#3135 = ADVANCED_FACE ( 'NONE', ( #946 ), #669, .F. ) ;
#3136 = DIRECTION ( 'NONE',  ( 1.000000000000000000, -0.000000000000000000, -0.000000000000000000 ) ) ;
#3137 = ORIENTED_EDGE ( 'NONE', *, *, #2068, .F. ) ;
#3138 = AXIS2_PLACEMENT_3D ( 'NONE', #795, #3057, #2294 ) ;
#3139 = ORIENTED_EDGE ( 'NONE', *, *, #287, .T. ) ;
#3140 = FACE_OUTER_BOUND ( 'NONE', #1876, .T. ) ;
#3141 = EDGE_CURVE ( 'NONE', #1519, #2625, #13, .T. ) ;
#3142 = DIRECTION ( 'NONE',  ( 0.000000000000000000, 1.000000000000000000, 0.000000000000000000 ) ) ;
#3143 = LINE ( 'NONE', #1956, #959 ) ;
#3144 = CYLINDRICAL_SURFACE ( 'NONE', #2079, 1.699999999999993072 ) ;
#3145 = VECTOR ( 'NONE', #71, 1000.000000000000000 ) ;
#3146 = DIRECTION ( 'NONE',  ( -0.000000000000000000, -1.000000000000000000, -0.000000000000000000 ) ) ;
#3147 = VERTEX_POINT ( 'NONE', #1704 ) ;
#3148 = VECTOR ( 'NONE', #2601, 1000.000000000000000 ) ;
#3149 = ORIENTED_EDGE ( 'NONE', *, *, #2167, .T. ) ;
#3150 = CYLINDRICAL_SURFACE ( 'NONE', #1410, 1.699999999999993072 ) ;
#3151 = LINE ( 'NONE', #3114, #1688 ) ;
#3152 = VECTOR ( 'NONE', #1307, 1000.000000000000000 ) ;
#3153 = ORIENTED_EDGE ( 'NONE', *, *, #3141, .T. ) ;
#3154 = VECTOR ( 'NONE', #2844, 1000.000000000000000 ) ;
#3155 = DIRECTION ( 'NONE',  ( 0.000000000000000000, 0.000000000000000000, -1.000000000000000000 ) ) ;
#3156 = DIRECTION ( 'NONE',  ( 1.000000000000000000, 0.000000000000000000, -0.000000000000000000 ) ) ;
#3157 = ORIENTED_EDGE ( 'NONE', *, *, #1429, .T. ) ;
#3158 = ORIENTED_EDGE ( 'NONE', *, *, #2634, .T. ) ;
#3159 = DIRECTION ( 'NONE',  ( 1.000000000000000000, 0.000000000000000000, 0.000000000000000000 ) ) ;
#3160 = CARTESIAN_POINT ( 'NONE',  ( 96.00000000000000000, 24.11999999999999744, -20.13999999999999702 ) ) ;
#3161 = CARTESIAN_POINT ( 'NONE',  ( 104.0000000000000000, 36.00000000000000711, -71.90000000000001990 ) ) ;
#3162 = DIRECTION ( 'NONE',  ( -0.000000000000000000, -1.000000000000000000, 0.000000000000000000 ) ) ;
#3163 = EDGE_CURVE ( 'NONE', #1519, #2471, #1415, .T. ) ;
#3164 = CARTESIAN_POINT ( 'NONE',  ( 104.0000000000000000, 24.11999999999999744, -28.29999999999999716 ) ) ;
#3165 = AXIS2_PLACEMENT_3D ( 'NONE', #330, #1329, #1078 ) ;
#3166 = FACE_OUTER_BOUND ( 'NONE', #1158, .T. ) ;
#3167 = EDGE_CURVE ( 'NONE', #949, #3128, #1453, .T. ) ;
#3168 = ORIENTED_EDGE ( 'NONE', *, *, #1208, .F. ) ;
#3169 = EDGE_LOOP ( 'NONE', ( #3235, #2874, #868, #2434 ) ) ;
#3170 = EDGE_CURVE ( 'NONE', #1028, #1962, #1520, .T. ) ;
#3171 = FACE_OUTER_BOUND ( 'NONE', #3021, .T. ) ;
#3172 = CARTESIAN_POINT ( 'NONE',  ( 99.93999999999999773, 2.000000000000000000, -7.500000000000000000 ) ) ;
#3173 = ORIENTED_EDGE ( 'NONE', *, *, #2606, .F. ) ;
#3174 = CARTESIAN_POINT ( 'NONE',  ( 96.00000000000000000, 24.11999999999999744, -91.32999999999999829 ) ) ;
#3175 = LINE ( 'NONE', #1181, #587 ) ;
#3176 = ORIENTED_EDGE ( 'NONE', *, *, #3221, .F. ) ;
#3177 = VERTEX_POINT ( 'NONE', #2286 ) ;
#3178 = LINE ( 'NONE', #412, #1225 ) ;
#3179 = CARTESIAN_POINT ( 'NONE',  ( 6.000000000000000000, 6.000000000000000000, -7.500000000000000000 ) ) ;
#3180 = FACE_OUTER_BOUND ( 'NONE', #497, .T. ) ;
#3181 = DIRECTION ( 'NONE',  ( 0.000000000000000000, 1.000000000000000000, 0.000000000000000000 ) ) ;
#3182 = DIRECTION ( 'NONE',  ( 0.000000000000000000, -0.000000000000000000, 1.000000000000000000 ) ) ;
#3183 = ORIENTED_EDGE ( 'NONE', *, *, #2964, .F. ) ;
#3184 = DIRECTION ( 'NONE',  ( -0.000000000000000000, -1.000000000000000000, -0.000000000000000000 ) ) ;
#3185 = ORIENTED_EDGE ( 'NONE', *, *, #1774, .T. ) ;
#3186 = ORIENTED_EDGE ( 'NONE', *, *, #2191, .F. ) ;
#3187 = DIRECTION ( 'NONE',  ( 0.000000000000000000, -1.000000000000000000, 0.000000000000000000 ) ) ;
#3188 = EDGE_CURVE ( 'NONE', #2503, #125, #50, .T. ) ;
#3189 = CARTESIAN_POINT ( 'NONE',  ( 104.0000000000000000, 6.000000000000000000, -9.440721515313336809 ) ) ;
#3190 = ORIENTED_EDGE ( 'NONE', *, *, #1082, .F. ) ;
#3191 = ORIENTED_EDGE ( 'NONE', *, *, #2488, .F. ) ;
#3192 = ORIENTED_EDGE ( 'NONE', *, *, #679, .T. ) ;
#3193 = DIRECTION ( 'NONE',  ( 1.000000000000000000, -0.000000000000000000, -0.000000000000000000 ) ) ;
#3194 = DIRECTION ( 'NONE',  ( 0.000000000000000000, 0.000000000000000000, -1.000000000000000000 ) ) ;
#3195 = EDGE_CURVE ( 'NONE', #617, #724, #582, .T. ) ;
#3196 = CARTESIAN_POINT ( 'NONE',  ( 104.0000000000000000, 36.00000000000000711, -91.32999999999999829 ) ) ;
#3197 = CARTESIAN_POINT ( 'NONE',  ( 104.0000000000000000, 36.00000000000000711, -118.0000000000000000 ) ) ;
#3198 = CARTESIAN_POINT ( 'NONE',  ( 104.0000000000000000, 10.71999999999999886, -56.14999999999999858 ) ) ;
#3199 = CARTESIAN_POINT ( 'NONE',  ( 96.00000000000000000, 10.71999999999999886, -109.6499999999999915 ) ) ;
#3200 = ORIENTED_EDGE ( 'NONE', *, *, #1974, .T. ) ;
#3201 = EDGE_CURVE ( 'NONE', #3227, #835, #784, .T. ) ;
#3202 = ORIENTED_EDGE ( 'NONE', *, *, #1553, .T. ) ;
#3203 = VECTOR ( 'NONE', #1486, 1000.000000000000000 ) ;
#3204 = CARTESIAN_POINT ( 'NONE',  ( 104.0000000000000000, 10.72000000000000064, 0.000000000000000000 ) ) ;
#3205 = EDGE_CURVE ( 'NONE', #636, #813, #1303, .T. ) ;
#3206 = VECTOR ( 'NONE', #792, 1000.000000000000000 ) ;
#3207 = ORIENTED_EDGE ( 'NONE', *, *, #304, .T. ) ;
#3208 = AXIS2_PLACEMENT_3D ( 'NONE', #2509, #2166, #1916 ) ;
#3209 = ADVANCED_FACE ( 'NONE', ( #510 ), #2312, .T. ) ;
#3210 = ORIENTED_EDGE ( 'NONE', *, *, #1901, .F. ) ;
#3211 = AXIS2_PLACEMENT_3D ( 'NONE', #890, #2828, #83 ) ;
#3212 = ORIENTED_EDGE ( 'NONE', *, *, #3047, .T. ) ;
#3213 = LINE ( 'NONE', #2903, #1059 ) ;
#3214 = LINE ( 'NONE', #1215, #306 ) ;
#3215 = CARTESIAN_POINT ( 'NONE',  ( 2.000000000000000000, 6.000000000000000000, -9.561552812808836066 ) ) ;
#3216 = FACE_OUTER_BOUND ( 'NONE', #815, .T. ) ;
#3217 = AXIS2_PLACEMENT_3D ( 'NONE', #845, #2849, #1861 ) ;
#3218 = CARTESIAN_POINT ( 'NONE',  ( 2.000000000000000000, 0.000000000000000000, -2.000000000000000000 ) ) ;
#3219 = DIRECTION ( 'NONE',  ( 0.000000000000000000, -1.000000000000000000, 0.000000000000000000 ) ) ;
#3220 = ORIENTED_EDGE ( 'NONE', *, *, #466, .F. ) ;
#3221 = EDGE_CURVE ( 'NONE', #2233, #666, #2744, .T. ) ;
#3222 = DIRECTION ( 'NONE',  ( 0.000000000000000000, 0.000000000000000000, -1.000000000000000000 ) ) ;
#3223 = ORIENTED_EDGE ( 'NONE', *, *, #1974, .F. ) ;
#3224 = ORIENTED_EDGE ( 'NONE', *, *, #3017, .T. ) ;
#3225 = EDGE_CURVE ( 'NONE', #2197, #2422, #2652, .T. ) ;
#3226 = VERTEX_POINT ( 'NONE', #1780 ) ;
#3227 = VERTEX_POINT ( 'NONE', #2759 ) ;
#3228 = DIRECTION ( 'NONE',  ( 1.000000000000000000, 0.000000000000000000, 0.000000000000000000 ) ) ;
#3229 = CARTESIAN_POINT ( 'NONE',  ( 2.000000000000000000, 2.000000000000000000, -9.561552812808836066 ) ) ;
#3230 = CARTESIAN_POINT ( 'NONE',  ( 96.00000000000000000, 24.11999999999999744, -71.90000000000001990 ) ) ;
#3231 = ADVANCED_FACE ( 'NONE', ( #537 ), #3049, .F. ) ;
#3232 = CARTESIAN_POINT ( 'NONE',  ( 6.059999999999996056, 0.000000000000000000, -114.1999999999999886 ) ) ;
#3233 = DIRECTION ( 'NONE',  ( 1.000000000000000000, 0.000000000000000000, -0.000000000000000000 ) ) ;
#3234 = CARTESIAN_POINT ( 'NONE',  ( 2.000000000000000000, 2.000000000000000000, 0.000000000000000000 ) ) ;
#3235 = ORIENTED_EDGE ( 'NONE', *, *, #513, .F. ) ;
#3236 = CIRCLE ( 'NONE', #3042, 2.000000000000000000 ) ;
#3237 = LINE ( 'NONE', #462, #1318 ) ;
#3238 = ORIENTED_EDGE ( 'NONE', *, *, #3060, .T. ) ;
#3239 = ORIENTED_EDGE ( 'NONE', *, *, #900, .T. ) ;
#3240 = AXIS2_PLACEMENT_3D ( 'NONE', #1267, #2264, #2997 ) ;
#3241 = ORIENTED_EDGE ( 'NONE', *, *, #2967, .F. ) ;
#3242 = ORIENTED_EDGE ( 'NONE', *, *, #1419, .T. ) ;
#3243 = LINE ( 'NONE', #2517, #2360 ) ;
ENDSEC;
END-ISO-10303-21;
