ISO-10303-21;
HEADER;
FILE_DESCRIPTION (( 'STEP AP203' ),
    '1' );
FILE_NAME ('housing_cover_logo_concave.STEP',
    '2025-04-26T10:27:52',
    ( '' ),
    ( '' ),
    'SwSTEP 2.0',
    'SolidWorks 2023',
    '' );
FILE_SCHEMA (( 'CONFIG_CONTROL_DESIGN' ));
ENDSEC;

DATA;
#1 = DIRECTION ( 'NONE',  ( -0.000000000000000000, 1.000000000000000000, -0.000000000000000000 ) ) ;
#2 = ORIENTED_EDGE ( 'NONE', *, *, #8849, .T. ) ;
#3 = VECTOR ( 'NONE', #13068, 1000.000000000000114 ) ;
#4 = CARTESIAN_POINT ( 'NONE',  ( 1.395755644310274546, 3.000000000000000000, 3.403968729621479561 ) ) ;
#5 = VERTEX_POINT ( 'NONE', #6780 ) ;
#6 = LINE ( 'NONE', #11547, #7950 ) ;
#7 = DIRECTION ( 'NONE',  ( 0.000000000000000000, 0.000000000000000000, -1.000000000000000000 ) ) ;
#8 = ORIENTED_EDGE ( 'NONE', *, *, #1038, .T. ) ;
#9 = CARTESIAN_POINT ( 'NONE',  ( 0.8497304172207568174, 2.700000000000000178, -0.5660931252610809095 ) ) ;
#10 = CARTESIAN_POINT ( 'NONE',  ( -1.257470152428424637, 3.000000000000000000, 4.406185959895554838 ) ) ;
#11 = VERTEX_POINT ( 'NONE', #2484 ) ;
#12 = LINE ( 'NONE', #7255, #10336 ) ;
#13 = CARTESIAN_POINT ( 'NONE',  ( -17.50917176747121573, 2.700000000000000178, 0.1765182848605664490 ) ) ;
#14 = EDGE_LOOP ( 'NONE', ( #4640, #5402, #4397, #13189 ) ) ;
#15 = VECTOR ( 'NONE', #11305, 1000.000000000000000 ) ;
#16 = DIRECTION ( 'NONE',  ( 0.000000000000000000, 0.000000000000000000, -1.000000000000000000 ) ) ;
#17 = ORIENTED_EDGE ( 'NONE', *, *, #1664, .F. ) ;
#18 = ORIENTED_EDGE ( 'NONE', *, *, #7497, .T. ) ;
#19 = AXIS2_PLACEMENT_3D ( 'NONE', #11743, #1624, #12894 ) ;
#20 = DIRECTION ( 'NONE',  ( 0.8571314614376863705, 0.000000000000000000, -0.5150977167622623476 ) ) ;
#21 = VECTOR ( 'NONE', #7182, 1000.000000000000000 ) ;
#22 = ORIENTED_EDGE ( 'NONE', *, *, #5436, .T. ) ;
#23 = DIRECTION ( 'NONE',  ( -0.000000000000000000, 1.000000000000000000, -0.000000000000000000 ) ) ;
#24 = DIRECTION ( 'NONE',  ( -0.000000000000000000, 1.000000000000000000, -0.000000000000000000 ) ) ;
#25 = DIRECTION ( 'NONE',  ( -0.000000000000000000, 1.000000000000000000, -0.000000000000000000 ) ) ;
#26 = EDGE_CURVE ( 'NONE', #6202, #1471, #7675, .T. ) ;
#27 = DIRECTION ( 'NONE',  ( -0.8672230934154047111, 0.000000000000000000, -0.4979197789273048236 ) ) ;
#28 = CARTESIAN_POINT ( 'NONE',  ( 46.44362399013734688, 2.700000000000000178, 9.483329645918484374 ) ) ;
#29 = VERTEX_POINT ( 'NONE', #1452 ) ;
#30 = ORIENTED_EDGE ( 'NONE', *, *, #7910, .T. ) ;
#31 = DIRECTION ( 'NONE',  ( 0.2922869073583651001, 0.000000000000000000, 0.9563306770081584363 ) ) ;
#32 = VECTOR ( 'NONE', #6574, 1000.000000000000000 ) ;
#33 = ORIENTED_EDGE ( 'NONE', *, *, #8496, .F. ) ;
#34 = VECTOR ( 'NONE', #5488, 1000.000000000000000 ) ;
#35 = FACE_OUTER_BOUND ( 'NONE', #10194, .T. ) ;
#36 = EDGE_CURVE ( 'NONE', #741, #9817, #11845, .T. ) ;
#37 = EDGE_LOOP ( 'NONE', ( #1700, #11268, #2065, #9836 ) ) ;
#38 = ADVANCED_FACE ( 'NONE', ( #1597 ), #13062, .T. ) ;
#39 = LINE ( 'NONE', #3381, #2293 ) ;
#40 = CARTESIAN_POINT ( 'NONE',  ( 0.000000000000000000, 3.000000000000000000, 20.48923905391848166 ) ) ;
#41 = EDGE_LOOP ( 'NONE', ( #3557, #10182, #7149, #10149 ) ) ;
#42 = ADVANCED_FACE ( 'NONE', ( #12864 ), #4671, .T. ) ;
#43 = CARTESIAN_POINT ( 'NONE',  ( 7.557067270137328485, 3.000000000000000000, -18.14267961808151597 ) ) ;
#44 = PLANE ( 'NONE',  #5905 ) ;
#45 = LINE ( 'NONE', #8314, #6667 ) ;
#46 = ORIENTED_EDGE ( 'NONE', *, *, #9390, .T. ) ;
#47 = ORIENTED_EDGE ( 'NONE', *, *, #13014, .T. ) ;
#48 = CARTESIAN_POINT ( 'NONE',  ( 12.93514541413733276, 3.000000000000000000, 11.57323758191848384 ) ) ;
#49 = DIRECTION ( 'NONE',  ( -0.000000000000000000, 1.000000000000000000, -0.000000000000000000 ) ) ;
#50 = VECTOR ( 'NONE', #13036, 1000.000000000000000 ) ;
#51 = CARTESIAN_POINT ( 'NONE',  ( -21.67087528986267841, 3.000000000000000000, 8.684835941918485958 ) ) ;
#52 = DIRECTION ( 'NONE',  ( -0.5584504237620618872, 0.000000000000000000, -0.8295378979889789228 ) ) ;
#53 = ORIENTED_EDGE ( 'NONE', *, *, #7497, .F. ) ;
#54 = DIRECTION ( 'NONE',  ( 0.7288886501414183483, 0.000000000000000000, -0.6846322631128488601 ) ) ;
#55 = CARTESIAN_POINT ( 'NONE',  ( 44.33242679013732612, 2.700000000000000178, 20.49418290991848224 ) ) ;
#56 = EDGE_CURVE ( 'NONE', #3968, #7989, #9783, .T. ) ;
#57 = VERTEX_POINT ( 'NONE', #7878 ) ;
#58 = CARTESIAN_POINT ( 'NONE',  ( -5.373779536159825732, 3.000000000000000000, -3.675848445542192255 ) ) ;
#59 = CARTESIAN_POINT ( 'NONE',  ( -15.22832378586267232, 2.700000000000000178, 15.66020527791848060 ) ) ;
#60 = VERTEX_POINT ( 'NONE', #2753 ) ;
#61 = VECTOR ( 'NONE', #4492, 1000.000000000000114 ) ;
#62 = LINE ( 'NONE', #9554, #5791 ) ;
#63 = ORIENTED_EDGE ( 'NONE', *, *, #11517, .F. ) ;
#64 = VECTOR ( 'NONE', #8049, 1000.000000000000000 ) ;
#65 = CARTESIAN_POINT ( 'NONE',  ( 27.62251064705543868, 2.700000000000000178, -11.40284741401414337 ) ) ;
#66 = ORIENTED_EDGE ( 'NONE', *, *, #8456, .F. ) ;
#67 = VECTOR ( 'NONE', #1141, 1000.000000000000114 ) ;
#68 = CARTESIAN_POINT ( 'NONE',  ( 39.18419527813730951, 3.000000000000000000, 10.98644576591847866 ) ) ;
#69 = ADVANCED_FACE ( 'NONE', ( #6713 ), #10880, .T. ) ;
#70 = ORIENTED_EDGE ( 'NONE', *, *, #8714, .F. ) ;
#71 = DIRECTION ( 'NONE',  ( -0.000000000000000000, 1.000000000000000000, -0.000000000000000000 ) ) ;
#72 = DIRECTION ( 'NONE',  ( 0.000000000000000000, 0.000000000000000000, -1.000000000000000000 ) ) ;
#73 = ORIENTED_EDGE ( 'NONE', *, *, #4538, .F. ) ;
#74 = DIRECTION ( 'NONE',  ( 0.7164018381303199901, 0.000000000000000000, 0.6976879003705731552 ) ) ;
#75 = CARTESIAN_POINT ( 'NONE',  ( 44.33242679013732612, 3.000000000000000000, 12.78114880591848390 ) ) ;
#76 = EDGE_CURVE ( 'NONE', #3214, #6537, #6917, .T. ) ;
#77 = AXIS2_PLACEMENT_3D ( 'NONE', #13103, #13238, #8046 ) ;
#78 = ORIENTED_EDGE ( 'NONE', *, *, #526, .F. ) ;
#79 = DIRECTION ( 'NONE',  ( 0.3641298353863262616, 0.000000000000000000, 0.9313481964236184352 ) ) ;
#80 = DIRECTION ( 'NONE',  ( -0.9957356910248242876, 0.000000000000000000, 0.09225201146487578552 ) ) ;
#81 = EDGE_LOOP ( 'NONE', ( #362, #5732, #11183, #684 ) ) ;
#82 = EDGE_CURVE ( 'NONE', #10198, #6534, #5890, .T. ) ;
#83 = AXIS2_PLACEMENT_3D ( 'NONE', #1237, #1174, #3420 ) ;
#84 = VERTEX_POINT ( 'NONE', #6030 ) ;
#85 = VERTEX_POINT ( 'NONE', #10195 ) ;
#86 = ORIENTED_EDGE ( 'NONE', *, *, #1409, .F. ) ;
#87 = EDGE_CURVE ( 'NONE', #1370, #3070, #10264, .T. ) ;
#88 = CARTESIAN_POINT ( 'NONE',  ( 3.055331798137324029, 2.700000000000000178, -19.50482573808151088 ) ) ;
#89 = CARTESIAN_POINT ( 'NONE',  ( -26.82031584186266571, 2.700000000000000178, 19.36689331791848190 ) ) ;
#90 = CARTESIAN_POINT ( 'NONE',  ( -13.77978413786268064, 2.700000000000000178, 10.78590260591848349 ) ) ;
#91 = DIRECTION ( 'NONE',  ( -0.2744305430583449112, 0.000000000000000000, -0.9616069243909913800 ) ) ;
#92 = CARTESIAN_POINT ( 'NONE',  ( 15.30295373413733095, 3.000000000000000000, 20.68580660591848286 ) ) ;
#93 = CARTESIAN_POINT ( 'NONE',  ( 47.48933183013733128, 3.000000000000000000, 8.820799093918484601 ) ) ;
#94 = CARTESIAN_POINT ( 'NONE',  ( 45.56849239013732955, 2.700000000000000178, 0.000000000000000000 ) ) ;
#95 = EDGE_LOOP ( 'NONE', ( #9042, #2968, #6312, #11899 ) ) ;
#96 = VECTOR ( 'NONE', #13385, 1000.000000000000000 ) ;
#97 = ORIENTED_EDGE ( 'NONE', *, *, #10497, .T. ) ;
#98 = EDGE_LOOP ( 'NONE', ( #9227, #113, #8353, #8298 ) ) ;
#99 = LINE ( 'NONE', #12606, #8296 ) ;
#100 = ORIENTED_EDGE ( 'NONE', *, *, #10489, .T. ) ;
#101 = LINE ( 'NONE', #365, #2680 ) ;
#102 = DIRECTION ( 'NONE',  ( 1.000000000000000000, 0.000000000000000000, 0.000000000000000000 ) ) ;
#103 = DIRECTION ( 'NONE',  ( -1.000000000000000000, 0.000000000000000000, 0.000000000000000000 ) ) ;
#104 = VERTEX_POINT ( 'NONE', #13200 ) ;
#105 = VECTOR ( 'NONE', #6641, 1000.000000000000114 ) ;
#106 = CARTESIAN_POINT ( 'NONE',  ( 7.136530166098483896, 2.700000000000000178, -10.55941423622241615 ) ) ;
#107 = DIRECTION ( 'NONE',  ( 0.5837998310125535051, 0.000000000000000000, 0.8118976273581011149 ) ) ;
#108 = DIRECTION ( 'NONE',  ( 0.000000000000000000, 0.000000000000000000, 1.000000000000000000 ) ) ;
#109 = EDGE_CURVE ( 'NONE', #12757, #4792, #9243, .T. ) ;
#110 = EDGE_CURVE ( 'NONE', #11047, #8368, #1919, .T. ) ;
#111 = ORIENTED_EDGE ( 'NONE', *, *, #12602, .T. ) ;
#112 = VECTOR ( 'NONE', #13455, 1000.000000000000000 ) ;
#113 = ORIENTED_EDGE ( 'NONE', *, *, #9417, .F. ) ;
#114 = VECTOR ( 'NONE', #854, 999.9999999999998863 ) ;
#115 = EDGE_CURVE ( 'NONE', #11471, #8808, #901, .T. ) ;
#116 = EDGE_CURVE ( 'NONE', #8079, #29, #1861, .T. ) ;
#117 = VERTEX_POINT ( 'NONE', #9310 ) ;
#118 = CARTESIAN_POINT ( 'NONE',  ( 13.32288454213731654, 2.700000000000000178, 9.300584773918478376 ) ) ;
#119 = CARTESIAN_POINT ( 'NONE',  ( 51.68205903013731728, 3.000000000000000000, 12.78114880591848390 ) ) ;
#120 = DIRECTION ( 'NONE',  ( -1.000000000000000000, -0.000000000000000000, -0.000000000000000000 ) ) ;
#121 = DIRECTION ( 'NONE',  ( 0.9238794569645282229, 0.000000000000000000, 0.3826836147510480068 ) ) ;
#122 = ORIENTED_EDGE ( 'NONE', *, *, #12488, .T. ) ;
#123 = CARTESIAN_POINT ( 'NONE',  ( -27.75762968986266799, 2.700000000000000178, -19.25053821008151189 ) ) ;
#124 = LINE ( 'NONE', #6207, #959 ) ;
#125 = ORIENTED_EDGE ( 'NONE', *, *, #5225, .F. ) ;
#126 = PLANE ( 'NONE',  #8352 ) ;
#127 = PLANE ( 'NONE',  #7615 ) ;
#128 = VECTOR ( 'NONE', #13097, 1000.000000000000000 ) ;
#129 = EDGE_CURVE ( 'NONE', #10995, #5843, #836, .T. ) ;
#130 = VERTEX_POINT ( 'NONE', #4057 ) ;
#131 = DIRECTION ( 'NONE',  ( -0.1231827809125627532, 0.000000000000000000, 0.9923839995116040535 ) ) ;
#132 = EDGE_LOOP ( 'NONE', ( #4018, #4267, #3893, #2598 ) ) ;
#133 = VECTOR ( 'NONE', #10435, 1000.000000000000000 ) ;
#134 = LINE ( 'NONE', #9356, #3047 ) ;
#135 = EDGE_CURVE ( 'NONE', #3850, #1715, #10335, .T. ) ;
#136 = VERTEX_POINT ( 'NONE', #3984 ) ;
#137 = DIRECTION ( 'NONE',  ( -0.000000000000000000, 1.000000000000000000, -0.000000000000000000 ) ) ;
#138 = ORIENTED_EDGE ( 'NONE', *, *, #8247, .F. ) ;
#139 = LINE ( 'NONE', #1027, #5543 ) ;
#140 = CARTESIAN_POINT ( 'NONE',  ( -19.46057266129498586, 2.700000000000000178, 6.349542732198584893 ) ) ;
#141 = EDGE_LOOP ( 'NONE', ( #5275, #10539, #5948, #2441 ) ) ;
#142 = CARTESIAN_POINT ( 'NONE',  ( 37.12618263013732189, 2.700000000000000178, 8.684835941918485958 ) ) ;
#143 = DIRECTION ( 'NONE',  ( 0.08371688923207348809, 0.000000000000000000, 0.9964895797033227476 ) ) ;
#144 = ORIENTED_EDGE ( 'NONE', *, *, #4836, .F. ) ;
#145 = LINE ( 'NONE', #7389, #6616 ) ;
#146 = DIRECTION ( 'NONE',  ( 0.9953392907975358028, 0.000000000000000000, 0.09643493243974647633 ) ) ;
#147 = ORIENTED_EDGE ( 'NONE', *, *, #11392, .F. ) ;
#148 = ADVANCED_FACE ( 'NONE', ( #7058 ), #11295, .T. ) ;
#149 = EDGE_CURVE ( 'NONE', #8038, #3077, #4118, .T. ) ;
#150 = EDGE_LOOP ( 'NONE', ( #6449, #12942, #4183, #3881 ) ) ;
#151 = EDGE_LOOP ( 'NONE', ( #122, #6151, #11559, #3806 ) ) ;
#152 = AXIS2_PLACEMENT_3D ( 'NONE', #11145, #13194, #4113 ) ;
#153 = ADVANCED_FACE ( 'NONE', ( #5142 ), #1999, .T. ) ;
#154 = ORIENTED_EDGE ( 'NONE', *, *, #3742, .F. ) ;
#155 = EDGE_CURVE ( 'NONE', #9154, #4066, #5074, .T. ) ;
#156 = PLANE ( 'NONE',  #5675 ) ;
#157 = LINE ( 'NONE', #4386, #12287 ) ;
#158 = DIRECTION ( 'NONE',  ( 0.000000000000000000, 0.000000000000000000, 1.000000000000000000 ) ) ;
#159 = LINE ( 'NONE', #7337, #5101 ) ;
#160 = CARTESIAN_POINT ( 'NONE',  ( 1.145019536395369020, 2.700000000000000178, 2.645476332399418595 ) ) ;
#161 = DIRECTION ( 'NONE',  ( -0.9238814843844389557, 0.000000000000000000, 0.3826787200924629540 ) ) ;
#162 = LINE ( 'NONE', #1117, #6971 ) ;
#163 = ORIENTED_EDGE ( 'NONE', *, *, #3757, .F. ) ;
#164 = AXIS2_PLACEMENT_3D ( 'NONE', #8874, #13035, #10989 ) ;
#165 = ORIENTED_EDGE ( 'NONE', *, *, #7391, .F. ) ;
#166 = EDGE_CURVE ( 'NONE', #8817, #7814, #12386, .T. ) ;
#167 = CC_DESIGN_PERSON_AND_ORGANIZATION_ASSIGNMENT ( #11298, #2892, ( #8900 ) ) ;
#168 = ORIENTED_EDGE ( 'NONE', *, *, #12494, .F. ) ;
#169 = LOCAL_TIME ( 12, 27, 52.00000000000000000, #11229 ) ;
#170 = PLANE ( 'NONE',  #215 ) ;
#171 = ORIENTED_EDGE ( 'NONE', *, *, #1664, .T. ) ;
#172 = CARTESIAN_POINT ( 'NONE',  ( 3.513378111556327177, 2.700000000000000178, -1.497902890654323027 ) ) ;
#173 = DIRECTION ( 'NONE',  ( -0.8042750342726748825, 0.000000000000000000, -0.5942572416434550586 ) ) ;
#174 = AXIS2_PLACEMENT_3D ( 'NONE', #8965, #5622, #5763 ) ;
#175 = DIRECTION ( 'NONE',  ( 0.000000000000000000, 0.000000000000000000, 1.000000000000000000 ) ) ;
#176 = ORIENTED_EDGE ( 'NONE', *, *, #7432, .T. ) ;
#177 = CARTESIAN_POINT ( 'NONE',  ( 9.417792345223308104, 2.700000000000000178, -15.94243838000384095 ) ) ;
#178 = DIRECTION ( 'NONE',  ( 0.8565467574900700320, 0.000000000000000000, -0.5160694257880883429 ) ) ;
#179 = CARTESIAN_POINT ( 'NONE',  ( 24.26494141490655920, 2.700000000000000178, 10.21081892704666316 ) ) ;
#180 = VERTEX_POINT ( 'NONE', #6159 ) ;
#181 = VERTEX_POINT ( 'NONE', #12455 ) ;
#182 = ORIENTED_EDGE ( 'NONE', *, *, #4135, .F. ) ;
#183 = FACE_OUTER_BOUND ( 'NONE', #141, .T. ) ;
#184 = LINE ( 'NONE', #8519, #13375 ) ;
#185 = LINE ( 'NONE', #4352, #3625 ) ;
#186 = DIRECTION ( 'NONE',  ( 0.000000000000000000, 0.000000000000000000, -1.000000000000000000 ) ) ;
#187 = EDGE_CURVE ( 'NONE', #1680, #3345, #3093, .T. ) ;
#188 = ORIENTED_EDGE ( 'NONE', *, *, #8659, .T. ) ;
#189 = DIRECTION ( 'NONE',  ( -0.9959703591651434262, 0.000000000000000000, 0.08968301770377254400 ) ) ;
#190 = EDGE_CURVE ( 'NONE', #8368, #1853, #2069, .T. ) ;
#191 = EDGE_LOOP ( 'NONE', ( #4851, #9495, #10858, #1204 ) ) ;
#192 = CARTESIAN_POINT ( 'NONE',  ( -2.866803210180981054, 2.700000000000000178, 11.36903679296438519 ) ) ;
#193 = CARTESIAN_POINT ( 'NONE',  ( 0.000000000000000000, 2.700000000000000178, 9.901122053918482990 ) ) ;
#194 = VERTEX_POINT ( 'NONE', #1790 ) ;
#195 = CARTESIAN_POINT ( 'NONE',  ( 18.19454074846502323, 2.700000000000000178, 19.37068257022199447 ) ) ;
#196 = AXIS2_PLACEMENT_3D ( 'NONE', #8806, #12012, #4636 ) ;
#197 = VERTEX_POINT ( 'NONE', #5002 ) ;
#198 = VERTEX_POINT ( 'NONE', #3909 ) ;
#199 = DIRECTION ( 'NONE',  ( 0.2115579632480343308, 0.000000000000000000, 0.9773654527280690729 ) ) ;
#200 = EDGE_CURVE ( 'NONE', #9629, #4748, #4733, .T. ) ;
#201 = VERTEX_POINT ( 'NONE', #13269 ) ;
#202 = DIRECTION ( 'NONE',  ( -0.9872834441880232736, 0.000000000000000000, -0.1589698110718959223 ) ) ;
#203 = VECTOR ( 'NONE', #6048, 1000.000000000000000 ) ;
#204 = DIRECTION ( 'NONE',  ( -0.1950837463037299602, 0.000000000000000000, 0.9807865883708350996 ) ) ;
#205 = EDGE_LOOP ( 'NONE', ( #1576, #3996, #4095, #13307 ) ) ;
#206 = CARTESIAN_POINT ( 'NONE',  ( -10.83307324186266740, 3.000000000000000000, 20.71667471791848314 ) ) ;
#207 = DIRECTION ( 'NONE',  ( 0.000000000000000000, 0.000000000000000000, 1.000000000000000000 ) ) ;
#208 = VECTOR ( 'NONE', #146, 1000.000000000000114 ) ;
#209 = ORIENTED_EDGE ( 'NONE', *, *, #87, .F. ) ;
#210 = DIRECTION ( 'NONE',  ( -0.000000000000000000, 1.000000000000000000, -0.000000000000000000 ) ) ;
#211 = DIRECTION ( 'NONE',  ( 0.5537049410972625374, 0.000000000000000000, 0.8327129386556192392 ) ) ;
#212 = ORIENTED_EDGE ( 'NONE', *, *, #6788, .F. ) ;
#213 = EDGE_CURVE ( 'NONE', #2881, #11580, #8080, .T. ) ;
#214 = ORIENTED_EDGE ( 'NONE', *, *, #6184, .T. ) ;
#215 = AXIS2_PLACEMENT_3D ( 'NONE', #4271, #3377, #10684 ) ;
#216 = EDGE_LOOP ( 'NONE', ( #13041, #4238, #10132, #8444 ) ) ;
#217 = VERTEX_POINT ( 'NONE', #2890 ) ;
#218 = ADVANCED_FACE ( 'NONE', ( #1036 ), #8351, .T. ) ;
#219 = LINE ( 'NONE', #4258, #9816 ) ;
#220 = CARTESIAN_POINT ( 'NONE',  ( 52.50000000000095923, 0.000000000000000000, 45.27000000000000313 ) ) ;
#221 = LINE ( 'NONE', #7537, #10951 ) ;
#222 = DIRECTION ( 'NONE',  ( -0.1868648078520734612, 0.000000000000000000, 0.9823856389353458063 ) ) ;
#223 = DIRECTION ( 'NONE',  ( 0.1746986879099474421, 0.000000000000000000, 0.9846219418855862715 ) ) ;
#224 = DIRECTION ( 'NONE',  ( -0.000000000000000000, 1.000000000000000000, -0.000000000000000000 ) ) ;
#225 = CARTESIAN_POINT ( 'NONE',  ( 13.18134481120130808, 2.700000000000000178, 9.095842230718561794 ) ) ;
#226 = EDGE_LOOP ( 'NONE', ( #13113, #479, #1648, #8248 ) ) ;
#227 = EDGE_CURVE ( 'NONE', #5277, #2413, #12521, .T. ) ;
#228 = EDGE_CURVE ( 'NONE', #7791, #6284, #11491, .T. ) ;
#229 = VERTEX_POINT ( 'NONE', #7327 ) ;
#230 = VECTOR ( 'NONE', #324, 1000.000000000000114 ) ;
#231 = VECTOR ( 'NONE', #12837, 1000.000000000000114 ) ;
#232 = ORIENTED_EDGE ( 'NONE', *, *, #2377, .F. ) ;
#233 = DIRECTION ( 'NONE',  ( -0.1327460070386448088, 0.000000000000000000, 0.9911500883394481765 ) ) ;
#234 = ORIENTED_EDGE ( 'NONE', *, *, #13431, .T. ) ;
#235 = CARTESIAN_POINT ( 'NONE',  ( -10.34887646531738348, 2.700000000000000178, 3.923059587976952312 ) ) ;
#236 = PLANE ( 'NONE',  #8733 ) ;
#237 = EDGE_CURVE ( 'NONE', #4045, #7162, #7959, .T. ) ;
#238 = AXIS2_PLACEMENT_3D ( 'NONE', #4501, #3413, #538 ) ;
#239 = EDGE_LOOP ( 'NONE', ( #12612, #756, #10883, #8035 ) ) ;
#240 = CIRCLE ( 'NONE', #8531, 1.700000000000000178 ) ;
#241 = CIRCLE ( 'NONE', #11157, 1.700000000000000178 ) ;
#242 = CARTESIAN_POINT ( 'NONE',  ( 3.723592856264689832, 2.700000000000000178, 13.04750059630097603 ) ) ;
#243 = CARTESIAN_POINT ( 'NONE',  ( -0.5697894050561553847, 2.700000000000000178, 10.16156899197526542 ) ) ;
#244 = EDGE_CURVE ( 'NONE', #5410, #5223, #8705, .T. ) ;
#245 = DIRECTION ( 'NONE',  ( -0.8298422876552158378, 0.000000000000000000, -0.5579980086157637631 ) ) ;
#246 = VECTOR ( 'NONE', #7367, 1000.000000000000114 ) ;
#247 = VERTEX_POINT ( 'NONE', #4537 ) ;
#248 = ORIENTED_EDGE ( 'NONE', *, *, #5708, .F. ) ;
#249 = VECTOR ( 'NONE', #12042, 1000.000000000000000 ) ;
#250 = ORIENTED_EDGE ( 'NONE', *, *, #11304, .T. ) ;
#251 = DIRECTION ( 'NONE',  ( -0.000000000000000000, 1.000000000000000000, -0.000000000000000000 ) ) ;
#252 = DIRECTION ( 'NONE',  ( 0.3815744657993927480, 0.000000000000000000, 0.9243381021303341827 ) ) ;
#253 = PLANE ( 'NONE',  #9954 ) ;
#254 = CARTESIAN_POINT ( 'NONE',  ( 16.62130381012914881, 3.000000000000000000, -11.18957214462059291 ) ) ;
#255 = ORIENTED_EDGE ( 'NONE', *, *, #9273, .F. ) ;
#256 = DIRECTION ( 'NONE',  ( 0.000000000000000000, 0.000000000000000000, -1.000000000000000000 ) ) ;
#257 = ORIENTED_EDGE ( 'NONE', *, *, #454, .F. ) ;
#258 = PLANE ( 'NONE',  #6598 ) ;
#259 = CARTESIAN_POINT ( 'NONE',  ( -1.789281967691328523, 2.700000000000000178, 19.08320190229514779 ) ) ;
#260 = ORIENTED_EDGE ( 'NONE', *, *, #6040, .T. ) ;
#261 = CARTESIAN_POINT ( 'NONE',  ( 0.000000000000000000, 2.700000000000000178, 8.684835941918485958 ) ) ;
#262 = VERTEX_POINT ( 'NONE', #11859 ) ;
#263 = AXIS2_PLACEMENT_3D ( 'NONE', #11549, #10453, #3353 ) ;
#264 = ORIENTED_EDGE ( 'NONE', *, *, #2336, .T. ) ;
#265 = FACE_OUTER_BOUND ( 'NONE', #13322, .T. ) ;
#266 = EDGE_LOOP ( 'NONE', ( #677, #348, #8939, #12846 ) ) ;
#267 = LINE ( 'NONE', #11482, #7293 ) ;
#268 = LINE ( 'NONE', #4440, #50 ) ;
#269 = ORIENTED_EDGE ( 'NONE', *, *, #6590, .F. ) ;
#271 = LINE ( 'NONE', #4504, #8102 ) ;
#270 = AXIS2_PLACEMENT_3D ( 'NONE', #5787, #595, #13162 ) ;
#272 = DIRECTION ( 'NONE',  ( -0.8298422876552158378, 0.000000000000000000, -0.5579980086157637631 ) ) ;
#273 = ORIENTED_EDGE ( 'NONE', *, *, #12267, .T. ) ;
#274 = FACE_OUTER_BOUND ( 'NONE', #7954, .T. ) ;
#275 = LINE ( 'NONE', #7461, #6311 ) ;
#276 = VERTEX_POINT ( 'NONE', #12874 ) ;
#277 = FACE_OUTER_BOUND ( 'NONE', #8933, .T. ) ;
#278 = AXIS2_PLACEMENT_3D ( 'NONE', #3185, #11318, #2024 ) ;
#279 = EDGE_CURVE ( 'NONE', #9398, #1549, #6660, .T. ) ;
#280 = ORIENTED_EDGE ( 'NONE', *, *, #2742, .T. ) ;
#281 = VECTOR ( 'NONE', #6370, 1000.000000000000114 ) ;
#283 = EDGE_LOOP ( 'NONE', ( #8434, #7479, #8161, #815 ) ) ;
#282 = EDGE_CURVE ( 'NONE', #13362, #1389, #11029, .T. ) ;
#284 = ORIENTED_EDGE ( 'NONE', *, *, #3709, .T. ) ;
#285 = FACE_OUTER_BOUND ( 'NONE', #10128, .T. ) ;
#286 = FACE_OUTER_BOUND ( 'NONE', #11762, .T. ) ;
#287 = AXIS2_PLACEMENT_3D ( 'NONE', #9380, #4891, #6240 ) ;
#288 = EDGE_CURVE ( 'NONE', #5597, #5523, #1529, .T. ) ;
#289 = ADVANCED_FACE ( 'NONE', ( #2627 ), #10825, .T. ) ;
#290 = CARTESIAN_POINT ( 'NONE',  ( -40.23145894586267701, 3.000000000000000000, 15.00871254991848147 ) ) ;
#291 = DIRECTION ( 'NONE',  ( -0.9238814843844389557, 0.000000000000000000, 0.3826787200924629540 ) ) ;
#292 = FACE_OUTER_BOUND ( 'NONE', #9934, .T. ) ;
#293 = CARTESIAN_POINT ( 'NONE',  ( -8.193490125780648725, 2.700000000000000178, -19.78112035565094473 ) ) ;
#294 = CARTESIAN_POINT ( 'NONE',  ( 38.36223807013732312, 3.000000000000000000, 8.684835941918485958 ) ) ;
#295 = EDGE_LOOP ( 'NONE', ( #3179, #8551, #7701, #9514 ) ) ;
#296 = VECTOR ( 'NONE', #2527, 1000.000000000000000 ) ;
#297 = ORIENTED_EDGE ( 'NONE', *, *, #7652, .T. ) ;
#298 = ADVANCED_FACE ( 'NONE', ( #8979 ), #438, .T. ) ;
#299 = ORIENTED_EDGE ( 'NONE', *, *, #487, .T. ) ;
#301 = VECTOR ( 'NONE', #11678, 1000.000000000000000 ) ;
#300 = CARTESIAN_POINT ( 'NONE',  ( 5.907303945361592312, 3.000000000000000000, 8.365148910012226935 ) ) ;
#302 = ORIENTED_EDGE ( 'NONE', *, *, #9014, .F. ) ;
#303 = PLANE ( 'NONE',  #8781 ) ;
#304 = CARTESIAN_POINT ( 'NONE',  ( -7.278154265862681882, 2.700000000000000178, 0.000000000000000000 ) ) ;
#305 = AXIS2_PLACEMENT_3D ( 'NONE', #3680, #7854, #12018 ) ;
#306 = AXIS2_PLACEMENT_3D ( 'NONE', #12713, #3352, #10525 ) ;
#307 = ORIENTED_EDGE ( 'NONE', *, *, #11361, .F. ) ;
#308 = DIRECTION ( 'NONE',  ( -0.7961630348195792850, 0.000000000000000000, -0.6050821613523881259 ) ) ;
#309 = CARTESIAN_POINT ( 'NONE',  ( 14.01794131813732136, 3.000000000000000000, 10.30064678191848770 ) ) ;
#310 = DIRECTION ( 'NONE',  ( -0.000000000000000000, 1.000000000000000000, -0.000000000000000000 ) ) ;
#311 = ADVANCED_FACE ( 'NONE', ( #2561 ), #2765, .T. ) ;
#312 = ORIENTED_EDGE ( 'NONE', *, *, #11643, .T. ) ;
#313 = EDGE_CURVE ( 'NONE', #6858, #614, #3516, .T. ) ;
#314 = ORIENTED_EDGE ( 'NONE', *, *, #6591, .F. ) ;
#315 = EDGE_CURVE ( 'NONE', #9972, #8945, #13144, .T. ) ;
#316 = DIRECTION ( 'NONE',  ( -0.9923839995116041646, 0.000000000000000000, -0.1231827809125627671 ) ) ;
#317 = CARTESIAN_POINT ( 'NONE',  ( 52.50000000000095923, 0.000000000000000000, 48.67000000000000171 ) ) ;
#318 = CARTESIAN_POINT ( 'NONE',  ( 23.21072828274713018, 3.000000000000000000, 24.68448162546242486 ) ) ;
#319 = DIRECTION ( 'NONE',  ( -1.000000000000000000, -0.000000000000000000, -0.000000000000000000 ) ) ;
#320 = ORIENTED_EDGE ( 'NONE', *, *, #3443, .T. ) ;
#321 = CARTESIAN_POINT ( 'NONE',  ( -13.60432804986267108, 2.700000000000000178, 18.98865785391848249 ) ) ;
#322 = ORIENTED_EDGE ( 'NONE', *, *, #7931, .F. ) ;
#323 = CARTESIAN_POINT ( 'NONE',  ( -40.16732496186267554, 2.700000000000000178, 3.809801749918482194 ) ) ;
#324 = DIRECTION ( 'NONE',  ( 0.2146792440636553778, 0.000000000000000000, 0.9766846073161270514 ) ) ;
#325 = ORIENTED_EDGE ( 'NONE', *, *, #9600, .T. ) ;
#326 = LINE ( 'NONE', #9490, #13201 ) ;
#327 = EDGE_CURVE ( 'NONE', #7119, #5562, #12947, .T. ) ;
#328 = EDGE_CURVE ( 'NONE', #12194, #6688, #2697, .T. ) ;
#329 = VECTOR ( 'NONE', #10486, 1000.000000000000000 ) ;
#330 = EDGE_LOOP ( 'NONE', ( #3046, #6424, #5023, #1634 ) ) ;
#331 = ADVANCED_FACE ( 'NONE', ( #7753 ), #10960, .T. ) ;
#332 = PLANE ( 'NONE',  #1945 ) ;
#333 = VECTOR ( 'NONE', #8465, 1000.000000000000114 ) ;
#334 = ORIENTED_EDGE ( 'NONE', *, *, #2701, .T. ) ;
#335 = DIRECTION ( 'NONE',  ( -0.000000000000000000, 1.000000000000000000, -0.000000000000000000 ) ) ;
#336 = CARTESIAN_POINT ( 'NONE',  ( 7.557067270137327597, 2.700000000000000178, 0.5737889179184829658 ) ) ;
#337 = VERTEX_POINT ( 'NONE', #5775 ) ;
#338 = DIRECTION ( 'NONE',  ( -0.000000000000000000, 1.000000000000000000, -0.000000000000000000 ) ) ;
#339 = DIRECTION ( 'NONE',  ( -0.5602478574788749555, 0.000000000000000000, -0.8283250196573385127 ) ) ;
#340 = VERTEX_POINT ( 'NONE', #9870 ) ;
#341 = PLANE ( 'NONE',  #4652 ) ;
#342 = CARTESIAN_POINT ( 'NONE',  ( 16.37268083013731612, 2.700000000000000178, 9.599581381918486755 ) ) ;
#343 = ORIENTED_EDGE ( 'NONE', *, *, #752, .F. ) ;
#344 = DIRECTION ( 'NONE',  ( -0.1992729084265720818, 0.000000000000000000, -0.9799440330790402109 ) ) ;
#345 = ORIENTED_EDGE ( 'NONE', *, *, #482, .T. ) ;
#346 = VERTEX_POINT ( 'NONE', #3654 ) ;
#347 = DIRECTION ( 'NONE',  ( -0.000000000000000000, 1.000000000000000000, -0.000000000000000000 ) ) ;
#348 = ORIENTED_EDGE ( 'NONE', *, *, #11432, .F. ) ;
#349 = CARTESIAN_POINT ( 'NONE',  ( 29.15356967013732614, 2.700000000000000178, 8.457400277918482701 ) ) ;
#350 = DIRECTION ( 'NONE',  ( 0.000000000000000000, 0.000000000000000000, 1.000000000000000000 ) ) ;
#351 = DIRECTION ( 'NONE',  ( 1.000000000000000000, -0.000000000000000000, 0.000000000000000000 ) ) ;
#352 = CARTESIAN_POINT ( 'NONE',  ( 12.62887253428208290, 2.700000000000000178, 22.31992185762806713 ) ) ;
#353 = PLANE ( 'NONE',  #1750 ) ;
#354 = PLANE ( 'NONE',  #771 ) ;
#355 = LINE ( 'NONE', #2410, #32 ) ;
#356 = CARTESIAN_POINT ( 'NONE',  ( -1.541720457149923451, 2.700000000000000178, 18.04320339815924967 ) ) ;
#357 = ORIENTED_EDGE ( 'NONE', *, *, #9174, .T. ) ;
#358 = ADVANCED_FACE ( 'NONE', ( #7822 ), #10000, .T. ) ;
#359 = CARTESIAN_POINT ( 'NONE',  ( -29.01556367386267610, 3.000000000000000000, -0.000000000000000000 ) ) ;
#360 = VECTOR ( 'NONE', #2899, 1000.000000000000000 ) ;
#361 = MECHANICAL_CONTEXT ( 'NONE', #937, 'mechanical' ) ;
#362 = ORIENTED_EDGE ( 'NONE', *, *, #1317, .F. ) ;
#363 = DIRECTION ( 'NONE',  ( 0.000000000000000000, 0.000000000000000000, 1.000000000000000000 ) ) ;
#364 = EDGE_LOOP ( 'NONE', ( #12683, #6165, #5658, #7553 ) ) ;
#365 = CARTESIAN_POINT ( 'NONE',  ( -9.348555402150353189, 2.700000000000000178, 20.89290814322078660 ) ) ;
#366 = CARTESIAN_POINT ( 'NONE',  ( 20.45169121413731972, 3.000000000000000000, 14.57096793391848166 ) ) ;
#367 = DIRECTION ( 'NONE',  ( 0.000000000000000000, 0.000000000000000000, 1.000000000000000000 ) ) ;
#368 = DIRECTION ( 'NONE',  ( -0.000000000000000000, 0.000000000000000000, -1.000000000000000000 ) ) ;
#369 = CARTESIAN_POINT ( 'NONE',  ( 31.71581847862844938, 2.700000000000000178, -3.873508243760150904 ) ) ;
#370 = CARTESIAN_POINT ( 'NONE',  ( 38.36223807013732312, 2.700000000000000178, 0.000000000000000000 ) ) ;
#371 = LINE ( 'NONE', #3593, #8850 ) ;
#372 = EDGE_CURVE ( 'NONE', #4394, #3722, #4741, .T. ) ;
#373 = EDGE_CURVE ( 'NONE', #2009, #10841, #7891, .T. ) ;
#374 = ORIENTED_EDGE ( 'NONE', *, *, #5810, .F. ) ;
#375 = DIRECTION ( 'NONE',  ( 0.9807865883708339894, 0.000000000000000000, -0.1950837463037355390 ) ) ;
#376 = EDGE_LOOP ( 'NONE', ( #11720, #3389, #1280, #4219 ) ) ;
#377 = EDGE_CURVE ( 'NONE', #13379, #9011, #985, .T. ) ;
#378 = CARTESIAN_POINT ( 'NONE',  ( 16.40605135013732507, 2.700000000000000178, 20.78923540591848251 ) ) ;
#379 = DIRECTION ( 'NONE',  ( 0.9982186956914592679, 0.000000000000000000, 0.05966100545617421258 ) ) ;
#380 = LINE ( 'NONE', #318, #2315 ) ;
#381 = CARTESIAN_POINT ( 'NONE',  ( 5.521783277313702776, 3.000000000000000000, 12.45158498073690723 ) ) ;
#382 = EDGE_LOOP ( 'NONE', ( #4828, #7593, #3624, #10791 ) ) ;
#383 = FACE_OUTER_BOUND ( 'NONE', #41, .T. ) ;
#384 = CC_DESIGN_APPROVAL ( #11863, ( #10434 ) ) ;
#385 = VECTOR ( 'NONE', #13329, 1000.000000000000000 ) ;
#386 = ORIENTED_EDGE ( 'NONE', *, *, #10716, .F. ) ;
#387 = LINE ( 'NONE', #7907, #955 ) ;
#388 = CARTESIAN_POINT ( 'NONE',  ( 45.56849239013732955, 3.000000000000000000, 20.49418290991848224 ) ) ;
#389 = ORIENTED_EDGE ( 'NONE', *, *, #12427, .F. ) ;
#390 = EDGE_CURVE ( 'NONE', #6512, #9571, #711, .T. ) ;
#391 = EDGE_CURVE ( 'NONE', #3626, #12417, #7074, .T. ) ;
#392 = CARTESIAN_POINT ( 'NONE',  ( 19.31451391013732533, 2.700000000000000178, 18.31871151791847296 ) ) ;
#393 = EDGE_CURVE ( 'NONE', #10502, #9398, #9117, .T. ) ;
#394 = ORIENTED_EDGE ( 'NONE', *, *, #7342, .T. ) ;
#395 = ADVANCED_FACE ( 'NONE', ( #11241 ), #1876, .T. ) ;
#396 = CARTESIAN_POINT ( 'NONE',  ( -28.64227104986268557, 2.700000000000000178, 0.000000000000000000 ) ) ;
#397 = EDGE_LOOP ( 'NONE', ( #11438, #4030, #6579, #8301 ) ) ;
#398 = DIRECTION ( 'NONE',  ( -0.9788017192891086404, 0.000000000000000000, 0.2048101421235895281 ) ) ;
#399 = DIRECTION ( 'NONE',  ( -0.000000000000000000, 1.000000000000000000, -0.000000000000000000 ) ) ;
#400 = ORIENTED_EDGE ( 'NONE', *, *, #6399, .T. ) ;
#401 = CARTESIAN_POINT ( 'NONE',  ( -14.43496189786266370, 2.700000000000000178, 17.35211045391848828 ) ) ;
#402 = DIRECTION ( 'NONE',  ( -1.000000000000000000, 0.000000000000000000, 0.000000000000000000 ) ) ;
#403 = ADVANCED_FACE ( 'NONE', ( #13353 ), #9048, .T. ) ;
#404 = VERTEX_POINT ( 'NONE', #10071 ) ;
#405 = CARTESIAN_POINT ( 'NONE',  ( 4.459646754763863186, 2.700000000000000178, -19.17827135138843886 ) ) ;
#406 = LINE ( 'NONE', #545, #4134 ) ;
#407 = VECTOR ( 'NONE', #10606, 1000.000000000000000 ) ;
#408 = ORIENTED_EDGE ( 'NONE', *, *, #12569, .F. ) ;
#409 = CARTESIAN_POINT ( 'NONE',  ( -11.98508516186267414, 2.700000000000000178, 20.79331159791848194 ) ) ;
#410 = ADVANCED_FACE ( 'NONE', ( #6043 ), #11169, .T. ) ;
#411 = VERTEX_POINT ( 'NONE', #8167 ) ;
#412 = EDGE_LOOP ( 'NONE', ( #7642, #1300, #6342, #1013 ) ) ;
#413 = CARTESIAN_POINT ( 'NONE',  ( 52.91812463013732781, 2.700000000000000178, 20.48923905391848166 ) ) ;
#414 = ORIENTED_EDGE ( 'NONE', *, *, #9914, .F. ) ;
#415 = VECTOR ( 'NONE', #11003, 1000.000000000000000 ) ;
#416 = VECTOR ( 'NONE', #12370, 1000.000000000000000 ) ;
#417 = LINE ( 'NONE', #7731, #8043 ) ;
#418 = DIRECTION ( 'NONE',  ( 0.000000000000000000, 1.000000000000000000, 0.000000000000000000 ) ) ;
#419 = DIRECTION ( 'NONE',  ( -0.1469601115001182845, 0.000000000000000000, 0.9891424192844389118 ) ) ;
#420 = CARTESIAN_POINT ( 'NONE',  ( 0.9644217569823999581, 2.700000000000000178, 18.00146054435913356 ) ) ;
#421 = CARTESIAN_POINT ( 'NONE',  ( -14.67333683386266863, 2.700000000000000178, 14.90961292591848775 ) ) ;
#422 = CARTESIAN_POINT ( 'NONE',  ( 51.61430503813731008, 3.000000000000000000, 8.984613853918480331 ) ) ;
#423 = PLANE ( 'NONE',  #9001 ) ;
#424 = FACE_OUTER_BOUND ( 'NONE', #7462, .T. ) ;
#425 = CARTESIAN_POINT ( 'NONE',  ( 0.7412270159839344785, 2.700000000000000178, 7.215063245595486841 ) ) ;
#426 = ORIENTED_EDGE ( 'NONE', *, *, #7756, .T. ) ;
#427 = DIRECTION ( 'NONE',  ( 0.001899536769857406186, 0.000000000000000000, 0.9999981958784025515 ) ) ;
#428 = VECTOR ( 'NONE', #9994, 1000.000000000000000 ) ;
#429 = VECTOR ( 'NONE', #10475, 1000.000000000000000 ) ;
#430 = DIRECTION ( 'NONE',  ( 0.000000000000000000, 0.000000000000000000, 1.000000000000000000 ) ) ;
#431 = ORIENTED_EDGE ( 'NONE', *, *, #12532, .F. ) ;
#432 = CARTESIAN_POINT ( 'NONE',  ( -43.12151564986267971, 3.000000000000000000, 19.33228327791848145 ) ) ;
#433 = VERTEX_POINT ( 'NONE', #2904 ) ;
#434 = VECTOR ( 'NONE', #9448, 1000.000000000000000 ) ;
#435 = DIRECTION ( 'NONE',  ( -0.6709023663961941608, 0.000000000000000000, 0.7415456929710986245 ) ) ;
#436 = DIRECTION ( 'NONE',  ( -0.000000000000000000, 1.000000000000000000, -0.000000000000000000 ) ) ;
#437 = FACE_OUTER_BOUND ( 'NONE', #11877, .T. ) ;
#438 = PLANE ( 'NONE',  #5191 ) ;
#439 = LINE ( 'NONE', #12660, #5305 ) ;
#440 = DIRECTION ( 'NONE',  ( 0.7353668658178810213, 0.000000000000000000, 0.6776692206801091523 ) ) ;
#441 = VECTOR ( 'NONE', #12704, 1000.000000000000114 ) ;
#442 = DIRECTION ( 'NONE',  ( -0.8725542995139045077, 0.000000000000000000, 0.4885171382866720924 ) ) ;
#443 = AXIS2_PLACEMENT_3D ( 'NONE', #13209, #13072, #2828 ) ;
#444 = ADVANCED_FACE ( 'NONE', ( #5018 ), #4071, .T. ) ;
#445 = EDGE_LOOP ( 'NONE', ( #11360, #3638, #5736, #6031, #4367, #13386, #8304, #3780, #3747, #6904, #1335, #7214, #3351, #3846, #12004, #320, #8090, #10600, #9657, #12587, #1869, #8673, #957, #11962, #7388, #9367, #3486, #10731, #8289, #284, #12960, #5423, #5585, #13360, #8411, #8990, #3860, #13264, #9582 ) ) ;
#446 = EDGE_CURVE ( 'NONE', #85, #7486, #7138, .T. ) ;
#447 = CARTESIAN_POINT ( 'NONE',  ( 50.22000000000002728, 0.000000000000000000, -30.13000000000000611 ) ) ;
#448 = EDGE_LOOP ( 'NONE', ( #7810, #800, #5290, #12407 ) ) ;
#450 = AXIS2_PLACEMENT_3D ( 'NONE', #3424, #31, #7589 ) ;
#449 = CARTESIAN_POINT ( 'NONE',  ( -52.99999999999998579, 0.000000000000000000, 25.54999999999999005 ) ) ;
#451 = VECTOR ( 'NONE', #7275, 1000.000000000000114 ) ;
#452 = CARTESIAN_POINT ( 'NONE',  ( -7.080389865862670717, 2.700000000000000178, 9.559968557918484322 ) ) ;
#453 = AXIS2_PLACEMENT_3D ( 'NONE', #1924, #6088, #8274 ) ;
#454 = EDGE_CURVE ( 'NONE', #12064, #4201, #782, .T. ) ;
#455 = LINE ( 'NONE', #8587, #2825 ) ;
#456 = FACE_OUTER_BOUND ( 'NONE', #2690, .T. ) ;
#457 = ORIENTED_EDGE ( 'NONE', *, *, #9506, .T. ) ;
#458 = CARTESIAN_POINT ( 'NONE',  ( -1.419665625439687329, 2.700000000000000178, -1.435749827895544284 ) ) ;
#459 = CARTESIAN_POINT ( 'NONE',  ( 0.000000000000000000, 3.000000000000000000, 11.68599630991847960 ) ) ;
#460 = CARTESIAN_POINT ( 'NONE',  ( -31.12999999999996348, 0.000000000000000000, -30.13000000000000611 ) ) ;
#461 = EDGE_LOOP ( 'NONE', ( #11526, #8949, #3024, #6940 ) ) ;
#462 = DIRECTION ( 'NONE',  ( 0.7818572825625395017, 0.000000000000000000, 0.6234574481902683818 ) ) ;
#463 = VECTOR ( 'NONE', #2142, 1000.000000000000000 ) ;
#464 = ORIENTED_EDGE ( 'NONE', *, *, #619, .T. ) ;
#465 = ADVANCED_FACE ( 'NONE', ( #6109 ), #10279, .T. ) ;
#466 = LINE ( 'NONE', #11048, #9238 ) ;
#467 = VERTEX_POINT ( 'NONE', #5903 ) ;
#468 = CARTESIAN_POINT ( 'NONE',  ( -0.3984432526009527020, 3.000000000000000000, 3.453297677397028753 ) ) ;
#469 = LINE ( 'NONE', #7919, #3994 ) ;
#470 = VERTEX_POINT ( 'NONE', #917 ) ;
#471 = LINE ( 'NONE', #12973, #1758 ) ;
#472 = CARTESIAN_POINT ( 'NONE',  ( -18.22967516186267289, 3.000000000000000000, 9.599520421918480650 ) ) ;
#473 = ORIENTED_EDGE ( 'NONE', *, *, #616, .F. ) ;
#474 = CARTESIAN_POINT ( 'NONE',  ( -57.99999999999997868, 3.000000000000000000, -51.00000000000000711 ) ) ;
#475 = DIRECTION ( 'NONE',  ( -0.7723925356653188468, 0.000000000000000000, -0.6351454721939684411 ) ) ;
#476 = ORIENTED_EDGE ( 'NONE', *, *, #1689, .F. ) ;
#477 = CARTESIAN_POINT ( 'NONE',  ( -16.46992458832876238, 2.700000000000000178, -6.822096647257405166 ) ) ;
#478 = VECTOR ( 'NONE', #7400, 1000.000000000000000 ) ;
#479 = ORIENTED_EDGE ( 'NONE', *, *, #7970, .F. ) ;
#480 = VECTOR ( 'NONE', #12444, 1000.000000000000000 ) ;
#481 = ORIENTED_EDGE ( 'NONE', *, *, #6810, .F. ) ;
#482 = EDGE_CURVE ( 'NONE', #5113, #11316, #8024, .T. ) ;
#483 = DIRECTION ( 'NONE',  ( 0.9177268442936070691, 0.000000000000000000, -0.3972120834804721001 ) ) ;
#484 = VERTEX_POINT ( 'NONE', #8231 ) ;
#485 = LINE ( 'NONE', #12853, #9573 ) ;
#486 = DIRECTION ( 'NONE',  ( 0.7971419792268318316, 0.000000000000000000, 0.6037919053401835656 ) ) ;
#487 = EDGE_CURVE ( 'NONE', #2161, #2122, #13484, .T. ) ;
#488 = DIRECTION ( 'NONE',  ( -0.3824844415231389849, 0.000000000000000000, -0.9239619321123205831 ) ) ;
#489 = DIRECTION ( 'NONE',  ( 0.000000000000000000, 1.000000000000000000, -0.000000000000000000 ) ) ;
#490 = EDGE_CURVE ( 'NONE', #11959, #9124, #7205, .T. ) ;
#491 = DIRECTION ( 'NONE',  ( -0.8725542995138987346, 0.000000000000000000, -0.4885171382866822509 ) ) ;
#492 = CARTESIAN_POINT ( 'NONE',  ( 3.797969113694924292, 2.700000000000000178, 0.7554676391899947108 ) ) ;
#493 = AXIS2_PLACEMENT_3D ( 'NONE', #6850, #625, #8894 ) ;
#494 = PLANE ( 'NONE',  #3993 ) ;
#495 = VECTOR ( 'NONE', #10572, 1000.000000000000000 ) ;
#496 = CARTESIAN_POINT ( 'NONE',  ( -0.7523882750234133221, 2.700000000000000178, 5.129931009218603677 ) ) ;
#497 = LINE ( 'NONE', #10811, #8068 ) ;
#498 = ORIENTED_EDGE ( 'NONE', *, *, #8148, .F. ) ;
#499 = DIRECTION ( 'NONE',  ( -0.000000000000000000, -0.000000000000000000, 1.000000000000000000 ) ) ;
#500 = VECTOR ( 'NONE', #2229, 1000.000000000000000 ) ;
#501 = EDGE_CURVE ( 'NONE', #10524, #5035, #4946, .T. ) ;
#502 = EDGE_CURVE ( 'NONE', #2886, #664, #10350, .T. ) ;
#503 = AXIS2_PLACEMENT_3D ( 'NONE', #10300, #1833, #4028 ) ;
#504 = FACE_OUTER_BOUND ( 'NONE', #4416, .T. ) ;
#505 = ORIENTED_EDGE ( 'NONE', *, *, #7328, .F. ) ;
#506 = LINE ( 'NONE', #3646, #1740 ) ;
#507 = ORIENTED_EDGE ( 'NONE', *, *, #3292, .T. ) ;
#508 = CARTESIAN_POINT ( 'NONE',  ( -7.278154265862681882, 2.700000000000000178, 0.000000000000000000 ) ) ;
#509 = VECTOR ( 'NONE', #8943, 1000.000000000000000 ) ;
#510 = DIRECTION ( 'NONE',  ( -0.8577573345826228213, 0.000000000000000000, -0.5140548170863826760 ) ) ;
#511 = CARTESIAN_POINT ( 'NONE',  ( -26.99591750150739244, 2.700000000000000178, 21.77088542172115382 ) ) ;
#512 = CARTESIAN_POINT ( 'NONE',  ( -7.278154265862681882, 3.000000000000000000, -0.000000000000000000 ) ) ;
#513 = VECTOR ( 'NONE', #3864, 1000.000000000000000 ) ;
#514 = DIRECTION ( 'NONE',  ( 0.9238814843844337377, 0.000000000000000000, -0.3826787200924754995 ) ) ;
#515 = CARTESIAN_POINT ( 'NONE',  ( 4.306869115042289309, 2.700000000000000178, -4.673561593129384129 ) ) ;
#516 = PLANE ( 'NONE',  #8204 ) ;
#517 = VECTOR ( 'NONE', #7167, 1000.000000000000114 ) ;
#518 = ORIENTED_EDGE ( 'NONE', *, *, #1561, .F. ) ;
#519 = DIRECTION ( 'NONE',  ( -0.6981011568676802614, 0.000000000000000000, 0.7159991443989346394 ) ) ;
#520 = ORIENTED_EDGE ( 'NONE', *, *, #2234, .F. ) ;
#521 = CARTESIAN_POINT ( 'NONE',  ( -2.108361287390029482, 2.700000000000000178, 21.76114791024463457 ) ) ;
#522 = CARTESIAN_POINT ( 'NONE',  ( 14.24494702387393019, 2.700000000000000178, 9.637190500381100478 ) ) ;
#523 = CARTESIAN_POINT ( 'NONE',  ( -18.96590865259803138, 2.700000000000000178, 13.97954491001854649 ) ) ;
#524 = CARTESIAN_POINT ( 'NONE',  ( -13.98503645786268912, 2.700000000000000178, 9.194092733918484583 ) ) ;
#525 = ORIENTED_EDGE ( 'NONE', *, *, #227, .T. ) ;
#526 = EDGE_CURVE ( 'NONE', #995, #9589, #11567, .T. ) ;
#527 = CARTESIAN_POINT ( 'NONE',  ( 8.869769750137326270, 3.000000000000000000, -0.000000000000000000 ) ) ;
#528 = DIRECTION ( 'NONE',  ( -0.9956331021264480663, 0.000000000000000000, 0.09335269653344582808 ) ) ;
#529 = ORIENTED_EDGE ( 'NONE', *, *, #4043, .F. ) ;
#530 = EDGE_CURVE ( 'NONE', #7726, #6646, #3431, .T. ) ;
#531 = CARTESIAN_POINT ( 'NONE',  ( -9.688479137862662682, 2.700000000000000178, 20.43485155791848129 ) ) ;
#532 = EDGE_LOOP ( 'NONE', ( #1189, #165, #5545, #11234 ) ) ;
#533 = ADVANCED_FACE ( 'NONE', ( #12530 ), #1112, .T. ) ;
#534 = EDGE_CURVE ( 'NONE', #11274, #8011, #3167, .T. ) ;
#535 = DIRECTION ( 'NONE',  ( 0.6905166987910833498, 0.000000000000000000, 0.7233164512788744505 ) ) ;
#536 = ADVANCED_FACE ( 'NONE', ( #4195 ), #5484, .T. ) ;
#537 = ORIENTED_EDGE ( 'NONE', *, *, #4675, .T. ) ;
#538 = DIRECTION ( 'NONE',  ( -0.07139984160443882399, 0.000000000000000000, -0.9974477743816270170 ) ) ;
#539 = DIRECTION ( 'NONE',  ( -0.000000000000000000, 1.000000000000000000, -0.000000000000000000 ) ) ;
#540 = ORIENTED_EDGE ( 'NONE', *, *, #8512, .F. ) ;
#541 = CARTESIAN_POINT ( 'NONE',  ( 3.283954239041946721, 2.700000000000000178, 9.507130136786550167 ) ) ;
#542 = DIRECTION ( 'NONE',  ( -0.7223999833020824379, 0.000000000000000000, 0.6914754255395856308 ) ) ;
#543 = EDGE_LOOP ( 'NONE', ( #5690, #4801, #5103, #11782 ) ) ;
#544 = DIRECTION ( 'NONE',  ( 0.1746986879099474421, 0.000000000000000000, 0.9846219418855862715 ) ) ;
#545 = CARTESIAN_POINT ( 'NONE',  ( 3.426465422137319194, 2.700000000000000178, -19.41852365008151438 ) ) ;
#546 = ORIENTED_EDGE ( 'NONE', *, *, #5742, .F. ) ;
#547 = DIRECTION ( 'NONE',  ( 0.5837998310125535051, 0.000000000000000000, 0.8118976273581011149 ) ) ;
#548 = VECTOR ( 'NONE', #4080, 1000.000000000000000 ) ;
#549 = ORIENTED_EDGE ( 'NONE', *, *, #6578, .F. ) ;
#550 = EDGE_CURVE ( 'NONE', #7658, #7112, #8556, .T. ) ;
#551 = ORIENTED_EDGE ( 'NONE', *, *, #129, .T. ) ;
#552 = EDGE_CURVE ( 'NONE', #574, #12182, #1132, .T. ) ;
#553 = DIRECTION ( 'NONE',  ( -0.8737799315618448581, 0.000000000000000000, -0.4863215306767507129 ) ) ;
#554 = ORIENTED_EDGE ( 'NONE', *, *, #10834, .T. ) ;
#555 = VECTOR ( 'NONE', #5853, 1000.000000000000000 ) ;
#556 = LINE ( 'NONE', #2537, #8919 ) ;
#557 = CARTESIAN_POINT ( 'NONE',  ( -4.830205606169936772, 2.700000000000000178, 10.38854079232690353 ) ) ;
#558 = VECTOR ( 'NONE', #10895, 1000.000000000000000 ) ;
#559 = DIRECTION ( 'NONE',  ( 0.7234087041818627606, 0.000000000000000000, -0.6904200509211173564 ) ) ;
#560 = CARTESIAN_POINT ( 'NONE',  ( -57.99999999999997158, 0.000000000000000000, 52.99999999999999289 ) ) ;
#561 = FACE_OUTER_BOUND ( 'NONE', #5110, .T. ) ;
#562 = LINE ( 'NONE', #492, #2962 ) ;
#563 = EDGE_CURVE ( 'NONE', #5796, #8603, #1184, .T. ) ;
#564 = DIRECTION ( 'NONE',  ( -1.000000000000000000, 0.000000000000000000, 0.000000000000000000 ) ) ;
#565 = ORIENTED_EDGE ( 'NONE', *, *, #5255, .F. ) ;
#566 = FACE_OUTER_BOUND ( 'NONE', #8547, .T. ) ;
#567 = CARTESIAN_POINT ( 'NONE',  ( 33.73689807013732889, 2.700000000000000178, 20.48923905391848166 ) ) ;
#568 = ORIENTED_EDGE ( 'NONE', *, *, #809, .T. ) ;
#569 = EDGE_CURVE ( 'NONE', #8792, #12074, #7336, .T. ) ;
#570 = ORIENTED_EDGE ( 'NONE', *, *, #11808, .F. ) ;
#571 = VECTOR ( 'NONE', #8245, 1000.000000000000000 ) ;
#572 = EDGE_CURVE ( 'NONE', #11956, #12241, #11501, .T. ) ;
#573 = EDGE_CURVE ( 'NONE', #12667, #12216, #2405, .T. ) ;
#574 = VERTEX_POINT ( 'NONE', #4388 ) ;
#575 = CARTESIAN_POINT ( 'NONE',  ( 23.46585345972322045, 3.000000000000000000, 29.33153393978102486 ) ) ;
#576 = VECTOR ( 'NONE', #9609, 1000.000000000000000 ) ;
#577 = ORIENTED_EDGE ( 'NONE', *, *, #4322, .F. ) ;
#578 = FACE_OUTER_BOUND ( 'NONE', #5056, .T. ) ;
#579 = CARTESIAN_POINT ( 'NONE',  ( -28.24345955386267804, 2.700000000000000178, 1.728197581918484715 ) ) ;
#580 = CARTESIAN_POINT ( 'NONE',  ( 40.12734503013732024, 2.700000000000000178, 10.20024870991848509 ) ) ;
#581 = CARTESIAN_POINT ( 'NONE',  ( 6.500486030747925525, 2.700000000000000178, 8.880457363435901641 ) ) ;
#582 = EDGE_CURVE ( 'NONE', #12475, #7154, #8358, .T. ) ;
#583 = DIRECTION ( 'NONE',  ( -0.000000000000000000, 1.000000000000000000, -0.000000000000000000 ) ) ;
#584 = EDGE_CURVE ( 'NONE', #12895, #9527, #3369, .T. ) ;
#585 = CARTESIAN_POINT ( 'NONE',  ( -14.61047894586267049, 3.000000000000000000, 19.88851279791847659 ) ) ;
#586 = EDGE_LOOP ( 'NONE', ( #86, #1267, #11890, #4176 ) ) ;
#587 = DIRECTION ( 'NONE',  ( -0.000000000000000000, 1.000000000000000000, -0.000000000000000000 ) ) ;
#588 = ORIENTED_EDGE ( 'NONE', *, *, #13425, .T. ) ;
#589 = CARTESIAN_POINT ( 'NONE',  ( -40.50353358586267660, 2.700000000000000178, 16.54372497391847929 ) ) ;
#590 = DIRECTION ( 'NONE',  ( -0.8439955644044255800, 0.000000000000000000, -0.5363501535989853020 ) ) ;
#591 = LINE ( 'NONE', #1620, #6966 ) ;
#592 = DIRECTION ( 'NONE',  ( 0.5537049410972625374, 0.000000000000000000, 0.8327129386556191282 ) ) ;
#593 = ORIENTED_EDGE ( 'NONE', *, *, #1123, .T. ) ;
#594 = EDGE_CURVE ( 'NONE', #10478, #6212, #4260, .T. ) ;
#595 = DIRECTION ( 'NONE',  ( 1.000000000000000000, -0.000000000000000000, 0.000000000000000000 ) ) ;
#596 = DIRECTION ( 'NONE',  ( 0.7233164512788744505, 0.000000000000000000, -0.6905166987910833498 ) ) ;
#597 = VERTEX_POINT ( 'NONE', #8429 ) ;
#598 = DIRECTION ( 'NONE',  ( -0.9225069732799374700, 0.000000000000000000, 0.3859804195161828377 ) ) ;
#599 = ORIENTED_EDGE ( 'NONE', *, *, #10966, .F. ) ;
#600 = VECTOR ( 'NONE', #9169, 1000.000000000000114 ) ;
#601 = CARTESIAN_POINT ( 'NONE',  ( 60.00000000000002842, 3.000000000000000000, 50.99999999999997868 ) ) ;
#602 = EDGE_CURVE ( 'NONE', #2413, #9508, #1308, .T. ) ;
#603 = ORIENTED_EDGE ( 'NONE', *, *, #4076, .T. ) ;
#604 = LINE ( 'NONE', #4566, #6633 ) ;
#605 = LINE ( 'NONE', #6891, #6603 ) ;
#606 = VERTEX_POINT ( 'NONE', #9519 ) ;
#607 = DIRECTION ( 'NONE',  ( 0.9979642079196563431, 0.000000000000000000, -0.06377648243116727789 ) ) ;
#608 = CARTESIAN_POINT ( 'NONE',  ( -17.41387491386267072, 2.700000000000000178, 9.629187621918481099 ) ) ;
#609 = ORIENTED_EDGE ( 'NONE', *, *, #13018, .T. ) ;
#610 = DIRECTION ( 'NONE',  ( 0.000000000000000000, 0.000000000000000000, -1.000000000000000000 ) ) ;
#611 = DIRECTION ( 'NONE',  ( -0.000000000000000000, 1.000000000000000000, -0.000000000000000000 ) ) ;
#612 = ORIENTED_EDGE ( 'NONE', *, *, #12652, .F. ) ;
#613 = CARTESIAN_POINT ( 'NONE',  ( -2.749224537862673401, 3.000000000000000000, 5.031032733918481270 ) ) ;
#614 = VERTEX_POINT ( 'NONE', #3301 ) ;
#615 = ORIENTED_EDGE ( 'NONE', *, *, #5467, .F. ) ;
#616 = EDGE_CURVE ( 'NONE', #9948, #1022, #7471, .T. ) ;
#617 = DIRECTION ( 'NONE',  ( 0.8447281712566206968, 0.000000000000000000, -0.5351955873187346224 ) ) ;
#618 = ORIENTED_EDGE ( 'NONE', *, *, #3570, .T. ) ;
#619 = EDGE_CURVE ( 'NONE', #1499, #6635, #8623, .T. ) ;
#620 = CARTESIAN_POINT ( 'NONE',  ( -15.02734809455473552, 2.700000000000000178, 26.14510424875141226 ) ) ;
#621 = CARTESIAN_POINT ( 'NONE',  ( 0.000000000000000000, 2.700000000000000178, 3.809801749918482194 ) ) ;
#622 = CARTESIAN_POINT ( 'NONE',  ( -38.93126139386267681, 2.700000000000000178, 13.50053776591848198 ) ) ;
#623 = DIRECTION ( 'NONE',  ( 0.000000000000000000, 0.000000000000000000, -1.000000000000000000 ) ) ;
#624 = DIRECTION ( 'NONE',  ( 0.8861933879638909106, 0.000000000000000000, -0.4633155286940861539 ) ) ;
#625 = DIRECTION ( 'NONE',  ( 0.000000000000000000, 1.000000000000000000, -0.000000000000000000 ) ) ;
#626 = EDGE_CURVE ( 'NONE', #5523, #4435, #221, .T. ) ;
#627 = ORIENTED_EDGE ( 'NONE', *, *, #8062, .T. ) ;
#628 = DIRECTION ( 'NONE',  ( 0.8703411837965182585, 0.000000000000000000, 0.4924492093482081834 ) ) ;
#629 = CARTESIAN_POINT ( 'NONE',  ( -52.99999999999998579, 3.000000000000000000, 29.04999999999999361 ) ) ;
#630 = ORIENTED_EDGE ( 'NONE', *, *, #11808, .T. ) ;
#631 = ORIENTED_EDGE ( 'NONE', *, *, #10157, .F. ) ;
#632 = VECTOR ( 'NONE', #7519, 1000.000000000000000 ) ;
#633 = VECTOR ( 'NONE', #3286, 1000.000000000000114 ) ;
#634 = FACE_OUTER_BOUND ( 'NONE', #7992, .T. ) ;
#635 = ORIENTED_EDGE ( 'NONE', *, *, #4881, .F. ) ;
#636 = LINE ( 'NONE', #4802, #4798 ) ;
#637 = VECTOR ( 'NONE', #10152, 1000.000000000000000 ) ;
#638 = ORIENTED_EDGE ( 'NONE', *, *, #4983, .F. ) ;
#639 = DIRECTION ( 'NONE',  ( 1.000000000000000000, 0.000000000000000000, -0.000000000000000000 ) ) ;
#640 = DIRECTION ( 'NONE',  ( -0.000000000000000000, 1.000000000000000000, -0.000000000000000000 ) ) ;
#641 = EDGE_CURVE ( 'NONE', #9477, #3681, #1046, .T. ) ;
#642 = LINE ( 'NONE', #6997, #6127 ) ;
#643 = VECTOR ( 'NONE', #7044, 1000.000000000000114 ) ;
#644 = DIRECTION ( 'NONE',  ( -0.000000000000000000, 1.000000000000000000, -0.000000000000000000 ) ) ;
#645 = VECTOR ( 'NONE', #1997, 1000.000000000000114 ) ;
#646 = CARTESIAN_POINT ( 'NONE',  ( 44.33242679013732612, 2.700000000000000178, 20.49418290991848224 ) ) ;
#647 = CARTESIAN_POINT ( 'NONE',  ( 31.88033079013731452, 3.000000000000000000, 10.36835302191848740 ) ) ;
#648 = ORIENTED_EDGE ( 'NONE', *, *, #9876, .F. ) ;
#649 = VECTOR ( 'NONE', #8302, 1000.000000000000000 ) ;
#650 = ADVANCED_FACE ( 'NONE', ( #7938 ), #13124, .F. ) ;
#651 = DIRECTION ( 'NONE',  ( -0.000000000000000000, 1.000000000000000000, -0.000000000000000000 ) ) ;
#652 = VERTEX_POINT ( 'NONE', #4662 ) ;
#653 = DIRECTION ( 'NONE',  ( -0.9041311938695204553, 0.000000000000000000, 0.4272549406058115395 ) ) ;
#654 = CARTESIAN_POINT ( 'NONE',  ( -3.667129580639989062, 2.700000000000000178, -1.584072332771111702 ) ) ;
#655 = CARTESIAN_POINT ( 'NONE',  ( 32.50083247013732546, 2.700000000000000178, 0.000000000000000000 ) ) ;
#656 = DIRECTION ( 'NONE',  ( -0.000000000000000000, 1.000000000000000000, -0.000000000000000000 ) ) ;
#658 = ORIENTED_EDGE ( 'NONE', *, *, #6245, .F. ) ;
#657 = EDGE_CURVE ( 'NONE', #8694, #7573, #5814, .T. ) ;
#659 = VECTOR ( 'NONE', #3514, 1000.000000000000114 ) ;
#660 = DIRECTION ( 'NONE',  ( -0.000000000000000000, 1.000000000000000000, -0.000000000000000000 ) ) ;
#661 = DIRECTION ( 'NONE',  ( -0.1976663333700530434, 0.000000000000000000, -0.9802693612737466422 ) ) ;
#662 = ORIENTED_EDGE ( 'NONE', *, *, #5140, .F. ) ;
#663 = CARTESIAN_POINT ( 'NONE',  ( 2.611634688969797669, 2.700000000000000178, 16.01722180069607404 ) ) ;
#664 = VERTEX_POINT ( 'NONE', #3765 ) ;
#665 = VECTOR ( 'NONE', #1752, 999.9999999999998863 ) ;
#666 = AXIS2_PLACEMENT_3D ( 'NONE', #6206, #13513, #947 ) ;
#667 = PLANE ( 'NONE',  #1375 ) ;
#668 = VERTEX_POINT ( 'NONE', #7733 ) ;
#669 = FACE_OUTER_BOUND ( 'NONE', #896, .T. ) ;
#670 = CARTESIAN_POINT ( 'NONE',  ( -25.82899346586267697, 3.000000000000000000, 0.000000000000000000 ) ) ;
#671 = ORIENTED_EDGE ( 'NONE', *, *, #4029, .T. ) ;
#672 = DIRECTION ( 'NONE',  ( -0.3815757523362387493, 0.000000000000000000, 0.9243375710361627640 ) ) ;
#673 = FACE_OUTER_BOUND ( 'NONE', #11506, .T. ) ;
#674 = VERTEX_POINT ( 'NONE', #1376 ) ;
#675 = CARTESIAN_POINT ( 'NONE',  ( 19.20918529062246094, 2.700000000000000178, 18.72900907601855636 ) ) ;
#676 = CARTESIAN_POINT ( 'NONE',  ( -5.960509961862676676, 2.700000000000000178, 1.090463525918483834 ) ) ;
#677 = ORIENTED_EDGE ( 'NONE', *, *, #3164, .F. ) ;
#678 = AXIS2_PLACEMENT_3D ( 'NONE', #1381, #10675, #5617 ) ;
#679 = DIRECTION ( 'NONE',  ( -1.000000000000000000, 0.000000000000000000, 0.000000000000000000 ) ) ;
#680 = ORIENTED_EDGE ( 'NONE', *, *, #2006, .T. ) ;
#681 = ORIENTED_EDGE ( 'NONE', *, *, #288, .T. ) ;
#682 = VECTOR ( 'NONE', #1803, 1000.000000000000000 ) ;
#683 = FACE_BOUND ( 'NONE', #2851, .T. ) ;
#684 = ORIENTED_EDGE ( 'NONE', *, *, #2780, .T. ) ;
#685 = CARTESIAN_POINT ( 'NONE',  ( -4.029232991824351906, 3.000000000000000000, 13.78436599264587237 ) ) ;
#686 = VECTOR ( 'NONE', #10137, 1000.000000000000000 ) ;
#687 = DIRECTION ( 'NONE',  ( -1.000000000000000000, 0.000000000000000000, 0.000000000000000000 ) ) ;
#688 = CARTESIAN_POINT ( 'NONE',  ( 7.756792550137331155, 3.000000000000000000, 2.022288941918483740 ) ) ;
#689 = DIRECTION ( 'NONE',  ( 0.09281742074359616845, 0.000000000000000000, 0.9956831455872425796 ) ) ;
#690 = PLANE ( 'NONE',  #797 ) ;
#691 = DIRECTION ( 'NONE',  ( -0.9696479533249672267, 0.000000000000000000, -0.2445053099887652126 ) ) ;
#692 = ORIENTED_EDGE ( 'NONE', *, *, #990, .T. ) ;
#693 = CARTESIAN_POINT ( 'NONE',  ( -2.846091093244773162, 2.700000000000000178, 3.030069727801930402 ) ) ;
#694 = DIRECTION ( 'NONE',  ( 0.8703411837965182585, 0.000000000000000000, 0.4924492093482081834 ) ) ;
#695 = ORIENTED_EDGE ( 'NONE', *, *, #6902, .F. ) ;
#696 = EDGE_CURVE ( 'NONE', #6328, #5725, #6704, .T. ) ;
#697 = DIRECTION ( 'NONE',  ( -0.8725542995139043967, 0.000000000000000000, 0.4885171382866720924 ) ) ;
#698 = EDGE_CURVE ( 'NONE', #1690, #470, #6769, .T. ) ;
#699 = ORIENTED_EDGE ( 'NONE', *, *, #4753, .F. ) ;
#700 = DATE_AND_TIME ( #6099, #10209 ) ;
#701 = EDGE_CURVE ( 'NONE', #11288, #8019, #9712, .T. ) ;
#702 = VERTEX_POINT ( 'NONE', #9981 ) ;
#703 = EDGE_CURVE ( 'NONE', #4092, #10396, #8890, .T. ) ;
#704 = DIRECTION ( 'NONE',  ( 0.6904200509211172454, 0.000000000000000000, 0.7234087041818627606 ) ) ;
#705 = VECTOR ( 'NONE', #6426, 1000.000000000000000 ) ;
#706 = VERTEX_POINT ( 'NONE', #12991 ) ;
#707 = CARTESIAN_POINT ( 'NONE',  ( -12.89235487386268098, 2.700000000000000178, -18.14268469808152062 ) ) ;
#708 = CARTESIAN_POINT ( 'NONE',  ( 0.7699086768041651929, 2.700000000000000178, 2.539351909453870793 ) ) ;
#709 = PLANE ( 'NONE',  #11597 ) ;
#710 = DIRECTION ( 'NONE',  ( -0.000000000000000000, 1.000000000000000000, -0.000000000000000000 ) ) ;
#711 = LINE ( 'NONE', #8297, #9839 ) ;
#712 = VECTOR ( 'NONE', #4231, 1000.000000000000114 ) ;
#713 = EDGE_CURVE ( 'NONE', #1743, #13061, #8759, .T. ) ;
#714 = PLANE ( 'NONE',  #6126 ) ;
#715 = LINE ( 'NONE', #5839, #10383 ) ;
#716 = VECTOR ( 'NONE', #7565, 1000.000000000000227 ) ;
#717 = ORIENTED_EDGE ( 'NONE', *, *, #3344, .T. ) ;
#718 = VECTOR ( 'NONE', #5040, 1000.000000000000000 ) ;
#719 = CARTESIAN_POINT ( 'NONE',  ( -0.8827826213705834979, 3.000000000000000000, 10.96062298048099315 ) ) ;
#720 = ORIENTED_EDGE ( 'NONE', *, *, #5590, .T. ) ;
#721 = LINE ( 'NONE', #7011, #12554 ) ;
#722 = DIRECTION ( 'NONE',  ( -0.000000000000000000, 1.000000000000000000, -0.000000000000000000 ) ) ;
#723 = VECTOR ( 'NONE', #4286, 1000.000000000000000 ) ;
#724 = CARTESIAN_POINT ( 'NONE',  ( -38.99566461786267269, 3.000000000000000000, 15.04592659791848064 ) ) ;
#725 = CARTESIAN_POINT ( 'NONE',  ( -7.278154265862680106, 2.700000000000000178, 18.96640846991848051 ) ) ;
#726 = ORIENTED_EDGE ( 'NONE', *, *, #288, .F. ) ;
#727 = LINE ( 'NONE', #7150, #5507 ) ;
#728 = DIRECTION ( 'NONE',  ( -0.5584504237620618872, 0.000000000000000000, -0.8295378979889789228 ) ) ;
#729 = ORIENTED_EDGE ( 'NONE', *, *, #1171, .F. ) ;
#730 = VECTOR ( 'NONE', #7187, 1000.000000000000000 ) ;
#731 = EDGE_CURVE ( 'NONE', #6895, #12097, #4518, .T. ) ;
#732 = CARTESIAN_POINT ( 'NONE',  ( -49.69984336186266916, 3.000000000000000000, 19.63635480591848292 ) ) ;
#733 = EDGE_CURVE ( 'NONE', #433, #11562, #8953, .T. ) ;
#734 = ORIENTED_EDGE ( 'NONE', *, *, #10170, .T. ) ;
#735 = EDGE_CURVE ( 'NONE', #12166, #7791, #10941, .T. ) ;
#736 = ORIENTED_EDGE ( 'NONE', *, *, #2964, .F. ) ;
#737 = PLANE ( 'NONE',  #77 ) ;
#738 = EDGE_LOOP ( 'NONE', ( #11004, #12151, #5897, #6511 ) ) ;
#739 = DIRECTION ( 'NONE',  ( -0.9967722461048652560, 0.000000000000000000, -0.08028131410896159614 ) ) ;
#740 = PLANE ( 'NONE',  #3116 ) ;
#741 = VERTEX_POINT ( 'NONE', #11007 ) ;
#742 = CARTESIAN_POINT ( 'NONE',  ( 24.66171175013732508, 2.700000000000000178, 20.48923905391848166 ) ) ;
#743 = LINE ( 'NONE', #4977, #1395 ) ;
#744 = VECTOR ( 'NONE', #2246, 1000.000000000000114 ) ;
#745 = VECTOR ( 'NONE', #7714, 1000.000000000000000 ) ;
#746 = ORIENTED_EDGE ( 'NONE', *, *, #6907, .F. ) ;
#747 = LINE ( 'NONE', #9219, #1357 ) ;
#748 = CARTESIAN_POINT ( 'NONE',  ( -38.93126139386267681, 2.700000000000000178, 3.809801749918482194 ) ) ;
#749 = EDGE_CURVE ( 'NONE', #8684, #10538, #6571, .T. ) ;
#750 = VERTEX_POINT ( 'NONE', #5550 ) ;
#751 = DIRECTION ( 'NONE',  ( 0.000000000000000000, 0.000000000000000000, 1.000000000000000000 ) ) ;
#752 = EDGE_CURVE ( 'NONE', #3079, #4510, #3724, .T. ) ;
#753 = VERTEX_POINT ( 'NONE', #6638 ) ;
#754 = ORIENTED_EDGE ( 'NONE', *, *, #2505, .T. ) ;
#755 = PLANE ( 'NONE',  #7408 ) ;
#756 = ORIENTED_EDGE ( 'NONE', *, *, #2797, .F. ) ;
#757 = CARTESIAN_POINT ( 'NONE',  ( 39.34680336357970987, 3.000000000000000000, -18.14884111477686446 ) ) ;
#758 = CARTESIAN_POINT ( 'NONE',  ( 3.650000000000028333, 0.000000000000000000, -30.13000000000000966 ) ) ;
#759 = CARTESIAN_POINT ( 'NONE',  ( 3.797969113694924292, 2.700000000000000178, 0.7554676391899947108 ) ) ;
#760 = ORIENTED_EDGE ( 'NONE', *, *, #3875, .F. ) ;
#761 = DIRECTION ( 'NONE',  ( 0.000000000000000000, 0.000000000000000000, -1.000000000000000000 ) ) ;
#762 = CARTESIAN_POINT ( 'NONE',  ( 5.907303945361592312, 2.700000000000000178, 8.365148910012226935 ) ) ;
#763 = DIRECTION ( 'NONE',  ( 0.000000000000000000, 0.000000000000000000, 1.000000000000000000 ) ) ;
#764 = ORIENTED_EDGE ( 'NONE', *, *, #11136, .T. ) ;
#765 = CARTESIAN_POINT ( 'NONE',  ( 41.47217343013731750, 2.700000000000000178, 8.447511549918482743 ) ) ;
#766 = CARTESIAN_POINT ( 'NONE',  ( 1.324361319134835790, 2.700000000000000178, 19.90790890796145973 ) ) ;
#767 = ORIENTED_EDGE ( 'NONE', *, *, #9311, .T. ) ;
#768 = CARTESIAN_POINT ( 'NONE',  ( 7.736097907722986555, 3.000000000000000000, 13.81766362285343774 ) ) ;
#769 = AXIS2_PLACEMENT_3D ( 'NONE', #11377, #2016, #7993 ) ;
#770 = ORIENTED_EDGE ( 'NONE', *, *, #12061, .T. ) ;
#771 = AXIS2_PLACEMENT_3D ( 'NONE', #8690, #1588, #624 ) ;
#772 = EDGE_LOOP ( 'NONE', ( #12296, #10644, #7449, #8280 ) ) ;
#773 = CARTESIAN_POINT ( 'NONE',  ( 58.00000000000000711, 0.000000000000000000, 52.99999999999999289 ) ) ;
#774 = EDGE_LOOP ( 'NONE', ( #12452, #6614, #4938, #6475 ) ) ;
#775 = ORIENTED_EDGE ( 'NONE', *, *, #8995, .F. ) ;
#776 = FACE_OUTER_BOUND ( 'NONE', #2157, .T. ) ;
#777 = CARTESIAN_POINT ( 'NONE',  ( 38.36223807013732312, 3.000000000000000000, 11.89859938991848054 ) ) ;
#778 = ADVANCED_FACE ( 'NONE', ( #9775 ), #12924, .T. ) ;
#780 = VECTOR ( 'NONE', #861, 1000.000000000000114 ) ;
#779 = CARTESIAN_POINT ( 'NONE',  ( 0.000000000000000000, 3.000000000000000000, 19.43611339791847925 ) ) ;
#781 = PLANE ( 'NONE',  #7888 ) ;
#782 = LINE ( 'NONE', #1943, #1757 ) ;
#783 = CARTESIAN_POINT ( 'NONE',  ( 0.000000000000000000, 3.000000000000000000, -19.50482573808151088 ) ) ;
#784 = FACE_OUTER_BOUND ( 'NONE', #382, .T. ) ;
#785 = VERTEX_POINT ( 'NONE', #4724 ) ;
#786 = CARTESIAN_POINT ( 'NONE',  ( 22.37000000000002942, 0.000000000000000000, -38.03000000000000824 ) ) ;
#787 = EDGE_CURVE ( 'NONE', #7264, #1537, #5681, .T. ) ;
#788 = ORIENTED_EDGE ( 'NONE', *, *, #11511, .T. ) ;
#789 = FACE_OUTER_BOUND ( 'NONE', #904, .T. ) ;
#790 = PLANE ( 'NONE',  #10674 ) ;
#791 = CARTESIAN_POINT ( 'NONE',  ( -11.00278347434746706, 2.700000000000000178, -3.183552041529388532 ) ) ;
#792 = ORIENTED_EDGE ( 'NONE', *, *, #7970, .T. ) ;
#793 = EDGE_CURVE ( 'NONE', #201, #4250, #11967, .T. ) ;
#794 = CARTESIAN_POINT ( 'NONE',  ( 21.46832410643702360, 3.000000000000000000, 25.75415972664475106 ) ) ;
#795 = CARTESIAN_POINT ( 'NONE',  ( 0.6201297085517072372, 3.000000000000000000, 0.05315886716986783361 ) ) ;
#796 = DIRECTION ( 'NONE',  ( -0.1609265137203548801, 0.000000000000000000, -0.9869663911105648335 ) ) ;
#797 = AXIS2_PLACEMENT_3D ( 'NONE', #762, #12318, #9305 ) ;
#798 = EDGE_LOOP ( 'NONE', ( #11750, #3029, #4616, #12154 ) ) ;
#799 = ADVANCED_FACE ( 'NONE', ( #3695 ), #7866, .T. ) ;
#800 = ORIENTED_EDGE ( 'NONE', *, *, #8872, .F. ) ;
#801 = CARTESIAN_POINT ( 'NONE',  ( -52.49999999999902656, 3.000000000000000000, 46.97000000000000597 ) ) ;
#802 = DIRECTION ( 'NONE',  ( -0.5104856904703860554, 0.000000000000000000, -0.8598862481892435294 ) ) ;
#803 = ORIENTED_EDGE ( 'NONE', *, *, #13495, .T. ) ;
#804 = CARTESIAN_POINT ( 'NONE',  ( 22.37000000000002942, 3.000000000000000000, -38.03000000000000824 ) ) ;
#805 = LINE ( 'NONE', #7985, #8134 ) ;
#806 = EDGE_LOOP ( 'NONE', ( #11484, #6379, #5085, #7662 ) ) ;
#807 = DIRECTION ( 'NONE',  ( -0.9839416328527620381, 0.000000000000000000, 0.1784905127423875582 ) ) ;
#808 = CARTESIAN_POINT ( 'NONE',  ( -7.285572081862667915, 3.000000000000000000, 13.19399532591848079 ) ) ;
#809 = EDGE_CURVE ( 'NONE', #10220, #10198, #9160, .T. ) ;
#810 = ADVANCED_FACE ( 'NONE', ( #4991 ), #1987, .T. ) ;
#811 = AXIS2_PLACEMENT_3D ( 'NONE', #3812, #3882, #1967 ) ;
#812 = EDGE_LOOP ( 'NONE', ( #6625, #2326, #8212, #10371, #457, #9754, #9748, #12382, #12077, #12029, #12330, #4451, #9636, #4316, #12259, #13161, #13070, #12849, #3483, #9887, #9913, #297, #803, #11784, #10297, #4783 ) ) ;
#813 = CARTESIAN_POINT ( 'NONE',  ( 12.62887253428208290, 3.000000000000000000, 22.31992185762806713 ) ) ;
#814 = DIRECTION ( 'NONE',  ( -0.000000000000000000, 1.000000000000000000, -0.000000000000000000 ) ) ;
#815 = ORIENTED_EDGE ( 'NONE', *, *, #2483, .T. ) ;
#816 = EDGE_CURVE ( 'NONE', #929, #6965, #4047, .T. ) ;
#817 = CARTESIAN_POINT ( 'NONE',  ( 21.60524135813732372, 2.700000000000000178, 13.26551867791848416 ) ) ;
#818 = VERTEX_POINT ( 'NONE', #6908 ) ;
#819 = ORIENTED_EDGE ( 'NONE', *, *, #12756, .T. ) ;
#820 = CARTESIAN_POINT ( 'NONE',  ( -40.88297808986267512, 2.700000000000000178, 17.53786979791847855 ) ) ;
#821 = ORIENTED_EDGE ( 'NONE', *, *, #3122, .T. ) ;
#822 = DIRECTION ( 'NONE',  ( 0.9807865883708349886, 0.000000000000000000, 0.1950837463037299602 ) ) ;
#823 = EDGE_CURVE ( 'NONE', #7837, #4481, #6084, .T. ) ;
#824 = VECTOR ( 'NONE', #8220, 1000.000000000000000 ) ;
#825 = PLANE ( 'NONE',  #1986 ) ;
#826 = CARTESIAN_POINT ( 'NONE',  ( -59.99999999999998579, 3.000000000000000000, 29.04999999999999361 ) ) ;
#827 = ORIENTED_EDGE ( 'NONE', *, *, #5838, .F. ) ;
#828 = PLANE ( 'NONE',  #453 ) ;
#829 = LINE ( 'NONE', #1713, #7376 ) ;
#830 = ORIENTED_EDGE ( 'NONE', *, *, #7002, .T. ) ;
#831 = DIRECTION ( 'NONE',  ( -0.8285237802757255965, 0.000000000000000000, -0.5599538780271292593 ) ) ;
#832 = DIRECTION ( 'NONE',  ( -0.9234200574215858381, 0.000000000000000000, 0.3837908252570857992 ) ) ;
#833 = ORIENTED_EDGE ( 'NONE', *, *, #8662, .F. ) ;
#834 = ADVANCED_FACE ( 'NONE', ( #5880 ), #825, .T. ) ;
#835 = APPROVAL_PERSON_ORGANIZATION ( #5893, #6013, #1723 ) ;
#836 = LINE ( 'NONE', #2958, #11311 ) ;
#837 = ORIENTED_EDGE ( 'NONE', *, *, #787, .T. ) ;
#838 = VERTEX_POINT ( 'NONE', #6149 ) ;
#839 = CARTESIAN_POINT ( 'NONE',  ( -14.09184853786266167, 3.000000000000000000, 16.07434313391848235 ) ) ;
#840 = EDGE_LOOP ( 'NONE', ( #6197, #3258, #5299, #8537 ) ) ;
#841 = ORIENTED_EDGE ( 'NONE', *, *, #11255, .T. ) ;
#842 = CARTESIAN_POINT ( 'NONE',  ( 12.60268583013733235, 3.000000000000000000, 16.74891125391848234 ) ) ;
#843 = DIRECTION ( 'NONE',  ( -0.5584504237620572242, 0.000000000000000000, -0.8295378979889819204 ) ) ;
#844 = LINE ( 'NONE', #11570, #5483 ) ;
#845 = CARTESIAN_POINT ( 'NONE',  ( 24.91882071013731803, 2.700000000000000178, 0.7641426139184834820 ) ) ;
#846 = DIRECTION ( 'NONE',  ( 0.000000000000000000, 0.000000000000000000, 1.000000000000000000 ) ) ;
#847 = LINE ( 'NONE', #12056, #10490 ) ;
#848 = VECTOR ( 'NONE', #1778, 1000.000000000000000 ) ;
#849 = CARTESIAN_POINT ( 'NONE',  ( 41.47217343013731750, 3.000000000000000000, 8.447511549918482743 ) ) ;
#850 = VERTEX_POINT ( 'NONE', #12377 ) ;
#851 = DIRECTION ( 'NONE',  ( -0.000000000000000000, -0.000000000000000000, 1.000000000000000000 ) ) ;
#852 = ORIENTED_EDGE ( 'NONE', *, *, #6056, .F. ) ;
#853 = VECTOR ( 'NONE', #11347, 1000.000000000000000 ) ;
#854 = DIRECTION ( 'NONE',  ( -0.9238814843844338487, 0.000000000000000000, -0.3826787200924756105 ) ) ;
#855 = VECTOR ( 'NONE', #8881, 1000.000000000000000 ) ;
#856 = CARTESIAN_POINT ( 'NONE',  ( -14.88241337786267060, 2.700000000000000178, 10.22497002191848381 ) ) ;
#857 = CARTESIAN_POINT ( 'NONE',  ( 38.36223807013732312, 2.700000000000000178, 0.000000000000000000 ) ) ;
#858 = ORIENTED_EDGE ( 'NONE', *, *, #279, .F. ) ;
#859 = DIRECTION ( 'NONE',  ( 0.6881667630895266230, 0.000000000000000000, 0.7255525523205630378 ) ) ;
#860 = LINE ( 'NONE', #6942, #3075 ) ;
#861 = DIRECTION ( 'NONE',  ( 0.9141451399298767821, 0.000000000000000000, -0.4053870534965144379 ) ) ;
#862 = ADVANCED_FACE ( 'NONE', ( #5130 ), #13325, .T. ) ;
#863 = AXIS2_PLACEMENT_3D ( 'NONE', #11983, #6652, #6787 ) ;
#864 = EDGE_CURVE ( 'NONE', #6721, #979, #10324, .T. ) ;
#865 = ORIENTED_EDGE ( 'NONE', *, *, #3986, .F. ) ;
#866 = EDGE_CURVE ( 'NONE', #8879, #10381, #8270, .T. ) ;
#867 = ORIENTED_EDGE ( 'NONE', *, *, #4089, .F. ) ;
#868 = FACE_OUTER_BOUND ( 'NONE', #3144, .T. ) ;
#869 = CARTESIAN_POINT ( 'NONE',  ( -9.363830308180757456, 3.000000000000000000, 3.878642856458669463 ) ) ;
#870 = VERTEX_POINT ( 'NONE', #7048 ) ;
#871 = CARTESIAN_POINT ( 'NONE',  ( -27.86602368186266787, 2.700000000000000178, 20.43485257391848720 ) ) ;
#872 = DIRECTION ( 'NONE',  ( -0.000000000000000000, 1.000000000000000000, -0.000000000000000000 ) ) ;
#873 = ORIENTED_EDGE ( 'NONE', *, *, #1500, .F. ) ;
#874 = LINE ( 'NONE', #3885, #2641 ) ;
#875 = LINE ( 'NONE', #8126, #4886 ) ;
#876 = EDGE_LOOP ( 'NONE', ( #9902, #2738, #12047, #13255 ) ) ;
#877 = DIRECTION ( 'NONE',  ( 1.000000000000000000, 0.000000000000000000, -0.000000000000000000 ) ) ;
#878 = LINE ( 'NONE', #5052, #8921 ) ;
#879 = ORIENTED_EDGE ( 'NONE', *, *, #2632, .F. ) ;
#880 = FACE_OUTER_BOUND ( 'NONE', #2872, .T. ) ;
#881 = VECTOR ( 'NONE', #12206, 1000.000000000000000 ) ;
#882 = VECTOR ( 'NONE', #7940, 1000.000000000000227 ) ;
#883 = EDGE_LOOP ( 'NONE', ( #2928, #11328, #1660, #12803 ) ) ;
#884 = EDGE_LOOP ( 'NONE', ( #2814, #9289, #1268, #7447 ) ) ;
#885 = FACE_OUTER_BOUND ( 'NONE', #11294, .T. ) ;
#886 = ORIENTED_EDGE ( 'NONE', *, *, #8600, .F. ) ;
#887 = DIRECTION ( 'NONE',  ( -1.000000000000000000, -0.000000000000000000, -0.000000000000000000 ) ) ;
#888 = AXIS2_PLACEMENT_3D ( 'NONE', #10185, #5946, #3973 ) ;
#889 = DIRECTION ( 'NONE',  ( 1.000000000000000000, 0.000000000000000000, 1.853337046983768581E-16 ) ) ;
#890 = CARTESIAN_POINT ( 'NONE',  ( 19.31451391013732533, 3.000000000000000000, 18.31871151791847296 ) ) ;
#891 = ORIENTED_EDGE ( 'NONE', *, *, #6545, .F. ) ;
#892 = DIRECTION ( 'NONE',  ( -0.7364117514812725807, 0.000000000000000000, 0.6765336150408820526 ) ) ;
#893 = CARTESIAN_POINT ( 'NONE',  ( 13.43084775013732468, 3.000000000000000000, 10.84052886191847875 ) ) ;
#894 = VECTOR ( 'NONE', #2767, 1000.000000000000000 ) ;
#895 = VECTOR ( 'NONE', #1764, 1000.000000000000000 ) ;
#896 = EDGE_LOOP ( 'NONE', ( #6486, #5058, #6188, #9604 ) ) ;
#897 = CARTESIAN_POINT ( 'NONE',  ( -40.23654402586267054, 3.000000000000000000, 18.86999616591847939 ) ) ;
#898 = DIRECTION ( 'NONE',  ( 0.4899443130649582256, 0.000000000000000000, 0.8717537324814309541 ) ) ;
#899 = ORIENTED_EDGE ( 'NONE', *, *, #1561, .T. ) ;
#900 = ADVANCED_FACE ( 'NONE', ( #6974 ), #9233, .T. ) ;
#901 = LINE ( 'NONE', #4867, #4967 ) ;
#902 = VECTOR ( 'NONE', #1477, 1000.000000000000000 ) ;
#903 = EDGE_CURVE ( 'NONE', #180, #1955, #7178, .T. ) ;
#904 = EDGE_LOOP ( 'NONE', ( #7543, #1829, #1565, #7657 ) ) ;
#905 = VECTOR ( 'NONE', #8458, 1000.000000000000000 ) ;
#906 = ADVANCED_FACE ( 'NONE', ( #8142 ), #8070, .T. ) ;
#907 = CALENDAR_DATE ( 2025, 26, 4 ) ;
#908 = EDGE_LOOP ( 'NONE', ( #8266, #11128, #7196, #5141, #6467, #234, #4700, #7277, #6502, #2272, #11763, #13025, #8821, #717, #6154, #3088 ) ) ;
#909 = EDGE_CURVE ( 'NONE', #2162, #1062, #961, .T. ) ;
#910 = CARTESIAN_POINT ( 'NONE',  ( 34.29427271049090109, 2.700000000000000178, -13.63204369793061588 ) ) ;
#911 = ORIENTED_EDGE ( 'NONE', *, *, #10746, .F. ) ;
#912 = ORIENTED_EDGE ( 'NONE', *, *, #13083, .T. ) ;
#913 = DIRECTION ( 'NONE',  ( 0.000000000000000000, 0.000000000000000000, 1.000000000000000000 ) ) ;
#914 = CARTESIAN_POINT ( 'NONE',  ( 12.56313295013731590, 2.700000000000000178, 19.16417896591848802 ) ) ;
#915 = CARTESIAN_POINT ( 'NONE',  ( -15.56894896186265953, 2.700000000000000178, 16.52932825391847871 ) ) ;
#916 = DIRECTION ( 'NONE',  ( -0.000000000000000000, 1.000000000000000000, -0.000000000000000000 ) ) ;
#917 = CARTESIAN_POINT ( 'NONE',  ( -39.22297226586267271, 3.000000000000000000, 16.57586308591848123 ) ) ;
#918 = LINE ( 'NONE', #4072, #9292 ) ;
#919 = EDGE_CURVE ( 'NONE', #5254, #340, #13191, .T. ) ;
#920 = EDGE_CURVE ( 'NONE', #3524, #6251, #7117, .T. ) ;
#921 = EDGE_CURVE ( 'NONE', #104, #4792, #10119, .T. ) ;
#922 = VECTOR ( 'NONE', #1355, 999.9999999999998863 ) ;
#923 = ORIENTED_EDGE ( 'NONE', *, *, #3704, .F. ) ;
#924 = DIRECTION ( 'NONE',  ( -0.9966915990134757042, 0.000000000000000000, 0.08127642004887321303 ) ) ;
#925 = EDGE_LOOP ( 'NONE', ( #1415, #257, #12722, #12883 ) ) ;
#926 = VECTOR ( 'NONE', #9335, 1000.000000000000114 ) ;
#927 = LINE ( 'NONE', #10420, #3383 ) ;
#928 = CARTESIAN_POINT ( 'NONE',  ( -17.78222266586267608, 2.700000000000000178, 9.599520421918480650 ) ) ;
#929 = VERTEX_POINT ( 'NONE', #13258 ) ;
#930 = VECTOR ( 'NONE', #763, 1000.000000000000000 ) ;
#931 = VECTOR ( 'NONE', #10436, 1000.000000000000000 ) ;
#932 = CARTESIAN_POINT ( 'NONE',  ( -7.278154265862680994, 3.000000000000000000, 17.48807766991848212 ) ) ;
#933 = LINE ( 'NONE', #8037, #13316 ) ;
#934 = LINE ( 'NONE', #5923, #13211 ) ;
#935 = VECTOR ( 'NONE', #4458, 1000.000000000000114 ) ;
#936 = ORIENTED_EDGE ( 'NONE', *, *, #9136, .F. ) ;
#937 = APPLICATION_CONTEXT ( 'configuration controlled 3d designs of mechanical parts and assemblies' ) ;
#938 = VECTOR ( 'NONE', #7626, 1000.000000000000000 ) ;
#939 = VERTEX_POINT ( 'NONE', #3899 ) ;
#940 = DIRECTION ( 'NONE',  ( 0.000000000000000000, 0.000000000000000000, 1.000000000000000000 ) ) ;
#941 = FACE_OUTER_BOUND ( 'NONE', #7793, .T. ) ;
#942 = VERTEX_POINT ( 'NONE', #12239 ) ;
#943 = CARTESIAN_POINT ( 'NONE',  ( 58.00000000000002132, 3.000000000000000000, -51.00000000000000711 ) ) ;
#944 = FACE_OUTER_BOUND ( 'NONE', #4356, .T. ) ;
#945 = ORIENTED_EDGE ( 'NONE', *, *, #3950, .F. ) ;
#947 = DIRECTION ( 'NONE',  ( 0.000000000000000000, 0.000000000000000000, 1.000000000000000000 ) ) ;
#946 = VECTOR ( 'NONE', #4667, 1000.000000000000114 ) ;
#948 = LINE ( 'NONE', #2790, #12537 ) ;
#949 = EDGE_LOOP ( 'NONE', ( #8339, #10368, #9674, #6576 ) ) ;
#950 = LINE ( 'NONE', #10378, #8805 ) ;
#951 = DIRECTION ( 'NONE',  ( -0.000000000000000000, 1.000000000000000000, -0.000000000000000000 ) ) ;
#952 = ORIENTED_EDGE ( 'NONE', *, *, #6072, .T. ) ;
#953 = CARTESIAN_POINT ( 'NONE',  ( 7.557067270137327597, 2.700000000000000178, 0.5737889179184829658 ) ) ;
#954 = ORIENTED_EDGE ( 'NONE', *, *, #4405, .T. ) ;
#955 = VECTOR ( 'NONE', #12072, 1000.000000000000114 ) ;
#956 = CARTESIAN_POINT ( 'NONE',  ( 31.82841319013732928, 2.700000000000000178, 1.080574797918485430 ) ) ;
#957 = ORIENTED_EDGE ( 'NONE', *, *, #2995, .T. ) ;
#958 = EDGE_CURVE ( 'NONE', #10220, #1221, #1851, .T. ) ;
#959 = VECTOR ( 'NONE', #10439, 1000.000000000000000 ) ;
#960 = LINE ( 'NONE', #9093, #5431 ) ;
#961 = LINE ( 'NONE', #2803, #3943 ) ;
#962 = CARTESIAN_POINT ( 'NONE',  ( -52.50000000000000711, 0.000000000000000000, -45.26999999999998892 ) ) ;
#963 = ORIENTED_EDGE ( 'NONE', *, *, #976, .T. ) ;
#964 = FACE_BOUND ( 'NONE', #6100, .T. ) ;
#965 = LINE ( 'NONE', #5950, #5626 ) ;
#966 = ORIENTED_EDGE ( 'NONE', *, *, #3535, .F. ) ;
#967 = CARTESIAN_POINT ( 'NONE',  ( -12.94766591386267152, 2.700000000000000178, 13.82809616591848112 ) ) ;
#968 = CARTESIAN_POINT ( 'NONE',  ( 37.12618263013732189, 2.700000000000000178, 20.48923905391848166 ) ) ;
#969 = VERTEX_POINT ( 'NONE', #9360 ) ;
#970 = CARTESIAN_POINT ( 'NONE',  ( -51.77395757786267438, 2.700000000000000178, 3.809801749918482194 ) ) ;
#971 = ADVANCED_FACE ( 'NONE', ( #5195 ), #4307, .T. ) ;
#972 = ADVANCED_FACE ( 'NONE', ( #2188 ), #10588, .F. ) ;
#973 = ORIENTED_EDGE ( 'NONE', *, *, #56, .F. ) ;
#974 = APPROVAL_DATE_TIME ( #700, #1244 ) ;
#975 = VERTEX_POINT ( 'NONE', #10451 ) ;
#976 = EDGE_CURVE ( 'NONE', #13086, #9128, #6, .T. ) ;
#977 = LINE ( 'NONE', #4939, #11785 ) ;
#978 = ORIENTED_EDGE ( 'NONE', *, *, #9016, .F. ) ;
#979 = VERTEX_POINT ( 'NONE', #3149 ) ;
#980 = CARTESIAN_POINT ( 'NONE',  ( 2.075230450569633067, 2.700000000000000178, 22.13292393099385791 ) ) ;
#981 = CARTESIAN_POINT ( 'NONE',  ( 0.000000000000000000, 3.000000000000000000, -19.50482065808152043 ) ) ;
#982 = CARTESIAN_POINT ( 'NONE',  ( -11.77881339186346388, 2.700000000000000178, -4.829495474866667415 ) ) ;
#983 = CARTESIAN_POINT ( 'NONE',  ( -11.33738719386267135, 2.700000000000000178, -18.47889433808151693 ) ) ;
#984 = LINE ( 'NONE', #5215, #2429 ) ;
#985 = LINE ( 'NONE', #8096, #5258 ) ;
#986 = ADVANCED_FACE ( 'NONE', ( #1166 ), #2320, .T. ) ;
#987 = EDGE_CURVE ( 'NONE', #12250, #6721, #2060, .T. ) ;
#988 = ORIENTED_EDGE ( 'NONE', *, *, #5538, .F. ) ;
#989 = LINE ( 'NONE', #9264, #8099 ) ;
#990 = EDGE_CURVE ( 'NONE', #4968, #6297, #10390, .T. ) ;
#991 = VECTOR ( 'NONE', #8176, 999.9999999999998863 ) ;
#992 = VERTEX_POINT ( 'NONE', #12443 ) ;
#993 = LINE ( 'NONE', #7080, #13299 ) ;
#994 = VECTOR ( 'NONE', #12896, 1000.000000000000000 ) ;
#995 = VERTEX_POINT ( 'NONE', #12641 ) ;
#996 = DIRECTION ( 'NONE',  ( -0.000000000000000000, 1.000000000000000000, -0.000000000000000000 ) ) ;
#997 = EDGE_CURVE ( 'NONE', #10201, #11475, #5462, .T. ) ;
#998 = AXIS2_PLACEMENT_3D ( 'NONE', #8170, #2978, #11032 ) ;
#999 = DIRECTION ( 'NONE',  ( 0.6110636708215183566, 0.000000000000000000, 0.7915814488744231658 ) ) ;
#1000 = ORIENTED_EDGE ( 'NONE', *, *, #5769, .T. ) ;
#1001 = EDGE_CURVE ( 'NONE', #2267, #12729, #139, .T. ) ;
#1002 = DIRECTION ( 'NONE',  ( -0.8262222383003908766, 0.000000000000000000, -0.5633443111791331948 ) ) ;
#1003 = CARTESIAN_POINT ( 'NONE',  ( -1.749486256784396732, 2.700000000000000178, -1.925128287322503073 ) ) ;
#1004 = DIRECTION ( 'NONE',  ( 0.3910582461686524236, 0.000000000000000000, 0.9203659316290980774 ) ) ;
#1005 = ORIENTED_EDGE ( 'NONE', *, *, #9557, .T. ) ;
#1006 = ORIENTED_EDGE ( 'NONE', *, *, #7712, .T. ) ;
#1007 = FACE_OUTER_BOUND ( 'NONE', #7546, .T. ) ;
#1009 = EDGE_CURVE ( 'NONE', #13334, #8669, #3215, .T. ) ;
#1008 = PLANE ( 'NONE',  #7492 ) ;
#1010 = ORIENTED_EDGE ( 'NONE', *, *, #8761, .F. ) ;
#1011 = CARTESIAN_POINT ( 'NONE',  ( 44.33242679013732612, 3.000000000000000000, 20.49418290991848224 ) ) ;
#1012 = CARTESIAN_POINT ( 'NONE',  ( -31.12432085130204484, 2.700000000000000178, -12.89212301481553880 ) ) ;
#1013 = ORIENTED_EDGE ( 'NONE', *, *, #7303, .T. ) ;
#1014 = LINE ( 'NONE', #6136, #1557 ) ;
#1015 = CARTESIAN_POINT ( 'NONE',  ( -16.46992458832876238, 2.700000000000000178, -6.822096647257405166 ) ) ;
#1016 = ORIENTED_EDGE ( 'NONE', *, *, #8305, .T. ) ;
#1017 = CARTESIAN_POINT ( 'NONE',  ( 21.59897927667693196, 2.700000000000000178, -21.36269685626415082 ) ) ;
#1018 = LINE ( 'NONE', #5386, #1953 ) ;
#1019 = ORIENTED_EDGE ( 'NONE', *, *, #10248, .T. ) ;
#1020 = VECTOR ( 'NONE', #11090, 999.9999999999998863 ) ;
#1021 = CARTESIAN_POINT ( 'NONE',  ( 12.31099121413732789, 2.700000000000000178, 14.57096793391847989 ) ) ;
#1022 = VERTEX_POINT ( 'NONE', #4368 ) ;
#1023 = ADVANCED_FACE ( 'NONE', ( #1231 ), #8538, .T. ) ;
#1024 = CARTESIAN_POINT ( 'NONE',  ( -51.71957109786267637, 2.700000000000000178, 15.18899971791848102 ) ) ;
#1025 = ORIENTED_EDGE ( 'NONE', *, *, #7551, .F. ) ;
#1026 = CARTESIAN_POINT ( 'NONE',  ( 21.59897927667693196, 2.700000000000000178, -21.36269685626415082 ) ) ;
#1027 = CARTESIAN_POINT ( 'NONE',  ( 9.186202950137332124, 3.000000000000000000, -0.000000000000000000 ) ) ;
#1028 = CARTESIAN_POINT ( 'NONE',  ( -21.67087528986267841, 2.700000000000000178, 0.000000000000000000 ) ) ;
#1029 = ORIENTED_EDGE ( 'NONE', *, *, #8761, .T. ) ;
#1030 = FACE_BOUND ( 'NONE', #5520, .T. ) ;
#1031 = PLANE ( 'NONE',  #2141 ) ;
#1032 = ORIENTED_EDGE ( 'NONE', *, *, #7800, .T. ) ;
#1033 = LINE ( 'NONE', #1928, #730 ) ;
#1034 = DIRECTION ( 'NONE',  ( 1.000000000000000000, -0.000000000000000000, 0.000000000000000000 ) ) ;
#1035 = ORIENTED_EDGE ( 'NONE', *, *, #9813, .F. ) ;
#1036 = FACE_OUTER_BOUND ( 'NONE', #5860, .T. ) ;
#1037 = EDGE_CURVE ( 'NONE', #8481, #7861, #3279, .T. ) ;
#1038 = EDGE_CURVE ( 'NONE', #664, #6157, #267, .T. ) ;
#1040 = ORIENTED_EDGE ( 'NONE', *, *, #987, .T. ) ;
#1039 = EDGE_CURVE ( 'NONE', #12432, #995, #8409, .T. ) ;
#1041 = ORIENTED_EDGE ( 'NONE', *, *, #7463, .F. ) ;
#1042 = CARTESIAN_POINT ( 'NONE',  ( -7.278154265862680106, 2.700000000000000178, 18.96640846991848051 ) ) ;
#1043 = ADVANCED_FACE ( 'NONE', ( #11621 ), #9561, .T. ) ;
#1044 = AXIS2_PLACEMENT_3D ( 'NONE', #9795, #11094, #4609 ) ;
#1045 = ORIENTED_EDGE ( 'NONE', *, *, #10170, .F. ) ;
#1046 = LINE ( 'NONE', #5211, #6805 ) ;
#1047 = CARTESIAN_POINT ( 'NONE',  ( -50.81971716986267040, 2.700000000000000178, 18.38793159791848097 ) ) ;
#1048 = CARTESIAN_POINT ( 'NONE',  ( 24.76764092613733226, 2.700000000000000178, -18.31854718608151700 ) ) ;
#1049 = CARTESIAN_POINT ( 'NONE',  ( -12.06042359386266583, 2.700000000000000178, -19.39778099408151490 ) ) ;
#1050 = CARTESIAN_POINT ( 'NONE',  ( 13.75586833502910444, 2.700000000000000178, -5.844790165257037096 ) ) ;
#1051 = ORIENTED_EDGE ( 'NONE', *, *, #9855, .T. ) ;
#1052 = ORIENTED_EDGE ( 'NONE', *, *, #12968, .T. ) ;
#1053 = FACE_OUTER_BOUND ( 'NONE', #4847, .T. ) ;
#1054 = ORIENTED_EDGE ( 'NONE', *, *, #13073, .T. ) ;
#1055 = ADVANCED_FACE ( 'NONE', ( #9627 ), #4439, .T. ) ;
#1056 = DIRECTION ( 'NONE',  ( -0.9966915990134757042, 0.000000000000000000, 0.08127642004887322691 ) ) ;
#1057 = ORIENTED_EDGE ( 'NONE', *, *, #9820, .T. ) ;
#1058 = DIRECTION ( 'NONE',  ( 0.5555733586812512392, 0.000000000000000000, -0.8314675237937040331 ) ) ;
#1059 = EDGE_CURVE ( 'NONE', #3505, #12618, #1354, .T. ) ;
#1060 = CARTESIAN_POINT ( 'NONE',  ( -48.42654847386268102, 2.700000000000000178, 18.98695097391848208 ) ) ;
#1061 = VECTOR ( 'NONE', #12376, 1000.000000000000000 ) ;
#1062 = VERTEX_POINT ( 'NONE', #12778 ) ;
#1063 = FACE_OUTER_BOUND ( 'NONE', #7022, .T. ) ;
#1064 = CARTESIAN_POINT ( 'NONE',  ( -50.19179665786266753, 3.000000000000000000, 16.55114177391848074 ) ) ;
#1065 = DIRECTION ( 'NONE',  ( -0.5906632831508652481, 0.000000000000000000, -0.8069181407908988524 ) ) ;
#1066 = ADVANCED_FACE ( 'NONE', ( #8809 ), #9758, .T. ) ;
#1067 = ORIENTED_EDGE ( 'NONE', *, *, #6578, .T. ) ;
#1068 = AXIS2_PLACEMENT_3D ( 'NONE', #1982, #6146, #617 ) ;
#1069 = VECTOR ( 'NONE', #11759, 1000.000000000000114 ) ;
#1070 = VERTEX_POINT ( 'NONE', #5528 ) ;
#1071 = EDGE_CURVE ( 'NONE', #4603, #5039, #4638, .T. ) ;
#1072 = DIRECTION ( 'NONE',  ( -1.000000000000000000, 0.000000000000000000, 0.000000000000000000 ) ) ;
#1073 = CARTESIAN_POINT ( 'NONE',  ( -27.67072714586268489, 3.000000000000000000, 18.39287545391848155 ) ) ;
#1074 = AXIS2_PLACEMENT_3D ( 'NONE', #9198, #12068, #10083 ) ;
#1075 = LINE ( 'NONE', #5246, #4074 ) ;
#1076 = LINE ( 'NONE', #4157, #3332 ) ;
#1077 = VERTEX_POINT ( 'NONE', #6750 ) ;
#1078 = PLANE ( 'NONE',  #4610 ) ;
#1079 = DIRECTION ( 'NONE',  ( -0.9961244875630551610, 0.000000000000000000, 0.08795456370900138487 ) ) ;
#1080 = ORIENTED_EDGE ( 'NONE', *, *, #816, .T. ) ;
#1081 = LINE ( 'NONE', #192, #6855 ) ;
#1082 = DIRECTION ( 'NONE',  ( -1.000000000000000000, 0.000000000000000000, 0.000000000000000000 ) ) ;
#1083 = VECTOR ( 'NONE', #6167, 1000.000000000000000 ) ;
#1084 = EDGE_LOOP ( 'NONE', ( #7368, #1604, #7227, #2949 ) ) ;
#1085 = VECTOR ( 'NONE', #1659, 1000.000000000000000 ) ;
#1086 = CARTESIAN_POINT ( 'NONE',  ( 2.078845054137320680, 3.000000000000000000, -18.47889433808151338 ) ) ;
#1087 = VERTEX_POINT ( 'NONE', #3676 ) ;
#1088 = LINE ( 'NONE', #6352, #10679 ) ;
#1089 = ORIENTED_EDGE ( 'NONE', *, *, #6712, .F. ) ;
#1090 = VECTOR ( 'NONE', #5010, 1000.000000000000000 ) ;
#1091 = DIRECTION ( 'NONE',  ( 0.9953820119492325924, 0.000000000000000000, -0.09599296999206662073 ) ) ;
#1092 = VERTEX_POINT ( 'NONE', #2452 ) ;
#1093 = DIRECTION ( 'NONE',  ( -0.5497301800669212035, 0.000000000000000000, 0.8353422826144923929 ) ) ;
#1094 = CARTESIAN_POINT ( 'NONE',  ( 9.186202950137332124, 3.000000000000000000, 20.48923905391848166 ) ) ;
#1095 = ORIENTED_EDGE ( 'NONE', *, *, #2414, .F. ) ;
#1096 = DIRECTION ( 'NONE',  ( -0.000000000000000000, 1.000000000000000000, -0.000000000000000000 ) ) ;
#1097 = DIRECTION ( 'NONE',  ( 0.9964895797033226366, 0.000000000000000000, -0.08371688923207347421 ) ) ;
#1098 = ORIENTED_EDGE ( 'NONE', *, *, #13224, .F. ) ;
#1099 = CARTESIAN_POINT ( 'NONE',  ( 22.04668428674053970, 3.000000000000000000, 3.052994401514485201 ) ) ;
#1100 = DIRECTION ( 'NONE',  ( -0.09225201146487579940, 0.000000000000000000, -0.9957356910248243986 ) ) ;
#1101 = ORIENTED_EDGE ( 'NONE', *, *, #6647, .F. ) ;
#1102 = AXIS2_PLACEMENT_3D ( 'NONE', #8243, #10564, #8446 ) ;
#1103 = AXIS2_PLACEMENT_3D ( 'NONE', #13418, #13479, #5153 ) ;
#1104 = VERTEX_POINT ( 'NONE', #12834 ) ;
#1105 = ORIENTED_EDGE ( 'NONE', *, *, #6859, .F. ) ;
#1106 = ORIENTED_EDGE ( 'NONE', *, *, #13026, .F. ) ;
#1107 = VECTOR ( 'NONE', #2498, 1000.000000000000000 ) ;
#1108 = VECTOR ( 'NONE', #1734, 1000.000000000000000 ) ;
#1109 = FACE_OUTER_BOUND ( 'NONE', #11811, .T. ) ;
#1111 = VECTOR ( 'NONE', #5334, 1000.000000000000000 ) ;
#1110 = CARTESIAN_POINT ( 'NONE',  ( -17.78222266586267608, 2.700000000000000178, 9.599520421918480650 ) ) ;
#1112 = PLANE ( 'NONE',  #1544 ) ;
#1113 = DIRECTION ( 'NONE',  ( 0.9239619321123205831, 0.000000000000000000, -0.3824844415231389849 ) ) ;
#1114 = PLANE ( 'NONE',  #5896 ) ;
#1115 = EDGE_CURVE ( 'NONE', #4685, #433, #12014, .T. ) ;
#1116 = PLANE ( 'NONE',  #8108 ) ;
#1117 = CARTESIAN_POINT ( 'NONE',  ( 0.000000000000000000, 3.000000000000000000, 1.078102869918486917 ) ) ;
#1118 = VERTEX_POINT ( 'NONE', #6686 ) ;
#1119 = EDGE_CURVE ( 'NONE', #6055, #9991, #8737, .T. ) ;
#1120 = ORIENTED_EDGE ( 'NONE', *, *, #9725, .F. ) ;
#1121 = VECTOR ( 'NONE', #2560, 1000.000000000000000 ) ;
#1122 = EDGE_CURVE ( 'NONE', #217, #12439, #12903, .T. ) ;
#1123 = EDGE_CURVE ( 'NONE', #5863, #12432, #12970, .T. ) ;
#1124 = ORIENTED_EDGE ( 'NONE', *, *, #373, .T. ) ;
#1125 = FACE_OUTER_BOUND ( 'NONE', #1137, .T. ) ;
#1126 = EDGE_CURVE ( 'NONE', #5127, #9616, #604, .T. ) ;
#1127 = ORIENTED_EDGE ( 'NONE', *, *, #3045, .T. ) ;
#1128 = DIRECTION ( 'NONE',  ( -0.9296792728511474868, 0.000000000000000000, -0.3683699901335090732 ) ) ;
#1129 = CARTESIAN_POINT ( 'NONE',  ( -5.960509961862676676, 2.700000000000000178, 1.090463525918483834 ) ) ;
#1130 = CARTESIAN_POINT ( 'NONE',  ( 25.95464287013731308, 3.000000000000000000, -18.14267961808151242 ) ) ;
#1131 = ORIENTED_EDGE ( 'NONE', *, *, #3025, .T. ) ;
#1132 = CIRCLE ( 'NONE', #11615, 1.700000000000000178 ) ;
#1133 = DIRECTION ( 'NONE',  ( -0.000000000000000000, 1.000000000000000000, -0.000000000000000000 ) ) ;
#1134 = DIRECTION ( 'NONE',  ( -0.9238814843844338487, 0.000000000000000000, -0.3826787200924756105 ) ) ;
#1135 = CARTESIAN_POINT ( 'NONE',  ( 13.75586833502910444, 2.700000000000000178, -5.844790165257037096 ) ) ;
#1136 = EDGE_CURVE ( 'NONE', #7814, #12417, #11950, .T. ) ;
#1137 = EDGE_LOOP ( 'NONE', ( #4677, #9751, #9374, #6473 ) ) ;
#1138 = ORIENTED_EDGE ( 'NONE', *, *, #6122, .F. ) ;
#1139 = ORIENTED_EDGE ( 'NONE', *, *, #12223, .F. ) ;
#1140 = EDGE_CURVE ( 'NONE', #201, #10502, #9693, .T. ) ;
#1141 = DIRECTION ( 'NONE',  ( 0.9252449272632040644, 0.000000000000000000, 0.3793703000680315185 ) ) ;
#1142 = DIRECTION ( 'NONE',  ( -0.000000000000000000, 0.000000000000000000, -1.000000000000000000 ) ) ;
#1143 = VECTOR ( 'NONE', #4274, 1000.000000000000000 ) ;
#1144 = VECTOR ( 'NONE', #12104, 1000.000000000000114 ) ;
#1145 = DIRECTION ( 'NONE',  ( 0.000000000000000000, 0.000000000000000000, -1.000000000000000000 ) ) ;
#1146 = DIRECTION ( 'NONE',  ( -0.000000000000000000, 1.000000000000000000, -0.000000000000000000 ) ) ;
#1147 = VERTEX_POINT ( 'NONE', #3614 ) ;
#1148 = CARTESIAN_POINT ( 'NONE',  ( 32.19390293413731285, 3.000000000000000000, 1.233503117918480996 ) ) ;
#1149 = DIRECTION ( 'NONE',  ( -0.9869663911105649445, 0.000000000000000000, 0.1609265137203549079 ) ) ;
#1150 = ADVANCED_FACE ( 'NONE', ( #2656 ), #4705, .T. ) ;
#1151 = VERTEX_POINT ( 'NONE', #5661 ) ;
#1152 = DIRECTION ( 'NONE',  ( 0.000000000000000000, 0.000000000000000000, 1.000000000000000000 ) ) ;
#1153 = DIRECTION ( 'NONE',  ( -1.000000000000000000, 0.000000000000000000, 0.000000000000000000 ) ) ;
#1154 = ORIENTED_EDGE ( 'NONE', *, *, #7387, .F. ) ;
#1155 = VECTOR ( 'NONE', #7295, 1000.000000000000000 ) ;
#1156 = ADVANCED_FACE ( 'NONE', ( #11885 ), #7578, .T. ) ;
#1157 = DIRECTION ( 'NONE',  ( 0.7288886501414183483, 0.000000000000000000, -0.6846322631128488601 ) ) ;
#1158 = EDGE_CURVE ( 'NONE', #13445, #4107, #11817, .T. ) ;
#1159 = VERTEX_POINT ( 'NONE', #10783 ) ;
#1160 = AXIS2_PLACEMENT_3D ( 'NONE', #2575, #11800, #1548 ) ;
#1161 = DIRECTION ( 'NONE',  ( -0.3815757523362350301, 0.000000000000000000, -0.9243375710361644293 ) ) ;
#1162 = ORIENTED_EDGE ( 'NONE', *, *, #1123, .F. ) ;
#1163 = VECTOR ( 'NONE', #4374, 1000.000000000000000 ) ;
#1164 = PLANE ( 'NONE',  #1498 ) ;
#1165 = ORIENTED_EDGE ( 'NONE', *, *, #4229, .T. ) ;
#1166 = FACE_OUTER_BOUND ( 'NONE', #4230, .T. ) ;
#1167 = DIRECTION ( 'NONE',  ( 1.000000000000000000, 0.000000000000000000, 0.000000000000000000 ) ) ;
#1168 = ORIENTED_EDGE ( 'NONE', *, *, #5167, .F. ) ;
#1169 = LINE ( 'NONE', #142, #6562 ) ;
#1170 = DIRECTION ( 'NONE',  ( -0.000000000000000000, -1.000000000000000000, -0.000000000000000000 ) ) ;
#1171 = EDGE_CURVE ( 'NONE', #7673, #7132, #2521, .T. ) ;
#1172 = VECTOR ( 'NONE', #3396, 1000.000000000000000 ) ;
#1173 = ORIENTED_EDGE ( 'NONE', *, *, #5376, .F. ) ;
#1174 = DIRECTION ( 'NONE',  ( 0.6196702068320848467, 0.000000000000000000, 0.7848623030600216932 ) ) ;
#1175 = CARTESIAN_POINT ( 'NONE',  ( -12.89235487386268098, 3.000000000000000000, -4.639930906081514372 ) ) ;
#1176 = ORIENTED_EDGE ( 'NONE', *, *, #3833, .F. ) ;
#1177 = EDGE_CURVE ( 'NONE', #6331, #10008, #7779, .T. ) ;
#1178 = VECTOR ( 'NONE', #3960, 1000.000000000000000 ) ;
#1179 = ORIENTED_EDGE ( 'NONE', *, *, #1818, .T. ) ;
#1180 = ORIENTED_EDGE ( 'NONE', *, *, #10190, .F. ) ;
#1181 = ORIENTED_EDGE ( 'NONE', *, *, #3201, .T. ) ;
#1182 = LINE ( 'NONE', #3367, #4580 ) ;
#1183 = PLANE ( 'NONE',  #5295 ) ;
#1184 = LINE ( 'NONE', #90, #8770 ) ;
#1185 = CARTESIAN_POINT ( 'NONE',  ( -8.193490125780648725, 2.700000000000000178, -19.78112035565094473 ) ) ;
#1186 = DIRECTION ( 'NONE',  ( -1.000000000000000000, 0.000000000000000000, 0.000000000000000000 ) ) ;
#1187 = FACE_OUTER_BOUND ( 'NONE', #13067, .T. ) ;
#1188 = DIRECTION ( 'NONE',  ( -0.9799092182948465624, 0.000000000000000000, -0.1994440370148543307 ) ) ;
#1189 = ORIENTED_EDGE ( 'NONE', *, *, #6485, .F. ) ;
#1190 = ORIENTED_EDGE ( 'NONE', *, *, #11493, .T. ) ;
#1191 = EDGE_LOOP ( 'NONE', ( #1089, #6329, #10334, #10268 ) ) ;
#1192 = EDGE_CURVE ( 'NONE', #276, #5778, #1632, .T. ) ;
#1193 = CARTESIAN_POINT ( 'NONE',  ( -27.77950010586266671, 2.700000000000000178, 8.682362997918483316 ) ) ;
#1194 = ADVANCED_FACE ( 'NONE', ( #2786 ), #11051, .T. ) ;
#1195 = EDGE_LOOP ( 'NONE', ( #4841, #540, #3257, #6145 ) ) ;
#1196 = CARTESIAN_POINT ( 'NONE',  ( 51.54979818213733722, 2.700000000000000178, 11.32692057391848373 ) ) ;
#1197 = DIRECTION ( 'NONE',  ( -0.000000000000000000, 1.000000000000000000, -0.000000000000000000 ) ) ;
#1198 = DIRECTION ( 'NONE',  ( 0.000000000000000000, 1.000000000000000000, 0.000000000000000000 ) ) ;
#1199 = ORIENTED_EDGE ( 'NONE', *, *, #3025, .F. ) ;
#1200 = AXIS2_PLACEMENT_3D ( 'NONE', #521, #12135, #6936 ) ;
#1201 = PLANE ( 'NONE',  #8564 ) ;
#1202 = LINE ( 'NONE', #5368, #9399 ) ;
#1203 = CARTESIAN_POINT ( 'NONE',  ( -21.67087528986267841, 2.700000000000000178, 0.000000000000000000 ) ) ;
#1204 = ORIENTED_EDGE ( 'NONE', *, *, #5657, .T. ) ;
#1205 = EDGE_CURVE ( 'NONE', #2791, #1830, #13240, .T. ) ;
#1206 = AXIS2_PLACEMENT_3D ( 'NONE', #7515, #2253, #8529 ) ;
#1207 = ORIENTED_EDGE ( 'NONE', *, *, #11612, .F. ) ;
#1208 = VECTOR ( 'NONE', #3500, 1000.000000000000000 ) ;
#1209 = ORIENTED_EDGE ( 'NONE', *, *, #3290, .F. ) ;
#1210 = DIRECTION ( 'NONE',  ( 0.4863215306767507684, 0.000000000000000000, -0.8737799315618448581 ) ) ;
#1211 = CARTESIAN_POINT ( 'NONE',  ( 10.70260841348313541, 2.700000000000000178, 11.69791671182179016 ) ) ;
#1212 = EDGE_CURVE ( 'NONE', #11580, #180, #10232, .T. ) ;
#1213 = LINE ( 'NONE', #5180, #7126 ) ;
#1214 = LINE ( 'NONE', #4423, #3771 ) ;
#1215 = ORIENTED_EDGE ( 'NONE', *, *, #2087, .F. ) ;
#1216 = LINE ( 'NONE', #5383, #11593 ) ;
#1217 = VERTEX_POINT ( 'NONE', #11332 ) ;
#1218 = DIRECTION ( 'NONE',  ( 0.04113955615027988649, 0.000000000000000000, -0.9991534101026517956 ) ) ;
#1219 = CARTESIAN_POINT ( 'NONE',  ( -59.99999999999998579, 3.000000000000000000, -50.99999999999999289 ) ) ;
#1220 = VECTOR ( 'NONE', #4496, 1000.000000000000000 ) ;
#1221 = VERTEX_POINT ( 'NONE', #11269 ) ;
#1222 = CARTESIAN_POINT ( 'NONE',  ( -10.34887646531738348, 2.700000000000000178, 3.923059587976952312 ) ) ;
#1223 = EDGE_CURVE ( 'NONE', #3058, #7333, #1835, .T. ) ;
#1224 = ORIENTED_EDGE ( 'NONE', *, *, #6128, .T. ) ;
#1225 = VECTOR ( 'NONE', #9885, 1000.000000000000000 ) ;
#1226 = EDGE_LOOP ( 'NONE', ( #4087, #11887, #8135, #6900 ) ) ;
#1227 = EDGE_CURVE ( 'NONE', #7357, #12316, #12217, .T. ) ;
#1228 = LINE ( 'NONE', #3350, #632 ) ;
#1229 = ADVANCED_FACE ( 'NONE', ( #669 ), #4973, .T. ) ;
#1230 = ORIENTED_EDGE ( 'NONE', *, *, #13079, .T. ) ;
#1231 = FACE_OUTER_BOUND ( 'NONE', #2520, .T. ) ;
#1232 = DIRECTION ( 'NONE',  ( 0.9807865883708349886, 0.000000000000000000, 0.1950837463037299324 ) ) ;
#1233 = ORIENTED_EDGE ( 'NONE', *, *, #3472, .F. ) ;
#1234 = DIRECTION ( 'NONE',  ( -0.000000000000000000, -0.000000000000000000, 1.000000000000000000 ) ) ;
#1235 = CARTESIAN_POINT ( 'NONE',  ( 22.37000000000002942, 0.000000000000000000, -30.13000000000000611 ) ) ;
#1236 = ORIENTED_EDGE ( 'NONE', *, *, #4043, .T. ) ;
#1237 = CARTESIAN_POINT ( 'NONE',  ( 1.616944799923900611, 2.700000000000000178, 2.047991021025620029 ) ) ;
#1238 = CARTESIAN_POINT ( 'NONE',  ( -2.108361287390029482, 2.700000000000000178, 21.76114791024463457 ) ) ;
#1239 = VERTEX_POINT ( 'NONE', #6133 ) ;
#1240 = ORIENTED_EDGE ( 'NONE', *, *, #602, .T. ) ;
#1241 = VERTEX_POINT ( 'NONE', #9005 ) ;
#1242 = EDGE_CURVE ( 'NONE', #6228, #1217, #12294, .T. ) ;
#1243 = VERTEX_POINT ( 'NONE', #5929 ) ;
#1244 = APPROVAL ( #10060, 'UNSPECIFIED' ) ;
#1245 = CARTESIAN_POINT ( 'NONE',  ( -0.4319076259688597319, 2.700000000000000178, 2.626438388410858416 ) ) ;
#1246 = FACE_OUTER_BOUND ( 'NONE', #4140, .T. ) ;
#1247 = CARTESIAN_POINT ( 'NONE',  ( 15.13878800311912265, 3.000000000000000000, 6.139434667363198983 ) ) ;
#1248 = DIRECTION ( 'NONE',  ( -0.2131134059951631521, 0.000000000000000000, -0.9770274695141076826 ) ) ;
#1249 = ADVANCED_FACE ( 'NONE', ( #4766 ), #2932, .T. ) ;
#1250 = DIRECTION ( 'NONE',  ( 0.000000000000000000, 0.000000000000000000, 1.000000000000000000 ) ) ;
#1251 = DIRECTION ( 'NONE',  ( -0.000000000000000000, 1.000000000000000000, -0.000000000000000000 ) ) ;
#1252 = LINE ( 'NONE', #5555, #429 ) ;
#1253 = VERTEX_POINT ( 'NONE', #871 ) ;
#1254 = VECTOR ( 'NONE', #13172, 1000.000000000000000 ) ;
#1255 = VERTEX_POINT ( 'NONE', #1761 ) ;
#1256 = ORIENTED_EDGE ( 'NONE', *, *, #8338, .T. ) ;
#1257 = ORGANIZATION ( 'UNSPECIFIED', 'UNSPECIFIED', '' ) ;
#1258 = DIRECTION ( 'NONE',  ( -0.8035670204807062733, 0.000000000000000000, 0.5952142837632178329 ) ) ;
#1259 = ORIENTED_EDGE ( 'NONE', *, *, #550, .F. ) ;
#1260 = CARTESIAN_POINT ( 'NONE',  ( -41.49238504986267628, 2.700000000000000178, 18.41018098191848296 ) ) ;
#1261 = CARTESIAN_POINT ( 'NONE',  ( 8.199350974137331605, 2.700000000000000178, 1.722959085918485567 ) ) ;
#1262 = AXIS2_PLACEMENT_3D ( 'NONE', #1932, #11226, #8012 ) ;
#1263 = ORIENTED_EDGE ( 'NONE', *, *, #3126, .T. ) ;
#1264 = DIRECTION ( 'NONE',  ( 0.9141451399298767821, 0.000000000000000000, -0.4053870534965145489 ) ) ;
#1265 = CARTESIAN_POINT ( 'NONE',  ( -25.53975248986266777, 2.700000000000000178, 20.59554008591847563 ) ) ;
#1266 = LINE ( 'NONE', #10565, #6455 ) ;
#1267 = ORIENTED_EDGE ( 'NONE', *, *, #1136, .F. ) ;
#1268 = ORIENTED_EDGE ( 'NONE', *, *, #12403, .T. ) ;
#1269 = ORIENTED_EDGE ( 'NONE', *, *, #3092, .F. ) ;
#1270 = CARTESIAN_POINT ( 'NONE',  ( 32.30286995013733531, 2.700000000000000178, 8.984618933918481432 ) ) ;
#1271 = FACE_OUTER_BOUND ( 'NONE', #13132, .T. ) ;
#1272 = DIRECTION ( 'NONE',  ( -0.000000000000000000, 1.000000000000000000, -0.000000000000000000 ) ) ;
#1273 = CARTESIAN_POINT ( 'NONE',  ( -18.71668358586267900, 2.700000000000000178, 8.447511549918484519 ) ) ;
#1274 = VERTEX_POINT ( 'NONE', #804 ) ;
#1275 = CARTESIAN_POINT ( 'NONE',  ( -16.46992458832876238, 3.000000000000000000, -6.822096647257405166 ) ) ;
#1276 = EDGE_CURVE ( 'NONE', #9516, #9334, #12082, .T. ) ;
#1277 = ORIENTED_EDGE ( 'NONE', *, *, #13341, .T. ) ;
#1278 = DIRECTION ( 'NONE',  ( -0.5658925211636305352, 0.000000000000000000, -0.8244790200430026639 ) ) ;
#1279 = PLANE ( 'NONE',  #12010 ) ;
#1280 = ORIENTED_EDGE ( 'NONE', *, *, #816, .F. ) ;
#1281 = ADVANCED_FACE ( 'NONE', ( #8193 ), #12152, .F. ) ;
#1282 = FACE_OUTER_BOUND ( 'NONE', #9690, .T. ) ;
#1283 = AXIS2_PLACEMENT_3D ( 'NONE', #10540, #2276, #5481 ) ;
#1284 = VECTOR ( 'NONE', #1153, 1000.000000000000000 ) ;
#1285 = VERTEX_POINT ( 'NONE', #7099 ) ;
#1286 = EDGE_CURVE ( 'NONE', #2819, #3830, #11122, .T. ) ;
#1287 = ORIENTED_EDGE ( 'NONE', *, *, #4363, .F. ) ;
#1288 = DIRECTION ( 'NONE',  ( -0.7296046392874412367, 0.000000000000000000, 0.6838691909497333077 ) ) ;
#1289 = ORIENTED_EDGE ( 'NONE', *, *, #1530, .F. ) ;
#1290 = DIRECTION ( 'NONE',  ( -0.8822466111022773116, 0.000000000000000000, 0.4707875499612824144 ) ) ;
#1291 = VECTOR ( 'NONE', #7795, 1000.000000000000000 ) ;
#1292 = PLANE ( 'NONE',  #5940 ) ;
#1293 = EDGE_LOOP ( 'NONE', ( #7101, #4644, #7087, #6718 ) ) ;
#1294 = CARTESIAN_POINT ( 'NONE',  ( 21.60524135813732372, 2.700000000000000178, 13.26551867791848416 ) ) ;
#1295 = CARTESIAN_POINT ( 'NONE',  ( 22.62084551592070625, 2.700000000000000178, 1.607247700799770973 ) ) ;
#1296 = AXIS2_PLACEMENT_3D ( 'NONE', #11777, #10741, #1382 ) ;
#1297 = ORIENTED_EDGE ( 'NONE', *, *, #10496, .T. ) ;
#1298 = DIRECTION ( 'NONE',  ( 0.5645847261759647795, 0.000000000000000000, -0.8253751189421757450 ) ) ;
#1299 = LINE ( 'NONE', #8546, #12852 ) ;
#1300 = ORIENTED_EDGE ( 'NONE', *, *, #12119, .F. ) ;
#1301 = DIRECTION ( 'NONE',  ( -0.9959703591651434262, 0.000000000000000000, 0.08968301770377255788 ) ) ;
#1302 = ORIENTED_EDGE ( 'NONE', *, *, #6061, .T. ) ;
#1303 = VECTOR ( 'NONE', #12184, 1000.000000000000000 ) ;
#1304 = ORIENTED_EDGE ( 'NONE', *, *, #11510, .T. ) ;
#1305 = VERTEX_POINT ( 'NONE', #7984 ) ;
#1306 = PLANE ( 'NONE',  #1283 ) ;
#1307 = CARTESIAN_POINT ( 'NONE',  ( -22.25999999999998025, 0.000000000000000000, -38.03000000000000824 ) ) ;
#1308 = LINE ( 'NONE', #12593, #12708 ) ;
#1309 = LINE ( 'NONE', #12734, #13391 ) ;
#1310 = DIRECTION ( 'NONE',  ( -0.000000000000000000, 1.000000000000000000, -0.000000000000000000 ) ) ;
#1311 = VECTOR ( 'NONE', #1378, 1000.000000000000000 ) ;
#1312 = DIRECTION ( 'NONE',  ( -0.000000000000000000, -0.000000000000000000, 1.000000000000000000 ) ) ;
#1313 = LINE ( 'NONE', #2282, #34 ) ;
#1314 = ORIENTED_EDGE ( 'NONE', *, *, #8456, .T. ) ;
#1315 = EDGE_CURVE ( 'NONE', #1159, #4082, #13305, .T. ) ;
#1316 = VERTEX_POINT ( 'NONE', #7028 ) ;
#1317 = EDGE_CURVE ( 'NONE', #838, #8811, #8122, .T. ) ;
#1318 = ADVANCED_FACE ( 'NONE', ( #5043 ), #3000, .T. ) ;
#1319 = VECTOR ( 'NONE', #13517, 1000.000000000000000 ) ;
#1320 = VECTOR ( 'NONE', #10188, 1000.000000000000114 ) ;
#1321 = VERTEX_POINT ( 'NONE', #5114 ) ;
#1322 = DIRECTION ( 'NONE',  ( 0.000000000000000000, 0.000000000000000000, -1.000000000000000000 ) ) ;
#1323 = ORIENTED_EDGE ( 'NONE', *, *, #5540, .F. ) ;
#1324 = DIRECTION ( 'NONE',  ( 0.5945305086078583878, 0.000000000000000000, -0.8040730528593041937 ) ) ;
#1325 = CARTESIAN_POINT ( 'NONE',  ( -11.85653779386267992, 3.000000000000000000, -17.95974780208151600 ) ) ;
#1326 = ADVANCED_FACE ( 'NONE', ( #2170 ), #8254, .T. ) ;
#1327 = ORIENTED_EDGE ( 'NONE', *, *, #12131, .F. ) ;
#1328 = EDGE_CURVE ( 'NONE', #7045, #7708, #3195, .T. ) ;
#1329 = VECTOR ( 'NONE', #11788, 999.9999999999998863 ) ;
#1330 = CARTESIAN_POINT ( 'NONE',  ( 45.01826336613731883, 3.000000000000000000, 9.625931341918480655 ) ) ;
#1331 = CARTESIAN_POINT ( 'NONE',  ( 43.08399647013732903, 3.000000000000000000, 9.782460365918479894 ) ) ;
#1332 = ADVANCED_FACE ( 'NONE', ( #10372 ), #11672, .T. ) ;
#1333 = CARTESIAN_POINT ( 'NONE',  ( -27.86602368186266787, 2.700000000000000178, 20.43485257391848720 ) ) ;
#1334 = VECTOR ( 'NONE', #7073, 1000.000000000000000 ) ;
#1335 = ORIENTED_EDGE ( 'NONE', *, *, #2531, .T. ) ;
#1336 = ORIENTED_EDGE ( 'NONE', *, *, #12859, .F. ) ;
#1337 = DIRECTION ( 'NONE',  ( -0.000000000000000000, 1.000000000000000000, -0.000000000000000000 ) ) ;
#1338 = CARTESIAN_POINT ( 'NONE',  ( 8.592899590137328403, 2.700000000000000178, 0.7517819579184870094 ) ) ;
#1339 = CARTESIAN_POINT ( 'NONE',  ( -4.265633725041206858, 3.000000000000000000, -4.550908560405951597 ) ) ;
#1340 = CARTESIAN_POINT ( 'NONE',  ( 26.49340163762947853, 2.700000000000000178, -17.70246907967151984 ) ) ;
#1341 = VERTEX_POINT ( 'NONE', #1011 ) ;
#1342 = DIRECTION ( 'NONE',  ( -0.9818660923417411590, 0.000000000000000000, -0.1895757809150718787 ) ) ;
#1343 = ORIENTED_EDGE ( 'NONE', *, *, #12089, .T. ) ;
#1344 = DIRECTION ( 'NONE',  ( -0.000000000000000000, 1.000000000000000000, -0.000000000000000000 ) ) ;
#1345 = PLANE ( 'NONE',  #3507 ) ;
#1346 = ORIENTED_EDGE ( 'NONE', *, *, #9831, .T. ) ;
#1347 = CARTESIAN_POINT ( 'NONE',  ( -47.54909328186268169, 2.700000000000000178, 19.33228327791848145 ) ) ;
#1348 = PRODUCT ( 'housing_cover_logo_concave', 'housing_cover_logo_concave', '', ( #361 ) ) ;
#1349 = ORIENTED_EDGE ( 'NONE', *, *, #6717, .T. ) ;
#1350 = CIRCLE ( 'NONE', #12931, 2.000000000000001776 ) ;
#1351 = PLANE ( 'NONE',  #3684 ) ;
#1352 = EDGE_CURVE ( 'NONE', #5678, #10602, #7363, .T. ) ;
#1353 = EDGE_LOOP ( 'NONE', ( #9500, #2430, #7807, #3544 ) ) ;
#1354 = LINE ( 'NONE', #2382, #1397 ) ;
#1355 = DIRECTION ( 'NONE',  ( 0.8314713530511933515, 0.000000000000000000, 0.5555676277963088605 ) ) ;
#1356 = VERTEX_POINT ( 'NONE', #2305 ) ;
#1358 = LINE ( 'NONE', #12580, #8532 ) ;
#1357 = VECTOR ( 'NONE', #4037, 1000.000000000000000 ) ;
#1359 = DIRECTION ( 'NONE',  ( 1.000000000000000000, 0.000000000000000000, 0.000000000000000000 ) ) ;
#1360 = VERTEX_POINT ( 'NONE', #3064 ) ;
#1361 = CARTESIAN_POINT ( 'NONE',  ( 22.62084551592070625, 2.700000000000000178, 1.607247700799770973 ) ) ;
#1362 = LINE ( 'NONE', #4446, #9366 ) ;
#1363 = ORIENTED_EDGE ( 'NONE', *, *, #11909, .T. ) ;
#1364 = DIRECTION ( 'NONE',  ( -0.9957356910248242876, 0.000000000000000000, -0.09225201146487578552 ) ) ;
#1365 = VECTOR ( 'NONE', #10560, 1000.000000000000114 ) ;
#1366 = VECTOR ( 'NONE', #399, 1000.000000000000000 ) ;
#1367 = ORIENTED_EDGE ( 'NONE', *, *, #9425, .F. ) ;
#1368 = EDGE_CURVE ( 'NONE', #1938, #9972, #12698, .T. ) ;
#1369 = VECTOR ( 'NONE', #8621, 1000.000000000000114 ) ;
#1370 = VERTEX_POINT ( 'NONE', #11401 ) ;
#1371 = LINE ( 'NONE', #5544, #8931 ) ;
#1372 = ORIENTED_EDGE ( 'NONE', *, *, #12655, .F. ) ;
#1373 = DIRECTION ( 'NONE',  ( 0.000000000000000000, 0.000000000000000000, 1.000000000000000000 ) ) ;
#1374 = CARTESIAN_POINT ( 'NONE',  ( -8.971541398788547284, 2.700000000000000178, -3.105358678744050582 ) ) ;
#1375 = AXIS2_PLACEMENT_3D ( 'NONE', #9003, #3810, #7982 ) ;
#1376 = CARTESIAN_POINT ( 'NONE',  ( -52.49999999999902656, 3.000000000000000000, 48.67000000000000171 ) ) ;
#1377 = FACE_OUTER_BOUND ( 'NONE', #9641, .T. ) ;
#1378 = DIRECTION ( 'NONE',  ( -0.000000000000000000, 1.000000000000000000, -0.000000000000000000 ) ) ;
#1379 = CARTESIAN_POINT ( 'NONE',  ( -25.53975248986266777, 2.700000000000000178, 20.59554008591847563 ) ) ;
#1380 = EDGE_CURVE ( 'NONE', #12236, #8616, #13446, .T. ) ;
#1381 = CARTESIAN_POINT ( 'NONE',  ( -50.19179665786266753, 2.700000000000000178, 16.55114177391848074 ) ) ;
#1382 = DIRECTION ( 'NONE',  ( -1.000000000000000000, 0.000000000000000000, -0.000000000000000000 ) ) ;
#1383 = ORIENTED_EDGE ( 'NONE', *, *, #13166, .F. ) ;
#1384 = VECTOR ( 'NONE', #7944, 999.9999999999998863 ) ;
#1385 = EDGE_CURVE ( 'NONE', #7571, #7438, #12558, .T. ) ;
#1386 = ORIENTED_EDGE ( 'NONE', *, *, #9085, .T. ) ;
#1387 = ADVANCED_FACE ( 'NONE', ( #10506 ), #3264, .T. ) ;
#1388 = PLANE ( 'NONE',  #11079 ) ;
#1389 = VERTEX_POINT ( 'NONE', #6471 ) ;
#1390 = DIRECTION ( 'NONE',  ( 0.5952142837632178329, 0.000000000000000000, 0.8035670204807062733 ) ) ;
#1391 = ORIENTED_EDGE ( 'NONE', *, *, #1223, .T. ) ;
#1392 = CARTESIAN_POINT ( 'NONE',  ( -14.61047894586267049, 2.700000000000000178, 19.88851279791847659 ) ) ;
#1393 = LINE ( 'NONE', #3585, #2733 ) ;
#1394 = EDGE_CURVE ( 'NONE', #117, #7830, #1213, .T. ) ;
#1395 = VECTOR ( 'NONE', #9216, 999.9999999999998863 ) ;
#1396 = EDGE_CURVE ( 'NONE', #7885, #969, #9345, .T. ) ;
#1397 = VECTOR ( 'NONE', #6620, 1000.000000000000000 ) ;
#1398 = LINE ( 'NONE', #9484, #10290 ) ;
#1399 = PLANE ( 'NONE',  #6827 ) ;
#1400 = CARTESIAN_POINT ( 'NONE',  ( -39.22297226586267271, 2.700000000000000178, 16.57586308591848123 ) ) ;
#1401 = EDGE_CURVE ( 'NONE', #6414, #1274, #4156, .T. ) ;
#1402 = LINE ( 'NONE', #1612, #11696 ) ;
#1403 = ORIENTED_EDGE ( 'NONE', *, *, #5909, .F. ) ;
#1404 = EDGE_CURVE ( 'NONE', #7027, #12194, #10571, .T. ) ;
#1405 = FACE_OUTER_BOUND ( 'NONE', #448, .T. ) ;
#1406 = ORIENTED_EDGE ( 'NONE', *, *, #10503, .T. ) ;
#1407 = PLANE ( 'NONE',  #7322 ) ;
#1408 = CARTESIAN_POINT ( 'NONE',  ( -7.807190545862676245, 2.700000000000000178, 10.62792679791848016 ) ) ;
#1409 = EDGE_CURVE ( 'NONE', #12417, #838, #11465, .T. ) ;
#1410 = CARTESIAN_POINT ( 'NONE',  ( 18.58028119013733104, 2.700000000000000178, 8.803497629918481948 ) ) ;
#1411 = CARTESIAN_POINT ( 'NONE',  ( -12.14824155386267535, 2.700000000000000178, 1.078102869918486917 ) ) ;
#1413 = VERTEX_POINT ( 'NONE', #51 ) ;
#1412 = EDGE_CURVE ( 'NONE', #11630, #11697, #1075, .T. ) ;
#1414 = DIRECTION ( 'NONE',  ( -0.000000000000000000, 1.000000000000000000, -0.000000000000000000 ) ) ;
#1415 = ORIENTED_EDGE ( 'NONE', *, *, #3651, .F. ) ;
#1416 = CARTESIAN_POINT ( 'NONE',  ( 25.95464287013731663, 2.700000000000000178, 0.000000000000000000 ) ) ;
#1417 = CARTESIAN_POINT ( 'NONE',  ( 20.55891741100965220, 2.700000000000000178, -1.460743244144711905 ) ) ;
#1418 = ORIENTED_EDGE ( 'NONE', *, *, #9665, .F. ) ;
#1419 = CARTESIAN_POINT ( 'NONE',  ( -5.960509961862676676, 2.700000000000000178, 2.128756597918481930 ) ) ;
#1420 = VECTOR ( 'NONE', #12771, 1000.000000000000000 ) ;
#1421 = AXIS2_PLACEMENT_3D ( 'NONE', #11936, #316, #5643 ) ;
#1422 = VERTEX_POINT ( 'NONE', #4287 ) ;
#1423 = FACE_OUTER_BOUND ( 'NONE', #3700, .T. ) ;
#1424 = AXIS2_PLACEMENT_3D ( 'NONE', #12617, #7356, #2097 ) ;
#1425 = VERTEX_POINT ( 'NONE', #6408 ) ;
#1426 = DIRECTION ( 'NONE',  ( 0.9934094000795794521, 0.000000000000000000, 0.1146200847737000039 ) ) ;
#1427 = LINE ( 'NONE', #2588, #7482 ) ;
#1428 = ORIENTED_EDGE ( 'NONE', *, *, #9475, .T. ) ;
#1429 = LINE ( 'NONE', #10992, #4170 ) ;
#1430 = DIRECTION ( 'NONE',  ( 0.9880692682966384366, 0.000000000000000000, -0.1540101329385353268 ) ) ;
#1431 = VERTEX_POINT ( 'NONE', #8454 ) ;
#1432 = LINE ( 'NONE', #12720, #4875 ) ;
#1433 = LINE ( 'NONE', #2594, #6744 ) ;
#1434 = EDGE_LOOP ( 'NONE', ( #10766, #6456, #10619, #770 ) ) ;
#1435 = LINE ( 'NONE', #10999, #4914 ) ;
#1436 = EDGE_CURVE ( 'NONE', #7607, #4464, #11603, .T. ) ;
#1437 = ORIENTED_EDGE ( 'NONE', *, *, #8233, .F. ) ;
#1438 = ORIENTED_EDGE ( 'NONE', *, *, #7498, .T. ) ;
#1439 = CARTESIAN_POINT ( 'NONE',  ( -13.62207905204126845, 3.000000000000000000, -1.473153336264969804 ) ) ;
#1440 = ORIENTED_EDGE ( 'NONE', *, *, #5296, .F. ) ;
#1441 = CARTESIAN_POINT ( 'NONE',  ( -21.67087528986267841, 3.000000000000000000, 0.000000000000000000 ) ) ;
#1442 = LINE ( 'NONE', #2929, #4641 ) ;
#1443 = CARTESIAN_POINT ( 'NONE',  ( 16.40605135013732507, 2.700000000000000178, 20.78923540591848251 ) ) ;
#1444 = FACE_OUTER_BOUND ( 'NONE', #7980, .T. ) ;
#1445 = CARTESIAN_POINT ( 'NONE',  ( 32.81911987013732102, 3.000000000000000000, 9.454284237918479050 ) ) ;
#1446 = CARTESIAN_POINT ( 'NONE',  ( 52.50000000000095923, 0.000000000000000000, 46.97000000000000597 ) ) ;
#1447 = DIRECTION ( 'NONE',  ( -0.000000000000000000, 1.000000000000000000, -0.000000000000000000 ) ) ;
#1448 = CARTESIAN_POINT ( 'NONE',  ( 25.55567694213731755, 2.700000000000000178, -19.10586184208151650 ) ) ;
#1449 = CARTESIAN_POINT ( 'NONE',  ( 0.1482019154677256534, 2.700000000000000178, -0.7984290252236840857 ) ) ;
#1450 = ORIENTED_EDGE ( 'NONE', *, *, #6882, .F. ) ;
#1451 = EDGE_CURVE ( 'NONE', #3602, #12162, #185, .T. ) ;
#1452 = CARTESIAN_POINT ( 'NONE',  ( 11.10824838213732235, 3.000000000000000000, 14.57591280591848459 ) ) ;
#1453 = EDGE_CURVE ( 'NONE', #9493, #6404, #11999, .T. ) ;
#1454 = VECTOR ( 'NONE', #6037, 1000.000000000000000 ) ;
#1455 = LINE ( 'NONE', #13001, #5407 ) ;
#1456 = EDGE_CURVE ( 'NONE', #247, #10179, #3397, .T. ) ;
#1457 = VERTEX_POINT ( 'NONE', #5513 ) ;
#1458 = LINE ( 'NONE', #13137, #6316 ) ;
#1459 = ORIENTED_EDGE ( 'NONE', *, *, #823, .F. ) ;
#1460 = CARTESIAN_POINT ( 'NONE',  ( -21.67087528986267841, 2.700000000000000178, 0.000000000000000000 ) ) ;
#1461 = PLANE ( 'NONE',  #9932 ) ;
#1462 = VECTOR ( 'NONE', #8667, 1000.000000000000114 ) ;
#1463 = CARTESIAN_POINT ( 'NONE',  ( -59.99999999999998579, 3.000000000000000000, 29.04999999999999361 ) ) ;
#1464 = CARTESIAN_POINT ( 'NONE',  ( 6.867308451466846542, 2.700000000000000178, 23.76141477181911199 ) ) ;
#1465 = PLANE ( 'NONE',  #13373 ) ;
#1466 = PLANE ( 'NONE',  #3937 ) ;
#1467 = DIRECTION ( 'NONE',  ( 0.8609913184333675140, 0.000000000000000000, 0.5086196511956371236 ) ) ;
#1468 = EDGE_CURVE ( 'NONE', #8115, #8127, #9678, .T. ) ;
#1469 = ORIENTED_EDGE ( 'NONE', *, *, #12901, .F. ) ;
#1470 = CARTESIAN_POINT ( 'NONE',  ( -21.01081768186267240, 2.700000000000000178, 11.14459937391848676 ) ) ;
#1471 = VERTEX_POINT ( 'NONE', #2436 ) ;
#1472 = CARTESIAN_POINT ( 'NONE',  ( 52.69778877413732232, 3.000000000000000000, 10.79618046191848535 ) ) ;
#1473 = FACE_OUTER_BOUND ( 'NONE', #2073, .T. ) ;
#1474 = DIRECTION ( 'NONE',  ( -0.000000000000000000, 1.000000000000000000, -0.000000000000000000 ) ) ;
#1475 = CARTESIAN_POINT ( 'NONE',  ( 2.719148603940434228, 2.700000000000000178, -6.498782867384296225 ) ) ;
#1476 = ORIENTED_EDGE ( 'NONE', *, *, #9664, .T. ) ;
#1477 = DIRECTION ( 'NONE',  ( -0.000000000000000000, 1.000000000000000000, -0.000000000000000000 ) ) ;
#1478 = VECTOR ( 'NONE', #9992, 1000.000000000000000 ) ;
#1479 = VECTOR ( 'NONE', #7457, 999.9999999999998863 ) ;
#1480 = FACE_OUTER_BOUND ( 'NONE', #12869, .T. ) ;
#1481 = DIRECTION ( 'NONE',  ( 0.7377972739528200208, 0.000000000000000000, -0.6750223570725547573 ) ) ;
#1482 = ORIENTED_EDGE ( 'NONE', *, *, #1468, .F. ) ;
#1483 = EDGE_CURVE ( 'NONE', #4282, #7050, #380, .T. ) ;
#1484 = CARTESIAN_POINT ( 'NONE',  ( 44.21870591013732366, 2.700000000000000178, 11.33495510191848155 ) ) ;
#1485 = ORIENTED_EDGE ( 'NONE', *, *, #2148, .T. ) ;
#1486 = EDGE_CURVE ( 'NONE', #4066, #12094, #4487, .T. ) ;
#1487 = EDGE_CURVE ( 'NONE', #470, #10107, #2574, .T. ) ;
#1488 = CARTESIAN_POINT ( 'NONE',  ( 0.7412270159839344785, 2.700000000000000178, 7.215063245595486841 ) ) ;
#1489 = ORIENTED_EDGE ( 'NONE', *, *, #8579, .F. ) ;
#1490 = DIRECTION ( 'NONE',  ( -0.000000000000000000, 1.000000000000000000, -0.000000000000000000 ) ) ;
#1491 = LINE ( 'NONE', #11818, #3321 ) ;
#1492 = VERTEX_POINT ( 'NONE', #4550 ) ;
#1493 = PLANE ( 'NONE',  #3946 ) ;
#1494 = CARTESIAN_POINT ( 'NONE',  ( -4.235233888181803685, 2.700000000000000178, -20.97763091858333340 ) ) ;
#1495 = EDGE_LOOP ( 'NONE', ( #6102, #4332, #13416, #7310 ) ) ;
#1496 = CARTESIAN_POINT ( 'NONE',  ( -17.44495745880724158, 3.000000000000000000, -11.76170337194490578 ) ) ;
#1497 = DIRECTION ( 'NONE',  ( 0.4979197789273048236, 0.000000000000000000, -0.8672230934154048221 ) ) ;
#1498 = AXIS2_PLACEMENT_3D ( 'NONE', #1026, #5328, #10584 ) ;
#1499 = VERTEX_POINT ( 'NONE', #5717 ) ;
#1500 = EDGE_CURVE ( 'NONE', #2015, #8885, #11799, .T. ) ;
#1501 = PLANE ( 'NONE',  #11688 ) ;
#1502 = ORIENTED_EDGE ( 'NONE', *, *, #2711, .T. ) ;
#1503 = ORIENTED_EDGE ( 'NONE', *, *, #1807, .F. ) ;
#1504 = FACE_BOUND ( 'NONE', #10354, .T. ) ;
#1505 = ORIENTED_EDGE ( 'NONE', *, *, #2169, .F. ) ;
#1506 = AXIS2_PLACEMENT_3D ( 'NONE', #7243, #4302, #7448 ) ;
#1507 = VECTOR ( 'NONE', #13182, 1000.000000000000114 ) ;
#1508 = CARTESIAN_POINT ( 'NONE',  ( 3.552378738503247479, 2.700000000000000178, 11.96191695383999232 ) ) ;
#1509 = DIRECTION ( 'NONE',  ( -0.000000000000000000, 1.000000000000000000, -0.000000000000000000 ) ) ;
#1510 = DIRECTION ( 'NONE',  ( 0.000000000000000000, 0.000000000000000000, 1.000000000000000000 ) ) ;
#1511 = CARTESIAN_POINT ( 'NONE',  ( -27.60645092186267746, 3.000000000000000000, 0.5614282619184862710 ) ) ;
#1512 = CARTESIAN_POINT ( 'NONE',  ( 34.29427271049090109, 2.700000000000000178, -13.63204369793061588 ) ) ;
#1513 = DIRECTION ( 'NONE',  ( 0.000000000000000000, 0.000000000000000000, 1.000000000000000000 ) ) ;
#1514 = LINE ( 'NONE', #5819, #6384 ) ;
#1515 = FACE_OUTER_BOUND ( 'NONE', #8202, .T. ) ;
#1516 = LINE ( 'NONE', #5688, #9375 ) ;
#1517 = ORIENTED_EDGE ( 'NONE', *, *, #1555, .F. ) ;
#1518 = ORIENTED_EDGE ( 'NONE', *, *, #5808, .F. ) ;
#1519 = AXIS2_PLACEMENT_3D ( 'NONE', #2840, #7008, #11175 ) ;
#1520 = LINE ( 'NONE', #3708, #10427 ) ;
#1521 = ORIENTED_EDGE ( 'NONE', *, *, #2540, .T. ) ;
#1522 = CARTESIAN_POINT ( 'NONE',  ( 0.7029249405165306497, 3.000000000000000000, 3.456702201019120846 ) ) ;
#1523 = EDGE_CURVE ( 'NONE', #6779, #404, #9744, .T. ) ;
#1524 = ORIENTED_EDGE ( 'NONE', *, *, #7832, .F. ) ;
#1525 = CARTESIAN_POINT ( 'NONE',  ( -26.06137196986268023, 2.700000000000000178, 20.64250976591847930 ) ) ;
#1526 = EDGE_CURVE ( 'NONE', #1239, #1022, #5445, .T. ) ;
#1527 = CARTESIAN_POINT ( 'NONE',  ( -6.479660561862684354, 3.000000000000000000, 1.609610061918482771 ) ) ;
#1528 = LINE ( 'NONE', #11534, #7665 ) ;
#1529 = LINE ( 'NONE', #12127, #11077 ) ;
#1530 = EDGE_CURVE ( 'NONE', #5382, #11284, #13023, .T. ) ;
#1531 = CARTESIAN_POINT ( 'NONE',  ( -31.12999999999996348, 3.000000000000000000, -38.03000000000000824 ) ) ;
#1532 = CARTESIAN_POINT ( 'NONE',  ( 3.448273887248557656, 2.700000000000000178, -3.749817774848251517 ) ) ;
#1533 = ADVANCED_FACE ( 'NONE', ( #11871 ), #10839, .T. ) ;
#1534 = VECTOR ( 'NONE', #8397, 1000.000000000000000 ) ;
#1535 = CARTESIAN_POINT ( 'NONE',  ( -6.042096793862672399, 2.700000000000000178, 12.78114880591848213 ) ) ;
#1536 = VECTOR ( 'NONE', #5614, 1000.000000000000000 ) ;
#1538 = EDGE_CURVE ( 'NONE', #11316, #8218, #6604, .T. ) ;
#1537 = VERTEX_POINT ( 'NONE', #3665 ) ;
#1539 = DIRECTION ( 'NONE',  ( -0.000000000000000000, 1.000000000000000000, -0.000000000000000000 ) ) ;
#1540 = AXIS2_PLACEMENT_3D ( 'NONE', #3632, #11904, #1510 ) ;
#1541 = ORIENTED_EDGE ( 'NONE', *, *, #12488, .F. ) ;
#1543 = AXIS2_PLACEMENT_3D ( 'NONE', #515, #2355, #440 ) ;
#1542 = LINE ( 'NONE', #10697, #11244 ) ;
#1544 = AXIS2_PLACEMENT_3D ( 'NONE', #2138, #9644, #6372 ) ;
#1545 = DIRECTION ( 'NONE',  ( -0.9799092182948465624, 0.000000000000000000, -0.1994440370148543584 ) ) ;
#1546 = AXIS2_PLACEMENT_3D ( 'NONE', #1512, #5816, #5882 ) ;
#1547 = DIRECTION ( 'NONE',  ( -0.2988038448905470101, 0.000000000000000000, 0.9543145510148243194 ) ) ;
#1548 = DIRECTION ( 'NONE',  ( -0.9872834441880232736, 0.000000000000000000, -0.1589698110718959501 ) ) ;
#1549 = VERTEX_POINT ( 'NONE', #8790 ) ;
#1550 = ADVANCED_FACE ( 'NONE', ( #10769 ), #253, .T. ) ;
#1551 = LINE ( 'NONE', #1681, #10745 ) ;
#1552 = CARTESIAN_POINT ( 'NONE',  ( 24.40214407013732156, 2.700000000000000178, -18.47147245808151439 ) ) ;
#1553 = ORIENTED_EDGE ( 'NONE', *, *, #9797, .T. ) ;
#1554 = AXIS2_PLACEMENT_3D ( 'NONE', #2143, #9581, #5354 ) ;
#1555 = EDGE_CURVE ( 'NONE', #8481, #1147, #7627, .T. ) ;
#1556 = LINE ( 'NONE', #3536, #9067 ) ;
#1557 = VECTOR ( 'NONE', #4096, 1000.000000000000227 ) ;
#1558 = ORIENTED_EDGE ( 'NONE', *, *, #11566, .F. ) ;
#1559 = EDGE_CURVE ( 'NONE', #2853, #10933, #6532, .T. ) ;
#1560 = DIRECTION ( 'NONE',  ( -0.000000000000000000, 1.000000000000000000, -0.000000000000000000 ) ) ;
#1561 = EDGE_CURVE ( 'NONE', #5863, #2719, #455, .T. ) ;
#1562 = EDGE_LOOP ( 'NONE', ( #6087, #13311, #8439, #6986 ) ) ;
#1563 = CARTESIAN_POINT ( 'NONE',  ( 14.22934247013731657, 2.700000000000000178, 8.791135957918481125 ) ) ;
#1564 = DIRECTION ( 'NONE',  ( -0.9961244875630551610, 0.000000000000000000, 0.08795456370900138487 ) ) ;
#1565 = ORIENTED_EDGE ( 'NONE', *, *, #1059, .T. ) ;
#1566 = CARTESIAN_POINT ( 'NONE',  ( 1.009901342029928539, 2.700000000000000178, 0.4168973289038480079 ) ) ;
#1567 = DIRECTION ( 'NONE',  ( -0.000000000000000000, 1.000000000000000000, -0.000000000000000000 ) ) ;
#1568 = EDGE_CURVE ( 'NONE', #12325, #10536, #9809, .T. ) ;
#1569 = ORIENTED_EDGE ( 'NONE', *, *, #7860, .T. ) ;
#1570 = DIRECTION ( 'NONE',  ( -0.000000000000000000, 1.000000000000000000, -0.000000000000000000 ) ) ;
#1571 = DIRECTION ( 'NONE',  ( 0.3793831742491015624, 0.000000000000000000, 0.9252396484677231081 ) ) ;
#1572 = ORIENTED_EDGE ( 'NONE', *, *, #11361, .T. ) ;
#1573 = ADVANCED_FACE ( 'NONE', ( #3600 ), #7768, .T. ) ;
#1574 = DIRECTION ( 'NONE',  ( -0.5555676277963088605, 0.000000000000000000, 0.8314713530511933515 ) ) ;
#1575 = VECTOR ( 'NONE', #419, 1000.000000000000114 ) ;
#1576 = ORIENTED_EDGE ( 'NONE', *, *, #3394, .F. ) ;
#1577 = VECTOR ( 'NONE', #2805, 1000.000000000000114 ) ;
#1578 = VERTEX_POINT ( 'NONE', #11038 ) ;
#1579 = DIRECTION ( 'NONE',  ( 0.5150977167622624586, 0.000000000000000000, 0.8571314614376864816 ) ) ;
#1580 = ORIENTED_EDGE ( 'NONE', *, *, #13218, .T. ) ;
#1581 = VECTOR ( 'NONE', #7493, 1000.000000000000000 ) ;
#1582 = CARTESIAN_POINT ( 'NONE',  ( 29.72216391013732562, 3.000000000000000000, 9.599522453918481801 ) ) ;
#1583 = ADVANCED_FACE ( 'NONE', ( #3865 ), #2918, .F. ) ;
#1584 = CARTESIAN_POINT ( 'NONE',  ( -9.348555402150353189, 3.000000000000000000, 20.89290814322078660 ) ) ;
#1585 = DIRECTION ( 'NONE',  ( 0.000000000000000000, 0.000000000000000000, 1.000000000000000000 ) ) ;
#1586 = CARTESIAN_POINT ( 'NONE',  ( -17.26665131293966482, 2.700000000000000178, 27.17064034092689795 ) ) ;
#1587 = LINE ( 'NONE', #421, #7677 ) ;
#1588 = DIRECTION ( 'NONE',  ( 0.4633155286940862094, 0.000000000000000000, 0.8861933879638910216 ) ) ;
#1589 = EDGE_CURVE ( 'NONE', #13367, #12432, #11108, .T. ) ;
#1590 = AXIS2_PLACEMENT_3D ( 'NONE', #1667, #7818, #9938 ) ;
#1591 = PLANE ( 'NONE',  #493 ) ;
#1592 = AXIS2_PLACEMENT_3D ( 'NONE', #8875, #10990, #10784 ) ;
#1593 = ORIENTED_EDGE ( 'NONE', *, *, #5238, .T. ) ;
#1594 = FACE_OUTER_BOUND ( 'NONE', #12253, .T. ) ;
#1595 = CARTESIAN_POINT ( 'NONE',  ( 3.650000000000028333, 0.000000000000000000, -30.13000000000000966 ) ) ;
#1596 = ORIENTED_EDGE ( 'NONE', *, *, #11858, .F. ) ;
#1597 = FACE_OUTER_BOUND ( 'NONE', #364, .T. ) ;
#1598 = VECTOR ( 'NONE', #8251, 1000.000000000000000 ) ;
#1599 = AXIS2_PLACEMENT_3D ( 'NONE', #6602, #7834, #13022 ) ;
#1600 = DIRECTION ( 'NONE',  ( 0.000000000000000000, 1.000000000000000000, 0.000000000000000000 ) ) ;
#1601 = ORIENTED_EDGE ( 'NONE', *, *, #5049, .F. ) ;
#1602 = EDGE_CURVE ( 'NONE', #6157, #10538, #8923, .T. ) ;
#1603 = CARTESIAN_POINT ( 'NONE',  ( 16.38009255013730936, 2.700000000000000178, 8.380763397918487456 ) ) ;
#1604 = ORIENTED_EDGE ( 'NONE', *, *, #1709, .F. ) ;
#1605 = DIRECTION ( 'NONE',  ( -0.000000000000000000, 1.000000000000000000, -0.000000000000000000 ) ) ;
#1606 = AXIS2_PLACEMENT_3D ( 'NONE', #1698, #12158, #3820 ) ;
#1607 = DIRECTION ( 'NONE',  ( 0.000000000000000000, 0.000000000000000000, -1.000000000000000000 ) ) ;
#1608 = CARTESIAN_POINT ( 'NONE',  ( 10.15622508140338809, 2.700000000000000178, -11.16358892411691528 ) ) ;
#1609 = DIRECTION ( 'NONE',  ( -0.4919860605365372064, 0.000000000000000000, -0.8706030761706157195 ) ) ;
#1610 = VECTOR ( 'NONE', #1248, 1000.000000000000114 ) ;
#1611 = DIRECTION ( 'NONE',  ( -0.000000000000000000, 1.000000000000000000, -0.000000000000000000 ) ) ;
#1612 = CARTESIAN_POINT ( 'NONE',  ( 0.000000000000000000, 2.700000000000000178, 20.48923905391848166 ) ) ;
#1613 = EDGE_CURVE ( 'NONE', #7770, #6284, #6806, .T. ) ;
#1614 = ORIENTED_EDGE ( 'NONE', *, *, #573, .F. ) ;
#1615 = AXIS2_PLACEMENT_3D ( 'NONE', #10307, #4843, #7103 ) ;
#1616 = DIRECTION ( 'NONE',  ( -0.6976879003705731552, 0.000000000000000000, 0.7164018381303199901 ) ) ;
#1617 = ORIENTED_EDGE ( 'NONE', *, *, #10430, .F. ) ;
#1618 = CARTESIAN_POINT ( 'NONE',  ( 0.000000000000000000, 2.700000000000000178, 8.380760349918485730 ) ) ;
#1619 = CARTESIAN_POINT ( 'NONE',  ( 11.92795921413733140, 2.700000000000000178, 18.23876044591848355 ) ) ;
#1620 = CARTESIAN_POINT ( 'NONE',  ( -1.541720457149923451, 3.000000000000000000, 18.04320339815924967 ) ) ;
#1621 = DIRECTION ( 'NONE',  ( -0.000000000000000000, 1.000000000000000000, -0.000000000000000000 ) ) ;
#1622 = ORIENTED_EDGE ( 'NONE', *, *, #3491, .T. ) ;
#1623 = CARTESIAN_POINT ( 'NONE',  ( 3.373162113385455463, 3.000000000000000000, 4.987211528930751037 ) ) ;
#1624 = DIRECTION ( 'NONE',  ( 0.9270179315409917686, 0.000000000000000000, -0.3750170057496873821 ) ) ;
#1625 = EDGE_LOOP ( 'NONE', ( #5557, #5854, #12513, #12738 ) ) ;
#1626 = LINE ( 'NONE', #5790, #2973 ) ;
#1627 = ADVANCED_FACE ( 'NONE', ( #1746 ), #790, .T. ) ;
#1628 = ORIENTED_EDGE ( 'NONE', *, *, #5436, .F. ) ;
#1629 = EDGE_CURVE ( 'NONE', #262, #2196, #12278, .T. ) ;
#1630 = DIRECTION ( 'NONE',  ( -0.2805642191204669178, 0.000000000000000000, 0.9598352561504097658 ) ) ;
#1631 = EDGE_LOOP ( 'NONE', ( #7345, #5012, #5676, #2397 ) ) ;
#1632 = LINE ( 'NONE', #5797, #5395 ) ;
#1633 = CARTESIAN_POINT ( 'NONE',  ( -34.63964996186266632, 2.700000000000000178, 3.809801749918482194 ) ) ;
#1634 = ORIENTED_EDGE ( 'NONE', *, *, #490, .T. ) ;
#1635 = FACE_OUTER_BOUND ( 'NONE', #4873, .T. ) ;
#1636 = CARTESIAN_POINT ( 'NONE',  ( 11.48775791013733105, 3.000000000000000000, 17.20625450991848027 ) ) ;
#1637 = ORIENTED_EDGE ( 'NONE', *, *, #4004, .T. ) ;
#1638 = DIRECTION ( 'NONE',  ( 0.1087336054244275596, 0.000000000000000000, 0.9940709245579033571 ) ) ;
#1639 = DIRECTION ( 'NONE',  ( 0.3887057852901643074, 0.000000000000000000, 0.9213619334886571366 ) ) ;
#1640 = ORIENTED_EDGE ( 'NONE', *, *, #10910, .T. ) ;
#1641 = ADVANCED_FACE ( 'NONE', ( #3934 ), #3730, .T. ) ;
#1642 = DIRECTION ( 'NONE',  ( 0.3815744657993927480, 0.000000000000000000, 0.9243381021303341827 ) ) ;
#1643 = AXIS2_PLACEMENT_3D ( 'NONE', #1618, #7901, #5713 ) ;
#1644 = ORIENTED_EDGE ( 'NONE', *, *, #3092, .T. ) ;
#1645 = ORIENTED_EDGE ( 'NONE', *, *, #76, .F. ) ;
#1646 = EDGE_CURVE ( 'NONE', #11614, #6895, #6875, .T. ) ;
#1647 = CARTESIAN_POINT ( 'NONE',  ( -12.05615944186266830, 2.700000000000000178, 9.728690597918481231 ) ) ;
#1648 = ORIENTED_EDGE ( 'NONE', *, *, #903, .T. ) ;
#1649 = CIRCLE ( 'NONE', #5357, 1.700000000000000178 ) ;
#1650 = LINE ( 'NONE', #6767, #13502 ) ;
#1651 = AXIS2_PLACEMENT_3D ( 'NONE', #12755, #7558, #2500 ) ;
#1652 = DIRECTION ( 'NONE',  ( -0.1231827809125627532, 0.000000000000000000, 0.9923839995116040535 ) ) ;
#1653 = LINE ( 'NONE', #12926, #7259 ) ;
#1654 = DIRECTION ( 'NONE',  ( 0.000000000000000000, 1.000000000000000000, -0.000000000000000000 ) ) ;
#1655 = DIRECTION ( 'NONE',  ( -0.1976663333700900138, 0.000000000000000000, -0.9802693612737390927 ) ) ;
#1656 = FACE_OUTER_BOUND ( 'NONE', #7378, .T. ) ;
#1657 = ORIENTED_EDGE ( 'NONE', *, *, #4577, .F. ) ;
#1658 = PLANE ( 'NONE',  #12035 ) ;
#1659 = DIRECTION ( 'NONE',  ( -0.000000000000000000, 1.000000000000000000, -0.000000000000000000 ) ) ;
#1660 = ORIENTED_EDGE ( 'NONE', *, *, #7676, .T. ) ;
#1661 = ORIENTED_EDGE ( 'NONE', *, *, #4078, .F. ) ;
#1662 = ADVANCED_FACE ( 'NONE', ( #7014 ), #11252, .T. ) ;
#1663 = VERTEX_POINT ( 'NONE', #10976 ) ;
#1664 = EDGE_CURVE ( 'NONE', #702, #4515, #591, .T. ) ;
#1665 = LINE ( 'NONE', #9864, #3 ) ;
#1666 = EDGE_LOOP ( 'NONE', ( #2940, #10724, #10234, #3758 ) ) ;
#1667 = CARTESIAN_POINT ( 'NONE',  ( -22.25999999999998025, 0.000000000000000000, -30.13000000000000966 ) ) ;
#1668 = CARTESIAN_POINT ( 'NONE',  ( -0.4319076259688597319, 3.000000000000000000, 2.626438388410858416 ) ) ;
#1669 = CARTESIAN_POINT ( 'NONE',  ( 11.20312652613732141, 3.000000000000000000, 15.90134982991847679 ) ) ;
#1670 = DIRECTION ( 'NONE',  ( 0.7396924151211446974, 0.000000000000000000, 0.6729451173849528844 ) ) ;
#1671 = LINE ( 'NONE', #10207, #2854 ) ;
#1672 = DIRECTION ( 'NONE',  ( 0.9985679609952021751, 0.000000000000000000, -0.05349791840702060319 ) ) ;
#1673 = ORIENTED_EDGE ( 'NONE', *, *, #1589, .F. ) ;
#1674 = DIRECTION ( 'NONE',  ( 0.9238789273892187293, 0.000000000000000000, 0.3826848932557266880 ) ) ;
#1675 = ORIENTED_EDGE ( 'NONE', *, *, #2237, .F. ) ;
#1676 = FACE_OUTER_BOUND ( 'NONE', #9314, .T. ) ;
#1677 = PLANE ( 'NONE',  #3124 ) ;
#1678 = DIRECTION ( 'NONE',  ( -0.6694230884220485622, 0.000000000000000000, 0.7428813691885710613 ) ) ;
#1679 = LINE ( 'NONE', #11181, #2242 ) ;
#1680 = VERTEX_POINT ( 'NONE', #11180 ) ;
#1681 = CARTESIAN_POINT ( 'NONE',  ( -27.45424802586267887, 2.700000000000000178, 0.9276495259184798226 ) ) ;
#1682 = LINE ( 'NONE', #12351, #5472 ) ;
#1683 = ORIENTED_EDGE ( 'NONE', *, *, #3985, .F. ) ;
#1684 = CARTESIAN_POINT ( 'NONE',  ( 43.08399647013732903, 2.700000000000000178, 9.782460365918479894 ) ) ;
#1685 = ORIENTED_EDGE ( 'NONE', *, *, #9297, .T. ) ;
#1686 = VECTOR ( 'NONE', #1670, 1000.000000000000114 ) ;
#1687 = VECTOR ( 'NONE', #7882, 1000.000000000000000 ) ;
#1688 = DIRECTION ( 'NONE',  ( 0.9593610758068137345, 0.000000000000000000, -0.2821813711547821457 ) ) ;
#1689 = EDGE_CURVE ( 'NONE', #706, #9277, #9058, .T. ) ;
#1690 = VERTEX_POINT ( 'NONE', #724 ) ;
#1691 = DIRECTION ( 'NONE',  ( 0.000000000000000000, 0.000000000000000000, -1.000000000000000000 ) ) ;
#1692 = CARTESIAN_POINT ( 'NONE',  ( 0.000000000000000000, 2.700000000000000178, 8.684835941918485958 ) ) ;
#1693 = ORIENTED_EDGE ( 'NONE', *, *, #9104, .F. ) ;
#1694 = DIRECTION ( 'NONE',  ( -0.9452002409823905271, 0.000000000000000000, 0.3264912011782721835 ) ) ;
#1695 = DIRECTION ( 'NONE',  ( -0.000000000000000000, 1.000000000000000000, -0.000000000000000000 ) ) ;
#1696 = EDGE_CURVE ( 'NONE', #11580, #1285, #1820, .T. ) ;
#1697 = ORIENTED_EDGE ( 'NONE', *, *, #10820, .F. ) ;
#1698 = CARTESIAN_POINT ( 'NONE',  ( -42.20930106586268238, 2.700000000000000178, 20.29888535791848625 ) ) ;
#1699 = DIRECTION ( 'NONE',  ( -0.000000000000000000, 1.000000000000000000, -0.000000000000000000 ) ) ;
#1700 = ORIENTED_EDGE ( 'NONE', *, *, #5301, .T. ) ;
#1701 = LINE ( 'NONE', #10862, #8407 ) ;
#1702 = EDGE_CURVE ( 'NONE', #7989, #5216, #5025, .T. ) ;
#1703 = EDGE_CURVE ( 'NONE', #12766, #181, #13365, .T. ) ;
#1704 = ORIENTED_EDGE ( 'NONE', *, *, #3458, .T. ) ;
#1705 = ORIENTED_EDGE ( 'NONE', *, *, #8582, .F. ) ;
#1706 = LINE ( 'NONE', #10249, #12865 ) ;
#1707 = ORIENTED_EDGE ( 'NONE', *, *, #6083, .T. ) ;
#1708 = CARTESIAN_POINT ( 'NONE',  ( 0.000000000000000000, 2.700000000000000178, 5.589733165918477908 ) ) ;
#1709 = EDGE_CURVE ( 'NONE', #10821, #3830, #5784, .T. ) ;
#1710 = CARTESIAN_POINT ( 'NONE',  ( 12.86009216470917593, 2.700000000000000178, -5.299001481153521986 ) ) ;
#1711 = LINE ( 'NONE', #5881, #13138 ) ;
#1712 = CARTESIAN_POINT ( 'NONE',  ( 18.81647618484391060, 2.700000000000000178, 20.48187093134938053 ) ) ;
#1713 = CARTESIAN_POINT ( 'NONE',  ( 27.07150490514872132, 3.000000000000000000, -11.17525445585297739 ) ) ;
#1714 = LINE ( 'NONE', #5884, #8133 ) ;
#1715 = VERTEX_POINT ( 'NONE', #9951 ) ;
#1716 = DIRECTION ( 'NONE',  ( -0.000000000000000000, 0.000000000000000000, -1.000000000000000000 ) ) ;
#1717 = FACE_OUTER_BOUND ( 'NONE', #3689, .T. ) ;
#1718 = VERTEX_POINT ( 'NONE', #4755 ) ;
#1719 = DIRECTION ( 'NONE',  ( -1.000000000000000000, 0.000000000000000000, 0.000000000000000000 ) ) ;
#1720 = VECTOR ( 'NONE', #1560, 1000.000000000000000 ) ;
#1721 = VERTEX_POINT ( 'NONE', #4825 ) ;
#1722 = VECTOR ( 'NONE', #8347, 1000.000000000000000 ) ;
#1723 = APPROVAL_ROLE ( '' ) ;
#1724 = ORIENTED_EDGE ( 'NONE', *, *, #4136, .T. ) ;
#1725 = LINE ( 'NONE', #5895, #2396 ) ;
#1726 = VECTOR ( 'NONE', #11455, 1000.000000000000114 ) ;
#1727 = ORIENTED_EDGE ( 'NONE', *, *, #12832, .F. ) ;
#1728 = DIRECTION ( 'NONE',  ( -0.1469601115001182845, 0.000000000000000000, 0.9891424192844390229 ) ) ;
#1729 = DIRECTION ( 'NONE',  ( -0.3824844415231389849, 0.000000000000000000, -0.9239619321123205831 ) ) ;
#1730 = ADVANCED_FACE ( 'NONE', ( #8988 ), #13159, .T. ) ;
#1731 = DIRECTION ( 'NONE',  ( -0.000000000000000000, 1.000000000000000000, -0.000000000000000000 ) ) ;
#1732 = DIRECTION ( 'NONE',  ( -0.2877425631966562536, 0.000000000000000000, -0.9577077932882337441 ) ) ;
#1733 = AXIS2_PLACEMENT_3D ( 'NONE', #2770, #1616, #5779 ) ;
#1734 = DIRECTION ( 'NONE',  ( -0.000000000000000000, 1.000000000000000000, -0.000000000000000000 ) ) ;
#1735 = VECTOR ( 'NONE', #6710, 1000.000000000000000 ) ;
#1736 = CARTESIAN_POINT ( 'NONE',  ( -3.392520385818005746, 3.000000000000000000, -17.05594934600265944 ) ) ;
#1737 = EDGE_CURVE ( 'NONE', #5216, #13472, #5230, .T. ) ;
#1738 = PLANE ( 'NONE',  #12783 ) ;
#1739 = VERTEX_POINT ( 'NONE', #7285 ) ;
#1740 = VECTOR ( 'NONE', #2488, 1000.000000000000000 ) ;
#1741 = CARTESIAN_POINT ( 'NONE',  ( 28.13999791013733542, 3.000000000000000000, 8.746638205918486619 ) ) ;
#1742 = EDGE_CURVE ( 'NONE', #7490, #7162, #8239, .T. ) ;
#1743 = VERTEX_POINT ( 'NONE', #11518 ) ;
#1744 = CARTESIAN_POINT ( 'NONE',  ( -9.681512425862681681, 3.000000000000000000, 9.650647573918481825 ) ) ;
#1745 = CARTESIAN_POINT ( 'NONE',  ( -3.667129580639989062, 2.700000000000000178, -1.584072332771111702 ) ) ;
#1746 = FACE_OUTER_BOUND ( 'NONE', #4354, .T. ) ;
#1747 = DIRECTION ( 'NONE',  ( 0.9525775992158904693, 0.000000000000000000, -0.3042957730105534386 ) ) ;
#1748 = ORIENTED_EDGE ( 'NONE', *, *, #4564, .F. ) ;
#1749 = EDGE_CURVE ( 'NONE', #4941, #5496, #3051, .T. ) ;
#1750 = AXIS2_PLACEMENT_3D ( 'NONE', #4520, #1250, #7539 ) ;
#1751 = DIRECTION ( 'NONE',  ( -1.000000000000000000, 0.000000000000000000, 0.000000000000000000 ) ) ;
#1752 = DIRECTION ( 'NONE',  ( 0.3815718926976354175, 0.000000000000000000, 0.9243391643239748934 ) ) ;
#1753 = ORIENTED_EDGE ( 'NONE', *, *, #10245, .F. ) ;
#1754 = DIRECTION ( 'NONE',  ( -1.000000000000000000, 0.000000000000000000, 0.000000000000000000 ) ) ;
#1755 = ORIENTED_EDGE ( 'NONE', *, *, #2483, .F. ) ;
#1756 = VECTOR ( 'NONE', #2159, 999.9999999999998863 ) ;
#1757 = VECTOR ( 'NONE', #2832, 1000.000000000000000 ) ;
#1758 = VECTOR ( 'NONE', #3748, 999.9999999999998863 ) ;
#1759 = DIRECTION ( 'NONE',  ( -0.8598862481892435294, 0.000000000000000000, 0.5104856904703860554 ) ) ;
#1760 = ORIENTED_EDGE ( 'NONE', *, *, #1412, .T. ) ;
#1761 = CARTESIAN_POINT ( 'NONE',  ( -10.11121540186268497, 2.700000000000000178, 19.38419884591847975 ) ) ;
#1762 = DIRECTION ( 'NONE',  ( 0.8933547143928022294, 0.000000000000000000, -0.4493521495132238863 ) ) ;
#1763 = ORIENTED_EDGE ( 'NONE', *, *, #6657, .F. ) ;
#1764 = DIRECTION ( 'NONE',  ( 1.000000000000000000, -0.000000000000000000, 0.000000000000000000 ) ) ;
#1765 = DIRECTION ( 'NONE',  ( -0.9799092182948457852, 0.000000000000000000, -0.1994440370148581054 ) ) ;
#1766 = ORIENTED_EDGE ( 'NONE', *, *, #3319, .T. ) ;
#1767 = FACE_OUTER_BOUND ( 'NONE', #6265, .T. ) ;
#1768 = CARTESIAN_POINT ( 'NONE',  ( -8.494440377862666480, 2.700000000000000178, 8.684835941918485958 ) ) ;
#1769 = ORIENTED_EDGE ( 'NONE', *, *, #9061, .T. ) ;
#1770 = VECTOR ( 'NONE', #3304, 1000.000000000000000 ) ;
#1771 = CARTESIAN_POINT ( 'NONE',  ( 0.000000000000000000, 3.000000000000000000, 8.682362997918483316 ) ) ;
#1772 = ORIENTED_EDGE ( 'NONE', *, *, #9244, .T. ) ;
#1773 = EDGE_LOOP ( 'NONE', ( #5609, #12340, #8882, #6969 ) ) ;
#1774 = VECTOR ( 'NONE', #3305, 1000.000000000000000 ) ;
#1775 = EDGE_CURVE ( 'NONE', #7036, #6170, #3113, .T. ) ;
#1776 = LINE ( 'NONE', #6903, #7192 ) ;
#1777 = ORIENTED_EDGE ( 'NONE', *, *, #10500, .F. ) ;
#1778 = DIRECTION ( 'NONE',  ( 0.6881667630895266230, 0.000000000000000000, 0.7255525523205630378 ) ) ;
#1779 = VECTOR ( 'NONE', #25, 1000.000000000000000 ) ;
#1780 = CARTESIAN_POINT ( 'NONE',  ( -29.01556367386267610, 2.700000000000000178, 0.000000000000000000 ) ) ;
#1781 = DIRECTION ( 'NONE',  ( 0.3648949911690725911, 0.000000000000000000, -0.9310486804779448677 ) ) ;
#1782 = ORIENTED_EDGE ( 'NONE', *, *, #4950, .T. ) ;
#1783 = PLANE ( 'NONE',  #7446 ) ;
#1784 = LINE ( 'NONE', #11290, #2551 ) ;
#1785 = CARTESIAN_POINT ( 'NONE',  ( -45.35384544986267485, 2.700000000000000178, 20.79331058191848314 ) ) ;
#1786 = VERTEX_POINT ( 'NONE', #12478 ) ;
#1787 = CARTESIAN_POINT ( 'NONE',  ( 31.67189737413732331, 2.700000000000000178, 8.649143861918481946 ) ) ;
#1788 = CARTESIAN_POINT ( 'NONE',  ( 0.000000000000000000, 2.700000000000000178, 3.809801749918482194 ) ) ;
#1789 = VERTEX_POINT ( 'NONE', #2225 ) ;
#1790 = CARTESIAN_POINT ( 'NONE',  ( -28.24345955386267804, 3.000000000000000000, 1.728197581918484715 ) ) ;
#1791 = ORIENTED_EDGE ( 'NONE', *, *, #5128, .T. ) ;
#1792 = ORIENTED_EDGE ( 'NONE', *, *, #3122, .F. ) ;
#1793 = DIRECTION ( 'NONE',  ( -1.000000000000000000, 0.000000000000000000, 0.000000000000000000 ) ) ;
#1794 = VECTOR ( 'NONE', #7351, 1000.000000000000000 ) ;
#1795 = VECTOR ( 'NONE', #3216, 999.9999999999998863 ) ;
#1796 = EDGE_CURVE ( 'NONE', #9051, #12345, #8443, .T. ) ;
#1797 = ORIENTED_EDGE ( 'NONE', *, *, #2736, .T. ) ;
#1798 = ORIENTED_EDGE ( 'NONE', *, *, #3576, .F. ) ;
#1799 = DIRECTION ( 'NONE',  ( -0.000000000000000000, 1.000000000000000000, -0.000000000000000000 ) ) ;
#1800 = DIRECTION ( 'NONE',  ( -0.000000000000000000, 1.000000000000000000, -0.000000000000000000 ) ) ;
#1801 = ADVANCED_FACE ( 'NONE', ( #2093 ), #4276, .T. ) ;
#1802 = LINE ( 'NONE', #13010, #2870 ) ;
#1803 = DIRECTION ( 'NONE',  ( -0.4327284778639396423, 0.000000000000000000, -0.9015243005296961210 ) ) ;
#1804 = CARTESIAN_POINT ( 'NONE',  ( 0.000000000000000000, 2.700000000000000178, 1.090463525918483834 ) ) ;
#1805 = VECTOR ( 'NONE', #9402, 1000.000000000000000 ) ;
#1806 = DIRECTION ( 'NONE',  ( -1.000000000000000000, 0.000000000000000000, 0.000000000000000000 ) ) ;
#1807 = EDGE_CURVE ( 'NONE', #2719, #995, #6321, .T. ) ;
#1808 = CARTESIAN_POINT ( 'NONE',  ( 45.56849239013732955, 3.000000000000000000, -0.000000000000000000 ) ) ;
#1809 = VECTOR ( 'NONE', #2171, 1000.000000000000000 ) ;
#1810 = EDGE_LOOP ( 'NONE', ( #9376, #2401 ) ) ;
#1811 = AXIS2_PLACEMENT_3D ( 'NONE', #1963, #1210, #4027 ) ;
#1812 = EDGE_CURVE ( 'NONE', #9817, #11753, #7213, .T. ) ;
#1813 = DIRECTION ( 'NONE',  ( -0.000000000000000000, 1.000000000000000000, -0.000000000000000000 ) ) ;
#1814 = EDGE_CURVE ( 'NONE', #1894, #8836, #12282, .T. ) ;
#1815 = ORIENTED_EDGE ( 'NONE', *, *, #1276, .F. ) ;
#1816 = PLANE ( 'NONE',  #6224 ) ;
#1817 = LINE ( 'NONE', #12066, #9018 ) ;
#1818 = EDGE_CURVE ( 'NONE', #5820, #7791, #1954, .T. ) ;
#1819 = AXIS2_PLACEMENT_3D ( 'NONE', #396, #4563, #7711 ) ;
#1820 = LINE ( 'NONE', #5985, #8282 ) ;
#1821 = EDGE_CURVE ( 'NONE', #13230, #7042, #5365, .T. ) ;
#1822 = PLANE ( 'NONE',  #7152 ) ;
#1823 = ORIENTED_EDGE ( 'NONE', *, *, #7639, .F. ) ;
#1824 = DIRECTION ( 'NONE',  ( 0.5945305086078583878, 0.000000000000000000, -0.8040730528593040827 ) ) ;
#1825 = DIRECTION ( 'NONE',  ( -0.9956331021264480663, 0.000000000000000000, -0.09335269653344568930 ) ) ;
#1826 = VECTOR ( 'NONE', #628, 999.9999999999998863 ) ;
#1827 = LINE ( 'NONE', #4085, #6018 ) ;
#1828 = ADVANCED_FACE ( 'NONE', ( #10421 ), #12546, .T. ) ;
#1829 = ORIENTED_EDGE ( 'NONE', *, *, #9480, .F. ) ;
#1830 = VERTEX_POINT ( 'NONE', #928 ) ;
#1831 = EDGE_CURVE ( 'NONE', #7974, #8700, #10361, .T. ) ;
#1832 = DIRECTION ( 'NONE',  ( 0.000000000000000000, 0.000000000000000000, 1.000000000000000000 ) ) ;
#1833 = DIRECTION ( 'NONE',  ( -0.1128350176863508886, 0.000000000000000000, 0.9936137372156853553 ) ) ;
#1834 = EDGE_LOOP ( 'NONE', ( #11794, #4171, #3295, #2633 ) ) ;
#1835 = LINE ( 'NONE', #10303, #7145 ) ;
#1836 = DIRECTION ( 'NONE',  ( -0.000000000000000000, 1.000000000000000000, -0.000000000000000000 ) ) ;
#1837 = EDGE_LOOP ( 'NONE', ( #12705, #12555, #5461, #5439 ) ) ;
#1838 = LINE ( 'NONE', #10235, #4182 ) ;
#1839 = CARTESIAN_POINT ( 'NONE',  ( -50.53789502586267446, 2.700000000000000178, 13.45109514191848277 ) ) ;
#1840 = VECTOR ( 'NONE', #7386, 1000.000000000000114 ) ;
#1841 = VERTEX_POINT ( 'NONE', #1130 ) ;
#1842 = DIRECTION ( 'NONE',  ( -0.9616069243909913800, 0.000000000000000000, 0.2744305430583449112 ) ) ;
#1843 = CARTESIAN_POINT ( 'NONE',  ( -11.46902421786267112, 3.000000000000000000, 14.60310604591848183 ) ) ;
#1844 = VERTEX_POINT ( 'NONE', #4338 ) ;
#1845 = CARTESIAN_POINT ( 'NONE',  ( 21.93202289644724345, 2.700000000000000178, -9.115054173568267970 ) ) ;
#1846 = EDGE_LOOP ( 'NONE', ( #11214, #9089, #10423, #1707 ) ) ;
#1847 = ORIENTED_EDGE ( 'NONE', *, *, #735, .F. ) ;
#1848 = PLANE ( 'NONE',  #3692 ) ;
#1849 = ORIENTED_EDGE ( 'NONE', *, *, #8711, .T. ) ;
#1850 = CARTESIAN_POINT ( 'NONE',  ( -30.53592131386267283, 2.700000000000000178, 8.684835941918485958 ) ) ;
#1851 = LINE ( 'NONE', #6425, #8530 ) ;
#1852 = LINE ( 'NONE', #6021, #5073 ) ;
#1853 = VERTEX_POINT ( 'NONE', #12611 ) ;
#1854 = CARTESIAN_POINT ( 'NONE',  ( 58.00000000000002132, 0.000000000000000000, -51.00000000000000711 ) ) ;
#1855 = DIRECTION ( 'NONE',  ( 0.8861933879638910216, 0.000000000000000000, -0.4633155286940862094 ) ) ;
#1856 = AXIS2_PLACEMENT_3D ( 'NONE', #9542, #2434, #9807 ) ;
#1857 = ORIENTED_EDGE ( 'NONE', *, *, #10145, .F. ) ;
#1858 = DIRECTION ( 'NONE',  ( 0.000000000000000000, 0.000000000000000000, 1.000000000000000000 ) ) ;
#1859 = LINE ( 'NONE', #10127, #645 ) ;
#1860 = ORIENTED_EDGE ( 'NONE', *, *, #3347, .F. ) ;
#1861 = LINE ( 'NONE', #13469, #9555 ) ;
#1862 = AXIS2_PLACEMENT_3D ( 'NONE', #2051, #6077, #6011 ) ;
#1863 = EDGE_LOOP ( 'NONE', ( #9084, #10025, #4853, #2481 ) ) ;
#1864 = VECTOR ( 'NONE', #2699, 1000.000000000000000 ) ;
#1865 = DATE_AND_TIME ( #11365, #169 ) ;
#1866 = ORIENTED_EDGE ( 'NONE', *, *, #5708, .T. ) ;
#1867 = CARTESIAN_POINT ( 'NONE',  ( -11.33738719386267135, 2.700000000000000178, -18.47889433808151693 ) ) ;
#1868 = ORIENTED_EDGE ( 'NONE', *, *, #12569, .T. ) ;
#1869 = ORIENTED_EDGE ( 'NONE', *, *, #244, .T. ) ;
#1870 = CARTESIAN_POINT ( 'NONE',  ( 3.394863153404089395, 2.700000000000000178, -6.385170547249761519 ) ) ;
#1871 = LINE ( 'NONE', #7201, #13317 ) ;
#1872 = EDGE_CURVE ( 'NONE', #9508, #10359, #3250, .T. ) ;
#1874 = VECTOR ( 'NONE', #598, 1000.000000000000114 ) ;
#1873 = LINE ( 'NONE', #3922, #9197 ) ;
#1875 = LINE ( 'NONE', #9116, #10067 ) ;
#1876 = PLANE ( 'NONE',  #11587 ) ;
#1877 = EDGE_CURVE ( 'NONE', #12115, #9638, #11414, .T. ) ;
#1878 = CARTESIAN_POINT ( 'NONE',  ( -9.681512425862681681, 2.700000000000000178, 9.650647573918481825 ) ) ;
#1879 = DIRECTION ( 'NONE',  ( 0.9254585570901160407, 0.000000000000000000, 0.3788488605086208771 ) ) ;
#1880 = EDGE_CURVE ( 'NONE', #13471, #6410, #5102, .T. ) ;
#1881 = VECTOR ( 'NONE', #6203, 1000.000000000000000 ) ;
#1882 = ORIENTED_EDGE ( 'NONE', *, *, #502, .T. ) ;
#1883 = CARTESIAN_POINT ( 'NONE',  ( -25.82899346586267697, 2.700000000000000178, 8.682362997918483316 ) ) ;
#1884 = ORIENTED_EDGE ( 'NONE', *, *, #7641, .F. ) ;
#1885 = LINE ( 'NONE', #7212, #7969 ) ;
#1886 = DIRECTION ( 'NONE',  ( -0.000000000000000000, 1.000000000000000000, -0.000000000000000000 ) ) ;
#1887 = FACE_OUTER_BOUND ( 'NONE', #9546, .T. ) ;
#1888 = ORIENTED_EDGE ( 'NONE', *, *, #12613, .F. ) ;
#1889 = CARTESIAN_POINT ( 'NONE',  ( 25.02580754213731140, 2.700000000000000178, 1.294713053918478574 ) ) ;
#1890 = CARTESIAN_POINT ( 'NONE',  ( 7.233227430137318947, 2.700000000000000178, 2.128756597918481042 ) ) ;
#1891 = DIRECTION ( 'NONE',  ( -0.08795456370900137100, 0.000000000000000000, -0.9961244875630551610 ) ) ;
#1892 = VECTOR ( 'NONE', #9043, 1000.000000000000000 ) ;
#1893 = ORIENTED_EDGE ( 'NONE', *, *, #3243, .T. ) ;
#1894 = VERTEX_POINT ( 'NONE', #4081 ) ;
#1895 = ADVANCED_FACE ( 'NONE', ( #3699 ), #494, .T. ) ;
#1896 = LINE ( 'NONE', #11834, #10754 ) ;
#1897 = CARTESIAN_POINT ( 'NONE',  ( 13.75586833502910444, 3.000000000000000000, -5.844790165257037096 ) ) ;
#1898 = EDGE_LOOP ( 'NONE', ( #5323, #6842, #11134, #9859 ) ) ;
#1899 = DIRECTION ( 'NONE',  ( 0.9252461951942897445, 0.000000000000000000, 0.3793672077005210141 ) ) ;
#1900 = CARTESIAN_POINT ( 'NONE',  ( -47.92485783386268139, 2.700000000000000178, 20.48182225391848377 ) ) ;
#1901 = VERTEX_POINT ( 'NONE', #10874 ) ;
#1902 = DIRECTION ( 'NONE',  ( -0.9967722461048652560, 0.000000000000000000, -0.08028131410896159614 ) ) ;
#1903 = PLANE ( 'NONE',  #2704 ) ;
#1904 = EDGE_CURVE ( 'NONE', #6295, #6427, #7737, .T. ) ;
#1905 = AXIS2_PLACEMENT_3D ( 'NONE', #6268, #11531, #8390 ) ;
#1906 = VERTEX_POINT ( 'NONE', #7670 ) ;
#1907 = CARTESIAN_POINT ( 'NONE',  ( -29.01556367386267610, 2.700000000000000178, 8.684835941918485958 ) ) ;
#1908 = LINE ( 'NONE', #12430, #10243 ) ;
#1909 = VERTEX_POINT ( 'NONE', #12995 ) ;
#1910 = DIRECTION ( 'NONE',  ( -0.000000000000000000, 1.000000000000000000, -0.000000000000000000 ) ) ;
#1911 = EDGE_CURVE ( 'NONE', #5113, #4432, #6708, .T. ) ;
#1912 = ADVANCED_FACE ( 'NONE', ( #3636 ), #11908, .T. ) ;
#1913 = VERTEX_POINT ( 'NONE', #2610 ) ;
#1914 = ORIENTED_EDGE ( 'NONE', *, *, #8303, .T. ) ;
#1915 = AXIS2_PLACEMENT_3D ( 'NONE', #5916, #10085, #6785 ) ;
#1916 = DIRECTION ( 'NONE',  ( -0.000000000000000000, 1.000000000000000000, -0.000000000000000000 ) ) ;
#1917 = ORIENTED_EDGE ( 'NONE', *, *, #9297, .F. ) ;
#1918 = CARTESIAN_POINT ( 'NONE',  ( 52.91812463013732781, 2.700000000000000178, 20.48923905391848166 ) ) ;
#1919 = CIRCLE ( 'NONE', #7155, 2.000000000000001776 ) ;
#1920 = ADVANCED_FACE ( 'NONE', ( #2545 ), #13057, .T. ) ;
#1921 = DIRECTION ( 'NONE',  ( -0.000000000000000000, 1.000000000000000000, -0.000000000000000000 ) ) ;
#1922 = CARTESIAN_POINT ( 'NONE',  ( -7.278154265862681882, 2.700000000000000178, 20.48923905391848166 ) ) ;
#1923 = ORIENTED_EDGE ( 'NONE', *, *, #190, .F. ) ;
#1924 = CARTESIAN_POINT ( 'NONE',  ( -0.5456806615859978171, 2.700000000000000178, 3.265603995274444227 ) ) ;
#1925 = CARTESIAN_POINT ( 'NONE',  ( -41.12466416986266893, 2.700000000000000178, 19.72009758991848116 ) ) ;
#1926 = ADVANCED_FACE ( 'NONE', ( #7872 ), #5758, .T. ) ;
#1927 = VERTEX_POINT ( 'NONE', #6775 ) ;
#1928 = CARTESIAN_POINT ( 'NONE',  ( 37.12618263013732189, 2.700000000000000178, 0.000000000000000000 ) ) ;
#1929 = CARTESIAN_POINT ( 'NONE',  ( 11.55503492729157244, 2.700000000000000178, 12.56549705044518461 ) ) ;
#1930 = ORIENTED_EDGE ( 'NONE', *, *, #6714, .F. ) ;
#1931 = ADVANCED_FACE ( 'NONE', ( #9779 ), #11971, .T. ) ;
#1932 = CARTESIAN_POINT ( 'NONE',  ( 0.000000000000000000, 2.700000000000000178, 0.000000000000000000 ) ) ;
#1933 = ORIENTED_EDGE ( 'NONE', *, *, #10756, .F. ) ;
#1934 = PERSON_AND_ORGANIZATION ( #7799, #1257 ) ;
#1935 = ORIENTED_EDGE ( 'NONE', *, *, #8136, .F. ) ;
#1936 = DIRECTION ( 'NONE',  ( -0.3693887080512758270, 0.000000000000000000, -0.9292749767233643432 ) ) ;
#1937 = ORIENTED_EDGE ( 'NONE', *, *, #12453, .F. ) ;
#1938 = VERTEX_POINT ( 'NONE', #5686 ) ;
#1939 = PLANE ( 'NONE',  #5164 ) ;
#1940 = CARTESIAN_POINT ( 'NONE',  ( 24.91882071013731803, 2.700000000000000178, 0.7641426139184834820 ) ) ;
#1941 = CARTESIAN_POINT ( 'NONE',  ( -14.35189678586267625, 3.000000000000000000, 16.68292205391848526 ) ) ;
#1942 = DIRECTION ( 'NONE',  ( 0.3910582461686524236, 0.000000000000000000, 0.9203659316290980774 ) ) ;
#1943 = CARTESIAN_POINT ( 'NONE',  ( -7.807190545862676245, 2.700000000000000178, 10.62792679791848016 ) ) ;
#1944 = LINE ( 'NONE', #13147, #13331 ) ;
#1945 = AXIS2_PLACEMENT_3D ( 'NONE', #6821, #1630, #3473 ) ;
#1946 = ADVANCED_FACE ( 'NONE', ( #10945 ), #423, .T. ) ;
#1947 = ORIENTED_EDGE ( 'NONE', *, *, #5873, .F. ) ;
#1948 = EDGE_CURVE ( 'NONE', #9828, #5468, #1514, .T. ) ;
#1949 = DIRECTION ( 'NONE',  ( -0.9957356910248242876, 0.000000000000000000, 0.09225201146487578552 ) ) ;
#1950 = ORIENTED_EDGE ( 'NONE', *, *, #5006, .F. ) ;
#1951 = AXIS2_PLACEMENT_3D ( 'NONE', #12954, #1674, #10006 ) ;
#1952 = CARTESIAN_POINT ( 'NONE',  ( 31.50000000000002842, 3.000000000000000000, -30.13000000000000966 ) ) ;
#1953 = VECTOR ( 'NONE', #6275, 1000.000000000000000 ) ;
#1954 = LINE ( 'NONE', #6115, #1794 ) ;
#1955 = VERTEX_POINT ( 'NONE', #2681 ) ;
#1956 = DIRECTION ( 'NONE',  ( -0.000000000000000000, 1.000000000000000000, -0.000000000000000000 ) ) ;
#1957 = CARTESIAN_POINT ( 'NONE',  ( 23.79712801293755930, 3.000000000000000000, -4.798569887916297461 ) ) ;
#1958 = DIRECTION ( 'NONE',  ( -0.9869663911105648335, 0.000000000000000000, 0.1609265137203548801 ) ) ;
#1959 = EDGE_CURVE ( 'NONE', #2617, #4911, #12040, .T. ) ;
#1960 = AXIS2_PLACEMENT_3D ( 'NONE', #5770, #7884, #13004 ) ;
#1961 = ORIENTED_EDGE ( 'NONE', *, *, #3159, .T. ) ;
#1962 = EDGE_LOOP ( 'NONE', ( #8742, #612, #6116, #10750, #4246, #12976, #70, #5422, #3962, #4778, #9405, #736, #11021, #911, #10530, #10115, #13476, #5060, #3932, #9929, #11162, #6565, #12309, #4466, #8768, #10949, #4669, #2147, #5924, #5109, #13475, #12160, #9112, #5664, #9024, #12972, #1705, #12498, #11319 ) ) ;
#1963 = CARTESIAN_POINT ( 'NONE',  ( -6.276145963849684151, 2.700000000000000178, 11.27642936789862915 ) ) ;
#1964 = DIRECTION ( 'NONE',  ( -1.000000000000000000, 0.000000000000000000, 0.000000000000000000 ) ) ;
#1965 = ADVANCED_FACE ( 'NONE', ( #8764, #11073 ), #1591, .T. ) ;
#1966 = VERTEX_POINT ( 'NONE', #11012 ) ;
#1967 = DIRECTION ( 'NONE',  ( 1.000000000000000000, 0.000000000000000000, -0.000000000000000000 ) ) ;
#1968 = CYLINDRICAL_SURFACE ( 'NONE', #4212, 1.700000000000000178 ) ;
#1969 = EDGE_LOOP ( 'NONE', ( #7899, #1041, #6273, #9819 ) ) ;
#1970 = LINE ( 'NONE', #5932, #12685 ) ;
#1971 = FACE_OUTER_BOUND ( 'NONE', #7925, .T. ) ;
#1972 = ADVANCED_FACE ( 'NONE', ( #1656 ), #3502, .T. ) ;
#1973 = VERTEX_POINT ( 'NONE', #6912 ) ;
#1974 = CARTESIAN_POINT ( 'NONE',  ( 25.95464287013731663, 3.000000000000000000, 0.5639001899184759026 ) ) ;
#1975 = DIRECTION ( 'NONE',  ( -0.9225069732799374700, 0.000000000000000000, -0.3859804195161828377 ) ) ;
#1976 = EDGE_LOOP ( 'NONE', ( #11135, #2235, #2658, #6464 ) ) ;
#1977 = LINE ( 'NONE', #10111, #12987 ) ;
#1978 = EDGE_CURVE ( 'NONE', #13276, #11630, #1714, .T. ) ;
#1979 = VECTOR ( 'NONE', #4493, 1000.000000000000000 ) ;
#1980 = VECTOR ( 'NONE', #2191, 999.9999999999998863 ) ;
#1981 = ORIENTED_EDGE ( 'NONE', *, *, #8013, .T. ) ;
#1982 = CARTESIAN_POINT ( 'NONE',  ( 17.59041162432085414, 2.700000000000000178, 27.76389902148883948 ) ) ;
#1983 = ORIENTED_EDGE ( 'NONE', *, *, #4406, .T. ) ;
#1984 = DIRECTION ( 'NONE',  ( -0.000000000000000000, -0.000000000000000000, 1.000000000000000000 ) ) ;
#1985 = ADVANCED_FACE ( 'NONE', ( #11149 ), #9030, .T. ) ;
#1986 = AXIS2_PLACEMENT_3D ( 'NONE', #11141, #10254, #3016 ) ;
#1987 = PLANE ( 'NONE',  #5691 ) ;
#1988 = CARTESIAN_POINT ( 'NONE',  ( -4.337878150083883888, 3.000000000000000000, 15.00939162442015551 ) ) ;
#1989 = EDGE_CURVE ( 'NONE', #3422, #4282, #13195, .T. ) ;
#1990 = ORIENTED_EDGE ( 'NONE', *, *, #13521, .T. ) ;
#1991 = FACE_BOUND ( 'NONE', #150, .T. ) ;
#1992 = CARTESIAN_POINT ( 'NONE',  ( 24.66171175013732508, 2.700000000000000178, 0.000000000000000000 ) ) ;
#1993 = VECTOR ( 'NONE', #13078, 1000.000000000000000 ) ;
#1994 = VECTOR ( 'NONE', #367, 1000.000000000000000 ) ;
#1995 = ORIENTED_EDGE ( 'NONE', *, *, #5856, .T. ) ;
#1996 = DIRECTION ( 'NONE',  ( 0.09436572921872624087, 0.000000000000000000, 0.9955375980589674656 ) ) ;
#1997 = DIRECTION ( 'NONE',  ( 0.1978980661722990475, 0.000000000000000000, -0.9802226050266665824 ) ) ;
#1998 = ORIENTED_EDGE ( 'NONE', *, *, #8487, .T. ) ;
#1999 = PLANE ( 'NONE',  #12391 ) ;
#2000 = AXIS2_PLACEMENT_3D ( 'NONE', #2366, #6535, #1342 ) ;
#2001 = ORIENTED_EDGE ( 'NONE', *, *, #1368, .T. ) ;
#2002 = EDGE_CURVE ( 'NONE', #5132, #2796, #8007, .T. ) ;
#2003 = VECTOR ( 'NONE', #224, 1000.000000000000000 ) ;
#2004 = PERSON_AND_ORGANIZATION ( #7799, #1257 ) ;
#2005 = EDGE_LOOP ( 'NONE', ( #6631, #5356, #1937, #6047 ) ) ;
#2006 = EDGE_CURVE ( 'NONE', #1927, #1913, #8570, .T. ) ;
#2007 = FACE_OUTER_BOUND ( 'NONE', #6692, .T. ) ;
#2008 = ORIENTED_EDGE ( 'NONE', *, *, #5205, .F. ) ;
#2009 = VERTEX_POINT ( 'NONE', #10485 ) ;
#2010 = CARTESIAN_POINT ( 'NONE',  ( 26.49340163762947853, 2.700000000000000178, -17.70246907967151984 ) ) ;
#2011 = DIRECTION ( 'NONE',  ( -0.000000000000000000, 1.000000000000000000, -0.000000000000000000 ) ) ;
#2012 = FACE_OUTER_BOUND ( 'NONE', #3278, .T. ) ;
#2013 = DIRECTION ( 'NONE',  ( -0.9080578997631727489, 0.000000000000000000, 0.4188446617514611781 ) ) ;
#2014 = CARTESIAN_POINT ( 'NONE',  ( 2.711446077147747769, 3.000000000000000000, 9.226021939608552103 ) ) ;
#2015 = VERTEX_POINT ( 'NONE', #1392 ) ;
#2016 = DIRECTION ( 'NONE',  ( -0.9766846073161271624, 0.000000000000000000, 0.2146792440636554333 ) ) ;
#2017 = ADVANCED_FACE ( 'NONE', ( #12608 ), #5429, .T. ) ;
#2018 = AXIS2_PLACEMENT_3D ( 'NONE', #6304, #1113, #5282 ) ;
#2019 = ORIENTED_EDGE ( 'NONE', *, *, #116, .T. ) ;
#2020 = PLANE ( 'NONE',  #11994 ) ;
#2021 = ORIENTED_EDGE ( 'NONE', *, *, #7800, .F. ) ;
#2022 = AXIS2_PLACEMENT_3D ( 'NONE', #2442, #5385, #1152 ) ;
#2023 = LINE ( 'NONE', #7147, #7536 ) ;
#2024 = DIRECTION ( 'NONE',  ( 0.000000000000000000, 0.000000000000000000, 1.000000000000000000 ) ) ;
#2025 = VERTEX_POINT ( 'NONE', #8440 ) ;
#2026 = AXIS2_PLACEMENT_3D ( 'NONE', #1785, #10124, #5951 ) ;
#2027 = VECTOR ( 'NONE', #872, 1000.000000000000000 ) ;
#2028 = CARTESIAN_POINT ( 'NONE',  ( 31.50000000000002842, 0.000000000000000000, -38.03000000000000824 ) ) ;
#2029 = CARTESIAN_POINT ( 'NONE',  ( 7.956033198137327567, 2.700000000000000178, -19.10586184208151650 ) ) ;
#2030 = EDGE_CURVE ( 'NONE', #5627, #1789, #12544, .T. ) ;
#2031 = DIRECTION ( 'NONE',  ( 1.000000000000000000, 0.000000000000000000, 0.000000000000000000 ) ) ;
#2032 = VECTOR ( 'NONE', #486, 1000.000000000000114 ) ;
#2033 = ORIENTED_EDGE ( 'NONE', *, *, #4380, .F. ) ;
#2034 = AXIS2_PLACEMENT_3D ( 'NONE', #522, #5580, #2573 ) ;
#2035 = ORIENTED_EDGE ( 'NONE', *, *, #8903, .F. ) ;
#2036 = DIRECTION ( 'NONE',  ( 0.000000000000000000, 0.000000000000000000, 1.000000000000000000 ) ) ;
#2037 = CARTESIAN_POINT ( 'NONE',  ( -40.50353358586267660, 2.700000000000000178, 16.54372497391847929 ) ) ;
#2038 = EDGE_LOOP ( 'NONE', ( #3970, #9070, #8963, #8595 ) ) ;
#2039 = CARTESIAN_POINT ( 'NONE',  ( 2.936666107178342422, 2.700000000000000178, 5.838370895270690752 ) ) ;
#2040 = DIRECTION ( 'NONE',  ( 0.000000000000000000, 0.000000000000000000, -1.000000000000000000 ) ) ;
#2041 = EDGE_LOOP ( 'NONE', ( #8058, #5619, #345, #5413 ) ) ;
#2043 = PLANE ( 'NONE',  #666 ) ;
#2042 = VECTOR ( 'NONE', #10310, 1000.000000000000000 ) ;
#2044 = DIRECTION ( 'NONE',  ( -0.7393017768804096557, 0.000000000000000000, -0.6733742515878291535 ) ) ;
#2045 = ADVANCED_FACE ( 'NONE', ( #5563 ), #2351, .T. ) ;
#2046 = ORIENTED_EDGE ( 'NONE', *, *, #7060, .T. ) ;
#2047 = FACE_OUTER_BOUND ( 'NONE', #9757, .T. ) ;
#2048 = FACE_OUTER_BOUND ( 'NONE', #10689, .T. ) ;
#2049 = ORIENTED_EDGE ( 'NONE', *, *, #82, .F. ) ;
#2050 = EDGE_CURVE ( 'NONE', #6225, #13096, #9531, .T. ) ;
#2051 = CARTESIAN_POINT ( 'NONE',  ( -52.49999999999902656, 0.000000000000000000, 46.97000000000000597 ) ) ;
#2052 = ORIENTED_EDGE ( 'NONE', *, *, #3452, .F. ) ;
#2053 = EDGE_CURVE ( 'NONE', #8681, #7262, #11657, .T. ) ;
#2054 = VECTOR ( 'NONE', #4694, 1000.000000000000000 ) ;
#2055 = PLANE ( 'NONE',  #11342 ) ;
#2056 = ORIENTED_EDGE ( 'NONE', *, *, #3290, .T. ) ;
#2057 = VECTOR ( 'NONE', #8477, 1000.000000000000000 ) ;
#2058 = CARTESIAN_POINT ( 'NONE',  ( 0.000000000000000000, 2.700000000000000178, 11.68599630991847960 ) ) ;
#2059 = VECTOR ( 'NONE', #1490, 1000.000000000000000 ) ;
#2060 = LINE ( 'NONE', #6356, #13179 ) ;
#2061 = DIRECTION ( 'NONE',  ( 1.000000000000000000, 0.000000000000000000, 0.000000000000000000 ) ) ;
#2062 = ORIENTED_EDGE ( 'NONE', *, *, #7463, .T. ) ;
#2063 = FACE_BOUND ( 'NONE', #10568, .T. ) ;
#2064 = CARTESIAN_POINT ( 'NONE',  ( 7.037931910137320557, 2.700000000000000178, 1.090463525918483834 ) ) ;
#2065 = ORIENTED_EDGE ( 'NONE', *, *, #7483, .F. ) ;
#2066 = PLANE ( 'NONE',  #5970 ) ;
#2067 = CARTESIAN_POINT ( 'NONE',  ( -9.291805423092201366, 3.000000000000000000, 9.114417903098679830 ) ) ;
#2068 = VERTEX_POINT ( 'NONE', #7348 ) ;
#2069 = LINE ( 'NONE', #10057, #8679 ) ;
#2070 = EDGE_CURVE ( 'NONE', #753, #104, #9466, .T. ) ;
#2071 = VERTEX_POINT ( 'NONE', #10753 ) ;
#2072 = EDGE_CURVE ( 'NONE', #10821, #12064, #9729, .T. ) ;
#2073 = EDGE_LOOP ( 'NONE', ( #1884, #11456, #13267, #10498 ) ) ;
#2074 = DIRECTION ( 'NONE',  ( 0.5555733586812512392, 0.000000000000000000, -0.8314675237937040331 ) ) ;
#2075 = ORIENTED_EDGE ( 'NONE', *, *, #8599, .F. ) ;
#2076 = LINE ( 'NONE', #5969, #3856 ) ;
#2077 = DIRECTION ( 'NONE',  ( -0.9180132284372531926, 0.000000000000000000, -0.3965497603255000447 ) ) ;
#2078 = LINE ( 'NONE', #9381, #1779 ) ;
#2079 = DIRECTION ( 'NONE',  ( 0.6340792739854784754, 0.000000000000000000, -0.7732680481579776721 ) ) ;
#2080 = CARTESIAN_POINT ( 'NONE',  ( 33.73689807013732889, 2.700000000000000178, 20.48923905391848166 ) ) ;
#2081 = ORIENTED_EDGE ( 'NONE', *, *, #3966, .F. ) ;
#2082 = EDGE_CURVE ( 'NONE', #2869, #5343, #10557, .T. ) ;
#2083 = ORIENTED_EDGE ( 'NONE', *, *, #602, .F. ) ;
#2084 = CARTESIAN_POINT ( 'NONE',  ( 0.7029249405165306497, 2.700000000000000178, 3.456702201019120846 ) ) ;
#2085 = VECTOR ( 'NONE', #13522, 999.9999999999998863 ) ;
#2086 = AXIS2_PLACEMENT_3D ( 'NONE', #7083, #11250, #10972 ) ;
#2087 = EDGE_CURVE ( 'NONE', #10848, #5366, #5363, .T. ) ;
#2088 = ORIENTED_EDGE ( 'NONE', *, *, #7483, .T. ) ;
#2089 = CARTESIAN_POINT ( 'NONE',  ( 51.61430503813731008, 2.700000000000000178, 8.984613853918480331 ) ) ;
#2090 = VECTOR ( 'NONE', #7724, 1000.000000000000000 ) ;
#2091 = EDGE_LOOP ( 'NONE', ( #9483, #7883, #6402, #2526 ) ) ;
#2092 = LINE ( 'NONE', #6254, #5135 ) ;
#2093 = FACE_OUTER_BOUND ( 'NONE', #12955, .T. ) ;
#2094 = ORIENTED_EDGE ( 'NONE', *, *, #3240, .F. ) ;
#2095 = DIRECTION ( 'NONE',  ( -0.9003997897255643368, 0.000000000000000000, 0.4350634650969434358 ) ) ;
#2096 = FACE_OUTER_BOUND ( 'NONE', #8636, .T. ) ;
#2097 = DIRECTION ( 'NONE',  ( 0.000000000000000000, 0.000000000000000000, 1.000000000000000000 ) ) ;
#2098 = ORIENTED_EDGE ( 'NONE', *, *, #7877, .F. ) ;
#2099 = VERTEX_POINT ( 'NONE', #3313 ) ;
#2100 = LINE ( 'NONE', #2535, #1291 ) ;
#2101 = CARTESIAN_POINT ( 'NONE',  ( -11.70448221786267951, 2.700000000000000178, -18.32684079408152300 ) ) ;
#2102 = CARTESIAN_POINT ( 'NONE',  ( -23.73936716898641563, 3.000000000000000000, 9.866167772079821319 ) ) ;
#2103 = DIRECTION ( 'NONE',  ( 0.09281742074359615458, 0.000000000000000000, 0.9956831455872425796 ) ) ;
#2104 = EDGE_LOOP ( 'NONE', ( #10677, #4075, #5345, #841, #8415, #5179, #13168, #4961, #214, #11704, #2583, #7796, #5464, #2926, #2707, #3084, #1640, #6802, #4491, #13092, #5217, #13044, #4915, #8234, #9721, #9458, #11121, #10971, #12801, #12800, #9447, #9165, #6763, #554, #5812, #11627, #2285 ) ) ;
#2105 = CARTESIAN_POINT ( 'NONE',  ( 18.19454074846502323, 2.700000000000000178, 19.37068257022199447 ) ) ;
#2106 = PLANE ( 'NONE',  #7949 ) ;
#2107 = EDGE_LOOP ( 'NONE', ( #1673, #1524, #12830, #593 ) ) ;
#2108 = PLANE ( 'NONE',  #8163 ) ;
#2109 = LINE ( 'NONE', #3138, #13065 ) ;
#2110 = ORIENTED_EDGE ( 'NONE', *, *, #2357, .F. ) ;
#2111 = VECTOR ( 'NONE', #435, 1000.000000000000000 ) ;
#2112 = PLANE ( 'NONE',  #9053 ) ;
#2113 = ORIENTED_EDGE ( 'NONE', *, *, #9273, .T. ) ;
#2114 = EDGE_CURVE ( 'NONE', #7269, #3722, #2289, .T. ) ;
#2115 = DIRECTION ( 'NONE',  ( -0.4924492093482081279, 0.000000000000000000, 0.8703411837965182585 ) ) ;
#2116 = ORIENTED_EDGE ( 'NONE', *, *, #10896, .F. ) ;
#2117 = EDGE_CURVE ( 'NONE', #12216, #2826, #101, .T. ) ;
#2118 = CARTESIAN_POINT ( 'NONE',  ( -17.19618846323744066, 2.700000000000000178, 1.658371543099238510 ) ) ;
#2119 = ORIENTED_EDGE ( 'NONE', *, *, #1526, .T. ) ;
#2120 = DIRECTION ( 'NONE',  ( 0.000000000000000000, 0.000000000000000000, 1.000000000000000000 ) ) ;
#2121 = CARTESIAN_POINT ( 'NONE',  ( 4.667897926858156410, 2.700000000000000178, -23.46792989826323605 ) ) ;
#2122 = VERTEX_POINT ( 'NONE', #6457 ) ;
#2123 = DIRECTION ( 'NONE',  ( 0.000000000000000000, -0.000000000000000000, 1.000000000000000000 ) ) ;
#2124 = LINE ( 'NONE', #12515, #9768 ) ;
#2125 = EDGE_CURVE ( 'NONE', #1841, #8945, #7611, .T. ) ;
#2126 = ORIENTED_EDGE ( 'NONE', *, *, #1451, .T. ) ;
#2127 = DIRECTION ( 'NONE',  ( 0.9955375980589674656, 0.000000000000000000, -0.09436572921872624087 ) ) ;
#2128 = LINE ( 'NONE', #1238, #208 ) ;
#2129 = ADVANCED_FACE ( 'NONE', ( #4403 ), #11721, .T. ) ;
#2130 = ORIENTED_EDGE ( 'NONE', *, *, #1368, .F. ) ;
#2131 = ORIENTED_EDGE ( 'NONE', *, *, #4187, .T. ) ;
#2132 = ADVANCED_FACE ( 'NONE', ( #5497 ), #303, .T. ) ;
#2133 = ORIENTED_EDGE ( 'NONE', *, *, #6320, .F. ) ;
#2134 = EDGE_CURVE ( 'NONE', #6247, #3616, #12807, .T. ) ;
#2135 = ORIENTED_EDGE ( 'NONE', *, *, #4986, .F. ) ;
#2136 = FACE_OUTER_BOUND ( 'NONE', #9386, .T. ) ;
#2137 = CARTESIAN_POINT ( 'NONE',  ( -0.5456806615859978171, 2.700000000000000178, 3.265603995274444227 ) ) ;
#2138 = CARTESIAN_POINT ( 'NONE',  ( 58.00000000000002132, 3.000000000000000000, 50.99999999999999289 ) ) ;
#2139 = PLANE ( 'NONE',  #2018 ) ;
#2140 = CARTESIAN_POINT ( 'NONE',  ( 0.000000000000000000, 2.700000000000000178, 19.27047999791848554 ) ) ;
#2141 = AXIS2_PLACEMENT_3D ( 'NONE', #8344, #7321, #272 ) ;
#2142 = DIRECTION ( 'NONE',  ( 1.000000000000000000, -0.000000000000000000, 0.000000000000000000 ) ) ;
#2143 = CARTESIAN_POINT ( 'NONE',  ( 0.5654912037783402790, 2.700000000000000178, 19.88530451949430500 ) ) ;
#2144 = ORIENTED_EDGE ( 'NONE', *, *, #11848, .T. ) ;
#2145 = EDGE_LOOP ( 'NONE', ( #4763, #10466, #1029, #12379 ) ) ;
#2146 = EDGE_CURVE ( 'NONE', #12523, #10478, #6587, .T. ) ;
#2147 = ORIENTED_EDGE ( 'NONE', *, *, #5578, .F. ) ;
#2148 = EDGE_CURVE ( 'NONE', #11288, #12582, #12051, .T. ) ;
#2149 = DIRECTION ( 'NONE',  ( -1.000000000000000000, 0.000000000000000000, 0.000000000000000000 ) ) ;
#2150 = ORIENTED_EDGE ( 'NONE', *, *, #3643, .T. ) ;
#2151 = CARTESIAN_POINT ( 'NONE',  ( 25.95464287013731663, 3.000000000000000000, -0.000000000000000000 ) ) ;
#2152 = LINE ( 'NONE', #11317, #4690 ) ;
#2153 = EDGE_CURVE ( 'NONE', #5807, #3982, #12871, .T. ) ;
#2154 = CARTESIAN_POINT ( 'NONE',  ( -31.68779126006176483, 2.700000000000000178, 9.520572290536454929 ) ) ;
#2155 = VECTOR ( 'NONE', #4855, 1000.000000000000114 ) ;
#2157 = EDGE_LOOP ( 'NONE', ( #5206, #12707, #7251, #8843 ) ) ;
#2156 = ADVANCED_FACE ( 'NONE', ( #578 ), #5772, .F. ) ;
#2158 = CARTESIAN_POINT ( 'NONE',  ( -38.93126139386267681, 3.000000000000000000, 3.809801749918482194 ) ) ;
#2159 = DIRECTION ( 'NONE',  ( 0.08540894410708982365, 0.000000000000000000, -0.9963459802029173140 ) ) ;
#2160 = CARTESIAN_POINT ( 'NONE',  ( -49.84999999999996589, 0.000000000000000000, -30.13000000000000966 ) ) ;
#2161 = VERTEX_POINT ( 'NONE', #13007 ) ;
#2163 = EDGE_CURVE ( 'NONE', #785, #6202, #4737, .T. ) ;
#2162 = VERTEX_POINT ( 'NONE', #6790 ) ;
#2164 = VECTOR ( 'NONE', #2400, 1000.000000000000000 ) ;
#2165 = VECTOR ( 'NONE', #1975, 1000.000000000000114 ) ;
#2166 = EDGE_LOOP ( 'NONE', ( #1798, #6557, #8876, #8106 ) ) ;
#2167 = CARTESIAN_POINT ( 'NONE',  ( -45.34642966586267931, 3.000000000000000000, 19.57949639791848639 ) ) ;
#2168 = DIRECTION ( 'NONE',  ( 1.000000000000000000, -0.000000000000000000, 0.000000000000000000 ) ) ;
#2169 = EDGE_CURVE ( 'NONE', #7726, #1151, #10822, .T. ) ;
#2170 = FACE_OUTER_BOUND ( 'NONE', #6619, .T. ) ;
#2171 = DIRECTION ( 'NONE',  ( -1.000000000000000000, 0.000000000000000000, 0.000000000000000000 ) ) ;
#2172 = ORIENTED_EDGE ( 'NONE', *, *, #8664, .T. ) ;
#2173 = DIRECTION ( 'NONE',  ( -0.000000000000000000, 1.000000000000000000, -0.000000000000000000 ) ) ;
#2174 = CARTESIAN_POINT ( 'NONE',  ( 16.38009255013730936, 2.700000000000000178, 19.57455152591848346 ) ) ;
#2175 = EDGE_LOOP ( 'NONE', ( #10661, #9306, #5857, #11446 ) ) ;
#2176 = CARTESIAN_POINT ( 'NONE',  ( -28.12312451386268108, 2.700000000000000178, -19.40346449808151874 ) ) ;
#2177 = CARTESIAN_POINT ( 'NONE',  ( -52.99999999999998579, 3.000000000000000000, 29.04999999999999361 ) ) ;
#2178 = AXIS2_PLACEMENT_3D ( 'NONE', #6112, #9394, #924 ) ;
#2179 = EDGE_LOOP ( 'NONE', ( #2669, #4379, #8628, #12568 ) ) ;
#2180 = VECTOR ( 'NONE', #4596, 1000.000000000000227 ) ;
#2181 = CARTESIAN_POINT ( 'NONE',  ( 12.60268583013733235, 2.700000000000000178, 16.74891125391848234 ) ) ;
#2182 = VERTEX_POINT ( 'NONE', #7748 ) ;
#2183 = FACE_OUTER_BOUND ( 'NONE', #11413, .T. ) ;
#2184 = VERTEX_POINT ( 'NONE', #11025 ) ;
#2185 = VECTOR ( 'NONE', #11499, 1000.000000000000000 ) ;
#2186 = DIRECTION ( 'NONE',  ( -0.09599296999206662073, 0.000000000000000000, -0.9953820119492325924 ) ) ;
#2187 = ORIENTED_EDGE ( 'NONE', *, *, #6996, .F. ) ;
#2188 = FACE_OUTER_BOUND ( 'NONE', #6560, .T. ) ;
#2189 = DIRECTION ( 'NONE',  ( -0.9799092182948457852, 0.000000000000000000, -0.1994440370148581054 ) ) ;
#2190 = ORIENTED_EDGE ( 'NONE', *, *, #6010, .T. ) ;
#2191 = DIRECTION ( 'NONE',  ( -0.9995958952948116316, 0.000000000000000000, 0.02842615186345286496 ) ) ;
#2192 = DIRECTION ( 'NONE',  ( -0.9234200574215858381, 0.000000000000000000, 0.3837908252570857992 ) ) ;
#2193 = ORIENTED_EDGE ( 'NONE', *, *, #12474, .T. ) ;
#2194 = DIRECTION ( 'NONE',  ( -0.09599296999206662073, 0.000000000000000000, -0.9953820119492325924 ) ) ;
#2195 = LINE ( 'NONE', #3222, #8276 ) ;
#2196 = VERTEX_POINT ( 'NONE', #11921 ) ;
#2197 = VECTOR ( 'NONE', #9130, 1000.000000000000000 ) ;
#2198 = VECTOR ( 'NONE', #6392, 1000.000000000000000 ) ;
#2199 = EDGE_CURVE ( 'NONE', #13104, #13494, #8975, .T. ) ;
#2200 = EDGE_CURVE ( 'NONE', #3772, #11653, #2623, .T. ) ;
#2201 = ORIENTED_EDGE ( 'NONE', *, *, #13499, .F. ) ;
#2202 = ORIENTED_EDGE ( 'NONE', *, *, #3322, .F. ) ;
#2203 = VERTEX_POINT ( 'NONE', #3584 ) ;
#2204 = VECTOR ( 'NONE', #13486, 1000.000000000000000 ) ;
#2205 = VECTOR ( 'NONE', #13076, 1000.000000000000114 ) ;
#2206 = LINE ( 'NONE', #12659, #2839 ) ;
#2208 = VECTOR ( 'NONE', #6689, 1000.000000000000114 ) ;
#2207 = FACE_OUTER_BOUND ( 'NONE', #13029, .T. ) ;
#2209 = CARTESIAN_POINT ( 'NONE',  ( 0.8646546254032575485, 3.000000000000000000, 9.755882031341855054 ) ) ;
#2210 = DIRECTION ( 'NONE',  ( -0.9987300578365099213, 0.000000000000000000, -0.05038126213069146764 ) ) ;
#2211 = CARTESIAN_POINT ( 'NONE',  ( -15.38672529786268939, 2.700000000000000178, 18.83538714191848484 ) ) ;
#2212 = LINE ( 'NONE', #9182, #5704 ) ;
#2213 = PLANE ( 'NONE',  #5922 ) ;
#2214 = ORIENTED_EDGE ( 'NONE', *, *, #3326, .F. ) ;
#2215 = VECTOR ( 'NONE', #5184, 1000.000000000000000 ) ;
#2216 = ADVANCED_FACE ( 'NONE', ( #2693 ), #8907, .T. ) ;
#2217 = EDGE_LOOP ( 'NONE', ( #11972, #10782, #5307, #5050 ) ) ;
#2218 = VECTOR ( 'NONE', #11027, 1000.000000000000000 ) ;
#2219 = EDGE_CURVE ( 'NONE', #8808, #3470, #9790, .T. ) ;
#2220 = ORIENTED_EDGE ( 'NONE', *, *, #8635, .F. ) ;
#2221 = DIRECTION ( 'NONE',  ( -0.9377558891340868064, 0.000000000000000000, 0.3472951085090864032 ) ) ;
#2222 = ORIENTED_EDGE ( 'NONE', *, *, #8230, .F. ) ;
#2223 = CARTESIAN_POINT ( 'NONE',  ( -3.771682995856654674, 3.000000000000000000, 4.086028046304394756 ) ) ;
#2224 = DIRECTION ( 'NONE',  ( 0.9305283590510228242, 0.000000000000000000, 0.3662198424468706137 ) ) ;
#2225 = CARTESIAN_POINT ( 'NONE',  ( -45.34642966586267931, 3.000000000000000000, 19.57949639791848639 ) ) ;
#2226 = EDGE_LOOP ( 'NONE', ( #4270, #11282, #11103, #3190 ) ) ;
#2227 = EDGE_CURVE ( 'NONE', #6247, #7571, #2557, .T. ) ;
#2228 = VECTOR ( 'NONE', #4587, 1000.000000000000114 ) ;
#2229 = DIRECTION ( 'NONE',  ( 0.9616126141846673692, 0.000000000000000000, -0.2744106051903427712 ) ) ;
#2230 = DIRECTION ( 'NONE',  ( 0.6725401063957657799, 0.000000000000000000, 0.7400606767618260751 ) ) ;
#2231 = LINE ( 'NONE', #6398, #4482 ) ;
#2232 = VECTOR ( 'NONE', #1781, 1000.000000000000114 ) ;
#2233 = ADVANCED_FACE ( 'NONE', ( #9867 ), #4606, .T. ) ;
#2234 = EDGE_CURVE ( 'NONE', #12618, #13362, #3648, .T. ) ;
#2235 = ORIENTED_EDGE ( 'NONE', *, *, #7820, .F. ) ;
#2236 = VERTEX_POINT ( 'NONE', #12122 ) ;
#2237 = EDGE_CURVE ( 'NONE', #7027, #7262, #2761, .T. ) ;
#2238 = ORIENTED_EDGE ( 'NONE', *, *, #7860, .F. ) ;
#2239 = FACE_OUTER_BOUND ( 'NONE', #10171, .T. ) ;
#2240 = FACE_OUTER_BOUND ( 'NONE', #6500, .T. ) ;
#2241 = VECTOR ( 'NONE', #9593, 1000.000000000000114 ) ;
#2242 = VECTOR ( 'NONE', #3866, 1000.000000000000227 ) ;
#2243 = CARTESIAN_POINT ( 'NONE',  ( -9.144430072282204947, 2.700000000000000178, 6.773418093540295892 ) ) ;
#2244 = CARTESIAN_POINT ( 'NONE',  ( -28.49021648986268218, 2.700000000000000178, -19.25140993808151180 ) ) ;
#2245 = ORIENTED_EDGE ( 'NONE', *, *, #8487, .F. ) ;
#2246 = DIRECTION ( 'NONE',  ( 0.3739086408200443246, 0.000000000000000000, 0.9274655402332244725 ) ) ;
#2247 = ORIENTED_EDGE ( 'NONE', *, *, #12613, .T. ) ;
#2248 = LINE ( 'NONE', #10576, #301 ) ;
#2249 = CARTESIAN_POINT ( 'NONE',  ( 4.427009075383767644, 2.700000000000000178, 15.51349579600303841 ) ) ;
#2250 = EDGE_LOOP ( 'NONE', ( #2994, #1440, #2776, #8435 ) ) ;
#2251 = VECTOR ( 'NONE', #3564, 1000.000000000000000 ) ;
#2252 = EDGE_CURVE ( 'NONE', #1425, #197, #10886, .T. ) ;
#2253 = DIRECTION ( 'NONE',  ( -0.9773654527280690729, 0.000000000000000000, 0.2115579632480343308 ) ) ;
#2254 = ORIENTED_EDGE ( 'NONE', *, *, #6849, .T. ) ;
#2255 = VECTOR ( 'NONE', #7026, 1000.000000000000114 ) ;
#2256 = EDGE_CURVE ( 'NONE', #12694, #8382, #11985, .T. ) ;
#2257 = ORIENTED_EDGE ( 'NONE', *, *, #9803, .T. ) ;
#2258 = VECTOR ( 'NONE', #2729, 1000.000000000000114 ) ;
#2259 = FACE_OUTER_BOUND ( 'NONE', #283, .T. ) ;
#2260 = ORIENTED_EDGE ( 'NONE', *, *, #10896, .T. ) ;
#2261 = CARTESIAN_POINT ( 'NONE',  ( -52.49999999999902656, 0.000000000000000000, 46.97000000000000597 ) ) ;
#2262 = CARTESIAN_POINT ( 'NONE',  ( -41.49238504986267628, 2.700000000000000178, 18.41018098191848296 ) ) ;
#2263 = EDGE_LOOP ( 'NONE', ( #12387, #1763, #2934, #8259 ) ) ;
#2264 = LINE ( 'NONE', #8609, #1111 ) ;
#2265 = FACE_OUTER_BOUND ( 'NONE', #5200, .T. ) ;
#2266 = VECTOR ( 'NONE', #10672, 1000.000000000000114 ) ;
#2267 = VERTEX_POINT ( 'NONE', #5898 ) ;
#2268 = CARTESIAN_POINT ( 'NONE',  ( 8.178218505060046439, 3.000000000000000000, -5.554904071671598942 ) ) ;
#2269 = CARTESIAN_POINT ( 'NONE',  ( 0.1482019154677256534, 3.000000000000000000, -0.7984290252236840857 ) ) ;
#2270 = ORIENTED_EDGE ( 'NONE', *, *, #8075, .F. ) ;
#2271 = VECTOR ( 'NONE', #11472, 1000.000000000000000 ) ;
#2272 = ORIENTED_EDGE ( 'NONE', *, *, #1192, .T. ) ;
#2273 = ORIENTED_EDGE ( 'NONE', *, *, #4614, .F. ) ;
#2274 = VECTOR ( 'NONE', #1430, 1000.000000000000227 ) ;
#2275 = EDGE_LOOP ( 'NONE', ( #12449, #9622, #4637, #588 ) ) ;
#2276 = DIRECTION ( 'NONE',  ( 0.08828299900632519126, 0.000000000000000000, 0.9960954332223640462 ) ) ;
#2277 = DIRECTION ( 'NONE',  ( -0.000000000000000000, 1.000000000000000000, -0.000000000000000000 ) ) ;
#2278 = CARTESIAN_POINT ( 'NONE',  ( -5.287225493479843941, 2.700000000000000178, 9.411892978083677974 ) ) ;
#2279 = LINE ( 'NONE', #6443, #4634 ) ;
#2280 = FACE_OUTER_BOUND ( 'NONE', #8915, .T. ) ;
#2281 = DIRECTION ( 'NONE',  ( -0.8635108780206144363, 0.000000000000000000, -0.5043302127971986959 ) ) ;
#2282 = CARTESIAN_POINT ( 'NONE',  ( 58.00000000000000711, 3.000000000000000000, 52.99999999999999289 ) ) ;
#2283 = ORIENTED_EDGE ( 'NONE', *, *, #12009, .F. ) ;
#2284 = ORIENTED_EDGE ( 'NONE', *, *, #4086, .F. ) ;
#2285 = ORIENTED_EDGE ( 'NONE', *, *, #12921, .T. ) ;
#2286 = PLANE ( 'NONE',  #10898 ) ;
#2287 = EDGE_CURVE ( 'NONE', #13318, #13471, #10065, .T. ) ;
#2288 = VERTEX_POINT ( 'NONE', #11236 ) ;
#2289 = LINE ( 'NONE', #1260, #9874 ) ;
#2290 = ADVANCED_FACE ( 'NONE', ( #3997 ), #1939, .T. ) ;
#2291 = CARTESIAN_POINT ( 'NONE',  ( -48.42654847386268102, 2.700000000000000178, 18.98695097391848208 ) ) ;
#2292 = EDGE_LOOP ( 'NONE', ( #11131, #3776, #5122, #3239 ) ) ;
#2293 = VECTOR ( 'NONE', #10823, 1000.000000000000000 ) ;
#2294 = EDGE_CURVE ( 'NONE', #6033, #9317, #13417, .T. ) ;
#2295 = CARTESIAN_POINT ( 'NONE',  ( 9.186202950137332124, 2.700000000000000178, 19.27047999791848554 ) ) ;
#2296 = FACE_OUTER_BOUND ( 'NONE', #10238, .T. ) ;
#2297 = LINE ( 'NONE', #9404, #4703 ) ;
#2298 = ORIENTED_EDGE ( 'NONE', *, *, #2957, .T. ) ;
#2299 = VECTOR ( 'NONE', #8869, 1000.000000000000000 ) ;
#2300 = ORIENTED_EDGE ( 'NONE', *, *, #2555, .F. ) ;
#2301 = VECTOR ( 'NONE', #9120, 1000.000000000000000 ) ;
#2302 = VERTEX_POINT ( 'NONE', #7200 ) ;
#2303 = DIRECTION ( 'NONE',  ( 0.000000000000000000, 0.000000000000000000, -1.000000000000000000 ) ) ;
#2304 = DIRECTION ( 'NONE',  ( 0.9959738687365724541, 0.000000000000000000, 0.08964403378867370764 ) ) ;
#2305 = CARTESIAN_POINT ( 'NONE',  ( -40.88297808986267512, 3.000000000000000000, 17.53786979791847855 ) ) ;
#2306 = LINE ( 'NONE', #6472, #7698 ) ;
#2307 = ORIENTED_EDGE ( 'NONE', *, *, #9061, .F. ) ;
#2308 = CARTESIAN_POINT ( 'NONE',  ( -29.01556367386267610, 2.700000000000000178, 5.589733165918477908 ) ) ;
#2309 = ORIENTED_EDGE ( 'NONE', *, *, #5499, .F. ) ;
#2310 = FACE_OUTER_BOUND ( 'NONE', #2038, .T. ) ;
#2311 = PLANE ( 'NONE',  #12885 ) ;
#2312 = VERTEX_POINT ( 'NONE', #842 ) ;
#2313 = DIRECTION ( 'NONE',  ( 0.6340792739854784754, 0.000000000000000000, -0.7732680481579776721 ) ) ;
#2314 = ORIENTED_EDGE ( 'NONE', *, *, #8602, .T. ) ;
#2315 = VECTOR ( 'NONE', #7835, 1000.000000000000114 ) ;
#2316 = ORIENTED_EDGE ( 'NONE', *, *, #4073, .F. ) ;
#2317 = CARTESIAN_POINT ( 'NONE',  ( -11.33244435386267313, 3.000000000000000000, 19.57455152591848346 ) ) ;
#2318 = EDGE_CURVE ( 'NONE', #12902, #12983, #7270, .T. ) ;
#2319 = EDGE_LOOP ( 'NONE', ( #7436, #4192, #7304, #12326 ) ) ;
#2320 = PLANE ( 'NONE',  #8598 ) ;
#2321 = DIRECTION ( 'NONE',  ( -0.000000000000000000, 1.000000000000000000, -0.000000000000000000 ) ) ;
#2322 = ORIENTED_EDGE ( 'NONE', *, *, #1702, .T. ) ;
#2323 = CARTESIAN_POINT ( 'NONE',  ( 4.357372548833600590, 2.700000000000000178, -10.41386564232072587 ) ) ;
#2324 = CARTESIAN_POINT ( 'NONE',  ( -57.99999999999997158, 3.000000000000000000, 52.99999999999999289 ) ) ;
#2325 = ADVANCED_FACE ( 'NONE', ( #776 ), #3920, .F. ) ;
#2326 = ORIENTED_EDGE ( 'NONE', *, *, #12572, .T. ) ;
#2327 = CARTESIAN_POINT ( 'NONE',  ( -27.77950010586266671, 2.700000000000000178, 8.682362997918483316 ) ) ;
#2328 = CARTESIAN_POINT ( 'NONE',  ( 45.46960511013733708, 2.700000000000000178, 10.54387108591848055 ) ) ;
#2329 = ORIENTED_EDGE ( 'NONE', *, *, #7250, .F. ) ;
#2330 = ADVANCED_FACE ( 'NONE', ( #6104 ), #13277, .T. ) ;
#2331 = DIRECTION ( 'NONE',  ( 0.09225201146487579940, 0.000000000000000000, -0.9957356910248243986 ) ) ;
#2332 = EDGE_LOOP ( 'NONE', ( #9370, #2371, #6437, #12810 ) ) ;
#2333 = ORIENTED_EDGE ( 'NONE', *, *, #227, .F. ) ;
#2334 = ORIENTED_EDGE ( 'NONE', *, *, #9133, .F. ) ;
#2335 = EDGE_CURVE ( 'NONE', #8117, #6062, #10136, .T. ) ;
#2336 = EDGE_CURVE ( 'NONE', #12132, #11660, #2076, .T. ) ;
#2337 = CARTESIAN_POINT ( 'NONE',  ( 3.650000000000028333, 0.000000000000000000, -38.03000000000000824 ) ) ;
#2338 = DIRECTION ( 'NONE',  ( -0.9234200574215858381, 0.000000000000000000, 0.3837908252570857992 ) ) ;
#2339 = CARTESIAN_POINT ( 'NONE',  ( -28.64227104986268557, 2.700000000000000178, 0.000000000000000000 ) ) ;
#2340 = CARTESIAN_POINT ( 'NONE',  ( -8.971541398788547284, 2.700000000000000178, -3.105358678744050582 ) ) ;
#2341 = CARTESIAN_POINT ( 'NONE',  ( -27.77950010586266671, 2.700000000000000178, 0.000000000000000000 ) ) ;
#2342 = EDGE_CURVE ( 'NONE', #5762, #597, #6239, .T. ) ;
#2343 = PLANE ( 'NONE',  #6143 ) ;
#2344 = DIRECTION ( 'NONE',  ( 0.000000000000000000, 0.000000000000000000, 1.000000000000000000 ) ) ;
#2345 = ORIENTED_EDGE ( 'NONE', *, *, #3570, .F. ) ;
#2346 = ORIENTED_EDGE ( 'NONE', *, *, #1948, .F. ) ;
#2347 = ORIENTED_EDGE ( 'NONE', *, *, #6249, .F. ) ;
#2348 = VECTOR ( 'NONE', #16, 1000.000000000000000 ) ;
#2349 = LINE ( 'NONE', #4530, #11560 ) ;
#2350 = ORIENTED_EDGE ( 'NONE', *, *, #8497, .T. ) ;
#2351 = PLANE ( 'NONE',  #9655 ) ;
#2352 = LINE ( 'NONE', #10559, #11362 ) ;
#2353 = ORIENTED_EDGE ( 'NONE', *, *, #3539, .F. ) ;
#2354 = DIRECTION ( 'NONE',  ( -0.8285237802757234871, 0.000000000000000000, -0.5599538780271324789 ) ) ;
#2355 = DIRECTION ( 'NONE',  ( -0.6776692206801092633, 0.000000000000000000, 0.7353668658178811324 ) ) ;
#2356 = CARTESIAN_POINT ( 'NONE',  ( 18.58276023013731404, 2.700000000000000178, 20.37552122191848625 ) ) ;
#2357 = EDGE_CURVE ( 'NONE', #3425, #6895, #10275, .T. ) ;
#2358 = ORIENTED_EDGE ( 'NONE', *, *, #5909, .T. ) ;
#2359 = ORIENTED_EDGE ( 'NONE', *, *, #3120, .F. ) ;
#2360 = ORIENTED_EDGE ( 'NONE', *, *, #12267, .F. ) ;
#2361 = LINE ( 'NONE', #6733, #8414 ) ;
#2362 = DIRECTION ( 'NONE',  ( -0.000000000000000000, 1.000000000000000000, -0.000000000000000000 ) ) ;
#2363 = CARTESIAN_POINT ( 'NONE',  ( 28.70726322213732473, 2.700000000000000178, 9.754204389918482931 ) ) ;
#2364 = DIRECTION ( 'NONE',  ( 0.000000000000000000, 0.000000000000000000, 1.000000000000000000 ) ) ;
#2365 = ORIENTED_EDGE ( 'NONE', *, *, #2082, .F. ) ;
#2366 = CARTESIAN_POINT ( 'NONE',  ( -46.65029700986266903, 2.700000000000000178, 20.72791066191848230 ) ) ;
#2367 = VERTEX_POINT ( 'NONE', #6172 ) ;
#2368 = LINE ( 'NONE', #9684, #3111 ) ;
#2369 = DIRECTION ( 'NONE',  ( 0.3904133835278656428, 0.000000000000000000, -0.9206396634744365981 ) ) ;
#2370 = EDGE_CURVE ( 'NONE', #1092, #10818, #8020, .T. ) ;
#2371 = ORIENTED_EDGE ( 'NONE', *, *, #696, .F. ) ;
#2372 = DIRECTION ( 'NONE',  ( -0.9885839649156901165, 0.000000000000000000, 0.1506709803232651190 ) ) ;
#2373 = AXIS2_PLACEMENT_3D ( 'NONE', #2058, #6218, #9429 ) ;
#2374 = VECTOR ( 'NONE', #8480, 1000.000000000000000 ) ;
#2375 = VERTEX_POINT ( 'NONE', #707 ) ;
#2376 = VECTOR ( 'NONE', #4892, 1000.000000000000000 ) ;
#2377 = EDGE_CURVE ( 'NONE', #13002, #2769, #6994, .T. ) ;
#2378 = ORIENTED_EDGE ( 'NONE', *, *, #5652, .F. ) ;
#2379 = PLANE ( 'NONE',  #11325 ) ;
#2380 = EDGE_CURVE ( 'NONE', #9178, #13104, #13349, .T. ) ;
#2381 = ORIENTED_EDGE ( 'NONE', *, *, #11255, .F. ) ;
#2382 = CARTESIAN_POINT ( 'NONE',  ( 0.000000000000000000, 2.700000000000000178, 20.48923905391848166 ) ) ;
#2383 = AXIS2_PLACEMENT_3D ( 'NONE', #9494, #10521, #5326 ) ;
#2384 = DIRECTION ( 'NONE',  ( 0.8197661626384741274, 0.000000000000000000, 0.5726983836130419281 ) ) ;
#2385 = VERTEX_POINT ( 'NONE', #12331 ) ;
#2386 = CARTESIAN_POINT ( 'NONE',  ( 11.20312652613732141, 3.000000000000000000, 13.25047476591848472 ) ) ;
#2387 = DIRECTION ( 'NONE',  ( -0.6914754255395856308, 0.000000000000000000, -0.7223999833020824379 ) ) ;
#2388 = AXIS2_PLACEMENT_3D ( 'NONE', #1449, #9033, #7945 ) ;
#2389 = ORIENTED_EDGE ( 'NONE', *, *, #13394, .T. ) ;
#2390 = LINE ( 'NONE', #2327, #1163 ) ;
#2391 = LINE ( 'NONE', #9510, #11768 ) ;
#2392 = ORIENTED_EDGE ( 'NONE', *, *, #10463, .T. ) ;
#2393 = EDGE_CURVE ( 'NONE', #9704, #6328, #7133, .T. ) ;
#2394 = DIRECTION ( 'NONE',  ( -0.000000000000000000, 1.000000000000000000, -0.000000000000000000 ) ) ;
#2395 = ORIENTED_EDGE ( 'NONE', *, *, #7812, .F. ) ;
#2396 = VECTOR ( 'NONE', #10062, 1000.000000000000114 ) ;
#2397 = ORIENTED_EDGE ( 'NONE', *, *, #13098, .T. ) ;
#2398 = ADVANCED_FACE ( 'NONE', ( #8226 ), #2970, .T. ) ;
#2399 = ADVANCED_FACE ( 'NONE', ( #9255 ), #9319, .T. ) ;
#2400 = DIRECTION ( 'NONE',  ( 0.1075176353200260476, 0.000000000000000000, -0.9942031774718836923 ) ) ;
#2401 = ORIENTED_EDGE ( 'NONE', *, *, #13503, .T. ) ;
#2402 = ADVANCED_FACE ( 'NONE', ( #3033 ), #11372, .T. ) ;
#2403 = FACE_OUTER_BOUND ( 'NONE', #10603, .T. ) ;
#2404 = DIRECTION ( 'NONE',  ( 0.8314675237937040331, 0.000000000000000000, 0.5555733586812512392 ) ) ;
#2405 = LINE ( 'NONE', #6505, #3978 ) ;
#2406 = EDGE_CURVE ( 'NONE', #3079, #1360, #13464, .T. ) ;
#2407 = DIRECTION ( 'NONE',  ( -1.000000000000000000, -0.000000000000000000, -0.000000000000000000 ) ) ;
#2408 = LINE ( 'NONE', #5352, #5925 ) ;
#2409 = AXIS2_PLACEMENT_3D ( 'NONE', #9532, #173, #4336 ) ;
#2410 = CARTESIAN_POINT ( 'NONE',  ( -28.60766100986268512, 2.700000000000000178, 19.77232202191848032 ) ) ;
#2411 = CARTESIAN_POINT ( 'NONE',  ( -46.65029700986266903, 2.700000000000000178, 20.72791066191848230 ) ) ;
#2412 = ORIENTED_EDGE ( 'NONE', *, *, #11643, .F. ) ;
#2413 = VERTEX_POINT ( 'NONE', #10189 ) ;
#2414 = EDGE_CURVE ( 'NONE', #11471, #7920, #2951, .T. ) ;
#2415 = VECTOR ( 'NONE', #10908, 1000.000000000000000 ) ;
#2416 = EDGE_CURVE ( 'NONE', #7745, #1743, #11220, .T. ) ;
#2417 = VECTOR ( 'NONE', #11219, 1000.000000000000000 ) ;
#2418 = DIRECTION ( 'NONE',  ( 0.000000000000000000, 0.000000000000000000, 1.000000000000000000 ) ) ;
#2419 = ORIENTED_EDGE ( 'NONE', *, *, #5049, .T. ) ;
#2420 = DIRECTION ( 'NONE',  ( -0.000000000000000000, 1.000000000000000000, -0.000000000000000000 ) ) ;
#2421 = VERTEX_POINT ( 'NONE', #11071 ) ;
#2422 = DIRECTION ( 'NONE',  ( -0.000000000000000000, 1.000000000000000000, -0.000000000000000000 ) ) ;
#2423 = LINE ( 'NONE', #12809, #3289 ) ;
#2424 = DIRECTION ( 'NONE',  ( 0.9238794569645281118, 0.000000000000000000, -0.3826836147510479513 ) ) ;
#2425 = VECTOR ( 'NONE', #1312, 1000.000000000000000 ) ;
#2426 = CARTESIAN_POINT ( 'NONE',  ( 5.032422623149708230, 2.700000000000000178, -2.028826108817776586 ) ) ;
#2427 = DIRECTION ( 'NONE',  ( -0.9452002409823905271, 0.000000000000000000, 0.3264912011782721279 ) ) ;
#2428 = CARTESIAN_POINT ( 'NONE',  ( -9.259525676811467321, 3.000000000000000000, 3.906424900789273291 ) ) ;
#2429 = VECTOR ( 'NONE', #8229, 1000.000000000000227 ) ;
#2430 = ORIENTED_EDGE ( 'NONE', *, *, #4957, .F. ) ;
#2431 = PLANE ( 'NONE',  #4784 ) ;
#2432 = VECTOR ( 'NONE', #2491, 1000.000000000000000 ) ;
#2433 = ORIENTED_EDGE ( 'NONE', *, *, #3201, .F. ) ;
#2434 = DIRECTION ( 'NONE',  ( -0.5724172031450238674, 0.000000000000000000, -0.8199625269142660766 ) ) ;
#2435 = CARTESIAN_POINT ( 'NONE',  ( -13.67518084186266947, 3.000000000000000000, 15.56016178991848165 ) ) ;
#2436 = CARTESIAN_POINT ( 'NONE',  ( 19.49079295813731960, 3.000000000000000000, 19.86238330991848500 ) ) ;
#2437 = CARTESIAN_POINT ( 'NONE',  ( 18.39797786483213571, 2.700000000000000178, -12.23356906931480204 ) ) ;
#2438 = ORIENTED_EDGE ( 'NONE', *, *, #7076, .T. ) ;
#2439 = CARTESIAN_POINT ( 'NONE',  ( 37.12618263013732189, 3.000000000000000000, 20.48923905391848166 ) ) ;
#2440 = EDGE_CURVE ( 'NONE', #1151, #9178, #3020, .T. ) ;
#2441 = ORIENTED_EDGE ( 'NONE', *, *, #2237, .T. ) ;
#2442 = CARTESIAN_POINT ( 'NONE',  ( 52.49999999999999289, 3.000000000000000000, -46.96999999999999176 ) ) ;
#2443 = DIRECTION ( 'NONE',  ( -0.9207061527434364789, 0.000000000000000000, 0.3902565570241960935 ) ) ;
#2444 = ORIENTED_EDGE ( 'NONE', *, *, #11232, .F. ) ;
#2445 = CARTESIAN_POINT ( 'NONE',  ( 3.688681814137332093, 2.700000000000000178, -19.14206192208151691 ) ) ;
#2446 = PRODUCT_DEFINITION_SHAPE ( 'NONE', 'NONE',  #10434 ) ;
#2447 = ORIENTED_EDGE ( 'NONE', *, *, #11655, .T. ) ;
#2448 = AXIS2_PLACEMENT_3D ( 'NONE', #2340, #4261, #11502 ) ;
#2449 = CARTESIAN_POINT ( 'NONE',  ( -20.23585759824123897, 2.700000000000000178, 13.62291376719784708 ) ) ;
#2450 = EDGE_CURVE ( 'NONE', #10454, #4282, #7183, .T. ) ;
#2451 = ORIENTED_EDGE ( 'NONE', *, *, #8311, .F. ) ;
#2452 = CARTESIAN_POINT ( 'NONE',  ( 20.15009263013732621, 3.000000000000000000, 12.39302562991848333 ) ) ;
#2453 = CARTESIAN_POINT ( 'NONE',  ( -30.53592131386267283, 3.000000000000000000, 9.903592965918480928 ) ) ;
#2454 = VERTEX_POINT ( 'NONE', #5883 ) ;
#2456 = DIRECTION ( 'NONE',  ( 0.04289985469393606254, 0.000000000000000000, 0.9990793774606895328 ) ) ;
#2455 = VECTOR ( 'NONE', #1278, 1000.000000000000114 ) ;
#2457 = PLANE ( 'NONE',  #10994 ) ;
#2458 = ADVANCED_FACE ( 'NONE', ( #9237 ), #7121, .T. ) ;
#2459 = EDGE_LOOP ( 'NONE', ( #4471, #8926, #12700, #2144 ) ) ;
#2460 = DIRECTION ( 'NONE',  ( -0.9974853508007088809, 0.000000000000000000, -0.07087294926829966479 ) ) ;
#2461 = FACE_OUTER_BOUND ( 'NONE', #1969, .T. ) ;
#2462 = ORIENTED_EDGE ( 'NONE', *, *, #4337, .F. ) ;
#2463 = DIRECTION ( 'NONE',  ( -0.3826848932556902172, 0.000000000000000000, 0.9238789273892338283 ) ) ;
#2464 = VECTOR ( 'NONE', #1621, 1000.000000000000000 ) ;
#2465 = EDGE_CURVE ( 'NONE', #7830, #11001, #829, .T. ) ;
#2466 = VERTEX_POINT ( 'NONE', #7052 ) ;
#2467 = AXIS2_PLACEMENT_3D ( 'NONE', #557, #4723, #2858 ) ;
#2468 = ORIENTED_EDGE ( 'NONE', *, *, #8999, .F. ) ;
#2469 = FACE_BOUND ( 'NONE', #11533, .T. ) ;
#2470 = ORIENTED_EDGE ( 'NONE', *, *, #12814, .F. ) ;
#2471 = PLANE ( 'NONE',  #11767 ) ;
#2472 = DIRECTION ( 'NONE',  ( -0.9999977879387440538, 0.000000000000000000, -0.002103358651976018796 ) ) ;
#2473 = VECTOR ( 'NONE', #5379, 1000.000000000000000 ) ;
#2474 = CARTESIAN_POINT ( 'NONE',  ( 52.49999999999999289, 0.000000000000000000, -46.96999999999999176 ) ) ;
#2475 = CARTESIAN_POINT ( 'NONE',  ( 30.06578527013733648, 3.000000000000000000, 8.380763397918487456 ) ) ;
#2476 = LINE ( 'NONE', #4461, #2848 ) ;
#2477 = FACE_OUTER_BOUND ( 'NONE', #12657, .T. ) ;
#2478 = DIRECTION ( 'NONE',  ( -0.000000000000000000, 0.000000000000000000, -1.000000000000000000 ) ) ;
#2479 = LINE ( 'NONE', #12736, #2425 ) ;
#2480 = CARTESIAN_POINT ( 'NONE',  ( 31.88033079013731452, 2.700000000000000178, 10.36835302191848740 ) ) ;
#2481 = ORIENTED_EDGE ( 'NONE', *, *, #4014, .T. ) ;
#2482 = VECTOR ( 'NONE', #3484, 1000.000000000000000 ) ;
#2483 = EDGE_CURVE ( 'NONE', #340, #10818, #4997, .T. ) ;
#2484 = CARTESIAN_POINT ( 'NONE',  ( -12.49339402586267589, 3.000000000000000000, -19.10586184208151650 ) ) ;
#2485 = EDGE_CURVE ( 'NONE', #9493, #11827, #9029, .T. ) ;
#2486 = PLANE ( 'NONE',  #3878 ) ;
#2487 = ORIENTED_EDGE ( 'NONE', *, *, #3406, .T. ) ;
#2488 = DIRECTION ( 'NONE',  ( 0.000000000000000000, 0.000000000000000000, -1.000000000000000000 ) ) ;
#2489 = ORIENTED_EDGE ( 'NONE', *, *, #1126, .T. ) ;
#2490 = DIRECTION ( 'NONE',  ( 1.000000000000000000, -0.000000000000000000, 0.000000000000000000 ) ) ;
#2491 = DIRECTION ( 'NONE',  ( -0.000000000000000000, -1.000000000000000000, -0.000000000000000000 ) ) ;
#2492 = VECTOR ( 'NONE', #11535, 1000.000000000000000 ) ;
#2493 = ADVANCED_FACE ( 'NONE', ( #8146 ), #690, .T. ) ;
#2494 = VECTOR ( 'NONE', #9432, 1000.000000000000000 ) ;
#2495 = LINE ( 'NONE', #4290, #10283 ) ;
#2496 = DIRECTION ( 'NONE',  ( -0.2776478580158124876, 0.000000000000000000, -0.9606829169602378871 ) ) ;
#2497 = FACE_OUTER_BOUND ( 'NONE', #11218, .T. ) ;
#2498 = DIRECTION ( 'NONE',  ( -0.000000000000000000, 1.000000000000000000, -0.000000000000000000 ) ) ;
#2499 = EDGE_CURVE ( 'NONE', #7770, #11747, #4859, .T. ) ;
#2500 = DIRECTION ( 'NONE',  ( 0.000000000000000000, 0.000000000000000000, 1.000000000000000000 ) ) ;
#2501 = ORIENTED_EDGE ( 'NONE', *, *, #10729, .F. ) ;
#2502 = DIRECTION ( 'NONE',  ( 0.8703411837965181475, 0.000000000000000000, 0.4924492093482080723 ) ) ;
#2503 = ORIENTED_EDGE ( 'NONE', *, *, #11315, .F. ) ;
#2504 = DIRECTION ( 'NONE',  ( -0.000000000000000000, 1.000000000000000000, -0.000000000000000000 ) ) ;
#2505 = EDGE_CURVE ( 'NONE', #3077, #2853, #1784, .T. ) ;
#2506 = LINE ( 'NONE', #452, #10551 ) ;
#2507 = DIRECTION ( 'NONE',  ( 0.9873222578108996617, 0.000000000000000000, -0.1587285709353788155 ) ) ;
#2508 = LINE ( 'NONE', #7769, #2464 ) ;
#2509 = VERTEX_POINT ( 'NONE', #1925 ) ;
#2510 = CARTESIAN_POINT ( 'NONE',  ( -45.34642966586267931, 2.700000000000000178, 19.57949639791848639 ) ) ;
#2511 = CARTESIAN_POINT ( 'NONE',  ( 0.000000000000000000, 2.700000000000000178, 2.128756597918481930 ) ) ;
#2512 = CARTESIAN_POINT ( 'NONE',  ( 10.70260841348313541, 3.000000000000000000, 11.69791671182179016 ) ) ;
#2513 = VERTEX_POINT ( 'NONE', #3837 ) ;
#2514 = LINE ( 'NONE', #392, #8855 ) ;
#2515 = VECTOR ( 'NONE', #2530, 1000.000000000000000 ) ;
#2516 = VECTOR ( 'NONE', #12039, 1000.000000000000000 ) ;
#2517 = VERTEX_POINT ( 'NONE', #10259 ) ;
#2518 = FACE_OUTER_BOUND ( 'NONE', #3437, .T. ) ;
#2519 = AXIS2_PLACEMENT_3D ( 'NONE', #12286, #13437, #1754 ) ;
#2520 = EDGE_LOOP ( 'NONE', ( #7595, #12726, #5968, #7319 ) ) ;
#2521 = LINE ( 'NONE', #468, #4954 ) ;
#2522 = CARTESIAN_POINT ( 'NONE',  ( -30.53592131386267283, 2.700000000000000178, 9.903592965918480928 ) ) ;
#2523 = ORIENTED_EDGE ( 'NONE', *, *, #10253, .T. ) ;
#2524 = CARTESIAN_POINT ( 'NONE',  ( -47.92485783386268139, 3.000000000000000000, 20.48182225391848377 ) ) ;
#2525 = CARTESIAN_POINT ( 'NONE',  ( -12.37320427386267241, 2.700000000000000178, -4.120784370081514325 ) ) ;
#2526 = ORIENTED_EDGE ( 'NONE', *, *, #1629, .T. ) ;
#2527 = DIRECTION ( 'NONE',  ( -0.000000000000000000, 1.000000000000000000, -0.000000000000000000 ) ) ;
#2528 = DIRECTION ( 'NONE',  ( 0.1784905127423875304, 0.000000000000000000, 0.9839416328527620381 ) ) ;
#2529 = VERTEX_POINT ( 'NONE', #893 ) ;
#2530 = DIRECTION ( 'NONE',  ( -1.000000000000000000, 0.000000000000000000, 0.000000000000000000 ) ) ;
#2531 = EDGE_CURVE ( 'NONE', #13494, #7720, #965, .T. ) ;
#2532 = ORIENTED_EDGE ( 'NONE', *, *, #6294, .T. ) ;
#2534 = EDGE_LOOP ( 'NONE', ( #13468, #3629, #1760, #9680 ) ) ;
#2533 = ADVANCED_FACE ( 'NONE', ( #8006 ), #5066, .T. ) ;
#2535 = CARTESIAN_POINT ( 'NONE',  ( 7.233227430137318947, 2.700000000000000178, 2.128756597918481042 ) ) ;
#2536 = VERTEX_POINT ( 'NONE', #12381 ) ;
#2537 = CARTESIAN_POINT ( 'NONE',  ( -40.23654402586267054, 2.700000000000000178, 18.86999616591847939 ) ) ;
#2538 = FACE_OUTER_BOUND ( 'NONE', #3493, .T. ) ;
#2539 = EDGE_CURVE ( 'NONE', #11451, #8879, #8214, .T. ) ;
#2540 = EDGE_CURVE ( 'NONE', #7861, #2068, #13263, .T. ) ;
#2541 = DIRECTION ( 'NONE',  ( 0.5837998310125535051, 0.000000000000000000, 0.8118976273581011149 ) ) ;
#2542 = DIRECTION ( 'NONE',  ( -0.9379835119174010361, 0.000000000000000000, -0.3466798687133398893 ) ) ;
#2543 = PLANE ( 'NONE',  #1546 ) ;
#2544 = DIRECTION ( 'NONE',  ( 0.1950914675743609106, 0.000000000000000000, -0.9807850525368349004 ) ) ;
#2545 = FACE_OUTER_BOUND ( 'NONE', #1863, .T. ) ;
#2546 = LINE ( 'NONE', #4793, #946 ) ;
#2547 = DIRECTION ( 'NONE',  ( 0.000000000000000000, 1.000000000000000000, -0.000000000000000000 ) ) ;
#2548 = VERTEX_POINT ( 'NONE', #75 ) ;
#2549 = CARTESIAN_POINT ( 'NONE',  ( 52.87901369609370050, 2.700000000000000178, -0.1004458120859823139 ) ) ;
#2550 = ADVANCED_FACE ( 'NONE', ( #4311 ), #4372, .T. ) ;
#2551 = VECTOR ( 'NONE', #10049, 1000.000000000000227 ) ;
#2552 = DIRECTION ( 'NONE',  ( 0.5726983836130417060, 0.000000000000000000, -0.8197661626384741274 ) ) ;
#2553 = ORIENTED_EDGE ( 'NONE', *, *, #8964, .F. ) ;
#2554 = LINE ( 'NONE', #9787, #10686 ) ;
#2555 = EDGE_CURVE ( 'NONE', #8647, #8405, #5466, .T. ) ;
#2556 = ORIENTED_EDGE ( 'NONE', *, *, #6859, .T. ) ;
#2557 = LINE ( 'NONE', #1460, #4506 ) ;
#2558 = DIRECTION ( 'NONE',  ( 0.8829586124968434868, 0.000000000000000000, 0.4694508372744147229 ) ) ;
#2559 = VECTOR ( 'NONE', #7505, 1000.000000000000000 ) ;
#2560 = DIRECTION ( 'NONE',  ( -0.7961630348195792850, 0.000000000000000000, -0.6050821613523881259 ) ) ;
#2561 = FACE_OUTER_BOUND ( 'NONE', #397, .T. ) ;
#2562 = DIRECTION ( 'NONE',  ( 0.000000000000000000, 0.000000000000000000, -1.000000000000000000 ) ) ;
#2563 = DIRECTION ( 'NONE',  ( 0.000000000000000000, 0.000000000000000000, 1.000000000000000000 ) ) ;
#2564 = ADVANCED_FACE ( 'NONE', ( #2265 ), #1031, .T. ) ;
#2565 = CARTESIAN_POINT ( 'NONE',  ( 0.000000000000000000, 2.700000000000000178, 0.000000000000000000 ) ) ;
#2566 = EDGE_CURVE ( 'NONE', #4402, #6512, #2124, .T. ) ;
#2567 = ORIENTED_EDGE ( 'NONE', *, *, #563, .F. ) ;
#2568 = DIRECTION ( 'NONE',  ( 0.000000000000000000, 0.000000000000000000, 1.000000000000000000 ) ) ;
#2569 = EDGE_CURVE ( 'NONE', #337, #9477, #6289, .T. ) ;
#2570 = ORIENTED_EDGE ( 'NONE', *, *, #12917, .T. ) ;
#2571 = EDGE_CURVE ( 'NONE', #8501, #4088, #4181, .T. ) ;
#2572 = CARTESIAN_POINT ( 'NONE',  ( -34.63964996186266632, 2.700000000000000178, 20.48923905391848166 ) ) ;
#2573 = DIRECTION ( 'NONE',  ( -0.5603453801135056533, 0.000000000000000000, 0.8282590506510937312 ) ) ;
#2574 = LINE ( 'NONE', #10904, #13005 ) ;
#2575 = CARTESIAN_POINT ( 'NONE',  ( -3.566354020064851138, 2.700000000000000178, 22.14887377912913990 ) ) ;
#2576 = VERTEX_POINT ( 'NONE', #2064 ) ;
#2577 = APPROVAL_PERSON_ORGANIZATION ( #1934, #1244, #10339 ) ;
#2578 = FACE_OUTER_BOUND ( 'NONE', #8277, .T. ) ;
#2579 = CARTESIAN_POINT ( 'NONE',  ( -17.40798014281164541, 2.700000000000000178, 3.826344748079271163 ) ) ;
#2580 = ORIENTED_EDGE ( 'NONE', *, *, #9328, .F. ) ;
#2581 = DIRECTION ( 'NONE',  ( -0.6234574481902683818, 0.000000000000000000, 0.7818572825625395017 ) ) ;
#2582 = EDGE_CURVE ( 'NONE', #9200, #2196, #5199, .T. ) ;
#2583 = ORIENTED_EDGE ( 'NONE', *, *, #7041, .T. ) ;
#2584 = CC_DESIGN_PERSON_AND_ORGANIZATION_ASSIGNMENT ( #3989, #9249, ( #1348 ) ) ;
#2585 = CARTESIAN_POINT ( 'NONE',  ( -38.99566461786267269, 2.700000000000000178, 15.04592659791848064 ) ) ;
#2586 = EDGE_LOOP ( 'NONE', ( #6459, #3139, #7064, #12576 ) ) ;
#2587 = CARTESIAN_POINT ( 'NONE',  ( 47.37314207013731959, 2.700000000000000178, 10.20519256591847679 ) ) ;
#2588 = CARTESIAN_POINT ( 'NONE',  ( -12.94766591386267152, 2.700000000000000178, 13.82809616591848112 ) ) ;
#2589 = ORIENTED_EDGE ( 'NONE', *, *, #2252, .T. ) ;
#2590 = CARTESIAN_POINT ( 'NONE',  ( -21.67087528986267841, 2.700000000000000178, 20.48923905391848166 ) ) ;
#2591 = PLANE ( 'NONE',  #7291 ) ;
#2592 = ORIENTED_EDGE ( 'NONE', *, *, #155, .T. ) ;
#2593 = CARTESIAN_POINT ( 'NONE',  ( -25.49631978738792526, 3.000000000000000000, -0.05362802344682267297 ) ) ;
#2594 = CARTESIAN_POINT ( 'NONE',  ( -50.47082988186267727, 3.000000000000000000, 15.01295130191848415 ) ) ;
#2595 = VECTOR ( 'NONE', #7047, 1000.000000000000000 ) ;
#2596 = ORIENTED_EDGE ( 'NONE', *, *, #10849, .F. ) ;
#2597 = FACE_OUTER_BOUND ( 'NONE', #8016, .T. ) ;
#2598 = ORIENTED_EDGE ( 'NONE', *, *, #5993, .T. ) ;
#2599 = ORIENTED_EDGE ( 'NONE', *, *, #9625, .F. ) ;
#2600 = LINE ( 'NONE', #4582, #415 ) ;
#2601 = ORIENTED_EDGE ( 'NONE', *, *, #4983, .T. ) ;
#2602 = VECTOR ( 'NONE', #10732, 1000.000000000000114 ) ;
#2603 = VECTOR ( 'NONE', #3889, 1000.000000000000000 ) ;
#2604 = CARTESIAN_POINT ( 'NONE',  ( 38.36223807013732312, 2.700000000000000178, 20.48923905391848166 ) ) ;
#2605 = PLANE ( 'NONE',  #2467 ) ;
#2606 = DIRECTION ( 'NONE',  ( -1.000000000000000000, 0.000000000000000000, -0.000000000000000000 ) ) ;
#2607 = FACE_OUTER_BOUND ( 'NONE', #11731, .T. ) ;
#2608 = CARTESIAN_POINT ( 'NONE',  ( -29.13215141048594248, 2.700000000000000178, 2.715694412039534988 ) ) ;
#2609 = LINE ( 'NONE', #5553, #12116 ) ;
#2610 = CARTESIAN_POINT ( 'NONE',  ( -27.77950010586266671, 3.000000000000000000, 17.22603196591848373 ) ) ;
#2611 = EDGE_LOOP ( 'NONE', ( #3186, #12050, #1040, #9081 ) ) ;
#2612 = FACE_OUTER_BOUND ( 'NONE', #1562, .T. ) ;
#2613 = CARTESIAN_POINT ( 'NONE',  ( -4.687918531487483165, 2.700000000000000178, 8.285298233368557419 ) ) ;
#2614 = ORIENTED_EDGE ( 'NONE', *, *, #9723, .T. ) ;
#2615 = EDGE_CURVE ( 'NONE', #969, #9317, #8413, .T. ) ;
#2616 = ADVANCED_FACE ( 'NONE', ( #10456 ), #11552, .T. ) ;
#2617 = VERTEX_POINT ( 'NONE', #7253 ) ;
#2618 = VECTOR ( 'NONE', #10358, 1000.000000000000000 ) ;
#2619 = DIRECTION ( 'NONE',  ( 0.8687261457784118956, 0.000000000000000000, -0.4952927252049895701 ) ) ;
#2620 = ORIENTED_EDGE ( 'NONE', *, *, #4750, .T. ) ;
#2621 = DIRECTION ( 'NONE',  ( -0.9234250451741282673, 0.000000000000000000, 0.3837788242531878780 ) ) ;
#2622 = ORIENTED_EDGE ( 'NONE', *, *, #12599, .T. ) ;
#2623 = LINE ( 'NONE', #7955, #2111 ) ;
#2624 = CARTESIAN_POINT ( 'NONE',  ( 3.448273887248557656, 3.000000000000000000, -3.749817774848251517 ) ) ;
#2625 = ADVANCED_FACE ( 'NONE', ( #11694 ), #3283, .T. ) ;
#2626 = LINE ( 'NONE', #5901, #12026 ) ;
#2627 = FACE_OUTER_BOUND ( 'NONE', #2755, .T. ) ;
#2628 = PLANE ( 'NONE',  #6782 ) ;
#2629 = VECTOR ( 'NONE', #1481, 1000.000000000000000 ) ;
#2630 = DIRECTION ( 'NONE',  ( -0.7360834251059450439, 0.000000000000000000, -0.6768908267101132470 ) ) ;
#2631 = AXIS2_PLACEMENT_3D ( 'NONE', #9, #7120, #4928 ) ;
#2632 = EDGE_CURVE ( 'NONE', #9283, #11101, #10529, .T. ) ;
#2633 = ORIENTED_EDGE ( 'NONE', *, *, #5965, .T. ) ;
#2634 = CARTESIAN_POINT ( 'NONE',  ( -9.688479137862662682, 3.000000000000000000, 20.43485155791848129 ) ) ;
#2635 = AXIS2_PLACEMENT_3D ( 'NONE', #2879, #13460, #4109 ) ;
#2636 = ORIENTED_EDGE ( 'NONE', *, *, #10245, .T. ) ;
#2637 = EDGE_CURVE ( 'NONE', #4981, #10885, #12581, .T. ) ;
#2639 = AXIS2_PLACEMENT_3D ( 'NONE', #8641, #11790, #2427 ) ;
#2638 = PLANE ( 'NONE',  #2086 ) ;
#2640 = DIRECTION ( 'NONE',  ( -0.000000000000000000, 1.000000000000000000, -0.000000000000000000 ) ) ;
#2641 = VECTOR ( 'NONE', #10306, 1000.000000000000000 ) ;
#2642 = CARTESIAN_POINT ( 'NONE',  ( -19.64620369786267062, 2.700000000000000178, 8.729333693918480463 ) ) ;
#2643 = DIRECTION ( 'NONE',  ( 0.5555733586812491298, 0.000000000000000000, 0.8314675237937053653 ) ) ;
#2644 = ORIENTED_EDGE ( 'NONE', *, *, #5710, .T. ) ;
#2645 = PLANE ( 'NONE',  #270 ) ;
#2646 = LINE ( 'NONE', #1552, #1979 ) ;
#2647 = EDGE_LOOP ( 'NONE', ( #10835, #2309, #10005, #9239 ) ) ;
#2648 = EDGE_CURVE ( 'NONE', #5035, #5064, #3219, .T. ) ;
#2649 = AXIS2_PLACEMENT_3D ( 'NONE', #4553, #7958, #12892 ) ;
#2650 = EDGE_CURVE ( 'NONE', #6965, #10635, #9505, .T. ) ;
#2651 = CARTESIAN_POINT ( 'NONE',  ( 52.90328087013732272, 2.700000000000000178, 12.67484269391848350 ) ) ;
#2652 = VECTOR ( 'NONE', #5972, 1000.000000000000000 ) ;
#2653 = ORIENTED_EDGE ( 'NONE', *, *, #12145, .F. ) ;
#2654 = FACE_OUTER_BOUND ( 'NONE', #840, .T. ) ;
#2655 = ORIENTED_EDGE ( 'NONE', *, *, #3991, .F. ) ;
#2656 = FACE_OUTER_BOUND ( 'NONE', #3063, .T. ) ;
#2657 = CARTESIAN_POINT ( 'NONE',  ( -10.59327285786267225, 2.700000000000000178, 9.599522453918483578 ) ) ;
#2658 = ORIENTED_EDGE ( 'NONE', *, *, #6231, .T. ) ;
#2659 = FACE_OUTER_BOUND ( 'NONE', #7692, .T. ) ;
#2660 = CARTESIAN_POINT ( 'NONE',  ( 0.000000000000000000, 2.700000000000000178, 20.48923905391848166 ) ) ;
#2661 = EDGE_CURVE ( 'NONE', #9698, #2385, #11626, .T. ) ;
#2662 = ORIENTED_EDGE ( 'NONE', *, *, #3910, .T. ) ;
#2663 = FACE_OUTER_BOUND ( 'NONE', #12715, .T. ) ;
#2664 = LINE ( 'NONE', #342, #5656 ) ;
#2665 = VERTEX_POINT ( 'NONE', #5401 ) ;
#2666 = PRODUCT_RELATED_PRODUCT_CATEGORY ( 'detail', '', ( #1348 ) ) ;
#2667 = DIRECTION ( 'NONE',  ( -0.9238789273892338283, 0.000000000000000000, -0.3826848932556902172 ) ) ;
#2668 = EDGE_CURVE ( 'NONE', #411, #10991, #9565, .T. ) ;
#2669 = ORIENTED_EDGE ( 'NONE', *, *, #13354, .F. ) ;
#2670 = AXIS2_PLACEMENT_3D ( 'NONE', #4502, #12015, #9694 ) ;
#2671 = EDGE_LOOP ( 'NONE', ( #6515, #1162, #899, #10450 ) ) ;
#2672 = LINE ( 'NONE', #12791, #6527 ) ;
#2673 = ORIENTED_EDGE ( 'NONE', *, *, #76, .T. ) ;
#2674 = VECTOR ( 'NONE', #7018, 1000.000000000000114 ) ;
#2675 = CARTESIAN_POINT ( 'NONE',  ( -50.53789502586267446, 2.700000000000000178, 3.809801749918482194 ) ) ;
#2676 = CARTESIAN_POINT ( 'NONE',  ( 7.013566245940605626, 2.700000000000000178, 5.751119555332418365 ) ) ;
#2677 = CARTESIAN_POINT ( 'NONE',  ( 18.72973885413733797, 3.000000000000000000, 18.86798042191847102 ) ) ;
#2678 = DIRECTION ( 'NONE',  ( -0.000000000000000000, 1.000000000000000000, -0.000000000000000000 ) ) ;
#2679 = CARTESIAN_POINT ( 'NONE',  ( 31.50000000000002842, 0.000000000000000000, -30.13000000000000966 ) ) ;
#2680 = VECTOR ( 'NONE', #11515, 999.9999999999998863 ) ;
#2681 = CARTESIAN_POINT ( 'NONE',  ( -49.80314008186266506, 2.700000000000000178, 17.54851950991848497 ) ) ;
#2682 = VECTOR ( 'NONE', #319, 1000.000000000000000 ) ;
#2683 = ORIENTED_EDGE ( 'NONE', *, *, #10901, .F. ) ;
#2684 = LINE ( 'NONE', #6852, #249 ) ;
#2685 = DIRECTION ( 'NONE',  ( 0.9177268442936070691, 0.000000000000000000, -0.3972120834804721001 ) ) ;
#2686 = VERTEX_POINT ( 'NONE', #10654 ) ;
#2687 = DIRECTION ( 'NONE',  ( 0.1708600563953215912, 0.000000000000000000, -0.9852953065597073179 ) ) ;
#2688 = VECTOR ( 'NONE', #3298, 1000.000000000000114 ) ;
#2689 = AXIS2_PLACEMENT_3D ( 'NONE', #8860, #12887, #379 ) ;
#2690 = EDGE_LOOP ( 'NONE', ( #7016, #5875, #8399, #12529 ) ) ;
#2691 = DIRECTION ( 'NONE',  ( -0.9799440330790400999, 0.000000000000000000, 0.1992729084265720541 ) ) ;
#2692 = ORIENTED_EDGE ( 'NONE', *, *, #11258, .T. ) ;
#2693 = FACE_OUTER_BOUND ( 'NONE', #12181, .T. ) ;
#2694 = VECTOR ( 'NONE', #9926, 1000.000000000000114 ) ;
#2695 = DIRECTION ( 'NONE',  ( 0.07087289490145044779, 0.000000000000000000, 0.9974853546635598089 ) ) ;
#2696 = LINE ( 'NONE', #580, #2652 ) ;
#2697 = LINE ( 'NONE', #9732, #4528 ) ;
#2698 = CARTESIAN_POINT ( 'NONE',  ( -48.85071221786267870, 2.700000000000000178, 20.13962532591848031 ) ) ;
#2699 = DIRECTION ( 'NONE',  ( 0.000000000000000000, 0.000000000000000000, 1.000000000000000000 ) ) ;
#2700 = AXIS2_PLACEMENT_3D ( 'NONE', #6738, #8866, #7838 ) ;
#2701 = EDGE_CURVE ( 'NONE', #4757, #5651, #7525, .T. ) ;
#2702 = ORIENTED_EDGE ( 'NONE', *, *, #5873, .T. ) ;
#2703 = ADVANCED_FACE ( 'NONE', ( #8878 ), #7647, .T. ) ;
#2704 = AXIS2_PLACEMENT_3D ( 'NONE', #3004, #9078, #6894 ) ;
#2705 = FACE_OUTER_BOUND ( 'NONE', #13342, .T. ) ;
#2706 = AXIS2_PLACEMENT_3D ( 'NONE', #2261, #8473, #12577 ) ;
#2707 = ORIENTED_EDGE ( 'NONE', *, *, #12563, .T. ) ;
#2708 = CARTESIAN_POINT ( 'NONE',  ( 0.000000000000000000, 2.700000000000000178, 20.48923905391848166 ) ) ;
#2709 = CARTESIAN_POINT ( 'NONE',  ( -13.92817195386268203, 2.700000000000000178, 14.32128491791848290 ) ) ;
#2710 = ADVANCED_FACE ( 'NONE', ( #13039 ), #8941, .T. ) ;
#2711 = EDGE_CURVE ( 'NONE', #9279, #7858, #3480, .T. ) ;
#2712 = CARTESIAN_POINT ( 'NONE',  ( -15.60383840186267257, 2.700000000000000178, 18.16996200591847810 ) ) ;
#2713 = DIRECTION ( 'NONE',  ( 0.9605984008074308633, 0.000000000000000000, 0.2779401237068993558 ) ) ;
#2714 = VERTEX_POINT ( 'NONE', #9904 ) ;
#2715 = DIRECTION ( 'NONE',  ( -1.000000000000000000, 0.000000000000000000, 0.000000000000000000 ) ) ;
#2716 = CARTESIAN_POINT ( 'NONE',  ( -12.03947367386268219, 2.700000000000000178, 1.021237349918483472 ) ) ;
#2717 = ORIENTED_EDGE ( 'NONE', *, *, #11044, .T. ) ;
#2718 = CARTESIAN_POINT ( 'NONE',  ( 26.10684576613731878, 2.700000000000000178, 0.9301204379184823123 ) ) ;
#2719 = VERTEX_POINT ( 'NONE', #3417 ) ;
#2720 = EDGE_CURVE ( 'NONE', #7054, #1255, #4570, .T. ) ;
#2721 = CARTESIAN_POINT ( 'NONE',  ( -12.21029954011108565, 3.000000000000000000, 21.26658587758130992 ) ) ;
#2722 = ORIENTED_EDGE ( 'NONE', *, *, #1394, .T. ) ;
#2723 = CARTESIAN_POINT ( 'NONE',  ( -8.095692016695004156, 3.000000000000000000, 0.5173680133751422661 ) ) ;
#2724 = LINE ( 'NONE', #1633, #10301 ) ;
#2725 = ORIENTED_EDGE ( 'NONE', *, *, #149, .T. ) ;
#2726 = CARTESIAN_POINT ( 'NONE',  ( -7.080389865862670717, 2.700000000000000178, 9.559968557918484322 ) ) ;
#2727 = LINE ( 'NONE', #7032, #11659 ) ;
#2728 = ORIENTED_EDGE ( 'NONE', *, *, #4545, .F. ) ;
#2729 = DIRECTION ( 'NONE',  ( 0.5590273022158679384, 0.000000000000000000, -0.8291492479507224234 ) ) ;
#2730 = DIRECTION ( 'NONE',  ( -0.3878634473750072753, 0.000000000000000000, 0.9217168470796087698 ) ) ;
#2731 = VERTEX_POINT ( 'NONE', #12838 ) ;
#2732 = CARTESIAN_POINT ( 'NONE',  ( 8.869769750137326270, 2.700000000000000178, 3.809801749918482194 ) ) ;
#2733 = VECTOR ( 'NONE', #4473, 1000.000000000000000 ) ;
#2734 = ORIENTED_EDGE ( 'NONE', *, *, #8799, .F. ) ;
#2735 = EDGE_LOOP ( 'NONE', ( #4632, #4111, #10658, #1580 ) ) ;
#2736 = EDGE_CURVE ( 'NONE', #5392, #1457, #5532, .T. ) ;
#2737 = DIRECTION ( 'NONE',  ( 0.04305206292933300843, 0.000000000000000000, 0.9990728301167682845 ) ) ;
#2738 = ORIENTED_EDGE ( 'NONE', *, *, #4415, .F. ) ;
#2739 = VECTOR ( 'NONE', #13115, 1000.000000000000000 ) ;
#2740 = DIRECTION ( 'NONE',  ( 0.6050821613523881259, 0.000000000000000000, -0.7961630348195792850 ) ) ;
#2741 = VECTOR ( 'NONE', #11099, 999.9999999999998863 ) ;
#2742 = EDGE_CURVE ( 'NONE', #7584, #217, #6829, .T. ) ;
#2743 = DIRECTION ( 'NONE',  ( 0.000000000000000000, 0.000000000000000000, -1.000000000000000000 ) ) ;
#2744 = DIRECTION ( 'NONE',  ( -0.8353422826144923929, 0.000000000000000000, -0.5497301800669212035 ) ) ;
#2745 = ADVANCED_FACE ( 'NONE', ( #11954 ), #2457, .T. ) ;
#2746 = CARTESIAN_POINT ( 'NONE',  ( -7.880377690024019444, 2.700000000000000178, -3.088464016869833628 ) ) ;
#2747 = CARTESIAN_POINT ( 'NONE',  ( -27.67122587596108829, 2.700000000000000178, 5.579762027499895360 ) ) ;
#2748 = CARTESIAN_POINT ( 'NONE',  ( 32.44211603790989074, 2.700000000000000178, -15.95146231254266489 ) ) ;
#2749 = ORIENTED_EDGE ( 'NONE', *, *, #3319, .F. ) ;
#2750 = CARTESIAN_POINT ( 'NONE',  ( -12.89235487386268098, 2.700000000000000178, 0.000000000000000000 ) ) ;
#2751 = DIRECTION ( 'NONE',  ( -0.000000000000000000, 1.000000000000000000, -0.000000000000000000 ) ) ;
#2752 = EDGE_LOOP ( 'NONE', ( #5594, #5004, #2150, #5320 ) ) ;
#2753 = CARTESIAN_POINT ( 'NONE',  ( 3.055331798137324029, 3.000000000000000000, -19.50482573808151088 ) ) ;
#2754 = ADVANCED_FACE ( 'NONE', ( #4505 ), #9762, .T. ) ;
#2755 = EDGE_LOOP ( 'NONE', ( #2580, #577, #10713, #5226, #3018, #7030, #10897, #2130, #2953, #8786, #12457, #3792, #6823, #13239, #147, #11884, #3182, #2333, #12502, #6481, #2316, #4456, #3775, #4158, #11086, #11536, #1459, #8562, #3622, #9388, #8495, #9846, #2008, #11824, #4940, #6697, #13227, #6185, #12601, #8149, #5251, #10913 ) ) ;
#2756 = ADVANCED_FACE ( 'NONE', ( #8671 ), #2591, .T. ) ;
#2757 = ORIENTED_EDGE ( 'NONE', *, *, #616, .T. ) ;
#2758 = EDGE_CURVE ( 'NONE', #11747, #1370, #12907, .T. ) ;
#2759 = FACE_OUTER_BOUND ( 'NONE', #9134, .T. ) ;
#2760 = VERTEX_POINT ( 'NONE', #3550 ) ;
#2761 = LINE ( 'NONE', #6722, #9121 ) ;
#2762 = DIRECTION ( 'NONE',  ( 0.000000000000000000, 0.000000000000000000, -1.000000000000000000 ) ) ;
#2763 = LINE ( 'NONE', #7072, #4824 ) ;
#2764 = DIRECTION ( 'NONE',  ( 0.000000000000000000, 1.000000000000000000, 0.000000000000000000 ) ) ;
#2765 = PLANE ( 'NONE',  #1044 ) ;
#2766 = AXIS2_PLACEMENT_3D ( 'NONE', #3714, #8701, #1728 ) ;
#2767 = DIRECTION ( 'NONE',  ( -0.000000000000000000, 1.000000000000000000, -0.000000000000000000 ) ) ;
#2768 = CARTESIAN_POINT ( 'NONE',  ( -6.276145963849684151, 2.700000000000000178, 11.27642936789862915 ) ) ;
#2769 = VERTEX_POINT ( 'NONE', #472 ) ;
#2770 = CARTESIAN_POINT ( 'NONE',  ( 17.10218819899269604, 2.700000000000000178, -17.56091664381943573 ) ) ;
#2771 = ORIENTED_EDGE ( 'NONE', *, *, #11844, .F. ) ;
#2772 = FACE_OUTER_BOUND ( 'NONE', #7742, .T. ) ;
#2773 = DIRECTION ( 'NONE',  ( 0.5363501535989853020, 0.000000000000000000, -0.8439955644044255800 ) ) ;
#2774 = DIRECTION ( 'NONE',  ( 0.000000000000000000, 0.000000000000000000, -1.000000000000000000 ) ) ;
#2775 = CARTESIAN_POINT ( 'NONE',  ( 6.954162152086365900, 2.700000000000000178, 21.76954027936069025 ) ) ;
#2776 = ORIENTED_EDGE ( 'NONE', *, *, #12652, .T. ) ;
#2777 = CARTESIAN_POINT ( 'NONE',  ( -52.50000000000000711, 0.000000000000000000, -46.96999999999999176 ) ) ;
#2778 = CYLINDRICAL_SURFACE ( 'NONE', #6773, 1.700000000000000178 ) ;
#2779 = ORIENTED_EDGE ( 'NONE', *, *, #1602, .T. ) ;
#2780 = EDGE_CURVE ( 'NONE', #2987, #8811, #11755, .T. ) ;
#2781 = DIRECTION ( 'NONE',  ( 0.000000000000000000, 0.000000000000000000, 1.000000000000000000 ) ) ;
#2782 = ORIENTED_EDGE ( 'NONE', *, *, #7498, .F. ) ;
#2783 = AXIS2_PLACEMENT_3D ( 'NONE', #6929, #5567, #10891 ) ;
#2784 = PLANE ( 'NONE',  #12516 ) ;
#2785 = ORIENTED_EDGE ( 'NONE', *, *, #3875, .T. ) ;
#2786 = FACE_OUTER_BOUND ( 'NONE', #239, .T. ) ;
#2787 = CARTESIAN_POINT ( 'NONE',  ( 52.49999999999999289, 0.000000000000000000, -46.96999999999999176 ) ) ;
#2788 = VERTEX_POINT ( 'NONE', #5801 ) ;
#2789 = CARTESIAN_POINT ( 'NONE',  ( 12.60268583013733235, 2.700000000000000178, 16.74891125391848234 ) ) ;
#2790 = CARTESIAN_POINT ( 'NONE',  ( -50.53789502586267446, 3.000000000000000000, 13.45109514191848277 ) ) ;
#2791 = VERTEX_POINT ( 'NONE', #608 ) ;
#2792 = CARTESIAN_POINT ( 'NONE',  ( -52.99999999999999289, 0.000000000000000000, 29.04999999999999361 ) ) ;
#2793 = LINE ( 'NONE', #5936, #3260 ) ;
#2794 = ORIENTED_EDGE ( 'NONE', *, *, #13116, .T. ) ;
#2795 = CARTESIAN_POINT ( 'NONE',  ( -52.50000000000000711, 3.000000000000000000, -46.96999999999999176 ) ) ;
#2796 = VERTEX_POINT ( 'NONE', #11889 ) ;
#2797 = EDGE_CURVE ( 'NONE', #2068, #11574, #9967, .T. ) ;
#2798 = ORIENTED_EDGE ( 'NONE', *, *, #1451, .F. ) ;
#2799 = EDGE_CURVE ( 'NONE', #3379, #7050, #6755, .T. ) ;
#2800 = FACE_OUTER_BOUND ( 'NONE', #7198, .T. ) ;
#2801 = ORIENTED_EDGE ( 'NONE', *, *, #12925, .F. ) ;
#2802 = CARTESIAN_POINT ( 'NONE',  ( 11.49947343733865068, 2.700000000000000178, -10.90693622026012832 ) ) ;
#2803 = CARTESIAN_POINT ( 'NONE',  ( 52.87901369609370050, 3.000000000000000000, -0.1004458120859823139 ) ) ;
#2804 = AXIS2_PLACEMENT_3D ( 'NONE', #620, #4786, #13122 ) ;
#2805 = DIRECTION ( 'NONE',  ( 0.9563306770081583252, 0.000000000000000000, -0.2922869073583650446 ) ) ;
#2806 = ORIENTED_EDGE ( 'NONE', *, *, #6262, .F. ) ;
#2807 = PLANE ( 'NONE',  #4191 ) ;
#2808 = DIRECTION ( 'NONE',  ( 0.5590273022158679384, 0.000000000000000000, -0.8291492479507224234 ) ) ;
#2809 = ADVANCED_FACE ( 'NONE', ( #5735 ), #4709, .T. ) ;
#2810 = DIRECTION ( 'NONE',  ( 0.9252449272632040644, 0.000000000000000000, 0.3793703000680315185 ) ) ;
#2811 = VERTEX_POINT ( 'NONE', #1636 ) ;
#2812 = DIRECTION ( 'NONE',  ( -0.9894149587662086631, 0.000000000000000000, -0.1451138841381534872 ) ) ;
#2813 = CARTESIAN_POINT ( 'NONE',  ( 25.46634177616289918, 2.700000000000000178, -9.896256249666096849 ) ) ;
#2814 = ORIENTED_EDGE ( 'NONE', *, *, #7678, .F. ) ;
#2815 = DIRECTION ( 'NONE',  ( 0.9937606799076039721, 0.000000000000000000, 0.1115334526927975883 ) ) ;
#2816 = ADVANCED_FACE ( 'NONE', ( #673 ), #10169, .T. ) ;
#2817 = EDGE_CURVE ( 'NONE', #6525, #470, #3886, .T. ) ;
#2818 = VECTOR ( 'NONE', #587, 1000.000000000000000 ) ;
#2819 = VERTEX_POINT ( 'NONE', #808 ) ;
#2820 = VECTOR ( 'NONE', #9369, 1000.000000000000000 ) ;
#2821 = EDGE_CURVE ( 'NONE', #11451, #11956, #2727, .T. ) ;
#2822 = VERTEX_POINT ( 'NONE', #12367 ) ;
#2823 = EDGE_CURVE ( 'NONE', #11574, #5468, #743, .T. ) ;
#2824 = DIRECTION ( 'NONE',  ( -0.000000000000000000, 0.000000000000000000, 1.000000000000000000 ) ) ;
#2825 = VECTOR ( 'NONE', #12762, 1000.000000000000114 ) ;
#2826 = VERTEX_POINT ( 'NONE', #9145 ) ;
#2827 = CARTESIAN_POINT ( 'NONE',  ( 28.43826252653888531, 2.700000000000000178, -5.656756653475872199 ) ) ;
#2828 = DIRECTION ( 'NONE',  ( -0.9238814843844337377, 0.000000000000000000, -0.3826787200924754995 ) ) ;
#2829 = CARTESIAN_POINT ( 'NONE',  ( 30.06578527013733648, 2.700000000000000178, 8.380763397918487456 ) ) ;
#2830 = DIRECTION ( 'NONE',  ( -0.7031125815071945784, 0.000000000000000000, -0.7110785453986703253 ) ) ;
#2831 = VECTOR ( 'NONE', #10341, 1000.000000000000114 ) ;
#2832 = DIRECTION ( 'NONE',  ( -0.000000000000000000, 1.000000000000000000, -0.000000000000000000 ) ) ;
#2833 = VECTOR ( 'NONE', #2685, 1000.000000000000000 ) ;
#2834 = EDGE_CURVE ( 'NONE', #5175, #12911, #11203, .T. ) ;
#2835 = LINE ( 'NONE', #8913, #5692 ) ;
#2836 = LINE ( 'NONE', #7005, #11251 ) ;
#2837 = ADVANCED_FACE ( 'NONE', ( #1971 ), #11336, .T. ) ;
#2838 = ORIENTED_EDGE ( 'NONE', *, *, #7353, .F. ) ;
#2839 = VECTOR ( 'NONE', #7334, 1000.000000000000000 ) ;
#2840 = CARTESIAN_POINT ( 'NONE',  ( 11.49947343733865068, 2.700000000000000178, -10.90693622026012832 ) ) ;
#2841 = ORIENTED_EDGE ( 'NONE', *, *, #7184, .F. ) ;
#2842 = CARTESIAN_POINT ( 'NONE',  ( 9.008414284718385900, 2.700000000000000178, 19.06306419901207150 ) ) ;
#2843 = CARTESIAN_POINT ( 'NONE',  ( 8.493061334137337326, 2.700000000000000178, 1.276651621918487356 ) ) ;
#2844 = DIRECTION ( 'NONE',  ( -0.000000000000000000, 1.000000000000000000, -0.000000000000000000 ) ) ;
#2845 = LINE ( 'NONE', #3935, #5727 ) ;
#2846 = ORIENTED_EDGE ( 'NONE', *, *, #1959, .F. ) ;
#2847 = VECTOR ( 'NONE', #7423, 1000.000000000000227 ) ;
#2848 = VECTOR ( 'NONE', #1310, 1000.000000000000000 ) ;
#2849 = CARTESIAN_POINT ( 'NONE',  ( 50.10516670606293843, 3.000000000000000000, -4.557023231910982908 ) ) ;
#2850 = DIRECTION ( 'NONE',  ( -0.000000000000000000, 1.000000000000000000, -0.000000000000000000 ) ) ;
#2851 = EDGE_LOOP ( 'NONE', ( #3608, #4653 ) ) ;
#2852 = DIRECTION ( 'NONE',  ( -0.000000000000000000, 1.000000000000000000, -0.000000000000000000 ) ) ;
#2853 = VERTEX_POINT ( 'NONE', #2865 ) ;
#2854 = VECTOR ( 'NONE', #7894, 1000.000000000000114 ) ;
#2855 = VECTOR ( 'NONE', #7600, 1000.000000000000114 ) ;
#2856 = CIRCLE ( 'NONE', #10272, 2.000000000000001776 ) ;
#2857 = EDGE_LOOP ( 'NONE', ( #4131, #12109, #11477, #6976 ) ) ;
#2858 = DIRECTION ( 'NONE',  ( 0.9067769724085804617, 0.000000000000000000, 0.4216106287909834882 ) ) ;
#2859 = DIRECTION ( 'NONE',  ( -0.6495550664309811539, 0.000000000000000000, -0.7603145504814725619 ) ) ;
#2860 = ORIENTED_EDGE ( 'NONE', *, *, #5460, .T. ) ;
#2861 = DIRECTION ( 'NONE',  ( -0.000000000000000000, 1.000000000000000000, -0.000000000000000000 ) ) ;
#2862 = DIRECTION ( 'NONE',  ( -0.000000000000000000, 1.000000000000000000, -0.000000000000000000 ) ) ;
#2863 = EDGE_LOOP ( 'NONE', ( #7114, #5939, #8066, #11056 ) ) ;
#2864 = PLANE ( 'NONE',  #7013 ) ;
#2865 = CARTESIAN_POINT ( 'NONE',  ( -43.12151564986267971, 2.700000000000000178, 19.33228327791848145 ) ) ;
#2866 = EDGE_LOOP ( 'NONE', ( #13524, #10387, #1593, #5640 ) ) ;
#2867 = DIRECTION ( 'NONE',  ( 0.001119048162977703473, 0.000000000000000000, 0.9999993738654083808 ) ) ;
#2868 = CARTESIAN_POINT ( 'NONE',  ( 0.7699086768041651929, 3.000000000000000000, 2.539351909453870793 ) ) ;
#2869 = VERTEX_POINT ( 'NONE', #11055 ) ;
#2870 = VECTOR ( 'NONE', #3787, 999.9999999999998863 ) ;
#2871 = CARTESIAN_POINT ( 'NONE',  ( -11.21130565786266864, 2.700000000000000178, 1.634326293918483497 ) ) ;
#2872 = EDGE_LOOP ( 'NONE', ( #852, #615, #2945, #10742 ) ) ;
#2873 = ORIENTED_EDGE ( 'NONE', *, *, #1703, .F. ) ;
#2874 = EDGE_CURVE ( 'NONE', #12234, #1492, #4035, .T. ) ;
#2875 = CARTESIAN_POINT ( 'NONE',  ( -8.193490125780648725, 3.000000000000000000, -19.78112035565094473 ) ) ;
#2876 = ORIENTED_EDGE ( 'NONE', *, *, #4019, .F. ) ;
#2877 = EDGE_CURVE ( 'NONE', #4792, #2529, #875, .T. ) ;
#2878 = LINE ( 'NONE', #685, #2155 ) ;
#2879 = CARTESIAN_POINT ( 'NONE',  ( 0.000000000000000000, 2.700000000000000178, 2.128756597918481930 ) ) ;
#2880 = CARTESIAN_POINT ( 'NONE',  ( 0.9335490348917346859, 2.700000000000000178, 11.68598778197440602 ) ) ;
#2881 = VERTEX_POINT ( 'NONE', #1839 ) ;
#2882 = CARTESIAN_POINT ( 'NONE',  ( -25.82899346586267697, 2.700000000000000178, 0.000000000000000000 ) ) ;
#2883 = DIRECTION ( 'NONE',  ( 0.3815718926976354175, 0.000000000000000000, 0.9243391643239748934 ) ) ;
#2884 = AXIS2_PLACEMENT_3D ( 'NONE', #10805, #10736, #2606 ) ;
#2885 = ADVANCED_FACE ( 'NONE', ( #6954 ), #12299, .T. ) ;
#2886 = VERTEX_POINT ( 'NONE', #13176 ) ;
#2887 = CARTESIAN_POINT ( 'NONE',  ( -12.76030353571015930, 2.700000000000000178, -18.92590498586964998 ) ) ;
#2888 = LINE ( 'NONE', #3907, #12210 ) ;
#2889 = ORIENTED_EDGE ( 'NONE', *, *, #109, .T. ) ;
#2890 = CARTESIAN_POINT ( 'NONE',  ( -57.99999999999997868, 3.000000000000000000, -53.00000000000000711 ) ) ;
#2891 = EDGE_LOOP ( 'NONE', ( #7928, #11494, #8285, #11703 ) ) ;
#2892 = PERSON_AND_ORGANIZATION_ROLE ( 'design_supplier' ) ;
#2893 = ORIENTED_EDGE ( 'NONE', *, *, #3423, .F. ) ;
#2894 = DIRECTION ( 'NONE',  ( 0.000000000000000000, 0.000000000000000000, 1.000000000000000000 ) ) ;
#2895 = VECTOR ( 'NONE', #2422, 1000.000000000000000 ) ;
#2896 = VECTOR ( 'NONE', #9901, 1000.000000000000114 ) ;
#2897 = ORIENTED_EDGE ( 'NONE', *, *, #8584, .F. ) ;
#2898 = ORIENTED_EDGE ( 'NONE', *, *, #2199, .F. ) ;
#2899 = DIRECTION ( 'NONE',  ( -0.000000000000000000, 1.000000000000000000, -0.000000000000000000 ) ) ;
#2900 = LINE ( 'NONE', #2971, #3062 ) ;
#2901 = ADVANCED_FACE ( 'NONE', ( #6070, #2936 ), #8197, .T. ) ;
#2902 = CARTESIAN_POINT ( 'NONE',  ( -40.16732496186267554, 3.000000000000000000, 3.809801749918482194 ) ) ;
#2903 = DIRECTION ( 'NONE',  ( 0.9880692682966384366, 0.000000000000000000, -0.1540101329385353268 ) ) ;
#2904 = CARTESIAN_POINT ( 'NONE',  ( -49.80314008186266506, 3.000000000000000000, 17.54851950991848497 ) ) ;
#2905 = VECTOR ( 'NONE', #2277, 1000.000000000000000 ) ;
#2906 = LINE ( 'NONE', #7075, #5037 ) ;
#2907 = CARTESIAN_POINT ( 'NONE',  ( 28.13999791013733542, 2.700000000000000178, 8.746638205918486619 ) ) ;
#2908 = AXIS2_PLACEMENT_3D ( 'NONE', #5718, #3666, #12000 ) ;
#2909 = ORIENTED_EDGE ( 'NONE', *, *, #4406, .F. ) ;
#2910 = VECTOR ( 'NONE', #3155, 1000.000000000000114 ) ;
#2911 = ADVANCED_FACE ( 'NONE', ( #12156 ), #1903, .F. ) ;
#2912 = LINE ( 'NONE', #5982, #12656 ) ;
#2913 = ORIENTED_EDGE ( 'NONE', *, *, #2499, .T. ) ;
#2914 = CARTESIAN_POINT ( 'NONE',  ( 18.19454074846502323, 3.000000000000000000, 19.37068257022199447 ) ) ;
#2915 = EDGE_CURVE ( 'NONE', #11475, #1285, #948, .T. ) ;
#2916 = EDGE_CURVE ( 'NONE', #5344, #3947, #5862, .T. ) ;
#2917 = VECTOR ( 'NONE', #12696, 1000.000000000000000 ) ;
#2918 = PLANE ( 'NONE',  #1074 ) ;
#2919 = CARTESIAN_POINT ( 'NONE',  ( -6.099813892092005752, 3.000000000000000000, 2.526636942322651347 ) ) ;
#2921 = ORIENTED_EDGE ( 'NONE', *, *, #4615, .T. ) ;
#2920 = EDGE_CURVE ( 'NONE', #9068, #3058, #10033, .T. ) ;
#2922 = DIRECTION ( 'NONE',  ( -0.000000000000000000, 1.000000000000000000, -0.000000000000000000 ) ) ;
#2923 = LINE ( 'NONE', #11322, #2197 ) ;
#2924 = VECTOR ( 'NONE', #6140, 1000.000000000000114 ) ;
#2925 = DIRECTION ( 'NONE',  ( -0.000000000000000000, 1.000000000000000000, -0.000000000000000000 ) ) ;
#2926 = ORIENTED_EDGE ( 'NONE', *, *, #10816, .T. ) ;
#2927 = EDGE_CURVE ( 'NONE', #6033, #1966, #7988, .T. ) ;
#2928 = ORIENTED_EDGE ( 'NONE', *, *, #12501, .F. ) ;
#2929 = CARTESIAN_POINT ( 'NONE',  ( -0.7082246349140969288, 3.000000000000000000, -1.192967081271806951 ) ) ;
#2930 = PLANE ( 'NONE',  #503 ) ;
#2931 = ORIENTED_EDGE ( 'NONE', *, *, #11182, .T. ) ;
#2932 = PLANE ( 'NONE',  #6699 ) ;
#2933 = FACE_OUTER_BOUND ( 'NONE', #13199, .T. ) ;
#2934 = ORIENTED_EDGE ( 'NONE', *, *, #7889, .T. ) ;
#2935 = CARTESIAN_POINT ( 'NONE',  ( 0.000000000000000000, 3.000000000000000000, 19.27047999791848554 ) ) ;
#2936 = FACE_OUTER_BOUND ( 'NONE', #7526, .T. ) ;
#2937 = VERTEX_POINT ( 'NONE', #5933 ) ;
#2938 = CARTESIAN_POINT ( 'NONE',  ( -6.327604985862667064, 2.700000000000000178, 1.976703053918482222 ) ) ;
#2939 = DIRECTION ( 'NONE',  ( -0.000000000000000000, 1.000000000000000000, -0.000000000000000000 ) ) ;
#2940 = ORIENTED_EDGE ( 'NONE', *, *, #2995, .F. ) ;
#2941 = LINE ( 'NONE', #8203, #6659 ) ;
#2942 = ORIENTED_EDGE ( 'NONE', *, *, #9079, .T. ) ;
#2943 = ORIENTED_EDGE ( 'NONE', *, *, #9639, .F. ) ;
#2944 = DIRECTION ( 'NONE',  ( -0.000000000000000000, 0.000000000000000000, -1.000000000000000000 ) ) ;
#2945 = ORIENTED_EDGE ( 'NONE', *, *, #3985, .T. ) ;
#2946 = DIRECTION ( 'NONE',  ( 0.000000000000000000, 0.000000000000000000, 1.000000000000000000 ) ) ;
#2947 = CARTESIAN_POINT ( 'NONE',  ( -26.58299043386267613, 2.700000000000000178, 20.65734336591847864 ) ) ;
#2948 = LINE ( 'NONE', #5196, #3107 ) ;
#2949 = ORIENTED_EDGE ( 'NONE', *, *, #454, .T. ) ;
#2950 = CARTESIAN_POINT ( 'NONE',  ( -18.71668358586267900, 3.000000000000000000, 8.447511549918484519 ) ) ;
#2951 = LINE ( 'NONE', #6153, #6044 ) ;
#2952 = VECTOR ( 'NONE', #11970, 1000.000000000000000 ) ;
#2953 = ORIENTED_EDGE ( 'NONE', *, *, #11558, .F. ) ;
#2954 = LINE ( 'NONE', #7123, #2910 ) ;
#2955 = CARTESIAN_POINT ( 'NONE',  ( 8.592899590137326626, 2.700000000000000178, -17.95232592208152056 ) ) ;
#2956 = VERTEX_POINT ( 'NONE', #13514 ) ;
#2957 = EDGE_CURVE ( 'NONE', #10381, #6228, #8524, .T. ) ;
#2958 = CARTESIAN_POINT ( 'NONE',  ( -3.566354020064851138, 3.000000000000000000, 22.14887377912913990 ) ) ;
#2959 = EDGE_CURVE ( 'NONE', #2312, #181, #11469, .T. ) ;
#2960 = VECTOR ( 'NONE', #8749, 1000.000000000000227 ) ;
#2961 = ORIENTED_EDGE ( 'NONE', *, *, #13253, .T. ) ;
#2962 = VECTOR ( 'NONE', #2544, 1000.000000000000114 ) ;
#2963 = DATE_AND_TIME ( #907, #13480 ) ;
#2964 = EDGE_CURVE ( 'NONE', #2375, #411, #12426, .T. ) ;
#2965 = VERTEX_POINT ( 'NONE', #2174 ) ;
#2966 = EDGE_CURVE ( 'NONE', #11173, #3210, #7232, .T. ) ;
#2967 = LINE ( 'NONE', #7130, #7634 ) ;
#2968 = ORIENTED_EDGE ( 'NONE', *, *, #5988, .F. ) ;
#2969 = ORIENTED_EDGE ( 'NONE', *, *, #4821, .T. ) ;
#2970 = PLANE ( 'NONE',  #11525 ) ;
#2971 = CARTESIAN_POINT ( 'NONE',  ( -13.98503645786268912, 2.700000000000000178, 9.194092733918484583 ) ) ;
#2973 = VECTOR ( 'NONE', #9958, 1000.000000000000000 ) ;
#2972 = PLANE ( 'NONE',  #6361 ) ;
#2974 = CARTESIAN_POINT ( 'NONE',  ( -33.40358639386267470, 2.700000000000000178, 20.48923905391848166 ) ) ;
#2975 = EDGE_CURVE ( 'NONE', #12766, #3444, #124, .T. ) ;
#2976 = DIRECTION ( 'NONE',  ( 0.9238794569645282229, 0.000000000000000000, -0.3826836147510478958 ) ) ;
#2977 = LINE ( 'NONE', #6866, #4599 ) ;
#2978 = DIRECTION ( 'NONE',  ( -1.000000000000000000, 0.000000000000000000, 0.000000000000000000 ) ) ;
#2979 = VECTOR ( 'NONE', #13510, 1000.000000000000000 ) ;
#2980 = EDGE_CURVE ( 'NONE', #5941, #9200, #12701, .T. ) ;
#2981 = ORIENTED_EDGE ( 'NONE', *, *, #4834, .F. ) ;
#2982 = CARTESIAN_POINT ( 'NONE',  ( 7.383368779259085635, 2.700000000000000178, -1.610491943536428217 ) ) ;
#2983 = EDGE_CURVE ( 'NONE', #2826, #7054, #3135, .T. ) ;
#2984 = ORIENTED_EDGE ( 'NONE', *, *, #9557, .F. ) ;
#2985 = DIRECTION ( 'NONE',  ( -0.000000000000000000, 1.000000000000000000, -0.000000000000000000 ) ) ;
#2986 = DIRECTION ( 'NONE',  ( -0.000000000000000000, 1.000000000000000000, -0.000000000000000000 ) ) ;
#2987 = VERTEX_POINT ( 'NONE', #11675 ) ;
#2988 = EDGE_CURVE ( 'NONE', #8237, #10090, #4291, .T. ) ;
#2989 = PLANE ( 'NONE',  #4854 ) ;
#2990 = LINE ( 'NONE', #3869, #5257 ) ;
#2991 = EDGE_CURVE ( 'NONE', #5172, #8117, #10636, .T. ) ;
#2992 = FACE_OUTER_BOUND ( 'NONE', #10628, .T. ) ;
#2993 = ADVANCED_FACE ( 'NONE', ( #3068 ), #2106, .T. ) ;
#2994 = ORIENTED_EDGE ( 'NONE', *, *, #6656, .F. ) ;
#2995 = EDGE_CURVE ( 'NONE', #2714, #6760, #9547, .T. ) ;
#2996 = ORIENTED_EDGE ( 'NONE', *, *, #6922, .F. ) ;
#2997 = CARTESIAN_POINT ( 'NONE',  ( -0.4013778297232228898, 2.700000000000000178, 0.2754911968401745348 ) ) ;
#2998 = DIRECTION ( 'NONE',  ( -0.3693887080512758270, 0.000000000000000000, -0.9292749767233643432 ) ) ;
#2999 = ORIENTED_EDGE ( 'NONE', *, *, #5993, .F. ) ;
#3000 = PLANE ( 'NONE',  #7794 ) ;
#3001 = FACE_OUTER_BOUND ( 'NONE', #10712, .T. ) ;
#3002 = EDGE_LOOP ( 'NONE', ( #5373, #3358, #11302, #9912 ) ) ;
#3003 = CARTESIAN_POINT ( 'NONE',  ( -9.134719513862670226, 2.700000000000000178, 14.41275234991848464 ) ) ;
#3004 = CARTESIAN_POINT ( 'NONE',  ( 3.650000000000028333, 0.000000000000000000, -30.13000000000000966 ) ) ;
#3005 = ORIENTED_EDGE ( 'NONE', *, *, #12774, .T. ) ;
#3006 = LINE ( 'NONE', #11407, #2042 ) ;
#3007 = CARTESIAN_POINT ( 'NONE',  ( -2.327679355431374386, 3.000000000000000000, 10.10530233178950255 ) ) ;
#3008 = ORIENTED_EDGE ( 'NONE', *, *, #1227, .F. ) ;
#3009 = EDGE_CURVE ( 'NONE', #4254, #9334, #5318, .T. ) ;
#3010 = DIRECTION ( 'NONE',  ( 0.000000000000000000, 0.000000000000000000, 1.000000000000000000 ) ) ;
#3011 = EDGE_CURVE ( 'NONE', #6858, #337, #6272, .T. ) ;
#3012 = ORIENTED_EDGE ( 'NONE', *, *, #9316, .F. ) ;
#3013 = PLANE ( 'NONE',  #1068 ) ;
#3014 = ORIENTED_EDGE ( 'NONE', *, *, #8872, .T. ) ;
#3015 = DIRECTION ( 'NONE',  ( 1.000000000000000000, 0.000000000000000000, 1.853337046983768581E-16 ) ) ;
#3016 = DIRECTION ( 'NONE',  ( -1.000000000000000000, 0.000000000000000000, 0.000000000000000000 ) ) ;
#3017 = DIRECTION ( 'NONE',  ( -0.1868648078520734612, 0.000000000000000000, 0.9823856389353458063 ) ) ;
#3018 = ORIENTED_EDGE ( 'NONE', *, *, #3737, .F. ) ;
#3019 = LINE ( 'NONE', #5065, #11148 ) ;
#3020 = LINE ( 'NONE', #6089, #6905 ) ;
#3021 = ORIENTED_EDGE ( 'NONE', *, *, #11924, .T. ) ;
#3022 = CARTESIAN_POINT ( 'NONE',  ( -51.77395757786267438, 3.000000000000000000, 13.49806583791848347 ) ) ;
#3023 = PLANE ( 'NONE',  #5441 ) ;
#3024 = ORIENTED_EDGE ( 'NONE', *, *, #793, .T. ) ;
#3025 = EDGE_CURVE ( 'NONE', #4911, #1341, #10376, .T. ) ;
#3026 = DIRECTION ( 'NONE',  ( 0.000000000000000000, 0.000000000000000000, 1.000000000000000000 ) ) ;
#3027 = ORIENTED_EDGE ( 'NONE', *, *, #11171, .F. ) ;
#3028 = APPROVAL_STATUS ( 'not_yet_approved' ) ;
#3029 = ORIENTED_EDGE ( 'NONE', *, *, #10422, .F. ) ;
#3030 = LINE ( 'NONE', #9176, #1083 ) ;
#3031 = ORIENTED_EDGE ( 'NONE', *, *, #8404, .T. ) ;
#3032 = EDGE_LOOP ( 'NONE', ( #4546, #154, #4736, #1224 ) ) ;
#3033 = FACE_OUTER_BOUND ( 'NONE', #9737, .T. ) ;
#3034 = CARTESIAN_POINT ( 'NONE',  ( 8.592899590137328403, 2.700000000000000178, 0.000000000000000000 ) ) ;
#3035 = EDGE_CURVE ( 'NONE', #11964, #10225, #9288, .T. ) ;
#3036 = CARTESIAN_POINT ( 'NONE',  ( 45.56849239013732955, 3.000000000000000000, 11.90354426191848169 ) ) ;
#3037 = DIRECTION ( 'NONE',  ( -0.9203659316290980774, 0.000000000000000000, 0.3910582461686524236 ) ) ;
#3038 = CARTESIAN_POINT ( 'NONE',  ( 0.000000000000000000, 2.700000000000000178, -18.47147245808151439 ) ) ;
#3039 = DIRECTION ( 'NONE',  ( 0.000000000000000000, 0.000000000000000000, -1.000000000000000000 ) ) ;
#3040 = AXIS2_PLACEMENT_3D ( 'NONE', #1708, #6148, #11215 ) ;
#3041 = AXIS2_PLACEMENT_3D ( 'NONE', #8594, #5322, #5253 ) ;
#3042 = AXIS2_PLACEMENT_3D ( 'NONE', #11938, #8033, #7972 ) ;
#3043 = EDGE_LOOP ( 'NONE', ( #3461, #4581, #12790, #10752 ) ) ;
#3044 = DIRECTION ( 'NONE',  ( -0.9606829169602389973, 0.000000000000000000, -0.2776478580158084353 ) ) ;
#3045 = EDGE_CURVE ( 'NONE', #7932, #9283, #3200, .T. ) ;
#3046 = ORIENTED_EDGE ( 'NONE', *, *, #11822, .F. ) ;
#3047 = VECTOR ( 'NONE', #1, 1000.000000000000000 ) ;
#3048 = EDGE_CURVE ( 'NONE', #10536, #11063, #9349, .T. ) ;
#3049 = CARTESIAN_POINT ( 'NONE',  ( 1.616944799923900611, 2.700000000000000178, 2.047991021025620029 ) ) ;
#3050 = VECTOR ( 'NONE', #5822, 999.9999999999998863 ) ;
#3051 = LINE ( 'NONE', #40, #13509 ) ;
#3052 = ORIENTED_EDGE ( 'NONE', *, *, #5076, .T. ) ;
#3053 = EDGE_CURVE ( 'NONE', #7054, #11512, #8459, .T. ) ;
#3054 = FACE_OUTER_BOUND ( 'NONE', #1191, .T. ) ;
#3055 = CARTESIAN_POINT ( 'NONE',  ( 7.136530166098483896, 2.700000000000000178, -10.55941423622241615 ) ) ;
#3056 = LINE ( 'NONE', #5992, #11260 ) ;
#3057 = AXIS2_PLACEMENT_3D ( 'NONE', #2982, #8370, #4953 ) ;
#3058 = VERTEX_POINT ( 'NONE', #11606 ) ;
#3059 = ORIENTED_EDGE ( 'NONE', *, *, #9736, .T. ) ;
#3060 = CARTESIAN_POINT ( 'NONE',  ( 51.61430503813731008, 2.700000000000000178, 8.984613853918480331 ) ) ;
#3061 = PLANE ( 'NONE',  #4008 ) ;
#3062 = VECTOR ( 'NONE', #12464, 1000.000000000000000 ) ;
#3063 = EDGE_LOOP ( 'NONE', ( #13465, #6653, #9418, #1363 ) ) ;
#3064 = CARTESIAN_POINT ( 'NONE',  ( 52.49999999999999289, 3.000000000000000000, -45.26999999999998892 ) ) ;
#3065 = DIRECTION ( 'NONE',  ( -0.9852953065597072069, 0.000000000000000000, -0.1708600563953215912 ) ) ;
#3066 = ORIENTED_EDGE ( 'NONE', *, *, #8185, .F. ) ;
#3067 = LINE ( 'NONE', #3003, #10711 ) ;
#3068 = FACE_OUTER_BOUND ( 'NONE', #12148, .T. ) ;
#3069 = EDGE_CURVE ( 'NONE', #4707, #1425, #1216, .T. ) ;
#3070 = VERTEX_POINT ( 'NONE', #3336 ) ;
#3071 = LINE ( 'NONE', #10172, #6411 ) ;
#3072 = CARTESIAN_POINT ( 'NONE',  ( 7.961071401631384603, 3.000000000000000000, 6.546462091588676202 ) ) ;
#3073 = ORIENTED_EDGE ( 'NONE', *, *, #7971, .T. ) ;
#3074 = CARTESIAN_POINT ( 'NONE',  ( 22.37000000000002942, 0.000000000000000000, -38.03000000000000824 ) ) ;
#3075 = VECTOR ( 'NONE', #5990, 1000.000000000000000 ) ;
#3076 = VECTOR ( 'NONE', #4996, 1000.000000000000000 ) ;
#3077 = VERTEX_POINT ( 'NONE', #2510 ) ;
#3078 = PLANE ( 'NONE',  #1506 ) ;
#3079 = VERTEX_POINT ( 'NONE', #5516 ) ;
#3080 = LINE ( 'NONE', #8337, #10445 ) ;
#3081 = EDGE_CURVE ( 'NONE', #2071, #2203, #11874, .T. ) ;
#3082 = DIRECTION ( 'NONE',  ( 0.000000000000000000, 0.000000000000000000, 1.000000000000000000 ) ) ;
#3083 = DIRECTION ( 'NONE',  ( 1.000000000000000000, 0.000000000000000000, -0.000000000000000000 ) ) ;
#3084 = ORIENTED_EDGE ( 'NONE', *, *, #7678, .T. ) ;
#3085 = LINE ( 'NONE', #3976, #13102 ) ;
#3086 = DIRECTION ( 'NONE',  ( -0.000000000000000000, 1.000000000000000000, -0.000000000000000000 ) ) ;
#3087 = VECTOR ( 'NONE', #12561, 1000.000000000000000 ) ;
#3088 = ORIENTED_EDGE ( 'NONE', *, *, #10803, .T. ) ;
#3089 = DIRECTION ( 'NONE',  ( -0.7980651437868606646, 0.000000000000000000, -0.6025711794240223851 ) ) ;
#3090 = LINE ( 'NONE', #10193, #2820 ) ;
#3091 = ORIENTED_EDGE ( 'NONE', *, *, #11665, .F. ) ;
#3092 = EDGE_CURVE ( 'NONE', #10928, #8222, #8023, .T. ) ;
#3093 = LINE ( 'NONE', #11430, #11735 ) ;
#3094 = VECTOR ( 'NONE', #3854, 1000.000000000000114 ) ;
#3095 = ORIENTED_EDGE ( 'NONE', *, *, #866, .F. ) ;
#3096 = ORIENTED_EDGE ( 'NONE', *, *, #4498, .F. ) ;
#3097 = CARTESIAN_POINT ( 'NONE',  ( 52.90328087013732272, 2.700000000000000178, 12.67484269391848350 ) ) ;
#3098 = VERTEX_POINT ( 'NONE', #2439 ) ;
#3099 = DIRECTION ( 'NONE',  ( -1.000000000000000000, 0.000000000000000000, -0.000000000000000000 ) ) ;
#3100 = PLANE ( 'NONE',  #11425 ) ;
#3101 = CARTESIAN_POINT ( 'NONE',  ( -3.747957617862667234, 2.700000000000000178, 20.48923905391848166 ) ) ;
#3102 = CARTESIAN_POINT ( 'NONE',  ( -52.50000000000000711, 0.000000000000000000, -45.26999999999998892 ) ) ;
#3103 = CARTESIAN_POINT ( 'NONE',  ( 33.73689807013732889, 2.700000000000000178, 0.000000000000000000 ) ) ;
#3104 = CARTESIAN_POINT ( 'NONE',  ( 17.29126973899049347, 2.700000000000000178, 18.49212090148672516 ) ) ;
#3105 = ORIENTED_EDGE ( 'NONE', *, *, #7583, .T. ) ;
#3106 = DIRECTION ( 'NONE',  ( -0.1976663333700899861, 0.000000000000000000, -0.9802693612737390927 ) ) ;
#3107 = VECTOR ( 'NONE', #5063, 1000.000000000000000 ) ;
#3108 = VERTEX_POINT ( 'NONE', #4625 ) ;
#3109 = PLANE ( 'NONE',  #3057 ) ;
#3110 = VERTEX_POINT ( 'NONE', #12961 ) ;
#3111 = VECTOR ( 'NONE', #9614, 999.9999999999998863 ) ;
#3112 = LINE ( 'NONE', #11454, #114 ) ;
#3113 = LINE ( 'NONE', #7148, #7619 ) ;
#3114 = ORIENTED_EDGE ( 'NONE', *, *, #12354, .F. ) ;
#3115 = AXIS2_PLACEMENT_3D ( 'NONE', #4791, #9924, #7806 ) ;
#3116 = AXIS2_PLACEMENT_3D ( 'NONE', #5930, #4906, #9075 ) ;
#3117 = CARTESIAN_POINT ( 'NONE',  ( -42.24087123386266995, 2.700000000000000178, 18.98797713391848418 ) ) ;
#3118 = DIRECTION ( 'NONE',  ( -0.8285237802757234871, 0.000000000000000000, -0.5599538780271324789 ) ) ;
#3119 = FACE_OUTER_BOUND ( 'NONE', #7909, .T. ) ;
#3120 = EDGE_CURVE ( 'NONE', #12216, #7125, #9812, .T. ) ;
#3121 = AXIS2_PLACEMENT_3D ( 'NONE', #369, #8707, #9798 ) ;
#3122 = EDGE_CURVE ( 'NONE', #11896, #84, #8793, .T. ) ;
#3123 = ORIENTED_EDGE ( 'NONE', *, *, #4545, .T. ) ;
#3124 = AXIS2_PLACEMENT_3D ( 'NONE', #5212, #5845, #4823 ) ;
#3125 = EDGE_CURVE ( 'NONE', #11357, #6628, #11093, .T. ) ;
#3126 = EDGE_CURVE ( 'NONE', #13304, #3474, #7702, .T. ) ;
#3127 = VERTEX_POINT ( 'NONE', #6678 ) ;
#3128 = CARTESIAN_POINT ( 'NONE',  ( -17.19618846323744066, 3.000000000000000000, 1.658371543099238510 ) ) ;
#3129 = LINE ( 'NONE', #3194, #10974 ) ;
#3130 = DIRECTION ( 'NONE',  ( 0.000000000000000000, 0.000000000000000000, -1.000000000000000000 ) ) ;
#3131 = CARTESIAN_POINT ( 'NONE',  ( 32.35497551013731510, 2.700000000000000178, 11.35720346991848295 ) ) ;
#3132 = ORIENTED_EDGE ( 'NONE', *, *, #7000, .F. ) ;
#3134 = LINE ( 'NONE', #3587, #1994 ) ;
#3133 = VECTOR ( 'NONE', #13466, 1000.000000000000114 ) ;
#3135 = LINE ( 'NONE', #4097, #10130 ) ;
#3136 = ORIENTED_EDGE ( 'NONE', *, *, #11436, .T. ) ;
#3137 = DIRECTION ( 'NONE',  ( 0.000000000000000000, 0.000000000000000000, -1.000000000000000000 ) ) ;
#3138 = CARTESIAN_POINT ( 'NONE',  ( 2.104602619755556070, 3.000000000000000000, 13.80874006358764028 ) ) ;
#3139 = ORIENTED_EDGE ( 'NONE', *, *, #327, .F. ) ;
#3140 = DIRECTION ( 'NONE',  ( -0.9616069243909928232, 0.000000000000000000, -0.2744305430583400818 ) ) ;
#3141 = ADVANCED_FACE ( 'NONE', ( #6607 ), #12126, .T. ) ;
#3142 = EDGE_LOOP ( 'NONE', ( #10214, #5231, #3276, #8509, #13392, #6478, #3208, #5309, #952, #4920, #671, #3876, #11346, #3908, #9173, #3073, #357, #2260, #10696, #5438, #9022, #9060, #6093, #12747, #788, #10167, #111, #9157, #12233, #1019, #9359, #8448, #12495, #10305, #8971, #2662, #11596, #12710, #13301, #10764, #2722, #3581 ) ) ;
#3143 = CARTESIAN_POINT ( 'NONE',  ( -14.67333683386266863, 2.700000000000000178, 14.90961292591848775 ) ) ;
#3144 = EDGE_LOOP ( 'NONE', ( #570, #1661, #7740, #12551 ) ) ;
#3145 = VECTOR ( 'NONE', #1695, 1000.000000000000000 ) ;
#3146 = CARTESIAN_POINT ( 'NONE',  ( -26.82031584186266571, 2.700000000000000178, 19.36689331791848190 ) ) ;
#3147 = VECTOR ( 'NONE', #398, 1000.000000000000000 ) ;
#3148 = EDGE_LOOP ( 'NONE', ( #8773, #2683, #7181, #11033 ) ) ;
#3149 = CARTESIAN_POINT ( 'NONE',  ( 8.199350974137331605, 3.000000000000000000, 1.722959085918485567 ) ) ;
#3150 = CARTESIAN_POINT ( 'NONE',  ( -1.419665625439687329, 3.000000000000000000, -1.435749827895544284 ) ) ;
#3151 = ORIENTED_EDGE ( 'NONE', *, *, #5795, .T. ) ;
#3152 = DIRECTION ( 'NONE',  ( 0.000000000000000000, 1.000000000000000000, 0.000000000000000000 ) ) ;
#3153 = DIRECTION ( 'NONE',  ( -0.3101841417870044304, 0.000000000000000000, -0.9506764950201828102 ) ) ;
#3154 = EDGE_LOOP ( 'NONE', ( #3995, #7007, #5515, #9100 ) ) ;
#3155 = DIRECTION ( 'NONE',  ( -0.5618752646636147041, 0.000000000000000000, -0.8272219695820419716 ) ) ;
#3156 = FACE_OUTER_BOUND ( 'NONE', #10464, .T. ) ;
#3157 = ORIENTED_EDGE ( 'NONE', *, *, #1380, .F. ) ;
#3158 = DIRECTION ( 'NONE',  ( -1.000000000000000000, 0.000000000000000000, 0.000000000000000000 ) ) ;
#3159 = EDGE_CURVE ( 'NONE', #4053, #3850, #5584, .T. ) ;
#3160 = EDGE_LOOP ( 'NONE', ( #12590, #6293, #8354, #6368 ) ) ;
#3161 = ORIENTED_EDGE ( 'NONE', *, *, #552, .F. ) ;
#3162 = ADVANCED_FACE ( 'NONE', ( #383 ), #5648, .T. ) ;
#3163 = ORIENTED_EDGE ( 'NONE', *, *, #1001, .F. ) ;
#3164 = EDGE_CURVE ( 'NONE', #467, #10407, #3530, .T. ) ;
#3165 = CARTESIAN_POINT ( 'NONE',  ( 11.06146122987427383, 2.700000000000000178, -14.55459622645684270 ) ) ;
#3166 = ORIENTED_EDGE ( 'NONE', *, *, #3927, .F. ) ;
#3167 = LINE ( 'NONE', #2278, #2855 ) ;
#3168 = PLANE ( 'NONE',  #4433 ) ;
#3169 = DIRECTION ( 'NONE',  ( 0.9206396634744365981, 0.000000000000000000, 0.3904133835278656428 ) ) ;
#3170 = LINE ( 'NONE', #10348, #5271 ) ;
#3171 = DIRECTION ( 'NONE',  ( 0.09335269653344570318, 0.000000000000000000, -0.9956331021264481773 ) ) ;
#3172 = ORIENTED_EDGE ( 'NONE', *, *, #1589, .T. ) ;
#3173 = ORIENTED_EDGE ( 'NONE', *, *, #3817, .F. ) ;
#3174 = CARTESIAN_POINT ( 'NONE',  ( -20.63505414586267506, 2.700000000000000178, 9.325116093918481397 ) ) ;
#3175 = VECTOR ( 'NONE', #11809, 1000.000000000000000 ) ;
#3176 = ADVANCED_FACE ( 'NONE', ( #4879 ), #12824, .T. ) ;
#3177 = AXIS2_PLACEMENT_3D ( 'NONE', #2842, #10081, #653 ) ;
#3178 = EDGE_CURVE ( 'NONE', #7020, #5562, #6928, .T. ) ;
#3179 = ORIENTED_EDGE ( 'NONE', *, *, #3472, .T. ) ;
#3180 = DIRECTION ( 'NONE',  ( -0.9987300578365099213, 0.000000000000000000, -0.05038126213069146764 ) ) ;
#3181 = AXIS2_PLACEMENT_3D ( 'NONE', #1203, #5437, #108 ) ;
#3182 = ORIENTED_EDGE ( 'NONE', *, *, #6230, .F. ) ;
#3183 = DIRECTION ( 'NONE',  ( 0.9198857237543700549, 0.000000000000000000, -0.3921865056741485889 ) ) ;
#3184 = PLANE ( 'NONE',  #8839 ) ;
#3185 = CARTESIAN_POINT ( 'NONE',  ( -52.49999999999902656, 0.000000000000000000, 46.97000000000000597 ) ) ;
#3186 = ORIENTED_EDGE ( 'NONE', *, *, #7971, .F. ) ;
#3187 = DIRECTION ( 'NONE',  ( -0.9696479533249672267, 0.000000000000000000, -0.2445053099887651848 ) ) ;
#3188 = DIRECTION ( 'NONE',  ( -1.000000000000000000, 0.000000000000000000, -0.000000000000000000 ) ) ;
#3189 = DIRECTION ( 'NONE',  ( -0.000000000000000000, 1.000000000000000000, -0.000000000000000000 ) ) ;
#3190 = ORIENTED_EDGE ( 'NONE', *, *, #390, .T. ) ;
#3191 = ORIENTED_EDGE ( 'NONE', *, *, #1276, .T. ) ;
#3192 = VERTEX_POINT ( 'NONE', #9047 ) ;
#3193 = FACE_OUTER_BOUND ( 'NONE', #10646, .T. ) ;
#3194 = CARTESIAN_POINT ( 'NONE',  ( 0.000000000000000000, 2.700000000000000178, 8.682362997918483316 ) ) ;
#3195 = LINE ( 'NONE', #3333, #2559 ) ;
#3196 = CARTESIAN_POINT ( 'NONE',  ( 0.000000000000000000, 2.700000000000000178, 8.682362997918483316 ) ) ;
#3197 = ADVANCED_FACE ( 'NONE', ( #5902 ), #7630, .F. ) ;
#3198 = ORIENTED_EDGE ( 'NONE', *, *, #7220, .F. ) ;
#3199 = CARTESIAN_POINT ( 'NONE',  ( 7.756792550137331155, 2.700000000000000178, 2.022288941918483740 ) ) ;
#3200 = LINE ( 'NONE', #10574, #246 ) ;
#3201 = EDGE_CURVE ( 'NONE', #4816, #9527, #3400, .T. ) ;
#3202 = EDGE_LOOP ( 'NONE', ( #10627, #1199, #9558, #1772 ) ) ;
#3203 = FACE_OUTER_BOUND ( 'NONE', #6162, .T. ) ;
#3204 = DIRECTION ( 'NONE',  ( 0.000000000000000000, 0.000000000000000000, -1.000000000000000000 ) ) ;
#3205 = VERTEX_POINT ( 'NONE', #11168 ) ;
#3206 = VECTOR ( 'NONE', #12447, 1000.000000000000000 ) ;
#3207 = CARTESIAN_POINT ( 'NONE',  ( 7.013566245940605626, 3.000000000000000000, 5.751119555332418365 ) ) ;
#3208 = ORIENTED_EDGE ( 'NONE', *, *, #4562, .T. ) ;
#3209 = DIRECTION ( 'NONE',  ( 1.000000000000000000, -0.000000000000000000, 0.000000000000000000 ) ) ;
#3210 = VERTEX_POINT ( 'NONE', #7567 ) ;
#3211 = CARTESIAN_POINT ( 'NONE',  ( -12.37320427386267241, 3.000000000000000000, -4.120784370081514325 ) ) ;
#3212 = ADVANCED_FACE ( 'NONE', ( #9612 ), #4425, .T. ) ;
#3213 = VECTOR ( 'NONE', #7160, 1000.000000000000000 ) ;
#3214 = VERTEX_POINT ( 'NONE', #2974 ) ;
#3215 = LINE ( 'NONE', #5331, #6198 ) ;
#3216 = DIRECTION ( 'NONE',  ( 0.6616217079879812557, 0.000000000000000000, 0.7498377928052617492 ) ) ;
#3217 = ORIENTED_EDGE ( 'NONE', *, *, #6835, .F. ) ;
#3218 = CARTESIAN_POINT ( 'NONE',  ( -41.12466416986266893, 2.700000000000000178, 19.72009758991848116 ) ) ;
#3219 = LINE ( 'NONE', #5335, #1840 ) ;
#3220 = ORIENTED_EDGE ( 'NONE', *, *, #4297, .F. ) ;
#3221 = CARTESIAN_POINT ( 'NONE',  ( -14.35189678586267625, 2.700000000000000178, 16.68292205391848526 ) ) ;
#3222 = CARTESIAN_POINT ( 'NONE',  ( 6.868772047858149321, 2.700000000000000178, -1.218706808437931555 ) ) ;
#3223 = ORIENTED_EDGE ( 'NONE', *, *, #5653, .F. ) ;
#3224 = EDGE_CURVE ( 'NONE', #7438, #10321, #4070, .T. ) ;
#3225 = ADVANCED_FACE ( 'NONE', ( #8166 ), #13280, .T. ) ;
#3226 = VERTEX_POINT ( 'NONE', #12399 ) ;
#3227 = ORIENTED_EDGE ( 'NONE', *, *, #11100, .F. ) ;
#3228 = VECTOR ( 'NONE', #7948, 1000.000000000000000 ) ;
#3229 = VERTEX_POINT ( 'NONE', #845 ) ;
#3230 = EDGE_CURVE ( 'NONE', #5508, #3602, #10412, .T. ) ;
#3231 = CARTESIAN_POINT ( 'NONE',  ( -51.77395757786267438, 2.700000000000000178, 3.809801749918482194 ) ) ;
#3232 = LINE ( 'NONE', #5348, #10322 ) ;
#3233 = CARTESIAN_POINT ( 'NONE',  ( 52.07883243013732510, 2.700000000000000178, 9.454279157918483278 ) ) ;
#3234 = DIRECTION ( 'NONE',  ( 0.9593610758068138455, 0.000000000000000000, -0.2821813711547821457 ) ) ;
#3235 = CARTESIAN_POINT ( 'NONE',  ( -29.13215141048594248, 2.700000000000000178, 2.715694412039534988 ) ) ;
#3236 = AXIS2_PLACEMENT_3D ( 'NONE', #5699, #8774, #639 ) ;
#3237 = PLANE ( 'NONE',  #10940 ) ;
#3238 = DIRECTION ( 'NONE',  ( 1.000000000000000000, 0.000000000000000000, -0.000000000000000000 ) ) ;
#3239 = ORIENTED_EDGE ( 'NONE', *, *, #2219, .T. ) ;
#3240 = EDGE_CURVE ( 'NONE', #10400, #11403, #7203, .T. ) ;
#3241 = EDGE_CURVE ( 'NONE', #5344, #5489, #9323, .T. ) ;
#3242 = ORIENTED_EDGE ( 'NONE', *, *, #10138, .T. ) ;
#3243 = EDGE_CURVE ( 'NONE', #7486, #2184, #984, .T. ) ;
#3244 = ORIENTED_EDGE ( 'NONE', *, *, #12183, .F. ) ;
#3245 = CARTESIAN_POINT ( 'NONE',  ( -9.657461539367092840, 2.700000000000000178, 14.28945642926003678 ) ) ;
#3246 = VERTEX_POINT ( 'NONE', #12265 ) ;
#3247 = CARTESIAN_POINT ( 'NONE',  ( -27.77950010586266671, 3.000000000000000000, 0.000000000000000000 ) ) ;
#3248 = DIRECTION ( 'NONE',  ( -0.000000000000000000, 1.000000000000000000, -0.000000000000000000 ) ) ;
#3249 = EDGE_CURVE ( 'NONE', #12461, #85, #7274, .T. ) ;
#3250 = LINE ( 'NONE', #9534, #3540 ) ;
#3251 = VECTOR ( 'NONE', #1373, 1000.000000000000000 ) ;
#3252 = ORIENTED_EDGE ( 'NONE', *, *, #187, .F. ) ;
#3253 = LINE ( 'NONE', #242, #7480 ) ;
#3254 = CARTESIAN_POINT ( 'NONE',  ( -46.65029700986266903, 2.700000000000000178, 20.72791066191848230 ) ) ;
#3255 = EDGE_CURVE ( 'NONE', #10064, #13472, #3923, .T. ) ;
#3256 = LINE ( 'NONE', #1135, #4923 ) ;
#3257 = ORIENTED_EDGE ( 'NONE', *, *, #8186, .T. ) ;
#3258 = ORIENTED_EDGE ( 'NONE', *, *, #7790, .F. ) ;
#3259 = VECTOR ( 'NONE', #8716, 1000.000000000000000 ) ;
#3260 = VECTOR ( 'NONE', #814, 1000.000000000000000 ) ;
#3261 = ORIENTED_EDGE ( 'NONE', *, *, #11232, .T. ) ;
#3262 = CARTESIAN_POINT ( 'NONE',  ( -52.49999999999902656, 0.000000000000000000, 45.27000000000000313 ) ) ;
#3263 = CARTESIAN_POINT ( 'NONE',  ( 17.59041162432085414, 3.000000000000000000, 27.76389902148883948 ) ) ;
#3264 = PLANE ( 'NONE',  #8219 ) ;
#3265 = LINE ( 'NONE', #7435, #11415 ) ;
#3266 = ORIENTED_EDGE ( 'NONE', *, *, #5394, .T. ) ;
#3267 = CARTESIAN_POINT ( 'NONE',  ( -49.69984336186266916, 2.700000000000000178, 19.63635480591848292 ) ) ;
#3268 = ORIENTED_EDGE ( 'NONE', *, *, #9464, .T. ) ;
#3269 = LINE ( 'NONE', #3338, #6161 ) ;
#3270 = LINE ( 'NONE', #10577, #11327 ) ;
#3271 = AXIS2_PLACEMENT_3D ( 'NONE', #4470, #11579, #2221 ) ;
#3272 = ORIENTED_EDGE ( 'NONE', *, *, #3159, .F. ) ;
#3273 = CARTESIAN_POINT ( 'NONE',  ( -12.74029929786266280, 3.000000000000000000, -4.272837914081515365 ) ) ;
#3274 = EDGE_LOOP ( 'NONE', ( #12196, #13314, #10246, #176, #609, #46, #10247, #1644, #10031, #11595, #5188, #9103, #3641, #1006, #6584, #1569, #6276, #5099, #6124, #680, #10925, #821, #12275, #10227, #11982 ) ) ;
#3275 = CARTESIAN_POINT ( 'NONE',  ( -12.76030353571015930, 2.700000000000000178, -18.92590498586964998 ) ) ;
#3276 = ORIENTED_EDGE ( 'NONE', *, *, #11844, .T. ) ;
#3277 = DIRECTION ( 'NONE',  ( -0.000000000000000000, 1.000000000000000000, -0.000000000000000000 ) ) ;
#3278 = EDGE_LOOP ( 'NONE', ( #3594, #182, #11159, #4573 ) ) ;
#3279 = LINE ( 'NONE', #7521, #3796 ) ;
#3280 = CARTESIAN_POINT ( 'NONE',  ( 43.06112188755975723, 2.700000000000000178, -3.386094588364079616 ) ) ;
#3281 = ORIENTED_EDGE ( 'NONE', *, *, #4821, .F. ) ;
#3282 = FACE_BOUND ( 'NONE', #3410, .T. ) ;
#3283 = PLANE ( 'NONE',  #5981 ) ;
#3284 = ORIENTED_EDGE ( 'NONE', *, *, #9803, .F. ) ;
#3285 = CARTESIAN_POINT ( 'NONE',  ( 13.32517562213732987, 3.000000000000000000, 19.86759640591847997 ) ) ;
#3286 = DIRECTION ( 'NONE',  ( 0.9252461951942897445, 0.000000000000000000, 0.3793672077005210141 ) ) ;
#3287 = VERTEX_POINT ( 'NONE', #10205 ) ;
#3288 = AXIS2_PLACEMENT_3D ( 'NONE', #1532, #4612, #4409 ) ;
#3289 = VECTOR ( 'NONE', #3446, 1000.000000000000000 ) ;
#3290 = EDGE_CURVE ( 'NONE', #3308, #1239, #6107, .T. ) ;
#3291 = ORIENTED_EDGE ( 'NONE', *, *, #11651, .T. ) ;
#3293 = ORIENTED_EDGE ( 'NONE', *, *, #10705, .F. ) ;
#3292 = EDGE_CURVE ( 'NONE', #3602, #3226, #11375, .T. ) ;
#3294 = VECTOR ( 'NONE', #2743, 1000.000000000000000 ) ;
#3295 = ORIENTED_EDGE ( 'NONE', *, *, #12638, .T. ) ;
#3296 = VECTOR ( 'NONE', #12129, 1000.000000000000000 ) ;
#3297 = CARTESIAN_POINT ( 'NONE',  ( -45.35384544986267485, 3.000000000000000000, 20.79331058191848314 ) ) ;
#3299 = VECTOR ( 'NONE', #11888, 999.9999999999998863 ) ;
#3298 = DIRECTION ( 'NONE',  ( 0.9982186956914592679, 0.000000000000000000, 0.05966100545617421952 ) ) ;
#3300 = ADVANCED_FACE ( 'NONE', ( #11309 ), #781, .T. ) ;
#3301 = CARTESIAN_POINT ( 'NONE',  ( -49.69984336186266916, 3.000000000000000000, 19.63635480591848292 ) ) ;
#3302 = LINE ( 'NONE', #9645, #7691 ) ;
#3303 = DIRECTION ( 'NONE',  ( -1.000000000000000000, 0.000000000000000000, 0.000000000000000000 ) ) ;
#3304 = DIRECTION ( 'NONE',  ( -1.000000000000000000, 0.000000000000000000, 0.000000000000000000 ) ) ;
#3305 = DIRECTION ( 'NONE',  ( -0.6277521753278620942, 0.000000000000000000, -0.7784132619445387480 ) ) ;
#3306 = EDGE_LOOP ( 'NONE', ( #4447, #255, #12634, #2717 ) ) ;
#3307 = AXIS2_PLACEMENT_3D ( 'NONE', #1050, #3037, #1942 ) ;
#3308 = VERTEX_POINT ( 'NONE', #6042 ) ;
#3309 = VECTOR ( 'NONE', #5214, 1000.000000000000000 ) ;
#3310 = ORIENTED_EDGE ( 'NONE', *, *, #4242, .F. ) ;
#3311 = CARTESIAN_POINT ( 'NONE',  ( 19.81246262213732123, 3.000000000000000000, 11.57363483791847969 ) ) ;
#3312 = ORIENTED_EDGE ( 'NONE', *, *, #5346, .T. ) ;
#3313 = CARTESIAN_POINT ( 'NONE',  ( -10.59327285786267225, 3.000000000000000000, 9.599522453918483578 ) ) ;
#3314 = CARTESIAN_POINT ( 'NONE',  ( -49.80314008186266506, 2.700000000000000178, 17.54851950991848497 ) ) ;
#3315 = ORIENTED_EDGE ( 'NONE', *, *, #12146, .T. ) ;
#3316 = VECTOR ( 'NONE', #10608, 1000.000000000000000 ) ;
#3317 = CARTESIAN_POINT ( 'NONE',  ( 4.427009075383767644, 3.000000000000000000, 15.51349579600303841 ) ) ;
#3318 = LINE ( 'NONE', #4148, #9821 ) ;
#3319 = EDGE_CURVE ( 'NONE', #5588, #10950, #5089, .T. ) ;
#3320 = CARTESIAN_POINT ( 'NONE',  ( 2.611634688969797669, 3.000000000000000000, 16.01722180069607404 ) ) ;
#3321 = VECTOR ( 'NONE', #4767, 1000.000000000000000 ) ;
#3322 = EDGE_CURVE ( 'NONE', #10481, #3740, #6243, .T. ) ;
#3323 = ORIENTED_EDGE ( 'NONE', *, *, #4419, .T. ) ;
#3324 = ORIENTED_EDGE ( 'NONE', *, *, #7060, .F. ) ;
#3325 = CIRCLE ( 'NONE', #12716, 1.700000000000000178 ) ;
#3326 = EDGE_CURVE ( 'NONE', #5127, #10340, #9384, .T. ) ;
#3327 = ORIENTED_EDGE ( 'NONE', *, *, #9848, .F. ) ;
#3328 = ADVANCED_FACE ( 'NONE', ( #8362 ), #12535, .T. ) ;
#3329 = DIRECTION ( 'NONE',  ( 0.6782766847752423889, 0.000000000000000000, -0.7348065996507560094 ) ) ;
#3330 = FACE_OUTER_BOUND ( 'NONE', #1434, .T. ) ;
#3331 = VECTOR ( 'NONE', #2986, 1000.000000000000000 ) ;
#3332 = VECTOR ( 'NONE', #6409, 1000.000000000000000 ) ;
#3333 = CARTESIAN_POINT ( 'NONE',  ( -43.75854053786267883, 2.700000000000000178, 20.69258840591848170 ) ) ;
#3334 = CARTESIAN_POINT ( 'NONE',  ( 0.000000000000000000, 2.700000000000000178, 11.68599630991847960 ) ) ;
#3335 = EDGE_LOOP ( 'NONE', ( #6683, #827, #7747, #13402 ) ) ;
#3336 = CARTESIAN_POINT ( 'NONE',  ( 25.89777735013731785, 3.000000000000000000, 3.809800733918483395 ) ) ;
#3337 = ORIENTED_EDGE ( 'NONE', *, *, #2539, .F. ) ;
#3338 = CARTESIAN_POINT ( 'NONE',  ( -8.796037945862682506, 2.700000000000000178, 9.873927797918481630 ) ) ;
#3339 = DIRECTION ( 'NONE',  ( -0.3683699901335090177, 0.000000000000000000, 0.9296792728511474868 ) ) ;
#3340 = ORIENTED_EDGE ( 'NONE', *, *, #11450, .T. ) ;
#3341 = AXIS2_PLACEMENT_3D ( 'NONE', #2997, #5111, #10369 ) ;
#3342 = FACE_OUTER_BOUND ( 'NONE', #10566, .T. ) ;
#3343 = EDGE_CURVE ( 'NONE', #2421, #10331, #4001, .T. ) ;
#3344 = EDGE_CURVE ( 'NONE', #11512, #6264, #1875, .T. ) ;
#3345 = VERTEX_POINT ( 'NONE', #11239 ) ;
#3346 = VECTOR ( 'NONE', #4689, 1000.000000000000000 ) ;
#3347 = EDGE_CURVE ( 'NONE', #5428, #7020, #11571, .T. ) ;
#3348 = ORIENTED_EDGE ( 'NONE', *, *, #10611, .T. ) ;
#3349 = VECTOR ( 'NONE', #8743, 1000.000000000000114 ) ;
#3350 = CARTESIAN_POINT ( 'NONE',  ( 1.395755644310274546, 2.700000000000000178, 3.403968729621479561 ) ) ;
#3351 = ORIENTED_EDGE ( 'NONE', *, *, #391, .T. ) ;
#3352 = DIRECTION ( 'NONE',  ( -1.000000000000000000, 0.000000000000000000, 0.000000000000000000 ) ) ;
#3353 = DIRECTION ( 'NONE',  ( 0.000000000000000000, 0.000000000000000000, 1.000000000000000000 ) ) ;
#3354 = ORIENTED_EDGE ( 'NONE', *, *, #2531, .F. ) ;
#3355 = LINE ( 'NONE', #3218, #231 ) ;
#3356 = DIRECTION ( 'NONE',  ( -0.000000000000000000, 1.000000000000000000, -0.000000000000000000 ) ) ;
#3357 = VECTOR ( 'NONE', #9578, 999.9999999999998863 ) ;
#3358 = ORIENTED_EDGE ( 'NONE', *, *, #7344, .F. ) ;
#3359 = DIRECTION ( 'NONE',  ( 0.000000000000000000, 0.000000000000000000, -1.000000000000000000 ) ) ;
#3360 = CARTESIAN_POINT ( 'NONE',  ( 10.17693413659244683, 3.000000000000000000, -1.363009251788367848 ) ) ;
#3361 = VERTEX_POINT ( 'NONE', #2411 ) ;
#3362 = AXIS2_PLACEMENT_3D ( 'NONE', #4555, #7975, #5649 ) ;
#3363 = VERTEX_POINT ( 'NONE', #8433 ) ;
#3364 = VERTEX_POINT ( 'NONE', #9717 ) ;
#3365 = VECTOR ( 'NONE', #6624, 1000.000000000000114 ) ;
#3366 = ORIENTED_EDGE ( 'NONE', *, *, #12324, .F. ) ;
#3367 = CARTESIAN_POINT ( 'NONE',  ( -6.107969683353354107, 2.700000000000000178, -2.609960290759382406 ) ) ;
#3368 = PLANE ( 'NONE',  #11190 ) ;
#3369 = LINE ( 'NONE', #5281, #5715 ) ;
#3370 = DIRECTION ( 'NONE',  ( 0.000000000000000000, 0.000000000000000000, 1.000000000000000000 ) ) ;
#3371 = DIRECTION ( 'NONE',  ( 0.000000000000000000, 0.000000000000000000, -1.000000000000000000 ) ) ;
#3372 = CARTESIAN_POINT ( 'NONE',  ( -26.10587073786267709, 2.700000000000000178, 19.43611339791847925 ) ) ;
#3373 = CARTESIAN_POINT ( 'NONE',  ( -26.99591750150739244, 3.000000000000000000, 21.77088542172115382 ) ) ;
#3374 = ORIENTED_EDGE ( 'NONE', *, *, #5960, .T. ) ;
#3375 = VERTEX_POINT ( 'NONE', #12737 ) ;
#3376 = ORIENTED_EDGE ( 'NONE', *, *, #5558, .F. ) ;
#3377 = DIRECTION ( 'NONE',  ( 0.1540101329385353546, 0.000000000000000000, 0.9880692682966385476 ) ) ;
#3378 = ADVANCED_FACE ( 'NONE', ( #8561 ), #2213, .T. ) ;
#3379 = VERTEX_POINT ( 'NONE', #5421 ) ;
#3380 = DIRECTION ( 'NONE',  ( 0.9937606799076039721, 0.000000000000000000, 0.1115334526927975883 ) ) ;
#3381 = CARTESIAN_POINT ( 'NONE',  ( 30.06578527013733648, 2.700000000000000178, 8.380763397918487456 ) ) ;
#3382 = ORIENTED_EDGE ( 'NONE', *, *, #657, .F. ) ;
#3383 = VECTOR ( 'NONE', #4013, 1000.000000000000000 ) ;
#3384 = DIRECTION ( 'NONE',  ( -0.9274655402332245835, 0.000000000000000000, 0.3739086408200443246 ) ) ;
#3385 = DIRECTION ( 'NONE',  ( 0.000000000000000000, 0.000000000000000000, 1.000000000000000000 ) ) ;
#3386 = CARTESIAN_POINT ( 'NONE',  ( 37.12618263013732189, 2.700000000000000178, 8.684835941918485958 ) ) ;
#3387 = EDGE_CURVE ( 'NONE', #1901, #11047, #1313, .T. ) ;
#3388 = EDGE_CURVE ( 'NONE', #9704, #12986, #6447, .T. ) ;
#3389 = ORIENTED_EDGE ( 'NONE', *, *, #8385, .F. ) ;
#3390 = VECTOR ( 'NONE', #13184, 1000.000000000000000 ) ;
#3391 = ORIENTED_EDGE ( 'NONE', *, *, #10605, .F. ) ;
#3392 = AXIS2_PLACEMENT_3D ( 'NONE', #6523, #10762, #1467 ) ;
#3393 = EDGE_LOOP ( 'NONE', ( #4512, #2999, #3802, #8042 ) ) ;
#3394 = EDGE_CURVE ( 'NONE', #4060, #10928, #6510, .T. ) ;
#3395 = CARTESIAN_POINT ( 'NONE',  ( 50.22000000000002728, 3.000000000000000000, -38.03000000000000824 ) ) ;
#3396 = DIRECTION ( 'NONE',  ( -0.000000000000000000, 1.000000000000000000, -0.000000000000000000 ) ) ;
#3397 = LINE ( 'NONE', #1339, #4281 ) ;
#3398 = DIRECTION ( 'NONE',  ( 0.7396924151211446974, 0.000000000000000000, 0.6729451173849528844 ) ) ;
#3399 = VERTEX_POINT ( 'NONE', #10614 ) ;
#3400 = LINE ( 'NONE', #13212, #10714 ) ;
#3401 = ORIENTED_EDGE ( 'NONE', *, *, #3910, .F. ) ;
#3402 = CARTESIAN_POINT ( 'NONE',  ( -9.291805423092201366, 2.700000000000000178, 9.114417903098679830 ) ) ;
#3403 = DIRECTION ( 'NONE',  ( 0.2744106051903428267, 0.000000000000000000, 0.9616126141846673692 ) ) ;
#3404 = VERTEX_POINT ( 'NONE', #12666 ) ;
#3405 = ADVANCED_FACE ( 'NONE', ( #5285 ), #7476, .T. ) ;
#3406 = EDGE_CURVE ( 'NONE', #1255, #6264, #11714, .T. ) ;
#3407 = PLANE ( 'NONE',  #7544 ) ;
#3408 = ADVANCED_FACE ( 'NONE', ( #10676 ), #9650, .T. ) ;
#3409 = EDGE_LOOP ( 'NONE', ( #2771, #1289, #12510, #6648 ) ) ;
#3410 = EDGE_LOOP ( 'NONE', ( #12134, #9393, #8475, #11577, #11444, #7169, #1124, #13037, #11110, #10135, #10180, #819, #1236, #4444, #5607, #8948, #10616, #7523, #2921, #3754, #9718, #12227, #10794, #12312, #9206, #2019, #11235, #1893, #12033, #1502, #5084, #3172 ) ) ;
#3411 = PLANE ( 'NONE',  #3468 ) ;
#3412 = EDGE_LOOP ( 'NONE', ( #1450, #12280, #1067, #5149 ) ) ;
#3413 = DIRECTION ( 'NONE',  ( 0.9974477743816270170, 0.000000000000000000, -0.07139984160443882399 ) ) ;
#3414 = LINE ( 'NONE', #10719, #705 ) ;
#3415 = ORIENTED_EDGE ( 'NONE', *, *, #11651, .F. ) ;
#3416 = CARTESIAN_POINT ( 'NONE',  ( 7.037931910137320557, 2.700000000000000178, 1.090463525918483834 ) ) ;
#3417 = CARTESIAN_POINT ( 'NONE',  ( 15.28410083813732179, 2.700000000000000178, 8.477900109918486748 ) ) ;
#3418 = ADVANCED_FACE ( 'NONE', ( #11645 ), #4463, .T. ) ;
#3419 = ORIENTED_EDGE ( 'NONE', *, *, #12397, .T. ) ;
#3420 = DIRECTION ( 'NONE',  ( 0.7848623030600216932, 0.000000000000000000, -0.6196702068320848467 ) ) ;
#3421 = CARTESIAN_POINT ( 'NONE',  ( 28.43826252653888531, 3.000000000000000000, -5.656756653475872199 ) ) ;
#3422 = VERTEX_POINT ( 'NONE', #294 ) ;
#3423 = EDGE_CURVE ( 'NONE', #404, #5265, #1252, .T. ) ;
#3424 = CARTESIAN_POINT ( 'NONE',  ( 5.904308863732703472, 2.700000000000000178, 19.31825049555087404 ) ) ;
#3425 = VERTEX_POINT ( 'NONE', #8627 ) ;
#3426 = ORIENTED_EDGE ( 'NONE', *, *, #11064, .F. ) ;
#3427 = PLANE ( 'NONE',  #12431 ) ;
#3428 = ORIENTED_EDGE ( 'NONE', *, *, #2758, .T. ) ;
#3429 = DIRECTION ( 'NONE',  ( -0.8577573345826229323, 0.000000000000000000, -0.5140548170863826760 ) ) ;
#3430 = CARTESIAN_POINT ( 'NONE',  ( 21.69887388613732071, 3.000000000000000000, 14.58332960591848426 ) ) ;
#3431 = LINE ( 'NONE', #2339, #13332 ) ;
#3432 = CARTESIAN_POINT ( 'NONE',  ( 21.59897927667693196, 3.000000000000000000, -21.36269685626415082 ) ) ;
#3433 = DIRECTION ( 'NONE',  ( -0.000000000000000000, 1.000000000000000000, -0.000000000000000000 ) ) ;
#3434 = EDGE_CURVE ( 'NONE', #7683, #7726, #7605, .T. ) ;
#3435 = LINE ( 'NONE', #5487, #8968 ) ;
#3436 = PLANE ( 'NONE',  #1296 ) ;
#3437 = EDGE_LOOP ( 'NONE', ( #2395, #6731, #1882, #5759 ) ) ;
#3438 = ORIENTED_EDGE ( 'NONE', *, *, #8039, .T. ) ;
#3439 = ORIENTED_EDGE ( 'NONE', *, *, #8039, .F. ) ;
#3440 = VECTOR ( 'NONE', #4681, 1000.000000000000114 ) ;
#3441 = VECTOR ( 'NONE', #4800, 1000.000000000000000 ) ;
#3442 = FACE_OUTER_BOUND ( 'NONE', #1226, .T. ) ;
#3443 = EDGE_CURVE ( 'NONE', #8811, #7745, #162, .T. ) ;
#3444 = VERTEX_POINT ( 'NONE', #4393 ) ;
#3445 = CARTESIAN_POINT ( 'NONE',  ( 14.01117303124919466, 2.700000000000000178, 1.876534437828642821 ) ) ;
#3446 = DIRECTION ( 'NONE',  ( -0.3750170057496874376, 0.000000000000000000, -0.9270179315409917686 ) ) ;
#3447 = CARTESIAN_POINT ( 'NONE',  ( 23.92613028617670778, 2.700000000000000178, 5.178987427499118112 ) ) ;
#3448 = PLANE ( 'NONE',  #11634 ) ;
#3449 = LINE ( 'NONE', #370, #12024 ) ;
#3450 = DIRECTION ( 'NONE',  ( -0.000000000000000000, 1.000000000000000000, -0.000000000000000000 ) ) ;
#3451 = ADVANCED_FACE ( 'NONE', ( #8494 ), #3436, .F. ) ;
#3452 = EDGE_CURVE ( 'NONE', #3108, #2965, #9455, .T. ) ;
#3453 = EDGE_LOOP ( 'NONE', ( #8608, #12211, #97, #4527 ) ) ;
#3454 = EDGE_CURVE ( 'NONE', #5382, #1718, #12862, .T. ) ;
#3455 = ORIENTED_EDGE ( 'NONE', *, *, #2357, .T. ) ;
#3456 = CARTESIAN_POINT ( 'NONE',  ( -22.25999999999998025, 0.000000000000000000, -30.13000000000000966 ) ) ;
#3457 = CARTESIAN_POINT ( 'NONE',  ( 0.000000000000000000, 3.000000000000000000, 20.49418290991848224 ) ) ;
#3458 = EDGE_CURVE ( 'NONE', #5886, #7607, #497, .T. ) ;
#3459 = DIRECTION ( 'NONE',  ( 0.9342616163994699185, 0.000000000000000000, 0.3565883230318260266 ) ) ;
#3460 = LINE ( 'NONE', #4623, #5083 ) ;
#3461 = ORIENTED_EDGE ( 'NONE', *, *, #1401, .F. ) ;
#3462 = DIRECTION ( 'NONE',  ( 0.4325153727304008044, 0.000000000000000000, 0.9016265592538201812 ) ) ;
#3463 = ORIENTED_EDGE ( 'NONE', *, *, #13260, .T. ) ;
#3464 = CARTESIAN_POINT ( 'NONE',  ( -6.042096793862673287, 3.000000000000000000, 20.48923905391848166 ) ) ;
#3465 = LINE ( 'NONE', #8796, #8957 ) ;
#3466 = ORIENTED_EDGE ( 'NONE', *, *, #6236, .T. ) ;
#3467 = CARTESIAN_POINT ( 'NONE',  ( 21.60524135813732372, 2.700000000000000178, 15.90113951791848379 ) ) ;
#3468 = AXIS2_PLACEMENT_3D ( 'NONE', #6617, #535, #12831 ) ;
#3469 = VECTOR ( 'NONE', #8613, 1000.000000000000000 ) ;
#3470 = VERTEX_POINT ( 'NONE', #629 ) ;
#3471 = VECTOR ( 'NONE', #1678, 1000.000000000000114 ) ;
#3472 = EDGE_CURVE ( 'NONE', #2686, #10885, #12866, .T. ) ;
#3473 = DIRECTION ( 'NONE',  ( 0.9598352561504096547, 0.000000000000000000, 0.2805642191204668623 ) ) ;
#3474 = VERTEX_POINT ( 'NONE', #8962 ) ;
#3475 = CARTESIAN_POINT ( 'NONE',  ( -57.99999999999997868, 3.000000000000000000, -53.00000000000000711 ) ) ;
#3476 = VECTOR ( 'NONE', #11934, 1000.000000000000114 ) ;
#3477 = LINE ( 'NONE', #7780, #6169 ) ;
#3478 = ORIENTED_EDGE ( 'NONE', *, *, #135, .F. ) ;
#3479 = DIRECTION ( 'NONE',  ( 0.000000000000000000, 1.000000000000000000, 0.000000000000000000 ) ) ;
#3480 = LINE ( 'NONE', #12974, #3365 ) ;
#3481 = VECTOR ( 'NONE', #5888, 999.9999999999998863 ) ;
#3482 = EDGE_CURVE ( 'NONE', #1739, #2819, #4864, .T. ) ;
#3483 = ORIENTED_EDGE ( 'NONE', *, *, #4654, .T. ) ;
#3484 = DIRECTION ( 'NONE',  ( -0.000000000000000000, 1.000000000000000000, -0.000000000000000000 ) ) ;
#3485 = PLANE ( 'NONE',  #10012 ) ;
#3486 = ORIENTED_EDGE ( 'NONE', *, *, #2823, .T. ) ;
#3487 = LINE ( 'NONE', #4448, #2204 ) ;
#3488 = ORIENTED_EDGE ( 'NONE', *, *, #4222, .T. ) ;
#3489 = VECTOR ( 'NONE', #6101, 1000.000000000000114 ) ;
#3490 = VERTEX_POINT ( 'NONE', #4731 ) ;
#3491 = EDGE_CURVE ( 'NONE', #10331, #6170, #11842, .T. ) ;
#3492 = DIRECTION ( 'NONE',  ( 0.4412377587568093174, 0.000000000000000000, 0.8973902385513605751 ) ) ;
#3493 = EDGE_LOOP ( 'NONE', ( #10550, #8633, #3059, #8580 ) ) ;
#3494 = CARTESIAN_POINT ( 'NONE',  ( -1.373633648988244804, 2.700000000000000178, -2.279889854399685944 ) ) ;
#3495 = CARTESIAN_POINT ( 'NONE',  ( -42.20930106586268238, 3.000000000000000000, 20.29888535791848625 ) ) ;
#3496 = CARTESIAN_POINT ( 'NONE',  ( 38.36223807013732312, 3.000000000000000000, -0.000000000000000000 ) ) ;
#3497 = PLANE ( 'NONE',  #4626 ) ;
#3498 = ADVANCED_FACE ( 'NONE', ( #1717 ), #3774, .T. ) ;
#3499 = CARTESIAN_POINT ( 'NONE',  ( -13.62207905204126845, 2.700000000000000178, -1.473153336264969804 ) ) ;
#3500 = DIRECTION ( 'NONE',  ( -0.000000000000000000, 1.000000000000000000, -0.000000000000000000 ) ) ;
#3501 = AXIS2_PLACEMENT_3D ( 'NONE', #3499, #10545, #11837 ) ;
#3502 = PLANE ( 'NONE',  #9442 ) ;
#3503 = DIRECTION ( 'NONE',  ( -0.000000000000000000, 1.000000000000000000, -0.000000000000000000 ) ) ;
#3504 = CARTESIAN_POINT ( 'NONE',  ( 17.50914896613732452, 2.700000000000000178, 20.68580660591847575 ) ) ;
#3505 = VERTEX_POINT ( 'NONE', #7739 ) ;
#3506 = ORIENTED_EDGE ( 'NONE', *, *, #11923, .F. ) ;
#3507 = AXIS2_PLACEMENT_3D ( 'NONE', #5519, #6812, #528 ) ;
#3508 = AXIS2_PLACEMENT_3D ( 'NONE', #1804, #846, #6999 ) ;
#3509 = AXIS2_PLACEMENT_3D ( 'NONE', #11010, #1654, #12105 ) ;
#3510 = ORIENTED_EDGE ( 'NONE', *, *, #1526, .F. ) ;
#3511 = DIRECTION ( 'NONE',  ( 0.7234087041818627606, 0.000000000000000000, -0.6904200509211172454 ) ) ;
#3512 = ORIENTED_EDGE ( 'NONE', *, *, #10969, .F. ) ;
#3513 = CARTESIAN_POINT ( 'NONE',  ( 0.000000000000000000, 2.700000000000000178, -19.50482065808152043 ) ) ;
#3514 = DIRECTION ( 'NONE',  ( -0.2988038448905470101, 0.000000000000000000, 0.9543145510148243194 ) ) ;
#3515 = PLANE ( 'NONE',  #5914 ) ;
#3516 = LINE ( 'NONE', #8777, #6932 ) ;
#3517 = VECTOR ( 'NONE', #8257, 1000.000000000000000 ) ;
#3518 = DIRECTION ( 'NONE',  ( 0.3739086408200443246, 0.000000000000000000, 0.9274655402332244725 ) ) ;
#3519 = DIRECTION ( 'NONE',  ( -0.9910404582036930199, 0.000000000000000000, 0.1335620088326546773 ) ) ;
#3520 = DIRECTION ( 'NONE',  ( 0.000000000000000000, 1.000000000000000000, -0.000000000000000000 ) ) ;
#3521 = VECTOR ( 'NONE', #10547, 1000.000000000000000 ) ;
#3522 = ORIENTED_EDGE ( 'NONE', *, *, #11664, .F. ) ;
#3523 = LINE ( 'NONE', #956, #13075 ) ;
#3524 = VERTEX_POINT ( 'NONE', #4668 ) ;
#3525 = LINE ( 'NONE', #4417, #9492 ) ;
#3526 = PLANE ( 'NONE',  #2689 ) ;
#3527 = DIRECTION ( 'NONE',  ( -0.7296046392874412367, 0.000000000000000000, 0.6838691909497333077 ) ) ;
#3528 = CARTESIAN_POINT ( 'NONE',  ( -27.77950010586266671, 2.700000000000000178, 9.901122053918482990 ) ) ;
#3529 = ORIENTED_EDGE ( 'NONE', *, *, #5296, .T. ) ;
#3530 = LINE ( 'NONE', #8654, #10935 ) ;
#3531 = EDGE_CURVE ( 'NONE', #12001, #11231, #10876, .T. ) ;
#3532 = DIRECTION ( 'NONE',  ( 0.07963249419662030149, 0.000000000000000000, 0.9968242903681798772 ) ) ;
#3533 = DIRECTION ( 'NONE',  ( -0.9691941309195420962, 0.000000000000000000, 0.2462980645297753179 ) ) ;
#3534 = ORIENTED_EDGE ( 'NONE', *, *, #6388, .F. ) ;
#3535 = EDGE_CURVE ( 'NONE', #7132, #12895, #12933, .T. ) ;
#3536 = CARTESIAN_POINT ( 'NONE',  ( 2.078845054137320680, 2.700000000000000178, -18.47889433808151338 ) ) ;
#3537 = VERTEX_POINT ( 'NONE', #12111 ) ;
#3538 = EDGE_CURVE ( 'NONE', #12719, #3108, #13060, .T. ) ;
#3539 = EDGE_CURVE ( 'NONE', #8945, #5132, #3573, .T. ) ;
#3540 = VECTOR ( 'NONE', #7419, 1000.000000000000114 ) ;
#3541 = VECTOR ( 'NONE', #12971, 1000.000000000000000 ) ;
#3542 = CARTESIAN_POINT ( 'NONE',  ( 31.50000000000002842, 0.000000000000000000, -38.03000000000000824 ) ) ;
#3543 = EDGE_CURVE ( 'NONE', #9638, #574, #1516, .T. ) ;
#3544 = ORIENTED_EDGE ( 'NONE', *, *, #8579, .T. ) ;
#3545 = DIRECTION ( 'NONE',  ( 0.8447281712566206968, 0.000000000000000000, -0.5351955873187346224 ) ) ;
#3546 = CARTESIAN_POINT ( 'NONE',  ( -52.99999999999998579, 3.000000000000000000, 25.54999999999999005 ) ) ;
#3547 = VERTEX_POINT ( 'NONE', #3640 ) ;
#3549 = DIRECTION ( 'NONE',  ( 0.1212309411059864228, 0.000000000000000000, 0.9926243291993990248 ) ) ;
#3548 = VECTOR ( 'NONE', #5586, 1000.000000000000000 ) ;
#3550 = CARTESIAN_POINT ( 'NONE',  ( -27.77950010586266671, 3.000000000000000000, 8.682362997918483316 ) ) ;
#3551 = ORIENTED_EDGE ( 'NONE', *, *, #1192, .F. ) ;
#3552 = LINE ( 'NONE', #3682, #296 ) ;
#3553 = DIRECTION ( 'NONE',  ( -0.6351454721939684411, 0.000000000000000000, 0.7723925356653188468 ) ) ;
#3554 = ORIENTED_EDGE ( 'NONE', *, *, #731, .T. ) ;
#3555 = CARTESIAN_POINT ( 'NONE',  ( 38.36223807013732312, 2.700000000000000178, 0.000000000000000000 ) ) ;
#3556 = VECTOR ( 'NONE', #4692, 1000.000000000000114 ) ;
#3557 = ORIENTED_EDGE ( 'NONE', *, *, #4910, .F. ) ;
#3558 = EDGE_CURVE ( 'NONE', #13491, #12719, #11911, .T. ) ;
#3559 = AXIS2_PLACEMENT_3D ( 'NONE', #6130, #11329, #2036 ) ;
#3560 = ORIENTED_EDGE ( 'NONE', *, *, #11392, .T. ) ;
#3561 = CARTESIAN_POINT ( 'NONE',  ( -43.12151564986267971, 2.700000000000000178, 19.33228327791848145 ) ) ;
#3562 = EDGE_LOOP ( 'NONE', ( #2035, #12744, #7785, #4452 ) ) ;
#3563 = CARTESIAN_POINT ( 'NONE',  ( 25.89777735013731430, 2.700000000000000178, 3.809800733918486948 ) ) ;
#3564 = DIRECTION ( 'NONE',  ( -0.000000000000000000, 1.000000000000000000, -0.000000000000000000 ) ) ;
#3565 = VECTOR ( 'NONE', #12486, 1000.000000000000114 ) ;
#3566 = CARTESIAN_POINT ( 'NONE',  ( 25.89777735013731430, 3.000000000000000000, -0.000000000000000000 ) ) ;
#3567 = CARTESIAN_POINT ( 'NONE',  ( -18.96590865259803138, 2.700000000000000178, 13.97954491001854649 ) ) ;
#3568 = CARTESIAN_POINT ( 'NONE',  ( 7.604036950137319728, 3.000000000000000000, 5.031032733918481270 ) ) ;
#3569 = LINE ( 'NONE', #2679, #3825 ) ;
#3570 = EDGE_CURVE ( 'NONE', #8484, #5392, #9858, .T. ) ;
#3571 = DIRECTION ( 'NONE',  ( 0.6025711794240223851, 0.000000000000000000, -0.7980651437868606646 ) ) ;
#3572 = PLANE ( 'NONE',  #7239 ) ;
#3573 = LINE ( 'NONE', #12997, #11117 ) ;
#3574 = ORIENTED_EDGE ( 'NONE', *, *, #3531, .T. ) ;
#3575 = VECTOR ( 'NONE', #10261, 1000.000000000000000 ) ;
#3576 = EDGE_CURVE ( 'NONE', #4103, #1844, #6778, .T. ) ;
#3577 = DIRECTION ( 'NONE',  ( -0.9999981958784025515, 0.000000000000000000, 0.001899536769857406186 ) ) ;
#3578 = EDGE_CURVE ( 'NONE', #929, #12157, #10948, .T. ) ;
#3579 = EDGE_CURVE ( 'NONE', #4757, #9629, #5618, .T. ) ;
#3580 = CARTESIAN_POINT ( 'NONE',  ( 14.01562280613732980, 2.700000000000000178, 18.86798042191847458 ) ) ;
#3581 = ORIENTED_EDGE ( 'NONE', *, *, #2465, .T. ) ;
#3582 = CARTESIAN_POINT ( 'NONE',  ( -42.24087123386266995, 2.700000000000000178, 18.98797713391848418 ) ) ;
#3583 = ORIENTED_EDGE ( 'NONE', *, *, #12811, .F. ) ;
#3584 = CARTESIAN_POINT ( 'NONE',  ( -25.53728259386267041, 3.000000000000000000, 19.42127979791849057 ) ) ;
#3585 = CARTESIAN_POINT ( 'NONE',  ( 0.000000000000000000, 3.000000000000000000, 9.903592965918480928 ) ) ;
#3586 = VECTOR ( 'NONE', #6690, 1000.000000000000000 ) ;
#3587 = CARTESIAN_POINT ( 'NONE',  ( -27.77950010586266671, 3.000000000000000000, 0.000000000000000000 ) ) ;
#3588 = DIRECTION ( 'NONE',  ( -0.07839261842028527605, 0.000000000000000000, -0.9969225633805323117 ) ) ;
#3589 = EDGE_CURVE ( 'NONE', #1077, #9511, #9781, .T. ) ;
#3590 = CARTESIAN_POINT ( 'NONE',  ( -12.89235487386268098, 2.700000000000000178, 0.000000000000000000 ) ) ;
#3591 = CARTESIAN_POINT ( 'NONE',  ( -28.53528421786266733, 2.700000000000000178, 1.294713053918480128 ) ) ;
#3592 = CC_DESIGN_PERSON_AND_ORGANIZATION_ASSIGNMENT ( #2004, #6987, ( #12616 ) ) ;
#3593 = CARTESIAN_POINT ( 'NONE',  ( -17.41387491386267072, 2.700000000000000178, 9.629187621918481099 ) ) ;
#3594 = ORIENTED_EDGE ( 'NONE', *, *, #13063, .F. ) ;
#3595 = CARTESIAN_POINT ( 'NONE',  ( 2.078845054137320680, 2.700000000000000178, -18.47889433808151338 ) ) ;
#3596 = ORIENTED_EDGE ( 'NONE', *, *, #12005, .F. ) ;
#3597 = CARTESIAN_POINT ( 'NONE',  ( -49.84999999999996589, 0.000000000000000000, -30.13000000000000966 ) ) ;
#3598 = CARTESIAN_POINT ( 'NONE',  ( -45.35384544986267485, 2.700000000000000178, 20.79331058191848314 ) ) ;
#3599 = VECTOR ( 'NONE', #9055, 1000.000000000000000 ) ;
#3600 = FACE_OUTER_BOUND ( 'NONE', #5190, .T. ) ;
#3601 = CARTESIAN_POINT ( 'NONE',  ( -17.44495745880724158, 2.700000000000000178, -11.76170337194490578 ) ) ;
#3602 = VERTEX_POINT ( 'NONE', #567 ) ;
#3603 = DIRECTION ( 'NONE',  ( -1.000000000000000000, 0.000000000000000000, 0.000000000000000000 ) ) ;
#3604 = DIRECTION ( 'NONE',  ( -0.000000000000000000, 1.000000000000000000, -0.000000000000000000 ) ) ;
#3605 = ORIENTED_EDGE ( 'NONE', *, *, #10063, .F. ) ;
#3606 = CARTESIAN_POINT ( 'NONE',  ( -17.67344564186268130, 2.700000000000000178, 8.380760349918485730 ) ) ;
#3607 = VECTOR ( 'NONE', #12193, 999.9999999999998863 ) ;
#3608 = ORIENTED_EDGE ( 'NONE', *, *, #9282, .T. ) ;
#3609 = EDGE_CURVE ( 'NONE', #10851, #9629, #8898, .T. ) ;
#3610 = CARTESIAN_POINT ( 'NONE',  ( -39.60006879386268253, 2.700000000000000178, 17.78022745391848147 ) ) ;
#3611 = ADVANCED_FACE ( 'NONE', ( #11015 ), #9988, .T. ) ;
#3612 = AXIS2_PLACEMENT_3D ( 'NONE', #12208, #1891, #13298 ) ;
#3613 = ORIENTED_EDGE ( 'NONE', *, *, #7892, .F. ) ;
#3614 = CARTESIAN_POINT ( 'NONE',  ( -11.85653779386267992, 3.000000000000000000, -4.639930906081515261 ) ) ;
#3615 = DIRECTION ( 'NONE',  ( -0.000000000000000000, 1.000000000000000000, -0.000000000000000000 ) ) ;
#3616 = VERTEX_POINT ( 'NONE', #5202 ) ;
#3617 = LINE ( 'NONE', #5861, #3299 ) ;
#3618 = DIRECTION ( 'NONE',  ( 0.9802222406570884061, 0.000000000000000000, -0.1978998709479038165 ) ) ;
#3619 = ORIENTED_EDGE ( 'NONE', *, *, #7342, .F. ) ;
#3620 = FACE_OUTER_BOUND ( 'NONE', #10488, .T. ) ;
#3621 = FACE_OUTER_BOUND ( 'NONE', #6051, .T. ) ;
#3622 = ORIENTED_EDGE ( 'NONE', *, *, #987, .F. ) ;
#3623 = LINE ( 'NONE', #3687, #12552 ) ;
#3624 = ORIENTED_EDGE ( 'NONE', *, *, #8644, .T. ) ;
#3625 = VECTOR ( 'NONE', #8521, 1000.000000000000000 ) ;
#3626 = VERTEX_POINT ( 'NONE', #11293 ) ;
#3627 = ADVANCED_FACE ( 'NONE', ( #7256 ), #5071, .T. ) ;
#3628 = FACE_OUTER_BOUND ( 'NONE', #5852, .T. ) ;
#3629 = ORIENTED_EDGE ( 'NONE', *, *, #1978, .T. ) ;
#3630 = DIRECTION ( 'NONE',  ( -0.3683699901335090177, 0.000000000000000000, 0.9296792728511474868 ) ) ;
#3631 = LINE ( 'NONE', #11966, #2032 ) ;
#3632 = CARTESIAN_POINT ( 'NONE',  ( -6.042096793862673287, 2.700000000000000178, 0.000000000000000000 ) ) ;
#3633 = DIRECTION ( 'NONE',  ( 0.8703411837965245867, 0.000000000000000000, -0.4924492093481969701 ) ) ;
#3634 = CARTESIAN_POINT ( 'NONE',  ( 44.33242679013732612, 2.700000000000000178, 0.000000000000000000 ) ) ;
#3635 = CARTESIAN_POINT ( 'NONE',  ( 12.08968024502816263, 2.700000000000000178, 0.8654093126840738393 ) ) ;
#3636 = FACE_OUTER_BOUND ( 'NONE', #4340, .T. ) ;
#3637 = EDGE_CURVE ( 'NONE', #8974, #7286, #10333, .T. ) ;
#3638 = ORIENTED_EDGE ( 'NONE', *, *, #1396, .T. ) ;
#3639 = CARTESIAN_POINT ( 'NONE',  ( 0.8646546254032575485, 2.700000000000000178, 9.755882031341855054 ) ) ;
#3640 = CARTESIAN_POINT ( 'NONE',  ( 16.37268083013731612, 3.000000000000000000, 9.599581381918486755 ) ) ;
#3641 = ORIENTED_EDGE ( 'NONE', *, *, #572, .T. ) ;
#3642 = ORIENTED_EDGE ( 'NONE', *, *, #10224, .T. ) ;
#3643 = EDGE_CURVE ( 'NONE', #6721, #7837, #8151, .T. ) ;
#3644 = DIRECTION ( 'NONE',  ( -1.000000000000000000, 0.000000000000000000, 0.000000000000000000 ) ) ;
#3645 = EDGE_LOOP ( 'NONE', ( #7146, #7038, #1998, #9659 ) ) ;
#3646 = CARTESIAN_POINT ( 'NONE',  ( 50.22000000000002728, 3.000000000000000000, -30.13000000000000611 ) ) ;
#3647 = EDGE_LOOP ( 'NONE', ( #4552, #3870, #13032, #6358 ) ) ;
#3648 = LINE ( 'NONE', #508, #11932 ) ;
#3649 = CARTESIAN_POINT ( 'NONE',  ( 14.03036067179379565, 2.700000000000000178, 5.949820325271497623 ) ) ;
#3650 = EDGE_CURVE ( 'NONE', #5162, #1104, #12451, .T. ) ;
#3651 = EDGE_CURVE ( 'NONE', #4201, #12007, #9241, .T. ) ;
#3652 = VECTOR ( 'NONE', #9900, 1000.000000000000000 ) ;
#3653 = CARTESIAN_POINT ( 'NONE',  ( 18.58276023013731404, 2.700000000000000178, 20.37552122191848625 ) ) ;
#3654 = CARTESIAN_POINT ( 'NONE',  ( -59.99999999999998579, 0.000000000000000000, -50.99999999999999289 ) ) ;
#3655 = PLANE ( 'NONE',  #3727 ) ;
#3656 = DIRECTION ( 'NONE',  ( 0.000000000000000000, 0.000000000000000000, 1.000000000000000000 ) ) ;
#3657 = VECTOR ( 'NONE', #12138, 999.9999999999998863 ) ;
#3658 = ORIENTED_EDGE ( 'NONE', *, *, #3452, .T. ) ;
#3659 = EDGE_CURVE ( 'NONE', #6297, #7852, #2888, .T. ) ;
#3660 = DIRECTION ( 'NONE',  ( -1.000000000000000000, 0.000000000000000000, 0.000000000000000000 ) ) ;
#3661 = AXIS2_PLACEMENT_3D ( 'NONE', #2549, #3577, #427 ) ;
#3662 = ORIENTED_EDGE ( 'NONE', *, *, #13166, .T. ) ;
#3663 = LINE ( 'NONE', #2914, #7093 ) ;
#3664 = LINE ( 'NONE', #9883, #3346 ) ;
#3665 = CARTESIAN_POINT ( 'NONE',  ( 8.592899590137326626, 2.700000000000000178, -17.95232592208152056 ) ) ;
#3666 = DIRECTION ( 'NONE',  ( -0.2244645581996204398, 0.000000000000000000, 0.9744822533593155978 ) ) ;
#3668 = EDGE_LOOP ( 'NONE', ( #13099, #73, #6608, #10796 ) ) ;
#3667 = ADVANCED_FACE ( 'NONE', ( #13408 ), #3023, .T. ) ;
#3669 = CARTESIAN_POINT ( 'NONE',  ( 31.50000000000002842, 3.000000000000000000, -38.03000000000000824 ) ) ;
#3670 = CARTESIAN_POINT ( 'NONE',  ( -7.285572081862667915, 2.700000000000000178, 13.19399532591848079 ) ) ;
#3671 = EDGE_LOOP ( 'NONE', ( #8801, #1173 ) ) ;
#3672 = DIRECTION ( 'NONE',  ( -0.000000000000000000, 1.000000000000000000, -0.000000000000000000 ) ) ;
#3673 = ORIENTED_EDGE ( 'NONE', *, *, #1689, .T. ) ;
#3674 = LINE ( 'NONE', #3610, #6085 ) ;
#3675 = ORIENTED_EDGE ( 'NONE', *, *, #4797, .T. ) ;
#3676 = CARTESIAN_POINT ( 'NONE',  ( 27.77906391013731380, 3.000000000000000000, 10.19283292591848245 ) ) ;
#3677 = LINE ( 'NONE', #336, #9443 ) ;
#3678 = EDGE_LOOP ( 'NONE', ( #1180, #2567, #7913, #6745 ) ) ;
#3679 = DIRECTION ( 'NONE',  ( -0.000000000000000000, 1.000000000000000000, -0.000000000000000000 ) ) ;
#3680 = CARTESIAN_POINT ( 'NONE',  ( -6.099813892092005752, 2.700000000000000178, 2.526636942322651347 ) ) ;
#3681 = VERTEX_POINT ( 'NONE', #11223 ) ;
#3682 = CARTESIAN_POINT ( 'NONE',  ( -40.88297808986267512, 2.700000000000000178, 17.53786979791847855 ) ) ;
#3683 = CARTESIAN_POINT ( 'NONE',  ( 25.75058638213731044, 2.700000000000000178, 2.020807613918483181 ) ) ;
#3684 = AXIS2_PLACEMENT_3D ( 'NONE', #12967, #11749, #10781 ) ;
#3685 = ORIENTED_EDGE ( 'NONE', *, *, #12337, .T. ) ;
#3686 = AXIS2_PLACEMENT_3D ( 'NONE', #5340, #10460, #211 ) ;
#3687 = CARTESIAN_POINT ( 'NONE',  ( -16.92640622336200451, 2.700000000000000178, 6.987361440253797795 ) ) ;
#3688 = VERTEX_POINT ( 'NONE', #7188 ) ;
#3689 = EDGE_LOOP ( 'NONE', ( #5182, #12585, #6519, #1054 ) ) ;
#3690 = CARTESIAN_POINT ( 'NONE',  ( 1.145019536395369020, 2.700000000000000178, 2.645476332399418595 ) ) ;
#3691 = EDGE_LOOP ( 'NONE', ( #6221, #8425, #9894, #1176, #5384, #3293, #3198, #1617, #10468, #4931, #9395, #10260, #1469, #3095, #3337, #10076, #9686, #10027, #4751, #6421, #2462, #4370, #599, #3905, #11573 ) ) ;
#3692 = AXIS2_PLACEMENT_3D ( 'NONE', #4852, #2737, #6016 ) ;
#3693 = VECTOR ( 'NONE', #11130, 1000.000000000000114 ) ;
#3694 = DIRECTION ( 'NONE',  ( 0.8565467574900700320, 0.000000000000000000, -0.5160694257880883429 ) ) ;
#3695 = FACE_OUTER_BOUND ( 'NONE', #3840, .T. ) ;
#3696 = LINE ( 'NONE', #7867, #11399 ) ;
#3697 = CARTESIAN_POINT ( 'NONE',  ( 12.55571615013732334, 2.700000000000000178, 10.00247922991848171 ) ) ;
#3698 = DIRECTION ( 'NONE',  ( 0.9974477782794199943, 0.000000000000000000, 0.07139978715268650855 ) ) ;
#3699 = FACE_OUTER_BOUND ( 'NONE', #3335, .T. ) ;
#3700 = EDGE_LOOP ( 'NONE', ( #8751, #1505, #8951, #9266 ) ) ;
#3701 = DIRECTION ( 'NONE',  ( -0.9238814843844341818, 0.000000000000000000, -0.3826787200924746668 ) ) ;
#3702 = DIRECTION ( 'NONE',  ( -0.000000000000000000, 1.000000000000000000, -0.000000000000000000 ) ) ;
#3703 = ORIENTED_EDGE ( 'NONE', *, *, #4365, .F. ) ;
#3704 = EDGE_CURVE ( 'NONE', #29, #7486, #4116, .T. ) ;
#3705 = VERTEX_POINT ( 'NONE', #11428 ) ;
#3706 = AXIS2_PLACEMENT_3D ( 'NONE', #6991, #10271, #9041 ) ;
#3707 = EDGE_CURVE ( 'NONE', #104, #10706, #10262, .T. ) ;
#3708 = CARTESIAN_POINT ( 'NONE',  ( -11.85653779386267992, 2.700000000000000178, 0.000000000000000000 ) ) ;
#3709 = EDGE_CURVE ( 'NONE', #1715, #10991, #1859, .T. ) ;
#3710 = ORIENTED_EDGE ( 'NONE', *, *, #920, .F. ) ;
#3711 = CARTESIAN_POINT ( 'NONE',  ( 5.265173664008208299, 2.700000000000000178, 5.516746584186072333 ) ) ;
#3712 = AXIS2_PLACEMENT_3D ( 'NONE', #3836, #12171, #6977 ) ;
#3713 = ORIENTED_EDGE ( 'NONE', *, *, #1702, .F. ) ;
#3714 = CARTESIAN_POINT ( 'NONE',  ( -38.99566461786267269, 2.700000000000000178, 15.04592659791848064 ) ) ;
#3715 = LINE ( 'NONE', #708, #12879 ) ;
#3716 = CARTESIAN_POINT ( 'NONE',  ( -43.75854053786267883, 2.700000000000000178, 20.69258840591848170 ) ) ;
#3717 = DIRECTION ( 'NONE',  ( -0.000000000000000000, 1.000000000000000000, -0.000000000000000000 ) ) ;
#3718 = LINE ( 'NONE', #10002, #11378 ) ;
#3719 = VECTOR ( 'NONE', #3339, 1000.000000000000114 ) ;
#3720 = LINE ( 'NONE', #5635, #10593 ) ;
#3721 = AXIS2_PLACEMENT_3D ( 'NONE', #4442, #3479, #2123 ) ;
#3722 = VERTEX_POINT ( 'NONE', #6156 ) ;
#3723 = LINE ( 'NONE', #10899, #5876 ) ;
#3724 = CIRCLE ( 'NONE', #9618, 1.700000000000000178 ) ;
#3725 = ORIENTED_EDGE ( 'NONE', *, *, #12752, .T. ) ;
#3727 = AXIS2_PLACEMENT_3D ( 'NONE', #12950, #4683, #6522 ) ;
#3726 = LINE ( 'NONE', #13289, #11684 ) ;
#3728 = LINE ( 'NONE', #7902, #7279 ) ;
#3729 = VECTOR ( 'NONE', #11910, 1000.000000000000000 ) ;
#3730 = PLANE ( 'NONE',  #8710 ) ;
#3731 = FACE_OUTER_BOUND ( 'NONE', #6036, .T. ) ;
#3732 = ORIENTED_EDGE ( 'NONE', *, *, #4930, .F. ) ;
#3733 = CARTESIAN_POINT ( 'NONE',  ( 48.28571631813731813, 2.700000000000000178, 9.764246533918486293 ) ) ;
#3734 = CARTESIAN_POINT ( 'NONE',  ( -7.278154265862681882, 2.700000000000000178, 0.000000000000000000 ) ) ;
#3735 = VERTEX_POINT ( 'NONE', #968 ) ;
#3736 = VECTOR ( 'NONE', #10842, 1000.000000000000000 ) ;
#3737 = EDGE_CURVE ( 'NONE', #7994, #8030, #4933, .T. ) ;
#3738 = LINE ( 'NONE', #8661, #5573 ) ;
#3739 = VECTOR ( 'NONE', #1251, 1000.000000000000000 ) ;
#3740 = VERTEX_POINT ( 'NONE', #8010 ) ;
#3741 = EDGE_CURVE ( 'NONE', #1537, #5678, #7124, .T. ) ;
#3742 = EDGE_CURVE ( 'NONE', #7128, #2811, #3090, .T. ) ;
#3743 = CARTESIAN_POINT ( 'NONE',  ( 6.650558171280721353, 2.700000000000000178, 22.61058770749240665 ) ) ;
#3744 = ORIENTED_EDGE ( 'NONE', *, *, #2821, .T. ) ;
#3745 = DIRECTION ( 'NONE',  ( -0.6768908267101251264, 0.000000000000000000, -0.7360834251059341637 ) ) ;
#3746 = CARTESIAN_POINT ( 'NONE',  ( 44.28545711013730823, 3.000000000000000000, 8.912267541918486913 ) ) ;
#3747 = ORIENTED_EDGE ( 'NONE', *, *, #2380, .T. ) ;
#3748 = DIRECTION ( 'NONE',  ( -0.7915149266413801232, 0.000000000000000000, 0.6111498350682021963 ) ) ;
#3749 = DIRECTION ( 'NONE',  ( -0.7360834251059341637, 0.000000000000000000, 0.6768908267101251264 ) ) ;
#3750 = ORIENTED_EDGE ( 'NONE', *, *, #372, .F. ) ;
#3751 = FACE_OUTER_BOUND ( 'NONE', #10058, .T. ) ;
#3752 = FACE_OUTER_BOUND ( 'NONE', #13415, .T. ) ;
#3753 = EDGE_CURVE ( 'NONE', #8345, #4795, #10398, .T. ) ;
#3754 = ORIENTED_EDGE ( 'NONE', *, *, #12635, .T. ) ;
#3755 = EDGE_CURVE ( 'NONE', #7411, #9192, #9167, .T. ) ;
#3756 = DIRECTION ( 'NONE',  ( -0.9225069732799374700, 0.000000000000000000, 0.3859804195161828377 ) ) ;
#3757 = EDGE_CURVE ( 'NONE', #10064, #5197, #13336, .T. ) ;
#3758 = ORIENTED_EDGE ( 'NONE', *, *, #7410, .T. ) ;
#3759 = VECTOR ( 'NONE', #12037, 1000.000000000000000 ) ;
#3760 = ORIENTED_EDGE ( 'NONE', *, *, #2915, .F. ) ;
#3761 = PLANE ( 'NONE',  #4141 ) ;
#3762 = ORIENTED_EDGE ( 'NONE', *, *, #4631, .F. ) ;
#3763 = VECTOR ( 'NONE', #13370, 1000.000000000000000 ) ;
#3764 = LINE ( 'NONE', #9025, #6299 ) ;
#3765 = CARTESIAN_POINT ( 'NONE',  ( 27.04732039013732603, 2.700000000000000178, 9.369613845918475903 ) ) ;
#3766 = DIRECTION ( 'NONE',  ( 0.8078440317134557569, 0.000000000000000000, -0.5893963186387826125 ) ) ;
#3767 = PLANE ( 'NONE',  #5473 ) ;
#3768 = CARTESIAN_POINT ( 'NONE',  ( -26.58299043386267613, 3.000000000000000000, 20.65734336591847864 ) ) ;
#3769 = VECTOR ( 'NONE', #5294, 1000.000000000000000 ) ;
#3770 = DIRECTION ( 'NONE',  ( -0.9243391643239748934, 0.000000000000000000, 0.3815718926976354175 ) ) ;
#3771 = VECTOR ( 'NONE', #3398, 1000.000000000000114 ) ;
#3772 = VERTEX_POINT ( 'NONE', #13266 ) ;
#3773 = LINE ( 'NONE', #10875, #7281 ) ;
#3774 = PLANE ( 'NONE',  #2388 ) ;
#3775 = ORIENTED_EDGE ( 'NONE', *, *, #8909, .F. ) ;
#3776 = ORIENTED_EDGE ( 'NONE', *, *, #6399, .F. ) ;
#3777 = VECTOR ( 'NONE', #8428, 1000.000000000000000 ) ;
#3778 = ORIENTED_EDGE ( 'NONE', *, *, #11719, .F. ) ;
#3779 = VECTOR ( 'NONE', #1964, 1000.000000000000000 ) ;
#3780 = ORIENTED_EDGE ( 'NONE', *, *, #2440, .T. ) ;
#3781 = DIRECTION ( 'NONE',  ( 1.000000000000000000, -0.000000000000000000, 0.000000000000000000 ) ) ;
#3782 = ORIENTED_EDGE ( 'NONE', *, *, #6208, .T. ) ;
#3783 = CARTESIAN_POINT ( 'NONE',  ( -28.64227104986268202, 2.700000000000000178, 0.7641426139184834820 ) ) ;
#3784 = VECTOR ( 'NONE', #9290, 1000.000000000000000 ) ;
#3785 = CARTESIAN_POINT ( 'NONE',  ( 13.32517562213732987, 2.700000000000000178, 19.86759640591847997 ) ) ;
#3786 = EDGE_CURVE ( 'NONE', #6081, #2987, #4314, .T. ) ;
#3787 = DIRECTION ( 'NONE',  ( 0.5561341862445449147, 0.000000000000000000, -0.8310925140380689413 ) ) ;
#3788 = DIRECTION ( 'NONE',  ( -0.7110785453986702143, 0.000000000000000000, 0.7031125815071944674 ) ) ;
#3789 = CARTESIAN_POINT ( 'NONE',  ( 0.000000000000000000, 2.700000000000000178, 20.48923905391848166 ) ) ;
#3790 = FACE_OUTER_BOUND ( 'NONE', #8731, .T. ) ;
#3791 = LINE ( 'NONE', #7961, #3607 ) ;
#3793 = EDGE_CURVE ( 'NONE', #5588, #10413, #2195, .T. ) ;
#3792 = ORIENTED_EDGE ( 'NONE', *, *, #11394, .F. ) ;
#3794 = VECTOR ( 'NONE', #10787, 1000.000000000000000 ) ;
#3795 = LINE ( 'NONE', #11995, #8499 ) ;
#3796 = VECTOR ( 'NONE', #8340, 1000.000000000000114 ) ;
#3797 = VERTEX_POINT ( 'NONE', #7390 ) ;
#3798 = DIRECTION ( 'NONE',  ( 1.000000000000000000, 0.000000000000000000, -0.000000000000000000 ) ) ;
#3799 = CARTESIAN_POINT ( 'NONE',  ( -4.830205606169936772, 2.700000000000000178, 10.38854079232690353 ) ) ;
#3800 = DIRECTION ( 'NONE',  ( -0.000000000000000000, 1.000000000000000000, -0.000000000000000000 ) ) ;
#3801 = LINE ( 'NONE', #2919, #3657 ) ;
#3802 = ORIENTED_EDGE ( 'NONE', *, *, #1385, .T. ) ;
#3803 = EDGE_CURVE ( 'NONE', #8658, #7723, #10657, .T. ) ;
#3804 = LINE ( 'NONE', #8927, #8591 ) ;
#3805 = DIRECTION ( 'NONE',  ( 0.8295378979889789228, 0.000000000000000000, -0.5584504237620618872 ) ) ;
#3806 = ORIENTED_EDGE ( 'NONE', *, *, #2637, .T. ) ;
#3807 = CARTESIAN_POINT ( 'NONE',  ( -13.44363850586267795, 2.700000000000000178, 20.55845913391848612 ) ) ;
#3808 = ORIENTED_EDGE ( 'NONE', *, *, #4235, .T. ) ;
#3809 = EDGE_CURVE ( 'NONE', #6913, #5967, #1299, .T. ) ;
#3810 = DIRECTION ( 'NONE',  ( -1.000000000000000000, 0.000000000000000000, 0.000000000000000000 ) ) ;
#3811 = ORIENTED_EDGE ( 'NONE', *, *, #3659, .F. ) ;
#3812 = CARTESIAN_POINT ( 'NONE',  ( -57.99999999999997158, 3.000000000000000000, -53.00000000000000711 ) ) ;
#3813 = CARTESIAN_POINT ( 'NONE',  ( 17.50914896613732452, 3.000000000000000000, 20.68580660591847575 ) ) ;
#3814 = ORIENTED_EDGE ( 'NONE', *, *, #5173, .F. ) ;
#3815 = DIRECTION ( 'NONE',  ( -0.000000000000000000, 1.000000000000000000, -0.000000000000000000 ) ) ;
#3816 = DIRECTION ( 'NONE',  ( -1.000000000000000000, 0.000000000000000000, 0.000000000000000000 ) ) ;
#3817 = EDGE_CURVE ( 'NONE', #12234, #12823, #5404, .T. ) ;
#3818 = ADVANCED_FACE ( 'NONE', ( #7528 ), #12519, .T. ) ;
#3819 = ORIENTED_EDGE ( 'NONE', *, *, #3707, .F. ) ;
#3820 = DIRECTION ( 'NONE',  ( -0.9691941309195420962, 0.000000000000000000, 0.2462980645297753179 ) ) ;
#3821 = CARTESIAN_POINT ( 'NONE',  ( -34.63964996186266632, 2.700000000000000178, 3.809801749918482194 ) ) ;
#3822 = VECTOR ( 'NONE', #8730, 1000.000000000000000 ) ;
#3823 = ORIENTED_EDGE ( 'NONE', *, *, #10230, .F. ) ;
#3824 = PLANE ( 'NONE',  #10148 ) ;
#3825 = VECTOR ( 'NONE', #9715, 1000.000000000000000 ) ;
#3826 = ADVANCED_FACE ( 'NONE', ( #11556 ), #12651, .T. ) ;
#3827 = ORIENTED_EDGE ( 'NONE', *, *, #1555, .T. ) ;
#3828 = VERTEX_POINT ( 'NONE', #11489 ) ;
#3829 = LINE ( 'NONE', #7997, #8704 ) ;
#3830 = VERTEX_POINT ( 'NONE', #10532 ) ;
#3831 = VECTOR ( 'NONE', #3189, 1000.000000000000000 ) ;
#3832 = CARTESIAN_POINT ( 'NONE',  ( 25.85095499013732478, 2.700000000000000178, -18.66395061008152112 ) ) ;
#3833 = EDGE_CURVE ( 'NONE', #9666, #8345, #2128, .T. ) ;
#3834 = DIRECTION ( 'NONE',  ( -0.000000000000000000, 1.000000000000000000, -0.000000000000000000 ) ) ;
#3835 = CARTESIAN_POINT ( 'NONE',  ( 30.97972888680316217, 3.000000000000000000, 28.02844601145682191 ) ) ;
#3836 = CARTESIAN_POINT ( 'NONE',  ( -57.99999999999997868, 3.000000000000000000, 50.99999999999999289 ) ) ;
#3837 = CARTESIAN_POINT ( 'NONE',  ( -42.20930106586268238, 2.700000000000000178, 20.29888535791848625 ) ) ;
#3838 = EDGE_CURVE ( 'NONE', #3797, #3404, #12584, .T. ) ;
#3839 = CARTESIAN_POINT ( 'NONE',  ( 38.36223807013732312, 3.000000000000000000, -0.000000000000000000 ) ) ;
#3840 = EDGE_LOOP ( 'NONE', ( #1628, #2596, #10146, #11880 ) ) ;
#3841 = DIRECTION ( 'NONE',  ( -0.000000000000000000, 1.000000000000000000, -0.000000000000000000 ) ) ;
#3842 = DIRECTION ( 'NONE',  ( -0.03214695214465841666, 0.000000000000000000, -0.9994831531685810511 ) ) ;
#3843 = ORIENTED_EDGE ( 'NONE', *, *, #12921, .F. ) ;
#3844 = EDGE_CURVE ( 'NONE', #3947, #2312, #6364, .T. ) ;
#3845 = CARTESIAN_POINT ( 'NONE',  ( -12.89235487386268098, 3.000000000000000000, -0.000000000000000000 ) ) ;
#3846 = ORIENTED_EDGE ( 'NONE', *, *, #1409, .T. ) ;
#3847 = PERSON_AND_ORGANIZATION ( #7799, #1257 ) ;
#3848 = ORIENTED_EDGE ( 'NONE', *, *, #3991, .T. ) ;
#3849 = FACE_OUTER_BOUND ( 'NONE', #7392, .T. ) ;
#3850 = VERTEX_POINT ( 'NONE', #1175 ) ;
#3851 = CARTESIAN_POINT ( 'NONE',  ( -9.348555402150353189, 2.700000000000000178, 20.89290814322078660 ) ) ;
#3852 = LINE ( 'NONE', #3785, #7207 ) ;
#3853 = CARTESIAN_POINT ( 'NONE',  ( -50.19179665786266753, 2.700000000000000178, 16.55114177391848074 ) ) ;
#3854 = DIRECTION ( 'NONE',  ( -0.8285237802757234871, 0.000000000000000000, -0.5599538780271324789 ) ) ;
#3855 = DIRECTION ( 'NONE',  ( -0.000000000000000000, 1.000000000000000000, -0.000000000000000000 ) ) ;
#3856 = VECTOR ( 'NONE', #12261, 1000.000000000000000 ) ;
#3857 = CARTESIAN_POINT ( 'NONE',  ( -11.74899520986267376, 2.700000000000000178, 13.47581746991847673 ) ) ;
#3858 = CARTESIAN_POINT ( 'NONE',  ( 11.20312652613732141, 2.700000000000000178, 15.90134982991847679 ) ) ;
#3859 = EDGE_CURVE ( 'NONE', #2937, #1909, #11699, .T. ) ;
#3860 = ORIENTED_EDGE ( 'NONE', *, *, #7165, .T. ) ;
#3861 = DIRECTION ( 'NONE',  ( -0.9967722461048652560, 0.000000000000000000, -0.08028131410896159614 ) ) ;
#3862 = ORIENTED_EDGE ( 'NONE', *, *, #12263, .F. ) ;
#3863 = CARTESIAN_POINT ( 'NONE',  ( 0.000000000000000000, 2.700000000000000178, 8.684835941918485958 ) ) ;
#3864 = DIRECTION ( 'NONE',  ( -0.5942572416434551696, 0.000000000000000000, 0.8042750342726747714 ) ) ;
#3865 = FACE_OUTER_BOUND ( 'NONE', #37, .T. ) ;
#3866 = DIRECTION ( 'NONE',  ( -0.1587285709353787599, 0.000000000000000000, -0.9873222578108995506 ) ) ;
#3867 = ORIENTED_EDGE ( 'NONE', *, *, #11897, .T. ) ;
#3868 = LINE ( 'NONE', #12411, #10347 ) ;
#3869 = CARTESIAN_POINT ( 'NONE',  ( -1.789281967691328523, 3.000000000000000000, 19.08320190229514779 ) ) ;
#3870 = ORIENTED_EDGE ( 'NONE', *, *, #9282, .F. ) ;
#3871 = DIRECTION ( 'NONE',  ( 0.5537049410972625374, 0.000000000000000000, 0.8327129386556191282 ) ) ;
#3872 = EDGE_CURVE ( 'NONE', #975, #8155, #10597, .T. ) ;
#3873 = EDGE_CURVE ( 'NONE', #3229, #750, #2391, .T. ) ;
#3874 = ORIENTED_EDGE ( 'NONE', *, *, #2834, .T. ) ;
#3875 = EDGE_CURVE ( 'NONE', #2367, #12729, #275, .T. ) ;
#3876 = ORIENTED_EDGE ( 'NONE', *, *, #5636, .T. ) ;
#3877 = CARTESIAN_POINT ( 'NONE',  ( -40.23654402586267054, 2.700000000000000178, 18.86999616591847939 ) ) ;
#3878 = AXIS2_PLACEMENT_3D ( 'NONE', #6650, #10817, #2619 ) ;
#3879 = CARTESIAN_POINT ( 'NONE',  ( -59.99999999999998579, 0.000000000000000000, 25.54999999999999005 ) ) ;
#3880 = VECTOR ( 'NONE', #6491, 1000.000000000000114 ) ;
#3881 = ORIENTED_EDGE ( 'NONE', *, *, #8097, .F. ) ;
#3882 = DIRECTION ( 'NONE',  ( 0.000000000000000000, 0.000000000000000000, 1.000000000000000000 ) ) ;
#3883 = LINE ( 'NONE', #12219, #6820 ) ;
#3884 = ORIENTED_EDGE ( 'NONE', *, *, #2072, .F. ) ;
#3885 = CARTESIAN_POINT ( 'NONE',  ( 7.604036950137319728, 2.700000000000000178, 5.031032733918481270 ) ) ;
#3886 = LINE ( 'NONE', #5118, #96 ) ;
#3887 = ORIENTED_EDGE ( 'NONE', *, *, #2006, .F. ) ;
#3888 = DIRECTION ( 'NONE',  ( -1.000000000000000000, 0.000000000000000000, 0.000000000000000000 ) ) ;
#3889 = DIRECTION ( 'NONE',  ( -0.000000000000000000, 1.000000000000000000, -0.000000000000000000 ) ) ;
#3890 = ORIENTED_EDGE ( 'NONE', *, *, #7801, .F. ) ;
#3891 = CARTESIAN_POINT ( 'NONE',  ( -6.479660561862684354, 2.700000000000000178, 1.609610061918482771 ) ) ;
#3892 = ORIENTED_EDGE ( 'NONE', *, *, #2335, .T. ) ;
#3893 = ORIENTED_EDGE ( 'NONE', *, *, #2227, .T. ) ;
#3894 = EDGE_CURVE ( 'NONE', #1492, #10458, #6559, .T. ) ;
#3895 = CARTESIAN_POINT ( 'NONE',  ( 58.00000000000000711, 3.000000000000000000, -53.00000000000000711 ) ) ;
#3896 = ORIENTED_EDGE ( 'NONE', *, *, #6714, .T. ) ;
#3897 = DIRECTION ( 'NONE',  ( -0.5633443111791331948, 0.000000000000000000, 0.8262222383003908766 ) ) ;
#3898 = EDGE_CURVE ( 'NONE', #6284, #1370, #1362, .T. ) ;
#3899 = CARTESIAN_POINT ( 'NONE',  ( 11.20312652613732141, 2.700000000000000178, 15.90134982991847679 ) ) ;
#3900 = VECTOR ( 'NONE', #11901, 1000.000000000000000 ) ;
#3901 = CARTESIAN_POINT ( 'NONE',  ( 0.000000000000000000, 2.700000000000000178, 8.684835941918485958 ) ) ;
#3902 = EDGE_LOOP ( 'NONE', ( #4306, #9034, #8736, #6205 ) ) ;
#3903 = CARTESIAN_POINT ( 'NONE',  ( -11.85653779386267992, 2.700000000000000178, -17.95974780208151600 ) ) ;
#3904 = DIRECTION ( 'NONE',  ( -0.000000000000000000, 1.000000000000000000, -0.000000000000000000 ) ) ;
#3905 = ORIENTED_EDGE ( 'NONE', *, *, #9408, .F. ) ;
#3906 = DIRECTION ( 'NONE',  ( 0.9252449272632039534, 0.000000000000000000, 0.3793703000680314630 ) ) ;
#3907 = CARTESIAN_POINT ( 'NONE',  ( 2.720116694012112202, 3.000000000000000000, 17.03855678193557566 ) ) ;
#3908 = ORIENTED_EDGE ( 'NONE', *, *, #1352, .T. ) ;
#3909 = CARTESIAN_POINT ( 'NONE',  ( -17.67344564186268130, 2.700000000000000178, 8.380760349918485730 ) ) ;
#3910 = EDGE_CURVE ( 'NONE', #3490, #1841, #9439, .T. ) ;
#3911 = VECTOR ( 'NONE', #347, 1000.000000000000000 ) ;
#3912 = ORIENTED_EDGE ( 'NONE', *, *, #1158, .T. ) ;
#3913 = VECTOR ( 'NONE', #4375, 1000.000000000000114 ) ;
#3914 = ADVANCED_FACE ( 'NONE', ( #3156 ), #7325, .T. ) ;
#3915 = EDGE_LOOP ( 'NONE', ( #2943, #9137, #1521, #8063 ) ) ;
#3916 = EDGE_CURVE ( 'NONE', #5999, #3547, #2664, .T. ) ;
#3917 = FACE_OUTER_BOUND ( 'NONE', #738, .T. ) ;
#3918 = ORIENTED_EDGE ( 'NONE', *, *, #9752, .F. ) ;
#3919 = ORIENTED_EDGE ( 'NONE', *, *, #2252, .F. ) ;
#3920 = PLANE ( 'NONE',  #11496 ) ;
#3921 = CARTESIAN_POINT ( 'NONE',  ( 25.75058638213731044, 3.000000000000000000, 2.020807613918483181 ) ) ;
#3922 = CARTESIAN_POINT ( 'NONE',  ( 6.512685266122531402, 3.000000000000000000, 4.285931310527210769 ) ) ;
#3923 = LINE ( 'NONE', #13482, #4832 ) ;
#3924 = VECTOR ( 'NONE', #1813, 1000.000000000000000 ) ;
#3925 = DIRECTION ( 'NONE',  ( -0.000000000000000000, 1.000000000000000000, -0.000000000000000000 ) ) ;
#3926 = DIRECTION ( 'NONE',  ( -0.1587285709353787599, 0.000000000000000000, -0.9873222578108995506 ) ) ;
#3927 = EDGE_CURVE ( 'NONE', #1285, #4685, #1433, .T. ) ;
#3928 = LINE ( 'NONE', #1808, #1864 ) ;
#3929 = ORIENTED_EDGE ( 'NONE', *, *, #5630, .T. ) ;
#3930 = VECTOR ( 'NONE', #4319, 1000.000000000000000 ) ;
#3931 = CARTESIAN_POINT ( 'NONE',  ( 2.711446077147747769, 2.700000000000000178, 9.226021939608552103 ) ) ;
#3932 = ORIENTED_EDGE ( 'NONE', *, *, #3035, .F. ) ;
#3933 = DIRECTION ( 'NONE',  ( 0.9846526313914953921, 0.000000000000000000, 0.1745256299051919646 ) ) ;
#3934 = FACE_OUTER_BOUND ( 'NONE', #3942, .T. ) ;
#3935 = CARTESIAN_POINT ( 'NONE',  ( -48.42654847386268102, 3.000000000000000000, 18.98695097391848208 ) ) ;
#3936 = EDGE_LOOP ( 'NONE', ( #8253, #9440, #1343, #1485 ) ) ;
#3937 = AXIS2_PLACEMENT_3D ( 'NONE', #10894, #3519, #6664 ) ;
#3938 = VECTOR ( 'NONE', #7402, 1000.000000000000227 ) ;
#3939 = CARTESIAN_POINT ( 'NONE',  ( 11.49947343733865068, 3.000000000000000000, -10.90693622026012832 ) ) ;
#3940 = CARTESIAN_POINT ( 'NONE',  ( 52.49999999999999289, 0.000000000000000000, -48.66999999999998749 ) ) ;
#3941 = DIRECTION ( 'NONE',  ( -0.9799092182948465624, 0.000000000000000000, -0.1994440370148543307 ) ) ;
#3942 = EDGE_LOOP ( 'NONE', ( #4114, #7159, #8783, #10662 ) ) ;
#3943 = VECTOR ( 'NONE', #11216, 999.9999999999998863 ) ;
#3944 = VECTOR ( 'NONE', #5093, 1000.000000000000000 ) ;
#3945 = VECTOR ( 'NONE', #11640, 999.9999999999998863 ) ;
#3946 = AXIS2_PLACEMENT_3D ( 'NONE', #11126, #807, #7163 ) ;
#3947 = VERTEX_POINT ( 'NONE', #10860 ) ;
#3948 = DIRECTION ( 'NONE',  ( -0.06377648243116726401, 0.000000000000000000, -0.9979642079196562321 ) ) ;
#3949 = DIRECTION ( 'NONE',  ( -1.000000000000000000, -0.000000000000000000, -0.000000000000000000 ) ) ;
#3950 = EDGE_CURVE ( 'NONE', #6452, #7020, #6758, .T. ) ;
#3951 = ORIENTED_EDGE ( 'NONE', *, *, #3249, .T. ) ;
#3952 = CARTESIAN_POINT ( 'NONE',  ( -50.47082988186267727, 2.700000000000000178, 15.01295130191848415 ) ) ;
#3953 = LINE ( 'NONE', #10233, #12724 ) ;
#3954 = ORIENTED_EDGE ( 'NONE', *, *, #3650, .T. ) ;
#3955 = DIRECTION ( 'NONE',  ( -0.9957356910248242876, 0.000000000000000000, 0.09225201146487578552 ) ) ;
#3956 = CARTESIAN_POINT ( 'NONE',  ( 49.60052903013730941, 2.700000000000000178, 8.380758317918479250 ) ) ;
#3957 = ADVANCED_FACE ( 'NONE', ( #3752 ), #9835, .T. ) ;
#3958 = AXIS2_PLACEMENT_3D ( 'NONE', #458, #2830, #3788 ) ;
#3959 = ORIENTED_EDGE ( 'NONE', *, *, #1401, .T. ) ;
#3960 = DIRECTION ( 'NONE',  ( -0.000000000000000000, 1.000000000000000000, -0.000000000000000000 ) ) ;
#3961 = CARTESIAN_POINT ( 'NONE',  ( 0.000000000000000000, 2.700000000000000178, 1.090463525918483834 ) ) ;
#3962 = ORIENTED_EDGE ( 'NONE', *, *, #9893, .F. ) ;
#3963 = VECTOR ( 'NONE', #9793, 1000.000000000000000 ) ;
#3964 = PLANE ( 'NONE',  #8631 ) ;
#3965 = EDGE_CURVE ( 'NONE', #10706, #3308, #10927, .T. ) ;
#3966 = EDGE_CURVE ( 'NONE', #4510, #10037, #7857, .T. ) ;
#3967 = ORIENTED_EDGE ( 'NONE', *, *, #9342, .F. ) ;
#3968 = VERTEX_POINT ( 'NONE', #9700 ) ;
#3969 = CARTESIAN_POINT ( 'NONE',  ( -20.18265576186266941, 2.700000000000000178, 10.36835098991848447 ) ) ;
#3970 = ORIENTED_EDGE ( 'NONE', *, *, #3844, .F. ) ;
#3971 = ADVANCED_FACE ( 'NONE', ( #2461 ), #13112, .T. ) ;
#3972 = PLANE ( 'NONE',  #7831 ) ;
#3973 = DIRECTION ( 'NONE',  ( 0.9966490741344999904, 0.000000000000000000, -0.08179622868350448772 ) ) ;
#3974 = CARTESIAN_POINT ( 'NONE',  ( -8.494440377862666480, 2.700000000000000178, 8.684835941918485958 ) ) ;
#3975 = EDGE_LOOP ( 'NONE', ( #13135, #10642, #11984, #2254 ) ) ;
#3976 = CARTESIAN_POINT ( 'NONE',  ( -13.12226043386267627, 2.700000000000000178, 15.17416713391848049 ) ) ;
#3977 = DIRECTION ( 'NONE',  ( -0.9041311938695204553, 0.000000000000000000, 0.4272549406058115395 ) ) ;
#3978 = VECTOR ( 'NONE', #9451, 999.9999999999998863 ) ;
#3979 = ORIENTED_EDGE ( 'NONE', *, *, #8230, .T. ) ;
#3980 = CARTESIAN_POINT ( 'NONE',  ( 50.10516670606293843, 2.700000000000000178, -4.557023231910982908 ) ) ;
#3981 = CARTESIAN_POINT ( 'NONE',  ( -3.282922624470749895, 2.700000000000000178, -7.898877197933832583 ) ) ;
#3982 = VERTEX_POINT ( 'NONE', #5738 ) ;
#3983 = VECTOR ( 'NONE', #13259, 1000.000000000000227 ) ;
#3984 = CARTESIAN_POINT ( 'NONE',  ( -14.49305576186267430, 3.000000000000000000, 9.655762117918479603 ) ) ;
#3985 = EDGE_CURVE ( 'NONE', #4464, #6933, #7927, .T. ) ;
#3986 = EDGE_CURVE ( 'NONE', #6055, #2769, #5804, .T. ) ;
#3987 = AXIS2_PLACEMENT_3D ( 'NONE', #7703, #3532, #9814 ) ;
#3988 = ORIENTED_EDGE ( 'NONE', *, *, #2114, .F. ) ;
#3989 = PERSON_AND_ORGANIZATION ( #7799, #1257 ) ;
#3990 = ORIENTED_EDGE ( 'NONE', *, *, #6445, .T. ) ;
#3991 = EDGE_CURVE ( 'NONE', #3361, #8342, #9971, .T. ) ;
#3992 = PLANE ( 'NONE',  #8937 ) ;
#3993 = AXIS2_PLACEMENT_3D ( 'NONE', #11839, #3571, #4666 ) ;
#3994 = VECTOR ( 'NONE', #9964, 1000.000000000000000 ) ;
#3995 = ORIENTED_EDGE ( 'NONE', *, *, #109, .F. ) ;
#3996 = ORIENTED_EDGE ( 'NONE', *, *, #6123, .F. ) ;
#3997 = FACE_OUTER_BOUND ( 'NONE', #9584, .T. ) ;
#3998 = DIRECTION ( 'NONE',  ( -0.8822466111022773116, 0.000000000000000000, 0.4707875499612824699 ) ) ;
#3999 = ADVANCED_FACE ( 'NONE', ( #3621 ), #3485, .T. ) ;
#4000 = CARTESIAN_POINT ( 'NONE',  ( 41.00304559013734007, 2.700000000000000178, 9.757438317918484927 ) ) ;
#4001 = LINE ( 'NONE', #7340, #682 ) ;
#4002 = CARTESIAN_POINT ( 'NONE',  ( 30.97972888680316217, 2.700000000000000178, 28.02844601145682191 ) ) ;
#4003 = VECTOR ( 'NONE', #10432, 1000.000000000000000 ) ;
#4004 = EDGE_CURVE ( 'NONE', #13261, #1913, #11892, .T. ) ;
#4005 = LINE ( 'NONE', #783, #1993 ) ;
#4006 = EDGE_CURVE ( 'NONE', #6766, #13171, #406, .T. ) ;
#4007 = LINE ( 'NONE', #2768, #12990 ) ;
#4008 = AXIS2_PLACEMENT_3D ( 'NONE', #7504, #11671, #12557 ) ;
#4009 = EDGE_LOOP ( 'NONE', ( #9446, #4257, #8592, #12764 ) ) ;
#4010 = VECTOR ( 'NONE', #13111, 1000.000000000000000 ) ;
#4011 = FACE_OUTER_BOUND ( 'NONE', #1976, .T. ) ;
#4012 = ORIENTED_EDGE ( 'NONE', *, *, #6556, .T. ) ;
#4013 = DIRECTION ( 'NONE',  ( -0.000000000000000000, 1.000000000000000000, -0.000000000000000000 ) ) ;
#4014 = EDGE_CURVE ( 'NONE', #9154, #7998, #4713, .T. ) ;
#4015 = VECTOR ( 'NONE', #222, 1000.000000000000000 ) ;
#4016 = CARTESIAN_POINT ( 'NONE',  ( 12.93624472613732301, 2.700000000000000178, 17.57629085391847923 ) ) ;
#4017 = DIRECTION ( 'NONE',  ( 0.3042957730105534941, 0.000000000000000000, 0.9525775992158905803 ) ) ;
#4018 = ORIENTED_EDGE ( 'NONE', *, *, #11261, .F. ) ;
#4019 = EDGE_CURVE ( 'NONE', #5096, #6247, #12978, .T. ) ;
#4020 = FACE_OUTER_BOUND ( 'NONE', #9986, .T. ) ;
#4021 = LINE ( 'NONE', #8182, #881 ) ;
#4022 = VECTOR ( 'NONE', #11275, 999.9999999999998863 ) ;
#4023 = LINE ( 'NONE', #11259, #11914 ) ;
#4024 = VECTOR ( 'NONE', #10993, 1000.000000000000000 ) ;
#4025 = ORIENTED_EDGE ( 'NONE', *, *, #4739, .T. ) ;
#4026 = ORIENTED_EDGE ( 'NONE', *, *, #12603, .F. ) ;
#4027 = DIRECTION ( 'NONE',  ( -0.8737799315618448581, 0.000000000000000000, -0.4863215306767507684 ) ) ;
#4029 = EDGE_CURVE ( 'NONE', #4732, #1070, #12841, .T. ) ;
#4028 = DIRECTION ( 'NONE',  ( 0.9936137372156853553, 0.000000000000000000, 0.1128350176863508886 ) ) ;
#4030 = ORIENTED_EDGE ( 'NONE', *, *, #10555, .F. ) ;
#4031 = CARTESIAN_POINT ( 'NONE',  ( -0.6097503618563409056, 2.700000000000000178, 6.873614063012352560 ) ) ;
#4032 = DIRECTION ( 'NONE',  ( 0.000000000000000000, 0.000000000000000000, -1.000000000000000000 ) ) ;
#4033 = ORIENTED_EDGE ( 'NONE', *, *, #9723, .F. ) ;
#4034 = LINE ( 'NONE', #5046, #6784 ) ;
#4035 = LINE ( 'NONE', #3956, #3145 ) ;
#4036 = ORIENTED_EDGE ( 'NONE', *, *, #3965, .F. ) ;
#4037 = DIRECTION ( 'NONE',  ( 0.5544331390885391952, 0.000000000000000000, 0.8322282705366530475 ) ) ;
#4038 = DIRECTION ( 'NONE',  ( 0.1745256299051919091, 0.000000000000000000, -0.9846526313914952810 ) ) ;
#4039 = ORIENTED_EDGE ( 'NONE', *, *, #9663, .F. ) ;
#4040 = LINE ( 'NONE', #12161, #7315 ) ;
#4041 = ORIENTED_EDGE ( 'NONE', *, *, #11009, .T. ) ;
#4042 = EDGE_LOOP ( 'NONE', ( #5409, #11623, #9162, #13424 ) ) ;
#4043 = EDGE_CURVE ( 'NONE', #2236, #1316, #8944, .T. ) ;
#4044 = DIRECTION ( 'NONE',  ( -0.3270941141397885610, 0.000000000000000000, 0.9449917674218685226 ) ) ;
#4045 = VERTEX_POINT ( 'NONE', #7650 ) ;
#4046 = CARTESIAN_POINT ( 'NONE',  ( -6.370061922254011577, 2.700000000000000178, -9.533536045873631792 ) ) ;
#4047 = LINE ( 'NONE', #758, #13324 ) ;
#4048 = CARTESIAN_POINT ( 'NONE',  ( 0.5513820526445052383, 3.000000000000000000, 12.79545718204851745 ) ) ;
#4049 = VERTEX_POINT ( 'NONE', #5603 ) ;
#4050 = CARTESIAN_POINT ( 'NONE',  ( 52.49999999999999289, 0.000000000000000000, -46.96999999999999176 ) ) ;
#4051 = CARTESIAN_POINT ( 'NONE',  ( 52.49999999999999289, 0.000000000000000000, -45.26999999999998892 ) ) ;
#4052 = VECTOR ( 'NONE', #8517, 1000.000000000000000 ) ;
#4053 = VERTEX_POINT ( 'NONE', #10790 ) ;
#4054 = DIRECTION ( 'NONE',  ( -0.000000000000000000, 1.000000000000000000, -0.000000000000000000 ) ) ;
#4055 = DIRECTION ( 'NONE',  ( -0.9977945707501258976, 0.000000000000000000, 0.06637766628597295548 ) ) ;
#4056 = ORIENTED_EDGE ( 'NONE', *, *, #11498, .T. ) ;
#4057 = CARTESIAN_POINT ( 'NONE',  ( -11.62411966586267553, 2.700000000000000178, 1.987003261918478536 ) ) ;
#4058 = EDGE_CURVE ( 'NONE', #8218, #7341, #4575, .T. ) ;
#4059 = VECTOR ( 'NONE', #10415, 1000.000000000000000 ) ;
#4060 = VERTEX_POINT ( 'NONE', #12159 ) ;
#4061 = VECTOR ( 'NONE', #12270, 1000.000000000000000 ) ;
#4062 = EDGE_LOOP ( 'NONE', ( #1917, #6135, #10845, #9242 ) ) ;
#4063 = CARTESIAN_POINT ( 'NONE',  ( 7.170477598423097731, 2.700000000000000178, 12.75836956040157233 ) ) ;
#4064 = EDGE_CURVE ( 'NONE', #5343, #3205, #4913, .T. ) ;
#4065 = VERTEX_POINT ( 'NONE', #10173 ) ;
#4066 = VERTEX_POINT ( 'NONE', #748 ) ;
#4067 = DIRECTION ( 'NONE',  ( 0.5555733586812491298, 0.000000000000000000, 0.8314675237937053653 ) ) ;
#4068 = CARTESIAN_POINT ( 'NONE',  ( 32.35497551013731510, 3.000000000000000000, 11.35720346991848295 ) ) ;
#4069 = CARTESIAN_POINT ( 'NONE',  ( 2.936666107178342422, 2.700000000000000178, 5.838370895270690752 ) ) ;
#4070 = LINE ( 'NONE', #6176, #12689 ) ;
#4071 = PLANE ( 'NONE',  #12886 ) ;
#4072 = CARTESIAN_POINT ( 'NONE',  ( 8.919218470137320054, 2.700000000000000178, -19.50482065808152043 ) ) ;
#4073 = EDGE_CURVE ( 'NONE', #4122, #2576, #6958, .T. ) ;
#4074 = VECTOR ( 'NONE', #120, 1000.000000000000000 ) ;
#4075 = ORIENTED_EDGE ( 'NONE', *, *, #594, .T. ) ;
#4076 = EDGE_CURVE ( 'NONE', #1973, #9253, #8261, .T. ) ;
#4077 = PLANE ( 'NONE',  #1519 ) ;
#4078 = EDGE_CURVE ( 'NONE', #12571, #9881, #10109, .T. ) ;
#4079 = ORIENTED_EDGE ( 'NONE', *, *, #10966, .T. ) ;
#4080 = DIRECTION ( 'NONE',  ( -0.7603145504814725619, 0.000000000000000000, 0.6495550664309811539 ) ) ;
#4081 = CARTESIAN_POINT ( 'NONE',  ( -52.49999999999902656, 0.000000000000000000, 48.67000000000000171 ) ) ;
#4082 = VERTEX_POINT ( 'NONE', #9220 ) ;
#4083 = LINE ( 'NONE', #8242, #12080 ) ;
#4084 = FACE_OUTER_BOUND ( 'NONE', #772, .T. ) ;
#4085 = CARTESIAN_POINT ( 'NONE',  ( 0.6293641860094075779, 2.700000000000000178, -3.092194566284870216 ) ) ;
#4086 = EDGE_CURVE ( 'NONE', #5886, #7357, #6007, .T. ) ;
#4087 = ORIENTED_EDGE ( 'NONE', *, *, #11976, .F. ) ;
#4088 = VERTEX_POINT ( 'NONE', #5121 ) ;
#4089 = EDGE_CURVE ( 'NONE', #1147, #4429, #6141, .T. ) ;
#4090 = PLANE ( 'NONE',  #9661 ) ;
#4091 = LINE ( 'NONE', #8252, #3565 ) ;
#4092 = VERTEX_POINT ( 'NONE', #3821 ) ;
#4093 = CARTESIAN_POINT ( 'NONE',  ( 8.592899590137328403, 3.000000000000000000, -0.000000000000000000 ) ) ;
#4094 = DIRECTION ( 'NONE',  ( 1.000000000000000000, 0.000000000000000000, 1.853337046983768581E-16 ) ) ;
#4095 = ORIENTED_EDGE ( 'NONE', *, *, #4337, .T. ) ;
#4096 = DIRECTION ( 'NONE',  ( 0.2131134059951636517, 0.000000000000000000, -0.9770274695141075716 ) ) ;
#4097 = CARTESIAN_POINT ( 'NONE',  ( -2.338871310655612934, 2.700000000000000178, 20.59586386831565363 ) ) ;
#4098 = VERTEX_POINT ( 'NONE', #8129 ) ;
#4099 = CARTESIAN_POINT ( 'NONE',  ( 0.000000000000000000, 2.700000000000000178, 1.080574797918485430 ) ) ;
#4100 = CARTESIAN_POINT ( 'NONE',  ( -12.05615944186266830, 2.700000000000000178, 9.728690597918481231 ) ) ;
#4101 = ORIENTED_EDGE ( 'NONE', *, *, #10098, .T. ) ;
#4102 = LINE ( 'NONE', #8264, #2085 ) ;
#4103 = VERTEX_POINT ( 'NONE', #1843 ) ;
#4104 = VECTOR ( 'NONE', #7191, 1000.000000000000000 ) ;
#4105 = AXIS2_PLACEMENT_3D ( 'NONE', #6716, #1600, #430 ) ;
#4106 = CARTESIAN_POINT ( 'NONE',  ( 31.88033079013731452, 2.700000000000000178, 10.36835302191848740 ) ) ;
#4107 = VERTEX_POINT ( 'NONE', #7991 ) ;
#4108 = DIRECTION ( 'NONE',  ( 1.000000000000000000, -0.000000000000000000, 0.000000000000000000 ) ) ;
#4109 = DIRECTION ( 'NONE',  ( -1.000000000000000000, 0.000000000000000000, 0.000000000000000000 ) ) ;
#4110 = LINE ( 'NONE', #4048, #8991 ) ;
#4111 = ORIENTED_EDGE ( 'NONE', *, *, #8001, .F. ) ;
#4112 = PLANE ( 'NONE',  #2631 ) ;
#4113 = DIRECTION ( 'NONE',  ( -0.9799092182948457852, 0.000000000000000000, -0.1994440370148581054 ) ) ;
#4114 = ORIENTED_EDGE ( 'NONE', *, *, #4292, .F. ) ;
#4115 = LINE ( 'NONE', #13407, #10549 ) ;
#4116 = LINE ( 'NONE', #11359, #13520 ) ;
#4117 = ORIENTED_EDGE ( 'NONE', *, *, #1812, .F. ) ;
#4118 = LINE ( 'NONE', #13410, #12610 ) ;
#4119 = ORIENTED_EDGE ( 'NONE', *, *, #6383, .F. ) ;
#4120 = ORIENTED_EDGE ( 'NONE', *, *, #6294, .F. ) ;
#4121 = LINE ( 'NONE', #3097, #12209 ) ;
#4122 = VERTEX_POINT ( 'NONE', #676 ) ;
#4123 = CARTESIAN_POINT ( 'NONE',  ( -33.40358639386267470, 2.700000000000000178, 0.000000000000000000 ) ) ;
#4124 = DIRECTION ( 'NONE',  ( 0.3837759022392077668, 0.000000000000000000, -0.9234262595683977448 ) ) ;
#4125 = FACE_OUTER_BOUND ( 'NONE', #11024, .T. ) ;
#4126 = EDGE_CURVE ( 'NONE', #8011, #7027, #13247, .T. ) ;
#4127 = LINE ( 'NONE', #8432, #6570 ) ;
#4128 = DIRECTION ( 'NONE',  ( -0.000000000000000000, 1.000000000000000000, -0.000000000000000000 ) ) ;
#4129 = DIRECTION ( 'NONE',  ( 0.8565467574900700320, 0.000000000000000000, -0.5160694257880883429 ) ) ;
#4130 = EDGE_CURVE ( 'NONE', #9091, #11512, #11206, .T. ) ;
#4131 = ORIENTED_EDGE ( 'NONE', *, *, #12674, .F. ) ;
#4132 = DIRECTION ( 'NONE',  ( 0.5937761020766295639, 0.000000000000000000, -0.8046303130026136730 ) ) ;
#4133 = AXIS2_PLACEMENT_3D ( 'NONE', #8871, #7777, #9960 ) ;
#4134 = VECTOR ( 'NONE', #5670, 1000.000000000000000 ) ;
#4135 = EDGE_CURVE ( 'NONE', #12236, #12911, #2793, .T. ) ;
#4136 = EDGE_CURVE ( 'NONE', #12162, #2956, #13313, .T. ) ;
#4137 = AXIS2_PLACEMENT_3D ( 'NONE', #1060, #5298, #9468 ) ;
#4138 = VERTEX_POINT ( 'NONE', #9291 ) ;
#4139 = DIRECTION ( 'NONE',  ( -0.000000000000000000, 1.000000000000000000, -0.000000000000000000 ) ) ;
#4140 = EDGE_LOOP ( 'NONE', ( #5338, #4624, #7323, #11191 ) ) ;
#4141 = AXIS2_PLACEMENT_3D ( 'NONE', #6968, #8137, #9090 ) ;
#4142 = CARTESIAN_POINT ( 'NONE',  ( -2.749224537862673401, 2.700000000000000178, 0.000000000000000000 ) ) ;
#4143 = VECTOR ( 'NONE', #12384, 1000.000000000000000 ) ;
#4144 = EDGE_CURVE ( 'NONE', #12414, #2731, #6075, .T. ) ;
#4145 = DIRECTION ( 'NONE',  ( 0.000000000000000000, 0.000000000000000000, -1.000000000000000000 ) ) ;
#4146 = ORIENTED_EDGE ( 'NONE', *, *, #501, .F. ) ;
#4147 = CARTESIAN_POINT ( 'NONE',  ( -27.28013000986267045, 3.000000000000000000, 2.128756597918481930 ) ) ;
#4148 = CARTESIAN_POINT ( 'NONE',  ( 1.159717918036234918, 3.000000000000000000, 5.542371487537336883 ) ) ;
#4149 = DIRECTION ( 'NONE',  ( -0.000000000000000000, 1.000000000000000000, -0.000000000000000000 ) ) ;
#4150 = VECTOR ( 'NONE', #1936, 1000.000000000000114 ) ;
#4151 = ORIENTED_EDGE ( 'NONE', *, *, #657, .T. ) ;
#4152 = ORIENTED_EDGE ( 'NONE', *, *, #4884, .F. ) ;
#4153 = DIRECTION ( 'NONE',  ( 1.000000000000000000, 0.000000000000000000, 0.000000000000000000 ) ) ;
#4154 = DIRECTION ( 'NONE',  ( -0.000000000000000000, 1.000000000000000000, -0.000000000000000000 ) ) ;
#4155 = VECTOR ( 'NONE', #2558, 1000.000000000000000 ) ;
#4156 = LINE ( 'NONE', #12489, #7771 ) ;
#4157 = CARTESIAN_POINT ( 'NONE',  ( -20.23585759824123897, 3.000000000000000000, 13.62291376719784708 ) ) ;
#4158 = ORIENTED_EDGE ( 'NONE', *, *, #5329, .F. ) ;
#4159 = CARTESIAN_POINT ( 'NONE',  ( 18.08707867344676501, 2.700000000000000178, -2.504674851390389811 ) ) ;
#4160 = DIRECTION ( 'NONE',  ( -0.000000000000000000, 1.000000000000000000, -0.000000000000000000 ) ) ;
#4161 = EDGE_CURVE ( 'NONE', #10090, #11866, #5865, .T. ) ;
#4162 = ORIENTED_EDGE ( 'NONE', *, *, #13151, .F. ) ;
#4163 = DIRECTION ( 'NONE',  ( 0.2115579632480343308, 0.000000000000000000, 0.9773654527280690729 ) ) ;
#4164 = DIRECTION ( 'NONE',  ( 0.1475491418635975216, 0.000000000000000000, 0.9890547258545990816 ) ) ;
#4165 = VERTEX_POINT ( 'NONE', #8056 ) ;
#4166 = DIRECTION ( 'NONE',  ( -0.000000000000000000, 1.000000000000000000, -0.000000000000000000 ) ) ;
#4167 = EDGE_CURVE ( 'NONE', #8115, #10683, #1908, .T. ) ;
#4168 = EDGE_CURVE ( 'NONE', #6671, #1092, #9013, .T. ) ;
#4169 = AXIS2_PLACEMENT_3D ( 'NONE', #3055, #9599, #3118 ) ;
#4170 = VECTOR ( 'NONE', #3679, 1000.000000000000000 ) ;
#4171 = ORIENTED_EDGE ( 'NONE', *, *, #10329, .F. ) ;
#4172 = LINE ( 'NONE', #13457, #13288 ) ;
#4173 = ORIENTED_EDGE ( 'NONE', *, *, #7554, .F. ) ;
#4174 = LINE ( 'NONE', #3146, #9135 ) ;
#4175 = EDGE_CURVE ( 'NONE', #6611, #10478, #878, .T. ) ;
#4176 = ORIENTED_EDGE ( 'NONE', *, *, #9209, .T. ) ;
#4177 = CARTESIAN_POINT ( 'NONE',  ( -50.53789502586267446, 3.000000000000000000, 3.809801749918482194 ) ) ;
#4178 = FACE_OUTER_BOUND ( 'NONE', #2091, .T. ) ;
#4179 = ORIENTED_EDGE ( 'NONE', *, *, #282, .F. ) ;
#4180 = FACE_OUTER_BOUND ( 'NONE', #12536, .T. ) ;
#4181 = LINE ( 'NONE', #8542, #1479 ) ;
#4182 = VECTOR ( 'NONE', #7231, 1000.000000000000114 ) ;
#4183 = ORIENTED_EDGE ( 'NONE', *, *, #569, .F. ) ;
#4184 = CARTESIAN_POINT ( 'NONE',  ( 52.87901369609370050, 2.700000000000000178, -0.1004458120859823139 ) ) ;
#4185 = CARTESIAN_POINT ( 'NONE',  ( 25.11376367813733879, 2.700000000000000178, -19.40113684208152023 ) ) ;
#4186 = ORIENTED_EDGE ( 'NONE', *, *, #12149, .F. ) ;
#4187 = EDGE_CURVE ( 'NONE', #13320, #9881, #8200, .T. ) ;
#4188 = DIRECTION ( 'NONE',  ( -1.000000000000000000, 0.000000000000000000, 0.000000000000000000 ) ) ;
#4189 = VECTOR ( 'NONE', #1188, 1000.000000000000114 ) ;
#4190 = ORIENTED_EDGE ( 'NONE', *, *, #8241, .T. ) ;
#4191 = AXIS2_PLACEMENT_3D ( 'NONE', #3634, #4589, #623 ) ;
#4192 = ORIENTED_EDGE ( 'NONE', *, *, #3741, .F. ) ;
#4193 = DIRECTION ( 'NONE',  ( -0.4918687269929568617, 0.000000000000000000, 0.8706693720387367330 ) ) ;
#4194 = ORIENTED_EDGE ( 'NONE', *, *, #115, .F. ) ;
#4195 = FACE_OUTER_BOUND ( 'NONE', #925, .T. ) ;
#4196 = LINE ( 'NONE', #1745, #6403 ) ;
#4197 = FACE_OUTER_BOUND ( 'NONE', #11514, .T. ) ;
#4198 = LINE ( 'NONE', #3102, #12470 ) ;
#4199 = DIRECTION ( 'NONE',  ( -0.000000000000000000, 1.000000000000000000, -0.000000000000000000 ) ) ;
#4200 = ORIENTED_EDGE ( 'NONE', *, *, #10555, .T. ) ;
#4201 = VERTEX_POINT ( 'NONE', #11341 ) ;
#4202 = PLANE ( 'NONE',  #11586 ) ;
#4203 = VECTOR ( 'NONE', #12315, 1000.000000000000000 ) ;
#4204 = ORIENTED_EDGE ( 'NONE', *, *, #2499, .F. ) ;
#4205 = CARTESIAN_POINT ( 'NONE',  ( -6.289306865862674734, 3.000000000000000000, 10.94683090991848218 ) ) ;
#4206 = ADVANCED_FACE ( 'NONE', ( #10311 ), #127, .T. ) ;
#4207 = ORIENTED_EDGE ( 'NONE', *, *, #6040, .F. ) ;
#4208 = VECTOR ( 'NONE', #1824, 1000.000000000000114 ) ;
#4209 = FACE_OUTER_BOUND ( 'NONE', #2263, .T. ) ;
#4210 = CARTESIAN_POINT ( 'NONE',  ( -42.24087123386266995, 2.700000000000000178, 18.98797713391848418 ) ) ;
#4211 = ORIENTED_EDGE ( 'NONE', *, *, #10599, .T. ) ;
#4212 = AXIS2_PLACEMENT_3D ( 'NONE', #2787, #1836, #4840 ) ;
#4213 = LINE ( 'NONE', #8376, #6194 ) ;
#4214 = CARTESIAN_POINT ( 'NONE',  ( 0.000000000000000000, 2.700000000000000178, 0.000000000000000000 ) ) ;
#4215 = DIRECTION ( 'NONE',  ( -0.000000000000000000, 1.000000000000000000, -0.000000000000000000 ) ) ;
#4216 = VECTOR ( 'NONE', #2354, 1000.000000000000114 ) ;
#4217 = ORIENTED_EDGE ( 'NONE', *, *, #2780, .F. ) ;
#4218 = AXIS2_PLACEMENT_3D ( 'NONE', #1488, #5659, #9823 ) ;
#4219 = ORIENTED_EDGE ( 'NONE', *, *, #3578, .T. ) ;
#4220 = CARTESIAN_POINT ( 'NONE',  ( 3.430862887065622591, 2.700000000000000178, -8.367519760571145326 ) ) ;
#4221 = CARTESIAN_POINT ( 'NONE',  ( -0.8902851335246252384, 2.700000000000000178, 9.891352399485723979 ) ) ;
#4222 = EDGE_CURVE ( 'NONE', #11747, #11262, #6477, .T. ) ;
#4223 = CARTESIAN_POINT ( 'NONE',  ( 0.000000000000000000, 2.700000000000000178, 20.48923905391848166 ) ) ;
#4224 = FACE_OUTER_BOUND ( 'NONE', #8180, .T. ) ;
#4225 = ORIENTED_EDGE ( 'NONE', *, *, #8185, .T. ) ;
#4227 = LINE ( 'NONE', #4608, #3087 ) ;
#4226 = AXIS2_PLACEMENT_3D ( 'NONE', #8897, #1716, #5821 ) ;
#4228 = DIRECTION ( 'NONE',  ( -0.000000000000000000, 1.000000000000000000, -0.000000000000000000 ) ) ;
#4229 = EDGE_CURVE ( 'NONE', #11964, #2714, #1018, .T. ) ;
#4230 = EDGE_LOOP ( 'NONE', ( #3762, #11585, #11078, #9539 ) ) ;
#4231 = DIRECTION ( 'NONE',  ( -0.9957356910248242876, 0.000000000000000000, -0.09225201146487578552 ) ) ;
#4232 = DIRECTION ( 'NONE',  ( -1.000000000000000000, 0.000000000000000000, -0.000000000000000000 ) ) ;
#4233 = ORIENTED_EDGE ( 'NONE', *, *, #10692, .F. ) ;
#4234 = DIRECTION ( 'NONE',  ( 0.6846322631128488601, 0.000000000000000000, 0.7288886501414183483 ) ) ;
#4235 = EDGE_CURVE ( 'NONE', #7258, #5216, #3270, .T. ) ;
#4236 = ORIENTED_EDGE ( 'NONE', *, *, #7043, .T. ) ;
#4237 = CARTESIAN_POINT ( 'NONE',  ( -33.40358639386267470, 2.700000000000000178, 3.809801749918482194 ) ) ;
#4238 = ORIENTED_EDGE ( 'NONE', *, *, #7491, .F. ) ;
#4239 = EDGE_CURVE ( 'NONE', #5892, #9325, #8463, .T. ) ;
#4240 = VECTOR ( 'NONE', #1170, 1000.000000000000000 ) ;
#4241 = CARTESIAN_POINT ( 'NONE',  ( 50.22000000000002728, 0.000000000000000000, -38.03000000000000824 ) ) ;
#4242 = EDGE_CURVE ( 'NONE', #11231, #6404, #2109, .T. ) ;
#4243 = ORIENTED_EDGE ( 'NONE', *, *, #6181, .F. ) ;
#4244 = DIRECTION ( 'NONE',  ( 0.9963459802029173140, 0.000000000000000000, 0.08540894410708980977 ) ) ;
#4245 = PLANE ( 'NONE',  #7474 ) ;
#4246 = ORIENTED_EDGE ( 'NONE', *, *, #3793, .F. ) ;
#4247 = FACE_OUTER_BOUND ( 'NONE', #11677, .T. ) ;
#4248 = CARTESIAN_POINT ( 'NONE',  ( 9.031399462680019141, 2.700000000000000178, -6.234598256673582917 ) ) ;
#4249 = EDGE_CURVE ( 'NONE', #12132, #1422, #9420, .T. ) ;
#4250 = VERTEX_POINT ( 'NONE', #9615 ) ;
#4251 = DIRECTION ( 'NONE',  ( 0.9313481964236184352, 0.000000000000000000, -0.3641298353863262616 ) ) ;
#4252 = CARTESIAN_POINT ( 'NONE',  ( 0.1482019154677256534, 2.700000000000000178, -0.7984290252236840857 ) ) ;
#4253 = VERTEX_POINT ( 'NONE', #1219 ) ;
#4254 = VERTEX_POINT ( 'NONE', #4428 ) ;
#4255 = EDGE_LOOP ( 'NONE', ( #2220, #6171, #7175, #4507 ) ) ;
#4256 = ADVANCED_FACE ( 'NONE', ( #2048 ), #10513, .T. ) ;
#4257 = ORIENTED_EDGE ( 'NONE', *, *, #328, .F. ) ;
#4258 = CARTESIAN_POINT ( 'NONE',  ( 14.61303446980013909, 2.700000000000000178, 24.31634073214110003 ) ) ;
#4259 = LINE ( 'NONE', #9710, #281 ) ;
#4260 = LINE ( 'NONE', #290, #7470 ) ;
#4261 = DIRECTION ( 'NONE',  ( -0.9449917674218686336, 0.000000000000000000, -0.3270941141397886165 ) ) ;
#4262 = ADVANCED_FACE ( 'NONE', ( #12566 ), #1279, .F. ) ;
#4263 = CARTESIAN_POINT ( 'NONE',  ( 25.89777735013731430, 2.700000000000000178, 0.000000000000000000 ) ) ;
#4264 = CARTESIAN_POINT ( 'NONE',  ( -27.77950010586266671, 2.700000000000000178, 5.589733165918477908 ) ) ;
#4265 = CARTESIAN_POINT ( 'NONE',  ( 0.000000000000000000, 2.700000000000000178, 2.128756597918481930 ) ) ;
#4266 = ORIENTED_EDGE ( 'NONE', *, *, #11258, .F. ) ;
#4267 = ORIENTED_EDGE ( 'NONE', *, *, #2134, .F. ) ;
#4268 = AXIS2_PLACEMENT_3D ( 'NONE', #10355, #2331, #1364 ) ;
#4269 = VECTOR ( 'NONE', #996, 1000.000000000000000 ) ;
#4270 = ORIENTED_EDGE ( 'NONE', *, *, #8097, .T. ) ;
#4271 = CARTESIAN_POINT ( 'NONE',  ( 2.709916333629006857, 2.700000000000000178, 17.38577194776224744 ) ) ;
#4272 = AXIS2_PLACEMENT_3D ( 'NONE', #5171, #1065, #4344 ) ;
#4273 = ORIENTED_EDGE ( 'NONE', *, *, #11304, .F. ) ;
#4274 = DIRECTION ( 'NONE',  ( 0.000000000000000000, 0.000000000000000000, 1.000000000000000000 ) ) ;
#4275 = DIRECTION ( 'NONE',  ( 0.000000000000000000, 0.000000000000000000, -1.000000000000000000 ) ) ;
#4276 = PLANE ( 'NONE',  #6819 ) ;
#4277 = ORIENTED_EDGE ( 'NONE', *, *, #4363, .T. ) ;
#4278 = LINE ( 'NONE', #11861, #7276 ) ;
#4279 = CARTESIAN_POINT ( 'NONE',  ( -49.80314008186266506, 2.700000000000000178, 17.54851950991848497 ) ) ;
#4280 = PLANE ( 'NONE',  #3181 ) ;
#4281 = VECTOR ( 'NONE', #3527, 1000.000000000000114 ) ;
#4282 = VERTEX_POINT ( 'NONE', #7440 ) ;
#4283 = ORIENTED_EDGE ( 'NONE', *, *, #5769, .F. ) ;
#4284 = ORIENTED_EDGE ( 'NONE', *, *, #8040, .T. ) ;
#4285 = DIRECTION ( 'NONE',  ( 0.9938837125343852330, 0.000000000000000000, -0.1104317253277669608 ) ) ;
#4286 = DIRECTION ( 'NONE',  ( -0.000000000000000000, 1.000000000000000000, -0.000000000000000000 ) ) ;
#4287 = CARTESIAN_POINT ( 'NONE',  ( -27.77950010586266671, 2.700000000000000178, 9.901122053918482990 ) ) ;
#4288 = DIRECTION ( 'NONE',  ( -0.8298422876552158378, 0.000000000000000000, -0.5579980086157637631 ) ) ;
#4289 = ORIENTED_EDGE ( 'NONE', *, *, #2200, .T. ) ;
#4290 = CARTESIAN_POINT ( 'NONE',  ( -0.2422507359929093329, 3.000000000000000000, 1.476116608608563530 ) ) ;
#4291 = LINE ( 'NONE', #6341, #11878 ) ;
#4292 = EDGE_CURVE ( 'NONE', #2956, #2454, #4358, .T. ) ;
#4293 = ORIENTED_EDGE ( 'NONE', *, *, #9417, .T. ) ;
#4294 = DIRECTION ( 'NONE',  ( 0.01008096314144695492, 0.000000000000000000, 0.9999491858000288946 ) ) ;
#4295 = DIRECTION ( 'NONE',  ( 0.9616126141846673692, 0.000000000000000000, -0.2744106051903428267 ) ) ;
#4296 = ORIENTED_EDGE ( 'NONE', *, *, #4415, .T. ) ;
#4297 = EDGE_CURVE ( 'NONE', #4911, #5597, #11609, .T. ) ;
#4298 = VECTOR ( 'NONE', #9099, 1000.000000000000000 ) ;
#4299 = CARTESIAN_POINT ( 'NONE',  ( 26.28096175013732605, 3.000000000000000000, 2.128756597918481930 ) ) ;
#4300 = ORIENTED_EDGE ( 'NONE', *, *, #8864, .T. ) ;
#4301 = EDGE_CURVE ( 'NONE', #6328, #606, #7570, .T. ) ;
#4302 = DIRECTION ( 'NONE',  ( 0.000000000000000000, 1.000000000000000000, -0.000000000000000000 ) ) ;
#4303 = ORIENTED_EDGE ( 'NONE', *, *, #12087, .T. ) ;
#4304 = LINE ( 'NONE', #8470, #12192 ) ;
#4305 = AXIS2_PLACEMENT_3D ( 'NONE', #4031, #6066, #6000 ) ;
#4306 = ORIENTED_EDGE ( 'NONE', *, *, #6049, .F. ) ;
#4307 = PLANE ( 'NONE',  #10280 ) ;
#4308 = PLANE ( 'NONE',  #263 ) ;
#4309 = EDGE_LOOP ( 'NONE', ( #9330, #13187, #8240, #7680 ) ) ;
#4310 = DIRECTION ( 'NONE',  ( 0.5645847261759647795, 0.000000000000000000, -0.8253751189421757450 ) ) ;
#4311 = FACE_OUTER_BOUND ( 'NONE', #5987, .T. ) ;
#4312 = ORIENTED_EDGE ( 'NONE', *, *, #1119, .T. ) ;
#4313 = FACE_OUTER_BOUND ( 'NONE', #10448, .T. ) ;
#4314 = LINE ( 'NONE', #9568, #633 ) ;
#4315 = ORIENTED_EDGE ( 'NONE', *, *, #6747, .T. ) ;
#4316 = ORIENTED_EDGE ( 'NONE', *, *, #8263, .T. ) ;
#4317 = VERTEX_POINT ( 'NONE', #59 ) ;
#4318 = VERTEX_POINT ( 'NONE', #12768 ) ;
#4319 = DIRECTION ( 'NONE',  ( 0.000000000000000000, 0.000000000000000000, -1.000000000000000000 ) ) ;
#4320 = DIRECTION ( 'NONE',  ( 0.8272219695820420826, 0.000000000000000000, -0.5618752646636148151 ) ) ;
#4321 = CARTESIAN_POINT ( 'NONE',  ( -9.291805423092201366, 2.700000000000000178, 9.114417903098679830 ) ) ;
#4322 = EDGE_CURVE ( 'NONE', #8450, #1159, #10379, .T. ) ;
#4323 = LINE ( 'NONE', #352, #3357 ) ;
#4324 = CARTESIAN_POINT ( 'NONE',  ( 25.31763220613731491, 2.700000000000000178, 1.728197581918481163 ) ) ;
#4325 = LINE ( 'NONE', #10810, #7222 ) ;
#4326 = DIRECTION ( 'NONE',  ( 0.5679554957705916785, 0.000000000000000000, -0.8230592656813854324 ) ) ;
#4327 = ORIENTED_EDGE ( 'NONE', *, *, #2966, .T. ) ;
#4328 = EDGE_CURVE ( 'NONE', #2367, #12475, #5187, .T. ) ;
#4329 = EDGE_LOOP ( 'NONE', ( #9214, #9353, #8514, #13174 ) ) ;
#4330 = ADVANCED_FACE ( 'NONE', ( #7370 ), #2311, .T. ) ;
#4331 = EDGE_CURVE ( 'NONE', #3470, #12934, #8329, .T. ) ;
#4332 = ORIENTED_EDGE ( 'NONE', *, *, #6747, .F. ) ;
#4333 = DIRECTION ( 'NONE',  ( -0.8285237802757255965, 0.000000000000000000, -0.5599538780271292593 ) ) ;
#4334 = VERTEX_POINT ( 'NONE', #12497 ) ;
#4335 = CARTESIAN_POINT ( 'NONE',  ( -0.6097503618563409056, 2.700000000000000178, 6.873614063012352560 ) ) ;
#4336 = DIRECTION ( 'NONE',  ( -0.5942572416434550586, 0.000000000000000000, 0.8042750342726748825 ) ) ;
#4337 = EDGE_CURVE ( 'NONE', #3287, #9051, #7306, .T. ) ;
#4338 = CARTESIAN_POINT ( 'NONE',  ( -13.12226043386267627, 3.000000000000000000, 15.17416713391848049 ) ) ;
#4339 = VECTOR ( 'NONE', #9624, 1000.000000000000000 ) ;
#4340 = EDGE_LOOP ( 'NONE', ( #7637, #10733, #2601, #2523 ) ) ;
#4341 = EDGE_CURVE ( 'NONE', #3399, #12007, #7839, .T. ) ;
#4342 = LINE ( 'NONE', #3117, #9222 ) ;
#4343 = LINE ( 'NONE', #8511, #10479 ) ;
#4344 = DIRECTION ( 'NONE',  ( -0.8069181407908987413, 0.000000000000000000, 0.5906632831508651371 ) ) ;
#4345 = VERTEX_POINT ( 'NONE', #388 ) ;
#4346 = EDGE_LOOP ( 'NONE', ( #8466, #4207, #3315, #7280 ) ) ;
#4347 = VECTOR ( 'NONE', #12919, 1000.000000000000114 ) ;
#4348 = VECTOR ( 'NONE', #10240, 999.9999999999998863 ) ;
#4349 = EDGE_LOOP ( 'NONE', ( #2283, #5748, #10771, #3151 ) ) ;
#4350 = PLANE ( 'NONE',  #5568 ) ;
#4351 = CARTESIAN_POINT ( 'NONE',  ( 60.00000000000002842, 3.000000000000000000, -50.99999999999999289 ) ) ;
#4352 = CARTESIAN_POINT ( 'NONE',  ( 0.000000000000000000, 2.700000000000000178, 20.48923905391848166 ) ) ;
#4353 = LINE ( 'NONE', #8455, #931 ) ;
#4354 = EDGE_LOOP ( 'NONE', ( #966, #11635, #6586, #4972 ) ) ;
#4355 = DIRECTION ( 'NONE',  ( -0.3826848932556902172, 0.000000000000000000, 0.9238789273892338283 ) ) ;
#4356 = EDGE_LOOP ( 'NONE', ( #3012, #7235, #3912, #5768 ) ) ;
#4357 = CARTESIAN_POINT ( 'NONE',  ( -59.99999999999998579, 3.000000000000000000, 50.99999999999997868 ) ) ;
#4358 = LINE ( 'NONE', #8527, #1319 ) ;
#4359 = AXIS2_PLACEMENT_3D ( 'NONE', #3245, #11513, #4333 ) ;
#4360 = ORIENTED_EDGE ( 'NONE', *, *, #3241, .F. ) ;
#4361 = PLANE ( 'NONE',  #10586 ) ;
#4362 = EDGE_LOOP ( 'NONE', ( #13428, #1601, #754, #12541 ) ) ;
#4363 = EDGE_CURVE ( 'NONE', #7573, #12667, #12003, .T. ) ;
#4364 = ORIENTED_EDGE ( 'NONE', *, *, #3737, .T. ) ;
#4365 = EDGE_CURVE ( 'NONE', #4250, #8655, #5650, .T. ) ;
#4366 = LINE ( 'NONE', #11619, #10226 ) ;
#4367 = ORIENTED_EDGE ( 'NONE', *, *, #12009, .T. ) ;
#4368 = CARTESIAN_POINT ( 'NONE',  ( 12.60268583013733057, 3.000000000000000000, 12.39302562991848156 ) ) ;
#4369 = CARTESIAN_POINT ( 'NONE',  ( 23.92613028617670778, 3.000000000000000000, 5.178987427499118112 ) ) ;
#4370 = ORIENTED_EDGE ( 'NONE', *, *, #12474, .F. ) ;
#4371 = LINE ( 'NONE', #8541, #11588 ) ;
#4372 = PLANE ( 'NONE',  #9533 ) ;
#4373 = ORIENTED_EDGE ( 'NONE', *, *, #8062, .F. ) ;
#4374 = DIRECTION ( 'NONE',  ( -0.000000000000000000, 1.000000000000000000, -0.000000000000000000 ) ) ;
#4375 = DIRECTION ( 'NONE',  ( 0.9832059221644678937, 0.000000000000000000, 0.1824996290974810753 ) ) ;
#4376 = ORIENTED_EDGE ( 'NONE', *, *, #6594, .F. ) ;
#4377 = VECTOR ( 'NONE', #2369, 999.9999999999998863 ) ;
#4378 = VECTOR ( 'NONE', #3815, 1000.000000000000000 ) ;
#4379 = ORIENTED_EDGE ( 'NONE', *, *, #6375, .F. ) ;
#4380 = EDGE_CURVE ( 'NONE', #7533, #4757, #8727, .T. ) ;
#4381 = ORIENTED_EDGE ( 'NONE', *, *, #1742, .T. ) ;
#4382 = AXIS2_PLACEMENT_3D ( 'NONE', #2676, #6845, #5062 ) ;
#4383 = VERTEX_POINT ( 'NONE', #9815 ) ;
#4384 = VECTOR ( 'NONE', #7140, 1000.000000000000227 ) ;
#4385 = LINE ( 'NONE', #6568, #12218 ) ;
#4387 = AXIS2_PLACEMENT_3D ( 'NONE', #6927, #4680, #4740 ) ;
#4386 = CARTESIAN_POINT ( 'NONE',  ( -3.282922624470749895, 3.000000000000000000, -7.898877197933832583 ) ) ;
#4388 = CARTESIAN_POINT ( 'NONE',  ( 52.50000000000095923, 3.000000000000000000, 45.27000000000000313 ) ) ;
#4389 = DIRECTION ( 'NONE',  ( 0.000000000000000000, 1.000000000000000000, -0.000000000000000000 ) ) ;
#4390 = LINE ( 'NONE', #7668, #5685 ) ;
#4391 = EDGE_CURVE ( 'NONE', #10934, #5113, #5788, .T. ) ;
#4392 = CARTESIAN_POINT ( 'NONE',  ( -46.65029700986266903, 3.000000000000000000, 20.72791066191848230 ) ) ;
#4393 = CARTESIAN_POINT ( 'NONE',  ( 13.43084775013732468, 2.700000000000000178, 18.31871151791848362 ) ) ;
#4394 = VERTEX_POINT ( 'NONE', #10980 ) ;
#4395 = VECTOR ( 'NONE', #10278, 1000.000000000000114 ) ;
#4396 = EDGE_CURVE ( 'NONE', #2184, #9279, #5721, .T. ) ;
#4397 = ORIENTED_EDGE ( 'NONE', *, *, #6741, .T. ) ;
#4398 = VECTOR ( 'NONE', #3841, 1000.000000000000000 ) ;
#4399 = EDGE_CURVE ( 'NONE', #9253, #4732, #2646, .T. ) ;
#4400 = ORIENTED_EDGE ( 'NONE', *, *, #8548, .T. ) ;
#4401 = CARTESIAN_POINT ( 'NONE',  ( -15.67102851386268547, 3.000000000000000000, 17.47324610191847682 ) ) ;
#4402 = VERTEX_POINT ( 'NONE', #460 ) ;
#4403 = FACE_OUTER_BOUND ( 'NONE', #4062, .T. ) ;
#4404 = CARTESIAN_POINT ( 'NONE',  ( 20.15009263013732621, 2.700000000000000178, 16.74891125391848234 ) ) ;
#4405 = EDGE_CURVE ( 'NONE', #2513, #7045, #3465, .T. ) ;
#4407 = EDGE_LOOP ( 'NONE', ( #3008, #2284, #1704, #9150 ) ) ;
#4406 = EDGE_CURVE ( 'NONE', #136, #8484, #8657, .T. ) ;
#4408 = CARTESIAN_POINT ( 'NONE',  ( -10.60563452986267308, 2.700000000000000178, 8.380763397918485680 ) ) ;
#4409 = DIRECTION ( 'NONE',  ( -0.7360834251059450439, 0.000000000000000000, -0.6768908267101132470 ) ) ;
#4410 = CARTESIAN_POINT ( 'NONE',  ( 14.22934247013731657, 2.700000000000000178, 8.791135957918481125 ) ) ;
#4411 = VECTOR ( 'NONE', #13192, 1000.000000000000114 ) ;
#4412 = EDGE_LOOP ( 'NONE', ( #9946, #10946, #5458, #5080 ) ) ;
#4413 = ORIENTED_EDGE ( 'NONE', *, *, #7750, .F. ) ;
#4414 = CIRCLE ( 'NONE', #2700, 1.700000000000000178 ) ;
#4415 = EDGE_CURVE ( 'NONE', #5762, #12139, #10844, .T. ) ;
#4416 = EDGE_LOOP ( 'NONE', ( #10552, #10416, #7648, #2322 ) ) ;
#4417 = CARTESIAN_POINT ( 'NONE',  ( -49.84999999999996589, 0.000000000000000000, -30.13000000000000966 ) ) ;
#4418 = LINE ( 'NONE', #9676, #6837 ) ;
#4419 = EDGE_CURVE ( 'NONE', #9563, #2819, #8928, .T. ) ;
#4420 = AXIS2_PLACEMENT_3D ( 'NONE', #5616, #4860, #9856 ) ;
#4421 = AXIS2_PLACEMENT_3D ( 'NONE', #3196, #7700, #12959 ) ;
#4422 = DIRECTION ( 'NONE',  ( 0.3565883230318260266, 0.000000000000000000, -0.9342616163994699185 ) ) ;
#4423 = CARTESIAN_POINT ( 'NONE',  ( 10.15622508140338809, 2.700000000000000178, -11.16358892411691528 ) ) ;
#4424 = ORIENTED_EDGE ( 'NONE', *, *, #313, .F. ) ;
#4425 = PLANE ( 'NONE',  #2000 ) ;
#4426 = ORIENTED_EDGE ( 'NONE', *, *, #7478, .T. ) ;
#4427 = CARTESIAN_POINT ( 'NONE',  ( -28.60766100986268512, 2.700000000000000178, 19.77232202191848032 ) ) ;
#4428 = CARTESIAN_POINT ( 'NONE',  ( -17.42623658586267155, 2.700000000000000178, 8.403010749918479405 ) ) ;
#4429 = VERTEX_POINT ( 'NONE', #9956 ) ;
#4430 = AXIS2_PLACEMENT_3D ( 'NONE', #10162, #7732, #1832 ) ;
#4431 = LINE ( 'NONE', #7372, #1420 ) ;
#4432 = VERTEX_POINT ( 'NONE', #7773 ) ;
#4433 = AXIS2_PLACEMENT_3D ( 'NONE', #654, #2077, #9950 ) ;
#4434 = ADVANCED_FACE ( 'NONE', ( #6539 ), #12827, .T. ) ;
#4435 = VERTEX_POINT ( 'NONE', #13028 ) ;
#4436 = AXIS2_PLACEMENT_3D ( 'NONE', #10531, #10789, #1298 ) ;
#4437 = CARTESIAN_POINT ( 'NONE',  ( 12.86009216470917593, 2.700000000000000178, -5.299001481153521986 ) ) ;
#4438 = ORIENTED_EDGE ( 'NONE', *, *, #6485, .T. ) ;
#4439 = PLANE ( 'NONE',  #4454 ) ;
#4440 = CARTESIAN_POINT ( 'NONE',  ( 32.34507967013731644, 2.700000000000000178, 1.599721333918479704 ) ) ;
#4441 = VERTEX_POINT ( 'NONE', #10708 ) ;
#4442 = CARTESIAN_POINT ( 'NONE',  ( 58.00000000000002132, 3.000000000000000000, 50.99999999999999289 ) ) ;
#4443 = DIRECTION ( 'NONE',  ( 0.5681063008746259912, 0.000000000000000000, 0.8229551815904369017 ) ) ;
#4444 = ORIENTED_EDGE ( 'NONE', *, *, #5549, .T. ) ;
#4445 = PLANE ( 'NONE',  #11647 ) ;
#4446 = CARTESIAN_POINT ( 'NONE',  ( 24.66171175013732508, 3.000000000000000000, 0.000000000000000000 ) ) ;
#4447 = ORIENTED_EDGE ( 'NONE', *, *, #7826, .F. ) ;
#4448 = CARTESIAN_POINT ( 'NONE',  ( -45.34642966586267931, 2.700000000000000178, 19.57949639791848639 ) ) ;
#4449 = VECTOR ( 'NONE', #7217, 1000.000000000000114 ) ;
#4450 = ADVANCED_FACE ( 'NONE', ( #7633 ), #1345, .T. ) ;
#4451 = ORIENTED_EDGE ( 'NONE', *, *, #7826, .T. ) ;
#4452 = ORIENTED_EDGE ( 'NONE', *, *, #7962, .T. ) ;
#4453 = AXIS2_PLACEMENT_3D ( 'NONE', #12782, #143, #1097 ) ;
#4454 = AXIS2_PLACEMENT_3D ( 'NONE', #7248, #11420, #11751 ) ;
#4455 = LINE ( 'NONE', #6566, #9794 ) ;
#4456 = ORIENTED_EDGE ( 'NONE', *, *, #11655, .F. ) ;
#4457 = PLANE ( 'NONE',  #7179 ) ;
#4458 = DIRECTION ( 'NONE',  ( 0.9863246135902002942, 0.000000000000000000, 0.1648143095308841621 ) ) ;
#4459 = DIRECTION ( 'NONE',  ( -0.3758148874564750663, 0.000000000000000000, 0.9266947557670093261 ) ) ;
#4460 = PLANE ( 'NONE',  #9895 ) ;
#4461 = CARTESIAN_POINT ( 'NONE',  ( -27.81050537786267540, 2.700000000000000178, 2.020807613918482293 ) ) ;
#4462 = LINE ( 'NONE', #10546, #7893 ) ;
#4463 = PLANE ( 'NONE',  #1554 ) ;
#4464 = VERTEX_POINT ( 'NONE', #9685 ) ;
#4465 = EDGE_CURVE ( 'NONE', #3210, #10201, #7704, .T. ) ;
#4466 = ORIENTED_EDGE ( 'NONE', *, *, #4898, .F. ) ;
#4467 = ADVANCED_FACE ( 'NONE', ( #5587 ), #9750, .T. ) ;
#4468 = EDGE_CURVE ( 'NONE', #7858, #13367, #11876, .T. ) ;
#4469 = VERTEX_POINT ( 'NONE', #9063 ) ;
#4470 = CARTESIAN_POINT ( 'NONE',  ( 1.714280502630695979, 2.700000000000000178, 4.628849061165564827 ) ) ;
#4471 = ORIENTED_EDGE ( 'NONE', *, *, #5755, .F. ) ;
#4472 = DIRECTION ( 'NONE',  ( -0.9911500883394482875, 0.000000000000000000, -0.1327460070386448365 ) ) ;
#4473 = DIRECTION ( 'NONE',  ( -1.000000000000000000, 0.000000000000000000, 0.000000000000000000 ) ) ;
#4474 = ORIENTED_EDGE ( 'NONE', *, *, #11082, .F. ) ;
#4475 = VECTOR ( 'NONE', #9730, 1000.000000000000114 ) ;
#4476 = LINE ( 'NONE', #6323, #5944 ) ;
#4477 = PLANE ( 'NONE',  #1543 ) ;
#4478 = DIRECTION ( 'NONE',  ( -0.000000000000000000, 1.000000000000000000, -0.000000000000000000 ) ) ;
#4479 = EDGE_CURVE ( 'NONE', #8935, #5096, #13371, .T. ) ;
#4480 = VECTOR ( 'NONE', #3756, 1000.000000000000114 ) ;
#4481 = VERTEX_POINT ( 'NONE', #1890 ) ;
#4482 = VECTOR ( 'NONE', #245, 1000.000000000000000 ) ;
#4483 = ADVANCED_FACE ( 'NONE', ( #5851 ), #2778, .F. ) ;
#4484 = ORIENTED_EDGE ( 'NONE', *, *, #11320, .T. ) ;
#4485 = CARTESIAN_POINT ( 'NONE',  ( -3.771682995856654674, 2.700000000000000178, 4.086028046304394756 ) ) ;
#4486 = LINE ( 'NONE', #3457, #938 ) ;
#4487 = LINE ( 'NONE', #11736, #11267 ) ;
#4488 = DIRECTION ( 'NONE',  ( -0.000000000000000000, 1.000000000000000000, -0.000000000000000000 ) ) ;
#4489 = ORIENTED_EDGE ( 'NONE', *, *, #13506, .T. ) ;
#4490 = DIRECTION ( 'NONE',  ( -0.000000000000000000, 1.000000000000000000, -0.000000000000000000 ) ) ;
#4491 = ORIENTED_EDGE ( 'NONE', *, *, #8830, .T. ) ;
#4492 = DIRECTION ( 'NONE',  ( 0.9964895797033226366, 0.000000000000000000, -0.08371688923207347421 ) ) ;
#4493 = DIRECTION ( 'NONE',  ( -0.000000000000000000, 1.000000000000000000, -0.000000000000000000 ) ) ;
#4494 = ORIENTED_EDGE ( 'NONE', *, *, #5572, .F. ) ;
#4495 = EDGE_CURVE ( 'NONE', #6394, #8450, #9275, .T. ) ;
#4496 = DIRECTION ( 'NONE',  ( -0.000000000000000000, 1.000000000000000000, -0.000000000000000000 ) ) ;
#4497 = EDGE_LOOP ( 'NONE', ( #4651, #7936, #4524, #12163 ) ) ;
#4498 = EDGE_CURVE ( 'NONE', #1457, #13320, #12141, .T. ) ;
#4499 = CARTESIAN_POINT ( 'NONE',  ( 45.56849239013732955, 2.700000000000000178, 11.90354426191848169 ) ) ;
#4500 = ORIENTED_EDGE ( 'NONE', *, *, #9270, .T. ) ;
#4501 = CARTESIAN_POINT ( 'NONE',  ( 10.01355750868639660, 2.700000000000000178, -0.7167958447352242857 ) ) ;
#4502 = CARTESIAN_POINT ( 'NONE',  ( 10.21258333814187758, 2.700000000000000178, -24.40843853283439913 ) ) ;
#4503 = VERTEX_POINT ( 'NONE', #8993 ) ;
#4504 = CARTESIAN_POINT ( 'NONE',  ( -40.23145894586267701, 2.700000000000000178, 15.00871254991848147 ) ) ;
#4505 = FACE_OUTER_BOUND ( 'NONE', #9890, .T. ) ;
#4506 = VECTOR ( 'NONE', #13140, 1000.000000000000000 ) ;
#4507 = ORIENTED_EDGE ( 'NONE', *, *, #11448, .T. ) ;
#4508 = DIRECTION ( 'NONE',  ( -0.5618752646636147041, 0.000000000000000000, -0.8272219695820419716 ) ) ;
#4509 = DIRECTION ( 'NONE',  ( -0.8672230934154047111, 0.000000000000000000, -0.4979197789273047681 ) ) ;
#4510 = VERTEX_POINT ( 'NONE', #3940 ) ;
#4511 = DIRECTION ( 'NONE',  ( -0.9799440330790400999, 0.000000000000000000, 0.1992729084265720541 ) ) ;
#4512 = ORIENTED_EDGE ( 'NONE', *, *, #3126, .F. ) ;
#4513 = ORIENTED_EDGE ( 'NONE', *, *, #12602, .F. ) ;
#4514 = DIRECTION ( 'NONE',  ( 0.9934094000795794521, 0.000000000000000000, 0.1146200847737000039 ) ) ;
#4515 = VERTEX_POINT ( 'NONE', #11187 ) ;
#4516 = DIRECTION ( 'NONE',  ( 0.3904133835278656428, 0.000000000000000000, -0.9206396634744365981 ) ) ;
#4517 = CARTESIAN_POINT ( 'NONE',  ( -14.35189678586267625, 2.700000000000000178, 16.68292205391848526 ) ) ;
#4518 = LINE ( 'NONE', #3496, #6371 ) ;
#4519 = CARTESIAN_POINT ( 'NONE',  ( 24.91882071013731803, 3.000000000000000000, 0.7641426139184834820 ) ) ;
#4520 = CARTESIAN_POINT ( 'NONE',  ( 0.000000000000000000, 2.700000000000000178, -19.50482573808151088 ) ) ;
#4521 = CARTESIAN_POINT ( 'NONE',  ( -14.09133748986267420, 2.700000000000000178, 11.68599630991847960 ) ) ;
#4522 = LINE ( 'NONE', #12932, #3739 ) ;
#4523 = DIRECTION ( 'NONE',  ( -1.000000000000000000, 0.000000000000000000, 0.000000000000000000 ) ) ;
#4524 = ORIENTED_EDGE ( 'NONE', *, *, #9104, .T. ) ;
#4525 = DIRECTION ( 'NONE',  ( 0.000000000000000000, 0.000000000000000000, -1.000000000000000000 ) ) ;
#4526 = CARTESIAN_POINT ( 'NONE',  ( -41.49238504986267628, 2.700000000000000178, 18.41018098191848296 ) ) ;
#4527 = ORIENTED_EDGE ( 'NONE', *, *, #4836, .T. ) ;
#4528 = VECTOR ( 'NONE', #11989, 1000.000000000000000 ) ;
#4529 = VECTOR ( 'NONE', #2552, 1000.000000000000227 ) ;
#4530 = CARTESIAN_POINT ( 'NONE',  ( -29.66699758629827954, 2.700000000000000178, 14.23142695513418232 ) ) ;
#4531 = EDGE_CURVE ( 'NONE', #1431, #870, #2923, .T. ) ;
#4532 = ORIENTED_EDGE ( 'NONE', *, *, #11924, .F. ) ;
#4533 = CARTESIAN_POINT ( 'NONE',  ( -13.10249008986266794, 2.700000000000000178, 10.11619604591848365 ) ) ;
#4534 = EDGE_CURVE ( 'NONE', #11866, #3982, #9202, .T. ) ;
#4535 = LINE ( 'NONE', #5564, #4475 ) ;
#4536 = CARTESIAN_POINT ( 'NONE',  ( -12.00698910586267054, 2.700000000000000178, -4.272990314081513752 ) ) ;
#4537 = CARTESIAN_POINT ( 'NONE',  ( -20.18265576186266941, 3.000000000000000000, 10.36835098991848447 ) ) ;
#4538 = EDGE_CURVE ( 'NONE', #11753, #942, #933, .T. ) ;
#4539 = CARTESIAN_POINT ( 'NONE',  ( -7.285572081862667915, 2.700000000000000178, 13.19399532591848079 ) ) ;
#4540 = LINE ( 'NONE', #3591, #1107 ) ;
#4541 = EDGE_CURVE ( 'NONE', #2385, #1743, #12073, .T. ) ;
#4542 = LINE ( 'NONE', #8709, #7545 ) ;
#4543 = ORIENTED_EDGE ( 'NONE', *, *, #2877, .F. ) ;
#4544 = DIRECTION ( 'NONE',  ( 0.5590308792946586669, 0.000000000000000000, 0.8291468362087868194 ) ) ;
#4545 = EDGE_CURVE ( 'NONE', #7286, #9221, #1682, .T. ) ;
#4546 = ORIENTED_EDGE ( 'NONE', *, *, #12281, .F. ) ;
#4547 = VECTOR ( 'NONE', #3630, 1000.000000000000114 ) ;
#4548 = DIRECTION ( 'NONE',  ( -0.7364117514812725807, 0.000000000000000000, 0.6765336150408820526 ) ) ;
#4549 = CARTESIAN_POINT ( 'NONE',  ( 18.72973885413733797, 2.700000000000000178, 18.86798042191847102 ) ) ;
#4550 = CARTESIAN_POINT ( 'NONE',  ( 49.60052903013730941, 3.000000000000000000, 8.380758317918479250 ) ) ;
#4551 = FACE_OUTER_BOUND ( 'NONE', #4042, .T. ) ;
#4552 = ORIENTED_EDGE ( 'NONE', *, *, #3125, .F. ) ;
#4553 = CARTESIAN_POINT ( 'NONE',  ( 0.000000000000000000, 2.700000000000000178, 14.41275234991848464 ) ) ;
#4554 = ORIENTED_EDGE ( 'NONE', *, *, #3803, .T. ) ;
#4555 = CARTESIAN_POINT ( 'NONE',  ( 23.79712801293755930, 2.700000000000000178, -4.798569887916297461 ) ) ;
#4556 = CARTESIAN_POINT ( 'NONE',  ( -8.247109401862662281, 2.700000000000000178, 10.17944610991848187 ) ) ;
#4557 = ORIENTED_EDGE ( 'NONE', *, *, #7165, .F. ) ;
#4558 = FACE_OUTER_BOUND ( 'NONE', #7518, .T. ) ;
#4559 = VECTOR ( 'NONE', #11283, 1000.000000000000000 ) ;
#4560 = VECTOR ( 'NONE', #4773, 1000.000000000000114 ) ;
#4561 = ORIENTED_EDGE ( 'NONE', *, *, #8173, .F. ) ;
#4562 = EDGE_CURVE ( 'NONE', #4995, #12290, #8113, .T. ) ;
#4563 = DIRECTION ( 'NONE',  ( 1.000000000000000000, 0.000000000000000000, 0.000000000000000000 ) ) ;
#4564 = EDGE_CURVE ( 'NONE', #3722, #1356, #11257, .T. ) ;
#4565 = EDGE_LOOP ( 'NONE', ( #8437, #9990, #4327, #11212 ) ) ;
#4566 = CARTESIAN_POINT ( 'NONE',  ( 17.59041162432085414, 2.700000000000000178, 27.76389902148883948 ) ) ;
#4567 = CARTESIAN_POINT ( 'NONE',  ( 27.08826956808585251, 2.700000000000000178, 24.40970231099450416 ) ) ;
#4568 = ORIENTED_EDGE ( 'NONE', *, *, #1559, .T. ) ;
#4569 = DIRECTION ( 'NONE',  ( 1.000000000000000000, 0.000000000000000000, 0.000000000000000000 ) ) ;
#4570 = LINE ( 'NONE', #8813, #2274 ) ;
#4571 = VECTOR ( 'NONE', #8078, 1000.000000000000114 ) ;
#4572 = EDGE_CURVE ( 'NONE', #5967, #10511, #10222, .T. ) ;
#4573 = ORIENTED_EDGE ( 'NONE', *, *, #12912, .T. ) ;
#4574 = CARTESIAN_POINT ( 'NONE',  ( -22.90693885786266648, 2.700000000000000178, 0.000000000000000000 ) ) ;
#4575 = LINE ( 'NONE', #2868, #3693 ) ;
#4576 = ORIENTED_EDGE ( 'NONE', *, *, #9800, .T. ) ;
#4577 = EDGE_CURVE ( 'NONE', #8127, #2182, #860, .T. ) ;
#4578 = PLANE ( 'NONE',  #10380 ) ;
#4579 = ORIENTED_EDGE ( 'NONE', *, *, #5414, .F. ) ;
#4580 = VECTOR ( 'NONE', #8488, 1000.000000000000114 ) ;
#4581 = ORIENTED_EDGE ( 'NONE', *, *, #5979, .F. ) ;
#4582 = CARTESIAN_POINT ( 'NONE',  ( 21.32434479013733863, 2.700000000000000178, 17.19883872591848117 ) ) ;
#4583 = EDGE_LOOP ( 'NONE', ( #529, #5456, #9560, #8308 ) ) ;
#4584 = EDGE_CURVE ( 'NONE', #5197, #9570, #11113, .T. ) ;
#4585 = LINE ( 'NONE', #9980, #3900 ) ;
#4586 = LINE ( 'NONE', #8757, #5733 ) ;
#4587 = DIRECTION ( 'NONE',  ( 0.9964895797033226366, 0.000000000000000000, -0.08371688923207347421 ) ) ;
#4588 = DIRECTION ( 'NONE',  ( 0.3826848932557266880, 0.000000000000000000, -0.9238789273892186182 ) ) ;
#4589 = DIRECTION ( 'NONE',  ( 1.000000000000000000, 0.000000000000000000, 0.000000000000000000 ) ) ;
#4590 = DIRECTION ( 'NONE',  ( 0.000000000000000000, 0.000000000000000000, 1.000000000000000000 ) ) ;
#4591 = VECTOR ( 'NONE', #1134, 999.9999999999998863 ) ;
#4592 = ADVANCED_FACE ( 'NONE', ( #7976 ), #5105, .T. ) ;
#4593 = AXIS2_PLACEMENT_3D ( 'NONE', #4263, #3303, #7602 ) ;
#4594 = DIRECTION ( 'NONE',  ( 0.4412377587568093174, 0.000000000000000000, 0.8973902385513605751 ) ) ;
#4595 = CARTESIAN_POINT ( 'NONE',  ( -3.747957617862667234, 2.700000000000000178, 0.000000000000000000 ) ) ;
#4596 = DIRECTION ( 'NONE',  ( 0.9947643450217273919, 0.000000000000000000, -0.1021953906665737238 ) ) ;
#4597 = EDGE_LOOP ( 'NONE', ( #4771, #12357, #8357, #1297 ) ) ;
#4598 = ORIENTED_EDGE ( 'NONE', *, *, #3916, .F. ) ;
#4599 = VECTOR ( 'NONE', #12788, 1000.000000000000000 ) ;
#4600 = AXIS2_PLACEMENT_3D ( 'NONE', #5156, #13281, #13213 ) ;
#4601 = VECTOR ( 'NONE', #7646, 1000.000000000000000 ) ;
#4602 =( LENGTH_UNIT ( ) NAMED_UNIT ( * ) SI_UNIT ( .MILLI., .METRE. ) );
#4603 = VERTEX_POINT ( 'NONE', #4830 ) ;
#4604 = DIRECTION ( 'NONE',  ( -0.8602552328567079076, 0.000000000000000000, -0.5098636428915590546 ) ) ;
#4605 = VERTEX_POINT ( 'NONE', #4896 ) ;
#4606 = PLANE ( 'NONE',  #2766 ) ;
#4607 = DIRECTION ( 'NONE',  ( 0.9569817088502330371, 0.000000000000000000, -0.2901482533569481048 ) ) ;
#4608 = CARTESIAN_POINT ( 'NONE',  ( -33.40358639386267470, 2.700000000000000178, 0.000000000000000000 ) ) ;
#4609 = DIRECTION ( 'NONE',  ( -0.5957077070093441673, 0.000000000000000000, 0.8032012996812624150 ) ) ;
#4610 = AXIS2_PLACEMENT_3D ( 'NONE', #5702, #9869, #9414 ) ;
#4611 = DIRECTION ( 'NONE',  ( 0.3826787200924755550, 0.000000000000000000, 0.9238814843844338487 ) ) ;
#4612 = DIRECTION ( 'NONE',  ( 0.6768908267101132470, 0.000000000000000000, -0.7360834251059450439 ) ) ;
#4613 = CARTESIAN_POINT ( 'NONE',  ( -15.02734809455473552, 3.000000000000000000, 26.14510424875141226 ) ) ;
#4614 = EDGE_CURVE ( 'NONE', #850, #12439, #4021, .T. ) ;
#4615 = EDGE_CURVE ( 'NONE', #5725, #7211, #2990, .T. ) ;
#4616 = ORIENTED_EDGE ( 'NONE', *, *, #12230, .T. ) ;
#4617 = LINE ( 'NONE', #5639, #10890 ) ;
#4618 = EDGE_LOOP ( 'NONE', ( #6216, #9031, #7705, #11221 ) ) ;
#4619 = DIRECTION ( 'NONE',  ( -0.000000000000000000, 0.000000000000000000, 1.000000000000000000 ) ) ;
#4620 = DIRECTION ( 'NONE',  ( -0.8285237802757255965, 0.000000000000000000, -0.5599538780271292593 ) ) ;
#4621 = VECTOR ( 'NONE', #1652, 1000.000000000000114 ) ;
#4622 = DIRECTION ( 'NONE',  ( 0.9313481964236184352, 0.000000000000000000, -0.3641298353863262616 ) ) ;
#4623 = CARTESIAN_POINT ( 'NONE',  ( 41.97154759013730541, 2.700000000000000178, 9.599522453918481801 ) ) ;
#4624 = ORIENTED_EDGE ( 'NONE', *, *, #13146, .F. ) ;
#4625 = CARTESIAN_POINT ( 'NONE',  ( 15.53142876613732071, 2.700000000000000178, 19.50203655791848334 ) ) ;
#4626 = AXIS2_PLACEMENT_3D ( 'NONE', #759, #7180, #6150 ) ;
#4627 = CARTESIAN_POINT ( 'NONE',  ( -51.77395757786267438, 3.000000000000000000, 13.49806583791848347 ) ) ;
#4628 = CARTESIAN_POINT ( 'NONE',  ( -13.67518084186266947, 2.700000000000000178, 15.56016178991848165 ) ) ;
#4629 = EDGE_LOOP ( 'NONE', ( #10134, #10174, #6179, #4200 ) ) ;
#4630 = DIRECTION ( 'NONE',  ( -0.5633443111791331948, 0.000000000000000000, 0.8262222383003908766 ) ) ;
#4631 = EDGE_CURVE ( 'NONE', #13061, #10357, #10156, .T. ) ;
#4632 = ORIENTED_EDGE ( 'NONE', *, *, #6507, .F. ) ;
#4633 = VECTOR ( 'NONE', #8374, 1000.000000000000000 ) ;
#4634 = VECTOR ( 'NONE', #3234, 1000.000000000000000 ) ;
#4635 = ADVANCED_FACE ( 'NONE', ( #4084 ), #12549, .F. ) ;
#4636 = DIRECTION ( 'NONE',  ( -0.7393017768804096557, 0.000000000000000000, -0.6733742515878290424 ) ) ;
#4637 = ORIENTED_EDGE ( 'NONE', *, *, #4990, .T. ) ;
#4638 = LINE ( 'NONE', #7849, #12538 ) ;
#4639 = LINE ( 'NONE', #8668, #2896 ) ;
#4640 = ORIENTED_EDGE ( 'NONE', *, *, #13397, .F. ) ;
#4642 = CARTESIAN_POINT ( 'NONE',  ( -9.688479137862662682, 2.700000000000000178, 20.43485155791848129 ) ) ;
#4641 = VECTOR ( 'NONE', #5611, 1000.000000000000000 ) ;
#4643 = CARTESIAN_POINT ( 'NONE',  ( -27.08730438586267653, 2.700000000000000178, 1.078102869918488915 ) ) ;
#4644 = ORIENTED_EDGE ( 'NONE', *, *, #8303, .F. ) ;
#4645 = CARTESIAN_POINT ( 'NONE',  ( -28.93892679386267375, 2.700000000000000178, 18.66975374191848402 ) ) ;
#4646 = DIRECTION ( 'NONE',  ( -0.5603453801135055423, 0.000000000000000000, 0.8282590506510936201 ) ) ;
#4647 = ORIENTED_EDGE ( 'NONE', *, *, #502, .F. ) ;
#4648 = ADVANCED_FACE ( 'NONE', ( #12481 ), #11458, .T. ) ;
#4649 = LINE ( 'NONE', #4777, #2960 ) ;
#4650 = VECTOR ( 'NONE', #4893, 1000.000000000000000 ) ;
#4651 = ORIENTED_EDGE ( 'NONE', *, *, #11009, .F. ) ;
#4652 = AXIS2_PLACEMENT_3D ( 'NONE', #12650, #10596, #7990 ) ;
#4653 = ORIENTED_EDGE ( 'NONE', *, *, #9189, .T. ) ;
#4654 = EDGE_CURVE ( 'NONE', #6919, #11231, #7355, .T. ) ;
#4655 = ADVANCED_FACE ( 'NONE', ( #2096 ), #5435, .T. ) ;
#4656 = FACE_BOUND ( 'NONE', #6499, .T. ) ;
#4657 = ORIENTED_EDGE ( 'NONE', *, *, #3809, .T. ) ;
#4658 = EDGE_CURVE ( 'NONE', #2302, #8929, #11521, .T. ) ;
#4659 = DIRECTION ( 'NONE',  ( -0.9959703591651434262, 0.000000000000000000, 0.08968301770377254400 ) ) ;
#4660 = DIRECTION ( 'NONE',  ( 0.9802222406570885171, 0.000000000000000000, -0.1978998709479038720 ) ) ;
#4661 = VECTOR ( 'NONE', #2362, 1000.000000000000000 ) ;
#4662 = CARTESIAN_POINT ( 'NONE',  ( 3.055331798137324029, 2.700000000000000178, -19.50482573808151088 ) ) ;
#4663 = DIRECTION ( 'NONE',  ( 0.000000000000000000, 0.000000000000000000, -1.000000000000000000 ) ) ;
#4664 = CARTESIAN_POINT ( 'NONE',  ( -0.6434463940264369963, 2.700000000000000178, -0.5214178414425246766 ) ) ;
#4665 = CARTESIAN_POINT ( 'NONE',  ( -59.99999999999998579, 0.000000000000000000, 25.54999999999999005 ) ) ;
#4666 = DIRECTION ( 'NONE',  ( -0.7980651437868606646, 0.000000000000000000, -0.6025711794240223851 ) ) ;
#4667 = DIRECTION ( 'NONE',  ( 0.7353668658178810213, 0.000000000000000000, 0.6776692206801091523 ) ) ;
#4668 = CARTESIAN_POINT ( 'NONE',  ( -26.58299043386267613, 2.700000000000000178, 20.65734336591847864 ) ) ;
#4669 = ORIENTED_EDGE ( 'NONE', *, *, #3786, .F. ) ;
#4670 = VECTOR ( 'NONE', #4163, 1000.000000000000000 ) ;
#4671 = PLANE ( 'NONE',  #174 ) ;
#4672 = EDGE_CURVE ( 'NONE', #2769, #12424, #3318, .T. ) ;
#4673 = DIRECTION ( 'NONE',  ( -0.000000000000000000, 0.000000000000000000, -1.000000000000000000 ) ) ;
#4674 = ORIENTED_EDGE ( 'NONE', *, *, #482, .F. ) ;
#4675 = EDGE_CURVE ( 'NONE', #7566, #12157, #5234, .T. ) ;
#4676 = CARTESIAN_POINT ( 'NONE',  ( 20.88791995813732427, 3.000000000000000000, 10.94068207791848479 ) ) ;
#4677 = ORIENTED_EDGE ( 'NONE', *, *, #4534, .F. ) ;
#4678 = DIRECTION ( 'NONE',  ( 0.000000000000000000, 0.000000000000000000, -1.000000000000000000 ) ) ;
#4679 = FACE_OUTER_BOUND ( 'NONE', #774, .T. ) ;
#4680 = DIRECTION ( 'NONE',  ( -0.2048101421235895281, 0.000000000000000000, -0.9788017192891086404 ) ) ;
#4681 = DIRECTION ( 'NONE',  ( -0.8069181407908987413, 0.000000000000000000, 0.5906632831508651371 ) ) ;
#4682 = FACE_OUTER_BOUND ( 'NONE', #12607, .T. ) ;
#4683 = DIRECTION ( 'NONE',  ( 0.000000000000000000, 0.000000000000000000, -1.000000000000000000 ) ) ;
#4684 = FACE_OUTER_BOUND ( 'NONE', #3154, .T. ) ;
#4685 = VERTEX_POINT ( 'NONE', #1064 ) ;
#4686 = LINE ( 'NONE', #8857, #6959 ) ;
#4687 = EDGE_LOOP ( 'NONE', ( #7542, #481, #662, #3291 ) ) ;
#4688 = CARTESIAN_POINT ( 'NONE',  ( -31.12999999999996348, 0.000000000000000000, -38.03000000000000824 ) ) ;
#4689 = DIRECTION ( 'NONE',  ( 0.9616126141846673692, 0.000000000000000000, -0.2744106051903427712 ) ) ;
#4690 = VECTOR ( 'NONE', #6318, 999.9999999999998863 ) ;
#4691 = DIRECTION ( 'NONE',  ( -0.5933273495373726503, 0.000000000000000000, -0.8049612762679684286 ) ) ;
#4692 = DIRECTION ( 'NONE',  ( 0.9141451399298767821, 0.000000000000000000, -0.4053870534965144379 ) ) ;
#4693 = ORIENTED_EDGE ( 'NONE', *, *, #10663, .T. ) ;
#4694 = DIRECTION ( 'NONE',  ( 0.000000000000000000, 0.000000000000000000, 1.000000000000000000 ) ) ;
#4695 = DIRECTION ( 'NONE',  ( 0.07087289490145044779, 0.000000000000000000, 0.9974853546635598089 ) ) ;
#4696 = ORIENTED_EDGE ( 'NONE', *, *, #3482, .F. ) ;
#4697 = CARTESIAN_POINT ( 'NONE',  ( -8.996287481862665913, 3.000000000000000000, 18.88977260591848051 ) ) ;
#4698 = CIRCLE ( 'NONE', #5143, 1.700000000000000178 ) ;
#4699 = VECTOR ( 'NONE', #4478, 1000.000000000000000 ) ;
#4700 = ORIENTED_EDGE ( 'NONE', *, *, #7210, .T. ) ;
#4701 = FACE_OUTER_BOUND ( 'NONE', #8195, .T. ) ;
#4702 = ADVANCED_FACE ( 'NONE', ( #2296 ), #9471, .T. ) ;
#4703 = VECTOR ( 'NONE', #4149, 1000.000000000000000 ) ;
#4704 = ORIENTED_EDGE ( 'NONE', *, *, #1059, .F. ) ;
#4705 = PLANE ( 'NONE',  #238 ) ;
#4706 = LINE ( 'NONE', #2657, #1366 ) ;
#4707 = VERTEX_POINT ( 'NONE', #1265 ) ;
#4708 = CARTESIAN_POINT ( 'NONE',  ( -14.23147030586267903, 2.700000000000000178, 18.27789676591848433 ) ) ;
#4709 = PLANE ( 'NONE',  #305 ) ;
#4710 = EDGE_CURVE ( 'NONE', #1955, #1243, #12412, .T. ) ;
#4711 = ORIENTED_EDGE ( 'NONE', *, *, #5667, .T. ) ;
#4712 = PLANE ( 'NONE',  #1606 ) ;
#4713 = LINE ( 'NONE', #8675, #855 ) ;
#4714 = ORIENTED_EDGE ( 'NONE', *, *, #9155, .F. ) ;
#4715 = CARTESIAN_POINT ( 'NONE',  ( 20.15009263013732621, 2.700000000000000178, 12.39302562991848333 ) ) ;
#4716 = ADVANCED_FACE ( 'NONE', ( #6261 ), #44, .T. ) ;
#4717 = ORIENTED_EDGE ( 'NONE', *, *, #1904, .T. ) ;
#4718 = VECTOR ( 'NONE', #7699, 1000.000000000000000 ) ;
#4719 = VERTEX_POINT ( 'NONE', #2029 ) ;
#4720 = LINE ( 'NONE', #3561, #8057 ) ;
#4721 = VERTEX_POINT ( 'NONE', #6193 ) ;
#4722 = LINE ( 'NONE', #5679, #5219 ) ;
#4723 = DIRECTION ( 'NONE',  ( -0.4216106287909834882, 0.000000000000000000, 0.9067769724085804617 ) ) ;
#4724 = CARTESIAN_POINT ( 'NONE',  ( 20.25886559013731159, 2.700000000000000178, 19.15676318191848537 ) ) ;
#4725 = DIRECTION ( 'NONE',  ( 1.000000000000000000, 0.000000000000000000, 0.000000000000000000 ) ) ;
#4726 = FACE_OUTER_BOUND ( 'NONE', #3202, .T. ) ;
#4727 = PLANE ( 'NONE',  #7755 ) ;
#4728 = DIRECTION ( 'NONE',  ( -0.8973902385513605751, 0.000000000000000000, 0.4412377587568093174 ) ) ;
#4729 = ORIENTED_EDGE ( 'NONE', *, *, #4739, .F. ) ;
#4730 = PLANE ( 'NONE',  #6400 ) ;
#4731 = CARTESIAN_POINT ( 'NONE',  ( 25.85095499013732478, 3.000000000000000000, -18.66395061008152112 ) ) ;
#4732 = VERTEX_POINT ( 'NONE', #10425 ) ;
#4733 = LINE ( 'NONE', #5958, #7590 ) ;
#4734 = EDGE_LOOP ( 'NONE', ( #12368, #11050, #6681, #3848 ) ) ;
#4735 = CARTESIAN_POINT ( 'NONE',  ( -21.67087528986267841, 2.700000000000000178, 10.31396654191848228 ) ) ;
#4736 = ORIENTED_EDGE ( 'NONE', *, *, #6071, .T. ) ;
#4737 = LINE ( 'NONE', #7684, #9225 ) ;
#4738 = FACE_OUTER_BOUND ( 'NONE', #1898, .T. ) ;
#4739 = EDGE_CURVE ( 'NONE', #7606, #13348, #10364, .T. ) ;
#4740 = DIRECTION ( 'NONE',  ( -0.9788017192891086404, 0.000000000000000000, 0.2048101421235895281 ) ) ;
#4741 = LINE ( 'NONE', #8912, #2205 ) ;
#4742 = EDGE_CURVE ( 'NONE', #3361, #10374, #12615, .T. ) ;
#4743 = CARTESIAN_POINT ( 'NONE',  ( -12.14824155386267535, 2.700000000000000178, 2.128756597918481930 ) ) ;
#4744 = ADVANCED_FACE ( 'NONE', ( #5170 ), #11590, .T. ) ;
#4745 = DIRECTION ( 'NONE',  ( -0.000000000000000000, 1.000000000000000000, -0.000000000000000000 ) ) ;
#4746 = VECTOR ( 'NONE', #6725, 1000.000000000000000 ) ;
#4747 = VECTOR ( 'NONE', #13160, 1000.000000000000000 ) ;
#4748 = VERTEX_POINT ( 'NONE', #6397 ) ;
#4749 = CARTESIAN_POINT ( 'NONE',  ( 3.755248102137313193, 2.700000000000000178, -18.76688665008150991 ) ) ;
#4750 = EDGE_CURVE ( 'NONE', #4432, #8218, #1202, .T. ) ;
#4751 = ORIENTED_EDGE ( 'NONE', *, *, #7896, .F. ) ;
#4752 = DIRECTION ( 'NONE',  ( -0.000000000000000000, 0.000000000000000000, 1.000000000000000000 ) ) ;
#4753 = EDGE_CURVE ( 'NONE', #6779, #2788, #4343, .T. ) ;
#4754 = CARTESIAN_POINT ( 'NONE',  ( -40.88297808986267512, 2.700000000000000178, 17.53786979791847855 ) ) ;
#4755 = CARTESIAN_POINT ( 'NONE',  ( 26.28096175013732605, 2.700000000000000178, 2.128756597918481930 ) ) ;
#4756 = LINE ( 'NONE', #6675, #5512 ) ;
#4757 = VERTEX_POINT ( 'NONE', #7617 ) ;
#4758 = ADVANCED_FACE ( 'NONE', ( #5502 ), #1466, .T. ) ;
#4759 = DIRECTION ( 'NONE',  ( 0.1104317253277669608, 0.000000000000000000, 0.9938837125343853440 ) ) ;
#4760 = DIRECTION ( 'NONE',  ( 0.7400606767618260751, 0.000000000000000000, -0.6725401063957657799 ) ) ;
#4761 = ORIENTED_EDGE ( 'NONE', *, *, #6166, .T. ) ;
#4762 = LINE ( 'NONE', #8930, #128 ) ;
#4763 = ORIENTED_EDGE ( 'NONE', *, *, #5460, .F. ) ;
#4764 = DIRECTION ( 'NONE',  ( -0.000000000000000000, -1.000000000000000000, -0.000000000000000000 ) ) ;
#4765 = ORIENTED_EDGE ( 'NONE', *, *, #6231, .F. ) ;
#4766 = FACE_OUTER_BOUND ( 'NONE', #5674, .T. ) ;
#4767 = DIRECTION ( 'NONE',  ( -0.9980128220225691349, 0.000000000000000000, 0.06301116630048836376 ) ) ;
#4768 = ORIENTED_EDGE ( 'NONE', *, *, #4058, .T. ) ;
#4769 = LINE ( 'NONE', #9903, #6118 ) ;
#4770 = DIRECTION ( 'NONE',  ( -0.8283250196573385127, 0.000000000000000000, 0.5602478574788749555 ) ) ;
#4771 = ORIENTED_EDGE ( 'NONE', *, *, #13178, .F. ) ;
#4772 = CARTESIAN_POINT ( 'NONE',  ( 6.868772047858149321, 2.700000000000000178, -1.218706808437931555 ) ) ;
#4773 = DIRECTION ( 'NONE',  ( -0.5957077070093441673, 0.000000000000000000, 0.8032012996812624150 ) ) ;
#4774 = VECTOR ( 'NONE', #8604, 1000.000000000000000 ) ;
#4775 = EDGE_LOOP ( 'NONE', ( #7817, #11949, #11738, #1349 ) ) ;
#4776 = VECTOR ( 'NONE', #9083, 1000.000000000000000 ) ;
#4777 = CARTESIAN_POINT ( 'NONE',  ( -0.5697894050561553847, 2.700000000000000178, 10.16156899197526542 ) ) ;
#4778 = ORIENTED_EDGE ( 'NONE', *, *, #8497, .F. ) ;
#4779 = VECTOR ( 'NONE', #6938, 1000.000000000000000 ) ;
#4780 = ORIENTED_EDGE ( 'NONE', *, *, #1989, .F. ) ;
#4781 = ADVANCED_FACE ( 'NONE', ( #5570 ), #9872, .T. ) ;
#4782 = FACE_OUTER_BOUND ( 'NONE', #8478, .T. ) ;
#4783 = ORIENTED_EDGE ( 'NONE', *, *, #3898, .T. ) ;
#4784 = AXIS2_PLACEMENT_3D ( 'NONE', #65, #5126, #1161 ) ;
#4785 = AXIS2_PLACEMENT_3D ( 'NONE', #4794, #2547, #7672 ) ;
#4786 = DIRECTION ( 'NONE',  ( -0.4983194247650259978, 0.000000000000000000, 0.8669935126065555497 ) ) ;
#4787 = DIRECTION ( 'NONE',  ( -0.000000000000000000, 1.000000000000000000, -0.000000000000000000 ) ) ;
#4788 = DIRECTION ( 'NONE',  ( 0.1335620088326546773, 0.000000000000000000, 0.9910404582036931309 ) ) ;
#4789 = DIRECTION ( 'NONE',  ( -0.000000000000000000, 1.000000000000000000, -0.000000000000000000 ) ) ;
#4790 = DIRECTION ( 'NONE',  ( -0.9966915990134757042, 0.000000000000000000, 0.08127642004887322691 ) ) ;
#4791 = CARTESIAN_POINT ( 'NONE',  ( -40.16732496186267554, 2.700000000000000178, 13.45109514191848277 ) ) ;
#4792 = VERTEX_POINT ( 'NONE', #309 ) ;
#4793 = CARTESIAN_POINT ( 'NONE',  ( 4.306869115042289309, 2.700000000000000178, -4.673561593129384129 ) ) ;
#4794 = CARTESIAN_POINT ( 'NONE',  ( -57.99999999999997868, 0.000000000000000000, 50.99999999999999289 ) ) ;
#4795 = VERTEX_POINT ( 'NONE', #11725 ) ;
#4796 = DIRECTION ( 'NONE',  ( -0.7364117514812725807, 0.000000000000000000, 0.6765336150408820526 ) ) ;
#4797 = EDGE_CURVE ( 'NONE', #4951, #5, #13013, .T. ) ;
#4798 = VECTOR ( 'NONE', #3781, 1000.000000000000000 ) ;
#4799 = ORIENTED_EDGE ( 'NONE', *, *, #9797, .F. ) ;
#4800 = DIRECTION ( 'NONE',  ( 0.3837797321477058876, 0.000000000000000000, 0.9234246678493244209 ) ) ;
#4801 = ORIENTED_EDGE ( 'NONE', *, *, #10496, .F. ) ;
#4802 = CARTESIAN_POINT ( 'NONE',  ( 0.000000000000000000, 2.700000000000000178, 8.684835941918485958 ) ) ;
#4803 = VECTOR ( 'NONE', #10621, 999.9999999999998863 ) ;
#4804 = ADVANCED_FACE ( 'NONE', ( #12754 ), #5776, .T. ) ;
#4805 = ORIENTED_EDGE ( 'NONE', *, *, #582, .F. ) ;
#4806 = DIRECTION ( 'NONE',  ( -0.000000000000000000, 1.000000000000000000, -0.000000000000000000 ) ) ;
#4807 = LINE ( 'NONE', #6863, #6581 ) ;
#4808 = ADVANCED_FACE ( 'NONE', ( #12813 ), #9734, .T. ) ;
#4809 = CARTESIAN_POINT ( 'NONE',  ( -4.276813517970992073, 2.700000000000000178, 10.43080517961366027 ) ) ;
#4810 = DIRECTION ( 'NONE',  ( 0.000000000000000000, 0.000000000000000000, -1.000000000000000000 ) ) ;
#4811 = LINE ( 'NONE', #4948, #10282 ) ;
#4812 = ADVANCED_FACE ( 'NONE', ( #8576 ), #4477, .T. ) ;
#4813 = AXIS2_PLACEMENT_3D ( 'NONE', #11042, #3805, #728 ) ;
#4814 = CARTESIAN_POINT ( 'NONE',  ( 43.06112188755975723, 3.000000000000000000, -3.386094588364079616 ) ) ;
#4815 = VECTOR ( 'NONE', #3955, 1000.000000000000114 ) ;
#4816 = VERTEX_POINT ( 'NONE', #7758 ) ;
#4817 = ADVANCED_FACE ( 'NONE', ( #10760 ), #3655, .F. ) ;
#4818 = LINE ( 'NONE', #5711, #5227 ) ;
#4819 = EDGE_CURVE ( 'NONE', #7855, #10454, #3449, .T. ) ;
#4820 = ORIENTED_EDGE ( 'NONE', *, *, #6918, .F. ) ;
#4821 = EDGE_CURVE ( 'NONE', #7683, #6622, #4540, .T. ) ;
#4822 = PLANE ( 'NONE',  #12981 ) ;
#4823 = DIRECTION ( 'NONE',  ( -0.1371697224134749149, 0.000000000000000000, -0.9905475593089967390 ) ) ;
#4824 = VECTOR ( 'NONE', #12188, 1000.000000000000000 ) ;
#4825 = CARTESIAN_POINT ( 'NONE',  ( -12.14824155386267535, 2.700000000000000178, 2.128756597918481930 ) ) ;
#4826 = EDGE_CURVE ( 'NONE', #10981, #8138, #8708, .T. ) ;
#4827 = CARTESIAN_POINT ( 'NONE',  ( 25.95464287013731308, 2.700000000000000178, -18.14267961808151242 ) ) ;
#4828 = ORIENTED_EDGE ( 'NONE', *, *, #10095, .F. ) ;
#4829 = FACE_OUTER_BOUND ( 'NONE', #4362, .T. ) ;
#4830 = CARTESIAN_POINT ( 'NONE',  ( -10.33215780986267873, 2.700000000000000178, 13.26445086191848510 ) ) ;
#4831 = ORIENTED_EDGE ( 'NONE', *, *, #11848, .F. ) ;
#4832 = VECTOR ( 'NONE', #4128, 1000.000000000000000 ) ;
#4833 = CARTESIAN_POINT ( 'NONE',  ( -14.23147030586267903, 3.000000000000000000, 18.27789676591848433 ) ) ;
#4834 = EDGE_CURVE ( 'NONE', #8408, #5789, #8852, .T. ) ;
#4835 = ORIENTED_EDGE ( 'NONE', *, *, #1001, .T. ) ;
#4836 = EDGE_CURVE ( 'NONE', #4065, #12166, #11862, .T. ) ;
#4837 = PLANE ( 'NONE',  #9459 ) ;
#4838 = ORIENTED_EDGE ( 'NONE', *, *, #8398, .F. ) ;
#4839 = DIRECTION ( 'NONE',  ( 0.1784905127423875304, 0.000000000000000000, 0.9839416328527620381 ) ) ;
#4840 = DIRECTION ( 'NONE',  ( 0.000000000000000000, 0.000000000000000000, 1.000000000000000000 ) ) ;
#4841 = ORIENTED_EDGE ( 'NONE', *, *, #12277, .F. ) ;
#4842 = PLANE ( 'NONE',  #8748 ) ;
#4843 = DIRECTION ( 'NONE',  ( 0.000000000000000000, 1.000000000000000000, -0.000000000000000000 ) ) ;
#4844 = VERTEX_POINT ( 'NONE', #10691 ) ;
#4845 = CARTESIAN_POINT ( 'NONE',  ( -50.32295311386267400, 3.000000000000000000, 19.06881110991847805 ) ) ;
#4846 = DIRECTION ( 'NONE',  ( -0.3750170057496874376, 0.000000000000000000, -0.9270179315409917686 ) ) ;
#4847 = EDGE_LOOP ( 'NONE', ( #10160, #2347, #6701, #2589 ) ) ;
#4848 = CARTESIAN_POINT ( 'NONE',  ( 13.43084775013732468, 3.000000000000000000, 18.31871151791848362 ) ) ;
#4849 = VERTEX_POINT ( 'NONE', #1331 ) ;
#4850 = AXIS2_PLACEMENT_3D ( 'NONE', #8954, #2744, #11069 ) ;
#4851 = ORIENTED_EDGE ( 'NONE', *, *, #713, .F. ) ;
#4852 = CARTESIAN_POINT ( 'NONE',  ( 0.5513820526445052383, 2.700000000000000178, 12.79545718204851745 ) ) ;
#4853 = ORIENTED_EDGE ( 'NONE', *, *, #10417, .T. ) ;
#4854 = AXIS2_PLACEMENT_3D ( 'NONE', #8112, #1002, #13294 ) ;
#4855 = DIRECTION ( 'NONE',  ( 0.9598352561504096547, 0.000000000000000000, 0.2805642191204668623 ) ) ;
#4856 = CARTESIAN_POINT ( 'NONE',  ( -29.01556367386267610, 2.700000000000000178, 17.12220286191848118 ) ) ;
#4857 = CARTESIAN_POINT ( 'NONE',  ( -40.23145894586267701, 2.700000000000000178, 15.00871254991848147 ) ) ;
#4858 = DIRECTION ( 'NONE',  ( -0.6765336150408820526, 0.000000000000000000, -0.7364117514812725807 ) ) ;
#4859 = LINE ( 'NONE', #1992, #8442 ) ;
#4860 = DIRECTION ( 'NONE',  ( -0.6111498350682021963, 0.000000000000000000, -0.7915149266413801232 ) ) ;
#4861 = AXIS2_PLACEMENT_3D ( 'NONE', #1012, #121, #12699 ) ;
#4862 = ORIENTED_EDGE ( 'NONE', *, *, #8830, .F. ) ;
#4863 = CARTESIAN_POINT ( 'NONE',  ( 2.075230450569633067, 3.000000000000000000, 22.13292393099385791 ) ) ;
#4864 = LINE ( 'NONE', #13131, #1735 ) ;
#4865 = ORIENTED_EDGE ( 'NONE', *, *, #8249, .F. ) ;
#4866 = ADVANCED_FACE ( 'NONE', ( #11991 ), #2628, .T. ) ;
#4867 = CARTESIAN_POINT ( 'NONE',  ( -59.99999999999998579, 0.000000000000000000, 29.04999999999999361 ) ) ;
#4868 = VECTOR ( 'NONE', #5482, 1000.000000000000000 ) ;
#4869 = EDGE_LOOP ( 'NONE', ( #47, #8256, #9613, #3312 ) ) ;
#4870 = VECTOR ( 'NONE', #11266, 1000.000000000000227 ) ;
#4871 = ORIENTED_EDGE ( 'NONE', *, *, #2370, .T. ) ;
#4872 = CARTESIAN_POINT ( 'NONE',  ( -0.7424656886357579033, 3.000000000000000000, 8.013912908743794361 ) ) ;
#4873 = EDGE_LOOP ( 'NONE', ( #2049, #11544, #13271, #6322 ) ) ;
#4874 = DIRECTION ( 'NONE',  ( 0.3826836147510478958, 0.000000000000000000, -0.9238794569645282229 ) ) ;
#4875 = VECTOR ( 'NONE', #6363, 1000.000000000000114 ) ;
#4876 = LINE ( 'NONE', #6926, #5245 ) ;
#4877 = ADVANCED_FACE ( 'NONE', ( #11929 ), #10962, .T. ) ;
#4878 = LINE ( 'NONE', #3716, #8543 ) ;
#4879 = FACE_OUTER_BOUND ( 'NONE', #908, .T. ) ;
#4880 = DIRECTION ( 'NONE',  ( -0.7415456929710986245, 0.000000000000000000, -0.6709023663961941608 ) ) ;
#4881 = EDGE_CURVE ( 'NONE', #1239, #5344, #8025, .T. ) ;
#4882 = DIRECTION ( 'NONE',  ( 0.000000000000000000, 1.000000000000000000, 0.000000000000000000 ) ) ;
#4883 = DIRECTION ( 'NONE',  ( -1.000000000000000000, -0.000000000000000000, -0.000000000000000000 ) ) ;
#4884 = EDGE_CURVE ( 'NONE', #6132, #1906, #4811, .T. ) ;
#4885 = ORIENTED_EDGE ( 'NONE', *, *, #11923, .T. ) ;
#4886 = VECTOR ( 'NONE', #3749, 1000.000000000000000 ) ;
#4887 = DIRECTION ( 'NONE',  ( 0.000000000000000000, 0.000000000000000000, -1.000000000000000000 ) ) ;
#4888 = VECTOR ( 'NONE', #6824, 1000.000000000000000 ) ;
#4889 = ORIENTED_EDGE ( 'NONE', *, *, #7302, .T. ) ;
#4890 = FACE_OUTER_BOUND ( 'NONE', #11433, .T. ) ;
#4891 = DIRECTION ( 'NONE',  ( 0.000000000000000000, 1.000000000000000000, 0.000000000000000000 ) ) ;
#4892 = DIRECTION ( 'NONE',  ( -0.000000000000000000, 1.000000000000000000, -0.000000000000000000 ) ) ;
#4893 = DIRECTION ( 'NONE',  ( 0.000000000000000000, 0.000000000000000000, 1.000000000000000000 ) ) ;
#4894 = ORIENTED_EDGE ( 'NONE', *, *, #10266, .F. ) ;
#4895 = CARTESIAN_POINT ( 'NONE',  ( 11.92281520613730983, 3.000000000000000000, 10.91965494191848229 ) ) ;
#4896 = CARTESIAN_POINT ( 'NONE',  ( -6.601830497862677838, 3.000000000000000000, 10.20604600591848232 ) ) ;
#4897 = ORIENTED_EDGE ( 'NONE', *, *, #9085, .F. ) ;
#4898 = EDGE_CURVE ( 'NONE', #2385, #11481, #11312, .T. ) ;
#4899 = DIRECTION ( 'NONE',  ( -1.000000000000000000, 0.000000000000000000, 0.000000000000000000 ) ) ;
#4900 = ORIENTED_EDGE ( 'NONE', *, *, #4391, .F. ) ;
#4901 = EDGE_CURVE ( 'NONE', #5442, #6628, #240, .T. ) ;
#4902 = ORIENTED_EDGE ( 'NONE', *, *, #793, .F. ) ;
#4903 = LINE ( 'NONE', #1897, #2255 ) ;
#4904 = ORIENTED_EDGE ( 'NONE', *, *, #237, .F. ) ;
#4905 = CARTESIAN_POINT ( 'NONE',  ( -7.412193851067410577, 3.000000000000000000, 9.295386171172523859 ) ) ;
#4906 = DIRECTION ( 'NONE',  ( 0.9234262595683978558, 0.000000000000000000, 0.3837759022392078223 ) ) ;
#4907 = ORIENTED_EDGE ( 'NONE', *, *, #7043, .F. ) ;
#4908 = CARTESIAN_POINT ( 'NONE',  ( -28.64227104986268202, 2.700000000000000178, 0.7641426139184834820 ) ) ;
#4909 = CARTESIAN_POINT ( 'NONE',  ( 21.86576087271728852, 2.700000000000000178, -10.49548793552034276 ) ) ;
#4910 = EDGE_CURVE ( 'NONE', #1549, #12375, #1944, .T. ) ;
#4911 = VERTEX_POINT ( 'NONE', #646 ) ;
#4912 = DIRECTION ( 'NONE',  ( -0.9709997323189790697, 0.000000000000000000, 0.2390805718507276190 ) ) ;
#4913 = LINE ( 'NONE', #7035, #8500 ) ;
#4914 = VECTOR ( 'NONE', #12096, 1000.000000000000000 ) ;
#4915 = ORIENTED_EDGE ( 'NONE', *, *, #8599, .T. ) ;
#4916 = CARTESIAN_POINT ( 'NONE',  ( -12.57283201786267135, 3.000000000000000000, 8.582860021918486737 ) ) ;
#4917 = VECTOR ( 'NONE', #7696, 1000.000000000000000 ) ;
#4918 = ADVANCED_FACE ( 'NONE', ( #3790 ), #714, .T. ) ;
#4919 = ORIENTED_EDGE ( 'NONE', *, *, #2569, .T. ) ;
#4920 = ORIENTED_EDGE ( 'NONE', *, *, #12940, .T. ) ;
#4921 = CARTESIAN_POINT ( 'NONE',  ( -50.53789502586267446, 3.000000000000000000, 3.809801749918482194 ) ) ;
#4922 = ORIENTED_EDGE ( 'NONE', *, *, #4672, .T. ) ;
#4923 = VECTOR ( 'NONE', #1004, 1000.000000000000114 ) ;
#4924 = LINE ( 'NONE', #13323, #12633 ) ;
#4925 = CARTESIAN_POINT ( 'NONE',  ( 14.01794131813732136, 2.700000000000000178, 10.30064678191848770 ) ) ;
#4926 = DIRECTION ( 'NONE',  ( 0.001119048162977703473, 0.000000000000000000, 0.9999993738654083808 ) ) ;
#4927 = ORIENTED_EDGE ( 'NONE', *, *, #12397, .F. ) ;
#4928 = DIRECTION ( 'NONE',  ( 0.5544331390885391952, 0.000000000000000000, 0.8322282705366530475 ) ) ;
#4929 = CARTESIAN_POINT ( 'NONE',  ( -17.44495745880724158, 2.700000000000000178, -11.76170337194490578 ) ) ;
#4930 = EDGE_CURVE ( 'NONE', #11563, #668, #13355, .T. ) ;
#4931 = ORIENTED_EDGE ( 'NONE', *, *, #7332, .F. ) ;
#4932 = DIRECTION ( 'NONE',  ( 0.000000000000000000, 0.000000000000000000, -1.000000000000000000 ) ) ;
#4933 = LINE ( 'NONE', #5139, #8286 ) ;
#4934 = ORIENTED_EDGE ( 'NONE', *, *, #11612, .T. ) ;
#4935 = DIRECTION ( 'NONE',  ( 1.000000000000000000, 0.000000000000000000, 0.000000000000000000 ) ) ;
#4936 = VERTEX_POINT ( 'NONE', #6930 ) ;
#4937 = PERSON_AND_ORGANIZATION ( #7799, #1257 ) ;
#4938 = ORIENTED_EDGE ( 'NONE', *, *, #11307, .T. ) ;
#4939 = CARTESIAN_POINT ( 'NONE',  ( -3.325474825183504457, 2.700000000000000178, -2.222029321611294073 ) ) ;
#4940 = ORIENTED_EDGE ( 'NONE', *, *, #4076, .F. ) ;
#4941 = VERTEX_POINT ( 'NONE', #5977 ) ;
#4942 = DIRECTION ( 'NONE',  ( -0.4694508372744147784, 0.000000000000000000, 0.8829586124968434868 ) ) ;
#4943 = LINE ( 'NONE', #7749, #4155 ) ;
#4944 = FACE_OUTER_BOUND ( 'NONE', #205, .T. ) ;
#4945 = DIRECTION ( 'NONE',  ( 0.4188446617514611781, 0.000000000000000000, 0.9080578997631727489 ) ) ;
#4946 = LINE ( 'NONE', #2014, #7445 ) ;
#4947 = VECTOR ( 'NONE', #3086, 1000.000000000000000 ) ;
#4948 = CARTESIAN_POINT ( 'NONE',  ( 13.59790365416690427, 2.700000000000000178, -18.00951208010921789 ) ) ;
#4949 = CARTESIAN_POINT ( 'NONE',  ( 27.62251064705543868, 3.000000000000000000, -11.40284741401414337 ) ) ;
#4950 = EDGE_CURVE ( 'NONE', #4719, #13485, #9944, .T. ) ;
#4951 = VERTEX_POINT ( 'NONE', #11170 ) ;
#4952 = EDGE_CURVE ( 'NONE', #1721, #969, #5904, .T. ) ;
#4953 = DIRECTION ( 'NONE',  ( -0.2131134059951631521, 0.000000000000000000, -0.9770274695141076826 ) ) ;
#4954 = VECTOR ( 'NONE', #1426, 1000.000000000000000 ) ;
#4955 = EDGE_LOOP ( 'NONE', ( #13448, #5889, #12118, #4236 ) ) ;
#4956 = CARTESIAN_POINT ( 'NONE',  ( 0.000000000000000000, 2.700000000000000178, 1.078102869918486917 ) ) ;
#4957 = EDGE_CURVE ( 'NONE', #2665, #5035, #10143, .T. ) ;
#4958 = EDGE_CURVE ( 'NONE', #7230, #13272, #2835, .T. ) ;
#4959 = CARTESIAN_POINT ( 'NONE',  ( 28.13999791013733542, 2.700000000000000178, 8.746638205918486619 ) ) ;
#4960 = CARTESIAN_POINT ( 'NONE',  ( 14.22934247013731657, 2.700000000000000178, 20.37552122191847914 ) ) ;
#4961 = ORIENTED_EDGE ( 'NONE', *, *, #1487, .T. ) ;
#4962 = DIRECTION ( 'NONE',  ( -0.000000000000000000, 1.000000000000000000, -0.000000000000000000 ) ) ;
#4963 = CARTESIAN_POINT ( 'NONE',  ( 52.49999999999999289, 0.000000000000000000, -46.96999999999999176 ) ) ;
#4964 = LINE ( 'NONE', #6195, #8422 ) ;
#4965 = EDGE_CURVE ( 'NONE', #4441, #60, #4005, .T. ) ;
#4966 = ORIENTED_EDGE ( 'NONE', *, *, #3637, .T. ) ;
#4967 = VECTOR ( 'NONE', #13338, 1000.000000000000000 ) ;
#4968 = VERTEX_POINT ( 'NONE', #13282 ) ;
#4969 = DIRECTION ( 'NONE',  ( -0.002103358651976018363, 0.000000000000000000, 0.9999977879387439428 ) ) ;
#4970 = CARTESIAN_POINT ( 'NONE',  ( -49.84999999999996589, 0.000000000000000000, -38.03000000000000824 ) ) ;
#4971 = EDGE_CURVE ( 'NONE', #3681, #8974, #3718, .T. ) ;
#4972 = ORIENTED_EDGE ( 'NONE', *, *, #11591, .T. ) ;
#4973 = PLANE ( 'NONE',  #4305 ) ;
#4974 = CARTESIAN_POINT ( 'NONE',  ( 51.68205903013731728, 3.000000000000000000, 0.000000000000000000 ) ) ;
#4975 = VERTEX_POINT ( 'NONE', #8098 ) ;
#4976 = LINE ( 'NONE', #2789, #8958 ) ;
#4977 = CARTESIAN_POINT ( 'NONE',  ( -0.3550667644722388383, 3.000000000000000000, 0.8572193649464471266 ) ) ;
#4978 = ORIENTED_EDGE ( 'NONE', *, *, #7464, .F. ) ;
#4979 = CARTESIAN_POINT ( 'NONE',  ( 24.91882071013732158, 2.700000000000000178, -17.95232592208152411 ) ) ;
#4980 = DIRECTION ( 'NONE',  ( -0.7348065996507560094, 0.000000000000000000, -0.6782766847752423889 ) ) ;
#4981 = VERTEX_POINT ( 'NONE', #8169 ) ;
#4982 = CARTESIAN_POINT ( 'NONE',  ( -8.996287481862665913, 2.700000000000000178, 18.88977260591848051 ) ) ;
#4983 = EDGE_CURVE ( 'NONE', #11827, #12588, #2906, .T. ) ;
#4984 = EDGE_LOOP ( 'NONE', ( #8611, #1154, #4101, #4296 ) ) ;
#4985 = ORIENTED_EDGE ( 'NONE', *, *, #1385, .F. ) ;
#4986 = EDGE_CURVE ( 'NONE', #9421, #6427, #11031, .T. ) ;
#4987 = DIRECTION ( 'NONE',  ( 0.000000000000000000, -0.000000000000000000, 1.000000000000000000 ) ) ;
#4988 = EDGE_LOOP ( 'NONE', ( #8998, #8841, #549, #1645 ) ) ;
#4989 = DIRECTION ( 'NONE',  ( 0.4188446617514611781, 0.000000000000000000, 0.9080578997631727489 ) ) ;
#4990 = EDGE_CURVE ( 'NONE', #606, #11274, #1671, .T. ) ;
#4991 = FACE_OUTER_BOUND ( 'NONE', #10578, .T. ) ;
#4992 = VECTOR ( 'NONE', #12776, 999.9999999999998863 ) ;
#4993 = CARTESIAN_POINT ( 'NONE',  ( 25.89348157131581374, 3.000000000000000000, -0.02897607112839844373 ) ) ;
#4994 = EDGE_CURVE ( 'NONE', #4138, #5678, #847, .T. ) ;
#4995 = VERTEX_POINT ( 'NONE', #9186 ) ;
#4996 = DIRECTION ( 'NONE',  ( -0.000000000000000000, 1.000000000000000000, -0.000000000000000000 ) ) ;
#4997 = LINE ( 'NONE', #5134, #4947 ) ;
#4998 = VERTEX_POINT ( 'NONE', #2698 ) ;
#4999 = DIRECTION ( 'NONE',  ( -0.09057533132655028185, 0.000000000000000000, -0.9958896070122861266 ) ) ;
#5000 = DIRECTION ( 'NONE',  ( -0.7360834251059341637, 0.000000000000000000, 0.6768908267101251264 ) ) ;
#5001 = ORIENTED_EDGE ( 'NONE', *, *, #3344, .F. ) ;
#5002 = CARTESIAN_POINT ( 'NONE',  ( -26.06137196986268023, 3.000000000000000000, 20.64250976591847930 ) ) ;
#5003 = VECTOR ( 'NONE', #8917, 1000.000000000000000 ) ;
#5004 = ORIENTED_EDGE ( 'NONE', *, *, #864, .F. ) ;
#5005 = VECTOR ( 'NONE', #12721, 1000.000000000000000 ) ;
#5006 = EDGE_CURVE ( 'NONE', #8117, #13445, #2977, .T. ) ;
#5007 = PERSON_AND_ORGANIZATION_ROLE ( 'creator' ) ;
#5008 = ORIENTED_EDGE ( 'NONE', *, *, #2916, .T. ) ;
#5009 = EDGE_CURVE ( 'NONE', #2015, #5941, #8678, .T. ) ;
#5010 = DIRECTION ( 'NONE',  ( -0.000000000000000000, 1.000000000000000000, -0.000000000000000000 ) ) ;
#5011 = ORIENTED_EDGE ( 'NONE', *, *, #12648, .T. ) ;
#5012 = ORIENTED_EDGE ( 'NONE', *, *, #12341, .F. ) ;
#5013 = CARTESIAN_POINT ( 'NONE',  ( 38.36223807013732312, 2.700000000000000178, 11.89859938991848054 ) ) ;
#5014 = PLANE ( 'NONE',  #1103 ) ;
#5015 = DIRECTION ( 'NONE',  ( 0.4493521495132239973, 0.000000000000000000, 0.8933547143928022294 ) ) ;
#5016 = CARTESIAN_POINT ( 'NONE',  ( 13.18134481120130808, 2.700000000000000178, 9.095842230718561794 ) ) ;
#5017 = VECTOR ( 'NONE', #3180, 1000.000000000000114 ) ;
#5018 = FACE_OUTER_BOUND ( 'NONE', #9486, .T. ) ;
#5019 = DIRECTION ( 'NONE',  ( -0.3815757523362386938, 0.000000000000000000, 0.9243375710361627640 ) ) ;
#5020 = LINE ( 'NONE', #4949, #2741 ) ;
#5021 = ORIENTED_EDGE ( 'NONE', *, *, #7250, .T. ) ;
#5022 = DIRECTION ( 'NONE',  ( -0.000000000000000000, 1.000000000000000000, -0.000000000000000000 ) ) ;
#5023 = ORIENTED_EDGE ( 'NONE', *, *, #10975, .T. ) ;
#5024 = LINE ( 'NONE', #11516, #10580 ) ;
#5025 = LINE ( 'NONE', #7903, #2376 ) ;
#5026 = DIRECTION ( 'NONE',  ( -0.9225069732799375810, 0.000000000000000000, 0.3859804195161828377 ) ) ;
#5027 = ORIENTED_EDGE ( 'NONE', *, *, #10834, .F. ) ;
#5028 = AXIS2_PLACEMENT_3D ( 'NONE', #243, #5706, #9799 ) ;
#5029 = VECTOR ( 'NONE', #3433, 1000.000000000000000 ) ;
#5030 = PLANE ( 'NONE',  #11624 ) ;
#5031 = DIRECTION ( 'NONE',  ( -0.000000000000000000, 1.000000000000000000, -0.000000000000000000 ) ) ;
#5032 = ADVANCED_FACE ( 'NONE', ( #277 ), #9637, .T. ) ;
#5033 = EDGE_CURVE ( 'NONE', #1341, #2548, #989, .T. ) ;
#5034 = CARTESIAN_POINT ( 'NONE',  ( 50.22000000000002728, 0.000000000000000000, -38.03000000000000824 ) ) ;
#5035 = VERTEX_POINT ( 'NONE', #5158 ) ;
#5036 = VECTOR ( 'NONE', #5753, 1000.000000000000114 ) ;
#5037 = VECTOR ( 'NONE', #11242, 999.9999999999998863 ) ;
#5038 = AXIS2_PLACEMENT_3D ( 'NONE', #2323, #5465, #5400 ) ;
#5039 = VERTEX_POINT ( 'NONE', #12402 ) ;
#5040 = DIRECTION ( 'NONE',  ( -0.000000000000000000, 1.000000000000000000, -0.000000000000000000 ) ) ;
#5041 = DIRECTION ( 'NONE',  ( 0.9802222406570885171, 0.000000000000000000, -0.1978998709479038720 ) ) ;
#5042 = ORIENTED_EDGE ( 'NONE', *, *, #13046, .T. ) ;
#5043 = FACE_OUTER_BOUND ( 'NONE', #12405, .T. ) ;
#5044 = FACE_OUTER_BOUND ( 'NONE', #12984, .T. ) ;
#5045 = ORIENTED_EDGE ( 'NONE', *, *, #2450, .F. ) ;
#5046 = CARTESIAN_POINT ( 'NONE',  ( 1.714280502630695979, 2.700000000000000178, 4.628849061165564827 ) ) ;
#5047 = DIRECTION ( 'NONE',  ( -0.000000000000000000, 1.000000000000000000, -0.000000000000000000 ) ) ;
#5048 = VECTOR ( 'NONE', #11405, 1000.000000000000000 ) ;
#5049 = EDGE_CURVE ( 'NONE', #3077, #1789, #3487, .T. ) ;
#5050 = ORIENTED_EDGE ( 'NONE', *, *, #10177, .T. ) ;
#5051 = CARTESIAN_POINT ( 'NONE',  ( 17.89535657228127974, 3.000000000000000000, -3.873581962061123818 ) ) ;
#5052 = CARTESIAN_POINT ( 'NONE',  ( -40.50353358586267660, 3.000000000000000000, 16.54372497391847929 ) ) ;
#5053 = ORIENTED_EDGE ( 'NONE', *, *, #5411, .F. ) ;
#5054 = VECTOR ( 'NONE', #13243, 1000.000000000000000 ) ;
#5055 = FACE_OUTER_BOUND ( 'NONE', #10583, .T. ) ;
#5056 = EDGE_LOOP ( 'NONE', ( #11364, #8983, #307, #11605 ) ) ;
#5057 = ADVANCED_FACE ( 'NONE', ( #8366 ), #9326, .T. ) ;
#5058 = ORIENTED_EDGE ( 'NONE', *, *, #8507, .F. ) ;
#5059 = DIRECTION ( 'NONE',  ( 0.3565883230318260266, 0.000000000000000000, -0.9342616163994698075 ) ) ;
#5060 = ORIENTED_EDGE ( 'NONE', *, *, #13487, .F. ) ;
#5061 = CARTESIAN_POINT ( 'NONE',  ( 2.190088926137329750, 2.700000000000000178, -18.26134638608152372 ) ) ;
#5062 = DIRECTION ( 'NONE',  ( 0.6340792739854783644, 0.000000000000000000, -0.7732680481579777831 ) ) ;
#5063 = DIRECTION ( 'NONE',  ( 0.000000000000000000, 0.000000000000000000, -1.000000000000000000 ) ) ;
#5064 = VERTEX_POINT ( 'NONE', #6563 ) ;
#5065 = CARTESIAN_POINT ( 'NONE',  ( 38.36223807013732312, 2.700000000000000178, 8.684835941918485958 ) ) ;
#5066 = PLANE ( 'NONE',  #10183 ) ;
#5067 = EDGE_CURVE ( 'NONE', #1062, #5, #6110, .T. ) ;
#5068 = VECTOR ( 'NONE', #10671, 1000.000000000000000 ) ;
#5069 = ORIENTED_EDGE ( 'NONE', *, *, #9725, .T. ) ;
#5070 = LINE ( 'NONE', #2887, #3133 ) ;
#5071 = PLANE ( 'NONE',  #11781 ) ;
#5072 = ORIENTED_EDGE ( 'NONE', *, *, #5336, .F. ) ;
#5073 = VECTOR ( 'NONE', #12170, 1000.000000000000000 ) ;
#5074 = LINE ( 'NONE', #6984, #4104 ) ;
#5075 = ADVANCED_FACE ( 'NONE', ( #12469 ), #4202, .T. ) ;
#5076 = EDGE_CURVE ( 'NONE', #5341, #201, #11761, .T. ) ;
#5077 = VECTOR ( 'NONE', #2922, 1000.000000000000000 ) ;
#5078 = ORIENTED_EDGE ( 'NONE', *, *, #7551, .T. ) ;
#5079 = DATE_TIME_ROLE ( 'classification_date' ) ;
#5080 = ORIENTED_EDGE ( 'NONE', *, *, #13270, .T. ) ;
#5081 = CARTESIAN_POINT ( 'NONE',  ( 4.190104169021611646, 3.000000000000000000, 17.01765222917773812 ) ) ;
#5082 = AXIS2_PLACEMENT_3D ( 'NONE', #11584, #1198, #175 ) ;
#5083 = VECTOR ( 'NONE', #10840, 1000.000000000000000 ) ;
#5084 = ORIENTED_EDGE ( 'NONE', *, *, #4468, .T. ) ;
#5085 = ORIENTED_EDGE ( 'NONE', *, *, #12071, .F. ) ;
#5086 = DIRECTION ( 'NONE',  ( 0.1950914675743609383, 0.000000000000000000, 0.9807850525368349004 ) ) ;
#5087 = LINE ( 'NONE', #9181, #7638 ) ;
#5088 = CARTESIAN_POINT ( 'NONE',  ( 0.000000000000000000, 2.700000000000000178, 20.49418290991848224 ) ) ;
#5089 = LINE ( 'NONE', #9260, #7233 ) ;
#5090 = DIRECTION ( 'NONE',  ( -0.000000000000000000, 0.000000000000000000, -1.000000000000000000 ) ) ;
#5091 = AXIS2_PLACEMENT_3D ( 'NONE', #10470, #6703, #6768 ) ;
#5092 = EDGE_CURVE ( 'NONE', #6622, #1151, #8299, .T. ) ;
#5093 = DIRECTION ( 'NONE',  ( -1.000000000000000000, 0.000000000000000000, 0.000000000000000000 ) ) ;
#5094 = VECTOR ( 'NONE', #5311, 1000.000000000000000 ) ;
#5095 = EDGE_CURVE ( 'NONE', #13318, #668, #918, .T. ) ;
#5096 = VERTEX_POINT ( 'NONE', #11828 ) ;
#5097 = AXIS2_PLACEMENT_3D ( 'NONE', #4574, #10926, #12909 ) ;
#5098 = CARTESIAN_POINT ( 'NONE',  ( -11.21130565786266864, 3.000000000000000000, 1.634326293918483497 ) ) ;
#5099 = ORIENTED_EDGE ( 'NONE', *, *, #13003, .T. ) ;
#5100 = LINE ( 'NONE', #13429, #548 ) ;
#5101 = VECTOR ( 'NONE', #5351, 1000.000000000000000 ) ;
#5102 = LINE ( 'NONE', #9271, #5511 ) ;
#5103 = ORIENTED_EDGE ( 'NONE', *, *, #7924, .T. ) ;
#5104 = CARTESIAN_POINT ( 'NONE',  ( 21.32434479013733863, 2.700000000000000178, 17.19883872591848117 ) ) ;
#5105 = PLANE ( 'NONE',  #4813 ) ;
#5106 = VECTOR ( 'NONE', #7569, 1000.000000000000114 ) ;
#5107 = LINE ( 'NONE', #5034, #10601 ) ;
#5108 = VECTOR ( 'NONE', #1567, 1000.000000000000000 ) ;
#5109 = ORIENTED_EDGE ( 'NONE', *, *, #5261, .F. ) ;
#5110 = EDGE_LOOP ( 'NONE', ( #4026, #1657, #5396, #1791 ) ) ;
#5111 = DIRECTION ( 'NONE',  ( 0.8244790200430026639, 0.000000000000000000, -0.5658925211636305352 ) ) ;
#5112 = DIRECTION ( 'NONE',  ( -0.08964403378867370764, 0.000000000000000000, 0.9959738687365724541 ) ) ;
#5113 = VERTEX_POINT ( 'NONE', #3174 ) ;
#5114 = CARTESIAN_POINT ( 'NONE',  ( -6.479660561862684354, 2.700000000000000178, 1.609610061918482771 ) ) ;
#5115 = DIRECTION ( 'NONE',  ( -0.000000000000000000, 1.000000000000000000, -0.000000000000000000 ) ) ;
#5116 = EDGE_LOOP ( 'NONE', ( #3163, #8725, #6949, #2785 ) ) ;
#5117 = LINE ( 'NONE', #12221, #895 ) ;
#5118 = CARTESIAN_POINT ( 'NONE',  ( -39.22297226586267271, 2.700000000000000178, 16.57586308591848123 ) ) ;
#5119 = ORIENTED_EDGE ( 'NONE', *, *, #7660, .F. ) ;
#5120 = DIRECTION ( 'NONE',  ( -0.2390805718507276190, 0.000000000000000000, -0.9709997323189790697 ) ) ;
#5121 = CARTESIAN_POINT ( 'NONE',  ( -41.12466416986266893, 3.000000000000000000, 19.72009758991848116 ) ) ;
#5122 = ORIENTED_EDGE ( 'NONE', *, *, #5630, .F. ) ;
#5123 = LINE ( 'NONE', #2871, #11028 ) ;
#5124 = ORIENTED_EDGE ( 'NONE', *, *, #2336, .F. ) ;
#5125 = ADVANCED_FACE ( 'NONE', ( #7530 ), #11702, .T. ) ;
#5126 = DIRECTION ( 'NONE',  ( 0.9243375710361644293, 0.000000000000000000, -0.3815757523362350301 ) ) ;
#5127 = VERTEX_POINT ( 'NONE', #10281 ) ;
#5128 = EDGE_CURVE ( 'NONE', #4317, #1786, #6248, .T. ) ;
#5129 = CARTESIAN_POINT ( 'NONE',  ( 0.000000000000000000, 2.700000000000000178, -19.50482573808151088 ) ) ;
#5130 = FACE_OUTER_BOUND ( 'NONE', #2891, .T. ) ;
#5131 = LINE ( 'NONE', #10186, #480 ) ;
#5132 = VERTEX_POINT ( 'NONE', #8232 ) ;
#5133 = LINE ( 'NONE', #2882, #10700 ) ;
#5134 = CARTESIAN_POINT ( 'NONE',  ( 19.81246262213732123, 2.700000000000000178, 11.57363483791847969 ) ) ;
#5135 = VECTOR ( 'NONE', #9396, 1000.000000000000000 ) ;
#5136 = ADVANCED_FACE ( 'NONE', ( #1053 ), #5537, .T. ) ;
#5137 = EDGE_LOOP ( 'NONE', ( #4243, #11460, #681, #10812 ) ) ;
#5138 = PLANE ( 'NONE',  #83 ) ;
#5139 = CARTESIAN_POINT ( 'NONE',  ( 0.000000000000000000, 2.700000000000000178, 1.080574797918485430 ) ) ;
#5140 = EDGE_CURVE ( 'NONE', #1578, #11868, #10660, .T. ) ;
#5141 = ORIENTED_EDGE ( 'NONE', *, *, #10667, .T. ) ;
#5142 = FACE_OUTER_BOUND ( 'NONE', #4565, .T. ) ;
#5143 = AXIS2_PLACEMENT_3D ( 'NONE', #9423, #5256, #5455 ) ;
#5144 = ORIENTED_EDGE ( 'NONE', *, *, #11665, .T. ) ;
#5145 = VECTOR ( 'NONE', #6595, 999.9999999999998863 ) ;
#5146 = APPROVAL_DATE_TIME ( #2963, #6013 ) ;
#5147 = ORIENTED_EDGE ( 'NONE', *, *, #7996, .T. ) ;
#5148 = DIRECTION ( 'NONE',  ( 0.8717537324814308430, 0.000000000000000000, -0.4899443130649582256 ) ) ;
#5149 = ORIENTED_EDGE ( 'NONE', *, *, #12850, .T. ) ;
#5150 = ORIENTED_EDGE ( 'NONE', *, *, #573, .T. ) ;
#5151 = CARTESIAN_POINT ( 'NONE',  ( 12.86009216470917593, 3.000000000000000000, -5.299001481153521986 ) ) ;
#5152 = DIRECTION ( 'NONE',  ( 1.000000000000000000, -0.000000000000000000, 0.000000000000000000 ) ) ;
#5153 = DIRECTION ( 'NONE',  ( 0.2131134059951636239, 0.000000000000000000, -0.9770274695141075716 ) ) ;
#5154 = DIRECTION ( 'NONE',  ( -0.000000000000000000, 1.000000000000000000, -0.000000000000000000 ) ) ;
#5155 = CARTESIAN_POINT ( 'NONE',  ( 12.08968024502816263, 2.700000000000000178, 0.8654093126840738393 ) ) ;
#5156 = CARTESIAN_POINT ( 'NONE',  ( -0.7523882750234133221, 2.700000000000000178, 5.129931009218603677 ) ) ;
#5157 = ORIENTED_EDGE ( 'NONE', *, *, #5836, .T. ) ;
#5158 = CARTESIAN_POINT ( 'NONE',  ( -11.74899520986267376, 3.000000000000000000, 13.47581746991847673 ) ) ;
#5159 = ORIENTED_EDGE ( 'NONE', *, *, #2742, .F. ) ;
#5160 = ADVANCED_FACE ( 'NONE', ( #6180 ), #7206, .T. ) ;
#5161 = LINE ( 'NONE', #3931, #7842 ) ;
#5162 = VERTEX_POINT ( 'NONE', #4848 ) ;
#5163 = CARTESIAN_POINT ( 'NONE',  ( -52.50000000000000711, 3.000000000000000000, -48.66999999999998749 ) ) ;
#5164 = AXIS2_PLACEMENT_3D ( 'NONE', #1870, #4942, #10344 ) ;
#5165 = EDGE_CURVE ( 'NONE', #9825, #3422, #7789, .T. ) ;
#5166 = CARTESIAN_POINT ( 'NONE',  ( 15.28410083813732179, 2.700000000000000178, 8.477900109918486748 ) ) ;
#5168 = ORIENTED_EDGE ( 'NONE', *, *, #12277, .T. ) ;
#5167 = EDGE_CURVE ( 'NONE', #6139, #7673, #1701, .T. ) ;
#5169 = LINE ( 'NONE', #3939, #12499 ) ;
#5170 = FACE_OUTER_BOUND ( 'NONE', #11271, .T. ) ;
#5171 = CARTESIAN_POINT ( 'NONE',  ( 6.500486030747925525, 2.700000000000000178, 8.880457363435901641 ) ) ;
#5172 = VERTEX_POINT ( 'NONE', #5605 ) ;
#5173 = EDGE_CURVE ( 'NONE', #11660, #1927, #9973, .T. ) ;
#5174 = ADVANCED_FACE ( 'NONE', ( #6696 ), #1501, .T. ) ;
#5175 = VERTEX_POINT ( 'NONE', #5869 ) ;
#5176 = PLANE ( 'NONE',  #7046 ) ;
#5177 = DIRECTION ( 'NONE',  ( -0.09057533132655026797, 0.000000000000000000, -0.9958896070122861266 ) ) ;
#5178 = EDGE_CURVE ( 'NONE', #12115, #12182, #5672, .T. ) ;
#5179 = ORIENTED_EDGE ( 'NONE', *, *, #12102, .T. ) ;
#5180 = CARTESIAN_POINT ( 'NONE',  ( 4.357372548833600590, 3.000000000000000000, -10.41386564232072587 ) ) ;
#5181 = CARTESIAN_POINT ( 'NONE',  ( -12.06042359386266583, 2.700000000000000178, -19.39778099408151490 ) ) ;
#5182 = ORIENTED_EDGE ( 'NONE', *, *, #3894, .F. ) ;
#5183 = FACE_OUTER_BOUND ( 'NONE', #11114, .T. ) ;
#5184 = DIRECTION ( 'NONE',  ( -1.000000000000000000, 0.000000000000000000, 0.000000000000000000 ) ) ;
#5185 = EDGE_LOOP ( 'NONE', ( #5476, #2734, #8739, #10615 ) ) ;
#5186 = LINE ( 'NONE', #1017, #2924 ) ;
#5187 = LINE ( 'NONE', #7511, #1534 ) ;
#5188 = ORIENTED_EDGE ( 'NONE', *, *, #6712, .T. ) ;
#5189 = PLANE ( 'NONE',  #9499 ) ;
#5190 = EDGE_LOOP ( 'NONE', ( #11912, #2346, #7426, #1961 ) ) ;
#5191 = AXIS2_PLACEMENT_3D ( 'NONE', #1464, #2496, #5632 ) ;
#5192 = DIRECTION ( 'NONE',  ( 0.9994831531685809400, 0.000000000000000000, -0.03214695214465842360 ) ) ;
#5193 = ORIENTED_EDGE ( 'NONE', *, *, #10756, .T. ) ;
#5194 = CARTESIAN_POINT ( 'NONE',  ( -49.17822489786266260, 3.000000000000000000, 18.41759676591847850 ) ) ;
#5195 = FACE_OUTER_BOUND ( 'NONE', #12293, .T. ) ;
#5196 = CARTESIAN_POINT ( 'NONE',  ( 7.557067270137328485, 3.000000000000000000, 0.000000000000000000 ) ) ;
#5197 = VERTEX_POINT ( 'NONE', #2732 ) ;
#5198 = FACE_BOUND ( 'NONE', #3142, .T. ) ;
#5199 = LINE ( 'NONE', #6360, #10777 ) ;
#5200 = EDGE_LOOP ( 'NONE', ( #6861, #13016, #912, #12288 ) ) ;
#5201 = DIRECTION ( 'NONE',  ( -1.000000000000000000, 0.000000000000000000, 0.000000000000000000 ) ) ;
#5202 = CARTESIAN_POINT ( 'NONE',  ( -21.67087528986268197, 3.000000000000000000, 12.03456457391848389 ) ) ;
#5203 = ORIENTED_EDGE ( 'NONE', *, *, #4399, .T. ) ;
#5204 = CARTESIAN_POINT ( 'NONE',  ( 0.000000000000000000, 2.700000000000000178, 20.48923905391848166 ) ) ;
#5205 = EDGE_CURVE ( 'NONE', #11741, #7264, #6836, .T. ) ;
#5206 = ORIENTED_EDGE ( 'NONE', *, *, #11470, .T. ) ;
#5207 = EDGE_LOOP ( 'NONE', ( #3811, #7778, #2692, #4190 ) ) ;
#5208 = VECTOR ( 'NONE', #12988, 1000.000000000000000 ) ;
#5209 = CARTESIAN_POINT ( 'NONE',  ( 0.7250752508403831564, 2.700000000000000178, -1.283474184645745142 ) ) ;
#5210 = ORIENTED_EDGE ( 'NONE', *, *, #8999, .T. ) ;
#5211 = CARTESIAN_POINT ( 'NONE',  ( -50.81971716986267040, 2.700000000000000178, 18.38793159791848097 ) ) ;
#5212 = CARTESIAN_POINT ( 'NONE',  ( 18.08707867344676501, 2.700000000000000178, -2.504674851390389811 ) ) ;
#5213 = CARTESIAN_POINT ( 'NONE',  ( 39.52166679013733841, 3.000000000000000000, 9.347365477918494037 ) ) ;
#5214 = DIRECTION ( 'NONE',  ( -0.000000000000000000, 1.000000000000000000, -0.000000000000000000 ) ) ;
#5215 = CARTESIAN_POINT ( 'NONE',  ( 13.45329324167717644, 3.000000000000000000, 2.934489800999541931 ) ) ;
#5216 = VERTEX_POINT ( 'NONE', #613 ) ;
#5217 = ORIENTED_EDGE ( 'NONE', *, *, #13354, .T. ) ;
#5218 = CARTESIAN_POINT ( 'NONE',  ( 1.634209812241907978, 2.700000000000000178, 18.14863700311578754 ) ) ;
#5219 = VECTOR ( 'NONE', #8889, 1000.000000000000000 ) ;
#5220 = VECTOR ( 'NONE', #4646, 1000.000000000000114 ) ;
#5221 = AXIS2_PLACEMENT_3D ( 'NONE', #7085, #6053, #10218 ) ;
#5222 = ADVANCED_FACE ( 'NONE', ( #9017 ), #3824, .T. ) ;
#5223 = VERTEX_POINT ( 'NONE', #6629 ) ;
#5224 = PLANE ( 'NONE',  #2178 ) ;
#5225 = EDGE_CURVE ( 'NONE', #9421, #8237, #4649, .T. ) ;
#5226 = ORIENTED_EDGE ( 'NONE', *, *, #8864, .F. ) ;
#5227 = VECTOR ( 'NONE', #519, 1000.000000000000000 ) ;
#5228 = LINE ( 'NONE', #6189, #329 ) ;
#5229 = VECTOR ( 'NONE', #694, 999.9999999999998863 ) ;
#5230 = LINE ( 'NONE', #9397, #11111 ) ;
#5231 = ORIENTED_EDGE ( 'NONE', *, *, #9663, .T. ) ;
#5232 = ADVANCED_FACE ( 'NONE', ( #7929 ), #8818, .T. ) ;
#5233 = PLANE ( 'NONE',  #10104 ) ;
#5234 = LINE ( 'NONE', #11662, #12458 ) ;
#5235 = LINE ( 'NONE', #11524, #13000 ) ;
#5236 = VECTOR ( 'NONE', #5148, 1000.000000000000114 ) ;
#5237 = ADVANCED_FACE ( 'NONE', ( #2597 ), #4578, .T. ) ;
#5238 = EDGE_CURVE ( 'NONE', #9253, #11741, #1435, .T. ) ;
#5239 = ORIENTED_EDGE ( 'NONE', *, *, #11498, .F. ) ;
#5240 = EDGE_CURVE ( 'NONE', #13334, #10995, #5740, .T. ) ;
#5241 = ORIENTED_EDGE ( 'NONE', *, *, #11320, .F. ) ;
#5242 = ADVANCED_FACE ( 'NONE', ( #12913 ), #12980, .T. ) ;
#5243 = CARTESIAN_POINT ( 'NONE',  ( -1.419665625439687329, 2.700000000000000178, -1.435749827895544284 ) ) ;
#5244 = LINE ( 'NONE', #12622, #11209 ) ;
#5245 = VECTOR ( 'NONE', #13278, 1000.000000000000000 ) ;
#5246 = CARTESIAN_POINT ( 'NONE',  ( 31.50000000000002842, 0.000000000000000000, -38.03000000000000824 ) ) ;
#5247 = DIRECTION ( 'NONE',  ( 1.000000000000000000, -0.000000000000000000, 0.000000000000000000 ) ) ;
#5248 = ORIENTED_EDGE ( 'NONE', *, *, #8837, .F. ) ;
#5249 = CARTESIAN_POINT ( 'NONE',  ( 17.21304287813732259, 2.700000000000000178, 9.677438477918482107 ) ) ;
#5250 = DIRECTION ( 'NONE',  ( 0.1978980661722990475, 0.000000000000000000, -0.9802226050266665824 ) ) ;
#5251 = ORIENTED_EDGE ( 'NONE', *, *, #5667, .F. ) ;
#5252 = DIRECTION ( 'NONE',  ( 0.2779401237068993558, 0.000000000000000000, -0.9605984008074308633 ) ) ;
#5253 = DIRECTION ( 'NONE',  ( 0.000000000000000000, 0.000000000000000000, -1.000000000000000000 ) ) ;
#5254 = VERTEX_POINT ( 'NONE', #4715 ) ;
#5255 = EDGE_CURVE ( 'NONE', #4998, #11636, #8883, .T. ) ;
#5256 = DIRECTION ( 'NONE',  ( 0.000000000000000000, 1.000000000000000000, 0.000000000000000000 ) ) ;
#5257 = VECTOR ( 'NONE', #1825, 1000.000000000000114 ) ;
#5258 = VECTOR ( 'NONE', #2976, 1000.000000000000000 ) ;
#5259 = VECTOR ( 'NONE', #74, 1000.000000000000000 ) ;
#5260 = ORIENTED_EDGE ( 'NONE', *, *, #10519, .F. ) ;
#5261 = EDGE_CURVE ( 'NONE', #4975, #8817, #3623, .T. ) ;
#5262 = CARTESIAN_POINT ( 'NONE',  ( -29.01556367386267610, 2.700000000000000178, 5.589733165918477908 ) ) ;
#5263 = ORIENTED_EDGE ( 'NONE', *, *, #3707, .T. ) ;
#5264 = PLANE ( 'NONE',  #2373 ) ;
#5265 = VERTEX_POINT ( 'NONE', #5806 ) ;
#5266 = DIRECTION ( 'NONE',  ( -0.9266947557670093261, 0.000000000000000000, -0.3758148874564751774 ) ) ;
#5267 = LINE ( 'NONE', #3150, #9210 ) ;
#5268 = ORIENTED_EDGE ( 'NONE', *, *, #733, .F. ) ;
#5269 = DIRECTION ( 'NONE',  ( -0.000000000000000000, 1.000000000000000000, -0.000000000000000000 ) ) ;
#5270 = CARTESIAN_POINT ( 'NONE',  ( -50.32295311386267400, 2.700000000000000178, 19.06881110991847805 ) ) ;
#5271 = VECTOR ( 'NONE', #8361, 1000.000000000000000 ) ;
#5272 = VERTEX_POINT ( 'NONE', #9152 ) ;
#5273 = FACE_OUTER_BOUND ( 'NONE', #8583, .T. ) ;
#5274 = CARTESIAN_POINT ( 'NONE',  ( 48.55729007013732712, 2.700000000000000178, 8.479645597918478828 ) ) ;
#5275 = ORIENTED_EDGE ( 'NONE', *, *, #2053, .F. ) ;
#5276 = EDGE_LOOP ( 'NONE', ( #10302, #7730, #3685, #5937 ) ) ;
#5277 = VERTEX_POINT ( 'NONE', #953 ) ;
#5278 = ORIENTED_EDGE ( 'NONE', *, *, #9065, .T. ) ;
#5279 = LINE ( 'NONE', #1245, #2185 ) ;
#5280 = CARTESIAN_POINT ( 'NONE',  ( 5.612360034842508227, 3.000000000000000000, 13.24086507320487627 ) ) ;
#5281 = CARTESIAN_POINT ( 'NONE',  ( 17.10218819899269604, 3.000000000000000000, -17.56091664381943573 ) ) ;
#5282 = DIRECTION ( 'NONE',  ( -0.3824844415231389849, 0.000000000000000000, -0.9239619321123205831 ) ) ;
#5283 = LINE ( 'NONE', #7134, #8300 ) ;
#5284 = DIRECTION ( 'NONE',  ( -1.000000000000000000, 0.000000000000000000, 0.000000000000000000 ) ) ;
#5285 = FACE_OUTER_BOUND ( 'NONE', #412, .T. ) ;
#5286 = ORIENTED_EDGE ( 'NONE', *, *, #4614, .T. ) ;
#5287 = ORIENTED_EDGE ( 'NONE', *, *, #11748, .T. ) ;
#5288 = AXIS2_PLACEMENT_3D ( 'NONE', #8959, #2478, #12681 ) ;
#5289 = VECTOR ( 'NONE', #2542, 1000.000000000000114 ) ;
#5290 = ORIENTED_EDGE ( 'NONE', *, *, #6582, .T. ) ;
#5291 = DIRECTION ( 'NONE',  ( -0.000000000000000000, 1.000000000000000000, -0.000000000000000000 ) ) ;
#5292 = ADVANCED_FACE ( 'NONE', ( #11279 ), #3964, .T. ) ;
#5293 = ORIENTED_EDGE ( 'NONE', *, *, #10270, .T. ) ;
#5294 = DIRECTION ( 'NONE',  ( -0.000000000000000000, 1.000000000000000000, -0.000000000000000000 ) ) ;
#5295 = AXIS2_PLACEMENT_3D ( 'NONE', #9518, #4320, #8489 ) ;
#5296 = EDGE_CURVE ( 'NONE', #870, #10649, #5123, .T. ) ;
#5297 = LINE ( 'NONE', #1129, #12339 ) ;
#5298 = DIRECTION ( 'NONE',  ( -0.3662198424468706137, 0.000000000000000000, 0.9305283590510228242 ) ) ;
#5299 = ORIENTED_EDGE ( 'NONE', *, *, #3538, .T. ) ;
#5300 = VECTOR ( 'NONE', #10102, 1000.000000000000114 ) ;
#5301 = EDGE_CURVE ( 'NONE', #346, #6225, #12228, .T. ) ;
#5302 = DIRECTION ( 'NONE',  ( 0.3739086408200442690, 0.000000000000000000, 0.9274655402332244725 ) ) ;
#5303 = DIRECTION ( 'NONE',  ( -0.000000000000000000, -0.000000000000000000, 1.000000000000000000 ) ) ;
#5304 = FACE_OUTER_BOUND ( 'NONE', #132, .T. ) ;
#5305 = VECTOR ( 'NONE', #11565, 1000.000000000000227 ) ;
#5306 = ORIENTED_EDGE ( 'NONE', *, *, #12494, .T. ) ;
#5307 = ORIENTED_EDGE ( 'NONE', *, *, #2555, .T. ) ;
#5308 = VECTOR ( 'NONE', #11464, 1000.000000000000000 ) ;
#5309 = ORIENTED_EDGE ( 'NONE', *, *, #10793, .T. ) ;
#5310 = FACE_OUTER_BOUND ( 'NONE', #10527, .T. ) ;
#5311 = DIRECTION ( 'NONE',  ( -0.9867994316206483152, 0.000000000000000000, -0.1619471572864598086 ) ) ;
#5312 = MANIFOLD_SOLID_BREP ( 'Schnitt-Linear austragen4', #9118 ) ;
#5313 = DIRECTION ( 'NONE',  ( 0.000000000000000000, 0.000000000000000000, 1.000000000000000000 ) ) ;
#5314 = CARTESIAN_POINT ( 'NONE',  ( -6.327604985862667952, 2.700000000000000178, 1.242517069918482653 ) ) ;
#5315 = ORIENTED_EDGE ( 'NONE', *, *, #8925, .T. ) ;
#5317 = LINE ( 'NONE', #11468, #1121 ) ;
#5316 = VECTOR ( 'NONE', #11292, 1000.000000000000000 ) ;
#5318 = LINE ( 'NONE', #7508, #5048 ) ;
#5319 = ADVANCED_FACE ( 'NONE', ( #12304 ), #10244, .F. ) ;
#5320 = ORIENTED_EDGE ( 'NONE', *, *, #6759, .T. ) ;
#5321 = DIRECTION ( 'NONE',  ( -0.9696479533249672267, 0.000000000000000000, -0.2445053099887652126 ) ) ;
#5322 = DIRECTION ( 'NONE',  ( 1.000000000000000000, 0.000000000000000000, 0.000000000000000000 ) ) ;
#5323 = ORIENTED_EDGE ( 'NONE', *, *, #3609, .F. ) ;
#5324 = LINE ( 'NONE', #6419, #333 ) ;
#5325 = ORIENTED_EDGE ( 'NONE', *, *, #12817, .T. ) ;
#5326 = DIRECTION ( 'NONE',  ( -0.8602552328567079076, 0.000000000000000000, -0.5098636428915590546 ) ) ;
#5327 = EDGE_LOOP ( 'NONE', ( #9530, #3324, #11061, #3014 ) ) ;
#5328 = DIRECTION ( 'NONE',  ( -0.7109850036413786212, 0.000000000000000000, 0.7032071704676147172 ) ) ;
#5329 = EDGE_CURVE ( 'NONE', #8929, #1321, #4102, .T. ) ;
#5330 = ORIENTED_EDGE ( 'NONE', *, *, #2975, .F. ) ;
#5331 = CARTESIAN_POINT ( 'NONE',  ( -3.566354020064851138, 2.700000000000000178, 22.14887377912913990 ) ) ;
#5332 = DIRECTION ( 'NONE',  ( -0.07839261842028527605, 0.000000000000000000, -0.9969225633805323117 ) ) ;
#5333 = ORIENTED_EDGE ( 'NONE', *, *, #10138, .F. ) ;
#5334 = DIRECTION ( 'NONE',  ( -0.000000000000000000, 1.000000000000000000, -0.000000000000000000 ) ) ;
#5335 = CARTESIAN_POINT ( 'NONE',  ( 1.710797890327463877, 3.000000000000000000, 11.46785889120724811 ) ) ;
#5336 = EDGE_CURVE ( 'NONE', #1718, #5428, #2941, .T. ) ;
#5337 = EDGE_CURVE ( 'NONE', #6688, #2811, #6144, .T. ) ;
#5338 = ORIENTED_EDGE ( 'NONE', *, *, #1396, .F. ) ;
#5339 = CARTESIAN_POINT ( 'NONE',  ( -48.42654847386268102, 3.000000000000000000, 18.98695097391848208 ) ) ;
#5340 = CARTESIAN_POINT ( 'NONE',  ( 18.39797786483213571, 2.700000000000000178, -12.23356906931480204 ) ) ;
#5341 = VERTEX_POINT ( 'NONE', #4982 ) ;
#5342 = EDGE_CURVE ( 'NONE', #7533, #10851, #10176, .T. ) ;
#5343 = VERTEX_POINT ( 'NONE', #12434 ) ;
#5344 = VERTEX_POINT ( 'NONE', #1021 ) ;
#5345 = ORIENTED_EDGE ( 'NONE', *, *, #11081, .T. ) ;
#5346 = EDGE_CURVE ( 'NONE', #10635, #1274, #11208, .T. ) ;
#5347 = PLANE ( 'NONE',  #8081 ) ;
#5348 = CARTESIAN_POINT ( 'NONE',  ( -6.042096793862673287, 3.000000000000000000, 0.000000000000000000 ) ) ;
#5349 = AXIS2_PLACEMENT_3D ( 'NONE', #589, #3933, #12065 ) ;
#5350 = DIRECTION ( 'NONE',  ( -0.000000000000000000, 1.000000000000000000, -0.000000000000000000 ) ) ;
#5351 = DIRECTION ( 'NONE',  ( 1.000000000000000000, -0.000000000000000000, 0.000000000000000000 ) ) ;
#5352 = CARTESIAN_POINT ( 'NONE',  ( 6.868772047858149321, 3.000000000000000000, -1.218706808437931555 ) ) ;
#5353 = DIRECTION ( 'NONE',  ( 0.9740126920357834450, 0.000000000000000000, 0.2264934342386245580 ) ) ;
#5354 = DIRECTION ( 'NONE',  ( -0.9995958952948115206, 0.000000000000000000, 0.02842615186345286149 ) ) ;
#5355 = EDGE_LOOP ( 'NONE', ( #7082, #12224, #12520, #10622 ) ) ;
#5356 = ORIENTED_EDGE ( 'NONE', *, *, #10594, .F. ) ;
#5357 = AXIS2_PLACEMENT_3D ( 'NONE', #2795, #11132, #3010 ) ;
#5358 = CIRCLE ( 'NONE', #7110, 2.000000000000001776 ) ;
#5359 = ORIENTED_EDGE ( 'NONE', *, *, #11976, .T. ) ;
#5360 = CARTESIAN_POINT ( 'NONE',  ( -15.30514760986266154, 3.000000000000000000, 11.68599630991847960 ) ) ;
#5361 = AXIS2_PLACEMENT_3D ( 'NONE', #10158, #13372, #8114 ) ;
#5362 = ORIENTED_EDGE ( 'NONE', *, *, #12912, .F. ) ;
#5363 = LINE ( 'NONE', #4335, #10747 ) ;
#5364 = PLANE ( 'NONE',  #2409 ) ;
#5365 = LINE ( 'NONE', #11386, #10964 ) ;
#5366 = VERTEX_POINT ( 'NONE', #7109 ) ;
#5367 = DIRECTION ( 'NONE',  ( -0.4350634650969434913, 0.000000000000000000, -0.9003997897255644478 ) ) ;
#5368 = CARTESIAN_POINT ( 'NONE',  ( -1.373633648988244804, 3.000000000000000000, -2.279889854399685944 ) ) ;
#5369 = LINE ( 'NONE', #2356, #6234 ) ;
#5370 = ADVANCED_FACE ( 'NONE', ( #880 ), #9354, .T. ) ;
#5371 = VECTOR ( 'NONE', #6337, 1000.000000000000114 ) ;
#5372 = ADVANCED_FACE ( 'NONE', ( #5055 ), #5189, .T. ) ;
#5373 = ORIENTED_EDGE ( 'NONE', *, *, #1223, .F. ) ;
#5374 = EDGE_LOOP ( 'NONE', ( #5848, #1437, #12649, #3529 ) ) ;
#5375 = EDGE_CURVE ( 'NONE', #8655, #12691, #4040, .T. ) ;
#5376 = EDGE_CURVE ( 'NONE', #6628, #5442, #1649, .T. ) ;
#5377 = ORIENTED_EDGE ( 'NONE', *, *, #5009, .F. ) ;
#5378 = LINE ( 'NONE', #13377, #9457 ) ;
#5379 = DIRECTION ( 'NONE',  ( 0.7377972739528200208, 0.000000000000000000, -0.6750223570725547573 ) ) ;
#5380 = DIRECTION ( 'NONE',  ( -0.5658925211636305352, 0.000000000000000000, -0.8244790200430026639 ) ) ;
#5381 = LINE ( 'NONE', #9545, #7053 ) ;
#5382 = VERTEX_POINT ( 'NONE', #7170 ) ;
#5383 = CARTESIAN_POINT ( 'NONE',  ( 1.634209812241907978, 2.700000000000000178, 18.14863700311578754 ) ) ;
#5384 = ORIENTED_EDGE ( 'NONE', *, *, #5995, .F. ) ;
#5385 = DIRECTION ( 'NONE',  ( 0.000000000000000000, 1.000000000000000000, 0.000000000000000000 ) ) ;
#5386 = CARTESIAN_POINT ( 'NONE',  ( -11.70448221786267951, 2.700000000000000178, -18.32684079408152300 ) ) ;
#5387 = EDGE_CURVE ( 'NONE', #2760, #818, #11345, .T. ) ;
#5388 = ORIENTED_EDGE ( 'NONE', *, *, #8179, .T. ) ;
#5389 = PLANE ( 'NONE',  #1206 ) ;
#5390 = ORIENTED_EDGE ( 'NONE', *, *, #11263, .F. ) ;
#5391 = EDGE_CURVE ( 'NONE', #6113, #4941, #1977, .T. ) ;
#5392 = VERTEX_POINT ( 'NONE', #4916 ) ;
#5393 = CARTESIAN_POINT ( 'NONE',  ( 8.397946462137328538, 3.000000000000000000, -19.40113684208152023 ) ) ;
#5394 = EDGE_CURVE ( 'NONE', #1321, #6952, #9086, .T. ) ;
#5395 = VECTOR ( 'NONE', #7918, 1000.000000000000114 ) ;
#5396 = ORIENTED_EDGE ( 'NONE', *, *, #6643, .T. ) ;
#5397 = DIRECTION ( 'NONE',  ( 0.8687261457784118956, 0.000000000000000000, -0.4952927252049895701 ) ) ;
#5398 = CARTESIAN_POINT ( 'NONE',  ( 14.71388303013732468, 2.700000000000000178, 19.26306421391848289 ) ) ;
#5399 = ORIENTED_EDGE ( 'NONE', *, *, #3292, .F. ) ;
#5400 = DIRECTION ( 'NONE',  ( 0.9225015595500914989, 0.000000000000000000, 0.3859933582688291342 ) ) ;
#5401 = CARTESIAN_POINT ( 'NONE',  ( -11.74899520986267376, 2.700000000000000178, 13.47581746991847673 ) ) ;
#5402 = ORIENTED_EDGE ( 'NONE', *, *, #10003, .F. ) ;
#5403 = CARTESIAN_POINT ( 'NONE',  ( 20.25390751013731006, 2.700000000000000178, 10.02225566991848460 ) ) ;
#5404 = LINE ( 'NONE', #4252, #3913 ) ;
#5405 = ORIENTED_EDGE ( 'NONE', *, *, #13439, .F. ) ;
#5406 = ADVANCED_FACE ( 'NONE', ( #1282 ), #5389, .T. ) ;
#5407 = VECTOR ( 'NONE', #5695, 1000.000000000000000 ) ;
#5408 = EDGE_CURVE ( 'NONE', #8138, #276, #62, .T. ) ;
#5409 = ORIENTED_EDGE ( 'NONE', *, *, #13394, .F. ) ;
#5410 = VERTEX_POINT ( 'NONE', #1086 ) ;
#5411 = EDGE_CURVE ( 'NONE', #9325, #7905, #6543, .T. ) ;
#5412 = VECTOR ( 'NONE', #7127, 1000.000000000000000 ) ;
#5413 = ORIENTED_EDGE ( 'NONE', *, *, #1538, .T. ) ;
#5414 = EDGE_CURVE ( 'NONE', #8974, #10776, #326, .T. ) ;
#5415 = LINE ( 'NONE', #2337, #10476 ) ;
#5416 = PLANE ( 'NONE',  #8139 ) ;
#5417 = CARTESIAN_POINT ( 'NONE',  ( 52.50000000000095923, 3.000000000000000000, 46.97000000000000597 ) ) ;
#5418 = FACE_OUTER_BOUND ( 'NONE', #3562, .T. ) ;
#5419 = FACE_OUTER_BOUND ( 'NONE', #1837, .T. ) ;
#5420 = LINE ( 'NONE', #9580, #2003 ) ;
#5421 = CARTESIAN_POINT ( 'NONE',  ( 39.52166679013733841, 2.700000000000000178, 9.347365477918494037 ) ) ;
#5422 = ORIENTED_EDGE ( 'NONE', *, *, #11436, .F. ) ;
#5423 = ORIENTED_EDGE ( 'NONE', *, *, #10605, .T. ) ;
#5424 = ADVANCED_FACE ( 'NONE', ( #9688 ), #4361, .T. ) ;
#5425 = EDGE_CURVE ( 'NONE', #12182, #574, #4698, .T. ) ;
#5426 = ORIENTED_EDGE ( 'NONE', *, *, #7588, .F. ) ;
#5427 = DIRECTION ( 'NONE',  ( 0.4325153727304008044, 0.000000000000000000, 0.9016265592538201812 ) ) ;
#5428 = VERTEX_POINT ( 'NONE', #4299 ) ;
#5429 = PLANE ( 'NONE',  #8565 ) ;
#5430 = CARTESIAN_POINT ( 'NONE',  ( 60.00000000000002842, 3.000000000000000000, -50.99999999999999289 ) ) ;
#5431 = VECTOR ( 'NONE', #822, 1000.000000000000114 ) ;
#5432 = ORIENTED_EDGE ( 'NONE', *, *, #2256, .F. ) ;
#5433 = VECTOR ( 'NONE', #9352, 1000.000000000000114 ) ;
#5434 = CARTESIAN_POINT ( 'NONE',  ( -2.866803210180981054, 2.700000000000000178, 11.36903679296438519 ) ) ;
#5435 = PLANE ( 'NONE',  #1102 ) ;
#5436 = EDGE_CURVE ( 'NONE', #12628, #7258, #12570, .T. ) ;
#5437 = DIRECTION ( 'NONE',  ( -1.000000000000000000, 0.000000000000000000, 0.000000000000000000 ) ) ;
#5438 = ORIENTED_EDGE ( 'NONE', *, *, #6647, .T. ) ;
#5439 = ORIENTED_EDGE ( 'NONE', *, *, #4577, .T. ) ;
#5440 = AXIS2_PLACEMENT_3D ( 'NONE', #3275, #4544, #5575 ) ;
#5441 = AXIS2_PLACEMENT_3D ( 'NONE', #13467, #898, #12321 ) ;
#5442 = VERTEX_POINT ( 'NONE', #11682 ) ;
#5443 = CARTESIAN_POINT ( 'NONE',  ( 32.19390293413731285, 2.700000000000000178, 1.233503117918480996 ) ) ;
#5444 = CARTESIAN_POINT ( 'NONE',  ( 38.36223807013732312, 3.000000000000000000, 20.48923905391848166 ) ) ;
#5445 = LINE ( 'NONE', #10633, #4718 ) ;
#5446 = LINE ( 'NONE', #254, #10965 ) ;
#5447 = ORIENTED_EDGE ( 'NONE', *, *, #619, .F. ) ;
#5448 = CARTESIAN_POINT ( 'NONE',  ( 0.000000000000000000, 3.000000000000000000, 20.48923905391848166 ) ) ;
#5449 = ADVANCED_FACE ( 'NONE', ( #6479 ), #10710, .T. ) ;
#5450 = ORIENTED_EDGE ( 'NONE', *, *, #10901, .T. ) ;
#5451 = DIRECTION ( 'NONE',  ( 0.1327459462044933425, 0.000000000000000000, 0.9911500964870425534 ) ) ;
#5452 = CARTESIAN_POINT ( 'NONE',  ( -59.99999999999998579, 0.000000000000000000, 25.54999999999999005 ) ) ;
#5453 = VECTOR ( 'NONE', #2420, 1000.000000000000000 ) ;
#5454 = ORIENTED_EDGE ( 'NONE', *, *, #2571, .F. ) ;
#5455 = DIRECTION ( 'NONE',  ( 0.000000000000000000, 0.000000000000000000, 1.000000000000000000 ) ) ;
#5456 = ORIENTED_EDGE ( 'NONE', *, *, #10077, .F. ) ;
#5457 = VECTOR ( 'NONE', #6792, 1000.000000000000114 ) ;
#5458 = ORIENTED_EDGE ( 'NONE', *, *, #7464, .T. ) ;
#5459 = CARTESIAN_POINT ( 'NONE',  ( -8.796037945862682506, 2.700000000000000178, 9.873927797918481630 ) ) ;
#5460 = EDGE_CURVE ( 'NONE', #6309, #2162, #5324, .T. ) ;
#5461 = ORIENTED_EDGE ( 'NONE', *, *, #1468, .T. ) ;
#5462 = LINE ( 'NONE', #4177, #12090 ) ;
#5463 = CARTESIAN_POINT ( 'NONE',  ( 20.88988591813730622, 2.700000000000000178, 18.23128471791848071 ) ) ;
#5464 = ORIENTED_EDGE ( 'NONE', *, *, #12808, .T. ) ;
#5465 = DIRECTION ( 'NONE',  ( -0.3859933582688292453, 0.000000000000000000, 0.9225015595500917209 ) ) ;
#5466 = LINE ( 'NONE', #11486, #8027 ) ;
#5467 = EDGE_CURVE ( 'NONE', #4464, #4605, #10579, .T. ) ;
#5468 = VERTEX_POINT ( 'NONE', #3273 ) ;
#5469 = CARTESIAN_POINT ( 'NONE',  ( -30.53592131386267283, 3.000000000000000000, -0.000000000000000000 ) ) ;
#5470 = DIRECTION ( 'NONE',  ( 0.01008096314144695492, 0.000000000000000000, 0.9999491858000288946 ) ) ;
#5471 = EDGE_LOOP ( 'NONE', ( #1518, #7294, #7024, #3892 ) ) ;
#5472 = VECTOR ( 'NONE', #7151, 1000.000000000000000 ) ;
#5473 = AXIS2_PLACEMENT_3D ( 'NONE', #2746, #7804, #12927 ) ;
#5474 = CARTESIAN_POINT ( 'NONE',  ( 60.00000000000002842, 3.000000000000000000, 50.99999999999997868 ) ) ;
#5475 = EDGE_CURVE ( 'NONE', #1909, #2122, #4431, .T. ) ;
#5476 = ORIENTED_EDGE ( 'NONE', *, *, #10395, .F. ) ;
#5477 = ORIENTED_EDGE ( 'NONE', *, *, #13250, .T. ) ;
#5478 = ORIENTED_EDGE ( 'NONE', *, *, #11730, .F. ) ;
#5479 = ADVANCED_FACE ( 'NONE', ( #11476 ), #2112, .T. ) ;
#5480 = VECTOR ( 'NONE', #6045, 1000.000000000000000 ) ;
#5481 = DIRECTION ( 'NONE',  ( 0.9960954332223640462, 0.000000000000000000, -0.08828299900632519126 ) ) ;
#5483 = VECTOR ( 'NONE', #2079, 1000.000000000000114 ) ;
#5482 = DIRECTION ( 'NONE',  ( -0.000000000000000000, 1.000000000000000000, -0.000000000000000000 ) ) ;
#5484 = PLANE ( 'NONE',  #10491 ) ;
#5485 = CARTESIAN_POINT ( 'NONE',  ( 0.000000000000000000, 2.700000000000000178, 0.000000000000000000 ) ) ;
#5486 = CARTESIAN_POINT ( 'NONE',  ( 43.33613719013732180, 3.000000000000000000, 8.499415941918480044 ) ) ;
#5487 = CARTESIAN_POINT ( 'NONE',  ( 48.28571631813731813, 2.700000000000000178, 9.764246533918486293 ) ) ;
#5488 = DIRECTION ( 'NONE',  ( -0.000000000000000000, -1.000000000000000000, -0.000000000000000000 ) ) ;
#5489 = VERTEX_POINT ( 'NONE', #2181 ) ;
#5490 = ADVANCED_FACE ( 'NONE', ( #7442 ), #11540, .T. ) ;
#5491 = VECTOR ( 'NONE', #1732, 1000.000000000000114 ) ;
#5492 = ORIENTED_EDGE ( 'NONE', *, *, #4950, .F. ) ;
#5493 = VECTOR ( 'NONE', #3503, 1000.000000000000000 ) ;
#5494 = ORIENTED_EDGE ( 'NONE', *, *, #213, .T. ) ;
#5495 = FACE_OUTER_BOUND ( 'NONE', #4349, .T. ) ;
#5496 = VERTEX_POINT ( 'NONE', #12706 ) ;
#5497 = FACE_OUTER_BOUND ( 'NONE', #9746, .T. ) ;
#5498 = DIRECTION ( 'NONE',  ( -0.000000000000000000, 1.000000000000000000, -0.000000000000000000 ) ) ;
#5499 = EDGE_CURVE ( 'NONE', #1241, #11931, #8597, .T. ) ;
#5500 = ORIENTED_EDGE ( 'NONE', *, *, #6236, .F. ) ;
#5501 = PLANE ( 'NONE',  #10961 ) ;
#5502 = FACE_OUTER_BOUND ( 'NONE', #883, .T. ) ;
#5503 = ADVANCED_FACE ( 'NONE', ( #3342 ), #3407, .T. ) ;
#5504 = PLANE ( 'NONE',  #3392 ) ;
#5505 = VECTOR ( 'NONE', #2407, 1000.000000000000000 ) ;
#5506 = EDGE_LOOP ( 'NONE', ( #12833, #4117, #10265, #7299 ) ) ;
#5507 = VECTOR ( 'NONE', #1956, 1000.000000000000000 ) ;
#5508 = VERTEX_POINT ( 'NONE', #5522 ) ;
#5509 = PLANE ( 'NONE',  #1421 ) ;
#5510 = DIRECTION ( 'NONE',  ( -0.04163830419599155730, 0.000000000000000000, 0.9991327497503433852 ) ) ;
#5511 = VECTOR ( 'NONE', #13432, 1000.000000000000000 ) ;
#5512 = VECTOR ( 'NONE', #9745, 1000.000000000000000 ) ;
#5513 = CARTESIAN_POINT ( 'NONE',  ( -10.60563452986267308, 3.000000000000000000, 8.380763397918485680 ) ) ;
#5514 = CARTESIAN_POINT ( 'NONE',  ( 17.21304287813732259, 2.700000000000000178, 9.677438477918482107 ) ) ;
#5515 = ORIENTED_EDGE ( 'NONE', *, *, #2070, .T. ) ;
#5516 = CARTESIAN_POINT ( 'NONE',  ( 52.49999999999999289, 0.000000000000000000, -45.26999999999998892 ) ) ;
#5517 = ORIENTED_EDGE ( 'NONE', *, *, #6922, .T. ) ;
#5518 = DIRECTION ( 'NONE',  ( 0.9962356249260626573, 0.000000000000000000, -0.08668667503242517836 ) ) ;
#5519 = CARTESIAN_POINT ( 'NONE',  ( 2.075230450569633067, 2.700000000000000178, 22.13292393099385791 ) ) ;
#5520 = EDGE_LOOP ( 'NONE', ( #3191, #6345, #9020, #9088, #4922, #2257, #10587, #8175, #10263, #1263, #10717, #8315, #8693, #11194, #2620, #4768, #9906, #5168 ) ) ;
#5521 = VECTOR ( 'NONE', #3518, 1000.000000000000114 ) ;
#5522 = CARTESIAN_POINT ( 'NONE',  ( 33.73689807013732889, 2.700000000000000178, 12.67484777391848283 ) ) ;
#5523 = VERTEX_POINT ( 'NONE', #1484 ) ;
#5524 = VECTOR ( 'NONE', #10013, 999.9999999999998863 ) ;
#5525 = AXIS2_PLACEMENT_3D ( 'NONE', #1361, #2460, #7649 ) ;
#5526 = CARTESIAN_POINT ( 'NONE',  ( 6.954162152086365900, 3.000000000000000000, 21.76954027936069025 ) ) ;
#5527 = ORIENTED_EDGE ( 'NONE', *, *, #4126, .F. ) ;
#5528 = CARTESIAN_POINT ( 'NONE',  ( 9.109576230137328423, 3.000000000000000000, -18.47147245808151439 ) ) ;
#5529 = PLANE ( 'NONE',  #2670 ) ;
#5530 = VERTEX_POINT ( 'NONE', #4697 ) ;
#5531 = CARTESIAN_POINT ( 'NONE',  ( 0.5654912037783402790, 3.000000000000000000, 19.88530451949430500 ) ) ;
#5532 = LINE ( 'NONE', #10856, #8596 ) ;
#5533 = VERTEX_POINT ( 'NONE', #2718 ) ;
#5534 = DIRECTION ( 'NONE',  ( 0.000000000000000000, 0.000000000000000000, -1.000000000000000000 ) ) ;
#5535 = DIRECTION ( 'NONE',  ( 0.9934094000795794521, 0.000000000000000000, 0.1146200847737000039 ) ) ;
#5536 = ORIENTED_EDGE ( 'NONE', *, *, #1737, .F. ) ;
#5537 = PLANE ( 'NONE',  #11900 ) ;
#5538 = EDGE_CURVE ( 'NONE', #12729, #11161, #10912, .T. ) ;
#5539 = EDGE_LOOP ( 'NONE', ( #9340, #7242, #8533, #100 ) ) ;
#5541 = VERTEX_POINT ( 'NONE', #1684 ) ;
#5540 = EDGE_CURVE ( 'NONE', #2302, #12702, #12006, .T. ) ;
#5542 = VECTOR ( 'NONE', #10394, 1000.000000000000114 ) ;
#5543 = VECTOR ( 'NONE', #2120, 1000.000000000000000 ) ;
#5544 = CARTESIAN_POINT ( 'NONE',  ( -6.276145963849684151, 3.000000000000000000, 11.27642936789862915 ) ) ;
#5545 = ORIENTED_EDGE ( 'NONE', *, *, #7892, .T. ) ;
#5546 = FACE_OUTER_BOUND ( 'NONE', #2671, .T. ) ;
#5547 = CARTESIAN_POINT ( 'NONE',  ( -3.325474825183504457, 2.700000000000000178, -2.222029321611294073 ) ) ;
#5548 = ADVANCED_FACE ( 'NONE', ( #9892 ), #6742, .T. ) ;
#5549 = EDGE_CURVE ( 'NONE', #1316, #6202, #5654, .T. ) ;
#5550 = CARTESIAN_POINT ( 'NONE',  ( 24.91882071013732158, 2.700000000000000178, -17.95232592208152411 ) ) ;
#5551 = CARTESIAN_POINT ( 'NONE',  ( -7.080389865862670717, 3.000000000000000000, 9.559968557918484322 ) ) ;
#5552 = FACE_OUTER_BOUND ( 'NONE', #12428, .T. ) ;
#5553 = CARTESIAN_POINT ( 'NONE',  ( 26.10684576613731878, 2.700000000000000178, 0.9301204379184823123 ) ) ;
#5554 = LINE ( 'NONE', #12665, #1770 ) ;
#5555 = CARTESIAN_POINT ( 'NONE',  ( 0.7250752508403831564, 3.000000000000000000, -1.283474184645745142 ) ) ;
#5556 = EDGE_LOOP ( 'NONE', ( #7966, #2655, #8336, #12322 ) ) ;
#5557 = ORIENTED_EDGE ( 'NONE', *, *, #3045, .F. ) ;
#5558 = EDGE_CURVE ( 'NONE', #1360, #10037, #5566, .T. ) ;
#5559 = CARTESIAN_POINT ( 'NONE',  ( 0.000000000000000000, 0.000000000000000000, 0.000000000000000000 ) ) ;
#5560 = ORIENTED_EDGE ( 'NONE', *, *, #10177, .F. ) ;
#5561 = LINE ( 'NONE', #8568, #7415 ) ;
#5562 = VERTEX_POINT ( 'NONE', #8800 ) ;
#5563 = FACE_OUTER_BOUND ( 'NONE', #6799, .T. ) ;
#5564 = CARTESIAN_POINT ( 'NONE',  ( -49.17822489786266260, 2.700000000000000178, 18.41759676591847850 ) ) ;
#5566 = CIRCLE ( 'NONE', #8201, 1.700000000000000178 ) ;
#5565 = CARTESIAN_POINT ( 'NONE',  ( 48.28571631813731813, 3.000000000000000000, 9.764246533918486293 ) ) ;
#5567 = DIRECTION ( 'NONE',  ( 0.000000000000000000, 1.000000000000000000, -0.000000000000000000 ) ) ;
#5568 = AXIS2_PLACEMENT_3D ( 'NONE', #4485, #3329, #7765 ) ;
#5569 = CARTESIAN_POINT ( 'NONE',  ( 50.22000000000002728, 0.000000000000000000, -30.13000000000000611 ) ) ;
#5570 = FACE_OUTER_BOUND ( 'NONE', #4955, .T. ) ;
#5571 = LINE ( 'NONE', #5707, #9943 ) ;
#5572 = EDGE_CURVE ( 'NONE', #8224, #1217, #10022, .T. ) ;
#5573 = VECTOR ( 'NONE', #12829, 1000.000000000000000 ) ;
#5574 = VERTEX_POINT ( 'NONE', #2651 ) ;
#5575 = DIRECTION ( 'NONE',  ( 0.8291468362087868194, 0.000000000000000000, -0.5590308792946586669 ) ) ;
#5576 = EDGE_CURVE ( 'NONE', #7658, #10407, #9753, .T. ) ;
#5577 = ORIENTED_EDGE ( 'NONE', *, *, #6661, .F. ) ;
#5578 = EDGE_CURVE ( 'NONE', #7814, #6081, #12965, .T. ) ;
#5579 = CARTESIAN_POINT ( 'NONE',  ( 18.81647618484391060, 2.700000000000000178, 20.48187093134938053 ) ) ;
#5580 = DIRECTION ( 'NONE',  ( -0.8282590506510937312, 0.000000000000000000, -0.5603453801135056533 ) ) ;
#5581 = DIRECTION ( 'NONE',  ( 0.000000000000000000, 0.000000000000000000, 1.000000000000000000 ) ) ;
#5582 = LINE ( 'NONE', #381, #3556 ) ;
#5583 = ORIENTED_EDGE ( 'NONE', *, *, #7009, .F. ) ;
#5584 = LINE ( 'NONE', #9747, #902 ) ;
#5585 = ORIENTED_EDGE ( 'NONE', *, *, #11719, .T. ) ;
#5586 = DIRECTION ( 'NONE',  ( -0.000000000000000000, 1.000000000000000000, -0.000000000000000000 ) ) ;
#5587 = FACE_OUTER_BOUND ( 'NONE', #11143, .T. ) ;
#5588 = VERTEX_POINT ( 'NONE', #2445 ) ;
#5589 = DIRECTION ( 'NONE',  ( 0.000000000000000000, 0.000000000000000000, 1.000000000000000000 ) ) ;
#5590 = EDGE_CURVE ( 'NONE', #10536, #5410, #1556, .T. ) ;
#5591 = ORIENTED_EDGE ( 'NONE', *, *, #12811, .T. ) ;
#5592 = EDGE_CURVE ( 'NONE', #198, #9516, #6881, .T. ) ;
#5593 = DIRECTION ( 'NONE',  ( -0.5584504237620572242, 0.000000000000000000, -0.8295378979889819204 ) ) ;
#5594 = ORIENTED_EDGE ( 'NONE', *, *, #9174, .F. ) ;
#5595 = DIRECTION ( 'NONE',  ( 0.000000000000000000, 0.000000000000000000, -1.000000000000000000 ) ) ;
#5596 = DIRECTION ( 'NONE',  ( 0.3565883230318260266, 0.000000000000000000, -0.9342616163994698075 ) ) ;
#5597 = VERTEX_POINT ( 'NONE', #7775 ) ;
#5598 = FACE_OUTER_BOUND ( 'NONE', #11656, .T. ) ;
#5599 = CARTESIAN_POINT ( 'NONE',  ( -40.23654402586267054, 2.700000000000000178, 18.86999616591847939 ) ) ;
#5600 = VECTOR ( 'NONE', #7069, 1000.000000000000000 ) ;
#5601 = ORIENTED_EDGE ( 'NONE', *, *, #1749, .F. ) ;
#5602 = CARTESIAN_POINT ( 'NONE',  ( 25.11376367813733879, 2.700000000000000178, -19.40113684208152023 ) ) ;
#5603 = CARTESIAN_POINT ( 'NONE',  ( -38.99566461786267269, 2.700000000000000178, 15.04592659791848064 ) ) ;
#5604 = ORIENTED_EDGE ( 'NONE', *, *, #12805, .F. ) ;
#5605 = CARTESIAN_POINT ( 'NONE',  ( 41.97154759013730541, 2.700000000000000178, 9.599522453918481801 ) ) ;
#5606 = ORIENTED_EDGE ( 'NONE', *, *, #2117, .T. ) ;
#5607 = ORIENTED_EDGE ( 'NONE', *, *, #26, .T. ) ;
#5608 = CARTESIAN_POINT ( 'NONE',  ( 19.31451391013732533, 2.700000000000000178, 10.84052886191848231 ) ) ;
#5609 = ORIENTED_EDGE ( 'NONE', *, *, #9087, .F. ) ;
#5610 = LINE ( 'NONE', #7663, #7614 ) ;
#5611 = DIRECTION ( 'NONE',  ( -0.8598862481892435294, 0.000000000000000000, 0.5104856904703860554 ) ) ;
#5612 = DIRECTION ( 'NONE',  ( 0.8687261457784118956, 0.000000000000000000, -0.4952927252049895701 ) ) ;
#5613 = DIRECTION ( 'NONE',  ( 0.05349791840702061013, 0.000000000000000000, 0.9985679609952022862 ) ) ;
#5614 = DIRECTION ( 'NONE',  ( -0.6295866936947176473, 0.000000000000000000, 0.7769302382598799461 ) ) ;
#5615 = CARTESIAN_POINT ( 'NONE',  ( 40.55008231013732001, 2.700000000000000178, 8.729333693918489345 ) ) ;
#5616 = CARTESIAN_POINT ( 'NONE',  ( 15.30621689840393174, 2.700000000000000178, 19.82345155038001039 ) ) ;
#5617 = DIRECTION ( 'NONE',  ( 0.3630851823906604547, 0.000000000000000000, 0.9317559499827949843 ) ) ;
#5618 = LINE ( 'NONE', #6645, #8715 ) ;
#5619 = ORIENTED_EDGE ( 'NONE', *, *, #1911, .F. ) ;
#5620 = ADVANCED_FACE ( 'NONE', ( #4558 ), #13030, .T. ) ;
#5621 = EDGE_CURVE ( 'NONE', #7606, #12625, #2514, .T. ) ;
#5622 = DIRECTION ( 'NONE',  ( 0.9947948113604199172, 0.000000000000000000, -0.1018983968980210486 ) ) ;
#5623 = CARTESIAN_POINT ( 'NONE',  ( -28.12312451386268108, 3.000000000000000000, -19.40346449808151874 ) ) ;
#5624 = ORIENTED_EDGE ( 'NONE', *, *, #4753, .T. ) ;
#5625 = FACE_OUTER_BOUND ( 'NONE', #586, .T. ) ;
#5626 = VECTOR ( 'NONE', #8275, 999.9999999999998863 ) ;
#5627 = VERTEX_POINT ( 'NONE', #7841 ) ;
#5628 = DIRECTION ( 'NONE',  ( -0.000000000000000000, 1.000000000000000000, -0.000000000000000000 ) ) ;
#5629 = CARTESIAN_POINT ( 'NONE',  ( 3.426465422137319194, 2.700000000000000178, -19.41852365008151438 ) ) ;
#5630 = EDGE_CURVE ( 'NONE', #8808, #229, #1626, .T. ) ;
#5631 = LINE ( 'NONE', #8776, #3963 ) ;
#5632 = DIRECTION ( 'NONE',  ( -0.9606829169602377760, 0.000000000000000000, 0.2776478580158124321 ) ) ;
#5633 = DIRECTION ( 'NONE',  ( 1.000000000000000000, 0.000000000000000000, 0.000000000000000000 ) ) ;
#5634 = DIRECTION ( 'NONE',  ( -0.2988038448905470101, 0.000000000000000000, 0.9543145510148243194 ) ) ;
#5635 = CARTESIAN_POINT ( 'NONE',  ( -15.02734809455473552, 2.700000000000000178, 26.14510424875141226 ) ) ;
#5636 = EDGE_CURVE ( 'NONE', #1070, #4138, #6682, .T. ) ;
#5637 = EDGE_CURVE ( 'NONE', #10685, #9277, #4762, .T. ) ;
#5638 = ORIENTED_EDGE ( 'NONE', *, *, #11449, .F. ) ;
#5639 = CARTESIAN_POINT ( 'NONE',  ( -40.16732496186267554, 2.700000000000000178, 13.45109514191848277 ) ) ;
#5640 = ORIENTED_EDGE ( 'NONE', *, *, #7081, .T. ) ;
#5641 = VECTOR ( 'NONE', #199, 1000.000000000000000 ) ;
#5642 = EDGE_CURVE ( 'NONE', #10366, #6919, #3738, .T. ) ;
#5643 = DIRECTION ( 'NONE',  ( -0.1231827809125627532, 0.000000000000000000, 0.9923839995116040535 ) ) ;
#5644 = LINE ( 'NONE', #1338, #8802 ) ;
#5645 = CARTESIAN_POINT ( 'NONE',  ( -43.12151564986267971, 2.700000000000000178, 19.33228327791848145 ) ) ;
#5646 = FACE_OUTER_BOUND ( 'NONE', #11154, .T. ) ;
#5647 = ORIENTED_EDGE ( 'NONE', *, *, #9915, .T. ) ;
#5648 = PLANE ( 'NONE',  #2649 ) ;
#5649 = DIRECTION ( 'NONE',  ( -0.1976663333700530711, 0.000000000000000000, -0.9802693612737465312 ) ) ;
#5650 = LINE ( 'NONE', #3734, #2415 ) ;
#5651 = VERTEX_POINT ( 'NONE', #3467 ) ;
#5652 = EDGE_CURVE ( 'NONE', #1255, #5341, #7636, .T. ) ;
#5653 = EDGE_CURVE ( 'NONE', #614, #10655, #8183, .T. ) ;
#5654 = LINE ( 'NONE', #12076, #7979 ) ;
#5655 = VECTOR ( 'NONE', #5059, 1000.000000000000227 ) ;
#5656 = VECTOR ( 'NONE', #6897, 1000.000000000000000 ) ;
#5657 = EDGE_CURVE ( 'NONE', #11481, #13061, #4023, .T. ) ;
#5658 = ORIENTED_EDGE ( 'NONE', *, *, #8550, .T. ) ;
#5659 = DIRECTION ( 'NONE',  ( 0.1021953906665737238, 0.000000000000000000, 0.9947643450217275030 ) ) ;
#5660 = ORIENTED_EDGE ( 'NONE', *, *, #9019, .T. ) ;
#5661 = CARTESIAN_POINT ( 'NONE',  ( -28.64227104986268202, 3.000000000000000000, 0.7641426139184834820 ) ) ;
#5662 = VECTOR ( 'NONE', #233, 1000.000000000000227 ) ;
#5663 = LINE ( 'NONE', #9827, #6809 ) ;
#5664 = ORIENTED_EDGE ( 'NONE', *, *, #530, .F. ) ;
#5665 = LINE ( 'NONE', #541, #9401 ) ;
#5666 = DIRECTION ( 'NONE',  ( -0.000000000000000000, 0.000000000000000000, -1.000000000000000000 ) ) ;
#5667 = EDGE_CURVE ( 'NONE', #1718, #6452, #1827, .T. ) ;
#5668 = ORIENTED_EDGE ( 'NONE', *, *, #8602, .F. ) ;
#5669 = CARTESIAN_POINT ( 'NONE',  ( -48.42654847386268102, 2.700000000000000178, 18.98695097391848208 ) ) ;
#5670 = DIRECTION ( 'NONE',  ( -0.000000000000000000, 1.000000000000000000, -0.000000000000000000 ) ) ;
#5671 = VERTEX_POINT ( 'NONE', #10223 ) ;
#5672 = LINE ( 'NONE', #9911, #3390 ) ;
#5673 = EDGE_CURVE ( 'NONE', #8669, #5843, #7021, .T. ) ;
#5674 = EDGE_LOOP ( 'NONE', ( #10392, #4831, #12524, #2113 ) ) ;
#5675 = AXIS2_PLACEMENT_3D ( 'NONE', #9575, #7598, #3429 ) ;
#5676 = ORIENTED_EDGE ( 'NONE', *, *, #13009, .T. ) ;
#5677 = FACE_BOUND ( 'NONE', #13217, .T. ) ;
#5678 = VERTEX_POINT ( 'NONE', #12143 ) ;
#5679 = CARTESIAN_POINT ( 'NONE',  ( 25.85095499013732478, 2.700000000000000178, -18.66395061008152112 ) ) ;
#5680 = CARTESIAN_POINT ( 'NONE',  ( 37.12618263013732189, 3.000000000000000000, 8.684835941918485958 ) ) ;
#5681 = LINE ( 'NONE', #7802, #5036 ) ;
#5682 = DIRECTION ( 'NONE',  ( 0.9985679609952021751, 0.000000000000000000, -0.05349791840702060319 ) ) ;
#5683 = LINE ( 'NONE', #13126, #8520 ) ;
#5684 = CARTESIAN_POINT ( 'NONE',  ( -57.99999999999997868, 3.000000000000000000, 50.99999999999999289 ) ) ;
#5685 = VECTOR ( 'NONE', #7473, 999.9999999999998863 ) ;
#5686 = CARTESIAN_POINT ( 'NONE',  ( 25.95464287013731308, 2.700000000000000178, -18.14267961808151242 ) ) ;
#5687 = PLANE ( 'NONE',  #4226 ) ;
#5688 = CARTESIAN_POINT ( 'NONE',  ( 52.50000000000095923, 0.000000000000000000, 45.27000000000000313 ) ) ;
#5689 = ORIENTED_EDGE ( 'NONE', *, *, #698, .F. ) ;
#5690 = ORIENTED_EDGE ( 'NONE', *, *, #5391, .F. ) ;
#5691 = AXIS2_PLACEMENT_3D ( 'NONE', #9301, #11286, #687 ) ;
#5692 = VECTOR ( 'NONE', #12336, 1000.000000000000000 ) ;
#5693 = VECTOR ( 'NONE', #12190, 1000.000000000000000 ) ;
#5694 = VECTOR ( 'NONE', #1096, 1000.000000000000000 ) ;
#5695 = DIRECTION ( 'NONE',  ( -0.6981011568676802614, 0.000000000000000000, 0.7159991443989346394 ) ) ;
#5696 = ORIENTED_EDGE ( 'NONE', *, *, #4301, .F. ) ;
#5697 = LINE ( 'NONE', #6860, #12870 ) ;
#5698 = ORIENTED_EDGE ( 'NONE', *, *, #13319, .T. ) ;
#5699 = CARTESIAN_POINT ( 'NONE',  ( 0.000000000000000000, 2.700000000000000178, 3.809800733918486948 ) ) ;
#5700 = LINE ( 'NONE', #9868, #8947 ) ;
#5701 = VECTOR ( 'NONE', #10349, 1000.000000000000000 ) ;
#5702 = CARTESIAN_POINT ( 'NONE',  ( -17.06956812845487903, 2.700000000000000178, 15.06138651336096856 ) ) ;
#5703 = CARTESIAN_POINT ( 'NONE',  ( 13.22529891032344729, 2.700000000000000178, 23.40307345709523545 ) ) ;
#5704 = VECTOR ( 'NONE', #8228, 1000.000000000000000 ) ;
#5705 = FACE_OUTER_BOUND ( 'NONE', #10446, .T. ) ;
#5706 = DIRECTION ( 'NONE',  ( 0.05598503070723975100, 0.000000000000000000, -0.9984316082420015004 ) ) ;
#5707 = CARTESIAN_POINT ( 'NONE',  ( 9.008414284718385900, 3.000000000000000000, 19.06306419901207150 ) ) ;
#5708 = EDGE_CURVE ( 'NONE', #11630, #6351, #5107, .T. ) ;
#5709 = ORIENTED_EDGE ( 'NONE', *, *, #13483, .F. ) ;
#5710 = EDGE_CURVE ( 'NONE', #4981, #1901, #12352, .T. ) ;
#5711 = CARTESIAN_POINT ( 'NONE',  ( 19.20918529062246094, 2.700000000000000178, 18.72900907601855636 ) ) ;
#5712 = ORIENTED_EDGE ( 'NONE', *, *, #11981, .T. ) ;
#5713 = DIRECTION ( 'NONE',  ( 1.000000000000000000, 0.000000000000000000, -0.000000000000000000 ) ) ;
#5714 = CARTESIAN_POINT ( 'NONE',  ( -48.85071221786267870, 2.700000000000000178, 20.13962532591848031 ) ) ;
#5715 = VECTOR ( 'NONE', #12661, 1000.000000000000000 ) ;
#5716 = ADVANCED_FACE ( 'NONE', ( #2992 ), #12413, .T. ) ;
#5717 = CARTESIAN_POINT ( 'NONE',  ( 52.07883243013732510, 2.700000000000000178, 9.454279157918483278 ) ) ;
#5718 = CARTESIAN_POINT ( 'NONE',  ( -2.327679355431374386, 2.700000000000000178, 10.10530233178950255 ) ) ;
#5719 = VERTEX_POINT ( 'NONE', #13231 ) ;
#5720 = DIRECTION ( 'NONE',  ( 0.000000000000000000, 0.000000000000000000, 1.000000000000000000 ) ) ;
#5721 = LINE ( 'NONE', #6739, #4377 ) ;
#5722 = ORIENTED_EDGE ( 'NONE', *, *, #641, .F. ) ;
#5723 = DIRECTION ( 'NONE',  ( -0.000000000000000000, 1.000000000000000000, -0.000000000000000000 ) ) ;
#5724 = AXIS2_PLACEMENT_3D ( 'NONE', #5434, #12548, #3187 ) ;
#5725 = VERTEX_POINT ( 'NONE', #6059 ) ;
#5726 = AXIS2_PLACEMENT_3D ( 'NONE', #6516, #10687, #1324 ) ;
#5727 = VECTOR ( 'NONE', #10153, 1000.000000000000114 ) ;
#5728 = LINE ( 'NONE', #8735, #4992 ) ;
#5729 = ORIENTED_EDGE ( 'NONE', *, *, #3458, .F. ) ;
#5730 = CARTESIAN_POINT ( 'NONE',  ( -27.60645092186267746, 2.700000000000000178, 0.5614282619184862710 ) ) ;
#5731 = DIRECTION ( 'NONE',  ( -0.000000000000000000, 1.000000000000000000, -0.000000000000000000 ) ) ;
#5732 = ORIENTED_EDGE ( 'NONE', *, *, #9209, .F. ) ;
#5734 = PLANE ( 'NONE',  #12011 ) ;
#5733 = VECTOR ( 'NONE', #4660, 999.9999999999998863 ) ;
#5735 = FACE_OUTER_BOUND ( 'NONE', #11490, .T. ) ;
#5736 = ORIENTED_EDGE ( 'NONE', *, *, #2615, .T. ) ;
#5737 = CARTESIAN_POINT ( 'NONE',  ( -49.84999999999996589, 3.000000000000000000, -30.13000000000000966 ) ) ;
#5738 = CARTESIAN_POINT ( 'NONE',  ( -13.10249008986266794, 3.000000000000000000, 10.11619604591848365 ) ) ;
#5739 = ORIENTED_EDGE ( 'NONE', *, *, #2318, .F. ) ;
#5740 = LINE ( 'NONE', #409, #2090 ) ;
#5741 = VECTOR ( 'NONE', #2998, 1000.000000000000114 ) ;
#5742 = EDGE_CURVE ( 'NONE', #12902, #12414, #3056, .T. ) ;
#5743 = ORIENTED_EDGE ( 'NONE', *, *, #11245, .F. ) ;
#5744 = VECTOR ( 'NONE', #1570, 1000.000000000000000 ) ;
#5745 = ORIENTED_EDGE ( 'NONE', *, *, #8249, .T. ) ;
#5746 = ADVANCED_FACE ( 'NONE', ( #7219 ), #11189, .T. ) ;
#5747 = LINE ( 'NONE', #11765, #13518 ) ;
#5748 = ORIENTED_EDGE ( 'NONE', *, *, #7135, .F. ) ;
#5749 = DIRECTION ( 'NONE',  ( -0.9874952958460295749, 0.000000000000000000, 0.1576484718668804130 ) ) ;
#5750 = DIRECTION ( 'NONE',  ( 0.000000000000000000, 0.000000000000000000, -1.000000000000000000 ) ) ;
#5751 = ADVANCED_FACE ( 'NONE', ( #7153 ), #11390, .T. ) ;
#5752 = VECTOR ( 'NONE', #5152, 1000.000000000000000 ) ;
#5753 = DIRECTION ( 'NONE',  ( -0.3815757523362386938, 0.000000000000000000, 0.9243375710361627640 ) ) ;
#5754 = CARTESIAN_POINT ( 'NONE',  ( -3.747957617862667234, 2.700000000000000178, 20.48923905391848166 ) ) ;
#5755 = EDGE_CURVE ( 'NONE', #7162, #13230, #4964, .T. ) ;
#5756 = CYLINDRICAL_SURFACE ( 'NONE', #3712, 2.000000000000001776 ) ;
#5757 = LINE ( 'NONE', #4521, #2516 ) ;
#5758 = PLANE ( 'NONE',  #5288 ) ;
#5759 = ORIENTED_EDGE ( 'NONE', *, *, #6545, .T. ) ;
#5760 = LINE ( 'NONE', #5954, #1826 ) ;
#5761 = CARTESIAN_POINT ( 'NONE',  ( 3.283954239041946721, 3.000000000000000000, 9.507130136786550167 ) ) ;
#5762 = VERTEX_POINT ( 'NONE', #6944 ) ;
#5763 = DIRECTION ( 'NONE',  ( -0.1018983968980210486, 0.000000000000000000, -0.9947948113604199172 ) ) ;
#5764 = VECTOR ( 'NONE', #3356, 1000.000000000000000 ) ;
#5765 = ADVANCED_FACE ( 'NONE', ( #9131 ), #11323, .T. ) ;
#5766 = ADVANCED_FACE ( 'NONE', ( #6121 ), #10296, .T. ) ;
#5767 = LINE ( 'NONE', #10749, #10863 ) ;
#5768 = ORIENTED_EDGE ( 'NONE', *, *, #8964, .T. ) ;
#5769 = EDGE_CURVE ( 'NONE', #8072, #9704, #934, .T. ) ;
#5770 = CARTESIAN_POINT ( 'NONE',  ( 0.000000000000000000, 2.700000000000000178, 19.43611339791847925 ) ) ;
#5771 = ORIENTED_EDGE ( 'NONE', *, *, #7801, .T. ) ;
#5772 = PLANE ( 'NONE',  #1590 ) ;
#5773 = DIRECTION ( 'NONE',  ( -0.000000000000000000, 1.000000000000000000, -0.000000000000000000 ) ) ;
#5774 = CARTESIAN_POINT ( 'NONE',  ( 13.32517562213732987, 2.700000000000000178, 19.86759640591847997 ) ) ;
#5775 = CARTESIAN_POINT ( 'NONE',  ( -50.32295311386267400, 2.700000000000000178, 19.06881110991847805 ) ) ;
#5776 = PLANE ( 'NONE',  #3288 ) ;
#5777 = LINE ( 'NONE', #9735, #558 ) ;
#5778 = VERTEX_POINT ( 'NONE', #4833 ) ;
#5779 = DIRECTION ( 'NONE',  ( 0.7164018381303199901, 0.000000000000000000, 0.6976879003705731552 ) ) ;
#5780 = ORIENTED_EDGE ( 'NONE', *, *, #6759, .F. ) ;
#5781 = FACE_OUTER_BOUND ( 'NONE', #1195, .T. ) ;
#5782 = FACE_OUTER_BOUND ( 'NONE', #4346, .T. ) ;
#5783 = VECTOR ( 'NONE', #1337, 1000.000000000000000 ) ;
#5784 = LINE ( 'NONE', #5846, #10462 ) ;
#5785 = LINE ( 'NONE', #2437, #12059 ) ;
#5786 = EDGE_LOOP ( 'NONE', ( #10665, #1010, #10040, #12113, #1367, #3173, #13049, #2470, #6756, #11059, #5743, #2782, #10590, #12393, #1888, #1777, #12484, #6015, #12098, #10864, #5668, #13207, #6877, #2801, #6553, #1950, #11975, #6017, #9909, #6513, #726, #3220, #2846, #11717, #5805, #8498, #12044, #4266, #3506, #4152, #6854, #2897, #3890, #13438 ) ) ;
#5787 = CARTESIAN_POINT ( 'NONE',  ( -59.99999999999998579, 3.000000000000000000, 50.99999999999997868 ) ) ;
#5788 = LINE ( 'NONE', #8867, #7003 ) ;
#5789 = VERTEX_POINT ( 'NONE', #7090 ) ;
#5790 = CARTESIAN_POINT ( 'NONE',  ( -52.99999999999998579, 0.000000000000000000, 29.04999999999999361 ) ) ;
#5791 = VECTOR ( 'NONE', #131, 1000.000000000000114 ) ;
#5792 = VECTOR ( 'NONE', #4745, 1000.000000000000000 ) ;
#5793 = ORIENTED_EDGE ( 'NONE', *, *, #11492, .F. ) ;
#5794 = DIRECTION ( 'NONE',  ( -0.1469601115001182845, 0.000000000000000000, 0.9891424192844389118 ) ) ;
#5795 = EDGE_CURVE ( 'NONE', #6880, #194, #8996, .T. ) ;
#5796 = VERTEX_POINT ( 'NONE', #10091 ) ;
#5797 = CARTESIAN_POINT ( 'NONE',  ( -17.40798014281164541, 3.000000000000000000, 3.826344748079271163 ) ) ;
#5798 = CARTESIAN_POINT ( 'NONE',  ( 9.186202950137332124, 2.700000000000000178, 19.27047999791848554 ) ) ;
#5799 = ORIENTED_EDGE ( 'NONE', *, *, #4365, .T. ) ;
#5800 = PLANE ( 'NONE',  #7216 ) ;
#5801 = CARTESIAN_POINT ( 'NONE',  ( 19.48759255813732238, 2.700000000000000178, 9.316066581918484246 ) ) ;
#5802 = ORIENTED_EDGE ( 'NONE', *, *, #5549, .F. ) ;
#5803 = LINE ( 'NONE', #5737, #509 ) ;
#5804 = LINE ( 'NONE', #6627, #7185 ) ;
#5805 = ORIENTED_EDGE ( 'NONE', *, *, #2200, .F. ) ;
#5806 = CARTESIAN_POINT ( 'NONE',  ( 19.48759255813732238, 3.000000000000000000, 9.316066581918484246 ) ) ;
#5807 = VERTEX_POINT ( 'NONE', #8378 ) ;
#5808 = EDGE_CURVE ( 'NONE', #8540, #6062, #10428, .T. ) ;
#5809 = ORIENTED_EDGE ( 'NONE', *, *, #3053, .F. ) ;
#5810 = EDGE_CURVE ( 'NONE', #8405, #1680, #3256, .T. ) ;
#5811 = CARTESIAN_POINT ( 'NONE',  ( 14.61303446980013909, 2.700000000000000178, 24.31634073214110003 ) ) ;
#5812 = ORIENTED_EDGE ( 'NONE', *, *, #372, .T. ) ;
#5813 = PLANE ( 'NONE',  #2804 ) ;
#5814 = LINE ( 'NONE', #9851, #4621 ) ;
#5815 = DIRECTION ( 'NONE',  ( -0.5933273495373725392, 0.000000000000000000, -0.8049612762679684286 ) ) ;
#5816 = DIRECTION ( 'NONE',  ( 0.9292749767233643432, 0.000000000000000000, -0.3693887080512757159 ) ) ;
#5817 = CARTESIAN_POINT ( 'NONE',  ( -29.01556367386267610, 3.000000000000000000, 5.589733165918477908 ) ) ;
#5818 = ADVANCED_FACE ( 'NONE', ( #9538 ), #7424, .T. ) ;
#5819 = CARTESIAN_POINT ( 'NONE',  ( -12.74029929786266280, 2.700000000000000178, -4.272837914081515365 ) ) ;
#5820 = VERTEX_POINT ( 'NONE', #7290 ) ;
#5821 = DIRECTION ( 'NONE',  ( -1.000000000000000000, 0.000000000000000000, 0.000000000000000000 ) ) ;
#5822 = DIRECTION ( 'NONE',  ( -0.9452002409823905271, 0.000000000000000000, 0.3264912011782721835 ) ) ;
#5823 = ORIENTED_EDGE ( 'NONE', *, *, #9877, .F. ) ;
#5824 = ORIENTED_EDGE ( 'NONE', *, *, #12501, .T. ) ;
#5825 = EDGE_CURVE ( 'NONE', #4334, #8072, #5235, .T. ) ;
#5826 = EDGE_CURVE ( 'NONE', #5265, #2009, #9338, .T. ) ;
#5827 = ADVANCED_FACE ( 'NONE', ( #11459 ), #6325, .T. ) ;
#5828 = CARTESIAN_POINT ( 'NONE',  ( -2.749224537862673401, 3.000000000000000000, 3.809801749918482194 ) ) ;
#5829 = ORIENTED_EDGE ( 'NONE', *, *, #3120, .T. ) ;
#5830 = DIRECTION ( 'NONE',  ( -0.000000000000000000, 1.000000000000000000, -0.000000000000000000 ) ) ;
#5831 = ORIENTED_EDGE ( 'NONE', *, *, #976, .F. ) ;
#5832 = DIRECTION ( 'NONE',  ( -0.000000000000000000, 1.000000000000000000, -0.000000000000000000 ) ) ;
#5833 = CARTESIAN_POINT ( 'NONE',  ( -5.287225493479843941, 3.000000000000000000, 9.411892978083677974 ) ) ;
#5834 = CARTESIAN_POINT ( 'NONE',  ( 26.47378839013732943, 2.700000000000000178, 1.080574797918483876 ) ) ;
#5835 = CARTESIAN_POINT ( 'NONE',  ( 0.000000000000000000, 3.000000000000000000, -18.47889433808151693 ) ) ;
#5836 = EDGE_CURVE ( 'NONE', #6394, #7830, #2297, .T. ) ;
#5837 = CARTESIAN_POINT ( 'NONE',  ( 14.01117303124919466, 2.700000000000000178, 1.876534437828642821 ) ) ;
#5838 = EDGE_CURVE ( 'NONE', #6132, #3205, #45, .T. ) ;
#5839 = CARTESIAN_POINT ( 'NONE',  ( -22.25999999999998025, 0.000000000000000000, -38.03000000000000824 ) ) ;
#5840 = APPROVAL_PERSON_ORGANIZATION ( #12388, #11863, #7195 ) ;
#5841 = ORIENTED_EDGE ( 'NONE', *, *, #6717, .F. ) ;
#5842 = CARTESIAN_POINT ( 'NONE',  ( -29.01556367386267610, 2.700000000000000178, 8.684835941918485958 ) ) ;
#5843 = VERTEX_POINT ( 'NONE', #8447 ) ;
#5844 = PLANE ( 'NONE',  #3177 ) ;
#5845 = DIRECTION ( 'NONE',  ( 0.9905475593089967390, 0.000000000000000000, -0.1371697224134749149 ) ) ;
#5846 = CARTESIAN_POINT ( 'NONE',  ( -7.377045609862681097, 2.700000000000000178, 11.76263217391848315 ) ) ;
#5847 = FACE_OUTER_BOUND ( 'NONE', #10131, .T. ) ;
#5848 = ORIENTED_EDGE ( 'NONE', *, *, #12164, .F. ) ;
#5849 = EDGE_CURVE ( 'NONE', #4334, #1471, #1266, .T. ) ;
#5850 = DIRECTION ( 'NONE',  ( -1.000000000000000000, 0.000000000000000000, 0.000000000000000000 ) ) ;
#5851 = FACE_OUTER_BOUND ( 'NONE', #10285, .T. ) ;
#5852 = EDGE_LOOP ( 'NONE', ( #729, #8745, #4657, #9728 ) ) ;
#5853 = DIRECTION ( 'NONE',  ( -0.000000000000000000, 1.000000000000000000, -0.000000000000000000 ) ) ;
#5854 = ORIENTED_EDGE ( 'NONE', *, *, #11510, .F. ) ;
#5855 = CARTESIAN_POINT ( 'NONE',  ( 24.66171175013732508, 2.700000000000000178, 3.809800733918486948 ) ) ;
#5856 = EDGE_CURVE ( 'NONE', #11793, #11429, #11592, .T. ) ;
#5857 = ORIENTED_EDGE ( 'NONE', *, *, #1749, .T. ) ;
#5858 = DIRECTION ( 'NONE',  ( 0.7818572825625396128, 0.000000000000000000, 0.6234574481902683818 ) ) ;
#5859 = PLANE ( 'NONE',  #12289 ) ;
#5860 = EDGE_LOOP ( 'NONE', ( #5601, #11343, #2673, #13393 ) ) ;
#5861 = CARTESIAN_POINT ( 'NONE',  ( -7.626094267671363447, 2.700000000000000178, 1.027764771363180119 ) ) ;
#5862 = LINE ( 'NONE', #7164, #9262 ) ;
#5863 = VERTEX_POINT ( 'NONE', #4410 ) ;
#5864 = CARTESIAN_POINT ( 'NONE',  ( -27.60645092186267391, 2.700000000000000178, -18.88431796208151070 ) ) ;
#5865 = LINE ( 'NONE', #4100, #2603 ) ;
#5866 = AXIS2_PLACEMENT_3D ( 'NONE', #3165, #2740, #12101 ) ;
#5867 = ORIENTED_EDGE ( 'NONE', *, *, #10743, .T. ) ;
#5868 = VECTOR ( 'NONE', #6833, 1000.000000000000000 ) ;
#5869 = CARTESIAN_POINT ( 'NONE',  ( -14.67333683386266863, 3.000000000000000000, 14.90961292591848775 ) ) ;
#5870 = VERTEX_POINT ( 'NONE', #3386 ) ;
#5871 = VECTOR ( 'NONE', #8307, 1000.000000000000000 ) ;
#5872 = ORIENTED_EDGE ( 'NONE', *, *, #11150, .F. ) ;
#5873 = EDGE_CURVE ( 'NONE', #9616, #8192, #6462, .T. ) ;
#5874 = DIRECTION ( 'NONE',  ( 0.000000000000000000, 1.000000000000000000, 0.000000000000000000 ) ) ;
#5875 = ORIENTED_EDGE ( 'NONE', *, *, #8659, .F. ) ;
#5876 = VECTOR ( 'NONE', #2568, 1000.000000000000000 ) ;
#5877 = ADVANCED_FACE ( 'NONE', ( #9472 ), #11726, .T. ) ;
#5878 = VECTOR ( 'NONE', #9308, 1000.000000000000114 ) ;
#5879 = FACE_OUTER_BOUND ( 'NONE', #6270, .T. ) ;
#5880 = FACE_OUTER_BOUND ( 'NONE', #9235, .T. ) ;
#5881 = CARTESIAN_POINT ( 'NONE',  ( 3.513378111556327177, 2.700000000000000178, -1.497902890654323027 ) ) ;
#5882 = DIRECTION ( 'NONE',  ( -0.3693887080512757159, 0.000000000000000000, -0.9292749767233643432 ) ) ;
#5883 = CARTESIAN_POINT ( 'NONE',  ( 32.50083247013732546, 3.000000000000000000, 12.78114880591848390 ) ) ;
#5884 = CARTESIAN_POINT ( 'NONE',  ( 50.22000000000002728, 0.000000000000000000, -30.13000000000000611 ) ) ;
#5885 = ADVANCED_FACE ( 'NONE', ( #5304 ), #4280, .T. ) ;
#5886 = VERTEX_POINT ( 'NONE', #9601 ) ;
#5887 = DIRECTION ( 'NONE',  ( -0.3793703000680315185, 0.000000000000000000, 0.9252449272632040644 ) ) ;
#5888 = DIRECTION ( 'NONE',  ( 0.9170333846916158826, 0.000000000000000000, 0.3988104454011190403 ) ) ;
#5889 = ORIENTED_EDGE ( 'NONE', *, *, #2817, .F. ) ;
#5890 = LINE ( 'NONE', #359, #6715 ) ;
#5891 = VECTOR ( 'NONE', #5022, 1000.000000000000000 ) ;
#5892 = VERTEX_POINT ( 'NONE', #6263 ) ;
#5893 = PERSON_AND_ORGANIZATION ( #7799, #1257 ) ;
#5894 = ORIENTED_EDGE ( 'NONE', *, *, #390, .F. ) ;
#5895 = CARTESIAN_POINT ( 'NONE',  ( -4.253655881592692367, 2.700000000000000178, 24.52947320909424533 ) ) ;
#5896 = AXIS2_PLACEMENT_3D ( 'NONE', #982, #11237, #10203 ) ;
#5897 = ORIENTED_EDGE ( 'NONE', *, *, #5376, .T. ) ;
#5898 = CARTESIAN_POINT ( 'NONE',  ( 9.186202950137333900, 3.000000000000000000, 19.27047999791848554 ) ) ;
#5899 = CARTESIAN_POINT ( 'NONE',  ( -12.89235487386268098, 2.700000000000000178, -18.14268469808152062 ) ) ;
#5900 = EDGE_CURVE ( 'NONE', #6170, #6919, #2231, .T. ) ;
#5901 = CARTESIAN_POINT ( 'NONE',  ( -52.49999999999902656, 0.000000000000000000, 48.67000000000000171 ) ) ;
#5902 = FACE_OUTER_BOUND ( 'NONE', #9569, .T. ) ;
#5903 = CARTESIAN_POINT ( 'NONE',  ( -8.514219865862672876, 3.000000000000000000, 19.87120726991848585 ) ) ;
#5904 = LINE ( 'NONE', #4743, #7880 ) ;
#5905 = AXIS2_PLACEMENT_3D ( 'NONE', #7218, #11389, #7288 ) ;
#5906 = LINE ( 'NONE', #8982, #2301 ) ;
#5907 = AXIS2_PLACEMENT_3D ( 'NONE', #4050, #3152, #9364 ) ;
#5908 = ORIENTED_EDGE ( 'NONE', *, *, #11558, .T. ) ;
#5909 = EDGE_CURVE ( 'NONE', #8072, #12547, #5369, .T. ) ;
#5910 = LINE ( 'NONE', #7828, #2818 ) ;
#5911 = ORIENTED_EDGE ( 'NONE', *, *, #10803, .F. ) ;
#5912 = DIRECTION ( 'NONE',  ( -0.3965497603255000447, 0.000000000000000000, 0.9180132284372531926 ) ) ;
#5913 = CARTESIAN_POINT ( 'NONE',  ( 32.50083247013732546, 2.700000000000000178, 20.48923905391848166 ) ) ;
#5914 = AXIS2_PLACEMENT_3D ( 'NONE', #6271, #10889, #2424 ) ;
#5915 = CARTESIAN_POINT ( 'NONE',  ( 27.08826956808585251, 3.000000000000000000, 24.40970231099450416 ) ) ;
#5916 = CARTESIAN_POINT ( 'NONE',  ( -6.370061922254011577, 2.700000000000000178, -9.533536045873631792 ) ) ;
#5918 = ORIENTED_EDGE ( 'NONE', *, *, #12324, .T. ) ;
#5917 = ADVANCED_FACE ( 'NONE', ( #3119 ), #8577, .T. ) ;
#5919 = CARTESIAN_POINT ( 'NONE',  ( -3.539999999999980496, 0.000000000000000000, -30.13000000000000611 ) ) ;
#5920 = DIRECTION ( 'NONE',  ( -0.000000000000000000, 1.000000000000000000, -0.000000000000000000 ) ) ;
#5921 = ORIENTED_EDGE ( 'NONE', *, *, #2988, .T. ) ;
#5922 = AXIS2_PLACEMENT_3D ( 'NONE', #94, #4523, #2344 ) ;
#5923 = CARTESIAN_POINT ( 'NONE',  ( 6.867308451466846542, 2.700000000000000178, 23.76141477181911199 ) ) ;
#5924 = ORIENTED_EDGE ( 'NONE', *, *, #166, .F. ) ;
#5925 = VECTOR ( 'NONE', #223, 1000.000000000000000 ) ;
#5926 = ORIENTED_EDGE ( 'NONE', *, *, #8013, .F. ) ;
#5927 = LINE ( 'NONE', #11196, #5741 ) ;
#5928 = ORIENTED_EDGE ( 'NONE', *, *, #13218, .F. ) ;
#5929 = CARTESIAN_POINT ( 'NONE',  ( -49.17822489786266260, 2.700000000000000178, 18.41759676591847850 ) ) ;
#5930 = CARTESIAN_POINT ( 'NONE',  ( 6.647376939063248891, 2.700000000000000178, 2.762649487036969553 ) ) ;
#5931 = VERTEX_POINT ( 'NONE', #9873 ) ;
#5932 = CARTESIAN_POINT ( 'NONE',  ( -51.77395757786267438, 3.000000000000000000, 3.809801749918482194 ) ) ;
#5933 = CARTESIAN_POINT ( 'NONE',  ( 17.22135477413733184, 2.700000000000000178, 19.50134974191847803 ) ) ;
#5934 = ORIENTED_EDGE ( 'NONE', *, *, #3178, .F. ) ;
#5935 = PLANE ( 'NONE',  #6186 ) ;
#5936 = CARTESIAN_POINT ( 'NONE',  ( -13.92817195386268203, 2.700000000000000178, 14.32128491791848290 ) ) ;
#5937 = ORIENTED_EDGE ( 'NONE', *, *, #7391, .T. ) ;
#5938 = DIRECTION ( 'NONE',  ( 1.000000000000000000, -0.000000000000000000, 0.000000000000000000 ) ) ;
#5939 = ORIENTED_EDGE ( 'NONE', *, *, #10611, .F. ) ;
#5940 = AXIS2_PLACEMENT_3D ( 'NONE', #2262, #2384, #10526 ) ;
#5941 = VERTEX_POINT ( 'NONE', #585 ) ;
#5942 = DIRECTION ( 'NONE',  ( 0.000000000000000000, 0.000000000000000000, -1.000000000000000000 ) ) ;
#5943 = ORIENTED_EDGE ( 'NONE', *, *, #13116, .F. ) ;
#5944 = VECTOR ( 'NONE', #308, 1000.000000000000000 ) ;
#5945 = CARTESIAN_POINT ( 'NONE',  ( 20.45169121413731972, 2.700000000000000178, 14.57096793391848166 ) ) ;
#5946 = DIRECTION ( 'NONE',  ( 0.08179622868350448772, 0.000000000000000000, 0.9966490741344999904 ) ) ;
#5947 = DIRECTION ( 'NONE',  ( -0.000000000000000000, 1.000000000000000000, -0.000000000000000000 ) ) ;
#5948 = ORIENTED_EDGE ( 'NONE', *, *, #4126, .T. ) ;
#5949 = LINE ( 'NONE', #12380, #3076 ) ;
#5950 = CARTESIAN_POINT ( 'NONE',  ( 2.719148603940434228, 3.000000000000000000, -6.498782867384296225 ) ) ;
#5951 = DIRECTION ( 'NONE',  ( -0.9987300578365099213, 0.000000000000000000, -0.05038126213069147458 ) ) ;
#5952 = VECTOR ( 'NONE', #12295, 999.9999999999998863 ) ;
#5953 = ORIENTED_EDGE ( 'NONE', *, *, #10705, .T. ) ;
#5954 = CARTESIAN_POINT ( 'NONE',  ( -4.687918531487483165, 3.000000000000000000, 8.285298233368557419 ) ) ;
#5955 = DIRECTION ( 'NONE',  ( 1.000000000000000000, -0.000000000000000000, 0.000000000000000000 ) ) ;
#5956 = ORIENTED_EDGE ( 'NONE', *, *, #7641, .T. ) ;
#5957 = EDGE_CURVE ( 'NONE', #84, #7974, #12878, .T. ) ;
#5958 = CARTESIAN_POINT ( 'NONE',  ( 22.62084551592070625, 3.000000000000000000, 1.607247700799770973 ) ) ;
#5959 = VECTOR ( 'NONE', #1509, 1000.000000000000000 ) ;
#5960 = EDGE_CURVE ( 'NONE', #5820, #7770, #1402, .T. ) ;
#5961 = EDGE_LOOP ( 'NONE', ( #520, #4704, #2360, #10508, #1683, #11685, #5729, #2653, #8423, #11156, #8771, #8144, #11084, #53, #13058, #4162, #1418, #10581, #4413, #12653, #125, #12574, #1138, #302, #3884, #648, #10561, #8856, #7381, #9621, #3157, #7635, #2503, #11705, #1482, #11607, #8221, #873, #1935, #8873, #2245, #1259, #3534, #4179 ) ) ;
#5962 = VECTOR ( 'NONE', #252, 1000.000000000000000 ) ;
#5963 = ADVANCED_FACE ( 'NONE', ( #13080 ), #516, .T. ) ;
#5964 = ORIENTED_EDGE ( 'NONE', *, *, #4405, .F. ) ;
#5965 = EDGE_CURVE ( 'NONE', #2617, #4345, #7825, .T. ) ;
#5966 = PLANE ( 'NONE',  #3706 ) ;
#5967 = VERTEX_POINT ( 'NONE', #11930 ) ;
#5968 = ORIENTED_EDGE ( 'NONE', *, *, #6918, .T. ) ;
#5969 = CARTESIAN_POINT ( 'NONE',  ( -25.82899346586267697, 2.700000000000000178, 9.901122053918482990 ) ) ;
#5970 = AXIS2_PLACEMENT_3D ( 'NONE', #11222, #5201, #1858 ) ;
#5971 = DIRECTION ( 'NONE',  ( -0.7360834251059450439, 0.000000000000000000, -0.6768908267101132470 ) ) ;
#5972 = DIRECTION ( 'NONE',  ( -0.000000000000000000, 1.000000000000000000, -0.000000000000000000 ) ) ;
#5973 = CARTESIAN_POINT ( 'NONE',  ( 15.13878800311912265, 2.700000000000000178, 6.139434667363198983 ) ) ;
#5974 = ADVANCED_FACE ( 'NONE', ( #9945 ), #5504, .T. ) ;
#5975 = DIRECTION ( 'NONE',  ( 0.000000000000000000, 0.000000000000000000, 1.000000000000000000 ) ) ;
#5976 = EDGE_CURVE ( 'NONE', #6404, #1087, #5571, .T. ) ;
#5977 = CARTESIAN_POINT ( 'NONE',  ( -33.40358639386267470, 3.000000000000000000, 20.48923905391848166 ) ) ;
#5978 = DIRECTION ( 'NONE',  ( 0.3788488605086208216, 0.000000000000000000, -0.9254585570901159297 ) ) ;
#5979 = EDGE_CURVE ( 'NONE', #12157, #6414, #5777, .T. ) ;
#5980 = ORIENTED_EDGE ( 'NONE', *, *, #3387, .T. ) ;
#5981 = AXIS2_PLACEMENT_3D ( 'NONE', #4248, #9365, #4443 ) ;
#5982 = CARTESIAN_POINT ( 'NONE',  ( -40.50353358586267660, 2.700000000000000178, 16.54372497391847929 ) ) ;
#5983 = ORIENTED_EDGE ( 'NONE', *, *, #3388, .F. ) ;
#5984 = DIRECTION ( 'NONE',  ( -0.000000000000000000, 0.000000000000000000, 1.000000000000000000 ) ) ;
#5985 = CARTESIAN_POINT ( 'NONE',  ( -50.47082988186267727, 2.700000000000000178, 15.01295130191848415 ) ) ;
#5986 = CARTESIAN_POINT ( 'NONE',  ( 13.32288454213731654, 3.000000000000000000, 9.300584773918478376 ) ) ;
#5987 = EDGE_LOOP ( 'NONE', ( #8868, #7827, #8207, #264 ) ) ;
#5988 = EDGE_CURVE ( 'NONE', #2791, #3127, #371, .T. ) ;
#5989 = CARTESIAN_POINT ( 'NONE',  ( -3.539999999999980496, 0.000000000000000000, -38.03000000000000824 ) ) ;
#5990 = DIRECTION ( 'NONE',  ( -0.000000000000000000, 1.000000000000000000, -0.000000000000000000 ) ) ;
#5991 = ADVANCED_FACE ( 'NONE', ( #4684 ), #6666, .T. ) ;
#5992 = CARTESIAN_POINT ( 'NONE',  ( 8.869769750137326270, 2.700000000000000178, 5.441405293918477604 ) ) ;
#5993 = EDGE_CURVE ( 'NONE', #7571, #13304, #4542, .T. ) ;
#5994 = ORIENTED_EDGE ( 'NONE', *, *, #5167, .T. ) ;
#5995 = EDGE_CURVE ( 'NONE', #2288, #9666, #3720, .T. ) ;
#5996 = ORIENTED_EDGE ( 'NONE', *, *, #1613, .T. ) ;
#5997 = CARTESIAN_POINT ( 'NONE',  ( -19.46057266129498586, 2.700000000000000178, 6.349542732198584893 ) ) ;
#5998 = LINE ( 'NONE', #10163, #723 ) ;
#5999 = VERTEX_POINT ( 'NONE', #6728 ) ;
#6000 = DIRECTION ( 'NONE',  ( 0.9960884411663327720, 0.000000000000000000, 0.08836185474980144672 ) ) ;
#6001 = PLANE ( 'NONE',  #7915 ) ;
#6002 = ORIENTED_EDGE ( 'NONE', *, *, #12149, .T. ) ;
#6003 = CARTESIAN_POINT ( 'NONE',  ( -27.60645092186267746, 2.700000000000000178, 0.5614282619184862710 ) ) ;
#6004 = DIRECTION ( 'NONE',  ( -0.4327284778639396423, 0.000000000000000000, -0.9015243005296961210 ) ) ;
#6005 = EDGE_LOOP ( 'NONE', ( #8205, #11807, #5147, #1346 ) ) ;
#6006 = PLANE ( 'NONE',  #12308 ) ;
#6007 = LINE ( 'NONE', #10036, #12416 ) ;
#6008 = VECTOR ( 'NONE', #3039, 1000.000000000000000 ) ;
#6009 = VERTEX_POINT ( 'NONE', #1535 ) ;
#6010 = EDGE_CURVE ( 'NONE', #8273, #5892, #10693, .T. ) ;
#6011 = DIRECTION ( 'NONE',  ( 0.000000000000000000, 0.000000000000000000, 1.000000000000000000 ) ) ;
#6012 = AXIS2_PLACEMENT_3D ( 'NONE', #7349, #8373, #9196 ) ;
#6013 = APPROVAL ( #3028, 'UNSPECIFIED' ) ;
#6014 = VERTEX_POINT ( 'NONE', #7618 ) ;
#6015 = ORIENTED_EDGE ( 'NONE', *, *, #9312, .F. ) ;
#6016 = DIRECTION ( 'NONE',  ( 0.9990728301167681735, 0.000000000000000000, -0.04305206292933300150 ) ) ;
#6017 = ORIENTED_EDGE ( 'NONE', *, *, #11098, .F. ) ;
#6018 = VECTOR ( 'NONE', #3941, 1000.000000000000114 ) ;
#6019 = LINE ( 'NONE', #757, #10666 ) ;
#6020 = DIRECTION ( 'NONE',  ( 0.4897710976011148132, 0.000000000000000000, -0.8718510606488928394 ) ) ;
#6021 = CARTESIAN_POINT ( 'NONE',  ( 45.56849239013732955, 2.700000000000000178, 0.000000000000000000 ) ) ;
#6022 = VERTEX_POINT ( 'NONE', #10829 ) ;
#6023 = DIRECTION ( 'NONE',  ( 0.000000000000000000, 1.000000000000000000, -0.000000000000000000 ) ) ;
#6024 = DIRECTION ( 'NONE',  ( 0.000000000000000000, 0.000000000000000000, -1.000000000000000000 ) ) ;
#6025 = ORIENTED_EDGE ( 'NONE', *, *, #8053, .T. ) ;
#6026 = CARTESIAN_POINT ( 'NONE',  ( 1.324361319134835790, 2.700000000000000178, 19.90790890796145973 ) ) ;
#6027 = CARTESIAN_POINT ( 'NONE',  ( 3.373162113385455463, 2.700000000000000178, 4.987211528930751037 ) ) ;
#6028 = ORIENTED_EDGE ( 'NONE', *, *, #8660, .T. ) ;
#6029 = VECTOR ( 'NONE', #5380, 1000.000000000000114 ) ;
#6030 = CARTESIAN_POINT ( 'NONE',  ( -27.34935008986267491, 3.000000000000000000, 19.06282178991848397 ) ) ;
#6031 = ORIENTED_EDGE ( 'NONE', *, *, #12692, .T. ) ;
#6032 = COORDINATED_UNIVERSAL_TIME_OFFSET ( 1, 0, .AHEAD. ) ;
#6033 = VERTEX_POINT ( 'NONE', #11791 ) ;
#6034 = LINE ( 'NONE', #5081, #11123 ) ;
#6035 = ORIENTED_EDGE ( 'NONE', *, *, #1696, .F. ) ;
#6036 = EDGE_LOOP ( 'NONE', ( #3091, #1947, #7587, #8617 ) ) ;
#6037 = DIRECTION ( 'NONE',  ( -1.000000000000000000, 0.000000000000000000, 0.000000000000000000 ) ) ;
#6038 = EDGE_CURVE ( 'NONE', #1253, #6980, #6798, .T. ) ;
#6039 = DIRECTION ( 'NONE',  ( -0.000000000000000000, 1.000000000000000000, -0.000000000000000000 ) ) ;
#6040 = EDGE_CURVE ( 'NONE', #10413, #4721, #9801, .T. ) ;
#6041 = DIRECTION ( 'NONE',  ( -0.3793672077005210141, 0.000000000000000000, 0.9252461951942898555 ) ) ;
#6042 = CARTESIAN_POINT ( 'NONE',  ( 12.93514541413733276, 2.700000000000000178, 11.57323758191848384 ) ) ;
#6043 = FACE_OUTER_BOUND ( 'NONE', #3902, .T. ) ;
#6044 = VECTOR ( 'NONE', #3904, 1000.000000000000000 ) ;
#6045 = DIRECTION ( 'NONE',  ( -0.000000000000000000, 1.000000000000000000, -0.000000000000000000 ) ) ;
#6046 = LINE ( 'NONE', #7141, #9295 ) ;
#6047 = ORIENTED_EDGE ( 'NONE', *, *, #1122, .T. ) ;
#6048 = DIRECTION ( 'NONE',  ( -0.000000000000000000, 1.000000000000000000, -0.000000000000000000 ) ) ;
#6049 = EDGE_CURVE ( 'NONE', #6062, #7406, #7690, .T. ) ;
#6050 = VECTOR ( 'NONE', #12623, 1000.000000000000000 ) ;
#6051 = EDGE_LOOP ( 'NONE', ( #7010, #11210, #10514, #13136 ) ) ;
#6052 = DIRECTION ( 'NONE',  ( -0.000000000000000000, 1.000000000000000000, -0.000000000000000000 ) ) ;
#6053 = DIRECTION ( 'NONE',  ( -0.08513582556769710985, 0.000000000000000000, 0.9963693548102062758 ) ) ;
#6054 = CARTESIAN_POINT ( 'NONE',  ( 19.81152180613732128, 2.700000000000000178, 17.57597792591847963 ) ) ;
#6055 = VERTEX_POINT ( 'NONE', #8780 ) ;
#6056 = EDGE_CURVE ( 'NONE', #4605, #10638, #8642, .T. ) ;
#6057 = FACE_OUTER_BOUND ( 'NONE', #11188, .T. ) ;
#6058 = CARTESIAN_POINT ( 'NONE',  ( -41.49238504986267628, 3.000000000000000000, 18.41018098191848296 ) ) ;
#6059 = CARTESIAN_POINT ( 'NONE',  ( 16.40605135013732507, 3.000000000000000000, 20.78923540591848251 ) ) ;
#6060 = ORIENTED_EDGE ( 'NONE', *, *, #10849, .T. ) ;
#6061 = EDGE_CURVE ( 'NONE', #8132, #4345, #3928, .T. ) ;
#6062 = VERTEX_POINT ( 'NONE', #6931 ) ;
#6063 = DIRECTION ( 'NONE',  ( 0.9127901068464037149, 0.000000000000000000, 0.4084289667045309380 ) ) ;
#6064 = PLANE ( 'NONE',  #8147 ) ;
#6065 = ORIENTED_EDGE ( 'NONE', *, *, #2927, .T. ) ;
#6066 = DIRECTION ( 'NONE',  ( -0.08836185474980146060, 0.000000000000000000, 0.9960884411663328830 ) ) ;
#6067 = LINE ( 'NONE', #13306, #8356 ) ;
#6068 = ORIENTED_EDGE ( 'NONE', *, *, #213, .F. ) ;
#6069 = LINE ( 'NONE', #10168, #5054 ) ;
#6070 = FACE_BOUND ( 'NONE', #12204, .T. ) ;
#6071 = EDGE_CURVE ( 'NONE', #7128, #939, #6046, .T. ) ;
#6072 = EDGE_CURVE ( 'NONE', #4469, #3537, #5020, .T. ) ;
#6073 = EDGE_LOOP ( 'NONE', ( #3376, #2307 ) ) ;
#6074 = FACE_OUTER_BOUND ( 'NONE', #8573, .T. ) ;
#6075 = LINE ( 'NONE', #3072, #10892 ) ;
#6076 = ORIENTED_EDGE ( 'NONE', *, *, #3755, .F. ) ;
#6077 = DIRECTION ( 'NONE',  ( -0.000000000000000000, 1.000000000000000000, -0.000000000000000000 ) ) ;
#6078 = ORIENTED_EDGE ( 'NONE', *, *, #6010, .F. ) ;
#6079 = ORIENTED_EDGE ( 'NONE', *, *, #6761, .T. ) ;
#6080 = DIRECTION ( 'NONE',  ( 0.000000000000000000, 0.000000000000000000, 1.000000000000000000 ) ) ;
#6081 = VERTEX_POINT ( 'NONE', #9050 ) ;
#6082 = CARTESIAN_POINT ( 'NONE',  ( 0.5634329077434963029, 3.000000000000000000, 6.865168417632792952 ) ) ;
#6083 = EDGE_CURVE ( 'NONE', #11793, #8792, #5906, .T. ) ;
#6084 = LINE ( 'NONE', #11352, #7443 ) ;
#6085 = VECTOR ( 'NONE', #12900, 1000.000000000000114 ) ;
#6086 = LINE ( 'NONE', #8071, #3983 ) ;
#6087 = ORIENTED_EDGE ( 'NONE', *, *, #10932, .F. ) ;
#6088 = DIRECTION ( 'NONE',  ( -0.1648143095308841899, 0.000000000000000000, 0.9863246135902002942 ) ) ;
#6089 = CARTESIAN_POINT ( 'NONE',  ( -28.64227104986268557, 3.000000000000000000, -0.000000000000000000 ) ) ;
#6090 = ORIENTED_EDGE ( 'NONE', *, *, #9930, .T. ) ;
#6091 = LINE ( 'NONE', #12248, #3575 ) ;
#6092 = DIRECTION ( 'NONE',  ( -0.9874952958460295749, 0.000000000000000000, 0.1576484718668804130 ) ) ;
#6093 = ORIENTED_EDGE ( 'NONE', *, *, #11730, .T. ) ;
#6094 = ADVANCED_FACE ( 'NONE', ( #784 ), #1738, .T. ) ;
#6095 = DIRECTION ( 'NONE',  ( -0.000000000000000000, 0.000000000000000000, 1.000000000000000000 ) ) ;
#6096 = VECTOR ( 'NONE', #9805, 1000.000000000000000 ) ;
#6097 = ORIENTED_EDGE ( 'NONE', *, *, #4990, .F. ) ;
#6098 = VECTOR ( 'NONE', #6433, 1000.000000000000114 ) ;
#6099 = CALENDAR_DATE ( 2025, 26, 4 ) ;
#6100 = EDGE_LOOP ( 'NONE', ( #12741, #3161 ) ) ;
#6101 = DIRECTION ( 'NONE',  ( -0.8706030761706156085, 0.000000000000000000, 0.4919860605365372064 ) ) ;
#6102 = ORIENTED_EDGE ( 'NONE', *, *, #2736, .F. ) ;
#6103 = VERTEX_POINT ( 'NONE', #6867 ) ;
#6104 = FACE_OUTER_BOUND ( 'NONE', #13152, .T. ) ;
#6105 = DIRECTION ( 'NONE',  ( 0.000000000000000000, 0.000000000000000000, 1.000000000000000000 ) ) ;
#6106 = LINE ( 'NONE', #10277, #463 ) ;
#6107 = LINE ( 'NONE', #5973, #6138 ) ;
#6108 = AXIS2_PLACEMENT_3D ( 'NONE', #3711, #704, #3511 ) ;
#6109 = FACE_OUTER_BOUND ( 'NONE', #12605, .T. ) ;
#6110 = LINE ( 'NONE', #8615, #3944 ) ;
#6111 = ORIENTED_EDGE ( 'NONE', *, *, #7829, .T. ) ;
#6112 = CARTESIAN_POINT ( 'NONE',  ( 1.107198751304235396, 2.700000000000000178, 13.57756275681880354 ) ) ;
#6113 = VERTEX_POINT ( 'NONE', #13284 ) ;
#6114 = DIRECTION ( 'NONE',  ( 0.7848623030600215822, 0.000000000000000000, -0.6196702068320848467 ) ) ;
#6115 = CARTESIAN_POINT ( 'NONE',  ( 25.89777735013731430, 2.700000000000000178, 20.48923905391848166 ) ) ;
#6116 = ORIENTED_EDGE ( 'NONE', *, *, #4531, .F. ) ;
#6117 = VECTOR ( 'NONE', #13095, 1000.000000000000000 ) ;
#6118 = VECTOR ( 'NONE', #3549, 1000.000000000000114 ) ;
#6119 = DIRECTION ( 'NONE',  ( 0.000000000000000000, 0.000000000000000000, -1.000000000000000000 ) ) ;
#6120 = CARTESIAN_POINT ( 'NONE',  ( 8.869769750137326270, 2.700000000000000178, 3.809801749918482194 ) ) ;
#6121 = FACE_OUTER_BOUND ( 'NONE', #11993, .T. ) ;
#6122 = EDGE_CURVE ( 'NONE', #3399, #11610, #4007, .T. ) ;
#6123 = EDGE_CURVE ( 'NONE', #3287, #4060, #8026, .T. ) ;
#6124 = ORIENTED_EDGE ( 'NONE', *, *, #5173, .T. ) ;
#6125 = VECTOR ( 'NONE', #10046, 1000.000000000000114 ) ;
#6126 = AXIS2_PLACEMENT_3D ( 'NONE', #7960, #12191, #12268 ) ;
#6127 = VECTOR ( 'NONE', #1731, 1000.000000000000000 ) ;
#6128 = EDGE_CURVE ( 'NONE', #939, #8079, #10208, .T. ) ;
#6129 = ORIENTED_EDGE ( 'NONE', *, *, #11432, .T. ) ;
#6130 = CARTESIAN_POINT ( 'NONE',  ( 0.000000000000000000, 2.700000000000000178, 0.000000000000000000 ) ) ;
#6131 = DIRECTION ( 'NONE',  ( -0.7603145504814725619, 0.000000000000000000, 0.6495550664309811539 ) ) ;
#6132 = VERTEX_POINT ( 'NONE', #10075 ) ;
#6133 = CARTESIAN_POINT ( 'NONE',  ( 12.60268583013733057, 2.700000000000000178, 12.39302562991848156 ) ) ;
#6134 = DIRECTION ( 'NONE',  ( 0.000000000000000000, 0.000000000000000000, 1.000000000000000000 ) ) ;
#6135 = ORIENTED_EDGE ( 'NONE', *, *, #5128, .F. ) ;
#6136 = CARTESIAN_POINT ( 'NONE',  ( 13.45329324167717644, 2.700000000000000178, 2.934489800999541931 ) ) ;
#6137 = DIRECTION ( 'NONE',  ( 1.000000000000000000, 0.000000000000000000, 0.000000000000000000 ) ) ;
#6138 = VECTOR ( 'NONE', #12334, 1000.000000000000114 ) ;
#6139 = VERTEX_POINT ( 'NONE', #849 ) ;
#6140 = DIRECTION ( 'NONE',  ( 0.7032071704676147172, 0.000000000000000000, 0.7109850036413785102 ) ) ;
#6141 = LINE ( 'NONE', #7237, #1507 ) ;
#6142 = ORIENTED_EDGE ( 'NONE', *, *, #6822, .F. ) ;
#6143 = AXIS2_PLACEMENT_3D ( 'NONE', #11841, #9524, #6644 ) ;
#6144 = LINE ( 'NONE', #7037, #11461 ) ;
#6145 = ORIENTED_EDGE ( 'NONE', *, *, #5592, .T. ) ;
#6146 = DIRECTION ( 'NONE',  ( 0.5351955873187346224, 0.000000000000000000, 0.8447281712566206968 ) ) ;
#6147 = ORIENTED_EDGE ( 'NONE', *, *, #11225, .F. ) ;
#6148 = DIRECTION ( 'NONE',  ( 0.000000000000000000, 0.000000000000000000, 1.000000000000000000 ) ) ;
#6149 = CARTESIAN_POINT ( 'NONE',  ( -27.45424802586267887, 3.000000000000000000, 0.9276495259184798226 ) ) ;
#6150 = DIRECTION ( 'NONE',  ( 0.1950914675743609383, 0.000000000000000000, -0.9807850525368349004 ) ) ;
#6151 = ORIENTED_EDGE ( 'NONE', *, *, #3387, .F. ) ;
#6152 = FACE_BOUND ( 'NONE', #8639, .T. ) ;
#6153 = CARTESIAN_POINT ( 'NONE',  ( -59.99999999999998579, 0.000000000000000000, 29.04999999999999361 ) ) ;
#6154 = ORIENTED_EDGE ( 'NONE', *, *, #13273, .T. ) ;
#6155 = DIRECTION ( 'NONE',  ( 0.1371696596284507907, 0.000000000000000000, -0.9905475680033821728 ) ) ;
#6156 = CARTESIAN_POINT ( 'NONE',  ( -41.49238504986267628, 3.000000000000000000, 18.41018098191848296 ) ) ;
#6157 = VERTEX_POINT ( 'NONE', #2907 ) ;
#6158 = VECTOR ( 'NONE', #2061, 1000.000000000000000 ) ;
#6159 = CARTESIAN_POINT ( 'NONE',  ( -50.19179665786266753, 2.700000000000000178, 16.55114177391848074 ) ) ;
#6160 = ADVANCED_FACE ( 'NONE', ( #12338 ), #9190, .T. ) ;
#6161 = VECTOR ( 'NONE', #1344, 1000.000000000000000 ) ;
#6162 = EDGE_LOOP ( 'NONE', ( #10086, #11779, #10785, #13117 ) ) ;
#6163 = EDGE_CURVE ( 'NONE', #10937, #2203, #10004, .T. ) ;
#6164 = SECURITY_CLASSIFICATION_LEVEL ( 'unclassified' ) ;
#6165 = ORIENTED_EDGE ( 'NONE', *, *, #11083, .F. ) ;
#6166 = EDGE_CURVE ( 'NONE', #9313, #741, #715, .T. ) ;
#6167 = DIRECTION ( 'NONE',  ( 0.000000000000000000, 0.000000000000000000, -1.000000000000000000 ) ) ;
#6168 = VECTOR ( 'NONE', #691, 1000.000000000000000 ) ;
#6169 = VECTOR ( 'NONE', #7644, 1000.000000000000000 ) ;
#6170 = VERTEX_POINT ( 'NONE', #647 ) ;
#6171 = ORIENTED_EDGE ( 'NONE', *, *, #6665, .F. ) ;
#6172 = CARTESIAN_POINT ( 'NONE',  ( 9.186202950137332124, 2.700000000000000178, 20.48923905391848166 ) ) ;
#6173 = CARTESIAN_POINT ( 'NONE',  ( 25.89777735013731075, 3.000000000000000000, 11.86893422191848479 ) ) ;
#6174 = CARTESIAN_POINT ( 'NONE',  ( -43.75854053786267883, 2.700000000000000178, 20.69258840591848170 ) ) ;
#6175 = DIRECTION ( 'NONE',  ( 0.7784132619445387480, 0.000000000000000000, -0.6277521753278620942 ) ) ;
#6176 = CARTESIAN_POINT ( 'NONE',  ( -22.90693885786266648, 2.700000000000000178, 0.000000000000000000 ) ) ;
#6177 = DIRECTION ( 'NONE',  ( 0.9594243092007435081, 0.000000000000000000, -0.2819663010266934555 ) ) ;
#6178 = VECTOR ( 'NONE', #9409, 1000.000000000000114 ) ;
#6179 = ORIENTED_EDGE ( 'NONE', *, *, #4479, .T. ) ;
#6180 = FACE_OUTER_BOUND ( 'NONE', #7946, .T. ) ;
#6181 = EDGE_CURVE ( 'NONE', #2548, #4435, #13215, .T. ) ;
#6182 = EDGE_CURVE ( 'NONE', #10458, #6244, #3791, .T. ) ;
#6183 = VECTOR ( 'NONE', #722, 1000.000000000000000 ) ;
#6184 = EDGE_CURVE ( 'NONE', #10107, #8501, #2836, .T. ) ;
#6185 = ORIENTED_EDGE ( 'NONE', *, *, #13087, .F. ) ;
#6186 = AXIS2_PLACEMENT_3D ( 'NONE', #675, #7786, #8880 ) ;
#6187 = DIRECTION ( 'NONE',  ( 0.2776478580158084353, 0.000000000000000000, -0.9606829169602389973 ) ) ;
#6188 = ORIENTED_EDGE ( 'NONE', *, *, #2087, .T. ) ;
#6189 = CARTESIAN_POINT ( 'NONE',  ( -11.53021789786267348, 2.700000000000000178, -19.50482573808150732 ) ) ;
#6190 = DIRECTION ( 'NONE',  ( -0.9379835119174010361, 0.000000000000000000, -0.3466798687133399448 ) ) ;
#6191 = ORIENTED_EDGE ( 'NONE', *, *, #5673, .T. ) ;
#6192 = DIRECTION ( 'NONE',  ( 0.7285199132161064295, 0.000000000000000000, -0.6850246244096607207 ) ) ;
#6193 = CARTESIAN_POINT ( 'NONE',  ( 3.755248102137313193, 3.000000000000000000, -18.76688665008150991 ) ) ;
#6194 = VECTOR ( 'NONE', #12753, 1000.000000000000000 ) ;
#6195 = CARTESIAN_POINT ( 'NONE',  ( 18.39797786483213571, 3.000000000000000000, -12.23356906931480204 ) ) ;
#6196 = VECTOR ( 'NONE', #1149, 999.9999999999998863 ) ;
#6197 = ORIENTED_EDGE ( 'NONE', *, *, #11450, .F. ) ;
#6198 = VECTOR ( 'NONE', #202, 1000.000000000000114 ) ;
#6199 = ORIENTED_EDGE ( 'NONE', *, *, #12404, .F. ) ;
#6200 = CARTESIAN_POINT ( 'NONE',  ( 47.37314207013731959, 3.000000000000000000, 10.20519256591847679 ) ) ;
#6201 = PLANE ( 'NONE',  #13158 ) ;
#6202 = VERTEX_POINT ( 'NONE', #13127 ) ;
#6203 = DIRECTION ( 'NONE',  ( -1.000000000000000000, 0.000000000000000000, 0.000000000000000000 ) ) ;
#6204 = DIRECTION ( 'NONE',  ( 1.000000000000000000, 0.000000000000000000, 0.000000000000000000 ) ) ;
#6205 = ORIENTED_EDGE ( 'NONE', *, *, #8064, .T. ) ;
#6206 = CARTESIAN_POINT ( 'NONE',  ( -38.93126139386267681, 2.700000000000000178, 3.809801749918482194 ) ) ;
#6207 = CARTESIAN_POINT ( 'NONE',  ( 0.8497304172207568174, 2.700000000000000178, -0.5660931252610809095 ) ) ;
#6208 = EDGE_CURVE ( 'NONE', #9786, #4981, #5358, .T. ) ;
#6209 = ORIENTED_EDGE ( 'NONE', *, *, #10599, .F. ) ;
#6210 = LINE ( 'NONE', #5051, #4670 ) ;
#6211 = DIRECTION ( 'NONE',  ( 0.000000000000000000, 0.000000000000000000, -1.000000000000000000 ) ) ;
#6212 = VERTEX_POINT ( 'NONE', #7941 ) ;
#6213 = DIRECTION ( 'NONE',  ( 0.3837797321477058321, 0.000000000000000000, 0.9234246678493244209 ) ) ;
#6214 = ORIENTED_EDGE ( 'NONE', *, *, #3793, .T. ) ;
#6215 = DIRECTION ( 'NONE',  ( -0.000000000000000000, 1.000000000000000000, -0.000000000000000000 ) ) ;
#6216 = ORIENTED_EDGE ( 'NONE', *, *, #11493, .F. ) ;
#6217 = EDGE_CURVE ( 'NONE', #12983, #2731, #9854, .T. ) ;
#6218 = DIRECTION ( 'NONE',  ( -0.000000000000000000, 0.000000000000000000, -1.000000000000000000 ) ) ;
#6219 = CARTESIAN_POINT ( 'NONE',  ( 0.6201297085517072372, 2.700000000000000178, 0.05315886716986783361 ) ) ;
#6220 = CARTESIAN_POINT ( 'NONE',  ( -51.45010960986267179, 3.000000000000000000, 16.86510202991848573 ) ) ;
#6221 = ORIENTED_EDGE ( 'NONE', *, *, #9736, .F. ) ;
#6222 = CARTESIAN_POINT ( 'NONE',  ( 6.867308451466846542, 3.000000000000000000, 23.76141477181911199 ) ) ;
#6223 = DIRECTION ( 'NONE',  ( 0.000000000000000000, 0.000000000000000000, -1.000000000000000000 ) ) ;
#6224 = AXIS2_PLACEMENT_3D ( 'NONE', #9882, #5984, #8859 ) ;
#6225 = VERTEX_POINT ( 'NONE', #4665 ) ;
#6226 = LINE ( 'NONE', #6026, #9021 ) ;
#6227 = DIRECTION ( 'NONE',  ( -0.3837908252570858547, 0.000000000000000000, -0.9234200574215859492 ) ) ;
#6228 = VERTEX_POINT ( 'NONE', #5817 ) ;
#6229 = DIRECTION ( 'NONE',  ( -0.000000000000000000, 0.000000000000000000, -1.000000000000000000 ) ) ;
#6230 = EDGE_CURVE ( 'NONE', #2413, #2822, #562, .T. ) ;
#6231 = EDGE_CURVE ( 'NONE', #12691, #8645, #8956, .T. ) ;
#6232 = VECTOR ( 'NONE', #5938, 1000.000000000000000 ) ;
#6233 = VERTEX_POINT ( 'NONE', #5615 ) ;
#6234 = VECTOR ( 'NONE', #12482, 1000.000000000000000 ) ;
#6235 = EDGE_LOOP ( 'NONE', ( #4894, #13186, #1016, #1165 ) ) ;
#6236 = EDGE_CURVE ( 'NONE', #5533, #5132, #2609, .T. ) ;
#6237 = PLANE ( 'NONE',  #8067 ) ;
#6238 = ORIENTED_EDGE ( 'NONE', *, *, #4331, .F. ) ;
#6239 = LINE ( 'NONE', #12186, #5600 ) ;
#6240 = DIRECTION ( 'NONE',  ( 0.000000000000000000, 0.000000000000000000, 1.000000000000000000 ) ) ;
#6241 = CARTESIAN_POINT ( 'NONE',  ( 22.37000000000002942, 0.000000000000000000, -30.13000000000000611 ) ) ;
#6242 = CARTESIAN_POINT ( 'NONE',  ( -15.67102851386268547, 2.700000000000000178, 17.47324610191847682 ) ) ;
#6243 = LINE ( 'NONE', #9183, #7450 ) ;
#6244 = VERTEX_POINT ( 'NONE', #422 ) ;
#6245 = EDGE_CURVE ( 'NONE', #7952, #2421, #11011, .T. ) ;
#6246 = ADVANCED_FACE ( 'NONE', ( #11838 ), #4727, .T. ) ;
#6247 = VERTEX_POINT ( 'NONE', #8893 ) ;
#6248 = LINE ( 'NONE', #13422, #4059 ) ;
#6249 = EDGE_CURVE ( 'NONE', #4707, #8363, #13056, .T. ) ;
#6250 = EDGE_CURVE ( 'NONE', #11697, #4318, #3569, .T. ) ;
#6251 = VERTEX_POINT ( 'NONE', #3768 ) ;
#6252 = LINE ( 'NONE', #12274, #5891 ) ;
#6253 = ORIENTED_EDGE ( 'NONE', *, *, #6887, .F. ) ;
#6254 = CARTESIAN_POINT ( 'NONE',  ( 21.60524135813732372, 2.700000000000000178, 15.90113951791848379 ) ) ;
#6255 = VECTOR ( 'NONE', #7886, 1000.000000000000000 ) ;
#6256 = ADVANCED_FACE ( 'NONE', ( #2477 ), #354, .T. ) ;
#6257 = CARTESIAN_POINT ( 'NONE',  ( -22.25999999999998025, 0.000000000000000000, -30.13000000000000966 ) ) ;
#6258 = EDGE_LOOP ( 'NONE', ( #9763, #12673, #273, #9204 ) ) ;
#6259 = ADVANCED_FACE ( 'NONE', ( #12994 ), #12106, .T. ) ;
#6260 = DIRECTION ( 'NONE',  ( 0.1619471572864598086, 0.000000000000000000, -0.9867994316206484262 ) ) ;
#6261 = FACE_OUTER_BOUND ( 'NONE', #8457, .T. ) ;
#6262 = EDGE_CURVE ( 'NONE', #11497, #9526, #5757, .T. ) ;
#6263 = CARTESIAN_POINT ( 'NONE',  ( 18.72742034213730733, 2.700000000000000178, 10.30064678191848060 ) ) ;
#6264 = VERTEX_POINT ( 'NONE', #6848 ) ;
#6265 = EDGE_LOOP ( 'NONE', ( #978, #33, #12644, #10121 ) ) ;
#6266 = CARTESIAN_POINT ( 'NONE',  ( -19.24571986586267158, 2.700000000000000178, 9.812123501918481594 ) ) ;
#6267 = CARTESIAN_POINT ( 'NONE',  ( 26.47378839013732943, 2.700000000000000178, 1.080574797918483876 ) ) ;
#6268 = CARTESIAN_POINT ( 'NONE',  ( 0.000000000000000000, 2.700000000000000178, -19.50482065808152043 ) ) ;
#6269 = PLANE ( 'NONE',  #13369 ) ;
#6270 = EDGE_LOOP ( 'NONE', ( #7068, #6417, #6831, #3827 ) ) ;
#6271 = CARTESIAN_POINT ( 'NONE',  ( -10.97870352787146508, 2.700000000000000178, -26.50492015474165441 ) ) ;
#6272 = LINE ( 'NONE', #3267, #13340 ) ;
#6273 = ORIENTED_EDGE ( 'NONE', *, *, #11578, .T. ) ;
#6274 = FACE_OUTER_BOUND ( 'NONE', #11393, .T. ) ;
#6275 = DIRECTION ( 'NONE',  ( -0.000000000000000000, 1.000000000000000000, -0.000000000000000000 ) ) ;
#6276 = ORIENTED_EDGE ( 'NONE', *, *, #5387, .T. ) ;
#6277 = DIRECTION ( 'NONE',  ( -0.1115334526927975883, 0.000000000000000000, 0.9937606799076040831 ) ) ;
#6278 = ORIENTED_EDGE ( 'NONE', *, *, #5346, .F. ) ;
#6279 = LOCAL_TIME ( 12, 27, 52.00000000000000000, #9108 ) ;
#6280 = EDGE_CURVE ( 'NONE', #6760, #1147, #12858, .T. ) ;
#6281 = CARTESIAN_POINT ( 'NONE',  ( -22.90693885786266648, 2.700000000000000178, 8.684835941918485958 ) ) ;
#6282 = ORIENTED_EDGE ( 'NONE', *, *, #9246, .T. ) ;
#6283 = FACE_OUTER_BOUND ( 'NONE', #4629, .T. ) ;
#6284 = VERTEX_POINT ( 'NONE', #7669 ) ;
#6285 = CARTESIAN_POINT ( 'NONE',  ( 15.13878800311912265, 2.700000000000000178, 6.139434667363198983 ) ) ;
#6286 = FACE_OUTER_BOUND ( 'NONE', #5137, .T. ) ;
#6287 = ORIENTED_EDGE ( 'NONE', *, *, #10145, .T. ) ;
#6288 = DIRECTION ( 'NONE',  ( -0.000000000000000000, 1.000000000000000000, -0.000000000000000000 ) ) ;
#6289 = LINE ( 'NONE', #5270, #3880 ) ;
#6290 = ORIENTED_EDGE ( 'NONE', *, *, #2406, .T. ) ;
#6291 = CARTESIAN_POINT ( 'NONE',  ( 14.22934247013731657, 3.000000000000000000, 20.37552122191847914 ) ) ;
#6292 = CARTESIAN_POINT ( 'NONE',  ( 1.021142915386006100, 2.700000000000000178, 11.02185665484511290 ) ) ;
#6293 = ORIENTED_EDGE ( 'NONE', *, *, #2148, .F. ) ;
#6294 = EDGE_CURVE ( 'NONE', #10933, #7269, #7869, .T. ) ;
#6295 = VERTEX_POINT ( 'NONE', #9923 ) ;
#6297 = VERTEX_POINT ( 'NONE', #12956 ) ;
#6296 = ADVANCED_FACE ( 'NONE', ( #8829 ), #10808, .F. ) ;
#6298 = EDGE_LOOP ( 'NONE', ( #1748, #3988, #10117, #2 ) ) ;
#6299 = VECTOR ( 'NONE', #3015, 1000.000000000000000 ) ;
#6300 = CARTESIAN_POINT ( 'NONE',  ( 17.21304287813732259, 3.000000000000000000, 9.677438477918482107 ) ) ;
#6301 = DIRECTION ( 'NONE',  ( -0.2610698346984821616, 0.000000000000000000, -0.9653199166134028841 ) ) ;
#6302 = EDGE_CURVE ( 'NONE', #11429, #12074, #3525, .T. ) ;
#6303 = CARTESIAN_POINT ( 'NONE',  ( 4.190104169021611646, 2.700000000000000178, 17.01765222917773812 ) ) ;
#6304 = CARTESIAN_POINT ( 'NONE',  ( -50.81971716986267040, 2.700000000000000178, 18.38793159791848097 ) ) ;
#6305 = CARTESIAN_POINT ( 'NONE',  ( -39.60006879386268253, 2.700000000000000178, 17.78022745391848147 ) ) ;
#6306 = FACE_OUTER_BOUND ( 'NONE', #9140, .T. ) ;
#6307 = CARTESIAN_POINT ( 'NONE',  ( 0.000000000000000000, 2.700000000000000178, 19.27047999791848554 ) ) ;
#6308 = EDGE_LOOP ( 'NONE', ( #13389, #5560, #6389, #6315 ) ) ;
#6309 = VERTEX_POINT ( 'NONE', #1472 ) ;
#6310 = VECTOR ( 'NONE', #483, 1000.000000000000000 ) ;
#6311 = VECTOR ( 'NONE', #11629, 1000.000000000000000 ) ;
#6312 = ORIENTED_EDGE ( 'NONE', *, *, #1205, .T. ) ;
#6313 = ADVANCED_FACE ( 'NONE', ( #6601 ), #5509, .T. ) ;
#6314 = CARTESIAN_POINT ( 'NONE',  ( -7.377045609862681097, 2.700000000000000178, 11.76263217391848315 ) ) ;
#6315 = ORIENTED_EDGE ( 'NONE', *, *, #187, .T. ) ;
#6316 = VECTOR ( 'NONE', #4604, 1000.000000000000227 ) ;
#6317 = CARTESIAN_POINT ( 'NONE',  ( 28.50381727353427408, 2.700000000000000178, 11.29416476675642578 ) ) ;
#6318 = DIRECTION ( 'NONE',  ( 0.8314713530511933515, 0.000000000000000000, 0.5555676277963088605 ) ) ;
#6319 = VECTOR ( 'NONE', #8692, 1000.000000000000114 ) ;
#6320 = EDGE_CURVE ( 'NONE', #1906, #7500, #1542, .T. ) ;
#6321 = LINE ( 'NONE', #5166, #4633 ) ;
#6322 = ORIENTED_EDGE ( 'NONE', *, *, #10664, .T. ) ;
#6323 = CARTESIAN_POINT ( 'NONE',  ( 11.06146122987427383, 2.700000000000000178, -14.55459622645684270 ) ) ;
#6324 = CARTESIAN_POINT ( 'NONE',  ( -0.7523882750234133221, 3.000000000000000000, 5.129931009218603677 ) ) ;
#6325 = PLANE ( 'NONE',  #7330 ) ;
#6326 = AXIS2_PLACEMENT_3D ( 'NONE', #5209, #4193, #12591 ) ;
#6327 = EDGE_CURVE ( 'NONE', #6537, #5496, #8787, .T. ) ;
#6328 = VERTEX_POINT ( 'NONE', #378 ) ;
#6329 = ORIENTED_EDGE ( 'NONE', *, *, #10664, .F. ) ;
#6330 = ADVANCED_FACE ( 'NONE', ( #11732 ), #8585, .T. ) ;
#6331 = VERTEX_POINT ( 'NONE', #12760 ) ;
#6332 = EDGE_CURVE ( 'NONE', #11161, #12628, #2361, .T. ) ;
#6334 = VECTOR ( 'NONE', #12963, 1000.000000000000000 ) ;
#6333 = CARTESIAN_POINT ( 'NONE',  ( 25.95464287013731663, 2.700000000000000178, 0.5639001899184759026 ) ) ;
#6335 = CARTESIAN_POINT ( 'NONE',  ( -8.247109401862662281, 3.000000000000000000, 10.17944610991848187 ) ) ;
#6336 = AXIS2_PLACEMENT_3D ( 'NONE', #12052, #9997, #2695 ) ;
#6337 = DIRECTION ( 'NONE',  ( 0.8933547143928022294, 0.000000000000000000, -0.4493521495132238863 ) ) ;
#6338 = LINE ( 'NONE', #3131, #11849 ) ;
#6339 = ORIENTED_EDGE ( 'NONE', *, *, #8241, .F. ) ;
#6340 = DIRECTION ( 'NONE',  ( -0.000000000000000000, 1.000000000000000000, -0.000000000000000000 ) ) ;
#6341 = CARTESIAN_POINT ( 'NONE',  ( 0.7591000148449561502, 2.700000000000000178, 8.597144723476736417 ) ) ;
#6342 = ORIENTED_EDGE ( 'NONE', *, *, #3240, .T. ) ;
#6343 = LINE ( 'NONE', #7439, #712 ) ;
#6344 = DIRECTION ( 'NONE',  ( 0.000000000000000000, 0.000000000000000000, -1.000000000000000000 ) ) ;
#6345 = ORIENTED_EDGE ( 'NONE', *, *, #9087, .T. ) ;
#6346 = CARTESIAN_POINT ( 'NONE',  ( 51.68205903013731728, 2.700000000000000178, 12.78114880591848390 ) ) ;
#6347 = VECTOR ( 'NONE', #7823, 1000.000000000000000 ) ;
#6348 = ADVANCED_FACE ( 'NONE', ( #6468 ), #12884, .T. ) ;
#6349 = VECTOR ( 'NONE', #3855, 1000.000000000000000 ) ;
#6350 = VECTOR ( 'NONE', #7922, 1000.000000000000000 ) ;
#6351 = VERTEX_POINT ( 'NONE', #3395 ) ;
#6352 = CARTESIAN_POINT ( 'NONE',  ( 0.000000000000000000, 2.700000000000000178, 1.078102869918486917 ) ) ;
#6353 = ORIENTED_EDGE ( 'NONE', *, *, #7177, .T. ) ;
#6354 = FACE_OUTER_BOUND ( 'NONE', #13300, .T. ) ;
#6355 = VERTEX_POINT ( 'NONE', #7503 ) ;
#6356 = CARTESIAN_POINT ( 'NONE',  ( 6.512685266122531402, 2.700000000000000178, 4.285931310527210769 ) ) ;
#6357 = CARTESIAN_POINT ( 'NONE',  ( 14.71388303013732646, 3.000000000000000000, 9.911009765918480596 ) ) ;
#6358 = ORIENTED_EDGE ( 'NONE', *, *, #4901, .T. ) ;
#6359 = LINE ( 'NONE', #10591, #13333 ) ;
#6360 = CARTESIAN_POINT ( 'NONE',  ( -19.46057266129498586, 3.000000000000000000, 6.349542732198584893 ) ) ;
#6361 = AXIS2_PLACEMENT_3D ( 'NONE', #9383, #7339, #7136 ) ;
#6362 = ORIENTED_EDGE ( 'NONE', *, *, #2169, .T. ) ;
#6363 = DIRECTION ( 'NONE',  ( 0.3788488605086208216, 0.000000000000000000, -0.9254585570901159297 ) ) ;
#6364 = LINE ( 'NONE', #3360, #2374 ) ;
#6365 = ORIENTED_EDGE ( 'NONE', *, *, #9155, .T. ) ;
#6366 = ORIENTED_EDGE ( 'NONE', *, *, #12674, .T. ) ;
#6367 = ORIENTED_EDGE ( 'NONE', *, *, #5499, .T. ) ;
#6368 = ORIENTED_EDGE ( 'NONE', *, *, #6661, .T. ) ;
#6369 = DIRECTION ( 'NONE',  ( -1.000000000000000000, -0.000000000000000000, -0.000000000000000000 ) ) ;
#6370 = DIRECTION ( 'NONE',  ( 0.01008096314144695492, 0.000000000000000000, 0.9999491858000288946 ) ) ;
#6371 = VECTOR ( 'NONE', #11835, 1000.000000000000000 ) ;
#6372 = DIRECTION ( 'NONE',  ( 0.000000000000000000, -0.000000000000000000, 1.000000000000000000 ) ) ;
#6373 = CARTESIAN_POINT ( 'NONE',  ( 3.723592856264689832, 2.700000000000000178, 13.04750059630097603 ) ) ;
#6374 = PLANE ( 'NONE',  #11576 ) ;
#6375 = EDGE_CURVE ( 'NONE', #3681, #12658, #7562, .T. ) ;
#6376 = VECTOR ( 'NONE', #4926, 1000.000000000000114 ) ;
#6377 = CARTESIAN_POINT ( 'NONE',  ( 19.31451391013732533, 2.700000000000000178, 10.84052886191848231 ) ) ;
#6378 = CARTESIAN_POINT ( 'NONE',  ( -10.11121540186268497, 2.700000000000000178, 19.38419884591847975 ) ) ;
#6379 = ORIENTED_EDGE ( 'NONE', *, *, #10237, .F. ) ;
#6380 = EDGE_CURVE ( 'NONE', #785, #4334, #11670, .T. ) ;
#6381 = ORIENTED_EDGE ( 'NONE', *, *, #12071, .T. ) ;
#6382 = ADVANCED_FACE ( 'NONE', ( #183 ), #4350, .T. ) ;
#6383 = EDGE_CURVE ( 'NONE', #3375, #4045, #9675, .T. ) ;
#6384 = VECTOR ( 'NONE', #1447, 1000.000000000000000 ) ;
#6385 = VECTOR ( 'NONE', #2040, 1000.000000000000000 ) ;
#6386 = ORIENTED_EDGE ( 'NONE', *, *, #12692, .F. ) ;
#6387 = CARTESIAN_POINT ( 'NONE',  ( -9.144430072282204947, 2.700000000000000178, 6.773418093540295892 ) ) ;
#6388 = EDGE_CURVE ( 'NONE', #1389, #7658, #10630, .T. ) ;
#6389 = ORIENTED_EDGE ( 'NONE', *, *, #5810, .T. ) ;
#6390 = DIRECTION ( 'NONE',  ( -0.8725542995139043967, 0.000000000000000000, 0.4885171382866720924 ) ) ;
#6391 = VECTOR ( 'NONE', #7399, 1000.000000000000114 ) ;
#6392 = DIRECTION ( 'NONE',  ( -0.000000000000000000, 1.000000000000000000, -0.000000000000000000 ) ) ;
#6393 = DIRECTION ( 'NONE',  ( 0.3622134907540541238, 0.000000000000000000, 0.9320951599036242374 ) ) ;
#6394 = VERTEX_POINT ( 'NONE', #5443 ) ;
#6395 = AXIS2_PLACEMENT_3D ( 'NONE', #12069, #8034, #13292 ) ;
#6396 = DIRECTION ( 'NONE',  ( -0.9616069243909913800, 0.000000000000000000, 0.2744305430583449112 ) ) ;
#6397 = CARTESIAN_POINT ( 'NONE',  ( 21.60524135813732372, 3.000000000000000000, 15.90113951791848379 ) ) ;
#6398 = CARTESIAN_POINT ( 'NONE',  ( 5.125247032632093358, 3.000000000000000000, -7.622153944435009265 ) ) ;
#6399 = EDGE_CURVE ( 'NONE', #229, #12934, #10767, .T. ) ;
#6400 = AXIS2_PLACEMENT_3D ( 'NONE', #9166, #79, #4251 ) ;
#6401 = ORIENTED_EDGE ( 'NONE', *, *, #3009, .T. ) ;
#6402 = ORIENTED_EDGE ( 'NONE', *, *, #9791, .T. ) ;
#6403 = VECTOR ( 'NONE', #8922, 1000.000000000000000 ) ;
#6404 = VERTEX_POINT ( 'NONE', #12819 ) ;
#6405 = ADVANCED_FACE ( 'NONE', ( #6672 ), #10837, .F. ) ;
#6406 = CARTESIAN_POINT ( 'NONE',  ( -49.84999999999996589, 0.000000000000000000, -30.13000000000000966 ) ) ;
#6407 = CARTESIAN_POINT ( 'NONE',  ( -49.17822489786266260, 2.700000000000000178, 18.41759676591847850 ) ) ;
#6408 = CARTESIAN_POINT ( 'NONE',  ( -26.06137196986268023, 2.700000000000000178, 20.64250976591847930 ) ) ;
#6409 = DIRECTION ( 'NONE',  ( -0.5584504237620572242, 0.000000000000000000, -0.8295378979889819204 ) ) ;
#6410 = VERTEX_POINT ( 'NONE', #11869 ) ;
#6411 = VECTOR ( 'NONE', #1842, 1000.000000000000114 ) ;
#6412 = DIRECTION ( 'NONE',  ( 0.9936137372156853553, 0.000000000000000000, 0.1128350176863508747 ) ) ;
#6413 = ADVANCED_FACE ( 'NONE', ( #12695 ), #1407, .F. ) ;
#6414 = VERTEX_POINT ( 'NONE', #7833 ) ;
#6415 = LINE ( 'NONE', #3402, #10987 ) ;
#6416 = CARTESIAN_POINT ( 'NONE',  ( 0.000000000000000000, 2.700000000000000178, 3.809800733918486948 ) ) ;
#6417 = ORIENTED_EDGE ( 'NONE', *, *, #7410, .F. ) ;
#6418 = ADVANCED_FACE ( 'NONE', ( #1676 ), #5844, .T. ) ;
#6419 = CARTESIAN_POINT ( 'NONE',  ( 50.90779553870502383, 3.000000000000000000, -5.568403638397087185 ) ) ;
#6420 = ADVANCED_FACE ( 'NONE', ( #10010 ), #2638, .T. ) ;
#6421 = ORIENTED_EDGE ( 'NONE', *, *, #1796, .F. ) ;
#6422 = ORIENTED_EDGE ( 'NONE', *, *, #13310, .F. ) ;
#6423 = DIRECTION ( 'NONE',  ( 0.9245851893489510642, 0.000000000000000000, -0.3809753635559187668 ) ) ;
#6424 = ORIENTED_EDGE ( 'NONE', *, *, #626, .F. ) ;
#6425 = CARTESIAN_POINT ( 'NONE',  ( -29.01556367386267610, 2.700000000000000178, 0.000000000000000000 ) ) ;
#6426 = DIRECTION ( 'NONE',  ( -0.000000000000000000, 1.000000000000000000, -0.000000000000000000 ) ) ;
#6427 = VERTEX_POINT ( 'NONE', #1744 ) ;
#6428 = CARTESIAN_POINT ( 'NONE',  ( -22.90693885786266648, 2.700000000000000178, 20.48923905391848166 ) ) ;
#6429 = CARTESIAN_POINT ( 'NONE',  ( -2.165101877654600049, 2.700000000000000178, -4.141236046315582620 ) ) ;
#6430 = ADVANCED_FACE ( 'NONE', ( #5781 ), #11105, .T. ) ;
#6431 = EDGE_LOOP ( 'NONE', ( #6813, #7631, #12142, #7848 ) ) ;
#6432 = DIRECTION ( 'NONE',  ( -0.9874952958460295749, 0.000000000000000000, 0.1576484718668804130 ) ) ;
#6433 = DIRECTION ( 'NONE',  ( 0.9832059221644678937, 0.000000000000000000, 0.1824996290974810753 ) ) ;
#6434 = ORIENTED_EDGE ( 'NONE', *, *, #2117, .F. ) ;
#6435 = ADVANCED_FACE ( 'NONE', ( #2772 ), #1816, .F. ) ;
#6436 = ORIENTED_EDGE ( 'NONE', *, *, #3859, .T. ) ;
#6437 = ORIENTED_EDGE ( 'NONE', *, *, #4301, .T. ) ;
#6438 = ORIENTED_EDGE ( 'NONE', *, *, #10356, .F. ) ;
#6439 = LINE ( 'NONE', #88, #434 ) ;
#6440 = LINE ( 'NONE', #10607, #1369 ) ;
#6441 = VECTOR ( 'NONE', #6114, 1000.000000000000000 ) ;
#6442 = DIRECTION ( 'NONE',  ( 0.7138882766030900662, 0.000000000000000000, -0.7002596150919100371 ) ) ;
#6443 = CARTESIAN_POINT ( 'NONE',  ( 6.650558171280721353, 2.700000000000000178, 22.61058770749240665 ) ) ;
#6444 = CARTESIAN_POINT ( 'NONE',  ( -13.60432804986267108, 3.000000000000000000, 18.98865785391848249 ) ) ;
#6445 = EDGE_CURVE ( 'NONE', #8224, #10703, #9949, .T. ) ;
#6446 = CARTESIAN_POINT ( 'NONE',  ( 3.650000000000028333, 0.000000000000000000, -38.03000000000000824 ) ) ;
#6447 = LINE ( 'NONE', #3504, #7674 ) ;
#6448 = EDGE_LOOP ( 'NONE', ( #6945, #3710, #4079, #10548 ) ) ;
#6449 = ORIENTED_EDGE ( 'NONE', *, *, #12752, .F. ) ;
#6450 = AXIS2_PLACEMENT_3D ( 'NONE', #6815, #2581, #462 ) ;
#6451 = VECTOR ( 'NONE', #310, 1000.000000000000000 ) ;
#6452 = VERTEX_POINT ( 'NONE', #13221 ) ;
#6453 = FACE_OUTER_BOUND ( 'NONE', #461, .T. ) ;
#6454 = EDGE_CURVE ( 'NONE', #4721, #11633, #3726, .T. ) ;
#6455 = VECTOR ( 'NONE', #4215, 1000.000000000000000 ) ;
#6456 = ORIENTED_EDGE ( 'NONE', *, *, #8040, .F. ) ;
#6457 = CARTESIAN_POINT ( 'NONE',  ( 18.03147863013732888, 3.000000000000000000, 19.26306421391847579 ) ) ;
#6458 = LINE ( 'NONE', #8506, #9177 ) ;
#6459 = ORIENTED_EDGE ( 'NONE', *, *, #13216, .F. ) ;
#6460 = PLANE ( 'NONE',  #5724 ) ;
#6461 = CARTESIAN_POINT ( 'NONE',  ( 31.50000000000002842, 0.000000000000000000, -30.13000000000000966 ) ) ;
#6462 = LINE ( 'NONE', #10625, #3831 ) ;
#6463 = AXIS2_PLACEMENT_3D ( 'NONE', #8861, #2507, #8721 ) ;
#6464 = ORIENTED_EDGE ( 'NONE', *, *, #8281, .T. ) ;
#6465 = ADVANCED_FACE ( 'NONE', ( #10150 ), #6872, .T. ) ;
#6466 = ORIENTED_EDGE ( 'NONE', *, *, #903, .F. ) ;
#6467 = ORIENTED_EDGE ( 'NONE', *, *, #3576, .T. ) ;
#6468 = FACE_OUTER_BOUND ( 'NONE', #4984, .T. ) ;
#6469 = FACE_OUTER_BOUND ( 'NONE', #2647, .T. ) ;
#6470 = ADVANCED_FACE ( 'NONE', ( #4890 ), #4822, .T. ) ;
#6471 = CARTESIAN_POINT ( 'NONE',  ( -8.514219865862672876, 2.700000000000000178, 19.87120726991848585 ) ) ;
#6472 = CARTESIAN_POINT ( 'NONE',  ( -29.13215141048594248, 3.000000000000000000, 2.715694412039534988 ) ) ;
#6473 = ORIENTED_EDGE ( 'NONE', *, *, #2153, .T. ) ;
#6474 = CARTESIAN_POINT ( 'NONE',  ( -18.96590865259803138, 3.000000000000000000, 13.97954491001854649 ) ) ;
#6475 = ORIENTED_EDGE ( 'NONE', *, *, #12119, .T. ) ;
#6476 = LINE ( 'NONE', #10639, #2455 ) ;
#6477 = LINE ( 'NONE', #6416, #11990 ) ;
#6478 = ORIENTED_EDGE ( 'NONE', *, *, #13216, .T. ) ;
#6479 = FACE_OUTER_BOUND ( 'NONE', #1084, .T. ) ;
#6480 = ADVANCED_FACE ( 'NONE', ( #789 ), #8107, .T. ) ;
#6481 = ORIENTED_EDGE ( 'NONE', *, *, #11578, .F. ) ;
#6482 = ORIENTED_EDGE ( 'NONE', *, *, #9387, .F. ) ;
#6483 = ADVANCED_FACE ( 'NONE', ( #12276 ), #13156, .T. ) ;
#6484 = CARTESIAN_POINT ( 'NONE',  ( -4.265633725041206858, 2.700000000000000178, -4.550908560405951597 ) ) ;
#6485 = EDGE_CURVE ( 'NONE', #12505, #12625, #3663, .T. ) ;
#6486 = ORIENTED_EDGE ( 'NONE', *, *, #8171, .F. ) ;
#6487 = CARTESIAN_POINT ( 'NONE',  ( -41.12466416986266893, 2.700000000000000178, 19.72009758991848116 ) ) ;
#6488 = FACE_OUTER_BOUND ( 'NONE', #6298, .T. ) ;
#6489 = ORIENTED_EDGE ( 'NONE', *, *, #12354, .T. ) ;
#6490 = CARTESIAN_POINT ( 'NONE',  ( -13.12226043386267627, 2.700000000000000178, 15.17416713391848049 ) ) ;
#6491 = DIRECTION ( 'NONE',  ( -0.5893963186387826125, 0.000000000000000000, -0.8078440317134556459 ) ) ;
#6492 = ORIENTED_EDGE ( 'NONE', *, *, #3659, .T. ) ;
#6493 = CARTESIAN_POINT ( 'NONE',  ( 27.04732039013732603, 3.000000000000000000, 9.369613845918475903 ) ) ;
#6494 = DIRECTION ( 'NONE',  ( 0.1746986879099474421, 0.000000000000000000, 0.9846219418855862715 ) ) ;
#6495 = ORIENTED_EDGE ( 'NONE', *, *, #8349, .F. ) ;
#6496 = DIRECTION ( 'NONE',  ( -0.08968301770377255788, 0.000000000000000000, -0.9959703591651434262 ) ) ;
#6497 = AXIS2_PLACEMENT_3D ( 'NONE', #5703, #1609, #11926 ) ;
#6498 = CC_DESIGN_SECURITY_CLASSIFICATION ( #12616, ( #8900 ) ) ;
#6499 = EDGE_LOOP ( 'NONE', ( #8906, #394 ) ) ;
#6500 = EDGE_LOOP ( 'NONE', ( #13121, #2444, #12631, #6529 ) ) ;
#6501 = ADVANCED_FACE ( 'NONE', ( #12198 ), #7967, .T. ) ;
#6502 = ORIENTED_EDGE ( 'NONE', *, *, #5408, .T. ) ;
#6503 = FACE_OUTER_BOUND ( 'NONE', #7078, .T. ) ;
#6504 = DIRECTION ( 'NONE',  ( 0.9890547258545989706, 0.000000000000000000, -0.1475491418635975216 ) ) ;
#6505 = CARTESIAN_POINT ( 'NONE',  ( -17.06956812845487903, 2.700000000000000178, 15.06138651336096856 ) ) ;
#6506 = FACE_OUTER_BOUND ( 'NONE', #4988, .T. ) ;
#6507 = EDGE_CURVE ( 'NONE', #2454, #7036, #721, .T. ) ;
#6508 = PLANE ( 'NONE',  #4593 ) ;
#6509 = FACE_OUTER_BOUND ( 'NONE', #226, .T. ) ;
#6510 = LINE ( 'NONE', #3373, #1774 ) ;
#6511 = ORIENTED_EDGE ( 'NONE', *, *, #8103, .F. ) ;
#6512 = VERTEX_POINT ( 'NONE', #4688 ) ;
#6513 = ORIENTED_EDGE ( 'NONE', *, *, #10975, .F. ) ;
#6514 = CARTESIAN_POINT ( 'NONE',  ( 14.01117303124919466, 3.000000000000000000, 1.876534437828642821 ) ) ;
#6515 = ORIENTED_EDGE ( 'NONE', *, *, #1039, .F. ) ;
#6516 = CARTESIAN_POINT ( 'NONE',  ( -2.359323202860608149, 2.700000000000000178, -1.744480328968915028 ) ) ;
#6517 = LINE ( 'NONE', #4404, #12772 ) ;
#6518 = VECTOR ( 'NONE', #5749, 1000.000000000000000 ) ;
#6519 = ORIENTED_EDGE ( 'NONE', *, *, #3817, .T. ) ;
#6520 = AXIS2_PLACEMENT_3D ( 'NONE', #12910, #475, #3553 ) ;
#6521 = DIRECTION ( 'NONE',  ( 0.8609913184333675140, 0.000000000000000000, 0.5086196511956371236 ) ) ;
#6522 = DIRECTION ( 'NONE',  ( -1.000000000000000000, 0.000000000000000000, -0.000000000000000000 ) ) ;
#6523 = CARTESIAN_POINT ( 'NONE',  ( 9.417792345223308104, 2.700000000000000178, -15.94243838000384095 ) ) ;
#6524 = VECTOR ( 'NONE', #8109, 1000.000000000000114 ) ;
#6525 = VERTEX_POINT ( 'NONE', #13020 ) ;
#6526 = ORIENTED_EDGE ( 'NONE', *, *, #10417, .F. ) ;
#6527 = VECTOR ( 'NONE', #8753, 999.9999999999998863 ) ;
#6528 = VECTOR ( 'NONE', #8833, 1000.000000000000114 ) ;
#6529 = ORIENTED_EDGE ( 'NONE', *, *, #7184, .T. ) ;
#6530 = DIRECTION ( 'NONE',  ( -0.000000000000000000, 1.000000000000000000, -0.000000000000000000 ) ) ;
#6531 = LINE ( 'NONE', #5714, #7062 ) ;
#6532 = LINE ( 'NONE', #5645, #12420 ) ;
#6533 = CARTESIAN_POINT ( 'NONE',  ( -11.98508516186267414, 2.700000000000000178, 20.79331159791848194 ) ) ;
#6534 = VERTEX_POINT ( 'NONE', #11384 ) ;
#6535 = DIRECTION ( 'NONE',  ( 0.1895757809150719064, 0.000000000000000000, -0.9818660923417412700 ) ) ;
#6536 = ADVANCED_FACE ( 'NONE', ( #9467 ), #3184, .T. ) ;
#6537 = VERTEX_POINT ( 'NONE', #12408 ) ;
#6538 = DIRECTION ( 'NONE',  ( 0.9991534101026517956, 0.000000000000000000, 0.04113955615027988649 ) ) ;
#6539 = FACE_OUTER_BOUND ( 'NONE', #11291, .T. ) ;
#6540 = VECTOR ( 'NONE', #12675, 1000.000000000000000 ) ;
#6541 = ORIENTED_EDGE ( 'NONE', *, *, #4168, .T. ) ;
#6542 = EDGE_CURVE ( 'NONE', #5272, #6309, #10289, .T. ) ;
#6543 = LINE ( 'NONE', #12500, #8847 ) ;
#6544 = ORIENTED_EDGE ( 'NONE', *, *, #5205, .T. ) ;
#6545 = EDGE_CURVE ( 'NONE', #664, #8684, #2023, .T. ) ;
#6546 = ADVANCED_FACE ( 'NONE', ( #4209 ), #13364, .T. ) ;
#6547 = VECTOR ( 'NONE', #10346, 1000.000000000000000 ) ;
#6548 = EDGE_LOOP ( 'NONE', ( #10956, #3596, #4364, #12256 ) ) ;
#6549 = CARTESIAN_POINT ( 'NONE',  ( -48.85071221786267870, 3.000000000000000000, 20.13962532591848031 ) ) ;
#6550 = ORIENTED_EDGE ( 'NONE', *, *, #6591, .T. ) ;
#6551 = CARTESIAN_POINT ( 'NONE',  ( 58.00000000000002132, 3.000000000000000000, 50.99999999999999289 ) ) ;
#6552 = DIRECTION ( 'NONE',  ( 0.9969225633805324227, 0.000000000000000000, -0.07839261842028528993 ) ) ;
#6553 = ORIENTED_EDGE ( 'NONE', *, *, #1158, .F. ) ;
#6554 = CARTESIAN_POINT ( 'NONE',  ( 32.81911987013732102, 2.700000000000000178, 9.454284237918479050 ) ) ;
#6555 = CARTESIAN_POINT ( 'NONE',  ( 24.66171175013732508, 2.700000000000000178, 3.809800733918486948 ) ) ;
#6556 = EDGE_CURVE ( 'NONE', #10706, #2529, #7284, .T. ) ;
#6557 = ORIENTED_EDGE ( 'NONE', *, *, #8281, .F. ) ;
#6558 = DIRECTION ( 'NONE',  ( -0.000000000000000000, 1.000000000000000000, -0.000000000000000000 ) ) ;
#6559 = LINE ( 'NONE', #2269, #6098 ) ;
#6560 = EDGE_LOOP ( 'NONE', ( #3439, #7094, #13180, #11462 ) ) ;
#6561 = AXIS2_PLACEMENT_3D ( 'NONE', #4214, #10624, #9403 ) ;
#6562 = VECTOR ( 'NONE', #6288, 1000.000000000000000 ) ;
#6563 = CARTESIAN_POINT ( 'NONE',  ( -10.33215780986267873, 3.000000000000000000, 13.26445086191848510 ) ) ;
#6564 = EDGE_LOOP ( 'NONE', ( #3166, #6035, #11649, #792 ) ) ;
#6565 = ORIENTED_EDGE ( 'NONE', *, *, #1568, .F. ) ;
#6566 = CARTESIAN_POINT ( 'NONE',  ( 23.13033886681006024, 3.000000000000000000, 9.468714137153927624 ) ) ;
#6567 = ORIENTED_EDGE ( 'NONE', *, *, #4534, .T. ) ;
#6568 = CARTESIAN_POINT ( 'NONE',  ( -0.8902851335246252384, 2.700000000000000178, 9.891352399485723979 ) ) ;
#6570 = VECTOR ( 'NONE', #27, 1000.000000000000114 ) ;
#6569 = LINE ( 'NONE', #1110, #3777 ) ;
#6571 = LINE ( 'NONE', #12036, #7023 ) ;
#6572 = LINE ( 'NONE', #9520, #1610 ) ;
#6573 = CARTESIAN_POINT ( 'NONE',  ( -10.83307324186266740, 2.700000000000000178, 20.71667471791848314 ) ) ;
#6574 = DIRECTION ( 'NONE',  ( -0.000000000000000000, 1.000000000000000000, -0.000000000000000000 ) ) ;
#6575 = DIRECTION ( 'NONE',  ( -0.1976663333700899861, 0.000000000000000000, -0.9802693612737390927 ) ) ;
#6576 = ORIENTED_EDGE ( 'NONE', *, *, #7427, .T. ) ;
#6577 = VECTOR ( 'NONE', #7437, 1000.000000000000000 ) ;
#6578 = EDGE_CURVE ( 'NONE', #6537, #4092, #10360, .T. ) ;
#6579 = ORIENTED_EDGE ( 'NONE', *, *, #4019, .T. ) ;
#6580 = EDGE_CURVE ( 'NONE', #10359, #13485, #5024, .T. ) ;
#6581 = VECTOR ( 'NONE', #2762, 1000.000000000000000 ) ;
#6582 = EDGE_CURVE ( 'NONE', #750, #1973, #9269, .T. ) ;
#6583 = APPLICATION_PROTOCOL_DEFINITION ( 'international standard', 'config_control_design', 1994, #937 ) ;
#6584 = ORIENTED_EDGE ( 'NONE', *, *, #1242, .T. ) ;
#6585 = LINE ( 'NONE', #7609, #5453 ) ;
#6586 = ORIENTED_EDGE ( 'NONE', *, *, #4572, .T. ) ;
#6587 = LINE ( 'NONE', #10957, #13368 ) ;
#6588 = DIRECTION ( 'NONE',  ( -0.000000000000000000, 1.000000000000000000, -0.000000000000000000 ) ) ;
#6589 = CARTESIAN_POINT ( 'NONE',  ( 32.50083247013732546, 2.700000000000000178, 12.78114880591848390 ) ) ;
#6590 = EDGE_CURVE ( 'NONE', #7723, #3688, #2152, .T. ) ;
#6591 = EDGE_CURVE ( 'NONE', #6022, #4441, #5228, .T. ) ;
#6592 = CARTESIAN_POINT ( 'NONE',  ( -0.4873418330974813029, 2.700000000000000178, -1.176564236589713097 ) ) ;
#6593 = CARTESIAN_POINT ( 'NONE',  ( 31.67189737413732331, 2.700000000000000178, 8.649143861918481946 ) ) ;
#6594 = EDGE_CURVE ( 'NONE', #4122, #10481, #5297, .T. ) ;
#6595 = DIRECTION ( 'NONE',  ( 0.3887057852901643074, 0.000000000000000000, 0.9213619334886571366 ) ) ;
#6596 = VECTOR ( 'NONE', #10325, 1000.000000000000000 ) ;
#6597 = ORIENTED_EDGE ( 'NONE', *, *, #12230, .F. ) ;
#6598 = AXIS2_PLACEMENT_3D ( 'NONE', #10512, #6538, #1218 ) ;
#6599 = CARTESIAN_POINT ( 'NONE',  ( 2.202390654137325487, 3.000000000000000000, -18.40485333808151935 ) ) ;
#6600 = ORIENTED_EDGE ( 'NONE', *, *, #1978, .F. ) ;
#6601 = FACE_OUTER_BOUND ( 'NONE', #13451, .T. ) ;
#6602 = CARTESIAN_POINT ( 'NONE',  ( -16.92640622336200451, 2.700000000000000178, 6.987361440253797795 ) ) ;
#6603 = VECTOR ( 'NONE', #5596, 1000.000000000000227 ) ;
#6604 = LINE ( 'NONE', #2642, #576 ) ;
#6605 = LINE ( 'NONE', #1411, #8789 ) ;
#6606 = VERTEX_POINT ( 'NONE', #1952 ) ;
#6607 = FACE_OUTER_BOUND ( 'NONE', #2857, .T. ) ;
#6608 = ORIENTED_EDGE ( 'NONE', *, *, #10604, .F. ) ;
#6609 = PLANE ( 'NONE',  #10092 ) ;
#6610 = CARTESIAN_POINT ( 'NONE',  ( -50.53789502586267446, 2.700000000000000178, 3.809801749918482194 ) ) ;
#6611 = VERTEX_POINT ( 'NONE', #8441 ) ;
#6612 = VECTOR ( 'NONE', #6063, 999.9999999999998863 ) ;
#6613 = CARTESIAN_POINT ( 'NONE',  ( 5.521783277313702776, 2.700000000000000178, 12.45158498073690723 ) ) ;
#6614 = ORIENTED_EDGE ( 'NONE', *, *, #8925, .F. ) ;
#6615 = VECTOR ( 'NONE', #10026, 1000.000000000000114 ) ;
#6616 = VECTOR ( 'NONE', #2194, 1000.000000000000000 ) ;
#6617 = CARTESIAN_POINT ( 'NONE',  ( -5.181526540121475399, 2.700000000000000178, -5.427650621294963784 ) ) ;
#6618 = EDGE_CURVE ( 'NONE', #10338, #12236, #7417, .T. ) ;
#6619 = EDGE_LOOP ( 'NONE', ( #12319, #10984, #10652, #6993 ) ) ;
#6620 = DIRECTION ( 'NONE',  ( -1.000000000000000000, 0.000000000000000000, 0.000000000000000000 ) ) ;
#6621 = DIRECTION ( 'NONE',  ( -0.000000000000000000, 1.000000000000000000, -0.000000000000000000 ) ) ;
#6622 = VERTEX_POINT ( 'NONE', #12609 ) ;
#6623 = LINE ( 'NONE', #4708, #4378 ) ;
#6624 = DIRECTION ( 'NONE',  ( 0.5679554957705916785, 0.000000000000000000, -0.8230592656813854324 ) ) ;
#6625 = ORIENTED_EDGE ( 'NONE', *, *, #87, .T. ) ;
#6626 = LINE ( 'NONE', #9567, #7059 ) ;
#6627 = CARTESIAN_POINT ( 'NONE',  ( -18.22967516186267289, 2.700000000000000178, 9.599520421918480650 ) ) ;
#6628 = VERTEX_POINT ( 'NONE', #5163 ) ;
#6629 = CARTESIAN_POINT ( 'NONE',  ( -11.33738719386267135, 3.000000000000000000, -18.47889433808151693 ) ) ;
#6630 = ORIENTED_EDGE ( 'NONE', *, *, #3709, .F. ) ;
#6631 = ORIENTED_EDGE ( 'NONE', *, *, #9752, .T. ) ;
#6632 = VECTOR ( 'NONE', #3816, 1000.000000000000000 ) ;
#6633 = VECTOR ( 'NONE', #3545, 1000.000000000000000 ) ;
#6634 = FACE_BOUND ( 'NONE', #7131, .T. ) ;
#6635 = VERTEX_POINT ( 'NONE', #10215 ) ;
#6636 = CARTESIAN_POINT ( 'NONE',  ( 2.720116694012112202, 2.700000000000000178, 17.03855678193557566 ) ) ;
#6637 = LINE ( 'NONE', #9138, #8784 ) ;
#6638 = CARTESIAN_POINT ( 'NONE',  ( 14.71388303013732646, 2.700000000000000178, 9.911009765918480596 ) ) ;
#6639 = DIRECTION ( 'NONE',  ( 0.8049612762679684286, 0.000000000000000000, -0.5933273495373725392 ) ) ;
#6640 = LINE ( 'NONE', #10807, #1536 ) ;
#6641 = DIRECTION ( 'NONE',  ( 0.7915814488744231658, 0.000000000000000000, -0.6110636708215183566 ) ) ;
#6642 = CARTESIAN_POINT ( 'NONE',  ( -34.63964996186266632, 2.700000000000000178, 0.000000000000000000 ) ) ;
#6643 = EDGE_CURVE ( 'NONE', #8127, #4317, #1885, .T. ) ;
#6644 = DIRECTION ( 'NONE',  ( 0.9962356249260626573, 0.000000000000000000, -0.08668667503242516448 ) ) ;
#6645 = CARTESIAN_POINT ( 'NONE',  ( 21.69887388613732071, 2.700000000000000178, 14.58332960591848426 ) ) ;
#6646 = VERTEX_POINT ( 'NONE', #13492 ) ;
#6647 = EDGE_CURVE ( 'NONE', #12702, #9540, #3112, .T. ) ;
#6648 = ORIENTED_EDGE ( 'NONE', *, *, #5336, .T. ) ;
#6649 = EDGE_CURVE ( 'NONE', #8330, #7566, #927, .T. ) ;
#6650 = CARTESIAN_POINT ( 'NONE',  ( 10.66660904801457477, 2.700000000000000178, 18.70885982218235810 ) ) ;
#6651 = ORIENTED_EDGE ( 'NONE', *, *, #1205, .F. ) ;
#6652 = DIRECTION ( 'NONE',  ( 0.2744305430583400818, 0.000000000000000000, -0.9616069243909928232 ) ) ;
#6653 = ORIENTED_EDGE ( 'NONE', *, *, #6128, .F. ) ;
#6654 = DIRECTION ( 'NONE',  ( -0.000000000000000000, 1.000000000000000000, -0.000000000000000000 ) ) ;
#6655 = FACE_OUTER_BOUND ( 'NONE', #5374, .T. ) ;
#6656 = EDGE_CURVE ( 'NONE', #10649, #7885, #5100, .T. ) ;
#6657 = EDGE_CURVE ( 'NONE', #5651, #4748, #2092, .T. ) ;
#6659 = VECTOR ( 'NONE', #1910, 1000.000000000000000 ) ;
#6658 = CARTESIAN_POINT ( 'NONE',  ( -3.392520385818005746, 2.700000000000000178, -17.05594934600265944 ) ) ;
#6660 = LINE ( 'NONE', #512, #9337 ) ;
#6661 = EDGE_CURVE ( 'NONE', #8019, #12421, #39, .T. ) ;
#6662 = VECTOR ( 'NONE', #2985, 1000.000000000000000 ) ;
#6663 = FACE_OUTER_BOUND ( 'NONE', #3306, .T. ) ;
#6664 = DIRECTION ( 'NONE',  ( 0.1335620088326546773, 0.000000000000000000, 0.9910404582036930199 ) ) ;
#6665 = EDGE_CURVE ( 'NONE', #4165, #8589, #6517, .T. ) ;
#6666 = PLANE ( 'NONE',  #13430 ) ;
#6667 = VECTOR ( 'NONE', #12688, 1000.000000000000000 ) ;
#6668 = ORIENTED_EDGE ( 'NONE', *, *, #4073, .T. ) ;
#6669 = ADVANCED_FACE ( 'NONE', ( #7612 ), #1461, .T. ) ;
#6670 = CARTESIAN_POINT ( 'NONE',  ( 38.36223807013732312, 2.700000000000000178, 10.43757208591848240 ) ) ;
#6671 = VERTEX_POINT ( 'NONE', #366 ) ;
#6672 = FACE_OUTER_BOUND ( 'NONE', #5506, .T. ) ;
#6673 = DIRECTION ( 'NONE',  ( -0.000000000000000000, 1.000000000000000000, -0.000000000000000000 ) ) ;
#6674 = CARTESIAN_POINT ( 'NONE',  ( -11.85653779386267992, 2.700000000000000178, -4.639930906081515261 ) ) ;
#6675 = CARTESIAN_POINT ( 'NONE',  ( 8.397946462137328538, 2.700000000000000178, -19.40113684208152023 ) ) ;
#6677 = ORIENTED_EDGE ( 'NONE', *, *, #6822, .T. ) ;
#6676 = EDGE_CURVE ( 'NONE', #1955, #433, #8572, .T. ) ;
#6678 = CARTESIAN_POINT ( 'NONE',  ( -17.41387491386267072, 3.000000000000000000, 9.629187621918481099 ) ) ;
#6679 = DIRECTION ( 'NONE',  ( -0.8283250196573385127, 0.000000000000000000, 0.5602478574788748444 ) ) ;
#6680 = DIRECTION ( 'NONE',  ( -0.3902565570241961490, 0.000000000000000000, -0.9207061527434365900 ) ) ;
#6681 = ORIENTED_EDGE ( 'NONE', *, *, #12263, .T. ) ;
#6682 = LINE ( 'NONE', #10846, #1874 ) ;
#6683 = ORIENTED_EDGE ( 'NONE', *, *, #8548, .F. ) ;
#6684 = FACE_OUTER_BOUND ( 'NONE', #1495, .T. ) ;
#6685 = ORIENTED_EDGE ( 'NONE', *, *, #749, .F. ) ;
#6686 = CARTESIAN_POINT ( 'NONE',  ( -27.81050537786267540, 3.000000000000000000, 2.020807613918482293 ) ) ;
#6687 = CARTESIAN_POINT ( 'NONE',  ( 8.869769750137326270, 2.700000000000000178, 5.441405293918477604 ) ) ;
#6688 = VERTEX_POINT ( 'NONE', #12749 ) ;
#6689 = DIRECTION ( 'NONE',  ( -0.9379835119174010361, 0.000000000000000000, -0.3466798687133398893 ) ) ;
#6690 = DIRECTION ( 'NONE',  ( -0.000000000000000000, 1.000000000000000000, -0.000000000000000000 ) ) ;
#6691 = VECTOR ( 'NONE', #11163, 1000.000000000000114 ) ;
#6692 = EDGE_LOOP ( 'NONE', ( #2451, #11542, #8050, #12969 ) ) ;
#6693 = DIRECTION ( 'NONE',  ( -0.000000000000000000, -1.000000000000000000, -0.000000000000000000 ) ) ;
#6694 = DIRECTION ( 'NONE',  ( -0.000000000000000000, 1.000000000000000000, -0.000000000000000000 ) ) ;
#6695 = ORIENTED_EDGE ( 'NONE', *, *, #10723, .F. ) ;
#6696 = FACE_OUTER_BOUND ( 'NONE', #10831, .T. ) ;
#6697 = ORIENTED_EDGE ( 'NONE', *, *, #6582, .F. ) ;
#6698 = ORIENTED_EDGE ( 'NONE', *, *, #3343, .T. ) ;
#6699 = AXIS2_PLACEMENT_3D ( 'NONE', #10165, #13105, #8936 ) ;
#6700 = CARTESIAN_POINT ( 'NONE',  ( 20.88791995813732427, 2.700000000000000178, 10.94068207791848479 ) ) ;
#6701 = ORIENTED_EDGE ( 'NONE', *, *, #3069, .T. ) ;
#6702 = DIRECTION ( 'NONE',  ( -0.7223999833020825490, 0.000000000000000000, 0.6914754255395856308 ) ) ;
#6703 = DIRECTION ( 'NONE',  ( 0.000000000000000000, 1.000000000000000000, -0.000000000000000000 ) ) ;
#6704 = LINE ( 'NONE', #1443, #10518 ) ;
#6705 = PLANE ( 'NONE',  #10955 ) ;
#6706 = DIRECTION ( 'NONE',  ( -0.6295866936947175363, 0.000000000000000000, 0.7769302382598799461 ) ) ;
#6707 = CARTESIAN_POINT ( 'NONE',  ( -42.24087123386266995, 2.700000000000000178, 18.98797713391848418 ) ) ;
#6708 = LINE ( 'NONE', #12108, #7914 ) ;
#6709 = DIRECTION ( 'NONE',  ( -0.6247052142672281372, 0.000000000000000000, -0.7808606759642444661 ) ) ;
#6710 = DIRECTION ( 'NONE',  ( 1.000000000000000000, -0.000000000000000000, 0.000000000000000000 ) ) ;
#6711 = ORIENTED_EDGE ( 'NONE', *, *, #3482, .T. ) ;
#6712 = EDGE_CURVE ( 'NONE', #6534, #12915, #1393, .T. ) ;
#6713 = FACE_OUTER_BOUND ( 'NONE', #6448, .T. ) ;
#6714 = EDGE_CURVE ( 'NONE', #1243, #8767, #4535, .T. ) ;
#6715 = VECTOR ( 'NONE', #4525, 1000.000000000000000 ) ;
#6716 = CARTESIAN_POINT ( 'NONE',  ( 52.50000000000095923, 0.000000000000000000, 46.97000000000000597 ) ) ;
#6717 = EDGE_CURVE ( 'NONE', #8345, #8700, #11582, .T. ) ;
#6718 = ORIENTED_EDGE ( 'NONE', *, *, #10515, .T. ) ;
#6719 = AXIS2_PLACEMENT_3D ( 'NONE', #5559, #7679, #9724 ) ;
#6720 = LINE ( 'NONE', #432, #7850 ) ;
#6721 = VERTEX_POINT ( 'NONE', #1261 ) ;
#6722 = CARTESIAN_POINT ( 'NONE',  ( 12.56313295013731590, 2.700000000000000178, 19.16417896591848802 ) ) ;
#6723 = CARTESIAN_POINT ( 'NONE',  ( -6.289306865862674734, 2.700000000000000178, 10.94683090991848218 ) ) ;
#6724 = LINE ( 'NONE', #11925, #11810 ) ;
#6725 = DIRECTION ( 'NONE',  ( -0.000000000000000000, 1.000000000000000000, -0.000000000000000000 ) ) ;
#6726 = FACE_OUTER_BOUND ( 'NONE', #2292, .T. ) ;
#6727 = DIRECTION ( 'NONE',  ( -0.000000000000000000, 1.000000000000000000, -0.000000000000000000 ) ) ;
#6728 = CARTESIAN_POINT ( 'NONE',  ( 16.37268083013731612, 2.700000000000000178, 9.599581381918486755 ) ) ;
#6729 = ORIENTED_EDGE ( 'NONE', *, *, #6594, .T. ) ;
#6730 = PLANE ( 'NONE',  #1733 ) ;
#6731 = ORIENTED_EDGE ( 'NONE', *, *, #7478, .F. ) ;
#6732 = VECTOR ( 'NONE', #12313, 999.9999999999998863 ) ;
#6733 = CARTESIAN_POINT ( 'NONE',  ( -3.747957617862667234, 3.000000000000000000, -0.000000000000000000 ) ) ;
#6734 = CARTESIAN_POINT ( 'NONE',  ( -16.92640622336200451, 3.000000000000000000, 6.987361440253797795 ) ) ;
#6735 = DIRECTION ( 'NONE',  ( -0.000000000000000000, 1.000000000000000000, -0.000000000000000000 ) ) ;
#6736 = LINE ( 'NONE', #5514, #9450 ) ;
#6737 = ORIENTED_EDGE ( 'NONE', *, *, #10820, .T. ) ;
#6738 = CARTESIAN_POINT ( 'NONE',  ( -52.50000000000000711, 0.000000000000000000, -46.96999999999999176 ) ) ;
#6739 = CARTESIAN_POINT ( 'NONE',  ( 14.03036067179379565, 3.000000000000000000, 5.949820325271497623 ) ) ;
#6740 = ORIENTED_EDGE ( 'NONE', *, *, #4986, .T. ) ;
#6741 = EDGE_CURVE ( 'NONE', #8767, #8038, #8702, .T. ) ;
#6742 = PLANE ( 'NONE',  #6450 ) ;
#6743 = VECTOR ( 'NONE', #3861, 1000.000000000000227 ) ;
#6744 = VECTOR ( 'NONE', #2528, 1000.000000000000114 ) ;
#6745 = ORIENTED_EDGE ( 'NONE', *, *, #6262, .T. ) ;
#6746 = EDGE_CURVE ( 'NONE', #2869, #6132, #2423, .T. ) ;
#6747 = EDGE_CURVE ( 'NONE', #1077, #5392, #9662, .T. ) ;
#6748 = CARTESIAN_POINT ( 'NONE',  ( -25.82899346586267697, 3.000000000000000000, 9.901122053918482990 ) ) ;
#6749 = ORIENTED_EDGE ( 'NONE', *, *, #7548, .T. ) ;
#6750 = CARTESIAN_POINT ( 'NONE',  ( -12.57283201786267135, 2.700000000000000178, 8.582860021918486737 ) ) ;
#6751 = VECTOR ( 'NONE', #2149, 1000.000000000000000 ) ;
#6752 = FACE_OUTER_BOUND ( 'NONE', #8152, .T. ) ;
#6753 = ORIENTED_EDGE ( 'NONE', *, *, #10319, .F. ) ;
#6754 = DIRECTION ( 'NONE',  ( 0.6764246841344166983, 0.000000000000000000, -0.7365118102879645301 ) ) ;
#6755 = LINE ( 'NONE', #7582, #6857 ) ;
#6756 = ORIENTED_EDGE ( 'NONE', *, *, #1126, .F. ) ;
#6757 = CARTESIAN_POINT ( 'NONE',  ( -0.5456806615859978171, 3.000000000000000000, 3.265603995274444227 ) ) ;
#6758 = LINE ( 'NONE', #3683, #11106 ) ;
#6759 = EDGE_CURVE ( 'NONE', #7837, #12517, #2352, .T. ) ;
#6760 = VERTEX_POINT ( 'NONE', #1325 ) ;
#6761 = EDGE_CURVE ( 'NONE', #992, #10685, #6458, .T. ) ;
#6762 = CARTESIAN_POINT ( 'NONE',  ( 0.000000000000000000, 3.000000000000000000, 8.684835941918485958 ) ) ;
#6763 = ORIENTED_EDGE ( 'NONE', *, *, #9974, .T. ) ;
#6764 = EDGE_LOOP ( 'NONE', ( #12836, #9651, #10298, #12177 ) ) ;
#6765 = PLANE ( 'NONE',  #10023 ) ;
#6766 = VERTEX_POINT ( 'NONE', #5629 ) ;
#6767 = CARTESIAN_POINT ( 'NONE',  ( -2.359323202860608149, 2.700000000000000178, -1.744480328968915028 ) ) ;
#6768 = DIRECTION ( 'NONE',  ( 0.000000000000000000, 0.000000000000000000, -1.000000000000000000 ) ) ;
#6769 = LINE ( 'NONE', #12855, #1575 ) ;
#6770 = FACE_OUTER_BOUND ( 'NONE', #7441, .T. ) ;
#6771 = PLANE ( 'NONE',  #9840 ) ;
#6772 = DIRECTION ( 'NONE',  ( 0.07139978715268649467, 0.000000000000000000, -0.9974477782794198832 ) ) ;
#6773 = AXIS2_PLACEMENT_3D ( 'NONE', #4963, #2850, #12285 ) ;
#6774 = VECTOR ( 'NONE', #8093, 1000.000000000000000 ) ;
#6775 = CARTESIAN_POINT ( 'NONE',  ( -27.77950010586266671, 3.000000000000000000, 9.901122053918482990 ) ) ;
#6776 = EDGE_LOOP ( 'NONE', ( #4513, #5604, #525, #1240 ) ) ;
#6777 = CARTESIAN_POINT ( 'NONE',  ( 15.53142876613732071, 2.700000000000000178, 19.50203655791848334 ) ) ;
#6778 = LINE ( 'NONE', #5761, #3050 ) ;
#6779 = VERTEX_POINT ( 'NONE', #7489 ) ;
#6780 = CARTESIAN_POINT ( 'NONE',  ( 51.68205903013731728, 3.000000000000000000, 20.48923905391848166 ) ) ;
#6781 = VECTOR ( 'NONE', #3834, 1000.000000000000000 ) ;
#6782 = AXIS2_PLACEMENT_3D ( 'NONE', #8779, #2563, #9669 ) ;
#6783 = UNCERTAINTY_MEASURE_WITH_UNIT (LENGTH_MEASURE( 1.000000000000000082E-05 ), #4602, 'distance_accuracy_value', 'NONE');
#6784 = VECTOR ( 'NONE', #9077, 1000.000000000000114 ) ;
#6785 = DIRECTION ( 'NONE',  ( 0.8314713530512023443, 0.000000000000000000, -0.5555676277962953158 ) ) ;
#6786 = ORIENTED_EDGE ( 'NONE', *, *, #5387, .F. ) ;
#6787 = DIRECTION ( 'NONE',  ( -0.9616069243909927122, 0.000000000000000000, -0.2744305430583400263 ) ) ;
#6788 = EDGE_CURVE ( 'NONE', #2965, #2937, #10755, .T. ) ;
#6789 = ORIENTED_EDGE ( 'NONE', *, *, #3753, .T. ) ;
#6790 = CARTESIAN_POINT ( 'NONE',  ( 52.90328087013731562, 3.000000000000000000, 12.67484269391848350 ) ) ;
#6791 = EDGE_CURVE ( 'NONE', #6525, #7608, #9792, .T. ) ;
#6792 = DIRECTION ( 'NONE',  ( -0.8718510606488927284, 0.000000000000000000, -0.4897710976011147577 ) ) ;
#6793 = VECTOR ( 'NONE', #9485, 999.9999999999998863 ) ;
#6794 = DIRECTION ( 'NONE',  ( -0.6729451173849529955, 0.000000000000000000, 0.7396924151211446974 ) ) ;
#6795 = CARTESIAN_POINT ( 'NONE',  ( 25.31763220613731491, 2.700000000000000178, 1.728197581918481163 ) ) ;
#6796 = VECTOR ( 'NONE', #9115, 1000.000000000000000 ) ;
#6797 = CARTESIAN_POINT ( 'NONE',  ( 51.68205903013731728, 2.700000000000000178, 20.48923905391848166 ) ) ;
#6798 = LINE ( 'NONE', #1333, #6451 ) ;
#6800 = EDGE_CURVE ( 'NONE', #6355, #12571, #11658, .T. ) ;
#6799 = EDGE_LOOP ( 'NONE', ( #5390, #12898, #13488, #6871 ) ) ;
#6801 = LINE ( 'NONE', #13219, #3476 ) ;
#6802 = ORIENTED_EDGE ( 'NONE', *, *, #5653, .T. ) ;
#6803 = DIRECTION ( 'NONE',  ( 1.000000000000000000, 0.000000000000000000, -0.000000000000000000 ) ) ;
#6804 = CARTESIAN_POINT ( 'NONE',  ( -49.84999999999996589, 3.000000000000000000, -30.13000000000000966 ) ) ;
#6805 = VECTOR ( 'NONE', #488, 1000.000000000000000 ) ;
#6806 = LINE ( 'NONE', #13090, #9371 ) ;
#6807 = CARTESIAN_POINT ( 'NONE',  ( -49.84999999999996589, 0.000000000000000000, -38.03000000000000824 ) ) ;
#6808 = ORIENTED_EDGE ( 'NONE', *, *, #3164, .T. ) ;
#6809 = VECTOR ( 'NONE', #6621, 1000.000000000000000 ) ;
#6810 = EDGE_CURVE ( 'NONE', #11868, #1853, #11856, .T. ) ;
#6811 = DIRECTION ( 'NONE',  ( 0.9938837125343852330, 0.000000000000000000, -0.1104317253277669469 ) ) ;
#6812 = DIRECTION ( 'NONE',  ( -0.09335269653344584195, 0.000000000000000000, -0.9956331021264481773 ) ) ;
#6813 = ORIENTED_EDGE ( 'NONE', *, *, #6182, .F. ) ;
#6814 = ADVANCED_FACE ( 'NONE', ( #6655 ), #5364, .T. ) ;
#6815 = CARTESIAN_POINT ( 'NONE',  ( -7.412193851067410577, 2.700000000000000178, 9.295386171172523859 ) ) ;
#6816 = CIRCLE ( 'NONE', #2022, 1.700000000000000178 ) ;
#6817 = ORIENTED_EDGE ( 'NONE', *, *, #6788, .T. ) ;
#6818 = ADVANCED_FACE ( 'NONE', ( #9594 ), #236, .T. ) ;
#6819 = AXIS2_PLACEMENT_3D ( 'NONE', #4210, #999, #13493 ) ;
#6820 = VECTOR ( 'NONE', #2862, 1000.000000000000000 ) ;
#6821 = CARTESIAN_POINT ( 'NONE',  ( -4.029232991824351906, 2.700000000000000178, 13.78436599264587237 ) ) ;
#6822 = EDGE_CURVE ( 'NONE', #11316, #12694, #3715, .T. ) ;
#6823 = ORIENTED_EDGE ( 'NONE', *, *, #2287, .F. ) ;
#6824 = DIRECTION ( 'NONE',  ( -0.000000000000000000, -1.000000000000000000, -0.000000000000000000 ) ) ;
#6825 = PLANE ( 'NONE',  #1592 ) ;
#6826 = ORIENTED_EDGE ( 'NONE', *, *, #12102, .F. ) ;
#6828 = DIRECTION ( 'NONE',  ( -0.9990793774606896438, 0.000000000000000000, 0.04289985469393606948 ) ) ;
#6827 = AXIS2_PLACEMENT_3D ( 'NONE', #5569, #5633, #2562 ) ;
#6829 = LINE ( 'NONE', #8741, #3794 ) ;
#6830 = EDGE_CURVE ( 'NONE', #8523, #8681, #7956, .T. ) ;
#6831 = ORIENTED_EDGE ( 'NONE', *, *, #13487, .T. ) ;
#6832 = PLANE ( 'NONE',  #7933 ) ;
#6833 = DIRECTION ( 'NONE',  ( -1.000000000000000000, 0.000000000000000000, 0.000000000000000000 ) ) ;
#6834 = EDGE_LOOP ( 'NONE', ( #3284, #2468, #4489, #6886 ) ) ;
#6835 = EDGE_CURVE ( 'NONE', #4503, #7932, #11164, .T. ) ;
#6836 = LINE ( 'NONE', #10038, #4480 ) ;
#6837 = VECTOR ( 'NONE', #5510, 999.9999999999998863 ) ;
#6838 = ORIENTED_EDGE ( 'NONE', *, *, #11517, .T. ) ;
#6839 = AXIS2_PLACEMENT_3D ( 'NONE', #11698, #11628, #5534 ) ;
#6840 = ORIENTED_EDGE ( 'NONE', *, *, #9408, .T. ) ;
#6841 = DIRECTION ( 'NONE',  ( -0.000000000000000000, 1.000000000000000000, -0.000000000000000000 ) ) ;
#6842 = ORIENTED_EDGE ( 'NONE', *, *, #5342, .F. ) ;
#6843 = DIRECTION ( 'NONE',  ( 0.9586209608320941378, 0.000000000000000000, -0.2846855343240194403 ) ) ;
#6844 = EDGE_CURVE ( 'NONE', #3363, #12658, #9939, .T. ) ;
#6845 = DIRECTION ( 'NONE',  ( 0.7732680481579777831, 0.000000000000000000, 0.6340792739854783644 ) ) ;
#6846 = CARTESIAN_POINT ( 'NONE',  ( 11.10824838213732235, 2.700000000000000178, 14.57591280591848459 ) ) ;
#6847 = PLANE ( 'NONE',  #3509 ) ;
#6848 = CARTESIAN_POINT ( 'NONE',  ( -10.11121540186268497, 3.000000000000000000, 19.38419884591847975 ) ) ;
#6849 = EDGE_CURVE ( 'NONE', #8011, #8681, #3852, .T. ) ;
#6850 = CARTESIAN_POINT ( 'NONE',  ( 0.000000000000000000, 2.700000000000000178, 0.000000000000000000 ) ) ;
#6851 = EDGE_LOOP ( 'NONE', ( #12669, #9959, #2438, #2969 ) ) ;
#6852 = CARTESIAN_POINT ( 'NONE',  ( -3.539999999999980496, 0.000000000000000000, -38.03000000000000824 ) ) ;
#6853 = DIRECTION ( 'NONE',  ( 0.07087289490145044779, 0.000000000000000000, 0.9974853546635598089 ) ) ;
#6854 = ORIENTED_EDGE ( 'NONE', *, *, #6746, .F. ) ;
#6855 = VECTOR ( 'NONE', #5321, 1000.000000000000000 ) ;
#6856 = DIRECTION ( 'NONE',  ( -0.9852953065597072069, 0.000000000000000000, -0.1708600563953215634 ) ) ;
#6857 = VECTOR ( 'NONE', #10922, 1000.000000000000000 ) ;
#6858 = VERTEX_POINT ( 'NONE', #12187 ) ;
#6859 = EDGE_CURVE ( 'NONE', #7989, #10064, #4876, .T. ) ;
#6860 = CARTESIAN_POINT ( 'NONE',  ( -31.12999999999996348, 0.000000000000000000, -30.13000000000000611 ) ) ;
#6861 = ORIENTED_EDGE ( 'NONE', *, *, #5900, .F. ) ;
#6862 = CARTESIAN_POINT ( 'NONE',  ( -52.99999999999998579, 0.000000000000000000, 29.04999999999999361 ) ) ;
#6863 = CARTESIAN_POINT ( 'NONE',  ( -34.63964996186266632, 3.000000000000000000, -0.000000000000000000 ) ) ;
#6864 = CARTESIAN_POINT ( 'NONE',  ( -2.749224537862673401, 2.700000000000000178, 5.031032733918481270 ) ) ;
#6865 = DIRECTION ( 'NONE',  ( 0.5681063008746258802, 0.000000000000000000, 0.8229551815904370127 ) ) ;
#6866 = CARTESIAN_POINT ( 'NONE',  ( 12.27869543359584092, 2.700000000000000178, 24.28231283982490751 ) ) ;
#6867 = CARTESIAN_POINT ( 'NONE',  ( -12.49339402586267589, 2.700000000000000178, -19.10586184208151650 ) ) ;
#6868 = EDGE_CURVE ( 'NONE', #6933, #10638, #6995, .T. ) ;
#6869 = EDGE_LOOP ( 'NONE', ( #10598, #2133, #4885, #692 ) ) ;
#6870 = LINE ( 'NONE', #1470, #12642 ) ;
#6871 = ORIENTED_EDGE ( 'NONE', *, *, #1315, .T. ) ;
#6872 = PLANE ( 'NONE',  #5349 ) ;
#6873 = DIRECTION ( 'NONE',  ( -0.000000000000000000, 1.000000000000000000, -0.000000000000000000 ) ) ;
#6874 = AXIS2_PLACEMENT_3D ( 'NONE', #3863, #9125, #3798 ) ;
#6875 = LINE ( 'NONE', #5915, #3471 ) ;
#6876 = CARTESIAN_POINT ( 'NONE',  ( -5.219977615072020072, 2.700000000000000178, -12.47593273333706065 ) ) ;
#6877 = ORIENTED_EDGE ( 'NONE', *, *, #13343, .F. ) ;
#6878 = LINE ( 'NONE', #1623, #12746 ) ;
#6879 = DIRECTION ( 'NONE',  ( 0.9170333846916158826, 0.000000000000000000, 0.3988104454011190403 ) ) ;
#6880 = VERTEX_POINT ( 'NONE', #579 ) ;
#6881 = LINE ( 'NONE', #3606, #1220 ) ;
#6882 = EDGE_CURVE ( 'NONE', #5496, #57, #4807, .T. ) ;
#6883 = VECTOR ( 'NONE', #10516, 1000.000000000000000 ) ;
#6884 = ADVANCED_FACE ( 'NONE', ( #4738 ), #7887, .T. ) ;
#6885 = VECTOR ( 'NONE', #7077, 1000.000000000000000 ) ;
#6886 = ORIENTED_EDGE ( 'NONE', *, *, #10216, .T. ) ;
#6887 = EDGE_CURVE ( 'NONE', #2375, #1715, #11091, .T. ) ;
#6888 = FACE_OUTER_BOUND ( 'NONE', #5116, .T. ) ;
#6889 = EDGE_LOOP ( 'NONE', ( #5934, #945, #11618, #12759 ) ) ;
#6890 = CARTESIAN_POINT ( 'NONE',  ( -0.3550667644722388383, 2.700000000000000178, 0.8572193649464471266 ) ) ;
#6891 = CARTESIAN_POINT ( 'NONE',  ( -40.88297808986267512, 3.000000000000000000, 17.53786979791847855 ) ) ;
#6892 = ORIENTED_EDGE ( 'NONE', *, *, #3343, .F. ) ;
#6893 = CARTESIAN_POINT ( 'NONE',  ( 42.30775215013734680, 3.000000000000000000, 8.380760349918483954 ) ) ;
#6894 = DIRECTION ( 'NONE',  ( 1.000000000000000000, 0.000000000000000000, 1.853337046983768335E-16 ) ) ;
#6895 = VERTEX_POINT ( 'NONE', #777 ) ;
#6896 = CARTESIAN_POINT ( 'NONE',  ( -27.08730438586267653, 3.000000000000000000, 1.078102869918488915 ) ) ;
#6897 = DIRECTION ( 'NONE',  ( -0.000000000000000000, 1.000000000000000000, -0.000000000000000000 ) ) ;
#6898 = ORIENTED_EDGE ( 'NONE', *, *, #501, .T. ) ;
#6899 = DIRECTION ( 'NONE',  ( -0.8118976273581011149, 0.000000000000000000, 0.5837998310125535051 ) ) ;
#6900 = ORIENTED_EDGE ( 'NONE', *, *, #5467, .T. ) ;
#6901 = ORIENTED_EDGE ( 'NONE', *, *, #4541, .T. ) ;
#6902 = EDGE_CURVE ( 'NONE', #4849, #8540, #11986, .T. ) ;
#6903 = CARTESIAN_POINT ( 'NONE',  ( 32.50083247013732546, 2.700000000000000178, 0.000000000000000000 ) ) ;
#6904 = ORIENTED_EDGE ( 'NONE', *, *, #2199, .T. ) ;
#6905 = VECTOR ( 'NONE', #6024, 1000.000000000000000 ) ;
#6906 = PLANE ( 'NONE',  #3040 ) ;
#6907 = EDGE_CURVE ( 'NONE', #4165, #7067, #11026, .T. ) ;
#6908 = CARTESIAN_POINT ( 'NONE',  ( -25.82899346586267697, 3.000000000000000000, 8.682362997918483316 ) ) ;
#6909 = LINE ( 'NONE', #622, #10520 ) ;
#6910 = CARTESIAN_POINT ( 'NONE',  ( -14.49305576186267430, 2.700000000000000178, 9.655762117918479603 ) ) ;
#6911 = CARTESIAN_POINT ( 'NONE',  ( -2.502005321862678766, 2.700000000000000178, 19.27047999791848554 ) ) ;
#6912 = CARTESIAN_POINT ( 'NONE',  ( 24.76764092613733226, 2.700000000000000178, -18.31854718608151700 ) ) ;
#6913 = VERTEX_POINT ( 'NONE', #8976 ) ;
#6914 = CARTESIAN_POINT ( 'NONE',  ( -11.85653779386267992, 2.700000000000000178, -4.639930906081515261 ) ) ;
#6915 = DIRECTION ( 'NONE',  ( -1.000000000000000000, 0.000000000000000000, 0.000000000000000000 ) ) ;
#6916 = ORIENTED_EDGE ( 'NONE', *, *, #4742, .F. ) ;
#6917 = LINE ( 'NONE', #11080, #13040 ) ;
#6918 = EDGE_CURVE ( 'NONE', #5197, #12902, #11922, .T. ) ;
#6919 = VERTEX_POINT ( 'NONE', #10066 ) ;
#6920 = DATE_TIME_ROLE ( 'creation_date' ) ;
#6921 = VERTEX_POINT ( 'NONE', #10887 ) ;
#6922 = EDGE_CURVE ( 'NONE', #8408, #3375, #4943, .T. ) ;
#6923 = CARTESIAN_POINT ( 'NONE',  ( -25.81415986586267763, 3.000000000000000000, 19.43611339791847925 ) ) ;
#6924 = ORIENTED_EDGE ( 'NONE', *, *, #2294, .F. ) ;
#6925 = CARTESIAN_POINT ( 'NONE',  ( 0.5634329077434963029, 2.700000000000000178, 6.865168417632792952 ) ) ;
#6926 = CARTESIAN_POINT ( 'NONE',  ( -2.749224537862673401, 2.700000000000000178, 0.000000000000000000 ) ) ;
#6927 = CARTESIAN_POINT ( 'NONE',  ( 1.159717918036234918, 2.700000000000000178, 5.542371487537336883 ) ) ;
#6928 = LINE ( 'NONE', #12765, #3094 ) ;
#6929 = CARTESIAN_POINT ( 'NONE',  ( 0.000000000000000000, 2.700000000000000178, 0.000000000000000000 ) ) ;
#6930 = CARTESIAN_POINT ( 'NONE',  ( 7.557067270137327597, 3.000000000000000000, 0.5737889179184829658 ) ) ;
#6931 = CARTESIAN_POINT ( 'NONE',  ( 41.00304559013734007, 3.000000000000000000, 9.757438317918484927 ) ) ;
#6932 = VECTOR ( 'NONE', #3717, 1000.000000000000000 ) ;
#6933 = VERTEX_POINT ( 'NONE', #6723 ) ;
#6934 = DIRECTION ( 'NONE',  ( -0.000000000000000000, 1.000000000000000000, -0.000000000000000000 ) ) ;
#6935 = ORIENTED_EDGE ( 'NONE', *, *, #2416, .F. ) ;
#6936 = DIRECTION ( 'NONE',  ( 0.9953392907975358028, 0.000000000000000000, 0.09643493243974647633 ) ) ;
#6937 = CARTESIAN_POINT ( 'NONE',  ( -8.697155745862676923, 2.700000000000000178, 13.19399532591847901 ) ) ;
#6938 = DIRECTION ( 'NONE',  ( -0.000000000000000000, 1.000000000000000000, -0.000000000000000000 ) ) ;
#6939 = PLANE ( 'NONE',  #11523 ) ;
#6940 = ORIENTED_EDGE ( 'NONE', *, *, #10319, .T. ) ;
#6941 = CARTESIAN_POINT ( 'NONE',  ( 33.50745377413733195, 2.700000000000000178, 10.79618554191848645 ) ) ;
#6942 = CARTESIAN_POINT ( 'NONE',  ( -15.56894896186265953, 2.700000000000000178, 16.52932825391847871 ) ) ;
#6943 = ORIENTED_EDGE ( 'NONE', *, *, #823, .T. ) ;
#6944 = CARTESIAN_POINT ( 'NONE',  ( -13.67518084186266947, 2.700000000000000178, 15.56016178991848165 ) ) ;
#6945 = ORIENTED_EDGE ( 'NONE', *, *, #13018, .F. ) ;
#6946 = VECTOR ( 'NONE', #887, 1000.000000000000000 ) ;
#6947 = CARTESIAN_POINT ( 'NONE',  ( -3.923155623185998753, 2.700000000000000178, -4.592116139592095081 ) ) ;
#6948 = ADVANCED_FACE ( 'NONE', ( #13141 ), #12123, .T. ) ;
#6949 = ORIENTED_EDGE ( 'NONE', *, *, #8140, .T. ) ;
#6950 = DIRECTION ( 'NONE',  ( 0.3826787200924747223, 0.000000000000000000, -0.9238814843844341818 ) ) ;
#6951 = DIRECTION ( 'NONE',  ( 0.3826836147510478958, 0.000000000000000000, -0.9238794569645282229 ) ) ;
#6952 = VERTEX_POINT ( 'NONE', #1527 ) ;
#6953 = CARTESIAN_POINT ( 'NONE',  ( -12.14824155386267535, 3.000000000000000000, 1.078102869918486917 ) ) ;
#6954 = FACE_OUTER_BOUND ( 'NONE', #12640, .T. ) ;
#6955 = EDGE_CURVE ( 'NONE', #10357, #5410, #5700, .T. ) ;
#6956 = ORIENTED_EDGE ( 'NONE', *, *, #155, .F. ) ;
#6957 = CARTESIAN_POINT ( 'NONE',  ( -52.49999999999902656, 0.000000000000000000, 45.27000000000000313 ) ) ;
#6958 = LINE ( 'NONE', #3961, #416 ) ;
#6959 = VECTOR ( 'NONE', #3660, 1000.000000000000000 ) ;
#6960 = ORIENTED_EDGE ( 'NONE', *, *, #12603, .T. ) ;
#6961 = VECTOR ( 'NONE', #6982, 1000.000000000000000 ) ;
#6962 = DIRECTION ( 'NONE',  ( -0.9213619334886571366, 0.000000000000000000, 0.3887057852901643074 ) ) ;
#6963 = ADVANCED_FACE ( 'NONE', ( #4679 ), #13008, .T. ) ;
#6964 = EDGE_CURVE ( 'NONE', #1973, #3537, #7338, .T. ) ;
#6965 = VERTEX_POINT ( 'NONE', #6241 ) ;
#6966 = VECTOR ( 'NONE', #13291, 1000.000000000000114 ) ;
#6967 = ORIENTED_EDGE ( 'NONE', *, *, #6182, .T. ) ;
#6968 = CARTESIAN_POINT ( 'NONE',  ( -29.66699758629827954, 2.700000000000000178, 14.23142695513418232 ) ) ;
#6969 = ORIENTED_EDGE ( 'NONE', *, *, #5988, .T. ) ;
#6970 = VECTOR ( 'NONE', #1916, 1000.000000000000000 ) ;
#6971 = VECTOR ( 'NONE', #12799, 1000.000000000000000 ) ;
#6972 = CARTESIAN_POINT ( 'NONE',  ( 8.592899590137328403, 2.700000000000000178, 0.7517819579184870094 ) ) ;
#6973 = EDGE_CURVE ( 'NONE', #9782, #3735, #5283, .T. ) ;
#6974 = FACE_OUTER_BOUND ( 'NONE', #3975, .T. ) ;
#6975 = CARTESIAN_POINT ( 'NONE',  ( 5.904308863732703472, 3.000000000000000000, 19.31825049555087404 ) ) ;
#6976 = ORIENTED_EDGE ( 'NONE', *, *, #563, .T. ) ;
#6977 = DIRECTION ( 'NONE',  ( 0.000000000000000000, 0.000000000000000000, -1.000000000000000000 ) ) ;
#6978 = CARTESIAN_POINT ( 'NONE',  ( -2.165101877654600049, 3.000000000000000000, -4.141236046315582620 ) ) ;
#6979 = DIRECTION ( 'NONE',  ( 0.000000000000000000, 0.000000000000000000, -1.000000000000000000 ) ) ;
#6980 = VERTEX_POINT ( 'NONE', #10473 ) ;
#6981 = DIRECTION ( 'NONE',  ( -0.000000000000000000, 1.000000000000000000, -0.000000000000000000 ) ) ;
#6982 = DIRECTION ( 'NONE',  ( 0.3622134907540541238, 0.000000000000000000, 0.9320951599036242374 ) ) ;
#6983 = ORIENTED_EDGE ( 'NONE', *, *, #5076, .F. ) ;
#6984 = CARTESIAN_POINT ( 'NONE',  ( -40.16732496186267554, 2.700000000000000178, 3.809801749918482194 ) ) ;
#6985 = VECTOR ( 'NONE', #11314, 1000.000000000000000 ) ;
#6986 = ORIENTED_EDGE ( 'NONE', *, *, #8349, .T. ) ;
#6987 = PERSON_AND_ORGANIZATION_ROLE ( 'classification_officer' ) ;
#6988 = ORIENTED_EDGE ( 'NONE', *, *, #12572, .F. ) ;
#6989 = EDGE_CURVE ( 'NONE', #12475, #11161, #7071, .T. ) ;
#6990 = VECTOR ( 'NONE', #10494, 1000.000000000000114 ) ;
#6991 = CARTESIAN_POINT ( 'NONE',  ( 4.459646754763863186, 2.700000000000000178, -19.17827135138843886 ) ) ;
#6992 = VECTOR ( 'NONE', #8908, 1000.000000000000000 ) ;
#6993 = ORIENTED_EDGE ( 'NONE', *, *, #1880, .T. ) ;
#6994 = LINE ( 'NONE', #12394, #1454 ) ;
#6995 = LINE ( 'NONE', #7819, #11823 ) ;
#6996 = EDGE_CURVE ( 'NONE', #9806, #7466, #8164, .T. ) ;
#6997 = CARTESIAN_POINT ( 'NONE',  ( -38.99566461786267269, 2.700000000000000178, 15.04592659791848064 ) ) ;
#6998 = DIRECTION ( 'NONE',  ( 0.000000000000000000, -0.000000000000000000, 1.000000000000000000 ) ) ;
#6999 = DIRECTION ( 'NONE',  ( 1.000000000000000000, 0.000000000000000000, -0.000000000000000000 ) ) ;
#7000 = EDGE_CURVE ( 'NONE', #4795, #10937, #12395, .T. ) ;
#7001 = CARTESIAN_POINT ( 'NONE',  ( -52.50000000000000711, 3.000000000000000000, -46.96999999999999176 ) ) ;
#7002 = EDGE_CURVE ( 'NONE', #13272, #8484, #2900, .T. ) ;
#7003 = VECTOR ( 'NONE', #596, 1000.000000000000114 ) ;
#7004 = VECTOR ( 'NONE', #5975, 1000.000000000000000 ) ;
#7005 = CARTESIAN_POINT ( 'NONE',  ( -39.60006879386268253, 3.000000000000000000, 17.78022745391848147 ) ) ;
#7006 = VECTOR ( 'NONE', #8412, 1000.000000000000000 ) ;
#7007 = ORIENTED_EDGE ( 'NONE', *, *, #7962, .F. ) ;
#7008 = DIRECTION ( 'NONE',  ( -0.7255525523205631488, 0.000000000000000000, 0.6881667630895266230 ) ) ;
#7009 = EDGE_CURVE ( 'NONE', #12983, #12920, #13350, .T. ) ;
#7010 = ORIENTED_EDGE ( 'NONE', *, *, #11748, .F. ) ;
#7011 = CARTESIAN_POINT ( 'NONE',  ( 30.86776767174531955, 3.000000000000000000, -3.161833983904666301 ) ) ;
#7012 = LINE ( 'NONE', #8359, #9667 ) ;
#7013 = AXIS2_PLACEMENT_3D ( 'NONE', #10375, #11202, #1902 ) ;
#7014 = FACE_OUTER_BOUND ( 'NONE', #11380, .T. ) ;
#7015 = LINE ( 'NONE', #4960, #10637 ) ;
#7016 = ORIENTED_EDGE ( 'NONE', *, *, #4187, .F. ) ;
#7017 = EDGE_CURVE ( 'NONE', #1537, #11453, #12332, .T. ) ;
#7018 = DIRECTION ( 'NONE',  ( -0.9207061527434364789, 0.000000000000000000, 0.3902565570241960935 ) ) ;
#7019 = CARTESIAN_POINT ( 'NONE',  ( -0.5368641829672515797, 3.000000000000000000, 8.982548322600731439 ) ) ;
#7020 = VERTEX_POINT ( 'NONE', #3921 ) ;
#7021 = LINE ( 'NONE', #3807, #571 ) ;
#7022 = EDGE_LOOP ( 'NONE', ( #11819, #11387, #1005, #10016 ) ) ;
#7023 = VECTOR ( 'NONE', #5612, 1000.000000000000114 ) ;
#7024 = ORIENTED_EDGE ( 'NONE', *, *, #2991, .T. ) ;
#7025 = CARTESIAN_POINT ( 'NONE',  ( -59.99999999999998579, 3.000000000000000000, 50.99999999999997868 ) ) ;
#7026 = DIRECTION ( 'NONE',  ( 0.3910582461686524236, 0.000000000000000000, 0.9203659316290980774 ) ) ;
#7027 = VERTEX_POINT ( 'NONE', #914 ) ;
#7028 = CARTESIAN_POINT ( 'NONE',  ( 20.88988591813730622, 3.000000000000000000, 18.23128471791848071 ) ) ;
#7029 = LINE ( 'NONE', #9285, #5300 ) ;
#7030 = ORIENTED_EDGE ( 'NONE', *, *, #9961, .F. ) ;
#7031 = DIRECTION ( 'NONE',  ( -0.000000000000000000, 1.000000000000000000, -0.000000000000000000 ) ) ;
#7032 = CARTESIAN_POINT ( 'NONE',  ( -30.53592131386267283, 2.700000000000000178, 8.684835941918485958 ) ) ;
#7033 = ORIENTED_EDGE ( 'NONE', *, *, #3578, .F. ) ;
#7034 = CARTESIAN_POINT ( 'NONE',  ( 4.190104169021611646, 2.700000000000000178, 17.01765222917773812 ) ) ;
#7035 = CARTESIAN_POINT ( 'NONE',  ( 40.36217482043953453, 3.000000000000000000, -16.32816521849269620 ) ) ;
#7036 = VERTEX_POINT ( 'NONE', #4068 ) ;
#7037 = CARTESIAN_POINT ( 'NONE',  ( 3.513378111556327177, 3.000000000000000000, -1.497902890654323027 ) ) ;
#7038 = ORIENTED_EDGE ( 'NONE', *, *, #8338, .F. ) ;
#7039 = VECTOR ( 'NONE', #8505, 1000.000000000000114 ) ;
#7040 = AXIS2_PLACEMENT_3D ( 'NONE', #7939, #7734, #3633 ) ;
#7041 = EDGE_CURVE ( 'NONE', #4088, #9806, #1871, .T. ) ;
#7042 = VERTEX_POINT ( 'NONE', #12262 ) ;
#7043 = EDGE_CURVE ( 'NONE', #7608, #10107, #10276, .T. ) ;
#7044 = DIRECTION ( 'NONE',  ( -0.9238814843844389557, 0.000000000000000000, 0.3826787200924629540 ) ) ;
#7045 = VERTEX_POINT ( 'NONE', #6174 ) ;
#7046 = AXIS2_PLACEMENT_3D ( 'NONE', #10299, #4153, #8318 ) ;
#7047 = DIRECTION ( 'NONE',  ( -0.000000000000000000, 1.000000000000000000, -0.000000000000000000 ) ) ;
#7048 = CARTESIAN_POINT ( 'NONE',  ( -11.21130565786266864, 2.700000000000000178, 1.634326293918483497 ) ) ;
#7049 = CYLINDRICAL_SURFACE ( 'NONE', #10087, 1.700000000000000178 ) ;
#7050 = VERTEX_POINT ( 'NONE', #5213 ) ;
#7051 = DIRECTION ( 'NONE',  ( -0.000000000000000000, 1.000000000000000000, -0.000000000000000000 ) ) ;
#7052 = CARTESIAN_POINT ( 'NONE',  ( 25.90519415013731930, 3.000000000000000000, 10.43757208591848240 ) ) ;
#7053 = VECTOR ( 'NONE', #8522, 999.9999999999998863 ) ;
#7054 = VERTEX_POINT ( 'NONE', #9256 ) ;
#7055 = DIRECTION ( 'NONE',  ( -0.000000000000000000, 1.000000000000000000, -0.000000000000000000 ) ) ;
#7056 = CARTESIAN_POINT ( 'NONE',  ( -2.846091093244773162, 3.000000000000000000, 3.030069727801930402 ) ) ;
#7057 = ORIENTED_EDGE ( 'NONE', *, *, #13343, .T. ) ;
#7058 = FACE_OUTER_BOUND ( 'NONE', #10257, .T. ) ;
#7059 = VECTOR ( 'NONE', #210, 1000.000000000000000 ) ;
#7060 = EDGE_CURVE ( 'NONE', #3229, #12290, #7272, .T. ) ;
#7061 = EDGE_LOOP ( 'NONE', ( #7467, #11873, #11760, #6740 ) ) ;
#7062 = VECTOR ( 'NONE', #9743, 1000.000000000000227 ) ;
#7063 = COORDINATED_UNIVERSAL_TIME_OFFSET ( 1, 0, .AHEAD. ) ;
#7064 = ORIENTED_EDGE ( 'NONE', *, *, #7172, .T. ) ;
#7065 = LINE ( 'NONE', #13473, #3489 ) ;
#7066 = ADVANCED_FACE ( 'NONE', ( #11441 ), #1114, .T. ) ;
#7067 = VERTEX_POINT ( 'NONE', #10410 ) ;
#7068 = ORIENTED_EDGE ( 'NONE', *, *, #6280, .F. ) ;
#7069 = DIRECTION ( 'NONE',  ( -0.6295866936947176473, 0.000000000000000000, 0.7769302382598799461 ) ) ;
#7070 = VECTOR ( 'NONE', #10332, 999.9999999999998863 ) ;
#7071 = LINE ( 'NONE', #3101, #10039 ) ;
#7072 = CARTESIAN_POINT ( 'NONE',  ( 32.50083247013732546, 2.700000000000000178, 12.78114880591848390 ) ) ;
#7073 = DIRECTION ( 'NONE',  ( 0.000000000000000000, 0.000000000000000000, 1.000000000000000000 ) ) ;
#7074 = LINE ( 'NONE', #9184, #7004 ) ;
#7075 = CARTESIAN_POINT ( 'NONE',  ( 15.30621689840393174, 2.700000000000000178, 19.82345155038001039 ) ) ;
#7076 = EDGE_CURVE ( 'NONE', #6880, #7683, #5087, .T. ) ;
#7077 = DIRECTION ( 'NONE',  ( -0.000000000000000000, 1.000000000000000000, -0.000000000000000000 ) ) ;
#7078 = EDGE_LOOP ( 'NONE', ( #78, #1503, #1314, #8184 ) ) ;
#7079 = ADVANCED_FACE ( 'NONE', ( #4125 ), #5014, .T. ) ;
#7080 = CARTESIAN_POINT ( 'NONE',  ( -22.25999999999998025, 3.000000000000000000, -30.13000000000000966 ) ) ;
#7081 = EDGE_CURVE ( 'NONE', #11741, #1070, #2078, .T. ) ;
#7082 = ORIENTED_EDGE ( 'NONE', *, *, #13169, .F. ) ;
#7083 = CARTESIAN_POINT ( 'NONE',  ( -49.17822489786266260, 2.700000000000000178, 18.41759676591847850 ) ) ;
#7084 = ADVANCED_FACE ( 'NONE', ( #4197 ), #8360, .F. ) ;
#7085 = CARTESIAN_POINT ( 'NONE',  ( -1.541720457149923451, 2.700000000000000178, 18.04320339815924967 ) ) ;
#7086 = PLANE ( 'NONE',  #7591 ) ;
#7087 = ORIENTED_EDGE ( 'NONE', *, *, #8460, .T. ) ;
#7088 = LINE ( 'NONE', #2849, #11846 ) ;
#7089 = CARTESIAN_POINT ( 'NONE',  ( 1.714280502630695979, 3.000000000000000000, 4.628849061165564827 ) ) ;
#7090 = CARTESIAN_POINT ( 'NONE',  ( 31.67189737413732331, 3.000000000000000000, 8.649143861918481946 ) ) ;
#7091 = ADVANCED_FACE ( 'NONE', ( #292 ), #353, .T. ) ;
#7092 = ORIENTED_EDGE ( 'NONE', *, *, #10017, .T. ) ;
#7093 = VECTOR ( 'NONE', #8031, 999.9999999999998863 ) ;
#7094 = ORIENTED_EDGE ( 'NONE', *, *, #9968, .T. ) ;
#7095 = ADVANCED_FACE ( 'NONE', ( #5419 ), #8492, .T. ) ;
#7096 = DIRECTION ( 'NONE',  ( 0.000000000000000000, 0.000000000000000000, 1.000000000000000000 ) ) ;
#7097 = FACE_OUTER_BOUND ( 'NONE', #9111, .T. ) ;
#7098 = ORIENTED_EDGE ( 'NONE', *, *, #10248, .F. ) ;
#7099 = CARTESIAN_POINT ( 'NONE',  ( -50.47082988186267727, 3.000000000000000000, 15.01295130191848415 ) ) ;
#7100 = CARTESIAN_POINT ( 'NONE',  ( 21.46832410643702360, 2.700000000000000178, 25.75415972664475106 ) ) ;
#7101 = ORIENTED_EDGE ( 'NONE', *, *, #3650, .F. ) ;
#7102 = LINE ( 'NONE', #9215, #11379 ) ;
#7103 = DIRECTION ( 'NONE',  ( 0.000000000000000000, 0.000000000000000000, 1.000000000000000000 ) ) ;
#7104 = ORIENTED_EDGE ( 'NONE', *, *, #1412, .F. ) ;
#7105 = PLANE ( 'NONE',  #9897 ) ;
#7106 = DIRECTION ( 'NONE',  ( -0.6351454721939684411, 0.000000000000000000, 0.7723925356653188468 ) ) ;
#7107 = VECTOR ( 'NONE', #8060, 1000.000000000000000 ) ;
#7108 = ORIENTED_EDGE ( 'NONE', *, *, #7766, .T. ) ;
#7109 = CARTESIAN_POINT ( 'NONE',  ( 17.50168136613731917, 2.700000000000000178, 8.480258245918481208 ) ) ;
#7110 = AXIS2_PLACEMENT_3D ( 'NONE', #5684, #8763, #11907 ) ;
#7111 = ORIENTED_EDGE ( 'NONE', *, *, #13048, .F. ) ;
#7112 = VERTEX_POINT ( 'NONE', #6573 ) ;
#7113 = CARTESIAN_POINT ( 'NONE',  ( -14.43496189786266370, 2.700000000000000178, 17.35211045391848828 ) ) ;
#7114 = ORIENTED_EDGE ( 'NONE', *, *, #4130, .F. ) ;
#7115 = VECTOR ( 'NONE', #13498, 1000.000000000000114 ) ;
#7116 = CARTESIAN_POINT ( 'NONE',  ( -49.84999999999996589, 0.000000000000000000, -30.13000000000000966 ) ) ;
#7117 = LINE ( 'NONE', #2947, #6781 ) ;
#7118 = FACE_OUTER_BOUND ( 'NONE', #216, .T. ) ;
#7119 = VERTEX_POINT ( 'NONE', #4324 ) ;
#7120 = DIRECTION ( 'NONE',  ( -0.8322282705366530475, 0.000000000000000000, 0.5544331390885391952 ) ) ;
#7121 = PLANE ( 'NONE',  #152 ) ;
#7122 = ORIENTED_EDGE ( 'NONE', *, *, #12229, .F. ) ;
#7123 = CARTESIAN_POINT ( 'NONE',  ( 8.178218505060046439, 2.700000000000000178, -5.554904071671598942 ) ) ;
#7124 = LINE ( 'NONE', #2955, #10024 ) ;
#7125 = VERTEX_POINT ( 'NONE', #6444 ) ;
#7126 = VECTOR ( 'NONE', #8320, 1000.000000000000000 ) ;
#7127 = DIRECTION ( 'NONE',  ( 1.000000000000000000, -0.000000000000000000, 0.000000000000000000 ) ) ;
#7128 = VERTEX_POINT ( 'NONE', #10610 ) ;
#7129 = EDGE_LOOP ( 'NONE', ( #8552, #3415, #3244, #5980 ) ) ;
#7130 = CARTESIAN_POINT ( 'NONE',  ( 0.000000000000000000, 2.700000000000000178, 2.128756597918481930 ) ) ;
#7131 = EDGE_LOOP ( 'NONE', ( #1080, #7465, #2931, #5745 ) ) ;
#7132 = VERTEX_POINT ( 'NONE', #5486 ) ;
#7133 = LINE ( 'NONE', #980, #6691 ) ;
#7134 = CARTESIAN_POINT ( 'NONE',  ( 0.000000000000000000, 2.700000000000000178, 20.48923905391848166 ) ) ;
#7135 = EDGE_CURVE ( 'NONE', #1966, #1118, #2476, .T. ) ;
#7136 = DIRECTION ( 'NONE',  ( 1.000000000000000000, 0.000000000000000000, 0.000000000000000000 ) ) ;
#7137 = DIRECTION ( 'NONE',  ( 0.5679554957705916785, 0.000000000000000000, -0.8230592656813854324 ) ) ;
#7138 = LINE ( 'NONE', #11310, #1108 ) ;
#7139 = ADVANCED_FACE ( 'NONE', ( #11710 ), #9579, .T. ) ;
#7140 = DIRECTION ( 'NONE',  ( -0.1327460070386448088, 0.000000000000000000, 0.9911500883394481765 ) ) ;
#7141 = CARTESIAN_POINT ( 'NONE',  ( 7.383368779259085635, 2.700000000000000178, -1.610491943536428217 ) ) ;
#7142 = ADVANCED_FACE ( 'NONE', ( #2280 ), #9646, .F. ) ;
#7143 = ORIENTED_EDGE ( 'NONE', *, *, #3243, .F. ) ;
#7144 = CARTESIAN_POINT ( 'NONE',  ( 8.592899590137328403, 3.000000000000000000, 0.7517819579184870094 ) ) ;
#7145 = VECTOR ( 'NONE', #1691, 1000.000000000000000 ) ;
#7146 = ORIENTED_EDGE ( 'NONE', *, *, #9800, .F. ) ;
#7147 = CARTESIAN_POINT ( 'NONE',  ( 27.04732039013732603, 2.700000000000000178, 9.369613845918475903 ) ) ;
#7148 = CARTESIAN_POINT ( 'NONE',  ( 21.86576087271728852, 3.000000000000000000, -10.49548793552034276 ) ) ;
#7149 = ORIENTED_EDGE ( 'NONE', *, *, #5375, .T. ) ;
#7150 = CARTESIAN_POINT ( 'NONE',  ( -12.49339402586267589, 2.700000000000000178, -19.10586184208151650 ) ) ;
#7151 = DIRECTION ( 'NONE',  ( -0.000000000000000000, 1.000000000000000000, -0.000000000000000000 ) ) ;
#7152 = AXIS2_PLACEMENT_3D ( 'NONE', #6876, #8989, #5026 ) ;
#7153 = FACE_OUTER_BOUND ( 'NONE', #1293, .T. ) ;
#7154 = VERTEX_POINT ( 'NONE', #8625 ) ;
#7155 = AXIS2_PLACEMENT_3D ( 'NONE', #12323, #12179, #8153 ) ;
#7156 = ORIENTED_EDGE ( 'NONE', *, *, #11338, .T. ) ;
#7157 = PLANE ( 'NONE',  #3559 ) ;
#7158 = LINE ( 'NONE', #12292, #12948 ) ;
#7159 = ORIENTED_EDGE ( 'NONE', *, *, #4136, .F. ) ;
#7160 = DIRECTION ( 'NONE',  ( 0.9959738687365724541, 0.000000000000000000, 0.08964403378867370764 ) ) ;
#7161 = LINE ( 'NONE', #4974, #13150 ) ;
#7162 = VERTEX_POINT ( 'NONE', #1445 ) ;
#7163 = DIRECTION ( 'NONE',  ( 0.1784905127423875582, 0.000000000000000000, 0.9839416328527620381 ) ) ;
#7164 = CARTESIAN_POINT ( 'NONE',  ( 12.31099121413732789, 2.700000000000000178, 14.57096793391847989 ) ) ;
#7165 = EDGE_CURVE ( 'NONE', #10950, #4721, #2408, .T. ) ;
#7166 = ORIENTED_EDGE ( 'NONE', *, *, #4419, .F. ) ;
#7167 = DIRECTION ( 'NONE',  ( 0.3826848932557266880, 0.000000000000000000, -0.9238789273892186182 ) ) ;
#7168 = DIRECTION ( 'NONE',  ( 0.9744822533593155978, 0.000000000000000000, 0.2244645581996204398 ) ) ;
#7169 = ORIENTED_EDGE ( 'NONE', *, *, #5826, .T. ) ;
#7170 = CARTESIAN_POINT ( 'NONE',  ( 31.82841319013732928, 2.700000000000000178, 2.128756597918481930 ) ) ;
#7171 = ADVANCED_FACE ( 'NONE', ( #10738 ), #6508, .T. ) ;
#7172 = EDGE_CURVE ( 'NONE', #7119, #8461, #4390, .T. ) ;
#7173 = ORIENTED_EDGE ( 'NONE', *, *, #8972, .F. ) ;
#7174 = CARTESIAN_POINT ( 'NONE',  ( 16.38009255013730936, 2.700000000000000178, 19.57455152591848346 ) ) ;
#7175 = ORIENTED_EDGE ( 'NONE', *, *, #6907, .T. ) ;
#7176 = CARTESIAN_POINT ( 'NONE',  ( -14.09133748986267420, 2.700000000000000178, 11.68599630991847960 ) ) ;
#7177 = EDGE_CURVE ( 'NONE', #8885, #9200, #12797, .T. ) ;
#7178 = LINE ( 'NONE', #13400, #12680 ) ;
#7179 = AXIS2_PLACEMENT_3D ( 'NONE', #8620, #12793, #11769 ) ;
#7180 = DIRECTION ( 'NONE',  ( 0.9807850525368350114, 0.000000000000000000, 0.1950914675743609661 ) ) ;
#7181 = ORIENTED_EDGE ( 'NONE', *, *, #9930, .F. ) ;
#7182 = DIRECTION ( 'NONE',  ( -0.000000000000000000, 1.000000000000000000, -0.000000000000000000 ) ) ;
#7183 = LINE ( 'NONE', #8074, #3206 ) ;
#7184 = EDGE_CURVE ( 'NONE', #3735, #3098, #8558, .T. ) ;
#7185 = VECTOR ( 'NONE', #611, 1000.000000000000000 ) ;
#7186 = ORIENTED_EDGE ( 'NONE', *, *, #13151, .T. ) ;
#7187 = DIRECTION ( 'NONE',  ( 0.000000000000000000, 0.000000000000000000, -1.000000000000000000 ) ) ;
#7188 = CARTESIAN_POINT ( 'NONE',  ( 25.55567694213731755, 3.000000000000000000, -19.10586184208151650 ) ) ;
#7189 = ORIENTED_EDGE ( 'NONE', *, *, #2661, .T. ) ;
#7190 = ADVANCED_FACE ( 'NONE', ( #5552 ), #8431, .T. ) ;
#7191 = DIRECTION ( 'NONE',  ( 1.000000000000000000, 0.000000000000000000, 0.000000000000000000 ) ) ;
#7192 = VECTOR ( 'NONE', #5942, 1000.000000000000000 ) ;
#7193 = ORIENTED_EDGE ( 'NONE', *, *, #9848, .T. ) ;
#7194 = VECTOR ( 'NONE', #6575, 1000.000000000000114 ) ;
#7195 = APPROVAL_ROLE ( '' ) ;
#7196 = ORIENTED_EDGE ( 'NONE', *, *, #4910, .T. ) ;
#7197 = LINE ( 'NONE', #11368, #2831 ) ;
#7198 = EDGE_LOOP ( 'NONE', ( #3814, #5124, #9293, #8334 ) ) ;
#7199 = ORIENTED_EDGE ( 'NONE', *, *, #10743, .F. ) ;
#7200 = CARTESIAN_POINT ( 'NONE',  ( -5.960509961862676676, 2.700000000000000178, 2.128756597918481930 ) ) ;
#7201 = CARTESIAN_POINT ( 'NONE',  ( -41.12466416986266893, 3.000000000000000000, 19.72009758991848116 ) ) ;
#7202 = DIRECTION ( 'NONE',  ( -0.000000000000000000, 1.000000000000000000, -0.000000000000000000 ) ) ;
#7203 = LINE ( 'NONE', #5016, #11381 ) ;
#7204 = VECTOR ( 'NONE', #9110, 1000.000000000000114 ) ;
#7205 = LINE ( 'NONE', #11376, #6349 ) ;
#7206 = PLANE ( 'NONE',  #769 ) ;
#7207 = VECTOR ( 'NONE', #5773, 1000.000000000000000 ) ;
#7208 = ORIENTED_EDGE ( 'NONE', *, *, #8263, .F. ) ;
#7209 = CARTESIAN_POINT ( 'NONE',  ( -50.32295311386267400, 3.000000000000000000, 19.06881110991847805 ) ) ;
#7210 = EDGE_CURVE ( 'NONE', #12139, #10981, #6640, .T. ) ;
#7211 = VERTEX_POINT ( 'NONE', #92 ) ;
#7212 = CARTESIAN_POINT ( 'NONE',  ( -7.880377690024019444, 2.700000000000000178, -3.088464016869833628 ) ) ;
#7213 = LINE ( 'NONE', #6257, #3331 ) ;
#7214 = ORIENTED_EDGE ( 'NONE', *, *, #12078, .T. ) ;
#7215 = VECTOR ( 'NONE', #13229, 1000.000000000000227 ) ;
#7216 = AXIS2_PLACEMENT_3D ( 'NONE', #1566, #8812, #672 ) ;
#7217 = DIRECTION ( 'NONE',  ( -0.8439955644044255800, 0.000000000000000000, -0.5363501535989853020 ) ) ;
#7218 = CARTESIAN_POINT ( 'NONE',  ( 8.430855897977034275, 2.700000000000000178, 1.603678031278389815 ) ) ;
#7219 = FACE_OUTER_BOUND ( 'NONE', #7864, .T. ) ;
#7220 = EDGE_CURVE ( 'NONE', #13261, #13047, #12595, .T. ) ;
#7221 = ORIENTED_EDGE ( 'NONE', *, *, #9246, .F. ) ;
#7222 = VECTOR ( 'NONE', #8493, 1000.000000000000000 ) ;
#7223 = ORIENTED_EDGE ( 'NONE', *, *, #8512, .T. ) ;
#7224 = CARTESIAN_POINT ( 'NONE',  ( 0.000000000000000000, 3.000000000000000000, 8.684835941918485958 ) ) ;
#7225 = CARTESIAN_POINT ( 'NONE',  ( 0.000000000000000000, 2.700000000000000178, 20.48923905391848166 ) ) ;
#7226 = ADVANCED_FACE ( 'NONE', ( #11569 ), #6374, .T. ) ;
#7227 = ORIENTED_EDGE ( 'NONE', *, *, #2072, .T. ) ;
#7228 = CARTESIAN_POINT ( 'NONE',  ( 25.95464287013731663, 2.700000000000000178, 0.000000000000000000 ) ) ;
#7229 = CARTESIAN_POINT ( 'NONE',  ( -27.67072714586268489, 2.700000000000000178, 18.39287545391848155 ) ) ;
#7230 = VERTEX_POINT ( 'NONE', #6910 ) ;
#7231 = DIRECTION ( 'NONE',  ( 0.7304253190171660082, 0.000000000000000000, -0.6829925719498501913 ) ) ;
#7232 = LINE ( 'NONE', #8394, #2492 ) ;
#7233 = VECTOR ( 'NONE', #12466, 1000.000000000000000 ) ;
#7234 = ADVANCED_FACE ( 'NONE', ( #4726 ), #2807, .T. ) ;
#7235 = ORIENTED_EDGE ( 'NONE', *, *, #8064, .F. ) ;
#7236 = FACE_OUTER_BOUND ( 'NONE', #6548, .T. ) ;
#7237 = CARTESIAN_POINT ( 'NONE',  ( -11.77881339186346388, 3.000000000000000000, -4.829495474866667415 ) ) ;
#7238 = ORIENTED_EDGE ( 'NONE', *, *, #11664, .T. ) ;
#7239 = AXIS2_PLACEMENT_3D ( 'NONE', #9780, #9649, #12861 ) ;
#7240 = DIRECTION ( 'NONE',  ( -0.000000000000000000, 1.000000000000000000, -0.000000000000000000 ) ) ;
#7241 = ADVANCED_FACE ( 'NONE', ( #8005 ), #5756, .T. ) ;
#7242 = ORIENTED_EDGE ( 'NONE', *, *, #2821, .F. ) ;
#7243 = CARTESIAN_POINT ( 'NONE',  ( 0.000000000000000000, 2.700000000000000178, 0.000000000000000000 ) ) ;
#7244 = ORIENTED_EDGE ( 'NONE', *, *, #3543, .F. ) ;
#7245 = EDGE_CURVE ( 'NONE', #10338, #5175, #1587, .T. ) ;
#7246 = DIRECTION ( 'NONE',  ( -0.000000000000000000, 1.000000000000000000, -0.000000000000000000 ) ) ;
#7247 = ADVANCED_FACE ( 'NONE', ( #561 ), #3767, .T. ) ;
#7248 = CARTESIAN_POINT ( 'NONE',  ( 2.719148603940434228, 2.700000000000000178, -6.498782867384296225 ) ) ;
#7249 = FACE_OUTER_BOUND ( 'NONE', #3647, .T. ) ;
#7250 = EDGE_CURVE ( 'NONE', #6427, #2099, #11969, .T. ) ;
#7251 = ORIENTED_EDGE ( 'NONE', *, *, #6166, .F. ) ;
#7252 = FACE_BOUND ( 'NONE', #2175, .T. ) ;
#7253 = CARTESIAN_POINT ( 'NONE',  ( 45.56849239013732955, 2.700000000000000178, 20.49418290991848224 ) ) ;
#7254 = ORIENTED_EDGE ( 'NONE', *, *, #12183, .T. ) ;
#7255 = CARTESIAN_POINT ( 'NONE',  ( 16.38009255013730936, 2.700000000000000178, 8.380763397918487456 ) ) ;
#7256 = FACE_OUTER_BOUND ( 'NONE', #3915, .T. ) ;
#7257 = ADVANCED_FACE ( 'NONE', ( #8828 ), #9853, .T. ) ;
#7258 = VERTEX_POINT ( 'NONE', #3568 ) ;
#7259 = VECTOR ( 'NONE', #4588, 1000.000000000000114 ) ;
#7260 = CARTESIAN_POINT ( 'NONE',  ( 0.000000000000000000, 3.000000000000000000, 3.809800733918486948 ) ) ;
#7261 = AXIS2_PLACEMENT_3D ( 'NONE', #1416, #5850, #5720 ) ;
#7262 = VERTEX_POINT ( 'NONE', #8955 ) ;
#7263 = ADVANCED_FACE ( 'NONE', ( #7735 ), #1783, .T. ) ;
#7264 = VERTEX_POINT ( 'NONE', #9028 ) ;
#7265 = ADVANCED_FACE ( 'NONE', ( #12993 ), #6771, .T. ) ;
#7266 = DIRECTION ( 'NONE',  ( -0.000000000000000000, 1.000000000000000000, -0.000000000000000000 ) ) ;
#7267 = VECTOR ( 'NONE', #10620, 1000.000000000000000 ) ;
#7268 = VECTOR ( 'NONE', #7506, 1000.000000000000000 ) ;
#7269 = VERTEX_POINT ( 'NONE', #8892 ) ;
#7270 = LINE ( 'NONE', #11303, #7999 ) ;
#7271 = CARTESIAN_POINT ( 'NONE',  ( 3.650000000000028333, 3.000000000000000000, -30.13000000000000966 ) ) ;
#7272 = LINE ( 'NONE', #1940, #6547 ) ;
#7273 = CARTESIAN_POINT ( 'NONE',  ( -19.64620369786267062, 3.000000000000000000, 8.729333693918480463 ) ) ;
#7274 = LINE ( 'NONE', #5155, #4395 ) ;
#7275 = DIRECTION ( 'NONE',  ( 0.7304253190171660082, 0.000000000000000000, -0.6829925719498501913 ) ) ;
#7276 = VECTOR ( 'NONE', #11789, 1000.000000000000000 ) ;
#7277 = ORIENTED_EDGE ( 'NONE', *, *, #4826, .T. ) ;
#7278 = DIRECTION ( 'NONE',  ( 0.000000000000000000, 0.000000000000000000, -1.000000000000000000 ) ) ;
#7279 = VECTOR ( 'NONE', #13222, 1000.000000000000000 ) ;
#7280 = ORIENTED_EDGE ( 'NONE', *, *, #8233, .T. ) ;
#7281 = VECTOR ( 'NONE', #11014, 1000.000000000000000 ) ;
#7282 = FACE_OUTER_BOUND ( 'NONE', #2275, .T. ) ;
#7283 = EDGE_LOOP ( 'NONE', ( #10813, #5426, #5150, #5829 ) ) ;
#7284 = LINE ( 'NONE', #12476, #6662 ) ;
#7285 = CARTESIAN_POINT ( 'NONE',  ( -8.697155745862676923, 3.000000000000000000, 13.19399532591847901 ) ) ;
#7286 = VERTEX_POINT ( 'NONE', #10943 ) ;
#7287 = DIRECTION ( 'NONE',  ( 0.4053870534965146044, 0.000000000000000000, 0.9141451399298768932 ) ) ;
#7288 = DIRECTION ( 'NONE',  ( -0.1868648078520734612, 0.000000000000000000, 0.9823856389353458063 ) ) ;
#7289 = ADVANCED_FACE ( 'NONE', ( #10872 ), #2543, .T. ) ;
#7290 = CARTESIAN_POINT ( 'NONE',  ( 25.89777735013731430, 2.700000000000000178, 20.48923905391848166 ) ) ;
#7291 = AXIS2_PLACEMENT_3D ( 'NONE', #2660, #5666, #402 ) ;
#7292 = ORIENTED_EDGE ( 'NONE', *, *, #4222, .F. ) ;
#7293 = VECTOR ( 'NONE', #5397, 1000.000000000000114 ) ;
#7294 = ORIENTED_EDGE ( 'NONE', *, *, #13232, .F. ) ;
#7295 = DIRECTION ( 'NONE',  ( -0.09599296999206662073, 0.000000000000000000, -0.9953820119492325924 ) ) ;
#7296 = LINE ( 'NONE', #6267, #7930 ) ;
#7297 = CARTESIAN_POINT ( 'NONE',  ( -0.4013778297232228898, 2.700000000000000178, 0.2754911968401745348 ) ) ;
#7298 = CARTESIAN_POINT ( 'NONE',  ( 24.91882071013732158, 2.700000000000000178, 0.000000000000000000 ) ) ;
#7299 = ORIENTED_EDGE ( 'NONE', *, *, #9648, .T. ) ;
#7300 = LINE ( 'NONE', #2105, #8316 ) ;
#7301 = CARTESIAN_POINT ( 'NONE',  ( 2.611634688969797669, 2.700000000000000178, 16.01722180069607404 ) ) ;
#7302 = EDGE_CURVE ( 'NONE', #8647, #2009, #5683, .T. ) ;
#7303 = EDGE_CURVE ( 'NONE', #11403, #7858, #13055, .T. ) ;
#7304 = ORIENTED_EDGE ( 'NONE', *, *, #7017, .T. ) ;
#7305 = DIRECTION ( 'NONE',  ( 1.000000000000000000, 0.000000000000000000, 0.000000000000000000 ) ) ;
#7306 = LINE ( 'NONE', #11473, #6334 ) ;
#7307 = ORIENTED_EDGE ( 'NONE', *, *, #5849, .F. ) ;
#7308 = ADVANCED_FACE ( 'NONE', ( #12038 ), #6847, .T. ) ;
#7309 = DIRECTION ( 'NONE',  ( -0.3544665224129460723, 0.000000000000000000, -0.9350687057582839357 ) ) ;
#7310 = ORIENTED_EDGE ( 'NONE', *, *, #12107, .T. ) ;
#7311 = ADVANCED_FACE ( 'NONE', ( #9983 ), #11070, .T. ) ;
#7312 = FACE_OUTER_BOUND ( 'NONE', #11509, .T. ) ;
#7313 = ORIENTED_EDGE ( 'NONE', *, *, #13087, .T. ) ;
#7314 = LINE ( 'NONE', #10523, #7397 ) ;
#7315 = VECTOR ( 'NONE', #12372, 1000.000000000000000 ) ;
#7316 = ORIENTED_EDGE ( 'NONE', *, *, #149, .F. ) ;
#7317 = CARTESIAN_POINT ( 'NONE',  ( 49.28656471013732698, 2.700000000000000178, 9.604466309918482381 ) ) ;
#7318 = FACE_OUTER_BOUND ( 'NONE', #2319, .T. ) ;
#7319 = ORIENTED_EDGE ( 'NONE', *, *, #5742, .T. ) ;
#7320 = CARTESIAN_POINT ( 'NONE',  ( -12.00698910586267054, 2.700000000000000178, -4.272990314081513752 ) ) ;
#7321 = DIRECTION ( 'NONE',  ( 0.5579980086157638741, 0.000000000000000000, -0.8298422876552159488 ) ) ;
#7322 = AXIS2_PLACEMENT_3D ( 'NONE', #3597, #8920, #4752 ) ;
#7323 = ORIENTED_EDGE ( 'NONE', *, *, #10911, .T. ) ;
#7324 = FACE_OUTER_BOUND ( 'NONE', #9179, .T. ) ;
#7325 = PLANE ( 'NONE',  #11553 ) ;
#7326 = ORIENTED_EDGE ( 'NONE', *, *, #4006, .F. ) ;
#7327 = CARTESIAN_POINT ( 'NONE',  ( -52.99999999999998579, 0.000000000000000000, 25.54999999999999005 ) ) ;
#7328 = EDGE_CURVE ( 'NONE', #7855, #3422, #3019, .T. ) ;
#7329 = ORIENTED_EDGE ( 'NONE', *, *, #5621, .F. ) ;
#7330 = AXIS2_PLACEMENT_3D ( 'NONE', #179, #10495, #7495 ) ;
#7331 = EDGE_LOOP ( 'NONE', ( #8371, #2841, #2314, #13345 ) ) ;
#7332 = EDGE_CURVE ( 'NONE', #484, #12132, #5133, .T. ) ;
#7333 = VERTEX_POINT ( 'NONE', #11485 ) ;
#7334 = DIRECTION ( 'NONE',  ( -0.3878634473750072753, 0.000000000000000000, 0.9217168470796087698 ) ) ;
#7335 = LINE ( 'NONE', #2137, #935 ) ;
#7336 = LINE ( 'NONE', #11708, #3316 ) ;
#7337 = CARTESIAN_POINT ( 'NONE',  ( 0.000000000000000000, 3.000000000000000000, 8.380760349918485730 ) ) ;
#7338 = LINE ( 'NONE', #1048, #6774 ) ;
#7339 = DIRECTION ( 'NONE',  ( -0.000000000000000000, 0.000000000000000000, 1.000000000000000000 ) ) ;
#7340 = CARTESIAN_POINT ( 'NONE',  ( 21.86576087271728852, 2.700000000000000178, -10.49548793552034276 ) ) ;
#7341 = VERTEX_POINT ( 'NONE', #2950 ) ;
#7342 = EDGE_CURVE ( 'NONE', #4510, #3079, #10930, .T. ) ;
#7343 = ORIENTED_EDGE ( 'NONE', *, *, #13098, .F. ) ;
#7344 = EDGE_CURVE ( 'NONE', #12618, #3058, #10122, .T. ) ;
#7345 = ORIENTED_EDGE ( 'NONE', *, *, #2380, .F. ) ;
#7346 = CARTESIAN_POINT ( 'NONE',  ( -38.93126139386267681, 2.700000000000000178, 13.50053776591848198 ) ) ;
#7347 = ORIENTED_EDGE ( 'NONE', *, *, #7846, .F. ) ;
#7348 = CARTESIAN_POINT ( 'NONE',  ( -12.37320427386267241, 2.700000000000000178, -4.120784370081514325 ) ) ;
#7349 = CARTESIAN_POINT ( 'NONE',  ( 23.92613028617670778, 2.700000000000000178, 5.178987427499118112 ) ) ;
#7350 = VECTOR ( 'NONE', #12943, 1000.000000000000000 ) ;
#7351 = DIRECTION ( 'NONE',  ( -0.000000000000000000, 1.000000000000000000, -0.000000000000000000 ) ) ;
#7352 = ORIENTED_EDGE ( 'NONE', *, *, #8186, .F. ) ;
#7353 = EDGE_CURVE ( 'NONE', #1853, #850, #2856, .T. ) ;
#7354 = PLANE ( 'NONE',  #13363 ) ;
#7355 = LINE ( 'NONE', #6324, #6990 ) ;
#7356 = DIRECTION ( 'NONE',  ( 0.000000000000000000, 1.000000000000000000, -0.000000000000000000 ) ) ;
#7357 = VERTEX_POINT ( 'NONE', #12317 ) ;
#7358 = VECTOR ( 'NONE', #12363, 1000.000000000000114 ) ;
#7359 = ORIENTED_EDGE ( 'NONE', *, *, #10042, .T. ) ;
#7360 = ORIENTED_EDGE ( 'NONE', *, *, #2877, .T. ) ;
#7361 = LINE ( 'NONE', #5243, #6178 ) ;
#7362 = CARTESIAN_POINT ( 'NONE',  ( 50.10516670606293843, 2.700000000000000178, -4.557023231910982908 ) ) ;
#7363 = LINE ( 'NONE', #4093, #10196 ) ;
#7364 = LINE ( 'NONE', #3334, #495 ) ;
#7365 = ORIENTED_EDGE ( 'NONE', *, *, #3255, .T. ) ;
#7366 = DIRECTION ( 'NONE',  ( 0.9807865883708339894, 0.000000000000000000, -0.1950837463037355668 ) ) ;
#7367 = DIRECTION ( 'NONE',  ( -0.8725542995138987346, 0.000000000000000000, -0.4885171382866822509 ) ) ;
#7368 = ORIENTED_EDGE ( 'NONE', *, *, #7620, .F. ) ;
#7369 = LINE ( 'NONE', #58, #5106 ) ;
#7370 = FACE_OUTER_BOUND ( 'NONE', #1353, .T. ) ;
#7371 = ORIENTED_EDGE ( 'NONE', *, *, #10489, .F. ) ;
#7372 = CARTESIAN_POINT ( 'NONE',  ( 6.650558171280721353, 3.000000000000000000, 22.61058770749240665 ) ) ;
#7373 = EDGE_LOOP ( 'NONE', ( #1815, #12908, #12016, #6401 ) ) ;
#7374 = CC_DESIGN_APPROVAL ( #1244, ( #12616 ) ) ;
#7375 = ADVANCED_FACE ( 'NONE', ( #8213 ), #4112, .T. ) ;
#7376 = VECTOR ( 'NONE', #2883, 999.9999999999998863 ) ;
#7377 = DIRECTION ( 'NONE',  ( -0.000000000000000000, 1.000000000000000000, -0.000000000000000000 ) ) ;
#7378 = EDGE_LOOP ( 'NONE', ( #13411, #9672, #11495, #3005 ) ) ;
#7379 = EDGE_CURVE ( 'NONE', #13047, #11896, #13328, .T. ) ;
#7380 = CARTESIAN_POINT ( 'NONE',  ( 31.50000000000002842, 0.000000000000000000, -30.13000000000000966 ) ) ;
#7381 = ORIENTED_EDGE ( 'NONE', *, *, #9673, .F. ) ;
#7382 = CARTESIAN_POINT ( 'NONE',  ( 3.552378738503247479, 3.000000000000000000, 11.96191695383999232 ) ) ;
#7383 = LINE ( 'NONE', #4369, #11840 ) ;
#7384 = ORIENTED_EDGE ( 'NONE', *, *, #7877, .T. ) ;
#7385 = CARTESIAN_POINT ( 'NONE',  ( -59.99999999999998579, 3.000000000000000000, 50.99999999999997868 ) ) ;
#7386 = DIRECTION ( 'NONE',  ( 0.9890547258545989706, 0.000000000000000000, -0.1475491418635975216 ) ) ;
#7387 = EDGE_CURVE ( 'NONE', #7484, #1844, #3085, .T. ) ;
#7388 = ORIENTED_EDGE ( 'NONE', *, *, #4089, .T. ) ;
#7389 = CARTESIAN_POINT ( 'NONE',  ( -17.19618846323744066, 2.700000000000000178, 1.658371543099238510 ) ) ;
#7390 = CARTESIAN_POINT ( 'NONE',  ( 48.55729007013732712, 2.700000000000000178, 8.479645597918478828 ) ) ;
#7391 = EDGE_CURVE ( 'NONE', #12081, #12505, #5949, .T. ) ;
#7392 = EDGE_LOOP ( 'NONE', ( #537, #7033, #4865, #8896 ) ) ;
#7393 = EDGE_LOOP ( 'NONE', ( #5268, #10273, #10154, #11396 ) ) ;
#7394 = EDGE_CURVE ( 'NONE', #12547, #12986, #9098, .T. ) ;
#7395 = ORIENTED_EDGE ( 'NONE', *, *, #10074, .T. ) ;
#7396 = ORIENTED_EDGE ( 'NONE', *, *, #115, .T. ) ;
#7397 = VECTOR ( 'NONE', #137, 1000.000000000000000 ) ;
#7398 = CARTESIAN_POINT ( 'NONE',  ( -51.77395757786267438, 2.700000000000000178, 13.49806583791848347 ) ) ;
#7399 = DIRECTION ( 'NONE',  ( -0.3270941141397885610, 0.000000000000000000, 0.9449917674218685226 ) ) ;
#7400 = DIRECTION ( 'NONE',  ( 1.000000000000000000, -0.000000000000000000, 0.000000000000000000 ) ) ;
#7401 = FACE_OUTER_BOUND ( 'NONE', #6235, .T. ) ;
#7402 = DIRECTION ( 'NONE',  ( 0.09281742074359615458, 0.000000000000000000, 0.9956831455872425796 ) ) ;
#7403 = EDGE_CURVE ( 'NONE', #7861, #4429, #8145, .T. ) ;
#7404 = CARTESIAN_POINT ( 'NONE',  ( -3.539999999999980496, 0.000000000000000000, -30.13000000000000611 ) ) ;
#7405 = CARTESIAN_POINT ( 'NONE',  ( -27.67122587596108829, 2.700000000000000178, 5.579762027499895360 ) ) ;
#7406 = VERTEX_POINT ( 'NONE', #13262 ) ;
#7407 = EDGE_LOOP ( 'NONE', ( #2238, #4494, #3990, #12758 ) ) ;
#7408 = AXIS2_PLACEMENT_3D ( 'NONE', #11137, #5874, #4987 ) ;
#7409 = VECTOR ( 'NONE', #1639, 999.9999999999998863 ) ;
#7410 = EDGE_CURVE ( 'NONE', #10225, #6760, #11355, .T. ) ;
#7411 = VERTEX_POINT ( 'NONE', #12242 ) ;
#7412 = ADVANCED_FACE ( 'NONE', ( #9163 ), #828, .T. ) ;
#7413 = DIRECTION ( 'NONE',  ( 0.8168531569463852726, 0.000000000000000000, -0.5768456639229629923 ) ) ;
#7414 = EDGE_LOOP ( 'NONE', ( #9171, #10567, #2961, #767 ) ) ;
#7415 = VECTOR ( 'NONE', #9463, 1000.000000000000000 ) ;
#7416 = DIRECTION ( 'NONE',  ( 0.000000000000000000, 0.000000000000000000, 1.000000000000000000 ) ) ;
#7417 = LINE ( 'NONE', #3049, #6441 ) ;
#7418 = ADVANCED_FACE ( 'NONE', ( #4180, #1991, #10258, #13403, #12514, #6152, #964, #10327, #12446, #7252, #11423, #2063, #10393, #1030, #5198, #10653, #7456, #11754, #3282, #10528 ), #11625, .T. ) ;
#7419 = DIRECTION ( 'NONE',  ( 0.1950914675743609106, 0.000000000000000000, -0.9807850525368349004 ) ) ;
#7421 = ORIENTED_EDGE ( 'NONE', *, *, #5825, .F. ) ;
#7420 = EDGE_CURVE ( 'NONE', #606, #7211, #2264, .T. ) ;
#7422 = CARTESIAN_POINT ( 'NONE',  ( -0.2422507359929093329, 2.700000000000000178, 1.476116608608563530 ) ) ;
#7423 = DIRECTION ( 'NONE',  ( -0.9818660923417411590, 0.000000000000000000, -0.1895757809150719064 ) ) ;
#7424 = PLANE ( 'NONE',  #4272 ) ;
#7425 = VERTEX_POINT ( 'NONE', #206 ) ;
#7426 = ORIENTED_EDGE ( 'NONE', *, *, #10746, .T. ) ;
#7427 = EDGE_CURVE ( 'NONE', #5341, #5530, #11551, .T. ) ;
#7428 = ORIENTED_EDGE ( 'NONE', *, *, #9461, .F. ) ;
#7430 = AXIS2_PLACEMENT_3D ( 'NONE', #1400, #7556, #5634 ) ;
#7429 = CARTESIAN_POINT ( 'NONE',  ( -8.222365544976597107, 3.000000000000000000, -6.098255228090876834 ) ) ;
#7431 = DIRECTION ( 'NONE',  ( 0.9958896070122861266, 0.000000000000000000, -0.09057533132655026797 ) ) ;
#7432 = EDGE_CURVE ( 'NONE', #197, #6251, #12717, .T. ) ;
#7433 = AXIS2_PLACEMENT_3D ( 'NONE', #12663, #9522, #12735 ) ;
#7434 = CARTESIAN_POINT ( 'NONE',  ( -27.77950010586266671, 2.700000000000000178, 0.000000000000000000 ) ) ;
#7435 = CARTESIAN_POINT ( 'NONE',  ( -11.62411966586267553, 2.700000000000000178, 1.987003261918478536 ) ) ;
#7436 = ORIENTED_EDGE ( 'NONE', *, *, #1352, .F. ) ;
#7437 = DIRECTION ( 'NONE',  ( -0.000000000000000000, 1.000000000000000000, -0.000000000000000000 ) ) ;
#7438 = VERTEX_POINT ( 'NONE', #6428 ) ;
#7439 = CARTESIAN_POINT ( 'NONE',  ( -0.7424656886357579033, 2.700000000000000178, 8.013912908743794361 ) ) ;
#7440 = CARTESIAN_POINT ( 'NONE',  ( 38.36223807013732312, 3.000000000000000000, 10.43757208591848240 ) ) ;
#7441 = EDGE_LOOP ( 'NONE', ( #10429, #5377, #13458, #6353 ) ) ;
#7442 = FACE_OUTER_BOUND ( 'NONE', #5539, .T. ) ;
#7443 = VECTOR ( 'NONE', #12314, 1000.000000000000114 ) ;
#7444 = VECTOR ( 'NONE', #12845, 1000.000000000000000 ) ;
#7445 = VECTOR ( 'NONE', #6177, 1000.000000000000227 ) ;
#7446 = AXIS2_PLACEMENT_3D ( 'NONE', #4664, #13193, #6706 ) ;
#7447 = ORIENTED_EDGE ( 'NONE', *, *, #5255, .T. ) ;
#7448 = DIRECTION ( 'NONE',  ( 0.000000000000000000, 0.000000000000000000, 1.000000000000000000 ) ) ;
#7449 = ORIENTED_EDGE ( 'NONE', *, *, #6250, .F. ) ;
#7450 = VECTOR ( 'NONE', #8095, 1000.000000000000000 ) ;
#7451 = PLANE ( 'NONE',  #10881 ) ;
#7452 = ORIENTED_EDGE ( 'NONE', *, *, #534, .F. ) ;
#7453 = DIRECTION ( 'NONE',  ( 0.9586209608320941378, 0.000000000000000000, -0.2846855343240194403 ) ) ;
#7454 = CARTESIAN_POINT ( 'NONE',  ( -9.134719513862670226, 2.700000000000000178, 14.41275234991848464 ) ) ;
#7455 = ORIENTED_EDGE ( 'NONE', *, *, #12078, .F. ) ;
#7456 = FACE_BOUND ( 'NONE', #7529, .T. ) ;
#7457 = DIRECTION ( 'NONE',  ( -0.7223999833020825490, 0.000000000000000000, 0.6914754255395856308 ) ) ;
#7458 = VECTOR ( 'NONE', #7366, 1000.000000000000000 ) ;
#7459 = ORIENTED_EDGE ( 'NONE', *, *, #13048, .T. ) ;
#7460 = LINE ( 'NONE', #8479, #8798 ) ;
#7461 = CARTESIAN_POINT ( 'NONE',  ( 9.186202950137332124, 2.700000000000000178, 20.48923905391848166 ) ) ;
#7462 = EDGE_LOOP ( 'NONE', ( #8563, #8888, #12806, #6060 ) ) ;
#7463 = EDGE_CURVE ( 'NONE', #2576, #3740, #9504, .T. ) ;
#7464 = EDGE_CURVE ( 'NONE', #2509, #2513, #3355, .T. ) ;
#7465 = ORIENTED_EDGE ( 'NONE', *, *, #2650, .T. ) ;
#7466 = VERTEX_POINT ( 'NONE', #12781 ) ;
#7467 = ORIENTED_EDGE ( 'NONE', *, *, #1904, .F. ) ;
#7468 = DIRECTION ( 'NONE',  ( 0.9959738687365724541, 0.000000000000000000, 0.08964403378867370764 ) ) ;
#7469 = CARTESIAN_POINT ( 'NONE',  ( -12.14824155386267535, 2.700000000000000178, 1.078102869918486917 ) ) ;
#7470 = VECTOR ( 'NONE', #10471, 1000.000000000000114 ) ;
#7471 = LINE ( 'NONE', #1247, #12271 ) ;
#7472 = FACE_OUTER_BOUND ( 'NONE', #3678, .T. ) ;
#7473 = DIRECTION ( 'NONE',  ( -0.5584504237620618872, 0.000000000000000000, -0.8295378979889789228 ) ) ;
#7474 = AXIS2_PLACEMENT_3D ( 'NONE', #2121, #204, #1232 ) ;
#7475 = DIRECTION ( 'NONE',  ( -0.000000000000000000, 1.000000000000000000, -0.000000000000000000 ) ) ;
#7476 = PLANE ( 'NONE',  #9416 ) ;
#7477 = ORIENTED_EDGE ( 'NONE', *, *, #5576, .F. ) ;
#7478 = EDGE_CURVE ( 'NONE', #2886, #2466, #6359, .T. ) ;
#7479 = ORIENTED_EDGE ( 'NONE', *, *, #9915, .F. ) ;
#7480 = VECTOR ( 'NONE', #6396, 1000.000000000000114 ) ;
#7481 = VECTOR ( 'NONE', #1605, 1000.000000000000000 ) ;
#7482 = VECTOR ( 'NONE', #539, 1000.000000000000000 ) ;
#7483 = EDGE_CURVE ( 'NONE', #4253, #13096, #7581, .T. ) ;
#7484 = VERTEX_POINT ( 'NONE', #6490 ) ;
#7485 = LINE ( 'NONE', #11654, #6751 ) ;
#7486 = VERTEX_POINT ( 'NONE', #2386 ) ;
#7487 = CARTESIAN_POINT ( 'NONE',  ( 7.736097907722986555, 2.700000000000000178, 13.81766362285343774 ) ) ;
#7488 = VECTOR ( 'NONE', #9280, 1000.000000000000000 ) ;
#7489 = CARTESIAN_POINT ( 'NONE',  ( 18.58028119013733104, 2.700000000000000178, 8.803497629918481948 ) ) ;
#7490 = VERTEX_POINT ( 'NONE', #6554 ) ;
#7491 = EDGE_CURVE ( 'NONE', #5870, #9825, #1169, .T. ) ;
#7492 = AXIS2_PLACEMENT_3D ( 'NONE', #7362, #7431, #5177 ) ;
#7493 = DIRECTION ( 'NONE',  ( -0.000000000000000000, 1.000000000000000000, -0.000000000000000000 ) ) ;
#7494 = DIRECTION ( 'NONE',  ( -0.9788017192891086404, 0.000000000000000000, 0.2048101421235895281 ) ) ;
#7495 = DIRECTION ( 'NONE',  ( -0.3878634473750073863, 0.000000000000000000, 0.9217168470796087698 ) ) ;
#7496 = AXIS2_PLACEMENT_3D ( 'NONE', #4772, #9907, #544 ) ;
#7497 = EDGE_CURVE ( 'NONE', #706, #7230, #7524, .T. ) ;
#7498 = EDGE_CURVE ( 'NONE', #10511, #4816, #10455, .T. ) ;
#7499 = ORIENTED_EDGE ( 'NONE', *, *, #1696, .T. ) ;
#7500 = VERTEX_POINT ( 'NONE', #10721 ) ;
#7501 = AXIS2_PLACEMENT_3D ( 'NONE', #5485, #4389, #8430 ) ;
#7502 = ORIENTED_EDGE ( 'NONE', *, *, #5825, .T. ) ;
#7503 = CARTESIAN_POINT ( 'NONE',  ( -9.537335929862660322, 2.700000000000000178, 8.444612901918484127 ) ) ;
#7504 = CARTESIAN_POINT ( 'NONE',  ( -43.75854053786267883, 2.700000000000000178, 20.69258840591848170 ) ) ;
#7505 = DIRECTION ( 'NONE',  ( -0.9980128220225691349, 0.000000000000000000, 0.06301116630048836376 ) ) ;
#7506 = DIRECTION ( 'NONE',  ( -0.000000000000000000, 1.000000000000000000, -0.000000000000000000 ) ) ;
#7507 = ORIENTED_EDGE ( 'NONE', *, *, #4064, .F. ) ;
#7508 = CARTESIAN_POINT ( 'NONE',  ( -17.42623658586267155, 2.700000000000000178, 8.403010749918479405 ) ) ;
#7509 = ORIENTED_EDGE ( 'NONE', *, *, #12648, .F. ) ;
#7510 = DIRECTION ( 'NONE',  ( -0.000000000000000000, 1.000000000000000000, -0.000000000000000000 ) ) ;
#7511 = CARTESIAN_POINT ( 'NONE',  ( 0.000000000000000000, 2.700000000000000178, 20.48923905391848166 ) ) ;
#7512 = ORIENTED_EDGE ( 'NONE', *, *, #5178, .T. ) ;
#7513 = AXIS2_PLACEMENT_3D ( 'NONE', #10106, #12086, #11273 ) ;
#7514 = ADVANCED_FACE ( 'NONE', ( #4247 ), #9564, .T. ) ;
#7515 = CARTESIAN_POINT ( 'NONE',  ( 17.89535657228127974, 2.700000000000000178, -3.873581962061123818 ) ) ;
#7516 = ORIENTED_EDGE ( 'NONE', *, *, #5965, .F. ) ;
#7517 = EDGE_CURVE ( 'NONE', #1663, #4936, #11693, .T. ) ;
#7518 = EDGE_LOOP ( 'NONE', ( #4696, #4186, #426, #3323 ) ) ;
#7519 = DIRECTION ( 'NONE',  ( 0.9252396484677231081, 0.000000000000000000, -0.3793831742491016179 ) ) ;
#7520 = ORIENTED_EDGE ( 'NONE', *, *, #1140, .T. ) ;
#7521 = CARTESIAN_POINT ( 'NONE',  ( -11.77881339186346388, 2.700000000000000178, -4.829495474866667415 ) ) ;
#7522 = CARTESIAN_POINT ( 'NONE',  ( -14.23147030586267903, 2.700000000000000178, 18.27789676591848433 ) ) ;
#7523 = ORIENTED_EDGE ( 'NONE', *, *, #8471, .T. ) ;
#7524 = LINE ( 'NONE', #9696, #9608 ) ;
#7525 = LINE ( 'NONE', #1295, #9905 ) ;
#7526 = EDGE_LOOP ( 'NONE', ( #66, #518, #11528, #1596, #2094, #12019, #2021, #11224, #1139, #9626, #11406, #9726, #5527, #7452, #6097, #5696, #7951, #4283, #7421, #11746, #5239, #8534, #10377, #9407, #2033, #63, #374, #2300, #10288, #699, #6597, #1215 ) ) ;
#7527 = PLANE ( 'NONE',  #5525 ) ;
#7528 = FACE_OUTER_BOUND ( 'NONE', #1773, .T. ) ;
#7529 = EDGE_LOOP ( 'NONE', ( #10231, #1391, #3242, #6808, #10477, #4576, #551, #5287, #7727, #13051, #7092, #11646, #6960, #1685, #3874, #7580, #6898, #9842, #12329, #6711, #10342, #9503, #8121, #6287, #4717, #5021, #5591, #6567, #6366, #9917, #11089, #9843, #1386, #1983, #618, #1797, #12084, #2131, #630, #9378, #5359, #8365, #5824, #1476 ) ) ;
#7530 = FACE_OUTER_BOUND ( 'NONE', #4497, .T. ) ;
#7531 = ORIENTED_EDGE ( 'NONE', *, *, #3531, .F. ) ;
#7532 = ORIENTED_EDGE ( 'NONE', *, *, #3872, .T. ) ;
#7533 = VERTEX_POINT ( 'NONE', #1294 ) ;
#7534 = DIRECTION ( 'NONE',  ( -0.4327309661515466588, 0.000000000000000000, -0.9015231061562143378 ) ) ;
#7535 = LINE ( 'NONE', #10541, #13153 ) ;
#7536 = VECTOR ( 'NONE', #3248, 1000.000000000000000 ) ;
#7537 = CARTESIAN_POINT ( 'NONE',  ( 44.21870591013732366, 2.700000000000000178, 11.33495510191848155 ) ) ;
#7538 = DIRECTION ( 'NONE',  ( -0.9616069243909913800, 0.000000000000000000, 0.2744305430583449112 ) ) ;
#7539 = DIRECTION ( 'NONE',  ( 1.000000000000000000, 0.000000000000000000, -0.000000000000000000 ) ) ;
#7540 = LINE ( 'NONE', #9857, #4398 ) ;
#7541 = CARTESIAN_POINT ( 'NONE',  ( 0.6293641860094075779, 3.000000000000000000, -3.092194566284870216 ) ) ;
#7542 = ORIENTED_EDGE ( 'NONE', *, *, #190, .T. ) ;
#7543 = ORIENTED_EDGE ( 'NONE', *, *, #2920, .F. ) ;
#7544 = AXIS2_PLACEMENT_3D ( 'NONE', #7572, #11745, #2372 ) ;
#7545 = VECTOR ( 'NONE', #11992, 1000.000000000000000 ) ;
#7546 = EDGE_LOOP ( 'NONE', ( #833, #1336, #1230, #3744 ) ) ;
#7547 = LINE ( 'NONE', #6514, #5662 ) ;
#7548 = EDGE_CURVE ( 'NONE', #4795, #2071, #4371, .T. ) ;
#7549 = ORIENTED_EDGE ( 'NONE', *, *, #11909, .F. ) ;
#7550 = CARTESIAN_POINT ( 'NONE',  ( -59.99999999999998579, 0.000000000000000000, 25.54999999999999005 ) ) ;
#7551 = EDGE_CURVE ( 'NONE', #2788, #5265, #1358, .T. ) ;
#7552 = DIRECTION ( 'NONE',  ( 0.2901482533569481603, 0.000000000000000000, 0.9569817088502331481 ) ) ;
#7553 = ORIENTED_EDGE ( 'NONE', *, *, #10063, .T. ) ;
#7554 = EDGE_CURVE ( 'NONE', #12523, #4383, #271, .T. ) ;
#7555 = LINE ( 'NONE', #2295, #1581 ) ;
#7556 = DIRECTION ( 'NONE',  ( -0.9543145510148244304, 0.000000000000000000, -0.2988038448905470656 ) ) ;
#7557 = ADVANCED_FACE ( 'NONE', ( #2659 ), #9829, .T. ) ;
#7558 = DIRECTION ( 'NONE',  ( -1.000000000000000000, 0.000000000000000000, 0.000000000000000000 ) ) ;
#7559 = EDGE_LOOP ( 'NONE', ( #3478, #3272, #9224, #13183 ) ) ;
#7560 = ORIENTED_EDGE ( 'NONE', *, *, #8644, .F. ) ;
#7561 = ORIENTED_EDGE ( 'NONE', *, *, #2650, .F. ) ;
#7562 = LINE ( 'NONE', #8649, #5783 ) ;
#7563 = LINE ( 'NONE', #11733, #4661 ) ;
#7564 = CARTESIAN_POINT ( 'NONE',  ( 8.697317851192957860, 2.700000000000000178, -14.51243705941872797 ) ) ;
#7565 = DIRECTION ( 'NONE',  ( -0.9003997897255643368, 0.000000000000000000, 0.4350634650969434358 ) ) ;
#7566 = VERTEX_POINT ( 'NONE', #13175 ) ;
#7567 = CARTESIAN_POINT ( 'NONE',  ( -50.53789502586267446, 2.700000000000000178, 3.809801749918482194 ) ) ;
#7568 = EDGE_LOOP ( 'NONE', ( #8483, #2433, #8395, #7532 ) ) ;
#7569 = DIRECTION ( 'NONE',  ( 0.5645847261759647795, 0.000000000000000000, -0.8253751189421757450 ) ) ;
#7570 = LINE ( 'NONE', #259, #441 ) ;
#7571 = VERTEX_POINT ( 'NONE', #2590 ) ;
#7572 = CARTESIAN_POINT ( 'NONE',  ( 2.104602619755556070, 2.700000000000000178, 13.80874006358764028 ) ) ;
#7573 = VERTEX_POINT ( 'NONE', #401 ) ;
#7574 = ORIENTED_EDGE ( 'NONE', *, *, #1177, .T. ) ;
#7575 = FACE_OUTER_BOUND ( 'NONE', #9054, .T. ) ;
#7576 = ADVANCED_FACE ( 'NONE', ( #5598 ), #5800, .T. ) ;
#7577 = ORIENTED_EDGE ( 'NONE', *, *, #2414, .T. ) ;
#7578 = PLANE ( 'NONE',  #164 ) ;
#7579 = PLANE ( 'NONE',  #10535 ) ;
#7580 = ORIENTED_EDGE ( 'NONE', *, *, #13063, .T. ) ;
#7581 = LINE ( 'NONE', #7385, #7871 ) ;
#7582 = CARTESIAN_POINT ( 'NONE',  ( 39.52166679013733841, 2.700000000000000178, 9.347365477918494037 ) ) ;
#7583 = EDGE_CURVE ( 'NONE', #975, #5127, #8877, .T. ) ;
#7584 = VERTEX_POINT ( 'NONE', #12085 ) ;
#7585 = FACE_OUTER_BOUND ( 'NONE', #9766, .T. ) ;
#7586 = CARTESIAN_POINT ( 'NONE',  ( 17.22135477413733184, 2.700000000000000178, 19.50134974191847803 ) ) ;
#7587 = ORIENTED_EDGE ( 'NONE', *, *, #12814, .T. ) ;
#7588 = EDGE_CURVE ( 'NONE', #12667, #5778, #6623, .T. ) ;
#7589 = DIRECTION ( 'NONE',  ( 0.9563306770081583252, 0.000000000000000000, -0.2922869073583650446 ) ) ;
#7590 = VECTOR ( 'NONE', #10129, 999.9999999999998863 ) ;
#7591 = AXIS2_PLACEMENT_3D ( 'NONE', #791, #2713, #8110 ) ;
#7592 = ORIENTED_EDGE ( 'NONE', *, *, #11448, .F. ) ;
#7593 = ORIENTED_EDGE ( 'NONE', *, *, #9755, .F. ) ;
#7594 = DIRECTION ( 'NONE',  ( 0.8571314614376864816, 0.000000000000000000, -0.5150977167622624586 ) ) ;
#7595 = ORIENTED_EDGE ( 'NONE', *, *, #9265, .F. ) ;
#7596 = EDGE_CURVE ( 'NONE', #8038, #5627, #1429, .T. ) ;
#7597 = ADVANCED_FACE ( 'NONE', ( #9761 ), #4842, .T. ) ;
#7598 = DIRECTION ( 'NONE',  ( 0.5140548170863826760, 0.000000000000000000, -0.8577573345826229323 ) ) ;
#7599 = DIRECTION ( 'NONE',  ( 0.5555733586812512392, 0.000000000000000000, -0.8314675237937040331 ) ) ;
#7600 = DIRECTION ( 'NONE',  ( -0.8718510606488927284, 0.000000000000000000, -0.4897710976011147577 ) ) ;
#7601 = PLANE ( 'NONE',  #10739 ) ;
#7602 = DIRECTION ( 'NONE',  ( 0.000000000000000000, 0.000000000000000000, 1.000000000000000000 ) ) ;
#7603 = ADVANCED_FACE ( 'NONE', ( #1635 ), #5734, .T. ) ;
#7604 = CARTESIAN_POINT ( 'NONE',  ( -10.59327285786267225, 2.700000000000000178, 9.599522453918483578 ) ) ;
#7605 = LINE ( 'NONE', #7405, #7194 ) ;
#7606 = VERTEX_POINT ( 'NONE', #8940 ) ;
#7607 = VERTEX_POINT ( 'NONE', #2726 ) ;
#7608 = VERTEX_POINT ( 'NONE', #9966 ) ;
#7609 = CARTESIAN_POINT ( 'NONE',  ( -50.53789502586267446, 2.700000000000000178, 13.45109514191848277 ) ) ;
#7610 = EDGE_LOOP ( 'NONE', ( #10556, #7221, #4211, #11409 ) ) ;
#7611 = LINE ( 'NONE', #2151, #1143 ) ;
#7612 = FACE_OUTER_BOUND ( 'NONE', #11151, .T. ) ;
#7613 = CARTESIAN_POINT ( 'NONE',  ( -29.79042196530975772, 2.700000000000000178, 1.475263283947634951 ) ) ;
#7614 = VECTOR ( 'NONE', #9709, 1000.000000000000000 ) ;
#7615 = AXIS2_PLACEMENT_3D ( 'NONE', #2249, #3403, #4295 ) ;
#7616 = PLANE ( 'NONE',  #12506 ) ;
#7617 = CARTESIAN_POINT ( 'NONE',  ( 21.69887388613732071, 2.700000000000000178, 14.58332960591848426 ) ) ;
#7618 = CARTESIAN_POINT ( 'NONE',  ( -12.06042359386266583, 3.000000000000000000, -19.39778099408151490 ) ) ;
#7619 = VECTOR ( 'NONE', #9333, 1000.000000000000000 ) ;
#7620 = EDGE_CURVE ( 'NONE', #3830, #4201, #11953, .T. ) ;
#7621 = ORIENTED_EDGE ( 'NONE', *, *, #12144, .T. ) ;
#7622 = VECTOR ( 'NONE', #12099, 1000.000000000000000 ) ;
#7623 = VECTOR ( 'NONE', #5000, 1000.000000000000000 ) ;
#7624 = ORIENTED_EDGE ( 'NONE', *, *, #9311, .F. ) ;
#7625 = CARTESIAN_POINT ( 'NONE',  ( 50.90779553870502383, 2.700000000000000178, -5.568403638397087185 ) ) ;
#7626 = DIRECTION ( 'NONE',  ( -1.000000000000000000, 0.000000000000000000, 0.000000000000000000 ) ) ;
#7627 = LINE ( 'NONE', #6674, #11712 ) ;
#7628 = CARTESIAN_POINT ( 'NONE',  ( -9.537335929862660322, 3.000000000000000000, 8.444612901918484127 ) ) ;
#7629 = ORIENTED_EDGE ( 'NONE', *, *, #8085, .F. ) ;
#7630 = PLANE ( 'NONE',  #8326 ) ;
#7631 = ORIENTED_EDGE ( 'NONE', *, *, #13073, .F. ) ;
#7632 = CARTESIAN_POINT ( 'NONE',  ( 43.82563583013732966, 3.000000000000000000, 10.34610465391848066 ) ) ;
#7633 = FACE_OUTER_BOUND ( 'NONE', #11935, .T. ) ;
#7634 = VECTOR ( 'NONE', #1793, 1000.000000000000000 ) ;
#7635 = ORIENTED_EDGE ( 'NONE', *, *, #6618, .F. ) ;
#7636 = LINE ( 'NONE', #6613, #780 ) ;
#7637 = ORIENTED_EDGE ( 'NONE', *, *, #7652, .F. ) ;
#7638 = VECTOR ( 'NONE', #843, 1000.000000000000000 ) ;
#7639 = EDGE_CURVE ( 'NONE', #9192, #5508, #4769, .T. ) ;
#7640 = FACE_OUTER_BOUND ( 'NONE', #6851, .T. ) ;
#7641 = EDGE_CURVE ( 'NONE', #2529, #9948, #10032, .T. ) ;
#7642 = ORIENTED_EDGE ( 'NONE', *, *, #2711, .F. ) ;
#7643 = CARTESIAN_POINT ( 'NONE',  ( 21.46832410643702360, 2.700000000000000178, 25.75415972664475106 ) ) ;
#7644 = DIRECTION ( 'NONE',  ( -1.000000000000000000, 0.000000000000000000, 0.000000000000000000 ) ) ;
#7645 = ORIENTED_EDGE ( 'NONE', *, *, #920, .T. ) ;
#7646 = DIRECTION ( 'NONE',  ( -0.000000000000000000, 1.000000000000000000, -0.000000000000000000 ) ) ;
#7647 = PLANE ( 'NONE',  #11445 ) ;
#7648 = ORIENTED_EDGE ( 'NONE', *, *, #56, .T. ) ;
#7649 = DIRECTION ( 'NONE',  ( -0.07087294926829966479, 0.000000000000000000, 0.9974853508007088809 ) ) ;
#7650 = CARTESIAN_POINT ( 'NONE',  ( 32.30286995013733531, 3.000000000000000000, 8.984618933918481432 ) ) ;
#7651 = ORIENTED_EDGE ( 'NONE', *, *, #10626, .F. ) ;
#7652 = EDGE_CURVE ( 'NONE', #1087, #7776, #471, .T. ) ;
#7653 = AXIS2_PLACEMENT_3D ( 'NONE', #1003, #2230, #13497 ) ;
#7654 = VECTOR ( 'NONE', #12266, 1000.000000000000000 ) ;
#7655 = VECTOR ( 'NONE', #8740, 1000.000000000000114 ) ;
#7656 = CARTESIAN_POINT ( 'NONE',  ( -27.67122587596108829, 3.000000000000000000, 5.579762027499895360 ) ) ;
#7657 = ORIENTED_EDGE ( 'NONE', *, *, #7344, .T. ) ;
#7658 = VERTEX_POINT ( 'NONE', #4642 ) ;
#7659 = EDGE_CURVE ( 'NONE', #8645, #7484, #5665, .T. ) ;
#7660 = EDGE_CURVE ( 'NONE', #11262, #3070, #7853, .T. ) ;
#7661 = LINE ( 'NONE', #1439, #2164 ) ;
#7662 = ORIENTED_EDGE ( 'NONE', *, *, #6810, .T. ) ;
#7663 = CARTESIAN_POINT ( 'NONE',  ( 32.44211603790989074, 2.700000000000000178, -15.95146231254266489 ) ) ;
#7665 = VECTOR ( 'NONE', #6340, 1000.000000000000000 ) ;
#7664 = CARTESIAN_POINT ( 'NONE',  ( -12.74029929786266280, 2.700000000000000178, -4.272837914081515365 ) ) ;
#7666 = CARTESIAN_POINT ( 'NONE',  ( -7.306798900690792742, 3.000000000000000000, -5.392044644353198635 ) ) ;
#7667 = DIRECTION ( 'NONE',  ( -0.04163830419599155730, 0.000000000000000000, 0.9991327497503433852 ) ) ;
#7668 = CARTESIAN_POINT ( 'NONE',  ( 16.62130381012914881, 2.700000000000000178, -11.18957214462059291 ) ) ;
#7669 = CARTESIAN_POINT ( 'NONE',  ( 24.66171175013732508, 3.000000000000000000, 20.48923905391848166 ) ) ;
#7670 = CARTESIAN_POINT ( 'NONE',  ( 50.41633029413731748, 2.700000000000000178, 9.789876149918478987 ) ) ;
#7671 = FACE_OUTER_BOUND ( 'NONE', #10773, .T. ) ;
#7672 = DIRECTION ( 'NONE',  ( 0.000000000000000000, 0.000000000000000000, -1.000000000000000000 ) ) ;
#7673 = VERTEX_POINT ( 'NONE', #6893 ) ;
#7674 = VECTOR ( 'NONE', #12597, 1000.000000000000000 ) ;
#7675 = LINE ( 'NONE', #7811, #8902 ) ;
#7676 = EDGE_CURVE ( 'NONE', #6933, #6009, #3617, .T. ) ;
#7677 = VECTOR ( 'NONE', #4789, 1000.000000000000000 ) ;
#7678 = EDGE_CURVE ( 'NONE', #10988, #11636, #9009, .T. ) ;
#7679 = DIRECTION ( 'NONE',  ( 0.000000000000000000, 0.000000000000000000, 1.000000000000000000 ) ) ;
#7680 = ORIENTED_EDGE ( 'NONE', *, *, #5178, .F. ) ;
#7681 = ADVANCED_FACE ( 'NONE', ( #10855 ), #1493, .T. ) ;
#7682 = LINE ( 'NONE', #1522, #9592 ) ;
#7683 = VERTEX_POINT ( 'NONE', #11404 ) ;
#7684 = CARTESIAN_POINT ( 'NONE',  ( 20.25886559013731159, 2.700000000000000178, 19.15676318191848537 ) ) ;
#7685 = CARTESIAN_POINT ( 'NONE',  ( -2.327679355431374386, 2.700000000000000178, 10.10530233178950255 ) ) ;
#7686 = LINE ( 'NONE', #4159, #1329 ) ;
#7687 = DIRECTION ( 'NONE',  ( -1.000000000000000000, 0.000000000000000000, 0.000000000000000000 ) ) ;
#7688 = DIRECTION ( 'NONE',  ( 0.000000000000000000, 0.000000000000000000, -1.000000000000000000 ) ) ;
#7689 = DIRECTION ( 'NONE',  ( -0.3929344914093342300, 0.000000000000000000, 0.9195664660376039468 ) ) ;
#7690 = LINE ( 'NONE', #11864, #12347 ) ;
#7691 = VECTOR ( 'NONE', #10544, 1000.000000000000000 ) ;
#7692 = EDGE_LOOP ( 'NONE', ( #3760, #7199, #5494, #7499 ) ) ;
#7693 = VECTOR ( 'NONE', #6521, 999.9999999999998863 ) ;
#7694 = CARTESIAN_POINT ( 'NONE',  ( -5.181526540121475399, 3.000000000000000000, -5.427650621294963784 ) ) ;
#7695 = ORIENTED_EDGE ( 'NONE', *, *, #2318, .T. ) ;
#7696 = DIRECTION ( 'NONE',  ( -0.9015231061562143378, 0.000000000000000000, 0.4327309661515466588 ) ) ;
#7697 = FACE_OUTER_BOUND ( 'NONE', #8086, .T. ) ;
#7698 = VECTOR ( 'NONE', #2103, 1000.000000000000227 ) ;
#7699 = DIRECTION ( 'NONE',  ( -0.000000000000000000, 1.000000000000000000, -0.000000000000000000 ) ) ;
#7700 = DIRECTION ( 'NONE',  ( 0.000000000000000000, 0.000000000000000000, 1.000000000000000000 ) ) ;
#7701 = ORIENTED_EDGE ( 'NONE', *, *, #6208, .F. ) ;
#7702 = LINE ( 'NONE', #5448, #9193 ) ;
#7703 = CARTESIAN_POINT ( 'NONE',  ( 0.9335490348917346859, 2.700000000000000178, 11.68598778197440602 ) ) ;
#7704 = LINE ( 'NONE', #6610, #12231 ) ;
#7705 = ORIENTED_EDGE ( 'NONE', *, *, #11095, .T. ) ;
#7706 = VECTOR ( 'NONE', #12556, 1000.000000000000000 ) ;
#7707 = CARTESIAN_POINT ( 'NONE',  ( 0.000000000000000000, 2.700000000000000178, 13.19399532591848079 ) ) ;
#7708 = VERTEX_POINT ( 'NONE', #9287 ) ;
#7709 = AXIS2_PLACEMENT_3D ( 'NONE', #4221, #5112, #2304 ) ;
#7710 = VECTOR ( 'NONE', #7808, 1000.000000000000000 ) ;
#7711 = DIRECTION ( 'NONE',  ( 0.000000000000000000, 0.000000000000000000, -1.000000000000000000 ) ) ;
#7712 = EDGE_CURVE ( 'NONE', #12241, #6228, #12155, .T. ) ;
#7713 = ORIENTED_EDGE ( 'NONE', *, *, #11522, .F. ) ;
#7714 = DIRECTION ( 'NONE',  ( -0.000000000000000000, 1.000000000000000000, -0.000000000000000000 ) ) ;
#7715 = CARTESIAN_POINT ( 'NONE',  ( -59.99999999999998579, 3.000000000000000000, 50.99999999999997868 ) ) ;
#7716 = ORIENTED_EDGE ( 'NONE', *, *, #3894, .T. ) ;
#7717 = CARTESIAN_POINT ( 'NONE',  ( 25.89777735013731430, 2.700000000000000178, 3.809800733918486948 ) ) ;
#7718 = DIRECTION ( 'NONE',  ( 0.000000000000000000, 0.000000000000000000, -1.000000000000000000 ) ) ;
#7719 = ADVANCED_FACE ( 'NONE', ( #5183 ), #2043, .T. ) ;
#7720 = VERTEX_POINT ( 'NONE', #11335 ) ;
#7721 = FACE_OUTER_BOUND ( 'NONE', #2005, .T. ) ;
#7722 = DIRECTION ( 'NONE',  ( -0.000000000000000000, 1.000000000000000000, -0.000000000000000000 ) ) ;
#7723 = VERTEX_POINT ( 'NONE', #8125 ) ;
#7724 = DIRECTION ( 'NONE',  ( -0.000000000000000000, 1.000000000000000000, -0.000000000000000000 ) ) ;
#7725 = EDGE_CURVE ( 'NONE', #5489, #2312, #4976, .T. ) ;
#7726 = VERTEX_POINT ( 'NONE', #4908 ) ;
#7727 = ORIENTED_EDGE ( 'NONE', *, *, #2980, .T. ) ;
#7728 = VECTOR ( 'NONE', #4160, 1000.000000000000000 ) ;
#7729 = LINE ( 'NONE', #6700, #9585 ) ;
#7730 = ORIENTED_EDGE ( 'NONE', *, *, #487, .F. ) ;
#7731 = CARTESIAN_POINT ( 'NONE',  ( -40.16732496186267554, 3.000000000000000000, 3.809801749918482194 ) ) ;
#7732 = DIRECTION ( 'NONE',  ( 0.000000000000000000, 1.000000000000000000, 0.000000000000000000 ) ) ;
#7733 = CARTESIAN_POINT ( 'NONE',  ( 8.919218470137320054, 3.000000000000000000, -19.50482065808152043 ) ) ;
#7734 = DIRECTION ( 'NONE',  ( 0.4924492093481969701, 0.000000000000000000, 0.8703411837965245867 ) ) ;
#7735 = FACE_OUTER_BOUND ( 'NONE', #876, .T. ) ;
#7736 = CARTESIAN_POINT ( 'NONE',  ( -11.85653779386267992, 3.000000000000000000, 0.000000000000000000 ) ) ;
#7737 = LINE ( 'NONE', #8831, #6168 ) ;
#7738 = CARTESIAN_POINT ( 'NONE',  ( 13.43084775013732468, 2.700000000000000178, 18.31871151791848362 ) ) ;
#7739 = CARTESIAN_POINT ( 'NONE',  ( -6.042096793862673287, 2.700000000000000178, 20.48923905391848166 ) ) ;
#7740 = ORIENTED_EDGE ( 'NONE', *, *, #12145, .T. ) ;
#7741 = EDGE_CURVE ( 'NONE', #9347, #10201, #1970, .T. ) ;
#7742 = EDGE_LOOP ( 'NONE', ( #10080, #8317, #4194, #7577 ) ) ;
#7743 = AXIS2_PLACEMENT_3D ( 'NONE', #3635, #3698, #6772 ) ;
#7744 = LINE ( 'NONE', #4526, #4529 ) ;
#7745 = VERTEX_POINT ( 'NONE', #6953 ) ;
#7746 = PLANE ( 'NONE',  #1960 ) ;
#7747 = ORIENTED_EDGE ( 'NONE', *, *, #4884, .T. ) ;
#7748 = CARTESIAN_POINT ( 'NONE',  ( -15.56894896186265953, 3.000000000000000000, 16.52932825391847871 ) ) ;
#7749 = CARTESIAN_POINT ( 'NONE',  ( 3.394863153404089395, 2.700000000000000178, -6.385170547249761519 ) ) ;
#7750 = EDGE_CURVE ( 'NONE', #10090, #5807, #4034, .T. ) ;
#7752 = VECTOR ( 'NONE', #7240, 1000.000000000000000 ) ;
#7751 = DIRECTION ( 'NONE',  ( -0.2115579632480343308, 0.000000000000000000, 0.9773654527280690729 ) ) ;
#7753 = FACE_OUTER_BOUND ( 'NONE', #12843, .T. ) ;
#7754 = EDGE_CURVE ( 'NONE', #5999, #3246, #8196, .T. ) ;
#7755 = AXIS2_PLACEMENT_3D ( 'NONE', #2747, #7805, #1655 ) ;
#7756 = EDGE_CURVE ( 'NONE', #5039, #9563, #5117, .T. ) ;
#7757 = CARTESIAN_POINT ( 'NONE',  ( -52.99999999999998579, 0.000000000000000000, 29.04999999999999361 ) ) ;
#7758 = CARTESIAN_POINT ( 'NONE',  ( 45.01826336613731883, 2.700000000000000178, 9.625931341918480655 ) ) ;
#7759 = EDGE_CURVE ( 'NONE', #4383, #6212, #7102, .T. ) ;
#7760 = CARTESIAN_POINT ( 'NONE',  ( 7.736097907722986555, 2.700000000000000178, 13.81766362285343774 ) ) ;
#7761 = AXIS2_PLACEMENT_3D ( 'NONE', #7707, #5589, #11045 ) ;
#7762 = ORIENTED_EDGE ( 'NONE', *, *, #446, .T. ) ;
#7763 = LINE ( 'NONE', #1883, #203 ) ;
#7764 = ORIENTED_EDGE ( 'NONE', *, *, #8910, .T. ) ;
#7765 = DIRECTION ( 'NONE',  ( -0.7348065996507560094, 0.000000000000000000, -0.6782766847752423889 ) ) ;
#7766 = EDGE_CURVE ( 'NONE', #2731, #2267, #8051, .T. ) ;
#7767 = CARTESIAN_POINT ( 'NONE',  ( 58.00000000000002132, 3.000000000000000000, -51.00000000000000711 ) ) ;
#7768 = PLANE ( 'NONE',  #3042 ) ;
#7769 = CARTESIAN_POINT ( 'NONE',  ( -42.20930106586268238, 2.700000000000000178, 20.29888535791848625 ) ) ;
#7770 = VERTEX_POINT ( 'NONE', #742 ) ;
#7771 = VECTOR ( 'NONE', #3130, 1000.000000000000000 ) ;
#7772 = LINE ( 'NONE', #13094, #3548 ) ;
#7773 = CARTESIAN_POINT ( 'NONE',  ( -20.63505414586267506, 3.000000000000000000, 9.325116093918481397 ) ) ;
#7774 = ORIENTED_EDGE ( 'NONE', *, *, #2964, .T. ) ;
#7775 = CARTESIAN_POINT ( 'NONE',  ( 44.33242679013732612, 2.700000000000000178, 12.78114880591848390 ) ) ;
#7776 = VERTEX_POINT ( 'NONE', #9144 ) ;
#7777 = DIRECTION ( 'NONE',  ( 0.6829925719498500802, 0.000000000000000000, 0.7304253190171661192 ) ) ;
#7778 = ORIENTED_EDGE ( 'NONE', *, *, #990, .F. ) ;
#7779 = LINE ( 'NONE', #2587, #3652 ) ;
#7780 = CARTESIAN_POINT ( 'NONE',  ( 0.000000000000000000, 2.700000000000000178, 9.903592965918480928 ) ) ;
#7781 = EDGE_LOOP ( 'NONE', ( #9633, #3919, #6840, #7645 ) ) ;
#7782 = CARTESIAN_POINT ( 'NONE',  ( -8.095692016695004156, 2.700000000000000178, 0.5173680133751422661 ) ) ;
#7783 = CARTESIAN_POINT ( 'NONE',  ( 3.373162113385455463, 2.700000000000000178, 4.987211528930751037 ) ) ;
#7784 = VECTOR ( 'NONE', #2192, 1000.000000000000114 ) ;
#7785 = ORIENTED_EDGE ( 'NONE', *, *, #9461, .T. ) ;
#7786 = DIRECTION ( 'NONE',  ( -0.7159991443989346394, 0.000000000000000000, -0.6981011568676802614 ) ) ;
#7787 = CARTESIAN_POINT ( 'NONE',  ( -9.259525676811467321, 2.700000000000000178, 3.906424900789273291 ) ) ;
#7788 = ORIENTED_EDGE ( 'NONE', *, *, #110, .F. ) ;
#7789 = LINE ( 'NONE', #6762, #2739 ) ;
#7790 = EDGE_CURVE ( 'NONE', #12719, #13118, #12366, .T. ) ;
#7791 = VERTEX_POINT ( 'NONE', #12425 ) ;
#7793 = EDGE_LOOP ( 'NONE', ( #232, #2599, #6737, #12579 ) ) ;
#7792 = ADVANCED_FACE ( 'NONE', ( #13308 ), #2864, .T. ) ;
#7794 = AXIS2_PLACEMENT_3D ( 'NONE', #9212, #3745, #13380 ) ;
#7795 = DIRECTION ( 'NONE',  ( -0.000000000000000000, 1.000000000000000000, -0.000000000000000000 ) ) ;
#7796 = ORIENTED_EDGE ( 'NONE', *, *, #6996, .T. ) ;
#7797 = CARTESIAN_POINT ( 'NONE',  ( -19.64620369786267062, 2.700000000000000178, 8.729333693918480463 ) ) ;
#7798 = CARTESIAN_POINT ( 'NONE',  ( 19.81152180613732128, 2.700000000000000178, 17.57597792591847963 ) ) ;
#7799 = PERSON ( 'UNSPECIFIED', 'UNSPECIFIED', 'UNSPECIFIED', ('UNSPECIFIED'), ('UNSPECIFIED'), ('UNSPECIFIED') ) ;
#7800 = EDGE_CURVE ( 'NONE', #85, #1305, #1014, .T. ) ;
#7801 = EDGE_CURVE ( 'NONE', #4951, #1241, #6069, .T. ) ;
#7802 = CARTESIAN_POINT ( 'NONE',  ( 1.009901342029928539, 2.700000000000000178, 0.4168973289038480079 ) ) ;
#7803 = CARTESIAN_POINT ( 'NONE',  ( 14.22934247013731657, 3.000000000000000000, 8.791135957918481125 ) ) ;
#7804 = DIRECTION ( 'NONE',  ( 0.9310486804779449788, 0.000000000000000000, 0.3648949911690725356 ) ) ;
#7805 = DIRECTION ( 'NONE',  ( 0.9802693612737390927, 0.000000000000000000, -0.1976663333700900138 ) ) ;
#7806 = DIRECTION ( 'NONE',  ( 0.000000000000000000, 0.000000000000000000, -1.000000000000000000 ) ) ;
#7807 = ORIENTED_EDGE ( 'NONE', *, *, #9673, .T. ) ;
#7808 = DIRECTION ( 'NONE',  ( 0.7288886501414303387, 0.000000000000000000, 0.6846322631128359815 ) ) ;
#7809 = DIRECTION ( 'NONE',  ( 0.3837797321477058876, 0.000000000000000000, 0.9234246678493244209 ) ) ;
#7810 = ORIENTED_EDGE ( 'NONE', *, *, #6072, .F. ) ;
#7811 = CARTESIAN_POINT ( 'NONE',  ( 18.81647618484391060, 3.000000000000000000, 20.48187093134938053 ) ) ;
#7812 = EDGE_CURVE ( 'NONE', #2466, #8684, #1838, .T. ) ;
#7813 = VECTOR ( 'NONE', #697, 1000.000000000000114 ) ;
#7814 = VERTEX_POINT ( 'NONE', #6003 ) ;
#7815 = DIRECTION ( 'NONE',  ( -0.000000000000000000, 1.000000000000000000, -0.000000000000000000 ) ) ;
#7816 = EDGE_CURVE ( 'NONE', #3968, #7258, #874, .T. ) ;
#7817 = ORIENTED_EDGE ( 'NONE', *, *, #1831, .F. ) ;
#7818 = DIRECTION ( 'NONE',  ( -1.853337046983768335E-16, 0.000000000000000000, 1.000000000000000000 ) ) ;
#7819 = CARTESIAN_POINT ( 'NONE',  ( -6.289306865862674734, 2.700000000000000178, 10.94683090991848218 ) ) ;
#7820 = EDGE_CURVE ( 'NONE', #12691, #12375, #3067, .T. ) ;
#7821 = DIRECTION ( 'NONE',  ( -0.000000000000000000, 1.000000000000000000, -0.000000000000000000 ) ) ;
#7822 = FACE_OUTER_BOUND ( 'NONE', #3393, .T. ) ;
#7823 = DIRECTION ( 'NONE',  ( -0.000000000000000000, 1.000000000000000000, -0.000000000000000000 ) ) ;
#7824 = ADVANCED_FACE ( 'NONE', ( #10757 ), #1078, .T. ) ;
#7825 = LINE ( 'NONE', #12057, #5792 ) ;
#7826 = EDGE_CURVE ( 'NONE', #7042, #2025, #1398, .T. ) ;
#7827 = ORIENTED_EDGE ( 'NONE', *, *, #10582, .F. ) ;
#7828 = CARTESIAN_POINT ( 'NONE',  ( 14.01562280613732980, 2.700000000000000178, 18.86798042191847458 ) ) ;
#7829 = EDGE_CURVE ( 'NONE', #4975, #7720, #12492, .T. ) ;
#7830 = VERTEX_POINT ( 'NONE', #1148 ) ;
#7831 = AXIS2_PLACEMENT_3D ( 'NONE', #8000, #13190, #2946 ) ;
#7832 = EDGE_CURVE ( 'NONE', #9976, #13367, #6724, .T. ) ;
#7833 = CARTESIAN_POINT ( 'NONE',  ( 22.37000000000002942, 3.000000000000000000, -30.13000000000000611 ) ) ;
#7834 = DIRECTION ( 'NONE',  ( -0.9243381021303341827, 0.000000000000000000, 0.3815744657993928035 ) ) ;
#7835 = DIRECTION ( 'NONE',  ( 0.7285199132161064295, 0.000000000000000000, -0.6850246244096607207 ) ) ;
#7836 = DIRECTION ( 'NONE',  ( -0.000000000000000000, 1.000000000000000000, -0.000000000000000000 ) ) ;
#7837 = VERTEX_POINT ( 'NONE', #3199 ) ;
#7838 = DIRECTION ( 'NONE',  ( 0.000000000000000000, 0.000000000000000000, 1.000000000000000000 ) ) ;
#7839 = LINE ( 'NONE', #4556, #6117 ) ;
#7840 = ORIENTED_EDGE ( 'NONE', *, *, #1122, .F. ) ;
#7841 = CARTESIAN_POINT ( 'NONE',  ( -47.54909328186268169, 3.000000000000000000, 19.33228327791848145 ) ) ;
#7842 = VECTOR ( 'NONE', #12342, 1000.000000000000227 ) ;
#7843 = VECTOR ( 'NONE', #7722, 1000.000000000000000 ) ;
#7844 = EDGE_CURVE ( 'NONE', #7500, #6297, #2495, .T. ) ;
#7845 = ORIENTED_EDGE ( 'NONE', *, *, #4168, .F. ) ;
#7846 = EDGE_CURVE ( 'NONE', #7067, #5254, #7686, .T. ) ;
#7847 = PLANE ( 'NONE',  #4133 ) ;
#7848 = ORIENTED_EDGE ( 'NONE', *, *, #10659, .T. ) ;
#7849 = CARTESIAN_POINT ( 'NONE',  ( 0.5513820526445052383, 2.700000000000000178, 12.79545718204851745 ) ) ;
#7850 = VECTOR ( 'NONE', #8973, 1000.000000000000000 ) ;
#7851 = LINE ( 'NONE', #10919, #7906 ) ;
#7852 = VERTEX_POINT ( 'NONE', #5565 ) ;
#7853 = LINE ( 'NONE', #7717, #6350 ) ;
#7854 = DIRECTION ( 'NONE',  ( 0.9238789273892188403, 0.000000000000000000, -0.3826848932557264105 ) ) ;
#7855 = VERTEX_POINT ( 'NONE', #8323 ) ;
#7856 = LINE ( 'NONE', #2593, #3349 ) ;
#7857 = LINE ( 'NONE', #11058, #7843 ) ;
#7858 = VERTEX_POINT ( 'NONE', #12626 ) ;
#7859 = DIRECTION ( 'NONE',  ( 0.9968242903681798772, 0.000000000000000000, -0.07963249419662030149 ) ) ;
#7860 = EDGE_CURVE ( 'NONE', #1217, #2760, #3134, .T. ) ;
#7861 = VERTEX_POINT ( 'NONE', #4536 ) ;
#7862 = ORIENTED_EDGE ( 'NONE', *, *, #2114, .T. ) ;
#7863 = DIRECTION ( 'NONE',  ( 0.3788488605086208216, 0.000000000000000000, -0.9254585570901159297 ) ) ;
#7864 = EDGE_LOOP ( 'NONE', ( #386, #9741, #8870, #507 ) ) ;
#7865 = LINE ( 'NONE', #12034, #12415 ) ;
#7866 = PLANE ( 'NONE',  #4382 ) ;
#7867 = CARTESIAN_POINT ( 'NONE',  ( -7.626094267671363447, 3.000000000000000000, 1.027764771363180119 ) ) ;
#7868 = DIRECTION ( 'NONE',  ( -0.000000000000000000, 1.000000000000000000, -0.000000000000000000 ) ) ;
#7869 = LINE ( 'NONE', #6707, #105 ) ;
#7870 = VECTOR ( 'NONE', #6344, 1000.000000000000000 ) ;
#7871 = VECTOR ( 'NONE', #1234, 1000.000000000000000 ) ;
#7872 = FACE_OUTER_BOUND ( 'NONE', #8348, .T. ) ;
#7873 = ORIENTED_EDGE ( 'NONE', *, *, #12005, .T. ) ;
#7874 = DIRECTION ( 'NONE',  ( -0.7808606759642444661, 0.000000000000000000, 0.6247052142672281372 ) ) ;
#7875 = CARTESIAN_POINT ( 'NONE',  ( 20.55891741100965220, 3.000000000000000000, -1.460743244144711905 ) ) ;
#7876 = ORIENTED_EDGE ( 'NONE', *, *, #4479, .F. ) ;
#7877 = EDGE_CURVE ( 'NONE', #9124, #4849, #5317, .T. ) ;
#7878 = CARTESIAN_POINT ( 'NONE',  ( -34.63964996186266632, 3.000000000000000000, 3.809801749918482194 ) ) ;
#7879 = VECTOR ( 'NONE', #9095, 1000.000000000000000 ) ;
#7880 = VECTOR ( 'NONE', #13214, 1000.000000000000000 ) ;
#7881 = AXIS2_PLACEMENT_3D ( 'NONE', #511, #6175, #10204 ) ;
#7882 = DIRECTION ( 'NONE',  ( -0.8598862481892435294, 0.000000000000000000, 0.5104856904703860554 ) ) ;
#7883 = ORIENTED_EDGE ( 'NONE', *, *, #7177, .F. ) ;
#7884 = DIRECTION ( 'NONE',  ( 0.000000000000000000, 0.000000000000000000, 1.000000000000000000 ) ) ;
#7885 = VERTEX_POINT ( 'NONE', #8703 ) ;
#7886 = DIRECTION ( 'NONE',  ( 0.9238794569645282229, 0.000000000000000000, -0.3826836147510478958 ) ) ;
#7887 = PLANE ( 'NONE',  #6336 ) ;
#7888 = AXIS2_PLACEMENT_3D ( 'NONE', #8295, #2013, #4945 ) ;
#7889 = EDGE_CURVE ( 'NONE', #5651, #9299, #10824, .T. ) ;
#7890 = CARTESIAN_POINT ( 'NONE',  ( -47.54909328186268169, 2.700000000000000178, 19.33228327791848145 ) ) ;
#7891 = LINE ( 'NONE', #12054, #9400 ) ;
#7892 = EDGE_CURVE ( 'NONE', #12081, #7606, #7300, .T. ) ;
#7893 = VECTOR ( 'NONE', #5353, 1000.000000000000000 ) ;
#7894 = DIRECTION ( 'NONE',  ( -0.9606829169602389973, 0.000000000000000000, -0.2776478580158083798 ) ) ;
#7895 = DIRECTION ( 'NONE',  ( 0.8669935126065556608, 0.000000000000000000, 0.4983194247650259978 ) ) ;
#7896 = EDGE_CURVE ( 'NONE', #12345, #10220, #10438, .T. ) ;
#7897 = EDGE_LOOP ( 'NONE', ( #12392, #3281, #10110, #6362 ) ) ;
#7898 = DIRECTION ( 'NONE',  ( 0.9563306770081583252, 0.000000000000000000, -0.2922869073583650446 ) ) ;
#7899 = ORIENTED_EDGE ( 'NONE', *, *, #11511, .F. ) ;
#7900 = ADVANCED_FACE ( 'NONE', ( #437 ), #3515, .T. ) ;
#7901 = DIRECTION ( 'NONE',  ( 0.000000000000000000, 0.000000000000000000, 1.000000000000000000 ) ) ;
#7902 = CARTESIAN_POINT ( 'NONE',  ( 8.744079374137321281, 2.700000000000000178, -18.31854718608151700 ) ) ;
#7903 = CARTESIAN_POINT ( 'NONE',  ( -2.749224537862673401, 2.700000000000000178, 5.031032733918481270 ) ) ;
#7904 = FACE_OUTER_BOUND ( 'NONE', #9811, .T. ) ;
#7905 = VERTEX_POINT ( 'NONE', #5249 ) ;
#7906 = VECTOR ( 'NONE', #1564, 1000.000000000000114 ) ;
#7907 = CARTESIAN_POINT ( 'NONE',  ( -29.79042196530975772, 3.000000000000000000, 1.475263283947634951 ) ) ;
#7908 = DIRECTION ( 'NONE',  ( -0.9377558891340868064, 0.000000000000000000, 0.3472951085090864032 ) ) ;
#7909 = EDGE_LOOP ( 'NONE', ( #4780, #505, #11040, #9476 ) ) ;
#7910 = EDGE_CURVE ( 'NONE', #2517, #13318, #11857, .T. ) ;
#7911 = CARTESIAN_POINT ( 'NONE',  ( -27.77950010586266671, 2.700000000000000178, 5.589733165918477908 ) ) ;
#7912 = VECTOR ( 'NONE', #7510, 1000.000000000000000 ) ;
#7913 = ORIENTED_EDGE ( 'NONE', *, *, #9665, .T. ) ;
#7914 = VECTOR ( 'NONE', #12930, 1000.000000000000000 ) ;
#7915 = AXIS2_PLACEMENT_3D ( 'NONE', #7100, #11199, #13447 ) ;
#7916 = DIRECTION ( 'NONE',  ( 0.2821813711547822012, 0.000000000000000000, 0.9593610758068138455 ) ) ;
#7917 = ORIENTED_EDGE ( 'NONE', *, *, #8995, .T. ) ;
#7918 = DIRECTION ( 'NONE',  ( 0.2146792440636553778, 0.000000000000000000, 0.9766846073161270514 ) ) ;
#7919 = CARTESIAN_POINT ( 'NONE',  ( 0.000000000000000000, 2.700000000000000178, 5.589733165918477908 ) ) ;
#7920 = VERTEX_POINT ( 'NONE', #1463 ) ;
#7922 = DIRECTION ( 'NONE',  ( -0.000000000000000000, 1.000000000000000000, -0.000000000000000000 ) ) ;
#7921 = VECTOR ( 'NONE', #6504, 1000.000000000000114 ) ;
#7923 = DIRECTION ( 'NONE',  ( 0.9015243005296961210, 0.000000000000000000, -0.4327284778639396423 ) ) ;
#7924 = EDGE_CURVE ( 'NONE', #10396, #3214, #4227, .T. ) ;
#7925 = EDGE_LOOP ( 'NONE', ( #858, #6753, #5799, #3867 ) ) ;
#7926 = CARTESIAN_POINT ( 'NONE',  ( -21.67087528986267841, 2.700000000000000178, 10.31396654191848228 ) ) ;
#7927 = LINE ( 'NONE', #7787, #7409 ) ;
#7928 = ORIENTED_EDGE ( 'NONE', *, *, #2615, .F. ) ;
#7929 = FACE_OUTER_BOUND ( 'NONE', #10744, .T. ) ;
#7930 = VECTOR ( 'NONE', #8389, 1000.000000000000000 ) ;
#7931 = EDGE_CURVE ( 'NONE', #8392, #6139, #1528, .T. ) ;
#7932 = VERTEX_POINT ( 'NONE', #10509 ) ;
#7933 = AXIS2_PLACEMENT_3D ( 'NONE', #9082, #12429, #2867 ) ;
#7934 = ORIENTED_EDGE ( 'NONE', *, *, #9491, .F. ) ;
#7935 = CARTESIAN_POINT ( 'NONE',  ( -11.85653779386267992, 2.700000000000000178, -17.95974780208151600 ) ) ;
#7936 = ORIENTED_EDGE ( 'NONE', *, *, #13250, .F. ) ;
#7937 = LINE ( 'NONE', #2604, #5208 ) ;
#7938 = FACE_OUTER_BOUND ( 'NONE', #2226, .T. ) ;
#7939 = CARTESIAN_POINT ( 'NONE',  ( 12.62887253428208290, 2.700000000000000178, 22.31992185762806713 ) ) ;
#7940 = DIRECTION ( 'NONE',  ( -0.9984316082420013894, 0.000000000000000000, -0.05598503070723974406 ) ) ;
#7941 = CARTESIAN_POINT ( 'NONE',  ( -40.16732496186267554, 3.000000000000000000, 13.45109514191848277 ) ) ;
#7942 = DIRECTION ( 'NONE',  ( 0.3815718926976354175, 0.000000000000000000, 0.9243391643239748934 ) ) ;
#7943 = ORIENTED_EDGE ( 'NONE', *, *, #13440, .F. ) ;
#7944 = DIRECTION ( 'NONE',  ( 0.9960954332223641572, 0.000000000000000000, -0.08828299900632519126 ) ) ;
#7945 = DIRECTION ( 'NONE',  ( 0.9832059221644678937, 0.000000000000000000, 0.1824996290974810753 ) ) ;
#7946 = EDGE_LOOP ( 'NONE', ( #3551, #9015, #4277, #8061 ) ) ;
#7947 = VECTOR ( 'NONE', #4294, 1000.000000000000114 ) ;
#7948 = DIRECTION ( 'NONE',  ( -1.000000000000000000, 0.000000000000000000, 0.000000000000000000 ) ) ;
#7949 = AXIS2_PLACEMENT_3D ( 'NONE', #10510, #9415, #8258 ) ;
#7950 = VECTOR ( 'NONE', #71, 1000.000000000000000 ) ;
#7951 = ORIENTED_EDGE ( 'NONE', *, *, #2393, .F. ) ;
#7952 = VERTEX_POINT ( 'NONE', #6589 ) ;
#7953 = LINE ( 'NONE', #575, #8728 ) ;
#7954 = EDGE_LOOP ( 'NONE', ( #11013, #7371, #9760, #2298 ) ) ;
#7955 = CARTESIAN_POINT ( 'NONE',  ( 30.97972888680316217, 2.700000000000000178, 28.02844601145682191 ) ) ;
#7956 = LINE ( 'NONE', #5833, #5457 ) ;
#7957 = LINE ( 'NONE', #13210, #9850 ) ;
#7958 = DIRECTION ( 'NONE',  ( -0.000000000000000000, 0.000000000000000000, -1.000000000000000000 ) ) ;
#7959 = LINE ( 'NONE', #8848, #1686 ) ;
#7960 = CARTESIAN_POINT ( 'NONE',  ( -0.4319076259688597319, 2.700000000000000178, 2.626438388410858416 ) ) ;
#7961 = CARTESIAN_POINT ( 'NONE',  ( 9.417792345223308104, 3.000000000000000000, -15.94243838000384095 ) ) ;
#7962 = EDGE_CURVE ( 'NONE', #753, #12757, #5631, .T. ) ;
#7963 = ORIENTED_EDGE ( 'NONE', *, *, #2566, .F. ) ;
#7964 = EDGE_CURVE ( 'NONE', #6009, #9993, #7957, .T. ) ;
#7965 = CARTESIAN_POINT ( 'NONE',  ( -40.23145894586268412, 3.000000000000000000, 15.00871254991847970 ) ) ;
#7966 = ORIENTED_EDGE ( 'NONE', *, *, #12563, .F. ) ;
#7967 = PLANE ( 'NONE',  #1200 ) ;
#7968 = LINE ( 'NONE', #981, #5752 ) ;
#7969 = VECTOR ( 'NONE', #9331, 1000.000000000000114 ) ;
#7970 = EDGE_CURVE ( 'NONE', #180, #4685, #13074, .T. ) ;
#7971 = EDGE_CURVE ( 'NONE', #11066, #979, #1873, .T. ) ;
#7972 = DIRECTION ( 'NONE',  ( -0.3826848932557266880, 0.000000000000000000, -0.9238789273892187293 ) ) ;
#7973 = CARTESIAN_POINT ( 'NONE',  ( -28.49021648986268218, 2.700000000000000178, -19.25140993808151180 ) ) ;
#7974 = VERTEX_POINT ( 'NONE', #8094 ) ;
#7975 = DIRECTION ( 'NONE',  ( 0.9802693612737466422, 0.000000000000000000, -0.1976663333700530989 ) ) ;
#7976 = FACE_OUTER_BOUND ( 'NONE', #2586, .T. ) ;
#7977 = ORIENTED_EDGE ( 'NONE', *, *, #7000, .T. ) ;
#7978 = DIRECTION ( 'NONE',  ( -0.000000000000000000, 1.000000000000000000, -0.000000000000000000 ) ) ;
#7979 = VECTOR ( 'NONE', #4630, 1000.000000000000000 ) ;
#7980 = EDGE_LOOP ( 'NONE', ( #10125, #3132, #6749, #11354 ) ) ;
#7981 = ADVANCED_FACE ( 'NONE', ( #11238 ), #9999, .T. ) ;
#7982 = DIRECTION ( 'NONE',  ( 0.000000000000000000, 0.000000000000000000, 1.000000000000000000 ) ) ;
#7983 = ORIENTED_EDGE ( 'NONE', *, *, #10659, .F. ) ;
#7984 = CARTESIAN_POINT ( 'NONE',  ( 11.48775791013733283, 2.700000000000000178, 11.94557008591848302 ) ) ;
#7985 = CARTESIAN_POINT ( 'NONE',  ( -4.253655881592692367, 3.000000000000000000, 24.52947320909424533 ) ) ;
#7986 = ORIENTED_EDGE ( 'NONE', *, *, #8903, .T. ) ;
#7987 = CARTESIAN_POINT ( 'NONE',  ( 1.021142915386006100, 2.700000000000000178, 11.02185665484511290 ) ) ;
#7988 = LINE ( 'NONE', #11127, #12750 ) ;
#7989 = VERTEX_POINT ( 'NONE', #6864 ) ;
#7990 = DIRECTION ( 'NONE',  ( 1.000000000000000000, 0.000000000000000000, 1.853337046983768335E-16 ) ) ;
#7991 = CARTESIAN_POINT ( 'NONE',  ( 39.18419527813730951, 2.700000000000000178, 10.98644576591847866 ) ) ;
#7992 = EDGE_LOOP ( 'NONE', ( #6685, #891, #8, #2779 ) ) ;
#7993 = DIRECTION ( 'NONE',  ( 0.2146792440636554056, 0.000000000000000000, 0.9766846073161270514 ) ) ;
#7994 = VERTEX_POINT ( 'NONE', #5834 ) ;
#7995 = ORIENTED_EDGE ( 'NONE', *, *, #5960, .F. ) ;
#7996 = EDGE_CURVE ( 'NONE', #1894, #674, #2626, .T. ) ;
#7997 = CARTESIAN_POINT ( 'NONE',  ( 25.89777735013731430, 2.700000000000000178, 0.000000000000000000 ) ) ;
#7998 = VERTEX_POINT ( 'NONE', #2902 ) ;
#7999 = VECTOR ( 'NONE', #10202, 1000.000000000000000 ) ;
#8000 = CARTESIAN_POINT ( 'NONE',  ( -11.85653779386267992, 2.700000000000000178, 0.000000000000000000 ) ) ;
#8001 = EDGE_CURVE ( 'NONE', #7952, #2454, #2763, .T. ) ;
#8002 = DIRECTION ( 'NONE',  ( 0.3630851823906605658, 0.000000000000000000, 0.9317559499827950953 ) ) ;
#8003 = LINE ( 'NONE', #1988, #4411 ) ;
#8004 = ADVANCED_FACE ( 'NONE', ( #8846 ), #11092, .T. ) ;
#8005 = FACE_OUTER_BOUND ( 'NONE', #295, .T. ) ;
#8006 = FACE_OUTER_BOUND ( 'NONE', #7414, .T. ) ;
#8007 = LINE ( 'NONE', #12173, #11631 ) ;
#8008 = ORIENTED_EDGE ( 'NONE', *, *, #2959, .T. ) ;
#8009 = CARTESIAN_POINT ( 'NONE',  ( -25.53975248986266777, 3.000000000000000000, 20.59554008591847563 ) ) ;
#8010 = CARTESIAN_POINT ( 'NONE',  ( 7.037931910137320557, 3.000000000000000000, 1.090463525918483834 ) ) ;
#8011 = VERTEX_POINT ( 'NONE', #5774 ) ;
#8012 = DIRECTION ( 'NONE',  ( 0.000000000000000000, -0.000000000000000000, 1.000000000000000000 ) ) ;
#8013 = EDGE_CURVE ( 'NONE', #4049, #1690, #642, .T. ) ;
#8014 = EDGE_LOOP ( 'NONE', ( #7108, #4835, #13252, #9341, #22, #3808, #12091, #2389, #12349, #12690 ) ) ;
#8015 = COORDINATED_UNIVERSAL_TIME_OFFSET ( 1, 0, .AHEAD. ) ;
#8016 = EDGE_LOOP ( 'NONE', ( #269, #8485, #13006, #10709 ) ) ;
#8017 = ADVANCED_FACE ( 'NONE', ( #13143 ), #709, .T. ) ;
#8018 = CARTESIAN_POINT ( 'NONE',  ( -59.99999999999998579, 0.000000000000000000, 50.99999999999997868 ) ) ;
#8019 = VERTEX_POINT ( 'NONE', #2829 ) ;
#8020 = LINE ( 'NONE', #5151, #13233 ) ;
#8021 = CARTESIAN_POINT ( 'NONE',  ( 8.869769750137326270, 2.700000000000000178, 0.000000000000000000 ) ) ;
#8022 = DIRECTION ( 'NONE',  ( -0.5497301800669212035, 0.000000000000000000, 0.8353422826144923929 ) ) ;
#8023 = LINE ( 'NONE', #8724, #5491 ) ;
#8024 = LINE ( 'NONE', #9261, #8747 ) ;
#8025 = LINE ( 'NONE', #5837, #4384 ) ;
#8026 = LINE ( 'NONE', #8101, #4061 ) ;
#8027 = VECTOR ( 'NONE', #9631, 1000.000000000000114 ) ;
#8028 = ORIENTED_EDGE ( 'NONE', *, *, #12917, .F. ) ;
#8029 = LINE ( 'NONE', #10833, #6096 ) ;
#8030 = VERTEX_POINT ( 'NONE', #11987 ) ;
#8031 = DIRECTION ( 'NONE',  ( 0.7288886501414183483, 0.000000000000000000, -0.6846322631128488601 ) ) ;
#8032 = LINE ( 'NONE', #1047, #8574 ) ;
#8033 = DIRECTION ( 'NONE',  ( 0.9238789273892187293, 0.000000000000000000, -0.3826848932557266880 ) ) ;
#8034 = DIRECTION ( 'NONE',  ( 0.8310925140380690523, 0.000000000000000000, 0.5561341862445448037 ) ) ;
#8035 = ORIENTED_EDGE ( 'NONE', *, *, #1948, .T. ) ;
#8036 = LINE ( 'NONE', #794, #926 ) ;
#8037 = CARTESIAN_POINT ( 'NONE',  ( -22.25999999999998025, 3.000000000000000000, -30.13000000000000966 ) ) ;
#8038 = VERTEX_POINT ( 'NONE', #7890 ) ;
#8039 = EDGE_CURVE ( 'NONE', #8836, #1894, #241, .T. ) ;
#8040 = EDGE_CURVE ( 'NONE', #7045, #7466, #4878, .T. ) ;
#8041 = DIRECTION ( 'NONE',  ( -0.7393017768804096557, 0.000000000000000000, -0.6733742515878291535 ) ) ;
#8042 = ORIENTED_EDGE ( 'NONE', *, *, #8496, .T. ) ;
#8043 = VECTOR ( 'NONE', #8685, 1000.000000000000000 ) ;
#8044 = ORIENTED_EDGE ( 'NONE', *, *, #7394, .F. ) ;
#8045 = LINE ( 'NONE', #1584, #6612 ) ;
#8046 = DIRECTION ( 'NONE',  ( -1.000000000000000000, 0.000000000000000000, 0.000000000000000000 ) ) ;
#8047 = ORIENTED_EDGE ( 'NONE', *, *, #12527, .F. ) ;
#8048 = CARTESIAN_POINT ( 'NONE',  ( 32.19743556613732238, 2.700000000000000178, 1.972340349918480840 ) ) ;
#8049 = DIRECTION ( 'NONE',  ( -1.000000000000000000, -0.000000000000000000, -0.000000000000000000 ) ) ;
#8050 = ORIENTED_EDGE ( 'NONE', *, *, #8714, .T. ) ;
#8051 = LINE ( 'NONE', #2935, #3517 ) ;
#8052 = CARTESIAN_POINT ( 'NONE',  ( -7.278154265862681882, 2.700000000000000178, 0.000000000000000000 ) ) ;
#8053 = EDGE_CURVE ( 'NONE', #2822, #10359, #11167, .T. ) ;
#8054 = ORIENTED_EDGE ( 'NONE', *, *, #13270, .F. ) ;
#8055 = LINE ( 'NONE', #813, #4022 ) ;
#8056 = CARTESIAN_POINT ( 'NONE',  ( 20.15009263013732621, 2.700000000000000178, 16.74891125391848234 ) ) ;
#8057 = VECTOR ( 'NONE', #9706, 1000.000000000000000 ) ;
#8058 = ORIENTED_EDGE ( 'NONE', *, *, #4750, .F. ) ;
#8059 = VECTOR ( 'NONE', #11958, 1000.000000000000000 ) ;
#8060 = DIRECTION ( 'NONE',  ( -0.000000000000000000, 1.000000000000000000, -0.000000000000000000 ) ) ;
#8061 = ORIENTED_EDGE ( 'NONE', *, *, #7588, .T. ) ;
#8062 = EDGE_CURVE ( 'NONE', #12625, #9707, #1802, .T. ) ;
#8063 = ORIENTED_EDGE ( 'NONE', *, *, #2797, .T. ) ;
#8064 = EDGE_CURVE ( 'NONE', #13445, #7406, #2696, .T. ) ;
#8065 = LINE ( 'NONE', #7174, #853 ) ;
#8066 = ORIENTED_EDGE ( 'NONE', *, *, #2983, .T. ) ;
#8067 = AXIS2_PLACEMENT_3D ( 'NONE', #10406, #10469, #9377 ) ;
#8068 = VECTOR ( 'NONE', #11076, 1000.000000000000000 ) ;
#8069 = FACE_OUTER_BOUND ( 'NONE', #11281, .T. ) ;
#8070 = PLANE ( 'NONE',  #888 ) ;
#8071 = CARTESIAN_POINT ( 'NONE',  ( -46.65029700986266903, 3.000000000000000000, 20.72791066191848230 ) ) ;
#8072 = VERTEX_POINT ( 'NONE', #3653 ) ;
#8073 = DIRECTION ( 'NONE',  ( -0.000000000000000000, 1.000000000000000000, -0.000000000000000000 ) ) ;
#8074 = CARTESIAN_POINT ( 'NONE',  ( 38.36223807013732312, 2.700000000000000178, 10.43757208591848240 ) ) ;
#8075 = EDGE_CURVE ( 'NONE', #8700, #10937, #10139, .T. ) ;
#8076 = EDGE_LOOP ( 'NONE', ( #3217, #1045, #2190, #1304 ) ) ;
#8077 = CARTESIAN_POINT ( 'NONE',  ( 60.00000000000002842, 0.000000000000000000, 50.99999999999997868 ) ) ;
#8078 = DIRECTION ( 'NONE',  ( -0.8283250196573385127, 0.000000000000000000, 0.5602478574788748444 ) ) ;
#8079 = VERTEX_POINT ( 'NONE', #1669 ) ;
#8080 = LINE ( 'NONE', #12251, #600 ) ;
#8081 = AXIS2_PLACEMENT_3D ( 'NONE', #11637, #7534, #9517 ) ;
#8082 = ADVANCED_FACE ( 'NONE', ( #4944 ), #13279, .T. ) ;
#8083 = ADVANCED_FACE ( 'NONE', ( #2012 ), #3237, .T. ) ;
#8084 = ORIENTED_EDGE ( 'NONE', *, *, #2957, .F. ) ;
#8085 = EDGE_CURVE ( 'NONE', #7154, #3968, #844, .T. ) ;
#8086 = EDGE_LOOP ( 'NONE', ( #1860, #5072, #4711, #11666 ) ) ;
#8087 = VECTOR ( 'NONE', #4760, 1000.000000000000000 ) ;
#8088 = CARTESIAN_POINT ( 'NONE',  ( 3.650000000000028333, 0.000000000000000000, -30.13000000000000966 ) ) ;
#8089 = VECTOR ( 'NONE', #2224, 1000.000000000000114 ) ;
#8090 = ORIENTED_EDGE ( 'NONE', *, *, #2416, .T. ) ;
#8091 = ORIENTED_EDGE ( 'NONE', *, *, #8404, .F. ) ;
#8092 = CARTESIAN_POINT ( 'NONE',  ( 41.00304559013734007, 2.700000000000000178, 9.757438317918484927 ) ) ;
#8093 = DIRECTION ( 'NONE',  ( -0.000000000000000000, 1.000000000000000000, -0.000000000000000000 ) ) ;
#8094 = CARTESIAN_POINT ( 'NONE',  ( -26.82031584186266571, 3.000000000000000000, 19.36689331791848190 ) ) ;
#8095 = DIRECTION ( 'NONE',  ( 1.000000000000000000, -0.000000000000000000, 0.000000000000000000 ) ) ;
#8096 = CARTESIAN_POINT ( 'NONE',  ( -10.97870352787146508, 2.700000000000000178, -26.50492015474165441 ) ) ;
#8097 = EDGE_CURVE ( 'NONE', #9571, #8792, #2212, .T. ) ;
#8098 = CARTESIAN_POINT ( 'NONE',  ( -27.75762968986266799, 2.700000000000000178, -19.25053821008151189 ) ) ;
#8099 = VECTOR ( 'NONE', #7278, 1000.000000000000000 ) ;
#8100 = AXIS2_PLACEMENT_3D ( 'NONE', #3789, #368, #9942 ) ;
#8101 = CARTESIAN_POINT ( 'NONE',  ( -28.29132636186266936, 2.700000000000000178, 20.16457726991847821 ) ) ;
#8102 = VECTOR ( 'NONE', #8670, 1000.000000000000114 ) ;
#8103 = EDGE_CURVE ( 'NONE', #12553, #5442, #4198, .T. ) ;
#8104 = ORIENTED_EDGE ( 'NONE', *, *, #3838, .F. ) ;
#8105 = CARTESIAN_POINT ( 'NONE',  ( -21.67087528986267841, 3.000000000000000000, 0.000000000000000000 ) ) ;
#8106 = ORIENTED_EDGE ( 'NONE', *, *, #7387, .T. ) ;
#8107 = PLANE ( 'NONE',  #13423 ) ;
#8108 = AXIS2_PLACEMENT_3D ( 'NONE', #5088, #13419, #5284 ) ;
#8109 = DIRECTION ( 'NONE',  ( 0.8717537324814308430, 0.000000000000000000, -0.4899443130649582256 ) ) ;
#8110 = DIRECTION ( 'NONE',  ( 0.2779401237068993558, 0.000000000000000000, -0.9605984008074308633 ) ) ;
#8111 = ORIENTED_EDGE ( 'NONE', *, *, #10648, .F. ) ;
#8112 = CARTESIAN_POINT ( 'NONE',  ( 22.74604597575660847, 2.700000000000000178, 15.50896963100471204 ) ) ;
#8113 = LINE ( 'NONE', #1957, #13100 ) ;
#8114 = DIRECTION ( 'NONE',  ( 0.7288886501414303387, 0.000000000000000000, 0.6846322631128359815 ) ) ;
#8115 = VERTEX_POINT ( 'NONE', #6242 ) ;
#8116 = VECTOR ( 'NONE', #351, 1000.000000000000000 ) ;
#8117 = VERTEX_POINT ( 'NONE', #4000 ) ;
#8118 = CARTESIAN_POINT ( 'NONE',  ( 38.36223807013732312, 2.700000000000000178, 20.48923905391848166 ) ) ;
#8119 = LINE ( 'NONE', #3879, #8156 ) ;
#8120 = AXIS2_PLACEMENT_3D ( 'NONE', #3280, #6552, #5332 ) ;
#8121 = ORIENTED_EDGE ( 'NONE', *, *, #3651, .T. ) ;
#8122 = LINE ( 'NONE', #11198, #8449 ) ;
#8123 = CARTESIAN_POINT ( 'NONE',  ( 39.34680336357970987, 2.700000000000000178, -18.14884111477686446 ) ) ;
#8124 = ORIENTED_EDGE ( 'NONE', *, *, #1629, .F. ) ;
#8125 = CARTESIAN_POINT ( 'NONE',  ( 25.11376367813733879, 3.000000000000000000, -19.40113684208152023 ) ) ;
#8126 = CARTESIAN_POINT ( 'NONE',  ( 11.55503492729157244, 3.000000000000000000, 12.56549705044518461 ) ) ;
#8127 = VERTEX_POINT ( 'NONE', #915 ) ;
#8128 = DIRECTION ( 'NONE',  ( 0.000000000000000000, 0.000000000000000000, 1.000000000000000000 ) ) ;
#8129 = CARTESIAN_POINT ( 'NONE',  ( -3.539999999999980496, 0.000000000000000000, -30.13000000000000611 ) ) ;
#8130 = ORIENTED_EDGE ( 'NONE', *, *, #9824, .F. ) ;
#8131 = DIRECTION ( 'NONE',  ( -0.9234246678493245319, 0.000000000000000000, 0.3837797321477058876 ) ) ;
#8132 = VERTEX_POINT ( 'NONE', #3036 ) ;
#8133 = VECTOR ( 'NONE', #6979, 1000.000000000000000 ) ;
#8134 = VECTOR ( 'NONE', #3065, 1000.000000000000114 ) ;
#8135 = ORIENTED_EDGE ( 'NONE', *, *, #1436, .T. ) ;
#8136 = EDGE_CURVE ( 'NONE', #8669, #2015, #4127, .T. ) ;
#8137 = DIRECTION ( 'NONE',  ( -0.9016265592538201812, 0.000000000000000000, 0.4325153727304008044 ) ) ;
#8138 = VERTEX_POINT ( 'NONE', #1941 ) ;
#8139 = AXIS2_PLACEMENT_3D ( 'NONE', #9576, #6301, #12794 ) ;
#8140 = EDGE_CURVE ( 'NONE', #12920, #2367, #3170, .T. ) ;
#8141 = LINE ( 'NONE', #5945, #2595 ) ;
#8142 = FACE_OUTER_BOUND ( 'NONE', #9109, .T. ) ;
#8143 = LINE ( 'NONE', #4993, #6376 ) ;
#8144 = ORIENTED_EDGE ( 'NONE', *, *, #10074, .F. ) ;
#8145 = LINE ( 'NONE', #7320, #9191 ) ;
#8146 = FACE_OUTER_BOUND ( 'NONE', #12773, .T. ) ;
#8147 = AXIS2_PLACEMENT_3D ( 'NONE', #10229, #802, #1759 ) ;
#8148 = EDGE_CURVE ( 'NONE', #10776, #9221, #11374, .T. ) ;
#8149 = ORIENTED_EDGE ( 'NONE', *, *, #9521, .F. ) ;
#8150 = CARTESIAN_POINT ( 'NONE',  ( 20.15009263013732621, 3.000000000000000000, 16.74891125391848234 ) ) ;
#8151 = LINE ( 'NONE', #6027, #4571 ) ;
#8152 = EDGE_LOOP ( 'NONE', ( #11254, #8387, #603, #5203 ) ) ;
#8153 = DIRECTION ( 'NONE',  ( 0.000000000000000000, 0.000000000000000000, 1.000000000000000000 ) ) ;
#8154 = VECTOR ( 'NONE', #8815, 1000.000000000000000 ) ;
#8155 = VERTEX_POINT ( 'NONE', #9322 ) ;
#8156 = VECTOR ( 'NONE', #3949, 1000.000000000000000 ) ;
#8157 = APPROVAL_DATE_TIME ( #1865, #11863 ) ;
#8158 = ORIENTED_EDGE ( 'NONE', *, *, #11434, .T. ) ;
#8159 = DIRECTION ( 'NONE',  ( -1.000000000000000000, 0.000000000000000000, -0.000000000000000000 ) ) ;
#8160 = ORIENTED_EDGE ( 'NONE', *, *, #9755, .T. ) ;
#8161 = ORIENTED_EDGE ( 'NONE', *, *, #919, .T. ) ;
#8162 = CARTESIAN_POINT ( 'NONE',  ( -31.12432085130204484, 3.000000000000000000, -12.89212301481553880 ) ) ;
#8163 = AXIS2_PLACEMENT_3D ( 'NONE', #4099, #8128, #877 ) ;
#8164 = LINE ( 'NONE', #11373, #8332 ) ;
#8165 = CARTESIAN_POINT ( 'NONE',  ( -51.71957109786267637, 3.000000000000000000, 15.18899971791848102 ) ) ;
#8166 = FACE_OUTER_BOUND ( 'NONE', #6308, .T. ) ;
#8167 = CARTESIAN_POINT ( 'NONE',  ( -12.78531114586266781, 2.700000000000000178, -18.67289039408152362 ) ) ;
#8168 = VECTOR ( 'NONE', #9436, 1000.000000000000000 ) ;
#8169 = CARTESIAN_POINT ( 'NONE',  ( -57.99999999999997158, 3.000000000000000000, 52.99999999999999289 ) ) ;
#8170 = CARTESIAN_POINT ( 'NONE',  ( -27.60645092186267746, 2.700000000000000178, 0.000000000000000000 ) ) ;
#8171 = EDGE_CURVE ( 'NONE', #9589, #11744, #12398, .T. ) ;
#8172 = ORIENTED_EDGE ( 'NONE', *, *, #12880, .F. ) ;
#8173 = EDGE_CURVE ( 'NONE', #9011, #13494, #10474, .T. ) ;
#8174 = CARTESIAN_POINT ( 'NONE',  ( -59.99999999999998579, 3.000000000000000000, -50.99999999999999289 ) ) ;
#8175 = ORIENTED_EDGE ( 'NONE', *, *, #9998, .T. ) ;
#8176 = DIRECTION ( 'NONE',  ( -0.3815757523362350301, 0.000000000000000000, -0.9243375710361643183 ) ) ;
#8177 = ADVANCED_FACE ( 'NONE', ( #12534 ), #2972, .T. ) ;
#8178 = DIRECTION ( 'NONE',  ( -0.3988104454011190958, 0.000000000000000000, 0.9170333846916158826 ) ) ;
#8180 = EDGE_LOOP ( 'NONE', ( #6786, #12479, #5712, #12712 ) ) ;
#8179 = EDGE_CURVE ( 'NONE', #11063, #5223, #10411, .T. ) ;
#8181 = LINE ( 'NONE', #10155, #2674 ) ;
#8182 = CARTESIAN_POINT ( 'NONE',  ( -57.99999999999997158, 0.000000000000000000, -53.00000000000000711 ) ) ;
#8183 = LINE ( 'NONE', #732, #10814 ) ;
#8184 = ORIENTED_EDGE ( 'NONE', *, *, #8507, .T. ) ;
#8185 = EDGE_CURVE ( 'NONE', #13110, #6014, #11308, .T. ) ;
#8186 = EDGE_CURVE ( 'NONE', #8382, #198, #6106, .T. ) ;
#8187 = VECTOR ( 'NONE', #12928, 999.9999999999998863 ) ;
#8188 = ORIENTED_EDGE ( 'NONE', *, *, #2227, .F. ) ;
#8189 = DIRECTION ( 'NONE',  ( -0.000000000000000000, 1.000000000000000000, -0.000000000000000000 ) ) ;
#8190 = LINE ( 'NONE', #2721, #6615 ) ;
#8191 = ADVANCED_FACE ( 'NONE', ( #6306 ), #1116, .T. ) ;
#8192 = VERTEX_POINT ( 'NONE', #93 ) ;
#8193 = FACE_OUTER_BOUND ( 'NONE', #9076, .T. ) ;
#8194 = CARTESIAN_POINT ( 'NONE',  ( -17.78222266586267608, 3.000000000000000000, 9.599520421918480650 ) ) ;
#8195 = EDGE_LOOP ( 'NONE', ( #3223, #4424, #13413, #10575 ) ) ;
#8196 = LINE ( 'NONE', #7987, #4815 ) ;
#8197 = PLANE ( 'NONE',  #1615 ) ;
#8198 = EDGE_LOOP ( 'NONE', ( #9969, #7292, #4204, #7995, #12260, #12891, #638, #13248, #936, #8091, #13347, #6892, #658, #3823, #2798, #9705, #1823, #6076, #11829, #1383, #2996, #1120, #11550, #12471, #8544, #4647 ) ) ;
#8199 = LINE ( 'NONE', #4979, #3784 ) ;
#8200 = LINE ( 'NONE', #3007, #10668 ) ;
#8201 = AXIS2_PLACEMENT_3D ( 'NONE', #11945, #11879, #10778 ) ;
#8202 = EDGE_LOOP ( 'NONE', ( #7208, #5399, #2126, #1724 ) ) ;
#8203 = CARTESIAN_POINT ( 'NONE',  ( 26.28096175013732605, 2.700000000000000178, 2.128756597918481930 ) ) ;
#8204 = AXIS2_PLACEMENT_3D ( 'NONE', #2565, #3520, #3656 ) ;
#8205 = ORIENTED_EDGE ( 'NONE', *, *, #9968, .F. ) ;
#8206 = FACE_OUTER_BOUND ( 'NONE', #9437, .T. ) ;
#8207 = ORIENTED_EDGE ( 'NONE', *, *, #7332, .T. ) ;
#8208 = VECTOR ( 'NONE', #12550, 1000.000000000000000 ) ;
#8209 = CARTESIAN_POINT ( 'NONE',  ( 20.88988591813730622, 2.700000000000000178, 18.23128471791848071 ) ) ;
#8210 = CARTESIAN_POINT ( 'NONE',  ( 8.199350974137331605, 2.700000000000000178, 1.722959085918485567 ) ) ;
#8211 = CARTESIAN_POINT ( 'NONE',  ( 8.430855897977034275, 3.000000000000000000, 1.603678031278389815 ) ) ;
#8212 = ORIENTED_EDGE ( 'NONE', *, *, #7812, .T. ) ;
#8213 = FACE_OUTER_BOUND ( 'NONE', #12839, .T. ) ;
#8214 = LINE ( 'NONE', #10123, #4298 ) ;
#8215 = ORIENTED_EDGE ( 'NONE', *, *, #4058, .F. ) ;
#8216 = DIRECTION ( 'NONE',  ( -0.9977945707501258976, 0.000000000000000000, 0.06637766628597294161 ) ) ;
#8217 = CARTESIAN_POINT ( 'NONE',  ( -51.71957109786267637, 2.700000000000000178, 15.18899971791848102 ) ) ;
#8218 = VERTEX_POINT ( 'NONE', #7273 ) ;
#8219 = AXIS2_PLACEMENT_3D ( 'NONE', #7434, #9411, #5313 ) ;
#8220 = DIRECTION ( 'NONE',  ( 0.000000000000000000, 0.000000000000000000, -1.000000000000000000 ) ) ;
#8221 = ORIENTED_EDGE ( 'NONE', *, *, #9791, .F. ) ;
#8222 = VERTEX_POINT ( 'NONE', #13481 ) ;
#8223 = CARTESIAN_POINT ( 'NONE',  ( -17.90335120186266593, 3.000000000000000000, 8.380760349918483954 ) ) ;
#8224 = VERTEX_POINT ( 'NONE', #4264 ) ;
#8225 = EDGE_LOOP ( 'NONE', ( #3340, #171, #2942, #11125, #8262, #4438, #627, #9218, #11680, #6541, #4871, #11200, #13505, #1127, #9229, #4041, #11686, #7986, #2889, #7360, #5956, #2757, #5193, #8569, #8008, #7917, #3954, #8797 ) ) ;
#8226 = FACE_OUTER_BOUND ( 'NONE', #543, .T. ) ;
#8227 = DIRECTION ( 'NONE',  ( 0.3904133835278656428, 0.000000000000000000, -0.9206396634744365981 ) ) ;
#8228 = DIRECTION ( 'NONE',  ( -1.000000000000000000, -0.000000000000000000, -0.000000000000000000 ) ) ;
#8229 = DIRECTION ( 'NONE',  ( 0.2131134059951636517, 0.000000000000000000, -0.9770274695141075716 ) ) ;
#8230 = EDGE_CURVE ( 'NONE', #4098, #9313, #8294, .T. ) ;
#8231 = CARTESIAN_POINT ( 'NONE',  ( -25.82899346586267697, 2.700000000000000178, 8.682362997918483316 ) ) ;
#8232 = CARTESIAN_POINT ( 'NONE',  ( 26.10684576613731878, 3.000000000000000000, 0.9301204379184823123 ) ) ;
#8233 = EDGE_CURVE ( 'NONE', #1431, #11633, #11442, .T. ) ;
#8234 = ORIENTED_EDGE ( 'NONE', *, *, #7741, .T. ) ;
#8235 = FACE_OUTER_BOUND ( 'NONE', #3032, .T. ) ;
#8236 = EDGE_CURVE ( 'NONE', #11173, #9347, #4325, .T. ) ;
#8237 = VERTEX_POINT ( 'NONE', #7604 ) ;
#8238 = CARTESIAN_POINT ( 'NONE',  ( -34.63964996186266632, 2.700000000000000178, 0.000000000000000000 ) ) ;
#8239 = LINE ( 'NONE', #12409, #5871 ) ;
#8240 = ORIENTED_EDGE ( 'NONE', *, *, #552, .T. ) ;
#8241 = EDGE_CURVE ( 'NONE', #9247, #7852, #3435, .T. ) ;
#8242 = CARTESIAN_POINT ( 'NONE',  ( 0.5654912037783402790, 2.700000000000000178, 19.88530451949430500 ) ) ;
#8243 = CARTESIAN_POINT ( 'NONE',  ( 27.08826956808585251, 2.700000000000000178, 24.40970231099450416 ) ) ;
#8244 = AXIS2_PLACEMENT_3D ( 'NONE', #5204, #6229, #4188 ) ;
#8245 = DIRECTION ( 'NONE',  ( -0.000000000000000000, 1.000000000000000000, -0.000000000000000000 ) ) ;
#8246 = ADVANCED_FACE ( 'NONE', ( #6509 ), #11776, .T. ) ;
#8247 = EDGE_CURVE ( 'NONE', #9051, #10928, #355, .T. ) ;
#8248 = ORIENTED_EDGE ( 'NONE', *, *, #6676, .T. ) ;
#8249 = EDGE_CURVE ( 'NONE', #8330, #929, #2479, .T. ) ;
#8250 = EDGE_LOOP ( 'NONE', ( #3419, #12121, #12905, #400 ) ) ;
#8251 = DIRECTION ( 'NONE',  ( -0.000000000000000000, 1.000000000000000000, -0.000000000000000000 ) ) ;
#8252 = CARTESIAN_POINT ( 'NONE',  ( 23.46585345972322045, 2.700000000000000178, 29.33153393978102486 ) ) ;
#8253 = ORIENTED_EDGE ( 'NONE', *, *, #9506, .F. ) ;
#8254 = PLANE ( 'NONE',  #1905 ) ;
#8255 = LINE ( 'NONE', #10304, #9002 ) ;
#8256 = ORIENTED_EDGE ( 'NONE', *, *, #6649, .F. ) ;
#8257 = DIRECTION ( 'NONE',  ( 1.000000000000000000, -0.000000000000000000, 0.000000000000000000 ) ) ;
#8258 = DIRECTION ( 'NONE',  ( -0.2877425631966563091, 0.000000000000000000, -0.9577077932882337441 ) ) ;
#8259 = ORIENTED_EDGE ( 'NONE', *, *, #10077, .T. ) ;
#8260 = CARTESIAN_POINT ( 'NONE',  ( -4.961644102782191368, 2.700000000000000178, -2.055189470780288019 ) ) ;
#8261 = LINE ( 'NONE', #9148, #2165 ) ;
#8262 = ORIENTED_EDGE ( 'NONE', *, *, #8886, .T. ) ;
#8263 = EDGE_CURVE ( 'NONE', #3226, #2956, #5554, .T. ) ;
#8264 = CARTESIAN_POINT ( 'NONE',  ( -6.099813892092005752, 2.700000000000000178, 2.526636942322651347 ) ) ;
#8265 = ADVANCED_FACE ( 'NONE', ( #1187 ), #10740, .T. ) ;
#8266 = ORIENTED_EDGE ( 'NONE', *, *, #393, .T. ) ;
#8267 = LINE ( 'NONE', #9298, #3259 ) ;
#8268 = ORIENTED_EDGE ( 'NONE', *, *, #6184, .F. ) ;
#8269 = CARTESIAN_POINT ( 'NONE',  ( 31.50000000000002842, 3.000000000000000000, -30.13000000000000966 ) ) ;
#8270 = LINE ( 'NONE', #1780, #3294 ) ;
#8271 = VECTOR ( 'NONE', #12639, 1000.000000000000000 ) ;
#8272 = CARTESIAN_POINT ( 'NONE',  ( -7.880377690024019444, 3.000000000000000000, -3.088464016869833628 ) ) ;
#8273 = VERTEX_POINT ( 'NONE', #6377 ) ;
#8274 = DIRECTION ( 'NONE',  ( 0.9863246135902001832, 0.000000000000000000, 0.1648143095308841621 ) ) ;
#8275 = DIRECTION ( 'NONE',  ( 0.9225052960901936050, 0.000000000000000000, 0.3859844280350495649 ) ) ;
#8276 = VECTOR ( 'NONE', #6494, 1000.000000000000000 ) ;
#8277 = EDGE_LOOP ( 'NONE', ( #11118, #1095, #12023, #1727 ) ) ;
#8278 = PLANE ( 'NONE',  #13383 ) ;
#8279 = DIRECTION ( 'NONE',  ( 1.000000000000000000, -0.000000000000000000, 0.000000000000000000 ) ) ;
#8280 = ORIENTED_EDGE ( 'NONE', *, *, #10314, .T. ) ;
#8281 = EDGE_CURVE ( 'NONE', #8645, #4103, #4522, .T. ) ;
#8282 = VECTOR ( 'NONE', #12348, 1000.000000000000000 ) ;
#8283 = CARTESIAN_POINT ( 'NONE',  ( -27.60645092186267746, 2.700000000000000178, 0.000000000000000000 ) ) ;
#8284 = AXIS2_PLACEMENT_3D ( 'NONE', #1024, #5192, #8335 ) ;
#8285 = ORIENTED_EDGE ( 'NONE', *, *, #8895, .T. ) ;
#8286 = VECTOR ( 'NONE', #8279, 1000.000000000000000 ) ;
#8287 = EDGE_LOOP ( 'NONE', ( #6386, #6924, #6065, #8676 ) ) ;
#8288 = DIRECTION ( 'NONE',  ( -0.000000000000000000, 1.000000000000000000, -0.000000000000000000 ) ) ;
#8289 = ORIENTED_EDGE ( 'NONE', *, *, #135, .T. ) ;
#8290 = DIRECTION ( 'NONE',  ( -0.8314675237937054764, 0.000000000000000000, 0.5555733586812492408 ) ) ;
#8291 = LINE ( 'NONE', #3799, #10330 ) ;
#8292 = DIRECTION ( 'NONE',  ( -1.000000000000000000, 0.000000000000000000, 0.000000000000000000 ) ) ;
#8293 = ADVANCED_FACE ( 'NONE', ( #8691 ), #3572, .T. ) ;
#8294 = LINE ( 'NONE', #7404, #9620 ) ;
#8295 = CARTESIAN_POINT ( 'NONE',  ( 39.34680336357970987, 2.700000000000000178, -18.14884111477686446 ) ) ;
#8296 = VECTOR ( 'NONE', #1322, 1000.000000000000000 ) ;
#8297 = CARTESIAN_POINT ( 'NONE',  ( -31.12999999999996348, 0.000000000000000000, -38.03000000000000824 ) ) ;
#8298 = ORIENTED_EDGE ( 'NONE', *, *, #11594, .T. ) ;
#8299 = LINE ( 'NONE', #7656, #9188 ) ;
#8300 = VECTOR ( 'NONE', #8292, 1000.000000000000000 ) ;
#8301 = ORIENTED_EDGE ( 'NONE', *, *, #2134, .T. ) ;
#8302 = DIRECTION ( 'NONE',  ( 0.000000000000000000, 0.000000000000000000, 1.000000000000000000 ) ) ;
#8303 = EDGE_CURVE ( 'NONE', #3444, #5162, #8560, .T. ) ;
#8304 = ORIENTED_EDGE ( 'NONE', *, *, #5092, .T. ) ;
#8305 = EDGE_CURVE ( 'NONE', #11063, #11964, #11713, .T. ) ;
#8306 = DIRECTION ( 'NONE',  ( 0.000000000000000000, 0.000000000000000000, -1.000000000000000000 ) ) ;
#8307 = DIRECTION ( 'NONE',  ( -0.000000000000000000, 1.000000000000000000, -0.000000000000000000 ) ) ;
#8308 = ORIENTED_EDGE ( 'NONE', *, *, #12743, .T. ) ;
#8309 = VECTOR ( 'NONE', #5920, 1000.000000000000000 ) ;
#8310 = VECTOR ( 'NONE', #7868, 1000.000000000000000 ) ;
#8311 = EDGE_CURVE ( 'NONE', #60, #13171, #4462, .T. ) ;
#8312 = LINE ( 'NONE', #6941, #3763 ) ;
#8313 = DIRECTION ( 'NONE',  ( -0.000000000000000000, 0.000000000000000000, 1.000000000000000000 ) ) ;
#8314 = CARTESIAN_POINT ( 'NONE',  ( 51.15301767013731649, 2.700000000000000178, 10.34610465391848422 ) ) ;
#8315 = ORIENTED_EDGE ( 'NONE', *, *, #9914, .T. ) ;
#8316 = VECTOR ( 'NONE', #54, 999.9999999999998863 ) ;
#8317 = ORIENTED_EDGE ( 'NONE', *, *, #2219, .F. ) ;
#8318 = DIRECTION ( 'NONE',  ( 0.000000000000000000, 0.000000000000000000, -1.000000000000000000 ) ) ;
#8319 = CARTESIAN_POINT ( 'NONE',  ( -30.53592131386267283, 3.000000000000000000, 8.684835941918485958 ) ) ;
#8320 = DIRECTION ( 'NONE',  ( 0.9225015595500916099, 0.000000000000000000, 0.3859933582688291342 ) ) ;
#8321 = DIRECTION ( 'NONE',  ( -0.000000000000000000, 1.000000000000000000, -0.000000000000000000 ) ) ;
#8322 = VERTEX_POINT ( 'NONE', #1448 ) ;
#8323 = CARTESIAN_POINT ( 'NONE',  ( 38.36223807013732312, 2.700000000000000178, 8.684835941918485958 ) ) ;
#8324 = DIRECTION ( 'NONE',  ( -0.5933273495373726503, 0.000000000000000000, -0.8049612762679684286 ) ) ;
#8325 = ADVANCED_FACE ( 'NONE', ( #7671 ), #2343, .T. ) ;
#8326 = AXIS2_PLACEMENT_3D ( 'NONE', #9681, #10070, #256 ) ;
#8327 = ORIENTED_EDGE ( 'NONE', *, *, #1959, .T. ) ;
#8328 = DIRECTION ( 'NONE',  ( 1.000000000000000000, 0.000000000000000000, 0.000000000000000000 ) ) ;
#8329 = LINE ( 'NONE', #2177, #7870 ) ;
#8330 = VERTEX_POINT ( 'NONE', #6446 ) ;
#8331 = DIRECTION ( 'NONE',  ( -0.000000000000000000, 1.000000000000000000, -0.000000000000000000 ) ) ;
#8332 = VECTOR ( 'NONE', #11503, 1000.000000000000114 ) ;
#8333 = ADVANCED_FACE ( 'NONE', ( #424 ), #10613, .T. ) ;
#8334 = ORIENTED_EDGE ( 'NONE', *, *, #13310, .T. ) ;
#8335 = DIRECTION ( 'NONE',  ( -0.03214695214465841666, 0.000000000000000000, -0.9994831531685808290 ) ) ;
#8336 = ORIENTED_EDGE ( 'NONE', *, *, #4742, .T. ) ;
#8337 = CARTESIAN_POINT ( 'NONE',  ( 28.43826252653888531, 2.700000000000000178, -5.656756653475872199 ) ) ;
#8338 = EDGE_CURVE ( 'NONE', #7112, #7425, #5420, .T. ) ;
#8339 = ORIENTED_EDGE ( 'NONE', *, *, #13273, .F. ) ;
#8340 = DIRECTION ( 'NONE',  ( -0.3793655190827832091, 0.000000000000000000, 0.9252468875554514804 ) ) ;
#8341 = LINE ( 'NONE', #12779, #8559 ) ;
#8342 = VERTEX_POINT ( 'NONE', #4392 ) ;
#8343 = CARTESIAN_POINT ( 'NONE',  ( -7.278154265862681882, 2.700000000000000178, 20.48923905391848166 ) ) ;
#8344 = CARTESIAN_POINT ( 'NONE',  ( 5.125247032632093358, 2.700000000000000178, -7.622153944435009265 ) ) ;
#8345 = VERTEX_POINT ( 'NONE', #3372 ) ;
#8346 = CARTESIAN_POINT ( 'NONE',  ( -9.657461539367092840, 2.700000000000000178, 14.28945642926003678 ) ) ;
#8347 = DIRECTION ( 'NONE',  ( -0.000000000000000000, 1.000000000000000000, -0.000000000000000000 ) ) ;
#8348 = EDGE_LOOP ( 'NONE', ( #5709, #13409, #13512, #8666 ) ) ;
#8349 = EDGE_CURVE ( 'NONE', #3772, #3110, #7540, .T. ) ;
#8350 = AXIS2_PLACEMENT_3D ( 'NONE', #10651, #1167, #7 ) ;
#8351 = PLANE ( 'NONE',  #8244 ) ;
#8352 = AXIS2_PLACEMENT_3D ( 'NONE', #8462, #12629, #5451 ) ;
#8353 = ORIENTED_EDGE ( 'NONE', *, *, #5995, .T. ) ;
#8354 = ORIENTED_EDGE ( 'NONE', *, *, #701, .T. ) ;
#8355 = DIRECTION ( 'NONE',  ( 0.9579094897302746769, 0.000000000000000000, 0.2870703911668442410 ) ) ;
#8356 = VECTOR ( 'NONE', #4094, 1000.000000000000000 ) ;
#8357 = ORIENTED_EDGE ( 'NONE', *, *, #703, .T. ) ;
#8358 = LINE ( 'NONE', #8490, #5068 ) ;
#8359 = CARTESIAN_POINT ( 'NONE',  ( 6.647376939063248891, 2.700000000000000178, 2.762649487036969553 ) ) ;
#8360 = PLANE ( 'NONE',  #9392 ) ;
#8361 = DIRECTION ( 'NONE',  ( 0.000000000000000000, 0.000000000000000000, 1.000000000000000000 ) ) ;
#8362 = FACE_OUTER_BOUND ( 'NONE', #2332, .T. ) ;
#8363 = VERTEX_POINT ( 'NONE', #8009 ) ;
#8364 = VECTOR ( 'NONE', #5750, 1000.000000000000000 ) ;
#8365 = ORIENTED_EDGE ( 'NONE', *, *, #6056, .T. ) ;
#8366 = FACE_OUTER_BOUND ( 'NONE', #11944, .T. ) ;
#8367 = VECTOR ( 'NONE', #49, 1000.000000000000000 ) ;
#8368 = VERTEX_POINT ( 'NONE', #8077 ) ;
#8369 = VECTOR ( 'NONE', #3359, 1000.000000000000000 ) ;
#8370 = DIRECTION ( 'NONE',  ( 0.9770274695141077936, 0.000000000000000000, -0.2131134059951631798 ) ) ;
#8371 = ORIENTED_EDGE ( 'NONE', *, *, #9855, .F. ) ;
#8372 = CARTESIAN_POINT ( 'NONE',  ( -47.54909328186268169, 3.000000000000000000, 19.33228327791848145 ) ) ;
#8373 = DIRECTION ( 'NONE',  ( -0.9773654527280690729, 0.000000000000000000, -0.2115579632480343308 ) ) ;
#8374 = DIRECTION ( 'NONE',  ( -0.000000000000000000, 1.000000000000000000, -0.000000000000000000 ) ) ;
#8375 = ORIENTED_EDGE ( 'NONE', *, *, #10519, .T. ) ;
#8376 = CARTESIAN_POINT ( 'NONE',  ( -27.34935008986267491, 2.700000000000000178, 19.06282178991848397 ) ) ;
#8377 = CARTESIAN_POINT ( 'NONE',  ( 21.80770936662890946, 2.700000000000000178, 14.59285518472636767 ) ) ;
#8378 = CARTESIAN_POINT ( 'NONE',  ( -13.10249008986266794, 2.700000000000000178, 10.11619604591848365 ) ) ;
#8379 = ADVANCED_FACE ( 'NONE', ( #2612 ), #1658, .T. ) ;
#8380 = EDGE_CURVE ( 'NONE', #9313, #3192, #2684, .T. ) ;
#8381 = VECTOR ( 'NONE', #5250, 1000.000000000000114 ) ;
#8382 = VERTEX_POINT ( 'NONE', #10054 ) ;
#8383 = VECTOR ( 'NONE', #7453, 1000.000000000000114 ) ;
#8384 = ORIENTED_EDGE ( 'NONE', *, *, #10879, .T. ) ;
#8385 = EDGE_CURVE ( 'NONE', #6965, #6414, #3773, .T. ) ;
#8386 = EDGE_CURVE ( 'NONE', #7230, #136, #10126, .T. ) ;
#8387 = ORIENTED_EDGE ( 'NONE', *, *, #6964, .F. ) ;
#8388 = LINE ( 'NONE', #3262, #1598 ) ;
#8389 = DIRECTION ( 'NONE',  ( -0.000000000000000000, 1.000000000000000000, -0.000000000000000000 ) ) ;
#8390 = DIRECTION ( 'NONE',  ( 1.000000000000000000, 0.000000000000000000, -0.000000000000000000 ) ) ;
#8391 = CARTESIAN_POINT ( 'NONE',  ( -28.49021648986268218, 3.000000000000000000, -19.25140993808151180 ) ) ;
#8392 = VERTEX_POINT ( 'NONE', #765 ) ;
#8393 = DIRECTION ( 'NONE',  ( 0.1212309411059864228, 0.000000000000000000, 0.9926243291993990248 ) ) ;
#8394 = CARTESIAN_POINT ( 'NONE',  ( -51.77395757786267438, 2.700000000000000178, 3.809801749918482194 ) ) ;
#8395 = ORIENTED_EDGE ( 'NONE', *, *, #11245, .T. ) ;
#8396 = LINE ( 'NONE', #12565, #9682 ) ;
#8397 = DIRECTION ( 'NONE',  ( -1.000000000000000000, 0.000000000000000000, 0.000000000000000000 ) ) ;
#8398 = EDGE_CURVE ( 'NONE', #3108, #702, #12175, .T. ) ;
#8399 = ORIENTED_EDGE ( 'NONE', *, *, #6800, .T. ) ;
#8400 = DIRECTION ( 'NONE',  ( -0.000000000000000000, 1.000000000000000000, -0.000000000000000000 ) ) ;
#8401 = ADVANCED_FACE ( 'NONE', ( #1515 ), #5687, .T. ) ;
#8402 = ORIENTED_EDGE ( 'NONE', *, *, #1009, .T. ) ;
#8403 = PLANE ( 'NONE',  #11780 ) ;
#8404 = EDGE_CURVE ( 'NONE', #10366, #12001, #9032, .T. ) ;
#8405 = VERTEX_POINT ( 'NONE', #11152 ) ;
#8406 = DIRECTION ( 'NONE',  ( -0.3809753635559187668, 0.000000000000000000, -0.9245851893489510642 ) ) ;
#8407 = VECTOR ( 'NONE', #7859, 999.9999999999998863 ) ;
#8408 = VERTEX_POINT ( 'NONE', #1787 ) ;
#8409 = LINE ( 'NONE', #7382, #8383 ) ;
#8410 = PLANE ( 'NONE',  #8120 ) ;
#8411 = ORIENTED_EDGE ( 'NONE', *, *, #8311, .T. ) ;
#8412 = DIRECTION ( 'NONE',  ( 0.3837759022392077668, 0.000000000000000000, -0.9234262595683977448 ) ) ;
#8413 = LINE ( 'NONE', #12646, #8168 ) ;
#8414 = VECTOR ( 'NONE', #2303, 1000.000000000000000 ) ;
#8415 = ORIENTED_EDGE ( 'NONE', *, *, #9788, .T. ) ;
#8416 = PLANE ( 'NONE',  #4436 ) ;
#8417 = DIRECTION ( 'NONE',  ( -0.9999491858000290057, 0.000000000000000000, 0.01008096314144695665 ) ) ;
#8418 = ORIENTED_EDGE ( 'NONE', *, *, #4797, .F. ) ;
#8419 = EDGE_CURVE ( 'NONE', #1104, #13118, #5760, .T. ) ;
#8420 = EDGE_CURVE ( 'NONE', #4053, #2375, #10947, .T. ) ;
#8421 = ORIENTED_EDGE ( 'NONE', *, *, #377, .T. ) ;
#8422 = VECTOR ( 'NONE', #3871, 1000.000000000000114 ) ;
#8423 = ORIENTED_EDGE ( 'NONE', *, *, #6800, .F. ) ;
#8424 = ADVANCED_FACE ( 'NONE', ( #1594 ), #9101, .T. ) ;
#8425 = ORIENTED_EDGE ( 'NONE', *, *, #7548, .F. ) ;
#8426 = EDGE_CURVE ( 'NONE', #2788, #8647, #2546, .T. ) ;
#8427 = PLANE ( 'NONE',  #6326 ) ;
#8428 = DIRECTION ( 'NONE',  ( -0.000000000000000000, 1.000000000000000000, -0.000000000000000000 ) ) ;
#8429 = CARTESIAN_POINT ( 'NONE',  ( -14.09184853786266167, 2.700000000000000178, 16.07434313391848235 ) ) ;
#8430 = DIRECTION ( 'NONE',  ( 0.000000000000000000, 0.000000000000000000, 1.000000000000000000 ) ) ;
#8431 = PLANE ( 'NONE',  #12232 ) ;
#8432 = CARTESIAN_POINT ( 'NONE',  ( -12.21029954011108565, 2.700000000000000178, 21.26658587758130992 ) ) ;
#8433 = CARTESIAN_POINT ( 'NONE',  ( -50.81971716986267040, 3.000000000000000000, 18.38793159791848097 ) ) ;
#8434 = ORIENTED_EDGE ( 'NONE', *, *, #2370, .F. ) ;
#8435 = ORIENTED_EDGE ( 'NONE', *, *, #13146, .T. ) ;
#8436 = EDGE_CURVE ( 'NONE', #2068, #9828, #8832, .T. ) ;
#8437 = ORIENTED_EDGE ( 'NONE', *, *, #7741, .F. ) ;
#8438 = PLANE ( 'NONE',  #4359 ) ;
#8439 = ORIENTED_EDGE ( 'NONE', *, *, #11978, .T. ) ;
#8440 = CARTESIAN_POINT ( 'NONE',  ( 33.73689807013732889, 3.000000000000000000, 12.67484777391848283 ) ) ;
#8441 = CARTESIAN_POINT ( 'NONE',  ( -40.50353358586267660, 3.000000000000000000, 16.54372497391847929 ) ) ;
#8442 = VECTOR ( 'NONE', #10328, 1000.000000000000000 ) ;
#8443 = LINE ( 'NONE', #2154, #1726 ) ;
#8444 = ORIENTED_EDGE ( 'NONE', *, *, #7328, .T. ) ;
#8445 = CARTESIAN_POINT ( 'NONE',  ( 12.96448951446525122, 2.700000000000000178, 26.83108228847186183 ) ) ;
#8446 = DIRECTION ( 'NONE',  ( -0.6694230884220485622, 0.000000000000000000, 0.7428813691885710613 ) ) ;
#8447 = CARTESIAN_POINT ( 'NONE',  ( -13.44363850586267795, 3.000000000000000000, 20.55845913391848612 ) ) ;
#8448 = ORIENTED_EDGE ( 'NONE', *, *, #12257, .T. ) ;
#8449 = VECTOR ( 'NONE', #1899, 1000.000000000000114 ) ;
#8450 = VERTEX_POINT ( 'NONE', #12996 ) ;
#8451 = ORIENTED_EDGE ( 'NONE', *, *, #10270, .F. ) ;
#8452 = LINE ( 'NONE', #7429, #10968 ) ;
#8453 = LINE ( 'NONE', #1211, #2473 ) ;
#8454 = CARTESIAN_POINT ( 'NONE',  ( 3.604148582137317369, 2.700000000000000178, -18.41709105808151392 ) ) ;
#8455 = CARTESIAN_POINT ( 'NONE',  ( 31.50000000000002842, 0.000000000000000000, -30.13000000000000966 ) ) ;
#8456 = EDGE_CURVE ( 'NONE', #2719, #10848, #8961, .T. ) ;
#8457 = EDGE_LOOP ( 'NONE', ( #8047, #11920, #9040, #5325 ) ) ;
#8458 = DIRECTION ( 'NONE',  ( -0.000000000000000000, 1.000000000000000000, -0.000000000000000000 ) ) ;
#8459 = LINE ( 'NONE', #12627, #6577 ) ;
#8460 = EDGE_CURVE ( 'NONE', #3444, #13491, #13130, .T. ) ;
#8461 = VERTEX_POINT ( 'NONE', #12110 ) ;
#8462 = CARTESIAN_POINT ( 'NONE',  ( 10.17693413659244683, 2.700000000000000178, -1.363009251788367848 ) ) ;
#8463 = LINE ( 'NONE', #11679, #5433 ) ;
#8464 = EDGE_LOOP ( 'NONE', ( #498, #4579, #4966, #3123 ) ) ;
#8465 = DIRECTION ( 'NONE',  ( 0.1087336054244275596, 0.000000000000000000, 0.9940709245579033571 ) ) ;
#8466 = ORIENTED_EDGE ( 'NONE', *, *, #6454, .F. ) ;
#8467 = LOCAL_TIME ( 12, 27, 52.00000000000000000, #8015 ) ;
#8468 = LINE ( 'NONE', #7694, #12851 ) ;
#8469 = ORIENTED_EDGE ( 'NONE', *, *, #8471, .F. ) ;
#8470 = CARTESIAN_POINT ( 'NONE',  ( 44.28545711013730823, 2.700000000000000178, 8.912267541918486913 ) ) ;
#8471 = EDGE_CURVE ( 'NONE', #12986, #5725, #11973, .T. ) ;
#8472 = EDGE_LOOP ( 'NONE', ( #11264, #11324, #2725, #2419 ) ) ;
#8473 = DIRECTION ( 'NONE',  ( -0.000000000000000000, 1.000000000000000000, -0.000000000000000000 ) ) ;
#8474 = LINE ( 'NONE', #9502, #922 ) ;
#8475 = ORIENTED_EDGE ( 'NONE', *, *, #8171, .T. ) ;
#8476 = CARTESIAN_POINT ( 'NONE',  ( 6.647376939063248891, 3.000000000000000000, 2.762649487036969553 ) ) ;
#8477 = DIRECTION ( 'NONE',  ( 0.000000000000000000, 0.000000000000000000, -1.000000000000000000 ) ) ;
#8478 = EDGE_LOOP ( 'NONE', ( #1792, #10419, #5953, #4293 ) ) ;
#8479 = CARTESIAN_POINT ( 'NONE',  ( 27.77906391013731380, 2.700000000000000178, 10.19283292591848245 ) ) ;
#8480 = DIRECTION ( 'NONE',  ( 0.1327459462044933147, 0.000000000000000000, 0.9911500964870425534 ) ) ;
#8481 = VERTEX_POINT ( 'NONE', #6914 ) ;
#8482 = ADVANCED_FACE ( 'NONE', ( #566 ), #4730, .T. ) ;
#8483 = ORIENTED_EDGE ( 'NONE', *, *, #10175, .F. ) ;
#8484 = VERTEX_POINT ( 'NONE', #9438 ) ;
#8485 = ORIENTED_EDGE ( 'NONE', *, *, #3803, .F. ) ;
#8486 = VECTOR ( 'NONE', #4108, 1000.000000000000000 ) ;
#8487 = EDGE_CURVE ( 'NONE', #7112, #13334, #6226, .T. ) ;
#8488 = DIRECTION ( 'NONE',  ( -0.3929344914093342300, 0.000000000000000000, 0.9195664660376039468 ) ) ;
#8489 = DIRECTION ( 'NONE',  ( -0.5618752646636147041, 0.000000000000000000, -0.8272219695820419716 ) ) ;
#8490 = CARTESIAN_POINT ( 'NONE',  ( -3.747957617862667234, 2.700000000000000178, 0.000000000000000000 ) ) ;
#8491 = DIRECTION ( 'NONE',  ( 0.9905475680033821728, 0.000000000000000000, 0.1371696596284508185 ) ) ;
#8492 = PLANE ( 'NONE',  #3501 ) ;
#8493 = DIRECTION ( 'NONE',  ( -0.000000000000000000, 1.000000000000000000, -0.000000000000000000 ) ) ;
#8494 = FACE_OUTER_BOUND ( 'NONE', #4869, .T. ) ;
#8495 = ORIENTED_EDGE ( 'NONE', *, *, #7017, .F. ) ;
#8496 = EDGE_CURVE ( 'NONE', #7438, #3474, #6091, .T. ) ;
#8497 = EDGE_CURVE ( 'NONE', #6103, #13110, #5070, .T. ) ;
#8498 = ORIENTED_EDGE ( 'NONE', *, *, #11978, .F. ) ;
#8499 = VECTOR ( 'NONE', #651, 1000.000000000000000 ) ;
#8500 = VECTOR ( 'NONE', #4846, 1000.000000000000000 ) ;
#8501 = VERTEX_POINT ( 'NONE', #897 ) ;
#8502 = LINE ( 'NONE', #7346, #6540 ) ;
#8503 = EDGE_LOOP ( 'NONE', ( #414, #1558, #7459, #10274 ) ) ;
#8504 = VECTOR ( 'NONE', #1949, 1000.000000000000114 ) ;
#8505 = DIRECTION ( 'NONE',  ( -0.3544665224129461278, 0.000000000000000000, -0.9350687057582839357 ) ) ;
#8506 = CARTESIAN_POINT ( 'NONE',  ( -15.30514760986266154, 2.700000000000000178, 11.68599630991847960 ) ) ;
#8507 = EDGE_CURVE ( 'NONE', #10848, #9589, #12, .T. ) ;
#8508 = DIRECTION ( 'NONE',  ( 0.3466798687133400003, 0.000000000000000000, -0.9379835119174011471 ) ) ;
#8509 = ORIENTED_EDGE ( 'NONE', *, *, #3347, .T. ) ;
#8510 = CARTESIAN_POINT ( 'NONE',  ( 28.70726322213732473, 2.700000000000000178, 9.754204389918482931 ) ) ;
#8511 = CARTESIAN_POINT ( 'NONE',  ( 0.7250752508403831564, 2.700000000000000178, -1.283474184645745142 ) ) ;
#8512 = EDGE_CURVE ( 'NONE', #8382, #11074, #9240, .T. ) ;
#8513 = CARTESIAN_POINT ( 'NONE',  ( 4.306869115042289309, 3.000000000000000000, -4.673561593129384129 ) ) ;
#8514 = ORIENTED_EDGE ( 'NONE', *, *, #3558, .T. ) ;
#8515 = ORIENTED_EDGE ( 'NONE', *, *, #1212, .F. ) ;
#8516 = ORIENTED_EDGE ( 'NONE', *, *, #11062, .F. ) ;
#8518 = VECTOR ( 'NONE', #6211, 1000.000000000000000 ) ;
#8517 = DIRECTION ( 'NONE',  ( -0.000000000000000000, 1.000000000000000000, -0.000000000000000000 ) ) ;
#8519 = CARTESIAN_POINT ( 'NONE',  ( 40.55008231013732001, 2.700000000000000178, 8.729333693918489345 ) ) ;
#8520 = VECTOR ( 'NONE', #2678, 1000.000000000000000 ) ;
#8521 = DIRECTION ( 'NONE',  ( -1.000000000000000000, 0.000000000000000000, 0.000000000000000000 ) ) ;
#8522 = DIRECTION ( 'NONE',  ( -0.1976663333700530434, 0.000000000000000000, -0.9802693612737466422 ) ) ;
#8523 = VERTEX_POINT ( 'NONE', #6291 ) ;
#8524 = LINE ( 'NONE', #2308, #7728 ) ;
#8525 = ORIENTED_EDGE ( 'NONE', *, *, #5067, .F. ) ;
#8526 = DIRECTION ( 'NONE',  ( -0.7002596150919100371, 0.000000000000000000, -0.7138882766030900662 ) ) ;
#8527 = CARTESIAN_POINT ( 'NONE',  ( 32.50083247013732546, 3.000000000000000000, 0.000000000000000000 ) ) ;
#8528 = ORIENTED_EDGE ( 'NONE', *, *, #3538, .F. ) ;
#8529 = DIRECTION ( 'NONE',  ( 0.2115579632480343308, 0.000000000000000000, 0.9773654527280690729 ) ) ;
#8530 = VECTOR ( 'NONE', #11690, 1000.000000000000000 ) ;
#8531 = AXIS2_PLACEMENT_3D ( 'NONE', #7001, #4882, #11096 ) ;
#8532 = VECTOR ( 'NONE', #338, 1000.000000000000000 ) ;
#8533 = ORIENTED_EDGE ( 'NONE', *, *, #2539, .T. ) ;
#8534 = ORIENTED_EDGE ( 'NONE', *, *, #11178, .F. ) ;
#8535 = VECTOR ( 'NONE', #3462, 1000.000000000000227 ) ;
#8536 = LINE ( 'NONE', #7380, #8271 ) ;
#8537 = ORIENTED_EDGE ( 'NONE', *, *, #8398, .T. ) ;
#8538 = PLANE ( 'NONE',  #306 ) ;
#8539 = DIRECTION ( 'NONE',  ( -0.3101841417870044304, 0.000000000000000000, -0.9506764950201828102 ) ) ;
#8540 = VERTEX_POINT ( 'NONE', #13335 ) ;
#8541 = CARTESIAN_POINT ( 'NONE',  ( 0.9644217569823999581, 2.700000000000000178, 18.00146054435913356 ) ) ;
#8542 = CARTESIAN_POINT ( 'NONE',  ( -40.23654402586267054, 3.000000000000000000, 18.86999616591847939 ) ) ;
#8543 = VECTOR ( 'NONE', #9046, 1000.000000000000000 ) ;
#8544 = ORIENTED_EDGE ( 'NONE', *, *, #1038, .F. ) ;
#8545 = LINE ( 'NONE', #5469, #8369 ) ;
#8546 = CARTESIAN_POINT ( 'NONE',  ( -0.3984432526009527020, 2.700000000000000178, 3.453297677397028753 ) ) ;
#8547 = EDGE_LOOP ( 'NONE', ( #5027, #631, #4568, #9772 ) ) ;
#8548 = EDGE_CURVE ( 'NONE', #3205, #7500, #4115, .T. ) ;
#8549 = ORIENTED_EDGE ( 'NONE', *, *, #9316, .T. ) ;
#8551 = ORIENTED_EDGE ( 'NONE', *, *, #2637, .F. ) ;
#8550 = EDGE_CURVE ( 'NONE', #5574, #11366, #12450, .T. ) ;
#8552 = ORIENTED_EDGE ( 'NONE', *, *, #110, .T. ) ;
#8553 = CARTESIAN_POINT ( 'NONE',  ( -3.747957617862667234, 3.000000000000000000, 20.48923905391848166 ) ) ;
#8554 = LINE ( 'NONE', #1374, #6391 ) ;
#8555 = ADVANCED_FACE ( 'NONE', ( #9368 ), #2066, .F. ) ;
#8556 = LINE ( 'NONE', #6303, #12245 ) ;
#8557 = DIRECTION ( 'NONE',  ( -0.3826787200924630095, 0.000000000000000000, -0.9238814843844390667 ) ) ;
#8558 = LINE ( 'NONE', #11774, #1311 ) ;
#8559 = VECTOR ( 'NONE', #72, 1000.000000000000000 ) ;
#8560 = LINE ( 'NONE', #7738, #5493 ) ;
#8561 = FACE_OUTER_BOUND ( 'NONE', #1834, .T. ) ;
#8562 = ORIENTED_EDGE ( 'NONE', *, *, #3643, .F. ) ;
#8563 = ORIENTED_EDGE ( 'NONE', *, *, #6332, .F. ) ;
#8564 = AXIS2_PLACEMENT_3D ( 'NONE', #7422, #6260, #9536 ) ;
#8565 = AXIS2_PLACEMENT_3D ( 'NONE', #172, #3183, #12748 ) ;
#8566 = VECTOR ( 'NONE', #10905, 1000.000000000000114 ) ;
#8567 = ORIENTED_EDGE ( 'NONE', *, *, #7403, .T. ) ;
#8568 = CARTESIAN_POINT ( 'NONE',  ( 29.91787264346362107, 3.000000000000000000, 27.47707133836206239 ) ) ;
#8569 = ORIENTED_EDGE ( 'NONE', *, *, #3844, .T. ) ;
#8570 = LINE ( 'NONE', #3247, #11184 ) ;
#8571 = CIRCLE ( 'NONE', #4430, 1.700000000000000178 ) ;
#8572 = LINE ( 'NONE', #3314, #8622 ) ;
#8573 = EDGE_LOOP ( 'NONE', ( #12847, #9318, #2913, #3428 ) ) ;
#8574 = VECTOR ( 'NONE', #6873, 1000.000000000000000 ) ;
#8575 = CARTESIAN_POINT ( 'NONE',  ( 5.032422623149708230, 2.700000000000000178, -2.028826108817776586 ) ) ;
#8576 = FACE_OUTER_BOUND ( 'NONE', #11832, .T. ) ;
#8577 = PLANE ( 'NONE',  #1651 ) ;
#8578 = VECTOR ( 'NONE', #10397, 1000.000000000000000 ) ;
#8579 = EDGE_CURVE ( 'NONE', #4603, #5064, #10192, .T. ) ;
#8580 = ORIENTED_EDGE ( 'NONE', *, *, #6249, .T. ) ;
#8581 = ORIENTED_EDGE ( 'NONE', *, *, #731, .F. ) ;
#8582 = EDGE_CURVE ( 'NONE', #1966, #6880, #12383, .T. ) ;
#8583 = EDGE_LOOP ( 'NONE', ( #9355, #12637, #9541, #11667 ) ) ;
#8584 = EDGE_CURVE ( 'NONE', #1241, #2869, #9307, .T. ) ;
#8585 = PLANE ( 'NONE',  #10151 ) ;
#8586 = LINE ( 'NONE', #12761, #1172 ) ;
#8587 = CARTESIAN_POINT ( 'NONE',  ( 3.552378738503247479, 2.700000000000000178, 11.96191695383999232 ) ) ;
#8588 = CARTESIAN_POINT ( 'NONE',  ( -30.53592131386267283, 2.700000000000000178, 0.000000000000000000 ) ) ;
#8589 = VERTEX_POINT ( 'NONE', #8150 ) ;
#8590 = DIRECTION ( 'NONE',  ( -0.9015231061562143378, 0.000000000000000000, 0.4327309661515466588 ) ) ;
#8591 = VECTOR ( 'NONE', #660, 1000.000000000000000 ) ;
#8592 = ORIENTED_EDGE ( 'NONE', *, *, #12509, .T. ) ;
#8593 = DIRECTION ( 'NONE',  ( -0.000000000000000000, 1.000000000000000000, -0.000000000000000000 ) ) ;
#8594 = CARTESIAN_POINT ( 'NONE',  ( 51.68205903013731728, 2.700000000000000178, 0.000000000000000000 ) ) ;
#8595 = ORIENTED_EDGE ( 'NONE', *, *, #7725, .T. ) ;
#8596 = VECTOR ( 'NONE', #11821, 1000.000000000000227 ) ;
#8597 = LINE ( 'NONE', #6346, #6883 ) ;
#8598 = AXIS2_PLACEMENT_3D ( 'NONE', #6219, #4244, #9501 ) ;
#8599 = EDGE_CURVE ( 'NONE', #9221, #9347, #12518, .T. ) ;
#8600 = EDGE_CURVE ( 'NONE', #340, #8273, #2954, .T. ) ;
#8601 = ORIENTED_EDGE ( 'NONE', *, *, #2975, .T. ) ;
#8602 = EDGE_CURVE ( 'NONE', #3735, #5870, #1033, .T. ) ;
#8603 = VERTEX_POINT ( 'NONE', #11358 ) ;
#8604 = DIRECTION ( 'NONE',  ( 0.9252396484677231081, 0.000000000000000000, -0.3793831742491016179 ) ) ;
#8605 = ORIENTED_EDGE ( 'NONE', *, *, #11598, .F. ) ;
#8606 = CARTESIAN_POINT ( 'NONE',  ( -8.037096105862671536, 2.700000000000000178, 18.21241048591847900 ) ) ;
#8607 = CARTESIAN_POINT ( 'NONE',  ( 12.93624472613732301, 2.700000000000000178, 17.57629085391847923 ) ) ;
#8608 = ORIENTED_EDGE ( 'NONE', *, *, #13495, .F. ) ;
#8609 = CARTESIAN_POINT ( 'NONE',  ( 15.30295373413733095, 2.700000000000000178, 20.68580660591848286 ) ) ;
#8610 = CARTESIAN_POINT ( 'NONE',  ( -25.82899346586267697, 2.700000000000000178, 0.000000000000000000 ) ) ;
#8611 = ORIENTED_EDGE ( 'NONE', *, *, #13431, .F. ) ;
#8612 = DIRECTION ( 'NONE',  ( -0.1576484718668804130, 0.000000000000000000, -0.9874952958460295749 ) ) ;
#8613 = DIRECTION ( 'NONE',  ( -0.000000000000000000, 1.000000000000000000, -0.000000000000000000 ) ) ;
#8614 = EDGE_LOOP ( 'NONE', ( #13406, #12207, #8619, #3268 ) ) ;
#8615 = CARTESIAN_POINT ( 'NONE',  ( 0.000000000000000000, 3.000000000000000000, 20.48923905391848166 ) ) ;
#8616 = VERTEX_POINT ( 'NONE', #967 ) ;
#8617 = ORIENTED_EDGE ( 'NONE', *, *, #3838, .T. ) ;
#8618 = DIRECTION ( 'NONE',  ( -0.8199625269142660766, 0.000000000000000000, 0.5724172031450238674 ) ) ;
#8619 = ORIENTED_EDGE ( 'NONE', *, *, #7009, .T. ) ;
#8620 = CARTESIAN_POINT ( 'NONE',  ( -31.12999999999996348, 0.000000000000000000, -30.13000000000000611 ) ) ;
#8621 = DIRECTION ( 'NONE',  ( -0.002103358651976018796, 0.000000000000000000, 0.9999977879387439428 ) ) ;
#8622 = VECTOR ( 'NONE', #8775, 1000.000000000000000 ) ;
#8623 = LINE ( 'NONE', #3233, #13357 ) ;
#8624 = LINE ( 'NONE', #12796, #5505 ) ;
#8625 = CARTESIAN_POINT ( 'NONE',  ( -3.747957617862667234, 2.700000000000000178, 18.87494002191848352 ) ) ;
#8626 = DIRECTION ( 'NONE',  ( 1.000000000000000000, 0.000000000000000000, 0.000000000000000000 ) ) ;
#8627 = CARTESIAN_POINT ( 'NONE',  ( 38.36223807013732312, 2.700000000000000178, 11.89859938991848054 ) ) ;
#8628 = ORIENTED_EDGE ( 'NONE', *, *, #4971, .T. ) ;
#8629 = ADVANCED_FACE ( 'NONE', ( #7324 ), #8278, .T. ) ;
#8630 = ORIENTED_EDGE ( 'NONE', *, *, #8799, .T. ) ;
#8631 = AXIS2_PLACEMENT_3D ( 'NONE', #1845, #8131, #6213 ) ;
#8632 = VECTOR ( 'NONE', #1672, 1000.000000000000114 ) ;
#8633 = ORIENTED_EDGE ( 'NONE', *, *, #3081, .F. ) ;
#8634 = CARTESIAN_POINT ( 'NONE',  ( 7.404867422137328958, 2.700000000000000178, 0.9400061179184863169 ) ) ;
#8635 = EDGE_CURVE ( 'NONE', #8589, #6671, #10459, .T. ) ;
#8636 = EDGE_LOOP ( 'NONE', ( #11348, #2553, #10034, #3455 ) ) ;
#8637 = DIRECTION ( 'NONE',  ( -0.1327460070386448088, 0.000000000000000000, 0.9911500883394481765 ) ) ;
#8638 = DIRECTION ( 'NONE',  ( 1.000000000000000000, 0.000000000000000000, 0.000000000000000000 ) ) ;
#8639 = EDGE_LOOP ( 'NONE', ( #11893, #1035 ) ) ;
#8640 = DIRECTION ( 'NONE',  ( 0.000000000000000000, 0.000000000000000000, -1.000000000000000000 ) ) ;
#8641 = CARTESIAN_POINT ( 'NONE',  ( 3.283954239041946721, 2.700000000000000178, 9.507130136786550167 ) ) ;
#8642 = LINE ( 'NONE', #2428, #5145 ) ;
#8643 = ADVANCED_FACE ( 'NONE', ( #5273 ), #5138, .T. ) ;
#8644 = EDGE_CURVE ( 'NONE', #13348, #4165, #1432, .T. ) ;
#8645 = VERTEX_POINT ( 'NONE', #10656 ) ;
#8646 = VECTOR ( 'NONE', #4874, 1000.000000000000000 ) ;
#8647 = VERTEX_POINT ( 'NONE', #5403 ) ;
#8648 = EDGE_CURVE ( 'NONE', #10818, #4503, #11825, .T. ) ;
#8649 = CARTESIAN_POINT ( 'NONE',  ( -51.45010960986267179, 2.700000000000000178, 16.86510202991848573 ) ) ;
#8650 = DIRECTION ( 'NONE',  ( -0.000000000000000000, 1.000000000000000000, -0.000000000000000000 ) ) ;
#8651 = CARTESIAN_POINT ( 'NONE',  ( -13.62207905204126845, 2.700000000000000178, -1.473153336264969804 ) ) ;
#8652 = CARTESIAN_POINT ( 'NONE',  ( 8.919218470137320054, 2.700000000000000178, -19.50482065808152043 ) ) ;
#8653 = ORIENTED_EDGE ( 'NONE', *, *, #12131, .T. ) ;
#8654 = CARTESIAN_POINT ( 'NONE',  ( 6.157755552225787632, 3.000000000000000000, 12.82866110036859730 ) ) ;
#8655 = VERTEX_POINT ( 'NONE', #8674 ) ;
#8656 = LINE ( 'NONE', #11805, #7912 ) ;
#8657 = LINE ( 'NONE', #9889, #8087 ) ;
#8658 = VERTEX_POINT ( 'NONE', #5602 ) ;
#8659 = EDGE_CURVE ( 'NONE', #6355, #13320, #6626, .T. ) ;
#8660 = EDGE_CURVE ( 'NONE', #262, #8115, #145, .T. ) ;
#8661 = CARTESIAN_POINT ( 'NONE',  ( 31.02003279013732495, 2.700000000000000178, 9.789876149918477211 ) ) ;
#8662 = EDGE_CURVE ( 'NONE', #12915, #11956, #8545, .T. ) ;
#8663 = ORIENTED_EDGE ( 'NONE', *, *, #6049, .T. ) ;
#8664 = EDGE_CURVE ( 'NONE', #8817, #3626, #11758, .T. ) ;
#8665 = LINE ( 'NONE', #10986, #1720 ) ;
#8666 = ORIENTED_EDGE ( 'NONE', *, *, #5540, .T. ) ;
#8667 = DIRECTION ( 'NONE',  ( -0.7681255708988561359, 0.000000000000000000, 0.6402992326493185393 ) ) ;
#8668 = CARTESIAN_POINT ( 'NONE',  ( 4.667897926858156410, 3.000000000000000000, -23.46792989826323605 ) ) ;
#8669 = VERTEX_POINT ( 'NONE', #9509 ) ;
#8670 = DIRECTION ( 'NONE',  ( 0.04113955615027988649, 0.000000000000000000, -0.9991534101026517956 ) ) ;
#8671 = FACE_OUTER_BOUND ( 'NONE', #10629, .T. ) ;
#8672 = ADVANCED_FACE ( 'NONE', ( #7585 ), #7527, .T. ) ;
#8673 = ORIENTED_EDGE ( 'NONE', *, *, #10266, .T. ) ;
#8674 = CARTESIAN_POINT ( 'NONE',  ( -7.278154265862681882, 2.700000000000000178, 14.41275234991848464 ) ) ;
#8675 = CARTESIAN_POINT ( 'NONE',  ( -40.16732496186267554, 2.700000000000000178, 3.809801749918482194 ) ) ;
#8676 = ORIENTED_EDGE ( 'NONE', *, *, #7135, .T. ) ;
#8677 = ADVANCED_FACE ( 'NONE', ( #274 ), #12785, .T. ) ;
#8678 = LINE ( 'NONE', #9389, #12244 ) ;
#8679 = VECTOR ( 'NONE', #9105, 1000.000000000000000 ) ;
#8680 = EDGE_CURVE ( 'NONE', #10703, #2760, #2390, .T. ) ;
#8681 = VERTEX_POINT ( 'NONE', #3285 ) ;
#8682 = ORIENTED_EDGE ( 'NONE', *, *, #909, .T. ) ;
#8683 = LINE ( 'NONE', #12848, #10452 ) ;
#8684 = VERTEX_POINT ( 'NONE', #6493 ) ;
#8685 = DIRECTION ( 'NONE',  ( 1.000000000000000000, 0.000000000000000000, 0.000000000000000000 ) ) ;
#8686 = CARTESIAN_POINT ( 'NONE',  ( 1.710797890327463877, 2.700000000000000178, 11.46785889120724811 ) ) ;
#8687 = DIRECTION ( 'NONE',  ( 0.5937761020766295639, 0.000000000000000000, -0.8046303130026136730 ) ) ;
#8688 = CARTESIAN_POINT ( 'NONE',  ( 2.202390654137325487, 2.700000000000000178, -18.40485333808151935 ) ) ;
#8689 = DIRECTION ( 'NONE',  ( -1.000000000000000000, 0.000000000000000000, 0.000000000000000000 ) ) ;
#8690 = CARTESIAN_POINT ( 'NONE',  ( -2.165101877654600049, 2.700000000000000178, -4.141236046315582620 ) ) ;
#8691 = FACE_OUTER_BOUND ( 'NONE', #11766, .T. ) ;
#8692 = DIRECTION ( 'NONE',  ( 0.9963693548102062758, 0.000000000000000000, 0.08513582556769710985 ) ) ;
#8693 = ORIENTED_EDGE ( 'NONE', *, *, #10626, .T. ) ;
#8694 = VERTEX_POINT ( 'NONE', #3221 ) ;
#8695 = AXIS2_PLACEMENT_3D ( 'NONE', #2118, #1091, #2186 ) ;
#8696 =( NAMED_UNIT ( * ) PLANE_ANGLE_UNIT ( ) SI_UNIT ( $, .RADIAN. ) );
#8697 = ORIENTED_EDGE ( 'NONE', *, *, #9328, .T. ) ;
#8698 = CARTESIAN_POINT ( 'NONE',  ( 21.60524135813732372, 3.000000000000000000, 13.26551867791848416 ) ) ;
#8699 = ADVANCED_FACE ( 'NONE', ( #4313 ), #8416, .T. ) ;
#8700 = VERTEX_POINT ( 'NONE', #12583 ) ;
#8701 = DIRECTION ( 'NONE',  ( -0.9891424192844390229, 0.000000000000000000, -0.1469601115001182845 ) ) ;
#8702 = LINE ( 'NONE', #2291, #8089 ) ;
#8703 = CARTESIAN_POINT ( 'NONE',  ( -11.62411966586267198, 3.000000000000000000, 1.987003261918484531 ) ) ;
#8704 = VECTOR ( 'NONE', #6080, 1000.000000000000000 ) ;
#8705 = LINE ( 'NONE', #5835, #10632 ) ;
#8706 = AXIS2_PLACEMENT_3D ( 'NONE', #11826, #1571, #8816 ) ;
#8707 = DIRECTION ( 'NONE',  ( -0.9926243291993990248, 0.000000000000000000, 0.1212309411059864228 ) ) ;
#8708 = LINE ( 'NONE', #12876, #9619 ) ;
#8709 = CARTESIAN_POINT ( 'NONE',  ( -21.67087528986267841, 2.700000000000000178, 20.48923905391848166 ) ) ;
#8710 = AXIS2_PLACEMENT_3D ( 'NONE', #655, #9126, #2774 ) ;
#8711 = EDGE_CURVE ( 'NONE', #11827, #1087, #7460, .T. ) ;
#8712 = ORIENTED_EDGE ( 'NONE', *, *, #8385, .T. ) ;
#8713 = VECTOR ( 'NONE', #363, 1000.000000000000000 ) ;
#8714 = EDGE_CURVE ( 'NONE', #652, #6766, #9764, .T. ) ;
#8715 = VECTOR ( 'NONE', #9927, 1000.000000000000000 ) ;
#8716 = DIRECTION ( 'NONE',  ( -0.000000000000000000, 1.000000000000000000, -0.000000000000000000 ) ) ;
#8717 = EDGE_LOOP ( 'NONE', ( #3354, #4561, #5698, #6111 ) ) ;
#8718 = CARTESIAN_POINT ( 'NONE',  ( 6.157755552225787632, 2.700000000000000178, 12.82866110036859730 ) ) ;
#8719 = LINE ( 'NONE', #3598, #10758 ) ;
#8720 = ADVANCED_FACE ( 'NONE', ( #11555 ), #4445, .T. ) ;
#8721 = DIRECTION ( 'NONE',  ( -0.1587285709353787877, 0.000000000000000000, -0.9873222578108995506 ) ) ;
#8722 = PLANE ( 'NONE',  #10096 ) ;
#8723 = VERTEX_POINT ( 'NONE', #5339 ) ;
#8724 = CARTESIAN_POINT ( 'NONE',  ( -31.68779126006176483, 3.000000000000000000, 9.520572290536454929 ) ) ;
#8725 = ORIENTED_EDGE ( 'NONE', *, *, #9464, .F. ) ;
#8726 = FACE_OUTER_BOUND ( 'NONE', #11674, .T. ) ;
#8727 = LINE ( 'NONE', #1417, #11575 ) ;
#8728 = VECTOR ( 'NONE', #12120, 1000.000000000000114 ) ;
#8729 = EDGE_LOOP ( 'NONE', ( #12953, #565, #4303, #8967 ) ) ;
#8730 = DIRECTION ( 'NONE',  ( -1.000000000000000000, 0.000000000000000000, 0.000000000000000000 ) ) ;
#8731 = EDGE_LOOP ( 'NONE', ( #695, #1207, #10443, #9143 ) ) ;
#8732 = VECTOR ( 'NONE', #9336, 999.9999999999998863 ) ;
#8733 = AXIS2_PLACEMENT_3D ( 'NONE', #304, #8638, #1607 ) ;
#8734 = ADVANCED_FACE ( 'NONE', ( #9699 ), #341, .F. ) ;
#8735 = CARTESIAN_POINT ( 'NONE',  ( -0.4873418330974813029, 2.700000000000000178, -1.176564236589713097 ) ) ;
#8736 = ORIENTED_EDGE ( 'NONE', *, *, #5006, .T. ) ;
#8737 = LINE ( 'NONE', #10918, #3147 ) ;
#8738 = CARTESIAN_POINT ( 'NONE',  ( -13.92817195386268203, 3.000000000000000000, 14.32128491791848290 ) ) ;
#8739 = ORIENTED_EDGE ( 'NONE', *, *, #4391, .T. ) ;
#8740 = DIRECTION ( 'NONE',  ( -0.3544665224129461278, 0.000000000000000000, -0.9350687057582839357 ) ) ;
#8741 = CARTESIAN_POINT ( 'NONE',  ( -57.99999999999997158, 3.000000000000000000, -53.00000000000000711 ) ) ;
#8742 = ORIENTED_EDGE ( 'NONE', *, *, #10911, .F. ) ;
#8743 = DIRECTION ( 'NONE',  ( -0.002103358651976018796, 0.000000000000000000, 0.9999977879387439428 ) ) ;
#8744 = CARTESIAN_POINT ( 'NONE',  ( -46.65029700986266903, 2.700000000000000178, 20.72791066191848230 ) ) ;
#8745 = ORIENTED_EDGE ( 'NONE', *, *, #10663, .F. ) ;
#8746 = VECTOR ( 'NONE', #583, 1000.000000000000000 ) ;
#8747 = VECTOR ( 'NONE', #4129, 999.9999999999998863 ) ;
#8748 = AXIS2_PLACEMENT_3D ( 'NONE', #7782, #607, #11820 ) ;
#8749 = DIRECTION ( 'NONE',  ( -0.9984316082420013894, 0.000000000000000000, -0.05598503070723974406 ) ) ;
#8750 = EDGE_LOOP ( 'NONE', ( #11804, #865, #4312, #5210 ) ) ;
#8751 = ORIENTED_EDGE ( 'NONE', *, *, #2440, .F. ) ;
#8752 = EDGE_CURVE ( 'NONE', #12074, #4844, #5803, .T. ) ;
#8753 = DIRECTION ( 'NONE',  ( 0.08540894410708982365, 0.000000000000000000, -0.9963459802029173140 ) ) ;
#8754 = ORIENTED_EDGE ( 'NONE', *, *, #1646, .T. ) ;
#8755 = EDGE_CURVE ( 'NONE', #597, #10981, #11057, .T. ) ;
#8756 = CARTESIAN_POINT ( 'NONE',  ( 31.82841319013732928, 3.000000000000000000, 2.128756597918481930 ) ) ;
#8758 = VECTOR ( 'NONE', #12873, 1000.000000000000114 ) ;
#8757 = CARTESIAN_POINT ( 'NONE',  ( -4.235233888181803685, 2.700000000000000178, -20.97763091858333340 ) ) ;
#8759 = LINE ( 'NONE', #7666, #12914 ) ;
#8760 = DIRECTION ( 'NONE',  ( -0.5893963186387825015, 0.000000000000000000, -0.8078440317134556459 ) ) ;
#8761 = EDGE_CURVE ( 'NONE', #5272, #5574, #12977, .T. ) ;
#8762 = DIRECTION ( 'NONE',  ( 0.9177268442936070691, 0.000000000000000000, -0.3972120834804721001 ) ) ;
#8763 = DIRECTION ( 'NONE',  ( 0.000000000000000000, 1.000000000000000000, -0.000000000000000000 ) ) ;
#8764 = FACE_BOUND ( 'NONE', #8960, .T. ) ;
#8765 = DIRECTION ( 'NONE',  ( 0.000000000000000000, 0.000000000000000000, -1.000000000000000000 ) ) ;
#8766 = CARTESIAN_POINT ( 'NONE',  ( 29.72216391013732562, 2.700000000000000178, 9.599522453918481801 ) ) ;
#8767 = VERTEX_POINT ( 'NONE', #5669 ) ;
#8768 = ORIENTED_EDGE ( 'NONE', *, *, #2661, .F. ) ;
#8769 = EDGE_CURVE ( 'NONE', #10991, #11, #10859, .T. ) ;
#8770 = VECTOR ( 'NONE', #23, 1000.000000000000000 ) ;
#8771 = ORIENTED_EDGE ( 'NONE', *, *, #3589, .F. ) ;
#8772 = CARTESIAN_POINT ( 'NONE',  ( -28.60766100986268512, 3.000000000000000000, 19.77232202191848032 ) ) ;
#8773 = ORIENTED_EDGE ( 'NONE', *, *, #8752, .T. ) ;
#8774 = DIRECTION ( 'NONE',  ( 0.000000000000000000, 0.000000000000000000, 1.000000000000000000 ) ) ;
#8775 = DIRECTION ( 'NONE',  ( -0.000000000000000000, 1.000000000000000000, -0.000000000000000000 ) ) ;
#8776 = CARTESIAN_POINT ( 'NONE',  ( 14.71388303013732646, 2.700000000000000178, 9.911009765918480596 ) ) ;
#8777 = CARTESIAN_POINT ( 'NONE',  ( -49.69984336186266916, 2.700000000000000178, 19.63635480591848292 ) ) ;
#8778 = FACE_OUTER_BOUND ( 'NONE', #7559, .T. ) ;
#8779 = CARTESIAN_POINT ( 'NONE',  ( 0.000000000000000000, 2.700000000000000178, 3.809801749918482194 ) ) ;
#8780 = CARTESIAN_POINT ( 'NONE',  ( -18.22967516186267289, 2.700000000000000178, 9.599520421918480650 ) ) ;
#8781 = AXIS2_PLACEMENT_3D ( 'NONE', #3445, #4472, #8637 ) ;
#8782 = VECTOR ( 'NONE', #2189, 1000.000000000000114 ) ;
#8783 = ORIENTED_EDGE ( 'NONE', *, *, #10230, .T. ) ;
#8784 = VECTOR ( 'NONE', #3948, 1000.000000000000114 ) ;
#8785 = CARTESIAN_POINT ( 'NONE',  ( -8.037096105862671536, 3.000000000000000000, 18.21241048591847900 ) ) ;
#8786 = ORIENTED_EDGE ( 'NONE', *, *, #13341, .F. ) ;
#8787 = LINE ( 'NONE', #2572, #11020 ) ;
#8788 = FACE_OUTER_BOUND ( 'NONE', #10533, .T. ) ;
#8789 = VECTOR ( 'NONE', #7836, 1000.000000000000000 ) ;
#8790 = CARTESIAN_POINT ( 'NONE',  ( -7.278154265862681882, 3.000000000000000000, 14.41275234991848464 ) ) ;
#8791 = PLANE ( 'NONE',  #2908 ) ;
#8792 = VERTEX_POINT ( 'NONE', #9834 ) ;
#8793 = LINE ( 'NONE', #10772, #8535 ) ;
#8794 = ADVANCED_FACE ( 'NONE', ( #7721 ), #9970, .T. ) ;
#8795 = LINE ( 'NONE', #527, #2054 ) ;
#8796 = CARTESIAN_POINT ( 'NONE',  ( -42.20930106586268238, 2.700000000000000178, 20.29888535791848625 ) ) ;
#8797 = ORIENTED_EDGE ( 'NONE', *, *, #8419, .T. ) ;
#8798 = VECTOR ( 'NONE', #6558, 1000.000000000000000 ) ;
#8799 = EDGE_CURVE ( 'NONE', #10934, #12881, #13181, .T. ) ;
#8800 = CARTESIAN_POINT ( 'NONE',  ( 25.31763220613731491, 3.000000000000000000, 1.728197581918481163 ) ) ;
#8801 = ORIENTED_EDGE ( 'NONE', *, *, #4901, .F. ) ;
#8802 = VECTOR ( 'NONE', #8650, 1000.000000000000000 ) ;
#8803 = EDGE_CURVE ( 'NONE', #12345, #8222, #11891, .T. ) ;
#8804 = ADVANCED_FACE ( 'NONE', ( #3620 ), #10108, .T. ) ;
#8805 = VECTOR ( 'NONE', #3888, 1000.000000000000000 ) ;
#8806 = CARTESIAN_POINT ( 'NONE',  ( -49.69984336186266916, 2.700000000000000178, 19.63635480591848292 ) ) ;
#8807 = ADVANCED_FACE ( 'NONE', ( #3751 ), #4712, .T. ) ;
#8808 = VERTEX_POINT ( 'NONE', #2792 ) ;
#8809 = FACE_OUTER_BOUND ( 'NONE', #7129, .T. ) ;
#8810 = CARTESIAN_POINT ( 'NONE',  ( 51.04641285413730856, 2.700000000000000178, 8.649138781918482621 ) ) ;
#8811 = VERTEX_POINT ( 'NONE', #6896 ) ;
#8812 = DIRECTION ( 'NONE',  ( -0.9243375710361628750, 0.000000000000000000, -0.3815757523362388048 ) ) ;
#8813 = CARTESIAN_POINT ( 'NONE',  ( 2.709916333629006857, 2.700000000000000178, 17.38577194776224744 ) ) ;
#8814 = ORIENTED_EDGE ( 'NONE', *, *, #3388, .T. ) ;
#8815 = DIRECTION ( 'NONE',  ( -0.000000000000000000, 1.000000000000000000, -0.000000000000000000 ) ) ;
#8816 = DIRECTION ( 'NONE',  ( 0.9252396484677231081, 0.000000000000000000, -0.3793831742491015624 ) ) ;
#8817 = VERTEX_POINT ( 'NONE', #5864 ) ;
#8818 = PLANE ( 'NONE',  #10799 ) ;
#8819 = EDGE_LOOP ( 'NONE', ( #11228, #8084, #10917, #13456 ) ) ;
#8820 = ADVANCED_FACE ( 'NONE', ( #10035 ), #5935, .T. ) ;
#8821 = ORIENTED_EDGE ( 'NONE', *, *, #4130, .T. ) ;
#8822 = CARTESIAN_POINT ( 'NONE',  ( 1.229014548239711235, 2.700000000000000178, 12.96583199710269341 ) ) ;
#8823 = ORIENTED_EDGE ( 'NONE', *, *, #5411, .T. ) ;
#8824 = DIRECTION ( 'NONE',  ( 0.000000000000000000, 0.000000000000000000, 1.000000000000000000 ) ) ;
#8825 = LINE ( 'NONE', #7798, #11855 ) ;
#8826 = CARTESIAN_POINT ( 'NONE',  ( 0.9098650735213328344, 2.700000000000000178, 10.83020490867263774 ) ) ;
#8827 = FACE_OUTER_BOUND ( 'NONE', #5276, .T. ) ;
#8828 = FACE_OUTER_BOUND ( 'NONE', #5355, .T. ) ;
#8829 = FACE_OUTER_BOUND ( 'NONE', #4309, .T. ) ;
#8830 = EDGE_CURVE ( 'NONE', #10655, #3363, #11957, .T. ) ;
#8831 = CARTESIAN_POINT ( 'NONE',  ( -2.866803210180981054, 3.000000000000000000, 11.36903679296438519 ) ) ;
#8832 = LINE ( 'NONE', #13059, #11865 ) ;
#8833 = DIRECTION ( 'NONE',  ( 0.9598352561504096547, 0.000000000000000000, 0.2805642191204668623 ) ) ;
#8834 = ORIENTED_EDGE ( 'NONE', *, *, #9548, .T. ) ;
#8835 = EDGE_CURVE ( 'NONE', #2203, #8363, #7856, .T. ) ;
#8836 = VERTEX_POINT ( 'NONE', #6957 ) ;
#8837 = EDGE_CURVE ( 'NONE', #12421, #5789, #10996, .T. ) ;
#8838 = ADVANCED_FACE ( 'NONE', ( #1767 ), #13042, .T. ) ;
#8839 = AXIS2_PLACEMENT_3D ( 'NONE', #4142, #102, #8306 ) ;
#8840 = CARTESIAN_POINT ( 'NONE',  ( 7.956033198137327567, 3.000000000000000000, -19.10586184208151650 ) ) ;
#8841 = ORIENTED_EDGE ( 'NONE', *, *, #703, .F. ) ;
#8842 = LINE ( 'NONE', #9936, #428 ) ;
#8843 = ORIENTED_EDGE ( 'NONE', *, *, #8380, .T. ) ;
#8844 = DIRECTION ( 'NONE',  ( -0.000000000000000000, 1.000000000000000000, -0.000000000000000000 ) ) ;
#8845 = DIRECTION ( 'NONE',  ( 0.000000000000000000, 0.000000000000000000, 1.000000000000000000 ) ) ;
#8847 = VECTOR ( 'NONE', #3140, 1000.000000000000114 ) ;
#8846 = FACE_OUTER_BOUND ( 'NONE', #11301, .T. ) ;
#8848 = CARTESIAN_POINT ( 'NONE',  ( 10.15622508140338809, 3.000000000000000000, -11.16358892411691528 ) ) ;
#8849 = EDGE_CURVE ( 'NONE', #12220, #1356, #3552, .T. ) ;
#8850 = VECTOR ( 'NONE', #3450, 1000.000000000000000 ) ;
#8851 = CARTESIAN_POINT ( 'NONE',  ( 23.21072828274713018, 2.700000000000000178, 24.68448162546242486 ) ) ;
#8852 = LINE ( 'NONE', #6593, #10929 ) ;
#8853 = ADVANCED_FACE ( 'NONE', ( #2663 ), #6832, .T. ) ;
#8854 = DIRECTION ( 'NONE',  ( -0.4885171382866720924, 0.000000000000000000, -0.8725542995139045077 ) ) ;
#8855 = VECTOR ( 'NONE', #3672, 1000.000000000000000 ) ;
#8856 = ORIENTED_EDGE ( 'NONE', *, *, #1071, .F. ) ;
#8857 = CARTESIAN_POINT ( 'NONE',  ( 0.000000000000000000, 2.700000000000000178, 20.48923905391848166 ) ) ;
#8858 = EDGE_LOOP ( 'NONE', ( #3843, #12041, #5293, #6282 ) ) ;
#8859 = DIRECTION ( 'NONE',  ( 1.000000000000000000, 0.000000000000000000, 0.000000000000000000 ) ) ;
#8860 = CARTESIAN_POINT ( 'NONE',  ( -0.5368641829672515797, 2.700000000000000178, 8.982548322600731439 ) ) ;
#8861 = CARTESIAN_POINT ( 'NONE',  ( -51.45010960986267179, 2.700000000000000178, 16.86510202991848573 ) ) ;
#8862 = CARTESIAN_POINT ( 'NONE',  ( -27.77950010586266671, 2.700000000000000178, 17.22603196591848373 ) ) ;
#8863 = ORIENTED_EDGE ( 'NONE', *, *, #10879, .F. ) ;
#8864 = EDGE_CURVE ( 'NONE', #8030, #6394, #3006, .T. ) ;
#8865 = VECTOR ( 'NONE', #4691, 999.9999999999998863 ) ;
#8866 = DIRECTION ( 'NONE',  ( 0.000000000000000000, 1.000000000000000000, 0.000000000000000000 ) ) ;
#8867 = CARTESIAN_POINT ( 'NONE',  ( -5.181526540121475399, 2.700000000000000178, -5.427650621294963784 ) ) ;
#8868 = ORIENTED_EDGE ( 'NONE', *, *, #13003, .F. ) ;
#8869 = DIRECTION ( 'NONE',  ( 0.3837788242531878224, 0.000000000000000000, 0.9234250451741281562 ) ) ;
#8870 = ORIENTED_EDGE ( 'NONE', *, *, #3230, .T. ) ;
#8871 = CARTESIAN_POINT ( 'NONE',  ( 17.29126973899049347, 2.700000000000000178, 18.49212090148672516 ) ) ;
#8872 = EDGE_CURVE ( 'NONE', #750, #4469, #8199, .T. ) ;
#8873 = ORIENTED_EDGE ( 'NONE', *, *, #1009, .F. ) ;
#8874 = CARTESIAN_POINT ( 'NONE',  ( -0.8896613802902818557, 2.700000000000000178, 2.968662408417074960 ) ) ;
#8875 = CARTESIAN_POINT ( 'NONE',  ( 31.50000000000002842, 0.000000000000000000, -30.13000000000000966 ) ) ;
#8876 = ORIENTED_EDGE ( 'NONE', *, *, #7659, .T. ) ;
#8877 = LINE ( 'NONE', #13108, #10051 ) ;
#8878 = FACE_OUTER_BOUND ( 'NONE', #2752, .T. ) ;
#8879 = VERTEX_POINT ( 'NONE', #1907 ) ;
#8880 = DIRECTION ( 'NONE',  ( -0.6981011568676802614, 0.000000000000000000, 0.7159991443989346394 ) ) ;
#8881 = DIRECTION ( 'NONE',  ( -0.000000000000000000, 1.000000000000000000, -0.000000000000000000 ) ) ;
#8882 = ORIENTED_EDGE ( 'NONE', *, *, #9703, .T. ) ;
#8883 = LINE ( 'NONE', #13045, #12125 ) ;
#8884 = ORIENTED_EDGE ( 'NONE', *, *, #1453, .T. ) ;
#8885 = VERTEX_POINT ( 'NONE', #12301 ) ;
#8886 = EDGE_CURVE ( 'NONE', #2122, #12505, #8055, .T. ) ;
#8887 = LINE ( 'NONE', #8822, #4347 ) ;
#8888 = ORIENTED_EDGE ( 'NONE', *, *, #6989, .F. ) ;
#8889 = DIRECTION ( 'NONE',  ( -0.000000000000000000, 1.000000000000000000, -0.000000000000000000 ) ) ;
#8890 = LINE ( 'NONE', #621, #8116 ) ;
#8891 = LINE ( 'NONE', #13054, #3759 ) ;
#8892 = CARTESIAN_POINT ( 'NONE',  ( -41.49238504986267628, 2.700000000000000178, 18.41018098191848296 ) ) ;
#8893 = CARTESIAN_POINT ( 'NONE',  ( -21.67087528986268197, 2.700000000000000178, 12.03456457391848389 ) ) ;
#8894 = DIRECTION ( 'NONE',  ( 0.000000000000000000, 0.000000000000000000, 1.000000000000000000 ) ) ;
#8895 = EDGE_CURVE ( 'NONE', #1721, #6033, #950, .T. ) ;
#8896 = ORIENTED_EDGE ( 'NONE', *, *, #6649, .T. ) ;
#8897 = CARTESIAN_POINT ( 'NONE',  ( 0.000000000000000000, 2.700000000000000178, 20.48923905391848166 ) ) ;
#8898 = LINE ( 'NONE', #7875, #10680 ) ;
#8899 = ORIENTED_EDGE ( 'NONE', *, *, #5261, .T. ) ;
#8900 = PRODUCT_DEFINITION_FORMATION_WITH_SPECIFIED_SOURCE ( 'ANY', '', #1348, .NOT_KNOWN. ) ;
#8901 = CARTESIAN_POINT ( 'NONE',  ( 0.000000000000000000, 2.700000000000000178, 5.031032733918481270 ) ) ;
#8902 = VECTOR ( 'NONE', #4796, 1000.000000000000114 ) ;
#8903 = EDGE_CURVE ( 'NONE', #5719, #12757, #3071, .T. ) ;
#8904 = ORIENTED_EDGE ( 'NONE', *, *, #921, .F. ) ;
#8905 = DIRECTION ( 'NONE',  ( 0.3837788242531878224, 0.000000000000000000, 0.9234250451741281562 ) ) ;
#8906 = ORIENTED_EDGE ( 'NONE', *, *, #752, .T. ) ;
#8907 = PLANE ( 'NONE',  #3236 ) ;
#8908 = DIRECTION ( 'NONE',  ( 0.1371696596284507907, 0.000000000000000000, -0.9905475680033821728 ) ) ;
#8909 = EDGE_CURVE ( 'NONE', #1321, #13086, #9147, .T. ) ;
#8910 = EDGE_CURVE ( 'NONE', #9979, #1499, #5186, .T. ) ;
#8911 = DIRECTION ( 'NONE',  ( 0.9252461951942898555, 0.000000000000000000, 0.3793672077005210141 ) ) ;
#8912 = CARTESIAN_POINT ( 'NONE',  ( -42.24087123386266995, 3.000000000000000000, 18.98797713391848418 ) ) ;
#8913 = CARTESIAN_POINT ( 'NONE',  ( -1.749486256784396732, 2.700000000000000178, -1.925128287322503073 ) ) ;
#8914 = DIRECTION ( 'NONE',  ( -0.9041311938695204553, 0.000000000000000000, 0.4272549406058115395 ) ) ;
#8915 = EDGE_LOOP ( 'NONE', ( #7244, #13242, #7512, #12112 ) ) ;
#8916 = ADVANCED_FACE ( 'NONE', ( #2047 ), #6006, .T. ) ;
#8917 = DIRECTION ( 'NONE',  ( -0.000000000000000000, 1.000000000000000000, -0.000000000000000000 ) ) ;
#8918 = ORIENTED_EDGE ( 'NONE', *, *, #11881, .F. ) ;
#8919 = VECTOR ( 'NONE', #6702, 999.9999999999998863 ) ;
#8920 = DIRECTION ( 'NONE',  ( -1.000000000000000000, 0.000000000000000000, -0.000000000000000000 ) ) ;
#8921 = VECTOR ( 'NONE', #4038, 1000.000000000000114 ) ;
#8922 = DIRECTION ( 'NONE',  ( -0.3965497603255000447, 0.000000000000000000, 0.9180132284372531926 ) ) ;
#8923 = LINE ( 'NONE', #4959, #11775 ) ;
#8924 = LINE ( 'NONE', #1475, #12283 ) ;
#8926 = ORIENTED_EDGE ( 'NONE', *, *, #1742, .F. ) ;
#8925 = EDGE_CURVE ( 'NONE', #1305, #2184, #9351, .T. ) ;
#8927 = CARTESIAN_POINT ( 'NONE',  ( 44.33242679013732612, 2.700000000000000178, 12.78114880591848390 ) ) ;
#8928 = LINE ( 'NONE', #3670, #9606 ) ;
#8929 = VERTEX_POINT ( 'NONE', #2938 ) ;
#8930 = CARTESIAN_POINT ( 'NONE',  ( -11.00278347434746706, 3.000000000000000000, -3.183552041529388532 ) ) ;
#8931 = VECTOR ( 'NONE', #553, 1000.000000000000000 ) ;
#8932 = VECTOR ( 'NONE', #6915, 1000.000000000000000 ) ;
#8933 = EDGE_LOOP ( 'NONE', ( #408, #8918, #12966, #12445 ) ) ;
#8934 = CARTESIAN_POINT ( 'NONE',  ( 0.000000000000000000, 3.000000000000000000, 2.128756597918481930 ) ) ;
#8935 = VERTEX_POINT ( 'NONE', #11340 ) ;
#8936 = DIRECTION ( 'NONE',  ( 0.3622134907540540683, 0.000000000000000000, 0.9320951599036242374 ) ) ;
#8937 = AXIS2_PLACEMENT_3D ( 'NONE', #8088, #8159, #2824 ) ;
#8938 = LINE ( 'NONE', #7715, #3541 ) ;
#8939 = ORIENTED_EDGE ( 'NONE', *, *, #6388, .T. ) ;
#8940 = CARTESIAN_POINT ( 'NONE',  ( 19.31451391013732533, 2.700000000000000178, 18.31871151791847296 ) ) ;
#8941 = PLANE ( 'NONE',  #13398 ) ;
#8942 = ORIENTED_EDGE ( 'NONE', *, *, #1818, .F. ) ;
#8943 = DIRECTION ( 'NONE',  ( 1.000000000000000000, 0.000000000000000000, 1.853337046983768581E-16 ) ) ;
#8944 = LINE ( 'NONE', #12093, #12199 ) ;
#8945 = VERTEX_POINT ( 'NONE', #1974 ) ;
#8946 = DIRECTION ( 'NONE',  ( 0.6764246841344166983, 0.000000000000000000, -0.7365118102879646411 ) ) ;
#8947 = VECTOR ( 'NONE', #510, 1000.000000000000114 ) ;
#8948 = ORIENTED_EDGE ( 'NONE', *, *, #11062, .T. ) ;
#8949 = ORIENTED_EDGE ( 'NONE', *, *, #1140, .F. ) ;
#8950 = CARTESIAN_POINT ( 'NONE',  ( 0.000000000000000000, 2.700000000000000178, 9.901122053918482990 ) ) ;
#8951 = ORIENTED_EDGE ( 'NONE', *, *, #530, .T. ) ;
#8952 = CARTESIAN_POINT ( 'NONE',  ( -52.50000000000000711, 0.000000000000000000, -48.66999999999998749 ) ) ;
#8953 = LINE ( 'NONE', #12103, #9861 ) ;
#8954 = CARTESIAN_POINT ( 'NONE',  ( 6.512685266122531402, 2.700000000000000178, 4.285931310527210769 ) ) ;
#8955 = CARTESIAN_POINT ( 'NONE',  ( 12.56313295013731590, 3.000000000000000000, 19.16417896591848802 ) ) ;
#8956 = LINE ( 'NONE', #9984, #10367 ) ;
#8957 = VECTOR ( 'NONE', #3533, 1000.000000000000114 ) ;
#8958 = VECTOR ( 'NONE', #7031, 1000.000000000000000 ) ;
#8959 = CARTESIAN_POINT ( 'NONE',  ( 0.000000000000000000, 2.700000000000000178, 2.128756597918481930 ) ) ;
#8960 = EDGE_LOOP ( 'NONE', ( #3703, #4902, #6983, #2378, #13196, #9925, #6434, #1614, #1287, #3382, #3227, #9789, #12300, #11299, #4765, #9591 ) ) ;
#8961 = LINE ( 'NONE', #3639, #1384 ) ;
#8962 = CARTESIAN_POINT ( 'NONE',  ( -22.90693885786266648, 3.000000000000000000, 20.48923905391848166 ) ) ;
#8963 = ORIENTED_EDGE ( 'NONE', *, *, #3241, .T. ) ;
#8964 = EDGE_CURVE ( 'NONE', #4107, #11614, #13452, .T. ) ;
#8965 = CARTESIAN_POINT ( 'NONE',  ( 30.86776767174531955, 2.700000000000000178, -3.161833983904666301 ) ) ;
#8966 = ADVANCED_FACE ( 'NONE', ( #6074 ), #13387, .T. ) ;
#8967 = ORIENTED_EDGE ( 'NONE', *, *, #313, .T. ) ;
#8968 = VECTOR ( 'NONE', #7475, 1000.000000000000000 ) ;
#8969 = DIRECTION ( 'NONE',  ( -0.000000000000000000, 1.000000000000000000, -0.000000000000000000 ) ) ;
#8970 = ADVANCED_FACE ( 'NONE', ( #7236 ), #2108, .T. ) ;
#8971 = ORIENTED_EDGE ( 'NONE', *, *, #11082, .T. ) ;
#8972 = EDGE_CURVE ( 'NONE', #3345, #10851, #6210, .T. ) ;
#8973 = DIRECTION ( 'NONE',  ( 0.9313481964236184352, 0.000000000000000000, -0.3641298353863262616 ) ) ;
#8974 = VERTEX_POINT ( 'NONE', #11205 ) ;
#8975 = LINE ( 'NONE', #9996, #6255 ) ;
#8976 = CARTESIAN_POINT ( 'NONE',  ( 42.30775215013734680, 2.700000000000000178, 8.380760349918483954 ) ) ;
#8977 = VECTOR ( 'NONE', #4199, 1000.000000000000000 ) ;
#8978 = CARTESIAN_POINT ( 'NONE',  ( 7.660755150137319447, 2.700000000000000178, -18.66395061008152467 ) ) ;
#8979 = FACE_OUTER_BOUND ( 'NONE', #9460, .T. ) ;
#8980 = ADVANCED_FACE ( 'NONE', ( #6274 ), #7105, .T. ) ;
#8981 = DIRECTION ( 'NONE',  ( 0.5937761020766295639, 0.000000000000000000, -0.8046303130026136730 ) ) ;
#8982 = CARTESIAN_POINT ( 'NONE',  ( -49.84999999999996589, 0.000000000000000000, -38.03000000000000824 ) ) ;
#8983 = ORIENTED_EDGE ( 'NONE', *, *, #9270, .F. ) ;
#8984 = LINE ( 'NONE', #12195, #9149 ) ;
#8985 = ORIENTED_EDGE ( 'NONE', *, *, #1136, .T. ) ;
#8986 = DIRECTION ( 'NONE',  ( -1.000000000000000000, 0.000000000000000000, 0.000000000000000000 ) ) ;
#8987 = LINE ( 'NONE', #13157, #11650 ) ;
#8988 = FACE_OUTER_BOUND ( 'NONE', #14, .T. ) ;
#8989 = DIRECTION ( 'NONE',  ( -0.3859804195161828377, 0.000000000000000000, -0.9225069732799375810 ) ) ;
#8990 = ORIENTED_EDGE ( 'NONE', *, *, #9387, .T. ) ;
#8991 = VECTOR ( 'NONE', #13326, 999.9999999999998863 ) ;
#8992 = PLANE ( 'NONE',  #3362 ) ;
#8993 = CARTESIAN_POINT ( 'NONE',  ( 19.31451391013732533, 3.000000000000000000, 10.84052886191848231 ) ) ;
#8994 = ORIENTED_EDGE ( 'NONE', *, *, #4468, .F. ) ;
#8995 = EDGE_CURVE ( 'NONE', #181, #5162, #747, .T. ) ;
#8996 = LINE ( 'NONE', #13167, #12353 ) ;
#8997 = VECTOR ( 'NONE', #4962, 1000.000000000000000 ) ;
#8998 = ORIENTED_EDGE ( 'NONE', *, *, #7924, .F. ) ;
#8999 = EDGE_CURVE ( 'NONE', #9991, #12424, #13246, .T. ) ;
#9000 = EDGE_CURVE ( 'NONE', #12582, #12421, #10441, .T. ) ;
#9001 = AXIS2_PLACEMENT_3D ( 'NONE', #2748, #4728, #4594 ) ;
#9002 = VECTOR ( 'NONE', #5115, 1000.000000000000000 ) ;
#9003 = CARTESIAN_POINT ( 'NONE',  ( 9.186202950137332124, 2.700000000000000178, 0.000000000000000000 ) ) ;
#9004 = ORIENTED_EDGE ( 'NONE', *, *, #7829, .F. ) ;
#9005 = CARTESIAN_POINT ( 'NONE',  ( 51.68205903013731728, 2.700000000000000178, 12.78114880591848390 ) ) ;
#9006 = LINE ( 'NONE', #1692, #10318 ) ;
#9007 = ORIENTED_EDGE ( 'NONE', *, *, #4167, .T. ) ;
#9009 = LINE ( 'NONE', #2524, #2208 ) ;
#9008 = CIRCLE ( 'NONE', #5091, 2.000000000000001776 ) ;
#9010 = CARTESIAN_POINT ( 'NONE',  ( 0.000000000000000000, 3.000000000000000000, 20.48923905391848166 ) ) ;
#9011 = VERTEX_POINT ( 'NONE', #2176 ) ;
#9012 = DIRECTION ( 'NONE',  ( -0.5893963186387826125, 0.000000000000000000, -0.8078440317134556459 ) ) ;
#9013 = LINE ( 'NONE', #11276, #4348 ) ;
#9014 = EDGE_CURVE ( 'NONE', #12064, #3399, #6415, .T. ) ;
#9015 = ORIENTED_EDGE ( 'NONE', *, *, #10224, .F. ) ;
#9016 = EDGE_CURVE ( 'NONE', #3474, #3705, #2248, .T. ) ;
#9017 = FACE_OUTER_BOUND ( 'NONE', #1666, .T. ) ;
#9018 = VECTOR ( 'NONE', #12200, 999.9999999999998863 ) ;
#9019 = EDGE_CURVE ( 'NONE', #992, #706, #8396, .T. ) ;
#9020 = ORIENTED_EDGE ( 'NONE', *, *, #10558, .T. ) ;
#9021 = VECTOR ( 'NONE', #8216, 1000.000000000000114 ) ;
#9022 = ORIENTED_EDGE ( 'NONE', *, *, #13440, .T. ) ;
#9023 = CARTESIAN_POINT ( 'NONE',  ( 26.77943268613732641, 2.700000000000000178, 10.96467491791848303 ) ) ;
#9024 = ORIENTED_EDGE ( 'NONE', *, *, #3434, .F. ) ;
#9025 = CARTESIAN_POINT ( 'NONE',  ( -22.25999999999998025, 0.000000000000000000, -30.13000000000000966 ) ) ;
#9026 = DIRECTION ( 'NONE',  ( -0.8718510606488927284, 0.000000000000000000, -0.4897710976011147577 ) ) ;
#9027 = FACE_OUTER_BOUND ( 'NONE', #11339, .T. ) ;
#9028 = CARTESIAN_POINT ( 'NONE',  ( 8.744079374137321281, 2.700000000000000178, -18.31854718608151700 ) ) ;
#9029 = LINE ( 'NONE', #9164, #12589 ) ;
#9030 = PLANE ( 'NONE',  #2026 ) ;
#9031 = ORIENTED_EDGE ( 'NONE', *, *, #2799, .F. ) ;
#9032 = LINE ( 'NONE', #496, #9462 ) ;
#9033 = DIRECTION ( 'NONE',  ( -0.1824996290974811031, 0.000000000000000000, 0.9832059221644680047 ) ) ;
#9034 = ORIENTED_EDGE ( 'NONE', *, *, #2335, .F. ) ;
#9035 = DIRECTION ( 'NONE',  ( -0.07139984160443882399, 0.000000000000000000, -0.9974477743816270170 ) ) ;
#9036 = VECTOR ( 'NONE', #13309, 1000.000000000000000 ) ;
#9037 = VECTOR ( 'NONE', #9963, 999.9999999999998863 ) ;
#9038 = ORIENTED_EDGE ( 'NONE', *, *, #1071, .T. ) ;
#9039 = DATE_AND_TIME ( #12117, #6279 ) ;
#9040 = ORIENTED_EDGE ( 'NONE', *, *, #12269, .T. ) ;
#9041 = DIRECTION ( 'NONE',  ( 0.9740126920357834450, 0.000000000000000000, 0.2264934342386245303 ) ) ;
#9042 = ORIENTED_EDGE ( 'NONE', *, *, #10558, .F. ) ;
#9043 = DIRECTION ( 'NONE',  ( -0.000000000000000000, 1.000000000000000000, -0.000000000000000000 ) ) ;
#9044 = CARTESIAN_POINT ( 'NONE',  ( 22.04668428674053970, 2.700000000000000178, 3.052994401514485201 ) ) ;
#9045 = ADVANCED_FACE ( 'NONE', ( #3203 ), #258, .T. ) ;
#9046 = DIRECTION ( 'NONE',  ( -0.000000000000000000, 1.000000000000000000, -0.000000000000000000 ) ) ;
#9047 = CARTESIAN_POINT ( 'NONE',  ( -3.539999999999980496, 3.000000000000000000, -38.03000000000000824 ) ) ;
#9048 = PLANE ( 'NONE',  #3508 ) ;
#9049 = CARTESIAN_POINT ( 'NONE',  ( 7.956033198137327567, 2.700000000000000178, -19.10586184208151650 ) ) ;
#9050 = CARTESIAN_POINT ( 'NONE',  ( -27.45424802586267887, 2.700000000000000178, 0.9276495259184798226 ) ) ;
#9051 = VERTEX_POINT ( 'NONE', #4427 ) ;
#9052 = LINE ( 'NONE', #5842, #11116 ) ;
#9053 = AXIS2_PLACEMENT_3D ( 'NONE', #1347, #6277, #9617 ) ;
#9054 = EDGE_LOOP ( 'NONE', ( #6826, #4233, #11176, #1981 ) ) ;
#9055 = DIRECTION ( 'NONE',  ( 0.000000000000000000, 0.000000000000000000, 1.000000000000000000 ) ) ;
#9056 = CARTESIAN_POINT ( 'NONE',  ( -17.26665131293966482, 2.700000000000000178, 27.17064034092689795 ) ) ;
#9057 = VECTOR ( 'NONE', #251, 1000.000000000000000 ) ;
#9058 = LINE ( 'NONE', #856, #637 ) ;
#9059 = LINE ( 'NONE', #9127, #11740 ) ;
#9060 = ORIENTED_EDGE ( 'NONE', *, *, #12427, .T. ) ;
#9061 = EDGE_CURVE ( 'NONE', #10037, #1360, #6816, .T. ) ;
#9062 = CARTESIAN_POINT ( 'NONE',  ( 0.000000000000000000, 2.700000000000000178, 9.903592965918480928 ) ) ;
#9063 = CARTESIAN_POINT ( 'NONE',  ( 24.91882071013732158, 3.000000000000000000, -17.95232592208152411 ) ) ;
#9064 = ORIENTED_EDGE ( 'NONE', *, *, #8909, .T. ) ;
#9065 = EDGE_CURVE ( 'NONE', #7920, #9786, #9419, .T. ) ;
#9066 = DIRECTION ( 'NONE',  ( -0.000000000000000000, 1.000000000000000000, -0.000000000000000000 ) ) ;
#9067 = VECTOR ( 'NONE', #5723, 1000.000000000000000 ) ;
#9068 = VERTEX_POINT ( 'NONE', #3464 ) ;
#9069 = EDGE_CURVE ( 'NONE', #8322, #3688, #8656, .T. ) ;
#9070 = ORIENTED_EDGE ( 'NONE', *, *, #2916, .F. ) ;
#9071 = DIRECTION ( 'NONE',  ( -0.9977945707501258976, 0.000000000000000000, 0.06637766628597294161 ) ) ;
#9072 = LINE ( 'NONE', #869, #9884 ) ;
#9073 = ORIENTED_EDGE ( 'NONE', *, *, #7303, .F. ) ;
#9074 = CARTESIAN_POINT ( 'NONE',  ( 0.000000000000000000, 3.000000000000000000, 5.589733165918477908 ) ) ;
#9075 = DIRECTION ( 'NONE',  ( 0.3837759022392077668, 0.000000000000000000, -0.9234262595683977448 ) ) ;
#9076 = EDGE_LOOP ( 'NONE', ( #5286, #7840, #5159, #12247 ) ) ;
#9077 = DIRECTION ( 'NONE',  ( -0.9377558891340868064, 0.000000000000000000, 0.3472951085090864032 ) ) ;
#9078 = DIRECTION ( 'NONE',  ( -1.853337046983768335E-16, 0.000000000000000000, 1.000000000000000000 ) ) ;
#9079 = EDGE_CURVE ( 'NONE', #4515, #1909, #12767, .T. ) ;
#9080 = EDGE_CURVE ( 'NONE', #11610, #9421, #1081, .T. ) ;
#9081 = ORIENTED_EDGE ( 'NONE', *, *, #864, .T. ) ;
#9082 = CARTESIAN_POINT ( 'NONE',  ( 25.89348157131581374, 2.700000000000000178, -0.02897607112839844373 ) ) ;
#9083 = DIRECTION ( 'NONE',  ( -0.000000000000000000, 1.000000000000000000, -0.000000000000000000 ) ) ;
#9084 = ORIENTED_EDGE ( 'NONE', *, *, #11081, .F. ) ;
#9085 = EDGE_CURVE ( 'NONE', #9277, #136, #7369, .T. ) ;
#9086 = LINE ( 'NONE', #3891, #7107 ) ;
#9087 = EDGE_CURVE ( 'NONE', #9334, #3127, #11742, .T. ) ;
#9088 = ORIENTED_EDGE ( 'NONE', *, *, #2377, .T. ) ;
#9089 = ORIENTED_EDGE ( 'NONE', *, *, #6302, .F. ) ;
#9090 = DIRECTION ( 'NONE',  ( 0.4325153727304008044, 0.000000000000000000, 0.9016265592538201812 ) ) ;
#9091 = VERTEX_POINT ( 'NONE', #12703 ) ;
#9092 = AXIS2_PLACEMENT_3D ( 'NONE', #3851, #11356, #12243 ) ;
#9093 = CARTESIAN_POINT ( 'NONE',  ( 4.667897926858156410, 2.700000000000000178, -23.46792989826323605 ) ) ;
#9094 = EDGE_CURVE ( 'NONE', #11610, #6295, #3269, .T. ) ;
#9095 = DIRECTION ( 'NONE',  ( -0.000000000000000000, 1.000000000000000000, -0.000000000000000000 ) ) ;
#9096 = LINE ( 'NONE', #6975, #1577 ) ;
#9097 = ORIENTED_EDGE ( 'NONE', *, *, #5067, .T. ) ;
#9098 = LINE ( 'NONE', #6222, #1320 ) ;
#9099 = DIRECTION ( 'NONE',  ( 1.000000000000000000, -0.000000000000000000, 0.000000000000000000 ) ) ;
#9100 = ORIENTED_EDGE ( 'NONE', *, *, #921, .T. ) ;
#9101 = PLANE ( 'NONE',  #11211 ) ;
#9102 = DIRECTION ( 'NONE',  ( -0.000000000000000000, 1.000000000000000000, -0.000000000000000000 ) ) ;
#9103 = ORIENTED_EDGE ( 'NONE', *, *, #8662, .T. ) ;
#9104 = EDGE_CURVE ( 'NONE', #7905, #5999, #6343, .T. ) ;
#9105 = DIRECTION ( 'NONE',  ( 0.000000000000000000, 0.000000000000000000, -1.000000000000000000 ) ) ;
#9106 = AXIS2_PLACEMENT_3D ( 'NONE', #6890, #6950, #10028 ) ;
#9107 = ORIENTED_EDGE ( 'NONE', *, *, #13101, .T. ) ;
#9108 = COORDINATED_UNIVERSAL_TIME_OFFSET ( 1, 0, .AHEAD. ) ;
#9109 = EDGE_LOOP ( 'NONE', ( #9769, #5943, #13134, #7223 ) ) ;
#9110 = DIRECTION ( 'NONE',  ( -0.9957356910248242876, 0.000000000000000000, -0.09225201146487578552 ) ) ;
#9111 = EDGE_LOOP ( 'NONE', ( #9957, #12185, #6489, #299 ) ) ;
#9112 = ORIENTED_EDGE ( 'NONE', *, *, #13009, .F. ) ;
#9113 = CARTESIAN_POINT ( 'NONE',  ( -27.28013000986267045, 2.700000000000000178, 2.128756597918481930 ) ) ;
#9114 = CARTESIAN_POINT ( 'NONE',  ( -50.81971716986267040, 3.000000000000000000, 18.38793159791848097 ) ) ;
#9115 = DIRECTION ( 'NONE',  ( -0.000000000000000000, 1.000000000000000000, -0.000000000000000000 ) ) ;
#9116 = CARTESIAN_POINT ( 'NONE',  ( 2.709916333629006857, 3.000000000000000000, 17.38577194776224744 ) ) ;
#9117 = LINE ( 'NONE', #12335, #7654 ) ;
#9118 = CLOSED_SHELL ( 'NONE', ( #972, #6296, #4483, #11049, #7418, #1583, #1066, #8555, #1332, #1281, #8794, #9187, #7241, #4817, #10178, #12604, #12975, #7142, #5319, #9595, #12918, #4635, #9391, #3197, #2911, #11019, #3451, #7084, #2156, #6405, #2325, #11227, #8734, #6413, #650, #4262, #9588, #6435, #2398, #218, #1931, #4866, #12307, #9045, #1920, #8177, #7719, #11683, #2233, #4781, #8265, #2745, #1043, #8807, #11915, #1985, #3212, #1828, #10385, #11676, #12435, #12401, #1533, #10352, #8980, #153, #7190, #7557, #7681, #8246, #5242, #6420, #1730, #5479, #9217, #8482, #1801, #12770, #1550, #6465, #148, #38, #5766, #4256, #11927, #4434, #1895, #9498, #8720, #9496, #8379, #444, #3378, #8191, #7234, #12664, #7289, #11230, #4918, #5765, #410, #12982, #4655, #5174, #11883, #2710, #12586, #5917, #9587, #10093, #5032, #9263, #10068, #1627, #10480, #1946, #5232, #10284, #13444, #8629, #3498, #5974, #11561, #3300, #6330, #10007, #9837, #5136, #3418, #69, #12215, #8082, #2993, #8293, #7603, #9332, #10011, #5490, #8677, #11391, #7139, #13223, #2550, #10210, #1387, #7257, #10217, #11351, #6501, #10836, #12442, #5877, #3818, #7792, #11847, #7981, #11812, #11600, #311, #5885, #358, #8838, #6483, #9935, #11669, #11326, #6669, #906, #6430, #11940, #4702, #4467, #9172, #12008, #4648, #4592, #9257, #13085, #10399, #12844, #395, #13433, #7576, #12725, #4716, #12507, #2703, #5057, #1926, #6948, #2809, #10483, #9583, #403, #3971, #13069, #12740, #12525, #9677, #13470, #10404, #1326, #12670, #5237, #2399, #2330, #9230, #5292, #8424, #8970, #7514, #1972, #2045, #289, #9740, #862, #2458, #10795, #11695, #6246, #11701, #13133, #7900, #1055, #12028, #6160, #10878, #8017, #6470, #6256, #5075, #986, #11120, #834, #12358, #5222, #11412, #7066, #3627, #1194, #1573, #9553, #11087, #2533, #10308, #2754, #7091, #11002, #10682, #8804, #12180, #6814, #11803, #5963, #6818, #5818, #11165, #8916, #3611, #13330, #3999, #12436, #12682, #11507, #7095, #7247, #2129, #8643, #8083, #2885, #4330, #10212, #5620, #7597, #5449, #536, #10001, #9422, #4808, #5716, #10804, #3141, #12343, #11613, #13405, #8699, #4744, #7226, #11711, #12095, #13339, #9896, #5548, #10815, #5370, #4758, #778, #2837, #3162, #10681, #4877, #6348, #7263, #5372, #6313, #5160, #7824, #2402, #11756, #10761, #9430, #2493, #10828, #6480, #1965, #3176, #11764, #2756, #8333, #799, #13523, #6536, #13296, #1023, #3957, #3408, #10388, #11192, #1229, #1156, #11139, #4812, #2625, #3225, #5406, #6884, #8672, #6546, #5827, #9382, #7311, #331, #298, #4450, #3328, #10645, #900, #6382, #9975, #2017, #10641, #1150, #6259, #7079, #6963, #3405, #12937, #3667, #1662, #8325, #11734, #12448, #5424, #13358, #6094, #12328, #12237, #11508, #9720, #4804, #7265, #10830, #5125, #3914, #12310, #5991, #1318, #12075, #971, #2132, #9132, #9515, #7375, #5751, #10295, #11681, #11240, #2901, #533, #8853, #11648, #13490, #4206, #2616, #7412, #2290, #8004, #3826, #1249, #9597, #5746, #8401, #1641, #42, #2816, #2564, #465, #5503, #6418, #1912, #8820, #7171, #810, #8966, #2216, #7308 ) ) ;
#9119 = DIRECTION ( 'NONE',  ( -0.7980651437868606646, 0.000000000000000000, -0.6025711794240223851 ) ) ;
#9120 = DIRECTION ( 'NONE',  ( -0.000000000000000000, 1.000000000000000000, -0.000000000000000000 ) ) ;
#9121 = VECTOR ( 'NONE', #5628, 1000.000000000000000 ) ;
#9122 = ORIENTED_EDGE ( 'NONE', *, *, #9339, .T. ) ;
#9123 = LINE ( 'NONE', #11452, #8504 ) ;
#9124 = VERTEX_POINT ( 'NONE', #7632 ) ;
#9125 = DIRECTION ( 'NONE',  ( 0.000000000000000000, 0.000000000000000000, 1.000000000000000000 ) ) ;
#9126 = DIRECTION ( 'NONE',  ( 1.000000000000000000, 0.000000000000000000, 0.000000000000000000 ) ) ;
#9127 = CARTESIAN_POINT ( 'NONE',  ( 2.822498105873949559, 3.000000000000000000, 4.043104690752605812 ) ) ;
#9128 = VERTEX_POINT ( 'NONE', #11537 ) ;
#9129 = CARTESIAN_POINT ( 'NONE',  ( -51.77395757786267438, 3.000000000000000000, 3.809801749918482194 ) ) ;
#9130 = DIRECTION ( 'NONE',  ( -0.5942572416434551696, 0.000000000000000000, 0.8042750342726747714 ) ) ;
#9131 = FACE_OUTER_BOUND ( 'NONE', #5471, .T. ) ;
#9132 = ADVANCED_FACE ( 'NONE', ( #2310 ), #126, .T. ) ;
#9133 = EDGE_CURVE ( 'NONE', #7262, #6688, #6476, .T. ) ;
#9134 = EDGE_LOOP ( 'NONE', ( #2270, #5841, #6789, #7977 ) ) ;
#9135 = VECTOR ( 'NONE', #11419, 1000.000000000000000 ) ;
#9136 = EDGE_CURVE ( 'NONE', #12001, #9493, #2368, .T. ) ;
#9137 = ORIENTED_EDGE ( 'NONE', *, *, #7403, .F. ) ;
#9138 = CARTESIAN_POINT ( 'NONE',  ( -8.095692016695004156, 2.700000000000000178, 0.5173680133751422661 ) ) ;
#9139 = FACE_OUTER_BOUND ( 'NONE', #6834, .T. ) ;
#9140 = EDGE_LOOP ( 'NONE', ( #1327, #7516, #8327, #1131 ) ) ;
#9141 = CARTESIAN_POINT ( 'NONE',  ( -0.8902851335246252384, 3.000000000000000000, 9.891352399485723979 ) ) ;
#9142 = LINE ( 'NONE', #8123, #5952 ) ;
#9143 = ORIENTED_EDGE ( 'NONE', *, *, #13232, .T. ) ;
#9144 = CARTESIAN_POINT ( 'NONE',  ( 26.77943268613732641, 3.000000000000000000, 10.96467491791848303 ) ) ;
#9145 = CARTESIAN_POINT ( 'NONE',  ( -12.62227667386266461, 2.700000000000000178, 19.42807785391848086 ) ) ;
#9146 = ORIENTED_EDGE ( 'NONE', *, *, #12087, .F. ) ;
#9147 = LINE ( 'NONE', #8260, #517 ) ;
#9148 = CARTESIAN_POINT ( 'NONE',  ( 10.21258333814187758, 2.700000000000000178, -24.40843853283439913 ) ) ;
#9149 = VECTOR ( 'NONE', #7898, 1000.000000000000114 ) ;
#9150 = ORIENTED_EDGE ( 'NONE', *, *, #12022, .T. ) ;
#9151 = VECTOR ( 'NONE', #4980, 1000.000000000000114 ) ;
#9152 = CARTESIAN_POINT ( 'NONE',  ( 52.69778877413732232, 2.700000000000000178, 10.79618046191848535 ) ) ;
#9153 = ORIENTED_EDGE ( 'NONE', *, *, #1559, .F. ) ;
#9154 = VERTEX_POINT ( 'NONE', #323 ) ;
#9155 = EDGE_CURVE ( 'NONE', #6351, #3364, #12826, .T. ) ;
#9156 = DIRECTION ( 'NONE',  ( -1.000000000000000000, 0.000000000000000000, 0.000000000000000000 ) ) ;
#9157 = ORIENTED_EDGE ( 'NONE', *, *, #1872, .T. ) ;
#9158 = VECTOR ( 'NONE', #7413, 1000.000000000000000 ) ;
#9159 = CARTESIAN_POINT ( 'NONE',  ( 14.61303446980013909, 3.000000000000000000, 24.31634073214110003 ) ) ;
#9160 = LINE ( 'NONE', #4856, #9832 ) ;
#9161 = LINE ( 'NONE', #8211, #12272 ) ;
#9162 = ORIENTED_EDGE ( 'NONE', *, *, #3757, .T. ) ;
#9163 = FACE_OUTER_BOUND ( 'NONE', #13234, .T. ) ;
#9164 = CARTESIAN_POINT ( 'NONE',  ( 9.008414284718385900, 2.700000000000000178, 19.06306419901207150 ) ) ;
#9165 = ORIENTED_EDGE ( 'NONE', *, *, #2030, .T. ) ;
#9166 = CARTESIAN_POINT ( 'NONE',  ( -43.12151564986267971, 2.700000000000000178, 19.33228327791848145 ) ) ;
#9167 = LINE ( 'NONE', #2813, #6961 ) ;
#9168 = VERTEX_POINT ( 'NONE', #12962 ) ;
#9169 = DIRECTION ( 'NONE',  ( 0.04289985469393606254, 0.000000000000000000, 0.9990793774606895328 ) ) ;
#9170 = EDGE_CURVE ( 'NONE', #9526, #10685, #10019, .T. ) ;
#9171 = ORIENTED_EDGE ( 'NONE', *, *, #8769, .F. ) ;
#9172 = ADVANCED_FACE ( 'NONE', ( #11875 ), #12140, .T. ) ;
#9173 = ORIENTED_EDGE ( 'NONE', *, *, #12527, .T. ) ;
#9174 = EDGE_CURVE ( 'NONE', #979, #12517, #6878, .T. ) ;
#9175 = VECTOR ( 'NONE', #6727, 1000.000000000000000 ) ;
#9176 = CARTESIAN_POINT ( 'NONE',  ( -40.16732496186267554, 3.000000000000000000, 13.45109514191848277 ) ) ;
#9177 = VECTOR ( 'NONE', #5498, 1000.000000000000000 ) ;
#9178 = VERTEX_POINT ( 'NONE', #11041 ) ;
#9179 = EDGE_LOOP ( 'NONE', ( #8863, #8104, #10405, #10200 ) ) ;
#9180 = DIRECTION ( 'NONE',  ( 0.000000000000000000, 0.000000000000000000, -1.000000000000000000 ) ) ;
#9181 = CARTESIAN_POINT ( 'NONE',  ( -20.23585759824123897, 2.700000000000000178, 13.62291376719784708 ) ) ;
#9182 = CARTESIAN_POINT ( 'NONE',  ( -49.84999999999996589, 3.000000000000000000, -38.03000000000000824 ) ) ;
#9183 = CARTESIAN_POINT ( 'NONE',  ( 0.000000000000000000, 3.000000000000000000, 1.090463525918483834 ) ) ;
#9184 = CARTESIAN_POINT ( 'NONE',  ( -27.60645092186267746, 3.000000000000000000, 0.000000000000000000 ) ) ;
#9185 = VECTOR ( 'NONE', #12169, 1000.000000000000000 ) ;
#9186 = CARTESIAN_POINT ( 'NONE',  ( 25.02580754213731140, 3.000000000000000000, 1.294713053918478574 ) ) ;
#9187 = ADVANCED_FACE ( 'NONE', ( #2578 ), #2645, .F. ) ;
#9188 = VECTOR ( 'NONE', #3106, 1000.000000000000114 ) ;
#9189 = EDGE_CURVE ( 'NONE', #11357, #12553, #4414, .T. ) ;
#9190 = PLANE ( 'NONE',  #998 ) ;
#9191 = VECTOR ( 'NONE', #11289, 1000.000000000000000 ) ;
#9192 = VERTEX_POINT ( 'NONE', #10907 ) ;
#9193 = VECTOR ( 'NONE', #11802, 1000.000000000000000 ) ;
#9194 = LINE ( 'NONE', #13361, #10465 ) ;
#9195 = ORIENTED_EDGE ( 'NONE', *, *, #3048, .T. ) ;
#9196 = DIRECTION ( 'NONE',  ( -0.2115579632480343308, 0.000000000000000000, 0.9773654527280690729 ) ) ;
#9197 = VECTOR ( 'NONE', #8022, 999.9999999999998863 ) ;
#9198 = CARTESIAN_POINT ( 'NONE',  ( -59.99999999999998579, 3.000000000000000000, 50.99999999999997868 ) ) ;
#9199 = PLANE ( 'NONE',  #6395 ) ;
#9200 = VERTEX_POINT ( 'NONE', #10843 ) ;
#9201 = DIRECTION ( 'NONE',  ( -0.09057533132655028185, 0.000000000000000000, -0.9958896070122861266 ) ) ;
#9202 = LINE ( 'NONE', #7089, #10269 ) ;
#9203 = CARTESIAN_POINT ( 'NONE',  ( 33.73689807013732889, 2.700000000000000178, 0.000000000000000000 ) ) ;
#9204 = ORIENTED_EDGE ( 'NONE', *, *, #9480, .T. ) ;
#9205 = VECTOR ( 'NONE', #10870, 1000.000000000000000 ) ;
#9206 = ORIENTED_EDGE ( 'NONE', *, *, #12281, .T. ) ;
#9207 = CARTESIAN_POINT ( 'NONE',  ( 1.324361319134835790, 3.000000000000000000, 19.90790890796145973 ) ) ;
#9208 = DIRECTION ( 'NONE',  ( 0.9238814843844338487, 0.000000000000000000, -0.3826787200924756105 ) ) ;
#9209 = EDGE_CURVE ( 'NONE', #6081, #838, #1551, .T. ) ;
#9210 = VECTOR ( 'NONE', #12512, 1000.000000000000114 ) ;
#9211 = ORIENTED_EDGE ( 'NONE', *, *, #5301, .F. ) ;
#9212 = CARTESIAN_POINT ( 'NONE',  ( 11.55503492729157244, 2.700000000000000178, 12.56549705044518461 ) ) ;
#9213 = LINE ( 'NONE', #1900, #2027 ) ;
#9214 = ORIENTED_EDGE ( 'NONE', *, *, #8419, .F. ) ;
#9215 = CARTESIAN_POINT ( 'NONE',  ( -40.16732496186267554, 2.700000000000000178, 13.45109514191848277 ) ) ;
#9216 = DIRECTION ( 'NONE',  ( -0.9238814843844341818, 0.000000000000000000, -0.3826787200924746668 ) ) ;
#9217 = ADVANCED_FACE ( 'NONE', ( #4829 ), #6609, .T. ) ;
#9218 = ORIENTED_EDGE ( 'NONE', *, *, #10095, .T. ) ;
#9219 = CARTESIAN_POINT ( 'NONE',  ( 0.8497304172207568174, 3.000000000000000000, -0.5660931252610809095 ) ) ;
#9220 = CARTESIAN_POINT ( 'NONE',  ( 32.19743556613732238, 3.000000000000000000, 1.972340349918479063 ) ) ;
#9221 = VERTEX_POINT ( 'NONE', #4627 ) ;
#9222 = VECTOR ( 'NONE', #1133, 1000.000000000000000 ) ;
#9223 = CARTESIAN_POINT ( 'NONE',  ( -6.107969683353354107, 2.700000000000000178, -2.609960290759382406 ) ) ;
#9224 = ORIENTED_EDGE ( 'NONE', *, *, #8420, .T. ) ;
#9225 = VECTOR ( 'NONE', #11854, 1000.000000000000000 ) ;
#9226 = VECTOR ( 'NONE', #11466, 1000.000000000000000 ) ;
#9227 = ORIENTED_EDGE ( 'NONE', *, *, #5957, .F. ) ;
#9228 = LINE ( 'NONE', #3969, #11548 ) ;
#9229 = ORIENTED_EDGE ( 'NONE', *, *, #2632, .T. ) ;
#9230 = ADVANCED_FACE ( 'NONE', ( #10979 ), #10774, .T. ) ;
#9231 = VECTOR ( 'NONE', #4285, 1000.000000000000227 ) ;
#9232 = LINE ( 'NONE', #9159, #1061 ) ;
#9233 = PLANE ( 'NONE',  #10924 ) ;
#9234 = CARTESIAN_POINT ( 'NONE',  ( -3.747957617862667234, 3.000000000000000000, 18.87494002191848352 ) ) ;
#9235 = EDGE_LOOP ( 'NONE', ( #10854, #12939, #9195, #5388 ) ) ;
#9236 = DIRECTION ( 'NONE',  ( -0.000000000000000000, 1.000000000000000000, -0.000000000000000000 ) ) ;
#9237 = FACE_OUTER_BOUND ( 'NONE', #8287, .T. ) ;
#9238 = VECTOR ( 'NONE', #5041, 999.9999999999998863 ) ;
#9239 = ORIENTED_EDGE ( 'NONE', *, *, #2082, .T. ) ;
#9240 = LINE ( 'NONE', #11427, #5316 ) ;
#9241 = LINE ( 'NONE', #2067, #5878 ) ;
#9242 = ORIENTED_EDGE ( 'NONE', *, *, #7245, .T. ) ;
#9243 = LINE ( 'NONE', #768, #7813 ) ;
#9244 = EDGE_CURVE ( 'NONE', #5597, #2548, #3804, .T. ) ;
#9245 = VECTOR ( 'NONE', #9012, 1000.000000000000114 ) ;
#9246 = EDGE_CURVE ( 'NONE', #11853, #6611, #7772, .T. ) ;
#9247 = VERTEX_POINT ( 'NONE', #3733 ) ;
#9248 = AXIS2_PLACEMENT_3D ( 'NONE', #6373, #91, #7538 ) ;
#9249 = PERSON_AND_ORGANIZATION_ROLE ( 'design_owner' ) ;
#9250 = ORIENTED_EDGE ( 'NONE', *, *, #1286, .F. ) ;
#9251 = EDGE_CURVE ( 'NONE', #8222, #10198, #387, .T. ) ;
#9252 = LINE ( 'NONE', #4063, #5236 ) ;
#9253 = VERTEX_POINT ( 'NONE', #9888 ) ;
#9254 = EDGE_LOOP ( 'NONE', ( #5793, #5447, #5042, #10788 ) ) ;
#9255 = FACE_OUTER_BOUND ( 'NONE', #13454, .T. ) ;
#9256 = CARTESIAN_POINT ( 'NONE',  ( -11.33244435386267313, 2.700000000000000178, 19.57455152591848346 ) ) ;
#9257 = ADVANCED_FACE ( 'NONE', ( #1480 ), #8992, .T. ) ;
#9258 = VECTOR ( 'NONE', #5518, 1000.000000000000114 ) ;
#9259 = CARTESIAN_POINT ( 'NONE',  ( -0.6097503618563409056, 3.000000000000000000, 6.873614063012352560 ) ) ;
#9260 = CARTESIAN_POINT ( 'NONE',  ( 3.688681814137332093, 2.700000000000000178, -19.14206192208151691 ) ) ;
#9261 = CARTESIAN_POINT ( 'NONE',  ( -1.373633648988244804, 2.700000000000000178, -2.279889854399685944 ) ) ;
#9262 = VECTOR ( 'NONE', #13244, 1000.000000000000000 ) ;
#9263 = ADVANCED_FACE ( 'NONE', ( #8726 ), #12893, .T. ) ;
#9264 = CARTESIAN_POINT ( 'NONE',  ( 44.33242679013732612, 3.000000000000000000, 0.000000000000000000 ) ) ;
#9265 = EDGE_CURVE ( 'NONE', #9570, #12414, #8795, .T. ) ;
#9266 = ORIENTED_EDGE ( 'NONE', *, *, #12341, .T. ) ;
#9267 = DIRECTION ( 'NONE',  ( 0.1745256299051919091, 0.000000000000000000, -0.9846526313914952810 ) ) ;
#9268 = ORIENTED_EDGE ( 'NONE', *, *, #13506, .F. ) ;
#9269 = LINE ( 'NONE', #12545, #991 ) ;
#9270 = EDGE_CURVE ( 'NONE', #4098, #942, #12002, .T. ) ;
#9271 = CARTESIAN_POINT ( 'NONE',  ( 24.59249167013732418, 2.700000000000000178, -19.50482065808152043 ) ) ;
#9272 = ORIENTED_EDGE ( 'NONE', *, *, #1483, .T. ) ;
#9273 = EDGE_CURVE ( 'NONE', #9192, #7042, #8312, .T. ) ;
#9274 = CARTESIAN_POINT ( 'NONE',  ( -17.26665131293966482, 3.000000000000000000, 27.17064034092689795 ) ) ;
#9275 = LINE ( 'NONE', #13436, #665 ) ;
#9276 = DIRECTION ( 'NONE',  ( -0.9606829169602377760, 0.000000000000000000, 0.2776478580158124876 ) ) ;
#9277 = VERTEX_POINT ( 'NONE', #10221 ) ;
#9278 = VECTOR ( 'NONE', #4275, 1000.000000000000000 ) ;
#9279 = VERTEX_POINT ( 'NONE', #4895 ) ;
#9280 = DIRECTION ( 'NONE',  ( -0.000000000000000000, 1.000000000000000000, -0.000000000000000000 ) ) ;
#9282 = EDGE_CURVE ( 'NONE', #12553, #11357, #3325, .T. ) ;
#9281 = DIRECTION ( 'NONE',  ( -1.000000000000000000, 0.000000000000000000, 0.000000000000000000 ) ) ;
#9283 = VERTEX_POINT ( 'NONE', #12284 ) ;
#9284 = DIRECTION ( 'NONE',  ( -0.000000000000000000, -1.000000000000000000, -0.000000000000000000 ) ) ;
#9285 = CARTESIAN_POINT ( 'NONE',  ( 10.21258333814187758, 3.000000000000000000, -24.40843853283439913 ) ) ;
#9286 = VERTEX_POINT ( 'NONE', #11321 ) ;
#9287 = CARTESIAN_POINT ( 'NONE',  ( -45.35384544986267485, 2.700000000000000178, 20.79331058191848314 ) ) ;
#9288 = LINE ( 'NONE', #1015, #6793 ) ;
#9289 = ORIENTED_EDGE ( 'NONE', *, *, #13021, .F. ) ;
#9290 = DIRECTION ( 'NONE',  ( -0.000000000000000000, 1.000000000000000000, -0.000000000000000000 ) ) ;
#9291 = CARTESIAN_POINT ( 'NONE',  ( 8.744079374137321281, 3.000000000000000000, -18.31854718608151700 ) ) ;
#9292 = VECTOR ( 'NONE', #10728, 1000.000000000000000 ) ;
#9293 = ORIENTED_EDGE ( 'NONE', *, *, #4249, .T. ) ;
#9294 = CARTESIAN_POINT ( 'NONE',  ( -59.99999999999998579, 0.000000000000000000, 50.99999999999997868 ) ) ;
#9295 = VECTOR ( 'NONE', #11243, 1000.000000000000114 ) ;
#9296 = ORIENTED_EDGE ( 'NONE', *, *, #4971, .F. ) ;
#9297 = EDGE_CURVE ( 'NONE', #1786, #5175, #11388, .T. ) ;
#9298 = CARTESIAN_POINT ( 'NONE',  ( -7.278154265862681882, 2.700000000000000178, 17.48807766991847856 ) ) ;
#9299 = VERTEX_POINT ( 'NONE', #5104 ) ;
#9300 = LINE ( 'NONE', #2802, #848 ) ;
#9301 = CARTESIAN_POINT ( 'NONE',  ( 0.000000000000000000, 2.700000000000000178, 20.48923905391848166 ) ) ;
#9302 = LINE ( 'NONE', #826, #6158 ) ;
#9303 = ORIENTED_EDGE ( 'NONE', *, *, #3535, .T. ) ;
#9304 = DIRECTION ( 'NONE',  ( 0.000000000000000000, 0.000000000000000000, 1.000000000000000000 ) ) ;
#9305 = DIRECTION ( 'NONE',  ( 0.8168531569463852726, 0.000000000000000000, -0.5768456639229629923 ) ) ;
#9306 = ORIENTED_EDGE ( 'NONE', *, *, #5391, .T. ) ;
#9307 = LINE ( 'NONE', #3980, #12297 ) ;
#9308 = DIRECTION ( 'NONE',  ( -0.7002596150919100371, 0.000000000000000000, -0.7138882766030900662 ) ) ;
#9309 = VERTEX_POINT ( 'NONE', #13435 ) ;
#9310 = CARTESIAN_POINT ( 'NONE',  ( 31.82841319013732928, 3.000000000000000000, 1.080574797918485430 ) ) ;
#9311 = EDGE_CURVE ( 'NONE', #6103, #11, #727, .T. ) ;
#9313 = VERTEX_POINT ( 'NONE', #5989 ) ;
#9312 = EDGE_CURVE ( 'NONE', #10454, #3379, #3868, .T. ) ;
#9314 = EDGE_LOOP ( 'NONE', ( #11716, #11715, #9528, #1849 ) ) ;
#9315 = CARTESIAN_POINT ( 'NONE',  ( -47.92485783386268139, 3.000000000000000000, 20.48182225391848377 ) ) ;
#9316 = EDGE_CURVE ( 'NONE', #7406, #11614, #8036, .T. ) ;
#9317 = VERTEX_POINT ( 'NONE', #4147 ) ;
#9318 = ORIENTED_EDGE ( 'NONE', *, *, #1613, .F. ) ;
#9319 = PLANE ( 'NONE',  #13268 ) ;
#9320 = LINE ( 'NONE', #12136, #10985 ) ;
#9321 = DIRECTION ( 'NONE',  ( -0.000000000000000000, 1.000000000000000000, -0.000000000000000000 ) ) ;
#9322 = CARTESIAN_POINT ( 'NONE',  ( 45.46960511013733708, 3.000000000000000000, 10.54387108591848055 ) ) ;
#9323 = LINE ( 'NONE', #10140, #5701 ) ;
#9324 = CARTESIAN_POINT ( 'NONE',  ( 12.27869543359584092, 2.700000000000000178, 24.28231283982490751 ) ) ;
#9325 = VERTEX_POINT ( 'NONE', #10363 ) ;
#9326 = PLANE ( 'NONE',  #9838 ) ;
#9327 = ORIENTED_EDGE ( 'NONE', *, *, #8600, .T. ) ;
#9328 = EDGE_CURVE ( 'NONE', #1159, #5382, #8181, .T. ) ;
#9329 = CARTESIAN_POINT ( 'NONE',  ( -12.76030353571015930, 3.000000000000000000, -18.92590498586964998 ) ) ;
#9330 = ORIENTED_EDGE ( 'NONE', *, *, #13503, .F. ) ;
#9331 = DIRECTION ( 'NONE',  ( 0.3648949911690725911, 0.000000000000000000, -0.9310486804779448677 ) ) ;
#9332 = ADVANCED_FACE ( 'NONE', ( #3054 ), #12205, .T. ) ;
#9333 = DIRECTION ( 'NONE',  ( -0.4327284778639396423, 0.000000000000000000, -0.9015243005296961210 ) ) ;
#9334 = VERTEX_POINT ( 'NONE', #11112 ) ;
#9335 = DIRECTION ( 'NONE',  ( -0.7681255708988561359, 0.000000000000000000, 0.6402992326493185393 ) ) ;
#9336 = DIRECTION ( 'NONE',  ( 0.5561341862445449147, 0.000000000000000000, -0.8310925140380689413 ) ) ;
#9337 = VECTOR ( 'NONE', #4810, 1000.000000000000000 ) ;
#9338 = LINE ( 'NONE', #8513, #7115 ) ;
#9339 = EDGE_CURVE ( 'NONE', #11931, #5343, #7088, .T. ) ;
#9340 = ORIENTED_EDGE ( 'NONE', *, *, #572, .F. ) ;
#9341 = ORIENTED_EDGE ( 'NONE', *, *, #6332, .T. ) ;
#9342 = EDGE_CURVE ( 'NONE', #8461, #4995, #11256, .T. ) ;
#9343 = FACE_OUTER_BOUND ( 'NONE', #5786, .T. ) ;
#9344 = LINE ( 'NONE', #11530, #5308 ) ;
#9345 = LINE ( 'NONE', #9481, #2979 ) ;
#9346 = LINE ( 'NONE', #12490, #1809 ) ;
#9347 = VERTEX_POINT ( 'NONE', #9129 ) ;
#9348 = CARTESIAN_POINT ( 'NONE',  ( -29.01556367386267610, 3.000000000000000000, -0.000000000000000000 ) ) ;
#9349 = LINE ( 'NONE', #13450, #2215 ) ;
#9350 = ORIENTED_EDGE ( 'NONE', *, *, #10585, .T. ) ;
#9351 = LINE ( 'NONE', #13312, #2271 ) ;
#9352 = DIRECTION ( 'NONE',  ( -0.8725542995138987346, 0.000000000000000000, -0.4885171382866822509 ) ) ;
#9353 = ORIENTED_EDGE ( 'NONE', *, *, #10515, .F. ) ;
#9354 = PLANE ( 'NONE',  #11248 ) ;
#9355 = ORIENTED_EDGE ( 'NONE', *, *, #2834, .F. ) ;
#9356 = CARTESIAN_POINT ( 'NONE',  ( 31.50000000000002842, 0.000000000000000000, -38.03000000000000824 ) ) ;
#9357 = ORIENTED_EDGE ( 'NONE', *, *, #12743, .F. ) ;
#9358 = CARTESIAN_POINT ( 'NONE',  ( 18.72742034213730733, 2.700000000000000178, 10.30064678191848060 ) ) ;
#9359 = ORIENTED_EDGE ( 'NONE', *, *, #4930, .T. ) ;
#9360 = CARTESIAN_POINT ( 'NONE',  ( -12.14824155386267535, 3.000000000000000000, 2.128756597918481930 ) ) ;
#9361 = VECTOR ( 'NONE', #10916, 1000.000000000000114 ) ;
#9362 = FACE_OUTER_BOUND ( 'NONE', #6776, .T. ) ;
#9363 = ORIENTED_EDGE ( 'NONE', *, *, #7517, .F. ) ;
#9364 = DIRECTION ( 'NONE',  ( 0.000000000000000000, 0.000000000000000000, 1.000000000000000000 ) ) ;
#9365 = DIRECTION ( 'NONE',  ( -0.8229551815904369017, 0.000000000000000000, 0.5681063008746259912 ) ) ;
#9366 = VECTOR ( 'NONE', #12786, 1000.000000000000000 ) ;
#9367 = ORIENTED_EDGE ( 'NONE', *, *, #9639, .T. ) ;
#9368 = FACE_OUTER_BOUND ( 'NONE', #4687, .T. ) ;
#9369 = DIRECTION ( 'NONE',  ( -0.000000000000000000, 1.000000000000000000, -0.000000000000000000 ) ) ;
#9370 = ORIENTED_EDGE ( 'NONE', *, *, #4615, .F. ) ;
#9371 = VECTOR ( 'NONE', #1886, 1000.000000000000000 ) ;
#9372 = CARTESIAN_POINT ( 'NONE',  ( 7.557067270137328485, 2.700000000000000178, 0.000000000000000000 ) ) ;
#9373 = AXIS2_PLACEMENT_3D ( 'NONE', #8950, #2944, #9156 ) ;
#9374 = ORIENTED_EDGE ( 'NONE', *, *, #7750, .T. ) ;
#9375 = VECTOR ( 'NONE', #2751, 1000.000000000000000 ) ;
#9376 = ORIENTED_EDGE ( 'NONE', *, *, #1877, .T. ) ;
#9377 = DIRECTION ( 'NONE',  ( 0.1978980661722990753, 0.000000000000000000, -0.9802226050266665824 ) ) ;
#9378 = ORIENTED_EDGE ( 'NONE', *, *, #1227, .T. ) ;
#9379 = DIRECTION ( 'NONE',  ( -0.9709997323189790697, 0.000000000000000000, 0.2390805718507276190 ) ) ;
#9380 = CARTESIAN_POINT ( 'NONE',  ( 58.00000000000002132, 3.000000000000000000, 50.99999999999999289 ) ) ;
#9381 = CARTESIAN_POINT ( 'NONE',  ( 9.109576230137328423, 2.700000000000000178, -18.47147245808151439 ) ) ;
#9382 = ADVANCED_FACE ( 'NONE', ( #6057 ), #2989, .T. ) ;
#9383 = CARTESIAN_POINT ( 'NONE',  ( -40.16732496186267554, 2.700000000000000178, 3.809801749918482194 ) ) ;
#9384 = LINE ( 'NONE', #28, #8977 ) ;
#9385 = AXIS2_PLACEMENT_3D ( 'NONE', #12258, #8288, #2894 ) ;
#9386 = EDGE_LOOP ( 'NONE', ( #2893, #13501, #5624, #5078 ) ) ;
#9387 = EDGE_CURVE ( 'NONE', #13171, #10950, #5169, .T. ) ;
#9388 = ORIENTED_EDGE ( 'NONE', *, *, #12269, .F. ) ;
#9389 = CARTESIAN_POINT ( 'NONE',  ( -14.61047894586267049, 2.700000000000000178, 19.88851279791847659 ) ) ;
#9390 = EDGE_CURVE ( 'NONE', #6980, #4060, #13496, .T. ) ;
#9391 = ADVANCED_FACE ( 'NONE', ( #4020 ), #5030, .F. ) ;
#9392 = AXIS2_PLACEMENT_3D ( 'NONE', #12533, #10673, #3371 ) ;
#9393 = ORIENTED_EDGE ( 'NONE', *, *, #526, .T. ) ;
#9394 = DIRECTION ( 'NONE',  ( -0.08127642004887321303, 0.000000000000000000, -0.9966915990134757042 ) ) ;
#9395 = ORIENTED_EDGE ( 'NONE', *, *, #11981, .F. ) ;
#9396 = DIRECTION ( 'NONE',  ( -0.000000000000000000, 1.000000000000000000, -0.000000000000000000 ) ) ;
#9397 = CARTESIAN_POINT ( 'NONE',  ( -2.749224537862673401, 3.000000000000000000, -0.000000000000000000 ) ) ;
#9398 = VERTEX_POINT ( 'NONE', #932 ) ;
#9399 = VECTOR ( 'NONE', #178, 999.9999999999998863 ) ;
#9400 = VECTOR ( 'NONE', #6865, 1000.000000000000114 ) ;
#9401 = VECTOR ( 'NONE', #1694, 999.9999999999998863 ) ;
#9402 = DIRECTION ( 'NONE',  ( -0.000000000000000000, 1.000000000000000000, -0.000000000000000000 ) ) ;
#9403 = DIRECTION ( 'NONE',  ( 0.000000000000000000, 0.000000000000000000, 1.000000000000000000 ) ) ;
#9404 = CARTESIAN_POINT ( 'NONE',  ( 32.19390293413731285, 2.700000000000000178, 1.233503117918480996 ) ) ;
#9405 = ORIENTED_EDGE ( 'NONE', *, *, #13253, .F. ) ;
#9406 = VECTOR ( 'NONE', #12264, 1000.000000000000000 ) ;
#9407 = ORIENTED_EDGE ( 'NONE', *, *, #2701, .F. ) ;
#9408 = EDGE_CURVE ( 'NONE', #1425, #3524, #4083, .T. ) ;
#9409 = DIRECTION ( 'NONE',  ( -0.7110785453986703253, 0.000000000000000000, 0.7031125815071944674 ) ) ;
#9410 = LINE ( 'NONE', #3263, #12305 ) ;
#9411 = DIRECTION ( 'NONE',  ( -1.000000000000000000, 0.000000000000000000, 0.000000000000000000 ) ) ;
#9412 = CARTESIAN_POINT ( 'NONE',  ( 14.71388303013732468, 3.000000000000000000, 19.26306421391848289 ) ) ;
#9413 = ORIENTED_EDGE ( 'NONE', *, *, #1796, .T. ) ;
#9414 = DIRECTION ( 'NONE',  ( 0.6616217079879812557, 0.000000000000000000, 0.7498377928052617492 ) ) ;
#9415 = DIRECTION ( 'NONE',  ( 0.9577077932882337441, 0.000000000000000000, -0.2877425631966563091 ) ) ;
#9416 = AXIS2_PLACEMENT_3D ( 'NONE', #225, #9525, #4326 ) ;
#9417 = EDGE_CURVE ( 'NONE', #2288, #84, #4213, .T. ) ;
#9418 = ORIENTED_EDGE ( 'NONE', *, *, #12223, .T. ) ;
#9419 = LINE ( 'NONE', #4357, #9653 ) ;
#9420 = LINE ( 'NONE', #193, #1284 ) ;
#9421 = VERTEX_POINT ( 'NONE', #11661 ) ;
#9422 = ADVANCED_FACE ( 'NONE', ( #12614 ), #6460, .T. ) ;
#9423 = CARTESIAN_POINT ( 'NONE',  ( 52.50000000000095923, 3.000000000000000000, 46.97000000000000597 ) ) ;
#9424 = VECTOR ( 'NONE', #5971, 1000.000000000000114 ) ;
#9425 = EDGE_CURVE ( 'NONE', #12823, #9979, #10563, .T. ) ;
#9426 = EDGE_LOOP ( 'NONE', ( #5001, #5809, #12410, #2487 ) ) ;
#9427 = DIRECTION ( 'NONE',  ( 0.7233164512788744505, 0.000000000000000000, -0.6905166987910833498 ) ) ;
#9428 = ORIENTED_EDGE ( 'NONE', *, *, #5240, .F. ) ;
#9429 = DIRECTION ( 'NONE',  ( -1.000000000000000000, 0.000000000000000000, 0.000000000000000000 ) ) ;
#9430 = ADVANCED_FACE ( 'NONE', ( #9598 ), #7354, .T. ) ;
#9431 = ORIENTED_EDGE ( 'NONE', *, *, #10888, .T. ) ;
#9432 = DIRECTION ( 'NONE',  ( -0.000000000000000000, 1.000000000000000000, -0.000000000000000000 ) ) ;
#9433 = PLANE ( 'NONE',  #8350 ) ;
#9434 = ORIENTED_EDGE ( 'NONE', *, *, #1171, .T. ) ;
#9435 = CARTESIAN_POINT ( 'NONE',  ( 17.10218819899269604, 2.700000000000000178, -17.56091664381943573 ) ) ;
#9436 = DIRECTION ( 'NONE',  ( -1.000000000000000000, 0.000000000000000000, 0.000000000000000000 ) ) ;
#9437 = EDGE_LOOP ( 'NONE', ( #4532, #2214, #2489, #2702 ) ) ;
#9438 = CARTESIAN_POINT ( 'NONE',  ( -13.98503645786268912, 3.000000000000000000, 9.194092733918484583 ) ) ;
#9439 = LINE ( 'NONE', #3421, #1069 ) ;
#9440 = ORIENTED_EDGE ( 'NONE', *, *, #1602, .F. ) ;
#9441 = CC_DESIGN_PERSON_AND_ORGANIZATION_ASSIGNMENT ( #3847, #5007, ( #8900 ) ) ;
#9442 = AXIS2_PLACEMENT_3D ( 'NONE', #13128, #3770, #7942 ) ;
#9443 = VECTOR ( 'NONE', #11886, 1000.000000000000000 ) ;
#9444 = VERTEX_POINT ( 'NONE', #2158 ) ;
#9445 = AXIS2_PLACEMENT_3D ( 'NONE', #2511, #9749, #3603 ) ;
#9446 = ORIENTED_EDGE ( 'NONE', *, *, #5337, .F. ) ;
#9447 = ORIENTED_EDGE ( 'NONE', *, *, #13397, .T. ) ;
#9448 = DIRECTION ( 'NONE',  ( -0.000000000000000000, 1.000000000000000000, -0.000000000000000000 ) ) ;
#9449 = CARTESIAN_POINT ( 'NONE',  ( 47.48933183013733128, 2.700000000000000178, 8.820799093918484601 ) ) ;
#9450 = VECTOR ( 'NONE', #9679, 1000.000000000000000 ) ;
#9451 = DIRECTION ( 'NONE',  ( 0.6616217079879812557, 0.000000000000000000, 0.7498377928052617492 ) ) ;
#9452 = LINE ( 'NONE', #11905, #5289 ) ;
#9453 = CARTESIAN_POINT ( 'NONE',  ( -25.81415986586267763, 2.700000000000000178, 19.43611339791847925 ) ) ;
#9454 = DIRECTION ( 'NONE',  ( 0.8933547143928022294, 0.000000000000000000, -0.4493521495132239973 ) ) ;
#9455 = LINE ( 'NONE', #356, #6319 ) ;
#9456 = ORIENTED_EDGE ( 'NONE', *, *, #1989, .T. ) ;
#9457 = VECTOR ( 'NONE', #8189, 1000.000000000000000 ) ;
#9458 = ORIENTED_EDGE ( 'NONE', *, *, #2915, .T. ) ;
#9459 = AXIS2_PLACEMENT_3D ( 'NONE', #3743, #7916, #1688 ) ;
#9460 = EDGE_LOOP ( 'NONE', ( #8044, #1403, #1000, #8814 ) ) ;
#9461 = EDGE_CURVE ( 'NONE', #3246, #753, #3253, .T. ) ;
#9462 = VECTOR ( 'NONE', #2812, 1000.000000000000114 ) ;
#9463 = DIRECTION ( 'NONE',  ( 0.6764246841344166983, 0.000000000000000000, -0.7365118102879645301 ) ) ;
#9464 = EDGE_CURVE ( 'NONE', #12920, #2267, #7555, .T. ) ;
#9465 = ORIENTED_EDGE ( 'NONE', *, *, #7896, .T. ) ;
#9466 = LINE ( 'NONE', #7487, #13149 ) ;
#9467 = FACE_OUTER_BOUND ( 'NONE', #13220, .T. ) ;
#9468 = DIRECTION ( 'NONE',  ( 0.9305283590510228242, 0.000000000000000000, 0.3662198424468706137 ) ) ;
#9469 = ORIENTED_EDGE ( 'NONE', *, *, #6375, .T. ) ;
#9470 = CARTESIAN_POINT ( 'NONE',  ( -17.67344564186268130, 3.000000000000000000, 8.380760349918485730 ) ) ;
#9471 = PLANE ( 'NONE',  #6561 ) ;
#9472 = FACE_OUTER_BOUND ( 'NONE', #3691, .T. ) ;
#9473 = AXIS2_PLACEMENT_3D ( 'NONE', #1494, #9697, #3618 ) ;
#9474 = EDGE_LOOP ( 'NONE', ( #5333, #6147, #12998, #6129 ) ) ;
#9475 = EDGE_CURVE ( 'NONE', #11959, #5541, #4476, .T. ) ;
#9476 = ORIENTED_EDGE ( 'NONE', *, *, #2450, .T. ) ;
#9477 = VERTEX_POINT ( 'NONE', #11457 ) ;
#9478 = PLANE ( 'NONE',  #3341 ) ;
#9479 = LINE ( 'NONE', #6407, #8367 ) ;
#9480 = EDGE_CURVE ( 'NONE', #3505, #9068, #10493, .T. ) ;
#9481 = CARTESIAN_POINT ( 'NONE',  ( -0.2915140174309582832, 3.000000000000000000, -1.077888938502195915 ) ) ;
#9482 = CARTESIAN_POINT ( 'NONE',  ( -59.99999999999998579, 3.000000000000000000, 25.54999999999999005 ) ) ;
#9483 = ORIENTED_EDGE ( 'NONE', *, *, #2582, .F. ) ;
#9484 = CARTESIAN_POINT ( 'NONE',  ( 31.71581847862844938, 3.000000000000000000, -3.873508243760150904 ) ) ;
#9485 = DIRECTION ( 'NONE',  ( -0.3826848932556902172, 0.000000000000000000, 0.9238789273892338283 ) ) ;
#9486 = EDGE_LOOP ( 'NONE', ( #7509, #6495, #4289, #9692 ) ) ;
#9487 = CARTESIAN_POINT ( 'NONE',  ( -17.50917176747121573, 3.000000000000000000, 0.1765182848605664490 ) ) ;
#9488 = CARTESIAN_POINT ( 'NONE',  ( 28.50381727353427408, 2.700000000000000178, 11.29416476675642578 ) ) ;
#9489 = ORIENTED_EDGE ( 'NONE', *, *, #4562, .F. ) ;
#9490 = CARTESIAN_POINT ( 'NONE',  ( -51.71957109786267637, 2.700000000000000178, 15.18899971791848102 ) ) ;
#9491 = EDGE_CURVE ( 'NONE', #10933, #4394, #4342, .T. ) ;
#9492 = VECTOR ( 'NONE', #6530, 1000.000000000000000 ) ;
#9493 = VERTEX_POINT ( 'NONE', #8510 ) ;
#9494 = CARTESIAN_POINT ( 'NONE',  ( -48.85071221786267870, 2.700000000000000178, 20.13962532591848031 ) ) ;
#9495 = ORIENTED_EDGE ( 'NONE', *, *, #4541, .F. ) ;
#9496 = ADVANCED_FACE ( 'NONE', ( #10623 ), #5501, .T. ) ;
#9497 = LINE ( 'NONE', #4, #4774 ) ;
#9498 = ADVANCED_FACE ( 'NONE', ( #12480 ), #1201, .T. ) ;
#9499 = AXIS2_PLACEMENT_3D ( 'NONE', #9223, #13249, #13390 ) ;
#9500 = ORIENTED_EDGE ( 'NONE', *, *, #2648, .F. ) ;
#9501 = DIRECTION ( 'NONE',  ( 0.08540894410708979589, 0.000000000000000000, -0.9963459802029172030 ) ) ;
#9502 = CARTESIAN_POINT ( 'NONE',  ( 16.71363185350617186, 2.700000000000000178, -25.01388741233391499 ) ) ;
#9503 = ORIENTED_EDGE ( 'NONE', *, *, #7620, .T. ) ;
#9504 = LINE ( 'NONE', #3416, #4601 ) ;
#9505 = LINE ( 'NONE', #1235, #2057 ) ;
#9506 = EDGE_CURVE ( 'NONE', #10538, #12582, #11589, .T. ) ;
#9507 = VECTOR ( 'NONE', #13148, 1000.000000000000114 ) ;
#9508 = VERTEX_POINT ( 'NONE', #43 ) ;
#9509 = CARTESIAN_POINT ( 'NONE',  ( -13.44363850586267795, 2.700000000000000178, 20.55845913391848612 ) ) ;
#9510 = CARTESIAN_POINT ( 'NONE',  ( 24.91882071013732158, 2.700000000000000178, 0.000000000000000000 ) ) ;
#9511 = VERTEX_POINT ( 'NONE', #4408 ) ;
#9512 = ORIENTED_EDGE ( 'NONE', *, *, #7844, .T. ) ;
#9513 = VECTOR ( 'NONE', #2031, 1000.000000000000000 ) ;
#9514 = ORIENTED_EDGE ( 'NONE', *, *, #12832, .T. ) ;
#9515 = ADVANCED_FACE ( 'NONE', ( #1063 ), #5233, .T. ) ;
#9516 = VERTEX_POINT ( 'NONE', #9470 ) ;
#9517 = DIRECTION ( 'NONE',  ( -0.9015231061562143378, 0.000000000000000000, 0.4327309661515466588 ) ) ;
#9518 = CARTESIAN_POINT ( 'NONE',  ( 8.178218505060046439, 2.700000000000000178, -5.554904071671598942 ) ) ;
#9519 = CARTESIAN_POINT ( 'NONE',  ( 15.30295373413733095, 2.700000000000000178, 20.68580660591848286 ) ) ;
#9520 = CARTESIAN_POINT ( 'NONE',  ( 7.383368779259085635, 3.000000000000000000, -1.610491943536428217 ) ) ;
#9521 = EDGE_CURVE ( 'NONE', #6452, #7119, #11724, .T. ) ;
#9522 = DIRECTION ( 'NONE',  ( -0.000000000000000000, 1.000000000000000000, -0.000000000000000000 ) ) ;
#9523 = VECTOR ( 'NONE', #9544, 1000.000000000000000 ) ;
#9524 = DIRECTION ( 'NONE',  ( 0.08668667503242517836, 0.000000000000000000, 0.9962356249260627683 ) ) ;
#9525 = DIRECTION ( 'NONE',  ( 0.8230592656813854324, 0.000000000000000000, 0.5679554957705916785 ) ) ;
#9526 = VERTEX_POINT ( 'NONE', #10690 ) ;
#9527 = VERTEX_POINT ( 'NONE', #1330 ) ;
#9528 = ORIENTED_EDGE ( 'NONE', *, *, #2485, .T. ) ;
#9529 = CARTESIAN_POINT ( 'NONE',  ( 33.73689807013732889, 3.000000000000000000, -0.000000000000000000 ) ) ;
#9530 = ORIENTED_EDGE ( 'NONE', *, *, #10793, .F. ) ;
#9531 = LINE ( 'NONE', #7550, #3769 ) ;
#9532 = CARTESIAN_POINT ( 'NONE',  ( -6.471006318083749598, 2.700000000000000178, -4.781252931367372838 ) ) ;
#9533 = AXIS2_PLACEMENT_3D ( 'NONE', #8610, #11424, #207 ) ;
#9534 = CARTESIAN_POINT ( 'NONE',  ( 3.797969113694924292, 3.000000000000000000, 0.7554676391899947108 ) ) ;
#9535 = ORIENTED_EDGE ( 'NONE', *, *, #10692, .T. ) ;
#9536 = DIRECTION ( 'NONE',  ( -0.9867994316206483152, 0.000000000000000000, -0.1619471572864597808 ) ) ;
#9537 = CARTESIAN_POINT ( 'NONE',  ( -1.625496412404140223, 2.700000000000000178, 3.924352098780413467 ) ) ;
#9538 = FACE_OUTER_BOUND ( 'NONE', #9474, .T. ) ;
#9539 = ORIENTED_EDGE ( 'NONE', *, *, #13012, .T. ) ;
#9540 = VERTEX_POINT ( 'NONE', #9668 ) ;
#9541 = ORIENTED_EDGE ( 'NONE', *, *, #6618, .T. ) ;
#9542 = CARTESIAN_POINT ( 'NONE',  ( 2.822498105873949559, 2.700000000000000178, 4.043104690752605812 ) ) ;
#9543 = CARTESIAN_POINT ( 'NONE',  ( -12.05615944186266830, 3.000000000000000000, 9.728690597918481231 ) ) ;
#9544 = DIRECTION ( 'NONE',  ( 0.5952142837632177219, 0.000000000000000000, 0.8035670204807062733 ) ) ;
#9545 = CARTESIAN_POINT ( 'NONE',  ( 23.79712801293755930, 2.700000000000000178, -4.798569887916297461 ) ) ;
#9546 = EDGE_LOOP ( 'NONE', ( #7098, #5492, #3560, #12598 ) ) ;
#9547 = LINE ( 'NONE', #1275, #12031 ) ;
#9548 = EDGE_CURVE ( 'NONE', #3246, #5719, #4278, .T. ) ;
#9549 = ORIENTED_EDGE ( 'NONE', *, *, #12107, .F. ) ;
#9550 = CARTESIAN_POINT ( 'NONE',  ( 1.813554706482030987, 3.000000000000000000, 20.84204758890476938 ) ) ;
#9551 = DIRECTION ( 'NONE',  ( -0.9885839649156901165, 0.000000000000000000, 0.1506709803232651190 ) ) ;
#9552 = ORIENTED_EDGE ( 'NONE', *, *, #13500, .F. ) ;
#9553 = ADVANCED_FACE ( 'NONE', ( #8778 ), #1465, .T. ) ;
#9554 = CARTESIAN_POINT ( 'NONE',  ( -12.09472365952215078, 3.000000000000000000, -1.501295562486026691 ) ) ;
#9555 = VECTOR ( 'NONE', #9035, 999.9999999999998863 ) ;
#9556 = ORIENTED_EDGE ( 'NONE', *, *, #584, .F. ) ;
#9557 = EDGE_CURVE ( 'NONE', #5489, #12766, #12875, .T. ) ;
#9558 = ORIENTED_EDGE ( 'NONE', *, *, #4297, .T. ) ;
#9559 = CARTESIAN_POINT ( 'NONE',  ( 17.89535657228127974, 2.700000000000000178, -3.873581962061123818 ) ) ;
#9560 = ORIENTED_EDGE ( 'NONE', *, *, #11178, .T. ) ;
#9561 = PLANE ( 'NONE',  #10353 ) ;
#9562 = FACE_OUTER_BOUND ( 'NONE', #11729, .T. ) ;
#9563 = VERTEX_POINT ( 'NONE', #4539 ) ;
#9564 = PLANE ( 'NONE',  #5038 ) ;
#9565 = LINE ( 'NONE', #12718, #5764 ) ;
#9566 = ORIENTED_EDGE ( 'NONE', *, *, #11933, .F. ) ;
#9567 = CARTESIAN_POINT ( 'NONE',  ( -9.537335929862660322, 2.700000000000000178, 8.444612901918484127 ) ) ;
#9568 = CARTESIAN_POINT ( 'NONE',  ( -4.276813517970992073, 2.700000000000000178, 10.43080517961366027 ) ) ;
#9569 = EDGE_LOOP ( 'NONE', ( #3959, #6278, #7561, #8712 ) ) ;
#9570 = VERTEX_POINT ( 'NONE', #10759 ) ;
#9571 = VERTEX_POINT ( 'NONE', #1531 ) ;
#9572 = EDGE_LOOP ( 'NONE', ( #3929, #9953, #9211, #3918, #2273, #2838, #1923, #7788, #1541, #1233, #9937, #7396 ) ) ;
#9573 = VECTOR ( 'NONE', #4516, 999.9999999999998863 ) ;
#9574 = VECTOR ( 'NONE', #2939, 1000.000000000000000 ) ;
#9575 = CARTESIAN_POINT ( 'NONE',  ( 8.697317851192957860, 2.700000000000000178, -14.51243705941872797 ) ) ;
#9576 = CARTESIAN_POINT ( 'NONE',  ( -0.2915140174309582832, 2.700000000000000178, -1.077888938502195915 ) ) ;
#9577 = DIRECTION ( 'NONE',  ( -0.000000000000000000, 1.000000000000000000, -0.000000000000000000 ) ) ;
#9578 = DIRECTION ( 'NONE',  ( 0.8703411837965245867, 0.000000000000000000, -0.4924492093481970256 ) ) ;
#9579 = PLANE ( 'NONE',  #11133 ) ;
#9580 = CARTESIAN_POINT ( 'NONE',  ( -10.83307324186266740, 2.700000000000000178, 20.71667471791848314 ) ) ;
#9581 = DIRECTION ( 'NONE',  ( -0.02842615186345286496, 0.000000000000000000, -0.9995958952948116316 ) ) ;
#9582 = ORIENTED_EDGE ( 'NONE', *, *, #12164, .T. ) ;
#9583 = ADVANCED_FACE ( 'NONE', ( #5705 ), #3448, .T. ) ;
#9584 = EDGE_LOOP ( 'NONE', ( #3512, #2981, #5517, #10191 ) ) ;
#9585 = VECTOR ( 'NONE', #11831, 1000.000000000000000 ) ;
#9586 = VECTOR ( 'NONE', #5955, 1000.000000000000000 ) ;
#9587 = ADVANCED_FACE ( 'NONE', ( #2497 ), #12949, .T. ) ;
#9588 = ADVANCED_FACE ( 'NONE', ( #6726 ), #7616, .F. ) ;
#9589 = VERTEX_POINT ( 'NONE', #10893 ) ;
#9590 = LINE ( 'NONE', #11718, #12440 ) ;
#9591 = ORIENTED_EDGE ( 'NONE', *, *, #5375, .F. ) ;
#9592 = VECTOR ( 'NONE', #2691, 1000.000000000000114 ) ;
#9593 = DIRECTION ( 'NONE',  ( -0.7348065996507560094, 0.000000000000000000, -0.6782766847752423889 ) ) ;
#9594 = FACE_OUTER_BOUND ( 'NONE', #3002, .T. ) ;
#9595 = ADVANCED_FACE ( 'NONE', ( #4682 ), #1399, .F. ) ;
#9596 = ORIENTED_EDGE ( 'NONE', *, *, #6844, .F. ) ;
#9597 = ADVANCED_FACE ( 'NONE', ( #6663 ), #9733, .T. ) ;
#9598 = FACE_OUTER_BOUND ( 'NONE', #949, .T. ) ;
#9599 = DIRECTION ( 'NONE',  ( 0.5599538780271324789, 0.000000000000000000, -0.8285237802757234871 ) ) ;
#9600 = EDGE_CURVE ( 'NONE', #9247, #6331, #439, .T. ) ;
#9601 = CARTESIAN_POINT ( 'NONE',  ( -7.735111441862674297, 2.700000000000000178, 9.037889845918481768 ) ) ;
#9602 = EDGE_LOOP ( 'NONE', ( #6630, #6253, #7774, #9878 ) ) ;
#9603 = EDGE_LOOP ( 'NONE', ( #3732, #1098, #30, #12789 ) ) ;
#9604 = ORIENTED_EDGE ( 'NONE', *, *, #10422, .T. ) ;
#9606 = VECTOR ( 'NONE', #10775, 1000.000000000000000 ) ;
#9605 = DIRECTION ( 'NONE',  ( -0.000000000000000000, 1.000000000000000000, -0.000000000000000000 ) ) ;
#9607 = PLANE ( 'NONE',  #2034 ) ;
#9608 = VECTOR ( 'NONE', #4310, 1000.000000000000114 ) ;
#9609 = DIRECTION ( 'NONE',  ( -0.000000000000000000, 1.000000000000000000, -0.000000000000000000 ) ) ;
#9610 = LINE ( 'NONE', #2244, #7268 ) ;
#9611 = ORIENTED_EDGE ( 'NONE', *, *, #5637, .F. ) ;
#9612 = FACE_OUTER_BOUND ( 'NONE', #5556, .T. ) ;
#9613 = ORIENTED_EDGE ( 'NONE', *, *, #11182, .F. ) ;
#9614 = DIRECTION ( 'NONE',  ( -0.9885839649156901165, 0.000000000000000000, 0.1506709803232651190 ) ) ;
#9615 = CARTESIAN_POINT ( 'NONE',  ( -7.278154265862681882, 2.700000000000000178, 17.48807766991847856 ) ) ;
#9616 = VERTEX_POINT ( 'NONE', #9449 ) ;
#9617 = DIRECTION ( 'NONE',  ( 0.9937606799076039721, 0.000000000000000000, 0.1115334526927975745 ) ) ;
#9618 = AXIS2_PLACEMENT_3D ( 'NONE', #2474, #13053, #1585 ) ;
#9619 = VECTOR ( 'NONE', #7689, 1000.000000000000114 ) ;
#9620 = VECTOR ( 'NONE', #12465, 1000.000000000000000 ) ;
#9621 = ORIENTED_EDGE ( 'NONE', *, *, #10585, .F. ) ;
#9622 = ORIENTED_EDGE ( 'NONE', *, *, #7420, .F. ) ;
#9623 = VECTOR ( 'NONE', #1414, 1000.000000000000000 ) ;
#9624 = DIRECTION ( 'NONE',  ( -0.000000000000000000, 1.000000000000000000, -0.000000000000000000 ) ) ;
#9625 = EDGE_CURVE ( 'NONE', #1830, #13002, #6569, .T. ) ;
#9626 = ORIENTED_EDGE ( 'NONE', *, *, #6071, .F. ) ;
#9627 = FACE_OUTER_BOUND ( 'NONE', #8717, .T. ) ;
#9628 = LINE ( 'NONE', #11752, #8782 ) ;
#9629 = VERTEX_POINT ( 'NONE', #3430 ) ;
#9630 = DIRECTION ( 'NONE',  ( 0.9985679609952021751, 0.000000000000000000, -0.05349791840702060319 ) ) ;
#9631 = DIRECTION ( 'NONE',  ( 0.5681063008746258802, 0.000000000000000000, 0.8229551815904370127 ) ) ;
#9632 = AXIS2_PLACEMENT_3D ( 'NONE', #11644, #2281, #9716 ) ;
#9633 = ORIENTED_EDGE ( 'NONE', *, *, #7432, .F. ) ;
#9634 = DIRECTION ( 'NONE',  ( 0.9740126920357834450, 0.000000000000000000, 0.2264934342386245580 ) ) ;
#9635 = DIRECTION ( 'NONE',  ( 0.000000000000000000, 0.000000000000000000, -1.000000000000000000 ) ) ;
#9636 = ORIENTED_EDGE ( 'NONE', *, *, #10716, .T. ) ;
#9637 = PLANE ( 'NONE',  #450 ) ;
#9638 = VERTEX_POINT ( 'NONE', #220 ) ;
#9639 = EDGE_CURVE ( 'NONE', #4429, #11574, #157, .T. ) ;
#9640 = ORIENTED_EDGE ( 'NONE', *, *, #13257, .T. ) ;
#9641 = EDGE_LOOP ( 'NONE', ( #9596, #11138, #13107, #9469 ) ) ;
#9642 = LINE ( 'NONE', #1042, #407 ) ;
#9643 = LINE ( 'NONE', #1307, #4868 ) ;
#9644 = DIRECTION ( 'NONE',  ( 0.000000000000000000, 1.000000000000000000, 0.000000000000000000 ) ) ;
#9645 = CARTESIAN_POINT ( 'NONE',  ( -28.64227104986268557, 2.700000000000000178, -18.88431796208151781 ) ) ;
#9646 = CYLINDRICAL_SURFACE ( 'NONE', #7433, 1.700000000000000178 ) ;
#9647 = VECTOR ( 'NONE', #4725, 1000.000000000000000 ) ;
#9648 = EDGE_CURVE ( 'NONE', #741, #13519, #9643, .T. ) ;
#9649 = DIRECTION ( 'NONE',  ( 0.9987760663606686240, 0.000000000000000000, -0.04946078512427073970 ) ) ;
#9650 = PLANE ( 'NONE',  #11166 ) ;
#9651 = ORIENTED_EDGE ( 'NONE', *, *, #2163, .F. ) ;
#9652 = ORIENTED_EDGE ( 'NONE', *, *, #6217, .T. ) ;
#9653 = VECTOR ( 'NONE', #10707, 1000.000000000000000 ) ;
#9654 = EDGE_CURVE ( 'NONE', #9511, #6355, #11770, .T. ) ;
#9655 = AXIS2_PLACEMENT_3D ( 'NONE', #6317, #1128, #11581 ) ;
#9656 = VECTOR ( 'NONE', #1762, 1000.000000000000114 ) ;
#9657 = ORIENTED_EDGE ( 'NONE', *, *, #4631, .T. ) ;
#9658 = LINE ( 'NONE', #9529, #8713 ) ;
#9659 = ORIENTED_EDGE ( 'NONE', *, *, #5240, .T. ) ;
#9660 = DIRECTION ( 'NONE',  ( -0.000000000000000000, 1.000000000000000000, -0.000000000000000000 ) ) ;
#9661 = AXIS2_PLACEMENT_3D ( 'NONE', #11529, #1072, #940 ) ;
#9662 = LINE ( 'NONE', #11722, #2198 ) ;
#9663 = EDGE_CURVE ( 'NONE', #4082, #11284, #10735, .T. ) ;
#9664 = EDGE_CURVE ( 'NONE', #9993, #9068, #3232, .T. ) ;
#9666 = VERTEX_POINT ( 'NONE', #89 ) ;
#9665 = EDGE_CURVE ( 'NONE', #5796, #11497, #8554, .T. ) ;
#9667 = VECTOR ( 'NONE', #4124, 1000.000000000000000 ) ;
#9668 = CARTESIAN_POINT ( 'NONE',  ( -6.327604985862667064, 3.000000000000000000, 1.976703053918482222 ) ) ;
#9669 = DIRECTION ( 'NONE',  ( 1.000000000000000000, 0.000000000000000000, -0.000000000000000000 ) ) ;
#9670 = CARTESIAN_POINT ( 'NONE',  ( 3.755248102137313193, 2.700000000000000178, -18.76688665008150991 ) ) ;
#9671 = AXIS2_PLACEMENT_3D ( 'NONE', #474, #6693, #610 ) ;
#9672 = ORIENTED_EDGE ( 'NONE', *, *, #5836, .F. ) ;
#9673 = EDGE_CURVE ( 'NONE', #2665, #4603, #11500, .T. ) ;
#9674 = ORIENTED_EDGE ( 'NONE', *, *, #5652, .T. ) ;
#9675 = LINE ( 'NONE', #1270, #4052 ) ;
#9676 = CARTESIAN_POINT ( 'NONE',  ( -38.93126139386267681, 3.000000000000000000, 13.50053776591848198 ) ) ;
#9677 = ADVANCED_FACE ( 'NONE', ( #2207 ), #3368, .T. ) ;
#9678 = LINE ( 'NONE', #8651, #1225 ) ;
#9679 = DIRECTION ( 'NONE',  ( -0.000000000000000000, 1.000000000000000000, -0.000000000000000000 ) ) ;
#9680 = ORIENTED_EDGE ( 'NONE', *, *, #6250, .T. ) ;
#9681 = CARTESIAN_POINT ( 'NONE',  ( 22.37000000000002942, 0.000000000000000000, -30.13000000000000611 ) ) ;
#9682 = VECTOR ( 'NONE', #5252, 1000.000000000000000 ) ;
#9683 = ORIENTED_EDGE ( 'NONE', *, *, #12453, .T. ) ;
#9684 = CARTESIAN_POINT ( 'NONE',  ( 2.104602619755556070, 2.700000000000000178, 13.80874006358764028 ) ) ;
#9685 = CARTESIAN_POINT ( 'NONE',  ( -6.601830497862677838, 2.700000000000000178, 10.20604600591848232 ) ) ;
#9686 = ORIENTED_EDGE ( 'NONE', *, *, #12899, .F. ) ;
#9687 = AXIS2_PLACEMENT_3D ( 'NONE', #4909, #7923, #6004 ) ;
#9688 = FACE_OUTER_BOUND ( 'NONE', #532, .T. ) ;
#9689 = VECTOR ( 'NONE', #335, 1000.000000000000000 ) ;
#9690 = EDGE_LOOP ( 'NONE', ( #7173, #3252, #6838, #11723 ) ) ;
#9691 = LINE ( 'NONE', #5526, #9361 ) ;
#9692 = ORIENTED_EDGE ( 'NONE', *, *, #10329, .T. ) ;
#9693 = LINE ( 'NONE', #8606, #9689 ) ;
#9694 = DIRECTION ( 'NONE',  ( -0.9225069732799375810, 0.000000000000000000, -0.3859804195161828377 ) ) ;
#9695 = ORIENTED_EDGE ( 'NONE', *, *, #10256, .T. ) ;
#9696 = CARTESIAN_POINT ( 'NONE',  ( -5.373779536159825732, 2.700000000000000178, -3.675848445542192255 ) ) ;
#9697 = DIRECTION ( 'NONE',  ( 0.1978998709479038443, 0.000000000000000000, 0.9802222406570885171 ) ) ;
#9698 = VERTEX_POINT ( 'NONE', #7469 ) ;
#9699 = FACE_OUTER_BOUND ( 'NONE', #3148, .T. ) ;
#9700 = CARTESIAN_POINT ( 'NONE',  ( 7.604036950137319728, 2.700000000000000178, 5.031032733918481270 ) ) ;
#9701 = EDGE_LOOP ( 'NONE', ( #879, #2201, #8823, #5477 ) ) ;
#9702 = CARTESIAN_POINT ( 'NONE',  ( -7.306798900690792742, 2.700000000000000178, -5.392044644353198635 ) ) ;
#9703 = EDGE_CURVE ( 'NONE', #4254, #2791, #4259, .T. ) ;
#9704 = VERTEX_POINT ( 'NONE', #10670 ) ;
#9705 = ORIENTED_EDGE ( 'NONE', *, *, #3230, .F. ) ;
#9706 = DIRECTION ( 'NONE',  ( -0.000000000000000000, 1.000000000000000000, -0.000000000000000000 ) ) ;
#9707 = VERTEX_POINT ( 'NONE', #12731 ) ;
#9708 = AXIS2_PLACEMENT_3D ( 'NONE', #1222, #10643, #7309 ) ;
#9709 = DIRECTION ( 'NONE',  ( 0.4412377587568093174, 0.000000000000000000, 0.8973902385513605751 ) ) ;
#9710 = CARTESIAN_POINT ( 'NONE',  ( -17.50917176747121573, 2.700000000000000178, 0.1765182848605664490 ) ) ;
#9711 = VECTOR ( 'NONE', #1513, 1000.000000000000000 ) ;
#9712 = LINE ( 'NONE', #8826, #2228 ) ;
#9713 = FACE_OUTER_BOUND ( 'NONE', #4255, .T. ) ;
#9714 = CARTESIAN_POINT ( 'NONE',  ( -50.53789502586267446, 2.700000000000000178, 3.809801749918482194 ) ) ;
#9715 = DIRECTION ( 'NONE',  ( -0.000000000000000000, -0.000000000000000000, 1.000000000000000000 ) ) ;
#9716 = DIRECTION ( 'NONE',  ( -0.5043302127971985849, 0.000000000000000000, 0.8635108780206143253 ) ) ;
#9717 = CARTESIAN_POINT ( 'NONE',  ( 31.50000000000002842, 3.000000000000000000, -38.03000000000000824 ) ) ;
#9718 = ORIENTED_EDGE ( 'NONE', *, *, #6830, .T. ) ;
#9719 = EDGE_CURVE ( 'NONE', #5967, #7132, #7535, .T. ) ;
#9720 = ADVANCED_FACE ( 'NONE', ( #286 ), #1183, .T. ) ;
#9721 = ORIENTED_EDGE ( 'NONE', *, *, #997, .T. ) ;
#9722 = AXIS2_PLACEMENT_3D ( 'NONE', #11894, #6899, #547 ) ;
#9723 = EDGE_CURVE ( 'NONE', #8694, #8138, #11638, .T. ) ;
#9724 = DIRECTION ( 'NONE',  ( 1.000000000000000000, 0.000000000000000000, 0.000000000000000000 ) ) ;
#9725 = EDGE_CURVE ( 'NONE', #8019, #8408, #7335, .T. ) ;
#9726 = ORIENTED_EDGE ( 'NONE', *, *, #1404, .F. ) ;
#9727 = LINE ( 'NONE', #300, #9158 ) ;
#9728 = ORIENTED_EDGE ( 'NONE', *, *, #9719, .T. ) ;
#9729 = LINE ( 'NONE', #235, #7039 ) ;
#9730 = DIRECTION ( 'NONE',  ( 0.7971419792268318316, 0.000000000000000000, 0.6037919053401835656 ) ) ;
#9731 = DIRECTION ( 'NONE',  ( -0.000000000000000000, 1.000000000000000000, -0.000000000000000000 ) ) ;
#9732 = CARTESIAN_POINT ( 'NONE',  ( 11.92795921413733140, 2.700000000000000178, 18.23876044591848355 ) ) ;
#9733 = PLANE ( 'NONE',  #3121 ) ;
#9734 = PLANE ( 'NONE',  #5028 ) ;
#9735 = CARTESIAN_POINT ( 'NONE',  ( 3.650000000000028333, 3.000000000000000000, -30.13000000000000966 ) ) ;
#9736 = EDGE_CURVE ( 'NONE', #2071, #4707, #6440, .T. ) ;
#9737 = EDGE_LOOP ( 'NONE', ( #8130, #2359, #5606, #3348 ) ) ;
#9738 = AXIS2_PLACEMENT_3D ( 'NONE', #2827, #11439, #5086 ) ;
#9739 = DIRECTION ( 'NONE',  ( 0.1950837463037355390, 0.000000000000000000, 0.9807865883708339894 ) ) ;
#9740 = ADVANCED_FACE ( 'NONE', ( #1246 ), #5416, .T. ) ;
#9741 = ORIENTED_EDGE ( 'NONE', *, *, #11044, .F. ) ;
#9742 = DIRECTION ( 'NONE',  ( -0.9940709245579034681, 0.000000000000000000, 0.1087336054244275735 ) ) ;
#9743 = DIRECTION ( 'NONE',  ( -0.8602552328567079076, 0.000000000000000000, -0.5098636428915590546 ) ) ;
#9744 = LINE ( 'NONE', #1410, #10612 ) ;
#9745 = DIRECTION ( 'NONE',  ( -0.000000000000000000, 1.000000000000000000, -0.000000000000000000 ) ) ;
#9746 = EDGE_LOOP ( 'NONE', ( #1933, #3510, #10056, #5008 ) ) ;
#9747 = CARTESIAN_POINT ( 'NONE',  ( -12.89235487386268098, 2.700000000000000178, -4.639930906081514372 ) ) ;
#9748 = ORIENTED_EDGE ( 'NONE', *, *, #8837, .T. ) ;
#9749 = DIRECTION ( 'NONE',  ( -0.000000000000000000, 0.000000000000000000, -1.000000000000000000 ) ) ;
#9750 = PLANE ( 'NONE',  #12671 ) ;
#9751 = ORIENTED_EDGE ( 'NONE', *, *, #4161, .F. ) ;
#9752 = EDGE_CURVE ( 'NONE', #12439, #346, #9008, .T. ) ;
#9753 = LINE ( 'NONE', #531, #3175 ) ;
#9754 = ORIENTED_EDGE ( 'NONE', *, *, #9000, .T. ) ;
#9755 = EDGE_CURVE ( 'NONE', #13348, #9707, #8825, .T. ) ;
#9756 = PLANE ( 'NONE',  #1819 ) ;
#9757 = EDGE_LOOP ( 'NONE', ( #3426, #7477, #11370, #1256 ) ) ;
#9758 = CYLINDRICAL_SURFACE ( 'NONE', #10779, 2.000000000000001776 ) ;
#9759 = LINE ( 'NONE', #4567, #10748 ) ;
#9760 = ORIENTED_EDGE ( 'NONE', *, *, #866, .T. ) ;
#9761 = FACE_OUTER_BOUND ( 'NONE', #11519, .T. ) ;
#9762 = PLANE ( 'NONE',  #9473 ) ;
#9763 = ORIENTED_EDGE ( 'NONE', *, *, #9664, .F. ) ;
#9764 = LINE ( 'NONE', #405, #13165 ) ;
#9765 = CARTESIAN_POINT ( 'NONE',  ( -27.77950010586266671, 2.700000000000000178, 17.22603196591848373 ) ) ;
#9766 = EDGE_LOOP ( 'NONE', ( #12619, #12483, #334, #13337 ) ) ;
#9767 = DIRECTION ( 'NONE',  ( 0.8314713530511932404, 0.000000000000000000, 0.5555676277963087495 ) ) ;
#9768 = VECTOR ( 'NONE', #6223, 1000.000000000000000 ) ;
#9769 = ORIENTED_EDGE ( 'NONE', *, *, #11395, .F. ) ;
#9770 = ORIENTED_EDGE ( 'NONE', *, *, #11652, .F. ) ;
#9771 = LINE ( 'NONE', #12032, #2602 ) ;
#9772 = ORIENTED_EDGE ( 'NONE', *, *, #9491, .T. ) ;
#9773 = LINE ( 'NONE', #6636, #6518 ) ;
#9774 = CARTESIAN_POINT ( 'NONE',  ( -22.25999999999998025, 0.000000000000000000, -30.13000000000000966 ) ) ;
#9775 = FACE_OUTER_BOUND ( 'NONE', #6258, .T. ) ;
#9776 = PLANE ( 'NONE',  #12049 ) ;
#9777 = DIRECTION ( 'NONE',  ( 0.4885171382866822509, 0.000000000000000000, -0.8725542995138987346 ) ) ;
#9778 = DIRECTION ( 'NONE',  ( -0.000000000000000000, 1.000000000000000000, -0.000000000000000000 ) ) ;
#9779 = FACE_OUTER_BOUND ( 'NONE', #3412, .T. ) ;
#9780 = CARTESIAN_POINT ( 'NONE',  ( -29.79042196530975772, 2.700000000000000178, 1.475263283947634951 ) ) ;
#9781 = LINE ( 'NONE', #425, #2180 ) ;
#9782 = VERTEX_POINT ( 'NONE', #8118 ) ;
#9783 = LINE ( 'NONE', #8901, #3228 ) ;
#9784 = VECTOR ( 'NONE', #3277, 1000.000000000000000 ) ;
#9785 = CARTESIAN_POINT ( 'NONE',  ( -22.25999999999998025, 3.000000000000000000, -38.03000000000000824 ) ) ;
#9786 = VERTEX_POINT ( 'NONE', #7025 ) ;
#9787 = CARTESIAN_POINT ( 'NONE',  ( -3.747957617862667234, 2.700000000000000178, 18.87494002191848352 ) ) ;
#9788 = EDGE_CURVE ( 'NONE', #9444, #9309, #1896, .T. ) ;
#9789 = ORIENTED_EDGE ( 'NONE', *, *, #2342, .F. ) ;
#9790 = LINE ( 'NONE', #6862, #10403 ) ;
#9791 = EDGE_CURVE ( 'NONE', #8885, #262, #10228, .T. ) ;
#9792 = LINE ( 'NONE', #12872, #659 ) ;
#9793 = DIRECTION ( 'NONE',  ( -0.000000000000000000, 1.000000000000000000, -0.000000000000000000 ) ) ;
#9794 = VECTOR ( 'NONE', #7863, 1000.000000000000114 ) ;
#9795 = CARTESIAN_POINT ( 'NONE',  ( -8.222365544976597107, 2.700000000000000178, -6.098255228090876834 ) ) ;
#9796 = VECTOR ( 'NONE', #10726, 1000.000000000000000 ) ;
#9797 = EDGE_CURVE ( 'NONE', #8929, #9540, #10939, .T. ) ;
#9798 = DIRECTION ( 'NONE',  ( 0.1212309411059864228, 0.000000000000000000, 0.9926243291993990248 ) ) ;
#9799 = DIRECTION ( 'NONE',  ( -0.9984316082420013894, 0.000000000000000000, -0.05598503070723974406 ) ) ;
#9800 = EDGE_CURVE ( 'NONE', #7425, #10995, #13237, .T. ) ;
#9801 = LINE ( 'NONE', #9670, #4699 ) ;
#9803 = EDGE_CURVE ( 'NONE', #12424, #247, #1442, .T. ) ;
#9802 = EDGE_LOOP ( 'NONE', ( #2202, #4376, #6668, #2062 ) ) ;
#9804 = VECTOR ( 'NONE', #5291, 1000.000000000000000 ) ;
#9805 = DIRECTION ( 'NONE',  ( 1.000000000000000000, -0.000000000000000000, 0.000000000000000000 ) ) ;
#9806 = VERTEX_POINT ( 'NONE', #3495 ) ;
#9807 = DIRECTION ( 'NONE',  ( -0.8199625269142660766, 0.000000000000000000, 0.5724172031450238674 ) ) ;
#9808 = CARTESIAN_POINT ( 'NONE',  ( -9.657461539367092840, 3.000000000000000000, 14.28945642926003678 ) ) ;
#9809 = LINE ( 'NONE', #7564, #10018 ) ;
#9810 = PLANE ( 'NONE',  #1160 ) ;
#9811 = EDGE_LOOP ( 'NONE', ( #4373, #7329, #4025, #8160 ) ) ;
#9812 = LINE ( 'NONE', #321, #9844 ) ;
#9813 = EDGE_CURVE ( 'NONE', #10865, #674, #8571, .T. ) ;
#9814 = DIRECTION ( 'NONE',  ( 0.9968242903681798772, 0.000000000000000000, -0.07963249419662030149 ) ) ;
#9815 = CARTESIAN_POINT ( 'NONE',  ( -40.16732496186267554, 2.700000000000000178, 13.45109514191848277 ) ) ;
#9816 = VECTOR ( 'NONE', #20, 1000.000000000000000 ) ;
#9817 = VERTEX_POINT ( 'NONE', #9774 ) ;
#9818 = CARTESIAN_POINT ( 'NONE',  ( 0.000000000000000000, 3.000000000000000000, 20.48923905391848166 ) ) ;
#9819 = ORIENTED_EDGE ( 'NONE', *, *, #10723, .T. ) ;
#9820 = EDGE_CURVE ( 'NONE', #2509, #4088, #9919, .T. ) ;
#9821 = VECTOR ( 'NONE', #7494, 1000.000000000000000 ) ;
#9822 = VECTOR ( 'NONE', #640, 1000.000000000000000 ) ;
#9823 = DIRECTION ( 'NONE',  ( 0.9947643450217273919, 0.000000000000000000, -0.1021953906665737100 ) ) ;
#9824 = EDGE_CURVE ( 'NONE', #7125, #9091, #8045, .T. ) ;
#9825 = VERTEX_POINT ( 'NONE', #5680 ) ;
#9826 = DIRECTION ( 'NONE',  ( -0.000000000000000000, -1.000000000000000000, -0.000000000000000000 ) ) ;
#9827 = CARTESIAN_POINT ( 'NONE',  ( 8.493061334137337326, 2.700000000000000178, 1.276651621918487356 ) ) ;
#9828 = VERTEX_POINT ( 'NONE', #7664 ) ;
#9829 = PLANE ( 'NONE',  #10492 ) ;
#9830 = DIRECTION ( 'NONE',  ( -0.07087294926829966479, 0.000000000000000000, 0.9974853508007088809 ) ) ;
#9831 = EDGE_CURVE ( 'NONE', #674, #10865, #12936, .T. ) ;
#9832 = VECTOR ( 'NONE', #1921, 1000.000000000000000 ) ;
#9833 = ORIENTED_EDGE ( 'NONE', *, *, #4826, .F. ) ;
#9834 = CARTESIAN_POINT ( 'NONE',  ( -49.84999999999996589, 3.000000000000000000, -38.03000000000000824 ) ) ;
#9835 = PLANE ( 'NONE',  #6520 ) ;
#9836 = ORIENTED_EDGE ( 'NONE', *, *, #10594, .T. ) ;
#9837 = ADVANCED_FACE ( 'NONE', ( #2538 ), #10869, .T. ) ;
#9838 = AXIS2_PLACEMENT_3D ( 'NONE', #2084, #344, #4511 ) ;
#9839 = VECTOR ( 'NONE', #3925, 1000.000000000000000 ) ;
#9840 = AXIS2_PLACEMENT_3D ( 'NONE', #11906, #9777, #491 ) ;
#9841 = DIRECTION ( 'NONE',  ( 0.000000000000000000, 0.000000000000000000, 1.000000000000000000 ) ) ;
#9842 = ORIENTED_EDGE ( 'NONE', *, *, #2648, .T. ) ;
#9843 = ORIENTED_EDGE ( 'NONE', *, *, #5637, .T. ) ;
#9844 = VECTOR ( 'NONE', #4490, 1000.000000000000000 ) ;
#9845 = FACE_BOUND ( 'NONE', #1810, .T. ) ;
#9846 = ORIENTED_EDGE ( 'NONE', *, *, #787, .F. ) ;
#9847 = PLANE ( 'NONE',  #11097 ) ;
#9848 = EDGE_CURVE ( 'NONE', #9168, #8501, #13302, .T. ) ;
#9850 = VECTOR ( 'NONE', #7821, 1000.000000000000000 ) ;
#9849 = CARTESIAN_POINT ( 'NONE',  ( -6.327604985862667064, 2.700000000000000178, 1.976703053918482222 ) ) ;
#9851 = CARTESIAN_POINT ( 'NONE',  ( -12.09472365952215078, 2.700000000000000178, -1.501295562486026691 ) ) ;
#9852 = CARTESIAN_POINT ( 'NONE',  ( -57.99999999999997868, 3.000000000000000000, -51.00000000000000711 ) ) ;
#9853 = PLANE ( 'NONE',  #11798 ) ;
#9854 = LINE ( 'NONE', #6911, #1208 ) ;
#9855 = EDGE_CURVE ( 'NONE', #3098, #9825, #12213, .T. ) ;
#9856 = DIRECTION ( 'NONE',  ( -0.7915149266413800122, 0.000000000000000000, 0.6111498350682020853 ) ) ;
#9857 = CARTESIAN_POINT ( 'NONE',  ( 46.40247395813732822, 2.700000000000000178, 10.98174778191848056 ) ) ;
#9858 = LINE ( 'NONE', #11974, #2833 ) ;
#9859 = ORIENTED_EDGE ( 'NONE', *, *, #3579, .T. ) ;
#9860 = ORIENTED_EDGE ( 'NONE', *, *, #10003, .T. ) ;
#9861 = VECTOR ( 'NONE', #2541, 1000.000000000000114 ) ;
#9862 = CARTESIAN_POINT ( 'NONE',  ( -0.7082246349140969288, 2.700000000000000178, -1.192967081271806951 ) ) ;
#9863 = ORIENTED_EDGE ( 'NONE', *, *, #3011, .F. ) ;
#9864 = CARTESIAN_POINT ( 'NONE',  ( 1.229014548239711235, 3.000000000000000000, 12.96583199710269341 ) ) ;
#9865 = VECTOR ( 'NONE', #2321, 1000.000000000000000 ) ;
#9866 = ORIENTED_EDGE ( 'NONE', *, *, #8386, .T. ) ;
#9867 = FACE_OUTER_BOUND ( 'NONE', #11383, .T. ) ;
#9868 = CARTESIAN_POINT ( 'NONE',  ( 8.697317851192957860, 3.000000000000000000, -14.51243705941872797 ) ) ;
#9869 = DIRECTION ( 'NONE',  ( -0.7498377928052617492, 0.000000000000000000, 0.6616217079879812557 ) ) ;
#9870 = CARTESIAN_POINT ( 'NONE',  ( 19.81246262213732123, 2.700000000000000178, 11.57363483791847969 ) ) ;
#9871 = DIRECTION ( 'NONE',  ( 0.7285199132161064295, 0.000000000000000000, -0.6850246244096607207 ) ) ;
#9872 = PLANE ( 'NONE',  #7430 ) ;
#9873 = CARTESIAN_POINT ( 'NONE',  ( 40.55008231013732001, 3.000000000000000000, 8.729333693918489345 ) ) ;
#9874 = VECTOR ( 'NONE', #9660, 1000.000000000000000 ) ;
#9875 = VECTOR ( 'NONE', #13366, 1000.000000000000000 ) ;
#9876 = EDGE_CURVE ( 'NONE', #9563, #10821, #6637, .T. ) ;
#9877 = EDGE_CURVE ( 'NONE', #11562, #8723, #3631, .T. ) ;
#9878 = ORIENTED_EDGE ( 'NONE', *, *, #2668, .T. ) ;
#9879 = AXIS2_PLACEMENT_3D ( 'NONE', #12923, #2472, #4969 ) ;
#9880 = CARTESIAN_POINT ( 'NONE',  ( -33.40358639386267470, 2.700000000000000178, 3.809801749918482194 ) ) ;
#9881 = VERTEX_POINT ( 'NONE', #11265 ) ;
#9882 = CARTESIAN_POINT ( 'NONE',  ( -59.99999999999998579, 0.000000000000000000, 29.04999999999999361 ) ) ;
#9883 = CARTESIAN_POINT ( 'NONE',  ( 4.427009075383767644, 2.700000000000000178, 15.51349579600303841 ) ) ;
#9884 = VECTOR ( 'NONE', #12360, 1000.000000000000114 ) ;
#9885 = DIRECTION ( 'NONE',  ( 0.1075176353200260476, 0.000000000000000000, -0.9942031774718836923 ) ) ;
#9886 = LINE ( 'NONE', #6807, #2682 ) ;
#9887 = ORIENTED_EDGE ( 'NONE', *, *, #4242, .T. ) ;
#9888 = CARTESIAN_POINT ( 'NONE',  ( 24.40214407013732156, 2.700000000000000178, -18.47147245808151439 ) ) ;
#9889 = CARTESIAN_POINT ( 'NONE',  ( -1.749486256784396732, 3.000000000000000000, -1.925128287322503073 ) ) ;
#9890 = EDGE_LOOP ( 'NONE', ( #3778, #3066, #13205, #6550 ) ) ;
#9891 = VECTOR ( 'NONE', #1638, 1000.000000000000114 ) ;
#9892 = FACE_OUTER_BOUND ( 'NONE', #4407, .T. ) ;
#9893 = EDGE_CURVE ( 'NONE', #13110, #6022, #4586, .T. ) ;
#9894 = ORIENTED_EDGE ( 'NONE', *, *, #3753, .F. ) ;
#9895 = AXIS2_PLACEMENT_3D ( 'NONE', #11709, #8491, #11772 ) ;
#9896 = ADVANCED_FACE ( 'NONE', ( #868 ), #2605, .T. ) ;
#9897 = AXIS2_PLACEMENT_3D ( 'NONE', #12369, #8328, #3137 ) ;
#9898 = FACE_OUTER_BOUND ( 'NONE', #5185, .T. ) ;
#9899 = ORIENTED_EDGE ( 'NONE', *, *, #4710, .F. ) ;
#9900 = DIRECTION ( 'NONE',  ( -0.000000000000000000, 1.000000000000000000, -0.000000000000000000 ) ) ;
#9901 = DIRECTION ( 'NONE',  ( 0.9807865883708349886, 0.000000000000000000, 0.1950837463037299602 ) ) ;
#9902 = ORIENTED_EDGE ( 'NONE', *, *, #7210, .F. ) ;
#9903 = CARTESIAN_POINT ( 'NONE',  ( 31.71581847862844938, 2.700000000000000178, -3.873508243760150904 ) ) ;
#9904 = CARTESIAN_POINT ( 'NONE',  ( -11.70448221786267951, 3.000000000000000000, -18.32684079408152300 ) ) ;
#9905 = VECTOR ( 'NONE', #9830, 999.9999999999998863 ) ;
#9906 = ORIENTED_EDGE ( 'NONE', *, *, #11395, .T. ) ;
#9907 = DIRECTION ( 'NONE',  ( -0.9846219418855862715, 0.000000000000000000, 0.1746986879099474421 ) ) ;
#9908 = CARTESIAN_POINT ( 'NONE',  ( -12.21029954011108565, 2.700000000000000178, 21.26658587758130992 ) ) ;
#9909 = ORIENTED_EDGE ( 'NONE', *, *, #9475, .F. ) ;
#9910 = EDGE_CURVE ( 'NONE', #5807, #5796, #7361, .T. ) ;
#9911 = CARTESIAN_POINT ( 'NONE',  ( 52.50000000000095923, 0.000000000000000000, 48.67000000000000171 ) ) ;
#9912 = ORIENTED_EDGE ( 'NONE', *, *, #11225, .T. ) ;
#9913 = ORIENTED_EDGE ( 'NONE', *, *, #5976, .T. ) ;
#9914 = EDGE_CURVE ( 'NONE', #3705, #1413, #10504, .T. ) ;
#9915 = EDGE_CURVE ( 'NONE', #5254, #1092, #12418, .T. ) ;
#9916 = CARTESIAN_POINT ( 'NONE',  ( -39.60006879386268253, 3.000000000000000000, 17.78022745391848147 ) ) ;
#9917 = ORIENTED_EDGE ( 'NONE', *, *, #10190, .T. ) ;
#9918 = CARTESIAN_POINT ( 'NONE',  ( 14.22934247013731657, 2.700000000000000178, 20.37552122191847914 ) ) ;
#9919 = LINE ( 'NONE', #11902, #2251 ) ;
#9920 = CARTESIAN_POINT ( 'NONE',  ( 5.265173664008208299, 2.700000000000000178, 5.516746584186072333 ) ) ;
#9921 = LINE ( 'NONE', #560, #9647 ) ;
#9922 = DIRECTION ( 'NONE',  ( 0.3972120834804721001, 0.000000000000000000, 0.9177268442936070691 ) ) ;
#9923 = CARTESIAN_POINT ( 'NONE',  ( -8.796037945862682506, 3.000000000000000000, 9.873927797918481630 ) ) ;
#9924 = DIRECTION ( 'NONE',  ( 1.000000000000000000, 0.000000000000000000, 0.000000000000000000 ) ) ;
#9925 = ORIENTED_EDGE ( 'NONE', *, *, #2983, .F. ) ;
#9926 = DIRECTION ( 'NONE',  ( -0.9956331021264480663, 0.000000000000000000, 0.09335269653344582808 ) ) ;
#9927 = DIRECTION ( 'NONE',  ( -0.000000000000000000, 1.000000000000000000, -0.000000000000000000 ) ) ;
#9928 = ORIENTED_EDGE ( 'NONE', *, *, #12599, .F. ) ;
#9929 = ORIENTED_EDGE ( 'NONE', *, *, #8305, .F. ) ;
#9930 = EDGE_CURVE ( 'NONE', #11429, #4402, #12621, .T. ) ;
#9931 = DESIGN_CONTEXT ( 'detailed design', #12114, 'design' ) ;
#9932 = AXIS2_PLACEMENT_3D ( 'NONE', #10688, #7552, #4607 ) ;
#9933 = CARTESIAN_POINT ( 'NONE',  ( 21.93202289644724345, 2.700000000000000178, -9.115054173568267970 ) ) ;
#9934 = EDGE_LOOP ( 'NONE', ( #11479, #314, #3136, #764 ) ) ;
#9935 = ADVANCED_FACE ( 'NONE', ( #3193 ), #4090, .T. ) ;
#9936 = CARTESIAN_POINT ( 'NONE',  ( -0.2915140174309582832, 2.700000000000000178, -1.077888938502195915 ) ) ;
#9937 = ORIENTED_EDGE ( 'NONE', *, *, #11018, .F. ) ;
#9938 = DIRECTION ( 'NONE',  ( 1.000000000000000000, 0.000000000000000000, 1.853337046983768335E-16 ) ) ;
#9939 = LINE ( 'NONE', #9114, #12477 ) ;
#9941 = VECTOR ( 'NONE', #10382, 1000.000000000000000 ) ;
#9940 = DIRECTION ( 'NONE',  ( 0.000000000000000000, 1.000000000000000000, 0.000000000000000000 ) ) ;
#9942 = DIRECTION ( 'NONE',  ( -1.000000000000000000, 0.000000000000000000, 0.000000000000000000 ) ) ;
#9943 = VECTOR ( 'NONE', #8914, 1000.000000000000114 ) ;
#9944 = LINE ( 'NONE', #9049, #894 ) ;
#9945 = FACE_OUTER_BOUND ( 'NONE', #6431, .T. ) ;
#9946 = ORIENTED_EDGE ( 'NONE', *, *, #7041, .F. ) ;
#9947 = LINE ( 'NONE', #9880, #11988 ) ;
#9948 = VERTEX_POINT ( 'NONE', #48 ) ;
#9949 = LINE ( 'NONE', #13088, #3599 ) ;
#9950 = DIRECTION ( 'NONE',  ( -0.3965497603255000447, 0.000000000000000000, 0.9180132284372531926 ) ) ;
#9951 = CARTESIAN_POINT ( 'NONE',  ( -12.89235487386268098, 3.000000000000000000, -18.14268469808152062 ) ) ;
#9952 = CARTESIAN_POINT ( 'NONE',  ( 12.96448951446525122, 3.000000000000000000, 26.83108228847186183 ) ) ;
#9953 = ORIENTED_EDGE ( 'NONE', *, *, #11728, .T. ) ;
#9954 = AXIS2_PLACEMENT_3D ( 'NONE', #12889, #3459, #4422 ) ;
#9955 = DIRECTION ( 'NONE',  ( -0.000000000000000000, 1.000000000000000000, -0.000000000000000000 ) ) ;
#9956 = CARTESIAN_POINT ( 'NONE',  ( -12.00698910586267054, 3.000000000000000000, -4.272990314081513752 ) ) ;
#9957 = ORIENTED_EDGE ( 'NONE', *, *, #5475, .F. ) ;
#9958 = DIRECTION ( 'NONE',  ( 0.000000000000000000, 0.000000000000000000, -1.000000000000000000 ) ) ;
#9959 = ORIENTED_EDGE ( 'NONE', *, *, #5795, .F. ) ;
#9960 = DIRECTION ( 'NONE',  ( 0.7304253190171661192, 0.000000000000000000, -0.6829925719498500802 ) ) ;
#9961 = EDGE_CURVE ( 'NONE', #5533, #7994, #13442, .T. ) ;
#9962 = ORIENTED_EDGE ( 'NONE', *, *, #6122, .T. ) ;
#9963 = DIRECTION ( 'NONE',  ( 0.3630851823906605658, 0.000000000000000000, 0.9317559499827950953 ) ) ;
#9964 = DIRECTION ( 'NONE',  ( 1.000000000000000000, -0.000000000000000000, 0.000000000000000000 ) ) ;
#9965 = ORIENTED_EDGE ( 'NONE', *, *, #7754, .T. ) ;
#9966 = CARTESIAN_POINT ( 'NONE',  ( -39.60006879386268253, 2.700000000000000178, 17.78022745391848147 ) ) ;
#9967 = LINE ( 'NONE', #2525, #3586 ) ;
#9968 = EDGE_CURVE ( 'NONE', #8836, #10865, #8388, .T. ) ;
#9969 = ORIENTED_EDGE ( 'NONE', *, *, #10463, .F. ) ;
#9970 = CYLINDRICAL_SURFACE ( 'NONE', #9671, 2.000000000000001776 ) ;
#9971 = LINE ( 'NONE', #8744, #10457 ) ;
#9972 = VERTEX_POINT ( 'NONE', #6333 ) ;
#9973 = LINE ( 'NONE', #12027, #2515 ) ;
#9974 = EDGE_CURVE ( 'NONE', #1789, #10617, #10569, .T. ) ;
#9975 = ADVANCED_FACE ( 'NONE', ( #5310 ), #9478, .T. ) ;
#9976 = VERTEX_POINT ( 'NONE', #118 ) ;
#9977 = ORIENTED_EDGE ( 'NONE', *, *, #13185, .T. ) ;
#9978 = LINE ( 'NONE', #3690, #6310 ) ;
#9979 = VERTEX_POINT ( 'NONE', #3060 ) ;
#9980 = CARTESIAN_POINT ( 'NONE',  ( -3.539999999999980496, 3.000000000000000000, -30.13000000000000611 ) ) ;
#9981 = CARTESIAN_POINT ( 'NONE',  ( 15.53142876613732071, 3.000000000000000000, 19.50203655791848689 ) ) ;
#9982 = LINE ( 'NONE', #1586, #1144 ) ;
#9983 = FACE_OUTER_BOUND ( 'NONE', #6764, .T. ) ;
#9984 = CARTESIAN_POINT ( 'NONE',  ( 1.107198751304235396, 2.700000000000000178, 13.57756275681880354 ) ) ;
#9985 = DIRECTION ( 'NONE',  ( 1.000000000000000000, 0.000000000000000000, 0.000000000000000000 ) ) ;
#9986 = EDGE_LOOP ( 'NONE', ( #6365, #10522, #7104, #1866 ) ) ;
#9987 = CARTESIAN_POINT ( 'NONE',  ( 3.430862887065622591, 2.700000000000000178, -8.367519760571145326 ) ) ;
#9988 = PLANE ( 'NONE',  #10467 ) ;
#9989 = VECTOR ( 'NONE', #3158, 1000.000000000000000 ) ;
#9990 = ORIENTED_EDGE ( 'NONE', *, *, #8236, .F. ) ;
#9991 = VERTEX_POINT ( 'NONE', #6266 ) ;
#9992 = DIRECTION ( 'NONE',  ( -1.000000000000000000, 0.000000000000000000, 0.000000000000000000 ) ) ;
#9993 = VERTEX_POINT ( 'NONE', #13507 ) ;
#9994 = DIRECTION ( 'NONE',  ( -0.9653199166134028841, 0.000000000000000000, 0.2610698346984822171 ) ) ;
#9995 = ORIENTED_EDGE ( 'NONE', *, *, #5140, .T. ) ;
#9996 = CARTESIAN_POINT ( 'NONE',  ( -10.97870352787146508, 3.000000000000000000, -26.50492015474165441 ) ) ;
#9997 = DIRECTION ( 'NONE',  ( -0.9974853546635599200, 0.000000000000000000, 0.07087289490145046167 ) ) ;
#9998 = EDGE_CURVE ( 'NONE', #10179, #3616, #8452, .T. ) ;
#9999 = PLANE ( 'NONE',  #4387 ) ;
#10000 = PLANE ( 'NONE',  #8100 ) ;
#10001 = ADVANCED_FACE ( 'NONE', ( #2239 ), #11397, .T. ) ;
#10002 = CARTESIAN_POINT ( 'NONE',  ( -51.45010960986267179, 2.700000000000000178, 16.86510202991848573 ) ) ;
#10003 = EDGE_CURVE ( 'NONE', #8767, #8723, #5378, .T. ) ;
#10004 = LINE ( 'NONE', #10144, #8632 ) ;
#10005 = ORIENTED_EDGE ( 'NONE', *, *, #8584, .T. ) ;
#10006 = DIRECTION ( 'NONE',  ( 0.3826848932557266880, 0.000000000000000000, -0.9238789273892187293 ) ) ;
#10007 = ADVANCED_FACE ( 'NONE', ( #9343 ), #7157, .T. ) ;
#10008 = VERTEX_POINT ( 'NONE', #6200 ) ;
#10009 = VECTOR ( 'NONE', #5794, 1000.000000000000114 ) ;
#10010 = FACE_OUTER_BOUND ( 'NONE', #12539, .T. ) ;
#10011 = ADVANCED_FACE ( 'NONE', ( #1007 ), #5176, .T. ) ;
#10012 = AXIS2_PLACEMENT_3D ( 'NONE', #9908, #1497, #4509 ) ;
#10013 = DIRECTION ( 'NONE',  ( -0.07139984160443882399, 0.000000000000000000, -0.9974477743816270170 ) ) ;
#10014 = DIRECTION ( 'NONE',  ( -0.000000000000000000, 1.000000000000000000, -0.000000000000000000 ) ) ;
#10015 = FACE_OUTER_BOUND ( 'NONE', #10499, .T. ) ;
#10016 = ORIENTED_EDGE ( 'NONE', *, *, #1703, .T. ) ;
#10017 = EDGE_CURVE ( 'NONE', #2196, #10683, #12485, .T. ) ;
#10018 = VECTOR ( 'NONE', #12958, 1000.000000000000114 ) ;
#10019 = LINE ( 'NONE', #459, #13145 ) ;
#10020 = DIRECTION ( 'NONE',  ( 0.9982186956914592679, 0.000000000000000000, 0.05966100545617421952 ) ) ;
#10021 = ORIENTED_EDGE ( 'NONE', *, *, #13257, .F. ) ;
#10022 = LINE ( 'NONE', #7911, #994 ) ;
#10023 = AXIS2_PLACEMENT_3D ( 'NONE', #5811, #1579, #7594 ) ;
#10024 = VECTOR ( 'NONE', #9102, 1000.000000000000000 ) ;
#10025 = ORIENTED_EDGE ( 'NONE', *, *, #7759, .F. ) ;
#10026 = DIRECTION ( 'NONE',  ( -0.8672230934154047111, 0.000000000000000000, -0.4979197789273048236 ) ) ;
#10027 = ORIENTED_EDGE ( 'NONE', *, *, #958, .F. ) ;
#10028 = DIRECTION ( 'NONE',  ( -0.9238814843844340707, 0.000000000000000000, -0.3826787200924746668 ) ) ;
#10029 = VECTOR ( 'NONE', #11233, 1000.000000000000000 ) ;
#10030 = CARTESIAN_POINT ( 'NONE',  ( 3.650000000000028333, 3.000000000000000000, -38.03000000000000824 ) ) ;
#10031 = ORIENTED_EDGE ( 'NONE', *, *, #9251, .T. ) ;
#10032 = LINE ( 'NONE', #12017, #12246 ) ;
#10033 = LINE ( 'NONE', #9010, #6632 ) ;
#10034 = ORIENTED_EDGE ( 'NONE', *, *, #12925, .T. ) ;
#10035 = FACE_OUTER_BOUND ( 'NONE', #3453, .T. ) ;
#10036 = CARTESIAN_POINT ( 'NONE',  ( -7.735111441862674297, 2.700000000000000178, 9.037889845918481768 ) ) ;
#10037 = VERTEX_POINT ( 'NONE', #11463 ) ;
#10038 = CARTESIAN_POINT ( 'NONE',  ( -5.219977615072020072, 2.700000000000000178, -12.47593273333706065 ) ) ;
#10039 = VECTOR ( 'NONE', #9321, 1000.000000000000000 ) ;
#10040 = ORIENTED_EDGE ( 'NONE', *, *, #13046, .F. ) ;
#10041 = ORIENTED_EDGE ( 'NONE', *, *, #7427, .F. ) ;
#10042 = EDGE_CURVE ( 'NONE', #4481, #2536, #2100, .T. ) ;
#10043 = PLANE ( 'NONE',  #9373 ) ;
#10044 = ORIENTED_EDGE ( 'NONE', *, *, #1037, .T. ) ;
#10045 = LINE ( 'NONE', #6082, #6732 ) ;
#10046 = DIRECTION ( 'NONE',  ( -0.3809753635559187113, 0.000000000000000000, -0.9245851893489509532 ) ) ;
#10047 = DIRECTION ( 'NONE',  ( -0.3921865056741485334, 0.000000000000000000, -0.9198857237543699439 ) ) ;
#10048 = DIRECTION ( 'NONE',  ( -0.9956831455872426906, 0.000000000000000000, 0.09281742074359618233 ) ) ;
#10049 = DIRECTION ( 'NONE',  ( 0.9938837125343852330, 0.000000000000000000, -0.1104317253277669608 ) ) ;
#10050 = AXIS2_PLACEMENT_3D ( 'NONE', #6461, #3188, #8313 ) ;
#10051 = VECTOR ( 'NONE', #6754, 1000.000000000000000 ) ;
#10052 = CARTESIAN_POINT ( 'NONE',  ( 0.000000000000000000, 2.700000000000000178, 20.49418290991848224 ) ) ;
#10053 = ORIENTED_EDGE ( 'NONE', *, *, #3741, .T. ) ;
#10054 = CARTESIAN_POINT ( 'NONE',  ( -17.90335120186266593, 2.700000000000000178, 8.380760349918483954 ) ) ;
#10055 = CARTESIAN_POINT ( 'NONE',  ( 3.784175127868599109, 3.000000000000000000, -8.701414333029482862 ) ) ;
#10056 = ORIENTED_EDGE ( 'NONE', *, *, #4881, .T. ) ;
#10057 = CARTESIAN_POINT ( 'NONE',  ( 60.00000000000002842, 0.000000000000000000, 50.99999999999997868 ) ) ;
#10058 = EDGE_LOOP ( 'NONE', ( #2187, #8054, #954, #4284 ) ) ;
#10059 = VECTOR ( 'NONE', #12298, 1000.000000000000000 ) ;
#10060 = APPROVAL_STATUS ( 'not_yet_approved' ) ;
#10061 = EDGE_LOOP ( 'NONE', ( #1052, #5260, #8605, #9107 ) ) ;
#10062 = DIRECTION ( 'NONE',  ( -0.9852953065597072069, 0.000000000000000000, -0.1708600563953215912 ) ) ;
#10063 = EDGE_CURVE ( 'NONE', #11366, #1062, #12985, .T. ) ;
#10064 = VERTEX_POINT ( 'NONE', #10797 ) ;
#10065 = LINE ( 'NONE', #3513, #11046 ) ;
#10066 = CARTESIAN_POINT ( 'NONE',  ( 31.02003279013732495, 3.000000000000000000, 9.789876149918477211 ) ) ;
#10067 = VECTOR ( 'NONE', #2903, 1000.000000000000227 ) ;
#10068 = ADVANCED_FACE ( 'NONE', ( #3628 ), #3427, .T. ) ;
#10069 = DIRECTION ( 'NONE',  ( 0.7396924151211446974, 0.000000000000000000, 0.6729451173849529955 ) ) ;
#10070 = DIRECTION ( 'NONE',  ( 1.000000000000000000, 0.000000000000000000, 0.000000000000000000 ) ) ;
#10071 = CARTESIAN_POINT ( 'NONE',  ( 18.58028119013733104, 3.000000000000000000, 8.803497629918481948 ) ) ;
#10072 = VECTOR ( 'NONE', #6039, 1000.000000000000000 ) ;
#10073 = CARTESIAN_POINT ( 'NONE',  ( -7.306798900690792742, 2.700000000000000178, -5.392044644353198635 ) ) ;
#10074 = EDGE_CURVE ( 'NONE', #13272, #1077, #9978, .T. ) ;
#10075 = CARTESIAN_POINT ( 'NONE',  ( 51.15301767013731649, 2.700000000000000178, 10.34610465391848422 ) ) ;
#10076 = ORIENTED_EDGE ( 'NONE', *, *, #13079, .F. ) ;
#10077 = EDGE_CURVE ( 'NONE', #9299, #2236, #2600, .T. ) ;
#10078 = LINE ( 'NONE', #719, #6743 ) ;
#10079 = EDGE_CURVE ( 'NONE', #11481, #12325, #2672, .T. ) ;
#10080 = ORIENTED_EDGE ( 'NONE', *, *, #12655, .T. ) ;
#10081 = DIRECTION ( 'NONE',  ( -0.4272549406058115395, 0.000000000000000000, -0.9041311938695204553 ) ) ;
#10082 = LINE ( 'NONE', #6937, #6183 ) ;
#10083 = DIRECTION ( 'NONE',  ( 0.000000000000000000, 0.000000000000000000, -1.000000000000000000 ) ) ;
#10084 = EDGE_CURVE ( 'NONE', #10683, #2182, #7661, .T. ) ;
#10085 = DIRECTION ( 'NONE',  ( 0.5555676277962953158, 0.000000000000000000, 0.8314713530512023443 ) ) ;
#10086 = ORIENTED_EDGE ( 'NONE', *, *, #594, .F. ) ;
#10087 = AXIS2_PLACEMENT_3D ( 'NONE', #12240, #5947, #10120 ) ;
#10088 = DIRECTION ( 'NONE',  ( 0.000000000000000000, 1.000000000000000000, 0.000000000000000000 ) ) ;
#10089 = CARTESIAN_POINT ( 'NONE',  ( 3.784175127868599109, 2.700000000000000178, -8.701414333029482862 ) ) ;
#10090 = VERTEX_POINT ( 'NONE', #1647 ) ;
#10091 = CARTESIAN_POINT ( 'NONE',  ( -13.77978413786268064, 2.700000000000000178, 10.78590260591848349 ) ) ;
#10092 = AXIS2_PLACEMENT_3D ( 'NONE', #13027, #4759, #6811 ) ;
#10093 = ADVANCED_FACE ( 'NONE', ( #11898 ), #6765, .T. ) ;
#10094 = ORIENTED_EDGE ( 'NONE', *, *, #11394, .T. ) ;
#10095 = EDGE_CURVE ( 'NONE', #9707, #8589, #4455, .T. ) ;
#10096 = AXIS2_PLACEMENT_3D ( 'NONE', #11737, #2364, #13024 ) ;
#10097 = ORIENTED_EDGE ( 'NONE', *, *, #5408, .F. ) ;
#10098 = EDGE_CURVE ( 'NONE', #7484, #5762, #5747, .T. ) ;
#10099 = LINE ( 'NONE', #8934, #3779 ) ;
#10100 = ORIENTED_EDGE ( 'NONE', *, *, #8140, .F. ) ;
#10101 = CARTESIAN_POINT ( 'NONE',  ( -0.8827826213705834979, 2.700000000000000178, 10.96062298048099315 ) ) ;
#10102 = DIRECTION ( 'NONE',  ( -0.9225069732799374700, 0.000000000000000000, -0.3859804195161828377 ) ) ;
#10103 = ORIENTED_EDGE ( 'NONE', *, *, #3637, .F. ) ;
#10105 = DIRECTION ( 'NONE',  ( 1.000000000000000000, 0.000000000000000000, 0.000000000000000000 ) ) ;
#10104 = AXIS2_PLACEMENT_3D ( 'NONE', #8575, #3384, #5302 ) ;
#10106 = CARTESIAN_POINT ( 'NONE',  ( 2.711446077147747769, 2.700000000000000178, 9.226021939608552103 ) ) ;
#10107 = VERTEX_POINT ( 'NONE', #9916 ) ;
#10108 = PLANE ( 'NONE',  #7496 ) ;
#10109 = LINE ( 'NONE', #1768, #4776 ) ;
#10110 = ORIENTED_EDGE ( 'NONE', *, *, #3434, .T. ) ;
#10111 = CARTESIAN_POINT ( 'NONE',  ( -33.40358639386267470, 3.000000000000000000, 0.000000000000000000 ) ) ;
#10112 = AXIS2_PLACEMENT_3D ( 'NONE', #11870, #10699, #1545 ) ;
#10113 = ORIENTED_EDGE ( 'NONE', *, *, #3558, .F. ) ;
#10114 = VECTOR ( 'NONE', #13265, 1000.000000000000000 ) ;
#10115 = ORIENTED_EDGE ( 'NONE', *, *, #2540, .F. ) ;
#10116 = FACE_OUTER_BOUND ( 'NONE', #9572, .T. ) ;
#10117 = ORIENTED_EDGE ( 'NONE', *, *, #13500, .T. ) ;
#10118 = CARTESIAN_POINT ( 'NONE',  ( -59.99999999999998579, 0.000000000000000000, 29.04999999999999361 ) ) ;
#10119 = LINE ( 'NONE', #4925, #7879 ) ;
#10120 = DIRECTION ( 'NONE',  ( 0.000000000000000000, 0.000000000000000000, 1.000000000000000000 ) ) ;
#10121 = ORIENTED_EDGE ( 'NONE', *, *, #11566, .T. ) ;
#10122 = LINE ( 'NONE', #8343, #2417 ) ;
#10123 = CARTESIAN_POINT ( 'NONE',  ( 0.000000000000000000, 2.700000000000000178, 8.684835941918485958 ) ) ;
#10124 = DIRECTION ( 'NONE',  ( 0.05038126213069148152, 0.000000000000000000, -0.9987300578365100323 ) ) ;
#10125 = ORIENTED_EDGE ( 'NONE', *, *, #6163, .F. ) ;
#10126 = LINE ( 'NONE', #13197, #12739 ) ;
#10127 = CARTESIAN_POINT ( 'NONE',  ( -15.90683668376036763, 3.000000000000000000, -3.211446259749462850 ) ) ;
#10128 = EDGE_LOOP ( 'NONE', ( #3725, #5894, #7963, #5450 ) ) ;
#10129 = DIRECTION ( 'NONE',  ( -0.07087294926829966479, 0.000000000000000000, 0.9974853508007088809 ) ) ;
#10130 = VECTOR ( 'NONE', #6412, 999.9999999999998863 ) ;
#10131 = EDGE_LOOP ( 'NONE', ( #13034, #12964, #6544, #12564 ) ) ;
#10132 = ORIENTED_EDGE ( 'NONE', *, *, #10923, .T. ) ;
#10133 = CARTESIAN_POINT ( 'NONE',  ( -11.98508516186267414, 3.000000000000000000, 20.79331159791848194 ) ) ;
#10134 = ORIENTED_EDGE ( 'NONE', *, *, #1456, .F. ) ;
#10135 = ORIENTED_EDGE ( 'NONE', *, *, #3609, .T. ) ;
#10136 = LINE ( 'NONE', #8092, #360 ) ;
#10137 = DIRECTION ( 'NONE',  ( -0.9867469349408645174, 0.000000000000000000, -0.1622667137302324092 ) ) ;
#10138 = EDGE_CURVE ( 'NONE', #7333, #467, #9771, .T. ) ;
#10139 = LINE ( 'NONE', #779, #2218 ) ;
#10140 = CARTESIAN_POINT ( 'NONE',  ( 10.17693413659244683, 2.700000000000000178, -1.363009251788367848 ) ) ;
#10141 = DIRECTION ( 'NONE',  ( -0.6709023663961941608, 0.000000000000000000, 0.7415456929710986245 ) ) ;
#10142 = EDGE_CURVE ( 'NONE', #3797, #12234, #8887, .T. ) ;
#10143 = LINE ( 'NONE', #3857, #8746 ) ;
#10144 = CARTESIAN_POINT ( 'NONE',  ( 0.9644217569823999581, 3.000000000000000000, 18.00146054435913356 ) ) ;
#10145 = EDGE_CURVE ( 'NONE', #12007, #6295, #1371, .T. ) ;
#10146 = ORIENTED_EDGE ( 'NONE', *, *, #8085, .T. ) ;
#10147 = LINE ( 'NONE', #8105, #649 ) ;
#10148 = AXIS2_PLACEMENT_3D ( 'NONE', #477, #2667, #2463 ) ;
#10149 = ORIENTED_EDGE ( 'NONE', *, *, #7820, .T. ) ;
#10150 = FACE_OUTER_BOUND ( 'NONE', #7610, .T. ) ;
#10151 = AXIS2_PLACEMENT_3D ( 'NONE', #7625, #9742, #10902 ) ;
#10152 = DIRECTION ( 'NONE',  ( -0.000000000000000000, 1.000000000000000000, -0.000000000000000000 ) ) ;
#10153 = DIRECTION ( 'NONE',  ( 0.9305283590510228242, 0.000000000000000000, 0.3662198424468706137 ) ) ;
#10154 = ORIENTED_EDGE ( 'NONE', *, *, #4710, .T. ) ;
#10155 = CARTESIAN_POINT ( 'NONE',  ( 5.612360034842508227, 2.700000000000000178, 13.24086507320487627 ) ) ;
#10156 = LINE ( 'NONE', #795, #1756 ) ;
#10157 = EDGE_CURVE ( 'NONE', #2853, #10617, #4720, .T. ) ;
#10158 = CARTESIAN_POINT ( 'NONE',  ( -2.846091093244773162, 2.700000000000000178, 3.030069727801930402 ) ) ;
#10159 = AXIS2_PLACEMENT_3D ( 'NONE', #9203, #4899, #2781 ) ;
#10160 = ORIENTED_EDGE ( 'NONE', *, *, #11337, .F. ) ;
#10161 = ORIENTED_EDGE ( 'NONE', *, *, #11100, .T. ) ;
#10162 = CARTESIAN_POINT ( 'NONE',  ( -52.49999999999902656, 3.000000000000000000, 46.97000000000000597 ) ) ;
#10163 = CARTESIAN_POINT ( 'NONE',  ( 33.22064815013732186, 2.700000000000000178, 10.05813977391848013 ) ) ;
#10164 = ORIENTED_EDGE ( 'NONE', *, *, #6761, .F. ) ;
#10165 = CARTESIAN_POINT ( 'NONE',  ( 25.46634177616289918, 2.700000000000000178, -9.896256249666096849 ) ) ;
#10166 = CARTESIAN_POINT ( 'NONE',  ( -2.502005321862678766, 2.700000000000000178, 19.27047999791848554 ) ) ;
#10167 = ORIENTED_EDGE ( 'NONE', *, *, #7517, .T. ) ;
#10168 = CARTESIAN_POINT ( 'NONE',  ( 51.68205903013731728, 2.700000000000000178, 0.000000000000000000 ) ) ;
#10169 = PLANE ( 'NONE',  #9687 ) ;
#10170 = EDGE_CURVE ( 'NONE', #8273, #4503, #13050, .T. ) ;
#10171 = EDGE_LOOP ( 'NONE', ( #1857, #12916, #9962, #13019 ) ) ;
#10172 = CARTESIAN_POINT ( 'NONE',  ( 3.723592856264689832, 3.000000000000000000, 13.04750059630097603 ) ) ;
#10173 = CARTESIAN_POINT ( 'NONE',  ( 25.89777735013731075, 2.700000000000000178, 11.86893422191848479 ) ) ;
#10174 = ORIENTED_EDGE ( 'NONE', *, *, #10216, .F. ) ;
#10175 = EDGE_CURVE ( 'NONE', #9527, #8155, #8683, .T. ) ;
#10176 = LINE ( 'NONE', #817, #9941 ) ;
#10177 = EDGE_CURVE ( 'NONE', #8405, #10841, #7729, .T. ) ;
#10178 = ADVANCED_FACE ( 'NONE', ( #2469, #1504, #6634, #10866, #5677, #9845, #4656, #683, #10116 ), #755, .F. ) ;
#10179 = VERTEX_POINT ( 'NONE', #11213 ) ;
#10180 = ORIENTED_EDGE ( 'NONE', *, *, #200, .T. ) ;
#10181 = LINE ( 'NONE', #820, #5655 ) ;
#10182 = ORIENTED_EDGE ( 'NONE', *, *, #11897, .F. ) ;
#10183 = AXIS2_PLACEMENT_3D ( 'NONE', #4929, #12172, #2808 ) ;
#10184 = CARTESIAN_POINT ( 'NONE',  ( -50.53789502586267446, 3.000000000000000000, 13.45109514191848277 ) ) ;
#10185 = CARTESIAN_POINT ( 'NONE',  ( 0.5634329077434963029, 2.700000000000000178, 6.865168417632792952 ) ) ;
#10186 = CARTESIAN_POINT ( 'NONE',  ( -3.923155623185998753, 2.700000000000000178, -4.592116139592095081 ) ) ;
#10187 = ORIENTED_EDGE ( 'NONE', *, *, #1404, .T. ) ;
#10188 = DIRECTION ( 'NONE',  ( -0.9606829169602377760, 0.000000000000000000, 0.2776478580158124876 ) ) ;
#10189 = CARTESIAN_POINT ( 'NONE',  ( 7.557067270137328485, 2.700000000000000178, -18.14267961808151597 ) ) ;
#10190 = EDGE_CURVE ( 'NONE', #8603, #9526, #1706, .T. ) ;
#10191 = ORIENTED_EDGE ( 'NONE', *, *, #6383, .T. ) ;
#10192 = LINE ( 'NONE', #12320, #12952 ) ;
#10193 = CARTESIAN_POINT ( 'NONE',  ( 11.48775791013733105, 2.700000000000000178, 17.20625450991848027 ) ) ;
#10194 = EDGE_LOOP ( 'NONE', ( #6482, #7326, #8158, #1766 ) ) ;
#10195 = CARTESIAN_POINT ( 'NONE',  ( 11.20312652613732141, 2.700000000000000178, 13.25047476591848472 ) ) ;
#10196 = VECTOR ( 'NONE', #12422, 1000.000000000000000 ) ;
#10197 = ORIENTED_EDGE ( 'NONE', *, *, #12337, .F. ) ;
#10198 = VERTEX_POINT ( 'NONE', #13188 ) ;
#10199 = DIRECTION ( 'NONE',  ( -0.9709997323189790697, 0.000000000000000000, 0.2390805718507276190 ) ) ;
#10200 = ORIENTED_EDGE ( 'NONE', *, *, #2874, .T. ) ;
#10201 = VERTEX_POINT ( 'NONE', #4921 ) ;
#10202 = DIRECTION ( 'NONE',  ( -0.6351454721939684411, 0.000000000000000000, 0.7723925356653188468 ) ) ;
#10203 = DIRECTION ( 'NONE',  ( -0.3793655190827832091, 0.000000000000000000, 0.9252468875554514804 ) ) ;
#10204 = DIRECTION ( 'NONE',  ( -0.6277521753278620942, 0.000000000000000000, -0.7784132619445387480 ) ) ;
#10205 = CARTESIAN_POINT ( 'NONE',  ( -28.29132636186266936, 2.700000000000000178, 20.16457726991847821 ) ) ;
#10206 = DIRECTION ( 'NONE',  ( -0.4512527679768273403, 0.000000000000000000, -0.8923961784954324017 ) ) ;
#10207 = CARTESIAN_POINT ( 'NONE',  ( -4.337878150083883888, 2.700000000000000178, 15.00939162442015551 ) ) ;
#10208 = LINE ( 'NONE', #3858, #6885 ) ;
#10209 = LOCAL_TIME ( 12, 27, 52.00000000000000000, #7063 ) ;
#10210 = ADVANCED_FACE ( 'NONE', ( #2800 ), #10043, .T. ) ;
#10211 = ORIENTED_EDGE ( 'NONE', *, *, #1880, .F. ) ;
#10212 = ADVANCED_FACE ( 'NONE', ( #885 ), #1848, .T. ) ;
#10213 = LINE ( 'NONE', #2089, #6985 ) ;
#10214 = ORIENTED_EDGE ( 'NONE', *, *, #11263, .T. ) ;
#10215 = CARTESIAN_POINT ( 'NONE',  ( 52.07883243013732510, 3.000000000000000000, 9.454279157918483278 ) ) ;
#10216 = EDGE_CURVE ( 'NONE', #8935, #247, #9228, .T. ) ;
#10217 = ADVANCED_FACE ( 'NONE', ( #4782 ), #3761, .T. ) ;
#10218 = DIRECTION ( 'NONE',  ( 0.9963693548102062758, 0.000000000000000000, 0.08513582556769710985 ) ) ;
#10219 = PLANE ( 'NONE',  #1915 ) ;
#10220 = VERTEX_POINT ( 'NONE', #12311 ) ;
#10221 = CARTESIAN_POINT ( 'NONE',  ( -14.88241337786267060, 3.000000000000000000, 10.22497002191848381 ) ) ;
#10222 = LINE ( 'NONE', #10089, #10698 ) ;
#10223 = CARTESIAN_POINT ( 'NONE',  ( 50.22000000000002728, 3.000000000000000000, -30.13000000000000611 ) ) ;
#10224 = EDGE_CURVE ( 'NONE', #7573, #276, #13120, .T. ) ;
#10225 = VERTEX_POINT ( 'NONE', #7935 ) ;
#10226 = VECTOR ( 'NONE', #7246, 1000.000000000000000 ) ;
#10227 = ORIENTED_EDGE ( 'NONE', *, *, #1831, .T. ) ;
#10228 = LINE ( 'NONE', #5997, #10537 ) ;
#10229 = CARTESIAN_POINT ( 'NONE',  ( -0.7082246349140969288, 2.700000000000000178, -1.192967081271806951 ) ) ;
#10230 = EDGE_CURVE ( 'NONE', #12162, #7952, #1776, .T. ) ;
#10231 = ORIENTED_EDGE ( 'NONE', *, *, #2920, .T. ) ;
#10232 = LINE ( 'NONE', #3952, #10847 ) ;
#10233 = CARTESIAN_POINT ( 'NONE',  ( -31.12432085130204484, 2.700000000000000178, -12.89212301481553880 ) ) ;
#10234 = ORIENTED_EDGE ( 'NONE', *, *, #3035, .T. ) ;
#10235 = CARTESIAN_POINT ( 'NONE',  ( 17.29126973899049347, 3.000000000000000000, 18.49212090148672516 ) ) ;
#10236 = DIRECTION ( 'NONE',  ( 0.04289985469393606254, 0.000000000000000000, 0.9990793774606895328 ) ) ;
#10237 = EDGE_CURVE ( 'NONE', #7584, #850, #13254, .T. ) ;
#10238 = EDGE_LOOP ( 'NONE', ( #11727, #5872, #7352, #5432, #6142, #4674, #4900, #9928, #7111, #10920, #4985, #8188, #2876, #7876, #9268, #11599, #1697, #6651 ) ) ;
#10239 = CARTESIAN_POINT ( 'NONE',  ( 24.66171175013732508, 2.700000000000000178, 0.000000000000000000 ) ) ;
#10240 = DIRECTION ( 'NONE',  ( -0.1371697224134749149, 0.000000000000000000, -0.9905475593089967390 ) ) ;
#10241 = VECTOR ( 'NONE', #12374, 999.9999999999998863 ) ;
#10242 = ORIENTED_EDGE ( 'NONE', *, *, #2758, .F. ) ;
#10243 = VECTOR ( 'NONE', #951, 1000.000000000000000 ) ;
#10244 = CYLINDRICAL_SURFACE ( 'NONE', #1862, 1.700000000000000178 ) ;
#10245 = EDGE_CURVE ( 'NONE', #2965, #4515, #8065, .T. ) ;
#10246 = ORIENTED_EDGE ( 'NONE', *, *, #11337, .T. ) ;
#10247 = ORIENTED_EDGE ( 'NONE', *, *, #3394, .T. ) ;
#10248 = EDGE_CURVE ( 'NONE', #13485, #11563, #12235, .T. ) ;
#10249 = CARTESIAN_POINT ( 'NONE',  ( -8.971541398788547284, 3.000000000000000000, -3.105358678744050582 ) ) ;
#10250 = ORIENTED_EDGE ( 'NONE', *, *, #9136, .T. ) ;
#10251 = VECTOR ( 'NONE', #4139, 1000.000000000000000 ) ;
#10252 = LINE ( 'NONE', #8269, #13283 ) ;
#10253 = EDGE_CURVE ( 'NONE', #12588, #7776, #11065, .T. ) ;
#10254 = DIRECTION ( 'NONE',  ( -0.000000000000000000, 0.000000000000000000, -1.000000000000000000 ) ) ;
#10255 = CARTESIAN_POINT ( 'NONE',  ( 29.15356967013732614, 3.000000000000000000, 8.457400277918482701 ) ) ;
#10256 = EDGE_CURVE ( 'NONE', #4065, #5820, #3829, .T. ) ;
#10257 = EDGE_LOOP ( 'NONE', ( #4173, #6209, #8451, #9552, #4120, #9153, #11539, #7316, #12620, #1930, #9899, #6466, #8515, #6068, #11334, #10384, #3027, #10103, #9296, #5722, #11620, #9863, #9146, #10517, #6916, #3862, #12818, #5964, #4978, #4273, #3522, #13129, #2412, #6199, #11917, #6956, #6526 ) ) ;
#10258 = FACE_BOUND ( 'NONE', #3668, .T. ) ;
#10259 = CARTESIAN_POINT ( 'NONE',  ( 8.397946462137328538, 2.700000000000000178, -19.40113684208152023 ) ) ;
#10260 = ORIENTED_EDGE ( 'NONE', *, *, #6445, .F. ) ;
#10261 = DIRECTION ( 'NONE',  ( -0.000000000000000000, 1.000000000000000000, -0.000000000000000000 ) ) ;
#10262 = LINE ( 'NONE', #1929, #7623 ) ;
#10263 = ORIENTED_EDGE ( 'NONE', *, *, #11261, .T. ) ;
#10264 = LINE ( 'NONE', #7260, #5412 ) ;
#10265 = ORIENTED_EDGE ( 'NONE', *, *, #36, .F. ) ;
#10266 = EDGE_CURVE ( 'NONE', #5223, #2714, #12165, .T. ) ;
#10267 = APPROVAL_STATUS ( 'not_yet_approved' ) ;
#10268 = ORIENTED_EDGE ( 'NONE', *, *, #12859, .T. ) ;
#10269 = VECTOR ( 'NONE', #7908, 1000.000000000000114 ) ;
#10270 = EDGE_CURVE ( 'NONE', #12220, #11853, #10181, .T. ) ;
#10271 = DIRECTION ( 'NONE',  ( -0.2264934342386245303, 0.000000000000000000, 0.9740126920357834450 ) ) ;
#10272 = AXIS2_PLACEMENT_3D ( 'NONE', #1854, #6023, #761 ) ;
#10273 = ORIENTED_EDGE ( 'NONE', *, *, #6676, .F. ) ;
#10274 = ORIENTED_EDGE ( 'NONE', *, *, #11652, .T. ) ;
#10275 = LINE ( 'NONE', #5013, #1892 ) ;
#10276 = LINE ( 'NONE', #6305, #12672 ) ;
#10277 = CARTESIAN_POINT ( 'NONE',  ( 0.000000000000000000, 2.700000000000000178, 8.380760349918485730 ) ) ;
#10278 = DIRECTION ( 'NONE',  ( 0.07139978715268649467, 0.000000000000000000, -0.9974477782794198832 ) ) ;
#10279 = PLANE ( 'NONE',  #4600 ) ;
#10280 = AXIS2_PLACEMENT_3D ( 'NONE', #6285, #5266, #12511 ) ;
#10281 = CARTESIAN_POINT ( 'NONE',  ( 46.44362399013734688, 2.700000000000000178, 9.483329645918484374 ) ) ;
#10282 = VECTOR ( 'NONE', #9119, 1000.000000000000000 ) ;
#10283 = VECTOR ( 'NONE', #12946, 1000.000000000000000 ) ;
#10284 = ADVANCED_FACE ( 'NONE', ( #8206 ), #3013, .T. ) ;
#10285 = EDGE_LOOP ( 'NONE', ( #3619, #11692, #1769, #11000 ) ) ;
#10286 = AXIS2_PLACEMENT_3D ( 'NONE', #11739, #2764, #6998 ) ;
#10287 = LINE ( 'NONE', #9329, #11349 ) ;
#10288 = ORIENTED_EDGE ( 'NONE', *, *, #8426, .F. ) ;
#10289 = LINE ( 'NONE', #12346, #4269 ) ;
#10290 = VECTOR ( 'NONE', #8393, 1000.000000000000114 ) ;
#10291 = CARTESIAN_POINT ( 'NONE',  ( -47.92485783386268139, 2.700000000000000178, 20.48182225391848377 ) ) ;
#10292 = ORIENTED_EDGE ( 'NONE', *, *, #4654, .F. ) ;
#10293 = DIRECTION ( 'NONE',  ( -1.000000000000000000, 0.000000000000000000, -0.000000000000000000 ) ) ;
#10294 = CARTESIAN_POINT ( 'NONE',  ( -4.265633725041206858, 2.700000000000000178, -4.550908560405951597 ) ) ;
#10295 = ADVANCED_FACE ( 'NONE', ( #11867 ), #2055, .T. ) ;
#10296 = PLANE ( 'NONE',  #2519 ) ;
#10297 = ORIENTED_EDGE ( 'NONE', *, *, #228, .T. ) ;
#10298 = ORIENTED_EDGE ( 'NONE', *, *, #6380, .T. ) ;
#10299 = CARTESIAN_POINT ( 'NONE',  ( -30.53592131386267283, 2.700000000000000178, 0.000000000000000000 ) ) ;
#10300 = CARTESIAN_POINT ( 'NONE',  ( -2.338871310655612934, 2.700000000000000178, 20.59586386831565363 ) ) ;
#10301 = VECTOR ( 'NONE', #5731, 1000.000000000000000 ) ;
#10302 = ORIENTED_EDGE ( 'NONE', *, *, #8886, .F. ) ;
#10303 = CARTESIAN_POINT ( 'NONE',  ( -7.278154265862681882, 3.000000000000000000, -0.000000000000000000 ) ) ;
#10304 = CARTESIAN_POINT ( 'NONE',  ( 2.202390654137325487, 2.700000000000000178, -18.40485333808151935 ) ) ;
#10305 = ORIENTED_EDGE ( 'NONE', *, *, #6590, .T. ) ;
#10306 = DIRECTION ( 'NONE',  ( -0.000000000000000000, 1.000000000000000000, -0.000000000000000000 ) ) ;
#10307 = CARTESIAN_POINT ( 'NONE',  ( 0.000000000000000000, 2.700000000000000178, 0.000000000000000000 ) ) ;
#10308 = ADVANCED_FACE ( 'NONE', ( #2183 ), #10447, .T. ) ;
#10309 = ORIENTED_EDGE ( 'NONE', *, *, #9069, .F. ) ;
#10310 = DIRECTION ( 'NONE',  ( 0.9225015595500916099, 0.000000000000000000, 0.3859933582688291342 ) ) ;
#10311 = FACE_OUTER_BOUND ( 'NONE', #3936, .T. ) ;
#10312 = ORIENTED_EDGE ( 'NONE', *, *, #2393, .T. ) ;
#10313 = VECTOR ( 'NONE', #8593, 1000.000000000000000 ) ;
#10314 = EDGE_CURVE ( 'NONE', #11697, #3364, #134, .T. ) ;
#10315 = DIRECTION ( 'NONE',  ( 0.3887057852901643074, 0.000000000000000000, 0.9213619334886571366 ) ) ;
#10316 = ORIENTED_EDGE ( 'NONE', *, *, #696, .T. ) ;
#10317 = VECTOR ( 'NONE', #564, 1000.000000000000000 ) ;
#10318 = VECTOR ( 'NONE', #13173, 1000.000000000000000 ) ;
#10319 = EDGE_CURVE ( 'NONE', #4250, #9398, #8267, .T. ) ;
#10320 = CARTESIAN_POINT ( 'NONE',  ( 46.44362399013734688, 3.000000000000000000, 9.483329645918484374 ) ) ;
#10321 = VERTEX_POINT ( 'NONE', #6281 ) ;
#10322 = VECTOR ( 'NONE', #350, 1000.000000000000000 ) ;
#10323 = LINE ( 'NONE', #4046, #12842 ) ;
#10324 = LINE ( 'NONE', #8210, #9185 ) ;
#10325 = DIRECTION ( 'NONE',  ( -0.6709023663961941608, 0.000000000000000000, 0.7415456929710986245 ) ) ;
#10326 = ORIENTED_EDGE ( 'NONE', *, *, #328, .T. ) ;
#10327 = FACE_BOUND ( 'NONE', #6073, .T. ) ;
#10328 = DIRECTION ( 'NONE',  ( 0.000000000000000000, 0.000000000000000000, -1.000000000000000000 ) ) ;
#10329 = EDGE_CURVE ( 'NONE', #11653, #8132, #4172, .T. ) ;
#10330 = VECTOR ( 'NONE', #12531, 1000.000000000000227 ) ;
#10331 = VERTEX_POINT ( 'NONE', #4106 ) ;
#10332 = DIRECTION ( 'NONE',  ( 0.001899536769857406403, 0.000000000000000000, 0.9999981958784026626 ) ) ;
#10333 = LINE ( 'NONE', #8217, #13077 ) ;
#10334 = ORIENTED_EDGE ( 'NONE', *, *, #12899, .T. ) ;
#10335 = LINE ( 'NONE', #3845, #824 ) ;
#10336 = VECTOR ( 'NONE', #7055, 1000.000000000000000 ) ;
#10337 = EDGE_CURVE ( 'NONE', #2987, #9698, #1088, .T. ) ;
#10338 = VERTEX_POINT ( 'NONE', #3143 ) ;
#10339 = APPROVAL_ROLE ( '' ) ;
#10340 = VERTEX_POINT ( 'NONE', #10320 ) ;
#10341 = DIRECTION ( 'NONE',  ( 0.5555733586812491298, 0.000000000000000000, 0.8314675237937053653 ) ) ;
#10342 = ORIENTED_EDGE ( 'NONE', *, *, #1286, .T. ) ;
#10343 = ORIENTED_EDGE ( 'NONE', *, *, #13026, .T. ) ;
#10344 = DIRECTION ( 'NONE',  ( 0.8829586124968434868, 0.000000000000000000, 0.4694508372744147784 ) ) ;
#10345 = CARTESIAN_POINT ( 'NONE',  ( -29.01556367386267610, 3.000000000000000000, 8.684835941918485958 ) ) ;
#10346 = DIRECTION ( 'NONE',  ( -0.000000000000000000, 1.000000000000000000, -0.000000000000000000 ) ) ;
#10347 = VECTOR ( 'NONE', #6192, 1000.000000000000114 ) ;
#10348 = CARTESIAN_POINT ( 'NONE',  ( 9.186202950137332124, 2.700000000000000178, 0.000000000000000000 ) ) ;
#10349 = DIRECTION ( 'NONE',  ( 0.1327459462044933147, 0.000000000000000000, 0.9911500964870425534 ) ) ;
#10350 = LINE ( 'NONE', #3104, #451 ) ;
#10351 = AXIS2_PLACEMENT_3D ( 'NONE', #8052, #6137, #12222 ) ;
#10352 = ADVANCED_FACE ( 'NONE', ( #12882 ), #10386, .T. ) ;
#10353 = AXIS2_PLACEMENT_3D ( 'NONE', #6487, #10650, #1290 ) ;
#10354 = EDGE_LOOP ( 'NONE', ( #1572, #3979, #4761, #10780 ) ) ;
#10355 = CARTESIAN_POINT ( 'NONE',  ( -0.7424656886357579033, 2.700000000000000178, 8.013912908743794361 ) ) ;
#10356 = EDGE_CURVE ( 'NONE', #8030, #117, #3523, .T. ) ;
#10357 = VERTEX_POINT ( 'NONE', #6599 ) ;
#10358 = DIRECTION ( 'NONE',  ( -0.000000000000000000, -1.000000000000000000, -0.000000000000000000 ) ) ;
#10359 = VERTEX_POINT ( 'NONE', #12504 ) ;
#10360 = LINE ( 'NONE', #8238, #9278 ) ;
#10361 = LINE ( 'NONE', #10487, #1365 ) ;
#10362 = ORIENTED_EDGE ( 'NONE', *, *, #129, .F. ) ;
#10363 = CARTESIAN_POINT ( 'NONE',  ( 18.03147863013732177, 2.700000000000000178, 9.911009765918478820 ) ) ;
#10364 = LINE ( 'NONE', #8377, #8732 ) ;
#10365 = DIRECTION ( 'NONE',  ( -0.8706030761706156085, 0.000000000000000000, 0.4919860605365372064 ) ) ;
#10366 = VERTEX_POINT ( 'NONE', #10765 ) ;
#10367 = VECTOR ( 'NONE', #4790, 1000.000000000000000 ) ;
#10368 = ORIENTED_EDGE ( 'NONE', *, *, #3406, .F. ) ;
#10369 = DIRECTION ( 'NONE',  ( -0.5658925211636305352, 0.000000000000000000, -0.8244790200430026639 ) ) ;
#10370 = DIRECTION ( 'NONE',  ( 0.8447281712566206968, 0.000000000000000000, -0.5351955873187346224 ) ) ;
#10371 = ORIENTED_EDGE ( 'NONE', *, *, #749, .T. ) ;
#10372 = FACE_OUTER_BOUND ( 'NONE', #806, .T. ) ;
#10373 = FACE_OUTER_BOUND ( 'NONE', #1631, .T. ) ;
#10374 = VERTEX_POINT ( 'NONE', #12438 ) ;
#10375 = CARTESIAN_POINT ( 'NONE',  ( -0.8827826213705834979, 2.700000000000000178, 10.96062298048099315 ) ) ;
#10376 = LINE ( 'NONE', #55, #11814 ) ;
#10377 = ORIENTED_EDGE ( 'NONE', *, *, #7889, .F. ) ;
#10378 = CARTESIAN_POINT ( 'NONE',  ( 0.000000000000000000, 2.700000000000000178, 2.128756597918481930 ) ) ;
#10379 = LINE ( 'NONE', #9488, #3719 ) ;
#10380 = AXIS2_PLACEMENT_3D ( 'NONE', #10792, #1574, #9767 ) ;
#10381 = VERTEX_POINT ( 'NONE', #5262 ) ;
#10382 = DIRECTION ( 'NONE',  ( -0.000000000000000000, 1.000000000000000000, -0.000000000000000000 ) ) ;
#10383 = VECTOR ( 'NONE', #4883, 1000.000000000000000 ) ;
#10384 = ORIENTED_EDGE ( 'NONE', *, *, #2966, .F. ) ;
#10385 = ADVANCED_FACE ( 'NONE', ( #11543 ), #12573, .T. ) ;
#10386 = PLANE ( 'NONE',  #8284 ) ;
#10387 = ORIENTED_EDGE ( 'NONE', *, *, #4399, .F. ) ;
#10388 = ADVANCED_FACE ( 'NONE', ( #7312 ), #3078, .T. ) ;
#10389 = LINE ( 'NONE', #9559, #5641 ) ;
#10390 = LINE ( 'NONE', #7317, #2494 ) ;
#10391 = LINE ( 'NONE', #1028, #4203 ) ;
#10392 = ORIENTED_EDGE ( 'NONE', *, *, #1821, .F. ) ;
#10393 = FACE_BOUND ( 'NONE', #3274, .T. ) ;
#10394 = DIRECTION ( 'NONE',  ( -0.9616069243909928232, 0.000000000000000000, -0.2744305430583400818 ) ) ;
#10395 = EDGE_CURVE ( 'NONE', #12881, #4432, #8468, .T. ) ;
#10396 = VERTEX_POINT ( 'NONE', #4237 ) ;
#10397 = DIRECTION ( 'NONE',  ( 0.000000000000000000, 0.000000000000000000, -1.000000000000000000 ) ) ;
#10398 = LINE ( 'NONE', #12176, #12647 ) ;
#10399 = ADVANCED_FACE ( 'NONE', ( #1405 ), #2431, .T. ) ;
#10400 = VERTEX_POINT ( 'NONE', #11478 ) ;
#10401 = CARTESIAN_POINT ( 'NONE',  ( 0.000000000000000000, 3.000000000000000000, 20.48923905391848166 ) ) ;
#10402 = ORIENTED_EDGE ( 'NONE', *, *, #2125, .F. ) ;
#10403 = VECTOR ( 'NONE', #4806, 1000.000000000000000 ) ;
#10404 = ADVANCED_FACE ( 'NONE', ( #11416 ), #8403, .T. ) ;
#10405 = ORIENTED_EDGE ( 'NONE', *, *, #10142, .T. ) ;
#10406 = CARTESIAN_POINT ( 'NONE',  ( -15.90683668376036763, 2.700000000000000178, -3.211446259749462850 ) ) ;
#10407 = VERTEX_POINT ( 'NONE', #2634 ) ;
#10408 = DIRECTION ( 'NONE',  ( -0.000000000000000000, 1.000000000000000000, -0.000000000000000000 ) ) ;
#10409 = FACE_OUTER_BOUND ( 'NONE', #12780, .T. ) ;
#10410 = CARTESIAN_POINT ( 'NONE',  ( 20.45169121413731972, 2.700000000000000178, 14.57096793391848166 ) ) ;
#10411 = LINE ( 'NONE', #983, #13344 ) ;
#10412 = LINE ( 'NONE', #3103, #1334 ) ;
#10413 = VERTEX_POINT ( 'NONE', #4749 ) ;
#10414 = ORIENTED_EDGE ( 'NONE', *, *, #7832, .T. ) ;
#10415 = DIRECTION ( 'NONE',  ( -0.000000000000000000, 1.000000000000000000, -0.000000000000000000 ) ) ;
#10416 = ORIENTED_EDGE ( 'NONE', *, *, #7816, .F. ) ;
#10417 = EDGE_CURVE ( 'NONE', #4383, #9154, #4617, .T. ) ;
#10418 = LINE ( 'NONE', #13286, #3924 ) ;
#10419 = ORIENTED_EDGE ( 'NONE', *, *, #7379, .F. ) ;
#10420 = CARTESIAN_POINT ( 'NONE',  ( 3.650000000000028333, 0.000000000000000000, -38.03000000000000824 ) ) ;
#10421 = FACE_OUTER_BOUND ( 'NONE', #884, .T. ) ;
#10423 = ORIENTED_EDGE ( 'NONE', *, *, #5856, .F. ) ;
#10422 = EDGE_CURVE ( 'NONE', #5366, #11744, #3795, .T. ) ;
#10424 = DIRECTION ( 'NONE',  ( -0.9995958952948116316, 0.000000000000000000, 0.02842615186345286496 ) ) ;
#10425 = CARTESIAN_POINT ( 'NONE',  ( 24.40214407013732156, 3.000000000000000000, -18.47147245808151439 ) ) ;
#10426 = VECTOR ( 'NONE', #644, 1000.000000000000000 ) ;
#10427 = VECTOR ( 'NONE', #2418, 1000.000000000000000 ) ;
#10428 = LINE ( 'NONE', #3320, #12567 ) ;
#10429 = ORIENTED_EDGE ( 'NONE', *, *, #2980, .F. ) ;
#10430 = EDGE_CURVE ( 'NONE', #1422, #13261, #3723, .T. ) ;
#10431 = ORIENTED_EDGE ( 'NONE', *, *, #13235, .T. ) ;
#10432 = DIRECTION ( 'NONE',  ( 1.000000000000000000, -0.000000000000000000, 0.000000000000000000 ) ) ;
#10433 = CARTESIAN_POINT ( 'NONE',  ( 11.10824838213732235, 2.700000000000000178, 14.57591280591848459 ) ) ;
#10434 = PRODUCT_DEFINITION ( 'UNKNOWN', '', #8900, #9931 ) ;
#10435 = DIRECTION ( 'NONE',  ( 0.3837788242531878224, 0.000000000000000000, 0.9234250451741281562 ) ) ;
#10436 = DIRECTION ( 'NONE',  ( -0.000000000000000000, 1.000000000000000000, -0.000000000000000000 ) ) ;
#10437 = ORIENTED_EDGE ( 'NONE', *, *, #13439, .T. ) ;
#10438 = LINE ( 'NONE', #7613, #8758 ) ;
#10439 = DIRECTION ( 'NONE',  ( 0.5544331390885391952, 0.000000000000000000, 0.8322282705366530475 ) ) ;
#10440 = ORIENTED_EDGE ( 'NONE', *, *, #4144, .F. ) ;
#10441 = LINE ( 'NONE', #11608, #61 ) ;
#10442 = DIRECTION ( 'NONE',  ( 1.000000000000000000, -0.000000000000000000, 0.000000000000000000 ) ) ;
#10443 = ORIENTED_EDGE ( 'NONE', *, *, #11098, .T. ) ;
#10444 = DIRECTION ( 'NONE',  ( 1.000000000000000000, 0.000000000000000000, -0.000000000000000000 ) ) ;
#10445 = VECTOR ( 'NONE', #12711, 1000.000000000000114 ) ;
#10446 = EDGE_LOOP ( 'NONE', ( #5478, #5831, #2447, #6729 ) ) ;
#10447 = PLANE ( 'NONE',  #5440 ) ;
#10448 = EDGE_LOOP ( 'NONE', ( #4897, #476, #18, #9866 ) ) ;
#10449 = CARTESIAN_POINT ( 'NONE',  ( 43.08399647013732903, 2.700000000000000178, 9.782460365918479894 ) ) ;
#10450 = ORIENTED_EDGE ( 'NONE', *, *, #1807, .T. ) ;
#10451 = CARTESIAN_POINT ( 'NONE',  ( 45.46960511013733708, 2.700000000000000178, 10.54387108591848055 ) ) ;
#10452 = VECTOR ( 'NONE', #3492, 1000.000000000000000 ) ;
#10453 = DIRECTION ( 'NONE',  ( -1.000000000000000000, 0.000000000000000000, 0.000000000000000000 ) ) ;
#10454 = VERTEX_POINT ( 'NONE', #6670 ) ;
#10455 = LINE ( 'NONE', #9435, #5259 ) ;
#10456 = FACE_OUTER_BOUND ( 'NONE', #3160, .T. ) ;
#10457 = VECTOR ( 'NONE', #6694, 1000.000000000000000 ) ;
#10458 = VERTEX_POINT ( 'NONE', #13084 ) ;
#10459 = LINE ( 'NONE', #1099, #12944 ) ;
#10460 = DIRECTION ( 'NONE',  ( -0.8327129386556192392, 0.000000000000000000, 0.5537049410972625374 ) ) ;
#10461 = ORIENTED_EDGE ( 'NONE', *, *, #5394, .F. ) ;
#10462 = VECTOR ( 'NONE', #10014, 1000.000000000000000 ) ;
#10463 = EDGE_CURVE ( 'NONE', #11262, #2886, #6801, .T. ) ;
#10464 = EDGE_LOOP ( 'NONE', ( #8111, #4598, #9965, #8834 ) ) ;
#10465 = VECTOR ( 'NONE', #1056, 1000.000000000000000 ) ;
#10466 = ORIENTED_EDGE ( 'NONE', *, *, #6542, .F. ) ;
#10467 = AXIS2_PLACEMENT_3D ( 'NONE', #766, #11153, #4055 ) ;
#10468 = ORIENTED_EDGE ( 'NONE', *, *, #4249, .F. ) ;
#10469 = DIRECTION ( 'NONE',  ( 0.9802226050266665824, 0.000000000000000000, 0.1978980661722990753 ) ) ;
#10470 = CARTESIAN_POINT ( 'NONE',  ( -57.99999999999997868, 0.000000000000000000, -51.00000000000000711 ) ) ;
#10471 = DIRECTION ( 'NONE',  ( 0.04113955615027988649, 0.000000000000000000, -0.9991534101026517956 ) ) ;
#10472 = LINE ( 'NONE', #3432, #2266 ) ;
#10473 = CARTESIAN_POINT ( 'NONE',  ( -27.86602368186266787, 3.000000000000000000, 20.43485257391848720 ) ) ;
#10474 = LINE ( 'NONE', #12333, #13114 ) ;
#10475 = DIRECTION ( 'NONE',  ( 0.8706693720387367330, 0.000000000000000000, 0.4918687269929568617 ) ) ;
#10476 = VECTOR ( 'NONE', #6369, 1000.000000000000000 ) ;
#10477 = ORIENTED_EDGE ( 'NONE', *, *, #11064, .T. ) ;
#10478 = VERTEX_POINT ( 'NONE', #7965 ) ;
#10479 = VECTOR ( 'NONE', #12687, 1000.000000000000000 ) ;
#10480 = ADVANCED_FACE ( 'NONE', ( #10970 ), #6730, .T. ) ;
#10481 = VERTEX_POINT ( 'NONE', #12133 ) ;
#10482 = CARTESIAN_POINT ( 'NONE',  ( 13.43084775013732468, 2.700000000000000178, 10.84052886191847875 ) ) ;
#10483 = ADVANCED_FACE ( 'NONE', ( #2705 ), #13017, .T. ) ;
#10484 = EDGE_LOOP ( 'NONE', ( #2381, #13396, #2592, #5306 ) ) ;
#10485 = CARTESIAN_POINT ( 'NONE',  ( 20.25390751013731006, 3.000000000000000000, 10.02225566991848460 ) ) ;
#10486 = DIRECTION ( 'NONE',  ( -0.000000000000000000, 1.000000000000000000, -0.000000000000000000 ) ) ;
#10487 = CARTESIAN_POINT ( 'NONE',  ( -2.108361287390029482, 3.000000000000000000, 21.76114791024463457 ) ) ;
#10488 = EDGE_LOOP ( 'NONE', ( #4557, #2749, #6214, #260 ) ) ;
#10489 = EDGE_CURVE ( 'NONE', #8879, #12241, #9052, .T. ) ;
#10490 = VECTOR ( 'NONE', #5019, 1000.000000000000114 ) ;
#10491 = AXIS2_PLACEMENT_3D ( 'NONE', #4321, #6442, #10543 ) ;
#10492 = AXIS2_PLACEMENT_3D ( 'NONE', #10921, #6828, #2456 ) ;
#10493 = LINE ( 'NONE', #12686, #1805 ) ;
#10494 = DIRECTION ( 'NONE',  ( -0.9894149587662086631, 0.000000000000000000, -0.1451138841381534872 ) ) ;
#10495 = DIRECTION ( 'NONE',  ( -0.9217168470796087698, 0.000000000000000000, -0.3878634473750073863 ) ) ;
#10496 = EDGE_CURVE ( 'NONE', #10396, #6113, #9947, .T. ) ;
#10497 = EDGE_CURVE ( 'NONE', #12588, #4065, #4818, .T. ) ;
#10498 = ORIENTED_EDGE ( 'NONE', *, *, #12252, .T. ) ;
#10499 = EDGE_LOOP ( 'NONE', ( #9611, #10164, #5660, #3673 ) ) ;
#10500 = EDGE_CURVE ( 'NONE', #6233, #8392, #8984, .T. ) ;
#10501 = VECTOR ( 'NONE', #12596, 999.9999999999998863 ) ;
#10502 = VERTEX_POINT ( 'NONE', #8785 ) ;
#10503 = EDGE_CURVE ( 'NONE', #11366, #4951, #4686, .T. ) ;
#10504 = LINE ( 'NONE', #7224, #4003 ) ;
#10505 = DIRECTION ( 'NONE',  ( -0.000000000000000000, 1.000000000000000000, -0.000000000000000000 ) ) ;
#10506 = FACE_OUTER_BOUND ( 'NONE', #10595, .T. ) ;
#10507 = FACE_OUTER_BOUND ( 'NONE', #5327, .T. ) ;
#10508 = ORIENTED_EDGE ( 'NONE', *, *, #7676, .F. ) ;
#10509 = CARTESIAN_POINT ( 'NONE',  ( 18.72742034213730733, 3.000000000000000000, 10.30064678191848060 ) ) ;
#10510 = CARTESIAN_POINT ( 'NONE',  ( -31.68779126006176483, 2.700000000000000178, 9.520572290536454929 ) ) ;
#10511 = VERTEX_POINT ( 'NONE', #12063 ) ;
#10512 = CARTESIAN_POINT ( 'NONE',  ( -40.23145894586267701, 2.700000000000000178, 15.00871254991848147 ) ) ;
#10513 = PLANE ( 'NONE',  #3041 ) ;
#10514 = ORIENTED_EDGE ( 'NONE', *, *, #8136, .T. ) ;
#10515 = EDGE_CURVE ( 'NONE', #13491, #1104, #5910, .T. ) ;
#10516 = DIRECTION ( 'NONE',  ( -0.000000000000000000, 1.000000000000000000, -0.000000000000000000 ) ) ;
#10517 = ORIENTED_EDGE ( 'NONE', *, *, #12403, .F. ) ;
#10518 = VECTOR ( 'NONE', #4787, 1000.000000000000000 ) ;
#10519 = EDGE_CURVE ( 'NONE', #13276, #5671, #13154, .T. ) ;
#10521 = DIRECTION ( 'NONE',  ( 0.5098636428915590546, 0.000000000000000000, -0.8602552328567079076 ) ) ;
#10520 = VECTOR ( 'NONE', #7667, 999.9999999999998863 ) ;
#10522 = ORIENTED_EDGE ( 'NONE', *, *, #10314, .F. ) ;
#10523 = CARTESIAN_POINT ( 'NONE',  ( -50.32295311386267400, 2.700000000000000178, 19.06881110991847805 ) ) ;
#10524 = VERTEX_POINT ( 'NONE', #11102 ) ;
#10525 = DIRECTION ( 'NONE',  ( 0.000000000000000000, 0.000000000000000000, 1.000000000000000000 ) ) ;
#10526 = DIRECTION ( 'NONE',  ( 0.5726983836130418171, 0.000000000000000000, -0.8197661626384740163 ) ) ;
#10527 = EDGE_LOOP ( 'NONE', ( #2334, #1675, #10187, #10326 ) ) ;
#10528 = FACE_BOUND ( 'NONE', #812, .T. ) ;
#10529 = LINE ( 'NONE', #10, #5542 ) ;
#10530 = ORIENTED_EDGE ( 'NONE', *, *, #8436, .F. ) ;
#10531 = CARTESIAN_POINT ( 'NONE',  ( -5.373779536159825732, 2.700000000000000178, -3.675848445542192255 ) ) ;
#10532 = CARTESIAN_POINT ( 'NONE',  ( -7.377045609862681097, 3.000000000000000000, 11.76263217391848315 ) ) ;
#10533 = EDGE_LOOP ( 'NONE', ( #7455, #9004, #8899, #2172 ) ) ;
#10534 = VECTOR ( 'NONE', #6654, 1000.000000000000000 ) ;
#10535 = AXIS2_PLACEMENT_3D ( 'NONE', #140, #10589, #8539 ) ;
#10536 = VERTEX_POINT ( 'NONE', #3595 ) ;
#10537 = VECTOR ( 'NONE', #12291, 1000.000000000000000 ) ;
#10538 = VERTEX_POINT ( 'NONE', #1741 ) ;
#10539 = ORIENTED_EDGE ( 'NONE', *, *, #6849, .F. ) ;
#10540 = CARTESIAN_POINT ( 'NONE',  ( 0.8646546254032575485, 2.700000000000000178, 9.755882031341855054 ) ) ;
#10541 = CARTESIAN_POINT ( 'NONE',  ( 43.33613719013732180, 2.700000000000000178, 8.499415941918480044 ) ) ;
#10542 = VECTOR ( 'NONE', #2643, 1000.000000000000114 ) ;
#10543 = DIRECTION ( 'NONE',  ( -0.7002596150919100371, 0.000000000000000000, -0.7138882766030900662 ) ) ;
#10544 = DIRECTION ( 'NONE',  ( -0.000000000000000000, 1.000000000000000000, -0.000000000000000000 ) ) ;
#10545 = DIRECTION ( 'NONE',  ( 0.9942031774718838033, 0.000000000000000000, 0.1075176353200260476 ) ) ;
#10546 = CARTESIAN_POINT ( 'NONE',  ( 4.459646754763863186, 3.000000000000000000, -19.17827135138843886 ) ) ;
#10547 = DIRECTION ( 'NONE',  ( -0.000000000000000000, 1.000000000000000000, -0.000000000000000000 ) ) ;
#10548 = ORIENTED_EDGE ( 'NONE', *, *, #6038, .T. ) ;
#10549 = VECTOR ( 'NONE', #3089, 1000.000000000000000 ) ;
#10550 = ORIENTED_EDGE ( 'NONE', *, *, #8835, .F. ) ;
#10551 = VECTOR ( 'NONE', #2640, 1000.000000000000000 ) ;
#10552 = ORIENTED_EDGE ( 'NONE', *, *, #4235, .F. ) ;
#10553 = AXIS2_PLACEMENT_3D ( 'NONE', #10239, #7305, #12496 ) ;
#10554 = CARTESIAN_POINT ( 'NONE',  ( -45.35384544986267485, 3.000000000000000000, 20.79331058191848314 ) ) ;
#10555 = EDGE_CURVE ( 'NONE', #5096, #10179, #6870, .T. ) ;
#10556 = ORIENTED_EDGE ( 'NONE', *, *, #4175, .F. ) ;
#10557 = LINE ( 'NONE', #1196, #7267 ) ;
#10558 = EDGE_CURVE ( 'NONE', #3127, #13002, #10078, .T. ) ;
#10559 = CARTESIAN_POINT ( 'NONE',  ( 7.756792550137331155, 2.700000000000000178, 2.022288941918483740 ) ) ;
#10560 = DIRECTION ( 'NONE',  ( 0.9953392907975358028, 0.000000000000000000, 0.09643493243974647633 ) ) ;
#10561 = ORIENTED_EDGE ( 'NONE', *, *, #7756, .F. ) ;
#10562 = EDGE_CURVE ( 'NONE', #2796, #117, #8029, .T. ) ;
#10563 = LINE ( 'NONE', #177, #7693 ) ;
#10564 = DIRECTION ( 'NONE',  ( -0.7428813691885711723, 0.000000000000000000, -0.6694230884220486733 ) ) ;
#10565 = CARTESIAN_POINT ( 'NONE',  ( 19.49079295813731960, 2.700000000000000178, 19.86238330991848500 ) ) ;
#10566 = EDGE_LOOP ( 'NONE', ( #3310, #7531, #10250, #8884 ) ) ;
#10567 = ORIENTED_EDGE ( 'NONE', *, *, #2668, .F. ) ;
#10568 = EDGE_LOOP ( 'NONE', ( #2860, #8682, #9097, #10343, #9122, #12273, #4400, #9512, #6492, #9640, #12030, #5011, #1302, #8653, #11371, #10906, #12355, #7384, #10998, #12979, #8663, #8549, #8754, #3554, #9977, #1051, #13434, #9456, #9272, #1190, #1868, #5994, #9434, #9303, #10861, #12825, #11435, #3021, #5144, #8384, #7716, #6967, #5918, #11017 ) ) ;
#10569 = LINE ( 'NONE', #2167, #9231 ) ;
#10570 = PLANE ( 'NONE',  #7709 ) ;
#10571 = LINE ( 'NONE', #7297, #6029 ) ;
#10572 = DIRECTION ( 'NONE',  ( -1.000000000000000000, 0.000000000000000000, 0.000000000000000000 ) ) ;
#10573 = ORIENTED_EDGE ( 'NONE', *, *, #5329, .T. ) ;
#10574 = CARTESIAN_POINT ( 'NONE',  ( 0.07854972375943000684, 3.000000000000000000, -0.1402998867804269301 ) ) ;
#10575 = ORIENTED_EDGE ( 'NONE', *, *, #11522, .T. ) ;
#10576 = CARTESIAN_POINT ( 'NONE',  ( -22.90693885786266648, 3.000000000000000000, -0.000000000000000000 ) ) ;
#10577 = CARTESIAN_POINT ( 'NONE',  ( 0.000000000000000000, 3.000000000000000000, 5.031032733918481270 ) ) ;
#10578 = EDGE_LOOP ( 'NONE', ( #11843, #8942, #3374, #5996 ) ) ;
#10579 = LINE ( 'NONE', #12632, #12777 ) ;
#10580 = VECTOR ( 'NONE', #1058, 999.9999999999998863 ) ;
#10581 = ORIENTED_EDGE ( 'NONE', *, *, #9910, .F. ) ;
#10582 = EDGE_CURVE ( 'NONE', #484, #818, #7763, .T. ) ;
#10583 = EDGE_LOOP ( 'NONE', ( #9833, #13251, #10161, #2614 ) ) ;
#10584 = DIRECTION ( 'NONE',  ( 0.7032071704676147172, 0.000000000000000000, 0.7109850036413786212 ) ) ;
#10585 = EDGE_CURVE ( 'NONE', #8616, #2665, #5161, .T. ) ;
#10586 = AXIS2_PLACEMENT_3D ( 'NONE', #195, #4234, #1157 ) ;
#10587 = ORIENTED_EDGE ( 'NONE', *, *, #1456, .T. ) ;
#10588 = CYLINDRICAL_SURFACE ( 'NONE', #2706, 1.700000000000000178 ) ;
#10589 = DIRECTION ( 'NONE',  ( 0.9506764950201828102, 0.000000000000000000, -0.3101841417870044304 ) ) ;
#10590 = ORIENTED_EDGE ( 'NONE', *, *, #4572, .F. ) ;
#10591 = CARTESIAN_POINT ( 'NONE',  ( 25.90519415013731930, 2.700000000000000178, 10.43757208591848240 ) ) ;
#10592 = DIRECTION ( 'NONE',  ( 0.8861933879638910216, 0.000000000000000000, -0.4633155286940862094 ) ) ;
#10593 = VECTOR ( 'NONE', #7895, 999.9999999999998863 ) ;
#10594 = EDGE_CURVE ( 'NONE', #4253, #346, #13489, .T. ) ;
#10595 = EDGE_LOOP ( 'NONE', ( #3887, #6422, #12385, #1637 ) ) ;
#10596 = DIRECTION ( 'NONE',  ( -1.853337046983768335E-16, 0.000000000000000000, 1.000000000000000000 ) ) ;
#10597 = LINE ( 'NONE', #2328, #1722 ) ;
#10598 = ORIENTED_EDGE ( 'NONE', *, *, #7844, .F. ) ;
#10599 = EDGE_CURVE ( 'NONE', #11853, #12523, #2912, .T. ) ;
#10600 = ORIENTED_EDGE ( 'NONE', *, *, #713, .T. ) ;
#10601 = VECTOR ( 'NONE', #9066, 1000.000000000000000 ) ;
#10602 = VERTEX_POINT ( 'NONE', #7144 ) ;
#10603 = EDGE_LOOP ( 'NONE', ( #2098, #12543, #1428, #4934 ) ) ;
#10604 = EDGE_CURVE ( 'NONE', #13519, #11753, #993, .T. ) ;
#10605 = EDGE_CURVE ( 'NONE', #11, #6014, #10287, .T. ) ;
#10606 = DIRECTION ( 'NONE',  ( -0.000000000000000000, 1.000000000000000000, -0.000000000000000000 ) ) ;
#10607 = CARTESIAN_POINT ( 'NONE',  ( -25.49631978738792526, 2.700000000000000178, -0.05362802344682267297 ) ) ;
#10608 = DIRECTION ( 'NONE',  ( -0.000000000000000000, -0.000000000000000000, 1.000000000000000000 ) ) ;
#10609 = CARTESIAN_POINT ( 'NONE',  ( -9.134719513862670226, 3.000000000000000000, 14.41275234991848464 ) ) ;
#10610 = CARTESIAN_POINT ( 'NONE',  ( 11.48775791013733105, 2.700000000000000178, 17.20625450991848027 ) ) ;
#10611 = EDGE_CURVE ( 'NONE', #2826, #9091, #11382, .T. ) ;
#10612 = VECTOR ( 'NONE', #10701, 1000.000000000000000 ) ;
#10613 = PLANE ( 'NONE',  #11385 ) ;
#10614 = CARTESIAN_POINT ( 'NONE',  ( -8.247109401862662281, 2.700000000000000178, 10.17944610991848187 ) ) ;
#10615 = ORIENTED_EDGE ( 'NONE', *, *, #1911, .T. ) ;
#10616 = ORIENTED_EDGE ( 'NONE', *, *, #7394, .T. ) ;
#10617 = VERTEX_POINT ( 'NONE', #11247 ) ;
#10618 = LINE ( 'NONE', #8634, #9804 ) ;
#10619 = ORIENTED_EDGE ( 'NONE', *, *, #1328, .T. ) ;
#10620 = DIRECTION ( 'NONE',  ( -0.000000000000000000, 1.000000000000000000, -0.000000000000000000 ) ) ;
#10621 = DIRECTION ( 'NONE',  ( 0.9744822533593155978, 0.000000000000000000, 0.2244645581996204398 ) ) ;
#10622 = ORIENTED_EDGE ( 'NONE', *, *, #7379, .T. ) ;
#10623 = FACE_OUTER_BOUND ( 'NONE', #12456, .T. ) ;
#10624 = DIRECTION ( 'NONE',  ( 0.000000000000000000, 1.000000000000000000, -0.000000000000000000 ) ) ;
#10625 = CARTESIAN_POINT ( 'NONE',  ( 47.48933183013733128, 2.700000000000000178, 8.820799093918484601 ) ) ;
#10626 = EDGE_CURVE ( 'NONE', #1413, #12881, #10147, .T. ) ;
#10627 = ORIENTED_EDGE ( 'NONE', *, *, #5033, .F. ) ;
#10628 = EDGE_LOOP ( 'NONE', ( #3583, #8028, #5921, #11554 ) ) ;
#10629 = EDGE_LOOP ( 'NONE', ( #988, #760, #13293, #13139 ) ) ;
#10630 = LINE ( 'NONE', #8718, #4917 ) ;
#10631 = FACE_OUTER_BOUND ( 'NONE', #7373, .T. ) ;
#10632 = VECTOR ( 'NONE', #7687, 1000.000000000000000 ) ;
#10633 = CARTESIAN_POINT ( 'NONE',  ( 12.60268583013733057, 2.700000000000000178, 12.39302562991848156 ) ) ;
#10634 = CARTESIAN_POINT ( 'NONE',  ( 3.426465422137319194, 3.000000000000000000, -19.41852365008151438 ) ) ;
#10635 = VERTEX_POINT ( 'NONE', #786 ) ;
#10636 = LINE ( 'NONE', #7301, #6196 ) ;
#10637 = VECTOR ( 'NONE', #656, 1000.000000000000000 ) ;
#10638 = VERTEX_POINT ( 'NONE', #4205 ) ;
#10639 = CARTESIAN_POINT ( 'NONE',  ( -0.4013778297232228898, 3.000000000000000000, 0.2754911968401745348 ) ) ;
#10640 = DIRECTION ( 'NONE',  ( 0.9890547258545990816, 0.000000000000000000, -0.1475491418635975216 ) ) ;
#10641 = ADVANCED_FACE ( 'NONE', ( #8235 ), #3109, .T. ) ;
#10642 = ORIENTED_EDGE ( 'NONE', *, *, #13425, .F. ) ;
#10643 = DIRECTION ( 'NONE',  ( 0.9350687057582840467, 0.000000000000000000, -0.3544665224129461278 ) ) ;
#10644 = ORIENTED_EDGE ( 'NONE', *, *, #13101, .F. ) ;
#10645 = ADVANCED_FACE ( 'NONE', ( #7282 ), #2020, .T. ) ;
#10646 = EDGE_LOOP ( 'NONE', ( #7651, #9770, #2622, #8630 ) ) ;
#10647 = DIRECTION ( 'NONE',  ( -0.6838691909497333077, 0.000000000000000000, -0.7296046392874412367 ) ) ;
#10648 = EDGE_CURVE ( 'NONE', #3547, #5719, #9123, .T. ) ;
#10649 = VERTEX_POINT ( 'NONE', #5098 ) ;
#10650 = DIRECTION ( 'NONE',  ( -0.4707875499612824699, 0.000000000000000000, -0.8822466111022774227 ) ) ;
#10651 = CARTESIAN_POINT ( 'NONE',  ( 7.557067270137328485, 2.700000000000000178, 0.000000000000000000 ) ) ;
#10652 = ORIENTED_EDGE ( 'NONE', *, *, #2287, .T. ) ;
#10653 = FACE_BOUND ( 'NONE', #445, .T. ) ;
#10654 = CARTESIAN_POINT ( 'NONE',  ( -59.99999999999998579, 0.000000000000000000, 50.99999999999997868 ) ) ;
#10655 = VERTEX_POINT ( 'NONE', #7209 ) ;
#10656 = CARTESIAN_POINT ( 'NONE',  ( -11.46902421786267112, 2.700000000000000178, 14.60310604591848183 ) ) ;
#10657 = LINE ( 'NONE', #4185, #9796 ) ;
#10658 = ORIENTED_EDGE ( 'NONE', *, *, #6245, .T. ) ;
#10659 = EDGE_CURVE ( 'NONE', #9979, #6244, #10213, .T. ) ;
#10660 = LINE ( 'NONE', #5474, #6008 ) ;
#10661 = ORIENTED_EDGE ( 'NONE', *, *, #13178, .T. ) ;
#10662 = ORIENTED_EDGE ( 'NONE', *, *, #8001, .T. ) ;
#10663 = EDGE_CURVE ( 'NONE', #6913, #7673, #6252, .T. ) ;
#10664 = EDGE_CURVE ( 'NONE', #1221, #6534, #10418, .T. ) ;
#10665 = ORIENTED_EDGE ( 'NONE', *, *, #8550, .F. ) ;
#10666 = VECTOR ( 'NONE', #4989, 999.9999999999998863 ) ;
#10667 = EDGE_CURVE ( 'NONE', #12375, #4103, #9194, .T. ) ;
#10668 = VECTOR ( 'NONE', #7168, 999.9999999999998863 ) ;
#10669 = LINE ( 'NONE', #7398, #3930 ) ;
#10670 = CARTESIAN_POINT ( 'NONE',  ( 17.50914896613732452, 2.700000000000000178, 20.68580660591847575 ) ) ;
#10671 = DIRECTION ( 'NONE',  ( 0.000000000000000000, 0.000000000000000000, -1.000000000000000000 ) ) ;
#10672 = DIRECTION ( 'NONE',  ( 0.7032071704676147172, 0.000000000000000000, 0.7109850036413785102 ) ) ;
#10673 = DIRECTION ( 'NONE',  ( 1.000000000000000000, 0.000000000000000000, 0.000000000000000000 ) ) ;
#10674 = AXIS2_PLACEMENT_3D ( 'NONE', #12137, #8178, #12202 ) ;
#10675 = DIRECTION ( 'NONE',  ( -0.9317559499827950953, 0.000000000000000000, 0.3630851823906605103 ) ) ;
#10676 = FACE_OUTER_BOUND ( 'NONE', #8614, .T. ) ;
#10677 = ORIENTED_EDGE ( 'NONE', *, *, #4175, .T. ) ;
#10678 = ORIENTED_EDGE ( 'NONE', *, *, #7660, .T. ) ;
#10679 = VECTOR ( 'NONE', #3209, 1000.000000000000000 ) ;
#10680 = VECTOR ( 'NONE', #6853, 1000.000000000000114 ) ;
#10681 = ADVANCED_FACE ( 'NONE', ( #4011 ), #5224, .T. ) ;
#10682 = ADVANCED_FACE ( 'NONE', ( #35 ), #4077, .T. ) ;
#10683 = VERTEX_POINT ( 'NONE', #4401 ) ;
#10684 = DIRECTION ( 'NONE',  ( 0.9880692682966384366, 0.000000000000000000, -0.1540101329385353268 ) ) ;
#10685 = VERTEX_POINT ( 'NONE', #5360 ) ;
#10686 = VECTOR ( 'NONE', #7815, 1000.000000000000000 ) ;
#10687 = DIRECTION ( 'NONE',  ( 0.8040730528593041937, 0.000000000000000000, 0.5945305086078583878 ) ) ;
#10688 = CARTESIAN_POINT ( 'NONE',  ( 0.7699086768041651929, 2.700000000000000178, 2.539351909453870793 ) ) ;
#10689 = EDGE_LOOP ( 'NONE', ( #1106, #8418, #5771, #6367 ) ) ;
#10690 = CARTESIAN_POINT ( 'NONE',  ( -14.09133748986267420, 3.000000000000000000, 11.68599630991847960 ) ) ;
#10691 = CARTESIAN_POINT ( 'NONE',  ( -31.12999999999996348, 3.000000000000000000, -30.13000000000000611 ) ) ;
#10692 = EDGE_CURVE ( 'NONE', #12094, #9309, #8502, .T. ) ;
#10693 = LINE ( 'NONE', #13015, #11030 ) ;
#10694 = VECTOR ( 'NONE', #1197, 1000.000000000000000 ) ;
#10695 = ORIENTED_EDGE ( 'NONE', *, *, #1530, .T. ) ;
#10696 = ORIENTED_EDGE ( 'NONE', *, *, #13483, .T. ) ;
#10698 = VECTOR ( 'NONE', #6879, 999.9999999999998863 ) ;
#10697 = CARTESIAN_POINT ( 'NONE',  ( 50.41633029413731748, 2.700000000000000178, 9.789876149918478987 ) ) ;
#10699 = DIRECTION ( 'NONE',  ( 0.1994440370148543862, 0.000000000000000000, -0.9799092182948466734 ) ) ;
#10700 = VECTOR ( 'NONE', #9304, 1000.000000000000000 ) ;
#10701 = DIRECTION ( 'NONE',  ( -0.000000000000000000, 1.000000000000000000, -0.000000000000000000 ) ) ;
#10702 = LINE ( 'NONE', #1340, #10542 ) ;
#10703 = VERTEX_POINT ( 'NONE', #1193 ) ;
#10704 = CARTESIAN_POINT ( 'NONE',  ( -25.53728259386266686, 2.700000000000000178, 19.42127979791848702 ) ) ;
#10705 = EDGE_CURVE ( 'NONE', #13047, #2288, #2349, .T. ) ;
#10706 = VERTEX_POINT ( 'NONE', #10482 ) ;
#10707 = DIRECTION ( 'NONE',  ( -0.000000000000000000, -0.000000000000000000, 1.000000000000000000 ) ) ;
#10708 = CARTESIAN_POINT ( 'NONE',  ( -11.53021789786267348, 3.000000000000000000, -19.50482573808150732 ) ) ;
#10709 = ORIENTED_EDGE ( 'NONE', *, *, #9069, .T. ) ;
#10710 = PLANE ( 'NONE',  #9708 ) ;
#10711 = VECTOR ( 'NONE', #2173, 1000.000000000000000 ) ;
#10712 = EDGE_LOOP ( 'NONE', ( #2081, #343, #6290, #12362 ) ) ;
#10713 = ORIENTED_EDGE ( 'NONE', *, *, #4495, .F. ) ;
#10714 = VECTOR ( 'NONE', #710, 1000.000000000000000 ) ;
#10715 = DIRECTION ( 'NONE',  ( 0.8295378979889819204, 0.000000000000000000, -0.5584504237620572242 ) ) ;
#10716 = EDGE_CURVE ( 'NONE', #2025, #3226, #9658, .T. ) ;
#10717 = ORIENTED_EDGE ( 'NONE', *, *, #9016, .T. ) ;
#10718 = DIRECTION ( 'NONE',  ( 0.9990728301167682845, 0.000000000000000000, -0.04305206292933301537 ) ) ;
#10719 = CARTESIAN_POINT ( 'NONE',  ( -33.40358639386267470, 2.700000000000000178, 20.48923905391848166 ) ) ;
#10720 = ORIENTED_EDGE ( 'NONE', *, *, #9170, .F. ) ;
#10721 = CARTESIAN_POINT ( 'NONE',  ( 50.41633029413731748, 3.000000000000000000, 9.789876149918478987 ) ) ;
#10722 = CARTESIAN_POINT ( 'NONE',  ( 37.12618263013732189, 2.700000000000000178, 0.000000000000000000 ) ) ;
#10723 = EDGE_CURVE ( 'NONE', #9286, #1663, #10618, .T. ) ;
#10724 = ORIENTED_EDGE ( 'NONE', *, *, #4229, .F. ) ;
#10725 = CARTESIAN_POINT ( 'NONE',  ( 2.720116694012112202, 2.700000000000000178, 17.03855678193557566 ) ) ;
#10726 = DIRECTION ( 'NONE',  ( -0.000000000000000000, 1.000000000000000000, -0.000000000000000000 ) ) ;
#10727 = EDGE_LOOP ( 'NONE', ( #13285, #12792, #5638, #4714 ) ) ;
#10728 = DIRECTION ( 'NONE',  ( -0.000000000000000000, 1.000000000000000000, -0.000000000000000000 ) ) ;
#10729 = EDGE_CURVE ( 'NONE', #8155, #10340, #5561, .T. ) ;
#10730 = ORIENTED_EDGE ( 'NONE', *, *, #11591, .F. ) ;
#10731 = ORIENTED_EDGE ( 'NONE', *, *, #11813, .T. ) ;
#10732 = DIRECTION ( 'NONE',  ( -0.8069181407908987413, 0.000000000000000000, 0.5906632831508651371 ) ) ;
#10733 = ORIENTED_EDGE ( 'NONE', *, *, #8711, .F. ) ;
#10734 = FACE_OUTER_BOUND ( 'NONE', #2041, .T. ) ;
#10735 = LINE ( 'NONE', #5280, #11418 ) ;
#10736 = DIRECTION ( 'NONE',  ( 0.000000000000000000, 0.000000000000000000, -1.000000000000000000 ) ) ;
#10737 = PLANE ( 'NONE',  #9248 ) ;
#10738 = FACE_OUTER_BOUND ( 'NONE', #13287, .T. ) ;
#10739 = AXIS2_PLACEMENT_3D ( 'NONE', #1185, #8557, #291 ) ;
#10740 = PLANE ( 'NONE',  #9632 ) ;
#10741 = DIRECTION ( 'NONE',  ( 0.000000000000000000, 0.000000000000000000, -1.000000000000000000 ) ) ;
#10742 = ORIENTED_EDGE ( 'NONE', *, *, #6868, .T. ) ;
#10743 = EDGE_CURVE ( 'NONE', #2881, #11475, #6585, .T. ) ;
#10744 = EDGE_LOOP ( 'NONE', ( #2501, #11426, #3105, #13462 ) ) ;
#10745 = VECTOR ( 'NONE', #9955, 1000.000000000000000 ) ;
#10746 = EDGE_CURVE ( 'NONE', #9828, #4053, #9590, .T. ) ;
#10747 = VECTOR ( 'NONE', #12677, 1000.000000000000114 ) ;
#10748 = VECTOR ( 'NONE', #12904, 1000.000000000000114 ) ;
#10749 = CARTESIAN_POINT ( 'NONE',  ( 18.03147863013732177, 2.700000000000000178, 9.911009765918478820 ) ) ;
#10750 = ORIENTED_EDGE ( 'NONE', *, *, #12146, .F. ) ;
#10751 = CARTESIAN_POINT ( 'NONE',  ( -51.71957109786267637, 3.000000000000000000, 15.18899971791848102 ) ) ;
#10752 = ORIENTED_EDGE ( 'NONE', *, *, #13014, .F. ) ;
#10753 = CARTESIAN_POINT ( 'NONE',  ( -25.53728259386266686, 2.700000000000000178, 19.42127979791848702 ) ) ;
#10754 = VECTOR ( 'NONE', #12989, 1000.000000000000000 ) ;
#10755 = LINE ( 'NONE', #12678, #10915 ) ;
#10756 = EDGE_CURVE ( 'NONE', #1022, #3947, #7547, .T. ) ;
#10757 = FACE_OUTER_BOUND ( 'NONE', #7283, .T. ) ;
#10758 = VECTOR ( 'NONE', #6673, 1000.000000000000000 ) ;
#10759 = CARTESIAN_POINT ( 'NONE',  ( 8.869769750137326270, 3.000000000000000000, 3.809801749918482194 ) ) ;
#10760 = FACE_OUTER_BOUND ( 'NONE', #151, .T. ) ;
#10761 = ADVANCED_FACE ( 'NONE', ( #12745 ), #170, .T. ) ;
#10762 = DIRECTION ( 'NONE',  ( -0.5086196511956371236, 0.000000000000000000, 0.8609913184333675140 ) ) ;
#10763 = VECTOR ( 'NONE', #831, 1000.000000000000114 ) ;
#10764 = ORIENTED_EDGE ( 'NONE', *, *, #10562, .T. ) ;
#10765 = CARTESIAN_POINT ( 'NONE',  ( 31.02003279013732495, 2.700000000000000178, 9.789876149918477211 ) ) ;
#10766 = ORIENTED_EDGE ( 'NONE', *, *, #12808, .F. ) ;
#10767 = LINE ( 'NONE', #449, #9057 ) ;
#10768 = LINE ( 'NONE', #9808, #11639 ) ;
#10769 = FACE_OUTER_BOUND ( 'NONE', #8858, .T. ) ;
#10770 = CARTESIAN_POINT ( 'NONE',  ( 33.22064815013732186, 3.000000000000000000, 10.05813977391848013 ) ) ;
#10771 = ORIENTED_EDGE ( 'NONE', *, *, #8582, .T. ) ;
#10772 = CARTESIAN_POINT ( 'NONE',  ( -29.66699758629827954, 3.000000000000000000, 14.23142695513418232 ) ) ;
#10773 = EDGE_LOOP ( 'NONE', ( #12560, #1753, #6817, #6436 ) ) ;
#10774 = PLANE ( 'NONE',  #7261 ) ;
#10775 = DIRECTION ( 'NONE',  ( -0.000000000000000000, 1.000000000000000000, -0.000000000000000000 ) ) ;
#10776 = VERTEX_POINT ( 'NONE', #10751 ) ;
#10777 = VECTOR ( 'NONE', #3153, 1000.000000000000000 ) ;
#10778 = DIRECTION ( 'NONE',  ( 0.000000000000000000, 0.000000000000000000, 1.000000000000000000 ) ) ;
#10779 = AXIS2_PLACEMENT_3D ( 'NONE', #6551, #9826, #5595 ) ;
#10780 = ORIENTED_EDGE ( 'NONE', *, *, #36, .T. ) ;
#10781 = DIRECTION ( 'NONE',  ( -0.04163830419599155730, 0.000000000000000000, 0.9991327497503432742 ) ) ;
#10782 = ORIENTED_EDGE ( 'NONE', *, *, #7302, .F. ) ;
#10783 = CARTESIAN_POINT ( 'NONE',  ( 32.19743556613732238, 2.700000000000000178, 1.972340349918480840 ) ) ;
#10784 = DIRECTION ( 'NONE',  ( 1.000000000000000000, 0.000000000000000000, 1.853337046983768335E-16 ) ) ;
#10785 = ORIENTED_EDGE ( 'NONE', *, *, #7554, .T. ) ;
#10786 = CARTESIAN_POINT ( 'NONE',  ( -10.34887646531738348, 3.000000000000000000, 3.923059587976952312 ) ) ;
#10787 = DIRECTION ( 'NONE',  ( -1.000000000000000000, -0.000000000000000000, -0.000000000000000000 ) ) ;
#10788 = ORIENTED_EDGE ( 'NONE', *, *, #6542, .T. ) ;
#10789 = DIRECTION ( 'NONE',  ( 0.8253751189421758561, 0.000000000000000000, 0.5645847261759648905 ) ) ;
#10790 = CARTESIAN_POINT ( 'NONE',  ( -12.89235487386268098, 2.700000000000000178, -4.639930906081514372 ) ) ;
#10791 = ORIENTED_EDGE ( 'NONE', *, *, #6665, .T. ) ;
#10792 = CARTESIAN_POINT ( 'NONE',  ( 16.71363185350617186, 2.700000000000000178, -25.01388741233391499 ) ) ;
#10793 = EDGE_CURVE ( 'NONE', #12290, #4469, #99, .T. ) ;
#10794 = ORIENTED_EDGE ( 'NONE', *, *, #9133, .T. ) ;
#10796 = ORIENTED_EDGE ( 'NONE', *, *, #11470, .F. ) ;
#10795 = ADVANCED_FACE ( 'NONE', ( #5495 ), #8438, .T. ) ;
#10797 = CARTESIAN_POINT ( 'NONE',  ( -2.749224537862673401, 2.700000000000000178, 3.809801749918482194 ) ) ;
#10798 = ORIENTED_EDGE ( 'NONE', *, *, #4958, .T. ) ;
#10799 = AXIS2_PLACEMENT_3D ( 'NONE', #10931, #11960, #8946 ) ;
#10800 = LINE ( 'NONE', #1441, #3251 ) ;
#10801 = DIRECTION ( 'NONE',  ( -0.000000000000000000, 1.000000000000000000, -0.000000000000000000 ) ) ;
#10802 = VECTOR ( 'NONE', #4548, 1000.000000000000114 ) ;
#10803 = EDGE_CURVE ( 'NONE', #5530, #10502, #9727, .T. ) ;
#10804 = ADVANCED_FACE ( 'NONE', ( #1125 ), #11783, .T. ) ;
#10805 = CARTESIAN_POINT ( 'NONE',  ( -49.84999999999996589, 0.000000000000000000, -38.03000000000000824 ) ) ;
#10806 = CARTESIAN_POINT ( 'NONE',  ( -57.99999999999997868, 0.000000000000000000, -53.00000000000000711 ) ) ;
#10807 = CARTESIAN_POINT ( 'NONE',  ( -0.6434463940264369963, 3.000000000000000000, -0.5214178414425246766 ) ) ;
#10808 = CYLINDRICAL_SURFACE ( 'NONE', #11903, 1.700000000000000178 ) ;
#10809 = DIRECTION ( 'NONE',  ( 0.000000000000000000, 0.000000000000000000, -1.000000000000000000 ) ) ;
#10810 = CARTESIAN_POINT ( 'NONE',  ( -51.77395757786267438, 2.700000000000000178, 3.809801749918482194 ) ) ;
#10811 = CARTESIAN_POINT ( 'NONE',  ( -7.412193851067410577, 2.700000000000000178, 9.295386171172523859 ) ) ;
#10812 = ORIENTED_EDGE ( 'NONE', *, *, #626, .T. ) ;
#10813 = ORIENTED_EDGE ( 'NONE', *, *, #12742, .F. ) ;
#10814 = VECTOR ( 'NONE', #8041, 1000.000000000000000 ) ;
#10815 = ADVANCED_FACE ( 'NONE', ( #3442 ), #2286, .T. ) ;
#10816 = EDGE_CURVE ( 'NONE', #11207, #8342, #12542, .T. ) ;
#10817 = DIRECTION ( 'NONE',  ( 0.4952927252049896256, 0.000000000000000000, 0.8687261457784120067 ) ) ;
#10818 = VERTEX_POINT ( 'NONE', #3311 ) ;
#10819 = PLANE ( 'NONE',  #13082 ) ;
#10820 = EDGE_CURVE ( 'NONE', #1830, #6055, #7485, .T. ) ;
#10821 = VERTEX_POINT ( 'NONE', #6314 ) ;
#10822 = LINE ( 'NONE', #3783, #7350 ) ;
#10823 = DIRECTION ( 'NONE',  ( -0.000000000000000000, 1.000000000000000000, -0.000000000000000000 ) ) ;
#10824 = LINE ( 'NONE', #3447, #12693 ) ;
#10825 = PLANE ( 'NONE',  #2783 ) ;
#10826 = DIRECTION ( 'NONE',  ( 1.000000000000000000, 0.000000000000000000, 0.000000000000000000 ) ) ;
#10827 = CARTESIAN_POINT ( 'NONE',  ( 25.89777735013731075, 2.700000000000000178, 11.86893422191848479 ) ) ;
#10828 = ADVANCED_FACE ( 'NONE', ( #6453 ), #11023, .T. ) ;
#10829 = CARTESIAN_POINT ( 'NONE',  ( -11.53021789786267348, 2.700000000000000178, -19.50482573808150732 ) ) ;
#10830 = ADVANCED_FACE ( 'NONE', ( #12941 ), #11918, .T. ) ;
#10831 = EDGE_LOOP ( 'NONE', ( #8581, #2110, #7057, #3261 ) ) ;
#10832 = VECTOR ( 'NONE', #1855, 999.9999999999998863 ) ;
#10833 = CARTESIAN_POINT ( 'NONE',  ( 0.000000000000000000, 3.000000000000000000, 1.080574797918485430 ) ) ;
#10834 = EDGE_CURVE ( 'NONE', #10617, #4394, #6720, .T. ) ;
#10835 = ORIENTED_EDGE ( 'NONE', *, *, #9339, .F. ) ;
#10836 = ADVANCED_FACE ( 'NONE', ( #2759 ), #7746, .T. ) ;
#10837 = PLANE ( 'NONE',  #13203 ) ;
#10838 = DIRECTION ( 'NONE',  ( 0.000000000000000000, 0.000000000000000000, -1.000000000000000000 ) ) ;
#10839 = PLANE ( 'NONE',  #6463 ) ;
#10840 = DIRECTION ( 'NONE',  ( -0.000000000000000000, 1.000000000000000000, -0.000000000000000000 ) ) ;
#10841 = VERTEX_POINT ( 'NONE', #4676 ) ;
#10842 = DIRECTION ( 'NONE',  ( -0.000000000000000000, 1.000000000000000000, -0.000000000000000000 ) ) ;
#10843 = CARTESIAN_POINT ( 'NONE',  ( -15.38672529786268939, 3.000000000000000000, 18.83538714191848484 ) ) ;
#10844 = LINE ( 'NONE', #4628, #12877 ) ;
#10845 = ORIENTED_EDGE ( 'NONE', *, *, #11315, .T. ) ;
#10846 = CARTESIAN_POINT ( 'NONE',  ( -5.219977615072020072, 3.000000000000000000, -12.47593273333706065 ) ) ;
#10847 = VECTOR ( 'NONE', #4839, 1000.000000000000114 ) ;
#10848 = VERTEX_POINT ( 'NONE', #1603 ) ;
#10849 = EDGE_CURVE ( 'NONE', #7154, #12628, #2554, .T. ) ;
#10850 = PLANE ( 'NONE',  #4218 ) ;
#10851 = VERTEX_POINT ( 'NONE', #8698 ) ;
#10852 = CARTESIAN_POINT ( 'NONE',  ( -50.19179665786266753, 3.000000000000000000, 16.55114177391848074 ) ) ;
#10853 = LINE ( 'NONE', #11052, #12709 ) ;
#10854 = ORIENTED_EDGE ( 'NONE', *, *, #244, .F. ) ;
#10855 = FACE_OUTER_BOUND ( 'NONE', #6564, .T. ) ;
#10856 = CARTESIAN_POINT ( 'NONE',  ( 0.7412270159839344785, 3.000000000000000000, 7.215063245595486841 ) ) ;
#10857 = AXIS2_PLACEMENT_3D ( 'NONE', #12045, #2687, #6856 ) ;
#10858 = ORIENTED_EDGE ( 'NONE', *, *, #4898, .T. ) ;
#10859 = LINE ( 'NONE', #1496, #2258 ) ;
#10860 = CARTESIAN_POINT ( 'NONE',  ( 12.31099121413732789, 3.000000000000000000, 14.57096793391847989 ) ) ;
#10861 = ORIENTED_EDGE ( 'NONE', *, *, #584, .T. ) ;
#10862 = CARTESIAN_POINT ( 'NONE',  ( 0.9335490348917346859, 3.000000000000000000, 11.68598778197440602 ) ) ;
#10863 = VECTOR ( 'NONE', #8969, 1000.000000000000000 ) ;
#10864 = ORIENTED_EDGE ( 'NONE', *, *, #10923, .F. ) ;
#10865 = VERTEX_POINT ( 'NONE', #12048 ) ;
#10866 = FACE_BOUND ( 'NONE', #2534, .T. ) ;
#10867 = ORIENTED_EDGE ( 'NONE', *, *, #11006, .T. ) ;
#10868 = DIRECTION ( 'NONE',  ( 0.5945305086078583878, 0.000000000000000000, -0.8040730528593040827 ) ) ;
#10869 = PLANE ( 'NONE',  #9879 ) ;
#10870 = DIRECTION ( 'NONE',  ( 0.000000000000000000, 0.000000000000000000, 1.000000000000000000 ) ) ;
#10871 = PLANE ( 'NONE',  #11616 ) ;
#10872 = FACE_OUTER_BOUND ( 'NONE', #330, .T. ) ;
#10873 = DIRECTION ( 'NONE',  ( -0.000000000000000000, 1.000000000000000000, -0.000000000000000000 ) ) ;
#10874 = CARTESIAN_POINT ( 'NONE',  ( 58.00000000000000711, 3.000000000000000000, 52.99999999999999289 ) ) ;
#10875 = CARTESIAN_POINT ( 'NONE',  ( 22.37000000000002942, 0.000000000000000000, -30.13000000000000611 ) ) ;
#10876 = LINE ( 'NONE', #8766, #12433 ) ;
#10877 = ORIENTED_EDGE ( 'NONE', *, *, #6955, .F. ) ;
#10878 = ADVANCED_FACE ( 'NONE', ( #5625 ), #10819, .T. ) ;
#10879 = EDGE_CURVE ( 'NONE', #3404, #1492, #1665, .T. ) ;
#10880 = PLANE ( 'NONE',  #10857 ) ;
#10881 = AXIS2_PLACEMENT_3D ( 'NONE', #6484, #10647, #1288 ) ;
#10882 = LINE ( 'NONE', #9862, #1687 ) ;
#10883 = ORIENTED_EDGE ( 'NONE', *, *, #8436, .T. ) ;
#10884 = CARTESIAN_POINT ( 'NONE',  ( -23.73936716898641563, 2.700000000000000178, 9.866167772079821319 ) ) ;
#10885 = VERTEX_POINT ( 'NONE', #10954 ) ;
#10886 = LINE ( 'NONE', #1525, #12147 ) ;
#10887 = CARTESIAN_POINT ( 'NONE',  ( -30.53592131386267283, 2.700000000000000178, 9.903592965918480928 ) ) ;
#10888 = EDGE_CURVE ( 'NONE', #5671, #6351, #506, .T. ) ;
#10889 = DIRECTION ( 'NONE',  ( 0.3826836147510480068, 0.000000000000000000, 0.9238794569645282229 ) ) ;
#10890 = VECTOR ( 'NONE', #4887, 1000.000000000000000 ) ;
#10891 = DIRECTION ( 'NONE',  ( 0.000000000000000000, 0.000000000000000000, 1.000000000000000000 ) ) ;
#10892 = VECTOR ( 'NONE', #7106, 1000.000000000000000 ) ;
#10893 = CARTESIAN_POINT ( 'NONE',  ( 16.38009255013730936, 3.000000000000000000, 8.380763397918487456 ) ) ;
#10894 = CARTESIAN_POINT ( 'NONE',  ( -7.626094267671363447, 2.700000000000000178, 1.027764771363180119 ) ) ;
#10895 = DIRECTION ( 'NONE',  ( 1.000000000000000000, 0.000000000000000000, 1.853337046983768581E-16 ) ) ;
#10896 = EDGE_CURVE ( 'NONE', #12517, #2536, #7682, .T. ) ;
#10897 = ORIENTED_EDGE ( 'NONE', *, *, #13521, .F. ) ;
#10898 = AXIS2_PLACEMENT_3D ( 'NONE', #6387, #1258, #1390 ) ;
#10899 = CARTESIAN_POINT ( 'NONE',  ( -27.77950010586266671, 2.700000000000000178, 0.000000000000000000 ) ) ;
#10900 = ORIENTED_EDGE ( 'NONE', *, *, #4994, .F. ) ;
#10901 = EDGE_CURVE ( 'NONE', #4402, #4844, #5697, .T. ) ;
#10902 = DIRECTION ( 'NONE',  ( 0.1087336054244275596, 0.000000000000000000, 0.9940709245579033571 ) ) ;
#10903 = LINE ( 'NONE', #6734, #5962 ) ;
#10904 = CARTESIAN_POINT ( 'NONE',  ( -39.22297226586267271, 3.000000000000000000, 16.57586308591848123 ) ) ;
#10905 = DIRECTION ( 'NONE',  ( 0.5590273022158679384, 0.000000000000000000, -0.8291492479507224234 ) ) ;
#10906 = ORIENTED_EDGE ( 'NONE', *, *, #6181, .T. ) ;
#10907 = CARTESIAN_POINT ( 'NONE',  ( 33.50745377413733195, 2.700000000000000178, 10.79618554191848645 ) ) ;
#10908 = DIRECTION ( 'NONE',  ( 0.000000000000000000, 0.000000000000000000, -1.000000000000000000 ) ) ;
#10909 = ORIENTED_EDGE ( 'NONE', *, *, #9312, .T. ) ;
#10910 = EDGE_CURVE ( 'NONE', #11636, #614, #1458, .T. ) ;
#10911 = EDGE_CURVE ( 'NONE', #130, #1721, #8842, .T. ) ;
#10912 = LINE ( 'NONE', #9818, #3822 ) ;
#10913 = ORIENTED_EDGE ( 'NONE', *, *, #3454, .F. ) ;
#10914 = VECTOR ( 'NONE', #5031, 1000.000000000000000 ) ;
#10915 = VECTOR ( 'NONE', #11787, 1000.000000000000114 ) ;
#10916 = DIRECTION ( 'NONE',  ( 0.9525775992158904693, 0.000000000000000000, -0.3042957730105533831 ) ) ;
#10917 = ORIENTED_EDGE ( 'NONE', *, *, #12901, .T. ) ;
#10918 = CARTESIAN_POINT ( 'NONE',  ( 1.159717918036234918, 2.700000000000000178, 5.542371487537336883 ) ) ;
#10919 = CARTESIAN_POINT ( 'NONE',  ( 0.7591000148449561502, 3.000000000000000000, 8.597144723476736417 ) ) ;
#10920 = ORIENTED_EDGE ( 'NONE', *, *, #3224, .F. ) ;
#10921 = CARTESIAN_POINT ( 'NONE',  ( -50.53789502586267446, 2.700000000000000178, 13.45109514191848277 ) ) ;
#10922 = DIRECTION ( 'NONE',  ( -0.000000000000000000, 1.000000000000000000, -0.000000000000000000 ) ) ;
#10923 = EDGE_CURVE ( 'NONE', #5870, #7855, #636, .T. ) ;
#10924 = AXIS2_PLACEMENT_3D ( 'NONE', #11068, #6020, #9026 ) ;
#10925 = ORIENTED_EDGE ( 'NONE', *, *, #13169, .T. ) ;
#10926 = DIRECTION ( 'NONE',  ( 1.000000000000000000, 0.000000000000000000, 0.000000000000000000 ) ) ;
#10927 = LINE ( 'NONE', #10997, #5220 ) ;
#10928 = VERTEX_POINT ( 'NONE', #8772 ) ;
#10929 = VECTOR ( 'NONE', #1611, 1000.000000000000000 ) ;
#10930 = CIRCLE ( 'NONE', #5907, 1.700000000000000178 ) ;
#10931 = CARTESIAN_POINT ( 'NONE',  ( 29.91787264346362107, 2.700000000000000178, 27.47707133836206239 ) ) ;
#10932 = EDGE_CURVE ( 'NONE', #10008, #3110, #7953, .T. ) ;
#10933 = VERTEX_POINT ( 'NONE', #3582 ) ;
#10934 = VERTEX_POINT ( 'NONE', #4735 ) ;
#10935 = VECTOR ( 'NONE', #8590, 1000.000000000000000 ) ;
#10936 = DIRECTION ( 'NONE',  ( -0.1146200847737000039, 0.000000000000000000, 0.9934094000795794521 ) ) ;
#10937 = VERTEX_POINT ( 'NONE', #6923 ) ;
#10938 = CARTESIAN_POINT ( 'NONE',  ( 28.50381727353427408, 3.000000000000000000, 11.29416476675642578 ) ) ;
#10940 = AXIS2_PLACEMENT_3D ( 'NONE', #4069, #5015, #9454 ) ;
#10939 = LINE ( 'NONE', #9849, #718 ) ;
#10941 = LINE ( 'NONE', #3566, #9205 ) ;
#10942 = PLANE ( 'NONE',  #7040 ) ;
#10943 = CARTESIAN_POINT ( 'NONE',  ( -51.77395757786267438, 2.700000000000000178, 13.49806583791848347 ) ) ;
#10944 = CARTESIAN_POINT ( 'NONE',  ( 30.86776767174531955, 2.700000000000000178, -3.161833983904666301 ) ) ;
#10945 = FACE_OUTER_BOUND ( 'NONE', #7568, .T. ) ;
#10946 = ORIENTED_EDGE ( 'NONE', *, *, #9820, .F. ) ;
#10947 = LINE ( 'NONE', #2750, #11431 ) ;
#10948 = LINE ( 'NONE', #1595, #1085 ) ;
#10949 = ORIENTED_EDGE ( 'NONE', *, *, #10337, .F. ) ;
#10950 = VERTEX_POINT ( 'NONE', #11088 ) ;
#10951 = VECTOR ( 'NONE', #10408, 1000.000000000000000 ) ;
#10952 = LINE ( 'NONE', #11850, #1478 ) ;
#10953 = ORIENTED_EDGE ( 'NONE', *, *, #8426, .T. ) ;
#10954 = CARTESIAN_POINT ( 'NONE',  ( -57.99999999999997158, 0.000000000000000000, 52.99999999999999289 ) ) ;
#10955 = AXIS2_PLACEMENT_3D ( 'NONE', #11968, #3766, #8760 ) ;
#10956 = ORIENTED_EDGE ( 'NONE', *, *, #10562, .F. ) ;
#10957 = CARTESIAN_POINT ( 'NONE',  ( -40.23145894586267701, 2.700000000000000178, 15.00871254991848147 ) ) ;
#10958 = DIRECTION ( 'NONE',  ( 0.9569817088502330371, 0.000000000000000000, -0.2901482533569481048 ) ) ;
#10959 = DIRECTION ( 'NONE',  ( 0.000000000000000000, 0.000000000000000000, 1.000000000000000000 ) ) ;
#10960 = PLANE ( 'NONE',  #6497 ) ;
#10961 = AXIS2_PLACEMENT_3D ( 'NONE', #8445, #5367, #2095 ) ;
#10962 = PLANE ( 'NONE',  #2639 ) ;
#10963 = DIRECTION ( 'NONE',  ( 0.8669935126065556608, 0.000000000000000000, 0.4983194247650259978 ) ) ;
#10964 = VECTOR ( 'NONE', #6393, 1000.000000000000000 ) ;
#10965 = VECTOR ( 'NONE', #52, 999.9999999999998863 ) ;
#10966 = EDGE_CURVE ( 'NONE', #3524, #1253, #1725, .T. ) ;
#10967 = ORIENTED_EDGE ( 'NONE', *, *, #9654, .T. ) ;
#10968 = VECTOR ( 'NONE', #11601, 1000.000000000000114 ) ;
#10969 = EDGE_CURVE ( 'NONE', #5789, #4045, #12868, .T. ) ;
#10970 = FACE_OUTER_BOUND ( 'NONE', #11557, .T. ) ;
#10971 = ORIENTED_EDGE ( 'NONE', *, *, #1115, .T. ) ;
#10972 = DIRECTION ( 'NONE',  ( 0.7971419792268318316, 0.000000000000000000, 0.6037919053401835656 ) ) ;
#10973 = CARTESIAN_POINT ( 'NONE',  ( 52.50000000000095923, 3.000000000000000000, 48.67000000000000171 ) ) ;
#10974 = VECTOR ( 'NONE', #2168, 1000.000000000000000 ) ;
#10975 = EDGE_CURVE ( 'NONE', #5523, #11959, #13346, .T. ) ;
#10976 = CARTESIAN_POINT ( 'NONE',  ( 7.404867422137328958, 3.000000000000000000, 0.9400061179184863169 ) ) ;
#10977 = LINE ( 'NONE', #9952, #716 ) ;
#10978 = ORIENTED_EDGE ( 'NONE', *, *, #9390, .F. ) ;
#10979 = FACE_OUTER_BOUND ( 'NONE', #12769, .T. ) ;
#10980 = CARTESIAN_POINT ( 'NONE',  ( -42.24087123386266995, 3.000000000000000000, 18.98797713391848418 ) ) ;
#10981 = VERTEX_POINT ( 'NONE', #839 ) ;
#10982 = VECTOR ( 'NONE', #11129, 1000.000000000000114 ) ;
#10983 = CARTESIAN_POINT ( 'NONE',  ( -23.73936716898641563, 2.700000000000000178, 9.866167772079821319 ) ) ;
#10984 = ORIENTED_EDGE ( 'NONE', *, *, #5095, .F. ) ;
#10985 = VECTOR ( 'NONE', #2210, 1000.000000000000114 ) ;
#10986 = CARTESIAN_POINT ( 'NONE',  ( -21.67087528986267841, 2.700000000000000178, 8.684835941918485958 ) ) ;
#10987 = VECTOR ( 'NONE', #8526, 1000.000000000000114 ) ;
#10988 = VERTEX_POINT ( 'NONE', #9315 ) ;
#10989 = DIRECTION ( 'NONE',  ( 0.9579094897302745659, 0.000000000000000000, 0.2870703911668442410 ) ) ;
#10990 = DIRECTION ( 'NONE',  ( -1.853337046983768335E-16, 0.000000000000000000, 1.000000000000000000 ) ) ;
#10991 = VERTEX_POINT ( 'NONE', #12327 ) ;
#10992 = CARTESIAN_POINT ( 'NONE',  ( -47.54909328186268169, 2.700000000000000178, 19.33228327791848145 ) ) ;
#10993 = DIRECTION ( 'NONE',  ( -0.000000000000000000, 1.000000000000000000, -0.000000000000000000 ) ) ;
#10994 = AXIS2_PLACEMENT_3D ( 'NONE', #5599, #2387, #542 ) ;
#10995 = VERTEX_POINT ( 'NONE', #10133 ) ;
#10996 = LINE ( 'NONE', #6757, #10982 ) ;
#10997 = CARTESIAN_POINT ( 'NONE',  ( 14.24494702387393019, 2.700000000000000178, 9.637190500381100478 ) ) ;
#10998 = ORIENTED_EDGE ( 'NONE', *, *, #6902, .T. ) ;
#10999 = CARTESIAN_POINT ( 'NONE',  ( 0.000000000000000000, 2.700000000000000178, -18.47147245808151439 ) ) ;
#11000 = ORIENTED_EDGE ( 'NONE', *, *, #2406, .F. ) ;
#11001 = VERTEX_POINT ( 'NONE', #13206 ) ;
#11002 = ADVANCED_FACE ( 'NONE', ( #2007 ), #5966, .T. ) ;
#11003 = DIRECTION ( 'NONE',  ( -0.000000000000000000, 1.000000000000000000, -0.000000000000000000 ) ) ;
#11004 = ORIENTED_EDGE ( 'NONE', *, *, #9189, .F. ) ;
#11005 = LINE ( 'NONE', #10938, #4547 ) ;
#11006 = EDGE_CURVE ( 'NONE', #2822, #4719, #977, .T. ) ;
#11007 = CARTESIAN_POINT ( 'NONE',  ( -22.25999999999997314, 0.000000000000000000, -38.03000000000000824 ) ) ;
#11008 = FACE_OUTER_BOUND ( 'NONE', #2611, .T. ) ;
#11009 = EDGE_CURVE ( 'NONE', #11101, #3547, #11160, .T. ) ;
#11010 = CARTESIAN_POINT ( 'NONE',  ( 0.000000000000000000, 2.700000000000000178, 0.000000000000000000 ) ) ;
#11011 = LINE ( 'NONE', #10944, #8187 ) ;
#11012 = CARTESIAN_POINT ( 'NONE',  ( -27.81050537786267540, 2.700000000000000178, 2.020807613918482293 ) ) ;
#11013 = ORIENTED_EDGE ( 'NONE', *, *, #7712, .F. ) ;
#11014 = DIRECTION ( 'NONE',  ( -0.000000000000000000, 1.000000000000000000, -0.000000000000000000 ) ) ;
#11015 = FACE_OUTER_BOUND ( 'NONE', #3645, .T. ) ;
#11016 = ORIENTED_EDGE ( 'NONE', *, *, #1486, .T. ) ;
#11017 = ORIENTED_EDGE ( 'NONE', *, *, #11492, .T. ) ;
#11018 = EDGE_CURVE ( 'NONE', #11471, #2686, #11300, .T. ) ;
#11019 = ADVANCED_FACE ( 'NONE', ( #3849 ), #3992, .F. ) ;
#11020 = VECTOR ( 'NONE', #2504, 1000.000000000000000 ) ;
#11021 = ORIENTED_EDGE ( 'NONE', *, *, #8420, .F. ) ;
#11022 = EDGE_CURVE ( 'NONE', #4481, #2302, #2967, .T. ) ;
#11023 = PLANE ( 'NONE',  #6108 ) ;
#11024 = EDGE_LOOP ( 'NONE', ( #7143, #12174, #1032, #5315 ) ) ;
#11025 = CARTESIAN_POINT ( 'NONE',  ( 11.48775791013733283, 3.000000000000000000, 11.94557008591848302 ) ) ;
#11026 = LINE ( 'NONE', #9044, #6992 ) ;
#11028 = VECTOR ( 'NONE', #4166, 1000.000000000000000 ) ;
#11027 = DIRECTION ( 'NONE',  ( 1.000000000000000000, -0.000000000000000000, 0.000000000000000000 ) ) ;
#11029 = LINE ( 'NONE', #581, #3440 ) ;
#11030 = VECTOR ( 'NONE', #2630, 1000.000000000000114 ) ;
#11031 = LINE ( 'NONE', #1878, #5480 ) ;
#11032 = DIRECTION ( 'NONE',  ( 0.000000000000000000, 0.000000000000000000, 1.000000000000000000 ) ) ;
#11033 = ORIENTED_EDGE ( 'NONE', *, *, #6302, .T. ) ;
#11034 = DIRECTION ( 'NONE',  ( -0.000000000000000000, 1.000000000000000000, -0.000000000000000000 ) ) ;
#11035 = ORIENTED_EDGE ( 'NONE', *, *, #1814, .T. ) ;
#11036 = DIRECTION ( 'NONE',  ( -0.000000000000000000, 0.000000000000000000, -1.000000000000000000 ) ) ;
#11037 = CARTESIAN_POINT ( 'NONE',  ( 49.60052903013730941, 2.700000000000000178, 8.380758317918479250 ) ) ;
#11038 = CARTESIAN_POINT ( 'NONE',  ( 60.00000000000002842, 3.000000000000000000, 50.99999999999997868 ) ) ;
#11039 = LINE ( 'NONE', #4827, #4747 ) ;
#11040 = ORIENTED_EDGE ( 'NONE', *, *, #4819, .T. ) ;
#11041 = CARTESIAN_POINT ( 'NONE',  ( -28.64227104986268557, 3.000000000000000000, -18.88431796208151781 ) ) ;
#11042 = CARTESIAN_POINT ( 'NONE',  ( 16.62130381012914881, 2.700000000000000178, -11.18957214462059291 ) ) ;
#11043 = ORIENTED_EDGE ( 'NONE', *, *, #4834, .T. ) ;
#11044 = EDGE_CURVE ( 'NONE', #5508, #2025, #13274, .T. ) ;
#11045 = DIRECTION ( 'NONE',  ( 1.000000000000000000, 0.000000000000000000, -0.000000000000000000 ) ) ;
#11046 = VECTOR ( 'NONE', #2490, 1000.000000000000000 ) ;
#11047 = VERTEX_POINT ( 'NONE', #773 ) ;
#11048 = CARTESIAN_POINT ( 'NONE',  ( -4.235233888181803685, 3.000000000000000000, -20.97763091858333340 ) ) ;
#11049 = ADVANCED_FACE ( 'NONE', ( #3917 ), #12459, .F. ) ;
#11050 = ORIENTED_EDGE ( 'NONE', *, *, #12061, .F. ) ;
#11051 = PLANE ( 'NONE',  #9106 ) ;
#11052 = CARTESIAN_POINT ( 'NONE',  ( 6.954162152086365900, 2.700000000000000178, 21.76954027936069025 ) ) ;
#11053 = ORIENTED_EDGE ( 'NONE', *, *, #10337, .T. ) ;
#11054 = CARTESIAN_POINT ( 'NONE',  ( -29.01556367386267610, 2.700000000000000178, 0.000000000000000000 ) ) ;
#11055 = CARTESIAN_POINT ( 'NONE',  ( 51.54979818213733722, 2.700000000000000178, 11.32692057391848373 ) ) ;
#11056 = ORIENTED_EDGE ( 'NONE', *, *, #3053, .T. ) ;
#11057 = LINE ( 'NONE', #12092, #8154 ) ;
#11058 = CARTESIAN_POINT ( 'NONE',  ( 52.49999999999999289, 0.000000000000000000, -48.66999999999998749 ) ) ;
#11059 = ORIENTED_EDGE ( 'NONE', *, *, #7583, .F. ) ;
#11060 = DIRECTION ( 'NONE',  ( -0.000000000000000000, 1.000000000000000000, -0.000000000000000000 ) ) ;
#11061 = ORIENTED_EDGE ( 'NONE', *, *, #3873, .T. ) ;
#11062 = EDGE_CURVE ( 'NONE', #1471, #12547, #7065, .T. ) ;
#11063 = VERTEX_POINT ( 'NONE', #1867 ) ;
#11064 = EDGE_CURVE ( 'NONE', #10407, #7425, #6034, .T. ) ;
#11065 = LINE ( 'NONE', #9023, #6970 ) ;
#11066 = VERTEX_POINT ( 'NONE', #12390 ) ;
#11067 = DIRECTION ( 'NONE',  ( 0.8314713530512023443, 0.000000000000000000, -0.5555676277962953158 ) ) ;
#11068 = CARTESIAN_POINT ( 'NONE',  ( -5.287225493479843941, 2.700000000000000178, 9.411892978083677974 ) ) ;
#11069 = DIRECTION ( 'NONE',  ( -0.5497301800669212035, 0.000000000000000000, 0.8353422826144923929 ) ) ;
#11070 = PLANE ( 'NONE',  #12888 ) ;
#11071 = CARTESIAN_POINT ( 'NONE',  ( 32.35497551013731510, 2.700000000000000178, 11.35720346991848295 ) ) ;
#11072 = EDGE_CURVE ( 'NONE', #9976, #5863, #9252, .T. ) ;
#11073 = FACE_OUTER_BOUND ( 'NONE', #5961, .T. ) ;
#11074 = VERTEX_POINT ( 'NONE', #8223 ) ;
#11075 = CARTESIAN_POINT ( 'NONE',  ( 23.46585345972322045, 2.700000000000000178, 29.33153393978102486 ) ) ;
#11076 = DIRECTION ( 'NONE',  ( 0.7818572825625396128, 0.000000000000000000, 0.6234574481902683818 ) ) ;
#11077 = VECTOR ( 'NONE', #3588, 1000.000000000000114 ) ;
#11078 = ORIENTED_EDGE ( 'NONE', *, *, #10079, .T. ) ;
#11079 = AXIS2_PLACEMENT_3D ( 'NONE', #12046, #4673, #3644 ) ;
#11080 = CARTESIAN_POINT ( 'NONE',  ( 0.000000000000000000, 2.700000000000000178, 20.48923905391848166 ) ) ;
#11081 = EDGE_CURVE ( 'NONE', #6212, #7998, #3030, .T. ) ;
#11082 = EDGE_CURVE ( 'NONE', #3688, #3490, #7197, .T. ) ;
#11083 = EDGE_CURVE ( 'NONE', #5574, #2162, #4121, .T. ) ;
#11084 = ORIENTED_EDGE ( 'NONE', *, *, #4958, .F. ) ;
#11085 = CALENDAR_DATE ( 2025, 26, 4 ) ;
#11086 = ORIENTED_EDGE ( 'NONE', *, *, #4658, .F. ) ;
#11087 = ADVANCED_FACE ( 'NONE', ( #11437 ), #6237, .T. ) ;
#11088 = CARTESIAN_POINT ( 'NONE',  ( 3.688681814137332093, 3.000000000000000000, -19.14206192208151691 ) ) ;
#11089 = ORIENTED_EDGE ( 'NONE', *, *, #9170, .T. ) ;
#11090 = DIRECTION ( 'NONE',  ( 0.9966490741344999904, 0.000000000000000000, -0.08179622868350448772 ) ) ;
#11091 = LINE ( 'NONE', #5899, #9822 ) ;
#11092 = PLANE ( 'NONE',  #12897 ) ;
#11093 = LINE ( 'NONE', #12189, #3736 ) ;
#11094 = DIRECTION ( 'NONE',  ( -0.8032012996812625261, 0.000000000000000000, -0.5957077070093442783 ) ) ;
#11095 = EDGE_CURVE ( 'NONE', #3379, #6233, #219, .T. ) ;
#11096 = DIRECTION ( 'NONE',  ( 0.000000000000000000, 0.000000000000000000, 1.000000000000000000 ) ) ;
#11097 = AXIS2_PLACEMENT_3D ( 'NONE', #3494, #13052, #3694 ) ;
#11098 = EDGE_CURVE ( 'NONE', #5541, #5172, #5279, .T. ) ;
#11099 = DIRECTION ( 'NONE',  ( -0.3815757523362350301, 0.000000000000000000, -0.9243375710361643183 ) ) ;
#11100 = EDGE_CURVE ( 'NONE', #597, #8694, #1182, .T. ) ;
#11101 = VERTEX_POINT ( 'NONE', #6300 ) ;
#11102 = CARTESIAN_POINT ( 'NONE',  ( -12.94766591386267152, 3.000000000000000000, 13.82809616591848112 ) ) ;
#11103 = ORIENTED_EDGE ( 'NONE', *, *, #13260, .F. ) ;
#11104 = VECTOR ( 'NONE', #8824, 1000.000000000000000 ) ;
#11105 = PLANE ( 'NONE',  #1643 ) ;
#11106 = VECTOR ( 'NONE', #1699, 1000.000000000000000 ) ;
#11107 = CARTESIAN_POINT ( 'NONE',  ( 10.01355750868639660, 2.700000000000000178, -0.7167958447352242857 ) ) ;
#11108 = LINE ( 'NONE', #13225, #6524 ) ;
#11109 = LINE ( 'NONE', #12203, #9875 ) ;
#11110 = ORIENTED_EDGE ( 'NONE', *, *, #8972, .T. ) ;
#11111 = VECTOR ( 'NONE', #4145, 1000.000000000000000 ) ;
#11112 = CARTESIAN_POINT ( 'NONE',  ( -17.42623658586266089, 3.000000000000000000, 8.403010749918484734 ) ) ;
#11113 = LINE ( 'NONE', #6120, #10914 ) ;
#11114 = EDGE_LOOP ( 'NONE', ( #11895, #168, #11016, #9535 ) ) ;
#11115 = CARTESIAN_POINT ( 'NONE',  ( -57.99999999999997158, 3.000000000000000000, 52.99999999999999289 ) ) ;
#11116 = VECTOR ( 'NONE', #6934, 1000.000000000000000 ) ;
#11117 = VECTOR ( 'NONE', #7809, 1000.000000000000000 ) ;
#11118 = ORIENTED_EDGE ( 'NONE', *, *, #9065, .F. ) ;
#11119 = LINE ( 'NONE', #13303, #4870 ) ;
#11120 = ADVANCED_FACE ( 'NONE', ( #1109 ), #156, .T. ) ;
#11121 = ORIENTED_EDGE ( 'NONE', *, *, #3927, .T. ) ;
#11122 = LINE ( 'NONE', #2723, #7358 ) ;
#11123 = VECTOR ( 'NONE', #10199, 1000.000000000000000 ) ;
#11124 = CARTESIAN_POINT ( 'NONE',  ( 2.936666107178342422, 3.000000000000000000, 5.838370895270690752 ) ) ;
#11125 = ORIENTED_EDGE ( 'NONE', *, *, #5475, .T. ) ;
#11126 = CARTESIAN_POINT ( 'NONE',  ( -50.47082988186267727, 2.700000000000000178, 15.01295130191848415 ) ) ;
#11127 = CARTESIAN_POINT ( 'NONE',  ( -1.501184846062754374, 2.700000000000000178, 7.375627223750160333 ) ) ;
#11128 = ORIENTED_EDGE ( 'NONE', *, *, #279, .T. ) ;
#11129 = DIRECTION ( 'NONE',  ( 0.9863246135902002942, 0.000000000000000000, 0.1648143095308841621 ) ) ;
#11130 = DIRECTION ( 'NONE',  ( 0.9569817088502330371, 0.000000000000000000, -0.2901482533569481048 ) ) ;
#11131 = ORIENTED_EDGE ( 'NONE', *, *, #4331, .T. ) ;
#11132 = DIRECTION ( 'NONE',  ( 0.000000000000000000, 1.000000000000000000, 0.000000000000000000 ) ) ;
#11133 = AXIS2_PLACEMENT_3D ( 'NONE', #2341, #1186, #11642 ) ;
#11134 = ORIENTED_EDGE ( 'NONE', *, *, #4380, .T. ) ;
#11135 = ORIENTED_EDGE ( 'NONE', *, *, #10667, .F. ) ;
#11136 = EDGE_CURVE ( 'NONE', #652, #60, #6439, .T. ) ;
#11137 = CARTESIAN_POINT ( 'NONE',  ( 58.00000000000002132, 0.000000000000000000, 50.99999999999999289 ) ) ;
#11138 = ORIENTED_EDGE ( 'NONE', *, *, #12144, .F. ) ;
#11139 = ADVANCED_FACE ( 'NONE', ( #2136 ), #8427, .T. ) ;
#11140 = CARTESIAN_POINT ( 'NONE',  ( -22.25999999999998025, 3.000000000000000000, -38.03000000000000824 ) ) ;
#11141 = CARTESIAN_POINT ( 'NONE',  ( 0.000000000000000000, 2.700000000000000178, -18.47889433808151693 ) ) ;
#11142 = LINE ( 'NONE', #8272, #2232 ) ;
#11143 = EDGE_LOOP ( 'NONE', ( #4039, #11527, #8697, #10695 ) ) ;
#11144 = CARTESIAN_POINT ( 'NONE',  ( -0.5697894050561553847, 3.000000000000000000, 10.16156899197526542 ) ) ;
#11145 = CARTESIAN_POINT ( 'NONE',  ( -1.501184846062754374, 2.700000000000000178, 7.375627223750160333 ) ) ;
#11146 = VECTOR ( 'NONE', #10020, 1000.000000000000114 ) ;
#11147 = AXIS2_PLACEMENT_3D ( 'NONE', #9324, #10206, #12467 ) ;
#11148 = VECTOR ( 'NONE', #7051, 1000.000000000000000 ) ;
#11149 = FACE_OUTER_BOUND ( 'NONE', #4734, .T. ) ;
#11150 = EDGE_CURVE ( 'NONE', #198, #4254, #4385, .T. ) ;
#11151 = EDGE_LOOP ( 'NONE', ( #8215, #11830, #6677, #2794 ) ) ;
#11152 = CARTESIAN_POINT ( 'NONE',  ( 20.88791995813732427, 2.700000000000000178, 10.94068207791848479 ) ) ;
#11153 = DIRECTION ( 'NONE',  ( -0.06637766628597295548, 0.000000000000000000, -0.9977945707501258976 ) ) ;
#11154 = EDGE_LOOP ( 'NONE', ( #10362, #9428, #8402, #6191 ) ) ;
#11155 = DIRECTION ( 'NONE',  ( -0.000000000000000000, 1.000000000000000000, -0.000000000000000000 ) ) ;
#11156 = ORIENTED_EDGE ( 'NONE', *, *, #9654, .F. ) ;
#11157 = AXIS2_PLACEMENT_3D ( 'NONE', #12053, #9940, #10959 ) ;
#11158 = APPLICATION_PROTOCOL_DEFINITION ( 'international standard', 'config_control_design', 1994, #12114 ) ;
#11159 = ORIENTED_EDGE ( 'NONE', *, *, #1380, .T. ) ;
#11160 = LINE ( 'NONE', #4872, #7204 ) ;
#11161 = VERTEX_POINT ( 'NONE', #8553 ) ;
#11162 = ORIENTED_EDGE ( 'NONE', *, *, #3048, .F. ) ;
#11163 = DIRECTION ( 'NONE',  ( -0.9956331021264480663, 0.000000000000000000, 0.09335269653344582808 ) ) ;
#11164 = LINE ( 'NONE', #2624, #9424 ) ;
#11165 = ADVANCED_FACE ( 'NONE', ( #12730 ), #5347, .T. ) ;
#11166 = AXIS2_PLACEMENT_3D ( 'NONE', #6307, #11505, #3238 ) ;
#11167 = LINE ( 'NONE', #8978, #6796 ) ;
#11168 = CARTESIAN_POINT ( 'NONE',  ( 51.15301767013731649, 3.000000000000000000, 10.34610465391848422 ) ) ;
#11169 = PLANE ( 'NONE',  #11147 ) ;
#11170 = CARTESIAN_POINT ( 'NONE',  ( 51.68205903013731728, 2.700000000000000178, 20.48923905391848166 ) ) ;
#11171 = EDGE_CURVE ( 'NONE', #7286, #11173, #10669, .T. ) ;
#11172 = DIRECTION ( 'NONE',  ( -0.5043302127971985849, 0.000000000000000000, 0.8635108780206143253 ) ) ;
#11173 = VERTEX_POINT ( 'NONE', #3231 ) ;
#11174 = EDGE_CURVE ( 'NONE', #11744, #404, #11706, .T. ) ;
#11175 = DIRECTION ( 'NONE',  ( 0.6881667630895265120, 0.000000000000000000, 0.7255525523205630378 ) ) ;
#11176 = ORIENTED_EDGE ( 'NONE', *, *, #12404, .T. ) ;
#11177 = DIRECTION ( 'NONE',  ( -0.1018983968980210347, 0.000000000000000000, -0.9947948113604199172 ) ) ;
#11178 = EDGE_CURVE ( 'NONE', #9299, #11487, #2206, .T. ) ;
#11179 = CARTESIAN_POINT ( 'NONE',  ( -6.471006318083749598, 3.000000000000000000, -4.781252931367372838 ) ) ;
#11180 = CARTESIAN_POINT ( 'NONE',  ( 21.32434479013733153, 2.700000000000000178, 11.96781946991848322 ) ) ;
#11181 = CARTESIAN_POINT ( 'NONE',  ( -51.45010960986267179, 3.000000000000000000, 16.86510202991848573 ) ) ;
#11183 = ORIENTED_EDGE ( 'NONE', *, *, #3786, .T. ) ;
#11182 = EDGE_CURVE ( 'NONE', #10635, #8330, #5415, .T. ) ;
#11184 = VECTOR ( 'NONE', #7416, 1000.000000000000000 ) ;
#11185 = VECTOR ( 'NONE', #3615, 1000.000000000000000 ) ;
#11186 = CARTESIAN_POINT ( 'NONE',  ( -2.359323202860608149, 3.000000000000000000, -1.744480328968915028 ) ) ;
#11187 = CARTESIAN_POINT ( 'NONE',  ( 16.38009255013730936, 3.000000000000000000, 19.57455152591848346 ) ) ;
#11188 = EDGE_LOOP ( 'NONE', ( #5802, #9357, #4056, #12100 ) ) ;
#11189 = PLANE ( 'NONE',  #10159 ) ;
#11190 = AXIS2_PLACEMENT_3D ( 'NONE', #5547, #2404, #7599 ) ;
#11191 = ORIENTED_EDGE ( 'NONE', *, *, #4952, .T. ) ;
#11192 = ADVANCED_FACE ( 'NONE', ( #6503 ), #1306, .T. ) ;
#11193 = VECTOR ( 'NONE', #4488, 1000.000000000000000 ) ;
#11194 = ORIENTED_EDGE ( 'NONE', *, *, #10395, .T. ) ;
#11195 = CARTESIAN_POINT ( 'NONE',  ( 37.12618263013732189, 3.000000000000000000, 0.000000000000000000 ) ) ;
#11196 = CARTESIAN_POINT ( 'NONE',  ( 34.29427271049090109, 3.000000000000000000, -13.63204369793061588 ) ) ;
#11197 = ORIENTED_EDGE ( 'NONE', *, *, #6580, .F. ) ;
#11198 = CARTESIAN_POINT ( 'NONE',  ( -4.276813517970992073, 3.000000000000000000, 10.43080517961366027 ) ) ;
#11199 = DIRECTION ( 'NONE',  ( -0.6402992326493186503, 0.000000000000000000, -0.7681255708988562469 ) ) ;
#11200 = ORIENTED_EDGE ( 'NONE', *, *, #8648, .T. ) ;
#11202 = DIRECTION ( 'NONE',  ( 0.08028131410896161002, 0.000000000000000000, -0.9967722461048653670 ) ) ;
#11201 = AXIS2_PLACEMENT_3D ( 'NONE', #8851, #12812, #9871 ) ;
#11203 = LINE ( 'NONE', #13109, #9036 ) ;
#11204 = ORIENTED_EDGE ( 'NONE', *, *, #5826, .F. ) ;
#11205 = CARTESIAN_POINT ( 'NONE',  ( -51.71957109786267637, 2.700000000000000178, 15.18899971791848102 ) ) ;
#11206 = LINE ( 'NONE', #13453, #13504 ) ;
#11207 = VERTEX_POINT ( 'NONE', #3297 ) ;
#11208 = LINE ( 'NONE', #3074, #7752 ) ;
#11209 = VECTOR ( 'NONE', #4154, 1000.000000000000000 ) ;
#11210 = ORIENTED_EDGE ( 'NONE', *, *, #5673, .F. ) ;
#11211 = AXIS2_PLACEMENT_3D ( 'NONE', #9987, #5887, #3906 ) ;
#11212 = ORIENTED_EDGE ( 'NONE', *, *, #4465, .T. ) ;
#11213 = CARTESIAN_POINT ( 'NONE',  ( -21.01081768186267240, 3.000000000000000000, 11.14459937391848676 ) ) ;
#11214 = ORIENTED_EDGE ( 'NONE', *, *, #569, .T. ) ;
#11215 = DIRECTION ( 'NONE',  ( 1.000000000000000000, 0.000000000000000000, -0.000000000000000000 ) ) ;
#11216 = DIRECTION ( 'NONE',  ( 0.001899536769857406403, 0.000000000000000000, 0.9999981958784026626 ) ) ;
#11217 = DIRECTION ( 'NONE',  ( 0.9968242903681798772, 0.000000000000000000, -0.07963249419662030149 ) ) ;
#11218 = EDGE_LOOP ( 'NONE', ( #13202, #5045, #10909, #12437 ) ) ;
#11219 = DIRECTION ( 'NONE',  ( -0.000000000000000000, 1.000000000000000000, -0.000000000000000000 ) ) ;
#11220 = LINE ( 'NONE', #6978, #10832 ) ;
#11221 = ORIENTED_EDGE ( 'NONE', *, *, #11881, .T. ) ;
#11222 = CARTESIAN_POINT ( 'NONE',  ( 60.00000000000002842, 3.000000000000000000, 50.99999999999997868 ) ) ;
#11223 = CARTESIAN_POINT ( 'NONE',  ( -51.45010960986267179, 2.700000000000000178, 16.86510202991848573 ) ) ;
#11224 = ORIENTED_EDGE ( 'NONE', *, *, #3249, .F. ) ;
#11225 = EDGE_CURVE ( 'NONE', #13362, #7333, #9642, .T. ) ;
#11226 = DIRECTION ( 'NONE',  ( 0.000000000000000000, 1.000000000000000000, 0.000000000000000000 ) ) ;
#11227 = ADVANCED_FACE ( 'NONE', ( #285 ), #4457, .F. ) ;
#11228 = ORIENTED_EDGE ( 'NONE', *, *, #1242, .F. ) ;
#11229 = COORDINATED_UNIVERSAL_TIME_OFFSET ( 1, 0, .AHEAD. ) ;
#11230 = ADVANCED_FACE ( 'NONE', ( #2403 ), #12528, .T. ) ;
#11231 = VERTEX_POINT ( 'NONE', #1582 ) ;
#11232 = EDGE_CURVE ( 'NONE', #9782, #12097, #7937, .T. ) ;
#11233 = DIRECTION ( 'NONE',  ( 0.8829586124968434868, 0.000000000000000000, 0.4694508372744147229 ) ) ;
#11234 = ORIENTED_EDGE ( 'NONE', *, *, #5621, .T. ) ;
#11235 = ORIENTED_EDGE ( 'NONE', *, *, #3704, .T. ) ;
#11236 = CARTESIAN_POINT ( 'NONE',  ( -27.34935008986267491, 2.700000000000000178, 19.06282178991848397 ) ) ;
#11237 = DIRECTION ( 'NONE',  ( -0.9252468875554515915, 0.000000000000000000, -0.3793655190827832646 ) ) ;
#11238 = FACE_OUTER_BOUND ( 'NONE', #8750, .T. ) ;
#11239 = CARTESIAN_POINT ( 'NONE',  ( 21.32434479013733153, 3.000000000000000000, 11.96781946991848322 ) ) ;
#11240 = ADVANCED_FACE ( 'NONE', ( #5546 ), #2471, .T. ) ;
#11241 = FACE_OUTER_BOUND ( 'NONE', #2866, .T. ) ;
#11242 = DIRECTION ( 'NONE',  ( -0.7915149266413801232, 0.000000000000000000, 0.6111498350682021963 ) ) ;
#11243 = DIRECTION ( 'NONE',  ( -0.2131134059951631521, 0.000000000000000000, -0.9770274695141076826 ) ) ;
#11244 = VECTOR ( 'NONE', #9605, 1000.000000000000000 ) ;
#11245 = EDGE_CURVE ( 'NONE', #4816, #975, #5610, .T. ) ;
#11246 = ORIENTED_EDGE ( 'NONE', *, *, #2566, .T. ) ;
#11247 = CARTESIAN_POINT ( 'NONE',  ( -43.12151564986267971, 3.000000000000000000, 19.33228327791848145 ) ) ;
#11248 = AXIS2_PLACEMENT_3D ( 'NONE', #11411, #6962, #10315 ) ;
#11249 = ORIENTED_EDGE ( 'NONE', *, *, #8236, .T. ) ;
#11250 = DIRECTION ( 'NONE',  ( -0.6037919053401835656, 0.000000000000000000, 0.7971419792268318316 ) ) ;
#11251 = VECTOR ( 'NONE', #11172, 1000.000000000000114 ) ;
#11252 = PLANE ( 'NONE',  #5221 ) ;
#11253 = CARTESIAN_POINT ( 'NONE',  ( 40.12734503013732024, 2.700000000000000178, 10.20024870991848509 ) ) ;
#11254 = ORIENTED_EDGE ( 'NONE', *, *, #12940, .F. ) ;
#11255 = EDGE_CURVE ( 'NONE', #7998, #9444, #417, .T. ) ;
#11256 = LINE ( 'NONE', #1889, #8997 ) ;
#11257 = LINE ( 'NONE', #6058, #7215 ) ;
#11258 = EDGE_CURVE ( 'NONE', #4968, #9247, #9773, .T. ) ;
#11259 = CARTESIAN_POINT ( 'NONE',  ( 2.190088926137329750, 2.700000000000000178, -18.26134638608152372 ) ) ;
#11260 = VECTOR ( 'NONE', #2852, 1000.000000000000000 ) ;
#11261 = EDGE_CURVE ( 'NONE', #3616, #13304, #10800, .T. ) ;
#11262 = VERTEX_POINT ( 'NONE', #3563 ) ;
#11263 = EDGE_CURVE ( 'NONE', #11001, #4082, #11005, .T. ) ;
#11264 = ORIENTED_EDGE ( 'NONE', *, *, #2030, .F. ) ;
#11265 = CARTESIAN_POINT ( 'NONE',  ( -8.494440377862666480, 3.000000000000000000, 8.684835941918485958 ) ) ;
#11266 = DIRECTION ( 'NONE',  ( 0.9067769724085803507, 0.000000000000000000, 0.4216106287909834327 ) ) ;
#11267 = VECTOR ( 'NONE', #5581, 1000.000000000000000 ) ;
#11268 = ORIENTED_EDGE ( 'NONE', *, *, #2050, .T. ) ;
#11269 = CARTESIAN_POINT ( 'NONE',  ( -29.01556367386267610, 2.700000000000000178, 9.903592965918480928 ) ) ;
#11270 = LINE ( 'NONE', #670, #11632 ) ;
#11271 = EDGE_LOOP ( 'NONE', ( #2909, #12654, #10798, #830 ) ) ;
#11272 = DIRECTION ( 'NONE',  ( -0.000000000000000000, 1.000000000000000000, -0.000000000000000000 ) ) ;
#11273 = DIRECTION ( 'NONE',  ( 0.9594243092007435081, 0.000000000000000000, -0.2819663010266935110 ) ) ;
#11274 = VERTEX_POINT ( 'NONE', #9918 ) ;
#11275 = DIRECTION ( 'NONE',  ( 0.8703411837965245867, 0.000000000000000000, -0.4924492093481970256 ) ) ;
#11276 = CARTESIAN_POINT ( 'NONE',  ( 18.08707867344676501, 3.000000000000000000, -2.504674851390389811 ) ) ;
#11277 = ORIENTED_EDGE ( 'NONE', *, *, #6123, .T. ) ;
#11278 = EDGE_CURVE ( 'NONE', #942, #3192, #4585, .T. ) ;
#11279 = FACE_OUTER_BOUND ( 'NONE', #12373, .T. ) ;
#11280 = CC_DESIGN_PERSON_AND_ORGANIZATION_ASSIGNMENT ( #4937, #12255, ( #10434 ) ) ;
#11281 = EDGE_LOOP ( 'NONE', ( #13245, #8124, #6028, #9007 ) ) ;
#11282 = ORIENTED_EDGE ( 'NONE', *, *, #6083, .F. ) ;
#11283 = DIRECTION ( 'NONE',  ( -0.000000000000000000, 1.000000000000000000, -0.000000000000000000 ) ) ;
#11284 = VERTEX_POINT ( 'NONE', #8756 ) ;
#11285 = CARTESIAN_POINT ( 'NONE',  ( -8.514219865862672876, 2.700000000000000178, 19.87120726991848585 ) ) ;
#11286 = DIRECTION ( 'NONE',  ( -0.000000000000000000, 0.000000000000000000, -1.000000000000000000 ) ) ;
#11287 = LINE ( 'NONE', #2880, #13359 ) ;
#11288 = VERTEX_POINT ( 'NONE', #349 ) ;
#11289 = DIRECTION ( 'NONE',  ( -0.000000000000000000, 1.000000000000000000, -0.000000000000000000 ) ) ;
#11290 = CARTESIAN_POINT ( 'NONE',  ( -45.34642966586267931, 2.700000000000000178, 19.57949639791848639 ) ) ;
#11291 = EDGE_LOOP ( 'NONE', ( #7507, #2365, #13081, #13164 ) ) ;
#11292 = DIRECTION ( 'NONE',  ( -0.000000000000000000, 1.000000000000000000, -0.000000000000000000 ) ) ;
#11293 = CARTESIAN_POINT ( 'NONE',  ( -27.60645092186267391, 3.000000000000000000, -18.88431796208151070 ) ) ;
#11294 = EDGE_LOOP ( 'NONE', ( #431, #1489, #9038, #6002 ) ) ;
#11295 = PLANE ( 'NONE',  #1262 ) ;
#11296 = VECTOR ( 'NONE', #2861, 1000.000000000000000 ) ;
#11297 = ORIENTED_EDGE ( 'NONE', *, *, #1709, .T. ) ;
#11298 = PERSON_AND_ORGANIZATION ( #7799, #1257 ) ;
#11299 = ORIENTED_EDGE ( 'NONE', *, *, #7659, .F. ) ;
#11300 = LINE ( 'NONE', #8018, #1303 ) ;
#11301 = EDGE_LOOP ( 'NONE', ( #4904, #4119, #3662, #4381 ) ) ;
#11302 = ORIENTED_EDGE ( 'NONE', *, *, #2234, .T. ) ;
#11303 = CARTESIAN_POINT ( 'NONE',  ( 7.961071401631384603, 2.700000000000000178, 6.546462091588676202 ) ) ;
#11304 = EDGE_CURVE ( 'NONE', #9168, #2509, #556, .T. ) ;
#11305 = DIRECTION ( 'NONE',  ( 1.000000000000000000, -0.000000000000000000, 0.000000000000000000 ) ) ;
#11306 = CC_DESIGN_APPROVAL ( #6013, ( #8900 ) ) ;
#11307 = EDGE_CURVE ( 'NONE', #1305, #10400, #485, .T. ) ;
#11308 = LINE ( 'NONE', #1049, #3309 ) ;
#11309 = FACE_OUTER_BOUND ( 'NONE', #9254, .T. ) ;
#11310 = CARTESIAN_POINT ( 'NONE',  ( 11.20312652613732141, 2.700000000000000178, 13.25047476591848472 ) ) ;
#11311 = VECTOR ( 'NONE', #11363, 1000.000000000000114 ) ;
#11312 = LINE ( 'NONE', #10073, #12684 ) ;
#11313 = ORIENTED_EDGE ( 'NONE', *, *, #12168, .T. ) ;
#11314 = DIRECTION ( 'NONE',  ( -0.000000000000000000, 1.000000000000000000, -0.000000000000000000 ) ) ;
#11315 = EDGE_CURVE ( 'NONE', #4317, #10338, #1650, .T. ) ;
#11316 = VERTEX_POINT ( 'NONE', #7797 ) ;
#11317 = CARTESIAN_POINT ( 'NONE',  ( 16.71363185350617186, 3.000000000000000000, -25.01388741233391499 ) ) ;
#11318 = DIRECTION ( 'NONE',  ( 0.000000000000000000, 1.000000000000000000, 0.000000000000000000 ) ) ;
#11319 = ORIENTED_EDGE ( 'NONE', *, *, #8895, .F. ) ;
#11320 = EDGE_CURVE ( 'NONE', #11417, #3490, #4722, .T. ) ;
#11321 = CARTESIAN_POINT ( 'NONE',  ( 7.404867422137328958, 2.700000000000000178, 0.9400061179184863169 ) ) ;
#11322 = CARTESIAN_POINT ( 'NONE',  ( -6.471006318083749598, 2.700000000000000178, -4.781252931367372838 ) ) ;
#11323 = PLANE ( 'NONE',  #11474 ) ;
#11324 = ORIENTED_EDGE ( 'NONE', *, *, #7596, .F. ) ;
#11325 = AXIS2_PLACEMENT_3D ( 'NONE', #2449, #10715, #5593 ) ;
#11326 = ADVANCED_FACE ( 'NONE', ( #10734 ), #9847, .T. ) ;
#11327 = VECTOR ( 'NONE', #1082, 1000.000000000000000 ) ;
#11328 = ORIENTED_EDGE ( 'NONE', *, *, #6868, .F. ) ;
#11329 = DIRECTION ( 'NONE',  ( 0.000000000000000000, 1.000000000000000000, -0.000000000000000000 ) ) ;
#11330 = CARTESIAN_POINT ( 'NONE',  ( 27.77906391013731380, 2.700000000000000178, 10.19283292591848245 ) ) ;
#11331 = ORIENTED_EDGE ( 'NONE', *, *, #12805, .T. ) ;
#11332 = CARTESIAN_POINT ( 'NONE',  ( -27.77950010586266671, 3.000000000000000000, 5.589733165918477908 ) ) ;
#11333 = CARTESIAN_POINT ( 'NONE',  ( 2.190088926137329750, 3.000000000000000000, -18.26134638608152372 ) ) ;
#11334 = ORIENTED_EDGE ( 'NONE', *, *, #11338, .F. ) ;
#11335 = CARTESIAN_POINT ( 'NONE',  ( -27.75762968986266799, 3.000000000000000000, -19.25053821008151189 ) ) ;
#11336 = PLANE ( 'NONE',  #10351 ) ;
#11337 = EDGE_CURVE ( 'NONE', #8363, #197, #7865, .T. ) ;
#11338 = EDGE_CURVE ( 'NONE', #3210, #2881, #11833, .T. ) ;
#11339 = EDGE_LOOP ( 'NONE', ( #12070, #2083, #11947, #6025 ) ) ;
#11340 = CARTESIAN_POINT ( 'NONE',  ( -20.18265576186266941, 2.700000000000000178, 10.36835098991848447 ) ) ;
#11341 = CARTESIAN_POINT ( 'NONE',  ( -7.807190545862676245, 3.000000000000000000, 10.62792679791848016 ) ) ;
#11342 = AXIS2_PLACEMENT_3D ( 'NONE', #11617, #2115, #2502 ) ;
#11343 = ORIENTED_EDGE ( 'NONE', *, *, #12668, .F. ) ;
#11344 = VECTOR ( 'NONE', #12043, 1000.000000000000000 ) ;
#11345 = LINE ( 'NONE', #1771, #6232 ) ;
#11346 = ORIENTED_EDGE ( 'NONE', *, *, #4994, .T. ) ;
#11347 = DIRECTION ( 'NONE',  ( -0.000000000000000000, 1.000000000000000000, -0.000000000000000000 ) ) ;
#11348 = ORIENTED_EDGE ( 'NONE', *, *, #1646, .F. ) ;
#11349 = VECTOR ( 'NONE', #13426, 1000.000000000000114 ) ;
#11350 = PLANE ( 'NONE',  #8695 ) ;
#11351 = ADVANCED_FACE ( 'NONE', ( #11965 ), #5813, .T. ) ;
#11352 = CARTESIAN_POINT ( 'NONE',  ( 0.7029249405165306497, 2.700000000000000178, 3.456702201019120846 ) ) ;
#11353 = PLANE ( 'NONE',  #12487 ) ;
#11354 = ORIENTED_EDGE ( 'NONE', *, *, #3081, .T. ) ;
#11355 = LINE ( 'NONE', #3903, #12460 ) ;
#11356 = DIRECTION ( 'NONE',  ( -0.4084289667045309935, 0.000000000000000000, 0.9127901068464038259 ) ) ;
#11357 = VERTEX_POINT ( 'NONE', #8952 ) ;
#11358 = CARTESIAN_POINT ( 'NONE',  ( -13.77978413786268064, 3.000000000000000000, 10.78590260591848349 ) ) ;
#11359 = CARTESIAN_POINT ( 'NONE',  ( 12.08968024502816263, 3.000000000000000000, 0.8654093126840738393 ) ) ;
#11360 = ORIENTED_EDGE ( 'NONE', *, *, #6656, .T. ) ;
#11361 = EDGE_CURVE ( 'NONE', #9817, #4098, #3764, .T. ) ;
#11362 = VECTOR ( 'NONE', #6588, 1000.000000000000000 ) ;
#11363 = DIRECTION ( 'NONE',  ( -0.9872834441880232736, 0.000000000000000000, -0.1589698110718959223 ) ) ;
#11364 = ORIENTED_EDGE ( 'NONE', *, *, #4538, .T. ) ;
#11365 = CALENDAR_DATE ( 2025, 26, 4 ) ;
#11366 = VERTEX_POINT ( 'NONE', #1918 ) ;
#11367 = VECTOR ( 'NONE', #13295, 1000.000000000000114 ) ;
#11368 = CARTESIAN_POINT ( 'NONE',  ( 26.49340163762947853, 3.000000000000000000, -17.70246907967151984 ) ) ;
#11369 = VECTOR ( 'NONE', #13384, 1000.000000000000000 ) ;
#11370 = ORIENTED_EDGE ( 'NONE', *, *, #550, .T. ) ;
#11371 = ORIENTED_EDGE ( 'NONE', *, *, #5033, .T. ) ;
#11372 = PLANE ( 'NONE',  #9092 ) ;
#11373 = CARTESIAN_POINT ( 'NONE',  ( -42.20930106586268238, 3.000000000000000000, 20.29888535791848625 ) ) ;
#11374 = LINE ( 'NONE', #8165, #10501 ) ;
#11375 = LINE ( 'NONE', #2080, #13119 ) ;
#11376 = CARTESIAN_POINT ( 'NONE',  ( 43.82563583013732966, 2.700000000000000178, 10.34610465391848066 ) ) ;
#11377 = CARTESIAN_POINT ( 'NONE',  ( -17.40798014281164541, 2.700000000000000178, 3.826344748079271163 ) ) ;
#11378 = VECTOR ( 'NONE', #3926, 1000.000000000000227 ) ;
#11379 = VECTOR ( 'NONE', #11272, 1000.000000000000000 ) ;
#11380 = EDGE_LOOP ( 'NONE', ( #17, #4838, #3658, #2636 ) ) ;
#11381 = VECTOR ( 'NONE', #7137, 1000.000000000000114 ) ;
#11382 = LINE ( 'NONE', #12473, #10251 ) ;
#11383 = EDGE_LOOP ( 'NONE', ( #5689, #5926, #312, #13382 ) ) ;
#11384 = CARTESIAN_POINT ( 'NONE',  ( -29.01556367386267610, 3.000000000000000000, 9.903592965918480928 ) ) ;
#11385 = AXIS2_PLACEMENT_3D ( 'NONE', #4595, #8626, #8765 ) ;
#11386 = CARTESIAN_POINT ( 'NONE',  ( 25.46634177616289918, 3.000000000000000000, -9.896256249666096849 ) ) ;
#11387 = ORIENTED_EDGE ( 'NONE', *, *, #7725, .F. ) ;
#11388 = LINE ( 'NONE', #11186, #4208 ) ;
#11389 = DIRECTION ( 'NONE',  ( -0.9823856389353458063, 0.000000000000000000, -0.1868648078520734612 ) ) ;
#11390 = PLANE ( 'NONE',  #5361 ) ;
#11391 = ADVANCED_FACE ( 'NONE', ( #12441 ), #6906, .T. ) ;
#11392 = EDGE_CURVE ( 'NONE', #4719, #2517, #10323, .T. ) ;
#11393 = EDGE_LOOP ( 'NONE', ( #2075, #2728, #11757, #11249 ) ) ;
#11394 = EDGE_CURVE ( 'NONE', #13471, #8658, #960, .T. ) ;
#11395 = EDGE_CURVE ( 'NONE', #7341, #11074, #10045, .T. ) ;
#11396 = ORIENTED_EDGE ( 'NONE', *, *, #11933, .T. ) ;
#11397 = PLANE ( 'NONE',  #1811 ) ;
#11398 = CARTESIAN_POINT ( 'NONE',  ( -0.2422507359929093329, 2.700000000000000178, 1.476116608608563530 ) ) ;
#11399 = VECTOR ( 'NONE', #4788, 999.9999999999998863 ) ;
#11400 = ORIENTED_EDGE ( 'NONE', *, *, #4328, .F. ) ;
#11401 = CARTESIAN_POINT ( 'NONE',  ( 24.66171175013732508, 3.000000000000000000, 3.809800733918486948 ) ) ;
#11402 = LINE ( 'NONE', #11532, #12503 ) ;
#11403 = VERTEX_POINT ( 'NONE', #13399 ) ;
#11404 = CARTESIAN_POINT ( 'NONE',  ( -28.53528421786266733, 2.700000000000000178, 1.294713053918480128 ) ) ;
#11405 = DIRECTION ( 'NONE',  ( -0.000000000000000000, 1.000000000000000000, -0.000000000000000000 ) ) ;
#11406 = ORIENTED_EDGE ( 'NONE', *, *, #12509, .F. ) ;
#11407 = CARTESIAN_POINT ( 'NONE',  ( 4.357372548833600590, 2.700000000000000178, -10.41386564232072587 ) ) ;
#11408 = DIRECTION ( 'NONE',  ( 0.9936137372156853553, 0.000000000000000000, 0.1128350176863508747 ) ) ;
#11409 = ORIENTED_EDGE ( 'NONE', *, *, #2146, .T. ) ;
#11410 = VECTOR ( 'NONE', #11942, 1000.000000000000000 ) ;
#11411 = CARTESIAN_POINT ( 'NONE',  ( -9.259525676811467321, 2.700000000000000178, 3.906424900789273291 ) ) ;
#11412 = ADVANCED_FACE ( 'NONE', ( #5879 ), #3972, .T. ) ;
#11413 = EDGE_LOOP ( 'NONE', ( #3391, #7624, #2350, #4225 ) ) ;
#11414 = CIRCLE ( 'NONE', #5082, 1.700000000000000178 ) ;
#11415 = VECTOR ( 'NONE', #8321, 1000.000000000000000 ) ;
#11416 = FACE_OUTER_BOUND ( 'NONE', #9603, .T. ) ;
#11417 = VERTEX_POINT ( 'NONE', #3832 ) ;
#11418 = VECTOR ( 'NONE', #12592, 1000.000000000000114 ) ;
#11419 = DIRECTION ( 'NONE',  ( -0.000000000000000000, 1.000000000000000000, -0.000000000000000000 ) ) ;
#11420 = DIRECTION ( 'NONE',  ( -0.3859844280350496759, 0.000000000000000000, 0.9225052960901936050 ) ) ;
#11421 = LINE ( 'NONE', #3835, #6596 ) ;
#11422 = ORIENTED_EDGE ( 'NONE', *, *, #8664, .F. ) ;
#11423 = FACE_BOUND ( 'NONE', #2104, .T. ) ;
#11424 = DIRECTION ( 'NONE',  ( -1.000000000000000000, 0.000000000000000000, 0.000000000000000000 ) ) ;
#11425 = AXIS2_PLACEMENT_3D ( 'NONE', #9056, #2773, #590 ) ;
#11426 = ORIENTED_EDGE ( 'NONE', *, *, #3872, .F. ) ;
#11427 = CARTESIAN_POINT ( 'NONE',  ( -17.90335120186266593, 2.700000000000000178, 8.380760349918483954 ) ) ;
#11428 = CARTESIAN_POINT ( 'NONE',  ( -22.90693885786266648, 3.000000000000000000, 8.684835941918485958 ) ) ;
#11429 = VERTEX_POINT ( 'NONE', #7116 ) ;
#11430 = CARTESIAN_POINT ( 'NONE',  ( 21.32434479013733153, 2.700000000000000178, 11.96781946991848322 ) ) ;
#11431 = VECTOR ( 'NONE', #4932, 1000.000000000000000 ) ;
#11432 = EDGE_CURVE ( 'NONE', #1389, #467, #13459, .T. ) ;
#11433 = EDGE_LOOP ( 'NONE', ( #12999, #4217, #11053, #10431 ) ) ;
#11434 = EDGE_CURVE ( 'NONE', #6766, #5588, #9300, .T. ) ;
#11435 = ORIENTED_EDGE ( 'NONE', *, *, #10729, .T. ) ;
#11436 = EDGE_CURVE ( 'NONE', #6022, #652, #12238, .T. ) ;
#11437 = FACE_OUTER_BOUND ( 'NONE', #9602, .T. ) ;
#11438 = ORIENTED_EDGE ( 'NONE', *, *, #9998, .F. ) ;
#11439 = DIRECTION ( 'NONE',  ( -0.9807850525368350114, 0.000000000000000000, 0.1950914675743609661 ) ) ;
#11440 = LINE ( 'NONE', #11179, #513 ) ;
#11441 = FACE_OUTER_BOUND ( 'NONE', #12751, .T. ) ;
#11442 = LINE ( 'NONE', #12798, #3729 ) ;
#11443 = DIRECTION ( 'NONE',  ( 0.000000000000000000, 0.000000000000000000, -1.000000000000000000 ) ) ;
#11444 = ORIENTED_EDGE ( 'NONE', *, *, #3423, .T. ) ;
#11445 = AXIS2_PLACEMENT_3D ( 'NONE', #7783, #339, #4770 ) ;
#11446 = ORIENTED_EDGE ( 'NONE', *, *, #6882, .T. ) ;
#11447 = CARTESIAN_POINT ( 'NONE',  ( 5.907303945361592312, 2.700000000000000178, 8.365148910012226935 ) ) ;
#11448 = EDGE_CURVE ( 'NONE', #7067, #6671, #8141, .T. ) ;
#11449 = EDGE_CURVE ( 'NONE', #3364, #6606, #10252, .T. ) ;
#11450 = EDGE_CURVE ( 'NONE', #13118, #702, #2878, .T. ) ;
#11451 = VERTEX_POINT ( 'NONE', #1850 ) ;
#11452 = CARTESIAN_POINT ( 'NONE',  ( 1.021142915386006100, 3.000000000000000000, 11.02185665484511290 ) ) ;
#11453 = VERTEX_POINT ( 'NONE', #6972 ) ;
#11454 = CARTESIAN_POINT ( 'NONE',  ( -1.625496412404140223, 3.000000000000000000, 3.924352098780413467 ) ) ;
#11455 = DIRECTION ( 'NONE',  ( -0.2877425631966562536, 0.000000000000000000, -0.9577077932882337441 ) ) ;
#11456 = ORIENTED_EDGE ( 'NONE', *, *, #6556, .F. ) ;
#11457 = CARTESIAN_POINT ( 'NONE',  ( -50.81971716986267040, 2.700000000000000178, 18.38793159791848097 ) ) ;
#11458 = PLANE ( 'NONE',  #4169 ) ;
#11459 = FACE_OUTER_BOUND ( 'NONE', #4583, .T. ) ;
#11460 = ORIENTED_EDGE ( 'NONE', *, *, #9244, .F. ) ;
#11461 = VECTOR ( 'NONE', #13315, 1000.000000000000114 ) ;
#11462 = ORIENTED_EDGE ( 'NONE', *, *, #7996, .F. ) ;
#11463 = CARTESIAN_POINT ( 'NONE',  ( 52.49999999999999289, 3.000000000000000000, -48.66999999999998749 ) ) ;
#11464 = DIRECTION ( 'NONE',  ( 0.5952142837632177219, 0.000000000000000000, 0.8035670204807062733 ) ) ;
#11465 = LINE ( 'NONE', #2102, #133 ) ;
#11466 = DIRECTION ( 'NONE',  ( -0.000000000000000000, 1.000000000000000000, -0.000000000000000000 ) ) ;
#11467 = EDGE_LOOP ( 'NONE', ( #1101, #1323, #12365, #1553 ) ) ;
#11468 = CARTESIAN_POINT ( 'NONE',  ( 11.06146122987427383, 3.000000000000000000, -14.55459622645684270 ) ) ;
#11469 = LINE ( 'NONE', #12493, #744 ) ;
#11470 = EDGE_CURVE ( 'NONE', #3192, #13519, #13256, .T. ) ;
#11471 = VERTEX_POINT ( 'NONE', #10118 ) ;
#11472 = DIRECTION ( 'NONE',  ( -0.000000000000000000, 1.000000000000000000, -0.000000000000000000 ) ) ;
#11473 = CARTESIAN_POINT ( 'NONE',  ( -26.99591750150739244, 2.700000000000000178, 21.77088542172115382 ) ) ;
#11474 = AXIS2_PLACEMENT_3D ( 'NONE', #663, #796, #1958 ) ;
#11475 = VERTEX_POINT ( 'NONE', #10184 ) ;
#11476 = FACE_OUTER_BOUND ( 'NONE', #8472, .T. ) ;
#11477 = ORIENTED_EDGE ( 'NONE', *, *, #9910, .T. ) ;
#11478 = CARTESIAN_POINT ( 'NONE',  ( 11.92281520613730983, 2.700000000000000178, 10.91965494191848229 ) ) ;
#11479 = ORIENTED_EDGE ( 'NONE', *, *, #4965, .F. ) ;
#11480 = LINE ( 'NONE', #9358, #9784 ) ;
#11481 = VERTEX_POINT ( 'NONE', #5061 ) ;
#11482 = CARTESIAN_POINT ( 'NONE',  ( 10.66660904801457477, 2.700000000000000178, 18.70885982218235810 ) ) ;
#11483 = LINE ( 'NONE', #5463, #9865 ) ;
#11484 = ORIENTED_EDGE ( 'NONE', *, *, #7353, .T. ) ;
#11485 = CARTESIAN_POINT ( 'NONE',  ( -7.278154265862680106, 3.000000000000000000, 18.96640846991848051 ) ) ;
#11486 = CARTESIAN_POINT ( 'NONE',  ( 9.031399462680019141, 2.700000000000000178, -6.234598256673582917 ) ) ;
#11487 = VERTEX_POINT ( 'NONE', #8209 ) ;
#11488 = CARTESIAN_POINT ( 'NONE',  ( 1.229014548239711235, 2.700000000000000178, 12.96583199710269341 ) ) ;
#11489 = CARTESIAN_POINT ( 'NONE',  ( -21.67087528986267841, 2.700000000000000178, 8.684835941918485958 ) ) ;
#11490 = EDGE_LOOP ( 'NONE', ( #7943, #4799, #10573, #3266 ) ) ;
#11491 = LINE ( 'NONE', #10401, #9989 ) ;
#11492 = EDGE_CURVE ( 'NONE', #6635, #6309, #6019, .T. ) ;
#11493 = EDGE_CURVE ( 'NONE', #7050, #5931, #9232, .T. ) ;
#11494 = ORIENTED_EDGE ( 'NONE', *, *, #4952, .F. ) ;
#11495 = ORIENTED_EDGE ( 'NONE', *, *, #4495, .T. ) ;
#11496 = AXIS2_PLACEMENT_3D ( 'NONE', #12462, #9180, #3099 ) ;
#11497 = VERTEX_POINT ( 'NONE', #7176 ) ;
#11498 = EDGE_CURVE ( 'NONE', #11487, #785, #4924, .T. ) ;
#11499 = DIRECTION ( 'NONE',  ( -0.9867469349408645174, 0.000000000000000000, -0.1622667137302324092 ) ) ;
#11500 = LINE ( 'NONE', #8686, #7921 ) ;
#11501 = LINE ( 'NONE', #12733, #478 ) ;
#11502 = DIRECTION ( 'NONE',  ( -0.3270941141397885610, 0.000000000000000000, 0.9449917674218685226 ) ) ;
#11503 = DIRECTION ( 'NONE',  ( -0.9691941309195420962, 0.000000000000000000, 0.2462980645297753179 ) ) ;
#11504 = DIRECTION ( 'NONE',  ( 0.9960884411663327720, 0.000000000000000000, 0.08836185474980144672 ) ) ;
#11505 = DIRECTION ( 'NONE',  ( 0.000000000000000000, 0.000000000000000000, 1.000000000000000000 ) ) ;
#11506 = EDGE_LOOP ( 'NONE', ( #13275, #5928, #6698, #1622 ) ) ;
#11507 = ADVANCED_FACE ( 'NONE', ( #8069 ), #11350, .T. ) ;
#11508 = ADVANCED_FACE ( 'NONE', ( #2259 ), #12575, .T. ) ;
#11509 = EDGE_LOOP ( 'NONE', ( #10100, #5583, #5739, #4820, #163, #1105, #973, #7629, #4805, #11400 ) ) ;
#11510 = EDGE_CURVE ( 'NONE', #5892, #7932, #11480, .T. ) ;
#11511 = EDGE_CURVE ( 'NONE', #3740, #1663, #9497, .T. ) ;
#11512 = VERTEX_POINT ( 'NONE', #2317 ) ;
#11513 = DIRECTION ( 'NONE',  ( 0.5599538780271292593, 0.000000000000000000, -0.8285237802757255965 ) ) ;
#11514 = EDGE_LOOP ( 'NONE', ( #12389, #12526, #2222, #4500 ) ) ;
#11515 = DIRECTION ( 'NONE',  ( 0.9127901068464037149, 0.000000000000000000, 0.4084289667045309380 ) ) ;
#11516 = CARTESIAN_POINT ( 'NONE',  ( -3.325474825183504457, 3.000000000000000000, -2.222029321611294073 ) ) ;
#11517 = EDGE_CURVE ( 'NONE', #1680, #7533, #10389, .T. ) ;
#11518 = CARTESIAN_POINT ( 'NONE',  ( -12.03947367386268219, 3.000000000000000000, 1.021237349918483472 ) ) ;
#11519 = EDGE_LOOP ( 'NONE', ( #9250, #7166, #12676, #11297 ) ) ;
#11520 = CARTESIAN_POINT ( 'NONE',  ( 5.521783277313702776, 2.700000000000000178, 12.45158498073690723 ) ) ;
#11521 = LINE ( 'NONE', #9537, #4591 ) ;
#11522 = EDGE_CURVE ( 'NONE', #337, #10655, #7314, .T. ) ;
#11523 = AXIS2_PLACEMENT_3D ( 'NONE', #2775, #4017, #1747 ) ;
#11524 = CARTESIAN_POINT ( 'NONE',  ( 13.22529891032344729, 2.700000000000000178, 23.40307345709523545 ) ) ;
#11525 = AXIS2_PLACEMENT_3D ( 'NONE', #4123, #13208, #913 ) ;
#11526 = ORIENTED_EDGE ( 'NONE', *, *, #393, .F. ) ;
#11527 = ORIENTED_EDGE ( 'NONE', *, *, #1315, .F. ) ;
#11528 = ORIENTED_EDGE ( 'NONE', *, *, #11072, .F. ) ;
#11529 = CARTESIAN_POINT ( 'NONE',  ( -21.67087528986267841, 2.700000000000000178, 0.000000000000000000 ) ) ;
#11530 = CARTESIAN_POINT ( 'NONE',  ( -9.144430072282204947, 3.000000000000000000, 6.773418093540295892 ) ) ;
#11531 = DIRECTION ( 'NONE',  ( 0.000000000000000000, 0.000000000000000000, 1.000000000000000000 ) ) ;
#11532 = CARTESIAN_POINT ( 'NONE',  ( 0.000000000000000000, 3.000000000000000000, 3.809801749918482194 ) ) ;
#11533 = EDGE_LOOP ( 'NONE', ( #6090, #11246, #3463, #1995 ) ) ;
#11534 = CARTESIAN_POINT ( 'NONE',  ( 41.47217343013731750, 2.700000000000000178, 8.447511549918482743 ) ) ;
#11535 = DIRECTION ( 'NONE',  ( 1.000000000000000000, 0.000000000000000000, 0.000000000000000000 ) ) ;
#11536 = ORIENTED_EDGE ( 'NONE', *, *, #11022, .F. ) ;
#11537 = CARTESIAN_POINT ( 'NONE',  ( -6.327604985862667952, 3.000000000000000000, 1.242517069918482653 ) ) ;
#11538 = CARTESIAN_POINT ( 'NONE',  ( 1.710797890327463877, 2.700000000000000178, 11.46785889120724811 ) ) ;
#11539 = ORIENTED_EDGE ( 'NONE', *, *, #2505, .F. ) ;
#11540 = PLANE ( 'NONE',  #12344 ) ;
#11541 = VECTOR ( 'NONE', #12167, 1000.000000000000000 ) ;
#11542 = ORIENTED_EDGE ( 'NONE', *, *, #11136, .F. ) ;
#11543 = FACE_OUTER_BOUND ( 'NONE', #8729, .T. ) ;
#11544 = ORIENTED_EDGE ( 'NONE', *, *, #809, .F. ) ;
#11545 = LINE ( 'NONE', #10449, #4339 ) ;
#11546 = ORIENTED_EDGE ( 'NONE', *, *, #13235, .F. ) ;
#11547 = CARTESIAN_POINT ( 'NONE',  ( -6.327604985862667952, 2.700000000000000178, 1.242517069918482653 ) ) ;
#11548 = VECTOR ( 'NONE', #13321, 1000.000000000000000 ) ;
#11549 = CARTESIAN_POINT ( 'NONE',  ( 8.592899590137328403, 2.700000000000000178, 0.000000000000000000 ) ) ;
#11550 = ORIENTED_EDGE ( 'NONE', *, *, #701, .F. ) ;
#11551 = LINE ( 'NONE', #12645, #5694 ) ;
#11552 = PLANE ( 'NONE',  #4453 ) ;
#11553 = AXIS2_PLACEMENT_3D ( 'NONE', #6292, #1100, #80 ) ;
#11554 = ORIENTED_EDGE ( 'NONE', *, *, #4161, .T. ) ;
#11555 = FACE_OUTER_BOUND ( 'NONE', #5207, .T. ) ;
#11556 = FACE_OUTER_BOUND ( 'NONE', #2459, .T. ) ;
#11557 = EDGE_LOOP ( 'NONE', ( #9556, #10730, #1438, #1181 ) ) ;
#11558 = EDGE_CURVE ( 'NONE', #11417, #1938, #3080, .T. ) ;
#11559 = ORIENTED_EDGE ( 'NONE', *, *, #5710, .F. ) ;
#11560 = VECTOR ( 'NONE', #5427, 1000.000000000000227 ) ;
#11562 = VERTEX_POINT ( 'NONE', #5194 ) ;
#11561 = ADVANCED_FACE ( 'NONE', ( #6354 ), #1164, .T. ) ;
#11563 = VERTEX_POINT ( 'NONE', #5393 ) ;
#11564 = CARTESIAN_POINT ( 'NONE',  ( -0.8896613802902818557, 3.000000000000000000, 2.968662408417074960 ) ) ;
#11565 = DIRECTION ( 'NONE',  ( -0.9003997897255643368, 0.000000000000000000, 0.4350634650969434358 ) ) ;
#11566 = EDGE_CURVE ( 'NONE', #10321, #3705, #4366, .T. ) ;
#11567 = LINE ( 'NONE', #2209, #3945 ) ;
#11568 = PLANE ( 'NONE',  #7501 ) ;
#11569 = FACE_OUTER_BOUND ( 'NONE', #11851, .T. ) ;
#11570 = CARTESIAN_POINT ( 'NONE',  ( 7.013566245940605626, 2.700000000000000178, 5.751119555332418365 ) ) ;
#11571 = LINE ( 'NONE', #7541, #4189 ) ;
#11572 = VECTOR ( 'NONE', #8355, 999.9999999999998863 ) ;
#11573 = ORIENTED_EDGE ( 'NONE', *, *, #3069, .F. ) ;
#11574 = VERTEX_POINT ( 'NONE', #3211 ) ;
#11575 = VECTOR ( 'NONE', #4695, 1000.000000000000114 ) ;
#11576 = AXIS2_PLACEMENT_3D ( 'NONE', #160, #9922, #8762 ) ;
#11577 = ORIENTED_EDGE ( 'NONE', *, *, #11174, .T. ) ;
#11578 = EDGE_CURVE ( 'NONE', #2576, #9286, #1228, .T. ) ;
#11579 = DIRECTION ( 'NONE',  ( -0.3472951085090864587, 0.000000000000000000, -0.9377558891340869174 ) ) ;
#11580 = VERTEX_POINT ( 'NONE', #12508 ) ;
#11581 = DIRECTION ( 'NONE',  ( -0.3683699901335090732, 0.000000000000000000, 0.9296792728511474868 ) ) ;
#11582 = LINE ( 'NONE', #12945, #10694 ) ;
#11583 = VECTOR ( 'NONE', #559, 1000.000000000000000 ) ;
#11584 = CARTESIAN_POINT ( 'NONE',  ( 52.50000000000095923, 0.000000000000000000, 46.97000000000000597 ) ) ;
#11585 = ORIENTED_EDGE ( 'NONE', *, *, #5657, .F. ) ;
#11586 = AXIS2_PLACEMENT_3D ( 'NONE', #9702, #12540, #4132 ) ;
#11587 = AXIS2_PLACEMENT_3D ( 'NONE', #3038, #5090, #13421 ) ;
#11588 = VECTOR ( 'NONE', #9630, 1000.000000000000114 ) ;
#11589 = LINE ( 'NONE', #3317, #500 ) ;
#11590 = PLANE ( 'NONE',  #7653 ) ;
#11591 = EDGE_CURVE ( 'NONE', #10511, #12895, #4304, .T. ) ;
#11592 = LINE ( 'NONE', #2160, #8208 ) ;
#11593 = VECTOR ( 'NONE', #189, 1000.000000000000000 ) ;
#11594 = EDGE_CURVE ( 'NONE', #9666, #7974, #4174, .T. ) ;
#11595 = ORIENTED_EDGE ( 'NONE', *, *, #82, .T. ) ;
#11596 = ORIENTED_EDGE ( 'NONE', *, *, #2125, .T. ) ;
#11597 = AXIS2_PLACEMENT_3D ( 'NONE', #4809, #6041, #8911 ) ;
#11598 = EDGE_CURVE ( 'NONE', #4318, #13276, #8536, .T. ) ;
#11599 = ORIENTED_EDGE ( 'NONE', *, *, #1119, .F. ) ;
#11600 = ADVANCED_FACE ( 'NONE', ( #6283 ), #7451, .T. ) ;
#11601 = DIRECTION ( 'NONE',  ( -0.5957077070093441673, 0.000000000000000000, 0.8032012996812624150 ) ) ;
#11602 = LINE ( 'NONE', #10433, #2917 ) ;
#11603 = LINE ( 'NONE', #2243, #9523 ) ;
#11604 = CARTESIAN_POINT ( 'NONE',  ( 5.125247032632093358, 2.700000000000000178, -7.622153944435009265 ) ) ;
#11605 = ORIENTED_EDGE ( 'NONE', *, *, #1812, .T. ) ;
#11606 = CARTESIAN_POINT ( 'NONE',  ( -7.278154265862673888, 3.000000000000000000, 20.48923905391848166 ) ) ;
#11607 = ORIENTED_EDGE ( 'NONE', *, *, #8660, .F. ) ;
#11608 = CARTESIAN_POINT ( 'NONE',  ( 0.9098650735213328344, 3.000000000000000000, 10.83020490867263774 ) ) ;
#11609 = LINE ( 'NONE', #12630, #8518 ) ;
#11610 = VERTEX_POINT ( 'NONE', #5459 ) ;
#11611 = DIRECTION ( 'NONE',  ( 0.000000000000000000, 0.000000000000000000, 1.000000000000000000 ) ) ;
#11612 = EDGE_CURVE ( 'NONE', #5541, #4849, #11545, .T. ) ;
#11613 = ADVANCED_FACE ( 'NONE', ( #265 ), #5264, .T. ) ;
#11614 = VERTEX_POINT ( 'NONE', #68 ) ;
#11615 = AXIS2_PLACEMENT_3D ( 'NONE', #5417, #11771, #158 ) ;
#11617 = CARTESIAN_POINT ( 'NONE',  ( -4.687918531487483165, 2.700000000000000178, 8.285298233368557419 ) ) ;
#11616 = AXIS2_PLACEMENT_3D ( 'NONE', #3567, #6639, #5815 ) ;
#11618 = ORIENTED_EDGE ( 'NONE', *, *, #9521, .T. ) ;
#11619 = CARTESIAN_POINT ( 'NONE',  ( -22.90693885786266648, 2.700000000000000178, 8.684835941918485958 ) ) ;
#11620 = ORIENTED_EDGE ( 'NONE', *, *, #2569, .F. ) ;
#11621 = FACE_OUTER_BOUND ( 'NONE', #4412, .T. ) ;
#11622 = DIRECTION ( 'NONE',  ( -0.2115579632480343308, 0.000000000000000000, 0.9773654527280690729 ) ) ;
#11623 = ORIENTED_EDGE ( 'NONE', *, *, #3255, .F. ) ;
#11625 = PLANE ( 'NONE',  #3721 ) ;
#11624 = AXIS2_PLACEMENT_3D ( 'NONE', #2028, #6119, #10293 ) ;
#11626 = LINE ( 'NONE', #6429, #13177 ) ;
#11627 = ORIENTED_EDGE ( 'NONE', *, *, #4564, .T. ) ;
#11628 = DIRECTION ( 'NONE',  ( 1.000000000000000000, 0.000000000000000000, 0.000000000000000000 ) ) ;
#11629 = DIRECTION ( 'NONE',  ( -0.000000000000000000, 1.000000000000000000, -0.000000000000000000 ) ) ;
#11630 = VERTEX_POINT ( 'NONE', #4241 ) ;
#11631 = VECTOR ( 'NONE', #2810, 1000.000000000000114 ) ;
#11632 = VECTOR ( 'NONE', #6134, 1000.000000000000000 ) ;
#11633 = VERTEX_POINT ( 'NONE', #11815 ) ;
#11634 = AXIS2_PLACEMENT_3D ( 'NONE', #6592, #4611, #514 ) ;
#11635 = ORIENTED_EDGE ( 'NONE', *, *, #9719, .F. ) ;
#11636 = VERTEX_POINT ( 'NONE', #6549 ) ;
#11637 = CARTESIAN_POINT ( 'NONE',  ( 6.157755552225787632, 2.700000000000000178, 12.82866110036859730 ) ) ;
#11638 = LINE ( 'NONE', #4517, #2905 ) ;
#11639 = VECTOR ( 'NONE', #4620, 1000.000000000000114 ) ;
#11640 = DIRECTION ( 'NONE',  ( 0.9960954332223641572, 0.000000000000000000, -0.08828299900632519126 ) ) ;
#11641 = PLANE ( 'NONE',  #2448 ) ;
#11642 = DIRECTION ( 'NONE',  ( 0.000000000000000000, 0.000000000000000000, 1.000000000000000000 ) ) ;
#11643 = EDGE_CURVE ( 'NONE', #4049, #6525, #11948, .T. ) ;
#11644 = CARTESIAN_POINT ( 'NONE',  ( -39.60006879386268253, 2.700000000000000178, 17.78022745391848147 ) ) ;
#11645 = FACE_OUTER_BOUND ( 'NONE', #7781, .T. ) ;
#11646 = ORIENTED_EDGE ( 'NONE', *, *, #10084, .T. ) ;
#11647 = AXIS2_PLACEMENT_3D ( 'NONE', #10725, #8612, #6432 ) ;
#11648 = ADVANCED_FACE ( 'NONE', ( #2518 ), #7847, .T. ) ;
#11649 = ORIENTED_EDGE ( 'NONE', *, *, #1212, .T. ) ;
#11650 = VECTOR ( 'NONE', #24, 1000.000000000000000 ) ;
#11651 = EDGE_CURVE ( 'NONE', #1578, #8368, #11882, .T. ) ;
#11652 = EDGE_CURVE ( 'NONE', #3828, #1413, #8665, .T. ) ;
#11653 = VERTEX_POINT ( 'NONE', #4499 ) ;
#11654 = CARTESIAN_POINT ( 'NONE',  ( 0.000000000000000000, 2.700000000000000178, 9.599520421918480650 ) ) ;
#11655 = EDGE_CURVE ( 'NONE', #13086, #4122, #5728, .T. ) ;
#11656 = EDGE_LOOP ( 'NONE', ( #10900, #7122, #837, #10053 ) ) ;
#11657 = LINE ( 'NONE', #2223, #2241 ) ;
#11658 = LINE ( 'NONE', #7685, #4803 ) ;
#11659 = VECTOR ( 'NONE', #5047, 1000.000000000000000 ) ;
#11660 = VERTEX_POINT ( 'NONE', #6748 ) ;
#11661 = CARTESIAN_POINT ( 'NONE',  ( -9.681512425862681681, 2.700000000000000178, 9.650647573918481825 ) ) ;
#11662 = CARTESIAN_POINT ( 'NONE',  ( 3.650000000000028333, 3.000000000000000000, -30.13000000000000966 ) ) ;
#11663 = DIRECTION ( 'NONE',  ( -0.9869663911105649445, 0.000000000000000000, 0.1609265137203549079 ) ) ;
#11664 = EDGE_CURVE ( 'NONE', #7608, #9168, #3674, .T. ) ;
#11665 = EDGE_CURVE ( 'NONE', #8192, #3404, #9691, .T. ) ;
#11666 = ORIENTED_EDGE ( 'NONE', *, *, #3950, .T. ) ;
#11667 = ORIENTED_EDGE ( 'NONE', *, *, #4135, .T. ) ;
#11668 = ORIENTED_EDGE ( 'NONE', *, *, #8460, .F. ) ;
#11669 = ADVANCED_FACE ( 'NONE', ( #9898 ), #3411, .T. ) ;
#11670 = LINE ( 'NONE', #5579, #10802 ) ;
#11671 = DIRECTION ( 'NONE',  ( -0.06301116630048836376, 0.000000000000000000, -0.9980128220225691349 ) ) ;
#11672 = CYLINDRICAL_SURFACE ( 'NONE', #11946, 2.000000000000001776 ) ;
#11673 = LINE ( 'NONE', #11604, #12938 ) ;
#11674 = EDGE_LOOP ( 'NONE', ( #1168, #322, #2247, #4693 ) ) ;
#11675 = CARTESIAN_POINT ( 'NONE',  ( -27.08730438586267653, 2.700000000000000178, 1.078102869918488915 ) ) ;
#11676 = ADVANCED_FACE ( 'NONE', ( #4701 ), #13033, .T. ) ;
#11677 = EDGE_LOOP ( 'NONE', ( #12013, #6438, #4300, #5157 ) ) ;
#11678 = DIRECTION ( 'NONE',  ( 0.000000000000000000, 0.000000000000000000, -1.000000000000000000 ) ) ;
#11679 = CARTESIAN_POINT ( 'NONE',  ( 0.07854972375943000684, 2.700000000000000178, -0.1402998867804269301 ) ) ;
#11680 = ORIENTED_EDGE ( 'NONE', *, *, #8635, .T. ) ;
#11681 = ADVANCED_FACE ( 'NONE', ( #2654 ), #332, .T. ) ;
#11682 = CARTESIAN_POINT ( 'NONE',  ( -52.50000000000000711, 3.000000000000000000, -45.26999999999998892 ) ) ;
#11683 = ADVANCED_FACE ( 'NONE', ( #7575 ), #1351, .T. ) ;
#11684 = VECTOR ( 'NONE', #5912, 1000.000000000000000 ) ;
#11685 = ORIENTED_EDGE ( 'NONE', *, *, #1436, .F. ) ;
#11686 = ORIENTED_EDGE ( 'NONE', *, *, #10648, .T. ) ;
#11687 = DIRECTION ( 'NONE',  ( -0.000000000000000000, 1.000000000000000000, -0.000000000000000000 ) ) ;
#11688 = AXIS2_PLACEMENT_3D ( 'NONE', #3555, #679, #9841 ) ;
#11689 = ORIENTED_EDGE ( 'NONE', *, *, #997, .F. ) ;
#11690 = DIRECTION ( 'NONE',  ( 0.000000000000000000, 0.000000000000000000, -1.000000000000000000 ) ) ;
#11691 = CARTESIAN_POINT ( 'NONE',  ( -17.06956812845487903, 3.000000000000000000, 15.06138651336096856 ) ) ;
#11692 = ORIENTED_EDGE ( 'NONE', *, *, #3966, .T. ) ;
#11693 = LINE ( 'NONE', #8476, #7006 ) ;
#11694 = FACE_OUTER_BOUND ( 'NONE', #2217, .T. ) ;
#11695 = ADVANCED_FACE ( 'NONE', ( #7640 ), #2379, .T. ) ;
#11696 = VECTOR ( 'NONE', #12815, 1000.000000000000000 ) ;
#11697 = VERTEX_POINT ( 'NONE', #3542 ) ;
#11698 = CARTESIAN_POINT ( 'NONE',  ( -29.01556367386267610, 2.700000000000000178, 0.000000000000000000 ) ) ;
#11699 = LINE ( 'NONE', #7586, #3469 ) ;
#11700 = ORIENTED_EDGE ( 'NONE', *, *, #315, .F. ) ;
#11701 = ADVANCED_FACE ( 'NONE', ( #1423 ), #9756, .T. ) ;
#11702 = PLANE ( 'NONE',  #4268 ) ;
#11703 = ORIENTED_EDGE ( 'NONE', *, *, #2294, .T. ) ;
#11704 = ORIENTED_EDGE ( 'NONE', *, *, #2571, .T. ) ;
#11705 = ORIENTED_EDGE ( 'NONE', *, *, #6643, .F. ) ;
#11706 = LINE ( 'NONE', #11564, #11572 ) ;
#11707 = CARTESIAN_POINT ( 'NONE',  ( -0.5368641829672515797, 2.700000000000000178, 8.982548322600731439 ) ) ;
#11708 = CARTESIAN_POINT ( 'NONE',  ( -49.84999999999996589, 3.000000000000000000, -30.13000000000000966 ) ) ;
#11709 = CARTESIAN_POINT ( 'NONE',  ( 22.04668428674053970, 2.700000000000000178, 3.052994401514485201 ) ) ;
#11710 = FACE_OUTER_BOUND ( 'NONE', #7407, .T. ) ;
#11711 = ADVANCED_FACE ( 'NONE', ( #6684 ), #10850, .T. ) ;
#11712 = VECTOR ( 'NONE', #1474, 1000.000000000000000 ) ;
#11713 = LINE ( 'NONE', #293, #13123 ) ;
#11714 = LINE ( 'NONE', #6378, #3521 ) ;
#11715 = ORIENTED_EDGE ( 'NONE', *, *, #1453, .F. ) ;
#11716 = ORIENTED_EDGE ( 'NONE', *, *, #5976, .F. ) ;
#11717 = ORIENTED_EDGE ( 'NONE', *, *, #12638, .F. ) ;
#11718 = CARTESIAN_POINT ( 'NONE',  ( -9.363830308180757456, 2.700000000000000178, 3.878642856458669463 ) ) ;
#11719 = EDGE_CURVE ( 'NONE', #6014, #4441, #466, .T. ) ;
#11720 = ORIENTED_EDGE ( 'NONE', *, *, #5979, .T. ) ;
#11721 = PLANE ( 'NONE',  #5726 ) ;
#11722 = CARTESIAN_POINT ( 'NONE',  ( -12.57283201786267135, 2.700000000000000178, 8.582860021918486737 ) ) ;
#11723 = ORIENTED_EDGE ( 'NONE', *, *, #5342, .T. ) ;
#11724 = LINE ( 'NONE', #106, #4216 ) ;
#11725 = CARTESIAN_POINT ( 'NONE',  ( -25.81415986586267763, 2.700000000000000178, 19.43611339791847925 ) ) ;
#11726 = PLANE ( 'NONE',  #1424 ) ;
#11727 = ORIENTED_EDGE ( 'NONE', *, *, #9703, .F. ) ;
#11728 = EDGE_CURVE ( 'NONE', #229, #6225, #8119, .T. ) ;
#11729 = EDGE_LOOP ( 'NONE', ( #8172, #10211, #10094, #4554 ) ) ;
#11730 = EDGE_CURVE ( 'NONE', #9128, #10481, #7158, .T. ) ;
#11731 = EDGE_LOOP ( 'NONE', ( #4862, #7713, #4919, #7621 ) ) ;
#11732 = FACE_OUTER_BOUND ( 'NONE', #2145, .T. ) ;
#11733 = CARTESIAN_POINT ( 'NONE',  ( 11.92281520613730983, 2.700000000000000178, 10.91965494191848229 ) ) ;
#11734 = ADVANCED_FACE ( 'NONE', ( #7097 ), #4837, .T. ) ;
#11735 = VECTOR ( 'NONE', #11155, 1000.000000000000000 ) ;
#11736 = CARTESIAN_POINT ( 'NONE',  ( -38.93126139386267681, 2.700000000000000178, 3.809801749918482194 ) ) ;
#11737 = CARTESIAN_POINT ( 'NONE',  ( 0.000000000000000000, 2.700000000000000178, 3.809801749918482194 ) ) ;
#11738 = ORIENTED_EDGE ( 'NONE', *, *, #3833, .T. ) ;
#11739 = CARTESIAN_POINT ( 'NONE',  ( 58.00000000000002132, 3.000000000000000000, 50.99999999999999289 ) ) ;
#11740 = VECTOR ( 'NONE', #12279, 1000.000000000000000 ) ;
#11741 = VERTEX_POINT ( 'NONE', #13170 ) ;
#11742 = LINE ( 'NONE', #9487, #7947 ) ;
#11743 = CARTESIAN_POINT ( 'NONE',  ( 40.36217482043953453, 2.700000000000000178, -16.32816521849269620 ) ) ;
#11744 = VERTEX_POINT ( 'NONE', #12214 ) ;
#11745 = DIRECTION ( 'NONE',  ( -0.1506709803232651190, 0.000000000000000000, -0.9885839649156901165 ) ) ;
#11746 = ORIENTED_EDGE ( 'NONE', *, *, #6380, .F. ) ;
#11747 = VERTEX_POINT ( 'NONE', #5855 ) ;
#11748 = EDGE_CURVE ( 'NONE', #5843, #5941, #8190, .T. ) ;
#11749 = DIRECTION ( 'NONE',  ( -0.9991327497503432742, 0.000000000000000000, -0.04163830419599155730 ) ) ;
#11750 = ORIENTED_EDGE ( 'NONE', *, *, #11174, .F. ) ;
#11751 = DIRECTION ( 'NONE',  ( 0.9225052960901934940, 0.000000000000000000, 0.3859844280350496204 ) ) ;
#11752 = CARTESIAN_POINT ( 'NONE',  ( -1.501184846062754374, 3.000000000000000000, 7.375627223750160333 ) ) ;
#11753 = VERTEX_POINT ( 'NONE', #13378 ) ;
#11754 = FACE_BOUND ( 'NONE', #8014, .T. ) ;
#11755 = LINE ( 'NONE', #4643, #5108 ) ;
#11756 = ADVANCED_FACE ( 'NONE', ( #12079 ), #2930, .T. ) ;
#11757 = ORIENTED_EDGE ( 'NONE', *, *, #11171, .T. ) ;
#11758 = LINE ( 'NONE', #12840, #2482 ) ;
#11759 = DIRECTION ( 'NONE',  ( 0.1950914675743609106, 0.000000000000000000, 0.9807850525368349004 ) ) ;
#11760 = ORIENTED_EDGE ( 'NONE', *, *, #9080, .T. ) ;
#11761 = LINE ( 'NONE', #11447, #7444 ) ;
#11762 = EDGE_LOOP ( 'NONE', ( #11801, #1755, #9327, #734 ) ) ;
#11763 = ORIENTED_EDGE ( 'NONE', *, *, #12742, .T. ) ;
#11764 = ADVANCED_FACE ( 'NONE', ( #6888 ), #667, .T. ) ;
#11765 = CARTESIAN_POINT ( 'NONE',  ( 2.822498105873949559, 2.700000000000000178, 4.043104690752605812 ) ) ;
#11766 = EDGE_LOOP ( 'NONE', ( #13441, #13515, #9465, #568 ) ) ;
#11767 = AXIS2_PLACEMENT_3D ( 'NONE', #1508, #12922, #6843 ) ;
#11768 = VECTOR ( 'NONE', #9635, 1000.000000000000000 ) ;
#11769 = DIRECTION ( 'NONE',  ( 0.000000000000000000, 0.000000000000000000, -1.000000000000000000 ) ) ;
#11770 = LINE ( 'NONE', #11707, #2688 ) ;
#11771 = DIRECTION ( 'NONE',  ( 0.000000000000000000, 1.000000000000000000, 0.000000000000000000 ) ) ;
#11772 = DIRECTION ( 'NONE',  ( 0.1371696596284508185, 0.000000000000000000, -0.9905475680033821728 ) ) ;
#11773 = EDGE_CURVE ( 'NONE', #10841, #3345, #4903, .T. ) ;
#11774 = CARTESIAN_POINT ( 'NONE',  ( 37.12618263013732189, 2.700000000000000178, 20.48923905391848166 ) ) ;
#11775 = VECTOR ( 'NONE', #3800, 1000.000000000000000 ) ;
#11776 = PLANE ( 'NONE',  #678 ) ;
#11777 = CARTESIAN_POINT ( 'NONE',  ( 3.650000000000028333, 0.000000000000000000, -38.03000000000000824 ) ) ;
#11778 = EDGE_LOOP ( 'NONE', ( #2329, #2135, #12775, #2570 ) ) ;
#11779 = ORIENTED_EDGE ( 'NONE', *, *, #2146, .F. ) ;
#11780 = AXIS2_PLACEMENT_3D ( 'NONE', #12636, #9739, #375 ) ;
#11781 = AXIS2_PLACEMENT_3D ( 'NONE', #3981, #6227, #832 ) ;
#11782 = ORIENTED_EDGE ( 'NONE', *, *, #12668, .T. ) ;
#11783 = PLANE ( 'NONE',  #3271 ) ;
#11784 = ORIENTED_EDGE ( 'NONE', *, *, #735, .T. ) ;
#11785 = VECTOR ( 'NONE', #2074, 999.9999999999998863 ) ;
#11786 = CARTESIAN_POINT ( 'NONE',  ( -21.67087528986268197, 2.700000000000000178, 12.03456457391848389 ) ) ;
#11787 = DIRECTION ( 'NONE',  ( 0.9962356249260626573, 0.000000000000000000, -0.08668667503242517836 ) ) ;
#11788 = DIRECTION ( 'NONE',  ( -0.1371697224134749149, 0.000000000000000000, -0.9905475593089967390 ) ) ;
#11789 = DIRECTION ( 'NONE',  ( -0.000000000000000000, 1.000000000000000000, -0.000000000000000000 ) ) ;
#11790 = DIRECTION ( 'NONE',  ( -0.3264912011782721279, 0.000000000000000000, -0.9452002409823905271 ) ) ;
#11791 = CARTESIAN_POINT ( 'NONE',  ( -27.28013000986267045, 2.700000000000000178, 2.128756597918481930 ) ) ;
#11792 = AXIS2_PLACEMENT_3D ( 'NONE', #3649, #3169, #8227 ) ;
#11793 = VERTEX_POINT ( 'NONE', #4970 ) ;
#11794 = ORIENTED_EDGE ( 'NONE', *, *, #6061, .F. ) ;
#11796 = VECTOR ( 'NONE', #107, 1000.000000000000114 ) ;
#11795 = DIRECTION ( 'NONE',  ( -1.000000000000000000, 0.000000000000000000, -0.000000000000000000 ) ) ;
#11797 = CARTESIAN_POINT ( 'NONE',  ( -25.82899346586267697, 2.700000000000000178, 9.901122053918482990 ) ) ;
#11798 = AXIS2_PLACEMENT_3D ( 'NONE', #2608, #10048, #689 ) ;
#11799 = LINE ( 'NONE', #523, #8865 ) ;
#11800 = DIRECTION ( 'NONE',  ( 0.1589698110718959501, 0.000000000000000000, -0.9872834441880232736 ) ) ;
#11801 = ORIENTED_EDGE ( 'NONE', *, *, #8648, .F. ) ;
#11802 = DIRECTION ( 'NONE',  ( -1.000000000000000000, 0.000000000000000000, 0.000000000000000000 ) ) ;
#11803 = ADVANCED_FACE ( 'NONE', ( #12150 ), #2784, .T. ) ;
#11804 = ORIENTED_EDGE ( 'NONE', *, *, #4672, .F. ) ;
#11805 = CARTESIAN_POINT ( 'NONE',  ( 25.55567694213731755, 2.700000000000000178, -19.10586184208151650 ) ) ;
#11806 = DIRECTION ( 'NONE',  ( -0.000000000000000000, 1.000000000000000000, -0.000000000000000000 ) ) ;
#11807 = ORIENTED_EDGE ( 'NONE', *, *, #1814, .F. ) ;
#11808 = EDGE_CURVE ( 'NONE', #9881, #7357, #11119, .T. ) ;
#11809 = DIRECTION ( 'NONE',  ( -0.000000000000000000, 1.000000000000000000, -0.000000000000000000 ) ) ;
#11810 = VECTOR ( 'NONE', #9731, 1000.000000000000000 ) ;
#11811 = EDGE_LOOP ( 'NONE', ( #10877, #13376, #13236, #720 ) ) ;
#11812 = ADVANCED_FACE ( 'NONE', ( #9139 ), #6064, .T. ) ;
#11813 = EDGE_CURVE ( 'NONE', #5468, #3850, #9072, .T. ) ;
#11814 = VECTOR ( 'NONE', #4228, 1000.000000000000000 ) ;
#11815 = CARTESIAN_POINT ( 'NONE',  ( 3.604148582137317369, 3.000000000000000000, -18.41709105808151392 ) ) ;
#11816 = ORIENTED_EDGE ( 'NONE', *, *, #2002, .F. ) ;
#11817 = LINE ( 'NONE', #7643, #1462 ) ;
#11818 = CARTESIAN_POINT ( 'NONE',  ( -43.75854053786267883, 3.000000000000000000, 20.69258840591848170 ) ) ;
#11819 = ORIENTED_EDGE ( 'NONE', *, *, #2959, .F. ) ;
#11820 = DIRECTION ( 'NONE',  ( -0.06377648243116726401, 0.000000000000000000, -0.9979642079196562321 ) ) ;
#11821 = DIRECTION ( 'NONE',  ( 0.9947643450217273919, 0.000000000000000000, -0.1021953906665737238 ) ) ;
#11822 = EDGE_CURVE ( 'NONE', #4435, #9124, #5927, .T. ) ;
#11823 = VECTOR ( 'NONE', #1800, 1000.000000000000000 ) ;
#11824 = ORIENTED_EDGE ( 'NONE', *, *, #5238, .F. ) ;
#11825 = LINE ( 'NONE', #2268, #12522 ) ;
#11826 = CARTESIAN_POINT ( 'NONE',  ( 1.395755644310274546, 2.700000000000000178, 3.403968729621479561 ) ) ;
#11827 = VERTEX_POINT ( 'NONE', #11330 ) ;
#11828 = CARTESIAN_POINT ( 'NONE',  ( -21.01081768186267240, 2.700000000000000178, 11.14459937391848676 ) ) ;
#11829 = ORIENTED_EDGE ( 'NONE', *, *, #13297, .F. ) ;
#11830 = ORIENTED_EDGE ( 'NONE', *, *, #1538, .F. ) ;
#11831 = DIRECTION ( 'NONE',  ( -0.000000000000000000, 1.000000000000000000, -0.000000000000000000 ) ) ;
#11832 = EDGE_LOOP ( 'NONE', ( #11204, #1025, #10953, #4889 ) ) ;
#11833 = LINE ( 'NONE', #2675, #11104 ) ;
#11834 = CARTESIAN_POINT ( 'NONE',  ( -38.93126139386267681, 3.000000000000000000, 3.809801749918482194 ) ) ;
#11835 = DIRECTION ( 'NONE',  ( 0.000000000000000000, 0.000000000000000000, 1.000000000000000000 ) ) ;
#11836 = CARTESIAN_POINT ( 'NONE',  ( 8.869769750137326270, 3.000000000000000000, 5.441405293918477604 ) ) ;
#11837 = DIRECTION ( 'NONE',  ( 0.1075176353200260337, 0.000000000000000000, -0.9942031774718836923 ) ) ;
#11838 = FACE_OUTER_BOUND ( 'NONE', #7897, .T. ) ;
#11839 = CARTESIAN_POINT ( 'NONE',  ( 13.59790365416690427, 2.700000000000000178, -18.00951208010921789 ) ) ;
#11840 = VECTOR ( 'NONE', #11622, 1000.000000000000000 ) ;
#11841 = CARTESIAN_POINT ( 'NONE',  ( 1.813554706482030987, 2.700000000000000178, 20.84204758890476938 ) ) ;
#11842 = LINE ( 'NONE', #2480, #11344 ) ;
#11843 = ORIENTED_EDGE ( 'NONE', *, *, #228, .F. ) ;
#11844 = EDGE_CURVE ( 'NONE', #11284, #5428, #10099, .T. ) ;
#11845 = LINE ( 'NONE', #11977, #11955 ) ;
#11846 = VECTOR ( 'NONE', #9201, 1000.000000000000000 ) ;
#11847 = ADVANCED_FACE ( 'NONE', ( #941 ), #737, .T. ) ;
#11848 = EDGE_CURVE ( 'NONE', #7411, #13230, #5998, .T. ) ;
#11849 = VECTOR ( 'NONE', #1146, 1000.000000000000000 ) ;
#11850 = CARTESIAN_POINT ( 'NONE',  ( 0.000000000000000000, 3.000000000000000000, 2.128756597918481930 ) ) ;
#11851 = EDGE_LOOP ( 'NONE', ( #2345, #13155, #7395, #4315 ) ) ;
#11852 = CARTESIAN_POINT ( 'NONE',  ( 3.394863153404089395, 3.000000000000000000, -6.385170547249761519 ) ) ;
#11853 = VERTEX_POINT ( 'NONE', #2037 ) ;
#11854 = DIRECTION ( 'NONE',  ( -0.000000000000000000, 1.000000000000000000, -0.000000000000000000 ) ) ;
#11855 = VECTOR ( 'NONE', #10801, 1000.000000000000000 ) ;
#11856 = LINE ( 'NONE', #5430, #2432 ) ;
#11857 = LINE ( 'NONE', #6658, #7458 ) ;
#11858 = EDGE_CURVE ( 'NONE', #11403, #9976, #8453, .T. ) ;
#11859 = CARTESIAN_POINT ( 'NONE',  ( -15.60383840186267257, 2.700000000000000178, 18.16996200591847810 ) ) ;
#11860 = AXIS2_PLACEMENT_3D ( 'NONE', #7767, #11937, #10838 ) ;
#11861 = CARTESIAN_POINT ( 'NONE',  ( 15.53231878213731143, 2.700000000000000178, 9.677438477918483883 ) ) ;
#11862 = LINE ( 'NONE', #10827, #6347 ) ;
#11863 = APPROVAL ( #10267, 'UNSPECIFIED' ) ;
#11864 = CARTESIAN_POINT ( 'NONE',  ( 12.27869543359584092, 3.000000000000000000, 24.28231283982490751 ) ) ;
#11865 = VECTOR ( 'NONE', #3701, 999.9999999999998863 ) ;
#11866 = VERTEX_POINT ( 'NONE', #9543 ) ;
#11867 = FACE_OUTER_BOUND ( 'NONE', #4329, .T. ) ;
#11868 = VERTEX_POINT ( 'NONE', #4351 ) ;
#11869 = CARTESIAN_POINT ( 'NONE',  ( 24.59249167013732418, 3.000000000000000000, -19.50482065808152043 ) ) ;
#11870 = CARTESIAN_POINT ( 'NONE',  ( 0.6293641860094075779, 2.700000000000000178, -3.092194566284870216 ) ) ;
#11871 = FACE_OUTER_BOUND ( 'NONE', #2179, .T. ) ;
#11872 = LINE ( 'NONE', #3601, #8566 ) ;
#11873 = ORIENTED_EDGE ( 'NONE', *, *, #9094, .F. ) ;
#11874 = LINE ( 'NONE', #10704, #9623 ) ;
#11875 = FACE_OUTER_BOUND ( 'NONE', #3409, .T. ) ;
#11876 = LINE ( 'NONE', #2512, #2629 ) ;
#11877 = EDGE_LOOP ( 'NONE', ( #2898, #7343, #8421, #13374 ) ) ;
#11878 = VECTOR ( 'NONE', #1079, 1000.000000000000114 ) ;
#11879 = DIRECTION ( 'NONE',  ( 0.000000000000000000, 1.000000000000000000, 0.000000000000000000 ) ) ;
#11880 = ORIENTED_EDGE ( 'NONE', *, *, #7816, .T. ) ;
#11881 = EDGE_CURVE ( 'NONE', #6233, #5931, #184, .T. ) ;
#11882 = LINE ( 'NONE', #601, #11979 ) ;
#11883 = ADVANCED_FACE ( 'NONE', ( #2240 ), #6201, .T. ) ;
#11884 = ORIENTED_EDGE ( 'NONE', *, *, #11006, .F. ) ;
#11885 = FACE_OUTER_BOUND ( 'NONE', #798, .T. ) ;
#11886 = DIRECTION ( 'NONE',  ( -0.000000000000000000, 1.000000000000000000, -0.000000000000000000 ) ) ;
#11887 = ORIENTED_EDGE ( 'NONE', *, *, #12022, .F. ) ;
#11888 = DIRECTION ( 'NONE',  ( 0.1335620088326546773, 0.000000000000000000, 0.9910404582036931309 ) ) ;
#11889 = CARTESIAN_POINT ( 'NONE',  ( 26.47378839013732943, 3.000000000000000000, 1.080574797918483876 ) ) ;
#11890 = ORIENTED_EDGE ( 'NONE', *, *, #5578, .T. ) ;
#11891 = LINE ( 'NONE', #4645, #5744 ) ;
#11892 = LINE ( 'NONE', #9765, #8059 ) ;
#11893 = ORIENTED_EDGE ( 'NONE', *, *, #9831, .F. ) ;
#11894 = CARTESIAN_POINT ( 'NONE',  ( -49.80314008186266506, 2.700000000000000178, 17.54851950991848497 ) ) ;
#11895 = ORIENTED_EDGE ( 'NONE', *, *, #9788, .F. ) ;
#11896 = VERTEX_POINT ( 'NONE', #1073 ) ;
#11897 = EDGE_CURVE ( 'NONE', #8655, #1549, #5244, .T. ) ;
#11898 = FACE_OUTER_BOUND ( 'NONE', #4618, .T. ) ;
#11899 = ORIENTED_EDGE ( 'NONE', *, *, #9625, .T. ) ;
#11900 = AXIS2_PLACEMENT_3D ( 'NONE', #5218, #6496, #1301 ) ;
#11901 = DIRECTION ( 'NONE',  ( 0.000000000000000000, 0.000000000000000000, -1.000000000000000000 ) ) ;
#11902 = CARTESIAN_POINT ( 'NONE',  ( -41.12466416986266893, 2.700000000000000178, 19.72009758991848116 ) ) ;
#11903 = AXIS2_PLACEMENT_3D ( 'NONE', #1446, #9778, #4590 ) ;
#11904 = DIRECTION ( 'NONE',  ( -1.000000000000000000, 0.000000000000000000, 0.000000000000000000 ) ) ;
#11905 = CARTESIAN_POINT ( 'NONE',  ( -47.92485783386268139, 2.700000000000000178, 20.48182225391848377 ) ) ;
#11906 = CARTESIAN_POINT ( 'NONE',  ( 0.07854972375943000684, 2.700000000000000178, -0.1402998867804269301 ) ) ;
#11907 = DIRECTION ( 'NONE',  ( 0.000000000000000000, 0.000000000000000000, -1.000000000000000000 ) ) ;
#11908 = PLANE ( 'NONE',  #4420 ) ;
#11909 = EDGE_CURVE ( 'NONE', #12461, #29, #11602, .T. ) ;
#11910 = DIRECTION ( 'NONE',  ( -0.000000000000000000, 1.000000000000000000, -0.000000000000000000 ) ) ;
#11911 = LINE ( 'NONE', #2613, #5229 ) ;
#11912 = ORIENTED_EDGE ( 'NONE', *, *, #11813, .F. ) ;
#11913 = ORIENTED_EDGE ( 'NONE', *, *, #7754, .F. ) ;
#11914 = VECTOR ( 'NONE', #2925, 1000.000000000000000 ) ;
#11915 = ADVANCED_FACE ( 'NONE', ( #3330 ), #3061, .T. ) ;
#11916 = CARTESIAN_POINT ( 'NONE',  ( 24.59249167013732418, 2.700000000000000178, -19.50482065808152043 ) ) ;
#11917 = ORIENTED_EDGE ( 'NONE', *, *, #1486, .F. ) ;
#11918 = PLANE ( 'NONE',  #863 ) ;
#11919 = VECTOR ( 'NONE', #6735, 1000.000000000000000 ) ;
#11920 = ORIENTED_EDGE ( 'NONE', *, *, #12025, .F. ) ;
#11921 = CARTESIAN_POINT ( 'NONE',  ( -15.60383840186267257, 3.000000000000000000, 18.16996200591847810 ) ) ;
#11922 = LINE ( 'NONE', #8021, #13093 ) ;
#11923 = EDGE_CURVE ( 'NONE', #1906, #4968, #13508, .T. ) ;
#11924 = EDGE_CURVE ( 'NONE', #10340, #8192, #9410, .T. ) ;
#11925 = CARTESIAN_POINT ( 'NONE',  ( 13.32288454213731654, 2.700000000000000178, 9.300584773918478376 ) ) ;
#11926 = DIRECTION ( 'NONE',  ( -0.8706030761706157195, 0.000000000000000000, 0.4919860605365372064 ) ) ;
#11927 = ADVANCED_FACE ( 'NONE', ( #6469 ), #1008, .T. ) ;
#11928 = DIRECTION ( 'NONE',  ( 1.000000000000000000, 0.000000000000000000, 0.000000000000000000 ) ) ;
#11929 = FACE_OUTER_BOUND ( 'NONE', #2166, .T. ) ;
#11930 = CARTESIAN_POINT ( 'NONE',  ( 43.33613719013732180, 2.700000000000000178, 8.499415941918480044 ) ) ;
#11931 = VERTEX_POINT ( 'NONE', #119 ) ;
#11932 = VECTOR ( 'NONE', #4678, 1000.000000000000000 ) ;
#11933 = EDGE_CURVE ( 'NONE', #1243, #11562, #9479, .T. ) ;
#11934 = DIRECTION ( 'NONE',  ( 0.001119048162977703473, 0.000000000000000000, 0.9999993738654083808 ) ) ;
#11935 = EDGE_LOOP ( 'NONE', ( #8469, #5983, #10312, #10316 ) ) ;
#11936 = CARTESIAN_POINT ( 'NONE',  ( -12.09472365952215078, 2.700000000000000178, -1.501295562486026691 ) ) ;
#11937 = DIRECTION ( 'NONE',  ( 0.000000000000000000, 1.000000000000000000, -0.000000000000000000 ) ) ;
#11938 = CARTESIAN_POINT ( 'NONE',  ( -9.363830308180757456, 2.700000000000000178, 3.878642856458669463 ) ) ;
#11939 = CARTESIAN_POINT ( 'NONE',  ( 50.22000000000002728, 0.000000000000000000, -30.13000000000000611 ) ) ;
#11941 = EDGE_LOOP ( 'NONE', ( #923, #7549, #3951, #7762 ) ) ;
#11940 = ADVANCED_FACE ( 'NONE', ( #10631 ), #10570, .T. ) ;
#11942 = DIRECTION ( 'NONE',  ( -1.000000000000000000, -0.000000000000000000, -0.000000000000000000 ) ) ;
#11943 = CARTESIAN_POINT ( 'NONE',  ( 5.612360034842508227, 2.700000000000000178, 13.24086507320487627 ) ) ;
#11944 = EDGE_LOOP ( 'NONE', ( #2116, #5780, #6943, #7359 ) ) ;
#11945 = CARTESIAN_POINT ( 'NONE',  ( 52.49999999999999289, 3.000000000000000000, -46.96999999999999176 ) ) ;
#11946 = AXIS2_PLACEMENT_3D ( 'NONE', #943, #9284, #1145 ) ;
#11947 = ORIENTED_EDGE ( 'NONE', *, *, #6230, .T. ) ;
#11948 = LINE ( 'NONE', #2585, #10009 ) ;
#11949 = ORIENTED_EDGE ( 'NONE', *, *, #11594, .F. ) ;
#11950 = LINE ( 'NONE', #5730, #745 ) ;
#11951 = DIRECTION ( 'NONE',  ( 0.9525775992158904693, 0.000000000000000000, -0.3042957730105533831 ) ) ;
#11952 = ORIENTED_EDGE ( 'NONE', *, *, #6038, .F. ) ;
#11953 = LINE ( 'NONE', #10786, #7655 ) ;
#11954 = FACE_OUTER_BOUND ( 'NONE', #12060, .T. ) ;
#11955 = VECTOR ( 'NONE', #499, 1000.000000000000000 ) ;
#11956 = VERTEX_POINT ( 'NONE', #8319 ) ;
#11957 = LINE ( 'NONE', #4845, #9245 ) ;
#11958 = DIRECTION ( 'NONE',  ( -0.000000000000000000, 1.000000000000000000, -0.000000000000000000 ) ) ;
#11959 = VERTEX_POINT ( 'NONE', #13443 ) ;
#11960 = DIRECTION ( 'NONE',  ( 0.7365118102879646411, 0.000000000000000000, 0.6764246841344166983 ) ) ;
#11961 = ORIENTED_EDGE ( 'NONE', *, *, #4239, .F. ) ;
#11962 = ORIENTED_EDGE ( 'NONE', *, *, #6280, .T. ) ;
#11963 = CARTESIAN_POINT ( 'NONE',  ( -0.3984432526009527020, 2.700000000000000178, 3.453297677397028753 ) ) ;
#11964 = VERTEX_POINT ( 'NONE', #2101 ) ;
#11965 = FACE_OUTER_BOUND ( 'NONE', #98, .T. ) ;
#11966 = CARTESIAN_POINT ( 'NONE',  ( -49.17822489786266260, 3.000000000000000000, 18.41759676591847850 ) ) ;
#11967 = LINE ( 'NONE', #9920, #11583 ) ;
#11968 = CARTESIAN_POINT ( 'NONE',  ( -50.32295311386267400, 2.700000000000000178, 19.06881110991847805 ) ) ;
#11969 = LINE ( 'NONE', #11144, #882 ) ;
#11970 = DIRECTION ( 'NONE',  ( -0.000000000000000000, 1.000000000000000000, -0.000000000000000000 ) ) ;
#11971 = PLANE ( 'NONE',  #12723 ) ;
#11972 = ORIENTED_EDGE ( 'NONE', *, *, #373, .F. ) ;
#11973 = LINE ( 'NONE', #4863, #2694 ) ;
#11974 = CARTESIAN_POINT ( 'NONE',  ( 1.145019536395369020, 3.000000000000000000, 2.645476332399418595 ) ) ;
#11975 = ORIENTED_EDGE ( 'NONE', *, *, #2991, .F. ) ;
#11976 = EDGE_CURVE ( 'NONE', #12316, #4605, #9344, .T. ) ;
#11977 = CARTESIAN_POINT ( 'NONE',  ( -22.25999999999998025, 0.000000000000000000, -30.13000000000000966 ) ) ;
#11978 = EDGE_CURVE ( 'NONE', #6331, #3772, #4091, .T. ) ;
#11979 = VECTOR ( 'NONE', #4764, 1000.000000000000000 ) ;
#11980 = LINE ( 'NONE', #9933, #3441 ) ;
#11981 = EDGE_CURVE ( 'NONE', #10703, #484, #3129, .T. ) ;
#11982 = ORIENTED_EDGE ( 'NONE', *, *, #8075, .T. ) ;
#11983 = CARTESIAN_POINT ( 'NONE',  ( -1.257470152428424637, 2.700000000000000178, 4.406185959895554838 ) ) ;
#11984 = ORIENTED_EDGE ( 'NONE', *, *, #534, .T. ) ;
#11985 = LINE ( 'NONE', #6925, #1020 ) ;
#11986 = LINE ( 'NONE', #1668, #686 ) ;
#11987 = CARTESIAN_POINT ( 'NONE',  ( 31.82841319013732928, 2.700000000000000178, 1.080574797918485430 ) ) ;
#11988 = VECTOR ( 'NONE', #1539, 1000.000000000000000 ) ;
#11989 = DIRECTION ( 'NONE',  ( -0.000000000000000000, 1.000000000000000000, -0.000000000000000000 ) ) ;
#11990 = VECTOR ( 'NONE', #10442, 1000.000000000000000 ) ;
#11991 = FACE_OUTER_BOUND ( 'NONE', #4597, .T. ) ;
#11992 = DIRECTION ( 'NONE',  ( -0.000000000000000000, 1.000000000000000000, -0.000000000000000000 ) ) ;
#11993 = EDGE_LOOP ( 'NONE', ( #8525, #3605, #1406, #3675 ) ) ;
#11994 = AXIS2_PLACEMENT_3D ( 'NONE', #12406, #6187, #3044 ) ;
#11995 = CARTESIAN_POINT ( 'NONE',  ( 17.50168136613731917, 2.700000000000000178, 8.480258245918481208 ) ) ;
#11996 = EDGE_LOOP ( 'NONE', ( #12468, #11422, #12787, #8985 ) ) ;
#11997 = DIRECTION ( 'NONE',  ( 0.000000000000000000, 0.000000000000000000, 1.000000000000000000 ) ) ;
#11998 = PLANE ( 'NONE',  #10112 ) ;
#11999 = LINE ( 'NONE', #2363, #11919 ) ;
#12000 = DIRECTION ( 'NONE',  ( 0.9744822533593154867, 0.000000000000000000, 0.2244645581996204120 ) ) ;
#12001 = VERTEX_POINT ( 'NONE', #12419 ) ;
#12002 = LINE ( 'NONE', #5919, #5077 ) ;
#12003 = LINE ( 'NONE', #2579, #230 ) ;
#12004 = ORIENTED_EDGE ( 'NONE', *, *, #1317, .T. ) ;
#12005 = EDGE_CURVE ( 'NONE', #7994, #2796, #7296, .T. ) ;
#12006 = LINE ( 'NONE', #1419, #555 ) ;
#12007 = VERTEX_POINT ( 'NONE', #6335 ) ;
#12008 = ADVANCED_FACE ( 'NONE', ( #7697 ), #11998, .T. ) ;
#12009 = EDGE_CURVE ( 'NONE', #1118, #194, #10768, .T. ) ;
#12010 = AXIS2_PLACEMENT_3D ( 'NONE', #5452, #3204, #4232 ) ;
#12011 = AXIS2_PLACEMENT_3D ( 'NONE', #11054, #4569, #12906 ) ;
#12012 = DIRECTION ( 'NONE',  ( 0.6733742515878291535, 0.000000000000000000, -0.7393017768804097667 ) ) ;
#12013 = ORIENTED_EDGE ( 'NONE', *, *, #1394, .F. ) ;
#12014 = LINE ( 'NONE', #10852, #9037 ) ;
#12015 = DIRECTION ( 'NONE',  ( 0.3859804195161828377, 0.000000000000000000, -0.9225069732799375810 ) ) ;
#12016 = ORIENTED_EDGE ( 'NONE', *, *, #11150, .T. ) ;
#12017 = CARTESIAN_POINT ( 'NONE',  ( 14.24494702387393019, 3.000000000000000000, 9.637190500381100478 ) ) ;
#12018 = DIRECTION ( 'NONE',  ( -0.3826848932557264105, 0.000000000000000000, -0.9238789273892188403 ) ) ;
#12019 = ORIENTED_EDGE ( 'NONE', *, *, #11307, .F. ) ;
#12020 = CARTESIAN_POINT ( 'NONE',  ( 50.90779553870502383, 2.700000000000000178, -5.568403638397087185 ) ) ;
#12021 = CARTESIAN_POINT ( 'NONE',  ( 0.000000000000000000, 3.000000000000000000, -18.47147245808151439 ) ) ;
#12022 = EDGE_CURVE ( 'NONE', #7607, #12316, #2506, .T. ) ;
#12023 = ORIENTED_EDGE ( 'NONE', *, *, #11018, .T. ) ;
#12024 = VECTOR ( 'NONE', #3385, 1000.000000000000000 ) ;
#12025 = EDGE_CURVE ( 'NONE', #11453, #10602, #5644, .T. ) ;
#12026 = VECTOR ( 'NONE', #12124, 1000.000000000000000 ) ;
#12027 = CARTESIAN_POINT ( 'NONE',  ( 0.000000000000000000, 3.000000000000000000, 9.901122053918482990 ) ) ;
#12028 = ADVANCED_FACE ( 'NONE', ( #8788 ), #12957, .T. ) ;
#12029 = ORIENTED_EDGE ( 'NONE', *, *, #5755, .T. ) ;
#12030 = ORIENTED_EDGE ( 'NONE', *, *, #10932, .T. ) ;
#12031 = VECTOR ( 'NONE', #4355, 999.9999999999998863 ) ;
#12032 = CARTESIAN_POINT ( 'NONE',  ( 6.500486030747925525, 3.000000000000000000, 8.880457363435901641 ) ) ;
#12033 = ORIENTED_EDGE ( 'NONE', *, *, #4396, .T. ) ;
#12034 = CARTESIAN_POINT ( 'NONE',  ( 1.634209812241907978, 3.000000000000000000, 18.14863700311578754 ) ) ;
#12035 = AXIS2_PLACEMENT_3D ( 'NONE', #11075, #6709, #7874 ) ;
#12036 = CARTESIAN_POINT ( 'NONE',  ( 10.66660904801457477, 3.000000000000000000, 18.70885982218235810 ) ) ;
#12037 = DIRECTION ( 'NONE',  ( -0.000000000000000000, 1.000000000000000000, -0.000000000000000000 ) ) ;
#12038 = FACE_OUTER_BOUND ( 'NONE', #8198, .T. ) ;
#12039 = DIRECTION ( 'NONE',  ( -0.000000000000000000, 1.000000000000000000, -0.000000000000000000 ) ) ;
#12040 = LINE ( 'NONE', #10052, #10317 ) ;
#12041 = ORIENTED_EDGE ( 'NONE', *, *, #8849, .F. ) ;
#12042 = DIRECTION ( 'NONE',  ( -0.000000000000000000, 1.000000000000000000, -0.000000000000000000 ) ) ;
#12043 = DIRECTION ( 'NONE',  ( -0.000000000000000000, 1.000000000000000000, -0.000000000000000000 ) ) ;
#12044 = ORIENTED_EDGE ( 'NONE', *, *, #9600, .F. ) ;
#12045 = CARTESIAN_POINT ( 'NONE',  ( -4.253655881592692367, 2.700000000000000178, 24.52947320909424533 ) ) ;
#12046 = CARTESIAN_POINT ( 'NONE',  ( 0.000000000000000000, 2.700000000000000178, 5.031032733918481270 ) ) ;
#12047 = ORIENTED_EDGE ( 'NONE', *, *, #2342, .T. ) ;
#12048 = CARTESIAN_POINT ( 'NONE',  ( -52.49999999999902656, 3.000000000000000000, 45.27000000000000313 ) ) ;
#12049 = AXIS2_PLACEMENT_3D ( 'NONE', #420, #5613, #5682 ) ;
#12050 = ORIENTED_EDGE ( 'NONE', *, *, #12817, .F. ) ;
#12051 = LINE ( 'NONE', #13071, #10534 ) ;
#12052 = CARTESIAN_POINT ( 'NONE',  ( 20.55891741100965220, 2.700000000000000178, -1.460743244144711905 ) ) ;
#12053 = CARTESIAN_POINT ( 'NONE',  ( -52.49999999999902656, 0.000000000000000000, 46.97000000000000597 ) ) ;
#12054 = CARTESIAN_POINT ( 'NONE',  ( 9.031399462680019141, 3.000000000000000000, -6.234598256673582917 ) ) ;
#12055 = AXIS2_PLACEMENT_3D ( 'NONE', #9062, #13228, #1751 ) ;
#12056 = CARTESIAN_POINT ( 'NONE',  ( 1.009901342029928539, 3.000000000000000000, 0.4168973289038480079 ) ) ;
#12057 = CARTESIAN_POINT ( 'NONE',  ( 45.56849239013732955, 2.700000000000000178, 20.49418290991848224 ) ) ;
#12058 = AXIS2_PLACEMENT_3D ( 'NONE', #10291, #8508, #6190 ) ;
#12059 = VECTOR ( 'NONE', #592, 1000.000000000000114 ) ;
#12061 = EDGE_CURVE ( 'NONE', #7708, #11207, #8719, .T. ) ;
#12060 = EDGE_LOOP ( 'NONE', ( #5454, #3327, #250, #1057 ) ) ;
#12062 = AXIS2_PLACEMENT_3D ( 'NONE', #801, #418, #7096 ) ;
#12063 = CARTESIAN_POINT ( 'NONE',  ( 44.28545711013730823, 2.700000000000000178, 8.912267541918486913 ) ) ;
#12064 = VERTEX_POINT ( 'NONE', #1408 ) ;
#12065 = DIRECTION ( 'NONE',  ( 0.1745256299051919369, 0.000000000000000000, -0.9846526313914952810 ) ) ;
#12066 = CARTESIAN_POINT ( 'NONE',  ( -0.8896613802902818557, 2.700000000000000178, 2.968662408417074960 ) ) ;
#12067 = CIRCLE ( 'NONE', #287, 2.000000000000001776 ) ;
#12068 = DIRECTION ( 'NONE',  ( 1.000000000000000000, -0.000000000000000000, 0.000000000000000000 ) ) ;
#12069 = CARTESIAN_POINT ( 'NONE',  ( 21.80770936662890946, 2.700000000000000178, 14.59285518472636767 ) ) ;
#12070 = ORIENTED_EDGE ( 'NONE', *, *, #1872, .F. ) ;
#12071 = EDGE_CURVE ( 'NONE', #11868, #7584, #12732, .T. ) ;
#12072 = DIRECTION ( 'NONE',  ( -0.04946078512427073970, 0.000000000000000000, -0.9987760663606685130 ) ) ;
#12073 = LINE ( 'NONE', #2716, #8309 ) ;
#12074 = VERTEX_POINT ( 'NONE', #6804 ) ;
#12075 = ADVANCED_FACE ( 'NONE', ( #1473 ), #9607, .T. ) ;
#12076 = CARTESIAN_POINT ( 'NONE',  ( 22.74604597575660847, 3.000000000000000000, 15.50896963100471204 ) ) ;
#12077 = ORIENTED_EDGE ( 'NONE', *, *, #237, .T. ) ;
#12078 = EDGE_CURVE ( 'NONE', #7720, #3626, #10903, .T. ) ;
#12079 = FACE_OUTER_BOUND ( 'NONE', #2863, .T. ) ;
#12080 = VECTOR ( 'NONE', #10424, 999.9999999999998863 ) ;
#12081 = VERTEX_POINT ( 'NONE', #4549 ) ;
#12082 = LINE ( 'NONE', #9141, #3213 ) ;
#12083 = FACE_OUTER_BOUND ( 'NONE', #10061, .T. ) ;
#12084 = ORIENTED_EDGE ( 'NONE', *, *, #4498, .T. ) ;
#12085 = CARTESIAN_POINT ( 'NONE',  ( 58.00000000000000711, 3.000000000000000000, -53.00000000000000711 ) ) ;
#12086 = DIRECTION ( 'NONE',  ( 0.2819663010266935665, 0.000000000000000000, 0.9594243092007436191 ) ) ;
#12087 = EDGE_CURVE ( 'NONE', #4998, #6858, #6531, .T. ) ;
#12088 = VECTOR ( 'NONE', #8324, 999.9999999999998863 ) ;
#12089 = EDGE_CURVE ( 'NONE', #6157, #11288, #3664, .T. ) ;
#12090 = VECTOR ( 'NONE', #3082, 1000.000000000000000 ) ;
#12091 = ORIENTED_EDGE ( 'NONE', *, *, #1737, .T. ) ;
#12092 = CARTESIAN_POINT ( 'NONE',  ( -14.09184853786266167, 2.700000000000000178, 16.07434313391848235 ) ) ;
#12093 = CARTESIAN_POINT ( 'NONE',  ( 24.26494141490655920, 3.000000000000000000, 10.21081892704666316 ) ) ;
#12094 = VERTEX_POINT ( 'NONE', #12820 ) ;
#12095 = ADVANCED_FACE ( 'NONE', ( #1271 ), #3526, .T. ) ;
#12096 = DIRECTION ( 'NONE',  ( -1.000000000000000000, 0.000000000000000000, 0.000000000000000000 ) ) ;
#12097 = VERTEX_POINT ( 'NONE', #5444 ) ;
#12098 = ORIENTED_EDGE ( 'NONE', *, *, #4819, .F. ) ;
#12099 = DIRECTION ( 'NONE',  ( -0.000000000000000000, -1.000000000000000000, -0.000000000000000000 ) ) ;
#12100 = ORIENTED_EDGE ( 'NONE', *, *, #2163, .T. ) ;
#12101 = DIRECTION ( 'NONE',  ( -0.7961630348195792850, 0.000000000000000000, -0.6050821613523881259 ) ) ;
#12102 = EDGE_CURVE ( 'NONE', #9309, #1690, #4418, .T. ) ;
#12103 = CARTESIAN_POINT ( 'NONE',  ( -49.80314008186266506, 3.000000000000000000, 17.54851950991848497 ) ) ;
#12104 = DIRECTION ( 'NONE',  ( -0.8439955644044255800, 0.000000000000000000, -0.5363501535989853020 ) ) ;
#12105 = DIRECTION ( 'NONE',  ( 0.000000000000000000, 0.000000000000000000, 1.000000000000000000 ) ) ;
#12106 = PLANE ( 'NONE',  #7743 ) ;
#12107 = EDGE_CURVE ( 'NONE', #9511, #1457, #8586, .T. ) ;
#12108 = CARTESIAN_POINT ( 'NONE',  ( -20.63505414586267506, 2.700000000000000178, 9.325116093918481397 ) ) ;
#12109 = ORIENTED_EDGE ( 'NONE', *, *, #2153, .F. ) ;
#12110 = CARTESIAN_POINT ( 'NONE',  ( 25.02580754213731140, 2.700000000000000178, 1.294713053918478574 ) ) ;
#12111 = CARTESIAN_POINT ( 'NONE',  ( 24.76764092613733226, 3.000000000000000000, -18.31854718608151700 ) ) ;
#12112 = ORIENTED_EDGE ( 'NONE', *, *, #5425, .T. ) ;
#12113 = ORIENTED_EDGE ( 'NONE', *, *, #8910, .F. ) ;
#12114 = APPLICATION_CONTEXT ( 'configuration controlled 3d designs of mechanical parts and assemblies' ) ;
#12115 = VERTEX_POINT ( 'NONE', #317 ) ;
#12116 = VECTOR ( 'NONE', #10873, 1000.000000000000000 ) ;
#12117 = CALENDAR_DATE ( 2025, 26, 4 ) ;
#12118 = ORIENTED_EDGE ( 'NONE', *, *, #6791, .T. ) ;
#12119 = EDGE_CURVE ( 'NONE', #10400, #9279, #7563, .T. ) ;
#12120 = DIRECTION ( 'NONE',  ( -0.7808606759642443551, 0.000000000000000000, 0.6247052142672280262 ) ) ;
#12121 = ORIENTED_EDGE ( 'NONE', *, *, #2050, .F. ) ;
#12122 = CARTESIAN_POINT ( 'NONE',  ( 21.32434479013733863, 3.000000000000000000, 17.19883872591848117 ) ) ;
#12123 = PLANE ( 'NONE',  #443 ) ;
#12125 = VECTOR ( 'NONE', #11060, 1000.000000000000000 ) ;
#12124 = DIRECTION ( 'NONE',  ( -0.000000000000000000, 1.000000000000000000, -0.000000000000000000 ) ) ;
#12126 = PLANE ( 'NONE',  #3958 ) ;
#12127 = CARTESIAN_POINT ( 'NONE',  ( 43.06112188755975723, 2.700000000000000178, -3.386094588364079616 ) ) ;
#12128 = VECTOR ( 'NONE', #10963, 999.9999999999998863 ) ;
#12129 = DIRECTION ( 'NONE',  ( 0.9807865883708339894, 0.000000000000000000, -0.1950837463037355668 ) ) ;
#12130 = CARTESIAN_POINT ( 'NONE',  ( 23.13033886681006024, 2.700000000000000178, 9.468714137153927624 ) ) ;
#12131 = EDGE_CURVE ( 'NONE', #4345, #1341, #4486, .T. ) ;
#12132 = VERTEX_POINT ( 'NONE', #11797 ) ;
#12133 = CARTESIAN_POINT ( 'NONE',  ( -5.960509961862676676, 3.000000000000000000, 1.090463525918483834 ) ) ;
#12134 = ORIENTED_EDGE ( 'NONE', *, *, #1039, .T. ) ;
#12135 = DIRECTION ( 'NONE',  ( -0.09643493243974647633, 0.000000000000000000, 0.9953392907975358028 ) ) ;
#12136 = CARTESIAN_POINT ( 'NONE',  ( -45.35384544986267485, 2.700000000000000178, 20.79331058191848314 ) ) ;
#12137 = CARTESIAN_POINT ( 'NONE',  ( 3.784175127868599109, 2.700000000000000178, -8.701414333029482862 ) ) ;
#12138 = DIRECTION ( 'NONE',  ( -0.3826848932557264660, 0.000000000000000000, -0.9238789273892188403 ) ) ;
#12139 = VERTEX_POINT ( 'NONE', #2435 ) ;
#12140 = PLANE ( 'NONE',  #9445 ) ;
#12141 = LINE ( 'NONE', #7019, #11146 ) ;
#12142 = ORIENTED_EDGE ( 'NONE', *, *, #9425, .T. ) ;
#12143 = CARTESIAN_POINT ( 'NONE',  ( 8.592899590137326626, 3.000000000000000000, -17.95232592208152056 ) ) ;
#12144 = EDGE_CURVE ( 'NONE', #9477, #3363, #8032, .T. ) ;
#12145 = EDGE_CURVE ( 'NONE', #12571, #5886, #8291, .T. ) ;
#12146 = EDGE_CURVE ( 'NONE', #10413, #1431, #4196, .T. ) ;
#12147 = VECTOR ( 'NONE', #8844, 1000.000000000000000 ) ;
#12148 = EDGE_LOOP ( 'NONE', ( #1269, #138, #9413, #12867 ) ) ;
#12149 = EDGE_CURVE ( 'NONE', #5039, #1739, #10082, .T. ) ;
#12150 = FACE_OUTER_BOUND ( 'NONE', #2250, .T. ) ;
#12151 = ORIENTED_EDGE ( 'NONE', *, *, #3125, .T. ) ;
#12152 = PLANE ( 'NONE',  #811 ) ;
#12153 = LINE ( 'NONE', #11124, #9656 ) ;
#12154 = ORIENTED_EDGE ( 'NONE', *, *, #1523, .T. ) ;
#12155 = LINE ( 'NONE', #9348, #11369 ) ;
#12156 = FACE_OUTER_BOUND ( 'NONE', #376, .T. ) ;
#12157 = VERTEX_POINT ( 'NONE', #7271 ) ;
#12158 = DIRECTION ( 'NONE',  ( -0.2462980645297753457, 0.000000000000000000, -0.9691941309195422072 ) ) ;
#12159 = CARTESIAN_POINT ( 'NONE',  ( -28.29132636186266936, 3.000000000000000000, 20.16457726991847821 ) ) ;
#12160 = ORIENTED_EDGE ( 'NONE', *, *, #377, .F. ) ;
#12161 = CARTESIAN_POINT ( 'NONE',  ( 0.000000000000000000, 2.700000000000000178, 14.41275234991848464 ) ) ;
#12162 = VERTEX_POINT ( 'NONE', #5913 ) ;
#12163 = ORIENTED_EDGE ( 'NONE', *, *, #3916, .T. ) ;
#12164 = EDGE_CURVE ( 'NONE', #11633, #10649, #11440, .T. ) ;
#12165 = LINE ( 'NONE', #2875, #643 ) ;
#12166 = VERTEX_POINT ( 'NONE', #6173 ) ;
#12167 = DIRECTION ( 'NONE',  ( -0.000000000000000000, 1.000000000000000000, -0.000000000000000000 ) ) ;
#12168 = EDGE_CURVE ( 'NONE', #9286, #5277, #7012, .T. ) ;
#12169 = DIRECTION ( 'NONE',  ( -0.000000000000000000, 1.000000000000000000, -0.000000000000000000 ) ) ;
#12170 = DIRECTION ( 'NONE',  ( 0.000000000000000000, 0.000000000000000000, 1.000000000000000000 ) ) ;
#12171 = DIRECTION ( 'NONE',  ( -0.000000000000000000, -1.000000000000000000, -0.000000000000000000 ) ) ;
#12172 = DIRECTION ( 'NONE',  ( 0.8291492479507225344, 0.000000000000000000, 0.5590273022158680494 ) ) ;
#12173 = CARTESIAN_POINT ( 'NONE',  ( 3.430862887065622591, 3.000000000000000000, -8.367519760571145326 ) ) ;
#12174 = ORIENTED_EDGE ( 'NONE', *, *, #446, .F. ) ;
#12175 = LINE ( 'NONE', #6777, #10114 ) ;
#12176 = CARTESIAN_POINT ( 'NONE',  ( 0.000000000000000000, 2.700000000000000178, 19.43611339791847925 ) ) ;
#12177 = ORIENTED_EDGE ( 'NONE', *, *, #5849, .T. ) ;
#12178 = CIRCLE ( 'NONE', #4105, 1.700000000000000178 ) ;
#12179 = DIRECTION ( 'NONE',  ( 0.000000000000000000, 1.000000000000000000, 0.000000000000000000 ) ) ;
#12180 = ADVANCED_FACE ( 'NONE', ( #5782 ), #3168, .T. ) ;
#12181 = EDGE_LOOP ( 'NONE', ( #209, #10242, #3488, #10678 ) ) ;
#12182 = VERTEX_POINT ( 'NONE', #10973 ) ;
#12183 = EDGE_CURVE ( 'NONE', #1901, #1578, #12067, .T. ) ;
#12184 = DIRECTION ( 'NONE',  ( -0.000000000000000000, -0.000000000000000000, 1.000000000000000000 ) ) ;
#12185 = ORIENTED_EDGE ( 'NONE', *, *, #3859, .F. ) ;
#12186 = CARTESIAN_POINT ( 'NONE',  ( -0.6434463940264369963, 2.700000000000000178, -0.5214178414425246766 ) ) ;
#12187 = CARTESIAN_POINT ( 'NONE',  ( -49.69984336186266916, 2.700000000000000178, 19.63635480591848292 ) ) ;
#12188 = DIRECTION ( 'NONE',  ( -0.000000000000000000, 1.000000000000000000, -0.000000000000000000 ) ) ;
#12189 = CARTESIAN_POINT ( 'NONE',  ( -52.50000000000000711, 0.000000000000000000, -48.66999999999998749 ) ) ;
#12190 = DIRECTION ( 'NONE',  ( -0.000000000000000000, 1.000000000000000000, -0.000000000000000000 ) ) ;
#12191 = DIRECTION ( 'NONE',  ( 0.1622667137302324092, 0.000000000000000000, -0.9867469349408646284 ) ) ;
#12192 = VECTOR ( 'NONE', #11687, 1000.000000000000000 ) ;
#12193 = DIRECTION ( 'NONE',  ( 0.8609913184333675140, 0.000000000000000000, 0.5086196511956371236 ) ) ;
#12194 = VERTEX_POINT ( 'NONE', #1619 ) ;
#12195 = CARTESIAN_POINT ( 'NONE',  ( 5.904308863732703472, 2.700000000000000178, 19.31825049555087404 ) ) ;
#12196 = ORIENTED_EDGE ( 'NONE', *, *, #6163, .T. ) ;
#12197 = VECTOR ( 'NONE', #6841, 1000.000000000000000 ) ;
#12198 = FACE_OUTER_BOUND ( 'NONE', #4775, .T. ) ;
#12199 = VECTOR ( 'NONE', #2730, 1000.000000000000000 ) ;
#12200 = DIRECTION ( 'NONE',  ( 0.9579094897302746769, 0.000000000000000000, 0.2870703911668442410 ) ) ;
#12201 = ADVANCED_BREP_SHAPE_REPRESENTATION ( 'housing_cover_logo_concave', ( #5312, #6719 ), #12396 ) ;
#12202 = DIRECTION ( 'NONE',  ( 0.9170333846916157716, 0.000000000000000000, 0.3988104454011190403 ) ) ;
#12203 = CARTESIAN_POINT ( 'NONE',  ( 0.000000000000000000, 3.000000000000000000, 3.809801749918482194 ) ) ;
#12204 = EDGE_LOOP ( 'NONE', ( #2052, #8528, #10113, #11668, #5330, #2984, #4360, #635, #1209, #4036, #3819, #12816, #7428, #11913, #1693, #5053, #11961, #6078, #886, #12863, #7347, #746, #7560, #4729, #3613, #10197, #3114, #212 ) ) ;
#12205 = PLANE ( 'NONE',  #12055 ) ;
#12206 = DIRECTION ( 'NONE',  ( -1.000000000000000000, -0.000000000000000000, -0.000000000000000000 ) ) ;
#12207 = ORIENTED_EDGE ( 'NONE', *, *, #6217, .F. ) ;
#12208 = CARTESIAN_POINT ( 'NONE',  ( 0.7591000148449561502, 2.700000000000000178, 8.597144723476736417 ) ) ;
#12209 = VECTOR ( 'NONE', #7266, 1000.000000000000000 ) ;
#12210 = VECTOR ( 'NONE', #6092, 1000.000000000000000 ) ;
#12211 = ORIENTED_EDGE ( 'NONE', *, *, #10253, .F. ) ;
#12212 = ORIENTED_EDGE ( 'NONE', *, *, #12252, .F. ) ;
#12213 = LINE ( 'NONE', #11195, #8364 ) ;
#12214 = CARTESIAN_POINT ( 'NONE',  ( 17.50168136613731917, 3.000000000000000000, 8.480258245918481208 ) ) ;
#12215 = ADVANCED_FACE ( 'NONE', ( #10409 ), #3100, .T. ) ;
#12216 = VERTEX_POINT ( 'NONE', #12463 ) ;
#12217 = LINE ( 'NONE', #4905, #12600 ) ;
#12218 = VECTOR ( 'NONE', #7468, 1000.000000000000000 ) ;
#12219 = CARTESIAN_POINT ( 'NONE',  ( 51.04641285413730856, 2.700000000000000178, 8.649138781918482621 ) ) ;
#12220 = VERTEX_POINT ( 'NONE', #4754 ) ;
#12221 = CARTESIAN_POINT ( 'NONE',  ( 0.000000000000000000, 2.700000000000000178, 13.19399532591848079 ) ) ;
#12222 = DIRECTION ( 'NONE',  ( 0.000000000000000000, 0.000000000000000000, -1.000000000000000000 ) ) ;
#12223 = EDGE_CURVE ( 'NONE', #939, #12461, #13089, .T. ) ;
#12224 = ORIENTED_EDGE ( 'NONE', *, *, #4004, .F. ) ;
#12225 = CARTESIAN_POINT ( 'NONE',  ( -19.24571986586267158, 2.700000000000000178, 9.812123501918481594 ) ) ;
#12226 = DIRECTION ( 'NONE',  ( -0.000000000000000000, 1.000000000000000000, -0.000000000000000000 ) ) ;
#12227 = ORIENTED_EDGE ( 'NONE', *, *, #2053, .T. ) ;
#12228 = LINE ( 'NONE', #9294, #112 ) ;
#12229 = EDGE_CURVE ( 'NONE', #7264, #4138, #3728, .T. ) ;
#12230 = EDGE_CURVE ( 'NONE', #5366, #6779, #1817, .T. ) ;
#12231 = VECTOR ( 'NONE', #11806, 1000.000000000000000 ) ;
#12232 = AXIS2_PLACEMENT_3D ( 'NONE', #9714, #8689, #12857 ) ;
#12233 = ORIENTED_EDGE ( 'NONE', *, *, #6580, .T. ) ;
#12234 = VERTEX_POINT ( 'NONE', #11037 ) ;
#12235 = LINE ( 'NONE', #13395, #10241 ) ;
#12236 = VERTEX_POINT ( 'NONE', #2709 ) ;
#12237 = ADVANCED_FACE ( 'NONE', ( #13478 ), #1677, .T. ) ;
#12238 = LINE ( 'NONE', #5129, #8486 ) ;
#12239 = CARTESIAN_POINT ( 'NONE',  ( -3.539999999999980496, 3.000000000000000000, -30.13000000000000611 ) ) ;
#12240 = CARTESIAN_POINT ( 'NONE',  ( -52.50000000000000711, 0.000000000000000000, -46.96999999999999176 ) ) ;
#12241 = VERTEX_POINT ( 'NONE', #10345 ) ;
#12242 = CARTESIAN_POINT ( 'NONE',  ( 33.22064815013732186, 2.700000000000000178, 10.05813977391848013 ) ) ;
#12243 = DIRECTION ( 'NONE',  ( 0.9127901068464038259, 0.000000000000000000, 0.4084289667045309935 ) ) ;
#12244 = VECTOR ( 'NONE', #2394, 1000.000000000000000 ) ;
#12245 = VECTOR ( 'NONE', #9379, 1000.000000000000000 ) ;
#12246 = VECTOR ( 'NONE', #13038, 1000.000000000000114 ) ;
#12247 = ORIENTED_EDGE ( 'NONE', *, *, #10237, .T. ) ;
#12248 = CARTESIAN_POINT ( 'NONE',  ( -22.90693885786266648, 2.700000000000000178, 20.48923905391848166 ) ) ;
#12249 = DIRECTION ( 'NONE',  ( 0.07139978715268649467, 0.000000000000000000, -0.9974477782794198832 ) ) ;
#12250 = VERTEX_POINT ( 'NONE', #2843 ) ;
#12251 = CARTESIAN_POINT ( 'NONE',  ( -50.53789502586267446, 2.700000000000000178, 13.45109514191848277 ) ) ;
#12252 = EDGE_CURVE ( 'NONE', #3308, #9948, #8987, .T. ) ;
#12253 = EDGE_LOOP ( 'NONE', ( #11816, #5500, #12828, #7873 ) ) ;
#12254 = VECTOR ( 'NONE', #11504, 1000.000000000000114 ) ;
#12255 = PERSON_AND_ORGANIZATION_ROLE ( 'creator' ) ;
#12256 = ORIENTED_EDGE ( 'NONE', *, *, #10356, .T. ) ;
#12257 = EDGE_CURVE ( 'NONE', #668, #6410, #7968, .T. ) ;
#12258 = CARTESIAN_POINT ( 'NONE',  ( -52.50000000000000711, 0.000000000000000000, -46.96999999999999176 ) ) ;
#12259 = ORIENTED_EDGE ( 'NONE', *, *, #4292, .T. ) ;
#12260 = ORIENTED_EDGE ( 'NONE', *, *, #10256, .F. ) ;
#12261 = DIRECTION ( 'NONE',  ( -0.000000000000000000, 1.000000000000000000, -0.000000000000000000 ) ) ;
#12262 = CARTESIAN_POINT ( 'NONE',  ( 33.50745377413733195, 3.000000000000000000, 10.79618554191848645 ) ) ;
#12263 = EDGE_CURVE ( 'NONE', #7708, #3361, #9320, .T. ) ;
#12264 = DIRECTION ( 'NONE',  ( -0.000000000000000000, 1.000000000000000000, -0.000000000000000000 ) ) ;
#12265 = CARTESIAN_POINT ( 'NONE',  ( 15.53231878213731143, 2.700000000000000178, 9.677438477918483883 ) ) ;
#12266 = DIRECTION ( 'NONE',  ( 0.7234087041818627606, 0.000000000000000000, -0.6904200509211173564 ) ) ;
#12267 = EDGE_CURVE ( 'NONE', #6009, #3505, #1309, .T. ) ;
#12268 = DIRECTION ( 'NONE',  ( -0.9867469349408645174, 0.000000000000000000, -0.1622667137302323814 ) ) ;
#12269 = EDGE_CURVE ( 'NONE', #11453, #12250, #12662, .T. ) ;
#12270 = DIRECTION ( 'NONE',  ( -0.000000000000000000, 1.000000000000000000, -0.000000000000000000 ) ) ;
#12271 = VECTOR ( 'NONE', #4459, 1000.000000000000114 ) ;
#12272 = VECTOR ( 'NONE', #3017, 1000.000000000000000 ) ;
#12273 = ORIENTED_EDGE ( 'NONE', *, *, #4064, .T. ) ;
#12274 = CARTESIAN_POINT ( 'NONE',  ( 42.30775215013734680, 2.700000000000000178, 8.380760349918483954 ) ) ;
#12275 = ORIENTED_EDGE ( 'NONE', *, *, #5957, .T. ) ;
#12276 = FACE_OUTER_BOUND ( 'NONE', #8503, .T. ) ;
#12277 = EDGE_CURVE ( 'NONE', #11074, #9516, #159, .T. ) ;
#12278 = LINE ( 'NONE', #2712, #4779 ) ;
#12279 = DIRECTION ( 'NONE',  ( -0.8199625269142660766, 0.000000000000000000, 0.5724172031450238674 ) ) ;
#12280 = ORIENTED_EDGE ( 'NONE', *, *, #6327, .F. ) ;
#12281 = EDGE_CURVE ( 'NONE', #2811, #8079, #6572, .T. ) ;
#12282 = CIRCLE ( 'NONE', #278, 1.700000000000000178 ) ;
#12283 = VECTOR ( 'NONE', #13091, 999.9999999999998863 ) ;
#12284 = CARTESIAN_POINT ( 'NONE',  ( 18.03147863013732177, 3.000000000000000000, 9.911009765918478820 ) ) ;
#12285 = DIRECTION ( 'NONE',  ( 0.000000000000000000, 0.000000000000000000, 1.000000000000000000 ) ) ;
#12286 = CARTESIAN_POINT ( 'NONE',  ( 0.000000000000000000, 2.700000000000000178, 20.48923905391848166 ) ) ;
#12287 = VECTOR ( 'NONE', #2338, 1000.000000000000114 ) ;
#12288 = ORIENTED_EDGE ( 'NONE', *, *, #5642, .T. ) ;
#12289 = AXIS2_PLACEMENT_3D ( 'NONE', #13241, #12423, #12364 ) ;
#12290 = VERTEX_POINT ( 'NONE', #4519 ) ;
#12291 = DIRECTION ( 'NONE',  ( -0.3101841417870044304, 0.000000000000000000, -0.9506764950201828102 ) ) ;
#12292 = CARTESIAN_POINT ( 'NONE',  ( -0.4873418330974813029, 3.000000000000000000, -1.176564236589713097 ) ) ;
#12293 = EDGE_LOOP ( 'NONE', ( #473, #12212, #2056, #2119 ) ) ;
#12294 = LINE ( 'NONE', #9074, #1254 ) ;
#12295 = DIRECTION ( 'NONE',  ( 0.4188446617514611781, 0.000000000000000000, 0.9080578997631727489 ) ) ;
#12296 = ORIENTED_EDGE ( 'NONE', *, *, #11449, .T. ) ;
#12298 = DIRECTION ( 'NONE',  ( -0.000000000000000000, 1.000000000000000000, -0.000000000000000000 ) ) ;
#12297 = VECTOR ( 'NONE', #4999, 1000.000000000000000 ) ;
#12299 = PLANE ( 'NONE',  #7513 ) ;
#12300 = ORIENTED_EDGE ( 'NONE', *, *, #10098, .F. ) ;
#12301 = CARTESIAN_POINT ( 'NONE',  ( -15.38672529786268939, 2.700000000000000178, 18.83538714191848484 ) ) ;
#12302 = CARTESIAN_POINT ( 'NONE',  ( 32.50083247013732546, 2.700000000000000178, 20.48923905391848166 ) ) ;
#12303 = EDGE_LOOP ( 'NONE', ( #7845, #7592, #12784, #5647 ) ) ;
#12304 = FACE_OUTER_BOUND ( 'NONE', #6005, .T. ) ;
#12305 = VECTOR ( 'NONE', #10370, 1000.000000000000000 ) ;
#12306 = ORIENTED_EDGE ( 'NONE', *, *, #4957, .T. ) ;
#12307 = ADVANCED_FACE ( 'NONE', ( #6506 ), #11568, .T. ) ;
#12308 = AXIS2_PLACEMENT_3D ( 'NONE', #7034, #5120, #4912 ) ;
#12309 = ORIENTED_EDGE ( 'NONE', *, *, #10079, .F. ) ;
#12310 = ADVANCED_FACE ( 'NONE', ( #5418 ), #10737, .T. ) ;
#12311 = CARTESIAN_POINT ( 'NONE',  ( -29.01556367386267610, 2.700000000000000178, 17.12220286191848118 ) ) ;
#12312 = ORIENTED_EDGE ( 'NONE', *, *, #5337, .T. ) ;
#12313 = DIRECTION ( 'NONE',  ( 0.9966490741344999904, 0.000000000000000000, -0.08179622868350448772 ) ) ;
#12314 = DIRECTION ( 'NONE',  ( -0.9799440330790400999, 0.000000000000000000, 0.1992729084265720541 ) ) ;
#12315 = DIRECTION ( 'NONE',  ( 0.000000000000000000, 0.000000000000000000, 1.000000000000000000 ) ) ;
#12316 = VERTEX_POINT ( 'NONE', #5551 ) ;
#12317 = CARTESIAN_POINT ( 'NONE',  ( -7.735111441862674297, 3.000000000000000000, 9.037889845918481768 ) ) ;
#12318 = DIRECTION ( 'NONE',  ( 0.5768456639229629923, 0.000000000000000000, 0.8168531569463852726 ) ) ;
#12319 = ORIENTED_EDGE ( 'NONE', *, *, #12257, .F. ) ;
#12320 = CARTESIAN_POINT ( 'NONE',  ( -10.33215780986267873, 2.700000000000000178, 13.26445086191848510 ) ) ;
#12321 = DIRECTION ( 'NONE',  ( 0.8717537324814309541, 0.000000000000000000, -0.4899443130649582256 ) ) ;
#12322 = ORIENTED_EDGE ( 'NONE', *, *, #13021, .T. ) ;
#12323 = CARTESIAN_POINT ( 'NONE',  ( 58.00000000000002132, 0.000000000000000000, 50.99999999999999289 ) ) ;
#12324 = EDGE_CURVE ( 'NONE', #6244, #6635, #10472, .T. ) ;
#12325 = VERTEX_POINT ( 'NONE', #8688 ) ;
#12326 = ORIENTED_EDGE ( 'NONE', *, *, #12025, .T. ) ;
#12327 = CARTESIAN_POINT ( 'NONE',  ( -12.78531114586266781, 3.000000000000000000, -18.67289039408152362 ) ) ;
#12328 = ADVANCED_FACE ( 'NONE', ( #9713 ), #4460, .T. ) ;
#12329 = ORIENTED_EDGE ( 'NONE', *, *, #12532, .T. ) ;
#12330 = ORIENTED_EDGE ( 'NONE', *, *, #1821, .T. ) ;
#12331 = CARTESIAN_POINT ( 'NONE',  ( -12.03947367386268219, 2.700000000000000178, 1.021237349918483472 ) ) ;
#12332 = LINE ( 'NONE', #3034, #12454 ) ;
#12333 = CARTESIAN_POINT ( 'NONE',  ( -28.12312451386268108, 2.700000000000000178, -19.40346449808151874 ) ) ;
#12334 = DIRECTION ( 'NONE',  ( -0.3758148874564750663, 0.000000000000000000, 0.9266947557670093261 ) ) ;
#12335 = CARTESIAN_POINT ( 'NONE',  ( 5.265173664008208299, 3.000000000000000000, 5.516746584186072333 ) ) ;
#12336 = DIRECTION ( 'NONE',  ( 0.7400606767618260751, 0.000000000000000000, -0.6725401063957657799 ) ) ;
#12337 = EDGE_CURVE ( 'NONE', #2161, #12081, #4323, .T. ) ;
#12338 = FACE_OUTER_BOUND ( 'NONE', #11996, .T. ) ;
#12339 = VECTOR ( 'NONE', #6052, 1000.000000000000000 ) ;
#12340 = ORIENTED_EDGE ( 'NONE', *, *, #3009, .F. ) ;
#12341 = EDGE_CURVE ( 'NONE', #6646, #9178, #3302, .T. ) ;
#12342 = DIRECTION ( 'NONE',  ( 0.9594243092007435081, 0.000000000000000000, -0.2819663010266934555 ) ) ;
#12343 = ADVANCED_FACE ( 'NONE', ( #7472 ), #11641, .T. ) ;
#12344 = AXIS2_PLACEMENT_3D ( 'NONE', #261, #11611, #10444 ) ;
#12345 = VERTEX_POINT ( 'NONE', #12594 ) ;
#12346 = CARTESIAN_POINT ( 'NONE',  ( 52.69778877413732232, 2.700000000000000178, 10.79618046191848535 ) ) ;
#12347 = VECTOR ( 'NONE', #12951, 1000.000000000000000 ) ;
#12348 = DIRECTION ( 'NONE',  ( -0.000000000000000000, 1.000000000000000000, -0.000000000000000000 ) ) ;
#12349 = ORIENTED_EDGE ( 'NONE', *, *, #9265, .T. ) ;
#12350 = DIRECTION ( 'NONE',  ( 0.000000000000000000, 0.000000000000000000, 1.000000000000000000 ) ) ;
#12351 = CARTESIAN_POINT ( 'NONE',  ( -51.77395757786267438, 2.700000000000000178, 13.49806583791848347 ) ) ;
#12352 = LINE ( 'NONE', #11115, #9513 ) ;
#12353 = VECTOR ( 'NONE', #7978, 1000.000000000000000 ) ;
#12354 = EDGE_CURVE ( 'NONE', #2937, #2161, #2279, .T. ) ;
#12355 = ORIENTED_EDGE ( 'NONE', *, *, #11822, .T. ) ;
#12356 = CC_DESIGN_DATE_AND_TIME_ASSIGNMENT ( #13412, #5079, ( #12616 ) ) ;
#12357 = ORIENTED_EDGE ( 'NONE', *, *, #12850, .F. ) ;
#12358 = ADVANCED_FACE ( 'NONE', ( #7401 ), #7601, .T. ) ;
#12359 = CARTESIAN_POINT ( 'NONE',  ( 20.15009263013732621, 2.700000000000000178, 12.39302562991848333 ) ) ;
#12360 = DIRECTION ( 'NONE',  ( -0.3826848932557266880, 0.000000000000000000, -0.9238789273892186182 ) ) ;
#12361 = VECTOR ( 'NONE', #1272, 1000.000000000000000 ) ;
#12362 = ORIENTED_EDGE ( 'NONE', *, *, #5558, .T. ) ;
#12363 = DIRECTION ( 'NONE',  ( -0.06377648243116726401, 0.000000000000000000, -0.9979642079196562321 ) ) ;
#12364 = DIRECTION ( 'NONE',  ( 0.7377972739528199098, 0.000000000000000000, -0.6750223570725547573 ) ) ;
#12365 = ORIENTED_EDGE ( 'NONE', *, *, #4658, .T. ) ;
#12366 = LINE ( 'NONE', #13449, #10059 ) ;
#12367 = CARTESIAN_POINT ( 'NONE',  ( 7.660755150137319447, 2.700000000000000178, -18.66395061008152467 ) ) ;
#12368 = ORIENTED_EDGE ( 'NONE', *, *, #10816, .F. ) ;
#12369 = CARTESIAN_POINT ( 'NONE',  ( -51.77395757786267438, 2.700000000000000178, 13.49806583791848347 ) ) ;
#12370 = DIRECTION ( 'NONE',  ( 1.000000000000000000, -0.000000000000000000, 0.000000000000000000 ) ) ;
#12371 = ORIENTED_EDGE ( 'NONE', *, *, #4465, .F. ) ;
#12372 = DIRECTION ( 'NONE',  ( -1.000000000000000000, 0.000000000000000000, 0.000000000000000000 ) ) ;
#12373 = EDGE_LOOP ( 'NONE', ( #2353, #11700, #1990, #3466 ) ) ;
#12374 = DIRECTION ( 'NONE',  ( 0.8314713530512023443, 0.000000000000000000, -0.5555676277962953158 ) ) ;
#12375 = VERTEX_POINT ( 'NONE', #10609 ) ;
#12376 = DIRECTION ( 'NONE',  ( 0.8571314614376863705, 0.000000000000000000, -0.5150977167622623476 ) ) ;
#12377 = CARTESIAN_POINT ( 'NONE',  ( 58.00000000000000711, 0.000000000000000000, -53.00000000000000711 ) ) ;
#12378 = CARTESIAN_POINT ( 'NONE',  ( 18.58276023013731404, 3.000000000000000000, 20.37552122191848625 ) ) ;
#12379 = ORIENTED_EDGE ( 'NONE', *, *, #11083, .T. ) ;
#12380 = CARTESIAN_POINT ( 'NONE',  ( 18.72973885413733797, 2.700000000000000178, 18.86798042191847102 ) ) ;
#12381 = CARTESIAN_POINT ( 'NONE',  ( 7.233227430137318947, 3.000000000000000000, 2.128756597918481042 ) ) ;
#12382 = ORIENTED_EDGE ( 'NONE', *, *, #10969, .T. ) ;
#12383 = LINE ( 'NONE', #8346, #10763 ) ;
#12384 = DIRECTION ( 'NONE',  ( 0.7288886501414303387, 0.000000000000000000, 0.6846322631128359815 ) ) ;
#12385 = ORIENTED_EDGE ( 'NONE', *, *, #10430, .T. ) ;
#12386 = LINE ( 'NONE', #8283, #13474 ) ;
#12387 = ORIENTED_EDGE ( 'NONE', *, *, #12756, .F. ) ;
#12388 = PERSON_AND_ORGANIZATION ( #7799, #1257 ) ;
#12389 = ORIENTED_EDGE ( 'NONE', *, *, #11278, .T. ) ;
#12390 = CARTESIAN_POINT ( 'NONE',  ( 8.493061334137337326, 3.000000000000000000, 1.276651621918487356 ) ) ;
#12391 = AXIS2_PLACEMENT_3D ( 'NONE', #970, #6095, #4935 ) ;
#12392 = ORIENTED_EDGE ( 'NONE', *, *, #5092, .F. ) ;
#12393 = ORIENTED_EDGE ( 'NONE', *, *, #3809, .F. ) ;
#12394 = CARTESIAN_POINT ( 'NONE',  ( 0.000000000000000000, 3.000000000000000000, 9.599520421918480650 ) ) ;
#12395 = LINE ( 'NONE', #9453, #10072 ) ;
#12396 =( GEOMETRIC_REPRESENTATION_CONTEXT ( 3 ) GLOBAL_UNCERTAINTY_ASSIGNED_CONTEXT ( ( #6783 ) ) GLOBAL_UNIT_ASSIGNED_CONTEXT ( ( #4602, #8696, #13066 ) ) REPRESENTATION_CONTEXT ( 'NONE', 'WORKASPACE' ) );
#12397 = EDGE_CURVE ( 'NONE', #12934, #13096, #8624, .T. ) ;
#12398 = LINE ( 'NONE', #9259, #12254 ) ;
#12399 = CARTESIAN_POINT ( 'NONE',  ( 33.73689807013732889, 3.000000000000000000, 20.48923905391848166 ) ) ;
#12400 = CARTESIAN_POINT ( 'NONE',  ( 18.03147863013732888, 2.700000000000000178, 19.26306421391847579 ) ) ;
#12401 = ADVANCED_FACE ( 'NONE', ( #1377 ), #2139, .T. ) ;
#12402 = CARTESIAN_POINT ( 'NONE',  ( -8.697155745862676923, 2.700000000000000178, 13.19399532591847901 ) ) ;
#12403 = EDGE_CURVE ( 'NONE', #10374, #4998, #9452, .T. ) ;
#12404 = EDGE_CURVE ( 'NONE', #12094, #4049, #6909, .T. ) ;
#12405 = EDGE_LOOP ( 'NONE', ( #4543, #8904, #5263, #4012 ) ) ;
#12406 = CARTESIAN_POINT ( 'NONE',  ( -4.337878150083883888, 2.700000000000000178, 15.00939162442015551 ) ) ;
#12407 = ORIENTED_EDGE ( 'NONE', *, *, #6964, .T. ) ;
#12408 = CARTESIAN_POINT ( 'NONE',  ( -34.63964996186266632, 2.700000000000000178, 20.48923905391848166 ) ) ;
#12409 = CARTESIAN_POINT ( 'NONE',  ( 32.81911987013732102, 2.700000000000000178, 9.454284237918479050 ) ) ;
#12410 = ORIENTED_EDGE ( 'NONE', *, *, #2720, .T. ) ;
#12411 = CARTESIAN_POINT ( 'NONE',  ( 23.21072828274713018, 2.700000000000000178, 24.68448162546242486 ) ) ;
#12412 = LINE ( 'NONE', #4279, #11796 ) ;
#12413 = PLANE ( 'NONE',  #3612 ) ;
#12414 = VERTEX_POINT ( 'NONE', #11836 ) ;
#12415 = VECTOR ( 'NONE', #4659, 1000.000000000000000 ) ;
#12416 = VECTOR ( 'NONE', #12226, 1000.000000000000000 ) ;
#12417 = VERTEX_POINT ( 'NONE', #1511 ) ;
#12418 = LINE ( 'NONE', #12359, #7488 ) ;
#12419 = CARTESIAN_POINT ( 'NONE',  ( 29.72216391013732562, 2.700000000000000178, 9.599522453918481801 ) ) ;
#12420 = VECTOR ( 'NONE', #4622, 1000.000000000000000 ) ;
#12421 = VERTEX_POINT ( 'NONE', #2475 ) ;
#12422 = DIRECTION ( 'NONE',  ( 0.000000000000000000, 0.000000000000000000, 1.000000000000000000 ) ) ;
#12423 = DIRECTION ( 'NONE',  ( 0.6750223570725547573, 0.000000000000000000, 0.7377972739528199098 ) ) ;
#12424 = VERTEX_POINT ( 'NONE', #12992 ) ;
#12425 = CARTESIAN_POINT ( 'NONE',  ( 25.89777735013731430, 3.000000000000000000, 20.48923905391848166 ) ) ;
#12426 = LINE ( 'NONE', #12562, #8381 ) ;
#12427 = EDGE_CURVE ( 'NONE', #6952, #9128, #1653, .T. ) ;
#12428 = EDGE_LOOP ( 'NONE', ( #11689, #12371, #7156, #5867 ) ) ;
#12429 = DIRECTION ( 'NONE',  ( -0.9999993738654084918, 0.000000000000000000, 0.001119048162977703690 ) ) ;
#12430 = CARTESIAN_POINT ( 'NONE',  ( -15.67102851386268547, 2.700000000000000178, 17.47324610191847682 ) ) ;
#12431 = AXIS2_PLACEMENT_3D ( 'NONE', #11963, #10936, #4514 ) ;
#12432 = VERTEX_POINT ( 'NONE', #7803 ) ;
#12433 = VECTOR ( 'NONE', #3702, 1000.000000000000000 ) ;
#12434 = CARTESIAN_POINT ( 'NONE',  ( 51.54979818213733722, 3.000000000000000000, 11.32692057391848373 ) ) ;
#12435 = ADVANCED_FACE ( 'NONE', ( #2607 ), #6705, .T. ) ;
#12436 = ADVANCED_FACE ( 'NONE', ( #6770 ), #10871, .T. ) ;
#12437 = ORIENTED_EDGE ( 'NONE', *, *, #2799, .T. ) ;
#12438 = CARTESIAN_POINT ( 'NONE',  ( -47.92485783386268139, 2.700000000000000178, 20.48182225391848377 ) ) ;
#12439 = VERTEX_POINT ( 'NONE', #10806 ) ;
#12440 = VECTOR ( 'NONE', #12804, 1000.000000000000114 ) ;
#12441 = FACE_OUTER_BOUND ( 'NONE', #8819, .T. ) ;
#12442 = ADVANCED_FACE ( 'NONE', ( #1444 ), #9776, .T. ) ;
#12443 = CARTESIAN_POINT ( 'NONE',  ( -15.30514760986266154, 2.700000000000000178, 11.68599630991847960 ) ) ;
#12444 = DIRECTION ( 'NONE',  ( -0.7603145504814725619, 0.000000000000000000, 0.6495550664309811539 ) ) ;
#12445 = ORIENTED_EDGE ( 'NONE', *, *, #7931, .T. ) ;
#12446 = FACE_BOUND ( 'NONE', #3671, .T. ) ;
#12447 = DIRECTION ( 'NONE',  ( -0.000000000000000000, 1.000000000000000000, -0.000000000000000000 ) ) ;
#12448 = ADVANCED_FACE ( 'NONE', ( #8827 ), #10942, .T. ) ;
#12449 = ORIENTED_EDGE ( 'NONE', *, *, #12635, .F. ) ;
#12450 = LINE ( 'NONE', #4184, #7070 ) ;
#12451 = LINE ( 'NONE', #7056, #4143 ) ;
#12452 = ORIENTED_EDGE ( 'NONE', *, *, #4396, .F. ) ;
#12453 = EDGE_CURVE ( 'NONE', #217, #4253, #1350, .T. ) ;
#12454 = VECTOR ( 'NONE', #6105, 1000.000000000000000 ) ;
#12455 = CARTESIAN_POINT ( 'NONE',  ( 12.93624472613732301, 3.000000000000000000, 17.57629085391847923 ) ) ;
#12456 = EDGE_LOOP ( 'NONE', ( #10021, #6339, #325, #7574 ) ) ;
#12457 = ORIENTED_EDGE ( 'NONE', *, *, #12679, .F. ) ;
#12458 = VECTOR ( 'NONE', #5303, 1000.000000000000000 ) ;
#12459 = CYLINDRICAL_SURFACE ( 'NONE', #9385, 1.700000000000000178 ) ;
#12460 = VECTOR ( 'NONE', #8073, 1000.000000000000000 ) ;
#12461 = VERTEX_POINT ( 'NONE', #6846 ) ;
#12462 = CARTESIAN_POINT ( 'NONE',  ( -22.25999999999998025, 0.000000000000000000, -38.03000000000000824 ) ) ;
#12463 = CARTESIAN_POINT ( 'NONE',  ( -13.60432804986267108, 2.700000000000000178, 18.98865785391848249 ) ) ;
#12464 = DIRECTION ( 'NONE',  ( -0.000000000000000000, 1.000000000000000000, -0.000000000000000000 ) ) ;
#12465 = DIRECTION ( 'NONE',  ( 0.000000000000000000, 0.000000000000000000, -1.000000000000000000 ) ) ;
#12466 = DIRECTION ( 'NONE',  ( -0.000000000000000000, 1.000000000000000000, -0.000000000000000000 ) ) ;
#12467 = DIRECTION ( 'NONE',  ( -0.8923961784954322907, 0.000000000000000000, 0.4512527679768272848 ) ) ;
#12468 = ORIENTED_EDGE ( 'NONE', *, *, #391, .F. ) ;
#12469 = FACE_OUTER_BOUND ( 'NONE', #191, .T. ) ;
#12470 = VECTOR ( 'NONE', #13351, 1000.000000000000000 ) ;
#12471 = ORIENTED_EDGE ( 'NONE', *, *, #12089, .F. ) ;
#12472 = AXIS2_PLACEMENT_3D ( 'NONE', #13352, #3171, #13420 ) ;
#12473 = CARTESIAN_POINT ( 'NONE',  ( -12.62227667386266461, 2.700000000000000178, 19.42807785391848086 ) ) ;
#12474 = EDGE_CURVE ( 'NONE', #1253, #3287, #9982, .T. ) ;
#12475 = VERTEX_POINT ( 'NONE', #5754 ) ;
#12476 = CARTESIAN_POINT ( 'NONE',  ( 13.43084775013732468, 2.700000000000000178, 10.84052886191847875 ) ) ;
#12477 = VECTOR ( 'NONE', #1729, 1000.000000000000000 ) ;
#12478 = CARTESIAN_POINT ( 'NONE',  ( -15.22832378586267232, 3.000000000000000000, 15.66020527791848060 ) ) ;
#12479 = ORIENTED_EDGE ( 'NONE', *, *, #8680, .F. ) ;
#12480 = FACE_OUTER_BOUND ( 'NONE', #6869, .T. ) ;
#12481 = FACE_OUTER_BOUND ( 'NONE', #6889, .T. ) ;
#12482 = DIRECTION ( 'NONE',  ( -0.000000000000000000, 1.000000000000000000, -0.000000000000000000 ) ) ;
#12483 = ORIENTED_EDGE ( 'NONE', *, *, #3579, .F. ) ;
#12484 = ORIENTED_EDGE ( 'NONE', *, *, #11095, .F. ) ;
#12485 = LINE ( 'NONE', #3128, #1155 ) ;
#12486 = DIRECTION ( 'NONE',  ( -0.7808606759642443551, 0.000000000000000000, 0.6247052142672280262 ) ) ;
#12487 = AXIS2_PLACEMENT_3D ( 'NONE', #3901, #13461, #3083 ) ;
#12488 = EDGE_CURVE ( 'NONE', #10885, #11047, #9921, .T. ) ;
#12489 = CARTESIAN_POINT ( 'NONE',  ( 22.37000000000002942, 3.000000000000000000, -30.13000000000000611 ) ) ;
#12490 = CARTESIAN_POINT ( 'NONE',  ( 0.000000000000000000, 3.000000000000000000, 20.48923905391848166 ) ) ;
#12491 = ORIENTED_EDGE ( 'NONE', *, *, #315, .T. ) ;
#12492 = LINE ( 'NONE', #123, #905 ) ;
#12493 = CARTESIAN_POINT ( 'NONE',  ( 5.032422623149708230, 3.000000000000000000, -2.028826108817776586 ) ) ;
#12494 = EDGE_CURVE ( 'NONE', #4066, #9444, #8891, .T. ) ;
#12495 = ORIENTED_EDGE ( 'NONE', *, *, #12880, .T. ) ;
#12496 = DIRECTION ( 'NONE',  ( 0.000000000000000000, 0.000000000000000000, -1.000000000000000000 ) ) ;
#12497 = CARTESIAN_POINT ( 'NONE',  ( 19.49079295813731960, 2.700000000000000178, 19.86238330991848500 ) ) ;
#12498 = ORIENTED_EDGE ( 'NONE', *, *, #2927, .F. ) ;
#12499 = VECTOR ( 'NONE', #859, 1000.000000000000000 ) ;
#12500 = CARTESIAN_POINT ( 'NONE',  ( -1.257470152428424637, 2.700000000000000178, 4.406185959895554838 ) ) ;
#12501 = EDGE_CURVE ( 'NONE', #10638, #9993, #3696, .T. ) ;
#12502 = ORIENTED_EDGE ( 'NONE', *, *, #12168, .F. ) ;
#12503 = VECTOR ( 'NONE', #5247, 1000.000000000000000 ) ;
#12504 = CARTESIAN_POINT ( 'NONE',  ( 7.660755150137319447, 3.000000000000000000, -18.66395061008152467 ) ) ;
#12505 = VERTEX_POINT ( 'NONE', #2677 ) ;
#12506 = AXIS2_PLACEMENT_3D ( 'NONE', #7757, #11928, #8640 ) ;
#12507 = ADVANCED_FACE ( 'NONE', ( #11008 ), #13125, .T. ) ;
#12508 = CARTESIAN_POINT ( 'NONE',  ( -50.47082988186267727, 2.700000000000000178, 15.01295130191848415 ) ) ;
#12509 = EDGE_CURVE ( 'NONE', #12194, #7128, #1711, .T. ) ;
#12510 = ORIENTED_EDGE ( 'NONE', *, *, #3454, .T. ) ;
#12511 = DIRECTION ( 'NONE',  ( -0.3758148874564751218, 0.000000000000000000, 0.9266947557670092150 ) ) ;
#12512 = DIRECTION ( 'NONE',  ( -0.7110785453986703253, 0.000000000000000000, 0.7031125815071944674 ) ) ;
#12513 = ORIENTED_EDGE ( 'NONE', *, *, #4239, .T. ) ;
#12514 = FACE_BOUND ( 'NONE', #10727, .T. ) ;
#12515 = CARTESIAN_POINT ( 'NONE',  ( -31.12999999999996348, 0.000000000000000000, -30.13000000000000611 ) ) ;
#12516 = AXIS2_PLACEMENT_3D ( 'NONE', #6947, #2859, #6131 ) ;
#12517 = VERTEX_POINT ( 'NONE', #688 ) ;
#12518 = LINE ( 'NONE', #3022, #8578 ) ;
#12519 = PLANE ( 'NONE',  #13290 ) ;
#12520 = ORIENTED_EDGE ( 'NONE', *, *, #7220, .T. ) ;
#12521 = LINE ( 'NONE', #9372, #2348 ) ;
#12522 = VECTOR ( 'NONE', #4508, 1000.000000000000114 ) ;
#12523 = VERTEX_POINT ( 'NONE', #4857 ) ;
#12524 = ORIENTED_EDGE ( 'NONE', *, *, #3755, .T. ) ;
#12525 = ADVANCED_FACE ( 'NONE', ( #9027 ), #3497, .T. ) ;
#12526 = ORIENTED_EDGE ( 'NONE', *, *, #8380, .F. ) ;
#12527 = EDGE_CURVE ( 'NONE', #10602, #11066, #9161, .T. ) ;
#12528 = PLANE ( 'NONE',  #5866 ) ;
#12529 = ORIENTED_EDGE ( 'NONE', *, *, #4078, .T. ) ;
#12530 = FACE_OUTER_BOUND ( 'NONE', #8225, .T. ) ;
#12531 = DIRECTION ( 'NONE',  ( 0.9067769724085803507, 0.000000000000000000, 0.4216106287909834327 ) ) ;
#12532 = EDGE_CURVE ( 'NONE', #5064, #1739, #4110, .T. ) ;
#12533 = CARTESIAN_POINT ( 'NONE',  ( -3.539999999999980496, 0.000000000000000000, -30.13000000000000611 ) ) ;
#12534 = FACE_OUTER_BOUND ( 'NONE', #10484, .T. ) ;
#12535 = PLANE ( 'NONE',  #12472 ) ;
#12536 = EDGE_LOOP ( 'NONE', ( #4927, #6238, #1372, #5278, #3782, #2644, #7254, #9995, #6381, #280, #9683, #2088 ) ) ;
#12537 = VECTOR ( 'NONE', #10236, 1000.000000000000114 ) ;
#12538 = VECTOR ( 'NONE', #10718, 999.9999999999998863 ) ;
#12539 = EDGE_LOOP ( 'NONE', ( #5823, #9566, #3896, #9860 ) ) ;
#12540 = DIRECTION ( 'NONE',  ( 0.8046303130026136730, 0.000000000000000000, 0.5937761020766295639 ) ) ;
#12541 = ORIENTED_EDGE ( 'NONE', *, *, #10157, .T. ) ;
#12542 = LINE ( 'NONE', #10554, #5017 ) ;
#12543 = ORIENTED_EDGE ( 'NONE', *, *, #490, .F. ) ;
#12544 = LINE ( 'NONE', #8372, #12929 ) ;
#12545 = CARTESIAN_POINT ( 'NONE',  ( 27.62251064705543868, 2.700000000000000178, -11.40284741401414337 ) ) ;
#12546 = PLANE ( 'NONE',  #12058 ) ;
#12547 = VERTEX_POINT ( 'NONE', #12378 ) ;
#12548 = DIRECTION ( 'NONE',  ( 0.2445053099887651848, 0.000000000000000000, -0.9696479533249672267 ) ) ;
#12549 = PLANE ( 'NONE',  #10050 ) ;
#12550 = DIRECTION ( 'NONE',  ( -0.000000000000000000, -0.000000000000000000, 1.000000000000000000 ) ) ;
#12551 = ORIENTED_EDGE ( 'NONE', *, *, #4086, .T. ) ;
#12552 = VECTOR ( 'NONE', #1642, 1000.000000000000000 ) ;
#12553 = VERTEX_POINT ( 'NONE', #962 ) ;
#12554 = VECTOR ( 'NONE', #11177, 999.9999999999998863 ) ;
#12555 = ORIENTED_EDGE ( 'NONE', *, *, #4167, .F. ) ;
#12556 = DIRECTION ( 'NONE',  ( 1.000000000000000000, 0.000000000000000000, 1.853337046983768581E-16 ) ) ;
#12557 = DIRECTION ( 'NONE',  ( -0.9980128220225691349, 0.000000000000000000, 0.06301116630048836376 ) ) ;
#12558 = LINE ( 'NONE', #4223, #1881 ) ;
#12559 = PLANE ( 'NONE',  #4421 ) ;
#12560 = ORIENTED_EDGE ( 'NONE', *, *, #9079, .F. ) ;
#12561 = DIRECTION ( 'NONE',  ( 0.000000000000000000, 0.000000000000000000, 1.000000000000000000 ) ) ;
#12562 = CARTESIAN_POINT ( 'NONE',  ( -15.90683668376036763, 2.700000000000000178, -3.211446259749462850 ) ) ;
#12563 = EDGE_CURVE ( 'NONE', #8342, #10988, #6086, .T. ) ;
#12564 = ORIENTED_EDGE ( 'NONE', *, *, #12229, .T. ) ;
#12565 = CARTESIAN_POINT ( 'NONE',  ( -11.00278347434746706, 2.700000000000000178, -3.183552041529388532 ) ) ;
#12566 = FACE_OUTER_BOUND ( 'NONE', #8250, .T. ) ;
#12567 = VECTOR ( 'NONE', #11663, 999.9999999999998863 ) ;
#12568 = ORIENTED_EDGE ( 'NONE', *, *, #5414, .T. ) ;
#12569 = EDGE_CURVE ( 'NONE', #5931, #6139, #9096, .T. ) ;
#12570 = LINE ( 'NONE', #3207, #13427 ) ;
#12571 = VERTEX_POINT ( 'NONE', #3974 ) ;
#12572 = EDGE_CURVE ( 'NONE', #3070, #2466, #8143, .T. ) ;
#12573 = PLANE ( 'NONE',  #2383 ) ;
#12574 = ORIENTED_EDGE ( 'NONE', *, *, #9080, .F. ) ;
#12575 = PLANE ( 'NONE',  #13064 ) ;
#12576 = ORIENTED_EDGE ( 'NONE', *, *, #9342, .T. ) ;
#12577 = DIRECTION ( 'NONE',  ( 0.000000000000000000, 0.000000000000000000, 1.000000000000000000 ) ) ;
#12578 = CARTESIAN_POINT ( 'NONE',  ( -18.71668358586267900, 2.700000000000000178, 8.447511549918484519 ) ) ;
#12579 = ORIENTED_EDGE ( 'NONE', *, *, #3986, .T. ) ;
#12580 = CARTESIAN_POINT ( 'NONE',  ( 19.48759255813732238, 2.700000000000000178, 9.316066581918484246 ) ) ;
#12581 = LINE ( 'NONE', #2324, #4240 ) ;
#12582 = VERTEX_POINT ( 'NONE', #10255 ) ;
#12583 = CARTESIAN_POINT ( 'NONE',  ( -26.10587073786267709, 3.000000000000000000, 19.43611339791847925 ) ) ;
#12584 = LINE ( 'NONE', #5274, #5005 ) ;
#12585 = ORIENTED_EDGE ( 'NONE', *, *, #2874, .F. ) ;
#12586 = ADVANCED_FACE ( 'NONE', ( #7118 ), #11353, .T. ) ;
#12587 = ORIENTED_EDGE ( 'NONE', *, *, #6955, .T. ) ;
#12588 = VERTEX_POINT ( 'NONE', #13401 ) ;
#12589 = VECTOR ( 'NONE', #3977, 1000.000000000000114 ) ;
#12590 = ORIENTED_EDGE ( 'NONE', *, *, #9000, .F. ) ;
#12591 = DIRECTION ( 'NONE',  ( 0.8706693720387367330, 0.000000000000000000, 0.4918687269929568617 ) ) ;
#12592 = DIRECTION ( 'NONE',  ( -0.9207061527434364789, 0.000000000000000000, 0.3902565570241960935 ) ) ;
#12593 = CARTESIAN_POINT ( 'NONE',  ( 7.557067270137328485, 2.700000000000000178, -18.14267961808151597 ) ) ;
#12594 = CARTESIAN_POINT ( 'NONE',  ( -28.93892679386267375, 2.700000000000000178, 18.66975374191848402 ) ) ;
#12595 = LINE ( 'NONE', #3235, #3938 ) ;
#12596 = DIRECTION ( 'NONE',  ( -0.03214695214465841666, 0.000000000000000000, -0.9994831531685810511 ) ) ;
#12597 = DIRECTION ( 'NONE',  ( -0.000000000000000000, 1.000000000000000000, -0.000000000000000000 ) ) ;
#12598 = ORIENTED_EDGE ( 'NONE', *, *, #13224, .T. ) ;
#12599 = EDGE_CURVE ( 'NONE', #3828, #10934, #10391, .T. ) ;
#12600 = VECTOR ( 'NONE', #5858, 1000.000000000000000 ) ;
#12601 = ORIENTED_EDGE ( 'NONE', *, *, #7172, .F. ) ;
#12602 = EDGE_CURVE ( 'NONE', #4936, #9508, #2948, .T. ) ;
#12603 = EDGE_CURVE ( 'NONE', #2182, #1786, #11142, .T. ) ;
#12604 = ADVANCED_FACE ( 'NONE', ( #7249 ), #7049, .F. ) ;
#12605 = EDGE_LOOP ( 'NONE', ( #10292, #12935, #3031, #3574 ) ) ;
#12606 = CARTESIAN_POINT ( 'NONE',  ( 24.91882071013732158, 3.000000000000000000, 0.000000000000000000 ) ) ;
#12607 = EDGE_LOOP ( 'NONE', ( #9431, #248, #6600, #8375 ) ) ;
#12608 = FACE_OUTER_BOUND ( 'NONE', #4009, .T. ) ;
#12609 = CARTESIAN_POINT ( 'NONE',  ( -28.53528421786266733, 3.000000000000000000, 1.294713053918480128 ) ) ;
#12610 = VECTOR ( 'NONE', #2815, 1000.000000000000114 ) ;
#12611 = CARTESIAN_POINT ( 'NONE',  ( 60.00000000000002842, 0.000000000000000000, -50.99999999999999289 ) ) ;
#12612 = ORIENTED_EDGE ( 'NONE', *, *, #2823, .F. ) ;
#12613 = EDGE_CURVE ( 'NONE', #8392, #6913, #11287, .T. ) ;
#12614 = FACE_OUTER_BOUND ( 'NONE', #7061, .T. ) ;
#12615 = LINE ( 'NONE', #3254, #2847 ) ;
#12616 = SECURITY_CLASSIFICATION ( '', '', #6164 ) ;
#12617 = CARTESIAN_POINT ( 'NONE',  ( 0.000000000000000000, 2.700000000000000178, 0.000000000000000000 ) ) ;
#12618 = VERTEX_POINT ( 'NONE', #1922 ) ;
#12619 = ORIENTED_EDGE ( 'NONE', *, *, #200, .F. ) ;
#12620 = ORIENTED_EDGE ( 'NONE', *, *, #6741, .F. ) ;
#12621 = LINE ( 'NONE', #6406, #7706 ) ;
#12622 = CARTESIAN_POINT ( 'NONE',  ( -7.278154265862681882, 2.700000000000000178, 14.41275234991848464 ) ) ;
#12623 = DIRECTION ( 'NONE',  ( 0.000000000000000000, 0.000000000000000000, 1.000000000000000000 ) ) ;
#12624 = LINE ( 'NONE', #1273, #9226 ) ;
#12625 = VERTEX_POINT ( 'NONE', #890 ) ;
#12626 = CARTESIAN_POINT ( 'NONE',  ( 12.55571615013732334, 3.000000000000000000, 10.00247922991848171 ) ) ;
#12627 = CARTESIAN_POINT ( 'NONE',  ( -11.33244435386267313, 2.700000000000000178, 19.57455152591848346 ) ) ;
#12628 = VERTEX_POINT ( 'NONE', #9234 ) ;
#12629 = DIRECTION ( 'NONE',  ( -0.9911500964870425534, 0.000000000000000000, 0.1327459462044933425 ) ) ;
#12630 = CARTESIAN_POINT ( 'NONE',  ( 44.33242679013732612, 2.700000000000000178, 0.000000000000000000 ) ) ;
#12631 = ORIENTED_EDGE ( 'NONE', *, *, #6973, .T. ) ;
#12632 = CARTESIAN_POINT ( 'NONE',  ( -6.601830497862677838, 2.700000000000000178, 10.20604600591848232 ) ) ;
#12633 = VECTOR ( 'NONE', #3897, 1000.000000000000000 ) ;
#12634 = ORIENTED_EDGE ( 'NONE', *, *, #7639, .T. ) ;
#12635 = EDGE_CURVE ( 'NONE', #7211, #8523, #8003, .T. ) ;
#12636 = CARTESIAN_POINT ( 'NONE',  ( -3.392520385818005746, 2.700000000000000178, -17.05594934600265944 ) ) ;
#12637 = ORIENTED_EDGE ( 'NONE', *, *, #7245, .F. ) ;
#12638 = EDGE_CURVE ( 'NONE', #11653, #2617, #1852, .T. ) ;
#12639 = DIRECTION ( 'NONE',  ( 1.000000000000000000, 0.000000000000000000, 1.853337046983768581E-16 ) ) ;
#12640 = EDGE_LOOP ( 'NONE', ( #4146, #5362, #9350, #12306 ) ) ;
#12641 = CARTESIAN_POINT ( 'NONE',  ( 15.28410083813732179, 3.000000000000000000, 8.477900109918488525 ) ) ;
#12642 = VECTOR ( 'NONE', #11034, 1000.000000000000000 ) ;
#12643 = LINE ( 'NONE', #11691, #1795 ) ;
#12644 = ORIENTED_EDGE ( 'NONE', *, *, #3224, .T. ) ;
#12645 = CARTESIAN_POINT ( 'NONE',  ( -8.996287481862665913, 2.700000000000000178, 18.88977260591848051 ) ) ;
#12646 = CARTESIAN_POINT ( 'NONE',  ( 0.000000000000000000, 3.000000000000000000, 2.128756597918481930 ) ) ;
#12647 = VECTOR ( 'NONE', #1034, 1000.000000000000000 ) ;
#12648 = EDGE_CURVE ( 'NONE', #3110, #8132, #11421, .T. ) ;
#12649 = ORIENTED_EDGE ( 'NONE', *, *, #4531, .T. ) ;
#12650 = CARTESIAN_POINT ( 'NONE',  ( -49.84999999999996589, 0.000000000000000000, -30.13000000000000966 ) ) ;
#12651 = PLANE ( 'NONE',  #3686 ) ;
#12652 = EDGE_CURVE ( 'NONE', #870, #130, #5131, .T. ) ;
#12653 = ORIENTED_EDGE ( 'NONE', *, *, #2988, .F. ) ;
#12654 = ORIENTED_EDGE ( 'NONE', *, *, #8386, .F. ) ;
#12655 = EDGE_CURVE ( 'NONE', #7920, #3470, #9302, .T. ) ;
#12656 = VECTOR ( 'NONE', #9267, 1000.000000000000114 ) ;
#12657 = EDGE_LOOP ( 'NONE', ( #6935, #11546, #7189, #6901 ) ) ;
#12658 = VERTEX_POINT ( 'NONE', #6220 ) ;
#12659 = CARTESIAN_POINT ( 'NONE',  ( 24.26494141490655920, 2.700000000000000178, 10.21081892704666316 ) ) ;
#12660 = CARTESIAN_POINT ( 'NONE',  ( 12.96448951446525122, 2.700000000000000178, 26.83108228847186183 ) ) ;
#12661 = DIRECTION ( 'NONE',  ( 0.7164018381303199901, 0.000000000000000000, 0.6976879003705731552 ) ) ;
#12662 = LINE ( 'NONE', #12856, #4015 ) ;
#12663 = CARTESIAN_POINT ( 'NONE',  ( 52.50000000000095923, 0.000000000000000000, 46.97000000000000597 ) ) ;
#12664 = ADVANCED_FACE ( 'NONE', ( #6286 ), #8410, .T. ) ;
#12665 = CARTESIAN_POINT ( 'NONE',  ( 0.000000000000000000, 3.000000000000000000, 20.48923905391848166 ) ) ;
#12666 = CARTESIAN_POINT ( 'NONE',  ( 48.55729007013732712, 3.000000000000000000, 8.479645597918478828 ) ) ;
#12667 = VERTEX_POINT ( 'NONE', #7522 ) ;
#12668 = EDGE_CURVE ( 'NONE', #3214, #4941, #3414, .T. ) ;
#12669 = ORIENTED_EDGE ( 'NONE', *, *, #13142, .F. ) ;
#12670 = ADVANCED_FACE ( 'NONE', ( #9562 ), #4245, .T. ) ;
#12671 = AXIS2_PLACEMENT_3D ( 'NONE', #11943, #6680, #2443 ) ;
#12672 = VECTOR ( 'NONE', #2011, 1000.000000000000000 ) ;
#12673 = ORIENTED_EDGE ( 'NONE', *, *, #7964, .F. ) ;
#12674 = EDGE_CURVE ( 'NONE', #3982, #8603, #5267, .T. ) ;
#12675 = DIRECTION ( 'NONE',  ( -0.000000000000000000, 1.000000000000000000, -0.000000000000000000 ) ) ;
#12676 = ORIENTED_EDGE ( 'NONE', *, *, #9876, .T. ) ;
#12677 = DIRECTION ( 'NONE',  ( 0.9960884411663327720, 0.000000000000000000, 0.08836185474980144672 ) ) ;
#12678 = CARTESIAN_POINT ( 'NONE',  ( 1.813554706482030987, 2.700000000000000178, 20.84204758890476938 ) ) ;
#12679 = EDGE_CURVE ( 'NONE', #8658, #8322, #8474, .T. ) ;
#12680 = VECTOR ( 'NONE', #8002, 999.9999999999998863 ) ;
#12681 = DIRECTION ( 'NONE',  ( -1.000000000000000000, 0.000000000000000000, 0.000000000000000000 ) ) ;
#12683 = ORIENTED_EDGE ( 'NONE', *, *, #909, .F. ) ;
#12682 = ADVANCED_FACE ( 'NONE', ( #4178 ), #7579, .T. ) ;
#12684 = VECTOR ( 'NONE', #8981, 999.9999999999998863 ) ;
#12685 = VECTOR ( 'NONE', #10105, 1000.000000000000000 ) ;
#12686 = CARTESIAN_POINT ( 'NONE',  ( -6.042096793862673287, 2.700000000000000178, 20.48923905391848166 ) ) ;
#12687 = DIRECTION ( 'NONE',  ( 0.8706693720387367330, 0.000000000000000000, 0.4918687269929568617 ) ) ;
#12688 = DIRECTION ( 'NONE',  ( -0.000000000000000000, 1.000000000000000000, -0.000000000000000000 ) ) ;
#12689 = VECTOR ( 'NONE', #11443, 1000.000000000000000 ) ;
#12690 = ORIENTED_EDGE ( 'NONE', *, *, #4144, .T. ) ;
#12691 = VERTEX_POINT ( 'NONE', #7454 ) ;
#12692 = EDGE_CURVE ( 'NONE', #9317, #1118, #9628, .T. ) ;
#12693 = VECTOR ( 'NONE', #7751, 1000.000000000000000 ) ;
#12694 = VERTEX_POINT ( 'NONE', #12578 ) ;
#12695 = FACE_OUTER_BOUND ( 'NONE', #1846, .T. ) ;
#12696 = DIRECTION ( 'NONE',  ( -0.000000000000000000, 1.000000000000000000, -0.000000000000000000 ) ) ;
#12697 = CC_DESIGN_DATE_AND_TIME_ASSIGNMENT ( #9039, #6920, ( #10434 ) ) ;
#12698 = LINE ( 'NONE', #7228, #6050 ) ;
#12699 = DIRECTION ( 'NONE',  ( 0.3826836147510479513, 0.000000000000000000, -0.9238794569645281118 ) ) ;
#12700 = ORIENTED_EDGE ( 'NONE', *, *, #13297, .T. ) ;
#12701 = LINE ( 'NONE', #6474, #12088 ) ;
#12702 = VERTEX_POINT ( 'NONE', #12714 ) ;
#12703 = CARTESIAN_POINT ( 'NONE',  ( -12.62227667386266461, 3.000000000000000000, 19.42807785391848086 ) ) ;
#12704 = DIRECTION ( 'NONE',  ( -0.9956331021264480663, 0.000000000000000000, -0.09335269653344568930 ) ) ;
#12705 = ORIENTED_EDGE ( 'NONE', *, *, #10084, .F. ) ;
#12706 = CARTESIAN_POINT ( 'NONE',  ( -34.63964996186266632, 3.000000000000000000, 20.48923905391848166 ) ) ;
#12707 = ORIENTED_EDGE ( 'NONE', *, *, #9648, .F. ) ;
#12708 = VECTOR ( 'NONE', #5350, 1000.000000000000000 ) ;
#12709 = VECTOR ( 'NONE', #11951, 1000.000000000000114 ) ;
#12710 = ORIENTED_EDGE ( 'NONE', *, *, #3539, .T. ) ;
#12711 = DIRECTION ( 'NONE',  ( 0.1950914675743609106, 0.000000000000000000, 0.9807850525368349004 ) ) ;
#12712 = ORIENTED_EDGE ( 'NONE', *, *, #10582, .T. ) ;
#12713 = CARTESIAN_POINT ( 'NONE',  ( 8.869769750137326270, 2.700000000000000178, 0.000000000000000000 ) ) ;
#12714 = CARTESIAN_POINT ( 'NONE',  ( -5.960509961862676676, 3.000000000000000000, 2.128756597918481930 ) ) ;
#12715 = EDGE_LOOP ( 'NONE', ( #6988, #5119, #2392, #4426 ) ) ;
#12717 = LINE ( 'NONE', #5531, #1980 ) ;
#12716 = AXIS2_PLACEMENT_3D ( 'NONE', #2777, #10088, #12350 ) ;
#12718 = CARTESIAN_POINT ( 'NONE',  ( -12.78531114586266781, 2.700000000000000178, -18.67289039408152362 ) ) ;
#12719 = VERTEX_POINT ( 'NONE', #5398 ) ;
#12720 = CARTESIAN_POINT ( 'NONE',  ( 23.13033886681006024, 2.700000000000000178, 9.468714137153927624 ) ) ;
#12721 = DIRECTION ( 'NONE',  ( -0.000000000000000000, 1.000000000000000000, -0.000000000000000000 ) ) ;
#12722 = ORIENTED_EDGE ( 'NONE', *, *, #9014, .T. ) ;
#12723 = AXIS2_PLACEMENT_3D ( 'NONE', #6642, #9985, #10809 ) ;
#12724 = VECTOR ( 'NONE', #6951, 1000.000000000000000 ) ;
#12725 = ADVANCED_FACE ( 'NONE', ( #7318 ), #4308, .T. ) ;
#12726 = ORIENTED_EDGE ( 'NONE', *, *, #4584, .F. ) ;
#12727 = VECTOR ( 'NONE', #9071, 1000.000000000000114 ) ;
#12728 = ORIENTED_EDGE ( 'NONE', *, *, #8053, .F. ) ;
#12729 = VERTEX_POINT ( 'NONE', #1094 ) ;
#12730 = FACE_OUTER_BOUND ( 'NONE', #266, .T. ) ;
#12731 = CARTESIAN_POINT ( 'NONE',  ( 19.81152180613732128, 3.000000000000000000, 17.57597792591847963 ) ) ;
#12732 = CIRCLE ( 'NONE', #11860, 2.000000000000001776 ) ;
#12733 = CARTESIAN_POINT ( 'NONE',  ( 0.000000000000000000, 3.000000000000000000, 8.684835941918485958 ) ) ;
#12734 = CARTESIAN_POINT ( 'NONE',  ( -6.042096793862673287, 2.700000000000000178, 0.000000000000000000 ) ) ;
#12735 = DIRECTION ( 'NONE',  ( 0.000000000000000000, 0.000000000000000000, 1.000000000000000000 ) ) ;
#12736 = CARTESIAN_POINT ( 'NONE',  ( 3.650000000000028333, 0.000000000000000000, -30.13000000000000966 ) ) ;
#12737 = CARTESIAN_POINT ( 'NONE',  ( 32.30286995013733531, 2.700000000000000178, 8.984618933918481432 ) ) ;
#12738 = ORIENTED_EDGE ( 'NONE', *, *, #13499, .T. ) ;
#12739 = VECTOR ( 'NONE', #6981, 1000.000000000000000 ) ;
#12740 = ADVANCED_FACE ( 'NONE', ( #9362 ), #9433, .T. ) ;
#12741 = ORIENTED_EDGE ( 'NONE', *, *, #5425, .F. ) ;
#12742 = EDGE_CURVE ( 'NONE', #5778, #7125, #12643, .T. ) ;
#12743 = EDGE_CURVE ( 'NONE', #11487, #1316, #11483, .T. ) ;
#12744 = ORIENTED_EDGE ( 'NONE', *, *, #9548, .F. ) ;
#12746 = VECTOR ( 'NONE', #6679, 1000.000000000000114 ) ;
#12745 = FACE_OUTER_BOUND ( 'NONE', #9426, .T. ) ;
#12747 = ORIENTED_EDGE ( 'NONE', *, *, #3322, .T. ) ;
#12748 = DIRECTION ( 'NONE',  ( -0.3921865056741485334, 0.000000000000000000, -0.9198857237543699439 ) ) ;
#12749 = CARTESIAN_POINT ( 'NONE',  ( 11.92795921413733140, 3.000000000000000000, 18.23876044591848355 ) ) ;
#12750 = VECTOR ( 'NONE', #1765, 1000.000000000000114 ) ;
#12751 = EDGE_LOOP ( 'NONE', ( #867, #1517, #10044, #8567 ) ) ;
#12752 = EDGE_CURVE ( 'NONE', #4844, #9571, #8341, .T. ) ;
#12753 = DIRECTION ( 'NONE',  ( -0.000000000000000000, 1.000000000000000000, -0.000000000000000000 ) ) ;
#12754 = FACE_OUTER_BOUND ( 'NONE', #8076, .T. ) ;
#12755 = CARTESIAN_POINT ( 'NONE',  ( 38.36223807013732312, 2.700000000000000178, 0.000000000000000000 ) ) ;
#12756 = EDGE_CURVE ( 'NONE', #4748, #2236, #7383, .T. ) ;
#12757 = VERTEX_POINT ( 'NONE', #6357 ) ;
#12758 = ORIENTED_EDGE ( 'NONE', *, *, #8680, .T. ) ;
#12759 = ORIENTED_EDGE ( 'NONE', *, *, #327, .T. ) ;
#12760 = CARTESIAN_POINT ( 'NONE',  ( 47.37314207013731959, 2.700000000000000178, 10.20519256591847679 ) ) ;
#12761 = CARTESIAN_POINT ( 'NONE',  ( -10.60563452986267308, 2.700000000000000178, 8.380763397918485680 ) ) ;
#12762 = DIRECTION ( 'NONE',  ( 0.9586209608320941378, 0.000000000000000000, -0.2846855343240194403 ) ) ;
#12763 = PLANE ( 'NONE',  #4861 ) ;
#12764 = ORIENTED_EDGE ( 'NONE', *, *, #3742, .T. ) ;
#12765 = CARTESIAN_POINT ( 'NONE',  ( 7.136530166098483896, 3.000000000000000000, -10.55941423622241615 ) ) ;
#12766 = VERTEX_POINT ( 'NONE', #8607 ) ;
#12767 = LINE ( 'NONE', #9550, #9258 ) ;
#12768 = CARTESIAN_POINT ( 'NONE',  ( 31.50000000000002842, 0.000000000000000000, -30.13000000000000966 ) ) ;
#12769 = EDGE_LOOP ( 'NONE', ( #10402, #5405, #2001, #12491 ) ) ;
#12770 = ADVANCED_FACE ( 'NONE', ( #6488 ), #1292, .T. ) ;
#12771 = DIRECTION ( 'NONE',  ( 0.9593610758068138455, 0.000000000000000000, -0.2821813711547821457 ) ) ;
#12772 = VECTOR ( 'NONE', #436, 1000.000000000000000 ) ;
#12773 = EDGE_LOOP ( 'NONE', ( #5911, #10041, #3052, #7520 ) ) ;
#12774 = EDGE_CURVE ( 'NONE', #8450, #11001, #268, .T. ) ;
#12775 = ORIENTED_EDGE ( 'NONE', *, *, #5225, .T. ) ;
#12776 = DIRECTION ( 'NONE',  ( 0.9238814843844338487, 0.000000000000000000, -0.3826787200924756105 ) ) ;
#12777 = VECTOR ( 'NONE', #8331, 1000.000000000000000 ) ;
#12778 = CARTESIAN_POINT ( 'NONE',  ( 52.91812463013732781, 3.000000000000000000, 20.48923905391848166 ) ) ;
#12779 = CARTESIAN_POINT ( 'NONE',  ( -31.12999999999996348, 3.000000000000000000, -30.13000000000000611 ) ) ;
#12780 = EDGE_LOOP ( 'NONE', ( #10978, #11952, #2193, #11277 ) ) ;
#12781 = CARTESIAN_POINT ( 'NONE',  ( -43.75854053786267883, 3.000000000000000000, 20.69258840591848170 ) ) ;
#12782 = CARTESIAN_POINT ( 'NONE',  ( 0.9098650735213328344, 2.700000000000000178, 10.83020490867263774 ) ) ;
#12783 = AXIS2_PLACEMENT_3D ( 'NONE', #12130, #1879, #5978 ) ;
#12784 = ORIENTED_EDGE ( 'NONE', *, *, #7846, .T. ) ;
#12785 = PLANE ( 'NONE',  #6839 ) ;
#12786 = DIRECTION ( 'NONE',  ( 0.000000000000000000, 0.000000000000000000, -1.000000000000000000 ) ) ;
#12787 = ORIENTED_EDGE ( 'NONE', *, *, #166, .T. ) ;
#12788 = DIRECTION ( 'NONE',  ( -0.8923961784954324017, 0.000000000000000000, 0.4512527679768273403 ) ) ;
#12789 = ORIENTED_EDGE ( 'NONE', *, *, #5095, .T. ) ;
#12790 = ORIENTED_EDGE ( 'NONE', *, *, #4675, .F. ) ;
#12791 = CARTESIAN_POINT ( 'NONE',  ( 0.6201297085517072372, 2.700000000000000178, 0.05315886716986783361 ) ) ;
#12792 = ORIENTED_EDGE ( 'NONE', *, *, #12968, .F. ) ;
#12793 = DIRECTION ( 'NONE',  ( 1.000000000000000000, 0.000000000000000000, 0.000000000000000000 ) ) ;
#12794 = DIRECTION ( 'NONE',  ( -0.9653199166134028841, 0.000000000000000000, 0.2610698346984821616 ) ) ;
#12795 = DIRECTION ( 'NONE',  ( 0.000000000000000000, 0.000000000000000000, -1.000000000000000000 ) ) ;
#12796 = CARTESIAN_POINT ( 'NONE',  ( -59.99999999999998579, 3.000000000000000000, 25.54999999999999005 ) ) ;
#12797 = LINE ( 'NONE', #2211, #5029 ) ;
#12798 = CARTESIAN_POINT ( 'NONE',  ( 3.604148582137317369, 2.700000000000000178, -18.41709105808151392 ) ) ;
#12799 = DIRECTION ( 'NONE',  ( 1.000000000000000000, -0.000000000000000000, 0.000000000000000000 ) ) ;
#12800 = ORIENTED_EDGE ( 'NONE', *, *, #9877, .T. ) ;
#12801 = ORIENTED_EDGE ( 'NONE', *, *, #733, .T. ) ;
#12802 = VECTOR ( 'NONE', #1799, 1000.000000000000000 ) ;
#12803 = ORIENTED_EDGE ( 'NONE', *, *, #7964, .T. ) ;
#12804 = DIRECTION ( 'NONE',  ( -0.3826848932557266880, 0.000000000000000000, -0.9238789273892186182 ) ) ;
#12805 = EDGE_CURVE ( 'NONE', #5277, #4936, #3677, .T. ) ;
#12806 = ORIENTED_EDGE ( 'NONE', *, *, #582, .T. ) ;
#12807 = LINE ( 'NONE', #11786, #2895 ) ;
#12808 = EDGE_CURVE ( 'NONE', #7466, #11207, #1491, .T. ) ;
#12809 = CARTESIAN_POINT ( 'NONE',  ( 40.36217482043953453, 2.700000000000000178, -16.32816521849269620 ) ) ;
#12810 = ORIENTED_EDGE ( 'NONE', *, *, #7420, .T. ) ;
#12811 = EDGE_CURVE ( 'NONE', #2099, #11866, #7851, .T. ) ;
#12812 = DIRECTION ( 'NONE',  ( 0.6850246244096607207, 0.000000000000000000, 0.7285199132161064295 ) ) ;
#12813 = FACE_OUTER_BOUND ( 'NONE', #11778, .T. ) ;
#12814 = EDGE_CURVE ( 'NONE', #9616, #3797, #10853, .T. ) ;
#12815 = DIRECTION ( 'NONE',  ( -1.000000000000000000, 0.000000000000000000, 0.000000000000000000 ) ) ;
#12816 = ORIENTED_EDGE ( 'NONE', *, *, #2070, .F. ) ;
#12817 = EDGE_CURVE ( 'NONE', #12250, #11066, #5663, .T. ) ;
#12818 = ORIENTED_EDGE ( 'NONE', *, *, #1328, .F. ) ;
#12819 = CARTESIAN_POINT ( 'NONE',  ( 28.70726322213732473, 3.000000000000000000, 9.754204389918482931 ) ) ;
#12820 = CARTESIAN_POINT ( 'NONE',  ( -38.93126139386267681, 2.700000000000000178, 13.50053776591848198 ) ) ;
#12821 = CARTESIAN_POINT ( 'NONE',  ( 31.82841319013732928, 2.700000000000000178, 2.128756597918481930 ) ) ;
#12822 = CARTESIAN_POINT ( 'NONE',  ( -21.67087528986267841, 3.000000000000000000, 20.48923905391848166 ) ) ;
#12823 = VERTEX_POINT ( 'NONE', #8810 ) ;
#12824 = PLANE ( 'NONE',  #10286 ) ;
#12825 = ORIENTED_EDGE ( 'NONE', *, *, #10175, .T. ) ;
#12826 = LINE ( 'NONE', #3669, #11410 ) ;
#12827 = PLANE ( 'NONE',  #19 ) ;
#12828 = ORIENTED_EDGE ( 'NONE', *, *, #9961, .T. ) ;
#12829 = DIRECTION ( 'NONE',  ( -0.000000000000000000, 1.000000000000000000, -0.000000000000000000 ) ) ;
#12830 = ORIENTED_EDGE ( 'NONE', *, *, #11072, .T. ) ;
#12831 = DIRECTION ( 'NONE',  ( 0.7233164512788744505, 0.000000000000000000, -0.6905166987910833498 ) ) ;
#12832 = EDGE_CURVE ( 'NONE', #9786, #2686, #8938, .T. ) ;
#12833 = ORIENTED_EDGE ( 'NONE', *, *, #10604, .T. ) ;
#12834 = CARTESIAN_POINT ( 'NONE',  ( 14.01562280613732980, 3.000000000000000000, 18.86798042191847458 ) ) ;
#12835 = CARTESIAN_POINT ( 'NONE',  ( -21.67087528986267841, 3.000000000000000000, 10.31396654191848228 ) ) ;
#12836 = ORIENTED_EDGE ( 'NONE', *, *, #26, .F. ) ;
#12837 = DIRECTION ( 'NONE',  ( -0.8822466111022773116, 0.000000000000000000, 0.4707875499612824699 ) ) ;
#12838 = CARTESIAN_POINT ( 'NONE',  ( -2.502005321862678766, 3.000000000000000000, 19.27047999791848554 ) ) ;
#12839 = EDGE_LOOP ( 'NONE', ( #775, #2873, #8601, #1914 ) ) ;
#12840 = CARTESIAN_POINT ( 'NONE',  ( -27.60645092186267391, 2.700000000000000178, -18.88431796208151070 ) ) ;
#12841 = LINE ( 'NONE', #12021, #5868 ) ;
#12842 = VECTOR ( 'NONE', #11067, 999.9999999999998863 ) ;
#12843 = EDGE_LOOP ( 'NONE', ( #8516, #7307, #7502, #2358 ) ) ;
#12844 = ADVANCED_FACE ( 'NONE', ( #6752 ), #5529, .T. ) ;
#12845 = DIRECTION ( 'NONE',  ( 0.8168531569463852726, 0.000000000000000000, -0.5768456639229629923 ) ) ;
#12846 = ORIENTED_EDGE ( 'NONE', *, *, #5576, .T. ) ;
#12847 = ORIENTED_EDGE ( 'NONE', *, *, #3898, .F. ) ;
#12848 = CARTESIAN_POINT ( 'NONE',  ( 32.44211603790989074, 3.000000000000000000, -15.95146231254266489 ) ) ;
#12849 = ORIENTED_EDGE ( 'NONE', *, *, #5900, .T. ) ;
#12850 = EDGE_CURVE ( 'NONE', #4092, #57, #2724, .T. ) ;
#12851 = VECTOR ( 'NONE', #9427, 1000.000000000000114 ) ;
#12852 = VECTOR ( 'NONE', #5535, 1000.000000000000000 ) ;
#12853 = CARTESIAN_POINT ( 'NONE',  ( 14.03036067179379565, 2.700000000000000178, 5.949820325271497623 ) ) ;
#12854 = DIRECTION ( 'NONE',  ( -0.000000000000000000, 1.000000000000000000, -0.000000000000000000 ) ) ;
#12855 = CARTESIAN_POINT ( 'NONE',  ( -38.99566461786267269, 3.000000000000000000, 15.04592659791848064 ) ) ;
#12856 = CARTESIAN_POINT ( 'NONE',  ( 8.430855897977034275, 2.700000000000000178, 1.603678031278389815 ) ) ;
#12857 = DIRECTION ( 'NONE',  ( 0.000000000000000000, 0.000000000000000000, 1.000000000000000000 ) ) ;
#12858 = LINE ( 'NONE', #7736, #9711 ) ;
#12859 = EDGE_CURVE ( 'NONE', #6921, #12915, #13106, .T. ) ;
#12860 = VECTOR ( 'NONE', #2844, 1000.000000000000000 ) ;
#12861 = DIRECTION ( 'NONE',  ( -0.04946078512427073276, 0.000000000000000000, -0.9987760663606685130 ) ) ;
#12862 = LINE ( 'NONE', #4265, #8932 ) ;
#12863 = ORIENTED_EDGE ( 'NONE', *, *, #919, .F. ) ;
#12864 = FACE_OUTER_BOUND ( 'NONE', #2735, .T. ) ;
#12865 = VECTOR ( 'NONE', #4044, 1000.000000000000114 ) ;
#12866 = CIRCLE ( 'NONE', #4785, 2.000000000000001776 ) ;
#12867 = ORIENTED_EDGE ( 'NONE', *, *, #8803, .T. ) ;
#12868 = LINE ( 'NONE', #11852, #10029 ) ;
#12869 = EDGE_LOOP ( 'NONE', ( #9489, #3967, #7313, #2046 ) ) ;
#12870 = VECTOR ( 'NONE', #5830, 1000.000000000000000 ) ;
#12871 = LINE ( 'NONE', #4533, #7481 ) ;
#12872 = CARTESIAN_POINT ( 'NONE',  ( -39.22297226586267271, 2.700000000000000178, 16.57586308591848123 ) ) ;
#12873 = DIRECTION ( 'NONE',  ( -0.04946078512427073970, 0.000000000000000000, -0.9987760663606685130 ) ) ;
#12874 = CARTESIAN_POINT ( 'NONE',  ( -14.43496189786266370, 3.000000000000000000, 17.35211045391848828 ) ) ;
#12875 = LINE ( 'NONE', #2426, #5521 ) ;
#12876 = CARTESIAN_POINT ( 'NONE',  ( -6.107969683353354107, 3.000000000000000000, -2.609960290759382406 ) ) ;
#12877 = VECTOR ( 'NONE', #3604, 1000.000000000000000 ) ;
#12878 = LINE ( 'NONE', #4613, #12128 ) ;
#12879 = VECTOR ( 'NONE', #10958, 1000.000000000000114 ) ;
#12880 = EDGE_CURVE ( 'NONE', #6410, #7723, #4639, .T. ) ;
#12881 = VERTEX_POINT ( 'NONE', #12835 ) ;
#12882 = FACE_OUTER_BOUND ( 'NONE', #8464, .T. ) ;
#12883 = ORIENTED_EDGE ( 'NONE', *, *, #4341, .T. ) ;
#12885 = AXIS2_PLACEMENT_3D ( 'NONE', #11538, #4164, #10640 ) ;
#12884 = PLANE ( 'NONE',  #1856 ) ;
#12886 = AXIS2_PLACEMENT_3D ( 'NONE', #4002, #4880, #10141 ) ;
#12887 = DIRECTION ( 'NONE',  ( -0.05966100545617421952, 0.000000000000000000, 0.9982186956914593789 ) ) ;
#12888 = AXIS2_PLACEMENT_3D ( 'NONE', #1712, #4858, #892 ) ;
#12889 = CARTESIAN_POINT ( 'NONE',  ( -40.88297808986267512, 2.700000000000000178, 17.53786979791847855 ) ) ;
#12890 = LINE ( 'NONE', #3528, #11193 ) ;
#12891 = ORIENTED_EDGE ( 'NONE', *, *, #10497, .F. ) ;
#12892 = DIRECTION ( 'NONE',  ( -1.000000000000000000, 0.000000000000000000, 0.000000000000000000 ) ) ;
#12893 = PLANE ( 'NONE',  #3987 ) ;
#12894 = DIRECTION ( 'NONE',  ( -0.3750170057496873821, 0.000000000000000000, -0.9270179315409917686 ) ) ;
#12895 = VERTEX_POINT ( 'NONE', #3746 ) ;
#12896 = DIRECTION ( 'NONE',  ( -0.000000000000000000, 1.000000000000000000, -0.000000000000000000 ) ) ;
#12897 = AXIS2_PLACEMENT_3D ( 'NONE', #1608, #6794, #10069 ) ;
#12898 = ORIENTED_EDGE ( 'NONE', *, *, #12774, .F. ) ;
#12899 = EDGE_CURVE ( 'NONE', #1221, #6921, #3477, .T. ) ;
#12900 = DIRECTION ( 'NONE',  ( -0.5043302127971985849, 0.000000000000000000, 0.8635108780206143253 ) ) ;
#12901 = EDGE_CURVE ( 'NONE', #10381, #8224, #469, .T. ) ;
#12902 = VERTEX_POINT ( 'NONE', #6687 ) ;
#12903 = LINE ( 'NONE', #3475, #4888 ) ;
#12904 = DIRECTION ( 'NONE',  ( -0.6694230884220485622, 0.000000000000000000, 0.7428813691885710613 ) ) ;
#12905 = ORIENTED_EDGE ( 'NONE', *, *, #11728, .F. ) ;
#12906 = DIRECTION ( 'NONE',  ( 0.000000000000000000, 0.000000000000000000, -1.000000000000000000 ) ) ;
#12907 = LINE ( 'NONE', #6555, #4024 ) ;
#12908 = ORIENTED_EDGE ( 'NONE', *, *, #5592, .F. ) ;
#12909 = DIRECTION ( 'NONE',  ( 0.000000000000000000, 0.000000000000000000, -1.000000000000000000 ) ) ;
#12910 = CARTESIAN_POINT ( 'NONE',  ( 7.961071401631384603, 2.700000000000000178, 6.546462091588676202 ) ) ;
#12911 = VERTEX_POINT ( 'NONE', #8738 ) ;
#12912 = EDGE_CURVE ( 'NONE', #8616, #10524, #1427, .T. ) ;
#12913 = FACE_OUTER_BOUND ( 'NONE', #7393, .T. ) ;
#12914 = VECTOR ( 'NONE', #8687, 999.9999999999998863 ) ;
#12915 = VERTEX_POINT ( 'NONE', #2453 ) ;
#12916 = ORIENTED_EDGE ( 'NONE', *, *, #4341, .F. ) ;
#12917 = EDGE_CURVE ( 'NONE', #8237, #2099, #4706, .T. ) ;
#12918 = ADVANCED_FACE ( 'NONE', ( #12083 ), #6825, .F. ) ;
#12919 = DIRECTION ( 'NONE',  ( 0.9955375980589673546, 0.000000000000000000, -0.09436572921872622699 ) ) ;
#12920 = VERTEX_POINT ( 'NONE', #5798 ) ;
#12921 = EDGE_CURVE ( 'NONE', #1356, #6611, #605, .T. ) ;
#12922 = DIRECTION ( 'NONE',  ( 0.2846855343240194958, 0.000000000000000000, 0.9586209608320942488 ) ) ;
#12923 = CARTESIAN_POINT ( 'NONE',  ( -25.49631978738792526, 2.700000000000000178, -0.05362802344682267297 ) ) ;
#12924 = PLANE ( 'NONE',  #1540 ) ;
#12925 = EDGE_CURVE ( 'NONE', #4107, #3425, #9759, .T. ) ;
#12926 = CARTESIAN_POINT ( 'NONE',  ( -4.961644102782191368, 3.000000000000000000, -2.055189470780288019 ) ) ;
#12927 = DIRECTION ( 'NONE',  ( 0.3648949911690725356, 0.000000000000000000, -0.9310486804779449788 ) ) ;
#12928 = DIRECTION ( 'NONE',  ( -0.1018983968980210347, 0.000000000000000000, -0.9947948113604199172 ) ) ;
#12929 = VECTOR ( 'NONE', #3380, 1000.000000000000114 ) ;
#12930 = DIRECTION ( 'NONE',  ( -0.000000000000000000, 1.000000000000000000, -0.000000000000000000 ) ) ;
#12931 = AXIS2_PLACEMENT_3D ( 'NONE', #9852, #489, #4663 ) ;
#12932 = CARTESIAN_POINT ( 'NONE',  ( -11.46902421786267112, 2.700000000000000178, 14.60310604591848183 ) ) ;
#12933 = LINE ( 'NONE', #10055, #3481 ) ;
#12934 = VERTEX_POINT ( 'NONE', #3546 ) ;
#12935 = ORIENTED_EDGE ( 'NONE', *, *, #5642, .F. ) ;
#12936 = CIRCLE ( 'NONE', #12062, 1.700000000000000178 ) ;
#12937 = ADVANCED_FACE ( 'NONE', ( #5044 ), #5859, .T. ) ;
#12938 = VECTOR ( 'NONE', #4288, 1000.000000000000000 ) ;
#12939 = ORIENTED_EDGE ( 'NONE', *, *, #5590, .F. ) ;
#12940 = EDGE_CURVE ( 'NONE', #3537, #4732, #7029, .T. ) ;
#12941 = FACE_OUTER_BOUND ( 'NONE', #9701, .T. ) ;
#12942 = ORIENTED_EDGE ( 'NONE', *, *, #8752, .F. ) ;
#12943 = DIRECTION ( 'NONE',  ( -0.000000000000000000, 1.000000000000000000, -0.000000000000000000 ) ) ;
#12944 = VECTOR ( 'NONE', #6155, 1000.000000000000000 ) ;
#12945 = CARTESIAN_POINT ( 'NONE',  ( -26.10587073786267709, 2.700000000000000178, 19.43611339791847925 ) ) ;
#12946 = DIRECTION ( 'NONE',  ( -0.9867994316206483152, 0.000000000000000000, -0.1619471572864598086 ) ) ;
#12947 = LINE ( 'NONE', #6795, #4746 ) ;
#12948 = VECTOR ( 'NONE', #9208, 999.9999999999998863 ) ;
#12949 = PLANE ( 'NONE',  #11201 ) ;
#12950 = CARTESIAN_POINT ( 'NONE',  ( -57.99999999999997158, 3.000000000000000000, 52.99999999999999289 ) ) ;
#12951 = DIRECTION ( 'NONE',  ( -0.8923961784954324017, 0.000000000000000000, 0.4512527679768273403 ) ) ;
#12952 = VECTOR ( 'NONE', #4054, 1000.000000000000000 ) ;
#12953 = ORIENTED_EDGE ( 'NONE', *, *, #10910, .F. ) ;
#12954 = CARTESIAN_POINT ( 'NONE',  ( -4.961644102782191368, 2.700000000000000178, -2.055189470780288019 ) ) ;
#12955 = EDGE_LOOP ( 'NONE', ( #3750, #7934, #2532, #7862 ) ) ;
#12956 = CARTESIAN_POINT ( 'NONE',  ( 49.28656471013732698, 3.000000000000000000, 9.604466309918482381 ) ) ;
#12957 = PLANE ( 'NONE',  #1599 ) ;
#12958 = DIRECTION ( 'NONE',  ( -0.8577573345826228213, 0.000000000000000000, -0.5140548170863826760 ) ) ;
#12959 = DIRECTION ( 'NONE',  ( 1.000000000000000000, 0.000000000000000000, -0.000000000000000000 ) ) ;
#12960 = ORIENTED_EDGE ( 'NONE', *, *, #8769, .T. ) ;
#12961 = CARTESIAN_POINT ( 'NONE',  ( 46.40247395813732822, 3.000000000000000000, 10.98174778191848056 ) ) ;
#12962 = CARTESIAN_POINT ( 'NONE',  ( -40.23654402586267054, 2.700000000000000178, 18.86999616591847939 ) ) ;
#12963 = DIRECTION ( 'NONE',  ( -0.6277521753278620942, 0.000000000000000000, -0.7784132619445387480 ) ) ;
#12964 = ORIENTED_EDGE ( 'NONE', *, *, #7081, .F. ) ;
#12965 = LINE ( 'NONE', #10983, #2299 ) ;
#12966 = ORIENTED_EDGE ( 'NONE', *, *, #10500, .T. ) ;
#12967 = CARTESIAN_POINT ( 'NONE',  ( -38.93126139386267681, 2.700000000000000178, 13.50053776591848198 ) ) ;
#12968 = EDGE_CURVE ( 'NONE', #6606, #5671, #6067, .T. ) ;
#12969 = ORIENTED_EDGE ( 'NONE', *, *, #4006, .T. ) ;
#12970 = LINE ( 'NONE', #1563, #2059 ) ;
#12971 = DIRECTION ( 'NONE',  ( -0.000000000000000000, -1.000000000000000000, -0.000000000000000000 ) ) ;
#12972 = ORIENTED_EDGE ( 'NONE', *, *, #7076, .F. ) ;
#12973 = CARTESIAN_POINT ( 'NONE',  ( 15.30621689840393174, 3.000000000000000000, 19.82345155038001039 ) ) ;
#12974 = CARTESIAN_POINT ( 'NONE',  ( 13.18134481120130808, 3.000000000000000000, 9.095842230718561794 ) ) ;
#12975 = ADVANCED_FACE ( 'NONE', ( #3001 ), #1968, .F. ) ;
#12976 = ORIENTED_EDGE ( 'NONE', *, *, #11434, .F. ) ;
#12977 = LINE ( 'NONE', #12020, #9891 ) ;
#12978 = LINE ( 'NONE', #13043, #4560 ) ;
#12979 = ORIENTED_EDGE ( 'NONE', *, *, #5808, .T. ) ;
#12980 = PLANE ( 'NONE',  #9722 ) ;
#12981 = AXIS2_PLACEMENT_3D ( 'NONE', #4956, #11997, #6803 ) ;
#12982 = ADVANCED_FACE ( 'NONE', ( #944 ), #6001, .T. ) ;
#12983 = VERTEX_POINT ( 'NONE', #10166 ) ;
#12984 = EDGE_LOOP ( 'NONE', ( #8994, #9073, #13327, #10414 ) ) ;
#12985 = LINE ( 'NONE', #413, #12197 ) ;
#12986 = VERTEX_POINT ( 'NONE', #3813 ) ;
#12987 = VECTOR ( 'NONE', #751, 1000.000000000000000 ) ;
#12988 = DIRECTION ( 'NONE',  ( -0.000000000000000000, 1.000000000000000000, -0.000000000000000000 ) ) ;
#12989 = DIRECTION ( 'NONE',  ( 0.000000000000000000, 0.000000000000000000, 1.000000000000000000 ) ) ;
#12990 = VECTOR ( 'NONE', #13356, 1000.000000000000000 ) ;
#12991 = CARTESIAN_POINT ( 'NONE',  ( -14.88241337786267060, 2.700000000000000178, 10.22497002191848381 ) ) ;
#12992 = CARTESIAN_POINT ( 'NONE',  ( -19.24571986586267158, 3.000000000000000000, 9.812123501918481594 ) ) ;
#12993 = FACE_OUTER_BOUND ( 'NONE', #1625, .T. ) ;
#12994 = FACE_OUTER_BOUND ( 'NONE', #11941, .T. ) ;
#12995 = CARTESIAN_POINT ( 'NONE',  ( 17.22135477413733184, 3.000000000000000000, 19.50134974191847803 ) ) ;
#12996 = CARTESIAN_POINT ( 'NONE',  ( 32.34507967013731644, 2.700000000000000178, 1.599721333918479704 ) ) ;
#12997 = CARTESIAN_POINT ( 'NONE',  ( 21.93202289644724345, 3.000000000000000000, -9.115054173568267970 ) ) ;
#12998 = ORIENTED_EDGE ( 'NONE', *, *, #282, .T. ) ;
#12999 = ORIENTED_EDGE ( 'NONE', *, *, #3443, .F. ) ;
#13000 = VECTOR ( 'NONE', #10365, 1000.000000000000114 ) ;
#13001 = CARTESIAN_POINT ( 'NONE',  ( 19.20918529062246094, 3.000000000000000000, 18.72900907601855636 ) ) ;
#13002 = VERTEX_POINT ( 'NONE', #8194 ) ;
#13003 = EDGE_CURVE ( 'NONE', #818, #11660, #11270, .T. ) ;
#13004 = DIRECTION ( 'NONE',  ( 1.000000000000000000, 0.000000000000000000, -0.000000000000000000 ) ) ;
#13005 = VECTOR ( 'NONE', #1547, 1000.000000000000114 ) ;
#13006 = ORIENTED_EDGE ( 'NONE', *, *, #12679, .T. ) ;
#13007 = CARTESIAN_POINT ( 'NONE',  ( 18.03147863013732888, 2.700000000000000178, 19.26306421391847579 ) ) ;
#13008 = PLANE ( 'NONE',  #11792 ) ;
#13009 = EDGE_CURVE ( 'NONE', #6646, #13379, #3953, .T. ) ;
#13010 = CARTESIAN_POINT ( 'NONE',  ( 21.80770936662890946, 3.000000000000000000, 14.59285518472636767 ) ) ;
#13011 = CARTESIAN_POINT ( 'NONE',  ( 25.95464287013731663, 2.700000000000000178, 0.5639001899184759026 ) ) ;
#13012 = EDGE_CURVE ( 'NONE', #12325, #10357, #8255, .T. ) ;
#13013 = LINE ( 'NONE', #6797, #9175 ) ;
#13014 = EDGE_CURVE ( 'NONE', #1274, #7566, #13381, .T. ) ;
#13015 = CARTESIAN_POINT ( 'NONE',  ( 3.448273887248557656, 2.700000000000000178, -3.749817774848251517 ) ) ;
#13016 = ORIENTED_EDGE ( 'NONE', *, *, #3491, .F. ) ;
#13017 = PLANE ( 'NONE',  #1951 ) ;
#13018 = EDGE_CURVE ( 'NONE', #6251, #6980, #805, .T. ) ;
#13019 = ORIENTED_EDGE ( 'NONE', *, *, #9094, .T. ) ;
#13020 = CARTESIAN_POINT ( 'NONE',  ( -39.22297226586267271, 2.700000000000000178, 16.57586308591848123 ) ) ;
#13021 = EDGE_CURVE ( 'NONE', #10374, #10988, #9213, .T. ) ;
#13022 = DIRECTION ( 'NONE',  ( 0.3815744657993927480, 0.000000000000000000, 0.9243381021303340717 ) ) ;
#13023 = LINE ( 'NONE', #12821, #12361 ) ;
#13024 = DIRECTION ( 'NONE',  ( 1.000000000000000000, 0.000000000000000000, -0.000000000000000000 ) ) ;
#13025 = ORIENTED_EDGE ( 'NONE', *, *, #9824, .T. ) ;
#13026 = EDGE_CURVE ( 'NONE', #5, #11931, #7161, .T. ) ;
#13027 = CARTESIAN_POINT ( 'NONE',  ( -45.34642966586267931, 2.700000000000000178, 19.57949639791848639 ) ) ;
#13028 = CARTESIAN_POINT ( 'NONE',  ( 44.21870591013732366, 3.000000000000000000, 11.33495510191848155 ) ) ;
#13029 = EDGE_LOOP ( 'NONE', ( #11197, #12728, #10867, #1782 ) ) ;
#13030 = PLANE ( 'NONE',  #7761 ) ;
#13031 = VECTOR ( 'NONE', #739, 1000.000000000000227 ) ;
#13032 = ORIENTED_EDGE ( 'NONE', *, *, #8103, .T. ) ;
#13033 = PLANE ( 'NONE',  #196 ) ;
#13034 = ORIENTED_EDGE ( 'NONE', *, *, #5636, .F. ) ;
#13035 = DIRECTION ( 'NONE',  ( -0.2870703911668442410, 0.000000000000000000, 0.9579094897302745659 ) ) ;
#13036 = DIRECTION ( 'NONE',  ( -0.000000000000000000, 1.000000000000000000, -0.000000000000000000 ) ) ;
#13037 = ORIENTED_EDGE ( 'NONE', *, *, #11773, .T. ) ;
#13038 = DIRECTION ( 'NONE',  ( -0.5603453801135055423, 0.000000000000000000, 0.8282590506510936201 ) ) ;
#13039 = FACE_OUTER_BOUND ( 'NONE', #7331, .T. ) ;
#13040 = VECTOR ( 'NONE', #1719, 1000.000000000000000 ) ;
#13041 = ORIENTED_EDGE ( 'NONE', *, *, #5165, .F. ) ;
#13042 = PLANE ( 'NONE',  #5097 ) ;
#13043 = CARTESIAN_POINT ( 'NONE',  ( -8.222365544976597107, 2.700000000000000178, -6.098255228090876834 ) ) ;
#13044 = ORIENTED_EDGE ( 'NONE', *, *, #8148, .T. ) ;
#13045 = CARTESIAN_POINT ( 'NONE',  ( -48.85071221786267870, 2.700000000000000178, 20.13962532591848031 ) ) ;
#13046 = EDGE_CURVE ( 'NONE', #1499, #5272, #9142, .T. ) ;
#13047 = VERTEX_POINT ( 'NONE', #7229 ) ;
#13049 = ORIENTED_EDGE ( 'NONE', *, *, #10142, .F. ) ;
#13048 = EDGE_CURVE ( 'NONE', #10321, #3828, #9006, .T. ) ;
#13050 = LINE ( 'NONE', #5608, #3911 ) ;
#13051 = ORIENTED_EDGE ( 'NONE', *, *, #2582, .T. ) ;
#13052 = DIRECTION ( 'NONE',  ( 0.5160694257880883429, 0.000000000000000000, 0.8565467574900700320 ) ) ;
#13053 = DIRECTION ( 'NONE',  ( 0.000000000000000000, 1.000000000000000000, 0.000000000000000000 ) ) ;
#13054 = CARTESIAN_POINT ( 'NONE',  ( -38.93126139386267681, 2.700000000000000178, 3.809801749918482194 ) ) ;
#13055 = LINE ( 'NONE', #3697, #8310 ) ;
#13056 = LINE ( 'NONE', #1379, #2952 ) ;
#13057 = PLANE ( 'NONE',  #3115 ) ;
#13058 = ORIENTED_EDGE ( 'NONE', *, *, #9019, .F. ) ;
#13059 = CARTESIAN_POINT ( 'NONE',  ( -0.3550667644722388383, 2.700000000000000178, 0.8572193649464471266 ) ) ;
#13060 = LINE ( 'NONE', #13198, #6528 ) ;
#13061 = VERTEX_POINT ( 'NONE', #11333 ) ;
#13062 = PLANE ( 'NONE',  #3661 ) ;
#13063 = EDGE_CURVE ( 'NONE', #12911, #10524, #12153, .T. ) ;
#13064 = AXIS2_PLACEMENT_3D ( 'NONE', #4437, #6423, #8406 ) ;
#13065 = VECTOR ( 'NONE', #9551, 999.9999999999998863 ) ;
#13066 =( NAMED_UNIT ( * ) SI_UNIT ( $, .STERADIAN. ) SOLID_ANGLE_UNIT ( ) );
#13067 = EDGE_LOOP ( 'NONE', ( #8268, #4907, #7238, #7193 ) ) ;
#13068 = DIRECTION ( 'NONE',  ( 0.9955375980589673546, 0.000000000000000000, -0.09436572921872622699 ) ) ;
#13069 = ADVANCED_FACE ( 'NONE', ( #2933 ), #740, .T. ) ;
#13070 = ORIENTED_EDGE ( 'NONE', *, *, #1775, .T. ) ;
#13071 = CARTESIAN_POINT ( 'NONE',  ( 29.15356967013732614, 2.700000000000000178, 8.457400277918482701 ) ) ;
#13072 = DIRECTION ( 'NONE',  ( 0.3826787200924755550, 0.000000000000000000, -0.9238814843844338487 ) ) ;
#13073 = EDGE_CURVE ( 'NONE', #12823, #10458, #3883, .T. ) ;
#13074 = LINE ( 'NONE', #3853, #9406 ) ;
#13075 = VECTOR ( 'NONE', #7377, 1000.000000000000000 ) ;
#13076 = DIRECTION ( 'NONE',  ( 0.7915814488744231658, 0.000000000000000000, -0.6110636708215183566 ) ) ;
#13077 = VECTOR ( 'NONE', #3842, 999.9999999999998863 ) ;
#13078 = DIRECTION ( 'NONE',  ( 1.000000000000000000, -0.000000000000000000, 0.000000000000000000 ) ) ;
#13079 = EDGE_CURVE ( 'NONE', #6921, #11451, #13511, .T. ) ;
#13080 = FACE_OUTER_BOUND ( 'NONE', #1962, .T. ) ;
#13081 = ORIENTED_EDGE ( 'NONE', *, *, #6746, .T. ) ;
#13082 = AXIS2_PLACEMENT_3D ( 'NONE', #10884, #2621, #8905 ) ;
#13083 = EDGE_CURVE ( 'NONE', #10331, #10366, #11673, .T. ) ;
#13084 = CARTESIAN_POINT ( 'NONE',  ( 51.04641285413730856, 3.000000000000000000, 8.649138781918482621 ) ) ;
#13085 = ADVANCED_FACE ( 'NONE', ( #10507 ), #6269, .T. ) ;
#13086 = VERTEX_POINT ( 'NONE', #5314 ) ;
#13087 = EDGE_CURVE ( 'NONE', #8461, #3229, #5381, .T. ) ;
#13088 = CARTESIAN_POINT ( 'NONE',  ( -27.77950010586266671, 2.700000000000000178, 0.000000000000000000 ) ) ;
#13089 = LINE ( 'NONE', #11107, #5524 ) ;
#13090 = CARTESIAN_POINT ( 'NONE',  ( 24.66171175013732508, 2.700000000000000178, 20.48923905391848166 ) ) ;
#13091 = DIRECTION ( 'NONE',  ( 0.9225052960901936050, 0.000000000000000000, 0.3859844280350495649 ) ) ;
#13092 = ORIENTED_EDGE ( 'NONE', *, *, #6844, .T. ) ;
#13093 = VECTOR ( 'NONE', #8845, 1000.000000000000000 ) ;
#13094 = CARTESIAN_POINT ( 'NONE',  ( -40.50353358586267660, 2.700000000000000178, 16.54372497391847929 ) ) ;
#13095 = DIRECTION ( 'NONE',  ( -0.000000000000000000, 1.000000000000000000, -0.000000000000000000 ) ) ;
#13096 = VERTEX_POINT ( 'NONE', #9482 ) ;
#13097 = DIRECTION ( 'NONE',  ( 0.2779401237068993558, 0.000000000000000000, -0.9605984008074308633 ) ) ;
#13098 = EDGE_CURVE ( 'NONE', #13379, #13104, #9610, .T. ) ;
#13099 = ORIENTED_EDGE ( 'NONE', *, *, #11278, .F. ) ;
#13100 = VECTOR ( 'NONE', #661, 999.9999999999998863 ) ;
#13101 = EDGE_CURVE ( 'NONE', #4318, #6606, #4353, .T. ) ;
#13102 = VECTOR ( 'NONE', #9236, 1000.000000000000000 ) ;
#13103 = CARTESIAN_POINT ( 'NONE',  ( 0.000000000000000000, 2.700000000000000178, 9.599520421918480650 ) ) ;
#13104 = VERTEX_POINT ( 'NONE', #8391 ) ;
#13105 = DIRECTION ( 'NONE',  ( -0.9320951599036242374, 0.000000000000000000, 0.3622134907540540683 ) ) ;
#13106 = LINE ( 'NONE', #2522, #11185 ) ;
#13107 = ORIENTED_EDGE ( 'NONE', *, *, #641, .T. ) ;
#13108 = CARTESIAN_POINT ( 'NONE',  ( 29.91787264346362107, 2.700000000000000178, 27.47707133836206239 ) ) ;
#13109 = CARTESIAN_POINT ( 'NONE',  ( 1.616944799923900611, 3.000000000000000000, 2.047991021025620029 ) ) ;
#13110 = VERTEX_POINT ( 'NONE', #5181 ) ;
#13111 = DIRECTION ( 'NONE',  ( -0.000000000000000000, 1.000000000000000000, -0.000000000000000000 ) ) ;
#13112 = PLANE ( 'NONE',  #8706 ) ;
#13113 = ORIENTED_EDGE ( 'NONE', *, *, #1115, .F. ) ;
#13114 = VECTOR ( 'NONE', #7202, 1000.000000000000000 ) ;
#13115 = DIRECTION ( 'NONE',  ( 1.000000000000000000, -0.000000000000000000, 0.000000000000000000 ) ) ;
#13116 = EDGE_CURVE ( 'NONE', #12694, #7341, #12624, .T. ) ;
#13117 = ORIENTED_EDGE ( 'NONE', *, *, #7759, .T. ) ;
#13118 = VERTEX_POINT ( 'NONE', #9412 ) ;
#13119 = VECTOR ( 'NONE', #916, 1000.000000000000000 ) ;
#13120 = LINE ( 'NONE', #7113, #4559 ) ;
#13121 = ORIENTED_EDGE ( 'NONE', *, *, #13185, .F. ) ;
#13122 = DIRECTION ( 'NONE',  ( 0.8669935126065555497, 0.000000000000000000, 0.4983194247650259978 ) ) ;
#13123 = VECTOR ( 'NONE', #161, 1000.000000000000114 ) ;
#13124 = PLANE ( 'NONE',  #2884 ) ;
#13125 = PLANE ( 'NONE',  #4850 ) ;
#13126 = CARTESIAN_POINT ( 'NONE',  ( 20.25390751013731006, 2.700000000000000178, 10.02225566991848460 ) ) ;
#13127 = CARTESIAN_POINT ( 'NONE',  ( 20.25886559013731159, 3.000000000000000000, 19.15676318191848537 ) ) ;
#13128 = CARTESIAN_POINT ( 'NONE',  ( 27.07150490514872132, 2.700000000000000178, -11.17525445585297739 ) ) ;
#13129 = ORIENTED_EDGE ( 'NONE', *, *, #6791, .F. ) ;
#13130 = LINE ( 'NONE', #693, #7710 ) ;
#13131 = CARTESIAN_POINT ( 'NONE',  ( 0.000000000000000000, 3.000000000000000000, 13.19399532591848079 ) ) ;
#13132 = EDGE_LOOP ( 'NONE', ( #3096, #9549, #10967, #188 ) ) ;
#13133 = ADVANCED_FACE ( 'NONE', ( #10373 ), #12763, .T. ) ;
#13134 = ORIENTED_EDGE ( 'NONE', *, *, #2256, .T. ) ;
#13135 = ORIENTED_EDGE ( 'NONE', *, *, #6830, .F. ) ;
#13136 = ORIENTED_EDGE ( 'NONE', *, *, #5009, .T. ) ;
#13137 = CARTESIAN_POINT ( 'NONE',  ( -48.85071221786267870, 3.000000000000000000, 20.13962532591848031 ) ) ;
#13138 = VECTOR ( 'NONE', #10047, 1000.000000000000114 ) ;
#13139 = ORIENTED_EDGE ( 'NONE', *, *, #6989, .T. ) ;
#13140 = DIRECTION ( 'NONE',  ( 0.000000000000000000, 0.000000000000000000, 1.000000000000000000 ) ) ;
#13141 = FACE_OUTER_BOUND ( 'NONE', #11467, .T. ) ;
#13142 = EDGE_CURVE ( 'NONE', #194, #6622, #1076, .T. ) ;
#13143 = FACE_OUTER_BOUND ( 'NONE', #81, .T. ) ;
#13144 = LINE ( 'NONE', #13011, #10426 ) ;
#13145 = VECTOR ( 'NONE', #2715, 1000.000000000000000 ) ;
#13146 = EDGE_CURVE ( 'NONE', #130, #7885, #3265, .T. ) ;
#13147 = CARTESIAN_POINT ( 'NONE',  ( 0.000000000000000000, 3.000000000000000000, 14.41275234991848464 ) ) ;
#13148 = DIRECTION ( 'NONE',  ( -0.07839261842028527605, 0.000000000000000000, -0.9969225633805323117 ) ) ;
#13149 = VECTOR ( 'NONE', #6390, 1000.000000000000114 ) ;
#13150 = VECTOR ( 'NONE', #4032, 1000.000000000000000 ) ;
#13151 = EDGE_CURVE ( 'NONE', #11497, #992, #7364, .T. ) ;
#13152 = EDGE_LOOP ( 'NONE', ( #3401, #5241, #5908, #10437 ) ) ;
#13153 = VECTOR ( 'NONE', #12854, 1000.000000000000000 ) ;
#13154 = LINE ( 'NONE', #447, #5003 ) ;
#13155 = ORIENTED_EDGE ( 'NONE', *, *, #7002, .F. ) ;
#13156 = PLANE ( 'NONE',  #6874 ) ;
#13157 = CARTESIAN_POINT ( 'NONE',  ( 12.93514541413733276, 2.700000000000000178, 11.57323758191848384 ) ) ;
#13158 = AXIS2_PLACEMENT_3D ( 'NONE', #7225, #1142, #9281 ) ;
#13159 = PLANE ( 'NONE',  #4137 ) ;
#13160 = DIRECTION ( 'NONE',  ( -0.000000000000000000, 1.000000000000000000, -0.000000000000000000 ) ) ;
#13161 = ORIENTED_EDGE ( 'NONE', *, *, #6507, .T. ) ;
#13162 = DIRECTION ( 'NONE',  ( 0.000000000000000000, 0.000000000000000000, -1.000000000000000000 ) ) ;
#13163 = DIRECTION ( 'NONE',  ( 1.000000000000000000, 0.000000000000000000, 1.853337046983768581E-16 ) ) ;
#13164 = ORIENTED_EDGE ( 'NONE', *, *, #5838, .T. ) ;
#13165 = VECTOR ( 'NONE', #9634, 1000.000000000000000 ) ;
#13166 = EDGE_CURVE ( 'NONE', #3375, #7490, #1214, .T. ) ;
#13167 = CARTESIAN_POINT ( 'NONE',  ( -28.24345955386267804, 2.700000000000000178, 1.728197581918484715 ) ) ;
#13168 = ORIENTED_EDGE ( 'NONE', *, *, #698, .T. ) ;
#13169 = EDGE_CURVE ( 'NONE', #1913, #11896, #2306, .T. ) ;
#13170 = CARTESIAN_POINT ( 'NONE',  ( 9.109576230137328423, 2.700000000000000178, -18.47147245808151439 ) ) ;
#13171 = VERTEX_POINT ( 'NONE', #10634 ) ;
#13172 = DIRECTION ( 'NONE',  ( 1.000000000000000000, -0.000000000000000000, 0.000000000000000000 ) ) ;
#13173 = DIRECTION ( 'NONE',  ( 1.000000000000000000, -0.000000000000000000, 0.000000000000000000 ) ) ;
#13174 = ORIENTED_EDGE ( 'NONE', *, *, #7790, .T. ) ;
#13175 = CARTESIAN_POINT ( 'NONE',  ( 3.650000000000028333, 3.000000000000000000, -38.03000000000000824 ) ) ;
#13176 = CARTESIAN_POINT ( 'NONE',  ( 25.90519415013731930, 2.700000000000000178, 10.43757208591848240 ) ) ;
#13177 = VECTOR ( 'NONE', #10592, 999.9999999999998863 ) ;
#13178 = EDGE_CURVE ( 'NONE', #57, #6113, #11402, .T. ) ;
#13179 = VECTOR ( 'NONE', #1093, 999.9999999999998863 ) ;
#13180 = ORIENTED_EDGE ( 'NONE', *, *, #9813, .T. ) ;
#13181 = LINE ( 'NONE', #7926, #4010 ) ;
#13182 = DIRECTION ( 'NONE',  ( -0.3793655190827832091, 0.000000000000000000, 0.9252468875554514804 ) ) ;
#13183 = ORIENTED_EDGE ( 'NONE', *, *, #6887, .T. ) ;
#13184 = DIRECTION ( 'NONE',  ( -0.000000000000000000, 1.000000000000000000, -0.000000000000000000 ) ) ;
#13185 = EDGE_CURVE ( 'NONE', #12097, #3098, #9346, .T. ) ;
#13186 = ORIENTED_EDGE ( 'NONE', *, *, #8179, .F. ) ;
#13187 = ORIENTED_EDGE ( 'NONE', *, *, #3543, .T. ) ;
#13188 = CARTESIAN_POINT ( 'NONE',  ( -29.01556367386267610, 3.000000000000000000, 17.12220286191848118 ) ) ;
#13189 = ORIENTED_EDGE ( 'NONE', *, *, #7596, .T. ) ;
#13190 = DIRECTION ( 'NONE',  ( -1.000000000000000000, 0.000000000000000000, 0.000000000000000000 ) ) ;
#13191 = LINE ( 'NONE', #1710, #6125 ) ;
#13192 = DIRECTION ( 'NONE',  ( -0.9606829169602389973, 0.000000000000000000, -0.2776478580158083798 ) ) ;
#13193 = DIRECTION ( 'NONE',  ( -0.7769302382598799461, 0.000000000000000000, -0.6295866936947175363 ) ) ;
#13194 = DIRECTION ( 'NONE',  ( 0.1994440370148581332, 0.000000000000000000, -0.9799092182948458962 ) ) ;
#13195 = LINE ( 'NONE', #3839, #930 ) ;
#13196 = ORIENTED_EDGE ( 'NONE', *, *, #2720, .F. ) ;
#13197 = CARTESIAN_POINT ( 'NONE',  ( -14.49305576186267430, 2.700000000000000178, 9.655762117918479603 ) ) ;
#13198 = CARTESIAN_POINT ( 'NONE',  ( -4.029232991824351906, 2.700000000000000178, 13.78436599264587237 ) ) ;
#13199 = EDGE_LOOP ( 'NONE', ( #9363, #6695, #11313, #11331 ) ) ;
#13200 = CARTESIAN_POINT ( 'NONE',  ( 14.01794131813732136, 2.700000000000000178, 10.30064678191848770 ) ) ;
#13201 = VECTOR ( 'NONE', #8400, 1000.000000000000000 ) ;
#13202 = ORIENTED_EDGE ( 'NONE', *, *, #1483, .F. ) ;
#13203 = AXIS2_PLACEMENT_3D ( 'NONE', #3456, #11795, #4619 ) ;
#13204 = SHAPE_DEFINITION_REPRESENTATION ( #2446, #12201 ) ;
#13205 = ORIENTED_EDGE ( 'NONE', *, *, #9893, .T. ) ;
#13206 = CARTESIAN_POINT ( 'NONE',  ( 32.34507967013731644, 3.000000000000000000, 1.599721333918479704 ) ) ;
#13207 = ORIENTED_EDGE ( 'NONE', *, *, #6973, .F. ) ;
#13208 = DIRECTION ( 'NONE',  ( -1.000000000000000000, 0.000000000000000000, 0.000000000000000000 ) ) ;
#13209 = CARTESIAN_POINT ( 'NONE',  ( -1.625496412404140223, 2.700000000000000178, 3.924352098780413467 ) ) ;
#13211 = VECTOR ( 'NONE', #9276, 1000.000000000000114 ) ;
#13210 = CARTESIAN_POINT ( 'NONE',  ( -6.042096793862672399, 2.700000000000000178, 12.78114880591848213 ) ) ;
#13212 = CARTESIAN_POINT ( 'NONE',  ( 45.01826336613731883, 2.700000000000000178, 9.625931341918480655 ) ) ;
#13213 = DIRECTION ( 'NONE',  ( -0.9894149587662086631, 0.000000000000000000, -0.1451138841381535149 ) ) ;
#13214 = DIRECTION ( 'NONE',  ( -0.000000000000000000, 1.000000000000000000, -0.000000000000000000 ) ) ;
#13215 = LINE ( 'NONE', #4814, #9507 ) ;
#13216 = EDGE_CURVE ( 'NONE', #5562, #4995, #5446, .T. ) ;
#13217 = EDGE_LOOP ( 'NONE', ( #11035, #3438 ) ) ;
#13218 = EDGE_CURVE ( 'NONE', #2421, #7036, #6338, .T. ) ;
#13219 = CARTESIAN_POINT ( 'NONE',  ( 25.89348157131581374, 2.700000000000000178, -0.02897607112839844373 ) ) ;
#13220 = EDGE_LOOP ( 'NONE', ( #5536, #3713, #2556, #7365 ) ) ;
#13221 = CARTESIAN_POINT ( 'NONE',  ( 25.75058638213731044, 2.700000000000000178, 2.020807613918483181 ) ) ;
#13222 = DIRECTION ( 'NONE',  ( -0.000000000000000000, 1.000000000000000000, -0.000000000000000000 ) ) ;
#13223 = ADVANCED_FACE ( 'NONE', ( #4224 ), #12559, .T. ) ;
#13224 = EDGE_CURVE ( 'NONE', #2517, #11563, #4756, .T. ) ;
#13225 = CARTESIAN_POINT ( 'NONE',  ( 7.170477598423097731, 3.000000000000000000, 12.75836956040157233 ) ) ;
#13226 = LINE ( 'NONE', #857, #4650 ) ;
#13227 = ORIENTED_EDGE ( 'NONE', *, *, #3873, .F. ) ;
#13228 = DIRECTION ( 'NONE',  ( -0.000000000000000000, 0.000000000000000000, -1.000000000000000000 ) ) ;
#13229 = DIRECTION ( 'NONE',  ( 0.5726983836130417060, 0.000000000000000000, -0.8197661626384741274 ) ) ;
#13230 = VERTEX_POINT ( 'NONE', #10770 ) ;
#13231 = CARTESIAN_POINT ( 'NONE',  ( 15.53231878213731143, 3.000000000000000000, 9.677438477918483883 ) ) ;
#13232 = EDGE_CURVE ( 'NONE', #5172, #8540, #3460, .T. ) ;
#13233 = VECTOR ( 'NONE', #13477, 1000.000000000000114 ) ;
#13234 = EDGE_LOOP ( 'NONE', ( #5248, #5577, #5069, #11043 ) ) ;
#13235 = EDGE_CURVE ( 'NONE', #9698, #7745, #6605, .T. ) ;
#13236 = ORIENTED_EDGE ( 'NONE', *, *, #1568, .T. ) ;
#13237 = LINE ( 'NONE', #9207, #12727 ) ;
#13238 = DIRECTION ( 'NONE',  ( -0.000000000000000000, 0.000000000000000000, -1.000000000000000000 ) ) ;
#13239 = ORIENTED_EDGE ( 'NONE', *, *, #7910, .F. ) ;
#13240 = LINE ( 'NONE', #10101, #13031 ) ;
#13241 = CARTESIAN_POINT ( 'NONE',  ( 10.70260841348313541, 2.700000000000000178, 11.69791671182179016 ) ) ;
#13242 = ORIENTED_EDGE ( 'NONE', *, *, #1877, .F. ) ;
#13243 = DIRECTION ( 'NONE',  ( 0.000000000000000000, 0.000000000000000000, -1.000000000000000000 ) ) ;
#13244 = DIRECTION ( 'NONE',  ( -0.000000000000000000, 1.000000000000000000, -0.000000000000000000 ) ) ;
#13245 = ORIENTED_EDGE ( 'NONE', *, *, #10017, .F. ) ;
#13246 = LINE ( 'NONE', #12225, #10313 ) ;
#13247 = LINE ( 'NONE', #13388, #9151 ) ;
#13248 = ORIENTED_EDGE ( 'NONE', *, *, #2485, .F. ) ;
#13249 = DIRECTION ( 'NONE',  ( -0.9195664660376039468, 0.000000000000000000, -0.3929344914093342300 ) ) ;
#13250 = EDGE_CURVE ( 'NONE', #7905, #11101, #6736, .T. ) ;
#13251 = ORIENTED_EDGE ( 'NONE', *, *, #8755, .F. ) ;
#13252 = ORIENTED_EDGE ( 'NONE', *, *, #5538, .T. ) ;
#13253 = EDGE_CURVE ( 'NONE', #411, #6103, #11872, .T. ) ;
#13254 = LINE ( 'NONE', #3895, #7622 ) ;
#13255 = ORIENTED_EDGE ( 'NONE', *, *, #8755, .T. ) ;
#13256 = LINE ( 'NONE', #11140, #6946 ) ;
#13257 = EDGE_CURVE ( 'NONE', #7852, #10008, #10977, .T. ) ;
#13258 = CARTESIAN_POINT ( 'NONE',  ( 3.650000000000028333, 0.000000000000000000, -30.13000000000000966 ) ) ;
#13259 = DIRECTION ( 'NONE',  ( -0.9818660923417411590, 0.000000000000000000, -0.1895757809150719064 ) ) ;
#13260 = EDGE_CURVE ( 'NONE', #6512, #11793, #9886, .T. ) ;
#13261 = VERTEX_POINT ( 'NONE', #8862 ) ;
#13262 = CARTESIAN_POINT ( 'NONE',  ( 40.12734503013732024, 3.000000000000000000, 10.20024870991848509 ) ) ;
#13263 = LINE ( 'NONE', #13404, #7784 ) ;
#13264 = ORIENTED_EDGE ( 'NONE', *, *, #6454, .T. ) ;
#13265 = DIRECTION ( 'NONE',  ( -0.000000000000000000, 1.000000000000000000, -0.000000000000000000 ) ) ;
#13266 = CARTESIAN_POINT ( 'NONE',  ( 46.40247395813732822, 2.700000000000000178, 10.98174778191848056 ) ) ;
#13267 = ORIENTED_EDGE ( 'NONE', *, *, #3965, .T. ) ;
#13268 = AXIS2_PLACEMENT_3D ( 'NONE', #2010, #8290, #4067 ) ;
#13269 = CARTESIAN_POINT ( 'NONE',  ( -8.037096105862671536, 2.700000000000000178, 18.21241048591847900 ) ) ;
#13270 = EDGE_CURVE ( 'NONE', #2513, #9806, #2508, .T. ) ;
#13271 = ORIENTED_EDGE ( 'NONE', *, *, #958, .T. ) ;
#13272 = VERTEX_POINT ( 'NONE', #524 ) ;
#13273 = EDGE_CURVE ( 'NONE', #6264, #5530, #5582, .T. ) ;
#13274 = LINE ( 'NONE', #13414, #1090 ) ;
#13275 = ORIENTED_EDGE ( 'NONE', *, *, #1775, .F. ) ;
#13276 = VERTEX_POINT ( 'NONE', #11939 ) ;
#13277 = PLANE ( 'NONE',  #9738 ) ;
#13278 = DIRECTION ( 'NONE',  ( 0.000000000000000000, 0.000000000000000000, -1.000000000000000000 ) ) ;
#13279 = PLANE ( 'NONE',  #7881 ) ;
#13280 = PLANE ( 'NONE',  #3307 ) ;
#13281 = DIRECTION ( 'NONE',  ( 0.1451138841381535427, 0.000000000000000000, -0.9894149587662087741 ) ) ;
#13282 = CARTESIAN_POINT ( 'NONE',  ( 49.28656471013732698, 2.700000000000000178, 9.604466309918482381 ) ) ;
#13283 = VECTOR ( 'NONE', #1984, 1000.000000000000000 ) ;
#13284 = CARTESIAN_POINT ( 'NONE',  ( -33.40358639386267470, 3.000000000000000000, 3.809801749918483083 ) ) ;
#13285 = ORIENTED_EDGE ( 'NONE', *, *, #10888, .F. ) ;
#13286 = CARTESIAN_POINT ( 'NONE',  ( -29.01556367386267610, 2.700000000000000178, 9.903592965918480928 ) ) ;
#13287 = EDGE_LOOP ( 'NONE', ( #1847, #144, #9695, #1179 ) ) ;
#13288 = VECTOR ( 'NONE', #6215, 1000.000000000000000 ) ;
#13289 = CARTESIAN_POINT ( 'NONE',  ( -3.667129580639989062, 3.000000000000000000, -1.584072332771111702 ) ) ;
#13290 = AXIS2_PLACEMENT_3D ( 'NONE', #13, #8417, #5470 ) ;
#13291 = DIRECTION ( 'NONE',  ( 0.9963693548102062758, 0.000000000000000000, 0.08513582556769710985 ) ) ;
#13292 = DIRECTION ( 'NONE',  ( 0.5561341862445448037, 0.000000000000000000, -0.8310925140380690523 ) ) ;
#13293 = ORIENTED_EDGE ( 'NONE', *, *, #4328, .T. ) ;
#13294 = DIRECTION ( 'NONE',  ( -0.5633443111791331948, 0.000000000000000000, 0.8262222383003908766 ) ) ;
#13295 = DIRECTION ( 'NONE',  ( -0.7296046392874412367, 0.000000000000000000, 0.6838691909497333077 ) ) ;
#13296 = ADVANCED_FACE ( 'NONE', ( #4551 ), #8722, .T. ) ;
#13297 = EDGE_CURVE ( 'NONE', #7490, #7411, #5785, .T. ) ;
#13298 = DIRECTION ( 'NONE',  ( -0.9961244875630551610, 0.000000000000000000, 0.08795456370900137100 ) ) ;
#13299 = VECTOR ( 'NONE', #851, 1000.000000000000000 ) ;
#13300 = EDGE_LOOP ( 'NONE', ( #3366, #7983, #7764, #464 ) ) ;
#13301 = ORIENTED_EDGE ( 'NONE', *, *, #2002, .T. ) ;
#13302 = LINE ( 'NONE', #3877, #5959 ) ;
#13303 = CARTESIAN_POINT ( 'NONE',  ( -4.830205606169936772, 3.000000000000000000, 10.38854079232690353 ) ) ;
#13304 = VERTEX_POINT ( 'NONE', #12822 ) ;
#13305 = LINE ( 'NONE', #8048, #11296 ) ;
#13306 = CARTESIAN_POINT ( 'NONE',  ( 31.50000000000002842, 3.000000000000000000, -30.13000000000000966 ) ) ;
#13307 = ORIENTED_EDGE ( 'NONE', *, *, #8247, .T. ) ;
#13308 = FACE_OUTER_BOUND ( 'NONE', #95, .T. ) ;
#13309 = DIRECTION ( 'NONE',  ( 0.7848623030600215822, 0.000000000000000000, -0.6196702068320848467 ) ) ;
#13310 = EDGE_CURVE ( 'NONE', #1422, #1927, #12890, .T. ) ;
#13311 = ORIENTED_EDGE ( 'NONE', *, *, #1177, .F. ) ;
#13312 = CARTESIAN_POINT ( 'NONE',  ( 11.48775791013733283, 2.700000000000000178, 11.94557008591848302 ) ) ;
#13313 = LINE ( 'NONE', #12302, #9574 ) ;
#13314 = ORIENTED_EDGE ( 'NONE', *, *, #8835, .T. ) ;
#13315 = DIRECTION ( 'NONE',  ( -0.3921865056741485334, 0.000000000000000000, -0.9198857237543699439 ) ) ;
#13316 = VECTOR ( 'NONE', #13163, 1000.000000000000000 ) ;
#13317 = VECTOR ( 'NONE', #3998, 1000.000000000000114 ) ;
#13318 = VERTEX_POINT ( 'NONE', #8652 ) ;
#13319 = EDGE_CURVE ( 'NONE', #9011, #4975, #8924, .T. ) ;
#13320 = VERTEX_POINT ( 'NONE', #7628 ) ;
#13321 = DIRECTION ( 'NONE',  ( -0.000000000000000000, 1.000000000000000000, -0.000000000000000000 ) ) ;
#13322 = EDGE_LOOP ( 'NONE', ( #10720, #2806, #7186, #6079 ) ) ;
#13323 = CARTESIAN_POINT ( 'NONE',  ( 22.74604597575660847, 2.700000000000000178, 15.50896963100471204 ) ) ;
#13324 = VECTOR ( 'NONE', #889, 1000.000000000000000 ) ;
#13325 = PLANE ( 'NONE',  #2635 ) ;
#13326 = DIRECTION ( 'NONE',  ( 0.9990728301167682845, 0.000000000000000000, -0.04305206292933301537 ) ) ;
#13327 = ORIENTED_EDGE ( 'NONE', *, *, #11858, .T. ) ;
#13328 = LINE ( 'NONE', #13463, #21 ) ;
#13329 = DIRECTION ( 'NONE',  ( -0.000000000000000000, 1.000000000000000000, -0.000000000000000000 ) ) ;
#13330 = ADVANCED_FACE ( 'NONE', ( #5646 ), #9810, .T. ) ;
#13331 = VECTOR ( 'NONE', #1806, 1000.000000000000000 ) ;
#13332 = VECTOR ( 'NONE', #12795, 1000.000000000000000 ) ;
#13333 = VECTOR ( 'NONE', #5269, 1000.000000000000000 ) ;
#13334 = VERTEX_POINT ( 'NONE', #6533 ) ;
#13335 = CARTESIAN_POINT ( 'NONE',  ( 41.97154759013730541, 3.000000000000000000, 9.599522453918481801 ) ) ;
#13336 = LINE ( 'NONE', #1788, #9586 ) ;
#13337 = ORIENTED_EDGE ( 'NONE', *, *, #6657, .T. ) ;
#13338 = DIRECTION ( 'NONE',  ( 1.000000000000000000, 0.000000000000000000, 0.000000000000000000 ) ) ;
#13339 = ADVANCED_FACE ( 'NONE', ( #456 ), #8791, .T. ) ;
#13340 = VECTOR ( 'NONE', #2044, 1000.000000000000000 ) ;
#13341 = EDGE_CURVE ( 'NONE', #8322, #11417, #10702, .T. ) ;
#13342 = EDGE_LOOP ( 'NONE', ( #389, #10461, #9064, #963 ) ) ;
#13343 = EDGE_CURVE ( 'NONE', #3425, #9782, #13226, .T. ) ;
#13344 = VECTOR ( 'NONE', #5154, 1000.000000000000000 ) ;
#13345 = ORIENTED_EDGE ( 'NONE', *, *, #7491, .T. ) ;
#13346 = LINE ( 'NONE', #910, #4150 ) ;
#13347 = ORIENTED_EDGE ( 'NONE', *, *, #13083, .F. ) ;
#13348 = VERTEX_POINT ( 'NONE', #6054 ) ;
#13349 = LINE ( 'NONE', #8162, #8646 ) ;
#13350 = LINE ( 'NONE', #2140, #15 ) ;
#13351 = DIRECTION ( 'NONE',  ( -0.000000000000000000, 1.000000000000000000, -0.000000000000000000 ) ) ;
#13352 = CARTESIAN_POINT ( 'NONE',  ( -1.789281967691328523, 2.700000000000000178, 19.08320190229514779 ) ) ;
#13353 = FACE_OUTER_BOUND ( 'NONE', #9802, .T. ) ;
#13354 = EDGE_CURVE ( 'NONE', #12658, #10776, #1679, .T. ) ;
#13355 = LINE ( 'NONE', #1736, #3296 ) ;
#13356 = DIRECTION ( 'NONE',  ( -0.8737799315618448581, 0.000000000000000000, -0.4863215306767507129 ) ) ;
#13357 = VECTOR ( 'NONE', #9577, 1000.000000000000000 ) ;
#13358 = ADVANCED_FACE ( 'NONE', ( #7904 ), #9199, .T. ) ;
#13359 = VECTOR ( 'NONE', #11217, 999.9999999999998863 ) ;
#13360 = ORIENTED_EDGE ( 'NONE', *, *, #4965, .T. ) ;
#13361 = CARTESIAN_POINT ( 'NONE',  ( 1.107198751304235396, 3.000000000000000000, 13.57756275681880354 ) ) ;
#13362 = VERTEX_POINT ( 'NONE', #725 ) ;
#13363 = AXIS2_PLACEMENT_3D ( 'NONE', #11520, #7287, #1264 ) ;
#13364 = PLANE ( 'NONE',  #6012 ) ;
#13365 = LINE ( 'NONE', #4016, #12860 ) ;
#13366 = DIRECTION ( 'NONE',  ( 1.000000000000000000, -0.000000000000000000, 0.000000000000000000 ) ) ;
#13367 = VERTEX_POINT ( 'NONE', #5986 ) ;
#13368 = VECTOR ( 'NONE', #5832, 1000.000000000000000 ) ;
#13369 = AXIS2_PLACEMENT_3D ( 'NONE', #7298, #6204, #186 ) ;
#13370 = DIRECTION ( 'NONE',  ( -0.000000000000000000, 1.000000000000000000, -0.000000000000000000 ) ) ;
#13371 = LINE ( 'NONE', #10294, #11367 ) ;
#13372 = DIRECTION ( 'NONE',  ( -0.6846322631128359815, 0.000000000000000000, 0.7288886501414303387 ) ) ;
#13373 = AXIS2_PLACEMENT_3D ( 'NONE', #3590, #10826, #7688 ) ;
#13374 = ORIENTED_EDGE ( 'NONE', *, *, #8173, .T. ) ;
#13375 = VECTOR ( 'NONE', #10505, 1000.000000000000000 ) ;
#13376 = ORIENTED_EDGE ( 'NONE', *, *, #13012, .F. ) ;
#13377 = CARTESIAN_POINT ( 'NONE',  ( -48.42654847386268102, 2.700000000000000178, 18.98695097391848208 ) ) ;
#13378 = CARTESIAN_POINT ( 'NONE',  ( -22.25999999999998025, 3.000000000000000000, -30.13000000000000966 ) ) ;
#13379 = VERTEX_POINT ( 'NONE', #7973 ) ;
#13380 = DIRECTION ( 'NONE',  ( -0.7360834251059341637, 0.000000000000000000, 0.6768908267101251264 ) ) ;
#13381 = LINE ( 'NONE', #10030, #64 ) ;
#13382 = ORIENTED_EDGE ( 'NONE', *, *, #2817, .T. ) ;
#13384 = DIRECTION ( 'NONE',  ( 0.000000000000000000, 0.000000000000000000, -1.000000000000000000 ) ) ;
#13383 = AXIS2_PLACEMENT_3D ( 'NONE', #11488, #1996, #2127 ) ;
#13385 = DIRECTION ( 'NONE',  ( -0.000000000000000000, 1.000000000000000000, -0.000000000000000000 ) ) ;
#13386 = ORIENTED_EDGE ( 'NONE', *, *, #13142, .T. ) ;
#13387 = PLANE ( 'NONE',  #10553 ) ;
#13388 = CARTESIAN_POINT ( 'NONE',  ( -3.771682995856654674, 2.700000000000000178, 4.086028046304394756 ) ) ;
#13389 = ORIENTED_EDGE ( 'NONE', *, *, #11773, .F. ) ;
#13390 = DIRECTION ( 'NONE',  ( -0.3929344914093342300, 0.000000000000000000, 0.9195664660376039468 ) ) ;
#13391 = VECTOR ( 'NONE', #3370, 1000.000000000000000 ) ;
#13392 = ORIENTED_EDGE ( 'NONE', *, *, #3178, .T. ) ;
#13393 = ORIENTED_EDGE ( 'NONE', *, *, #6327, .T. ) ;
#13394 = EDGE_CURVE ( 'NONE', #13472, #9570, #11109, .T. ) ;
#13395 = CARTESIAN_POINT ( 'NONE',  ( -6.370061922254011577, 3.000000000000000000, -9.533536045873631792 ) ) ;
#13396 = ORIENTED_EDGE ( 'NONE', *, *, #4014, .F. ) ;
#13397 = EDGE_CURVE ( 'NONE', #8723, #5627, #2845, .T. ) ;
#13398 = AXIS2_PLACEMENT_3D ( 'NONE', #10722, #1359, #7718 ) ;
#13399 = CARTESIAN_POINT ( 'NONE',  ( 12.55571615013732334, 2.700000000000000178, 10.00247922991848171 ) ) ;
#13400 = CARTESIAN_POINT ( 'NONE',  ( -50.19179665786266753, 2.700000000000000178, 16.55114177391848074 ) ) ;
#13401 = CARTESIAN_POINT ( 'NONE',  ( 26.77943268613732641, 2.700000000000000178, 10.96467491791848303 ) ) ;
#13402 = ORIENTED_EDGE ( 'NONE', *, *, #6320, .T. ) ;
#13403 = FACE_BOUND ( 'NONE', #3043, .T. ) ;
#13404 = CARTESIAN_POINT ( 'NONE',  ( -3.282922624470749895, 2.700000000000000178, -7.898877197933832583 ) ) ;
#13405 = ADVANCED_FACE ( 'NONE', ( #10015 ), #7086, .T. ) ;
#13406 = ORIENTED_EDGE ( 'NONE', *, *, #7766, .F. ) ;
#13407 = CARTESIAN_POINT ( 'NONE',  ( 13.59790365416690427, 3.000000000000000000, -18.00951208010921789 ) ) ;
#13408 = FACE_OUTER_BOUND ( 'NONE', #2107, .T. ) ;
#13409 = ORIENTED_EDGE ( 'NONE', *, *, #10042, .F. ) ;
#13410 = CARTESIAN_POINT ( 'NONE',  ( -47.54909328186268169, 2.700000000000000178, 19.33228327791848145 ) ) ;
#13411 = ORIENTED_EDGE ( 'NONE', *, *, #2465, .F. ) ;
#13412 = DATE_AND_TIME ( #11085, #8467 ) ;
#13413 = ORIENTED_EDGE ( 'NONE', *, *, #3011, .T. ) ;
#13414 = CARTESIAN_POINT ( 'NONE',  ( 33.73689807013732889, 2.700000000000000178, 12.67484777391848283 ) ) ;
#13415 = EDGE_LOOP ( 'NONE', ( #10440, #546, #7695, #9652 ) ) ;
#13416 = ORIENTED_EDGE ( 'NONE', *, *, #3589, .T. ) ;
#13417 = LINE ( 'NONE', #9113, #12802 ) ;
#13418 = CARTESIAN_POINT ( 'NONE',  ( 13.45329324167717644, 2.700000000000000178, 2.934489800999541931 ) ) ;
#13419 = DIRECTION ( 'NONE',  ( -0.000000000000000000, 0.000000000000000000, -1.000000000000000000 ) ) ;
#13420 = DIRECTION ( 'NONE',  ( -0.9956331021264480663, 0.000000000000000000, -0.09335269653344568930 ) ) ;
#13421 = DIRECTION ( 'NONE',  ( -1.000000000000000000, 0.000000000000000000, 0.000000000000000000 ) ) ;
#13422 = CARTESIAN_POINT ( 'NONE',  ( -15.22832378586267232, 2.700000000000000178, 15.66020527791848060 ) ) ;
#13423 = AXIS2_PLACEMENT_3D ( 'NONE', #2708, #11036, #8986 ) ;
#13424 = ORIENTED_EDGE ( 'NONE', *, *, #4584, .T. ) ;
#13425 = EDGE_CURVE ( 'NONE', #11274, #8523, #7015, .T. ) ;
#13426 = DIRECTION ( 'NONE',  ( 0.8291468362087868194, 0.000000000000000000, -0.5590308792946586669 ) ) ;
#13427 = VECTOR ( 'NONE', #2313, 1000.000000000000114 ) ;
#13428 = ORIENTED_EDGE ( 'NONE', *, *, #9974, .F. ) ;
#13429 = CARTESIAN_POINT ( 'NONE',  ( -3.923155623185998753, 3.000000000000000000, -4.592116139592095081 ) ) ;
#13430 = AXIS2_PLACEMENT_3D ( 'NONE', #7760, #8854, #442 ) ;
#13431 = EDGE_CURVE ( 'NONE', #1844, #12139, #9059, .T. ) ;
#13432 = DIRECTION ( 'NONE',  ( -0.000000000000000000, 1.000000000000000000, -0.000000000000000000 ) ) ;
#13434 = ORIENTED_EDGE ( 'NONE', *, *, #5165, .T. ) ;
#13433 = ADVANCED_FACE ( 'NONE', ( #5847 ), #1822, .T. ) ;
#13435 = CARTESIAN_POINT ( 'NONE',  ( -38.93126139386267681, 3.000000000000000000, 13.50053776591848198 ) ) ;
#13436 = CARTESIAN_POINT ( 'NONE',  ( 27.07150490514872132, 2.700000000000000178, -11.17525445585297739 ) ) ;
#13437 = DIRECTION ( 'NONE',  ( -0.000000000000000000, 0.000000000000000000, -1.000000000000000000 ) ) ;
#13438 = ORIENTED_EDGE ( 'NONE', *, *, #10503, .F. ) ;
#13439 = EDGE_CURVE ( 'NONE', #1938, #1841, #11039, .T. ) ;
#13440 = EDGE_CURVE ( 'NONE', #9540, #6952, #3801, .T. ) ;
#13441 = ORIENTED_EDGE ( 'NONE', *, *, #9251, .F. ) ;
#13442 = LINE ( 'NONE', #4220, #67 ) ;
#13443 = CARTESIAN_POINT ( 'NONE',  ( 43.82563583013732966, 2.700000000000000178, 10.34610465391848066 ) ) ;
#13444 = ADVANCED_FACE ( 'NONE', ( #3731 ), #6939, .T. ) ;
#13445 = VERTEX_POINT ( 'NONE', #11253 ) ;
#13446 = LINE ( 'NONE', #2039, #5371 ) ;
#13447 = DIRECTION ( 'NONE',  ( -0.7681255708988561359, 0.000000000000000000, 0.6402992326493185393 ) ) ;
#13448 = ORIENTED_EDGE ( 'NONE', *, *, #1487, .F. ) ;
#13449 = CARTESIAN_POINT ( 'NONE',  ( 14.71388303013732468, 2.700000000000000178, 19.26306421391848289 ) ) ;
#13450 = CARTESIAN_POINT ( 'NONE',  ( 0.000000000000000000, 2.700000000000000178, -18.47889433808151693 ) ) ;
#13451 = EDGE_LOOP ( 'NONE', ( #10097, #4033, #4151, #3642 ) ) ;
#13452 = LINE ( 'NONE', #13516, #1178 ) ;
#13453 = CARTESIAN_POINT ( 'NONE',  ( -2.338871310655612934, 3.000000000000000000, 20.59586386831565363 ) ) ;
#13454 = EDGE_LOOP ( 'NONE', ( #4474, #10309, #1277, #4484 ) ) ;
#13455 = DIRECTION ( 'NONE',  ( -0.000000000000000000, -0.000000000000000000, 1.000000000000000000 ) ) ;
#13456 = ORIENTED_EDGE ( 'NONE', *, *, #5572, .T. ) ;
#13457 = CARTESIAN_POINT ( 'NONE',  ( 45.56849239013732955, 2.700000000000000178, 11.90354426191848169 ) ) ;
#13458 = ORIENTED_EDGE ( 'NONE', *, *, #1500, .T. ) ;
#13459 = LINE ( 'NONE', #11285, #11541 ) ;
#13460 = DIRECTION ( 'NONE',  ( -0.000000000000000000, 0.000000000000000000, -1.000000000000000000 ) ) ;
#13461 = DIRECTION ( 'NONE',  ( 0.000000000000000000, 0.000000000000000000, 1.000000000000000000 ) ) ;
#13462 = ORIENTED_EDGE ( 'NONE', *, *, #3326, .T. ) ;
#13463 = CARTESIAN_POINT ( 'NONE',  ( -27.67072714586268489, 2.700000000000000178, 18.39287545391848155 ) ) ;
#13464 = LINE ( 'NONE', #4051, #385 ) ;
#13465 = ORIENTED_EDGE ( 'NONE', *, *, #116, .F. ) ;
#13466 = DIRECTION ( 'NONE',  ( 0.8291468362087868194, 0.000000000000000000, -0.5590308792946586669 ) ) ;
#13467 = CARTESIAN_POINT ( 'NONE',  ( 7.170477598423097731, 2.700000000000000178, 12.75836956040157233 ) ) ;
#13468 = ORIENTED_EDGE ( 'NONE', *, *, #11598, .T. ) ;
#13469 = CARTESIAN_POINT ( 'NONE',  ( 10.01355750868639660, 3.000000000000000000, -0.7167958447352242857 ) ) ;
#13470 = ADVANCED_FACE ( 'NONE', ( #1887 ), #10219, .T. ) ;
#13471 = VERTEX_POINT ( 'NONE', #11916 ) ;
#13472 = VERTEX_POINT ( 'NONE', #5828 ) ;
#13473 = CARTESIAN_POINT ( 'NONE',  ( 13.22529891032344729, 3.000000000000000000, 23.40307345709523545 ) ) ;
#13474 = VECTOR ( 'NONE', #3026, 1000.000000000000000 ) ;
#13475 = ORIENTED_EDGE ( 'NONE', *, *, #13319, .F. ) ;
#13476 = ORIENTED_EDGE ( 'NONE', *, *, #1037, .F. ) ;
#13477 = DIRECTION ( 'NONE',  ( -0.3809753635559187113, 0.000000000000000000, -0.9245851893489509532 ) ) ;
#13478 = FACE_OUTER_BOUND ( 'NONE', #12303, .T. ) ;
#13479 = DIRECTION ( 'NONE',  ( 0.9770274695141076826, 0.000000000000000000, 0.2131134059951636517 ) ) ;
#13480 = LOCAL_TIME ( 12, 27, 52.00000000000000000, #6032 ) ;
#13481 = CARTESIAN_POINT ( 'NONE',  ( -28.93892679386267375, 3.000000000000000000, 18.66975374191848402 ) ) ;
#13482 = CARTESIAN_POINT ( 'NONE',  ( -2.749224537862673401, 2.700000000000000178, 3.809801749918482194 ) ) ;
#13483 = EDGE_CURVE ( 'NONE', #2536, #12702, #10952, .T. ) ;
#13484 = LINE ( 'NONE', #12400, #5693 ) ;
#13485 = VERTEX_POINT ( 'NONE', #8840 ) ;
#13486 = DIRECTION ( 'NONE',  ( -0.000000000000000000, 1.000000000000000000, -0.000000000000000000 ) ) ;
#13487 = EDGE_CURVE ( 'NONE', #10225, #8481, #1520, .T. ) ;
#13488 = ORIENTED_EDGE ( 'NONE', *, *, #4322, .T. ) ;
#13489 = LINE ( 'NONE', #8174, #2618 ) ;
#13490 = ADVANCED_FACE ( 'NONE', ( #634 ), #2486, .T. ) ;
#13491 = VERTEX_POINT ( 'NONE', #3580 ) ;
#13492 = CARTESIAN_POINT ( 'NONE',  ( -28.64227104986268557, 2.700000000000000178, -18.88431796208151781 ) ) ;
#13493 = DIRECTION ( 'NONE',  ( 0.7915814488744231658, 0.000000000000000000, -0.6110636708215183566 ) ) ;
#13494 = VERTEX_POINT ( 'NONE', #5623 ) ;
#13495 = EDGE_CURVE ( 'NONE', #7776, #12166, #1455, .T. ) ;
#13496 = LINE ( 'NONE', #9274, #4449 ) ;
#13497 = DIRECTION ( 'NONE',  ( 0.7400606767618260751, 0.000000000000000000, -0.6725401063957657799 ) ) ;
#13498 = DIRECTION ( 'NONE',  ( 0.7353668658178810213, 0.000000000000000000, 0.6776692206801091523 ) ) ;
#13499 = EDGE_CURVE ( 'NONE', #9325, #9283, #5767, .T. ) ;
#13500 = EDGE_CURVE ( 'NONE', #7269, #12220, #7744, .T. ) ;
#13501 = ORIENTED_EDGE ( 'NONE', *, *, #1523, .F. ) ;
#13502 = VECTOR ( 'NONE', #10868, 1000.000000000000114 ) ;
#13503 = EDGE_CURVE ( 'NONE', #9638, #12115, #12178, .T. ) ;
#13504 = VECTOR ( 'NONE', #11408, 999.9999999999998863 ) ;
#13505 = ORIENTED_EDGE ( 'NONE', *, *, #6835, .T. ) ;
#13506 = EDGE_CURVE ( 'NONE', #9991, #8935, #10882, .T. ) ;
#13507 = CARTESIAN_POINT ( 'NONE',  ( -6.042096793862672399, 3.000000000000000000, 12.78114880591848213 ) ) ;
#13508 = LINE ( 'NONE', #11398, #5094 ) ;
#13509 = VECTOR ( 'NONE', #103, 1000.000000000000000 ) ;
#13510 = DIRECTION ( 'NONE',  ( -0.9653199166134028841, 0.000000000000000000, 0.2610698346984822171 ) ) ;
#13511 = LINE ( 'NONE', #8588, #6385 ) ;
#13512 = ORIENTED_EDGE ( 'NONE', *, *, #11022, .T. ) ;
#13513 = DIRECTION ( 'NONE',  ( -1.000000000000000000, 0.000000000000000000, 0.000000000000000000 ) ) ;
#13514 = CARTESIAN_POINT ( 'NONE',  ( 32.50083247013732546, 3.000000000000000000, 20.48923905391848166 ) ) ;
#13515 = ORIENTED_EDGE ( 'NONE', *, *, #8803, .F. ) ;
#13516 = CARTESIAN_POINT ( 'NONE',  ( 39.18419527813730951, 2.700000000000000178, 10.98644576591847866 ) ) ;
#13517 = DIRECTION ( 'NONE',  ( 0.000000000000000000, 0.000000000000000000, -1.000000000000000000 ) ) ;
#13518 = VECTOR ( 'NONE', #8618, 1000.000000000000000 ) ;
#13519 = VERTEX_POINT ( 'NONE', #9785 ) ;
#13520 = VECTOR ( 'NONE', #12249, 1000.000000000000114 ) ;
#13521 = EDGE_CURVE ( 'NONE', #9972, #5533, #11980, .T. ) ;
#13522 = DIRECTION ( 'NONE',  ( -0.3826848932557264660, 0.000000000000000000, -0.9238789273892188403 ) ) ;
#13523 = ADVANCED_FACE ( 'NONE', ( #504 ), #1388, .T. ) ;
#13524 = ORIENTED_EDGE ( 'NONE', *, *, #4029, .F. ) ;
ENDSEC;
END-ISO-10303-21;
