ISO-10303-21;
HEADER;
FILE_DESCRIPTION (( 'STEP AP203' ),
    '1' );
FILE_NAME ('CUI_PDSE1-S5-S5-M.step',
    '2019-06-27T13:17:40',
    ( '' ),
    ( '' ),
    'SwSTEP 2.0',
    'SolidWorks 2019',
    '' );
FILE_SCHEMA (( 'CONFIG_CONTROL_DESIGN' ));
ENDSEC;

DATA;
#1 = CARTESIAN_POINT ( 'NONE',  ( -0.2453763741325691028, 0.1610203813483927215, -0.07212989875666102335 ) ) ;
#2 = EDGE_LOOP ( 'NONE', ( #5974, #3273, #5654, #473, #4911, #2954 ) ) ;
#3 = ADVANCED_FACE ( 'NONE', ( #5987 ), #2307, .F. ) ;
#4 = CARTESIAN_POINT ( 'NONE',  ( 0.01717803275835826787, -0.1349586599422440969, 0.07939562895488189165 ) ) ;
#5 = DIRECTION ( 'NONE',  ( 0.03487826274199157250, 0.03487826274199157250, 0.9987827659587451556 ) ) ;
#6 = CARTESIAN_POINT ( 'NONE',  ( -0.2453332606614173905, -0.1531077205609448766, 0.1889763779527559029 ) ) ;
#7 = EDGE_LOOP ( 'NONE', ( #4152, #1880, #5772, #2700 ) ) ;
#8 = CARTESIAN_POINT ( 'NONE',  ( -0.1878556341471329660, 0.1102362204724409434, 0.07874015748035433082 ) ) ;
#9 = LINE ( 'NONE', #2120, #4495 ) ;
#10 = APPROVAL_PERSON_ORGANIZATION ( #2875, #5373, #2276 ) ;
#11 = EDGE_CURVE ( 'NONE', #4877, #1360, #3954, .T. ) ;
#12 = LINE ( 'NONE', #6833, #3617 ) ;
#13 = ADVANCED_FACE ( 'NONE', ( #2379 ), #6094, .F. ) ;
#14 = CARTESIAN_POINT ( 'NONE',  ( -0.2373765702455511994, 0.1448881844187795143, 0.07874015748031495954 ) ) ;
#15 = ORIENTED_EDGE ( 'NONE', *, *, #2801, .T. ) ;
#16 = DIRECTION ( 'NONE',  ( -1.000000000000000000, 0.0000000000000000000, 0.0000000000000000000 ) ) ;
#17 = EDGE_CURVE ( 'NONE', #784, #4485, #239, .T. ) ;
#18 = VERTEX_POINT ( 'NONE', #830 ) ;
#19 = DIRECTION ( 'NONE',  ( 0.0000000000000000000, 1.000000000000000000, 0.0000000000000000000 ) ) ;
#20 = CARTESIAN_POINT ( 'NONE',  ( 0.1618110236220473008, -0.1751968503937007815, -0.009842519685039369942 ) ) ;
#21 = VERTEX_POINT ( 'NONE', #5070 ) ;
#22 = CARTESIAN_POINT ( 'NONE',  ( 0.2491085606777952710, 0.1480768235011417355, 0.1974041740641732379 ) ) ;
#23 = VERTEX_POINT ( 'NONE', #313 ) ;
#24 = DIRECTION ( 'NONE',  ( -1.000000000000000000, 0.0000000000000000000, 0.0000000000000000000 ) ) ;
#25 = CARTESIAN_POINT ( 'NONE',  ( -0.2598425196850393526, -0.1574803149800000357, -2.586245959298031613E-13 ) ) ;
#26 = CARTESIAN_POINT ( 'NONE',  ( -0.2488236904827568208, 0.1600935329826387310, -0.07235041113206346075 ) ) ;
#27 = ORIENTED_EDGE ( 'NONE', *, *, #4738, .F. ) ;
#28 = EDGE_CURVE ( 'NONE', #1809, #6773, #6577, .T. ) ;
#29 = CARTESIAN_POINT ( 'NONE',  ( -0.2437399756379527715, 0.1610628104004724614, -0.07155240744921259610 ) ) ;
#30 = VERTEX_POINT ( 'NONE', #2902 ) ;
#31 = CARTESIAN_POINT ( 'NONE',  ( 0.2532055161850693681, 0.1512202879783049736, -0.07586130276224418989 ) ) ;
#32 = LINE ( 'NONE', #4193, #1946 ) ;
#33 = CARTESIAN_POINT ( 'NONE',  ( -0.1889576287067716576, -0.1301113851021653833, 0.07086614173228347746 ) ) ;
#34 = DIRECTION ( 'NONE',  ( 0.03487826274199157250, -0.03487826274199157250, 0.9987827659587451556 ) ) ;
#35 = ORIENTED_EDGE ( 'NONE', *, *, #4404, .F. ) ;
#36 = DIRECTION ( 'NONE',  ( 0.0000000000000000000, -1.000000000000000000, -3.071131312222999519E-12 ) ) ;
#37 = VECTOR ( 'NONE', #1211, 39.37007874015748143 ) ;
#38 = EDGE_CURVE ( 'NONE', #3105, #1467, #2315, .T. ) ;
#39 = VECTOR ( 'NONE', #5050, 39.37007874015748143 ) ;
#40 = B_SPLINE_CURVE_WITH_KNOTS ( 'NONE', 3,
 ( #4822, #4786, #5855, #629, #6438, #554 ),
 .UNSPECIFIED., .F., .F.,
 ( 4, 2, 4 ),
 ( 0.0000000000000000000, 0.5000000000000000000, 1.000000000000000000 ),
 .UNSPECIFIED. ) ;
#41 = VECTOR ( 'NONE', #3439, 39.37007874015748143 ) ;
#42 = DIRECTION ( 'NONE',  ( 0.01445433466217042363, 0.03489585077433102894, 0.9992864213068290979 ) ) ;
#43 = DIRECTION ( 'NONE',  ( 0.0000000000000000000, -0.05233595624271923652, 0.9986295347545856016 ) ) ;
#44 = ORIENTED_EDGE ( 'NONE', *, *, #2653, .F. ) ;
#45 = CARTESIAN_POINT ( 'NONE',  ( -0.2454422981856200503, 0.1521923840688610696, -0.07873997997333845311 ) ) ;
#46 = VECTOR ( 'NONE', #3927, 39.37007874015748143 ) ;
#47 = VECTOR ( 'NONE', #4092, 39.37007874015748143 ) ;
#48 = ADVANCED_FACE ( 'NONE', ( #4016 ), #5701, .T. ) ;
#49 = VECTOR ( 'NONE', #3164, 39.37007874015748143 ) ;
#50 = VECTOR ( 'NONE', #2659, 39.37007874015748854 ) ;
#51 = EDGE_LOOP ( 'NONE', ( #2449, #552, #6536, #3187 ) ) ;
#52 = LINE ( 'NONE', #1687, #2694 ) ;
#53 = DIRECTION ( 'NONE',  ( -1.000000000000000000, 0.0000000000000000000, 0.0000000000000000000 ) ) ;
#54 = ORIENTED_EDGE ( 'NONE', *, *, #2540, .F. ) ;
#55 = ADVANCED_FACE ( 'NONE', ( #5168 ), #6290, .T. ) ;
#56 = CIRCLE ( 'NONE', #4940, 0.009842519685039378616 ) ;
#57 = ORIENTED_EDGE ( 'NONE', *, *, #4231, .T. ) ;
#58 = CARTESIAN_POINT ( 'NONE',  ( 0.2433669731881889786, 0.1528446318087007816, 0.1889764210688189006 ) ) ;
#59 = CARTESIAN_POINT ( 'NONE',  ( -0.06181102362204724671, -0.2078598790717716693, -0.07283464566929134798 ) ) ;
#60 = CIRCLE ( 'NONE', #1859, 0.009842519685039378616 ) ;
#61 = VERTEX_POINT ( 'NONE', #6190 ) ;
#62 = CARTESIAN_POINT ( 'NONE',  ( -0.2216535433070866146, 0.0000000000000000000, 0.1968503937008267979 ) ) ;
#63 = DIRECTION ( 'NONE',  ( 0.0000000000000000000, 1.000000000000000000, 0.0000000000000000000 ) ) ;
#64 = DIRECTION ( 'NONE',  ( 1.000000000000000000, 0.0000000000000000000, 0.0000000000000000000 ) ) ;
#65 = ORIENTED_EDGE ( 'NONE', *, *, #2829, .F. ) ;
#66 = VECTOR ( 'NONE', #3897, 39.37007874015748143 ) ;
#67 = CARTESIAN_POINT ( 'NONE',  ( -0.1893700787401650099, -0.1138910667010634009, 0.05905511811023622659 ) ) ;
#68 = DIRECTION ( 'NONE',  ( 0.4919999999999962736, 0.8705951987002934489, 0.0000000000000000000 ) ) ;
#69 = DIRECTION ( 'NONE',  ( -1.000000000000000000, 0.0000000000000000000, 0.0000000000000000000 ) ) ;
#70 = CARTESIAN_POINT ( 'NONE',  ( 0.01444217391500393632, 0.1331284303940551139, -0.05511811023622047168 ) ) ;
#71 = EDGE_CURVE ( 'NONE', #1178, #878, #1489, .T. ) ;
#72 = CYLINDRICAL_SURFACE ( 'NONE', #2366, 0.009842519685039378616 ) ;
#73 = VERTEX_POINT ( 'NONE', #1450 ) ;
#74 = AXIS2_PLACEMENT_3D ( 'NONE', #4927, #1140, #3775 ) ;
#75 = CARTESIAN_POINT ( 'NONE',  ( -0.1689347589227807034, -0.1020056250724865610, 0.05671802863061477240 ) ) ;
#76 = ORIENTED_EDGE ( 'NONE', *, *, #2339, .T. ) ;
#77 = CIRCLE ( 'NONE', #3162, 0.009842519685039378616 ) ;
#78 = CARTESIAN_POINT ( 'NONE',  ( 0.1381889763779527436, -0.1751968503937007815, -0.009842519685039369942 ) ) ;
#79 = CARTESIAN_POINT ( 'NONE',  ( -0.1893700787401574881, -0.1138910667010629846, 0.05905511811023622659 ) ) ;
#80 = EDGE_CURVE ( 'NONE', #61, #195, #4204, .T. ) ;
#81 = VERTEX_POINT ( 'NONE', #4148 ) ;
#82 = VERTEX_POINT ( 'NONE', #1518 ) ;
#83 = CARTESIAN_POINT ( 'NONE',  ( -0.05000000000000000278, -0.1240157480314960647, 0.09055118110236221041 ) ) ;
#84 = AXIS2_PLACEMENT_3D ( 'NONE', #2961, #3052, #6731 ) ;
#85 = EDGE_CURVE ( 'NONE', #1252, #3714, #4725, .T. ) ;
#86 = VERTEX_POINT ( 'NONE', #2066 ) ;
#87 = CARTESIAN_POINT ( 'NONE',  ( 0.2165354330708661457, -0.1102362204724409434, 0.1653543307087008141 ) ) ;
#88 = LINE ( 'NONE', #2669, #2938 ) ;
#89 = ORIENTED_EDGE ( 'NONE', *, *, #6670, .T. ) ;
#90 = CARTESIAN_POINT ( 'NONE',  ( 0.07539880309110236212, 0.1344617600540157498, -0.05511811020590551280 ) ) ;
#91 = ORIENTED_EDGE ( 'NONE', *, *, #6553, .F. ) ;
#92 = CARTESIAN_POINT ( 'NONE',  ( -0.03818897637795275191, -0.2041237981004330737, -0.07283464566929134798 ) ) ;
#93 = ADVANCED_FACE ( 'NONE', ( #3094 ), #1551, .T. ) ;
#94 = PLANE ( 'NONE',  #6059 ) ;
#95 = ORIENTED_EDGE ( 'NONE', *, *, #753, .F. ) ;
#96 = CARTESIAN_POINT ( 'NONE',  ( -0.2027559055118110243, 0.0000000000000000000, 0.1023622047244094752 ) ) ;
#97 = CARTESIAN_POINT ( 'NONE',  ( 0.1618110236220473008, 0.1883973487342519848, -0.07365883395685039747 ) ) ;
#98 = ORIENTED_EDGE ( 'NONE', *, *, #232, .F. ) ;
#99 = EDGE_LOOP ( 'NONE', ( #5270, #2034, #5293, #1364, #1635, #1561, #285, #4397 ) ) ;
#100 = CARTESIAN_POINT ( 'NONE',  ( 0.2590759282151182119, 0.1567271628815354312, 0.02165407828939370019 ) ) ;
#101 = LINE ( 'NONE', #5962, #5694 ) ;
#102 = CARTESIAN_POINT ( 'NONE',  ( 0.1618110236220473008, -0.2007523306137795338, -0.008503213718098425258 ) ) ;
#103 = DIRECTION ( 'NONE',  ( 0.0000000000000000000, 0.0000000000000000000, -1.000000000000000000 ) ) ;
#104 = ORIENTED_EDGE ( 'NONE', *, *, #433, .F. ) ;
#105 = CARTESIAN_POINT ( 'NONE',  ( 0.2453998137263346813, -0.1572807191643793290, -0.07876902381811159981 ) ) ;
#106 = CARTESIAN_POINT ( 'NONE',  ( -0.2390636012123621423, -0.1597005878030315074, 0.1883590322026376662 ) ) ;
#107 = CARTESIAN_POINT ( 'NONE',  ( -0.2433659794551968625, -0.1607140003450393817, 0.1892511735306299514 ) ) ;
#108 = LINE ( 'NONE', #1197, #2411 ) ;
#109 = ORIENTED_EDGE ( 'NONE', *, *, #3311, .T. ) ;
#110 = CYLINDRICAL_SURFACE ( 'NONE', #1940, 0.03937007345397638275 ) ;
#111 = EDGE_LOOP ( 'NONE', ( #115, #2501, #1852, #5777, #3687, #6445 ) ) ;
#112 = DIRECTION ( 'NONE',  ( 0.0000000000000000000, 0.9986295347547528012, 0.05233595623952764370 ) ) ;
#113 = EDGE_CURVE ( 'NONE', #4064, #4051, #3530, .T. ) ;
#114 = DIRECTION ( 'NONE',  ( 1.000000000000000000, -1.073576656906000062E-13, 5.346339940244999652E-13 ) ) ;
#115 = ORIENTED_EDGE ( 'NONE', *, *, #4886, .F. ) ;
#116 = PLANE ( 'NONE',  #2259 ) ;
#117 = CARTESIAN_POINT ( 'NONE',  ( -0.2027559055118110243, 0.0000000000000000000, 0.05905511811023622659 ) ) ;
#118 = ORIENTED_EDGE ( 'NONE', *, *, #5831, .F. ) ;
#119 = ORIENTED_EDGE ( 'NONE', *, *, #4121, .T. ) ;
#120 = EDGE_CURVE ( 'NONE', #6773, #5903, #3231, .T. ) ;
#121 = FACE_OUTER_BOUND ( 'NONE', #3246, .T. ) ;
#122 = ORIENTED_EDGE ( 'NONE', *, *, #71, .T. ) ;
#123 = DIRECTION ( 'NONE',  ( -0.9993910401269814336, 0.0001193273976321246056, 0.03489318952005811270 ) ) ;
#124 = CARTESIAN_POINT ( 'NONE',  ( 0.2428947278826377454, 0.1518453662416141547, 0.1967998178677558552 ) ) ;
#125 = ORIENTED_EDGE ( 'NONE', *, *, #2224, .F. ) ;
#126 = CARTESIAN_POINT ( 'NONE',  ( 0.1618110236220473008, 0.2041237981004330737, -0.08858267716535435377 ) ) ;
#127 = CARTESIAN_POINT ( 'NONE',  ( 0.2532102014485827501, -0.1508775922499606681, 0.1892514464477165759 ) ) ;
#128 = EDGE_CURVE ( 'NONE', #4969, #976, #6346, .T. ) ;
#129 = COORDINATED_UNIVERSAL_TIME_OFFSET ( 0, 0, .AHEAD. ) ;
#130 = ORIENTED_EDGE ( 'NONE', *, *, #1376, .T. ) ;
#131 = EDGE_CURVE ( 'NONE', #3742, #86, #4416, .T. ) ;
#132 = CYLINDRICAL_SURFACE ( 'NONE', #4959, 0.01574803149606299885 ) ;
#133 = VERTEX_POINT ( 'NONE', #5423 ) ;
#134 = DIRECTION ( 'NONE',  ( 0.0000000000000000000, 0.0000000000000000000, 1.000000000000000000 ) ) ;
#135 = CARTESIAN_POINT ( 'NONE',  ( 3.129902286603543748E-12, 0.1669447554484252139, 0.01082677165345669393 ) ) ;
#136 = CARTESIAN_POINT ( 'NONE',  ( 0.2437399771685688776, -0.1606880889873298357, -0.07583549251053477158 ) ) ;
#137 = CARTESIAN_POINT ( 'NONE',  ( 0.1381889763779527436, -0.2244094488188976555, -0.08858267716535435377 ) ) ;
#138 = ORIENTED_EDGE ( 'NONE', *, *, #5845, .T. ) ;
#139 = CARTESIAN_POINT ( 'NONE',  ( 0.2535824952982383418, -0.1513225683658929455, -0.07155240746254500073 ) ) ;
#140 = CYLINDRICAL_SURFACE ( 'NONE', #5709, 0.02559055118110237920 ) ;
#141 = EDGE_CURVE ( 'NONE', #4272, #2090, #6046, .T. ) ;
#142 = CARTESIAN_POINT ( 'NONE',  ( -0.2388792972454330255, -0.1600770985510630018, 0.1936896019977952521 ) ) ;
#143 = DIRECTION ( 'NONE',  ( 0.0000000000000000000, 0.0000000000000000000, 1.000000000000000000 ) ) ;
#144 = FACE_OUTER_BOUND ( 'NONE', #2979, .T. ) ;
#145 = ORIENTED_EDGE ( 'NONE', *, *, #5751, .T. ) ;
#146 = AXIS2_PLACEMENT_3D ( 'NONE', #4311, #6418, #1656 ) ;
#147 = CARTESIAN_POINT ( 'NONE',  ( -0.05000000000000000278, -0.2023402986719685381, -0.03880344929259448711 ) ) ;
#148 = ORIENTED_EDGE ( 'NONE', *, *, #4004, .T. ) ;
#149 = PLANE ( 'NONE',  #1289 ) ;
#150 = VERTEX_POINT ( 'NONE', #4984 ) ;
#151 = CARTESIAN_POINT ( 'NONE',  ( 0.1381889763779527436, 0.2007523306137795338, -0.008503213718098425258 ) ) ;
#152 = AXIS2_PLACEMENT_3D ( 'NONE', #5201, #4656, #459 ) ;
#153 = CARTESIAN_POINT ( 'NONE',  ( 0.02460119690829527805, 0.1344617600540944924, -0.05511811020732283045 ) ) ;
#154 = DIRECTION ( 'NONE',  ( 0.0000000000000000000, 1.000000000000000000, 0.0000000000000000000 ) ) ;
#155 = B_SPLINE_CURVE_WITH_KNOTS ( 'NONE', 3,
 ( #1505, #4, #5778, #3184, #6302 ),
 .UNSPECIFIED., .F., .F.,
 ( 4, 1, 4 ),
 ( 0.0000000000000000000, 0.5000000000000000000, 1.000000000000000000 ),
 .UNSPECIFIED. ) ;
#156 = ORIENTED_EDGE ( 'NONE', *, *, #2509, .T. ) ;
#157 = LINE ( 'NONE', #1777, #3945 ) ;
#158 = VECTOR ( 'NONE', #2021, 39.37007874015748143 ) ;
#159 = CC_DESIGN_PERSON_AND_ORGANIZATION_ASSIGNMENT ( #6511, #5518, ( #2758 ) ) ;
#160 = AXIS2_PLACEMENT_3D ( 'NONE', #444, #937, #1031 ) ;
#161 = EDGE_CURVE ( 'NONE', #3408, #5959, #6836, .T. ) ;
#162 = CARTESIAN_POINT ( 'NONE',  ( -0.2165354330708661457, -0.07988696002944881136, 0.1023622047244094752 ) ) ;
#163 = ORIENTED_EDGE ( 'NONE', *, *, #120, .T. ) ;
#164 = VECTOR ( 'NONE', #6289, 39.37007874015748143 ) ;
#165 = AXIS2_PLACEMENT_3D ( 'NONE', #3114, #5345, #485 ) ;
#166 = FACE_OUTER_BOUND ( 'NONE', #958, .T. ) ;
#167 = DIRECTION ( 'NONE',  ( 0.0000000000000000000, 1.000000000000000000, 0.0000000000000000000 ) ) ;
#168 = CARTESIAN_POINT ( 'NONE',  ( 0.2523173432441732644, 0.1546540969608661553, 0.1974049505171653618 ) ) ;
#169 = ORIENTED_EDGE ( 'NONE', *, *, #6589, .T. ) ;
#170 = CARTESIAN_POINT ( 'NONE',  ( -0.2437399756379527715, -0.1610628104004331040, -0.07155240744984252277 ) ) ;
#171 = ADVANCED_FACE ( 'NONE', ( #1307 ), #2096, .F. ) ;
#172 = DIRECTION ( 'NONE',  ( -0.7071067811865474617, 0.7071067811865474617, 0.0000000000000000000 ) ) ;
#173 = CIRCLE ( 'NONE', #5375, 0.009842519685039359534 ) ;
#174 = ORIENTED_EDGE ( 'NONE', *, *, #3031, .F. ) ;
#175 = B_SPLINE_CURVE_WITH_KNOTS ( 'NONE', 3,
 ( #1407, #1970, #6178, #3018, #3546, #1440 ),
 .UNSPECIFIED., .F., .F.,
 ( 4, 2, 4 ),
 ( 0.0000000000000000000, 0.5000000000000007772, 1.000000000000000000 ),
 .UNSPECIFIED. ) ;
#176 = DIRECTION ( 'NONE',  ( 0.0000000000000000000, 0.0000000000000000000, -1.000000000000000000 ) ) ;
#177 = VERTEX_POINT ( 'NONE', #5934 ) ;
#178 = CARTESIAN_POINT ( 'NONE',  ( 0.2529336948275500707, 0.1548223474374385844, -0.07155240746229890592 ) ) ;
#179 = CARTESIAN_POINT ( 'NONE',  ( -0.2535824952006299760, 0.1512202905785826890, -0.07155240743055119035 ) ) ;
#180 = CARTESIAN_POINT ( 'NONE',  ( 0.2590814436559982226, 0.1566268388775612641, 0.02178182024018998283 ) ) ;
#181 = ADVANCED_FACE ( 'NONE', ( #2211 ), #1196, .T. ) ;
#182 = CARTESIAN_POINT ( 'NONE',  ( -0.03818897637795275191, -0.1190944881889763746, 0.08661417322834646937 ) ) ;
#183 = VERTEX_POINT ( 'NONE', #2294 ) ;
#184 = PLANE ( 'NONE',  #1609 ) ;
#185 = VERTEX_POINT ( 'NONE', #4943 ) ;
#186 = DIRECTION ( 'NONE',  ( 0.0000000000000000000, 1.000000000000000000, 0.0000000000000000000 ) ) ;
#187 = AXIS2_PLACEMENT_3D ( 'NONE', #4186, #469, #2520 ) ;
#188 = CYLINDRICAL_SURFACE ( 'NONE', #3956, 0.01181102362203148917 ) ;
#189 = VECTOR ( 'NONE', #688, 39.37007874015748143 ) ;
#190 = DIRECTION ( 'NONE',  ( -1.000000000000000000, 0.0000000000000000000, 0.0000000000000000000 ) ) ;
#191 = DIRECTION ( 'NONE',  ( 0.0000000000000000000, 0.0000000000000000000, 1.000000000000000000 ) ) ;
#192 = ORIENTED_EDGE ( 'NONE', *, *, #1254, .T. ) ;
#193 = ADVANCED_FACE ( 'NONE', ( #1057 ), #3898, .F. ) ;
#194 = DIRECTION ( 'NONE',  ( 0.0000000000000000000, 0.9993908270191083076, 0.03489949670214029243 ) ) ;
#195 = VERTEX_POINT ( 'NONE', #6315 ) ;
#196 = DIRECTION ( 'NONE',  ( 0.0000000000000000000, 0.0000000000000000000, 1.000000000000000000 ) ) ;
#197 = DIRECTION ( 'NONE',  ( 0.0000000000000000000, 0.0000000000000000000, 1.000000000000000000 ) ) ;
#198 = CARTESIAN_POINT ( 'NONE',  ( 0.2500000000351968454, 0.1673228346456299420, -4.395619913551181420E-13 ) ) ;
#199 = CIRCLE ( 'NONE', #4839, 0.009842519685039378616 ) ;
#200 = ORIENTED_EDGE ( 'NONE', *, *, #1510, .T. ) ;
#201 = CARTESIAN_POINT ( 'NONE',  ( -0.05075216544720474038, -0.1029105840483858503, 0.08267720413799213575 ) ) ;
#202 =( BOUNDED_SURFACE ( )  B_SPLINE_SURFACE ( 3, 3, ( 
 ( #5447, #2723, #5923, #5416, #4928, #178, #2175, #3288, #4779, #4294, #5998, #1637, #2140, #1255, #3358, #547, #2654 ),
 ( #31, #3745, #620, #660, #1110, #1187, #1669, #4852, #1752, #4258, #3777, #2761, #3856, #1296, #6655, #5584, #3466 ),
 ( #4569, #806, #4509, #883, #2845, #5482, #4975, #6686, #6169, #5040, #6035, #842, #6627, #2951, #1330, #1431, #2984 ),
 ( #1959, #737, #214, #1893, #6105, #286, #5083, #5113, #6550, #6136, #4472, #324, #5009, #1361, #2425, #350, #3965 ) ),
 .UNSPECIFIED., .F., .F., .F. ) 
 B_SPLINE_SURFACE_WITH_KNOTS ( ( 4, 4 ),
 ( 4, 1, 1, 1, 1, 1, 1, 1, 1, 1, 1, 1, 1, 1, 4 ),
 ( 0.02115358616055905763, 0.9836015466445777733 ),
 ( 0.07485167066913279987, 0.09186555279025999943, 0.1485255691657000054, 0.2109617819493999902, 0.2781047689109000243, 0.3488988034023000062, 0.4223456290004999891, 0.4973334816182999885, 0.5726565940771000118, 0.6469860902374999778, 0.7189312156763999484, 0.7873206773747000176, 0.8508805964232000196, 0.9083241682924999560, 0.9313087937929489524 ),
 .UNSPECIFIED. ) 
 GEOMETRIC_REPRESENTATION_ITEM ( )  RATIONAL_B_SPLINE_SURFACE ( (
 ( 1.151226671822126457, 1.151226671822126457, 1.151226671822126457, 1.151226671822126457, 1.151226671822126457, 1.151226671822126457, 1.151226671822126457, 1.151226671822126457, 1.151226671822126457, 1.151226671822126457, 1.151226671822126457, 1.151226671822126457, 1.151226671822126457, 1.151226671822126457, 1.151226671822126457, 1.151226671822126679, 1.151226671822126679),
 ( 0.9485899492608047545, 0.9485899492608047545, 0.9485899492608047545, 0.9485899492608047545, 0.9485899492608047545, 0.9485899492608047545, 0.9485899492608047545, 0.9485899492608047545, 0.9485899492608047545, 0.9485899492608047545, 0.9485899492608047545, 0.9485899492608047545, 0.9485899492608047545, 0.9485899492608047545, 0.9485899492608047545, 0.9485899492608047545, 0.9485899492608047545),
 ( 0.9495960803490328672, 0.9495960803490328672, 0.9495960803490328672, 0.9495960803490328672, 0.9495960803490328672, 0.9495960803490328672, 0.9495960803490328672, 0.9495960803490328672, 0.9495960803490328672, 0.9495960803490328672, 0.9495960803490328672, 0.9495960803490328672, 0.9495960803490328672, 0.9495960803490328672, 0.9495960803490328672, 0.9495960803490328672, 0.9495960803490328672),
 ( 1.154245065086853428, 1.154245065086853428, 1.154245065086853428, 1.154245065086853428, 1.154245065086853428, 1.154245065086853428, 1.154245065086853428, 1.154245065086853428, 1.154245065086853428, 1.154245065086853428, 1.154245065086853428, 1.154245065086853428, 1.154245065086853428, 1.154245065086853428, 1.154245065086853428, 1.154245065086853428, 1.154245065086853428) ) ) 
 REPRESENTATION_ITEM ( '' )  SURFACE ( )  );
#203 = ORIENTED_EDGE ( 'NONE', *, *, #928, .T. ) ;
#204 = EDGE_CURVE ( 'NONE', #3342, #2051, #3799, .T. ) ;
#205 = VERTEX_POINT ( 'NONE', #2252 ) ;
#206 = PLANE ( 'NONE',  #4505 ) ;
#207 = ORIENTED_EDGE ( 'NONE', *, *, #989, .F. ) ;
#208 = CARTESIAN_POINT ( 'NONE',  ( -0.03818897637795275191, -0.2078598790717716693, -0.07283464566929134798 ) ) ;
#209 = DIRECTION ( 'NONE',  ( 0.03487826274199157250, -0.03487826274199157250, 0.9987827659587451556 ) ) ;
#210 = VERTEX_POINT ( 'NONE', #3297 ) ;
#211 = EDGE_CURVE ( 'NONE', #1220, #6504, #5794, .T. ) ;
#212 = LINE ( 'NONE', #5111, #2966 ) ;
#213 = ORIENTED_EDGE ( 'NONE', *, *, #4686, .T. ) ;
#214 = CARTESIAN_POINT ( 'NONE',  ( 0.2456843531939000569, 0.1513264646642558942, -0.07873998074171600914 ) ) ;
#215 = CARTESIAN_POINT ( 'NONE',  ( 0.2500072539892669865, -0.1673917852709406462, 0.0007897747549074453973 ) ) ;
#216 = DIRECTION ( 'NONE',  ( 0.0000000000000000000, 0.9986295347545857126, 0.05233595624271924346 ) ) ;
#217 = DIRECTION ( 'NONE',  ( 0.0000000000000000000, 0.0000000000000000000, -1.000000000000000000 ) ) ;
#218 = ORIENTED_EDGE ( 'NONE', *, *, #2878, .T. ) ;
#219 = CARTESIAN_POINT ( 'NONE',  ( 0.2531336380114438400, -0.1525269112967732599, -0.07586138697756143745 ) ) ;
#220 = CARTESIAN_POINT ( 'NONE',  ( 0.2499039088031435318, -0.1673316652508973490, -0.0002690741819340870507 ) ) ;
#221 = ADVANCED_FACE ( 'NONE', ( #669 ), #1717, .F. ) ;
#222 = DIRECTION ( 'NONE',  ( -1.458233800526000143E-11, -1.000000000000000000, 7.070718520631999887E-10 ) ) ;
#223 = DIRECTION ( 'NONE',  ( 0.0000000000000000000, 0.0000000000000000000, 1.000000000000000000 ) ) ;
#224 = PLANE ( 'NONE',  #4513 ) ;
#225 = B_SPLINE_CURVE_WITH_KNOTS ( 'NONE', 3,
 ( #2301, #4524, #3906, #3421, #4420, #4009 ),
 .UNSPECIFIED., .F., .F.,
 ( 4, 2, 4 ),
 ( 0.0000000000000000000, 0.5000000000000000000, 1.000000000000000000 ),
 .UNSPECIFIED. ) ;
#226 = VERTEX_POINT ( 'NONE', #2733 ) ;
#227 = CARTESIAN_POINT ( 'NONE',  ( 0.07555160667799212804, -0.1356299242418504136, 0.07874015748035433082 ) ) ;
#228 = ORIENTED_EDGE ( 'NONE', *, *, #1577, .T. ) ;
#229 = CARTESIAN_POINT ( 'NONE',  ( 0.2165354330708661457, -0.1102362204724409434, 0.07874015748035433082 ) ) ;
#230 = ORIENTED_EDGE ( 'NONE', *, *, #380, .T. ) ;
#231 = DIRECTION ( 'NONE',  ( -1.000000000000000000, 0.0000000000000000000, 0.0000000000000000000 ) ) ;
#232 = EDGE_CURVE ( 'NONE', #925, #5445, #5770, .T. ) ;
#233 = EDGE_CURVE ( 'NONE', #6426, #1055, #6198, .T. ) ;
#234 = CARTESIAN_POINT ( 'NONE',  ( -0.2178165119411023531, 0.0000000000000000000, 0.1850393700787795470 ) ) ;
#235 = ORIENTED_EDGE ( 'NONE', *, *, #1358, .F. ) ;
#236 = CARTESIAN_POINT ( 'NONE',  ( -0.2216535433070866146, 0.0000000000000000000, 0.1842708295941338503 ) ) ;
#237 = VERTEX_POINT ( 'NONE', #4446 ) ;
#238 = EDGE_CURVE ( 'NONE', #1300, #2119, #6559, .T. ) ;
#239 = LINE ( 'NONE', #4459, #5352 ) ;
#240 = FACE_OUTER_BOUND ( 'NONE', #4966, .T. ) ;
#241 =( BOUNDED_CURVE ( )  B_SPLINE_CURVE ( 3, ( #5796, #407, #1059, #2572 ),
 .UNSPECIFIED., .F., .T. ) 
 B_SPLINE_CURVE_WITH_KNOTS ( ( 4, 4 ),
 ( 0.0000000000000000000, 1.000000000000000000 ),
 .UNSPECIFIED. ) 
 CURVE ( )  GEOMETRIC_REPRESENTATION_ITEM ( )  RATIONAL_B_SPLINE_CURVE ( ( 1.151226556405078316, 0.9495911093925417656, 0.9495911478649051718, 1.151226671822126679 ) ) 
 REPRESENTATION_ITEM ( '' )  );
#242 = CARTESIAN_POINT ( 'NONE',  ( -0.2456547771478936049, 0.1518544382523226710, -0.07874016177845055697 ) ) ;
#243 = ORIENTED_EDGE ( 'NONE', *, *, #6278, .F. ) ;
#244 = PLANE ( 'NONE',  #3377 ) ;
#245 = CARTESIAN_POINT ( 'NONE',  ( 0.2457270702137045459, -0.1522299200704083921, -0.07874015748031495954 ) ) ;
#246 = CARTESIAN_POINT ( 'NONE',  ( -0.2535824952416119160, 0.1512202905785828555, -0.07155240743413666948 ) ) ;
#247 = VERTEX_POINT ( 'NONE', #6081 ) ;
#248 = DIRECTION ( 'NONE',  ( -1.000000000000000000, 0.0000000000000000000, 0.0000000000000000000 ) ) ;
#249 = EDGE_LOOP ( 'NONE', ( #5799, #1814, #6172, #4380 ) ) ;
#250 = CARTESIAN_POINT ( 'NONE',  ( -0.2598425196895105538, 0.1600570807038679266, 1.091271023030936424E-10 ) ) ;
#251 = CARTESIAN_POINT ( 'NONE',  ( 0.07539880309110236212, -0.1344617600539763647, -0.05511811020696851665 ) ) ;
#252 = CARTESIAN_POINT ( 'NONE',  ( 0.2165354330708661457, 0.07988696002944881136, 0.1023622047244094752 ) ) ;
#253 = EDGE_LOOP ( 'NONE', ( #2312, #6206, #6694, #366, #675, #5389 ) ) ;
#254 = CARTESIAN_POINT ( 'NONE',  ( 0.2453227148722380846, -0.1523769255836186776, -0.07873997958916907625 ) ) ;
#255 = EDGE_CURVE ( 'NONE', #5325, #2208, #2459, .T. ) ;
#256 = DIRECTION ( 'NONE',  ( 0.0000000000000000000, -0.0000000000000000000, 1.000000000000000000 ) ) ;
#257 = LINE ( 'NONE', #5659, #6449 ) ;
#258 = DIRECTION ( 'NONE',  ( 0.0000000000000000000, 0.0000000000000000000, 1.000000000000000000 ) ) ;
#259 = B_SPLINE_SURFACE_WITH_KNOTS ( 'NONE', 3, 1, ( 
 ( #4482, #2401 ),
 ( #4518, #6600 ),
 ( #1869, #1903 ),
 ( #6111, #1369 ),
 ( #4708, #2026 ),
 ( #2555, #6241 ),
 ( #2624, #2655 ),
 ( #4259, #1082 ) ),
 .UNSPECIFIED., .F., .F., .F.,
 ( 4, 1, 1, 1, 1, 4 ),
 ( 2, 2 ),
 ( 0.04566022753895018077, 0.05177569174588000228, 0.3505918972400999811, 0.6494081027357999636, 0.9482243082300999548, 0.9536073930664527021 ),
 ( 0.0000000000000000000, 1.000000000000000000 ),
 .UNSPECIFIED. ) ;
#260 = CARTESIAN_POINT ( 'NONE',  ( -0.2125984251968504046, 0.07086614173228347746, 0.05905511811023622659 ) ) ;
#261 = ORIENTED_EDGE ( 'NONE', *, *, #2918, .T. ) ;
#262 = CARTESIAN_POINT ( 'NONE',  ( -0.2562285643966141779, -0.1636548353905117881, 0.02165432764202362276 ) ) ;
#263 = EDGE_CURVE ( 'NONE', #2498, #6200, #1746, .T. ) ;
#264 = ORIENTED_EDGE ( 'NONE', *, *, #5533, .F. ) ;
#265 = CARTESIAN_POINT ( 'NONE',  ( -0.1618110236220473008, -0.2078598790717716693, -0.06889763779527559306 ) ) ;
#266 = DIRECTION ( 'NONE',  ( 0.02742235495799873538, 0.03488637227499839094, 0.9990149926192538610 ) ) ;
#267 = ORIENTED_EDGE ( 'NONE', *, *, #4831, .T. ) ;
#268 = CARTESIAN_POINT ( 'NONE',  ( 0.2535450146699994023, 0.1510904845023485765, -0.07197581225725228904 ) ) ;
#269 = EDGE_CURVE ( 'NONE', #23, #3875, #6210, .T. ) ;
#270 = VECTOR ( 'NONE', #6063, 39.37007874015748143 ) ;
#271 = AXIS2_PLACEMENT_3D ( 'NONE', #3913, #5437, #6023 ) ;
#272 = ORIENTED_EDGE ( 'NONE', *, *, #1064, .F. ) ;
#273 = AXIS2_PLACEMENT_3D ( 'NONE', #5303, #5746, #2106 ) ;
#274 = CIRCLE ( 'NONE', #3587, 0.01574803149606299538 ) ;
#275 = FACE_OUTER_BOUND ( 'NONE', #1327, .T. ) ;
#276 = ORIENTED_EDGE ( 'NONE', *, *, #6287, .F. ) ;
#277 = DIRECTION ( 'NONE',  ( 0.0000000000000000000, 0.0000000000000000000, 1.000000000000000000 ) ) ;
#278 = CARTESIAN_POINT ( 'NONE',  ( -0.06181102362204724671, -0.1883973487342519848, -0.07365883395685039747 ) ) ;
#279 = CARTESIAN_POINT ( 'NONE',  ( -0.2580132292078047840, 0.1618202833355854020, 0.02169999308961726575 ) ) ;
#280 = EDGE_CURVE ( 'NONE', #5852, #3105, #3387, .T. ) ;
#281 = VERTEX_POINT ( 'NONE', #6661 ) ;
#282 = CIRCLE ( 'NONE', #6252, 0.1387405633749212719 ) ;
#283 = AXIS2_PLACEMENT_3D ( 'NONE', #6363, #1632, #6817 ) ;
#284 = CARTESIAN_POINT ( 'NONE',  ( -0.2453332606614173905, 0.03713992889807873898, 0.1889763779527559029 ) ) ;
#285 = ORIENTED_EDGE ( 'NONE', *, *, #802, .T. ) ;
#286 = CARTESIAN_POINT ( 'NONE',  ( 0.2455502723671904031, 0.1519627642915971633, -0.07873998074171600914 ) ) ;
#287 = VECTOR ( 'NONE', #3958, 39.37007874015748143 ) ;
#288 = CYLINDRICAL_SURFACE ( 'NONE', #1497, 0.01574803149606299885 ) ;
#289 = AXIS2_PLACEMENT_3D ( 'NONE', #3151, #1643, #983 ) ;
#290 = DIRECTION ( 'NONE',  ( 0.0000000000000000000, 0.0000000000000000000, 1.000000000000000000 ) ) ;
#291 = ORIENTED_EDGE ( 'NONE', *, *, #4951, .F. ) ;
#292 = CARTESIAN_POINT ( 'NONE',  ( -0.2437399755408267699, 0.1532187574093306914, -0.07874015748031495954 ) ) ;
#293 = VERTEX_POINT ( 'NONE', #359 ) ;
#294 = CARTESIAN_POINT ( 'NONE',  ( 0.1878556341471329660, -0.1102362204724409434, 0.07874015748035433082 ) ) ;
#295 = VECTOR ( 'NONE', #4173, 39.37007874015748143 ) ;
#296 = DIRECTION ( 'NONE',  ( 0.0000000000000000000, 1.000000000000000000, 1.927277781811000086E-12 ) ) ;
#297 = CARTESIAN_POINT ( 'NONE',  ( -0.2551533614697794050, -0.1528274301825991166, 0.1333852347112741421 ) ) ;
#298 = DIRECTION ( 'NONE',  ( 0.0000000000000000000, 1.000000000000000000, 0.0000000000000000000 ) ) ;
#299 = ORIENTED_EDGE ( 'NONE', *, *, #3303, .F. ) ;
#300 = AXIS2_PLACEMENT_3D ( 'NONE', #234, #197, #6567 ) ;
#301 = CARTESIAN_POINT ( 'NONE',  ( -0.2516091952690249767, -0.1571988440167633172, -0.07155240743470069054 ) ) ;
#302 = ORIENTED_EDGE ( 'NONE', *, *, #280, .F. ) ;
#303 = VECTOR ( 'NONE', #907, 39.37007874015748143 ) ;
#304 = EDGE_CURVE ( 'NONE', #4006, #1897, #1934, .T. ) ;
#305 = CARTESIAN_POINT ( 'NONE',  ( -0.1381889763779527436, -0.1751968503937007815, 0.01574803149606299191 ) ) ;
#306 = LINE ( 'NONE', #4012, #3734 ) ;
#307 = ORIENTED_EDGE ( 'NONE', *, *, #1449, .T. ) ;
#308 = CARTESIAN_POINT ( 'NONE',  ( -0.06181102362204724671, -0.1240157480314960647, 0.08267716535433072833 ) ) ;
#309 = CIRCLE ( 'NONE', #5395, 0.009842519685039378616 ) ;
#310 = ORIENTED_EDGE ( 'NONE', *, *, #5130, .T. ) ;
#311 = EDGE_CURVE ( 'NONE', #3572, #5124, #5580, .T. ) ;
#312 = AXIS2_PLACEMENT_3D ( 'NONE', #4605, #3074, #4066 ) ;
#313 = CARTESIAN_POINT ( 'NONE',  ( -0.1886826620178807534, 0.1145784834233249810, 0.07874015748035433082 ) ) ;
#314 = CARTESIAN_POINT ( 'NONE',  ( -0.2445270883332322787, 0.1531257023481632507, -0.07874019887615334168 ) ) ;
#315 = ORIENTED_EDGE ( 'NONE', *, *, #985, .T. ) ;
#316 = CARTESIAN_POINT ( 'NONE',  ( -0.1893700787401530750, 0.1069747087737046992, 0.05905511811023622659 ) ) ;
#317 = CARTESIAN_POINT ( 'NONE',  ( -0.2405652128392520850, 0.1566201786032677123, 0.1974041720481890250 ) ) ;
#318 = CARTESIAN_POINT ( 'NONE',  ( 0.05000000000000000278, 0.0000000000000000000, 0.05314960629921260116 ) ) ;
#319 = VERTEX_POINT ( 'NONE', #3574 ) ;
#320 = CIRCLE ( 'NONE', #2510, 0.02559055118110235491 ) ;
#321 = EDGE_CURVE ( 'NONE', #934, #5847, #4037, .T. ) ;
#322 = DIRECTION ( 'NONE',  ( 0.0000000000000000000, 1.000000000000000000, 0.0000000000000000000 ) ) ;
#323 = VERTEX_POINT ( 'NONE', #5018 ) ;
#324 = CARTESIAN_POINT ( 'NONE',  ( 0.2445137069665838103, 0.1530180919788796112, -0.07873998074171600914 ) ) ;
#325 = DIRECTION ( 'NONE',  ( 0.0000000000000000000, 0.03489949670266965370, 0.9993908270190897669 ) ) ;
#326 = DIRECTION ( 'NONE',  ( 0.0000000000000000000, 1.000000000000000000, -3.745122575830999832E-13 ) ) ;
#327 = ORIENTED_EDGE ( 'NONE', *, *, #3118, .F. ) ;
#328 = DIRECTION ( 'NONE',  ( 1.000000000000000000, 0.0000000000000000000, 0.0000000000000000000 ) ) ;
#329 = VERTEX_POINT ( 'NONE', #3545 ) ;
#330 = B_SPLINE_CURVE_WITH_KNOTS ( 'NONE', 3,
 ( #4597, #6716, #6499, #5294 ),
 .UNSPECIFIED., .F., .F.,
 ( 4, 4 ),
 ( 0.0000000000000000000, 1.000000000000000000 ),
 .UNSPECIFIED. ) ;
#331 = DIRECTION ( 'NONE',  ( 1.000000000000000000, 0.0000000000000000000, 0.0000000000000000000 ) ) ;
#332 = DIRECTION ( 'NONE',  ( 0.0000000000000000000, 0.0000000000000000000, 1.000000000000000000 ) ) ;
#333 = DIRECTION ( 'NONE',  ( 0.0000000000000000000, -1.000000000000000000, 0.0000000000000000000 ) ) ;
#334 = ORIENTED_EDGE ( 'NONE', *, *, #2032, .F. ) ;
#335 = CARTESIAN_POINT ( 'NONE',  ( -0.2472959385312400449, -0.1600257747700521982, -0.07586133578242240660 ) ) ;
#336 = CARTESIAN_POINT ( 'NONE',  ( 0.1618110236220473008, 0.1751968503937007815, -0.009842519685039369942 ) ) ;
#337 = CARTESIAN_POINT ( 'NONE',  ( -0.2590759282123228369, 0.1567271557370078783, 0.02165407836819291387 ) ) ;
#338 = CYLINDRICAL_SURFACE ( 'NONE', #2359, 0.02559055118110236185 ) ;
#339 = ORIENTED_EDGE ( 'NONE', *, *, #80, .T. ) ;
#340 = CARTESIAN_POINT ( 'NONE',  ( -0.1618110236220473008, 0.1850258812475984449, -0.009327402005535433485 ) ) ;
#341 = ADVANCED_FACE ( 'NONE', ( #2495 ), #1969, .F. ) ;
#342 = CARTESIAN_POINT ( 'NONE',  ( 0.07539880309110236212, -0.1344617600539763647, -0.05511811020696851665 ) ) ;
#343 = CARTESIAN_POINT ( 'NONE',  ( -0.1650293549037401553, -0.09809986774732283588, -0.05511811272287401448 ) ) ;
#344 = ORIENTED_EDGE ( 'NONE', *, *, #1900, .F. ) ;
#345 = CARTESIAN_POINT ( 'NONE',  ( 0.2437399757584252091, -0.1610628102356692903, -0.07155240744192913060 ) ) ;
#346 = CARTESIAN_POINT ( 'NONE',  ( -0.2165354330708661457, -0.06184532343511810887, 0.1023622047244094752 ) ) ;
#347 = VERTEX_POINT ( 'NONE', #4077 ) ;
#348 = EDGE_CURVE ( 'NONE', #21, #5532, #5121, .T. ) ;
#349 = CARTESIAN_POINT ( 'NONE',  ( 0.1886826620178807534, -0.1145784834233249810, 0.07874015748035433082 ) ) ;
#350 = CARTESIAN_POINT ( 'NONE',  ( 0.2437666131944860315, 0.1531660001799673154, -0.07873998074171600914 ) ) ;
#351 = EDGE_CURVE ( 'NONE', #1799, #4892, #257, .T. ) ;
#352 = EDGE_LOOP ( 'NONE', ( #6322, #2064, #3855, #2329, #4383 ) ) ;
#353 = DIRECTION ( 'NONE',  ( -1.000000000000000000, 2.738550127409000006E-13, -2.552772807954999826E-12 ) ) ;
#354 = CARTESIAN_POINT ( 'NONE',  ( 0.1618110236220473008, 0.2007523306137795338, -0.008503213718137796542 ) ) ;
#355 = ORIENTED_EDGE ( 'NONE', *, *, #6427, .F. ) ;
#356 = CARTESIAN_POINT ( 'NONE',  ( -0.1381889763779527436, 0.2078598790717716693, -0.06889763779527559306 ) ) ;
#357 = ORIENTED_EDGE ( 'NONE', *, *, #6844, .T. ) ;
#358 = EDGE_CURVE ( 'NONE', #6750, #4750, #3017, .T. ) ;
#359 = CARTESIAN_POINT ( 'NONE',  ( -0.1618110236220473008, 0.1667729012678346445, 0.01574803149606299191 ) ) ;
#360 = PLANE ( 'NONE',  #6623 ) ;
#361 = DIRECTION ( 'NONE',  ( 0.08682659081401723766, 0.08682659266019723820, 0.9924325095111684591 ) ) ;
#362 = ORIENTED_EDGE ( 'NONE', *, *, #589, .T. ) ;
#363 = CARTESIAN_POINT ( 'NONE',  ( -0.2475334046707415026, -0.1562434202979540443, -0.07876896696629009931 ) ) ;
#364 = EDGE_CURVE ( 'NONE', #2698, #4750, #3444, .T. ) ;
#365 = CARTESIAN_POINT ( 'NONE',  ( -0.1499999999999999944, -0.1712598425196850405, 0.0000000000000000000 ) ) ;
#366 = ORIENTED_EDGE ( 'NONE', *, *, #6216, .F. ) ;
#367 = CARTESIAN_POINT ( 'NONE',  ( 0.2165354330708661457, -0.009020818297157480806, 0.1023622047244094752 ) ) ;
#368 = CC_DESIGN_DATE_AND_TIME_ASSIGNMENT ( #2840, #769, ( #6203 ) ) ;
#369 = EDGE_CURVE ( 'NONE', #5067, #5986, #6146, .T. ) ;
#370 = CARTESIAN_POINT ( 'NONE',  ( -0.06181102362204724671, -0.2039282667301968444, -0.06910368486700788071 ) ) ;
#371 = EDGE_LOOP ( 'NONE', ( #3537, #5579, #6041, #6820 ) ) ;
#372 = LINE ( 'NONE', #992, #1392 ) ;
#373 = AXIS2_PLACEMENT_3D ( 'NONE', #2255, #194, #751 ) ;
#374 = CARTESIAN_POINT ( 'NONE',  ( 0.2165354330708661457, 0.1102362204724409434, 0.07874015748035433082 ) ) ;
#375 = CARTESIAN_POINT ( 'NONE',  ( -0.2529099397818654893, 0.1548863466556737734, -0.07155240743413665561 ) ) ;
#376 = ORIENTED_EDGE ( 'NONE', *, *, #1842, .F. ) ;
#377 = VECTOR ( 'NONE', #5561, 39.37007874015748854 ) ;
#378 = VECTOR ( 'NONE', #1928, 39.37007874015748143 ) ;
#379 = DIRECTION ( 'NONE',  ( 0.0000000000000000000, -1.000000000000000000, 3.745122575830999832E-13 ) ) ;
#380 = EDGE_CURVE ( 'NONE', #319, #2703, #5151, .T. ) ;
#381 = DIRECTION ( 'NONE',  ( 0.02742273248100933827, -0.03488637191501915008, 0.9990149822689757819 ) ) ;
#382 = CARTESIAN_POINT ( 'NONE',  ( -0.2224409448818897850, 0.07086614173228347746, 0.05905511811023622659 ) ) ;
#383 = DIRECTION ( 'NONE',  ( 1.000000000000000000, 0.0000000000000000000, 0.0000000000000000000 ) ) ;
#384 = VERTEX_POINT ( 'NONE', #4616 ) ;
#385 = AXIS2_PLACEMENT_3D ( 'NONE', #3350, #5333, #5957 ) ;
#386 = DIRECTION ( 'NONE',  ( 0.0000000000000000000, -1.000000000000000000, 0.0000000000000000000 ) ) ;
#387 = AXIS2_PLACEMENT_3D ( 'NONE', #1455, #4210, #2639 ) ;
#388 = EDGE_LOOP ( 'NONE', ( #2940, #118, #2950, #849, #1544, #207 ) ) ;
#389 = AXIS2_PLACEMENT_3D ( 'NONE', #4562, #3500, #6026 ) ;
#390 = ADVANCED_FACE ( 'NONE', ( #1999 ), #259, .F. ) ;
#391 = CARTESIAN_POINT ( 'NONE',  ( 0.2373765702455511994, 0.1448881844187795143, 0.07874015748031495954 ) ) ;
#392 = CARTESIAN_POINT ( 'NONE',  ( 0.2125984251968504046, 0.07086614173228347746, 0.1023622047244094752 ) ) ;
#393 = CARTESIAN_POINT ( 'NONE',  ( 0.1618110236220473008, 0.2041237981004330737, -0.08858267716535435377 ) ) ;
#394 = ORIENTED_EDGE ( 'NONE', *, *, #3654, .F. ) ;
#395 = CARTESIAN_POINT ( 'NONE',  ( -0.2441344592076756526, -0.1574800586992716744, -0.07876896696629009931 ) ) ;
#396 = ORIENTED_EDGE ( 'NONE', *, *, #5097, .T. ) ;
#397 = AXIS2_PLACEMENT_3D ( 'NONE', #2471, #6189, #1479 ) ;
#398 = EDGE_CURVE ( 'NONE', #5572, #1837, #155, .T. ) ;
#399 = CARTESIAN_POINT ( 'NONE',  ( 0.1381889763779527436, 0.1883973487342519848, -0.07365883395673229750 ) ) ;
#400 = CIRCLE ( 'NONE', #6706, 0.01574803149606298497 ) ;
#401 = FACE_BOUND ( 'NONE', #5675, .T. ) ;
#402 = VERTEX_POINT ( 'NONE', #3051 ) ;
#403 = VECTOR ( 'NONE', #5825, 39.37007874015748143 ) ;
#404 = LINE ( 'NONE', #4057, #4612 ) ;
#405 = AXIS2_PLACEMENT_3D ( 'NONE', #3638, #2548, #4665 ) ;
#406 = VERTEX_POINT ( 'NONE', #4780 ) ;
#407 = CARTESIAN_POINT ( 'NONE',  ( 0.2437399763128623442, 0.1575182045383267115, -0.07874015646504888000 ) ) ;
#408 = CARTESIAN_POINT ( 'NONE',  ( 0.2503180553741339298, -0.1578299227457086451, 0.1893647769055905317 ) ) ;
#409 = CARTESIAN_POINT ( 'NONE',  ( -0.2451524587018721335, 0.1605985419256757696, -0.07586135892087482457 ) ) ;
#410 = ORIENTED_EDGE ( 'NONE', *, *, #6463, .F. ) ;
#411 = AXIS2_PLACEMENT_3D ( 'NONE', #5310, #545, #2651 ) ;
#412 = DIRECTION ( 'NONE',  ( 0.0000000000000000000, 0.0000000000000000000, -1.000000000000000000 ) ) ;
#413 = EDGE_LOOP ( 'NONE', ( #2117, #4030, #1035, #4067, #203, #2362, #1462, #574 ) ) ;
#414 = PLANE ( 'NONE',  #187 ) ;
#415 = DIRECTION ( 'NONE',  ( 0.0000000000000000000, 0.0000000000000000000, -1.000000000000000000 ) ) ;
#416 = DIRECTION ( 'NONE',  ( 1.000000000000000000, 0.0000000000000000000, 0.0000000000000000000 ) ) ;
#417 = EDGE_LOOP ( 'NONE', ( #4631, #1329, #633, #3415 ) ) ;
#418 = AXIS2_PLACEMENT_3D ( 'NONE', #1567, #1540, #2593 ) ;
#419 = CARTESIAN_POINT ( 'NONE',  ( -0.06181102362204724671, -0.1955911750433464713, -0.03641732283464567399 ) ) ;
#420 =( BOUNDED_CURVE ( )  B_SPLINE_CURVE ( 3, ( #840, #1359, #6033, #1923 ),
 .UNSPECIFIED., .F., .T. ) 
 B_SPLINE_CURVE_WITH_KNOTS ( ( 4, 4 ),
 ( 0.0000000000000000000, 1.000000000000000000 ),
 .UNSPECIFIED. ) 
 CURVE ( )  GEOMETRIC_REPRESENTATION_ITEM ( )  RATIONAL_B_SPLINE_CURVE ( ( 1.151226528444333930, 0.9495911086766831710, 0.9495911571850168542, 1.151226673969538261 ) ) 
 REPRESENTATION_ITEM ( '' )  );
#421 = ORIENTED_EDGE ( 'NONE', *, *, #4378, .F. ) ;
#422 = ADVANCED_FACE ( 'NONE', ( #5190 ), #6369, .F. ) ;
#423 = DIRECTION ( 'NONE',  ( 0.0000000000000000000, 0.0000000000000000000, -1.000000000000000000 ) ) ;
#424 = CARTESIAN_POINT ( 'NONE',  ( -0.2493407041302362626, 0.1568523183034645496, 0.01781327407262204773 ) ) ;
#425 = CARTESIAN_POINT ( 'NONE',  ( -0.1618110236220473008, -0.1751968503937007815, 0.0000000000000000000 ) ) ;
#426 = ORIENTED_EDGE ( 'NONE', *, *, #5291, .T. ) ;
#427 = CARTESIAN_POINT ( 'NONE',  ( -0.2500063197474357568, -0.1512202903765834938, -0.07876896696629009931 ) ) ;
#428 = ORIENTED_EDGE ( 'NONE', *, *, #2431, .F. ) ;
#429 = EDGE_CURVE ( 'NONE', #3790, #1719, #4914, .T. ) ;
#430 = CARTESIAN_POINT ( 'NONE',  ( 0.2165354330708661457, 0.1102362204724409434, 0.1653543307087008141 ) ) ;
#431 = EDGE_CURVE ( 'NONE', #1908, #4475, #32, .T. ) ;
#432 = ORIENTED_EDGE ( 'NONE', *, *, #677, .F. ) ;
#433 = EDGE_CURVE ( 'NONE', #2919, #1549, #2472, .T. ) ;
#434 = EDGE_LOOP ( 'NONE', ( #3987, #5433, #4557 ) ) ;
#435 = CARTESIAN_POINT ( 'NONE',  ( -0.2590878080941306227, -0.1584043988048547680, 0.02184411699713383753 ) ) ;
#436 = DIRECTION ( 'NONE',  ( 0.0000000000000000000, 0.0000000000000000000, 1.000000000000000000 ) ) ;
#437 = ORIENTED_EDGE ( 'NONE', *, *, #4145, .T. ) ;
#438 = EDGE_CURVE ( 'NONE', #988, #4865, #3147, .T. ) ;
#439 = CARTESIAN_POINT ( 'NONE',  ( 0.05000000000000000278, 0.0000000000000000000, -0.05511811023622047168 ) ) ;
#440 = ORIENTED_EDGE ( 'NONE', *, *, #5446, .F. ) ;
#441 = CARTESIAN_POINT ( 'NONE',  ( 0.1381889763779527436, 0.1850258812475984449, -0.009327402005555119127 ) ) ;
#442 = VERTEX_POINT ( 'NONE', #5279 ) ;
#443 = DIRECTION ( 'NONE',  ( -1.000000000000000000, 0.0000000000000000000, 0.0000000000000000000 ) ) ;
#444 = CARTESIAN_POINT ( 'NONE',  ( 0.07555936025043308302, 0.09631978145523623080, 0.08577972103484252098 ) ) ;
#445 = CARTESIAN_POINT ( 'NONE',  ( -0.2436408550166024867, 0.1610253863067419577, -0.07197849838579005455 ) ) ;
#446 = ORIENTED_EDGE ( 'NONE', *, *, #2217, .T. ) ;
#447 = CARTESIAN_POINT ( 'NONE',  ( -0.1499999999999999944, 0.1867116149909448797, -0.04149311798110236899 ) ) ;
#448 = CARTESIAN_POINT ( 'NONE',  ( -0.03824268091612205434, 0.1073946775408267801, 0.08267716535433072833 ) ) ;
#449 = CARTESIAN_POINT ( 'NONE',  ( 0.2125984251968504046, -0.07086614173228347746, 0.1023622047244094752 ) ) ;
#450 = CC_DESIGN_PERSON_AND_ORGANIZATION_ASSIGNMENT ( #5876, #3807, ( #6203 ) ) ;
#451 = EDGE_CURVE ( 'NONE', #6408, #4837, #1272, .T. ) ;
#452 = DIRECTION ( 'NONE',  ( 0.0000000000000000000, 1.000000000000000000, 0.0000000000000000000 ) ) ;
#453 = EDGE_LOOP ( 'NONE', ( #4658, #4441, #2963, #5415, #2670, #4573 ) ) ;
#454 = DIRECTION ( 'NONE',  ( 1.000000000000000000, 0.0000000000000000000, 0.0000000000000000000 ) ) ;
#455 = DIRECTION ( 'NONE',  ( 1.000000000000000000, 0.0000000000000000000, 0.0000000000000000000 ) ) ;
#456 = CARTESIAN_POINT ( 'NONE',  ( 0.2388791892380708881, -0.1600770387170079023, 0.1936895870215354365 ) ) ;
#457 = EDGE_CURVE ( 'NONE', #281, #5148, #3647, .T. ) ;
#458 = ORIENTED_EDGE ( 'NONE', *, *, #4321, .T. ) ;
#459 = DIRECTION ( 'NONE',  ( 0.0000000000000000000, -0.9986295347547528012, 0.05233595623952764370 ) ) ;
#460 = EDGE_CURVE ( 'NONE', #857, #536, #6116, .T. ) ;
#461 = ORIENTED_EDGE ( 'NONE', *, *, #3784, .T. ) ;
#462 = CARTESIAN_POINT ( 'NONE',  ( 0.02460427679576378257, 0.09506913167968504552, -0.05753054851102362699 ) ) ;
#463 = CARTESIAN_POINT ( 'NONE',  ( -0.2525583552478575800, 0.1547474123018759695, -0.07586135892087482457 ) ) ;
#464 = B_SPLINE_CURVE_WITH_KNOTS ( 'NONE', 3,
 ( #3739, #1104, #2169, #4316 ),
 .UNSPECIFIED., .F., .F.,
 ( 4, 4 ),
 ( 0.0000000000000000000, 1.000000000000000000 ),
 .UNSPECIFIED. ) ;
#465 = EDGE_LOOP ( 'NONE', ( #4281, #693, #5008, #4228 ) ) ;
#466 = DIRECTION ( 'NONE',  ( 0.0000000000000000000, 1.000000000000000000, 0.0000000000000000000 ) ) ;
#467 = VECTOR ( 'NONE', #3798, 39.37007874015748143 ) ;
#468 = EDGE_CURVE ( 'NONE', #4220, #5550, #6341, .T. ) ;
#469 = DIRECTION ( 'NONE',  ( -0.0000000000000000000, 1.000000000000000000, 0.0000000000000000000 ) ) ;
#470 = ORIENTED_EDGE ( 'NONE', *, *, #6745, .F. ) ;
#471 = FACE_OUTER_BOUND ( 'NONE', #4427, .T. ) ;
#472 = DIRECTION ( 'NONE',  ( -1.000000000000000000, 0.0000000000000000000, 0.0000000000000000000 ) ) ;
#473 = ORIENTED_EDGE ( 'NONE', *, *, #1077, .T. ) ;
#474 = CARTESIAN_POINT ( 'NONE',  ( -0.2500072539817834172, 0.1673917852719228883, 0.0007897747665158784706 ) ) ;
#475 = ORIENTED_EDGE ( 'NONE', *, *, #3001, .F. ) ;
#476 = VECTOR ( 'NONE', #296, 39.37007874015748143 ) ;
#477 = AXIS2_PLACEMENT_3D ( 'NONE', #4710, #6826, #4195 ) ;
#478 = LINE ( 'NONE', #2623, #4707 ) ;
#479 = AXIS2_PLACEMENT_3D ( 'NONE', #6816, #1463, #6231 ) ;
#480 = CARTESIAN_POINT ( 'NONE',  ( 0.1441744997988976540, 0.1018828126487401620, 0.05320114095767716766 ) ) ;
#481 = CARTESIAN_POINT ( 'NONE',  ( 0.1381889763779527436, -0.2041237981004330737, -0.08858267716535435377 ) ) ;
#482 = AXIS2_PLACEMENT_3D ( 'NONE', #2048, #5236, #3701 ) ;
#483 = DIRECTION ( 'NONE',  ( -1.000000000000000000, 0.0000000000000000000, 0.0000000000000000000 ) ) ;
#484 = EDGE_LOOP ( 'NONE', ( #1344, #1804, #2633, #1129 ) ) ;
#485 = DIRECTION ( 'NONE',  ( 1.000000000000000000, 0.0000000000000000000, 0.0000000000000000000 ) ) ;
#486 = ORIENTED_EDGE ( 'NONE', *, *, #1108, .T. ) ;
#487 = CIRCLE ( 'NONE', #3036, 0.009842519685039378616 ) ;
#488 = VECTOR ( 'NONE', #6456, 39.37007874015748143 ) ;
#489 = EDGE_CURVE ( 'NONE', #4006, #2897, #3108, .T. ) ;
#490 = CARTESIAN_POINT ( 'NONE',  ( 0.1381889763779527436, 0.2078598790717716693, -0.07283464566929134798 ) ) ;
#491 = DIRECTION ( 'NONE',  ( 1.000000000000000000, 0.0000000000000000000, 0.0000000000000000000 ) ) ;
#492 = EDGE_LOOP ( 'NONE', ( #4670, #6004, #4328, #1070 ) ) ;
#493 = DIRECTION ( 'NONE',  ( -1.000000000000000000, 0.0000000000000000000, 0.0000000000000000000 ) ) ;
#494 = VECTOR ( 'NONE', #6087, 39.37007874015748143 ) ;
#495 = EDGE_CURVE ( 'NONE', #61, #976, #3285, .T. ) ;
#496 = CIRCLE ( 'NONE', #2267, 0.1389634389956299343 ) ;
#497 = DIRECTION ( 'NONE',  ( 0.0000000000000000000, 0.0000000000000000000, 1.000000000000000000 ) ) ;
#498 = CARTESIAN_POINT ( 'NONE',  ( -0.1689347589262431282, 0.1020056250726345676, 0.05671802863369018732 ) ) ;
#499 = CARTESIAN_POINT ( 'NONE',  ( -0.2461070530919708954, 0.1570464915990525123, -0.07876899266994299986 ) ) ;
#500 = VECTOR ( 'NONE', #1118, 39.37007874015748143 ) ;
#501 = ORIENTED_EDGE ( 'NONE', *, *, #1500, .F. ) ;
#502 = EDGE_CURVE ( 'NONE', #4107, #3504, #5239, .T. ) ;
#503 = CIRCLE ( 'NONE', #6714, 0.009842519685039378616 ) ;
#504 = CARTESIAN_POINT ( 'NONE',  ( 0.1381889763779527436, 0.1751968503937007815, 0.0000000000000000000 ) ) ;
#505 = VERTEX_POINT ( 'NONE', #4166 ) ;
#506 = DIRECTION ( 'NONE',  ( -0.03493494815251867863, 0.03487747882552868356, -0.9987808122247622267 ) ) ;
#507 = ORIENTED_EDGE ( 'NONE', *, *, #233, .F. ) ;
#508 = CARTESIAN_POINT ( 'NONE',  ( 0.2165354330708661457, 0.07988696002944881136, 0.07874015748035433082 ) ) ;
#509 = CARTESIAN_POINT ( 'NONE',  ( -0.04145763095110236579, -0.1030681314272047372, -0.05511811023622047168 ) ) ;
#510 = CARTESIAN_POINT ( 'NONE',  ( 0.2503183082520866187, 0.1578296698703149648, 0.1893647769056692742 ) ) ;
#511 = ORIENTED_EDGE ( 'NONE', *, *, #5227, .T. ) ;
#512 = VECTOR ( 'NONE', #6071, 39.37007874015748143 ) ;
#513 = EDGE_CURVE ( 'NONE', #1499, #30, #3586, .T. ) ;
#514 = EDGE_CURVE ( 'NONE', #1068, #6233, #5899, .T. ) ;
#515 = CARTESIAN_POINT ( 'NONE',  ( 0.02460119690829527805, 0.1344617600540944924, -0.05511811020732283045 ) ) ;
#516 = VECTOR ( 'NONE', #6699, 39.37007874015748143 ) ;
#517 = CARTESIAN_POINT ( 'NONE',  ( -0.04180519728557437198, 0.1044678088295107610, 0.08267716535433072833 ) ) ;
#518 = PLANE ( 'NONE',  #6385 ) ;
#519 = CARTESIAN_POINT ( 'NONE',  ( -0.1499999999999999944, -0.2161346639453543550, -0.07283464566929134798 ) ) ;
#520 = VERTEX_POINT ( 'NONE', #1111 ) ;
#521 = EDGE_LOOP ( 'NONE', ( #528, #3983, #3192 ) ) ;
#522 = FACE_OUTER_BOUND ( 'NONE', #964, .T. ) ;
#523 = EDGE_CURVE ( 'NONE', #442, #3978, #2762, .T. ) ;
#524 = DIRECTION ( 'NONE',  ( 0.0000000000000000000, 0.0000000000000000000, 1.000000000000000000 ) ) ;
#525 = CARTESIAN_POINT ( 'NONE',  ( 0.2440025840302755822, -0.1523858428590550984, 0.1967999471561811542 ) ) ;
#526 = ORIENTED_EDGE ( 'NONE', *, *, #6191, .F. ) ;
#527 = CARTESIAN_POINT ( 'NONE',  ( 0.2567125074369684956, 0.0000000000000000000, -0.03577620370380709541 ) ) ;
#528 = ORIENTED_EDGE ( 'NONE', *, *, #575, .F. ) ;
#529 = CARTESIAN_POINT ( 'NONE',  ( -0.1857884542154760732, -0.1056640125574469097, 0.08267716535433072833 ) ) ;
#530 = CARTESIAN_POINT ( 'NONE',  ( 0.2125984251968504046, 0.07086614173228347746, 0.05818897637795275579 ) ) ;
#531 = ORIENTED_EDGE ( 'NONE', *, *, #4765, .F. ) ;
#532 = CARTESIAN_POINT ( 'NONE',  ( -0.2453332576252362507, -0.03937007874015747977, 0.1968503937008267979 ) ) ;
#533 = EDGE_CURVE ( 'NONE', #4184, #6829, #5999, .T. ) ;
#534 = CARTESIAN_POINT ( 'NONE',  ( -0.06181102362204724671, -0.1141732283464566844, 0.09055118110236221041 ) ) ;
#535 = CARTESIAN_POINT ( 'NONE',  ( -0.2484057998527415545, 0.1594996506842495387, -0.07586135892087482457 ) ) ;
#536 = VERTEX_POINT ( 'NONE', #4930 ) ;
#537 = ORIENTED_EDGE ( 'NONE', *, *, #2787, .T. ) ;
#538 = DIRECTION ( 'NONE',  ( 1.000000000000000000, 0.0000000000000000000, 0.0000000000000000000 ) ) ;
#539 = ORIENTED_EDGE ( 'NONE', *, *, #1232, .F. ) ;
#540 = CARTESIAN_POINT ( 'NONE',  ( 0.05000000000000000278, 0.0000000000000000000, 0.08267716535433072833 ) ) ;
#541 = EDGE_CURVE ( 'NONE', #3903, #4950, #2177, .T. ) ;
#542 = CARTESIAN_POINT ( 'NONE',  ( -0.2598425196895029488, -0.1600570807038593779, 1.087245167647643130E-10 ) ) ;
#543 = FACE_OUTER_BOUND ( 'NONE', #1675, .T. ) ;
#544 = EDGE_LOOP ( 'NONE', ( #5564, #3736, #1606, #1270 ) ) ;
#545 = DIRECTION ( 'NONE',  ( 0.0000000000000000000, 0.0000000000000000000, 1.000000000000000000 ) ) ;
#546 = ORIENTED_EDGE ( 'NONE', *, *, #5647, .F. ) ;
#547 = CARTESIAN_POINT ( 'NONE',  ( 0.2438781487694481886, 0.1610628099454992079, -0.07155240746229889204 ) ) ;
#548 = DIRECTION ( 'NONE',  ( -0.3999999999999876432, -0.9165151389911733171, 0.0000000000000000000 ) ) ;
#549 = DIRECTION ( 'NONE',  ( 0.0000000000000000000, -1.000000000000000000, 0.0000000000000000000 ) ) ;
#550 = EDGE_CURVE ( 'NONE', #3228, #2374, #5448, .T. ) ;
#551 = DIRECTION ( 'NONE',  ( 1.000000000000000000, 0.0000000000000000000, 0.0000000000000000000 ) ) ;
#552 = ORIENTED_EDGE ( 'NONE', *, *, #2086, .F. ) ;
#553 = CARTESIAN_POINT ( 'NONE',  ( -0.1618110236220473008, 0.1883973487342519848, -0.07365883395673229750 ) ) ;
#554 = CARTESIAN_POINT ( 'NONE',  ( 0.2535824953443306939, -0.1512202898668897622, -0.07155240742165354384 ) ) ;
#555 = LINE ( 'NONE', #4754, #4170 ) ;
#556 = CARTESIAN_POINT ( 'NONE',  ( 0.1878556341471397939, 0.1102362204724409434, 0.07874015748035433082 ) ) ;
#557 = ADVANCED_FACE ( 'NONE', ( #4889 ), #3890, .T. ) ;
#558 = ORIENTED_EDGE ( 'NONE', *, *, #4270, .F. ) ;
#559 = DIRECTION ( 'NONE',  ( -1.000000000000000000, 0.0000000000000000000, 0.0000000000000000000 ) ) ;
#560 = ORIENTED_EDGE ( 'NONE', *, *, #3154, .F. ) ;
#561 = CARTESIAN_POINT ( 'NONE',  ( 0.1452290503412598521, -0.1019856322305118107, 0.05614550844830710347 ) ) ;
#562 = EDGE_LOOP ( 'NONE', ( #2893, #3964, #2947 ) ) ;
#563 = CARTESIAN_POINT ( 'NONE',  ( -0.2457265621984938697, -0.1522688246487339803, -0.07874015748031495954 ) ) ;
#564 = CARTESIAN_POINT ( 'NONE',  ( -0.2433659725223228654, 0.1607139977051181001, 0.1892511737780315229 ) ) ;
#565 = ORIENTED_EDGE ( 'NONE', *, *, #2375, .F. ) ;
#566 = CARTESIAN_POINT ( 'NONE',  ( 0.1618110236220473008, 0.2078598790717716693, -0.07283464566929134798 ) ) ;
#567 = EDGE_CURVE ( 'NONE', #6077, #1453, #580, .T. ) ;
#568 = LINE ( 'NONE', #1658, #2831 ) ;
#569 = DIRECTION ( 'NONE',  ( -1.000000000000000000, 0.0000000000000000000, 0.0000000000000000000 ) ) ;
#570 = ORIENTED_EDGE ( 'NONE', *, *, #2136, .F. ) ;
#571 = CARTESIAN_POINT ( 'NONE',  ( -0.06181102362204724671, -0.1667729012678346445, 0.01574803149606299191 ) ) ;
#572 = FACE_OUTER_BOUND ( 'NONE', #4512, .T. ) ;
#573 = CARTESIAN_POINT ( 'NONE',  ( -0.1618110236220473008, -0.2007523306137795338, -0.008503213718137796542 ) ) ;
#574 = ORIENTED_EDGE ( 'NONE', *, *, #5714, .T. ) ;
#575 = EDGE_CURVE ( 'NONE', #6103, #5847, #3212, .T. ) ;
#576 = B_SPLINE_CURVE_WITH_KNOTS ( 'NONE', 3,
 ( #198, #2368, #4993, #4491, #3268, #1314 ),
 .UNSPECIFIED., .F., .F.,
 ( 4, 2, 4 ),
 ( 0.0000000000000000000, 0.5000000000000000000, 1.000000000000000000 ),
 .UNSPECIFIED. ) ;
#577 = CARTESIAN_POINT ( 'NONE',  ( 0.2562323704503937649, 0.1636509890240551157, 0.02165432794375590775 ) ) ;
#578 = ORIENTED_EDGE ( 'NONE', *, *, #502, .F. ) ;
#579 = LINE ( 'NONE', #6516, #2065 ) ;
#580 = LINE ( 'NONE', #6517, #1846 ) ;
#581 = DIRECTION ( 'NONE',  ( 0.0000000000000000000, 0.9986295347545882661, -0.05233595624266938751 ) ) ;
#582 = CARTESIAN_POINT ( 'NONE',  ( 0.2525204975902511917, 0.1563168609458802372, -0.07181822508652609127 ) ) ;
#583 = VERTEX_POINT ( 'NONE', #1144 ) ;
#584 = VECTOR ( 'NONE', #5565, 39.37007874015748143 ) ;
#585 = CARTESIAN_POINT ( 'NONE',  ( -0.2500000000219685381, 0.1673228346456299420, -2.746048139535433026E-13 ) ) ;
#586 = AXIS2_PLACEMENT_3D ( 'NONE', #92, #3315, #1243 ) ;
#587 = ORIENTED_EDGE ( 'NONE', *, *, #6221, .F. ) ;
#588 = DIRECTION ( 'NONE',  ( 1.000000000000000000, 0.0000000000000000000, 0.0000000000000000000 ) ) ;
#589 = EDGE_CURVE ( 'NONE', #1515, #3179, #1714, .T. ) ;
#590 = VECTOR ( 'NONE', #5456, 39.37007874015748143 ) ;
#591 = CIRCLE ( 'NONE', #1490, 0.02559055118110236879 ) ;
#592 = LINE ( 'NONE', #4300, #5501 ) ;
#593 = CARTESIAN_POINT ( 'NONE',  ( 0.2428947174628740269, -0.1518453605651575167, 0.1967998163557087010 ) ) ;
#594 = VERTEX_POINT ( 'NONE', #179 ) ;
#595 = CARTESIAN_POINT ( 'NONE',  ( -0.04510544294576865343, -0.09983255258400786092, -0.05511811023622047861 ) ) ;
#596 = ORIENTED_EDGE ( 'NONE', *, *, #2660, .T. ) ;
#597 = CARTESIAN_POINT ( 'NONE',  ( -0.2456855701422439309, 0.1512202900967174191, -0.07873997997333848087 ) ) ;
#598 = VECTOR ( 'NONE', #5180, 39.37007874015748143 ) ;
#599 = AXIS2_PLACEMENT_3D ( 'NONE', #3641, #2522, #4218 ) ;
#600 = EDGE_CURVE ( 'NONE', #652, #2864, #6431, .T. ) ;
#601 = ORIENTED_EDGE ( 'NONE', *, *, #2967, .F. ) ;
#602 = CARTESIAN_POINT ( 'NONE',  ( -0.05000000000000000278, -0.1141732283464566844, 0.09055118110236221041 ) ) ;
#603 = CARTESIAN_POINT ( 'NONE',  ( -0.2433669731176772155, -0.1528446317955118317, 0.1889764210847244275 ) ) ;
#604 = VERTEX_POINT ( 'NONE', #3815 ) ;
#605 = CARTESIAN_POINT ( 'NONE',  ( 0.2027559055118110243, 0.07086614173228347746, 0.05905511811023622659 ) ) ;
#606 = CIRCLE ( 'NONE', #1172, 0.007874015748039355986 ) ;
#607 = ORIENTED_EDGE ( 'NONE', *, *, #4404, .T. ) ;
#608 = DIRECTION ( 'NONE',  ( 0.3999999999999874212, -0.9165151389911735391, 0.0000000000000000000 ) ) ;
#609 = CARTESIAN_POINT ( 'NONE',  ( 1.235232388815354681E-14, 0.1242082090377165660, 0.08267716535433072833 ) ) ;
#610 = VECTOR ( 'NONE', #2853, 39.37007874015748143 ) ;
#611 = ORIENTED_EDGE ( 'NONE', *, *, #128, .F. ) ;
#612 = FACE_OUTER_BOUND ( 'NONE', #1079, .T. ) ;
#613 = DIRECTION ( 'NONE',  ( -1.000000000000000000, 0.0000000000000000000, 0.0000000000000000000 ) ) ;
#614 = MECHANICAL_CONTEXT ( 'NONE', #2435, 'mechanical' ) ;
#615 = EDGE_CURVE ( 'NONE', #1897, #3287, #1753, .T. ) ;
#616 = ORIENTED_EDGE ( 'NONE', *, *, #2603, .F. ) ;
#617 = FACE_OUTER_BOUND ( 'NONE', #6765, .T. ) ;
#618 = AXIS2_PLACEMENT_3D ( 'NONE', #3146, #4672, #5752 ) ;
#619 = CARTESIAN_POINT ( 'NONE',  ( -0.06181102362204724671, -0.2041237981004330737, -0.08858267716535435377 ) ) ;
#620 = CARTESIAN_POINT ( 'NONE',  ( 0.2531988355731911722, 0.1517441948730989532, -0.07586130276224418989 ) ) ;
#621 = CARTESIAN_POINT ( 'NONE',  ( 0.1381889763779527436, 0.2007523306137795338, -0.008503213718098425258 ) ) ;
#622 = DIRECTION ( 'NONE',  ( 0.0000000000000000000, 0.05233595624266938057, 0.9986295347545881551 ) ) ;
#623 = DIRECTION ( 'NONE',  ( 4.185381100176000056E-14, 1.000000000000000000, 5.477126137240999673E-13 ) ) ;
#624 = ORIENTED_EDGE ( 'NONE', *, *, #6142, .T. ) ;
#625 = VECTOR ( 'NONE', #1596, 39.37007874015748143 ) ;
#626 = CARTESIAN_POINT ( 'NONE',  ( 0.2516748453328027102, -0.1571109077330229697, -0.07155240746254500073 ) ) ;
#627 = ADVANCED_FACE ( 'NONE', ( #2725 ), #5631, .F. ) ;
#628 = ORIENTED_EDGE ( 'NONE', *, *, #6513, .T. ) ;
#629 = CARTESIAN_POINT ( 'NONE',  ( 0.2527409853259393602, -0.1559276858789161169, -0.07182457347630231970 ) ) ;
#630 = AXIS2_PLACEMENT_3D ( 'NONE', #1803, #1833, #3938 ) ;
#631 = CARTESIAN_POINT ( 'NONE',  ( 0.2165354330708661457, -0.06184532343511810887, 0.1023622047244094752 ) ) ;
#632 = CARTESIAN_POINT ( 'NONE',  ( -0.06181102362204724671, -0.1673228346456692994, 0.0000000000000000000 ) ) ;
#633 = ORIENTED_EDGE ( 'NONE', *, *, #5028, .T. ) ;
#634 = CARTESIAN_POINT ( 'NONE',  ( 0.2562323704503937649, 0.1636509890240551157, 0.02165432794375590775 ) ) ;
#635 = ORIENTED_EDGE ( 'NONE', *, *, #826, .T. ) ;
#636 = CARTESIAN_POINT ( 'NONE',  ( 0.1381889763779527436, -0.1850258812475984449, -0.009327402005539369573 ) ) ;
#637 = EDGE_CURVE ( 'NONE', #4785, #3883, #101, .T. ) ;
#638 = ORIENTED_EDGE ( 'NONE', *, *, #5763, .F. ) ;
#639 = CARTESIAN_POINT ( 'NONE',  ( 0.1618110236220473008, -0.2078598790717716693, -0.06889763779527559306 ) ) ;
#640 = VECTOR ( 'NONE', #4003, 39.37007874015748854 ) ;
#641 = DIRECTION ( 'NONE',  ( 1.000000000000000000, 0.0000000000000000000, 0.0000000000000000000 ) ) ;
#642 = EDGE_CURVE ( 'NONE', #2374, #4080, #6656, .T. ) ;
#643 = ORIENTED_EDGE ( 'NONE', *, *, #5052, .T. ) ;
#644 = CARTESIAN_POINT ( 'NONE',  ( 0.01444217039686614308, -0.1331284307635039743, -0.05511811024283464616 ) ) ;
#645 = CARTESIAN_POINT ( 'NONE',  ( -0.2456856185637275036, -0.1512398176837228270, -0.07873998029003977106 ) ) ;
#646 = EDGE_CURVE ( 'NONE', #5325, #2119, #1297, .T. ) ;
#647 = EDGE_LOOP ( 'NONE', ( #1478, #4500, #3637, #3225 ) ) ;
#648 = LINE ( 'NONE', #1738, #4792 ) ;
#649 = VERTEX_POINT ( 'NONE', #3508 ) ;
#650 = PLANE ( 'NONE',  #271 ) ;
#651 = FACE_OUTER_BOUND ( 'NONE', #4711, .T. ) ;
#652 = VERTEX_POINT ( 'NONE', #4571 ) ;
#653 = LINE ( 'NONE', #5991, #2482 ) ;
#654 = DIRECTION ( 'NONE',  ( 1.000000000000000000, 2.456463370066000170E-13, 4.790103571629000301E-13 ) ) ;
#655 = EDGE_CURVE ( 'NONE', #1766, #5351, #5585, .T. ) ;
#656 = PERSON_AND_ORGANIZATION ( #6832, #4155 ) ;
#657 = ORIENTED_EDGE ( 'NONE', *, *, #1697, .F. ) ;
#658 = CARTESIAN_POINT ( 'NONE',  ( 0.1381889763779527436, -0.2244094488188976555, -0.07283464566929134798 ) ) ;
#659 = ORIENTED_EDGE ( 'NONE', *, *, #5601, .F. ) ;
#660 = CARTESIAN_POINT ( 'NONE',  ( 0.2531336453237730266, 0.1525269123095705226, -0.07586130276224420377 ) ) ;
#661 = CARTESIAN_POINT ( 'NONE',  ( -0.2165354330708661457, 0.009020818297157480806, 0.1023622047244094752 ) ) ;
#662 = CARTESIAN_POINT ( 'NONE',  ( 0.2499039207136010687, 0.1673316653638315110, -0.0002690737513488714017 ) ) ;
#663 = CYLINDRICAL_SURFACE ( 'NONE', #4581, 0.009842519685039378616 ) ;
#664 = ORIENTED_EDGE ( 'NONE', *, *, #773, .T. ) ;
#665 = CARTESIAN_POINT ( 'NONE',  ( 0.2447248205644339536, -0.1529152784878763660, -0.07873997958916907625 ) ) ;
#666 = DIRECTION ( 'NONE',  ( 1.000000000000000000, 0.0000000000000000000, 0.0000000000000000000 ) ) ;
#667 = ADVANCED_FACE ( 'NONE', ( #5115 ), #1362, .T. ) ;
#668 = DIRECTION ( 'NONE',  ( 0.0000000000000000000, -0.9986295347547528012, 0.05233595623952764370 ) ) ;
#669 = FACE_OUTER_BOUND ( 'NONE', #5288, .T. ) ;
#670 = CARTESIAN_POINT ( 'NONE',  ( -0.06266634262594489302, -0.1751968503937007815, -0.009842519685039369942 ) ) ;
#671 = ORIENTED_EDGE ( 'NONE', *, *, #5490, .T. ) ;
#672 = CARTESIAN_POINT ( 'NONE',  ( 0.07895555312110237589, -0.1355317519565747975, 0.07874015748275592363 ) ) ;
#673 = VERTEX_POINT ( 'NONE', #6037 ) ;
#674 = DIRECTION ( 'NONE',  ( 0.0000000000000000000, -1.000000000000000000, 0.0000000000000000000 ) ) ;
#675 = ORIENTED_EDGE ( 'NONE', *, *, #263, .F. ) ;
#676 = DIRECTION ( 'NONE',  ( 0.0000000000000000000, 0.0000000000000000000, 1.000000000000000000 ) ) ;
#677 = EDGE_CURVE ( 'NONE', #4072, #1809, #2044, .T. ) ;
#678 = DIRECTION ( 'NONE',  ( 0.9993908270191237397, 0.0000000000000000000, -0.03489949670170083146 ) ) ;
#679 = DIRECTION ( 'NONE',  ( 0.0000000000000000000, 0.0000000000000000000, 1.000000000000000000 ) ) ;
#680 = EDGE_LOOP ( 'NONE', ( #828, #4731, #2987, #537 ) ) ;
#681 = LINE ( 'NONE', #2264, #5698 ) ;
#682 = CARTESIAN_POINT ( 'NONE',  ( -0.2454423394698019290, -0.1521924072333291356, -0.07873998029003977106 ) ) ;
#683 = VERTEX_POINT ( 'NONE', #5084 ) ;
#684 = ORIENTED_EDGE ( 'NONE', *, *, #4506, .F. ) ;
#685 = EDGE_CURVE ( 'NONE', #1579, #1360, #3029, .T. ) ;
#686 = CARTESIAN_POINT ( 'NONE',  ( 0.1381889763779527436, 0.1850258812475984449, -0.009327402005574803034 ) ) ;
#687 = DIRECTION ( 'NONE',  ( 1.000000000000000000, 1.228646813918999914E-13, -9.691784412050999104E-13 ) ) ;
#688 = DIRECTION ( 'NONE',  ( 4.845450245826000469E-14, -1.000000000000000000, 0.0000000000000000000 ) ) ;
#689 = EDGE_LOOP ( 'NONE', ( #4743, #2331, #6561, #5328, #6069, #4388, #5119, #6312, #4769, #98 ) ) ;
#690 = CARTESIAN_POINT ( 'NONE',  ( 0.1886826620178740366, -0.1145784834233070926, 0.07874015748035433082 ) ) ;
#691 = CARTESIAN_POINT ( 'NONE',  ( -0.1618110236220473008, 0.2039282667301968444, -0.06910368486704725199 ) ) ;
#692 = DATE_AND_TIME ( #3771, #6652 ) ;
#693 = ORIENTED_EDGE ( 'NONE', *, *, #4974, .T. ) ;
#694 = ADVANCED_FACE ( 'NONE', ( #6688 ), #288, .T. ) ;
#695 = CARTESIAN_POINT ( 'NONE',  ( -0.2125984251968504046, 0.0000000000000000000, 0.1032283464566929043 ) ) ;
#696 = ORIENTED_EDGE ( 'NONE', *, *, #321, .F. ) ;
#697 = CARTESIAN_POINT ( 'NONE',  ( -0.1878556341471397939, -0.1102362204724409434, 0.07874015748035433082 ) ) ;
#698 = DIRECTION ( 'NONE',  ( 0.0000000000000000000, 0.03489949670277951721, 0.9993908270190859922 ) ) ;
#699 = DIRECTION ( 'NONE',  ( 0.0000000000000000000, 1.000000000000000000, 0.0000000000000000000 ) ) ;
#700 = ORIENTED_EDGE ( 'NONE', *, *, #5265, .T. ) ;
#701 = CARTESIAN_POINT ( 'NONE',  ( 0.2437399757584263471, -0.1610628105013201528, -0.07155240746254500073 ) ) ;
#702 = CARTESIAN_POINT ( 'NONE',  ( 0.2535824953443306939, -0.1512202898668897622, -0.07155240742165354384 ) ) ;
#703 = CARTESIAN_POINT ( 'NONE',  ( 0.2433659566680708708, -0.1607140939450393824, 0.1892511771394094766 ) ) ;
#704 = CARTESIAN_POINT ( 'NONE',  ( 0.1776020319422047244, 0.1138552848334645762, 0.05761826070685039519 ) ) ;
#705 = DIRECTION ( 'NONE',  ( -1.000000000000000000, 0.0000000000000000000, 0.0000000000000000000 ) ) ;
#706 = ORIENTED_EDGE ( 'NONE', *, *, #3099, .T. ) ;
#707 = CIRCLE ( 'NONE', #4469, 0.009842519685039369942 ) ;
#708 = DIRECTION ( 'NONE',  ( -1.000000000000000000, 0.0000000000000000000, 0.0000000000000000000 ) ) ;
#709 = ORIENTED_EDGE ( 'NONE', *, *, #1773, .F. ) ;
#710 = PLANE ( 'NONE',  #2262 ) ;
#711 = ORIENTED_EDGE ( 'NONE', *, *, #541, .F. ) ;
#712 = DIRECTION ( 'NONE',  ( -1.000000000000000000, 0.0000000000000000000, 0.0000000000000000000 ) ) ;
#713 = EDGE_CURVE ( 'NONE', #4752, #5545, #2882, .T. ) ;
#714 = AXIS2_PLACEMENT_3D ( 'NONE', #3746, #423, #4673 ) ;
#715 = LINE ( 'NONE', #1204, #5173 ) ;
#716 = DIRECTION ( 'NONE',  ( 1.000000000000000000, -0.0000000000000000000, 0.0000000000000000000 ) ) ;
#717 = VERTEX_POINT ( 'NONE', #3966 ) ;
#718 = CARTESIAN_POINT ( 'NONE',  ( -0.05000000000000000278, -0.2161346639453543550, -0.07283464566929134798 ) ) ;
#719 = AXIS2_PLACEMENT_3D ( 'NONE', #2426, #4028, #1962 ) ;
#720 = VECTOR ( 'NONE', #2079, 39.37007874015748143 ) ;
#721 = ORIENTED_EDGE ( 'NONE', *, *, #2990, .F. ) ;
#722 = EDGE_CURVE ( 'NONE', #442, #3072, #5159, .T. ) ;
#723 = AXIS2_PLACEMENT_3D ( 'NONE', #2413, #6058, #792 ) ;
#724 = VECTOR ( 'NONE', #2127, 39.37007874015748854 ) ;
#725 = LINE ( 'NONE', #4841, #4576 ) ;
#726 = CARTESIAN_POINT ( 'NONE',  ( 0.2437399752175590517, -0.1532187574140944919, -0.07874015748031495954 ) ) ;
#727 = ORIENTED_EDGE ( 'NONE', *, *, #2838, .F. ) ;
#728 = DIRECTION ( 'NONE',  ( 1.000000000000000000, 0.0000000000000000000, 0.0000000000000000000 ) ) ;
#729 = CARTESIAN_POINT ( 'NONE',  ( -0.03818897637795275191, -0.1240157480314960647, 0.09055118110236221041 ) ) ;
#730 = AXIS2_PLACEMENT_3D ( 'NONE', #2964, #5095, #3373 ) ;
#731 = PERSON_AND_ORGANIZATION_ROLE ( 'creator' ) ;
#732 = ORIENTED_EDGE ( 'NONE', *, *, #1628, .F. ) ;
#733 = EDGE_CURVE ( 'NONE', #5308, #2786, #6170, .T. ) ;
#734 = AXIS2_PLACEMENT_3D ( 'NONE', #5298, #678, #3873 ) ;
#735 = CARTESIAN_POINT ( 'NONE',  ( 0.1767413500078915678, -0.1029121381022017612, 0.08267716535433065894 ) ) ;
#736 = VERTEX_POINT ( 'NONE', #382 ) ;
#737 = CARTESIAN_POINT ( 'NONE',  ( 0.2456856853440990696, 0.1512400089500034739, -0.07873998074171600914 ) ) ;
#738 = CARTESIAN_POINT ( 'NONE',  ( 0.2437399757584252091, -0.1610628102356692903, -0.07155240744192913060 ) ) ;
#739 = CARTESIAN_POINT ( 'NONE',  ( 0.1886826620178852498, -0.1130871654913794822, 0.07874015748035435858 ) ) ;
#740 = ORIENTED_EDGE ( 'NONE', *, *, #820, .F. ) ;
#741 = CARTESIAN_POINT ( 'NONE',  ( 0.2437666107689067108, -0.1531658284474693987, -0.07873997958916907625 ) ) ;
#742 = EDGE_CURVE ( 'NONE', #2783, #5929, #5143, .T. ) ;
#743 = CARTESIAN_POINT ( 'NONE',  ( 0.1381889763779527436, -0.1751968503937007815, 0.0000000000000000000 ) ) ;
#744 = EDGE_CURVE ( 'NONE', #3027, #1837, #5536, .T. ) ;
#745 = VECTOR ( 'NONE', #2104, 39.37007874015748143 ) ;
#746 = CARTESIAN_POINT ( 'NONE',  ( -0.06181102362204724671, -0.2007523306137795338, -0.008503213718098425258 ) ) ;
#747 = VECTOR ( 'NONE', #5574, 39.37007874015748143 ) ;
#748 = CARTESIAN_POINT ( 'NONE',  ( 0.2437399752175590517, -0.1532187574140944919, -0.07874015748031495954 ) ) ;
#749 = FACE_OUTER_BOUND ( 'NONE', #3984, .T. ) ;
#750 = ORIENTED_EDGE ( 'NONE', *, *, #3189, .T. ) ;
#751 = DIRECTION ( 'NONE',  ( -1.000000000000000000, 0.0000000000000000000, 0.0000000000000000000 ) ) ;
#752 = ORIENTED_EDGE ( 'NONE', *, *, #6153, .T. ) ;
#753 = EDGE_CURVE ( 'NONE', #4064, #5946, #2249, .T. ) ;
#754 = DIRECTION ( 'NONE',  ( -1.000000000000000000, 3.379618962217000149E-10, -1.662753445969999977E-11 ) ) ;
#755 = CIRCLE ( 'NONE', #1076, 0.1377952755905511861 ) ;
#756 = LINE ( 'NONE', #2781, #1405 ) ;
#757 = VECTOR ( 'NONE', #3026, 39.37007874015748143 ) ;
#758 = EDGE_LOOP ( 'NONE', ( #5487, #3960, #3121, #2444 ) ) ;
#759 = DIRECTION ( 'NONE',  ( 1.000000000000000000, 0.0000000000000000000, 0.0000000000000000000 ) ) ;
#760 = ORIENTED_EDGE ( 'NONE', *, *, #113, .T. ) ;
#761 = CC_DESIGN_PERSON_AND_ORGANIZATION_ASSIGNMENT ( #4319, #6028, ( #6803 ) ) ;
#762 = FACE_OUTER_BOUND ( 'NONE', #5774, .T. ) ;
#763 = EDGE_CURVE ( 'NONE', #18, #1494, #1136, .T. ) ;
#764 = DIRECTION ( 'NONE',  ( 0.0000000000000000000, 0.0000000000000000000, 1.000000000000000000 ) ) ;
#765 = ORIENTED_EDGE ( 'NONE', *, *, #6238, .F. ) ;
#766 = CARTESIAN_POINT ( 'NONE',  ( 0.1442016419959842588, 0.1019086621012992161, 0.05394137243279528010 ) ) ;
#767 = CARTESIAN_POINT ( 'NONE',  ( -0.2388791931123622203, 0.1600770404883858078, 0.1936895861364567317 ) ) ;
#768 = CARTESIAN_POINT ( 'NONE',  ( -0.2535755337883699445, 0.1517693294629469114, -0.07155240743413665561 ) ) ;
#769 = DATE_TIME_ROLE ( 'classification_date' ) ;
#770 = VERTEX_POINT ( 'NONE', #251 ) ;
#771 = DIRECTION ( 'NONE',  ( 1.000000000000000000, 0.0000000000000000000, 0.0000000000000000000 ) ) ;
#772 = VERTEX_POINT ( 'NONE', #4473 ) ;
#773 = EDGE_CURVE ( 'NONE', #6272, #1620, #6592, .T. ) ;
#774 = DIRECTION ( 'NONE',  ( 0.4919999999999962736, -0.8705951987002934489, 0.0000000000000000000 ) ) ;
#775 = CARTESIAN_POINT ( 'NONE',  ( 0.01554795808335039664, -0.1334237792837008052, -0.05511811024283464616 ) ) ;
#776 = CARTESIAN_POINT ( 'NONE',  ( -0.2125984251968504046, 0.07086614173228347746, 0.1023622047244094752 ) ) ;
#777 = DIRECTION ( 'NONE',  ( 0.0000000000000000000, 1.000000000000000000, 0.0000000000000000000 ) ) ;
#778 = ORIENTED_EDGE ( 'NONE', *, *, #5462, .F. ) ;
#779 = CARTESIAN_POINT ( 'NONE',  ( 0.2500062575056321013, -0.1512851795990028114, -0.07876902381811159981 ) ) ;
#780 = CARTESIAN_POINT ( 'NONE',  ( 0.2551576234727246373, -0.1664274659772532472, -0.0001171857573883191590 ) ) ;
#781 = ADVANCED_FACE ( 'NONE', ( #3995 ), #6106, .F. ) ;
#782 = DIRECTION ( 'NONE',  ( 0.0000000000000000000, 0.0000000000000000000, -1.000000000000000000 ) ) ;
#783 = CARTESIAN_POINT ( 'NONE',  ( -0.05000000000000000278, -0.2142666234596850572, -0.08858267716535435377 ) ) ;
#784 = VERTEX_POINT ( 'NONE', #5717 ) ;
#785 = PLANE ( 'NONE',  #373 ) ;
#786 = EDGE_LOOP ( 'NONE', ( #1589, #1789, #1906, #750 ) ) ;
#787 = ORIENTED_EDGE ( 'NONE', *, *, #2422, .F. ) ;
#788 = LINE ( 'NONE', #2862, #954 ) ;
#789 = ADVANCED_FACE ( 'NONE', ( #471 ), #1495, .F. ) ;
#790 = DIRECTION ( 'NONE',  ( 0.0000000000000000000, 0.0000000000000000000, 1.000000000000000000 ) ) ;
#791 = VERTEX_POINT ( 'NONE', #1559 ) ;
#792 = DIRECTION ( 'NONE',  ( -0.0002980382249122733029, 0.9999999524108424964, 7.969648189290817687E-05 ) ) ;
#793 = ORIENTED_EDGE ( 'NONE', *, *, #6309, .T. ) ;
#794 = ORIENTED_EDGE ( 'NONE', *, *, #3463, .T. ) ;
#795 = CARTESIAN_POINT ( 'NONE',  ( 0.1889576287067716576, -0.1301113851021653833, 0.07086614173228347746 ) ) ;
#796 = CARTESIAN_POINT ( 'NONE',  ( -0.2449680133211428468, 0.1527617921291987979, -0.07873997761649025040 ) ) ;
#797 = ORIENTED_EDGE ( 'NONE', *, *, #364, .T. ) ;
#798 = DIRECTION ( 'NONE',  ( 0.0000000000000000000, 0.0000000000000000000, -1.000000000000000000 ) ) ;
#799 = DIRECTION ( 'NONE',  ( -0.0000000000000000000, 1.000000000000000000, 0.0000000000000000000 ) ) ;
#800 = CARTESIAN_POINT ( 'NONE',  ( -0.2577057372438188443, 0.1569275963835039533, 0.1936908395324803134 ) ) ;
#801 = ORIENTED_EDGE ( 'NONE', *, *, #1292, .T. ) ;
#802 = EDGE_CURVE ( 'NONE', #673, #2194, #2645, .T. ) ;
#803 = B_SPLINE_CURVE_WITH_KNOTS ( 'NONE', 3,
 ( #1843, #1237, #4213, #3340 ),
 .UNSPECIFIED., .F., .F.,
 ( 4, 4 ),
 ( 0.0000000000000000000, 1.000000000000000000 ),
 .UNSPECIFIED. ) ;
#804 = CARTESIAN_POINT ( 'NONE',  ( -0.2532024797718110398, -0.03937007874015747977, 0.1892511771393307340 ) ) ;
#805 = VERTEX_POINT ( 'NONE', #4217 ) ;
#806 = CARTESIAN_POINT ( 'NONE',  ( 0.2500063604388125804, 0.1512851805690797746, -0.07876893026777351259 ) ) ;
#807 = CARTESIAN_POINT ( 'NONE',  ( -0.2433665617195669428, 0.1508781745057086732, 0.1968502027742913552 ) ) ;
#808 = CARTESIAN_POINT ( 'NONE',  ( 0.1893700787401574881, -0.1455756011410629935, 0.05905511811023622659 ) ) ;
#809 = VERTEX_POINT ( 'NONE', #3640 ) ;
#810 = CARTESIAN_POINT ( 'NONE',  ( -0.05000000000000000278, -0.1709848758307480621, 0.01574803149606299191 ) ) ;
#811 = CARTESIAN_POINT ( 'NONE',  ( 0.1346097693735039402, 0.1102362204724409434, 0.07874015748035433082 ) ) ;
#812 = EDGE_CURVE ( 'NONE', #4291, #4006, #4361, .T. ) ;
#813 = DIRECTION ( 'NONE',  ( -0.03487826274220860723, -0.03487826274133860871, -0.9987827659587601437 ) ) ;
#814 = CARTESIAN_POINT ( 'NONE',  ( -0.03818897637795275191, -0.1883973487342519848, -0.07365883395673229750 ) ) ;
#815 = CARTESIAN_POINT ( 'NONE',  ( 0.2561281900864567085, 0.1637327010053936938, 0.02165353369637008224 ) ) ;
#816 = ORIENTED_EDGE ( 'NONE', *, *, #4451, .F. ) ;
#817 = DIRECTION ( 'NONE',  ( 0.9999999914331370032, 0.0001047325806843038771, -7.851632047478290604E-05 ) ) ;
#818 = ORIENTED_EDGE ( 'NONE', *, *, #1737, .F. ) ;
#819 = LINE ( 'NONE', #1839, #3949 ) ;
#820 = EDGE_CURVE ( 'NONE', #3105, #3027, #6349, .T. ) ;
#821 = DIRECTION ( 'NONE',  ( 0.0000000000000000000, 0.0000000000000000000, 1.000000000000000000 ) ) ;
#822 = ORIENTED_EDGE ( 'NONE', *, *, #1193, .T. ) ;
#823 = CARTESIAN_POINT ( 'NONE',  ( 0.1381889763779527436, -0.2007523306137795338, -0.008503213718098425258 ) ) ;
#824 = VECTOR ( 'NONE', #6698, 39.37007874015748143 ) ;
#825 = ORIENTED_EDGE ( 'NONE', *, *, #1132, .T. ) ;
#826 = EDGE_CURVE ( 'NONE', #4458, #604, #4737, .T. ) ;
#827 = VECTOR ( 'NONE', #3013, 39.37007874015748143 ) ;
#828 = ORIENTED_EDGE ( 'NONE', *, *, #3947, .T. ) ;
#829 = VECTOR ( 'NONE', #4474, 39.37007874015748143 ) ;
#830 = CARTESIAN_POINT ( 'NONE',  ( 0.02460119690829134023, -0.1344617600540944924, -0.05511811020590551280 ) ) ;
#831 = FACE_OUTER_BOUND ( 'NONE', #4347, .T. ) ;
#832 = ORIENTED_EDGE ( 'NONE', *, *, #5670, .F. ) ;
#833 = CARTESIAN_POINT ( 'NONE',  ( -0.2165354330708661457, 0.06184532343511810887, 0.07874015748035433082 ) ) ;
#834 = LINE ( 'NONE', #1355, #2466 ) ;
#835 = CARTESIAN_POINT ( 'NONE',  ( -0.2533599610243307820, -0.03937007874015747977, 0.1850397333144488399 ) ) ;
#836 = FACE_OUTER_BOUND ( 'NONE', #2478, .T. ) ;
#837 = ORIENTED_EDGE ( 'NONE', *, *, #5831, .T. ) ;
#838 = VECTOR ( 'NONE', #3661, 39.37007874015748143 ) ;
#839 = VECTOR ( 'NONE', #2943, 39.37007874015748143 ) ;
#840 = CARTESIAN_POINT ( 'NONE',  ( -0.2437399756134645545, -0.1532187574101968597, -0.07874015748031495954 ) ) ;
#841 = ORIENTED_EDGE ( 'NONE', *, *, #380, .F. ) ;
#842 = CARTESIAN_POINT ( 'NONE',  ( 0.2461450111588550926, 0.1570320631939086942, -0.07876893026777351259 ) ) ;
#843 = VECTOR ( 'NONE', #6409, 39.37007874015748143 ) ;
#844 = CARTESIAN_POINT ( 'NONE',  ( 0.2125984251968504046, 0.0000000000000000000, 0.1023622047244094752 ) ) ;
#845 = VECTOR ( 'NONE', #1365, 39.37007874015748143 ) ;
#846 = CARTESIAN_POINT ( 'NONE',  ( -0.1499999999999999944, 0.2142666234596850572, -0.08858267716535435377 ) ) ;
#847 = EDGE_LOOP ( 'NONE', ( #3382, #6436, #4596, #607, #3455, #1889, #5617, #5013, #3950, #5922, #2926, #5939, #4203, #5404, #4255, #1695 ) ) ;
#848 = PLANE ( 'NONE',  #4810 ) ;
#849 = ORIENTED_EDGE ( 'NONE', *, *, #2769, .F. ) ;
#850 = B_SPLINE_CURVE_WITH_KNOTS ( 'NONE', 3,
 ( #5240, #2529, #6336, #3613 ),
 .UNSPECIFIED., .F., .F.,
 ( 4, 4 ),
 ( 0.0000000000000000000, 1.000000000000000000 ),
 .UNSPECIFIED. ) ;
#851 = VECTOR ( 'NONE', #6088, 39.37007874015748143 ) ;
#852 = CARTESIAN_POINT ( 'NONE',  ( -0.03824345895492913677, -0.1073958309973622183, 0.08267715246913386051 ) ) ;
#853 = CARTESIAN_POINT ( 'NONE',  ( -0.1499999999999999944, 0.2161346639453543550, -0.07283464566929134798 ) ) ;
#854 = EDGE_CURVE ( 'NONE', #2545, #4960, #4126, .T. ) ;
#855 = ADVANCED_FACE ( 'NONE', ( #2077 ), #2365, .T. ) ;
#856 = CARTESIAN_POINT ( 'NONE',  ( 0.2500000000351968454, -0.1673228346456299420, -4.138372715377952814E-13 ) ) ;
#857 = VERTEX_POINT ( 'NONE', #2550 ) ;
#858 = CARTESIAN_POINT ( 'NONE',  ( -0.1381889763779527436, 0.2244094488188976555, -0.08858267716535435377 ) ) ;
#859 = VECTOR ( 'NONE', #3475, 39.37007874015748143 ) ;
#860 = CARTESIAN_POINT ( 'NONE',  ( 0.1618110236220473008, 0.1667729012678346445, 0.01574803149606299191 ) ) ;
#861 = CARTESIAN_POINT ( 'NONE',  ( -0.1499999999999999944, -0.2244094488188976555, -0.08070866141732283006 ) ) ;
#862 = VECTOR ( 'NONE', #2939, 39.37007874015748143 ) ;
#863 = EDGE_CURVE ( 'NONE', #5065, #3504, #4586, .T. ) ;
#864 = CARTESIAN_POINT ( 'NONE',  ( -0.2571042429595470913, 0.1547773107737440146, 0.07751929384085827490 ) ) ;
#865 = CARTESIAN_POINT ( 'NONE',  ( 0.1381889763779527436, -0.2244094488188976555, -0.08858267716535435377 ) ) ;
#866 = EDGE_CURVE ( 'NONE', #73, #1090, #2789, .T. ) ;
#867 = EDGE_LOOP ( 'NONE', ( #2576, #432, #5862, #4611, #1768, #4497 ) ) ;
#868 = CARTESIAN_POINT ( 'NONE',  ( 0.2224409448818897850, -0.07086614173228347746, 0.07874015748035433082 ) ) ;
#869 = VECTOR ( 'NONE', #2017, 39.37007874015748854 ) ;
#870 = EDGE_CURVE ( 'NONE', #5528, #6619, #6266, .T. ) ;
#871 = VECTOR ( 'NONE', #6102, 39.37007874015748143 ) ;
#872 = ADVANCED_FACE ( 'NONE', ( #3103 ), #4188, .T. ) ;
#873 = CARTESIAN_POINT ( 'NONE',  ( -0.2457384424494488406, 0.1512202904631102518, -0.07874015748031495954 ) ) ;
#874 = ORIENTED_EDGE ( 'NONE', *, *, #3529, .F. ) ;
#875 = CARTESIAN_POINT ( 'NONE',  ( 0.1493187503913386005, 0.1020733045262598448, 0.05865606861362205465 ) ) ;
#876 = LINE ( 'NONE', #2447, #2250 ) ;
#877 = CARTESIAN_POINT ( 'NONE',  ( -0.2443605470039626193, 0.1610524382821590106, -0.07155240743413665561 ) ) ;
#878 = VERTEX_POINT ( 'NONE', #1531 ) ;
#879 = VECTOR ( 'NONE', #4955, 39.37007874015748143 ) ;
#880 = CARTESIAN_POINT ( 'NONE',  ( -0.2532101988052755659, -0.1508776025483858363, 0.1892514466914566873 ) ) ;
#881 = ORIENTED_EDGE ( 'NONE', *, *, #2408, .T. ) ;
#882 = EDGE_CURVE ( 'NONE', #4102, #4051, #5235, .T. ) ;
#883 = CARTESIAN_POINT ( 'NONE',  ( 0.2499586755068465282, 0.1520871587801332636, -0.07876893026777351259 ) ) ;
#884 = CARTESIAN_POINT ( 'NONE',  ( 0.1618110236220473008, -0.1883973487342519848, -0.07365883395673229750 ) ) ;
#885 = CARTESIAN_POINT ( 'NONE',  ( -0.06266634262594489302, -0.2078598790717716693, -0.06889763779527559306 ) ) ;
#886 = ORIENTED_EDGE ( 'NONE', *, *, #5324, .T. ) ;
#887 = B_SPLINE_CURVE_WITH_KNOTS ( 'NONE', 3,
 ( #2323, #6633, #1901, #1760, #1800, #2811 ),
 .UNSPECIFIED., .F., .F.,
 ( 4, 1, 1, 4 ),
 ( 0.0000000000000000000, 0.3333333333333000081, 0.6666666666667000474, 1.000000000000000000 ),
 .UNSPECIFIED. ) ;
#888 = PLANE ( 'NONE',  #5915 ) ;
#889 = ORIENTED_EDGE ( 'NONE', *, *, #3614, .T. ) ;
#890 = CARTESIAN_POINT ( 'NONE',  ( 0.1381889763779527436, -0.1751968503937007815, 0.01574803149606299191 ) ) ;
#891 = CARTESIAN_POINT ( 'NONE',  ( 0.2561593529169178818, 0.1637019506593046514, 0.02165355131203384673 ) ) ;
#892 = ORIENTED_EDGE ( 'NONE', *, *, #1831, .T. ) ;
#893 = CARTESIAN_POINT ( 'NONE',  ( -0.2497034591155283256, -0.1591000623474126685, -0.07155240743470069054 ) ) ;
#894 = ORIENTED_EDGE ( 'NONE', *, *, #429, .T. ) ;
#895 = ADVANCED_FACE ( 'NONE', ( #935 ), #1071, .F. ) ;
#896 = DIRECTION ( 'NONE',  ( -1.000000000000000000, 0.0000000000000000000, 0.0000000000000000000 ) ) ;
#897 = LINE ( 'NONE', #2998, #4680 ) ;
#898 = EDGE_LOOP ( 'NONE', ( #2088, #3905, #1418, #1200 ) ) ;
#899 = CARTESIAN_POINT ( 'NONE',  ( 0.2436408547267764346, 0.1610253860084681909, -0.07197850179552586769 ) ) ;
#900 = EDGE_CURVE ( 'NONE', #281, #4527, #4641, .T. ) ;
#901 = CARTESIAN_POINT ( 'NONE',  ( 0.1893700787401551566, -0.1138910667010585576, 0.05905511811023622659 ) ) ;
#902 = ORIENTED_EDGE ( 'NONE', *, *, #3702, .F. ) ;
#903 = CARTESIAN_POINT ( 'NONE',  ( -0.1844824096525467805, 0.1020871218750845633, 0.05905511811023622659 ) ) ;
#904 = DIRECTION ( 'NONE',  ( 0.0000000000000000000, -1.000000000000000000, 0.0000000000000000000 ) ) ;
#905 = CARTESIAN_POINT ( 'NONE',  ( -0.2598425196850393526, -0.1574803149800000357, -2.586245959298031613E-13 ) ) ;
#906 = ORIENTED_EDGE ( 'NONE', *, *, #11, .F. ) ;
#907 = DIRECTION ( 'NONE',  ( 1.000000000000000000, 4.631216043730000312E-13, -4.138604140277000131E-12 ) ) ;
#908 = ORIENTED_EDGE ( 'NONE', *, *, #3073, .F. ) ;
#909 = DIRECTION ( 'NONE',  ( 0.03487826274233075258, 0.03487826274233075258, -0.9987827659587212858 ) ) ;
#910 = DIRECTION ( 'NONE',  ( 0.0000000000000000000, -0.0000000000000000000, 1.000000000000000000 ) ) ;
#911 = VERTEX_POINT ( 'NONE', #3044 ) ;
#912 = CARTESIAN_POINT ( 'NONE',  ( -0.2453332576252362507, -0.03937007874015747977, 0.1968503937008267979 ) ) ;
#913 = EDGE_CURVE ( 'NONE', #1266, #1499, #1278, .T. ) ;
#914 = DIRECTION ( 'NONE',  ( 0.0000000000000000000, 0.05233595624294862247, -0.9986295347545735002 ) ) ;
#915 = CARTESIAN_POINT ( 'NONE',  ( 0.07539880309110236212, 0.1344617600540157498, -0.05511811020590551280 ) ) ;
#916 = CARTESIAN_POINT ( 'NONE',  ( 0.2453332408661023922, -0.1508777071589763874, 0.1968503823138189057 ) ) ;
#917 = ORIENTED_EDGE ( 'NONE', *, *, #131, .T. ) ;
#918 = PLANE ( 'NONE',  #6572 ) ;
#919 = CARTESIAN_POINT ( 'NONE',  ( 0.2453330176519291639, -0.1508785873619685192, 0.1889764210774803055 ) ) ;
#920 = LINE ( 'NONE', #2409, #5269 ) ;
#921 = CARTESIAN_POINT ( 'NONE',  ( 0.1844825166612515388, 0.1020872422150241321, 0.05905511811023624047 ) ) ;
#922 = ORIENTED_EDGE ( 'NONE', *, *, #6006, .T. ) ;
#923 = EDGE_CURVE ( 'NONE', #6580, #3751, #2837, .T. ) ;
#924 = CARTESIAN_POINT ( 'NONE',  ( -0.2500000000219291807, -0.1673228346456299420, -2.738409892544882343E-13 ) ) ;
#925 = VERTEX_POINT ( 'NONE', #2754 ) ;
#926 = FACE_OUTER_BOUND ( 'NONE', #3349, .T. ) ;
#927 = VECTOR ( 'NONE', #1351, 39.37007874015748143 ) ;
#928 = EDGE_CURVE ( 'NONE', #6473, #4527, #1744, .T. ) ;
#929 = FACE_OUTER_BOUND ( 'NONE', #5583, .T. ) ;
#930 = ORIENTED_EDGE ( 'NONE', *, *, #4082, .F. ) ;
#931 = CIRCLE ( 'NONE', #4798, 0.009842519685039378616 ) ;
#932 = CARTESIAN_POINT ( 'NONE',  ( 0.07555160667795275675, 0.1356299242418504136, 0.07874015748035433082 ) ) ;
#933 = LINE ( 'NONE', #4157, #2948 ) ;
#934 = VERTEX_POINT ( 'NONE', #96 ) ;
#935 = FACE_OUTER_BOUND ( 'NONE', #6498, .T. ) ;
#936 = ADVANCED_FACE ( 'NONE', ( #3805 ), #2796, .T. ) ;
#937 = DIRECTION ( 'NONE',  ( -0.001141793321999992096, -0.008726529808999938451, -0.9999612712427929928 ) ) ;
#938 = ORIENTED_EDGE ( 'NONE', *, *, #2235, .T. ) ;
#939 = VECTOR ( 'NONE', #5924, 39.37007874015748143 ) ;
#940 = DIRECTION ( 'NONE',  ( 0.0000000000000000000, 0.0000000000000000000, 1.000000000000000000 ) ) ;
#941 = AXIS2_PLACEMENT_3D ( 'NONE', #2543, #436, #5359 ) ;
#942 = ORIENTED_EDGE ( 'NONE', *, *, #4270, .T. ) ;
#943 = VECTOR ( 'NONE', #3004, 39.37007874015748143 ) ;
#944 = AXIS2_PLACEMENT_3D ( 'NONE', #356, #328, #2917 ) ;
#945 = DIRECTION ( 'NONE',  ( 1.000000000000000000, 0.0000000000000000000, 0.0000000000000000000 ) ) ;
#946 = CARTESIAN_POINT ( 'NONE',  ( -0.1381889763779527436, -0.2039282667301968444, -0.06910368486700788071 ) ) ;
#947 =( BOUNDED_CURVE ( )  B_SPLINE_CURVE ( 3, ( #3464, #2316, #3963, #5080 ),
 .UNSPECIFIED., .F., .T. ) 
 B_SPLINE_CURVE_WITH_KNOTS ( ( 4, 4 ),
 ( 0.4084627285550353482, 0.7847891758103859861 ),
 .UNSPECIFIED. ) 
 CURVE ( )  GEOMETRIC_REPRESENTATION_ITEM ( )  RATIONAL_B_SPLINE_CURVE ( ( 1.000000000000000000, 0.9882329799743599930, 0.9882329799743599930, 1.000000000000000000 ) ) 
 REPRESENTATION_ITEM ( '' )  );
#948 = EDGE_CURVE ( 'NONE', #4877, #3619, #2813, .T. ) ;
#949 = CARTESIAN_POINT ( 'NONE',  ( 0.1618110236220473008, -0.2244094488188976555, -0.07283464566929134798 ) ) ;
#950 = VERTEX_POINT ( 'NONE', #4882 ) ;
#951 = CARTESIAN_POINT ( 'NONE',  ( -0.2535824952415552946, -0.1512202906041340833, -0.07155240743470070441 ) ) ;
#952 = ORIENTED_EDGE ( 'NONE', *, *, #3645, .T. ) ;
#953 = LINE ( 'NONE', #2209, #5913 ) ;
#954 = VECTOR ( 'NONE', #231, 39.37007874015748143 ) ;
#955 = FACE_OUTER_BOUND ( 'NONE', #847, .T. ) ;
#956 = AXIS2_PLACEMENT_3D ( 'NONE', #6640, #4011, #6705 ) ;
#957 = ADVANCED_FACE ( 'NONE', ( #3884 ), #3848, .F. ) ;
#958 = EDGE_LOOP ( 'NONE', ( #6338, #2103, #15, #5897 ) ) ;
#959 = B_SPLINE_CURVE_WITH_KNOTS ( 'NONE', 3,
 ( #4869, #3380, #1727, #4954 ),
 .UNSPECIFIED., .F., .F.,
 ( 4, 4 ),
 ( 0.0000000000000000000, 1.000000000000000000 ),
 .UNSPECIFIED. ) ;
#960 = VECTOR ( 'NONE', #42, 39.37007874015748143 ) ;
#961 = CARTESIAN_POINT ( 'NONE',  ( -0.05075216544720474038, -0.1029105840483858503, 0.08267720413799213575 ) ) ;
#962 = CARTESIAN_POINT ( 'NONE',  ( -0.1381889763779527436, 0.2041237981004330737, -0.08858267716535435377 ) ) ;
#963 = CIRCLE ( 'NONE', #6373, 0.1968503937007874682 ) ;
#964 = EDGE_LOOP ( 'NONE', ( #4087, #894, #4360, #5117 ) ) ;
#965 = CARTESIAN_POINT ( 'NONE',  ( -0.2590816977838183433, -0.1566577459443367348, 0.02178290915847285597 ) ) ;
#966 = CARTESIAN_POINT ( 'NONE',  ( 0.2459393930922047500, -0.1604859670975590513, 0.1893167194872834580 ) ) ;
#967 = CARTESIAN_POINT ( 'NONE',  ( -0.2495746885207677235, 0.1535683678086597892, -0.07876899266994299986 ) ) ;
#968 = ORIENTED_EDGE ( 'NONE', *, *, #2967, .T. ) ;
#969 = EDGE_CURVE ( 'NONE', #3878, #5351, #1215, .T. ) ;
#970 = LINE ( 'NONE', #5176, #5397 ) ;
#971 = CARTESIAN_POINT ( 'NONE',  ( -0.2453332105580315337, -0.1508775012641732360, 0.1968503572631890020 ) ) ;
#972 = CARTESIAN_POINT ( 'NONE',  ( 0.1618110236220473008, 0.1751968503937007815, 0.01574803149606299191 ) ) ;
#973 = CARTESIAN_POINT ( 'NONE',  ( 0.2224409448818897850, 0.0000000000000000000, 0.05905511811023622659 ) ) ;
#974 = AXIS2_PLACEMENT_3D ( 'NONE', #2806, #6402, #1754 ) ;
#975 = LENGTH_MEASURE_WITH_UNIT ( LENGTH_MEASURE( 0.02539999999999999897 ), #5237 );
#976 = VERTEX_POINT ( 'NONE', #4844 ) ;
#977 = ADVANCED_FACE ( 'NONE', ( #612 ), #6362, .T. ) ;
#978 = DIRECTION ( 'NONE',  ( 0.0000000000000000000, 0.9986295347545882661, 0.05233595624266938751 ) ) ;
#979 = CARTESIAN_POINT ( 'NONE',  ( 0.2027559055118110243, -0.07086614173228347746, 0.1032283464566929043 ) ) ;
#980 = CARTESIAN_POINT ( 'NONE',  ( -0.2500000000219291807, -0.1673228346456299420, -2.738409892544882343E-13 ) ) ;
#981 = DIRECTION ( 'NONE',  ( -0.0000000000000000000, 1.000000000000000000, 0.0000000000000000000 ) ) ;
#982 = ORIENTED_EDGE ( 'NONE', *, *, #4588, .T. ) ;
#983 = DIRECTION ( 'NONE',  ( -0.2565128746081974387, 0.9665408140167901507, 0.0000000000000000000 ) ) ;
#984 = FACE_OUTER_BOUND ( 'NONE', #6297, .T. ) ;
#985 = EDGE_CURVE ( 'NONE', #791, #4533, #6267, .T. ) ;
#986 = CARTESIAN_POINT ( 'NONE',  ( -0.1767413500079003386, -0.1029121381022218978, 0.08267716535433072833 ) ) ;
#987 = DIRECTION ( 'NONE',  ( 0.0000000000000000000, 0.9986295347545857126, 0.05233595624271924346 ) ) ;
#988 = VERTEX_POINT ( 'NONE', #126 ) ;
#989 = EDGE_CURVE ( 'NONE', #226, #1682, #464, .T. ) ;
#990 = DIRECTION ( 'NONE',  ( 0.0000000000000000000, 0.9999619230641720868, -0.008726535498290756421 ) ) ;
#991 = ORIENTED_EDGE ( 'NONE', *, *, #4331, .F. ) ;
#992 = CARTESIAN_POINT ( 'NONE',  ( -0.2165354330708661457, -0.009020818297157480806, 0.07874015748035433082 ) ) ;
#993 = CARTESIAN_POINT ( 'NONE',  ( -0.2224409448818897850, 0.07086614173228347746, 0.05818897637795275579 ) ) ;
#994 = CARTESIAN_POINT ( 'NONE',  ( -0.2504507275739466521, 0.1579487078768815889, -0.07586135892087482457 ) ) ;
#995 = DESIGN_CONTEXT ( 'detailed design', #2780, 'design' ) ;
#996 = ORIENTED_EDGE ( 'NONE', *, *, #5560, .F. ) ;
#997 = DIRECTION ( 'NONE',  ( -1.000000000000000000, 0.0000000000000000000, 0.0000000000000000000 ) ) ;
#998 = EDGE_LOOP ( 'NONE', ( #2983, #163 ) ) ;
#999 = CARTESIAN_POINT ( 'NONE',  ( 0.2456470770938792014, 0.1520065037714413148, -0.07874020313315507891 ) ) ;
#1000 = CC_DESIGN_APPROVAL ( #1182, ( #6803 ) ) ;
#1001 = ORIENTED_EDGE ( 'NONE', *, *, #6309, .F. ) ;
#1002 = DIRECTION ( 'NONE',  ( -7.228014483224649332E-13, -0.9993908270191080856, 0.03489949670214288757 ) ) ;
#1003 = CARTESIAN_POINT ( 'NONE',  ( -0.1381889763779527436, 0.2041237981004330737, -0.08858267716535435377 ) ) ;
#1004 = ORIENTED_EDGE ( 'NONE', *, *, #3563, .F. ) ;
#1005 = DIRECTION ( 'NONE',  ( 0.0000000000000000000, -0.05233595624284888975, -0.9986295347545787182 ) ) ;
#1006 = EDGE_CURVE ( 'NONE', #2382, #2208, #653, .T. ) ;
#1007 = ORIENTED_EDGE ( 'NONE', *, *, #1580, .T. ) ;
#1008 = B_SPLINE_CURVE_WITH_KNOTS ( 'NONE', 3,
 ( #1078, #3182, #5338, #577 ),
 .UNSPECIFIED., .F., .F.,
 ( 4, 4 ),
 ( 0.0000000000000000000, 1.000000000000000000 ),
 .UNSPECIFIED. ) ;
#1009 = CARTESIAN_POINT ( 'NONE',  ( 0.1439296268787795263, 0.1022259235353543405, 0.06302655121043307385 ) ) ;
#1010 = CARTESIAN_POINT ( 'NONE',  ( -0.2165354330708661457, 0.009020818297157480806, 0.07874015748035433082 ) ) ;
#1011 = CARTESIAN_POINT ( 'NONE',  ( -0.1767400288587007984, 0.1029117912428346576, 0.08267718426854331337 ) ) ;
#1012 = ORIENTED_EDGE ( 'NONE', *, *, #1989, .F. ) ;
#1013 = LINE ( 'NONE', #6306, #3037 ) ;
#1014 = EDGE_CURVE ( 'NONE', #6829, #5625, #3204, .T. ) ;
#1015 = DIRECTION ( 'NONE',  ( -1.000000000000000000, -1.746750892076999963E-13, -1.383152851512000115E-14 ) ) ;
#1016 = CARTESIAN_POINT ( 'NONE',  ( -0.06181102362204724671, -0.1190944881889763746, 0.08661417322834646937 ) ) ;
#1017 = VERTEX_POINT ( 'NONE', #3280 ) ;
#1018 = PLANE ( 'NONE',  #3601 ) ;
#1019 = EDGE_CURVE ( 'NONE', #6060, #683, #4806, .T. ) ;
#1020 = ORIENTED_EDGE ( 'NONE', *, *, #3614, .F. ) ;
#1021 = DIRECTION ( 'NONE',  ( 0.005217507985916919853, 0.9999483642640830672, -0.008720459621006659140 ) ) ;
#1022 = CARTESIAN_POINT ( 'NONE',  ( 0.1618110236220473008, 0.1667729012678346445, 0.01574803149606299191 ) ) ;
#1023 = EDGE_CURVE ( 'NONE', #1186, #5697, #6509, .T. ) ;
#1024 = ORIENTED_EDGE ( 'NONE', *, *, #1720, .T. ) ;
#1025 = FACE_OUTER_BOUND ( 'NONE', #3039, .T. ) ;
#1026 = ORIENTED_EDGE ( 'NONE', *, *, #3551, .F. ) ;
#1027 = AXIS2_PLACEMENT_3D ( 'NONE', #6503, #2226, #6460 ) ;
#1028 = CARTESIAN_POINT ( 'NONE',  ( 0.2443756370968041824, 0.1531344999728162237, -0.07874016029765175395 ) ) ;
#1029 = ORIENTED_EDGE ( 'NONE', *, *, #3496, .T. ) ;
#1030 = DIRECTION ( 'NONE',  ( 0.0000000000000000000, 0.0000000000000000000, -1.000000000000000000 ) ) ;
#1031 = DIRECTION ( 'NONE',  ( -0.005217507987013246008, 0.9999483642640426551, -0.008720459624997220494 ) ) ;
#1032 = EDGE_CURVE ( 'NONE', #1908, #1141, #5368, .T. ) ;
#1033 = DIRECTION ( 'NONE',  ( 0.0000000000000000000, 1.000000000000000000, 0.0000000000000000000 ) ) ;
#1034 = ORIENTED_EDGE ( 'NONE', *, *, #2743, .F. ) ;
#1035 = ORIENTED_EDGE ( 'NONE', *, *, #6844, .F. ) ;
#1036 = B_SPLINE_CURVE_WITH_KNOTS ( 'NONE', 3,
 ( #6610, #2968, #2006, #4112, #2896, #5061 ),
 .UNSPECIFIED., .F., .F.,
 ( 4, 1, 1, 4 ),
 ( 0.0000000000000000000, 0.3333333333333000081, 0.6666666666667000474, 1.000000000000000000 ),
 .UNSPECIFIED. ) ;
#1037 = CIRCLE ( 'NONE', #1273, 0.003937007874015760987 ) ;
#1038 = FACE_OUTER_BOUND ( 'NONE', #5031, .T. ) ;
#1039 = AXIS2_PLACEMENT_3D ( 'NONE', #1590, #5807, #443 ) ;
#1040 = DIRECTION ( 'NONE',  ( 0.0000000000000000000, 0.0000000000000000000, -1.000000000000000000 ) ) ;
#1041 = DIRECTION ( 'NONE',  ( 0.0000000000000000000, 1.672927245949662792E-06, 0.9999999999986005639 ) ) ;
#1042 = VECTOR ( 'NONE', #654, 39.37007874015748143 ) ;
#1043 = CYLINDRICAL_SURFACE ( 'NONE', #6791, 0.01181102362203148917 ) ;
#1044 = ORIENTED_EDGE ( 'NONE', *, *, #2577, .F. ) ;
#1045 = CARTESIAN_POINT ( 'NONE',  ( 0.1381889763779527436, -0.1751968503937007815, 0.0000000000000000000 ) ) ;
#1046 = ORIENTED_EDGE ( 'NONE', *, *, #364, .F. ) ;
#1047 = FACE_OUTER_BOUND ( 'NONE', #492, .T. ) ;
#1048 = VECTOR ( 'NONE', #1662, 39.37007874015748143 ) ;
#1049 = AXIS2_PLACEMENT_3D ( 'NONE', #4704, #1562, #4669 ) ;
#1050 = EDGE_CURVE ( 'NONE', #3602, #4901, #3374, .T. ) ;
#1051 = DIRECTION ( 'NONE',  ( 0.0000000000000000000, -1.000000000000000000, 0.0000000000000000000 ) ) ;
#1052 = LINE ( 'NONE', #5858, #2851 ) ;
#1053 = ORIENTED_EDGE ( 'NONE', *, *, #3517, .T. ) ;
#1054 = CIRCLE ( 'NONE', #3822, 0.009842519685039378616 ) ;
#1055 = VERTEX_POINT ( 'NONE', #3318 ) ;
#1056 = EDGE_CURVE ( 'NONE', #536, #4881, #4858, .T. ) ;
#1057 = FACE_OUTER_BOUND ( 'NONE', #3680, .T. ) ;
#1058 = ORIENTED_EDGE ( 'NONE', *, *, #4378, .T. ) ;
#1059 = CARTESIAN_POINT ( 'NONE',  ( 0.2437399771685408167, 0.1606880889873140150, -0.07583549251232969690 ) ) ;
#1060 = CARTESIAN_POINT ( 'NONE',  ( -0.2532827114133574531, -0.03937007874015747977, 0.1878483311595242622 ) ) ;
#1061 = CARTESIAN_POINT ( 'NONE',  ( -0.2532055103817986708, 0.1513176805072532771, -0.07586135892087482457 ) ) ;
#1062 = AXIS2_PLACEMENT_3D ( 'NONE', #4788, #3582, #3155 ) ;
#1063 = ORIENTED_EDGE ( 'NONE', *, *, #3080, .T. ) ;
#1064 = EDGE_CURVE ( 'NONE', #2786, #1791, #6796, .T. ) ;
#1065 = B_SPLINE_CURVE_WITH_KNOTS ( 'NONE', 3,
 ( #3678, #5782, #1674, #8 ),
 .UNSPECIFIED., .F., .F.,
 ( 4, 4 ),
 ( 0.0000000000000000000, 1.000000000000000000 ),
 .UNSPECIFIED. ) ;
#1066 = AXIS2_PLACEMENT_3D ( 'NONE', #2477, #3744, #6428 ) ;
#1067 = CARTESIAN_POINT ( 'NONE',  ( -0.2497111862734645582, 0.1584367672616535383, 0.1893648133426378000 ) ) ;
#1068 = VERTEX_POINT ( 'NONE', #208 ) ;
#1069 = DIRECTION ( 'NONE',  ( -1.000000000000000000, 0.0000000000000000000, 0.0000000000000000000 ) ) ;
#1070 = ORIENTED_EDGE ( 'NONE', *, *, #4178, .T. ) ;
#1071 = PLANE ( 'NONE',  #2930 ) ;
#1072 = DIRECTION ( 'NONE',  ( 0.9961946980915291627, 0.0000000000000000000, -0.08715574275013211747 ) ) ;
#1073 = EDGE_LOOP ( 'NONE', ( #104, #6149, #3427, #6344, #2652, #2464 ) ) ;
#1074 = CARTESIAN_POINT ( 'NONE',  ( 0.2453332430507480788, 0.1508776954951181193, 0.1968503815585826988 ) ) ;
#1075 = ORIENTED_EDGE ( 'NONE', *, *, #4201, .T. ) ;
#1076 = AXIS2_PLACEMENT_3D ( 'NONE', #439, #5139, #3038 ) ;
#1077 = EDGE_CURVE ( 'NONE', #2481, #6547, #4534, .T. ) ;
#1078 = CARTESIAN_POINT ( 'NONE',  ( 0.2590759282151182119, 0.1567271628815354312, 0.02165407828939370019 ) ) ;
#1079 = EDGE_LOOP ( 'NONE', ( #2145, #4602, #4635, #1001, #4205, #6120, #1475, #2738, #5877, #5889, #1829, #2018, #5075 ) ) ;
#1080 = FACE_OUTER_BOUND ( 'NONE', #1712, .T. ) ;
#1081 = CIRCLE ( 'NONE', #4724, 0.01181102362204724046 ) ;
#1082 = CARTESIAN_POINT ( 'NONE',  ( -0.2598514622996475065, 0.1573968576792706409, -0.0002686286280753215458 ) ) ;
#1083 = FACE_OUTER_BOUND ( 'NONE', #3911, .T. ) ;
#1084 = CARTESIAN_POINT ( 'NONE',  ( -0.06181102362204724671, -0.1751968503937007815, 0.0000000000000000000 ) ) ;
#1085 = ORIENTED_EDGE ( 'NONE', *, *, #2708, .F. ) ;
#1086 = FACE_OUTER_BOUND ( 'NONE', #2059, .T. ) ;
#1087 = DIRECTION ( 'NONE',  ( 1.000000000000000000, 1.351209320264000050E-11, 0.0000000000000000000 ) ) ;
#1088 = CARTESIAN_POINT ( 'NONE',  ( -0.1618110236220473008, 0.1751968503937007815, 0.0000000000000000000 ) ) ;
#1089 = LINE ( 'NONE', #3191, #1420 ) ;
#1090 = VERTEX_POINT ( 'NONE', #1918 ) ;
#1091 = DIRECTION ( 'NONE',  ( 0.0000000000000000000, 0.0000000000000000000, 1.000000000000000000 ) ) ;
#1092 = ORIENTED_EDGE ( 'NONE', *, *, #969, .F. ) ;
#1093 = CARTESIAN_POINT ( 'NONE',  ( -0.2489460325019847153, -0.1599355618952207625, -0.07181944283353441927 ) ) ;
#1094 = ADVANCED_FACE ( 'NONE', ( #2941 ), #1287, .F. ) ;
#1095 = ORIENTED_EDGE ( 'NONE', *, *, #523, .F. ) ;
#1096 = CARTESIAN_POINT ( 'NONE',  ( -0.1499999999999999944, -0.1867116149909448797, -0.04149311798110236899 ) ) ;
#1097 = LINE ( 'NONE', #2222, #724 ) ;
#1098 = ORIENTED_EDGE ( 'NONE', *, *, #3727, .T. ) ;
#1099 = EDGE_CURVE ( 'NONE', #6375, #583, #2976, .T. ) ;
#1100 = CARTESIAN_POINT ( 'NONE',  ( -0.1381889763779527436, 0.1673228346456692994, 0.0000000000000000000 ) ) ;
#1101 = DIRECTION ( 'NONE',  ( -0.9999999914336340501, -0.0001046814545721035604, -7.857814601486268202E-05 ) ) ;
#1102 = LINE ( 'NONE', #5439, #189 ) ;
#1103 = ORIENTED_EDGE ( 'NONE', *, *, #1019, .F. ) ;
#1104 = CARTESIAN_POINT ( 'NONE',  ( -0.2590544599033309803, -0.1592829522559147670, 0.02169516650456564805 ) ) ;
#1105 = CARTESIAN_POINT ( 'NONE',  ( 0.1499999999999999944, -0.2244094488188976555, -0.08070866141732283006 ) ) ;
#1106 = PLANE ( 'NONE',  #1049 ) ;
#1107 = ORIENTED_EDGE ( 'NONE', *, *, #2036, .F. ) ;
#1108 = EDGE_CURVE ( 'NONE', #1186, #3875, #6571, .T. ) ;
#1109 = FACE_OUTER_BOUND ( 'NONE', #3968, .T. ) ;
#1110 = CARTESIAN_POINT ( 'NONE',  ( 0.2529306509261652902, 0.1535814858545548056, -0.07586130276224420377 ) ) ;
#1111 = CARTESIAN_POINT ( 'NONE',  ( 0.1618110236220473008, -0.2041237981004330737, -0.08858267716535435377 ) ) ;
#1112 = DIRECTION ( 'NONE',  ( -1.000000000000000000, 0.0000000000000000000, 0.0000000000000000000 ) ) ;
#1113 = CARTESIAN_POINT ( 'NONE',  ( 0.2437399757584252091, 0.1610628102357480051, -0.07155240744110237527 ) ) ;
#1114 = ORIENTED_EDGE ( 'NONE', *, *, #348, .T. ) ;
#1115 = CARTESIAN_POINT ( 'NONE',  ( 0.2456704941282198962, -0.1514932183633846685, -0.07873997958916907625 ) ) ;
#1116 = EDGE_CURVE ( 'NONE', #1796, #4304, #5107, .T. ) ;
#1117 = DIRECTION ( 'NONE',  ( 0.0000000000000000000, 0.0000000000000000000, 1.000000000000000000 ) ) ;
#1118 = DIRECTION ( 'NONE',  ( 0.0000000000000000000, 0.03489949670277951721, -0.9993908270190859922 ) ) ;
#1119 = CARTESIAN_POINT ( 'NONE',  ( 0.1618110236220473008, -0.2078598790717716693, -0.07283464566929134798 ) ) ;
#1120 = ORIENTED_EDGE ( 'NONE', *, *, #1749, .F. ) ;
#1121 = ORIENTED_EDGE ( 'NONE', *, *, #6157, .F. ) ;
#1122 = CARTESIAN_POINT ( 'NONE',  ( 0.1459243334634645617, -0.1020107945107874142, 0.05686606233177166070 ) ) ;
#1123 =( BOUNDED_CURVE ( )  B_SPLINE_CURVE ( 3, ( #4174, #6310, #4139, #3116 ),
 .UNSPECIFIED., .F., .T. ) 
 B_SPLINE_CURVE_WITH_KNOTS ( ( 4, 4 ),
 ( 2.356689916722022993, 2.356803477779400691 ),
 .UNSPECIFIED. ) 
 CURVE ( )  GEOMETRIC_REPRESENTATION_ITEM ( )  RATIONAL_B_SPLINE_CURVE ( ( 1.000000000000000000, 0.9999999989253238741, 0.9999999989253238741, 1.000000000000000000 ) ) 
 REPRESENTATION_ITEM ( '' )  );
#1124 = ORIENTED_EDGE ( 'NONE', *, *, #2086, .T. ) ;
#1125 = LINE ( 'NONE', #2221, #5793 ) ;
#1126 = CARTESIAN_POINT ( 'NONE',  ( -0.03818897637795275191, -0.1240157480314960647, 0.09055118110236221041 ) ) ;
#1127 = ORIENTED_EDGE ( 'NONE', *, *, #655, .T. ) ;
#1128 = CARTESIAN_POINT ( 'NONE',  ( -0.03818897637795275191, -0.2244094488188976555, -0.07283464566929134798 ) ) ;
#1129 = ORIENTED_EDGE ( 'NONE', *, *, #2154, .T. ) ;
#1130 = LINE ( 'NONE', #1692, #5805 ) ;
#1131 = CARTESIAN_POINT ( 'NONE',  ( 0.2125984251968504046, 0.0000000000000000000, 0.1023622047244094752 ) ) ;
#1132 = EDGE_CURVE ( 'NONE', #934, #6382, #5514, .T. ) ;
#1133 = FACE_OUTER_BOUND ( 'NONE', #647, .T. ) ;
#1134 = ORIENTED_EDGE ( 'NONE', *, *, #495, .T. ) ;
#1135 = DIRECTION ( 'NONE',  ( 0.0000000000000000000, 0.0000000000000000000, -1.000000000000000000 ) ) ;
#1136 = B_SPLINE_CURVE_WITH_KNOTS ( 'NONE', 3,
 ( #2393, #3402, #5524, #4510, #775, #6628 ),
 .UNSPECIFIED., .F., .F.,
 ( 4, 1, 1, 4 ),
 ( 0.0000000000000000000, 0.3333333333333000081, 0.6666666666667000474, 1.000000000000000000 ),
 .UNSPECIFIED. ) ;
#1137 = PLANE ( 'NONE',  #3588 ) ;
#1138 = DIRECTION ( 'NONE',  ( 0.0000000000000000000, 0.0000000000000000000, 1.000000000000000000 ) ) ;
#1139 = EDGE_LOOP ( 'NONE', ( #1121, #3596, #2747 ) ) ;
#1140 = DIRECTION ( 'NONE',  ( 0.0000000000000000000, 0.0000000000000000000, 1.000000000000000000 ) ) ;
#1141 = VERTEX_POINT ( 'NONE', #345 ) ;
#1142 = ADVANCED_FACE ( 'NONE', ( #1389 ), #244, .F. ) ;
#1143 = CARTESIAN_POINT ( 'NONE',  ( -0.1747192583591746506, -0.1020872380354987674, 0.05905511811023853030 ) ) ;
#1144 = CARTESIAN_POINT ( 'NONE',  ( -0.1381889763779527436, -0.2244094488188976555, -0.07283464566929134798 ) ) ;
#1145 = CARTESIAN_POINT ( 'NONE',  ( 0.2581771323688785147, 0.1618679197647052981, 0.02193326357172922098 ) ) ;
#1146 = CARTESIAN_POINT ( 'NONE',  ( -0.1618110236220473008, -0.1883973487342519848, -0.07365883395685039747 ) ) ;
#1147 = ORIENTED_EDGE ( 'NONE', *, *, #460, .T. ) ;
#1148 = AXIS2_PLACEMENT_3D ( 'NONE', #4594, #6806, #3066 ) ;
#1149 = CARTESIAN_POINT ( 'NONE',  ( 0.2499585733534785970, -0.1520871446312482556, -0.07876902381811159981 ) ) ;
#1150 = CIRCLE ( 'NONE', #1027, 0.009842519685039369942 ) ;
#1151 = EDGE_CURVE ( 'NONE', #6725, #1579, #3493, .T. ) ;
#1152 = VECTOR ( 'NONE', #4408, 39.37007874015748143 ) ;
#1153 = VECTOR ( 'NONE', #699, 39.37007874015748143 ) ;
#1154 = ADVANCED_FACE ( 'NONE', ( #4432 ), #5002, .F. ) ;
#1155 = LINE ( 'NONE', #1195, #3055 ) ;
#1156 = DIRECTION ( 'NONE',  ( 1.000000000000000000, 0.0000000000000000000, 0.0000000000000000000 ) ) ;
#1157 = ORIENTED_EDGE ( 'NONE', *, *, #3397, .T. ) ;
#1158 = DIRECTION ( 'NONE',  ( 0.0000000000000000000, -0.05233595624271923652, -0.9986295347545856016 ) ) ;
#1159 = ORIENTED_EDGE ( 'NONE', *, *, #1604, .F. ) ;
#1160 = DIRECTION ( 'NONE',  ( 0.0000000000000000000, -1.000000000000000000, 0.0000000000000000000 ) ) ;
#1161 = CARTESIAN_POINT ( 'NONE',  ( -0.2456842362758492049, 0.1513272687305594055, -0.07873997997333848087 ) ) ;
#1162 = VECTOR ( 'NONE', #4558, 39.37007874015748143 ) ;
#1163 = EDGE_CURVE ( 'NONE', #717, #5391, #4501, .T. ) ;
#1164 = AXIS2_PLACEMENT_3D ( 'NONE', #1888, #6100, #3461 ) ;
#1165 = CARTESIAN_POINT ( 'NONE',  ( 0.1886826620178871372, 0.1145784834233205124, 0.07874015748035433082 ) ) ;
#1166 = CIRCLE ( 'NONE', #289, 0.1389977967428346894 ) ;
#1167 = DIRECTION ( 'NONE',  ( 0.0000000000000000000, 0.0000000000000000000, 1.000000000000000000 ) ) ;
#1168 = ORIENTED_EDGE ( 'NONE', *, *, #5432, .F. ) ;
#1169 = CARTESIAN_POINT ( 'NONE',  ( -0.2457384424517322918, -0.1512202902575984498, -0.07874015748031495954 ) ) ;
#1170 = CARTESIAN_POINT ( 'NONE',  ( -0.2456842834268740949, -0.1513272713736444341, -0.07873998029003977106 ) ) ;
#1171 = EDGE_LOOP ( 'NONE', ( #1092, #3136, #2689, #1127 ) ) ;
#1172 = AXIS2_PLACEMENT_3D ( 'NONE', #6709, #3555, #1550 ) ;
#1173 = DIRECTION ( 'NONE',  ( -1.000000000000000000, 0.0000000000000000000, 0.0000000000000000000 ) ) ;
#1174 = DIRECTION ( 'NONE',  ( 1.000000000000000000, 2.296409291177999927E-12, -2.092496268911999897E-11 ) ) ;
#1175 = DIRECTION ( 'NONE',  ( 1.000000000000000000, 0.0000000000000000000, 0.0000000000000000000 ) ) ;
#1176 = DIRECTION ( 'NONE',  ( 1.000000000000000000, 0.0000000000000000000, 0.0000000000000000000 ) ) ;
#1177 = CIRCLE ( 'NONE', #3153, 0.01181102362204724046 ) ;
#1178 = VERTEX_POINT ( 'NONE', #3534 ) ;
#1179 = CARTESIAN_POINT ( 'NONE',  ( -0.2496226528148398072, -0.1512202903731102999, -0.07798677463047240521 ) ) ;
#1180 = LINE ( 'NONE', #3281, #1042 ) ;
#1181 = CALENDAR_DATE ( 2019, 27, 6 ) ;
#1182 = APPROVAL ( #2199, 'UNSPECIFIED' ) ;
#1183 = EDGE_CURVE ( 'NONE', #6135, #3308, #3254, .T. ) ;
#1184 = VECTOR ( 'NONE', #4681, 39.37007874015748143 ) ;
#1185 = DIRECTION ( 'NONE',  ( -1.000000000000000000, 0.0000000000000000000, -4.459611067276000023E-13 ) ) ;
#1186 = VERTEX_POINT ( 'NONE', #6164 ) ;
#1187 = CARTESIAN_POINT ( 'NONE',  ( 0.2525812234814150958, 0.1546858360667009991, -0.07586130276224420377 ) ) ;
#1188 = DIRECTION ( 'NONE',  ( -1.000000000000000000, 0.0000000000000000000, 0.0000000000000000000 ) ) ;
#1189 = DIRECTION ( 'NONE',  ( 0.03487826274220859335, 0.03487826274134859378, -0.9987827659587598106 ) ) ;
#1190 = FACE_OUTER_BOUND ( 'NONE', #465, .T. ) ;
#1191 = ORIENTED_EDGE ( 'NONE', *, *, #6086, .T. ) ;
#1192 = CARTESIAN_POINT ( 'NONE',  ( 0.2445136421276634664, -0.1530179324368361182, -0.07873997958916907625 ) ) ;
#1193 = EDGE_CURVE ( 'NONE', #3326, #6416, #1425, .T. ) ;
#1194 = VECTOR ( 'NONE', #5320, 39.37007874015748143 ) ;
#1195 = CARTESIAN_POINT ( 'NONE',  ( 0.1618110236220473008, 0.1673228346456692994, -2.417630837433070880E-14 ) ) ;
#1196 = PLANE ( 'NONE',  #6785 ) ;
#1197 = CARTESIAN_POINT ( 'NONE',  ( -0.1767115179668983516, 0.1029419701431404655, 0.08353144323478978173 ) ) ;
#1198 = ORIENTED_EDGE ( 'NONE', *, *, #4547, .T. ) ;
#1199 = DIRECTION ( 'NONE',  ( 0.0000000000000000000, 0.9986295347547528012, 0.05233595623952764370 ) ) ;
#1200 = ORIENTED_EDGE ( 'NONE', *, *, #4744, .T. ) ;
#1201 = ORIENTED_EDGE ( 'NONE', *, *, #3684, .F. ) ;
#1202 = CARTESIAN_POINT ( 'NONE',  ( -0.2525436878596848955, -0.1562769201340753755, -0.07181944283353441927 ) ) ;
#1203 = EDGE_CURVE ( 'NONE', #4873, #772, #241, .T. ) ;
#1204 = CARTESIAN_POINT ( 'NONE',  ( 0.1618110236220473008, 0.1751968503937007815, 0.01574803149606299191 ) ) ;
#1205 = DIRECTION ( 'NONE',  ( 1.000000000000000000, -2.708944180084999771E-13, -1.624626359367999998E-13 ) ) ;
#1206 = ORIENTED_EDGE ( 'NONE', *, *, #1458, .T. ) ;
#1207 = CARTESIAN_POINT ( 'NONE',  ( -0.2216535433070866146, -0.03937007874015747977, 0.1850393700787795470 ) ) ;
#1208 = ORIENTED_EDGE ( 'NONE', *, *, #438, .T. ) ;
#1209 = ORIENTED_EDGE ( 'NONE', *, *, #2001, .T. ) ;
#1210 = EDGE_CURVE ( 'NONE', #5847, #5956, #2542, .T. ) ;
#1211 = DIRECTION ( 'NONE',  ( -0.03495308940027160027, -0.03487850702383159945, 0.9987801416173457403 ) ) ;
#1212 =( BOUNDED_CURVE ( )  B_SPLINE_CURVE ( 3, ( #2972, #2441, #6121, #3910 ),
 .UNSPECIFIED., .F., .T. ) 
 B_SPLINE_CURVE_WITH_KNOTS ( ( 4, 4 ),
 ( 0.0000000000000000000, 1.000000000000000000 ),
 .UNSPECIFIED. ) 
 CURVE ( )  GEOMETRIC_REPRESENTATION_ITEM ( )  RATIONAL_B_SPLINE_CURVE ( ( 1.151226593746814686, 0.9495911086659926115, 0.9495911354176168606, 1.151226674001662786 ) ) 
 REPRESENTATION_ITEM ( '' )  );
#1213 = DIRECTION ( 'NONE',  ( -1.000000000000000000, 2.235249022911999926E-13, 7.945496112901000842E-13 ) ) ;
#1214 = ORIENTED_EDGE ( 'NONE', *, *, #38, .T. ) ;
#1215 = LINE ( 'NONE', #690, #4244 ) ;
#1216 = DIRECTION ( 'NONE',  ( 0.7066760308408278624, 0.7066760308408278624, -0.03489949670277137095 ) ) ;
#1217 = COORDINATED_UNIVERSAL_TIME_OFFSET ( 0, 0, .AHEAD. ) ;
#1218 = VERTEX_POINT ( 'NONE', #1986 ) ;
#1219 = CARTESIAN_POINT ( 'NONE',  ( 0.2165354330708661457, 0.06184532343511810887, 0.1023622047244094752 ) ) ;
#1220 = VERTEX_POINT ( 'NONE', #6194 ) ;
#1221 = DIRECTION ( 'NONE',  ( 0.0000000000000000000, 1.000000000000000000, 0.0000000000000000000 ) ) ;
#1222 = DIRECTION ( 'NONE',  ( 0.0000000000000000000, 0.0000000000000000000, -1.000000000000000000 ) ) ;
#1223 = DIRECTION ( 'NONE',  ( 1.000000000000000000, 0.0000000000000000000, 0.0000000000000000000 ) ) ;
#1224 = CARTESIAN_POINT ( 'NONE',  ( 0.2027559055118110243, 0.07086614173228347746, 0.1023622047244094752 ) ) ;
#1225 = EDGE_LOOP ( 'NONE', ( #4986, #6708, #6753, #4302 ) ) ;
#1226 = CARTESIAN_POINT ( 'NONE',  ( 0.2495899554450392854, -0.1535273245894784033, -0.07876902381811159981 ) ) ;
#1227 = CARTESIAN_POINT ( 'NONE',  ( 0.2590878080575923503, -0.1584043987675478049, 0.02184411804565804249 ) ) ;
#1228 = LINE ( 'NONE', #4333, #2163 ) ;
#1229 = CARTESIAN_POINT ( 'NONE',  ( -0.2442240130052362179, -0.1607131750786220392, 0.1892750020310236259 ) ) ;
#1230 = DIRECTION ( 'NONE',  ( 0.0000000000000000000, 1.000000000000000000, 0.0000000000000000000 ) ) ;
#1231 = ORIENTED_EDGE ( 'NONE', *, *, #2562, .T. ) ;
#1232 = EDGE_CURVE ( 'NONE', #3388, #6676, #6839, .T. ) ;
#1233 = CARTESIAN_POINT ( 'NONE',  ( -0.2165354330708661457, 0.1102362204724409434, 0.1653543307087008141 ) ) ;
#1234 = ORIENTED_EDGE ( 'NONE', *, *, #713, .T. ) ;
#1235 = DIRECTION ( 'NONE',  ( 0.0000000000000000000, -1.000000000000000000, 0.0000000000000000000 ) ) ;
#1236 = DIRECTION ( 'NONE',  ( 0.0000000000000000000, 0.0000000000000000000, 1.000000000000000000 ) ) ;
#1237 = CARTESIAN_POINT ( 'NONE',  ( 0.1439296268787795263, -0.1022259235353543405, 0.06302655121027558871 ) ) ;
#1238 = PLANE ( 'NONE',  #6726 ) ;
#1239 = ADVANCED_FACE ( 'NONE', ( #3126 ), #4971, .T. ) ;
#1240 = ORIENTED_EDGE ( 'NONE', *, *, #451, .T. ) ;
#1241 = DIRECTION ( 'NONE',  ( 0.0000000000000000000, 0.0000000000000000000, 1.000000000000000000 ) ) ;
#1242 = ORIENTED_EDGE ( 'NONE', *, *, #2790, .T. ) ;
#1243 = DIRECTION ( 'NONE',  ( 0.0000000000000000000, 0.9986295347543296952, -0.05233595624760174064 ) ) ;
#1244 = EDGE_CURVE ( 'NONE', #5956, #1549, #372, .T. ) ;
#1245 = DIRECTION ( 'NONE',  ( -1.000000000000000000, 0.0000000000000000000, 0.0000000000000000000 ) ) ;
#1246 = ADVANCED_FACE ( 'NONE', ( #926 ), #5739, .F. ) ;
#1247 = ORIENTED_EDGE ( 'NONE', *, *, #4793, .T. ) ;
#1248 = CARTESIAN_POINT ( 'NONE',  ( 0.2590544667712149085, -0.1592829229026125337, 0.02169516370926650659 ) ) ;
#1249 = CARTESIAN_POINT ( 'NONE',  ( -0.2165354330708661457, -0.009020818297157480806, 0.07874015748035433082 ) ) ;
#1250 = VERTEX_POINT ( 'NONE', #5229 ) ;
#1251 = CARTESIAN_POINT ( 'NONE',  ( -0.2532336848988853140, -0.07653925334290026528, 0.1892522668455594304 ) ) ;
#1252 = VERTEX_POINT ( 'NONE', #4632 ) ;
#1253 = B_SPLINE_CURVE_WITH_KNOTS ( 'NONE', 3,
 ( #634, #5192, #891, #815 ),
 .UNSPECIFIED., .F., .F.,
 ( 4, 4 ),
 ( 0.0000000000000000000, 1.000000000000000000 ),
 .UNSPECIFIED. ) ;
#1254 = EDGE_CURVE ( 'NONE', #5027, #2545, #487, .T. ) ;
#1255 = CARTESIAN_POINT ( 'NONE',  ( 0.2452207085793333685, 0.1609710086301681387, -0.07155240746229890592 ) ) ;
#1256 = CARTESIAN_POINT ( 'NONE',  ( 0.2599114703112521685, -0.1574875683544882665, 0.0007897748069028192241 ) ) ;
#1257 = CARTESIAN_POINT ( 'NONE',  ( 0.2491690160453523539, 0.1665619806310968121, 0.02178261343553646728 ) ) ;
#1258 = LINE ( 'NONE', #2205, #1947 ) ;
#1259 = ORIENTED_EDGE ( 'NONE', *, *, #451, .F. ) ;
#1260 = CARTESIAN_POINT ( 'NONE',  ( 0.2482366201876061440, -0.1556244545606712548, -0.07876902381811159981 ) ) ;
#1261 = ORIENTED_EDGE ( 'NONE', *, *, #3853, .F. ) ;
#1262 = DIRECTION ( 'NONE',  ( 0.0000000000000000000, -1.000000000000000000, 0.0000000000000000000 ) ) ;
#1263 = CARTESIAN_POINT ( 'NONE',  ( 0.1381889763779527436, 0.1667729012678346445, 0.01574803149606299191 ) ) ;
#1264 = DIRECTION ( 'NONE',  ( 1.000000000000000000, 0.0000000000000000000, 0.0000000000000000000 ) ) ;
#1265 = CARTESIAN_POINT ( 'NONE',  ( 0.07555160667795275675, 0.1356299242418504136, 0.07874015748035433082 ) ) ;
#1266 = VERTEX_POINT ( 'NONE', #5766 ) ;
#1267 = VECTOR ( 'NONE', #1971, 39.37007874015748143 ) ;
#1268 = CYLINDRICAL_SURFACE ( 'NONE', #5037, 0.009842519685039378616 ) ;
#1269 = EDGE_LOOP ( 'NONE', ( #1395, #4120, #3707, #4821, #1432 ) ) ;
#1270 = ORIENTED_EDGE ( 'NONE', *, *, #550, .T. ) ;
#1271 = DIRECTION ( 'NONE',  ( 0.0000000000000000000, 0.0000000000000000000, 1.000000000000000000 ) ) ;
#1272 = CIRCLE ( 'NONE', #2809, 0.003937007874015760987 ) ;
#1273 = AXIS2_PLACEMENT_3D ( 'NONE', #3615, #483, #5343 ) ;
#1274 = ADVANCED_FACE ( 'NONE', ( #5706 ), #4117, .T. ) ;
#1275 = DIRECTION ( 'NONE',  ( 2.979771308928000016E-14, -1.000000000000000000, 0.0000000000000000000 ) ) ;
#1276 = VERTEX_POINT ( 'NONE', #5260 ) ;
#1277 = CARTESIAN_POINT ( 'NONE',  ( -0.1381889763779527436, -0.1883973487342519848, -0.07365883395673229750 ) ) ;
#1278 = CIRCLE ( 'NONE', #3809, 0.009842519685039368207 ) ;
#1279 = AXIS2_PLACEMENT_3D ( 'NONE', #3071, #5204, #5674 ) ;
#1280 = UNCERTAINTY_MEASURE_WITH_UNIT (LENGTH_MEASURE( 1.000000000000000082E-05 ), #5307, 'distance_accuracy_value', 'NONE');
#1281 = EDGE_CURVE ( 'NONE', #4223, #6375, #4727, .T. ) ;
#1282 = VECTOR ( 'NONE', #6770, 39.37007874015748143 ) ;
#1283 = VECTOR ( 'NONE', #36, 39.37007874015748143 ) ;
#1284 = CARTESIAN_POINT ( 'NONE',  ( -0.2216535433070866146, -0.03937007874015747977, 0.1968503937008267979 ) ) ;
#1285 = CARTESIAN_POINT ( 'NONE',  ( -0.1618110236220473008, 0.2039282667301968444, -0.06910368486704725199 ) ) ;
#1286 = ORIENTED_EDGE ( 'NONE', *, *, #4048, .T. ) ;
#1287 = CYLINDRICAL_SURFACE ( 'NONE', #5166, 0.009842519685039378616 ) ;
#1288 = CARTESIAN_POINT ( 'NONE',  ( -0.1688173440260932467, 0.1018882101678485613, 0.05335570568105693634 ) ) ;
#1289 = AXIS2_PLACEMENT_3D ( 'NONE', #5828, #1091, #559 ) ;
#1290 = DATE_AND_TIME ( #3282, #5323 ) ;
#1291 = ORIENTED_EDGE ( 'NONE', *, *, #1116, .F. ) ;
#1292 = EDGE_CURVE ( 'NONE', #4947, #237, #330, .T. ) ;
#1293 = VECTOR ( 'NONE', #3979, 39.37007874015748143 ) ;
#1294 = CARTESIAN_POINT ( 'NONE',  ( 3.129972221912204559E-12, -0.1641928223964961020, -0.03577620371630708951 ) ) ;
#1295 = ORIENTED_EDGE ( 'NONE', *, *, #5264, .T. ) ;
#1296 = CARTESIAN_POINT ( 'NONE',  ( 0.2451642780844960900, 0.1605975234784918770, -0.07586130276224420377 ) ) ;
#1297 = LINE ( 'NONE', #1927, #2684 ) ;
#1298 = CARTESIAN_POINT ( 'NONE',  ( -0.2521385443360322220, -0.1560087190493626708, 0.1893742367074554844 ) ) ;
#1299 = DIRECTION ( 'NONE',  ( 0.08682659165515156652, -0.08682660075794157439, 0.9924325087291178127 ) ) ;
#1300 = VERTEX_POINT ( 'NONE', #2479 ) ;
#1301 = CARTESIAN_POINT ( 'NONE',  ( 0.2442730337341458835, -0.1530990807887198379, -0.07873997958916907625 ) ) ;
#1302 = ORIENTED_EDGE ( 'NONE', *, *, #5479, .F. ) ;
#1303 = CARTESIAN_POINT ( 'NONE',  ( 0.0000000000000000000, 0.06114078714570865547, 0.08267716535433072833 ) ) ;
#1304 = VECTOR ( 'NONE', #6485, 39.37007874015748143 ) ;
#1305 = EDGE_CURVE ( 'NONE', #3722, #4304, #4907, .T. ) ;
#1306 = VECTOR ( 'NONE', #3955, 39.37007874015748143 ) ;
#1307 = FACE_OUTER_BOUND ( 'NONE', #4583, .T. ) ;
#1308 = DIRECTION ( 'NONE',  ( 0.0000000000000000000, -1.000000000000000000, 0.0000000000000000000 ) ) ;
#1309 = ORIENTED_EDGE ( 'NONE', *, *, #238, .F. ) ;
#1310 = DIRECTION ( 'NONE',  ( -1.000000000000000000, 0.0000000000000000000, 0.0000000000000000000 ) ) ;
#1311 = CARTESIAN_POINT ( 'NONE',  ( -0.05453501589578740177, -0.09809844864539371545, -0.05511807198771653815 ) ) ;
#1312 = AXIS2_PLACEMENT_3D ( 'NONE', #284, #1328, #4025 ) ;
#1313 = CARTESIAN_POINT ( 'NONE',  ( -0.2442239080051575029, 0.1607131655841732565, 0.1892750026044094647 ) ) ;
#1314 = CARTESIAN_POINT ( 'NONE',  ( 0.2598425196851181229, 0.1574803148640157302, 1.268902415337007918E-12 ) ) ;
#1315 = VECTOR ( 'NONE', #6303, 39.37007874015748143 ) ;
#1316 = ORIENTED_EDGE ( 'NONE', *, *, #3659, .F. ) ;
#1317 = CARTESIAN_POINT ( 'NONE',  ( 0.2535400661913568832, 0.1528566884129144154, -0.07212990214114489707 ) ) ;
#1318 = EDGE_CURVE ( 'NONE', #857, #1391, #4796, .T. ) ;
#1319 = VERTEX_POINT ( 'NONE', #532 ) ;
#1320 = DIRECTION ( 'NONE',  ( 0.0000000000000000000, 0.0000000000000000000, -1.000000000000000000 ) ) ;
#1321 = CARTESIAN_POINT ( 'NONE',  ( -0.2457052168045709140, 0.1514721268738185855, -0.07874015918721249951 ) ) ;
#1322 = ORIENTED_EDGE ( 'NONE', *, *, #4103, .F. ) ;
#1323 = DIRECTION ( 'NONE',  ( 0.0000000000000000000, 0.0000000000000000000, -1.000000000000000000 ) ) ;
#1324 = EDGE_CURVE ( 'NONE', #2191, #1017, #157, .T. ) ;
#1325 = LINE ( 'NONE', #346, #6459 ) ;
#1326 = CARTESIAN_POINT ( 'NONE',  ( -0.2437399756379555471, 0.1610628111656209061, -0.07155240743413665561 ) ) ;
#1327 = EDGE_LOOP ( 'NONE', ( #65, #1964, #6850, #2470 ) ) ;
#1328 = DIRECTION ( 'NONE',  ( 0.0000000000000000000, 1.000000000000000000, 0.0000000000000000000 ) ) ;
#1329 = ORIENTED_EDGE ( 'NONE', *, *, #3295, .T. ) ;
#1330 = CARTESIAN_POINT ( 'NONE',  ( 0.2441348430586725016, 0.1574801786771885259, -0.07876893026777351259 ) ) ;
#1331 = CARTESIAN_POINT ( 'NONE',  ( 0.1893700787401574881, -0.1455756011410629935, 0.05905511811023622659 ) ) ;
#1332 = EDGE_CURVE ( 'NONE', #1494, #3027, #6186, .T. ) ;
#1333 = CARTESIAN_POINT ( 'NONE',  ( -0.1878556341471397939, -0.1102362204724409434, 0.07874015748035433082 ) ) ;
#1334 = ORIENTED_EDGE ( 'NONE', *, *, #2270, .F. ) ;
#1335 = CARTESIAN_POINT ( 'NONE',  ( 0.1524722909642519664, -0.1020872432459448975, 0.05905511815287402960 ) ) ;
#1336 = ORIENTED_EDGE ( 'NONE', *, *, #5317, .F. ) ;
#1337 = DIRECTION ( 'NONE',  ( 0.0000000000000000000, 1.000000000000000000, 0.0000000000000000000 ) ) ;
#1338 = CARTESIAN_POINT ( 'NONE',  ( -0.03931311273619962632, -0.1059511913651133286, 0.03674542295150113463 ) ) ;
#1339 = CARTESIAN_POINT ( 'NONE',  ( -0.2224409448818897850, -1.205361022782829037E-18, 0.1032283464566929043 ) ) ;
#1340 = EDGE_CURVE ( 'NONE', #5959, #3602, #4598, .T. ) ;
#1341 = CARTESIAN_POINT ( 'NONE',  ( -0.1618110236220473008, 0.2041237981004330737, -0.07283464566929134798 ) ) ;
#1342 = VERTEX_POINT ( 'NONE', #6352 ) ;
#1343 = CARTESIAN_POINT ( 'NONE',  ( -0.2456242950106701795, -0.1517329529672684640, -0.07873998029003977106 ) ) ;
#1344 = ORIENTED_EDGE ( 'NONE', *, *, #773, .F. ) ;
#1345 = DIRECTION ( 'NONE',  ( 0.0000000000000000000, 0.0000000000000000000, -1.000000000000000000 ) ) ;
#1346 = CARTESIAN_POINT ( 'NONE',  ( -0.05000000000000000278, -0.1141732283464566844, 0.09055118110236221041 ) ) ;
#1347 = DIRECTION ( 'NONE',  ( -1.000000000000000000, 0.0000000000000000000, 0.0000000000000000000 ) ) ;
#1348 = VERTEX_POINT ( 'NONE', #87 ) ;
#1349 = DIRECTION ( 'NONE',  ( 0.0000000000000000000, 0.0000000000000000000, -1.000000000000000000 ) ) ;
#1350 = VERTEX_POINT ( 'NONE', #1653 ) ;
#1351 = DIRECTION ( 'NONE',  ( 0.0000000000000000000, -1.000000000000000000, 0.0000000000000000000 ) ) ;
#1352 = DIRECTION ( 'NONE',  ( 0.0000000000000000000, 0.0000000000000000000, -1.000000000000000000 ) ) ;
#1353 = ORIENTED_EDGE ( 'NONE', *, *, #3031, .T. ) ;
#1354 = CARTESIAN_POINT ( 'NONE',  ( 0.1459246099678740138, 0.1020108027792519939, 0.05686629963736220678 ) ) ;
#1355 = CARTESIAN_POINT ( 'NONE',  ( -0.03818897637795275191, -0.1751968503937007815, 0.0000000000000000000 ) ) ;
#1356 = CARTESIAN_POINT ( 'NONE',  ( -0.2517799616120374173, 0.1665620054638537462, 0.02169511659693015154 ) ) ;
#1357 = VERTEX_POINT ( 'NONE', #1621 ) ;
#1358 = EDGE_CURVE ( 'NONE', #6543, #4837, #3839, .T. ) ;
#1359 = CARTESIAN_POINT ( 'NONE',  ( -0.2437399758076200518, -0.1575182049849178367, -0.07874015620201540999 ) ) ;
#1360 = VERTEX_POINT ( 'NONE', #1207 ) ;
#1361 = CARTESIAN_POINT ( 'NONE',  ( 0.2440386261555541614, 0.1531473977538033160, -0.07873998074171600914 ) ) ;
#1362 = PLANE ( 'NONE',  #719 ) ;
#1363 = DIRECTION ( 'NONE',  ( -2.597921879216999262E-14, 1.000000000000000000, 0.0000000000000000000 ) ) ;
#1364 = ORIENTED_EDGE ( 'NONE', *, *, #2270, .T. ) ;
#1365 = DIRECTION ( 'NONE',  ( -1.000000000000000000, 0.0000000000000000000, 0.0000000000000000000 ) ) ;
#1366 = ORIENTED_EDGE ( 'NONE', *, *, #763, .F. ) ;
#1367 = EDGE_CURVE ( 'NONE', #6841, #5273, #3196, .T. ) ;
#1368 = CARTESIAN_POINT ( 'NONE',  ( -0.2533317379265179747, 0.03937007874015747977, 0.1864443955110506312 ) ) ;
#1369 = CARTESIAN_POINT ( 'NONE',  ( -0.2551576234568272428, 0.1664274659613560470, -0.0001171853021461221787 ) ) ;
#1370 = CARTESIAN_POINT ( 'NONE',  ( 0.08565274858188977325, 0.1343120206684645657, 0.07874015748035433082 ) ) ;
#1371 = CARTESIAN_POINT ( 'NONE',  ( 0.2525767613506628151, -0.1673228346536968503, 1.972431343121327221E-10 ) ) ;
#1372 = ORIENTED_EDGE ( 'NONE', *, *, #17, .T. ) ;
#1373 = CARTESIAN_POINT ( 'NONE',  ( -0.2462972013908580615, -0.1607501678932281297, -0.07155240743470069054 ) ) ;
#1374 = ORIENTED_EDGE ( 'NONE', *, *, #3214, .T. ) ;
#1375 = EDGE_CURVE ( 'NONE', #2012, #2137, #3309, .T. ) ;
#1376 = EDGE_CURVE ( 'NONE', #5238, #205, #681, .T. ) ;
#1377 = VECTOR ( 'NONE', #6756, 39.37007874015748143 ) ;
#1378 = CARTESIAN_POINT ( 'NONE',  ( 0.1886826620178740366, 0.1145784834233070926, 0.07874015748035433082 ) ) ;
#1379 = DIRECTION ( 'NONE',  ( 0.0000000000000000000, 0.9993908270191234067, -0.03489949670171080959 ) ) ;
#1380 = ORIENTED_EDGE ( 'NONE', *, *, #4235, .F. ) ;
#1381 = DIRECTION ( 'NONE',  ( 0.0000000000000000000, -1.000000000000000000, 0.0000000000000000000 ) ) ;
#1382 = AXIS2_PLACEMENT_3D ( 'NONE', #6122, #3912, #4531 ) ;
#1383 = AXIS2_PLACEMENT_3D ( 'NONE', #519, #2028, #5818 ) ;
#1384 = EDGE_CURVE ( 'NONE', #5956, #805, #4364, .T. ) ;
#1385 = AXIS2_PLACEMENT_3D ( 'NONE', #540, #6204, #3666 ) ;
#1386 = VECTOR ( 'NONE', #4118, 39.37007874015748143 ) ;
#1387 = DIRECTION ( 'NONE',  ( -1.000000000000000000, 0.0000000000000000000, 0.0000000000000000000 ) ) ;
#1388 = ORIENTED_EDGE ( 'NONE', *, *, #3743, .T. ) ;
#1389 = FACE_OUTER_BOUND ( 'NONE', #562, .T. ) ;
#1390 = CARTESIAN_POINT ( 'NONE',  ( -0.2523172952773622968, 0.1546542029841338761, 0.1974049544548425184 ) ) ;
#1391 = VERTEX_POINT ( 'NONE', #2745 ) ;
#1392 = VECTOR ( 'NONE', #2514, 39.37007874015748143 ) ;
#1393 = VECTOR ( 'NONE', #4908, 39.37007874015748143 ) ;
#1394 = DIRECTION ( 'NONE',  ( -0.03487826274213123856, -0.03487826274213123856, -0.9987827659587351636 ) ) ;
#1395 = ORIENTED_EDGE ( 'NONE', *, *, #3925, .F. ) ;
#1396 = CARTESIAN_POINT ( 'NONE',  ( -0.2551398078410979653, 0.1662751089694665119, -1.985394934336462622E-05 ) ) ;
#1397 = AXIS2_PLACEMENT_3D ( 'NONE', #527, #5893, #1160 ) ;
#1398 = DIRECTION ( 'NONE',  ( -1.000000000000000000, -1.066395542144000045E-13, -5.342749382863999896E-13 ) ) ;
#1399 = CARTESIAN_POINT ( 'NONE',  ( -0.1618110236220473008, -0.1751968503937007815, 0.01574803149606299191 ) ) ;
#1400 = ORIENTED_EDGE ( 'NONE', *, *, #6774, .F. ) ;
#1401 = CARTESIAN_POINT ( 'NONE',  ( -0.1381889763779527436, 0.2041237981004330737, -0.08858267716535435377 ) ) ;
#1402 =( BOUNDED_CURVE ( )  B_SPLINE_CURVE ( 3, ( #6742, #3032, #5132, #901 ),
 .UNSPECIFIED., .F., .T. ) 
 B_SPLINE_CURVE_WITH_KNOTS ( ( 4, 4 ),
 ( 5.498396538378417020, 7.067974482990469376 ),
 .UNSPECIFIED. ) 
 CURVE ( )  GEOMETRIC_REPRESENTATION_ITEM ( )  RATIONAL_B_SPLINE_CURVE ( ( 1.000000000000000000, 0.8050249420687691781, 0.8050249420687691781, 1.000000000000000000 ) ) 
 REPRESENTATION_ITEM ( '' )  );
#1403 = EDGE_CURVE ( 'NONE', #5625, #784, #4761, .T. ) ;
#1404 = ORIENTED_EDGE ( 'NONE', *, *, #5985, .T. ) ;
#1405 = VECTOR ( 'NONE', #2863, 39.37007874015748143 ) ;
#1406 = CARTESIAN_POINT ( 'NONE',  ( -0.2562210868070472491, 0.1636398042851180956, 0.02165353369637795442 ) ) ;
#1407 = CARTESIAN_POINT ( 'NONE',  ( 0.2535824953443306939, -0.1512202898668897622, -0.07155240742165354384 ) ) ;
#1408 = DIRECTION ( 'NONE',  ( 0.0000000000000000000, 1.000000000000000000, -1.856547323282999908E-12 ) ) ;
#1409 = ORIENTED_EDGE ( 'NONE', *, *, #5693, .F. ) ;
#1410 = AXIS2_PLACEMENT_3D ( 'NONE', #4814, #4324, #1221 ) ;
#1411 = CARTESIAN_POINT ( 'NONE',  ( -0.2494747028815506584, -0.1587989294985829580, -0.07586133578242240660 ) ) ;
#1412 = ADVANCED_FACE ( 'NONE', ( #3730 ), #5833, .T. ) ;
#1413 = ORIENTED_EDGE ( 'NONE', *, *, #3947, .F. ) ;
#1414 = CARTESIAN_POINT ( 'NONE',  ( 0.05000000000000000278, 0.0000000000000000000, 0.08267716535433072833 ) ) ;
#1415 = VECTOR ( 'NONE', #3708, 39.37007874015748143 ) ;
#1416 = CARTESIAN_POINT ( 'NONE',  ( 0.2125984251968504046, 0.07086614173228347746, 0.07874015748035433082 ) ) ;
#1417 = CARTESIAN_POINT ( 'NONE',  ( 0.1816849437310259219, 0.1029121381022110732, 0.08267716535433070058 ) ) ;
#1418 = ORIENTED_EDGE ( 'NONE', *, *, #2829, .T. ) ;
#1419 = EDGE_CURVE ( 'NONE', #2899, #2363, #52, .T. ) ;
#1420 = VECTOR ( 'NONE', #1308, 39.37007874015748143 ) ;
#1421 = VECTOR ( 'NONE', #1205, 39.37007874015748143 ) ;
#1422 = DIRECTION ( 'NONE',  ( 0.0000000000000000000, 0.0000000000000000000, -1.000000000000000000 ) ) ;
#1423 = LINE ( 'NONE', #6713, #5185 ) ;
#1424 = ORIENTED_EDGE ( 'NONE', *, *, #6837, .F. ) ;
#1425 = LINE ( 'NONE', #6544, #1608 ) ;
#1426 = DIRECTION ( 'NONE',  ( 4.960818108821999573E-14, 1.000000000000000000, 0.0000000000000000000 ) ) ;
#1427 = ADVANCED_FACE ( 'NONE', ( #2159 ), #116, .T. ) ;
#1428 = FACE_OUTER_BOUND ( 'NONE', #5495, .T. ) ;
#1429 = B_SPLINE_SURFACE_WITH_KNOTS ( 'NONE', 3, 1, ( 
 ( #4981, #220 ),
 ( #3863, #5968 ),
 ( #3934, #3442 ),
 ( #4444, #780 ),
 ( #3896, #6044 ),
 ( #1227, #6597 ),
 ( #3971, #6080 ),
 ( #6005, #5559 ) ),
 .UNSPECIFIED., .F., .F., .F.,
 ( 4, 1, 1, 1, 1, 4 ),
 ( 2, 2 ),
 ( 0.04565911864101716844, 0.05177569149703999812, 0.3505918966011000171, 0.6494081017067000472, 0.9482243092744999657, 0.9536074050157579141 ),
 ( 0.0000000000000000000, 1.000000000000000000 ),
 .UNSPECIFIED. ) ;
#1430 = DIRECTION ( 'NONE',  ( 0.0000000000000000000, 0.0000000000000000000, -1.000000000000000000 ) ) ;
#1431 = CARTESIAN_POINT ( 'NONE',  ( 0.2438276389737135952, 0.1574866751700229328, -0.07876893026777351259 ) ) ;
#1432 = ORIENTED_EDGE ( 'NONE', *, *, #2958, .T. ) ;
#1433 = DIRECTION ( 'NONE',  ( 0.0000000000000000000, 1.000000000000000000, 0.0000000000000000000 ) ) ;
#1434 = CARTESIAN_POINT ( 'NONE',  ( -0.05000000000000000278, -0.1248710670353937319, 0.09055118110236221041 ) ) ;
#1435 = ORIENTED_EDGE ( 'NONE', *, *, #4974, .F. ) ;
#1436 = DIRECTION ( 'NONE',  ( -1.000000000000000000, 0.0000000000000000000, 0.0000000000000000000 ) ) ;
#1437 = ORIENTED_EDGE ( 'NONE', *, *, #1773, .T. ) ;
#1438 = EDGE_CURVE ( 'NONE', #5929, #3388, #1125, .T. ) ;
#1439 = DIRECTION ( 'NONE',  ( -1.000000000000000000, 0.0000000000000000000, 0.0000000000000000000 ) ) ;
#1440 = CARTESIAN_POINT ( 'NONE',  ( 0.2457384424398819101, -0.1512202904062598385, -0.07874015748031495954 ) ) ;
#1441 = CARTESIAN_POINT ( 'NONE',  ( -0.2453763738380748960, -0.1610203810538477776, -0.07212990212312100913 ) ) ;
#1442 = ORIENTED_EDGE ( 'NONE', *, *, #128, .T. ) ;
#1443 = CARTESIAN_POINT ( 'NONE',  ( -0.2481847344206869754, -0.1556768529221648212, -0.07876896696629009931 ) ) ;
#1444 = EDGE_CURVE ( 'NONE', #2607, #594, #1212, .T. ) ;
#1445 = LINE ( 'NONE', #1378, #1736 ) ;
#1446 = LINE ( 'NONE', #3553, #4034 ) ;
#1447 = EDGE_LOOP ( 'NONE', ( #6265, #3007, #5608, #6316, #982, #2395, #4336 ) ) ;
#1448 = EDGE_LOOP ( 'NONE', ( #5859, #3900, #5212, #4827, #2172, #5299, #6166, #2428, #2517, #5336, #1259, #5015 ) ) ;
#1449 = EDGE_CURVE ( 'NONE', #5184, #3317, #6591, .T. ) ;
#1450 = CARTESIAN_POINT ( 'NONE',  ( 0.2590759282151182119, 0.1567271628815354312, 0.02165407828939370019 ) ) ;
#1451 = CARTESIAN_POINT ( 'NONE',  ( -0.2533599610243307820, 0.03937007874015747977, 0.1850397333144488399 ) ) ;
#1452 = DIRECTION ( 'NONE',  ( 0.03546222801290083160, 0.03487668509025081826, 0.9987622576076232717 ) ) ;
#1453 = VERTEX_POINT ( 'NONE', #5571 ) ;
#1454 = CARTESIAN_POINT ( 'NONE',  ( -0.1381889763779527436, -0.1667729012678346445, 0.01574803149606299191 ) ) ;
#1455 = CARTESIAN_POINT ( 'NONE',  ( 0.2433665616422441003, -0.1508781744282677306, 0.1968502027544094812 ) ) ;
#1456 = CARTESIAN_POINT ( 'NONE',  ( -0.2462002204540236217, 0.1603850035137527330, -0.07586135892087482457 ) ) ;
#1457 = ORIENTED_EDGE ( 'NONE', *, *, #6061, .F. ) ;
#1458 = EDGE_CURVE ( 'NONE', #5550, #6408, #4426, .T. ) ;
#1459 = EDGE_CURVE ( 'NONE', #1931, #1467, #1902, .T. ) ;
#1460 = CARTESIAN_POINT ( 'NONE',  ( 0.08565274607338584090, -0.1343120213343307334, 0.07874015748035433082 ) ) ;
#1461 = CARTESIAN_POINT ( 'NONE',  ( -0.05462286475429133786, -0.1176766922479134253, -0.05857069944677165130 ) ) ;
#1462 = ORIENTED_EDGE ( 'NONE', *, *, #4728, .F. ) ;
#1463 = DIRECTION ( 'NONE',  ( -0.03487826274199157250, -0.03487826274199157250, -0.9987827659587451556 ) ) ;
#1464 = FACE_OUTER_BOUND ( 'NONE', #7, .T. ) ;
#1465 = VERTEX_POINT ( 'NONE', #2933 ) ;
#1466 = CARTESIAN_POINT ( 'NONE',  ( -0.1381889763779527436, -0.1751968503937007815, 0.01574803149606299191 ) ) ;
#1467 = VERTEX_POINT ( 'NONE', #2371 ) ;
#1468 = ADVANCED_FACE ( 'NONE', ( #2305 ), #3492, .T. ) ;
#1469 = LINE ( 'NONE', #3646, #1742 ) ;
#1470 = DIRECTION ( 'NONE',  ( 0.0000000000000000000, -0.05233595624305830557, 0.9986295347545677270 ) ) ;
#1471 = CARTESIAN_POINT ( 'NONE',  ( 0.2543159060422734985, -0.1655196589462044621, 0.02169996567561175566 ) ) ;
#1472 = CARTESIAN_POINT ( 'NONE',  ( 0.2165354330708661457, 0.009020818297157480806, 0.1023622047244094752 ) ) ;
#1473 = ORIENTED_EDGE ( 'NONE', *, *, #2630, .F. ) ;
#1474 = CARTESIAN_POINT ( 'NONE',  ( -0.2499575604108394411, -0.1520985510982786615, -0.07876896696629009931 ) ) ;
#1475 = ORIENTED_EDGE ( 'NONE', *, *, #6483, .T. ) ;
#1476 = DIRECTION ( 'NONE',  ( 2.186341337012000109E-13, -1.000000000000000000, 0.0000000000000000000 ) ) ;
#1477 = DIRECTION ( 'NONE',  ( 1.000000000000000000, 0.0000000000000000000, 0.0000000000000000000 ) ) ;
#1478 = ORIENTED_EDGE ( 'NONE', *, *, #4696, .F. ) ;
#1479 = DIRECTION ( 'NONE',  ( -1.000000000000000000, 0.0000000000000000000, 0.0000000000000000000 ) ) ;
#1480 = ADVANCED_FACE ( 'NONE', ( #4052 ), #1914, .F. ) ;
#1481 = FACE_OUTER_BOUND ( 'NONE', #2667, .T. ) ;
#1482 = ORIENTED_EDGE ( 'NONE', *, *, #4033, .T. ) ;
#1483 = DIRECTION ( 'NONE',  ( -0.001141793321301032759, 0.008726529805004249254, 0.9999612712428286310 ) ) ;
#1484 = AXIS2_PLACEMENT_3D ( 'NONE', #4629, #6741, #2009 ) ;
#1485 = CIRCLE ( 'NONE', #3354, 0.009842519685039359534 ) ;
#1486 = LINE ( 'NONE', #993, #5695 ) ;
#1487 = ORIENTED_EDGE ( 'NONE', *, *, #2540, .T. ) ;
#1488 = EDGE_CURVE ( 'NONE', #809, #6013, #6537, .T. ) ;
#1489 = CIRCLE ( 'NONE', #152, 0.009842519685039359534 ) ;
#1490 = AXIS2_PLACEMENT_3D ( 'NONE', #4168, #5217, #6337 ) ;
#1491 = FACE_OUTER_BOUND ( 'NONE', #4271, .T. ) ;
#1492 = ORIENTED_EDGE ( 'NONE', *, *, #1546, .T. ) ;
#1493 = DIRECTION ( 'NONE',  ( 0.03487825998697172136, -0.03487986065419172027, -0.9987827102533490820 ) ) ;
#1494 = VERTEX_POINT ( 'NONE', #6642 ) ;
#1495 = CYLINDRICAL_SURFACE ( 'NONE', #479, 0.01181102362206692957 ) ;
#1496 = DIRECTION ( 'NONE',  ( 1.000000000000000000, -9.029813933617999605E-14, -1.020988849021000258E-12 ) ) ;
#1497 = AXIS2_PLACEMENT_3D ( 'NONE', #5623, #6137, #1433 ) ;
#1498 = AXIS2_PLACEMENT_3D ( 'NONE', #2311, #63, #3849 ) ;
#1499 = VERTEX_POINT ( 'NONE', #868 ) ;
#1500 = EDGE_CURVE ( 'NONE', #536, #5035, #282, .T. ) ;
#1501 = CARTESIAN_POINT ( 'NONE',  ( 0.2373765702455511994, -0.1448881844187795143, 0.07874015748031495954 ) ) ;
#1502 = VECTOR ( 'NONE', #19, 39.37007874015748143 ) ;
#1503 =( GEOMETRIC_REPRESENTATION_CONTEXT ( 3 ) GLOBAL_UNCERTAINTY_ASSIGNED_CONTEXT ( ( #1280 ) ) GLOBAL_UNIT_ASSIGNED_CONTEXT ( ( #5307, #3669, #2620 ) ) REPRESENTATION_CONTEXT ( 'NONE', 'WORKASPACE' ) );
#1504 = CARTESIAN_POINT ( 'NONE',  ( 0.02117785919144488452, 0.1343624735008267790, -0.05511811025062992447 ) ) ;
#1505 = CARTESIAN_POINT ( 'NONE',  ( 0.01719934017251574868, -0.1349567911100787443, 0.07874015748035433082 ) ) ;
#1506 = DIRECTION ( 'NONE',  ( -1.000000000000000000, 0.0000000000000000000, 0.0000000000000000000 ) ) ;
#1507 = DIRECTION ( 'NONE',  ( 0.0000000000000000000, 0.0000000000000000000, -1.000000000000000000 ) ) ;
#1508 = VERTEX_POINT ( 'NONE', #2865 ) ;
#1509 = CARTESIAN_POINT ( 'NONE',  ( -0.2513084700968870044, -0.1569695074095028842, -0.07586133578242240660 ) ) ;
#1510 = EDGE_CURVE ( 'NONE', #293, #1719, #1813, .T. ) ;
#1511 = B_SPLINE_CURVE_WITH_KNOTS ( 'NONE', 3,
 ( #3453, #2969, #2410, #4526 ),
 .UNSPECIFIED., .F., .F.,
 ( 4, 4 ),
 ( 0.0000000000000000000, 1.000000000000000000 ),
 .UNSPECIFIED. ) ;
#1512 = CIRCLE ( 'NONE', #5700, 0.02559055118110236879 ) ;
#1513 = CARTESIAN_POINT ( 'NONE',  ( 0.2224409448818897850, 0.0000000000000000000, 0.1032283464566929043 ) ) ;
#1514 = CARTESIAN_POINT ( 'NONE',  ( 0.2491683712448031496, -0.1646302707147244138, 0.1883602097210629878 ) ) ;
#1515 = VERTEX_POINT ( 'NONE', #1277 ) ;
#1516 = CARTESIAN_POINT ( 'NONE',  ( 0.2499766188486495788, 0.1673917783107113644, 0.0007930290712970981077 ) ) ;
#1517 = VECTOR ( 'NONE', #2804, 39.37007874015748143 ) ;
#1518 = CARTESIAN_POINT ( 'NONE',  ( 0.2598425196851181229, -0.1574803148640157302, 1.267673630109448662E-12 ) ) ;
#1519 = EDGE_CURVE ( 'NONE', #3526, #6841, #1955, .T. ) ;
#1520 = CIRCLE ( 'NONE', #405, 0.02559055118110236879 ) ;
#1521 = ORIENTED_EDGE ( 'NONE', *, *, #5426, .T. ) ;
#1522 = CARTESIAN_POINT ( 'NONE',  ( -0.2590814436291346556, -0.1566268387400823747, 0.02178182097984035850 ) ) ;
#1523 = CARTESIAN_POINT ( 'NONE',  ( -0.2533317379278582360, -0.03937007874015747977, 0.1864443954726694164 ) ) ;
#1524 = EDGE_LOOP ( 'NONE', ( #91, #4182, #1261, #1442 ) ) ;
#1525 = VECTOR ( 'NONE', #3505, 39.37007874015748143 ) ;
#1526 = CARTESIAN_POINT ( 'NONE',  ( -0.1893700787401551566, 0.1138910667010586408, 0.05905511811023622659 ) ) ;
#1527 = ORIENTED_EDGE ( 'NONE', *, *, #4045, .F. ) ;
#1528 = ADVANCED_FACE ( 'NONE', ( #3426 ), #4528, .F. ) ;
#1529 = CARTESIAN_POINT ( 'NONE',  ( 0.01434764396708267803, 0.1342094238147637786, 0.06736695966236221078 ) ) ;
#1530 = ORIENTED_EDGE ( 'NONE', *, *, #2935, .F. ) ;
#1531 = CARTESIAN_POINT ( 'NONE',  ( -0.1618110236220473008, -0.1751968503937007815, 0.0000000000000000000 ) ) ;
#1532 = CARTESIAN_POINT ( 'NONE',  ( -0.2165354330708661457, -0.009020818297157480806, 0.1023622047244094752 ) ) ;
#1533 = ORIENTED_EDGE ( 'NONE', *, *, #5568, .T. ) ;
#1534 = VECTOR ( 'NONE', #4387, 39.37007874015748143 ) ;
#1535 = CARTESIAN_POINT ( 'NONE',  ( -0.1626663426259448708, 0.2078598790717716693, -0.06889763779527559306 ) ) ;
#1536 = VERTEX_POINT ( 'NONE', #5101 ) ;
#1537 = EDGE_CURVE ( 'NONE', #205, #6619, #4995, .T. ) ;
#1538 = CARTESIAN_POINT ( 'NONE',  ( 0.01554795582889763675, 0.1334237783045275905, -0.05511811024295277389 ) ) ;
#1539 = DIRECTION ( 'NONE',  ( 0.0000000000000000000, 0.0000000000000000000, -1.000000000000000000 ) ) ;
#1540 = DIRECTION ( 'NONE',  ( 0.0000000000000000000, 0.9986295347545857126, -0.05233595624271924346 ) ) ;
#1541 = DIRECTION ( 'NONE',  ( 0.0000000000000000000, 0.0000000000000000000, -1.000000000000000000 ) ) ;
#1542 = ORIENTED_EDGE ( 'NONE', *, *, #2751, .F. ) ;
#1543 = CARTESIAN_POINT ( 'NONE',  ( 0.1618110236220473008, 0.1751968503937007815, 0.0000000000000000000 ) ) ;
#1544 = ORIENTED_EDGE ( 'NONE', *, *, #4428, .F. ) ;
#1545 = LINE ( 'NONE', #4621, #2053 ) ;
#1546 = EDGE_CURVE ( 'NONE', #5275, #925, #4493, .T. ) ;
#1547 = DIRECTION ( 'NONE',  ( 1.000000000000000000, 0.0000000000000000000, 0.0000000000000000000 ) ) ;
#1548 = CARTESIAN_POINT ( 'NONE',  ( -0.2535824952006299760, 0.1512202905785826890, -0.07155240743055119035 ) ) ;
#1549 = VERTEX_POINT ( 'NONE', #5504 ) ;
#1550 = DIRECTION ( 'NONE',  ( 5.783950011642224458E-07, 0.0000000000000000000, 0.9999999999998328004 ) ) ;
#1551 = PLANE ( 'NONE',  #2679 ) ;
#1552 = ORIENTED_EDGE ( 'NONE', *, *, #2453, .T. ) ;
#1553 = DIRECTION ( 'NONE',  ( 1.000000000000000000, 0.0000000000000000000, 0.0000000000000000000 ) ) ;
#1554 = CARTESIAN_POINT ( 'NONE',  ( -0.1688173440260932467, 0.1018882101678485613, 0.05335570568105693634 ) ) ;
#1555 = EDGE_LOOP ( 'NONE', ( #4760, #3991, #3433, #1571, #1247 ) ) ;
#1556 = CARTESIAN_POINT ( 'NONE',  ( -0.2125984251968504046, 0.0000000000000000000, 0.1032283464566929043 ) ) ;
#1557 = CARTESIAN_POINT ( 'NONE',  ( -0.1381889763779527436, -0.1850258812475984449, -0.009327402005559056949 ) ) ;
#1558 = EDGE_LOOP ( 'NONE', ( #145, #4298, #3738 ) ) ;
#1559 = CARTESIAN_POINT ( 'NONE',  ( 0.2562172911925984509, -0.1636436487465748046, 0.02165353521221259972 ) ) ;
#1560 = CARTESIAN_POINT ( 'NONE',  ( -0.03818897637795275191, -0.1673228346456692994, 0.0000000000000000000 ) ) ;
#1561 = ORIENTED_EDGE ( 'NONE', *, *, #3040, .T. ) ;
#1562 = DIRECTION ( 'NONE',  ( 0.0000000000000000000, 0.0000000000000000000, 1.000000000000000000 ) ) ;
#1563 = ORIENTED_EDGE ( 'NONE', *, *, #3486, .F. ) ;
#1564 = ADVANCED_FACE ( 'NONE', ( #1945 ), #4023, .T. ) ;
#1565 = EDGE_CURVE ( 'NONE', #4072, #505, #6251, .T. ) ;
#1566 = DIRECTION ( 'NONE',  ( 0.0000000000000000000, 0.9986295347544603684, 0.05233595624510797850 ) ) ;
#1567 = CARTESIAN_POINT ( 'NONE',  ( 0.1499999999999999944, -0.2023402986719685381, -0.03880344929259448711 ) ) ;
#1568 = DIRECTION ( 'NONE',  ( 0.0000000000000000000, 0.0000000000000000000, 1.000000000000000000 ) ) ;
#1569 = ORIENTED_EDGE ( 'NONE', *, *, #1981, .T. ) ;
#1570 = CARTESIAN_POINT ( 'NONE',  ( 0.1381889763779527436, -0.2244094488188976555, -0.07283464566929134798 ) ) ;
#1571 = ORIENTED_EDGE ( 'NONE', *, *, #1318, .T. ) ;
#1572 = DIRECTION ( 'NONE',  ( 1.000000000000000000, 0.0000000000000000000, 0.0000000000000000000 ) ) ;
#1573 = ADVANCED_FACE ( 'NONE', ( #3625 ), #1725, .T. ) ;
#1574 =( BOUNDED_CURVE ( )  B_SPLINE_CURVE ( 3, ( #1965, #4514, #5627, #292 ),
 .UNSPECIFIED., .F., .T. ) 
 B_SPLINE_CURVE_WITH_KNOTS ( ( 4, 4 ),
 ( 0.0000000000000000000, 1.000000000000000000 ),
 .UNSPECIFIED. ) 
 CURVE ( )  GEOMETRIC_REPRESENTATION_ITEM ( )  RATIONAL_B_SPLINE_CURVE ( ( 1.151226674001661454, 0.9495911571685665686, 0.9495911086659969413, 1.151226528493980217 ) ) 
 REPRESENTATION_ITEM ( '' )  );
#1575 = LINE ( 'NONE', #5286, #4604 ) ;
#1576 = DIRECTION ( 'NONE',  ( 0.0000000000000000000, 0.0000000000000000000, -1.000000000000000000 ) ) ;
#1577 = EDGE_CURVE ( 'NONE', #2309, #1592, #5736, .T. ) ;
#1578 = ORIENTED_EDGE ( 'NONE', *, *, #1064, .T. ) ;
#1579 = VERTEX_POINT ( 'NONE', #2507 ) ;
#1580 = EDGE_CURVE ( 'NONE', #1319, #1276, #606, .T. ) ;
#1581 = CARTESIAN_POINT ( 'NONE',  ( -0.2497114465463779742, -0.1584365508591338567, 0.1893648161500787741 ) ) ;
#1582 = EDGE_LOOP ( 'NONE', ( #643, #2158, #2916, #5745 ) ) ;
#1583 = DIRECTION ( 'NONE',  ( 0.0000000000000000000, 0.0000000000000000000, 1.000000000000000000 ) ) ;
#1584 = DIRECTION ( 'NONE',  ( 0.0000000000000000000, 0.0000000000000000000, 1.000000000000000000 ) ) ;
#1585 = EDGE_CURVE ( 'NONE', #6588, #4064, #3584, .T. ) ;
#1586 = CARTESIAN_POINT ( 'NONE',  ( -0.1381889763779527436, -0.1751968503937007815, 0.0000000000000000000 ) ) ;
#1587 = VECTOR ( 'NONE', #4913, 39.37007874015748143 ) ;
#1588 = LINE ( 'NONE', #5909, #6162 ) ;
#1589 = ORIENTED_EDGE ( 'NONE', *, *, #6014, .F. ) ;
#1590 = CARTESIAN_POINT ( 'NONE',  ( -0.1499999999999999944, 0.1709848758307874195, 0.01574803149606299191 ) ) ;
#1591 = PLANE ( 'NONE',  #482 ) ;
#1592 = VERTEX_POINT ( 'NONE', #3658 ) ;
#1593 = CARTESIAN_POINT ( 'NONE',  ( -0.06181102362204724671, -0.1667729012678346445, 0.01574803149606299191 ) ) ;
#1594 = ORIENTED_EDGE ( 'NONE', *, *, #2798, .F. ) ;
#1595 = AXIS2_PLACEMENT_3D ( 'NONE', #5753, #5849, #548 ) ;
#1596 = DIRECTION ( 'NONE',  ( 0.0000000000000000000, -1.000000000000000000, 0.0000000000000000000 ) ) ;
#1597 = ORIENTED_EDGE ( 'NONE', *, *, #5629, .F. ) ;
#1598 = DIRECTION ( 'NONE',  ( -1.000000000000000000, 0.0000000000000000000, 0.0000000000000000000 ) ) ;
#1599 = VECTOR ( 'NONE', #698, 39.37007874015748143 ) ;
#1600 = CARTESIAN_POINT ( 'NONE',  ( 0.1381889763779527436, -0.1751968503937007815, -0.009842519685039369942 ) ) ;
#1601 = CARTESIAN_POINT ( 'NONE',  ( 0.1618110236220473008, 0.1751968503937007815, 0.01574803149606299191 ) ) ;
#1602 = CC_DESIGN_DATE_AND_TIME_ASSIGNMENT ( #1290, #3850, ( #6803 ) ) ;
#1603 = AXIS2_PLACEMENT_3D ( 'NONE', #1663, #209, #5841 ) ;
#1604 = EDGE_CURVE ( 'NONE', #3548, #4220, #4626, .T. ) ;
#1605 = CARTESIAN_POINT ( 'NONE',  ( 0.2535670534013416688, 0.1537683800143938018, -0.07172876976556136208 ) ) ;
#1606 = ORIENTED_EDGE ( 'NONE', *, *, #1652, .T. ) ;
#1607 = CARTESIAN_POINT ( 'NONE',  ( -0.1747192583591746506, -0.1020872380354987674, 0.05905511811023853030 ) ) ;
#1608 = VECTOR ( 'NONE', #1818, 39.37007874015748143 ) ;
#1609 = AXIS2_PLACEMENT_3D ( 'NONE', #419, #4644, #6754 ) ;
#1610 = CARTESIAN_POINT ( 'NONE',  ( -0.2393700787401575047, -0.1018885341048819115, 0.02165354330710629951 ) ) ;
#1611 = CARTESIAN_POINT ( 'NONE',  ( 0.1886826620178985725, 0.1130871654913755825, 0.07874015748035435858 ) ) ;
#1612 = ADVANCED_FACE ( 'NONE', ( #2566 ), #1018, .F. ) ;
#1613 = ORIENTED_EDGE ( 'NONE', *, *, #2036, .T. ) ;
#1614 = CARTESIAN_POINT ( 'NONE',  ( -0.03818897637795275191, -0.1240157480314960647, 0.08267716535433072833 ) ) ;
#1615 = AXIS2_PLACEMENT_3D ( 'NONE', #639, #4867, #3304 ) ;
#1616 = ORIENTED_EDGE ( 'NONE', *, *, #2642, .F. ) ;
#1617 = CARTESIAN_POINT ( 'NONE',  ( -0.2447124051010991785, 0.1529221611294755978, -0.07873997997333845311 ) ) ;
#1618 =( BOUNDED_SURFACE ( )  B_SPLINE_SURFACE ( 3, 3, ( 
 ( #2271, #5366, #22, #2130 ),
 ( #4880, #5407, #168, #4768 ),
 ( #4248, #3202, #5804, #2752 ),
 ( #4314, #3846, #6358, #124 ) ),
 .UNSPECIFIED., .F., .F., .F. ) 
 B_SPLINE_SURFACE_WITH_KNOTS ( ( 4, 4 ),
 ( 4, 4 ),
 ( 0.0000000000000000000, 1.000000000000000000 ),
 ( 0.0000000000000000000, 1.000000000000000000 ),
 .UNSPECIFIED. ) 
 GEOMETRIC_REPRESENTATION_ITEM ( )  RATIONAL_B_SPLINE_SURFACE ( (
 ( 1.844418392811999929, 1.397047979846000043, 1.397047979846000043, 1.844418392811999929),
 ( 1.015016833905000082, 0.7688207962152000530, 0.7688207962152000530, 1.015016833905000082),
 ( 1.015016833905000082, 0.7688207962152000530, 0.7688207962152000530, 1.015016833905000082),
 ( 1.844418392811999929, 1.397047979846000043, 1.397047979846000043, 1.844418392811999929) ) ) 
 REPRESENTATION_ITEM ( '' )  SURFACE ( )  );
#1619 = EDGE_CURVE ( 'NONE', #1453, #5088, #4812, .T. ) ;
#1620 = VERTEX_POINT ( 'NONE', #3756 ) ;
#1621 = CARTESIAN_POINT ( 'NONE',  ( -0.2373765702455511994, -0.1448881844187795143, 0.07874015748031495954 ) ) ;
#1622 = DIRECTION ( 'NONE',  ( 0.0000000000000000000, -0.9986295347544603684, 0.05233595624510797850 ) ) ;
#1623 = AXIS2_PLACEMENT_3D ( 'NONE', #5523, #2912, #3994 ) ;
#1624 = VERTEX_POINT ( 'NONE', #636 ) ;
#1625 = CYLINDRICAL_SURFACE ( 'NONE', #5466, 0.009842519685039378616 ) ;
#1626 = CIRCLE ( 'NONE', #1066, 0.02559055118110235491 ) ;
#1627 = ORIENTED_EDGE ( 'NONE', *, *, #4846, .F. ) ;
#1628 = EDGE_CURVE ( 'NONE', #1931, #5852, #3774, .T. ) ;
#1629 = CARTESIAN_POINT ( 'NONE',  ( -0.1893700787401574881, -0.1455756011410629935, 0.05905511811023622659 ) ) ;
#1630 = ORIENTED_EDGE ( 'NONE', *, *, #3451, .T. ) ;
#1631 = CARTESIAN_POINT ( 'NONE',  ( 0.2580117043562463186, -0.1618238213028634354, 0.02170006374833599247 ) ) ;
#1632 = DIRECTION ( 'NONE',  ( 1.000000000000000000, 0.0000000000000000000, 0.0000000000000000000 ) ) ;
#1633 = PLANE ( 'NONE',  #1164 ) ;
#1634 = CARTESIAN_POINT ( 'NONE',  ( -0.2436101704583761574, 0.1610253299300045404, -0.07197580890247416707 ) ) ;
#1635 = ORIENTED_EDGE ( 'NONE', *, *, #2610, .T. ) ;
#1636 = LINE ( 'NONE', #3209, #625 ) ;
#1637 = CARTESIAN_POINT ( 'NONE',  ( 0.2474952084462411217, 0.1603543454953272607, -0.07155240746229890592 ) ) ;
#1638 = VECTOR ( 'NONE', #3575, 39.37007874015748143 ) ;
#1639 = DIRECTION ( 'NONE',  ( -0.08682659229652965605, -0.08682659037154964732, 0.9924325095816961539 ) ) ;
#1640 = DIRECTION ( 'NONE',  ( 0.0000000000000000000, 0.0000000000000000000, 1.000000000000000000 ) ) ;
#1641 = FACE_OUTER_BOUND ( 'NONE', #6108, .T. ) ;
#1642 = VERTEX_POINT ( 'NONE', #3302 ) ;
#1643 = DIRECTION ( 'NONE',  ( 0.0000000000000000000, 0.0000000000000000000, 1.000000000000000000 ) ) ;
#1644 = ORIENTED_EDGE ( 'NONE', *, *, #5932, .T. ) ;
#1645 = DIRECTION ( 'NONE',  ( 0.0000000000000000000, 0.0000000000000000000, -1.000000000000000000 ) ) ;
#1646 = EDGE_CURVE ( 'NONE', #5716, #5929, #4303, .T. ) ;
#1647 = CARTESIAN_POINT ( 'NONE',  ( 0.1346661868475984292, -0.1102362204724409434, 0.08267716535433072833 ) ) ;
#1648 = DIRECTION ( 'NONE',  ( 0.0000000000000000000, -1.000000000000000000, 0.0000000000000000000 ) ) ;
#1649 = VERTEX_POINT ( 'NONE', #4339 ) ;
#1650 = ORIENTED_EDGE ( 'NONE', *, *, #3654, .T. ) ;
#1651 = CARTESIAN_POINT ( 'NONE',  ( 0.1479589008941732398, -0.1020559308453937025, 0.05815860245523622740 ) ) ;
#1652 = EDGE_CURVE ( 'NONE', #3875, #3228, #2739, .T. ) ;
#1653 = CARTESIAN_POINT ( 'NONE',  ( -0.06181102362204724671, -0.1751968503937007815, 0.0000000000000000000 ) ) ;
#1654 = CARTESIAN_POINT ( 'NONE',  ( -0.2437671197452675742, -0.1531659320856114392, -0.07873998029003977106 ) ) ;
#1655 = ORIENTED_EDGE ( 'NONE', *, *, #1183, .F. ) ;
#1656 = DIRECTION ( 'NONE',  ( -1.000000000000000000, 0.0000000000000000000, 0.0000000000000000000 ) ) ;
#1657 = ADVANCED_FACE ( 'NONE', ( #3262 ), #3791, .T. ) ;
#1658 = CARTESIAN_POINT ( 'NONE',  ( 0.1775662572164173336, 0.1020872386813779509, 0.05905511936740158452 ) ) ;
#1659 = DIRECTION ( 'NONE',  ( 0.0000000000000000000, 1.000000000000000000, 0.0000000000000000000 ) ) ;
#1660 = LINE ( 'NONE', #3172, #2503 ) ;
#1661 = ORIENTED_EDGE ( 'NONE', *, *, #2533, .T. ) ;
#1662 = DIRECTION ( 'NONE',  ( 0.0000000000000000000, 0.0000000000000000000, 1.000000000000000000 ) ) ;
#1663 = CARTESIAN_POINT ( 'NONE',  ( -0.1776020319422047244, -0.1138552848334645762, 0.05761826070685039519 ) ) ;
#1664 = EDGE_CURVE ( 'NONE', #4676, #809, #6345, .T. ) ;
#1665 = APPROVAL_DATE_TIME ( #4847, #1182 ) ;
#1666 = ORIENTED_EDGE ( 'NONE', *, *, #1281, .T. ) ;
#1667 = ADVANCED_FACE ( 'NONE', ( #3193 ), #149, .F. ) ;
#1668 = CARTESIAN_POINT ( 'NONE',  ( -0.2525442859033619758, 0.1562810116049661024, -0.07183637349110037762 ) ) ;
#1669 = CARTESIAN_POINT ( 'NONE',  ( 0.2520647497201033427, 0.1558047346540275824, -0.07586130276224420377 ) ) ;
#1670 = CARTESIAN_POINT ( 'NONE',  ( 0.2488236904807362426, -0.1600935329775467486, -0.07235041117241895747 ) ) ;
#1671 = CARTESIAN_POINT ( 'NONE',  ( 0.1381889763779527436, -0.2041237981004330737, -0.08858267716535435377 ) ) ;
#1672 = FACE_OUTER_BOUND ( 'NONE', #111, .T. ) ;
#1673 = VERTEX_POINT ( 'NONE', #3418 ) ;
#1674 = CARTESIAN_POINT ( 'NONE',  ( -0.1877916875618109993, 0.1102362204724409434, 0.08005250973594488229 ) ) ;
#1675 = EDGE_LOOP ( 'NONE', ( #1951, #3521, #3396, #3240, #3909, #27, #3465, #1157, #1309, #832 ) ) ;
#1676 = DIRECTION ( 'NONE',  ( 0.0000000000000000000, 1.000000000000000000, 0.0000000000000000000 ) ) ;
#1677 = ADVANCED_FACE ( 'NONE', ( #3338 ), #3483, .T. ) ;
#1678 = CARTESIAN_POINT ( 'NONE',  ( -0.2571186520738189540, -0.1566799848981103027, 0.1883602090567716714 ) ) ;
#1679 = DIRECTION ( 'NONE',  ( 1.000000000000000000, 0.0000000000000000000, 0.0000000000000000000 ) ) ;
#1680 = ORIENTED_EDGE ( 'NONE', *, *, #1014, .T. ) ;
#1681 = FACE_OUTER_BOUND ( 'NONE', #6126, .T. ) ;
#1682 = VERTEX_POINT ( 'NONE', #262 ) ;
#1683 = CARTESIAN_POINT ( 'NONE',  ( -0.2455450827846202277, 0.1519760034839586771, -0.07873997997333845311 ) ) ;
#1684 = LINE ( 'NONE', #4832, #3922 ) ;
#1685 = B_SPLINE_CURVE_WITH_KNOTS ( 'NONE', 3,
 ( #6599, #1368, #6176, #1867 ),
 .UNSPECIFIED., .F., .F.,
 ( 4, 4 ),
 ( 0.0000000000000000000, 1.000000000000000000 ),
 .UNSPECIFIED. ) ;
#1686 = VERTEX_POINT ( 'NONE', #5599 ) ;
#1687 = CARTESIAN_POINT ( 'NONE',  ( -0.1878556341471260549, 0.1102362204724409434, 0.07874015748035433082 ) ) ;
#1688 = ADVANCED_FACE ( 'NONE', ( #2299 ), #710, .T. ) ;
#1689 = DIRECTION ( 'NONE',  ( 7.851937891490483562E-05, -2.919859391092128427E-05, 0.9999999964910746275 ) ) ;
#1690 = CARTESIAN_POINT ( 'NONE',  ( 0.1441744997988976540, -0.1018828126487401620, 0.05320114095767716766 ) ) ;
#1691 = CARTESIAN_POINT ( 'NONE',  ( 0.2027559055118110243, 0.07086614173228347746, 0.05818897637795275579 ) ) ;
#1692 = CARTESIAN_POINT ( 'NONE',  ( 0.02460119690829134023, -0.1344617600540944924, -0.05511811020590551280 ) ) ;
#1693 = CARTESIAN_POINT ( 'NONE',  ( 0.1524724864511417532, 0.1020872741135433054, 0.05905511811023622659 ) ) ;
#1694 = DIRECTION ( 'NONE',  ( -1.000000000000000000, 0.0000000000000000000, 0.0000000000000000000 ) ) ;
#1695 = ORIENTED_EDGE ( 'NONE', *, *, #1019, .T. ) ;
#1696 = DIRECTION ( 'NONE',  ( 0.08682659229728316441, -0.08682659037148315884, -0.9924325095816360909 ) ) ;
#1697 = EDGE_CURVE ( 'NONE', #5282, #736, #1855, .T. ) ;
#1698 = DIRECTION ( 'NONE',  ( 1.000000000000000000, -1.773590798184999912E-12, 2.805448407622999736E-14 ) ) ;
#1699 = APPROVAL_STATUS ( 'not_yet_approved' ) ;
#1700 = VERTEX_POINT ( 'NONE', #858 ) ;
#1701 = VECTOR ( 'NONE', #4759, 39.37007874015748143 ) ;
#1702 = CARTESIAN_POINT ( 'NONE',  ( -0.2457384424517322918, -0.1512202902575984498, -0.07874015748031495954 ) ) ;
#1703 = ORIENTED_EDGE ( 'NONE', *, *, #3645, .F. ) ;
#1704 = CARTESIAN_POINT ( 'NONE',  ( 0.2535824953443306939, 0.1512202898668897622, -0.07155240742149607258 ) ) ;
#1705 = CARTESIAN_POINT ( 'NONE',  ( 0.2599114139325107153, -0.1574568837648308572, 0.0007924642931432466500 ) ) ;
#1706 = CARTESIAN_POINT ( 'NONE',  ( 0.2598514623138339918, 0.1573968575353970334, -0.0002686290782375703860 ) ) ;
#1707 = DIRECTION ( 'NONE',  ( 1.000000000000000000, 0.0000000000000000000, 0.0000000000000000000 ) ) ;
#1708 = ORIENTED_EDGE ( 'NONE', *, *, #2052, .F. ) ;
#1709 = VECTOR ( 'NONE', #1320, 39.37007874015748143 ) ;
#1710 = CARTESIAN_POINT ( 'NONE',  ( 0.2443373051885866232, -0.1606759716602041976, -0.07586138697756143745 ) ) ;
#1711 = CIRCLE ( 'NONE', #146, 0.009842519685039378616 ) ;
#1712 = EDGE_LOOP ( 'NONE', ( #2908, #307, #1860, #2196, #4956 ) ) ;
#1713 = CYLINDRICAL_SURFACE ( 'NONE', #2061, 0.02559055118110236185 ) ;
#1714 = CIRCLE ( 'NONE', #3694, 0.01574803149606299538 ) ;
#1715 = VECTOR ( 'NONE', #1896, 39.37007874015748143 ) ;
#1716 = CARTESIAN_POINT ( 'NONE',  ( -0.2503180557311417420, 0.1578299223914567118, 0.1893647769056692742 ) ) ;
#1717 = PLANE ( 'NONE',  #6575 ) ;
#1718 = CARTESIAN_POINT ( 'NONE',  ( 0.07895555306748032465, 0.1355317519761023992, 0.07874015748275592363 ) ) ;
#1719 = VERTEX_POINT ( 'NONE', #6530 ) ;
#1720 = EDGE_CURVE ( 'NONE', #2051, #3342, #1054, .T. ) ;
#1721 = FACE_OUTER_BOUND ( 'NONE', #3301, .T. ) ;
#1722 = EDGE_LOOP ( 'NONE', ( #797, #5765, #1473 ) ) ;
#1723 = EDGE_LOOP ( 'NONE', ( #3216, #2775, #357, #1655, #1530, #1034 ) ) ;
#1724 = CARTESIAN_POINT ( 'NONE',  ( -0.2535669835142763673, -0.1537383095045230241, -0.07172957404199419018 ) ) ;
#1725 = CONICAL_SURFACE ( 'NONE', #397, 0.1383965361694881879, 0.008726646259879242487 ) ;
#1726 = VECTOR ( 'NONE', #5578, 39.37007874015748143 ) ;
#1727 = CARTESIAN_POINT ( 'NONE',  ( 0.2517799684041984176, 0.1665620074017979957, 0.02169511387987746454 ) ) ;
#1728 = AXIS2_PLACEMENT_3D ( 'NONE', #861, #4044, #1345 ) ;
#1729 = CARTESIAN_POINT ( 'NONE',  ( 0.2373765702455511994, -0.1448881844187795143, 0.07874015748031495954 ) ) ;
#1730 = AXIS2_PLACEMENT_3D ( 'NONE', #1535, #6819, #5720 ) ;
#1731 = CARTESIAN_POINT ( 'NONE',  ( 0.0000000000000000000, 0.0000000000000000000, 0.07874015748035433082 ) ) ;
#1732 = CARTESIAN_POINT ( 'NONE',  ( 0.01434764406079527994, -0.1342094234618110282, 0.06736695966598425789 ) ) ;
#1733 = DIRECTION ( 'NONE',  ( -0.3999999999999874212, -0.9165151389911735391, 0.0000000000000000000 ) ) ;
#1734 = ORIENTED_EDGE ( 'NONE', *, *, #5703, .T. ) ;
#1735 = ORIENTED_EDGE ( 'NONE', *, *, #6221, .T. ) ;
#1736 = VECTOR ( 'NONE', #6668, 39.37007874015748143 ) ;
#1737 = EDGE_CURVE ( 'NONE', #683, #5171, #4256, .T. ) ;
#1738 = CARTESIAN_POINT ( 'NONE',  ( -0.2224409448818897850, -0.07086614173228347746, 0.1032283464566929043 ) ) ;
#1739 = ORIENTED_EDGE ( 'NONE', *, *, #2324, .F. ) ;
#1740 = LINE ( 'NONE', #3347, #2129 ) ;
#1741 = DIRECTION ( 'NONE',  ( 0.03487826274233112728, 0.03487826274202113219, 0.9987827659587321660 ) ) ;
#1742 = VECTOR ( 'NONE', #3107, 39.37007874015748143 ) ;
#1743 = EDGE_LOOP ( 'NONE', ( #6719, #3663, #6743, #2180, #3106 ) ) ;
#1744 = LINE ( 'NONE', #1786, #4925 ) ;
#1745 = DIRECTION ( 'NONE',  ( 0.03495294868803854038, 0.03487850720743854160, 0.9987801465352582619 ) ) ;
#1746 = B_SPLINE_CURVE_WITH_KNOTS ( 'NONE', 3,
 ( #4002, #4579, #3974, #1406 ),
 .UNSPECIFIED., .F., .F.,
 ( 4, 4 ),
 ( 0.0000000000000000000, 1.000000000000000000 ),
 .UNSPECIFIED. ) ;
#1747 = SHAPE_DEFINITION_REPRESENTATION ( #6673, #4370 ) ;
#1748 = ORIENTED_EDGE ( 'NONE', *, *, #1459, .F. ) ;
#1749 = EDGE_CURVE ( 'NONE', #1090, #2994, #3448, .T. ) ;
#1750 = DIRECTION ( 'NONE',  ( -1.000000000000000000, 0.0000000000000000000, 0.0000000000000000000 ) ) ;
#1751 = ORIENTED_EDGE ( 'NONE', *, *, #5932, .F. ) ;
#1752 = CARTESIAN_POINT ( 'NONE',  ( 0.2505285738840598575, 0.1578702434038323499, -0.07586130276224420377 ) ) ;
#1753 = LINE ( 'NONE', #621, #1152 ) ;
#1754 = DIRECTION ( 'NONE',  ( -1.000000000000000000, 0.0000000000000000000, 0.0000000000000000000 ) ) ;
#1755 = DIRECTION ( 'NONE',  ( 1.000000000000000000, 0.0000000000000000000, 0.0000000000000000000 ) ) ;
#1756 = VERTEX_POINT ( 'NONE', #229 ) ;
#1757 = VECTOR ( 'NONE', #466, 39.37007874015748143 ) ;
#1758 = CARTESIAN_POINT ( 'NONE',  ( 0.2451412323908017943, -0.1525914144996400601, -0.07873997958916907625 ) ) ;
#1759 = ORIENTED_EDGE ( 'NONE', *, *, #3443, .F. ) ;
#1760 = CARTESIAN_POINT ( 'NONE',  ( 0.2483382409475590746, 0.1594907322336220901, 0.1893558394066929274 ) ) ;
#1761 = ADVANCED_FACE ( 'NONE', ( #1838 ), #2332, .T. ) ;
#1762 = VECTOR ( 'NONE', #1935, 39.37007874015748143 ) ;
#1763 = LINE ( 'NONE', #4415, #2599 ) ;
#1764 = CARTESIAN_POINT ( 'NONE',  ( -0.1381889763779527436, -0.2039282667301968444, -0.06910368486704725199 ) ) ;
#1765 = PLANE ( 'NONE',  #6378 ) ;
#1766 = VERTEX_POINT ( 'NONE', #3176 ) ;
#1767 = LINE ( 'NONE', #1472, #6678 ) ;
#1768 = ORIENTED_EDGE ( 'NONE', *, *, #2693, .T. ) ;
#1769 = ORIENTED_EDGE ( 'NONE', *, *, #870, .F. ) ;
#1770 = CARTESIAN_POINT ( 'NONE',  ( 0.1447257238116535505, -0.1019600274077952784, 0.05541228238106298692 ) ) ;
#1771 = AXIS2_PLACEMENT_3D ( 'NONE', #4296, #3891, #4326 ) ;
#1772 = EDGE_CURVE ( 'NONE', #1781, #4947, #6253, .T. ) ;
#1773 = EDGE_CURVE ( 'NONE', #5910, #5528, #3145, .T. ) ;
#1774 = DIRECTION ( 'NONE',  ( 0.0000000000000000000, -0.9986295347543303613, -0.05233595624759147802 ) ) ;
#1775 = CYLINDRICAL_SURFACE ( 'NONE', #2970, 0.01968973669208661653 ) ;
#1776 = ORIENTED_EDGE ( 'NONE', *, *, #3735, .F. ) ;
#1777 = CARTESIAN_POINT ( 'NONE',  ( -0.1381889763779527436, -0.2078598790717716693, -0.07283464566929134798 ) ) ;
#1778 = LINE ( 'NONE', #2160, #6802 ) ;
#1779 = EDGE_LOOP ( 'NONE', ( #3119, #1053, #3200, #4906, #4778, #3352, #1985, #2082, #2286, #5806, #3392, #2735 ) ) ;
#1780 = ADVANCED_FACE ( 'NONE', ( #543, #4772, #2134, #6365 ), #1633, .F. ) ;
#1781 = VERTEX_POINT ( 'NONE', #6068 ) ;
#1782 = DIRECTION ( 'NONE',  ( 0.0000000000000000000, 1.000000000000000000, 0.0000000000000000000 ) ) ;
#1783 = CARTESIAN_POINT ( 'NONE',  ( 0.08555782578826770512, -0.1331284304733071078, -0.05511811023622047168 ) ) ;
#1784 = FACE_OUTER_BOUND ( 'NONE', #1139, .T. ) ;
#1785 = EDGE_LOOP ( 'NONE', ( #5142, #4069, #1913, #2424 ) ) ;
#1786 = CARTESIAN_POINT ( 'NONE',  ( 0.2165354330708661457, 0.1102362204724409434, 0.1653543307087008141 ) ) ;
#1787 = DIRECTION ( 'NONE',  ( 1.000000000000000000, -4.070817756958999538E-13, 1.850371707708999919E-14 ) ) ;
#1788 = SECURITY_CLASSIFICATION_LEVEL ( 'unclassified' ) ;
#1789 = ORIENTED_EDGE ( 'NONE', *, *, #6167, .T. ) ;
#1790 = DIRECTION ( 'NONE',  ( 1.000000000000000000, 0.0000000000000000000, 0.0000000000000000000 ) ) ;
#1791 = VERTEX_POINT ( 'NONE', #2945 ) ;
#1792 = CARTESIAN_POINT ( 'NONE',  ( -0.1877274099285039521, -0.1102362204724409434, 0.08136484577629921056 ) ) ;
#1793 = CARTESIAN_POINT ( 'NONE',  ( 0.2535450713434614367, -0.1511211693867364203, -0.07197849837486545999 ) ) ;
#1794 = LINE ( 'NONE', #2726, #6173 ) ;
#1795 = DIRECTION ( 'NONE',  ( 0.0000000000000000000, 1.000000000000000000, 0.0000000000000000000 ) ) ;
#1796 = VERTEX_POINT ( 'NONE', #4564 ) ;
#1797 = CARTESIAN_POINT ( 'NONE',  ( 0.2505285686055890304, -0.1578702382316942432, -0.07586138697756143745 ) ) ;
#1798 = ADVANCED_FACE ( 'NONE', ( #836 ), #2937, .F. ) ;
#1799 = VERTEX_POINT ( 'NONE', #5078 ) ;
#1800 = CARTESIAN_POINT ( 'NONE',  ( 0.2497114469124409597, 0.1584365505181102585, 0.1893648161502362315 ) ) ;
#1801 = CARTESIAN_POINT ( 'NONE',  ( -0.2543159226356023206, -0.1655196554443686408, 0.02169996106956405962 ) ) ;
#1802 = DIRECTION ( 'NONE',  ( -2.306563716909999982E-13, 1.000000000000000000, 0.0000000000000000000 ) ) ;
#1803 = CARTESIAN_POINT ( 'NONE',  ( -0.2433665608492519561, -0.1508781764081889853, 0.1968502029192913116 ) ) ;
#1804 = ORIENTED_EDGE ( 'NONE', *, *, #5993, .T. ) ;
#1805 = DIRECTION ( 'NONE',  ( 0.0000000000000000000, 0.0000000000000000000, 1.000000000000000000 ) ) ;
#1806 = ORIENTED_EDGE ( 'NONE', *, *, #3718, .T. ) ;
#1807 = DIRECTION ( 'NONE',  ( -1.000000000000000000, 0.0000000000000000000, 0.0000000000000000000 ) ) ;
#1808 = ADVANCED_FACE ( 'NONE', ( #1428 ), #5549, .F. ) ;
#1809 = VERTEX_POINT ( 'NONE', #4503 ) ;
#1810 = LINE ( 'NONE', #3169, #3717 ) ;
#1811 = CARTESIAN_POINT ( 'NONE',  ( 0.2534895745248031407, 0.1532187574072834679, -0.07086614173228347746 ) ) ;
#1812 = ORIENTED_EDGE ( 'NONE', *, *, #1915, .F. ) ;
#1813 = LINE ( 'NONE', #1879, #4146 ) ;
#1814 = ORIENTED_EDGE ( 'NONE', *, *, #4637, .F. ) ;
#1815 = CARTESIAN_POINT ( 'NONE',  ( 0.1381889763779527436, 0.2041237981004330737, -0.08858267716535435377 ) ) ;
#1816 = CYLINDRICAL_SURFACE ( 'NONE', #5941, 0.009842519684933076496 ) ;
#1817 = ORIENTED_EDGE ( 'NONE', *, *, #6523, .F. ) ;
#1818 = DIRECTION ( 'NONE',  ( -1.000000000000000000, 0.0000000000000000000, 0.0000000000000000000 ) ) ;
#1819 = CARTESIAN_POINT ( 'NONE',  ( -0.2491085984560236499, 0.1480768944715354085, 0.1974041818795275183 ) ) ;
#1820 = ADVANCED_FACE ( 'NONE', ( #5517 ), #4010, .T. ) ;
#1821 = PLANE ( 'NONE',  #6720 ) ;
#1822 = EDGE_LOOP ( 'NONE', ( #334, #560, #4734 ) ) ;
#1823 = CARTESIAN_POINT ( 'NONE',  ( 0.0000000000000000000, 0.06114078714570865547, 0.07874015748035433082 ) ) ;
#1824 = CARTESIAN_POINT ( 'NONE',  ( -0.2453332393064174000, 0.1508778255425590742, 0.1968503823135433206 ) ) ;
#1825 = CARTESIAN_POINT ( 'NONE',  ( 0.2589471510267143395, 0.1626379384225410674, -0.0001171857466983333159 ) ) ;
#1826 = CARTESIAN_POINT ( 'NONE',  ( 0.1381889763779527436, -0.2007523306137795338, -0.008503213718098425258 ) ) ;
#1827 = ORIENTED_EDGE ( 'NONE', *, *, #6411, .F. ) ;
#1828 = CARTESIAN_POINT ( 'NONE',  ( 0.2520647432384627296, -0.1558047311016046155, -0.07586138697756143745 ) ) ;
#1829 = ORIENTED_EDGE ( 'NONE', *, *, #4172, .F. ) ;
#1830 = CARTESIAN_POINT ( 'NONE',  ( 0.1877916875618109993, -0.1102362204724409434, 0.08005250973594488229 ) ) ;
#1831 = EDGE_CURVE ( 'NONE', #3054, #6461, #4694, .T. ) ;
#1832 = CARTESIAN_POINT ( 'NONE',  ( 0.2380639869678346787, -0.1455756011410629935, 0.05905511811023622659 ) ) ;
#1833 = DIRECTION ( 'NONE',  ( -7.850797800032612223E-05, -7.965673999962606742E-05, -0.9999999937456507393 ) ) ;
#1834 = ORIENTED_EDGE ( 'NONE', *, *, #1989, .T. ) ;
#1835 = VECTOR ( 'NONE', #687, 39.37007874015748143 ) ;
#1836 = DIRECTION ( 'NONE',  ( 1.000000000000000000, 0.0000000000000000000, 0.0000000000000000000 ) ) ;
#1837 = VERTEX_POINT ( 'NONE', #3793 ) ;
#1838 = FACE_OUTER_BOUND ( 'NONE', #3010, .T. ) ;
#1839 = CARTESIAN_POINT ( 'NONE',  ( 0.2437399757584252091, 0.1610628102357480051, -0.07155240744110237527 ) ) ;
#1840 = VECTOR ( 'NONE', #2889, 39.37007874015748143 ) ;
#1841 = VECTOR ( 'NONE', #1363, 39.37007874015748143 ) ;
#1842 = EDGE_CURVE ( 'NONE', #2005, #5986, #4758, .T. ) ;
#1843 = CARTESIAN_POINT ( 'NONE',  ( 0.1441744997988976540, -0.1018828126487401620, 0.05320114095767716766 ) ) ;
#1844 = ORIENTED_EDGE ( 'NONE', *, *, #2247, .F. ) ;
#1845 = DIRECTION ( 'NONE',  ( 0.0000000000000000000, 0.0000000000000000000, 1.000000000000000000 ) ) ;
#1846 = VECTOR ( 'NONE', #6401, 39.37007874015748854 ) ;
#1847 = VECTOR ( 'NONE', #1698, 39.37007874015748143 ) ;
#1848 = ORIENTED_EDGE ( 'NONE', *, *, #5722, .F. ) ;
#1849 = VECTOR ( 'NONE', #3759, 39.37007874015748143 ) ;
#1850 = ADVANCED_FACE ( 'NONE', ( #5861 ), #2701, .F. ) ;
#1851 = LINE ( 'NONE', #924, #2604 ) ;
#1852 = ORIENTED_EDGE ( 'NONE', *, *, #6347, .F. ) ;
#1853 = CARTESIAN_POINT ( 'NONE',  ( 0.1441683423943700970, 0.1018914402769685035, 0.05344820390535433979 ) ) ;
#1854 = LINE ( 'NONE', #835, #5792 ) ;
#1855 = CIRCLE ( 'NONE', #6254, 0.009842519685039378616 ) ;
#1856 = ORIENTED_EDGE ( 'NONE', *, *, #6079, .F. ) ;
#1857 =( BOUNDED_SURFACE ( )  B_SPLINE_SURFACE ( 3, 3, ( 
 ( #6406, #3825, #4895, #5887 ),
 ( #1678, #2210, #4860, #2696 ),
 ( #2326, #3296, #5933, #2815 ),
 ( #106, #142, #5455, #3786 ) ),
 .UNSPECIFIED., .F., .F., .F. ) 
 B_SPLINE_SURFACE_WITH_KNOTS ( ( 4, 4 ),
 ( 4, 4 ),
 ( 0.0000000000000000000, 1.000000000000000000 ),
 ( 0.0000000000000000000, 1.000000000000000000 ),
 .UNSPECIFIED. ) 
 GEOMETRIC_REPRESENTATION_ITEM ( )  RATIONAL_B_SPLINE_SURFACE ( (
 ( 1.844417286744000073, 1.397047365978999922, 1.397047365978999922, 1.844417286744000073),
 ( 1.015017021193000080, 0.7688210613040999952, 0.7688210613040999952, 1.015017021193000080),
 ( 1.015017021193000080, 0.7688210613040999952, 0.7688210613040999952, 1.015017021193000080),
 ( 1.844417286744000073, 1.397047365978999922, 1.397047365978999922, 1.844417286744000073) ) ) 
 REPRESENTATION_ITEM ( '' )  SURFACE ( )  );
#1858 = EDGE_CURVE ( 'NONE', #1908, #4901, #3353, .T. ) ;
#1859 = AXIS2_PLACEMENT_3D ( 'NONE', #1416, #3524, #3025 ) ;
#1860 = ORIENTED_EDGE ( 'NONE', *, *, #6301, .T. ) ;
#1861 = PLANE ( 'NONE',  #2272 ) ;
#1862 = CARTESIAN_POINT ( 'NONE',  ( 0.1618110236220473008, -0.1673228346456692994, -4.885800862748031511E-14 ) ) ;
#1863 = ORIENTED_EDGE ( 'NONE', *, *, #863, .T. ) ;
#1864 = CARTESIAN_POINT ( 'NONE',  ( 0.2529336948275273667, -0.1548223474374191277, -0.07155240746254500073 ) ) ;
#1865 = CARTESIAN_POINT ( 'NONE',  ( 0.2380639869678346787, 0.1455756011410629935, 0.05905511811023622659 ) ) ;
#1866 = CIRCLE ( 'NONE', #5387, 0.009842519685039369942 ) ;
#1867 = CARTESIAN_POINT ( 'NONE',  ( -0.2532128814768110359, 0.03937007874015747977, 0.1892515404901574938 ) ) ;
#1868 = VECTOR ( 'NONE', #2512, 39.37007874015748143 ) ;
#1869 = CARTESIAN_POINT ( 'NONE',  ( -0.2509198774050793723, 0.1665692290869898451, 0.02184400831083876601 ) ) ;
#1870 = CARTESIAN_POINT ( 'NONE',  ( -0.2532101988052755659, -0.1508776025483858363, 0.1892514466914566873 ) ) ;
#1871 = CARTESIAN_POINT ( 'NONE',  ( 0.2125984251968504046, -0.07086614173228347746, 0.1023622047244094752 ) ) ;
#1872 = VERTEX_POINT ( 'NONE', #3833 ) ;
#1873 = ORIENTED_EDGE ( 'NONE', *, *, #3379, .F. ) ;
#1874 = PLANE ( 'NONE',  #1728 ) ;
#1875 = CONICAL_SURFACE ( 'NONE', #411, 0.1383965361485433310, 0.008726646259879242487 ) ;
#1876 = FACE_OUTER_BOUND ( 'NONE', #4923, .T. ) ;
#1877 = CYLINDRICAL_SURFACE ( 'NONE', #3168, 0.007874015748019673813 ) ;
#1878 = ORIENTED_EDGE ( 'NONE', *, *, #5573, .T. ) ;
#1879 = CARTESIAN_POINT ( 'NONE',  ( -0.1618110236220473008, 0.1667729012678346445, 0.01574803149606299191 ) ) ;
#1880 = ORIENTED_EDGE ( 'NONE', *, *, #4199, .F. ) ;
#1881 = ORIENTED_EDGE ( 'NONE', *, *, #1056, .T. ) ;
#1882 = EDGE_CURVE ( 'NONE', #4058, #2808, #6801, .T. ) ;
#1883 = ORIENTED_EDGE ( 'NONE', *, *, #4875, .F. ) ;
#1884 = DIRECTION ( 'NONE',  ( 0.0000000000000000000, 0.0000000000000000000, 1.000000000000000000 ) ) ;
#1885 = ORIENTED_EDGE ( 'NONE', *, *, #4422, .T. ) ;
#1886 = CARTESIAN_POINT ( 'NONE',  ( -0.1618110236220473008, 0.1955911750433858287, -0.03641732283464567399 ) ) ;
#1887 = CARTESIAN_POINT ( 'NONE',  ( -0.2590544585745274131, 0.1592811484759379670, 0.02169510055040908825 ) ) ;
#1888 = CARTESIAN_POINT ( 'NONE',  ( 0.1956617438500000139, 0.0000000000000000000, 0.05905511811023622659 ) ) ;
#1889 = ORIENTED_EDGE ( 'NONE', *, *, #1210, .T. ) ;
#1890 = EDGE_CURVE ( 'NONE', #3819, #2481, #56, .T. ) ;
#1891 = CARTESIAN_POINT ( 'NONE',  ( 0.1618110236220473008, -0.2244094488188976555, -0.07283464566929134798 ) ) ;
#1892 = ORIENTED_EDGE ( 'NONE', *, *, #1628, .T. ) ;
#1893 = CARTESIAN_POINT ( 'NONE',  ( 0.2456706645624635033, 0.1514932419696071730, -0.07873998074171600914 ) ) ;
#1894 = EDGE_CURVE ( 'NONE', #2588, #1796, #6124, .T. ) ;
#1895 = DIRECTION ( 'NONE',  ( -1.000000000000000000, -5.181040781583999695E-14, 2.065870622718000055E-12 ) ) ;
#1896 = DIRECTION ( 'NONE',  ( 0.0000000000000000000, -1.000000000000000000, 0.0000000000000000000 ) ) ;
#1897 = VERTEX_POINT ( 'NONE', #151 ) ;
#1898 = FACE_OUTER_BOUND ( 'NONE', #1225, .T. ) ;
#1899 = ORIENTED_EDGE ( 'NONE', *, *, #4937, .F. ) ;
#1900 = EDGE_CURVE ( 'NONE', #5035, #5832, #4763, .T. ) ;
#1901 = CARTESIAN_POINT ( 'NONE',  ( 0.2459397485838976383, 0.1604858862620078819, 0.1893167285857874360 ) ) ;
#1902 = B_SPLINE_CURVE_WITH_KNOTS ( 'NONE', 3,
 ( #5465, #3383, #5609, #201 ),
 .UNSPECIFIED., .F., .F.,
 ( 4, 4 ),
 ( 0.0000000000000000000, 1.000000000000000000 ),
 .UNSPECIFIED. ) ;
#1903 = CARTESIAN_POINT ( 'NONE',  ( -0.2516898960588132561, 0.1673392477406868695, -0.0002064408899332145048 ) ) ;
#1904 = CARTESIAN_POINT ( 'NONE',  ( -0.04145752202448819285, 0.1030682280832677239, -0.05511811023622047168 ) ) ;
#1905 = CARTESIAN_POINT ( 'NONE',  ( -0.2535450710515849693, -0.1511211696806809002, -0.07197850175211546742 ) ) ;
#1906 = ORIENTED_EDGE ( 'NONE', *, *, #4903, .T. ) ;
#1907 = CARTESIAN_POINT ( 'NONE',  ( -0.2462002209747105874, -0.1603850054743297116, -0.07586133578242240660 ) ) ;
#1908 = VERTEX_POINT ( 'NONE', #2823 ) ;
#1909 = EDGE_CURVE ( 'NONE', #4458, #3287, #1512, .T. ) ;
#1910 = LINE ( 'NONE', #6532, #494 ) ;
#1911 = FACE_OUTER_BOUND ( 'NONE', #4216, .T. ) ;
#1912 = CARTESIAN_POINT ( 'NONE',  ( 0.1775662572164001807, 0.1020872383584394277, 0.05905511873881886392 ) ) ;
#1913 = ORIENTED_EDGE ( 'NONE', *, *, #812, .T. ) ;
#1914 = CYLINDRICAL_SURFACE ( 'NONE', #4687, 0.03937007874015747977 ) ;
#1915 = EDGE_CURVE ( 'NONE', #237, #2523, #2872, .T. ) ;
#1916 = LINE ( 'NONE', #4965, #747 ) ;
#1917 = ORIENTED_EDGE ( 'NONE', *, *, #489, .F. ) ;
#1918 = CARTESIAN_POINT ( 'NONE',  ( 0.2598425196851181229, 0.1574803148640157302, 1.268902415337007918E-12 ) ) ;
#1919 = CARTESIAN_POINT ( 'NONE',  ( -0.2375015513111811694, -0.03937007874015747977, 0.1909448818898031863 ) ) ;
#1920 = DIRECTION ( 'NONE',  ( 1.000000000000000000, 0.0000000000000000000, 0.0000000000000000000 ) ) ;
#1921 = CARTESIAN_POINT ( 'NONE',  ( -0.1747192583591732351, 0.1061708804788188965, 0.05314960629921260116 ) ) ;
#1922 = ORIENTED_EDGE ( 'NONE', *, *, #1967, .F. ) ;
#1923 = CARTESIAN_POINT ( 'NONE',  ( -0.2437399756134645268, -0.1610628101481496044, -0.07155240742322835357 ) ) ;
#1924 = EDGE_LOOP ( 'NONE', ( #2457, #3844, #4425, #4412 ) ) ;
#1925 = EDGE_CURVE ( 'NONE', #5329, #2994, #225, .T. ) ;
#1926 = CARTESIAN_POINT ( 'NONE',  ( 0.01434527559329133901, 0.1343470436103543220, 0.08267716535433072833 ) ) ;
#1927 = CARTESIAN_POINT ( 'NONE',  ( 0.2373765702455511994, 0.1448881844187795143, 0.07874015748031495954 ) ) ;
#1928 = DIRECTION ( 'NONE',  ( 1.000000000000000000, 0.0000000000000000000, 0.0000000000000000000 ) ) ;
#1929 = ORIENTED_EDGE ( 'NONE', *, *, #5560, .T. ) ;
#1930 = CARTESIAN_POINT ( 'NONE',  ( 0.05000000000035433045, -0.1350630231755511890, 0.01377952758026377948 ) ) ;
#1931 = VERTEX_POINT ( 'NONE', #1311 ) ;
#1932 = ADVANCED_FACE ( 'NONE', ( #3376 ), #1874, .F. ) ;
#1933 = LINE ( 'NONE', #6558, #859 ) ;
#1934 = LINE ( 'NONE', #4104, #4679 ) ;
#1935 = DIRECTION ( 'NONE',  ( 0.0000000000000000000, 0.0000000000000000000, -1.000000000000000000 ) ) ;
#1936 = CARTESIAN_POINT ( 'NONE',  ( -0.2551901388623455391, -0.1664599813622274216, 0.0004184268293322962592 ) ) ;
#1937 = ORIENTED_EDGE ( 'NONE', *, *, #5277, .F. ) ;
#1938 = CARTESIAN_POINT ( 'NONE',  ( -0.2495747148961931228, -0.1535683782313557455, -0.07876896696629009931 ) ) ;
#1939 = CARTESIAN_POINT ( 'NONE',  ( 0.2521384366689103929, -0.1560089587710171699, 0.1893742413267578140 ) ) ;
#1940 = AXIS2_PLACEMENT_3D ( 'NONE', #4448, #5459, #2774 ) ;
#1941 = EDGE_CURVE ( 'NONE', #319, #5067, #1910, .T. ) ;
#1942 = LINE ( 'NONE', #6118, #3049 ) ;
#1943 = FACE_OUTER_BOUND ( 'NONE', #3259, .T. ) ;
#1944 = ORIENTED_EDGE ( 'NONE', *, *, #4024, .F. ) ;
#1945 = FACE_OUTER_BOUND ( 'NONE', #4091, .T. ) ;
#1946 = VECTOR ( 'NONE', #1639, 39.37007874015748143 ) ;
#1947 = VECTOR ( 'NONE', #1299, 39.37007874015748143 ) ;
#1948 = VECTOR ( 'NONE', #5615, 39.37007874015748143 ) ;
#1949 = DIRECTION ( 'NONE',  ( 1.000000000000000000, 0.0000000000000000000, 0.0000000000000000000 ) ) ;
#1950 = DIRECTION ( 'NONE',  ( 0.03487826274232076057, -0.03487826274233076645, 0.9987827659587217299 ) ) ;
#1951 = ORIENTED_EDGE ( 'NONE', *, *, #2391, .F. ) ;
#1952 = CARTESIAN_POINT ( 'NONE',  ( -0.03818897637795275191, -0.1850258812475984449, -0.009327402005539369573 ) ) ;
#1953 = PLANE ( 'NONE',  #4688 ) ;
#1954 = ORIENTED_EDGE ( 'NONE', *, *, #304, .F. ) ;
#1955 = CIRCLE ( 'NONE', #723, 0.001966647553729532465 ) ;
#1956 = VECTOR ( 'NONE', #5274, 39.37007874015748143 ) ;
#1957 = EDGE_CURVE ( 'NONE', #3384, #4288, #6151, .T. ) ;
#1958 = FACE_OUTER_BOUND ( 'NONE', #484, .T. ) ;
#1959 = CARTESIAN_POINT ( 'NONE',  ( 0.2456856841534929004, 0.1512202903107340290, -0.07873998074171600914 ) ) ;
#1960 = AXIS2_PLACEMENT_3D ( 'NONE', #919, #4198, #3023 ) ;
#1961 = EDGE_LOOP ( 'NONE', ( #6465, #6594, #2430, #1844, #3939, #1922, #1147, #3159, #76, #272, #5408, #3847 ) ) ;
#1962 = DIRECTION ( 'NONE',  ( 0.0000000000000000000, -1.000000000000000000, 0.0000000000000000000 ) ) ;
#1963 = CYLINDRICAL_SURFACE ( 'NONE', #3933, 0.003937007874015749712 ) ;
#1964 = ORIENTED_EDGE ( 'NONE', *, *, #1163, .T. ) ;
#1965 = CARTESIAN_POINT ( 'NONE',  ( -0.2437399756379527993, 0.1610628104004724614, -0.07155240744921259610 ) ) ;
#1966 = ORIENTED_EDGE ( 'NONE', *, *, #1975, .F. ) ;
#1967 = EDGE_CURVE ( 'NONE', #857, #2012, #2590, .T. ) ;
#1968 = VECTOR ( 'NONE', #1337, 39.37007874015748143 ) ;
#1969 = PLANE ( 'NONE',  #4476 ) ;
#1970 = CARTESIAN_POINT ( 'NONE',  ( 0.2534128125795404030, -0.1512202899567848258, -0.07349188850724901190 ) ) ;
#1971 = DIRECTION ( 'NONE',  ( 0.0000000000000000000, 1.000000000000000000, 0.0000000000000000000 ) ) ;
#1972 = ORIENTED_EDGE ( 'NONE', *, *, #533, .T. ) ;
#1973 = VECTOR ( 'NONE', #5319, 39.37007874015748143 ) ;
#1974 = CARTESIAN_POINT ( 'NONE',  ( -0.2393700787401575047, -0.1018885341048819115, 0.02165354330710629951 ) ) ;
#1975 = EDGE_CURVE ( 'NONE', #772, #3751, #819, .T. ) ;
#1976 = VECTOR ( 'NONE', #3322, 39.37007874015748143 ) ;
#1977 = DIRECTION ( 'NONE',  ( 0.0000000000000000000, 0.03489949670277951721, -0.9993908270190859922 ) ) ;
#1978 = CARTESIAN_POINT ( 'NONE',  ( 0.1381889763779527436, -0.1667729012678346445, 0.01574803149606299191 ) ) ;
#1979 = ORIENTED_EDGE ( 'NONE', *, *, #1163, .F. ) ;
#1980 = AXIS2_PLACEMENT_3D ( 'NONE', #3636, #6199, #3100 ) ;
#1981 = EDGE_CURVE ( 'NONE', #1700, #4123, #788, .T. ) ;
#1982 = EDGE_CURVE ( 'NONE', #3811, #6422, #4941, .T. ) ;
#1983 = AXIS2_PLACEMENT_3D ( 'NONE', #3859, #3816, #6552 ) ;
#1984 = CARTESIAN_POINT ( 'NONE',  ( 0.1618110236220473008, 0.2041237981004330737, -0.07283464566929134798 ) ) ;
#1985 = ORIENTED_EDGE ( 'NONE', *, *, #311, .F. ) ;
#1986 = CARTESIAN_POINT ( 'NONE',  ( 0.2561281900864567085, 0.1637327010053936938, 0.02165353369637008224 ) ) ;
#1987 = CARTESIAN_POINT ( 'NONE',  ( -0.1141589646264173363, 0.1005061792545669380, 0.01377951840360630217 ) ) ;
#1988 = ORIENTED_EDGE ( 'NONE', *, *, #2291, .F. ) ;
#1989 = EDGE_CURVE ( 'NONE', #6646, #5308, #4453, .T. ) ;
#1990 = DIRECTION ( 'NONE',  ( 1.000000000000000000, 0.0000000000000000000, 0.0000000000000000000 ) ) ;
#1991 = EDGE_LOOP ( 'NONE', ( #3218, #4162, #5809, #2795, #6050, #5678 ) ) ;
#1992 = CARTESIAN_POINT ( 'NONE',  ( 0.01442900706670078789, 0.1335397526375590727, -0.009185509535539369483 ) ) ;
#1993 = DIRECTION ( 'NONE',  ( -1.000000000000000000, 0.0000000000000000000, 0.0000000000000000000 ) ) ;
#1994 = LINE ( 'NONE', #2915, #4240 ) ;
#1995 = ORIENTED_EDGE ( 'NONE', *, *, #567, .F. ) ;
#1996 = DIRECTION ( 'NONE',  ( -0.03487649552909867501, 0.03487826532359867421, 0.9987828275794619071 ) ) ;
#1997 = ORIENTED_EDGE ( 'NONE', *, *, #5515, .T. ) ;
#1998 = CARTESIAN_POINT ( 'NONE',  ( 0.01444217391500393632, 0.1331284303940551139, -0.05511811023622047168 ) ) ;
#1999 = FACE_OUTER_BOUND ( 'NONE', #253, .T. ) ;
#2000 = DIRECTION ( 'NONE',  ( 0.0000000000000000000, 1.000000000000000000, 0.0000000000000000000 ) ) ;
#2001 = EDGE_CURVE ( 'NONE', #3447, #2919, #173, .T. ) ;
#2002 = CARTESIAN_POINT ( 'NONE',  ( 0.2373765702455511994, 0.1448881844187795143, 0.07874015748031495954 ) ) ;
#2003 = ORIENTED_EDGE ( 'NONE', *, *, #4130, .F. ) ;
#2004 = CARTESIAN_POINT ( 'NONE',  ( -0.2500019067841668940, -0.1515691393009031274, -0.07876896696629009931 ) ) ;
#2005 = VERTEX_POINT ( 'NONE', #5730 ) ;
#2006 = CARTESIAN_POINT ( 'NONE',  ( 0.01959678226864960959, -0.1353550028133464478, 0.07874015748035433082 ) ) ;
#2007 = ADVANCED_FACE ( 'NONE', ( #984 ), #4715, .F. ) ;
#2008 = ORIENTED_EDGE ( 'NONE', *, *, #5526, .T. ) ;
#2009 = DIRECTION ( 'NONE',  ( -1.000000000000000000, 0.0000000000000000000, 0.0000000000000000000 ) ) ;
#2010 = EDGE_CURVE ( 'NONE', #784, #1620, #4652, .T. ) ;
#2011 = DIRECTION ( 'NONE',  ( -1.000000000000000000, 4.587600139208999614E-13, 4.710176939061000361E-12 ) ) ;
#2012 = VERTEX_POINT ( 'NONE', #2561 ) ;
#2013 = CARTESIAN_POINT ( 'NONE',  ( 0.2125984251968504046, 0.07086614173228347746, 0.05905511811023622659 ) ) ;
#2014 = FACE_OUTER_BOUND ( 'NONE', #5982, .T. ) ;
#2015 = CARTESIAN_POINT ( 'NONE',  ( -0.2513084684822820547, 0.1569695061781624656, -0.07586135892087482457 ) ) ;
#2016 = ORIENTED_EDGE ( 'NONE', *, *, #2010, .F. ) ;
#2017 = DIRECTION ( 'NONE',  ( 0.08682659368773616715, 0.08682659218235616594, -0.9924325093015562427 ) ) ;
#2018 = ORIENTED_EDGE ( 'NONE', *, *, #948, .F. ) ;
#2019 = EDGE_CURVE ( 'NONE', #5273, #237, #5058, .T. ) ;
#2020 = CARTESIAN_POINT ( 'NONE',  ( -0.03818897637795275191, -0.1955911750433858287, -0.03641732283464567399 ) ) ;
#2021 = DIRECTION ( 'NONE',  ( -1.000000000000000000, 2.768156074732000092E-13, 2.503552920529999821E-12 ) ) ;
#2022 = CARTESIAN_POINT ( 'NONE',  ( -0.2500000000219291807, -0.1673228346456299420, -2.738409892544882343E-13 ) ) ;
#2023 = DIRECTION ( 'NONE',  ( 0.001141488468886952233, -0.008726535662300635016, 0.9999612715397582230 ) ) ;
#2024 = CARTESIAN_POINT ( 'NONE',  ( 0.1618110236220473008, 0.1751968503937007815, 0.0000000000000000000 ) ) ;
#2025 = CARTESIAN_POINT ( 'NONE',  ( -0.2518519562599101924, 0.1560138814319141920, 0.1893553575655031185 ) ) ;
#2026 = CARTESIAN_POINT ( 'NONE',  ( -0.2589471510007642641, 0.1626379384174190257, -0.0001171853021461221787 ) ) ;
#2027 = LINE ( 'NONE', #5779, #3289 ) ;
#2028 = DIRECTION ( 'NONE',  ( 0.0000000000000000000, 0.0000000000000000000, 1.000000000000000000 ) ) ;
#2029 = ORIENTED_EDGE ( 'NONE', *, *, #5515, .F. ) ;
#2030 = CARTESIAN_POINT ( 'NONE',  ( -0.2535755337875998383, -0.1517693294714100305, -0.07155240743470070441 ) ) ;
#2031 = B_SPLINE_CURVE_WITH_KNOTS ( 'NONE', 3,
 ( #5422, #1801, #3753, #6380 ),
 .UNSPECIFIED., .F., .F.,
 ( 4, 4 ),
 ( 0.0000000000000000000, 1.000000000000000000 ),
 .UNSPECIFIED. ) ;
#2032 = EDGE_CURVE ( 'NONE', #5199, #2588, #1545, .T. ) ;
#2033 = CARTESIAN_POINT ( 'NONE',  ( -0.1381889763779527436, -0.1751968503937007815, -0.009842519685039369942 ) ) ;
#2034 = ORIENTED_EDGE ( 'NONE', *, *, #3205, .T. ) ;
#2035 = B_SPLINE_SURFACE_WITH_KNOTS ( 'NONE', 3, 1, ( 
 ( #6277, #662 ),
 ( #1257, #2204 ),
 ( #2178, #6477 ),
 ( #4854, #3213 ),
 ( #1145, #1825 ),
 ( #5449, #2284 ),
 ( #3249, #3360 ),
 ( #180, #1706 ) ),
 .UNSPECIFIED., .F., .F., .F.,
 ( 4, 1, 1, 1, 1, 4 ),
 ( 2, 2 ),
 ( 0.04565981015323032632, 0.05177569149677999777, 0.3505918966004999970, 0.6494081017062000027, 0.9482243092754000235, 0.9536074008952181158 ),
 ( 0.0000000000000000000, 1.000000000000000000 ),
 .UNSPECIFIED. ) ;
#2036 = EDGE_CURVE ( 'NONE', #21, #520, #953, .T. ) ;
#2037 = EDGE_LOOP ( 'NONE', ( #2707, #938, #5743, #1007 ) ) ;
#2038 = CARTESIAN_POINT ( 'NONE',  ( -0.2516898809280409544, -0.1673392517192378859, -0.0002064412824352526189 ) ) ;
#2039 = B_SPLINE_CURVE_WITH_KNOTS ( 'NONE', 3,
 ( #5943, #1313, #6495, #3696, #1067, #3907 ),
 .UNSPECIFIED., .F., .F.,
 ( 4, 1, 1, 4 ),
 ( 0.0000000000000000000, 0.3333333333333000081, 0.6666666666667000474, 1.000000000000000000 ),
 .UNSPECIFIED. ) ;
#2040 = AXIS2_PLACEMENT_3D ( 'NONE', #1731, #1167, #6412 ) ;
#2041 = CARTESIAN_POINT ( 'NONE',  ( -0.03818897637795275191, -0.2039282667301968444, -0.06910368486704725199 ) ) ;
#2042 = CARTESIAN_POINT ( 'NONE',  ( -0.2500062914665200364, 0.1512202903603741544, -0.07876899266994301374 ) ) ;
#2043 = ADVANCED_FACE ( 'NONE', ( #522 ), #2631, .T. ) ;
#2044 = CIRCLE ( 'NONE', #3131, 0.009842519685039364738 ) ;
#2045 = VECTOR ( 'NONE', #3325, 39.37007874015748143 ) ;
#2046 = DIRECTION ( 'NONE',  ( -1.000000000000000000, 0.0000000000000000000, 0.0000000000000000000 ) ) ;
#2047 = CARTESIAN_POINT ( 'NONE',  ( 0.1618110236220473008, -0.1673228346456692994, -4.885800862748031511E-14 ) ) ;
#2048 = CARTESIAN_POINT ( 'NONE',  ( 0.1604989699827165384, -0.1023974753755118317, 0.06793915315602364058 ) ) ;
#2049 = FACE_BOUND ( 'NONE', #2300, .T. ) ;
#2050 = AXIS2_PLACEMENT_3D ( 'NONE', #3005, #2384, #1920 ) ;
#2051 = VERTEX_POINT ( 'NONE', #5886 ) ;
#2052 = EDGE_CURVE ( 'NONE', #1141, #2168, #40, .T. ) ;
#2053 = VECTOR ( 'NONE', #3580, 39.37007874015748854 ) ;
#2054 = AXIS2_PLACEMENT_3D ( 'NONE', #810, #940, #3999 ) ;
#2055 = CARTESIAN_POINT ( 'NONE',  ( -0.2503180557311417420, 0.1578299223914567118, 0.1893647769056692742 ) ) ;
#2056 = DIRECTION ( 'NONE',  ( 0.0000000000000000000, 0.0000000000000000000, -1.000000000000000000 ) ) ;
#2057 = CARTESIAN_POINT ( 'NONE',  ( 0.2125984251968504046, 0.07086614173228347746, 0.1023622047244094752 ) ) ;
#2058 = CARTESIAN_POINT ( 'NONE',  ( -0.1776020319422047244, -0.1138552848334645762, 0.05761826070685039519 ) ) ;
#2059 = EDGE_LOOP ( 'NONE', ( #5081, #6280, #6139, #1437 ) ) ;
#2060 = DIRECTION ( 'NONE',  ( -0.03487843177944298378, -0.03473919916935570146, -0.9987876065699246020 ) ) ;
#2061 = AXIS2_PLACEMENT_3D ( 'NONE', #5930, #2767, #4753 ) ;
#2062 = CARTESIAN_POINT ( 'NONE',  ( 0.09685039370078740717, 0.1102362204724409434, 0.1653543307087008141 ) ) ;
#2063 = VECTOR ( 'NONE', #1262, 39.37007874015748143 ) ;
#2064 = ORIENTED_EDGE ( 'NONE', *, *, #2900, .T. ) ;
#2065 = VECTOR ( 'NONE', #4888, 39.37007874015748854 ) ;
#2066 = CARTESIAN_POINT ( 'NONE',  ( -0.1893700787401650099, -0.1138910667010634009, 0.05905511811023622659 ) ) ;
#2067 = VECTOR ( 'NONE', #2342, 39.37007874015748143 ) ;
#2068 = ORIENTED_EDGE ( 'NONE', *, *, #5255, .F. ) ;
#2069 = CARTESIAN_POINT ( 'NONE',  ( -0.2551576234569266632, -0.1664274659614936314, -0.0001171853051993934376 ) ) ;
#2070 = ADVANCED_FACE ( 'NONE', ( #2731 ), #2147, .T. ) ;
#2071 = CARTESIAN_POINT ( 'NONE',  ( 0.2433659566680708708, -0.1607140939450393824, 0.1892511771394094766 ) ) ;
#2072 = CARTESIAN_POINT ( 'NONE',  ( -0.2446775012956819984, 0.1574286393038997478, -0.07876899266994299986 ) ) ;
#2073 = VECTOR ( 'NONE', #4826, 39.37007874015748143 ) ;
#2074 = LINE ( 'NONE', #2448, #1757 ) ;
#2075 = CARTESIAN_POINT ( 'NONE',  ( 0.2457384424409055357, 0.1512202902943700911, -0.07874015748031495954 ) ) ;
#2076 = B_SPLINE_CURVE_WITH_KNOTS ( 'NONE', 3,
 ( #5365, #6462, #6541, #3845, #4917, #1783 ),
 .UNSPECIFIED., .F., .F.,
 ( 4, 1, 1, 4 ),
 ( 0.0000000000000000000, 0.3333333333333000081, 0.6666666666667000474, 1.000000000000000000 ),
 .UNSPECIFIED. ) ;
#2077 = FACE_OUTER_BOUND ( 'NONE', #1961, .T. ) ;
#2078 = ADVANCED_FACE ( 'NONE', ( #1047 ), #140, .T. ) ;
#2079 = DIRECTION ( 'NONE',  ( 0.0000000000000000000, 1.000000000000000000, 0.0000000000000000000 ) ) ;
#2080 = VECTOR ( 'NONE', #3779, 39.37007874015748143 ) ;
#2081 = DIRECTION ( 'NONE',  ( -0.2580482583327069479, -0.9661320284368262179, 0.0000000000000000000 ) ) ;
#2082 = ORIENTED_EDGE ( 'NONE', *, *, #4721, .T. ) ;
#2083 = ADVANCED_FACE ( 'NONE', ( #6376 ), #1713, .T. ) ;
#2084 = CARTESIAN_POINT ( 'NONE',  ( -0.03818897637795275191, -0.2078598790717716693, -0.06889763779527559306 ) ) ;
#2085 = FACE_OUTER_BOUND ( 'NONE', #5157, .T. ) ;
#2086 = EDGE_CURVE ( 'NONE', #5351, #4662, #9, .T. ) ;
#2087 = CARTESIAN_POINT ( 'NONE',  ( -0.1857882540429963147, 0.1056635242633382349, 0.08267716535433072833 ) ) ;
#2088 = ORIENTED_EDGE ( 'NONE', *, *, #5120, .F. ) ;
#2089 = CARTESIAN_POINT ( 'NONE',  ( -0.2165354330708661457, -0.1102362204724409434, 0.07874015748035433082 ) ) ;
#2090 = VERTEX_POINT ( 'NONE', #3716 ) ;
#2091 = CARTESIAN_POINT ( 'NONE',  ( -0.1943769199316535690, -0.1468816929133858473, 0.02165354330710629951 ) ) ;
#2092 = CARTESIAN_POINT ( 'NONE',  ( 0.2448742225757480351, -0.1515142146674803014, 0.1967999481617322965 ) ) ;
#2093 = EDGE_CURVE ( 'NONE', #6665, #4873, #3219, .T. ) ;
#2094 = ORIENTED_EDGE ( 'NONE', *, *, #2093, .F. ) ;
#2095 =( BOUNDED_CURVE ( )  B_SPLINE_CURVE ( 3, ( #1011, #6371, #2087, #4782 ),
 .UNSPECIFIED., .F., .T. ) 
 B_SPLINE_CURVE_WITH_KNOTS ( ( 4, 4 ),
 ( 5.498284345420852759, 6.679101965638529315 ),
 .UNSPECIFIED. ) 
 CURVE ( )  GEOMETRIC_REPRESENTATION_ITEM ( )  RATIONAL_B_SPLINE_CURVE ( ( 1.000000000000000000, 0.8871421091069306986, 0.8871421091069306986, 1.000000000000000000 ) ) 
 REPRESENTATION_ITEM ( '' )  );
#2096 = CYLINDRICAL_SURFACE ( 'NONE', #2921, 0.003937007874015749712 ) ;
#2097 = ORIENTED_EDGE ( 'NONE', *, *, #5751, .F. ) ;
#2098 = CARTESIAN_POINT ( 'NONE',  ( 0.1775662548846921873, -0.1020872556290491479, 0.05905511809044555749 ) ) ;
#2099 = CARTESIAN_POINT ( 'NONE',  ( -0.2481847143892688123, 0.1556768328389230016, -0.07876899266994299986 ) ) ;
#2100 = ORIENTED_EDGE ( 'NONE', *, *, #1925, .T. ) ;
#2101 = EDGE_CURVE ( 'NONE', #3224, #4960, #5384, .T. ) ;
#2102 = CARTESIAN_POINT ( 'NONE',  ( -0.1886826620178740366, 0.1448881844187795143, 0.07874015748035433082 ) ) ;
#2103 = ORIENTED_EDGE ( 'NONE', *, *, #6379, .T. ) ;
#2104 = DIRECTION ( 'NONE',  ( 0.0000000000000000000, 0.05233595624278905567, -0.9986295347545820489 ) ) ;
#2105 = ORIENTED_EDGE ( 'NONE', *, *, #5844, .T. ) ;
#2106 = DIRECTION ( 'NONE',  ( -1.000000000000000000, 0.0000000000000000000, 0.0000000000000000000 ) ) ;
#2107 = DIRECTION ( 'NONE',  ( 0.0000000000000000000, -1.000000000000000000, 0.0000000000000000000 ) ) ;
#2108 = EDGE_LOOP ( 'NONE', ( #4504, #5667, #3012, #1527, #4237, #6072 ) ) ;
#2109 = CYLINDRICAL_SURFACE ( 'NONE', #1730, 0.003937007873997243682 ) ;
#2110 = ORIENTED_EDGE ( 'NONE', *, *, #2463, .T. ) ;
#2111 = EDGE_CURVE ( 'NONE', #4272, #3542, #5454, .T. ) ;
#2112 = ORIENTED_EDGE ( 'NONE', *, *, #4613, .T. ) ;
#2113 = CARTESIAN_POINT ( 'NONE',  ( -0.2511104737331681935, 0.1570375189440186281, 0.1893648259225823027 ) ) ;
#2114 = DIRECTION ( 'NONE',  ( 0.0000000000000000000, 0.0000000000000000000, 1.000000000000000000 ) ) ;
#2115 = CYLINDRICAL_SURFACE ( 'NONE', #5290, 0.009842519684917316533 ) ;
#2116 = CARTESIAN_POINT ( 'NONE',  ( 0.2489064919049343017, 0.1599595441857105393, -0.07181822508652592474 ) ) ;
#2117 = ORIENTED_EDGE ( 'NONE', *, *, #1375, .T. ) ;
#2118 = CARTESIAN_POINT ( 'NONE',  ( -0.1688173440258941560, -0.1018882101676150537, 0.05335570567517434332 ) ) ;
#2119 = VERTEX_POINT ( 'NONE', #1865 ) ;
#2120 = CARTESIAN_POINT ( 'NONE',  ( 0.1886826620178740366, -0.1448881844187795143, 0.07874015748035433082 ) ) ;
#2121 = LINE ( 'NONE', #2091, #960 ) ;
#2122 = CARTESIAN_POINT ( 'NONE',  ( 0.2491085963488976207, -0.1480768924617322790, 0.1974041830337795456 ) ) ;
#2123 = ORIENTED_EDGE ( 'NONE', *, *, #5017, .F. ) ;
#2124 = EDGE_CURVE ( 'NONE', #4719, #3548, #4413, .T. ) ;
#2125 = ORIENTED_EDGE ( 'NONE', *, *, #6287, .T. ) ;
#2126 = CARTESIAN_POINT ( 'NONE',  ( -0.03818897637795275191, -0.1667729012678346445, 0.01574803149606299191 ) ) ;
#2127 = DIRECTION ( 'NONE',  ( 0.001141366438687947725, 0.008726535662037600630, -0.9999612716790543532 ) ) ;
#2128 = CARTESIAN_POINT ( 'NONE',  ( -0.2494747016533369888, 0.1587989278817721062, -0.07586135892087482457 ) ) ;
#2129 = VECTOR ( 'NONE', #2868, 39.37007874015748143 ) ;
#2130 = CARTESIAN_POINT ( 'NONE',  ( 0.2443337450183858117, 0.1504063320117716707, 0.1967998162113779315 ) ) ;
#2131 = ORIENTED_EDGE ( 'NONE', *, *, #1340, .T. ) ;
#2132 = CARTESIAN_POINT ( 'NONE',  ( 0.2562172911925984509, -0.1636436487465748046, 0.02165353521221259972 ) ) ;
#2133 = CYLINDRICAL_SURFACE ( 'NONE', #283, 0.003937007874015749712 ) ;
#2134 = FACE_BOUND ( 'NONE', #998, .T. ) ;
#2135 = CARTESIAN_POINT ( 'NONE',  ( -0.1876627962017694828, 0.1102362204724409434, 0.08267716535433072833 ) ) ;
#2136 = EDGE_CURVE ( 'NONE', #1686, #1781, #887, .T. ) ;
#2137 = VERTEX_POINT ( 'NONE', #811 ) ;
#2138 = VECTOR ( 'NONE', #4933, 39.37007874015748143 ) ;
#2139 = DIRECTION ( 'NONE',  ( 0.0000000000000000000, 0.0000000000000000000, 1.000000000000000000 ) ) ;
#2140 = CARTESIAN_POINT ( 'NONE',  ( 0.2463324385914738568, 0.1607418206689349705, -0.07155240746229890592 ) ) ;
#2141 = VECTOR ( 'NONE', #2240, 39.37007874015748143 ) ;
#2142 = DIRECTION ( 'NONE',  ( 1.000000000000000000, -2.220446049250000313E-13, -7.923291652407999908E-13 ) ) ;
#2143 = DIRECTION ( 'NONE',  ( 0.9993908270190972054, 0.0000000000000000000, -0.03489949670245990482 ) ) ;
#2144 = CARTESIAN_POINT ( 'NONE',  ( -0.1566929133858267764, 0.1102362204724409434, 0.1220472440945275794 ) ) ;
#2145 = ORIENTED_EDGE ( 'NONE', *, *, #6674, .T. ) ;
#2146 = ADVANCED_FACE ( 'NONE', ( #3410 ), #2887, .F. ) ;
#2147 = CYLINDRICAL_SURFACE ( 'NONE', #6471, 0.1968503937007874127 ) ;
#2148 = AXIS2_PLACEMENT_3D ( 'NONE', #6224, #1553, #3096 ) ;
#2149 = CIRCLE ( 'NONE', #2591, 0.1377952755905512139 ) ;
#2150 = PLANE ( 'NONE',  #2957 ) ;
#2151 = CARTESIAN_POINT ( 'NONE',  ( 0.2443337534420866042, -0.1504063416797637720, 0.1967998180157873866 ) ) ;
#2152 = ORIENTED_EDGE ( 'NONE', *, *, #141, .F. ) ;
#2153 = AXIS2_PLACEMENT_3D ( 'NONE', #3139, #6327, #5305 ) ;
#2154 = EDGE_CURVE ( 'NONE', #6504, #1620, #6481, .T. ) ;
#2155 = ORIENTED_EDGE ( 'NONE', *, *, #5052, .F. ) ;
#2156 = CARTESIAN_POINT ( 'NONE',  ( 0.1442016080727559213, -0.1019086457230708731, 0.05394090341881890155 ) ) ;
#2157 = CIRCLE ( 'NONE', #4949, 0.1968503937007873850 ) ;
#2158 = ORIENTED_EDGE ( 'NONE', *, *, #3679, .T. ) ;
#2159 = FACE_OUTER_BOUND ( 'NONE', #1582, .T. ) ;
#2160 = CARTESIAN_POINT ( 'NONE',  ( -0.2216535433070866146, 0.03937007874015747977, 0.1850393700787795470 ) ) ;
#2161 = ADVANCED_FACE ( 'NONE', ( #5016 ), #1429, .F. ) ;
#2162 = EDGE_CURVE ( 'NONE', #3447, #2336, #3329, .T. ) ;
#2163 = VECTOR ( 'NONE', #6524, 39.37007874015748143 ) ;
#2164 = ORIENTED_EDGE ( 'NONE', *, *, #866, .T. ) ;
#2165 = CARTESIAN_POINT ( 'NONE',  ( -0.2125984251968504046, 0.07086614173228347746, 0.05818897637795275579 ) ) ;
#2166 = DIRECTION ( 'NONE',  ( -0.9999999999998792077, 4.890345200339899139E-07, -4.892643560822899528E-08 ) ) ;
#2167 = CARTESIAN_POINT ( 'NONE',  ( -0.06181102362204724671, -0.1883973487342519848, -0.07365883395677165491 ) ) ;
#2168 = VERTEX_POINT ( 'NONE', #702 ) ;
#2169 = CARTESIAN_POINT ( 'NONE',  ( -0.2580116878058978380, -0.1618238510354649551, 0.02170006927103485320 ) ) ;
#2170 = DIRECTION ( 'NONE',  ( -1.000000000000000000, 0.0000000000000000000, 0.0000000000000000000 ) ) ;
#2171 = EDGE_CURVE ( 'NONE', #6422, #6324, #3265, .T. ) ;
#2172 = ORIENTED_EDGE ( 'NONE', *, *, #2812, .F. ) ;
#2173 = VECTOR ( 'NONE', #3622, 39.37007874015748143 ) ;
#2174 = CARTESIAN_POINT ( 'NONE',  ( -0.1775662500745890660, -0.1020872380355042908, 0.05905511811023622659 ) ) ;
#2175 = CARTESIAN_POINT ( 'NONE',  ( 0.2523963776433764128, 0.1559864913604032677, -0.07155240746229890592 ) ) ;
#2176 = CIRCLE ( 'NONE', #1983, 0.003937007873997229804 ) ;
#2177 = LINE ( 'NONE', #4438, #939 ) ;
#2178 = CARTESIAN_POINT ( 'NONE',  ( 0.2509198750205735018, 0.1665692297283777323, 0.02184400792227754462 ) ) ;
#2179 = DIRECTION ( 'NONE',  ( 0.0000000000000000000, 1.000000000000000000, 0.0000000000000000000 ) ) ;
#2180 = ORIENTED_EDGE ( 'NONE', *, *, #6684, .T. ) ;
#2181 = CARTESIAN_POINT ( 'NONE',  ( 0.1775662548846850541, -0.1020872732225984181, 0.05905511807066928659 ) ) ;
#2182 = ORIENTED_EDGE ( 'NONE', *, *, #2790, .F. ) ;
#2183 = EDGE_CURVE ( 'NONE', #133, #1649, #4938, .T. ) ;
#2184 = CARTESIAN_POINT ( 'NONE',  ( -0.09685039370082677845, 0.1102362204724409434, 0.08267716535433072833 ) ) ;
#2185 = DIRECTION ( 'NONE',  ( -1.000000000000000000, 0.0000000000000000000, 0.0000000000000000000 ) ) ;
#2186 = ORIENTED_EDGE ( 'NONE', *, *, #866, .F. ) ;
#2187 = EDGE_CURVE ( 'NONE', #1837, #4304, #2157, .T. ) ;
#2188 = VERTEX_POINT ( 'NONE', #5530 ) ;
#2189 = CARTESIAN_POINT ( 'NONE',  ( 0.2453332430507480788, 0.1508776954951181193, 0.1968503815585826988 ) ) ;
#2190 = LINE ( 'NONE', #4309, #4932 ) ;
#2191 = VERTEX_POINT ( 'NONE', #3201 ) ;
#2192 = CARTESIAN_POINT ( 'NONE',  ( 0.2224409448818897850, -0.07086614173228347746, 0.05905511811023622659 ) ) ;
#2193 = EDGE_CURVE ( 'NONE', #18, #770, #1130, .T. ) ;
#2194 = VERTEX_POINT ( 'NONE', #2712 ) ;
#2195 = PLANE ( 'NONE',  #5685 ) ;
#2196 = ORIENTED_EDGE ( 'NONE', *, *, #5432, .T. ) ;
#2197 = CARTESIAN_POINT ( 'NONE',  ( -0.2165354330708661457, 0.07988696002944881136, 0.07874015748035433082 ) ) ;
#2198 = CARTESIAN_POINT ( 'NONE',  ( 0.2590759282077165770, -0.1567271177117322833, 0.02165407849754724320 ) ) ;
#2199 = APPROVAL_STATUS ( 'not_yet_approved' ) ;
#2200 = ADVANCED_FACE ( 'NONE', ( #4247 ), #4840, .T. ) ;
#2201 = DIRECTION ( 'NONE',  ( -1.000000000000000000, 0.0000000000000000000, 0.0000000000000000000 ) ) ;
#2202 = ORIENTED_EDGE ( 'NONE', *, *, #238, .T. ) ;
#2203 = DIRECTION ( 'NONE',  ( -1.000000000000000000, 0.0000000000000000000, 0.0000000000000000000 ) ) ;
#2204 = CARTESIAN_POINT ( 'NONE',  ( 0.2499390347031881232, 0.1673319992889325813, -0.0002678358828910885393 ) ) ;
#2205 = CARTESIAN_POINT ( 'NONE',  ( 0.2535824953443306939, -0.1512202898668897622, -0.07155240742165354384 ) ) ;
#2206 = ORIENTED_EDGE ( 'NONE', *, *, #4443, .T. ) ;
#2207 = CARTESIAN_POINT ( 'NONE',  ( 0.2438728241570805866, -0.1606858230421144285, -0.07586138697756143745 ) ) ;
#2208 = VERTEX_POINT ( 'NONE', #3171 ) ;
#2209 = CARTESIAN_POINT ( 'NONE',  ( 0.1618110236220473008, -0.2244094488188976555, -0.08858267716535435377 ) ) ;
#2210 = CARTESIAN_POINT ( 'NONE',  ( -0.2577058048729133910, -0.1569274312327559040, 0.1936908291366535306 ) ) ;
#2211 = FACE_OUTER_BOUND ( 'NONE', #3642, .T. ) ;
#2212 = DIRECTION ( 'NONE',  ( -0.03487826274199156557, -0.03487826274199156557, -0.9987827659587449336 ) ) ;
#2213 = ORIENTED_EDGE ( 'NONE', *, *, #513, .T. ) ;
#2214 = CARTESIAN_POINT ( 'NONE',  ( -0.2027559055118110243, 0.07086614173228347746, 0.1023622047244094752 ) ) ;
#2215 = ORIENTED_EDGE ( 'NONE', *, *, #17, .F. ) ;
#2216 = CARTESIAN_POINT ( 'NONE',  ( -0.1816849437310517623, -0.1029121381022290865, 0.08267716535433072833 ) ) ;
#2217 = EDGE_CURVE ( 'NONE', #3526, #1686, #4266, .T. ) ;
#2218 = DIRECTION ( 'NONE',  ( 0.0000000000000000000, 1.000000000000000000, 3.528334006652000197E-14 ) ) ;
#2219 = DIRECTION ( 'NONE',  ( 0.0000000000000000000, 0.05233595624257962597, 0.9986295347545928180 ) ) ;
#2220 = ORIENTED_EDGE ( 'NONE', *, *, #5789, .T. ) ;
#2221 = CARTESIAN_POINT ( 'NONE',  ( -0.1618110236220473008, -0.1667729012678346445, 0.01574803149606299191 ) ) ;
#2222 = CARTESIAN_POINT ( 'NONE',  ( 0.02444840965681889869, -0.1356299242417716433, 0.07874015748035433082 ) ) ;
#2223 = ORIENTED_EDGE ( 'NONE', *, *, #6095, .F. ) ;
#2224 = EDGE_CURVE ( 'NONE', #1686, #2188, #3276, .T. ) ;
#2225 = B_SPLINE_CURVE_WITH_KNOTS ( 'NONE', 3,
 ( #4041, #4005, #6212, #6083, #1371, #856 ),
 .UNSPECIFIED., .F., .F.,
 ( 4, 2, 4 ),
 ( 0.0000000000000000000, 0.5000000000000000000, 1.000000000000000000 ),
 .UNSPECIFIED. ) ;
#2226 = DIRECTION ( 'NONE',  ( -1.000000000000000000, 0.0000000000000000000, 0.0000000000000000000 ) ) ;
#2227 = ORIENTED_EDGE ( 'NONE', *, *, #2580, .T. ) ;
#2228 = CARTESIAN_POINT ( 'NONE',  ( 0.1499999999999999944, -0.2142666234596850572, -0.08858267716535435377 ) ) ;
#2229 = DIRECTION ( 'NONE',  ( 1.000000000000000000, 0.0000000000000000000, 0.0000000000000000000 ) ) ;
#2230 = ORIENTED_EDGE ( 'NONE', *, *, #5340, .F. ) ;
#2231 = CARTESIAN_POINT ( 'NONE',  ( -0.2524934479501445006, -0.1512202904886221499, -0.07535617555207847762 ) ) ;
#2232 = CARTESIAN_POINT ( 'NONE',  ( 0.02444840965681889869, -0.1356299242417716433, 0.07874015748035433082 ) ) ;
#2233 = APPROVAL_DATE_TIME ( #692, #3634 ) ;
#2234 = ORIENTED_EDGE ( 'NONE', *, *, #5526, .F. ) ;
#2235 = EDGE_CURVE ( 'NONE', #183, #3203, #4823, .T. ) ;
#2236 = AXIS2_PLACEMENT_3D ( 'NONE', #5988, #1175, #2269 ) ;
#2237 = DIRECTION ( 'NONE',  ( 0.0000000000000000000, 1.000000000000000000, 0.0000000000000000000 ) ) ;
#2238 = ORIENTED_EDGE ( 'NONE', *, *, #3134, .T. ) ;
#2239 = CARTESIAN_POINT ( 'NONE',  ( 0.2532101988012598337, 0.1508775866957480505, 0.1892514467795669564 ) ) ;
#2240 = DIRECTION ( 'NONE',  ( 0.0000000000000000000, -1.000000000000000000, 0.0000000000000000000 ) ) ;
#2241 = CARTESIAN_POINT ( 'NONE',  ( -0.2165354330708661457, -0.06184532343511810887, 0.1023622047244094752 ) ) ;
#2242 = CARTESIAN_POINT ( 'NONE',  ( -0.03818897637795275191, -0.1667729012678346445, 0.01574803149606299191 ) ) ;
#2243 = VERTEX_POINT ( 'NONE', #2792 ) ;
#2244 = AXIS2_PLACEMENT_3D ( 'NONE', #795, #5510, #6540 ) ;
#2245 = CARTESIAN_POINT ( 'NONE',  ( 0.2523963776433568174, -0.1559864913603874748, -0.07155240746254500073 ) ) ;
#2246 = AXIS2_PLACEMENT_3D ( 'NONE', #182, #1707, #3251 ) ;
#2247 = EDGE_CURVE ( 'NONE', #2137, #4284, #496, .T. ) ;
#2248 = CARTESIAN_POINT ( 'NONE',  ( 0.1373336573740551181, 0.1751968503937007815, -0.009842519685039369942 ) ) ;
#2249 = CIRCLE ( 'NONE', #2372, 0.003937007873997241947 ) ;
#2250 = VECTOR ( 'NONE', #3959, 39.37007874015748854 ) ;
#2251 = LINE ( 'NONE', #4374, #1304 ) ;
#2252 = CARTESIAN_POINT ( 'NONE',  ( -0.1618110236220473008, 0.1850258812475984449, -0.009327402005574803034 ) ) ;
#2253 = DIRECTION ( 'NONE',  ( 0.0000000000000000000, 0.0000000000000000000, 1.000000000000000000 ) ) ;
#2254 = ORIENTED_EDGE ( 'NONE', *, *, #369, .T. ) ;
#2255 = CARTESIAN_POINT ( 'NONE',  ( 0.0000000000000000000, 0.1458849386660630021, 0.05019685039370078150 ) ) ;
#2256 = DIRECTION ( 'NONE',  ( 1.000000000000000000, 0.0000000000000000000, 0.0000000000000000000 ) ) ;
#2257 = ORIENTED_EDGE ( 'NONE', *, *, #4664, .T. ) ;
#2258 = CARTESIAN_POINT ( 'NONE',  ( 0.1443891911587401600, -0.1019343106934645499, 0.05467585200295276698 ) ) ;
#2259 = AXIS2_PLACEMENT_3D ( 'NONE', #3270, #4279, #3795 ) ;
#2260 = AXIS2_PLACEMENT_3D ( 'NONE', #6207, #5683, #3970 ) ;
#2261 = LINE ( 'NONE', #5800, #6360 ) ;
#2262 = AXIS2_PLACEMENT_3D ( 'NONE', #2821, #5055, #2405 ) ;
#2263 = EDGE_LOOP ( 'NONE', ( #4196, #4141, #5464, #4849 ) ) ;
#2264 = CARTESIAN_POINT ( 'NONE',  ( -0.1381889763779527436, 0.1850258812475984449, -0.009327402005535433485 ) ) ;
#2265 = CARTESIAN_POINT ( 'NONE',  ( -0.1618110236220473008, -0.2244094488188976555, -0.07283464566929134798 ) ) ;
#2266 = ORIENTED_EDGE ( 'NONE', *, *, #514, .F. ) ;
#2267 = AXIS2_PLACEMENT_3D ( 'NONE', #4916, #2268, #6505 ) ;
#2268 = DIRECTION ( 'NONE',  ( 0.0000000000000000000, 0.0000000000000000000, 1.000000000000000000 ) ) ;
#2269 = DIRECTION ( 'NONE',  ( 0.0000000000000000000, 0.0000000000000000000, -1.000000000000000000 ) ) ;
#2270 = EDGE_CURVE ( 'NONE', #1348, #6473, #5802, .T. ) ;
#2271 = CARTESIAN_POINT ( 'NONE',  ( 0.2521889084033070438, 0.1465751156885039819, 0.1883590167657087089 ) ) ;
#2272 = AXIS2_PLACEMENT_3D ( 'NONE', #6073, #5554, #5178 ) ;
#2273 = ORIENTED_EDGE ( 'NONE', *, *, #5703, .F. ) ;
#2274 = CARTESIAN_POINT ( 'NONE',  ( -0.2535824952006299760, -0.1512202906041338613, -0.07155240743062991904 ) ) ;
#2275 = FACE_OUTER_BOUND ( 'NONE', #3163, .T. ) ;
#2276 = APPROVAL_ROLE ( '' ) ;
#2277 = ORIENTED_EDGE ( 'NONE', *, *, #2171, .F. ) ;
#2278 = VECTOR ( 'NONE', #5715, 39.37007874015748143 ) ;
#2279 = DIRECTION ( 'NONE',  ( -0.0001165604822629959583, -0.9999999900284654020, -7.972905983811723080E-05 ) ) ;
#2280 = ORIENTED_EDGE ( 'NONE', *, *, #1403, .F. ) ;
#2281 = EDGE_CURVE ( 'NONE', #4135, #4881, #568, .T. ) ;
#2282 = CARTESIAN_POINT ( 'NONE',  ( 0.2551533614558434415, 0.1528274364880277958, 0.1333852351110044188 ) ) ;
#2283 = DIRECTION ( 'NONE',  ( -1.660668817620968698E-07, -0.9999999999999810152, 1.021207670182980493E-07 ) ) ;
#2284 = CARTESIAN_POINT ( 'NONE',  ( 0.2598578267717901458, 0.1591744175116307503, -0.0002063330642807160087 ) ) ;
#2285 = CARTESIAN_POINT ( 'NONE',  ( 0.2125984251968504046, 0.0000000000000000000, 0.1032283464566929043 ) ) ;
#2286 = ORIENTED_EDGE ( 'NONE', *, *, #4648, .T. ) ;
#2287 = AXIS2_PLACEMENT_3D ( 'NONE', #3258, #3787, #2328 ) ;
#2288 = CARTESIAN_POINT ( 'NONE',  ( 0.2532968285029856270, -0.1536745827392915209, -0.07155240746254500073 ) ) ;
#2289 = VERTEX_POINT ( 'NONE', #4285 ) ;
#2290 = CARTESIAN_POINT ( 'NONE',  ( 0.2165354330708661457, 0.009020818297157480806, 0.07874015748035433082 ) ) ;
#2291 = EDGE_CURVE ( 'NONE', #1357, #950, #6391, .T. ) ;
#2292 = AXIS2_PLACEMENT_3D ( 'NONE', #6370, #6825, #1041 ) ;
#2293 = ADVANCED_FACE ( 'NONE', ( #5979 ), #2826, .T. ) ;
#2294 = CARTESIAN_POINT ( 'NONE',  ( -0.2532101988052755659, -0.1508776025483858363, 0.1892514466914566873 ) ) ;
#2295 = DIRECTION ( 'NONE',  ( 0.0000000000000000000, 0.9961946980917605332, -0.08715574274748655315 ) ) ;
#2296 = VERTEX_POINT ( 'NONE', #1586 ) ;
#2297 = CARTESIAN_POINT ( 'NONE',  ( 0.08565274858188977325, 0.1343120206684645657, 0.07874015748035433082 ) ) ;
#2298 = ORIENTED_EDGE ( 'NONE', *, *, #2736, .F. ) ;
#2299 = FACE_OUTER_BOUND ( 'NONE', #6622, .T. ) ;
#2300 = EDGE_LOOP ( 'NONE', ( #930, #1168, #5451, #5103 ) ) ;
#2301 = CARTESIAN_POINT ( 'NONE',  ( 0.2457384424409055357, 0.1512202902943700911, -0.07874015748031495954 ) ) ;
#2302 = ADVANCED_FACE ( 'NONE', ( #2612 ), #5266, .F. ) ;
#2303 = CARTESIAN_POINT ( 'NONE',  ( -0.2165354330708661457, -0.1102362204724409434, 0.07874015748035433082 ) ) ;
#2304 = VERTEX_POINT ( 'NONE', #153 ) ;
#2305 = FACE_OUTER_BOUND ( 'NONE', #417, .T. ) ;
#2306 = EDGE_LOOP ( 'NONE', ( #6779, #5086, #1388, #6230 ) ) ;
#2307 = PLANE ( 'NONE',  #2244 ) ;
#2308 = CARTESIAN_POINT ( 'NONE',  ( -0.2452789616439560172, 0.1524281989861507036, -0.07873998076893849729 ) ) ;
#2309 = VERTEX_POINT ( 'NONE', #4904 ) ;
#2310 = CARTESIAN_POINT ( 'NONE',  ( -0.1876627962017716478, -0.1102362204724409434, 0.08267716535433072833 ) ) ;
#2311 = CARTESIAN_POINT ( 'NONE',  ( -0.05000000000000000278, -0.1248710670353937319, 0.09055118110236221041 ) ) ;
#2312 = ORIENTED_EDGE ( 'NONE', *, *, #2446, .T. ) ;
#2313 =( BOUNDED_SURFACE ( )  B_SPLINE_SURFACE ( 3, 3, ( 
 ( #3221, #456, #3682, #593 ),
 ( #1514, #5760, #4682, #525 ),
 ( #6381, #5287, #3090, #2092 ),
 ( #6311, #2632, #2122, #2151 ) ),
 .UNSPECIFIED., .F., .F., .F. ) 
 B_SPLINE_SURFACE_WITH_KNOTS ( ( 4, 4 ),
 ( 4, 4 ),
 ( 0.0000000000000000000, 1.000000000000000000 ),
 ( 0.0000000000000000000, 1.000000000000000000 ),
 .UNSPECIFIED. ) 
 GEOMETRIC_REPRESENTATION_ITEM ( )  RATIONAL_B_SPLINE_SURFACE ( (
 ( 1.844417869678000033, 1.397047664335999917, 1.397047664335999917, 1.844417869678000033),
 ( 1.015016942876999950, 0.7688209231867999538, 0.7688209231867999538, 1.015016942876999950),
 ( 1.015016942876999950, 0.7688209231867999538, 0.7688209231867999538, 1.015016942876999950),
 ( 1.844417869678000033, 1.397047664335999917, 1.397047664335999917, 1.844417869678000033) ) ) 
 REPRESENTATION_ITEM ( '' )  SURFACE ( )  );
#2314 = EDGE_CURVE ( 'NONE', #4080, #1357, #2261, .T. ) ;
#2315 =( BOUNDED_CURVE ( )  B_SPLINE_CURVE ( 3, ( #5029, #3456, #3589, #961 ),
 .UNSPECIFIED., .F., .T. ) 
 B_SPLINE_CURVE_WITH_KNOTS ( ( 4, 4 ),
 ( 1.787316345742917534, 2.475262768213237319 ),
 .UNSPECIFIED. ) 
 CURVE ( )  GEOMETRIC_REPRESENTATION_ITEM ( )  RATIONAL_B_SPLINE_CURVE ( ( 1.000000000000000000, 0.9609481420055941969, 0.9609481420055941969, 1.000000000000000000 ) ) 
 REPRESENTATION_ITEM ( '' )  );
#2316 = CARTESIAN_POINT ( 'NONE',  ( -0.1884037035511041680, 0.1116225098757913925, 0.07874015748035435858 ) ) ;
#2317 = ORIENTED_EDGE ( 'NONE', *, *, #2900, .F. ) ;
#2318 = FACE_OUTER_BOUND ( 'NONE', #4377, .T. ) ;
#2319 = CARTESIAN_POINT ( 'NONE',  ( 0.2437399752175590240, -0.1532187574140944919, -0.07874015748031495954 ) ) ;
#2320 = LINE ( 'NONE', #6554, #6243 ) ;
#2321 = ORIENTED_EDGE ( 'NONE', *, *, #3443, .T. ) ;
#2322 = CARTESIAN_POINT ( 'NONE',  ( 0.2451642769815694789, -0.1605975161787714933, -0.07586138697756143745 ) ) ;
#2323 = CARTESIAN_POINT ( 'NONE',  ( 0.2433659938059055672, 0.1607140003267716333, 0.1892511741137401504 ) ) ;
#2324 = EDGE_CURVE ( 'NONE', #6357, #5088, #6842, .T. ) ;
#2325 = CC_DESIGN_APPROVAL ( #3634, ( #2758 ) ) ;
#2326 = CARTESIAN_POINT ( 'NONE',  ( -0.2491685230345275504, -0.1646302084328346571, 0.1883602181971259781 ) ) ;
#2327 = CARTESIAN_POINT ( 'NONE',  ( -0.2595904564291733330, 0.1572292629674788556, 0.007218147238386213825 ) ) ;
#2328 = DIRECTION ( 'NONE',  ( 1.000000000000000000, 0.0000000000000000000, 0.0000000000000000000 ) ) ;
#2329 = ORIENTED_EDGE ( 'NONE', *, *, #722, .T. ) ;
#2330 = CARTESIAN_POINT ( 'NONE',  ( 0.08455377154517718097, -0.1346037532925475344, 0.07874015749849719303 ) ) ;
#2331 = ORIENTED_EDGE ( 'NONE', *, *, #6568, .F. ) ;
#2332 = PLANE ( 'NONE',  #3042 ) ;
#2333 = EDGE_CURVE ( 'NONE', #82, #4533, #4332, .T. ) ;
#2334 = DIRECTION ( 'NONE',  ( 0.0000000000000000000, -1.000000000000000000, 0.0000000000000000000 ) ) ;
#2335 = LINE ( 'NONE', #5396, #2854 ) ;
#2336 = VERTEX_POINT ( 'NONE', #2303 ) ;
#2337 = CARTESIAN_POINT ( 'NONE',  ( 0.2535450710487409109, 0.1511211690920051254, -0.07197850174349322561 ) ) ;
#2338 = ORIENTED_EDGE ( 'NONE', *, *, #6417, .T. ) ;
#2339 = EDGE_CURVE ( 'NONE', #5035, #1791, #803, .T. ) ;
#2340 = B_SPLINE_CURVE_WITH_KNOTS ( 'NONE', 3,
 ( #4699, #1529, #6722, #1992, #6296, #6748 ),
 .UNSPECIFIED., .F., .F.,
 ( 4, 1, 1, 4 ),
 ( 0.0000000000000000000, 0.3333333333333000081, 0.6666666666667000474, 1.000000000000000000 ),
 .UNSPECIFIED. ) ;
#2341 = CARTESIAN_POINT ( 'NONE',  ( 0.1381889763779527436, -0.2078598790717716693, -0.07283464566929134798 ) ) ;
#2342 = DIRECTION ( 'NONE',  ( 0.0000000000000000000, -0.05233595624305830557, 0.9986295347545677270 ) ) ;
#2343 = ORIENTED_EDGE ( 'NONE', *, *, #5196, .T. ) ;
#2344 = DIRECTION ( 'NONE',  ( 0.0000000000000000000, -1.000000000000000000, 0.0000000000000000000 ) ) ;
#2345 = CARTESIAN_POINT ( 'NONE',  ( -0.2494158168996457037, 0.1652174182535039448, 0.1936908299928346289 ) ) ;
#2346 = CARTESIAN_POINT ( 'NONE',  ( -0.2437399756289525266, 0.1606858265914957729, -0.07586135892087482457 ) ) ;
#2347 = ORIENTED_EDGE ( 'NONE', *, *, #2360, .F. ) ;
#2348 = DIRECTION ( 'NONE',  ( -1.000000000000000000, 0.0000000000000000000, 0.0000000000000000000 ) ) ;
#2349 = ORIENTED_EDGE ( 'NONE', *, *, #6463, .T. ) ;
#2350 = CARTESIAN_POINT ( 'NONE',  ( -0.2500000000219685381, 0.1673228346456299420, -2.746048139535433026E-13 ) ) ;
#2351 = DIRECTION ( 'NONE',  ( 0.3999999999999874212, -0.9165151389911735391, 0.0000000000000000000 ) ) ;
#2352 = CYLINDRICAL_SURFACE ( 'NONE', #4040, 0.01181102362204724046 ) ;
#2353 = ORIENTED_EDGE ( 'NONE', *, *, #1882, .T. ) ;
#2354 = CARTESIAN_POINT ( 'NONE',  ( 0.2532055088170385715, -0.1512202882191094333, -0.07586138697756142357 ) ) ;
#2355 = DIRECTION ( 'NONE',  ( 0.0000000000000000000, -1.000000000000000000, -3.398615844642000201E-14 ) ) ;
#2356 = AXIS2_PLACEMENT_3D ( 'NONE', #5970, #4375, #1264 ) ;
#2357 = CARTESIAN_POINT ( 'NONE',  ( -0.1381889763779527436, 0.1673228346456692994, 0.0000000000000000000 ) ) ;
#2358 = CARTESIAN_POINT ( 'NONE',  ( 0.2492311902366535492, -0.1665666935193307052, 0.02165358366314567087 ) ) ;
#2359 = AXIS2_PLACEMENT_3D ( 'NONE', #2468, #6669, #4050 ) ;
#2360 = EDGE_CURVE ( 'NONE', #2188, #2744, #2039, .T. ) ;
#2361 = CARTESIAN_POINT ( 'NONE',  ( 0.02363637473606692782, 0.1356299256261811192, 0.07874015748035433082 ) ) ;
#2362 = ORIENTED_EDGE ( 'NONE', *, *, #6187, .T. ) ;
#2363 = VERTEX_POINT ( 'NONE', #3948 ) ;
#2364 = CARTESIAN_POINT ( 'NONE',  ( 0.1508519463114960657, -0.1020845910235433363, 0.05897938683255905812 ) ) ;
#2365 = CONICAL_SURFACE ( 'NONE', #273, 0.1383965361666929239, 0.008726646259865279698 ) ;
#2366 = AXIS2_PLACEMENT_3D ( 'NONE', #4369, #217, #5883 ) ;
#2367 = CARTESIAN_POINT ( 'NONE',  ( -0.06181102362204724671, -0.2244094488188976555, -0.07283464566929134798 ) ) ;
#2368 = CARTESIAN_POINT ( 'NONE',  ( 0.2525767613509278808, 0.1673228346536659861, 1.972272128832865610E-10 ) ) ;
#2369 = EDGE_CURVE ( 'NONE', #6324, #1756, #3305, .T. ) ;
#2370 = ORIENTED_EDGE ( 'NONE', *, *, #6483, .F. ) ;
#2371 = CARTESIAN_POINT ( 'NONE',  ( -0.05075216544720474038, -0.1029105840483858503, 0.08267720413799213575 ) ) ;
#2372 = AXIS2_PLACEMENT_3D ( 'NONE', #4607, #1993, #5041 ) ;
#2373 = VECTOR ( 'NONE', #1787, 39.37007874015748143 ) ;
#2374 = VERTEX_POINT ( 'NONE', #2102 ) ;
#2375 = EDGE_CURVE ( 'NONE', #4458, #6256, #715, .T. ) ;
#2376 = VECTOR ( 'NONE', #4456, 39.37007874015748143 ) ;
#2377 = CIRCLE ( 'NONE', #944, 0.003937007873997229804 ) ;
#2378 = B_SPLINE_CURVE_WITH_KNOTS ( 'NONE', 3,
 ( #4219, #4253, #3078, #2648 ),
 .UNSPECIFIED., .F., .F.,
 ( 4, 4 ),
 ( 0.0000000000000000000, 1.000000000000000000 ),
 .UNSPECIFIED. ) ;
#2379 = FACE_OUTER_BOUND ( 'NONE', #3993, .T. ) ;
#2380 = EDGE_CURVE ( 'NONE', #2541, #4865, #400, .T. ) ;
#2381 = PLANE ( 'NONE',  #4075 ) ;
#2382 = VERTEX_POINT ( 'NONE', #6321 ) ;
#2383 = CARTESIAN_POINT ( 'NONE',  ( 0.1508523684838582735, 0.1020845890957086527, 0.05897943406385827009 ) ) ;
#2384 = DIRECTION ( 'NONE',  ( 0.0000000000000000000, 0.0000000000000000000, 1.000000000000000000 ) ) ;
#2385 = AXIS2_PLACEMENT_3D ( 'NONE', #83, #3871, #1236 ) ;
#2386 = ORIENTED_EDGE ( 'NONE', *, *, #3244, .T. ) ;
#2387 = CARTESIAN_POINT ( 'NONE',  ( 0.07882214055531497343, -0.1343624735617716670, -0.05511811025086613830 ) ) ;
#2388 = AXIS2_PLACEMENT_3D ( 'NONE', #4479, #256, #186 ) ;
#2389 = DIRECTION ( 'NONE',  ( 0.0000000000000000000, 0.0000000000000000000, 1.000000000000000000 ) ) ;
#2390 = ORIENTED_EDGE ( 'NONE', *, *, #5468, .F. ) ;
#2391 = EDGE_CURVE ( 'NONE', #247, #1766, #1810, .T. ) ;
#2392 = CARTESIAN_POINT ( 'NONE',  ( 0.2492311902366535492, -0.1665666935193307052, 0.02165358366314567087 ) ) ;
#2393 = CARTESIAN_POINT ( 'NONE',  ( 0.02460119690829134023, -0.1344617600540944924, -0.05511811020590551280 ) ) ;
#2394 = DIRECTION ( 'NONE',  ( 1.000000000000000000, 0.0000000000000000000, 0.0000000000000000000 ) ) ;
#2395 = ORIENTED_EDGE ( 'NONE', *, *, #4261, .T. ) ;
#2396 = FACE_OUTER_BOUND ( 'NONE', #1269, .T. ) ;
#2397 = ORIENTED_EDGE ( 'NONE', *, *, #11, .T. ) ;
#2398 = CARTESIAN_POINT ( 'NONE',  ( -0.1381889763779527436, -0.2039282667301968444, -0.06910368486704725199 ) ) ;
#2399 = AXIS2_PLACEMENT_3D ( 'NONE', #4363, #5848, #5378 ) ;
#2400 = AXIS2_PLACEMENT_3D ( 'NONE', #2443, #4430, #5105 ) ;
#2401 = CARTESIAN_POINT ( 'NONE',  ( -0.2499039278831142186, 0.1673316654166121797, -0.0002690730535068427184 ) ) ;
#2402 = CARTESIAN_POINT ( 'NONE',  ( -0.1618110236220473008, -0.2041237981004330737, -0.08858267716535435377 ) ) ;
#2403 = DIRECTION ( 'NONE',  ( 0.0000000000000000000, 0.0000000000000000000, 1.000000000000000000 ) ) ;
#2404 = ORIENTED_EDGE ( 'NONE', *, *, #429, .F. ) ;
#2405 = DIRECTION ( 'NONE',  ( 0.0000000000000000000, -1.000000000000000000, 0.0000000000000000000 ) ) ;
#2406 = CARTESIAN_POINT ( 'NONE',  ( 0.2165354330708661457, 0.1102362204724409434, 0.1653543307087008141 ) ) ;
#2407 = AXIS2_PLACEMENT_3D ( 'NONE', #6286, #987, #43 ) ;
#2408 = EDGE_CURVE ( 'NONE', #1218, #4950, #959, .T. ) ;
#2409 = CARTESIAN_POINT ( 'NONE',  ( -0.2492312092465354678, 0.1665666935234645929, 0.02165358354464960375 ) ) ;
#2410 = CARTESIAN_POINT ( 'NONE',  ( 0.1877916875618109993, 0.1102362204724409434, 0.08005250973594488229 ) ) ;
#2411 = VECTOR ( 'NONE', #2212, 39.37007874015748854 ) ;
#2412 = ORIENTED_EDGE ( 'NONE', *, *, #1210, .F. ) ;
#2413 = CARTESIAN_POINT ( 'NONE',  ( 0.2433665603324803584, 0.1508781758927952854, 0.1968502027747244254 ) ) ;
#2414 = BREP_WITH_VOIDS ( 'NONE', #6020, ( #2474 ) );
#2415 = ORIENTED_EDGE ( 'NONE', *, *, #4093, .T. ) ;
#2416 = EDGE_CURVE ( 'NONE', #4220, #4689, #5463, .T. ) ;
#2417 = PLANE ( 'NONE',  #3841 ) ;
#2418 = ORIENTED_EDGE ( 'NONE', *, *, #913, .T. ) ;
#2419 = DIRECTION ( 'NONE',  ( 1.000000000000000000, 0.0000000000000000000, 0.0000000000000000000 ) ) ;
#2420 = CARTESIAN_POINT ( 'NONE',  ( -0.2492312092465354678, 0.1665666935234645929, 0.02165358354464960375 ) ) ;
#2421 = ORIENTED_EDGE ( 'NONE', *, *, #4554, .F. ) ;
#2422 = EDGE_CURVE ( 'NONE', #2363, #6060, #5502, .T. ) ;
#2423 = CYLINDRICAL_SURFACE ( 'NONE', #5945, 0.009842519685039378616 ) ;
#2424 = ORIENTED_EDGE ( 'NONE', *, *, #489, .T. ) ;
#2425 = CARTESIAN_POINT ( 'NONE',  ( 0.2438614036628825033, 0.1531640347015894854, -0.07873998074171600914 ) ) ;
#2426 = CARTESIAN_POINT ( 'NONE',  ( 0.2594644404877952670, 0.0000000000000000000, 0.01082677165381102508 ) ) ;
#2427 = CARTESIAN_POINT ( 'NONE',  ( 0.1618110236220473008, -0.1667729012678346445, 0.01574803149606299191 ) ) ;
#2428 = ORIENTED_EDGE ( 'NONE', *, *, #4568, .T. ) ;
#2429 = DIRECTION ( 'NONE',  ( 0.9999999999992863486, -1.194577398331983901E-06, -3.276450510239955779E-09 ) ) ;
#2430 = ORIENTED_EDGE ( 'NONE', *, *, #5156, .T. ) ;
#2431 = EDGE_CURVE ( 'NONE', #5972, #5067, #756, .T. ) ;
#2432 = CARTESIAN_POINT ( 'NONE',  ( -0.2393700787401575047, -0.1018885341048819115, 0.02165354330710629951 ) ) ;
#2433 = FACE_OUTER_BOUND ( 'NONE', #2436, .T. ) ;
#2434 = CARTESIAN_POINT ( 'NONE',  ( 0.07555936025043308302, -0.09631978145523623080, 0.08577972103220471434 ) ) ;
#2435 = APPLICATION_CONTEXT ( 'configuration controlled 3d designs of mechanical parts and assemblies' ) ;
#2436 = EDGE_LOOP ( 'NONE', ( #2277, #5750, #4310, #1029, #684, #3143 ) ) ;
#2437 = CARTESIAN_POINT ( 'NONE',  ( -0.2535061011163669553, -0.1525965011400479965, -0.07155240743470069054 ) ) ;
#2438 = CARTESIAN_POINT ( 'NONE',  ( -0.1499999999999999944, 0.2244094488188976555, -0.08070866141732283006 ) ) ;
#2439 = CARTESIAN_POINT ( 'NONE',  ( -0.06181102362204724671, -0.2041237981004330737, -0.08858267716535435377 ) ) ;
#2440 = ORIENTED_EDGE ( 'NONE', *, *, #431, .T. ) ;
#2441 = CARTESIAN_POINT ( 'NONE',  ( -0.2500378893310519768, 0.1512202909097473125, -0.07874015682915225245 ) ) ;
#2442 = ADVANCED_FACE ( 'NONE', ( #4991 ), #5605, .T. ) ;
#2443 = CARTESIAN_POINT ( 'NONE',  ( -0.05000000000000000278, -0.1867116149909448797, -0.04149311798110236899 ) ) ;
#2444 = ORIENTED_EDGE ( 'NONE', *, *, #5462, .T. ) ;
#2445 = CARTESIAN_POINT ( 'NONE',  ( 0.1452293810595669254, 0.1019856464837795296, 0.05614591646677165315 ) ) ;
#2446 = EDGE_CURVE ( 'NONE', #5225, #6580, #920, .T. ) ;
#2447 = CARTESIAN_POINT ( 'NONE',  ( -0.1618110236220473008, -0.1883973487342519848, -0.07365883395673229750 ) ) ;
#2448 = CARTESIAN_POINT ( 'NONE',  ( 0.2165354330708661457, -0.06184532343511810887, 0.07874015748035433082 ) ) ;
#2449 = ORIENTED_EDGE ( 'NONE', *, *, #3160, .F. ) ;
#2450 = CARTESIAN_POINT ( 'NONE',  ( 0.01707194319652756073, 0.1349679231546063174, 0.08267716535433072833 ) ) ;
#2451 = ORIENTED_EDGE ( 'NONE', *, *, #1203, .F. ) ;
#2452 = CARTESIAN_POINT ( 'NONE',  ( 0.01479685249248031617, -0.1344668893672441301, 0.08267716534751967661 ) ) ;
#2453 = EDGE_CURVE ( 'NONE', #5572, #6305, #1036, .T. ) ;
#2454 = CARTESIAN_POINT ( 'NONE',  ( -0.1381889763779527436, -0.1673228346456692994, 0.0000000000000000000 ) ) ;
#2455 = EDGE_LOOP ( 'NONE', ( #1759, #2558, #6630, #816, #2691, #3177, #2131, #5473 ) ) ;
#2456 = CARTESIAN_POINT ( 'NONE',  ( -0.2393700787401575047, -0.1468816929133858473, 0.02165354330710629951 ) ) ;
#2457 = ORIENTED_EDGE ( 'NONE', *, *, #4496, .T. ) ;
#2458 = DIRECTION ( 'NONE',  ( 0.0000000000000000000, 1.000000000000000000, 0.0000000000000000000 ) ) ;
#2459 = LINE ( 'NONE', #391, #824 ) ;
#2460 = CARTESIAN_POINT ( 'NONE',  ( 0.2561430764354330480, -0.1637401326225590703, 0.02165432098161417657 ) ) ;
#2461 = EDGE_CURVE ( 'NONE', #5079, #1342, #6217, .T. ) ;
#2462 = DIRECTION ( 'NONE',  ( -1.000000000000000000, 0.0000000000000000000, 0.0000000000000000000 ) ) ;
#2463 = EDGE_CURVE ( 'NONE', #4655, #2208, #1445, .T. ) ;
#2464 = ORIENTED_EDGE ( 'NONE', *, *, #4055, .T. ) ;
#2465 = DIRECTION ( 'NONE',  ( -1.000000000000000000, 0.0000000000000000000, 0.0000000000000000000 ) ) ;
#2466 = VECTOR ( 'NONE', #4020, 39.37007874015748143 ) ;
#2467 = PLANE ( 'NONE',  #2597 ) ;
#2468 = CARTESIAN_POINT ( 'NONE',  ( -0.06266634262594489302, -0.1751968503937007815, -0.009842519685039369942 ) ) ;
#2469 = EDGE_CURVE ( 'NONE', #4785, #5184, #1177, .T. ) ;
#2470 = ORIENTED_EDGE ( 'NONE', *, *, #3222, .T. ) ;
#2471 = CARTESIAN_POINT ( 'NONE',  ( 0.05000000000000000278, 0.0000000000000000000, 0.01377952787809843052 ) ) ;
#2472 = CIRCLE ( 'NONE', #1595, 0.009842519685039359534 ) ;
#2473 = VECTOR ( 'NONE', #4817, 39.37007874015748143 ) ;
#2474 = ORIENTED_CLOSED_SHELL ( 'NONE', *, #3127, .F. );
#2475 = AXIS2_PLACEMENT_3D ( 'NONE', #2985, #3467, #4542 ) ;
#2476 = AXIS2_PLACEMENT_3D ( 'NONE', #2755, #613, #6467 ) ;
#2477 = CARTESIAN_POINT ( 'NONE',  ( -0.1381889763779527436, -0.1751968503937007815, -0.009842519685039369942 ) ) ;
#2478 = EDGE_LOOP ( 'NONE', ( #501, #1881, #6245, #344 ) ) ;
#2479 = CARTESIAN_POINT ( 'NONE',  ( 0.2380639869678346787, -0.1455756011410629935, 0.05905511811023622659 ) ) ;
#2480 = CARTESIAN_POINT ( 'NONE',  ( -0.2443337553309055388, 0.1504063413638583036, 0.1967998182356692216 ) ) ;
#2481 = VERTEX_POINT ( 'NONE', #5127 ) ;
#2482 = VECTOR ( 'NONE', #4398, 39.37007874015748143 ) ;
#2483 = AXIS2_PLACEMENT_3D ( 'NONE', #2524, #6078, #1436 ) ;
#2484 = EDGE_CURVE ( 'NONE', #2090, #1017, #2946, .T. ) ;
#2485 = LINE ( 'NONE', #932, #3406 ) ;
#2486 = DIRECTION ( 'NONE',  ( 0.0000000000000000000, 0.0000000000000000000, -1.000000000000000000 ) ) ;
#2487 = AXIS2_PLACEMENT_3D ( 'NONE', #1921, #6130, #6583 ) ;
#2488 = CARTESIAN_POINT ( 'NONE',  ( 0.01661464444294881784, -0.1348807510960236267, 0.08267716535433072833 ) ) ;
#2489 = LINE ( 'NONE', #5042, #41 ) ;
#2490 = ORIENTED_EDGE ( 'NONE', *, *, #4024, .T. ) ;
#2491 = DIRECTION ( 'NONE',  ( -0.0000000000000000000, 0.9999619230641720868, 0.008726535498290756421 ) ) ;
#2492 = ORIENTED_EDGE ( 'NONE', *, *, #3473, .T. ) ;
#2493 = VECTOR ( 'NONE', #4733, 39.37007874015748143 ) ;
#2494 = EDGE_CURVE ( 'NONE', #329, #30, #4589, .T. ) ;
#2495 = FACE_OUTER_BOUND ( 'NONE', #2749, .T. ) ;
#2496 = CARTESIAN_POINT ( 'NONE',  ( -0.05000000000000000278, -0.1240157480314960647, 0.09055118110236221041 ) ) ;
#2497 = DIRECTION ( 'NONE',  ( -0.001141793321999992096, 0.008726529808999938451, -0.9999612712427929928 ) ) ;
#2498 = VERTEX_POINT ( 'NONE', #5098 ) ;
#2499 = VECTOR ( 'NONE', #6323, 39.37007874015748143 ) ;
#2500 = CARTESIAN_POINT ( 'NONE',  ( -0.2437399756379542981, -0.1610628111655727224, -0.07155240743470069054 ) ) ;
#2501 = ORIENTED_EDGE ( 'NONE', *, *, #28, .T. ) ;
#2502 = B_SPLINE_CURVE_WITH_KNOTS ( 'NONE', 3,
 ( #2450, #4068, #3507, #3401, #1926 ),
 .UNSPECIFIED., .F., .F.,
 ( 4, 1, 4 ),
 ( 0.0000000000000000000, 0.5000000000000000000, 1.000000000000000000 ),
 .UNSPECIFIED. ) ;
#2503 = VECTOR ( 'NONE', #1213, 39.37007874015748143 ) ;
#2504 = LINE ( 'NONE', #4624, #5610 ) ;
#2505 = FACE_BOUND ( 'NONE', #3208, .T. ) ;
#2506 = ORIENTED_EDGE ( 'NONE', *, *, #6616, .F. ) ;
#2507 = CARTESIAN_POINT ( 'NONE',  ( -0.1822834645669291209, 0.0000000000000000000, 0.1850393700787795470 ) ) ;
#2508 = VECTOR ( 'NONE', #705, 39.37007874015748143 ) ;
#2509 = EDGE_CURVE ( 'NONE', #3714, #3565, #4489, .T. ) ;
#2510 = AXIS2_PLACEMENT_3D ( 'NONE', #4862, #1679, #4417 ) ;
#2511 = CARTESIAN_POINT ( 'NONE',  ( -0.1618110236220473008, 0.2078598790717716693, -0.07283464566929134798 ) ) ;
#2512 = DIRECTION ( 'NONE',  ( 0.0000000000000000000, 1.000000000000000000, 0.0000000000000000000 ) ) ;
#2513 = ORIENTED_EDGE ( 'NONE', *, *, #3989, .T. ) ;
#2514 = DIRECTION ( 'NONE',  ( 0.0000000000000000000, -1.000000000000000000, 0.0000000000000000000 ) ) ;
#2515 = CARTESIAN_POINT ( 'NONE',  ( 0.02444840965681889869, -0.1356299242417716433, 0.07874015748035433082 ) ) ;
#2516 = CARTESIAN_POINT ( 'NONE',  ( -0.2472959377790586444, 0.1600257728851714745, -0.07586135892087482457 ) ) ;
#2517 = ORIENTED_EDGE ( 'NONE', *, *, #4706, .T. ) ;
#2518 = LINE ( 'NONE', #905, #869 ) ;
#2519 = ORIENTED_EDGE ( 'NONE', *, *, #3538, .T. ) ;
#2520 = DIRECTION ( 'NONE',  ( 1.000000000000000000, 0.0000000000000000000, 0.0000000000000000000 ) ) ;
#2521 = CARTESIAN_POINT ( 'NONE',  ( 0.2125984251968504046, -0.07086614173228347746, 0.07874015748035433082 ) ) ;
#2522 = DIRECTION ( 'NONE',  ( 0.0000000000000000000, 0.0000000000000000000, 1.000000000000000000 ) ) ;
#2523 = VERTEX_POINT ( 'NONE', #6154 ) ;
#2524 = CARTESIAN_POINT ( 'NONE',  ( -0.2375015513111811694, 0.03937007874015747977, 0.1909448818898031863 ) ) ;
#2525 = ADVANCED_FACE ( 'NONE', ( #1876 ), #2467, .F. ) ;
#2526 = ORIENTED_EDGE ( 'NONE', *, *, #4859, .F. ) ;
#2527 = PLANE ( 'NONE',  #2706 ) ;
#2528 = CARTESIAN_POINT ( 'NONE',  ( 0.1381889763779527436, -0.2078598790717716693, -0.06889763779527559306 ) ) ;
#2529 = CARTESIAN_POINT ( 'NONE',  ( -0.2561890293087357717, -0.1636722579636757102, 0.02165355275111557898 ) ) ;
#2530 = CARTESIAN_POINT ( 'NONE',  ( -0.2436408547220554610, -0.1610253860121904912, -0.07197850175228116820 ) ) ;
#2531 = ORIENTED_EDGE ( 'NONE', *, *, #4206, .T. ) ;
#2532 = CARTESIAN_POINT ( 'NONE',  ( -0.2484058008468394974, -0.1594996524546214434, -0.07586133578242240660 ) ) ;
#2533 = EDGE_CURVE ( 'NONE', #4475, #2783, #4085, .T. ) ;
#2534 = CARTESIAN_POINT ( 'NONE',  ( 0.1857884542154656093, -0.1056640125574462574, 0.08267716535433072833 ) ) ;
#2535 =( BOUNDED_CURVE ( )  B_SPLINE_CURVE ( 3, ( #67, #4322, #6368, #2174 ),
 .UNSPECIFIED., .F., .T. ) 
 B_SPLINE_CURVE_WITH_KNOTS ( ( 4, 4 ),
 ( 2.356803477777747791, 3.926381829403265744 ),
 .UNSPECIFIED. ) 
 CURVE ( )  GEOMETRIC_REPRESENTATION_ITEM ( )  RATIONAL_B_SPLINE_CURVE ( ( 1.000000000000000000, 0.8050248461932253408, 0.8050248461932253408, 1.000000000000000000 ) ) 
 REPRESENTATION_ITEM ( '' )  );
#2536 = LINE ( 'NONE', #2661, #4499 ) ;
#2537 = CARTESIAN_POINT ( 'NONE',  ( 0.1618110236220473008, -0.1667729012678346445, 0.01574803149606299191 ) ) ;
#2538 = ORIENTED_EDGE ( 'NONE', *, *, #642, .F. ) ;
#2539 = CARTESIAN_POINT ( 'NONE',  ( 0.2589796665321679181, 0.1626704536946489421, 0.0004184268425648813715 ) ) ;
#2540 = EDGE_CURVE ( 'NONE', #6676, #5716, #2931, .T. ) ;
#2541 = VERTEX_POINT ( 'NONE', #399 ) ;
#2542 = LINE ( 'NONE', #4659, #838 ) ;
#2543 = CARTESIAN_POINT ( 'NONE',  ( 0.2125984251968504046, 0.0000000000000000000, 0.05905511811023622659 ) ) ;
#2544 = ADVANCED_FACE ( 'NONE', ( #1911 ), #5637, .T. ) ;
#2545 = VERTEX_POINT ( 'NONE', #2997 ) ;
#2546 = CARTESIAN_POINT ( 'NONE',  ( 0.2125984251968504046, -0.07086614173228347746, 0.1032283464566929043 ) ) ;
#2547 = ORIENTED_EDGE ( 'NONE', *, *, #38, .F. ) ;
#2548 = DIRECTION ( 'NONE',  ( 1.000000000000000000, 0.0000000000000000000, 0.0000000000000000000 ) ) ;
#2549 = ORIENTED_EDGE ( 'NONE', *, *, #2751, .T. ) ;
#2550 = CARTESIAN_POINT ( 'NONE',  ( 0.1434316826916141874, 0.1029121381022441023, 0.08267716535440945702 ) ) ;
#2551 = DIRECTION ( 'NONE',  ( 0.0000000000000000000, 0.0000000000000000000, 1.000000000000000000 ) ) ;
#2552 = CARTESIAN_POINT ( 'NONE',  ( -0.2517427730977500056, 0.1673867803135736243, 0.0006383743956449125945 ) ) ;
#2553 = ORIENTED_EDGE ( 'NONE', *, *, #2101, .T. ) ;
#2554 = DIRECTION ( 'NONE',  ( 0.0000000000000000000, 1.000000000000000000, 0.0000000000000000000 ) ) ;
#2555 = CARTESIAN_POINT ( 'NONE',  ( -0.2590878080849300935, 0.1584043989097383698, 0.02184411658277424576 ) ) ;
#2556 = PLANE ( 'NONE',  #418 ) ;
#2557 = FACE_OUTER_BOUND ( 'NONE', #1822, .T. ) ;
#2558 = ORIENTED_EDGE ( 'NONE', *, *, #2093, .T. ) ;
#2559 = CARTESIAN_POINT ( 'NONE',  ( -0.2165354330708661457, 0.06184532343511810887, 0.1023622047244094752 ) ) ;
#2560 = ORIENTED_EDGE ( 'NONE', *, *, #5175, .F. ) ;
#2561 = CARTESIAN_POINT ( 'NONE',  ( 0.1346661868475984292, 0.1102362204724409434, 0.08267716535433072833 ) ) ;
#2562 = EDGE_CURVE ( 'NONE', #293, #319, #1942, .T. ) ;
#2563 = DIRECTION ( 'NONE',  ( 0.0000000000000000000, 0.0000000000000000000, -1.000000000000000000 ) ) ;
#2564 = CARTESIAN_POINT ( 'NONE',  ( -0.2433660885548031561, -0.1528448484864567136, 0.1968503823205511871 ) ) ;
#2565 = ORIENTED_EDGE ( 'NONE', *, *, #2187, .F. ) ;
#2566 = FACE_OUTER_BOUND ( 'NONE', #6671, .T. ) ;
#2567 =( BOUNDED_CURVE ( )  B_SPLINE_CURVE ( 3, ( #738, #136, #5925, #2319 ),
 .UNSPECIFIED., .F., .T. ) 
 B_SPLINE_CURVE_WITH_KNOTS ( ( 4, 4 ),
 ( 0.0000000000000000000, 1.000000000000000000 ),
 .UNSPECIFIED. ) 
 CURVE ( )  GEOMETRIC_REPRESENTATION_ITEM ( )  RATIONAL_B_SPLINE_CURVE ( ( 1.151226671807585422, 0.9495911479396843546, 0.9495911093974539474, 1.151226556180749760 ) ) 
 REPRESENTATION_ITEM ( '' )  );
#2568 = VECTOR ( 'NONE', #1310, 39.37007874015748143 ) ;
#2569 = EDGE_CURVE ( 'NONE', #5445, #2870, #5669, .T. ) ;
#2570 = CARTESIAN_POINT ( 'NONE',  ( 0.1618110236220473008, 0.1955911750433858287, -0.03641732283464567399 ) ) ;
#2571 = ORIENTED_EDGE ( 'NONE', *, *, #3529, .T. ) ;
#2572 = CARTESIAN_POINT ( 'NONE',  ( 0.2437399757584251814, 0.1610628102357480051, -0.07155240744110237527 ) ) ;
#2573 = AXIS2_PLACEMENT_3D ( 'NONE', #3515, #945, #6635 ) ;
#2574 = VECTOR ( 'NONE', #4227, 39.37007874015748143 ) ;
#2575 = LINE ( 'NONE', #6292, #5594 ) ;
#2576 = ORIENTED_EDGE ( 'NONE', *, *, #28, .F. ) ;
#2577 = EDGE_CURVE ( 'NONE', #4960, #281, #60, .T. ) ;
#2578 = VECTOR ( 'NONE', #353, 39.37007874015748143 ) ;
#2579 = AXIS2_PLACEMENT_3D ( 'NONE', #2434, #2497, #5632 ) ;
#2580 = EDGE_CURVE ( 'NONE', #81, #1141, #2504, .T. ) ;
#2581 = FACE_OUTER_BOUND ( 'NONE', #6729, .T. ) ;
#2582 = CARTESIAN_POINT ( 'NONE',  ( 0.2452827330445620513, 0.1524458664084926973, -0.07873997446547610635 ) ) ;
#2583 = CARTESIAN_POINT ( 'NONE',  ( -0.1381889763779527436, 0.2244094488188976555, -0.07283464566929134798 ) ) ;
#2584 = CARTESIAN_POINT ( 'NONE',  ( -0.1650293549008645111, 0.09810013412339579908, -0.05511811220526573879 ) ) ;
#2585 = VECTOR ( 'NONE', #5873, 39.37007874015748854 ) ;
#2586 = CARTESIAN_POINT ( 'NONE',  ( 0.2027559055118110243, -1.205361022782829037E-18, 0.05905511811023622659 ) ) ;
#2587 = VECTOR ( 'NONE', #2170, 39.37007874015748143 ) ;
#2588 = VERTEX_POINT ( 'NONE', #986 ) ;
#2589 = EDGE_CURVE ( 'NONE', #4485, #717, #6609, .T. ) ;
#2590 = CIRCLE ( 'NONE', #6152, 0.1389977967428346894 ) ;
#2591 = AXIS2_PLACEMENT_3D ( 'NONE', #5749, #5335, #2081 ) ;
#2592 = CARTESIAN_POINT ( 'NONE',  ( 0.1618110236220473008, 0.2041237981004330737, -0.08858267716535435377 ) ) ;
#2593 = DIRECTION ( 'NONE',  ( 0.0000000000000000000, -0.05233595624271923652, -0.9986295347545856016 ) ) ;
#2594 = ORIENTED_EDGE ( 'NONE', *, *, #2324, .T. ) ;
#2595 = DIRECTION ( 'NONE',  ( 0.0000000000000000000, -1.000000000000000000, 0.0000000000000000000 ) ) ;
#2596 = ORIENTED_EDGE ( 'NONE', *, *, #4686, .F. ) ;
#2597 = AXIS2_PLACEMENT_3D ( 'NONE', #365, #821, #3552 ) ;
#2598 = DIRECTION ( 'NONE',  ( -0.4920000000001907847, 0.8705951987001837589, 0.0000000000000000000 ) ) ;
#2599 = VECTOR ( 'NONE', #3332, 39.37007874015748143 ) ;
#2600 = LINE ( 'NONE', #4718, #2173 ) ;
#2601 = ORIENTED_EDGE ( 'NONE', *, *, #6278, .T. ) ;
#2602 = CARTESIAN_POINT ( 'NONE',  ( 0.2517428225186015833, 0.1673868297276804029, 0.0006389392176150535162 ) ) ;
#2603 = EDGE_CURVE ( 'NONE', #2243, #1624, #555, .T. ) ;
#2604 = VECTOR ( 'NONE', #1452, 39.37007874015748143 ) ;
#2605 = CARTESIAN_POINT ( 'NONE',  ( -0.05201286791020998113, 0.1013081647427518661, 0.03674537797243390691 ) ) ;
#2606 = AXIS2_PLACEMENT_3D ( 'NONE', #5206, #4663, #997 ) ;
#2607 = VERTEX_POINT ( 'NONE', #3655 ) ;
#2608 = CARTESIAN_POINT ( 'NONE',  ( -0.1747192583591732351, 0.1020872380355193204, 0.05905511811023622659 ) ) ;
#2609 = ORIENTED_EDGE ( 'NONE', *, *, #763, .T. ) ;
#2610 = EDGE_CURVE ( 'NONE', #6473, #2644, #5696, .T. ) ;
#2611 = AXIS2_PLACEMENT_3D ( 'NONE', #4890, #581, #622 ) ;
#2612 = FACE_OUTER_BOUND ( 'NONE', #689, .T. ) ;
#2613 = FACE_OUTER_BOUND ( 'NONE', #413, .T. ) ;
#2614 = ORIENTED_EDGE ( 'NONE', *, *, #4321, .F. ) ;
#2615 = DIRECTION ( 'NONE',  ( -1.000000000000000000, 0.0000000000000000000, 0.0000000000000000000 ) ) ;
#2616 = CARTESIAN_POINT ( 'NONE',  ( -0.2165354330708661457, 0.06184532343511810887, 0.07874015748035433082 ) ) ;
#2617 = CARTESIAN_POINT ( 'NONE',  ( 0.2521385443961249306, 0.1560087188873544861, 0.1893742369178306184 ) ) ;
#2618 = ORIENTED_EDGE ( 'NONE', *, *, #3758, .F. ) ;
#2619 = CIRCLE ( 'NONE', #6502, 0.009842519685039359534 ) ;
#2620 =( NAMED_UNIT ( * ) SI_UNIT ( $, .STERADIAN. ) SOLID_ANGLE_UNIT ( ) );
#2621 = ORIENTED_EDGE ( 'NONE', *, *, #2375, .T. ) ;
#2622 = EDGE_CURVE ( 'NONE', #4288, #6215, #2536, .T. ) ;
#2623 = CARTESIAN_POINT ( 'NONE',  ( -0.03818897637795275191, -0.2041237981004330737, -0.08858267716535435377 ) ) ;
#2624 = CARTESIAN_POINT ( 'NONE',  ( -0.2590816977990013092, 0.1566577461395259885, 0.02178290874811998623 ) ) ;
#2625 = DIRECTION ( 'NONE',  ( 0.0000000000000000000, 0.0000000000000000000, 1.000000000000000000 ) ) ;
#2626 = FACE_OUTER_BOUND ( 'NONE', #2037, .T. ) ;
#2627 = ORIENTED_EDGE ( 'NONE', *, *, #6032, .F. ) ;
#2628 = CARTESIAN_POINT ( 'NONE',  ( 0.2456841815821175778, -0.1513264551414545966, -0.07873997958916907625 ) ) ;
#2629 = EDGE_LOOP ( 'NONE', ( #3405, #2549, #5542, #5784 ) ) ;
#2630 = EDGE_CURVE ( 'NONE', #2698, #6750, #1575, .T. ) ;
#2631 = CYLINDRICAL_SURFACE ( 'NONE', #5606, 0.02559055118110237920 ) ;
#2632 = CARTESIAN_POINT ( 'NONE',  ( 0.2525654828807873953, -0.1463909076490944872, 0.1936896028103149703 ) ) ;
#2633 = ORIENTED_EDGE ( 'NONE', *, *, #211, .T. ) ;
#2634 = CARTESIAN_POINT ( 'NONE',  ( -0.1767413500079003386, -0.1029121381022218978, 0.08267716535433072833 ) ) ;
#2635 = LINE ( 'NONE', #3590, #1701 ) ;
#2636 = ADVANCED_FACE ( 'NONE', ( #5248 ), #3681, .T. ) ;
#2637 = EDGE_LOOP ( 'NONE', ( #1012, #1063, #1552, #1404, #4736, #2901 ) ) ;
#2638 = DIRECTION ( 'NONE',  ( -1.000000000000000000, -1.717144944753999877E-13, -3.765506425187000205E-14 ) ) ;
#2639 = DIRECTION ( 'NONE',  ( 0.9999999524140091856, 0.0002980247980764969560, 7.970695760662679246E-05 ) ) ;
#2640 = CARTESIAN_POINT ( 'NONE',  ( -0.2499575323484793943, 0.1520985471604317241, -0.07876899266994299986 ) ) ;
#2641 = ORIENTED_EDGE ( 'NONE', *, *, #5856, .T. ) ;
#2642 = EDGE_CURVE ( 'NONE', #2296, #5768, #1866, .T. ) ;
#2643 = DIRECTION ( 'NONE',  ( 0.0000000000000000000, 0.05233595624257962597, 0.9986295347545928180 ) ) ;
#2644 = VERTEX_POINT ( 'NONE', #2062 ) ;
#2645 = LINE ( 'NONE', #3700, #598 ) ;
#2646 = CARTESIAN_POINT ( 'NONE',  ( 0.1381889763779527436, 0.1673228346456692994, 0.0000000000000000000 ) ) ;
#2647 = ORIENTED_EDGE ( 'NONE', *, *, #2333, .T. ) ;
#2648 = CARTESIAN_POINT ( 'NONE',  ( 0.2562172911925984509, -0.1636436487465748046, 0.02165353521221259972 ) ) ;
#2649 = EDGE_LOOP ( 'NONE', ( #4585, #1191, #6827, #4996 ) ) ;
#2650 = CARTESIAN_POINT ( 'NONE',  ( 0.1566929133858267764, -0.1102362204724409434, 0.1220472440945275794 ) ) ;
#2651 = DIRECTION ( 'NONE',  ( -1.000000000000000000, 0.0000000000000000000, 0.0000000000000000000 ) ) ;
#2652 = ORIENTED_EDGE ( 'NONE', *, *, #5402, .F. ) ;
#2653 = EDGE_CURVE ( 'NONE', #1536, #2588, #1123, .T. ) ;
#2654 = CARTESIAN_POINT ( 'NONE',  ( 0.2437399757584254312, 0.1610628105013413580, -0.07155240746229889204 ) ) ;
#2655 = CARTESIAN_POINT ( 'NONE',  ( -0.2598517164527351930, 0.1574277647932230129, -0.0002675404526519943680 ) ) ;
#2656 = DIRECTION ( 'NONE',  ( 3.341252155451000031E-12, 1.000000000000000000, -2.902018377861999894E-14 ) ) ;
#2657 = CARTESIAN_POINT ( 'NONE',  ( -0.03818897637795275191, -0.1883973487342519848, -0.07365883395673229750 ) ) ;
#2658 = ORIENTED_EDGE ( 'NONE', *, *, #3180, .F. ) ;
#2659 = DIRECTION ( 'NONE',  ( -0.03487846762177881227, -0.03487677647150882326, 0.9987828107047662662 ) ) ;
#2660 = EDGE_CURVE ( 'NONE', #2808, #4536, #12, .T. ) ;
#2661 = CARTESIAN_POINT ( 'NONE',  ( -0.1688173440263779634, -0.1018882101681102409, 0.05335570568921259998 ) ) ;
#2662 = EDGE_CURVE ( 'NONE', #4750, #1252, #2121, .T. ) ;
#2663 = DIRECTION ( 'NONE',  ( 1.000000000000000000, 0.0000000000000000000, 0.0000000000000000000 ) ) ;
#2664 = ORIENTED_EDGE ( 'NONE', *, *, #3517, .F. ) ;
#2665 = CARTESIAN_POINT ( 'NONE',  ( -0.2456242492224043894, 0.1517329411223422575, -0.07873997997333845311 ) ) ;
#2666 = EDGE_CURVE ( 'NONE', #4291, #1673, #4232, .T. ) ;
#2667 = EDGE_LOOP ( 'NONE', ( #3454, #3283, #54, #539 ) ) ;
#2668 = DIRECTION ( 'NONE',  ( -1.000000000000000000, 0.0000000000000000000, 0.0000000000000000000 ) ) ;
#2669 = CARTESIAN_POINT ( 'NONE',  ( -0.2380639869678346787, 0.1455756011410629935, 0.05905511811023622659 ) ) ;
#2670 = ORIENTED_EDGE ( 'NONE', *, *, #6180, .F. ) ;
#2671 = DIRECTION ( 'NONE',  ( 1.000000000000000000, 0.0000000000000000000, 0.0000000000000000000 ) ) ;
#2672 = ORIENTED_EDGE ( 'NONE', *, *, #3925, .T. ) ;
#2673 = VECTOR ( 'NONE', #4894, 39.37007874015748143 ) ;
#2674 = CARTESIAN_POINT ( 'NONE',  ( 0.2165354330708661457, 0.06184532343511810887, 0.07874015748035433082 ) ) ;
#2675 = ORIENTED_EDGE ( 'NONE', *, *, #4045, .T. ) ;
#2676 = DIRECTION ( 'NONE',  ( 0.0000000000000000000, 0.0000000000000000000, 1.000000000000000000 ) ) ;
#2677 = CARTESIAN_POINT ( 'NONE',  ( -0.1381889763779527436, 0.1667729012678346445, 0.01574803149606299191 ) ) ;
#2678 = ORIENTED_EDGE ( 'NONE', *, *, #457, .T. ) ;
#2679 = AXIS2_PLACEMENT_3D ( 'NONE', #2570, #1949, #6160 ) ;
#2680 = AXIS2_PLACEMENT_3D ( 'NONE', #2144, #981, #5241 ) ;
#2681 = EDGE_CURVE ( 'NONE', #2607, #3602, #6798, .T. ) ;
#2682 = LINE ( 'NONE', #4292, #1415 ) ;
#2683 = FACE_OUTER_BOUND ( 'NONE', #2629, .T. ) ;
#2684 = VECTOR ( 'NONE', #909, 39.37007874015748143 ) ;
#2685 = DIRECTION ( 'NONE',  ( 0.0000000000000000000, 0.9986295347543296952, -0.05233595624760174064 ) ) ;
#2686 = FACE_OUTER_BOUND ( 'NONE', #1785, .T. ) ;
#2687 = VECTOR ( 'NONE', #3885, 39.37007874015748143 ) ;
#2688 = CARTESIAN_POINT ( 'NONE',  ( 0.2165354330708661457, -0.1102362204724409434, 0.1653543307087008141 ) ) ;
#2689 = ORIENTED_EDGE ( 'NONE', *, *, #2391, .T. ) ;
#2690 = CARTESIAN_POINT ( 'NONE',  ( 0.2454494234220768178, -0.1521790450328412980, -0.07873997958916907625 ) ) ;
#2691 = ORIENTED_EDGE ( 'NONE', *, *, #6191, .T. ) ;
#2692 = DIRECTION ( 'NONE',  ( 0.0000000000000000000, 1.000000000000000000, 0.0000000000000000000 ) ) ;
#2693 = EDGE_CURVE ( 'NONE', #6372, #5903, #6342, .T. ) ;
#2694 = VECTOR ( 'NONE', #2668, 39.37007874015748143 ) ;
#2695 = AXIS2_PLACEMENT_3D ( 'NONE', #4835, #4241, #1733 ) ;
#2696 = CARTESIAN_POINT ( 'NONE',  ( -0.2448742312335827065, -0.1515141997714566924, 0.1967999473733071103 ) ) ;
#2697 = PLANE ( 'NONE',  #4716 ) ;
#2698 = VERTEX_POINT ( 'NONE', #1610 ) ;
#2699 = CARTESIAN_POINT ( 'NONE',  ( -0.04145763095110236579, -0.1030681314272047372, -0.05511811023622047168 ) ) ;
#2700 = ORIENTED_EDGE ( 'NONE', *, *, #1449, .F. ) ;
#2701 = PLANE ( 'NONE',  #3497 ) ;
#2702 = CARTESIAN_POINT ( 'NONE',  ( 0.2532101988012598337, 0.1508775866957480505, 0.1892514467795669564 ) ) ;
#2703 = VERTEX_POINT ( 'NONE', #1088 ) ;
#2704 = CARTESIAN_POINT ( 'NONE',  ( 0.1434316826916141874, 0.1029121381022441023, 0.08267716535440945702 ) ) ;
#2705 = CARTESIAN_POINT ( 'NONE',  ( -0.03818897637795275191, -0.2039282667301968444, -0.06910368486704725199 ) ) ;
#2706 = AXIS2_PLACEMENT_3D ( 'NONE', #447, #978, #4131 ) ;
#2707 = ORIENTED_EDGE ( 'NONE', *, *, #3802, .F. ) ;
#2708 = EDGE_CURVE ( 'NONE', #3921, #1348, #3190, .T. ) ;
#2709 = DIRECTION ( 'NONE',  ( -1.000000000000000000, 1.694427898752000015E-12, -2.790471149245000368E-11 ) ) ;
#2710 = VECTOR ( 'NONE', #5921, 39.37007874015748143 ) ;
#2711 = ORIENTED_EDGE ( 'NONE', *, *, #5533, .T. ) ;
#2712 = CARTESIAN_POINT ( 'NONE',  ( -0.2165354330708661457, 0.1102362204724409434, 0.1653543307087008141 ) ) ;
#2713 = DIRECTION ( 'NONE',  ( 0.0000000000000000000, -0.0000000000000000000, 1.000000000000000000 ) ) ;
#2714 = DIRECTION ( 'NONE',  ( 0.0000000000000000000, 0.0000000000000000000, 1.000000000000000000 ) ) ;
#2715 = ORIENTED_EDGE ( 'NONE', *, *, #5006, .F. ) ;
#2716 = CARTESIAN_POINT ( 'NONE',  ( -0.2457384424517322918, -0.1512202902575984498, -0.07874015748031495954 ) ) ;
#2717 = CARTESIAN_POINT ( 'NONE',  ( -0.2165354330708661457, 0.009020818297157480806, 0.1023622047244094752 ) ) ;
#2718 = PERSON_AND_ORGANIZATION ( #6832, #4155 ) ;
#2719 = ORIENTED_EDGE ( 'NONE', *, *, #5795, .F. ) ;
#2720 = AXIS2_PLACEMENT_3D ( 'NONE', #3132, #3009, #6228 ) ;
#2721 = CARTESIAN_POINT ( 'NONE',  ( -0.2380639869678346787, 0.1455756011410629935, 0.05905511811023622659 ) ) ;
#2722 = ORIENTED_EDGE ( 'NONE', *, *, #3702, .T. ) ;
#2723 = CARTESIAN_POINT ( 'NONE',  ( 0.2535824953008756766, 0.1513225681990456317, -0.07155240746229890592 ) ) ;
#2724 = AXIS2_PLACEMENT_3D ( 'NONE', #3185, #1506, #5754 ) ;
#2725 = FACE_OUTER_BOUND ( 'NONE', #3048, .T. ) ;
#2726 = CARTESIAN_POINT ( 'NONE',  ( 0.1886826620178740366, -0.1145784834233070926, 0.07874015748035433082 ) ) ;
#2727 = ADVANCED_FACE ( 'NONE', ( #955 ), #2150, .F. ) ;
#2728 = CARTESIAN_POINT ( 'NONE',  ( 0.1381889763779527436, -0.1883973487342519848, -0.07365883395685039747 ) ) ;
#2729 = ORIENTED_EDGE ( 'NONE', *, *, #6061, .T. ) ;
#2730 = CARTESIAN_POINT ( 'NONE',  ( 0.2486700916461180577, -0.1597857212922728920, -0.07155240746254500073 ) ) ;
#2731 = FACE_OUTER_BOUND ( 'NONE', #1723, .T. ) ;
#2732 = CARTESIAN_POINT ( 'NONE',  ( 0.07539880309110236212, 0.1344617600540157498, -0.05511811020590551280 ) ) ;
#2733 = CARTESIAN_POINT ( 'NONE',  ( -0.2590759282122834795, -0.1567271438805118156, 0.02165407836935826641 ) ) ;
#2734 = DIRECTION ( 'NONE',  ( 1.000000000000000000, 0.0000000000000000000, 0.0000000000000000000 ) ) ;
#2735 = ORIENTED_EDGE ( 'NONE', *, *, #4286, .F. ) ;
#2736 = EDGE_CURVE ( 'NONE', #3921, #6646, #3060, .T. ) ;
#2737 = CARTESIAN_POINT ( 'NONE',  ( -0.05000000000000000278, -0.1141732283464566844, 0.1023622047244094474 ) ) ;
#2738 = ORIENTED_EDGE ( 'NONE', *, *, #722, .F. ) ;
#2739 = LINE ( 'NONE', #4900, #843 ) ;
#2740 = CARTESIAN_POINT ( 'NONE',  ( -0.2453096867137341819, 0.1523947635692688707, -0.07873997997333845311 ) ) ;
#2741 = CARTESIAN_POINT ( 'NONE',  ( 0.1381889763779527436, -0.1751968503937007815, 0.01574803149606299191 ) ) ;
#2742 = DIRECTION ( 'NONE',  ( -1.000000000000000000, 0.0000000000000000000, 0.0000000000000000000 ) ) ;
#2743 = EDGE_CURVE ( 'NONE', #2827, #6270, #5074, .T. ) ;
#2744 = VERTEX_POINT ( 'NONE', #1716 ) ;
#2745 = CARTESIAN_POINT ( 'NONE',  ( 0.1767413500078572897, 0.1029121381022330001, 0.08267716535433072833 ) ) ;
#2746 = CARTESIAN_POINT ( 'NONE',  ( -0.2455451267902482582, -0.1519760208735146667, -0.07873998029003977106 ) ) ;
#2747 = ORIENTED_EDGE ( 'NONE', *, *, #3824, .T. ) ;
#2748 = CARTESIAN_POINT ( 'NONE',  ( 0.2531005949351968209, 0.1528448748346456776, 0.1889763779527559029 ) ) ;
#2749 = EDGE_LOOP ( 'NONE', ( #2885, #4934, #4116, #5461, #4307, #2867, #3133 ) ) ;
#2750 = LINE ( 'NONE', #4879, #1835 ) ;
#2751 = EDGE_CURVE ( 'NONE', #5936, #3384, #592, .T. ) ;
#2752 = CARTESIAN_POINT ( 'NONE',  ( 0.2440025997722047590, 0.1523858353075983885, 0.1967999479991732470 ) ) ;
#2753 = ORIENTED_EDGE ( 'NONE', *, *, #6032, .T. ) ;
#2754 = CARTESIAN_POINT ( 'NONE',  ( -0.2598425196850393526, 0.1574803149800393931, -2.571565008179921484E-13 ) ) ;
#2755 = CARTESIAN_POINT ( 'NONE',  ( 0.1618110236220473008, -0.2041237981004330737, -0.07283464566929134798 ) ) ;
#2756 = APPROVAL_ROLE ( '' ) ;
#2757 = EDGE_LOOP ( 'NONE', ( #3870, #5259, #6300, #5428 ) ) ;
#2758 = PRODUCT_DEFINITION_FORMATION_WITH_SPECIFIED_SOURCE ( 'ANY', '', #5092, .NOT_KNOWN. ) ;
#2759 = CARTESIAN_POINT ( 'NONE',  ( -0.2535672874629402163, 0.1537401673712693040, -0.07172623216921621137 ) ) ;
#2760 = ORIENTED_EDGE ( 'NONE', *, *, #3379, .T. ) ;
#2761 = CARTESIAN_POINT ( 'NONE',  ( 0.2473528769129041405, 0.1600041259099590774, -0.07586130276224420377 ) ) ;
#2762 = LINE ( 'NONE', #1824, #5791 ) ;
#2763 = CARTESIAN_POINT ( 'NONE',  ( 0.2590759282077165770, -0.1567271177117322833, 0.02165407849754724320 ) ) ;
#2764 = CARTESIAN_POINT ( 'NONE',  ( 0.1381889763779527436, 0.1673228346456692994, 0.0000000000000000000 ) ) ;
#2765 = ORIENTED_EDGE ( 'NONE', *, *, #4121, .F. ) ;
#2766 = CARTESIAN_POINT ( 'NONE',  ( 0.2487982109531408914, -0.1549670701830586361, -0.07876902381811159981 ) ) ;
#2767 = DIRECTION ( 'NONE',  ( 1.000000000000000000, 0.0000000000000000000, 0.0000000000000000000 ) ) ;
#2768 = CARTESIAN_POINT ( 'NONE',  ( -0.03818897637795275191, -0.1240157480314960647, 0.08267716535433072833 ) ) ;
#2769 = EDGE_CURVE ( 'NONE', #347, #4452, #2031, .T. ) ;
#2770 = CARTESIAN_POINT ( 'NONE',  ( 0.08555782578826770512, -0.1331284304733071078, -0.05511811023622047168 ) ) ;
#2771 = CARTESIAN_POINT ( 'NONE',  ( -0.2503183080875197031, -0.1578296700388976403, 0.1893647769058267871 ) ) ;
#2772 = CARTESIAN_POINT ( 'NONE',  ( -0.2216535433070866146, 0.0000000000000000000, 0.1842708295941338503 ) ) ;
#2773 = EDGE_LOOP ( 'NONE', ( #276, #1812, #6084, #793, #2206 ) ) ;
#2774 = DIRECTION ( 'NONE',  ( -0.2630801050118069528, -0.9647345896996255554, -0.008719505953430649325 ) ) ;
#2775 = ORIENTED_EDGE ( 'NONE', *, *, #3040, .F. ) ;
#2776 = DIRECTION ( 'NONE',  ( 1.000000000000000000, 0.0000000000000000000, 0.0000000000000000000 ) ) ;
#2777 = EDGE_LOOP ( 'NONE', ( #1095, #6320, #546, #2672 ) ) ;
#2778 = CARTESIAN_POINT ( 'NONE',  ( -0.2445013990451549157, 0.1530228086416620947, -0.07873997997333845311 ) ) ;
#2779 = ADVANCED_FACE ( 'NONE', ( #5386 ), #1857, .T. ) ;
#2780 = APPLICATION_CONTEXT ( 'configuration controlled 3d designs of mechanical parts and assemblies' ) ;
#2781 = CARTESIAN_POINT ( 'NONE',  ( -0.1381889763779527436, 0.1751968503937007815, 0.0000000000000000000 ) ) ;
#2782 = FACE_OUTER_BOUND ( 'NONE', #3261, .T. ) ;
#2783 = VERTEX_POINT ( 'NONE', #5347 ) ;
#2784 = CARTESIAN_POINT ( 'NONE',  ( -0.2447556135451448012, -0.1532050838414084071, -0.07874015748031495954 ) ) ;
#2785 = CARTESIAN_POINT ( 'NONE',  ( -0.2449115648009167756, -0.1527920515836470317, -0.07873998029003977106 ) ) ;
#2786 = VERTEX_POINT ( 'NONE', #1647 ) ;
#2787 = EDGE_CURVE ( 'NONE', #4764, #5100, #1228, .T. ) ;
#2788 = ORIENTED_EDGE ( 'NONE', *, *, #854, .F. ) ;
#2789 = B_SPLINE_CURVE_WITH_KNOTS ( 'NONE', 3,
 ( #6298, #3568, #5680, #6325 ),
 .UNSPECIFIED., .F., .F.,
 ( 4, 4 ),
 ( 0.0000000000000000000, 1.000000000000000000 ),
 .UNSPECIFIED. ) ;
#2790 = EDGE_CURVE ( 'NONE', #5420, #6331, #5857, .T. ) ;
#2791 = CARTESIAN_POINT ( 'NONE',  ( 0.2531005948124803173, -0.1528448748346456776, 0.1889763779527559029 ) ) ;
#2792 = CARTESIAN_POINT ( 'NONE',  ( 0.1618110236220473008, -0.1850258812475984449, -0.009327402005582676944 ) ) ;
#2793 = LINE ( 'NONE', #3881, #37 ) ;
#2794 = DIRECTION ( 'NONE',  ( -1.000000000000000000, 0.0000000000000000000, 0.0000000000000000000 ) ) ;
#2795 = ORIENTED_EDGE ( 'NONE', *, *, #2509, .F. ) ;
#2796 = CYLINDRICAL_SURFACE ( 'NONE', #6691, 0.01574803149606299885 ) ;
#2797 = FACE_OUTER_BOUND ( 'NONE', #3063, .T. ) ;
#2798 = EDGE_CURVE ( 'NONE', #1642, #6256, #1155, .T. ) ;
#2799 = EDGE_LOOP ( 'NONE', ( #4342, #2186, #475, #801, #1457, #4783 ) ) ;
#2800 =( BOUNDED_CURVE ( )  B_SPLINE_CURVE ( 3, ( #5099, #6707, #921, #1912 ),
 .UNSPECIFIED., .F., .T. ) 
 B_SPLINE_CURVE_WITH_KNOTS ( ( 4, 4 ),
 ( 2.356804028443751697, 3.926381225097807626 ),
 .UNSPECIFIED. ) 
 CURVE ( )  GEOMETRIC_REPRESENTATION_ITEM ( )  RATIONAL_B_SPLINE_CURVE ( ( 1.000000000000000000, 0.8050251182566962038, 0.8050251182566962038, 1.000000000000000000 ) ) 
 REPRESENTATION_ITEM ( '' )  );
#2801 = EDGE_CURVE ( 'NONE', #6426, #5129, #3865, .T. ) ;
#2802 = CIRCLE ( 'NONE', #2236, 0.01574803149606299885 ) ;
#2803 = DIRECTION ( 'NONE',  ( 1.000000000000000000, 0.0000000000000000000, 0.0000000000000000000 ) ) ;
#2804 = DIRECTION ( 'NONE',  ( 0.03546102367284106188, -0.03487668657582104065, -0.9987623003165299052 ) ) ;
#2805 = DIRECTION ( 'NONE',  ( 1.000000000000000000, 0.0000000000000000000, 0.0000000000000000000 ) ) ;
#2806 = CARTESIAN_POINT ( 'NONE',  ( 0.01138296034305118221, -1.969116033833070900E-14, -0.05511811023622047168 ) ) ;
#2807 = FACE_OUTER_BOUND ( 'NONE', #4552, .T. ) ;
#2808 = VERTEX_POINT ( 'NONE', #4824 ) ;
#2809 = AXIS2_PLACEMENT_3D ( 'NONE', #2528, #5816, #4225 ) ;
#2810 = CARTESIAN_POINT ( 'NONE',  ( 0.09685039370078740717, -0.1102362204724409434, 0.07874015748035433082 ) ) ;
#2811 = CARTESIAN_POINT ( 'NONE',  ( 0.2503183082520866187, 0.1578296698703149648, 0.1893647769056692742 ) ) ;
#2812 = EDGE_CURVE ( 'NONE', #1624, #6504, #5931, .T. ) ;
#2813 = CIRCLE ( 'NONE', #3366, 0.03937007874015747977 ) ;
#2814 = AXIS2_PLACEMENT_3D ( 'NONE', #5767, #6225, #3128 ) ;
#2815 = CARTESIAN_POINT ( 'NONE',  ( -0.2440026020747637359, -0.1523858392904724190, 0.1967999483753936352 ) ) ;
#2816 = DIRECTION ( 'NONE',  ( 1.000000000000000000, 0.0000000000000000000, 0.0000000000000000000 ) ) ;
#2817 = CARTESIAN_POINT ( 'NONE',  ( -0.1886826620178864156, -0.1145784834233326555, 0.07874015748035433082 ) ) ;
#2818 = ORIENTED_EDGE ( 'NONE', *, *, #2494, .T. ) ;
#2819 = DIRECTION ( 'NONE',  ( -1.000000000000000000, 0.0000000000000000000, 0.0000000000000000000 ) ) ;
#2820 = ORIENTED_EDGE ( 'NONE', *, *, #3001, .T. ) ;
#2821 = CARTESIAN_POINT ( 'NONE',  ( 0.1499999999999999944, -0.2161346639453543550, -0.07283464566929134798 ) ) ;
#2822 = VERTEX_POINT ( 'NONE', #2770 ) ;
#2823 = CARTESIAN_POINT ( 'NONE',  ( -0.2437399756134645545, -0.1610628101481496044, -0.07155240742322835357 ) ) ;
#2824 = VECTOR ( 'NONE', #4871, 39.37007874015748143 ) ;
#2825 = AXIS2_PLACEMENT_3D ( 'NONE', #6828, #3651, #4229 ) ;
#2826 = PLANE ( 'NONE',  #300 ) ;
#2827 = VERTEX_POINT ( 'NONE', #2184 ) ;
#2828 = DIRECTION ( 'NONE',  ( 0.0000000000000000000, -1.000000000000000000, 0.0000000000000000000 ) ) ;
#2829 = EDGE_CURVE ( 'NONE', #717, #4705, #2251, .T. ) ;
#2830 = ORIENTED_EDGE ( 'NONE', *, *, #1006, .F. ) ;
#2831 = VECTOR ( 'NONE', #2166, 39.37007874015748143 ) ;
#2832 = ORIENTED_EDGE ( 'NONE', *, *, #4421, .T. ) ;
#2833 = CARTESIAN_POINT ( 'NONE',  ( 0.2383733244928346318, 0.0000000000000000000, 0.05019685039370078150 ) ) ;
#2834 = CARTESIAN_POINT ( 'NONE',  ( -0.2437399755408267976, 0.1532187574093307192, -0.07874015748031495954 ) ) ;
#2835 = AXIS2_PLACEMENT_3D ( 'NONE', #6209, #6334, #1598 ) ;
#2836 = ORIENTED_EDGE ( 'NONE', *, *, #4344, .T. ) ;
#2837 = LINE ( 'NONE', #6423, #6030 ) ;
#2838 = EDGE_CURVE ( 'NONE', #3388, #5651, #1763, .T. ) ;
#2839 = CARTESIAN_POINT ( 'NONE',  ( 0.2571042429566691712, -0.1547772802380068813, 0.07751929376392324711 ) ) ;
#2840 = DATE_AND_TIME ( #1181, #3199 ) ;
#2841 = VERTEX_POINT ( 'NONE', #631 ) ;
#2842 = VECTOR ( 'NONE', #1741, 39.37007874015748143 ) ;
#2843 = DIRECTION ( 'NONE',  ( 1.000000000000000000, 0.0000000000000000000, 0.0000000000000000000 ) ) ;
#2844 = ORIENTED_EDGE ( 'NONE', *, *, #5551, .T. ) ;
#2845 = CARTESIAN_POINT ( 'NONE',  ( 0.2498231641694527994, 0.1527914392903640395, -0.07876893026777351259 ) ) ;
#2846 = CARTESIAN_POINT ( 'NONE',  ( 0.2453763741343248928, -0.1610203813434550046, -0.07212989879733006093 ) ) ;
#2847 = CARTESIAN_POINT ( 'NONE',  ( -0.1499999999999999944, 0.2023402986719685381, -0.03880344929259448711 ) ) ;
#2848 = EDGE_CURVE ( 'NONE', #4689, #4719, #5969, .T. ) ;
#2849 = LINE ( 'NONE', #2688, #2473 ) ;
#2850 = VERTEX_POINT ( 'NONE', #2732 ) ;
#2851 = VECTOR ( 'NONE', #1576, 39.37007874015748143 ) ;
#2852 = CARTESIAN_POINT ( 'NONE',  ( 0.2474952084462538893, -0.1603543454953125225, -0.07155240746254500073 ) ) ;
#2853 = DIRECTION ( 'NONE',  ( 0.0000000000000000000, 0.05233595624295859366, 0.9986295347545731671 ) ) ;
#2854 = VECTOR ( 'NONE', #716, 39.37007874015748143 ) ;
#2855 = CARTESIAN_POINT ( 'NONE',  ( -0.2532102014290945058, 0.1508776079792519820, 0.1892514469425984058 ) ) ;
#2856 = CARTESIAN_POINT ( 'NONE',  ( -0.03934739244412705644, 0.1059681763341357441, 0.03674540682414703663 ) ) ;
#2857 = DIRECTION ( 'NONE',  ( -1.000000000000000000, 0.0000000000000000000, 0.0000000000000000000 ) ) ;
#2858 = ORIENTED_EDGE ( 'NONE', *, *, #5135, .T. ) ;
#2859 = ADVANCED_FACE ( 'NONE', ( #4942 ), #188, .F. ) ;
#2860 = CARTESIAN_POINT ( 'NONE',  ( -0.1381889763779527436, 0.1751968503937007815, -0.009842519685039369942 ) ) ;
#2861 = ORIENTED_EDGE ( 'NONE', *, *, #1580, .F. ) ;
#2862 = CARTESIAN_POINT ( 'NONE',  ( -0.1381889763779527436, 0.2244094488188976555, -0.08858267716535435377 ) ) ;
#2863 = DIRECTION ( 'NONE',  ( 0.0000000000000000000, -1.000000000000000000, 0.0000000000000000000 ) ) ;
#2864 = VERTEX_POINT ( 'NONE', #746 ) ;
#2865 = CARTESIAN_POINT ( 'NONE',  ( 0.1878556341471397939, 0.1102362204724409434, 0.07874015748035433082 ) ) ;
#2866 = ORIENTED_EDGE ( 'NONE', *, *, #4912, .F. ) ;
#2867 = ORIENTED_EDGE ( 'NONE', *, *, #6074, .T. ) ;
#2868 = DIRECTION ( 'NONE',  ( 1.000000000000000000, 0.0000000000000000000, 0.0000000000000000000 ) ) ;
#2869 = LINE ( 'NONE', #2974, #862 ) ;
#2870 = VERTEX_POINT ( 'NONE', #2855 ) ;
#2871 = DIRECTION ( 'NONE',  ( -1.000000000000000000, 0.0000000000000000000, 0.0000000000000000000 ) ) ;
#2872 = B_SPLINE_CURVE_WITH_KNOTS ( 'NONE', 3,
 ( #4555, #6667, #1939, #5602 ),
 .UNSPECIFIED., .F., .F.,
 ( 4, 4 ),
 ( 0.0000000000000000000, 1.000000000000000000 ),
 .UNSPECIFIED. ) ;
#2873 = CARTESIAN_POINT ( 'NONE',  ( -0.2471424832348818601, 0.1598289535561417396, 0.1974049484999212678 ) ) ;
#2874 = CARTESIAN_POINT ( 'NONE',  ( -0.2535824947730322965, 0.1513215838972194471, -0.07155240743413666948 ) ) ;
#2875 = PERSON_AND_ORGANIZATION ( #6832, #4155 ) ;
#2876 = ORIENTED_EDGE ( 'NONE', *, *, #4231, .F. ) ;
#2877 = CARTESIAN_POINT ( 'NONE',  ( 0.08222481347401573715, -0.1339158874616535599, -0.05511811022889764183 ) ) ;
#2878 = EDGE_CURVE ( 'NONE', #406, #1186, #5658, .T. ) ;
#2879 = DIRECTION ( 'NONE',  ( 0.9993910399980897585, -0.0001192715042855294625, 0.03489319340279745107 ) ) ;
#2880 = ORIENTED_EDGE ( 'NONE', *, *, #433, .T. ) ;
#2881 = CARTESIAN_POINT ( 'NONE',  ( -0.2598425196850393526, 0.1574803149800393931, -2.571565008179921484E-13 ) ) ;
#2882 = LINE ( 'NONE', #884, #2578 ) ;
#2883 = CARTESIAN_POINT ( 'NONE',  ( -0.2531996761989013245, -0.1534510421598158647, 0.1893314609644806135 ) ) ;
#2884 = DIRECTION ( 'NONE',  ( 1.000000000000000000, 0.0000000000000000000, 0.0000000000000000000 ) ) ;
#2885 = ORIENTED_EDGE ( 'NONE', *, *, #6079, .T. ) ;
#2886 = CARTESIAN_POINT ( 'NONE',  ( 0.2437399753455133933, -0.1574865720002855685, -0.07876902381811159981 ) ) ;
#2887 = PLANE ( 'NONE',  #2388 ) ;
#2888 = EDGE_CURVE ( 'NONE', #4909, #5164, #1685, .T. ) ;
#2889 = DIRECTION ( 'NONE',  ( -1.000000000000000000, 0.0000000000000000000, 0.0000000000000000000 ) ) ;
#2890 = LINE ( 'NONE', #6009, #2508 ) ;
#2891 = ORIENTED_EDGE ( 'NONE', *, *, #351, .T. ) ;
#2892 = LINE ( 'NONE', #1233, #3800 ) ;
#2893 = ORIENTED_EDGE ( 'NONE', *, *, #5255, .T. ) ;
#2894 = EDGE_CURVE ( 'NONE', #683, #6547, #1933, .T. ) ;
#2895 = B_SPLINE_CURVE_WITH_KNOTS ( 'NONE', 3,
 ( #6620, #245, #3394, #4464 ),
 .UNSPECIFIED., .F., .F.,
 ( 4, 4 ),
 ( 0.0000000000000000000, 1.000000000000000000 ),
 .UNSPECIFIED. ) ;
#2896 = CARTESIAN_POINT ( 'NONE',  ( 0.02363637473618503820, -0.1356299256261811192, 0.07874015748035433082 ) ) ;
#2897 = VERTEX_POINT ( 'NONE', #4036 ) ;
#2898 = CARTESIAN_POINT ( 'NONE',  ( 0.2599065148703437744, 0.1592231370918631705, 0.0006389392424628500796 ) ) ;
#2899 = VERTEX_POINT ( 'NONE', #6145 ) ;
#2900 = EDGE_CURVE ( 'NONE', #2744, #2870, #3241, .T. ) ;
#2901 = ORIENTED_EDGE ( 'NONE', *, *, #5823, .T. ) ;
#2902 = CARTESIAN_POINT ( 'NONE',  ( 0.2165354330708661457, -0.07988696002944881136, 0.07874015748035433082 ) ) ;
#2903 = DIRECTION ( 'NONE',  ( 0.0000000000000000000, 0.0000000000000000000, 1.000000000000000000 ) ) ;
#2904 = ORIENTED_EDGE ( 'NONE', *, *, #495, .F. ) ;
#2905 = CARTESIAN_POINT ( 'NONE',  ( 0.2125984251968504046, 0.0000000000000000000, 0.1023622047244094752 ) ) ;
#2906 = DIRECTION ( 'NONE',  ( 1.000000000000000000, 0.0000000000000000000, 0.0000000000000000000 ) ) ;
#2907 = CARTESIAN_POINT ( 'NONE',  ( 0.08555782579944881672, 0.1331284304703149735, -0.05511811023622047168 ) ) ;
#2908 = ORIENTED_EDGE ( 'NONE', *, *, #2469, .T. ) ;
#2909 = CARTESIAN_POINT ( 'NONE',  ( 0.08445204245047245595, -0.1334237787607480408, -0.05511811024354330846 ) ) ;
#2910 = CARTESIAN_POINT ( 'NONE',  ( -0.2125984251968504046, -0.07086614173228347746, 0.1023622047244094752 ) ) ;
#2911 = EDGE_LOOP ( 'NONE', ( #3440, #2621, #1594, #1817, #4391, #1995, #1026, #1295, #4988, #2155, #2421, #2273 ) ) ;
#2912 = DIRECTION ( 'NONE',  ( 0.0000000000000000000, 0.9986295347545882661, 0.05233595624266938751 ) ) ;
#2913 = B_SPLINE_CURVE_WITH_KNOTS ( 'NONE', 3,
 ( #1265, #3899, #1718, #4335, #4447, #6047 ),
 .UNSPECIFIED., .F., .F.,
 ( 4, 1, 1, 4 ),
 ( 0.0000000000000000000, 0.3333333333333000081, 0.6666666666667000474, 0.9999152903404828763 ),
 .UNSPECIFIED. ) ;
#2914 = CARTESIAN_POINT ( 'NONE',  ( 0.01707194319655118073, -0.1349679231546063174, 0.08267716535433072833 ) ) ;
#2915 = CARTESIAN_POINT ( 'NONE',  ( 0.1876627962017716478, 0.1102362204724409434, 0.08267716535433072833 ) ) ;
#2916 = ORIENTED_EDGE ( 'NONE', *, *, #5789, .F. ) ;
#2917 = DIRECTION ( 'NONE',  ( 0.0000000000000000000, -0.9986295347552648360, -0.05233595622975855538 ) ) ;
#2918 = EDGE_CURVE ( 'NONE', #6156, #2822, #6710, .T. ) ;
#2919 = VERTEX_POINT ( 'NONE', #5311 ) ;
#2920 = CARTESIAN_POINT ( 'NONE',  ( 0.1877274099285039521, -0.1102362204724409434, 0.08136484577629921056 ) ) ;
#2921 = AXIS2_PLACEMENT_3D ( 'NONE', #4207, #3413, #782 ) ;
#2922 = DIRECTION ( 'NONE',  ( 0.0000000000000000000, -0.03489949670277951721, 0.9993908270190859922 ) ) ;
#2923 = CARTESIAN_POINT ( 'NONE',  ( -0.04510508706211364960, 0.09983209362860825942, -0.05511811023622047168 ) ) ;
#2924 = CIRCLE ( 'NONE', #4910, 0.009842519685039378616 ) ;
#2925 = DIRECTION ( 'NONE',  ( 0.0000000000000000000, -0.9986295347543296952, -0.05233595624760174064 ) ) ;
#2926 = ORIENTED_EDGE ( 'NONE', *, *, #2162, .T. ) ;
#2927 = CARTESIAN_POINT ( 'NONE',  ( -0.2485909545689043709, -0.1598293888502292093, -0.07155240743470069054 ) ) ;
#2928 = EDGE_CURVE ( 'NONE', #5995, #3572, #478, .T. ) ;
#2929 = CARTESIAN_POINT ( 'NONE',  ( 0.1524723519791338633, -0.1020874090927953032, 0.05905511811023622659 ) ) ;
#2930 = AXIS2_PLACEMENT_3D ( 'NONE', #5775, #4702, #5271 ) ;
#2931 = LINE ( 'NONE', #305, #4700 ) ;
#2932 = EDGE_LOOP ( 'NONE', ( #5005, #5133, #4323, #1316 ) ) ;
#2933 = CARTESIAN_POINT ( 'NONE',  ( -0.2165354330708661457, 0.009020818297157480806, 0.07874015748035433082 ) ) ;
#2934 = AXIS2_PLACEMENT_3D ( 'NONE', #3988, #1323, #6098 ) ;
#2935 = EDGE_CURVE ( 'NONE', #6270, #6135, #3424, .T. ) ;
#2936 = ORIENTED_EDGE ( 'NONE', *, *, #3244, .F. ) ;
#2937 = TOROIDAL_SURFACE ( 'NONE', #6045, 0.1446458503221260128, 0.005905511811023621965 ) ;
#2938 = VECTOR ( 'NONE', #5327, 39.37007874015748143 ) ;
#2939 = DIRECTION ( 'NONE',  ( 0.0000000000000000000, 0.0000000000000000000, 1.000000000000000000 ) ) ;
#2940 = ORIENTED_EDGE ( 'NONE', *, *, #6568, .T. ) ;
#2941 = FACE_OUTER_BOUND ( 'NONE', #3830, .T. ) ;
#2942 = DIRECTION ( 'NONE',  ( -1.000000000000000000, 0.0000000000000000000, 0.0000000000000000000 ) ) ;
#2943 = DIRECTION ( 'NONE',  ( 1.000000000000000000, 0.0000000000000000000, 0.0000000000000000000 ) ) ;
#2944 = ADVANCED_FACE ( 'NONE', ( #1038 ), #2527, .F. ) ;
#2945 = CARTESIAN_POINT ( 'NONE',  ( 0.1434316826916141874, -0.1029121381022441023, 0.08267716535417322932 ) ) ;
#2946 = CIRCLE ( 'NONE', #6052, 0.003937007874015760987 ) ;
#2947 = ORIENTED_EDGE ( 'NONE', *, *, #4886, .T. ) ;
#2948 = VECTOR ( 'NONE', #2486, 39.37007874015748143 ) ;
#2949 = DIRECTION ( 'NONE',  ( 0.0000000000000000000, 0.0000000000000000000, 1.000000000000000000 ) ) ;
#2950 = ORIENTED_EDGE ( 'NONE', *, *, #3486, .T. ) ;
#2951 = CARTESIAN_POINT ( 'NONE',  ( 0.2446853929026832630, 0.1574280225692970270, -0.07876893026777351259 ) ) ;
#2952 = DIRECTION ( 'NONE',  ( -7.971976299978695505E-05, 7.856994300012699970E-05, -0.9999999937357617608 ) ) ;
#2953 = CARTESIAN_POINT ( 'NONE',  ( 0.1381889763779527436, 0.2078598790717716693, -0.07283464566929134798 ) ) ;
#2954 = ORIENTED_EDGE ( 'NONE', *, *, #6153, .F. ) ;
#2955 = FACE_OUTER_BOUND ( 'NONE', #1073, .T. ) ;
#2956 = ORIENTED_EDGE ( 'NONE', *, *, #2136, .T. ) ;
#2957 = AXIS2_PLACEMENT_3D ( 'NONE', #4200, #455, #3621 ) ;
#2958 = EDGE_CURVE ( 'NONE', #6603, #3978, #1469, .T. ) ;
#2959 = VECTOR ( 'NONE', #6161, 39.37007874015748854 ) ;
#2960 = CARTESIAN_POINT ( 'NONE',  ( -0.2393700787401575047, -0.1468816929133858473, 0.02165354330710629951 ) ) ;
#2961 = CARTESIAN_POINT ( 'NONE',  ( 0.1767115179668898028, -0.1147457988087401543, 0.08311924445484251966 ) ) ;
#2962 = DIRECTION ( 'NONE',  ( 1.000000000000000000, 0.0000000000000000000, 0.0000000000000000000 ) ) ;
#2963 = ORIENTED_EDGE ( 'NONE', *, *, #802, .F. ) ;
#2964 = CARTESIAN_POINT ( 'NONE',  ( -0.2125984251968504046, 0.07086614173228347746, 0.1023622047244094752 ) ) ;
#2965 = DIRECTION ( 'NONE',  ( -1.000000000000000000, 6.569927737989998819E-09, -1.551375302396000220E-09 ) ) ;
#2966 = VECTOR ( 'NONE', #322, 39.37007874015748143 ) ;
#2967 = EDGE_CURVE ( 'NONE', #4567, #2304, #4732, .T. ) ;
#2968 = CARTESIAN_POINT ( 'NONE',  ( 0.01799665638340944632, -0.1351061550105905895, 0.07874015748035433082 ) ) ;
#2969 = CARTESIAN_POINT ( 'NONE',  ( 0.1877274099285039521, 0.1102362204724409434, 0.08136484577629921056 ) ) ;
#2970 = AXIS2_PLACEMENT_3D ( 'NONE', #5539, #266, #6611 ) ;
#2971 = ORIENTED_EDGE ( 'NONE', *, *, #6354, .T. ) ;
#2972 = CARTESIAN_POINT ( 'NONE',  ( -0.2457384424494488129, 0.1512202904631102518, -0.07874015748031495954 ) ) ;
#2973 = ADVANCED_FACE ( 'NONE', ( #4745 ), #5815, .T. ) ;
#2974 = CARTESIAN_POINT ( 'NONE',  ( 0.2165354330708661457, 0.06184532343511810887, 0.07874015748035433082 ) ) ;
#2975 = EDGE_LOOP ( 'NONE', ( #794, #169, #2891, #109 ) ) ;
#2976 = LINE ( 'NONE', #6581, #6458 ) ;
#2977 = CARTESIAN_POINT ( 'NONE',  ( -0.2491683707002363135, 0.1646302653434251750, 0.1883602096561023953 ) ) ;
#2978 = CARTESIAN_POINT ( 'NONE',  ( -0.2462972013908812929, 0.1607501678932771183, -0.07155240743413665561 ) ) ;
#2979 = EDGE_LOOP ( 'NONE', ( #3157, #2538, #6632, #3458 ) ) ;
#2980 = ADVANCED_FACE ( 'NONE', ( #1080 ), #3612, .F. ) ;
#2981 = EDGE_CURVE ( 'NONE', #3069, #81, #3813, .T. ) ;
#2982 = CARTESIAN_POINT ( 'NONE',  ( -0.1893700787401574881, -0.1455756011410629935, 0.05905511811023622659 ) ) ;
#2983 = ORIENTED_EDGE ( 'NONE', *, *, #6347, .T. ) ;
#2984 = CARTESIAN_POINT ( 'NONE',  ( 0.2437399753455400386, 0.1574866749318192816, -0.07876893026777352647 ) ) ;
#2985 = CARTESIAN_POINT ( 'NONE',  ( -0.2216535433070866146, 0.0000000000000000000, 0.1850393700787795470 ) ) ;
#2986 = CYLINDRICAL_SURFACE ( 'NONE', #3364, 0.02559055118110236185 ) ;
#2987 = ORIENTED_EDGE ( 'NONE', *, *, #2990, .T. ) ;
#2988 = FACE_OUTER_BOUND ( 'NONE', #6838, .T. ) ;
#2989 = ORIENTED_EDGE ( 'NONE', *, *, #2562, .F. ) ;
#2990 = EDGE_CURVE ( 'NONE', #2304, #4764, #579, .T. ) ;
#2991 = CARTESIAN_POINT ( 'NONE',  ( -0.04038472573429426060, -0.1045089337931283668, -0.009186335969455831918 ) ) ;
#2992 = CARTESIAN_POINT ( 'NONE',  ( -0.2590759282122834795, -0.1567271438805118156, 0.02165407836935826641 ) ) ;
#2993 = CARTESIAN_POINT ( 'NONE',  ( 0.2437399757584252091, 0.1610628102357480051, -0.07155240744110237527 ) ) ;
#2994 = VERTEX_POINT ( 'NONE', #1704 ) ;
#2995 = LINE ( 'NONE', #6183, #4468 ) ;
#2996 = DIRECTION ( 'NONE',  ( 0.0000000000000000000, 0.9993908270191083076, -0.03489949670214029243 ) ) ;
#2997 = CARTESIAN_POINT ( 'NONE',  ( 0.2224409448818897850, 0.07086614173228347746, 0.05905511811023622659 ) ) ;
#2998 = CARTESIAN_POINT ( 'NONE',  ( -0.1381889763779527436, 0.2244094488188976555, -0.08858267716535435377 ) ) ;
#2999 = EDGE_LOOP ( 'NONE', ( #3781, #2596, #3462, #3554 ) ) ;
#3000 =( BOUNDED_SURFACE ( )  B_SPLINE_SURFACE ( 3, 3, ( 
 ( #4535, #767, #317, #6650 ),
 ( #2977, #2345, #2873, #6099 ),
 ( #6679, #800, #1390, #5003 ),
 ( #4599, #5548, #1819, #2480 ) ),
 .UNSPECIFIED., .F., .F., .F. ) 
 B_SPLINE_SURFACE_WITH_KNOTS ( ( 4, 4 ),
 ( 4, 4 ),
 ( 0.0000000000000000000, 1.000000000000000000 ),
 ( 0.0000000000000000000, 1.000000000000000000 ),
 .UNSPECIFIED. ) 
 GEOMETRIC_REPRESENTATION_ITEM ( )  RATIONAL_B_SPLINE_SURFACE ( (
 ( 1.844417224172999914, 1.397047291020999893, 1.397047291020999893, 1.844417224172999914),
 ( 1.015017064380000056, 0.7688210788468999857, 0.7688210788468999857, 1.015017064380000056),
 ( 1.015017064380000056, 0.7688210788468999857, 0.7688210788468999857, 1.015017064380000056),
 ( 1.844417224172999914, 1.397047291020999893, 1.397047291020999893, 1.844417224172999914) ) ) 
 REPRESENTATION_ITEM ( '' )  SURFACE ( )  );
#3001 = EDGE_CURVE ( 'NONE', #4947, #73, #3585, .T. ) ;
#3002 = CARTESIAN_POINT ( 'NONE',  ( 0.2433659741963385970, 0.1528448233529527689, 0.1968503595096456615 ) ) ;
#3003 = ORIENTED_EDGE ( 'NONE', *, *, #1915, .T. ) ;
#3004 = DIRECTION ( 'NONE',  ( 0.0000000000000000000, 0.0000000000000000000, 1.000000000000000000 ) ) ;
#3005 = CARTESIAN_POINT ( 'NONE',  ( -0.2125984251968504046, 0.0000000000000000000, 0.05905511811023622659 ) ) ;
#3006 = CARTESIAN_POINT ( 'NONE',  ( -0.2507177464009208712, 0.1582164174435132797, -0.07155240743413665561 ) ) ;
#3007 = ORIENTED_EDGE ( 'NONE', *, *, #2769, .T. ) ;
#3008 = EDGE_CURVE ( 'NONE', #3504, #5065, #6482, .T. ) ;
#3009 = DIRECTION ( 'NONE',  ( 0.0000000000000000000, 1.000000000000000000, 0.0000000000000000000 ) ) ;
#3010 = EDGE_LOOP ( 'NONE', ( #213, #1613, #3768, #996, #5443, #5332, #2719, #6626, #6491, #4962, #6053, #4885 ) ) ;
#3011 = CARTESIAN_POINT ( 'NONE',  ( -0.03818897637795275191, -0.2244094488188976555, -0.07283464566929134798 ) ) ;
#3012 = ORIENTED_EDGE ( 'NONE', *, *, #863, .F. ) ;
#3013 = DIRECTION ( 'NONE',  ( 0.01433157212166848160, 0.0000000000000000000, 0.9998972977463842504 ) ) ;
#3014 = LINE ( 'NONE', #252, #1715 ) ;
#3015 = VERTEX_POINT ( 'NONE', #1143 ) ;
#3016 = EDGE_LOOP ( 'NONE', ( #3269, #5854, #228, #4919 ) ) ;
#3017 = LINE ( 'NONE', #2960, #39 ) ;
#3018 = CARTESIAN_POINT ( 'NONE',  ( 0.2496226528080253693, -0.1512202902264698223, -0.07798677463472962479 ) ) ;
#3019 = CARTESIAN_POINT ( 'NONE',  ( 0.1346097693735039402, -0.1102362204724409434, 0.07874015748035433082 ) ) ;
#3020 = ORIENTED_EDGE ( 'NONE', *, *, #2446, .F. ) ;
#3021 = CARTESIAN_POINT ( 'NONE',  ( -0.2525583571355175527, -0.1547474130478200538, -0.07586133578242240660 ) ) ;
#3022 = ADVANCED_FACE ( 'NONE', ( #2683 ), #6475, .F. ) ;
#3023 = DIRECTION ( 'NONE',  ( 3.086774349727653658E-05, 7.858926889186872101E-05, 0.9999999964354546744 ) ) ;
#3024 = VECTOR ( 'NONE', #1422, 39.37007874015748143 ) ;
#3025 = DIRECTION ( 'NONE',  ( 1.000000000000000000, 0.0000000000000000000, 0.0000000000000000000 ) ) ;
#3026 = DIRECTION ( 'NONE',  ( 0.0000000000000000000, 0.0000000000000000000, 1.000000000000000000 ) ) ;
#3027 = VERTEX_POINT ( 'NONE', #3323 ) ;
#3028 = AXIS2_PLACEMENT_3D ( 'NONE', #5090, #5686, #331 ) ;
#3029 = CIRCLE ( 'NONE', #2475, 0.03937007874015747977 ) ;
#3030 = AXIS2_PLACEMENT_3D ( 'NONE', #1987, #3595, #6771 ) ;
#3031 = EDGE_CURVE ( 'NONE', #1796, #6549, #5500, .T. ) ;
#3032 = CARTESIAN_POINT ( 'NONE',  ( 0.1844825184346190472, -0.1020872408504664708, 0.05905511811023621965 ) ) ;
#3033 = VERTEX_POINT ( 'NONE', #5961 ) ;
#3034 = DIRECTION ( 'NONE',  ( -1.000000000000000000, -6.154884630185999931E-11, 1.568514762231000103E-09 ) ) ;
#3035 = ORIENTED_EDGE ( 'NONE', *, *, #3573, .F. ) ;
#3036 = AXIS2_PLACEMENT_3D ( 'NONE', #2013, #497, #4209 ) ;
#3037 = VECTOR ( 'NONE', #2060, 39.37007874015748143 ) ;
#3038 = DIRECTION ( 'NONE',  ( -0.6637203026918213622, 0.7479808552327239513, 0.0000000000000000000 ) ) ;
#3039 = EDGE_LOOP ( 'NONE', ( #5951, #6596, #2412, #696, #825, #638 ) ) ;
#3040 = EDGE_CURVE ( 'NONE', #2644, #673, #6262, .T. ) ;
#3041 = CARTESIAN_POINT ( 'NONE',  ( 0.2449500591974480834, 0.1527574290979831217, -0.07873997973465123035 ) ) ;
#3042 = AXIS2_PLACEMENT_3D ( 'NONE', #4450, #6051, #1033 ) ;
#3043 = ORIENTED_EDGE ( 'NONE', *, *, #4622, .T. ) ;
#3044 = CARTESIAN_POINT ( 'NONE',  ( -0.2027559055118110243, -0.07086614173228347746, 0.1023622047244094752 ) ) ;
#3045 = CARTESIAN_POINT ( 'NONE',  ( 0.1524723519791338633, -0.1020874090927953032, 0.05905511811023622659 ) ) ;
#3046 = ORIENTED_EDGE ( 'NONE', *, *, #4648, .F. ) ;
#3047 = CARTESIAN_POINT ( 'NONE',  ( -0.1381889763779527436, -0.1673228346456692994, 0.0000000000000000000 ) ) ;
#3048 = EDGE_LOOP ( 'NONE', ( #2711, #3299, #2227, #3252 ) ) ;
#3049 = VECTOR ( 'NONE', #1977, 39.37007874015748143 ) ;
#3050 = ADVANCED_FACE ( 'NONE', ( #3889 ), #202, .T. ) ;
#3051 = CARTESIAN_POINT ( 'NONE',  ( 0.01434527559329133901, 0.1343470436103543220, 0.08267716535433072833 ) ) ;
#3052 = DIRECTION ( 'NONE',  ( 0.03487826274199157250, 0.03487826274199157250, -0.9987827659587451556 ) ) ;
#3053 = CARTESIAN_POINT ( 'NONE',  ( -0.2436101701638071215, -0.1610253296354528241, -0.07197581226896399009 ) ) ;
#3054 = VERTEX_POINT ( 'NONE', #3437 ) ;
#3055 = VECTOR ( 'NONE', #6439, 39.37007874015748143 ) ;
#3056 = CARTESIAN_POINT ( 'NONE',  ( -0.2438293059778200988, -0.1574866348575236219, -0.07876896696629009931 ) ) ;
#3057 = CARTESIAN_POINT ( 'NONE',  ( -0.2125984251968504046, -0.07086614173228347746, 0.07874015748035433082 ) ) ;
#3058 = AXIS2_PLACEMENT_3D ( 'NONE', #5871, #1176, #6464 ) ;
#3059 = ADVANCED_FACE ( 'NONE', ( #2318 ), #4437, .F. ) ;
#3060 = LINE ( 'NONE', #5733, #5711 ) ;
#3061 = CARTESIAN_POINT ( 'NONE',  ( 0.1876627962017762830, 0.1102362204724409434, 0.08267716535433072833 ) ) ;
#3062 = B_SPLINE_CURVE_WITH_KNOTS ( 'NONE', 3,
 ( #4402, #2909, #2877, #2387, #5104, #342 ),
 .UNSPECIFIED., .F., .F.,
 ( 4, 1, 1, 4 ),
 ( 0.0000000000000000000, 0.3333333333333000081, 0.6666666666667000474, 1.000000000000000000 ),
 .UNSPECIFIED. ) ;
#3063 = EDGE_LOOP ( 'NONE', ( #4565, #6188, #5843, #2627 ) ) ;
#3064 = AXIS2_PLACEMENT_3D ( 'NONE', #5996, #248, #2949 ) ;
#3065 = VECTOR ( 'NONE', #2656, 39.37007874015748143 ) ;
#3066 = DIRECTION ( 'NONE',  ( 0.0000000000000000000, 0.0000000000000000000, 1.000000000000000000 ) ) ;
#3067 = PLANE ( 'NONE',  #2040 ) ;
#3068 = CARTESIAN_POINT ( 'NONE',  ( -0.2380639869678346787, 0.1455756011410629935, 0.05905511811023622659 ) ) ;
#3069 = VERTEX_POINT ( 'NONE', #2392 ) ;
#3070 = CARTESIAN_POINT ( 'NONE',  ( -0.2499390092261857266, -0.1673319991680819185, -0.0002678363342115000294 ) ) ;
#3071 = CARTESIAN_POINT ( 'NONE',  ( 0.2125984251968504046, 0.0000000000000000000, 0.07874015748035433082 ) ) ;
#3072 = VERTEX_POINT ( 'NONE', #4540 ) ;
#3073 = EDGE_CURVE ( 'NONE', #6270, #402, #2502, .T. ) ;
#3074 = DIRECTION ( 'NONE',  ( 0.0000000000000000000, 0.0000000000000000000, 1.000000000000000000 ) ) ;
#3075 = LINE ( 'NONE', #4124, #2499 ) ;
#3076 = CARTESIAN_POINT ( 'NONE',  ( 0.2224409448818897850, 0.07086614173228347746, 0.05818897637795275579 ) ) ;
#3077 = DIRECTION ( 'NONE',  ( 0.0000000000000000000, 1.000000000000000000, 0.0000000000000000000 ) ) ;
#3078 = CARTESIAN_POINT ( 'NONE',  ( 0.2561890383614820466, -0.1636722491988090999, 0.02165355005628837731 ) ) ;
#3079 = ORIENTED_EDGE ( 'NONE', *, *, #6562, .T. ) ;
#3080 = EDGE_CURVE ( 'NONE', #6646, #5572, #3720, .T. ) ;
#3081 = CARTESIAN_POINT ( 'NONE',  ( -0.2532102014290945058, 0.1508776079792519820, 0.1892514469425984058 ) ) ;
#3082 = CARTESIAN_POINT ( 'NONE',  ( -0.05075182479929134932, 0.1029097334688188897, 0.08267721660082680279 ) ) ;
#3083 = FACE_OUTER_BOUND ( 'NONE', #6442, .T. ) ;
#3084 = CARTESIAN_POINT ( 'NONE',  ( -0.2165354330708661457, -0.07988696002944881136, 0.1023622047244094752 ) ) ;
#3085 = EDGE_LOOP ( 'NONE', ( #1827, #4330, #4775, #3630, #5540, #35 ) ) ;
#3086 = CARTESIAN_POINT ( 'NONE',  ( 0.2456261268391385644, -0.1517243856929952339, -0.07873997958916907625 ) ) ;
#3087 = ORIENTED_EDGE ( 'NONE', *, *, #2848, .T. ) ;
#3088 = EDGE_CURVE ( 'NONE', #925, #6580, #5413, .T. ) ;
#3089 = DIRECTION ( 'NONE',  ( -6.984312118551000272E-14, 3.431598439750000151E-14, -1.000000000000000000 ) ) ;
#3090 = CARTESIAN_POINT ( 'NONE',  ( 0.2523172973386220708, -0.1546542026737401654, 0.1974049556945669248 ) ) ;
#3091 = ADVANCED_FACE ( 'NONE', ( #6590 ), #1861, .T. ) ;
#3092 = EDGE_LOOP ( 'NONE', ( #4803, #437, #6574, #2152 ) ) ;
#3093 = EDGE_CURVE ( 'NONE', #5329, #4873, #3510, .T. ) ;
#3094 = FACE_OUTER_BOUND ( 'NONE', #2911, .T. ) ;
#3095 = ORIENTED_EDGE ( 'NONE', *, *, #1537, .T. ) ;
#3096 = DIRECTION ( 'NONE',  ( 0.0000000000000000000, 1.000000000000000000, 0.0000000000000000000 ) ) ;
#3097 = PLANE ( 'NONE',  #5253 ) ;
#3098 = ORIENTED_EDGE ( 'NONE', *, *, #3111, .T. ) ;
#3099 = EDGE_CURVE ( 'NONE', #6272, #81, #6845, .T. ) ;
#3100 = DIRECTION ( 'NONE',  ( 0.0000000000000000000, 1.000000000000000000, 0.0000000000000000000 ) ) ;
#3101 = DIRECTION ( 'NONE',  ( 0.9131789530235512320, 0.4074146645698782376, -0.01083931954618061987 ) ) ;
#3102 = EDGE_LOOP ( 'NONE', ( #1751, #1372, #3419, #671 ) ) ;
#3103 = FACE_OUTER_BOUND ( 'NONE', #4160, .T. ) ;
#3104 = LINE ( 'NONE', #1560, #3494 ) ;
#3105 = VERTEX_POINT ( 'NONE', #6778 ) ;
#3106 = ORIENTED_EDGE ( 'NONE', *, *, #6634, .T. ) ;
#3107 = DIRECTION ( 'NONE',  ( -1.000000000000000000, 0.0000000000000000000, -4.430077181933000699E-13 ) ) ;
#3108 = LINE ( 'NONE', #6757, #3931 ) ;
#3109 = CARTESIAN_POINT ( 'NONE',  ( -0.1381889763779527436, -0.1673228346456692994, 0.0000000000000000000 ) ) ;
#3110 = PRODUCT_RELATED_PRODUCT_CATEGORY ( 'detail', '', ( #5092 ) ) ;
#3111 = EDGE_CURVE ( 'NONE', #2841, #1266, #933, .T. ) ;
#3112 = PLANE ( 'NONE',  #477 ) ;
#3113 = ORIENTED_EDGE ( 'NONE', *, *, #4130, .T. ) ;
#3114 = CARTESIAN_POINT ( 'NONE',  ( 0.2125984251968504046, 0.0000000000000000000, 0.07874015748035433082 ) ) ;
#3115 = ORIENTED_EDGE ( 'NONE', *, *, #5374, .F. ) ;
#3116 = CARTESIAN_POINT ( 'NONE',  ( -0.1767413500079003386, -0.1029121381022218978, 0.08267716535433072833 ) ) ;
#3117 = DIRECTION ( 'NONE',  ( 0.03487826274263103321, -0.03487826274179103153, 0.9987827659587296125 ) ) ;
#3118 = EDGE_CURVE ( 'NONE', #6215, #5936, #4606, .T. ) ;
#3119 = ORIENTED_EDGE ( 'NONE', *, *, #3214, .F. ) ;
#3120 = CARTESIAN_POINT ( 'NONE',  ( -0.2567125074360236403, 1.961685407290551603E-14, -0.03577620371437795210 ) ) ;
#3121 = ORIENTED_EDGE ( 'NONE', *, *, #1203, .T. ) ;
#3122 = AXIS2_PLACEMENT_3D ( 'NONE', #2228, #2713, #1659 ) ;
#3123 = B_SPLINE_CURVE_WITH_KNOTS ( 'NONE', 3,
 ( #3690, #1060, #1523, #4729 ),
 .UNSPECIFIED., .F., .F.,
 ( 4, 4 ),
 ( 0.0000000000000000000, 1.000000000000000000 ),
 .UNSPECIFIED. ) ;
#3124 = ADVANCED_FACE ( 'NONE', ( #2613 ), #414, .T. ) ;
#3125 = ORIENTED_EDGE ( 'NONE', *, *, #882, .T. ) ;
#3126 = FACE_OUTER_BOUND ( 'NONE', #388, .T. ) ;
#3127 = CLOSED_SHELL ( 'NONE', ( #5636, #3821, #781, #1094, #3892, #5967, #6070, #6767, #3635, #3916, #422, #5385, #5676, #5591, #193, #789, #5069, #5211, #4939, #4868, #6314, #181, #3, #2007, #1850, #2146, #6663, #5976, #4776, #2727, #5394, #2200, #4089, #5154, #1780, #6762, #1667, #1142, #4368, #5102, #4243, #5918, #1798, #855, #6804, #3429, #2973, #5567, #2980, #4035, #3972, #341, #3167, #1573, #5163, #6728, #5309, #4537, #5803, #55, #1274, #2070, #3339, #3914, #3124, #2859, #4488, #957, #5864, #6704, #6330, #1808, #3022, #4654, #3691, #4465, #4820, #3409, #4111, #4603 ) ) ;
#3128 = DIRECTION ( 'NONE',  ( 0.0000000000000000000, 1.000000000000000000, 0.0000000000000000000 ) ) ;
#3129 = CARTESIAN_POINT ( 'NONE',  ( -0.2520218436317311350, 0.1558841566951000290, -0.07586135892087482457 ) ) ;
#3130 = VERTEX_POINT ( 'NONE', #6814 ) ;
#3131 = AXIS2_PLACEMENT_3D ( 'NONE', #844, #5555, #2351 ) ;
#3132 = CARTESIAN_POINT ( 'NONE',  ( -0.2453332606614173905, 0.03937007874015747977, 0.1889763779527559029 ) ) ;
#3133 = ORIENTED_EDGE ( 'NONE', *, *, #3154, .T. ) ;
#3134 = EDGE_CURVE ( 'NONE', #4997, #2541, #5650, .T. ) ;
#3135 = CARTESIAN_POINT ( 'NONE',  ( -0.1381889763779527436, -0.2041237981004330737, -0.08858267716535435377 ) ) ;
#3136 = ORIENTED_EDGE ( 'NONE', *, *, #4506, .T. ) ;
#3137 = DIRECTION ( 'NONE',  ( -1.000000000000000000, 0.0000000000000000000, 0.0000000000000000000 ) ) ;
#3138 = DIRECTION ( 'NONE',  ( 1.000000000000000000, 0.0000000000000000000, 0.0000000000000000000 ) ) ;
#3139 = CARTESIAN_POINT ( 'NONE',  ( -0.1381889763779527436, 0.2041237981004330737, -0.07283464566929134798 ) ) ;
#3140 = VECTOR ( 'NONE', #3981, 39.37007874015748854 ) ;
#3141 = FACE_OUTER_BOUND ( 'NONE', #6555, .T. ) ;
#3142 = CIRCLE ( 'NONE', #2695, 0.009842519685039364738 ) ;
#3143 = ORIENTED_EDGE ( 'NONE', *, *, #5551, .F. ) ;
#3144 = CARTESIAN_POINT ( 'NONE',  ( 0.1618110236220473008, 0.1883973487342519848, -0.07365883395673229750 ) ) ;
#3145 = CIRCLE ( 'NONE', #2153, 0.01574803149606299885 ) ;
#3146 = CARTESIAN_POINT ( 'NONE',  ( 0.05000000000000000278, 0.0000000000000000000, -0.05511811023622047168 ) ) ;
#3147 = LINE ( 'NONE', #2592, #5786 ) ;
#3148 = CARTESIAN_POINT ( 'NONE',  ( -0.2492311640754724944, -0.1665666935148031602, 0.02165358378905117911 ) ) ;
#3149 = DIRECTION ( 'NONE',  ( 1.000000000000000000, 0.0000000000000000000, 0.0000000000000000000 ) ) ;
#3150 = VERTEX_POINT ( 'NONE', #3011 ) ;
#3151 = CARTESIAN_POINT ( 'NONE',  ( 0.05000000000000000278, 0.0000000000000000000, 0.08267716535433072833 ) ) ;
#3152 = ORIENTED_EDGE ( 'NONE', *, *, #1604, .T. ) ;
#3153 = AXIS2_PLACEMENT_3D ( 'NONE', #1346, #5538, #5023 ) ;
#3154 = EDGE_CURVE ( 'NONE', #1536, #5199, #4640, .T. ) ;
#3155 = DIRECTION ( 'NONE',  ( -0.9961946980915291627, 0.0000000000000000000, -0.08715574275013211747 ) ) ;
#3156 = CARTESIAN_POINT ( 'NONE',  ( -0.1618110236220473008, 0.2078598790717716693, -0.07283464566929134798 ) ) ;
#3157 = ORIENTED_EDGE ( 'NONE', *, *, #3556, .T. ) ;
#3158 = CARTESIAN_POINT ( 'NONE',  ( -0.1618110236220473008, -0.1751968503937007815, 0.01574803149606299191 ) ) ;
#3159 = ORIENTED_EDGE ( 'NONE', *, *, #1500, .T. ) ;
#3160 = EDGE_CURVE ( 'NONE', #4662, #1300, #3075, .T. ) ;
#3161 = CARTESIAN_POINT ( 'NONE',  ( -0.1499999999999999944, 0.1712598425196850405, 0.0000000000000000000 ) ) ;
#3162 = AXIS2_PLACEMENT_3D ( 'NONE', #2910, #3887, #2843 ) ;
#3163 = EDGE_LOOP ( 'NONE', ( #6434, #4979, #1046, #6025 ) ) ;
#3164 = DIRECTION ( 'NONE',  ( -2.343099259588999822E-13, -1.268826313856999815E-14, -1.000000000000000000 ) ) ;
#3165 = FACE_OUTER_BOUND ( 'NONE', #5429, .T. ) ;
#3166 = ORIENTED_EDGE ( 'NONE', *, *, #211, .F. ) ;
#3167 = ADVANCED_FACE ( 'NONE', ( #6264 ), #5141, .F. ) ;
#3168 = AXIS2_PLACEMENT_3D ( 'NONE', #1811, #2742, #6452 ) ;
#3169 = CARTESIAN_POINT ( 'NONE',  ( 0.1893700787401574881, -0.1138910667010629846, 0.05905511811023622659 ) ) ;
#3170 = ORIENTED_EDGE ( 'NONE', *, *, #6427, .T. ) ;
#3171 = CARTESIAN_POINT ( 'NONE',  ( 0.1886826620178740366, 0.1448881844187795143, 0.07874015748035433082 ) ) ;
#3172 = CARTESIAN_POINT ( 'NONE',  ( -0.1381889763779527436, 0.2039282667301968444, -0.06910368486704725199 ) ) ;
#3173 = ORIENTED_EDGE ( 'NONE', *, *, #3320, .T. ) ;
#3174 = DIRECTION ( 'NONE',  ( 0.0000000000000000000, 1.000000000000000000, 0.0000000000000000000 ) ) ;
#3175 = CARTESIAN_POINT ( 'NONE',  ( -0.2453330176338189283, 0.1508785873624409746, 0.1889764210675196898 ) ) ;
#3176 = CARTESIAN_POINT ( 'NONE',  ( 0.1893700787401574881, -0.1455756011410629935, 0.05905511811023622659 ) ) ;
#3177 = ORIENTED_EDGE ( 'NONE', *, *, #161, .T. ) ;
#3178 = CARTESIAN_POINT ( 'NONE',  ( 0.09685039370078740717, 0.1102362204724409434, 0.1653543307087008141 ) ) ;
#3179 = VERTEX_POINT ( 'NONE', #3135 ) ;
#3180 = EDGE_CURVE ( 'NONE', #402, #4567, #2340, .T. ) ;
#3181 = ADVANCED_FACE ( 'NONE', ( #4097 ), #6202, .T. ) ;
#3182 = CARTESIAN_POINT ( 'NONE',  ( 0.2590544566080720812, 0.1592811651673592954, 0.02169510405708321293 ) ) ;
#3183 = ORIENTED_EDGE ( 'NONE', *, *, #4451, .T. ) ;
#3184 = CARTESIAN_POINT ( 'NONE',  ( 0.01709310208349212531, -0.1349660812001181043, 0.08202030089307089933 ) ) ;
#3185 = CARTESIAN_POINT ( 'NONE',  ( -0.03818897637795275191, -0.1751968503937007815, -0.009842519685039369942 ) ) ;
#3186 = FACE_OUTER_BOUND ( 'NONE', #3608, .T. ) ;
#3187 = ORIENTED_EDGE ( 'NONE', *, *, #5670, .T. ) ;
#3188 = DIRECTION ( 'NONE',  ( 0.0000000000000000000, 1.000000000000000000, 0.0000000000000000000 ) ) ;
#3189 = EDGE_CURVE ( 'NONE', #5768, #1515, #3600, .T. ) ;
#3190 = LINE ( 'NONE', #6248, #1973 ) ;
#3191 = CARTESIAN_POINT ( 'NONE',  ( -0.03818897637795275191, -0.1141732283464566844, 0.08267716535433072833 ) ) ;
#3192 = ORIENTED_EDGE ( 'NONE', *, *, #321, .T. ) ;
#3193 = FACE_OUTER_BOUND ( 'NONE', #1558, .T. ) ;
#3194 = CARTESIAN_POINT ( 'NONE',  ( -0.1876627962017762830, -0.1102362204724409434, 0.08267716535433072833 ) ) ;
#3195 = ORIENTED_EDGE ( 'NONE', *, *, #2580, .F. ) ;
#3196 = LINE ( 'NONE', #2189, #1849 ) ;
#3197 = CARTESIAN_POINT ( 'NONE',  ( -0.2433659794551968625, -0.1607140003450393817, 0.1892511735306299514 ) ) ;
#3198 = DIRECTION ( 'NONE',  ( 0.0000000000000000000, 0.0000000000000000000, 1.000000000000000000 ) ) ;
#3199 = LOCAL_TIME ( 13, 17, 40.00000000000000000, #5914 ) ;
#3200 = ORIENTED_EDGE ( 'NONE', *, *, #533, .F. ) ;
#3201 = CARTESIAN_POINT ( 'NONE',  ( -0.1381889763779527436, -0.2078598790717716693, -0.07283464566929134798 ) ) ;
#3202 = CARTESIAN_POINT ( 'NONE',  ( 0.2494159833079134525, 0.1652173619001181815, 0.1936908411915354289 ) ) ;
#3203 = VERTEX_POINT ( 'NONE', #971 ) ;
#3204 = LINE ( 'NONE', #571, #4486 ) ;
#3205 = EDGE_CURVE ( 'NONE', #3722, #3921, #963, .T. ) ;
#3206 = LINE ( 'NONE', #5475, #6455 ) ;
#3207 = CARTESIAN_POINT ( 'NONE',  ( -0.2589796169873866405, 0.1626704044083708278, 0.0004178620202424774177 ) ) ;
#3208 = EDGE_LOOP ( 'NONE', ( #4492, #5705 ) ) ;
#3209 = CARTESIAN_POINT ( 'NONE',  ( -0.1618110236220473008, -0.2041237981004330737, -0.08858267716535435377 ) ) ;
#3210 = ORIENTED_EDGE ( 'NONE', *, *, #5693, .T. ) ;
#3211 = CARTESIAN_POINT ( 'NONE',  ( -0.1877916875618109993, -0.1102362204724409434, 0.08005250973594488229 ) ) ;
#3212 = LINE ( 'NONE', #661, #2141 ) ;
#3213 = CARTESIAN_POINT ( 'NONE',  ( 0.2551576234723442194, 0.1664274659769111597, -0.0001171857466983333159 ) ) ;
#3214 = EDGE_CURVE ( 'NONE', #5990, #2864, #1520, .T. ) ;
#3215 = CARTESIAN_POINT ( 'NONE',  ( -0.1822834645669291209, 0.0000000000000000000, 0.1842708295941338503 ) ) ;
#3216 = ORIENTED_EDGE ( 'NONE', *, *, #6258, .F. ) ;
#3217 = LINE ( 'NONE', #1543, #1283 ) ;
#3218 = ORIENTED_EDGE ( 'NONE', *, *, #3773, .F. ) ;
#3219 = LINE ( 'NONE', #5822, #5498 ) ;
#3220 = CARTESIAN_POINT ( 'NONE',  ( -0.2433659794551968625, -0.1607140003450393817, 0.1892511735306299514 ) ) ;
#3221 = CARTESIAN_POINT ( 'NONE',  ( 0.2390635045409054416, -0.1597005240318110086, 0.1883590166880708405 ) ) ;
#3222 = EDGE_CURVE ( 'NONE', #5124, #4705, #3803, .T. ) ;
#3223 = ORIENTED_EDGE ( 'NONE', *, *, #2642, .T. ) ;
#3224 = VERTEX_POINT ( 'NONE', #2674 ) ;
#3225 = ORIENTED_EDGE ( 'NONE', *, *, #5714, .F. ) ;
#3226 = CARTESIAN_POINT ( 'NONE',  ( 0.1381889763779527436, -0.2244094488188976555, -0.07283464566929134798 ) ) ;
#3227 = PLANE ( 'NONE',  #3823 ) ;
#3228 = VERTEX_POINT ( 'NONE', #3316 ) ;
#3229 = DIRECTION ( 'NONE',  ( 0.0000000000000000000, 1.000000000000000000, -3.745122575830999832E-13 ) ) ;
#3230 = EDGE_CURVE ( 'NONE', #61, #5697, #6392, .T. ) ;
#3231 = CIRCLE ( 'NONE', #1484, 0.009842519685039378616 ) ;
#3232 = ORIENTED_EDGE ( 'NONE', *, *, #280, .T. ) ;
#3233 = CIRCLE ( 'NONE', #586, 0.01574803149606299538 ) ;
#3234 = DIRECTION ( 'NONE',  ( 0.0000000000000000000, 0.0000000000000000000, -1.000000000000000000 ) ) ;
#3235 = LINE ( 'NONE', #4396, #3398 ) ;
#3236 = ORIENTED_EDGE ( 'NONE', *, *, #5874, .T. ) ;
#3237 = CARTESIAN_POINT ( 'NONE',  ( -0.1775659203317322965, 0.1020872376476771731, 0.05905510660889763674 ) ) ;
#3238 = LINE ( 'NONE', #6510, #2373 ) ;
#3239 = CALENDAR_DATE ( 2019, 27, 6 ) ;
#3240 = ORIENTED_EDGE ( 'NONE', *, *, #3611, .T. ) ;
#3241 = B_SPLINE_CURVE_WITH_KNOTS ( 'NONE', 3,
 ( #2055, #2113, #2025, #5214, #4614, #3081 ),
 .UNSPECIFIED., .F., .F.,
 ( 4, 2, 4 ),
 ( 0.0000000000000000000, 0.4999999999999970024, 1.000000000000000000 ),
 .UNSPECIFIED. ) ;
#3242 = AXIS2_PLACEMENT_3D ( 'NONE', #807, #2952, #4070 ) ;
#3243 = AXIS2_PLACEMENT_3D ( 'NONE', #6, #5314, #3748 ) ;
#3244 = EDGE_CURVE ( 'NONE', #4536, #5550, #1588, .T. ) ;
#3245 = FACE_OUTER_BOUND ( 'NONE', #2777, .T. ) ;
#3246 = EDGE_LOOP ( 'NONE', ( #2370, #446, #6615, #1336 ) ) ;
#3247 = CARTESIAN_POINT ( 'NONE',  ( -0.05000000000000000278, -0.1141732283464566844, 0.09251968503937008093 ) ) ;
#3248 = AXIS2_PLACEMENT_3D ( 'NONE', #1096, #5326, #5863 ) ;
#3249 = CARTESIAN_POINT ( 'NONE',  ( 0.2590816978099083623, 0.1566577460304962310, 0.02178290841700338681 ) ) ;
#3250 = CIRCLE ( 'NONE', #1279, 0.009842519685039378616 ) ;
#3251 = DIRECTION ( 'NONE',  ( 0.0000000000000000000, 1.000000000000000000, 0.0000000000000000000 ) ) ;
#3252 = ORIENTED_EDGE ( 'NONE', *, *, #2052, .T. ) ;
#3253 = CARTESIAN_POINT ( 'NONE',  ( 0.2446853774947413407, -0.1574279205919034696, -0.07876902381811159981 ) ) ;
#3254 = CIRCLE ( 'NONE', #2934, 0.1968503937007873850 ) ;
#3255 = AXIS2_PLACEMENT_3D ( 'NONE', #5411, #1138, #64 ) ;
#3256 = ADVANCED_FACE ( 'NONE', ( #651 ), #4804, .T. ) ;
#3257 = DIRECTION ( 'NONE',  ( -1.000000000000000000, 0.0000000000000000000, 0.0000000000000000000 ) ) ;
#3258 = CARTESIAN_POINT ( 'NONE',  ( -0.2216535433070866146, 0.0000000000000000000, 0.1968503937008267979 ) ) ;
#3259 = EDGE_LOOP ( 'NONE', ( #6527, #2832, #889, #1374 ) ) ;
#3260 = CARTESIAN_POINT ( 'NONE',  ( -0.1381889763779527436, 0.1850258812475984449, -0.009327402005535433485 ) ) ;
#3261 = EDGE_LOOP ( 'NONE', ( #2451, #2094, #5916, #1966 ) ) ;
#3262 = FACE_OUTER_BOUND ( 'NONE', #5039, .T. ) ;
#3263 = AXIS2_PLACEMENT_3D ( 'NONE', #6831, #2996, #5126 ) ;
#3264 = ORIENTED_EDGE ( 'NONE', *, *, #4201, .F. ) ;
#3265 = B_SPLINE_CURVE_WITH_KNOTS ( 'NONE', 3,
 ( #6557, #2920, #1830, #294 ),
 .UNSPECIFIED., .F., .F.,
 ( 4, 4 ),
 ( 0.0000000000000000000, 1.000000000000000000 ),
 .UNSPECIFIED. ) ;
#3266 = ADVANCED_FACE ( 'NONE', ( #3698 ), #1618, .T. ) ;
#3267 = AXIS2_PLACEMENT_3D ( 'NONE', #58, #1101, #5952 ) ;
#3268 = CARTESIAN_POINT ( 'NONE',  ( 0.2598425196623250777, 0.1600570847938029284, -5.487596423854032097E-10 ) ) ;
#3269 = ORIENTED_EDGE ( 'NONE', *, *, #3679, .F. ) ;
#3270 = CARTESIAN_POINT ( 'NONE',  ( 0.1499999999999999944, 0.2161346639453543550, -0.07283464566929134798 ) ) ;
#3271 = CARTESIAN_POINT ( 'NONE',  ( 0.2224409448818897850, 0.0000000000000000000, 0.07874015748035433082 ) ) ;
#3272 = AXIS2_PLACEMENT_3D ( 'NONE', #1823, #3926, #774 ) ;
#3273 = ORIENTED_EDGE ( 'NONE', *, *, #6268, .T. ) ;
#3274 = DIRECTION ( 'NONE',  ( 0.0000000000000000000, 0.0000000000000000000, -1.000000000000000000 ) ) ;
#3275 = ORIENTED_EDGE ( 'NONE', *, *, #820, .T. ) ;
#3276 = LINE ( 'NONE', #5405, #4164 ) ;
#3277 = CARTESIAN_POINT ( 'NONE',  ( -0.2535824952006299760, -0.1512202906041338613, -0.07155240743062991904 ) ) ;
#3278 = CARTESIAN_POINT ( 'NONE',  ( 1.235232388815354681E-14, 0.1029121381022631426, 0.08267716535433072833 ) ) ;
#3279 = ORIENTED_EDGE ( 'NONE', *, *, #1281, .F. ) ;
#3280 = CARTESIAN_POINT ( 'NONE',  ( -0.1618110236220473008, -0.2078598790717716693, -0.07283464566929134798 ) ) ;
#3281 = CARTESIAN_POINT ( 'NONE',  ( -0.1775662500745669448, -0.1020872380355118125, 0.05905511811023622659 ) ) ;
#3282 = CALENDAR_DATE ( 2019, 27, 6 ) ;
#3283 = ORIENTED_EDGE ( 'NONE', *, *, #1646, .F. ) ;
#3284 = VECTOR ( 'NONE', #1394, 39.37007874015748143 ) ;
#3285 =( BOUNDED_CURVE ( )  B_SPLINE_CURVE ( 3, ( #3082, #5215, #517, #448 ),
 .UNSPECIFIED., .F., .T. ) 
 B_SPLINE_CURVE_WITH_KNOTS ( ( 4, 4 ),
 ( 3.807971191760121776, 4.495884959388075863 ),
 .UNSPECIFIED. ) 
 CURVE ( )  GEOMETRIC_REPRESENTATION_ITEM ( )  RATIONAL_B_SPLINE_CURVE ( ( 1.000000000000000000, 0.9609518126550913308, 0.9609518126550913308, 1.000000000000000000 ) ) 
 REPRESENTATION_ITEM ( '' )  );
#3286 = FACE_OUTER_BOUND ( 'NONE', #3102, .T. ) ;
#3287 = VERTEX_POINT ( 'NONE', #4287 ) ;
#3288 = CARTESIAN_POINT ( 'NONE',  ( 0.2516748453328211399, 0.1571109077330341275, -0.07155240746229890592 ) ) ;
#3289 = VECTOR ( 'NONE', #5817, 39.37007874015748143 ) ;
#3290 = CARTESIAN_POINT ( 'NONE',  ( 0.2436408550214762547, -0.1610253863031888000, -0.07197849842686084021 ) ) ;
#3291 = CARTESIAN_POINT ( 'NONE',  ( 0.1604989699497637867, 0.1023974753755118317, 0.06793915315602364058 ) ) ;
#3292 = DIRECTION ( 'NONE',  ( 1.000000000000000000, 0.0000000000000000000, 0.0000000000000000000 ) ) ;
#3293 = ORIENTED_EDGE ( 'NONE', *, *, #1324, .T. ) ;
#3294 = CARTESIAN_POINT ( 'NONE',  ( 0.2475882295457274007, -0.1562018088990766718, -0.07876902381811159981 ) ) ;
#3295 = EDGE_CURVE ( 'NONE', #5079, #3150, #3235, .T. ) ;
#3296 = CARTESIAN_POINT ( 'NONE',  ( -0.2494159824766142286, -0.1652173521620866337, 0.1936908386675197102 ) ) ;
#3297 = CARTESIAN_POINT ( 'NONE',  ( -0.2533599610243307820, -0.03937007874015747977, 0.1850397333144488399 ) ) ;
#3298 = FACE_OUTER_BOUND ( 'NONE', #898, .T. ) ;
#3299 = ORIENTED_EDGE ( 'NONE', *, *, #5340, .T. ) ;
#3300 = CARTESIAN_POINT ( 'NONE',  ( 0.01959678226828739933, 0.1353550028133070904, 0.07874015748035433082 ) ) ;
#3301 = EDGE_LOOP ( 'NONE', ( #5543, #5635, #5476, #5839 ) ) ;
#3302 = CARTESIAN_POINT ( 'NONE',  ( 0.1618110236220473008, 0.1673228346456692994, -2.417630837433070880E-14 ) ) ;
#3303 = EDGE_CURVE ( 'NONE', #2545, #5027, #309, .T. ) ;
#3304 = DIRECTION ( 'NONE',  ( 0.0000000000000000000, 0.0000000000000000000, -1.000000000000000000 ) ) ;
#3305 = LINE ( 'NONE', #6534, #2493 ) ;
#3306 = EDGE_CURVE ( 'NONE', #3742, #950, #4353, .T. ) ;
#3307 = LINE ( 'NONE', #4424, #3522 ) ;
#3308 = VERTEX_POINT ( 'NONE', #5954 ) ;
#3309 = LINE ( 'NONE', #4389, #3814 ) ;
#3310 = CARTESIAN_POINT ( 'NONE',  ( -0.2440360522456557213, -0.1531475585188676325, -0.07873998029003977106 ) ) ;
#3311 = EDGE_CURVE ( 'NONE', #4892, #5946, #1660, .T. ) ;
#3312 = ORIENTED_EDGE ( 'NONE', *, *, #3743, .F. ) ;
#3313 = CYLINDRICAL_SURFACE ( 'NONE', #3581, 0.007874015748070855095 ) ;
#3314 = DIRECTION ( 'NONE',  ( 0.0001166186153188025299, 0.9999999900267217967, -7.966589519513173089E-05 ) ) ;
#3315 = DIRECTION ( 'NONE',  ( -1.000000000000000000, 0.0000000000000000000, 0.0000000000000000000 ) ) ;
#3316 = CARTESIAN_POINT ( 'NONE',  ( -0.1893700787401574881, 0.1455756011410629935, 0.05905511811023622659 ) ) ;
#3317 = VERTEX_POINT ( 'NONE', #3737 ) ;
#3318 = CARTESIAN_POINT ( 'NONE',  ( -0.2503183080875197031, -0.1578296700388976403, 0.1893647769058267871 ) ) ;
#3319 = LINE ( 'NONE', #729, #6247 ) ;
#3320 = EDGE_CURVE ( 'NONE', #4190, #950, #1102, .T. ) ;
#3321 = ORIENTED_EDGE ( 'NONE', *, *, #4859, .T. ) ;
#3322 = DIRECTION ( 'NONE',  ( -1.000000000000000000, 0.0000000000000000000, 0.0000000000000000000 ) ) ;
#3323 = CARTESIAN_POINT ( 'NONE',  ( 0.01434528068287401793, -0.1343470449611023632, 0.08267716535433072833 ) ) ;
#3324 = FACE_OUTER_BOUND ( 'NONE', #1555, .T. ) ;
#3325 = DIRECTION ( 'NONE',  ( 0.0000000000000000000, -0.05233595624278905567, -0.9986295347545820489 ) ) ;
#3326 = VERTEX_POINT ( 'NONE', #4918 ) ;
#3327 = CARTESIAN_POINT ( 'NONE',  ( 0.2437399757149067148, -0.1606858235142521463, -0.07586138697756143745 ) ) ;
#3328 = ORIENTED_EDGE ( 'NONE', *, *, #4082, .T. ) ;
#3329 = LINE ( 'NONE', #5047, #2063 ) ;
#3330 = LINE ( 'NONE', #2768, #2673 ) ;
#3331 = EDGE_CURVE ( 'NONE', #1342, #1068, #5301, .T. ) ;
#3332 = DIRECTION ( 'NONE',  ( 0.0000000000000000000, -0.03489949670277951721, -0.9993908270190859922 ) ) ;
#3333 = CARTESIAN_POINT ( 'NONE',  ( -0.2459397412439763841, -0.1604858841199606478, 0.1893167282974409504 ) ) ;
#3334 = PLANE ( 'NONE',  #3969 ) ;
#3335 = ORIENTED_EDGE ( 'NONE', *, *, #2101, .F. ) ;
#3336 = CARTESIAN_POINT ( 'NONE',  ( 0.1618110236220473008, -0.2041237981004330737, -0.08858267716535435377 ) ) ;
#3337 = ORIENTED_EDGE ( 'NONE', *, *, #1244, .F. ) ;
#3338 = FACE_OUTER_BOUND ( 'NONE', #5232, .T. ) ;
#3339 = ADVANCED_FACE ( 'NONE', ( #1133 ), #5331, .F. ) ;
#3340 = CARTESIAN_POINT ( 'NONE',  ( 0.1434316826916141874, -0.1029121381022441023, 0.08267716535417322932 ) ) ;
#3341 = CARTESIAN_POINT ( 'NONE',  ( -0.06181102362204724671, -0.2244094488188976555, -0.08858267716535435377 ) ) ;
#3342 = VERTEX_POINT ( 'NONE', #4842 ) ;
#3343 = CARTESIAN_POINT ( 'NONE',  ( 0.2599114633489862936, 0.1574569331812973039, 0.0007930291263554540941 ) ) ;
#3344 = ORIENTED_EDGE ( 'NONE', *, *, #3670, .F. ) ;
#3345 = ADVANCED_FACE ( 'NONE', ( #3767 ), #94, .T. ) ;
#3346 = ORIENTED_EDGE ( 'NONE', *, *, #1981, .F. ) ;
#3347 = CARTESIAN_POINT ( 'NONE',  ( -0.1381889763779527436, -0.1673228346456692994, 0.0000000000000000000 ) ) ;
#3348 = CARTESIAN_POINT ( 'NONE',  ( 0.2493407041302362626, 0.1568523183034645496, 0.01781327407263385773 ) ) ;
#3349 = EDGE_LOOP ( 'NONE', ( #628, #5790, #4666, #5401, #5355, #659, #2182, #1806, #5866, #1954, #3491, #2220 ) ) ;
#3350 = CARTESIAN_POINT ( 'NONE',  ( 0.1889576287067716576, 0.1301113851021653833, 0.07086614173228347746 ) ) ;
#3351 = CARTESIAN_POINT ( 'NONE',  ( -0.2164273757676771770, -0.1239076907283070822, 0.04035433070866141503 ) ) ;
#3352 = ORIENTED_EDGE ( 'NONE', *, *, #3222, .F. ) ;
#3353 = B_SPLINE_CURVE_WITH_KNOTS ( 'NONE', 3,
 ( #5829, #4305, #1093, #1202, #1724, #5978 ),
 .UNSPECIFIED., .F., .F.,
 ( 4, 2, 4 ),
 ( 0.0000000000000000000, 0.5000000000000000000, 1.000000000000000000 ),
 .UNSPECIFIED. ) ;
#3354 = AXIS2_PLACEMENT_3D ( 'NONE', #2860, #3371, #1199 ) ;
#3355 = EDGE_CURVE ( 'NONE', #329, #4107, #503, .T. ) ;
#3356 = CARTESIAN_POINT ( 'NONE',  ( 0.1381889763779527436, 0.1667729012678346445, 0.01574803149606299191 ) ) ;
#3357 = ORIENTED_EDGE ( 'NONE', *, *, #4765, .T. ) ;
#3358 = CARTESIAN_POINT ( 'NONE',  ( 0.2443611632828329994, 0.1610525632241786853, -0.07155240746229890592 ) ) ;
#3359 = CARTESIAN_POINT ( 'NONE',  ( 0.2535400664860760767, -0.1528566887076404646, -0.07212989877248325576 ) ) ;
#3360 = CARTESIAN_POINT ( 'NONE',  ( 0.2598517164677441316, 0.1574277646883320003, -0.0002675409014241679245 ) ) ;
#3361 = LINE ( 'NONE', #3818, #6683 ) ;
#3362 = EDGE_LOOP ( 'NONE', ( #5827, #3125, #4462, #5519 ) ) ;
#3363 = CARTESIAN_POINT ( 'NONE',  ( 0.2440386004487271054, -0.1531472276131621291, -0.07873997958916907625 ) ) ;
#3364 = AXIS2_PLACEMENT_3D ( 'NONE', #4099, #2884, #5116 ) ;
#3365 = DIRECTION ( 'NONE',  ( 0.0000000000000000000, 0.0000000000000000000, -1.000000000000000000 ) ) ;
#3366 = AXIS2_PLACEMENT_3D ( 'NONE', #62, #5474, #4967 ) ;
#3367 = DIRECTION ( 'NONE',  ( 1.000000000000000000, 0.0000000000000000000, 0.0000000000000000000 ) ) ;
#3368 = CARTESIAN_POINT ( 'NONE',  ( -0.2590759282123228369, 0.1567271557370078783, 0.02165407836819291387 ) ) ;
#3369 = LINE ( 'NONE', #4301, #5723 ) ;
#3370 = ORIENTED_EDGE ( 'NONE', *, *, #2416, .F. ) ;
#3371 = DIRECTION ( 'NONE',  ( 1.000000000000000000, 0.0000000000000000000, 0.0000000000000000000 ) ) ;
#3372 = EDGE_LOOP ( 'NONE', ( #5656, #138, #4249, #362 ) ) ;
#3373 = DIRECTION ( 'NONE',  ( -0.3999999999999876432, 0.9165151389911733171, 0.0000000000000000000 ) ) ;
#3374 = B_SPLINE_CURVE_WITH_KNOTS ( 'NONE', 3,
 ( #2716, #5911, #1179, #2231, #6466, #2274 ),
 .UNSPECIFIED., .F., .F.,
 ( 4, 2, 4 ),
 ( 0.0000000000000000000, 0.4999999999999993339, 1.000000000000000000 ),
 .UNSPECIFIED. ) ;
#3375 = EDGE_LOOP ( 'NONE', ( #664, #2016, #1644, #5762, #458, #6457, #3729, #5938, #3195, #4726 ) ) ;
#3376 = FACE_OUTER_BOUND ( 'NONE', #4208, .T. ) ;
#3377 = AXIS2_PLACEMENT_3D ( 'NONE', #2905, #277, #2871 ) ;
#3378 = VECTOR ( 'NONE', #5183, 39.37007874015748143 ) ;
#3379 = EDGE_CURVE ( 'NONE', #3033, #3179, #5073, .T. ) ;
#3380 = CARTESIAN_POINT ( 'NONE',  ( 0.2543123866727827198, 0.1655211823256217685, 0.02169989052488363601 ) ) ;
#3381 = DIRECTION ( 'NONE',  ( -1.000000000000000000, 0.0000000000000000000, 0.0000000000000000000 ) ) ;
#3382 = ORIENTED_EDGE ( 'NONE', *, *, #2894, .T. ) ;
#3383 = CARTESIAN_POINT ( 'NONE',  ( -0.05327406574625984798, -0.09970419266841490380, -0.009186372605647336043 ) ) ;
#3384 = VERTEX_POINT ( 'NONE', #343 ) ;
#3385 = ADVANCED_FACE ( 'NONE', ( #3430 ), #2417, .T. ) ;
#3386 = VECTOR ( 'NONE', #6451, 39.37007874015748143 ) ;
#3387 = B_SPLINE_CURVE_WITH_KNOTS ( 'NONE', 3,
 ( #5630, #2991, #1338, #852 ),
 .UNSPECIFIED., .F., .F.,
 ( 4, 4 ),
 ( 0.0000000000000000000, 1.000000000000000000 ),
 .UNSPECIFIED. ) ;
#3388 = VERTEX_POINT ( 'NONE', #6507 ) ;
#3389 = CARTESIAN_POINT ( 'NONE',  ( -0.2533807644423590189, -0.01312335958005249499, 0.1850404597858144595 ) ) ;
#3390 = LINE ( 'NONE', #4461, #3726 ) ;
#3391 = AXIS2_PLACEMENT_3D ( 'NONE', #2020, #6229, #3566 ) ;
#3392 = ORIENTED_EDGE ( 'NONE', *, *, #5418, .F. ) ;
#3393 = CARTESIAN_POINT ( 'NONE',  ( -0.1893700787401551566, 0.1138910667010586408, 0.05905511811023622659 ) ) ;
#3394 = CARTESIAN_POINT ( 'NONE',  ( 0.2447945948248141657, -0.1532043471625482711, -0.07874015748031495954 ) ) ;
#3395 = PERSON_AND_ORGANIZATION ( #6832, #4155 ) ;
#3396 = ORIENTED_EDGE ( 'NONE', *, *, #6684, .F. ) ;
#3397 = EDGE_CURVE ( 'NONE', #2382, #2119, #1916, .T. ) ;
#3398 = VECTOR ( 'NONE', #2229, 39.37007874015748143 ) ;
#3399 = CARTESIAN_POINT ( 'NONE',  ( 0.1618110236220473008, 0.2244094488188976555, -0.07283464566929134798 ) ) ;
#3400 = ORIENTED_EDGE ( 'NONE', *, *, #2603, .T. ) ;
#3401 = CARTESIAN_POINT ( 'NONE',  ( 0.01479685351356299292, 0.1344668900161023473, 0.08267716534767717562 ) ) ;
#3402 = CARTESIAN_POINT ( 'NONE',  ( 0.02345664583649212723, -0.1344617620042519723, -0.05511811020590551280 ) ) ;
#3403 = CARTESIAN_POINT ( 'NONE',  ( -0.2532101988052755659, -0.1508776025483858363, 0.1892514466914566873 ) ) ;
#3404 = DIRECTION ( 'NONE',  ( -1.100614734670993852E-06, -0.9999999999993942623, 0.0000000000000000000 ) ) ;
#3405 = ORIENTED_EDGE ( 'NONE', *, *, #3118, .T. ) ;
#3406 = VECTOR ( 'NONE', #6721, 39.37007874015748854 ) ;
#3407 = CARTESIAN_POINT ( 'NONE',  ( 0.2500062572470524436, -0.1512202891295214846, -0.07876902381811159981 ) ) ;
#3408 = VERTEX_POINT ( 'NONE', #726 ) ;
#3409 = ADVANCED_FACE ( 'NONE', ( #1784 ), #206, .F. ) ;
#3410 = FACE_OUTER_BOUND ( 'NONE', #1722, .T. ) ;
#3411 = ADVANCED_FACE ( 'NONE', ( #275 ), #3882, .T. ) ;
#3412 = VECTOR ( 'NONE', #549, 39.37007874015748143 ) ;
#3413 = DIRECTION ( 'NONE',  ( 1.000000000000000000, 0.0000000000000000000, 0.0000000000000000000 ) ) ;
#3414 = CARTESIAN_POINT ( 'NONE',  ( -0.1381889763779527436, 0.2244094488188976555, -0.07283464566929134798 ) ) ;
#3415 = ORIENTED_EDGE ( 'NONE', *, *, #3331, .F. ) ;
#3416 = CARTESIAN_POINT ( 'NONE',  ( 0.08555782579944881672, 0.1331284304703149735, -0.05511811023622047168 ) ) ;
#3417 = EDGE_LOOP ( 'NONE', ( #596, #2386, #1206, #5367 ) ) ;
#3418 = CARTESIAN_POINT ( 'NONE',  ( 0.1618110236220473008, 0.2078598790717716693, -0.07283464566929134798 ) ) ;
#3419 = ORIENTED_EDGE ( 'NONE', *, *, #5120, .T. ) ;
#3420 = ADVANCED_FACE ( 'NONE', ( #3457 ), #1816, .T. ) ;
#3421 = CARTESIAN_POINT ( 'NONE',  ( 0.2524934479483879612, 0.1512202900093831404, -0.07535617555550343238 ) ) ;
#3422 = DIRECTION ( 'NONE',  ( 0.0000000000000000000, 1.000000000000000000, 0.0000000000000000000 ) ) ;
#3423 = FACE_OUTER_BOUND ( 'NONE', #6800, .T. ) ;
#3424 = B_SPLINE_CURVE_WITH_KNOTS ( 'NONE', 3,
 ( #6822, #4224, #3673, #3710, #5188 ),
 .UNSPECIFIED., .F., .F.,
 ( 4, 1, 4 ),
 ( 0.0000000000000000000, 0.5000000000000000000, 1.000000000000000000 ),
 .UNSPECIFIED. ) ;
#3425 = ORIENTED_EDGE ( 'NONE', *, *, #646, .F. ) ;
#3426 = FACE_OUTER_BOUND ( 'NONE', #1448, .T. ) ;
#3427 = ORIENTED_EDGE ( 'NONE', *, *, #204, .F. ) ;
#3428 = ORIENTED_EDGE ( 'NONE', *, *, #1384, .T. ) ;
#3429 = ADVANCED_FACE ( 'NONE', ( #831 ), #2381, .F. ) ;
#3430 = FACE_OUTER_BOUND ( 'NONE', #4870, .T. ) ;
#3431 = ORIENTED_EDGE ( 'NONE', *, *, #4496, .F. ) ;
#3432 = DIRECTION ( 'NONE',  ( 0.0000000000000000000, 0.0000000000000000000, 1.000000000000000000 ) ) ;
#3433 = ORIENTED_EDGE ( 'NONE', *, *, #460, .F. ) ;
#3434 = CARTESIAN_POINT ( 'NONE',  ( -0.2224409448818897850, 0.07086614173228347746, 0.07874015748035433082 ) ) ;
#3435 = ORIENTED_EDGE ( 'NONE', *, *, #3303, .T. ) ;
#3436 = EDGE_CURVE ( 'NONE', #3224, #3616, #2869, .T. ) ;
#3437 = CARTESIAN_POINT ( 'NONE',  ( -0.05000000000000000278, -0.1240157480314960647, 0.1023622047244094474 ) ) ;
#3438 = DIRECTION ( 'NONE',  ( -0.03487826274233112728, 0.03487826274202113219, 0.9987827659587321660 ) ) ;
#3439 = DIRECTION ( 'NONE',  ( 0.0000000000000000000, 0.0000000000000000000, -1.000000000000000000 ) ) ;
#3440 = ORIENTED_EDGE ( 'NONE', *, *, #1909, .F. ) ;
#3441 = DIRECTION ( 'NONE',  ( 0.0000000000000000000, 0.0000000000000000000, -1.000000000000000000 ) ) ;
#3442 = CARTESIAN_POINT ( 'NONE',  ( 0.2516898897069728691, -0.1673392494308794110, -0.0002064415090739721835 ) ) ;
#3443 = EDGE_CURVE ( 'NONE', #6665, #2607, #4165, .T. ) ;
#3444 = LINE ( 'NONE', #2432, #377 ) ;
#3445 = LINE ( 'NONE', #6211, #1638 ) ;
#3446 = CARTESIAN_POINT ( 'NONE',  ( -0.2599115197256858800, -0.1574876183547818109, 0.0007903395757796051295 ) ) ;
#3447 = VERTEX_POINT ( 'NONE', #5989 ) ;
#3448 = LINE ( 'NONE', #4381, #4490 ) ;
#3449 = DIRECTION ( 'NONE',  ( 0.0000000000000000000, 0.0000000000000000000, 1.000000000000000000 ) ) ;
#3450 = DIRECTION ( 'NONE',  ( -0.03487825799498846940, -0.03488151102004846682, 0.9987826526868561761 ) ) ;
#3451 = EDGE_CURVE ( 'NONE', #5986, #293, #6542, .T. ) ;
#3452 = CARTESIAN_POINT ( 'NONE',  ( -0.2380639869678346787, -0.1013475331790551076, 0.05905511811023622659 ) ) ;
#3453 = CARTESIAN_POINT ( 'NONE',  ( 0.1876627962017762830, 0.1102362204724409434, 0.08267716535433072833 ) ) ;
#3454 = ORIENTED_EDGE ( 'NONE', *, *, #1438, .F. ) ;
#3455 = ORIENTED_EDGE ( 'NONE', *, *, #575, .T. ) ;
#3456 = CARTESIAN_POINT ( 'NONE',  ( -0.04180543415975940258, -0.1044682692532025309, 0.08267716535433072833 ) ) ;
#3457 = FACE_OUTER_BOUND ( 'NONE', #3471, .T. ) ;
#3458 = ORIENTED_EDGE ( 'NONE', *, *, #6417, .F. ) ;
#3459 = CARTESIAN_POINT ( 'NONE',  ( 0.1443895486824803287, 0.1019343448976377936, 0.05467683147204725064 ) ) ;
#3460 = LINE ( 'NONE', #5516, #6350 ) ;
#3461 = DIRECTION ( 'NONE',  ( 1.000000000000000000, 0.0000000000000000000, 0.0000000000000000000 ) ) ;
#3462 = ORIENTED_EDGE ( 'NONE', *, *, #3594, .F. ) ;
#3463 = EDGE_CURVE ( 'NONE', #5946, #3790, #6024, .T. ) ;
#3464 = CARTESIAN_POINT ( 'NONE',  ( -0.1878556341471329660, 0.1102362204724409434, 0.07874015748035433082 ) ) ;
#3465 = ORIENTED_EDGE ( 'NONE', *, *, #5568, .F. ) ;
#3466 = CARTESIAN_POINT ( 'NONE',  ( 0.2437399757149150137, 0.1606858308822822767, -0.07586130276224420377 ) ) ;
#3467 = DIRECTION ( 'NONE',  ( 0.0000000000000000000, 0.0000000000000000000, -1.000000000000000000 ) ) ;
#3468 = LINE ( 'NONE', #2953, #5688 ) ;
#3469 = ORIENTED_EDGE ( 'NONE', *, *, #6180, .T. ) ;
#3470 = FACE_OUTER_BOUND ( 'NONE', #4129, .T. ) ;
#3471 = EDGE_LOOP ( 'NONE', ( #4394, #881, #5425, #2956, #6531, #2820, #4015 ) ) ;
#3472 = VECTOR ( 'NONE', #3229, 39.37007874015748143 ) ;
#3473 = EDGE_CURVE ( 'NONE', #2703, #5972, #3390, .T. ) ;
#3474 = B_SPLINE_CURVE_WITH_KNOTS ( 'NONE', 3,
 ( #6067, #279, #1887, #3990 ),
 .UNSPECIFIED., .F., .F.,
 ( 4, 4 ),
 ( 0.0000000000000000000, 1.000000000000000000 ),
 .UNSPECIFIED. ) ;
#3475 = DIRECTION ( 'NONE',  ( 0.0000000000000000000, -1.000000000000000000, 0.0000000000000000000 ) ) ;
#3476 = VECTOR ( 'NONE', #2922, 39.37007874015748143 ) ;
#3477 = DIRECTION ( 'NONE',  ( 0.0000000000000000000, 0.9993908270190912102, 0.03489949670262969261 ) ) ;
#3478 = LINE ( 'NONE', #5562, #640 ) ;
#3479 = VECTOR ( 'NONE', #452, 39.37007874015748143 ) ;
#3480 = CYLINDRICAL_SURFACE ( 'NONE', #2579, 0.03937007345339370301 ) ;
#3481 = B_SPLINE_CURVE_WITH_KNOTS ( 'NONE', 3,
 ( #3416, #4484, #5427, #5496, #5973, #2297 ),
 .UNSPECIFIED., .F., .F.,
 ( 4, 1, 1, 4 ),
 ( 0.0000000000000000000, 0.3333333333333000081, 0.6666666666667000474, 1.000000000000000000 ),
 .UNSPECIFIED. ) ;
#3482 = ORIENTED_EDGE ( 'NONE', *, *, #1619, .T. ) ;
#3483 = PLANE ( 'NONE',  #4593 ) ;
#3484 = CARTESIAN_POINT ( 'NONE',  ( -0.2529099397818256878, -0.1548863466556555657, -0.07155240743470069054 ) ) ;
#3485 = CARTESIAN_POINT ( 'NONE',  ( 0.1493180372723228455, -0.1020732966821653459, 0.05865587143618110344 ) ) ;
#3486 = EDGE_CURVE ( 'NONE', #4475, #4452, #1851, .T. ) ;
#3487 = VECTOR ( 'NONE', #3137, 39.37007874015748143 ) ;
#3488 = VECTOR ( 'NONE', #4502, 39.37007874015748143 ) ;
#3489 = CARTESIAN_POINT ( 'NONE',  ( -0.2500000000219291807, -0.1673228346456299420, -2.738409892544882343E-13 ) ) ;
#3490 = CARTESIAN_POINT ( 'NONE',  ( -0.06181102362204724671, -0.1751968503937007815, -0.009842519685039369942 ) ) ;
#3491 = ORIENTED_EDGE ( 'NONE', *, *, #812, .F. ) ;
#3492 = PLANE ( 'NONE',  #3704 ) ;
#3493 = CIRCLE ( 'NONE', #389, 0.03937007874015747977 ) ;
#3494 = VECTOR ( 'NONE', #472, 39.37007874015748143 ) ;
#3495 =( BOUNDED_SURFACE ( )  B_SPLINE_SURFACE ( 3, 3, ( 
 ( #3796, #1654, #5901, #3310, #4390, #3877, #5984, #2785, #3760, #5435, #682, #2746, #1343, #5865, #1170, #645, #5194 ),
 ( #5600, #3056, #395, #4651, #5728, #6666, #6734, #363, #1443, #3578, #5663, #1938, #5096, #1474, #2004, #4553, #427 ),
 ( #6639, #3520, #3618, #6702, #1907, #335, #2532, #1411, #4108, #1509, #6115, #3021, #4007, #4043, #5056, #5158, #6246 ),
 ( #2500, #6761, #4620, #4136, #1373, #6214, #2927, #893, #4584, #301, #5634, #3484, #6150, #2437, #2030, #5691, #951 ) ),
 .UNSPECIFIED., .F., .F., .T. ) 
 B_SPLINE_SURFACE_WITH_KNOTS ( ( 4, 4 ),
 ( 4, 1, 1, 1, 1, 1, 1, 1, 1, 1, 1, 1, 1, 1, 4 ),
 ( 0.01639237739511005196, 0.9788464139428909583 ),
 ( 0.06869085146828930732, 0.09211281585191000154, 0.1485814713871000114, 0.2107284856654000060, 0.2775329737173000133, 0.3479934254418000084, 0.4211924828649000196, 0.4960421783041000232, 0.5713881706287999851, 0.6458663328193999797, 0.7180732269726000094, 0.7867624921204999788, 0.8506137638431999770, 0.9082985219211999750, 0.9251480210528929549 ),
 .UNSPECIFIED. ) 
 GEOMETRIC_REPRESENTATION_ITEM ( )  RATIONAL_B_SPLINE_SURFACE ( (
 ( 1.154248943098526992, 1.154248943098526992, 1.154248943098526992, 1.154248943098526992, 1.154248943098526992, 1.154248943098526992, 1.154248943098526992, 1.154248943098526992, 1.154248943098526992, 1.154248943098526992, 1.154248943098526992, 1.154248943098526992, 1.154248943098526992, 1.154248943098526992, 1.154248943098526992, 1.154248943098526992, 1.154248943098526992),
 ( 0.9495960923446040702, 0.9495960923446040702, 0.9495960923446040702, 0.9495960923446040702, 0.9495960923446040702, 0.9495960923446040702, 0.9495960923446040702, 0.9495960923446040702, 0.9495960923446040702, 0.9495960923446040702, 0.9495960923446040702, 0.9495960923446040702, 0.9495960923446040702, 0.9495960923446040702, 0.9495960923446040702, 0.9495960923446040702, 0.9495960923446040702),
 ( 0.9485886693015390669, 0.9485886693015390669, 0.9485886693015390669, 0.9485886693015390669, 0.9485886693015390669, 0.9485886693015390669, 0.9485886693015390669, 0.9485886693015390669, 0.9485886693015390669, 0.9485886693015390669, 0.9485886693015390669, 0.9485886693015390669, 0.9485886693015390669, 0.9485886693015390669, 0.9485886693015390669, 0.9485886693015390669, 0.9485886693015390669),
 ( 1.151226673969538261, 1.151226673969538261, 1.151226673969538261, 1.151226673969538261, 1.151226673969538261, 1.151226673969538261, 1.151226673969538261, 1.151226673969538261, 1.151226673969538261, 1.151226673969538261, 1.151226673969538261, 1.151226673969538261, 1.151226673969538261, 1.151226673969538261, 1.151226673969538261, 1.151226673969538261, 1.151226673969538261) ) ) 
 REPRESENTATION_ITEM ( '' )  SURFACE ( )  );
#3496 = EDGE_CURVE ( 'NONE', #6223, #247, #1402, .T. ) ;
#3497 = AXIS2_PLACEMENT_3D ( 'NONE', #6492, #4829, #6410 ) ;
#3498 = CARTESIAN_POINT ( 'NONE',  ( -0.2451880066482388654, 0.1525332843455728948, -0.07873998000389265117 ) ) ;
#3499 = ORIENTED_EDGE ( 'NONE', *, *, #6523, .T. ) ;
#3500 = DIRECTION ( 'NONE',  ( 0.0000000000000000000, 0.0000000000000000000, -1.000000000000000000 ) ) ;
#3501 = LINE ( 'NONE', #5645, #1948 ) ;
#3502 = CARTESIAN_POINT ( 'NONE',  ( -0.2438807765164344998, 0.1610628106426232886, -0.07155240743413665561 ) ) ;
#3503 = VECTOR ( 'NONE', #4767, 39.37007874015748143 ) ;
#3504 = VERTEX_POINT ( 'NONE', #5170 ) ;
#3505 = DIRECTION ( 'NONE',  ( 0.0000000000000000000, 1.000000000000000000, -3.606164903857000298E-14 ) ) ;
#3506 = ORIENTED_EDGE ( 'NONE', *, *, #4613, .F. ) ;
#3507 = CARTESIAN_POINT ( 'NONE',  ( 0.01570289183272834815, 0.1346901431310236208, 0.08267716535767716257 ) ) ;
#3508 = CARTESIAN_POINT ( 'NONE',  ( 0.1381889763779527436, 0.2244094488188976555, -0.07283464566929134798 ) ) ;
#3509 = CARTESIAN_POINT ( 'NONE',  ( -0.1938359190058268344, -0.1455756011410629935, 0.05905511811023622659 ) ) ;
#3510 = B_SPLINE_CURVE_WITH_KNOTS ( 'NONE', 3,
 ( #2075, #5773, #999, #2582, #5234, #3041, #5679, #1028, #5268, #3539 ),
 .UNSPECIFIED., .F., .F.,
 ( 4, 1, 1, 1, 1, 1, 1, 4 ),
 ( 0.0000000000000000000, 0.2566061662501352703, 0.4957640535049968045, 0.5304819410586727457, 0.5644780780740737969, 0.6305137865832823874, 0.7565058332703473720, 1.000000000000000000 ),
 .UNSPECIFIED. ) ;
#3511 = ORIENTED_EDGE ( 'NONE', *, *, #928, .F. ) ;
#3512 = CARTESIAN_POINT ( 'NONE',  ( 0.0000000000000000000, 0.06114078714570865547, 0.1670866141732283428 ) ) ;
#3513 = VECTOR ( 'NONE', #538, 39.37007874015748143 ) ;
#3514 = VECTOR ( 'NONE', #4376, 39.37007874015748143 ) ;
#3515 = CARTESIAN_POINT ( 'NONE',  ( -0.06181102362204724671, -0.2041237981004330737, -0.07283464566929134798 ) ) ;
#3516 = CARTESIAN_POINT ( 'NONE',  ( -0.04966157293560047314, 0.09809866759556823412, -0.05511811023622047168 ) ) ;
#3517 = EDGE_CURVE ( 'NONE', #5990, #6829, #1423, .T. ) ;
#3518 = LINE ( 'NONE', #393, #4236 ) ;
#3519 = ORIENTED_EDGE ( 'NONE', *, *, #2124, .F. ) ;
#3520 = CARTESIAN_POINT ( 'NONE',  ( -0.2438753507509239249, -0.1606858281633637697, -0.07586133578242240660 ) ) ;
#3521 = ORIENTED_EDGE ( 'NONE', *, *, #3496, .F. ) ;
#3522 = VECTOR ( 'NONE', #2219, 39.37007874015748854 ) ;
#3523 =( BOUNDED_CURVE ( )  B_SPLINE_CURVE ( 3, ( #1333, #3541, #4071, #4572 ),
 .UNSPECIFIED., .F., .T. ) 
 B_SPLINE_CURVE_WITH_KNOTS ( ( 4, 4 ),
 ( 3.550055382144238436, 3.926381829401579537 ),
 .UNSPECIFIED. ) 
 CURVE ( )  GEOMETRIC_REPRESENTATION_ITEM ( )  RATIONAL_B_SPLINE_CURVE ( ( 1.000000000000000000, 0.9882329799742359810, 0.9882329799742359810, 1.000000000000000000 ) ) 
 REPRESENTATION_ITEM ( '' )  );
#3524 = DIRECTION ( 'NONE',  ( 0.0000000000000000000, 0.0000000000000000000, 1.000000000000000000 ) ) ;
#3525 = ADVANCED_FACE ( 'NONE', ( #1481 ), #4595, .T. ) ;
#3526 = VERTEX_POINT ( 'NONE', #3002 ) ;
#3527 = CARTESIAN_POINT ( 'NONE',  ( 0.2551901388650025804, 0.1664599813617749224, 0.0004184268425648813715 ) ) ;
#3528 = B_SPLINE_SURFACE_WITH_KNOTS ( 'NONE', 3, 1, ( 
 ( #6271, #4742 ),
 ( #4161, #6366 ),
 ( #3607, #4774 ),
 ( #5842, #3207 ),
 ( #26, #5210 ),
 ( #1, #2552 ),
 ( #445, #474 ),
 ( #1634, #3741 ) ),
 .UNSPECIFIED., .F., .F., .F.,
 ( 4, 1, 1, 1, 1, 4 ),
 ( 2, 2 ),
 ( 0.02180056656091057532, 0.02747097139612000166, 0.3424934986470000164, 0.6575160264356999518, 0.9725385536352999516, 0.9782089583658695187 ),
 ( 0.0000000000000000000, 1.000000000000000000 ),
 .UNSPECIFIED. ) ;
#3529 = EDGE_CURVE ( 'NONE', #3903, #1642, #404, .T. ) ;
#3530 = LINE ( 'NONE', #2511, #6682 ) ;
#3531 = EDGE_CURVE ( 'NONE', #5910, #1700, #3591, .T. ) ;
#3532 = LINE ( 'NONE', #3068, #6812 ) ;
#3533 = ORIENTED_EDGE ( 'NONE', *, *, #255, .F. ) ;
#3534 = CARTESIAN_POINT ( 'NONE',  ( -0.1618110236220473008, -0.1850258812475984449, -0.009327402005535433485 ) ) ;
#3535 = DIRECTION ( 'NONE',  ( 0.0000000000000000000, 1.000000000000000000, 0.0000000000000000000 ) ) ;
#3536 = CYLINDRICAL_SURFACE ( 'NONE', #3728, 0.009842519685039378616 ) ;
#3537 = ORIENTED_EDGE ( 'NONE', *, *, #438, .F. ) ;
#3538 = EDGE_CURVE ( 'NONE', #5129, #3069, #4560, .T. ) ;
#3539 = CARTESIAN_POINT ( 'NONE',  ( 0.2437399755024803605, 0.1532187574101968597, -0.07874015748031495954 ) ) ;
#3540 = CARTESIAN_POINT ( 'NONE',  ( 0.01434528068287401793, -0.1343470449611023632, 0.08267716535433072833 ) ) ;
#3541 = CARTESIAN_POINT ( 'NONE',  ( -0.1884037035511189895, -0.1116225098757919754, 0.07874015748035435858 ) ) ;
#3542 = VERTEX_POINT ( 'NONE', #4630 ) ;
#3543 = DIRECTION ( 'NONE',  ( 1.666661052252966841E-07, -0.9999999999999801270, -1.088217087809978413E-07 ) ) ;
#3544 = ORIENTED_EDGE ( 'NONE', *, *, #900, .T. ) ;
#3545 = CARTESIAN_POINT ( 'NONE',  ( 0.2165354330708661457, -0.07988696002944881136, 0.1023622047244094752 ) ) ;
#3546 = CARTESIAN_POINT ( 'NONE',  ( 0.2476853320265623437, -0.1512202903163648582, -0.07874015748197747688 ) ) ;
#3547 = CARTESIAN_POINT ( 'NONE',  ( -0.2517428225121758900, -0.1673868297279486883, 0.0006389392047740702482 ) ) ;
#3548 = VERTEX_POINT ( 'NONE', #5704 ) ;
#3549 = FACE_OUTER_BOUND ( 'NONE', #2455, .T. ) ;
#3550 = CARTESIAN_POINT ( 'NONE',  ( 0.1876627962017695384, -0.1102362204724409434, 0.08267716535433072833 ) ) ;
#3551 = EDGE_CURVE ( 'NONE', #988, #6077, #5612, .T. ) ;
#3552 = DIRECTION ( 'NONE',  ( -1.000000000000000000, 0.0000000000000000000, 0.0000000000000000000 ) ) ;
#3553 = CARTESIAN_POINT ( 'NONE',  ( -0.2535824952006299760, 0.1512202905785826890, -0.07155240743055119035 ) ) ;
#3554 = ORIENTED_EDGE ( 'NONE', *, *, #4706, .F. ) ;
#3555 = DIRECTION ( 'NONE',  ( 0.0000000000000000000, -1.000000000000000000, 0.0000000000000000000 ) ) ;
#3556 = EDGE_CURVE ( 'NONE', #3565, #4080, #3532, .T. ) ;
#3557 = CARTESIAN_POINT ( 'NONE',  ( 0.1381889763779527436, 0.2244094488188976555, -0.08858267716535435377 ) ) ;
#3558 = VERTEX_POINT ( 'NONE', #370 ) ;
#3559 = CARTESIAN_POINT ( 'NONE',  ( -0.2589471510008637400, -0.1626379384175566101, -0.0001171853051993934376 ) ) ;
#3560 = DIRECTION ( 'NONE',  ( 0.0000000000000000000, 1.000000000000000000, 0.0000000000000000000 ) ) ;
#3561 = CARTESIAN_POINT ( 'NONE',  ( -0.2437399755525058997, 0.1574866064277574418, -0.07876899266994298598 ) ) ;
#3562 = EDGE_LOOP ( 'NONE', ( #6529, #657, #752, #818, #1103, #3668 ) ) ;
#3563 = EDGE_CURVE ( 'NONE', #3542, #6676, #1626, .T. ) ;
#3564 = PLANE ( 'NONE',  #5824 ) ;
#3565 = VERTEX_POINT ( 'NONE', #2721 ) ;
#3566 = DIRECTION ( 'NONE',  ( 0.0000000000000000000, 1.000000000000000000, 0.0000000000000000000 ) ) ;
#3567 = ORIENTED_EDGE ( 'NONE', *, *, #2463, .F. ) ;
#3568 = CARTESIAN_POINT ( 'NONE',  ( 0.2593383930187005415, 0.1569782156844871379, 0.01443629441972294793 ) ) ;
#3569 = CARTESIAN_POINT ( 'NONE',  ( -0.2532336848938645524, 0.1137084315662204859, 0.1892522669893353937 ) ) ;
#3570 = ORIENTED_EDGE ( 'NONE', *, *, #6578, .F. ) ;
#3571 = CARTESIAN_POINT ( 'NONE',  ( -0.2216535433070866146, 0.03937007874015747977, 0.1850393700787795470 ) ) ;
#3572 = VERTEX_POINT ( 'NONE', #619 ) ;
#3573 = EDGE_CURVE ( 'NONE', #3751, #594, #6377, .T. ) ;
#3574 = CARTESIAN_POINT ( 'NONE',  ( -0.1618110236220473008, 0.1673228346456692994, -1.528031856775984332E-14 ) ) ;
#3575 = DIRECTION ( 'NONE',  ( 0.0000000000000000000, -1.000000000000000000, 0.0000000000000000000 ) ) ;
#3576 = CARTESIAN_POINT ( 'NONE',  ( -0.2598425196850393526, -0.1574803149800000357, -2.586245959298031613E-13 ) ) ;
#3577 = ORIENTED_EDGE ( 'NONE', *, *, #1772, .F. ) ;
#3578 = CARTESIAN_POINT ( 'NONE',  ( -0.2487564205703977349, -0.1550232839662255557, -0.07876896696629009931 ) ) ;
#3579 = ORIENTED_EDGE ( 'NONE', *, *, #1183, .T. ) ;
#3580 = DIRECTION ( 'NONE',  ( 0.03487826274199156557, -0.03487826274199156557, 0.9987827659587449336 ) ) ;
#3581 = AXIS2_PLACEMENT_3D ( 'NONE', #2748, #1173, #5436 ) ;
#3582 = DIRECTION ( 'NONE',  ( 0.0000000000000000000, -1.000000000000000000, 0.0000000000000000000 ) ) ;
#3583 = ORIENTED_EDGE ( 'NONE', *, *, #4033, .F. ) ;
#3584 = LINE ( 'NONE', #5668, #5491 ) ;
#3585 = B_SPLINE_CURVE_WITH_KNOTS ( 'NONE', 3,
 ( #2239, #2282, #5879, #100 ),
 .UNSPECIFIED., .F., .F.,
 ( 4, 4 ),
 ( 0.0000000000000000000, 1.000000000000000000 ),
 .UNSPECIFIED. ) ;
#3586 = CIRCLE ( 'NONE', #5362, 0.009842519685039368207 ) ;
#3587 = AXIS2_PLACEMENT_3D ( 'NONE', #1341, #2962, #2925 ) ;
#3588 = AXIS2_PLACEMENT_3D ( 'NONE', #3351, #1216, #172 ) ;
#3589 = CARTESIAN_POINT ( 'NONE',  ( -0.04614409097006698379, -0.1029112075585808389, 0.08267716535433072833 ) ) ;
#3590 = CARTESIAN_POINT ( 'NONE',  ( -0.03818897637795275191, -0.1667729012678346445, 0.01574803149606299191 ) ) ;
#3591 = LINE ( 'NONE', #962, #1868 ) ;
#3592 = ORIENTED_EDGE ( 'NONE', *, *, #567, .T. ) ;
#3593 = CARTESIAN_POINT ( 'NONE',  ( -0.2543876047885421099, -0.1656574472931090780, 0.02193326431530688569 ) ) ;
#3594 = EDGE_CURVE ( 'NONE', #6543, #3797, #5846, .T. ) ;
#3595 = DIRECTION ( 'NONE',  ( 0.0000000000000000000, 0.9993908270190926535, -0.03489949670258974540 ) ) ;
#3596 = ORIENTED_EDGE ( 'NONE', *, *, #5402, .T. ) ;
#3597 = AXIS2_PLACEMENT_3D ( 'NONE', #602, #4957, #1845 ) ;
#3598 = AXIS2_PLACEMENT_3D ( 'NONE', #20, #53, #1622 ) ;
#3599 = DIRECTION ( 'NONE',  ( 0.0000000000000000000, -0.05233595624271923652, -0.9986295347545856016 ) ) ;
#3600 = LINE ( 'NONE', #1557, #2278 ) ;
#3601 = AXIS2_PLACEMENT_3D ( 'NONE', #3120, #6739, #674 ) ;
#3602 = VERTEX_POINT ( 'NONE', #1702 ) ;
#3603 = CARTESIAN_POINT ( 'NONE',  ( 0.1381889763779527436, 0.2078598790717716693, -0.06889763779527559306 ) ) ;
#3604 = ADVANCED_FACE ( 'NONE', ( #1109 ), #132, .T. ) ;
#3605 = LINE ( 'NONE', #2616, #6693 ) ;
#3606 = EDGE_LOOP ( 'NONE', ( #4340, #122, #4494, #3223 ) ) ;
#3607 = CARTESIAN_POINT ( 'NONE',  ( -0.2535400663880779670, 0.1528566890920705357, -0.07212989875658371020 ) ) ;
#3608 = EDGE_LOOP ( 'NONE', ( #6333, #394, #5349, #1873 ) ) ;
#3609 = LINE ( 'NONE', #1501, #5577 ) ;
#3610 = AXIS2_PLACEMENT_3D ( 'NONE', #3752, #1117, #588 ) ;
#3611 = EDGE_CURVE ( 'NONE', #5832, #4881, #4712, .T. ) ;
#3612 = PLANE ( 'NONE',  #5812 ) ;
#3613 = CARTESIAN_POINT ( 'NONE',  ( -0.2561320345728346770, -0.1637289053662992488, 0.02165353521221259972 ) ) ;
#3614 = EDGE_CURVE ( 'NONE', #2289, #5990, #6399, .T. ) ;
#3615 = CARTESIAN_POINT ( 'NONE',  ( -0.06181102362204724671, -0.2078598790717716693, -0.06889763779527559306 ) ) ;
#3616 = VERTEX_POINT ( 'NONE', #1219 ) ;
#3617 = VECTOR ( 'NONE', #4267, 39.37007874015748143 ) ;
#3618 = CARTESIAN_POINT ( 'NONE',  ( -0.2443367139646696884, -0.1606758559794218000, -0.07586133578242240660 ) ) ;
#3619 = VERTEX_POINT ( 'NONE', #3810 ) ;
#3620 = AXIS2_PLACEMENT_3D ( 'NONE', #695, #176, #6332 ) ;
#3621 = DIRECTION ( 'NONE',  ( 0.0000000000000000000, 1.000000000000000000, 0.0000000000000000000 ) ) ;
#3622 = DIRECTION ( 'NONE',  ( 0.0000000000000000000, 0.0000000000000000000, -1.000000000000000000 ) ) ;
#3623 = ADVANCED_FACE ( 'NONE', ( #3286 ), #5444, .F. ) ;
#3624 = ORIENTED_EDGE ( 'NONE', *, *, #5874, .F. ) ;
#3625 = FACE_OUTER_BOUND ( 'NONE', #3776, .T. ) ;
#3626 = CARTESIAN_POINT ( 'NONE',  ( -0.2440360452405831160, 0.1531475117664718999, -0.07873997997333845311 ) ) ;
#3627 = AXIS2_PLACEMENT_3D ( 'NONE', #5480, #2348, #2389 ) ;
#3628 = AXIS2_PLACEMENT_3D ( 'NONE', #3291, #4931, #3928 ) ;
#3629 = DIRECTION ( 'NONE',  ( 1.000000000000000000, 0.0000000000000000000, 0.0000000000000000000 ) ) ;
#3630 = ORIENTED_EDGE ( 'NONE', *, *, #1132, .F. ) ;
#3631 = CARTESIAN_POINT ( 'NONE',  ( -0.2598514622975192090, -0.1573968574084669558, -0.0002686286406659223625 ) ) ;
#3632 = CARTESIAN_POINT ( 'NONE',  ( 0.2483378044348819036, -0.1594909804336220593, 0.1893558337262204738 ) ) ;
#3633 = ORIENTED_EDGE ( 'NONE', *, *, #1749, .T. ) ;
#3634 = APPROVAL ( #1699, 'UNSPECIFIED' ) ;
#3635 = ADVANCED_FACE ( 'NONE', ( #4222 ), #4257, .F. ) ;
#3636 = CARTESIAN_POINT ( 'NONE',  ( 0.1373336573740551181, -0.2041237981004330737, -0.07283464566929134798 ) ) ;
#3637 = ORIENTED_EDGE ( 'NONE', *, *, #1967, .T. ) ;
#3638 = CARTESIAN_POINT ( 'NONE',  ( -0.06181102362204724671, -0.1751968503937007815, -0.009842519685039369942 ) ) ;
#3639 = ORIENTED_EDGE ( 'NONE', *, *, #4344, .F. ) ;
#3640 = CARTESIAN_POINT ( 'NONE',  ( -0.06181102362204724671, -0.1240157480314960647, 0.08267716535433072833 ) ) ;
#3641 = CARTESIAN_POINT ( 'NONE',  ( 0.05000000000000000278, 0.0000000000000000000, 0.07874015748035433082 ) ) ;
#3642 = EDGE_LOOP ( 'NONE', ( #1322, #4471, #5202, #3579, #291, #5721 ) ) ;
#3643 = DIRECTION ( 'NONE',  ( 1.000000000000000000, 0.0000000000000000000, 0.0000000000000000000 ) ) ;
#3644 = ORIENTED_EDGE ( 'NONE', *, *, #2111, .F. ) ;
#3645 = EDGE_CURVE ( 'NONE', #86, #5199, #2535, .T. ) ;
#3646 = CARTESIAN_POINT ( 'NONE',  ( -0.2216535433070866146, 0.03937007874015747977, 0.1968503937008267979 ) ) ;
#3647 = LINE ( 'NONE', #4646, #5469 ) ;
#3648 = CARTESIAN_POINT ( 'NONE',  ( -0.2493407041890157438, -0.1568523183622440864, 0.01781327238920472553 ) ) ;
#3649 = FACE_OUTER_BOUND ( 'NONE', #453, .T. ) ;
#3650 = ORIENTED_EDGE ( 'NONE', *, *, #3451, .F. ) ;
#3651 = DIRECTION ( 'NONE',  ( 1.000000000000000000, 0.0000000000000000000, 0.0000000000000000000 ) ) ;
#3652 = ORIENTED_EDGE ( 'NONE', *, *, #2981, .T. ) ;
#3653 = B_SPLINE_CURVE_WITH_KNOTS ( 'NONE', 3,
 ( #915, #5687, #6662, #6147, #4105, #3975 ),
 .UNSPECIFIED., .F., .F.,
 ( 4, 1, 1, 4 ),
 ( 0.0000000000000000000, 0.3333333333333000081, 0.6666666666667000474, 1.000000000000000000 ),
 .UNSPECIFIED. ) ;
#3654 = EDGE_CURVE ( 'NONE', #5112, #4223, #1636, .T. ) ;
#3655 = CARTESIAN_POINT ( 'NONE',  ( -0.2457384424494488406, 0.1512202904631102518, -0.07874015748031495954 ) ) ;
#3656 = FACE_OUTER_BOUND ( 'NONE', #2263, .T. ) ;
#3657 = ORIENTED_EDGE ( 'NONE', *, *, #2001, .F. ) ;
#3658 = CARTESIAN_POINT ( 'NONE',  ( 0.1381889763779527436, 0.2244094488188976555, -0.08858267716535435377 ) ) ;
#3659 = EDGE_CURVE ( 'NONE', #6725, #6603, #2682, .T. ) ;
#3660 = ORIENTED_EDGE ( 'NONE', *, *, #6104, .T. ) ;
#3661 = DIRECTION ( 'NONE',  ( 0.0000000000000000000, 0.0000000000000000000, -1.000000000000000000 ) ) ;
#3662 = CARTESIAN_POINT ( 'NONE',  ( 0.2442238187127165894, -0.1607131658035433341, 0.1892749962233858385 ) ) ;
#3663 = ORIENTED_EDGE ( 'NONE', *, *, #2339, .F. ) ;
#3664 = DIRECTION ( 'NONE',  ( 0.0000000000000000000, 0.0000000000000000000, -1.000000000000000000 ) ) ;
#3665 = DIRECTION ( 'NONE',  ( 0.0000000000000000000, 0.0000000000000000000, 1.000000000000000000 ) ) ;
#3666 = DIRECTION ( 'NONE',  ( -0.6348487633185742052, -0.7726364266023684202, 0.0000000000000000000 ) ) ;
#3667 = DIRECTION ( 'NONE',  ( -3.005965289145314214E-05, -7.858143508875583432E-05, 0.9999999964606877123 ) ) ;
#3668 = ORIENTED_EDGE ( 'NONE', *, *, #5022, .T. ) ;
#3669 =( NAMED_UNIT ( * ) PLANE_ANGLE_UNIT ( ) SI_UNIT ( $, .RADIAN. ) );
#3670 = EDGE_CURVE ( 'NONE', #4877, #1319, #5878, .T. ) ;
#3671 = ORIENTED_EDGE ( 'NONE', *, *, #5856, .F. ) ;
#3672 = LINE ( 'NONE', #3144, #1377 ) ;
#3673 = CARTESIAN_POINT ( 'NONE',  ( 0.01713549316253149685, 0.1349623840092125937, 0.08070726843090551827 ) ) ;
#3674 = DIRECTION ( 'NONE',  ( 1.000000000000000000, 0.0000000000000000000, 0.0000000000000000000 ) ) ;
#3675 = LINE ( 'NONE', #1010, #5626 ) ;
#3676 = LINE ( 'NONE', #5450, #3689 ) ;
#3677 = ORIENTED_EDGE ( 'NONE', *, *, #4937, .T. ) ;
#3678 = CARTESIAN_POINT ( 'NONE',  ( -0.1876627962017694828, 0.1102362204724409434, 0.08267716535433072833 ) ) ;
#3679 = EDGE_CURVE ( 'NONE', #3832, #649, #4777, .T. ) ;
#3680 = EDGE_LOOP ( 'NONE', ( #2123, #299, #5174, #6644, #2678, #3792 ) ) ;
#3681 = CYLINDRICAL_SURFACE ( 'NONE', #1062, 0.007874015748019673813 ) ;
#3682 = CARTESIAN_POINT ( 'NONE',  ( 0.2405652108287402446, -0.1566201764979528177, 0.1974041731779527520 ) ) ;
#3683 = ORIENTED_EDGE ( 'NONE', *, *, #742, .T. ) ;
#3684 = EDGE_CURVE ( 'NONE', #73, #177, #1008, .T. ) ;
#3685 = AXIS2_PLACEMENT_3D ( 'NONE', #1919, #799, #2906 ) ;
#3686 = DIRECTION ( 'NONE',  ( 1.000000000000000000, 0.0000000000000000000, 0.0000000000000000000 ) ) ;
#3687 = ORIENTED_EDGE ( 'NONE', *, *, #6608, .F. ) ;
#3688 = VECTOR ( 'NONE', #1439, 39.37007874015748143 ) ;
#3689 = VECTOR ( 'NONE', #623, 39.37007874015748143 ) ;
#3690 = CARTESIAN_POINT ( 'NONE',  ( -0.2532024797718110398, -0.03937007874015747977, 0.1892511771393307340 ) ) ;
#3691 = ADVANCED_FACE ( 'NONE', ( #5813 ), #1875, .T. ) ;
#3692 = ADVANCED_FACE ( 'NONE', ( #3245 ), #5376, .T. ) ;
#3693 = EDGE_LOOP ( 'NONE', ( #5748, #531, #4714, #5460 ) ) ;
#3694 = AXIS2_PLACEMENT_3D ( 'NONE', #5483, #69, #2685 ) ;
#3695 = AXIS2_PLACEMENT_3D ( 'NONE', #5808, #3138, #6232 ) ;
#3696 = CARTESIAN_POINT ( 'NONE',  ( -0.2483379826801575541, 0.1594908684293306900, 0.1893558324131890125 ) ) ;
#3697 = ORIENTED_EDGE ( 'NONE', *, *, #1403, .T. ) ;
#3698 = FACE_OUTER_BOUND ( 'NONE', #4898, .T. ) ;
#3699 = ORIENTED_EDGE ( 'NONE', *, *, #3824, .F. ) ;
#3700 = CARTESIAN_POINT ( 'NONE',  ( -0.09685039370078740717, 0.1102362204724409434, 0.1653543307087008141 ) ) ;
#3701 = DIRECTION ( 'NONE',  ( -1.000000000000000000, 0.0000000000000000000, 0.0000000000000000000 ) ) ;
#3702 = EDGE_CURVE ( 'NONE', #3015, #406, #4435, .T. ) ;
#3703 = ORIENTED_EDGE ( 'NONE', *, *, #5247, .F. ) ;
#3704 = AXIS2_PLACEMENT_3D ( 'NONE', #718, #1241, #2828 ) ;
#3705 = LINE ( 'NONE', #573, #5699 ) ;
#3706 = VECTOR ( 'NONE', #4819, 39.37007874015748143 ) ;
#3707 = ORIENTED_EDGE ( 'NONE', *, *, #6354, .F. ) ;
#3708 = DIRECTION ( 'NONE',  ( 0.0000000000000000000, 0.0000000000000000000, 1.000000000000000000 ) ) ;
#3709 = ORIENTED_EDGE ( 'NONE', *, *, #369, .F. ) ;
#3710 = CARTESIAN_POINT ( 'NONE',  ( 0.01717803275833464788, 0.1349586599422440969, 0.07939562895488189165 ) ) ;
#3711 = DIRECTION ( 'NONE',  ( 0.0000000000000000000, 0.0000000000000000000, 1.000000000000000000 ) ) ;
#3712 = FACE_OUTER_BOUND ( 'NONE', #6701, .T. ) ;
#3713 = LINE ( 'NONE', #3084, #6450 ) ;
#3714 = VERTEX_POINT ( 'NONE', #3923 ) ;
#3715 = CARTESIAN_POINT ( 'NONE',  ( 0.01138296034305118221, -0.09810022104625629180, -0.05511811023622047168 ) ) ;
#3716 = CARTESIAN_POINT ( 'NONE',  ( -0.1618110236220473008, -0.2039282667301968444, -0.06910368486700788071 ) ) ;
#3717 = VECTOR ( 'NONE', #1275, 39.37007874015748143 ) ;
#3718 = EDGE_CURVE ( 'NONE', #5420, #604, #6134, .T. ) ;
#3719 = CARTESIAN_POINT ( 'NONE',  ( -0.03818897637795275191, -0.1751968503937007815, -0.009842519685039369942 ) ) ;
#3720 = CIRCLE ( 'NONE', #3272, 0.1968503937007874682 ) ;
#3721 = DIRECTION ( 'NONE',  ( 0.0000000000000000000, 1.000000000000000000, 0.0000000000000000000 ) ) ;
#3722 = VERTEX_POINT ( 'NONE', #3992 ) ;
#3723 = DIRECTION ( 'NONE',  ( -1.000000000000000000, 0.0000000000000000000, 0.0000000000000000000 ) ) ;
#3724 = ORIENTED_EDGE ( 'NONE', *, *, #637, .T. ) ;
#3725 = CARTESIAN_POINT ( 'NONE',  ( -0.2456855713789929396, 0.1512398171918370171, -0.07873997997333849475 ) ) ;
#3726 = VECTOR ( 'NONE', #6579, 39.37007874015748143 ) ;
#3727 = EDGE_CURVE ( 'NONE', #4947, #6841, #4076, .T. ) ;
#3728 = AXIS2_PLACEMENT_3D ( 'NONE', #2546, #1430, #1990 ) ;
#3729 = ORIENTED_EDGE ( 'NONE', *, *, #431, .F. ) ;
#3730 = FACE_OUTER_BOUND ( 'NONE', #786, .T. ) ;
#3731 = DIRECTION ( 'NONE',  ( -0.9999999999343774926, 0.0000000000000000000, 1.145621955915974111E-05 ) ) ;
#3732 = ORIENTED_EDGE ( 'NONE', *, *, #4664, .F. ) ;
#3733 = DIRECTION ( 'NONE',  ( 0.0000000000000000000, 1.000000000000000000, 0.0000000000000000000 ) ) ;
#3734 = VECTOR ( 'NONE', #6737, 39.37007874015748143 ) ;
#3735 = EDGE_CURVE ( 'NONE', #2005, #1799, #5189, .T. ) ;
#3736 = ORIENTED_EDGE ( 'NONE', *, *, #269, .T. ) ;
#3737 = CARTESIAN_POINT ( 'NONE',  ( -0.06181102362204724671, -0.1141732283464566844, 0.09055118110236221041 ) ) ;
#3738 = ORIENTED_EDGE ( 'NONE', *, *, #4392, .T. ) ;
#3739 = CARTESIAN_POINT ( 'NONE',  ( -0.2590759282122834795, -0.1567271438805118156, 0.02165407836935826641 ) ) ;
#3740 = FACE_OUTER_BOUND ( 'NONE', #2999, .T. ) ;
#3741 = CARTESIAN_POINT ( 'NONE',  ( -0.2499765694235571156, 0.1673917288951854709, 0.0007924642498317689817 ) ) ;
#3742 = VERTEX_POINT ( 'NONE', #2982 ) ;
#3743 = EDGE_CURVE ( 'NONE', #5959, #1908, #420, .T. ) ;
#3744 = DIRECTION ( 'NONE',  ( -1.000000000000000000, 0.0000000000000000000, 0.0000000000000000000 ) ) ;
#3745 = CARTESIAN_POINT ( 'NONE',  ( 0.2532055157564050418, 0.1513186269685766749, -0.07586130276224418989 ) ) ;
#3746 = CARTESIAN_POINT ( 'NONE',  ( -0.2125984251968504046, -0.07086614173228347746, 0.1032283464566929043 ) ) ;
#3747 = DIRECTION ( 'NONE',  ( -0.9993908270191195209, 8.455042222015806152E-12, 0.03489949670182233843 ) ) ;
#3748 = DIRECTION ( 'NONE',  ( -0.9993908270190094978, 0.0000000000000000000, 0.03489949670496916845 ) ) ;
#3749 = ORIENTED_EDGE ( 'NONE', *, *, #6830, .F. ) ;
#3750 = LINE ( 'NONE', #4677, #3706 ) ;
#3751 = VERTEX_POINT ( 'NONE', #5038 ) ;
#3752 = CARTESIAN_POINT ( 'NONE',  ( 0.2125984251968504046, 0.07086614173228347746, 0.07874015748035433082 ) ) ;
#3753 = CARTESIAN_POINT ( 'NONE',  ( -0.2517817428074081154, -0.1665620127731205213, 0.02169517699292816335 ) ) ;
#3754 = CARTESIAN_POINT ( 'NONE',  ( 0.1886826620178871372, 0.1145784834233205124, 0.07874015748035433082 ) ) ;
#3755 = ORIENTED_EDGE ( 'NONE', *, *, #2187, .T. ) ;
#3756 = CARTESIAN_POINT ( 'NONE',  ( 0.1381889763779527436, -0.1673228346456692994, 0.0000000000000000000 ) ) ;
#3757 = CARTESIAN_POINT ( 'NONE',  ( -0.2451243391656999504, 0.1526085408605441229, -0.07873997997333845311 ) ) ;
#3758 = EDGE_CURVE ( 'NONE', #2899, #23, #947, .T. ) ;
#3759 = DIRECTION ( 'NONE',  ( -7.239792312863000758E-09, -1.000000000000000000, 2.502880319772999847E-09 ) ) ;
#3760 = CARTESIAN_POINT ( 'NONE',  ( -0.2451243725867647272, -0.1526085743680743734, -0.07873998029003977106 ) ) ;
#3761 = EDGE_LOOP ( 'NONE', ( #1863, #5535 ) ) ;
#3762 = EDGE_CURVE ( 'NONE', #6357, #4997, #6275, .T. ) ;
#3763 = LINE ( 'NONE', #1128, #5149 ) ;
#3764 = VERTEX_POINT ( 'NONE', #4507 ) ;
#3765 = CARTESIAN_POINT ( 'NONE',  ( -0.1889576287067716576, 0.1301113851021653833, 0.07086614173228347746 ) ) ;
#3766 = CARTESIAN_POINT ( 'NONE',  ( 0.2437399755024803605, 0.1532187574101968597, -0.07874015748031495954 ) ) ;
#3767 = FACE_OUTER_BOUND ( 'NONE', #3016, .T. ) ;
#3768 = ORIENTED_EDGE ( 'NONE', *, *, #6086, .F. ) ;
#3769 = CARTESIAN_POINT ( 'NONE',  ( -1.905354317016929513E-09, 4.598877971354331235E-09, 0.1968503937008267979 ) ) ;
#3770 = DIRECTION ( 'NONE',  ( 0.0000000000000000000, 1.000000000000000000, 0.0000000000000000000 ) ) ;
#3771 = CALENDAR_DATE ( 2019, 27, 6 ) ;
#3772 = ORIENTED_EDGE ( 'NONE', *, *, #6740, .T. ) ;
#3773 = EDGE_CURVE ( 'NONE', #1357, #6750, #4405, .T. ) ;
#3774 =( BOUNDED_CURVE ( )  B_SPLINE_CURVE ( 3, ( #5350, #5289, #595, #2699 ),
 .UNSPECIFIED., .F., .T. ) 
 B_SPLINE_CURVE_WITH_KNOTS ( ( 4, 4 ),
 ( 3.807902135703502555, 4.533750754206145928 ),
 .UNSPECIFIED. ) 
 CURVE ( )  GEOMETRIC_REPRESENTATION_ITEM ( )  RATIONAL_B_SPLINE_CURVE ( ( 1.000000000000000000, 0.9565751097661563396, 0.9565751097661563396, 1.000000000000000000 ) ) 
 REPRESENTATION_ITEM ( '' )  );
#3775 = DIRECTION ( 'NONE',  ( 0.7084361684135310755, -0.7057748899497310324, 0.0000000000000000000 ) ) ;
#3776 = EDGE_LOOP ( 'NONE', ( #3749, #4693, #740, #302 ) ) ;
#3777 = CARTESIAN_POINT ( 'NONE',  ( 0.2484817555762692809, 0.1594577458073731246, -0.07586130276224420377 ) ) ;
#3778 = CARTESIAN_POINT ( 'NONE',  ( -0.03818897637795275191, -0.2007523306137795338, -0.008503213718098425258 ) ) ;
#3779 = DIRECTION ( 'NONE',  ( 0.0000000000000000000, -1.000000000000000000, 0.0000000000000000000 ) ) ;
#3780 = CYLINDRICAL_SURFACE ( 'NONE', #5046, 0.009842519685039378616 ) ;
#3781 = ORIENTED_EDGE ( 'NONE', *, *, #348, .F. ) ;
#3782 = LINE ( 'NONE', #3715, #5485 ) ;
#3783 = ORIENTED_EDGE ( 'NONE', *, *, #1032, .F. ) ;
#3784 = EDGE_CURVE ( 'NONE', #4223, #3033, #4470, .T. ) ;
#3785 = DIRECTION ( 'NONE',  ( 0.0000000000000000000, 1.000000000000000000, 0.0000000000000000000 ) ) ;
#3786 = CARTESIAN_POINT ( 'NONE',  ( -0.2428947276661024279, -0.1518453699394094469, 0.1967998183464172712 ) ) ;
#3787 = DIRECTION ( 'NONE',  ( 0.0000000000000000000, 0.0000000000000000000, 1.000000000000000000 ) ) ;
#3788 = ORIENTED_EDGE ( 'NONE', *, *, #1537, .F. ) ;
#3789 = LINE ( 'NONE', #4899, #2568 ) ;
#3790 = VERTEX_POINT ( 'NONE', #6625 ) ;
#3791 = PLANE ( 'NONE',  #1397 ) ;
#3792 = ORIENTED_EDGE ( 'NONE', *, *, #4392, .F. ) ;
#3793 = CARTESIAN_POINT ( 'NONE',  ( 0.01707194319655118073, -0.1349679231546063174, 0.08267716535433072833 ) ) ;
#3794 = ORIENTED_EDGE ( 'NONE', *, *, #6364, .T. ) ;
#3795 = DIRECTION ( 'NONE',  ( 0.0000000000000000000, -1.000000000000000000, 0.0000000000000000000 ) ) ;
#3796 = CARTESIAN_POINT ( 'NONE',  ( -0.2437399754492473314, -0.1531659311250327393, -0.07873998029003977106 ) ) ;
#3797 = VERTEX_POINT ( 'NONE', #1891 ) ;
#3798 = DIRECTION ( 'NONE',  ( 0.0000000000000000000, 0.0000000000000000000, 1.000000000000000000 ) ) ;
#3799 = CIRCLE ( 'NONE', #2356, 0.009842519685039378616 ) ;
#3800 = VECTOR ( 'NONE', #4418, 39.37007874015748143 ) ;
#3801 = CARTESIAN_POINT ( 'NONE',  ( -0.2533599610243307820, -0.03937007874015747977, 0.1850397333144488399 ) ) ;
#3802 = EDGE_CURVE ( 'NONE', #183, #1276, #4083, .T. ) ;
#3803 = LINE ( 'NONE', #2167, #3843 ) ;
#3804 = EDGE_LOOP ( 'NONE', ( #1198, #526, #4936, #1708 ) ) ;
#3805 = FACE_OUTER_BOUND ( 'NONE', #371, .T. ) ;
#3806 = DIRECTION ( 'NONE',  ( 0.0000000000000000000, 1.000000000000000000, 0.0000000000000000000 ) ) ;
#3807 = PERSON_AND_ORGANIZATION_ROLE ( 'classification_officer' ) ;
#3808 = EDGE_LOOP ( 'NONE', ( #440, #5927, #906, #4293 ) ) ;
#3809 = AXIS2_PLACEMENT_3D ( 'NONE', #2521, #415, #6751 ) ;
#3810 = CARTESIAN_POINT ( 'NONE',  ( -0.1822834645669291209, 0.0000000000000000000, 0.1968503937008267979 ) ) ;
#3811 = VERTEX_POINT ( 'NONE', #735 ) ;
#3812 = EDGE_CURVE ( 'NONE', #3054, #5184, #212, .T. ) ;
#3813 = LINE ( 'NONE', #4407, #1517 ) ;
#3814 = VECTOR ( 'NONE', #5399, 39.37007874015747433 ) ;
#3815 = CARTESIAN_POINT ( 'NONE',  ( 0.1381889763779527436, 0.1751968503937007815, 0.01574803149606299191 ) ) ;
#3816 = DIRECTION ( 'NONE',  ( 1.000000000000000000, 0.0000000000000000000, 0.0000000000000000000 ) ) ;
#3817 = VECTOR ( 'NONE', #1496, 39.37007874015748143 ) ;
#3818 = CARTESIAN_POINT ( 'NONE',  ( 0.1893700787401574881, 0.1455756011410629935, 0.05905511811023622659 ) ) ;
#3819 = VERTEX_POINT ( 'NONE', #3434 ) ;
#3820 = CARTESIAN_POINT ( 'NONE',  ( 0.2497891805172604562, -0.1590349629882103766, -0.07155240746254500073 ) ) ;
#3821 = ADVANCED_FACE ( 'NONE', ( #6587 ), #2423, .F. ) ;
#3822 = AXIS2_PLACEMENT_3D ( 'NONE', #3904, #3942, #6565 ) ;
#3823 = AXIS2_PLACEMENT_3D ( 'NONE', #5948, #3449, #4280 ) ;
#3824 = EDGE_CURVE ( 'NONE', #911, #6397, #77, .T. ) ;
#3825 = CARTESIAN_POINT ( 'NONE',  ( -0.2525654260223228476, -0.1463908071005511902, 0.1936895862627559251 ) ) ;
#3826 = CARTESIAN_POINT ( 'NONE',  ( -0.2483382421057874212, -0.1594907333326772148, 0.1893558394762204777 ) ) ;
#3827 = DIRECTION ( 'NONE',  ( 0.0000000000000000000, 0.9993908270191083076, 0.03489949670214029243 ) ) ;
#3828 = EDGE_LOOP ( 'NONE', ( #721, #601, #2658, #908, #5138, #5481 ) ) ;
#3829 = CARTESIAN_POINT ( 'NONE',  ( 0.07668968403515748211, -0.1356299261821259927, 0.07874015748035433082 ) ) ;
#3830 = EDGE_LOOP ( 'NONE', ( #4818, #6012, #1380, #6690, #2553, #2788 ) ) ;
#3831 = VECTOR ( 'NONE', #6184, 39.37007874015748143 ) ;
#3832 = VERTEX_POINT ( 'NONE', #3399 ) ;
#3833 = CARTESIAN_POINT ( 'NONE',  ( -0.06181102362204724671, -0.1240157480314960647, 0.09055118110236221041 ) ) ;
#3834 = VECTOR ( 'NONE', #4577, 39.37007874015748143 ) ;
#3835 = ADVANCED_FACE ( 'NONE', ( #6548 ), #1821, .F. ) ;
#3836 = CARTESIAN_POINT ( 'NONE',  ( 0.2593383930185109709, -0.1569781855394427328, 0.01443629455754530042 ) ) ;
#3837 = LINE ( 'NONE', #4905, #4403 ) ;
#3838 = ORIENTED_EDGE ( 'NONE', *, *, #4206, .F. ) ;
#3839 = LINE ( 'NONE', #3226, #1502 ) ;
#3840 = CARTESIAN_POINT ( 'NONE',  ( 0.1381889763779527436, -0.2039282667301968444, -0.06910368486700788071 ) ) ;
#3841 = AXIS2_PLACEMENT_3D ( 'NONE', #5544, #764, #3986 ) ;
#3842 = LINE ( 'NONE', #5950, #1587 ) ;
#3843 = VECTOR ( 'NONE', #2643, 39.37007874015748854 ) ;
#3844 = ORIENTED_EDGE ( 'NONE', *, *, #141, .T. ) ;
#3845 = CARTESIAN_POINT ( 'NONE',  ( 0.08557010724275591895, -0.1335281344569685114, -0.01049789455568897641 ) ) ;
#3846 = CARTESIAN_POINT ( 'NONE',  ( 0.2388792903909842669, 0.1600770955636220128, 0.1936896035441338648 ) ) ;
#3847 = ORIENTED_EDGE ( 'NONE', *, *, #5823, .F. ) ;
#3848 = PLANE ( 'NONE',  #385 ) ;
#3849 = DIRECTION ( 'NONE',  ( 0.0000000000000000000, 0.0000000000000000000, 1.000000000000000000 ) ) ;
#3850 = DATE_TIME_ROLE ( 'creation_date' ) ;
#3851 = ORIENTED_EDGE ( 'NONE', *, *, #3355, .F. ) ;
#3852 = AXIS2_PLACEMENT_3D ( 'NONE', #1556, #3664, #5771 ) ;
#3853 = EDGE_CURVE ( 'NONE', #4969, #4567, #755, .T. ) ;
#3854 = CARTESIAN_POINT ( 'NONE',  ( -0.2216535433070866146, -0.03937007874015747977, 0.1968503937008267979 ) ) ;
#3855 = ORIENTED_EDGE ( 'NONE', *, *, #5942, .F. ) ;
#3856 = CARTESIAN_POINT ( 'NONE',  ( 0.2462341284350939297, 0.1603769779084618374, -0.07586130276224420377 ) ) ;
#3857 = AXIS2_PLACEMENT_3D ( 'NONE', #670, #6488, #1230 ) ;
#3858 = CARTESIAN_POINT ( 'NONE',  ( 0.2436101704643574006, -0.1610253299264831350, -0.07197580894364515036 ) ) ;
#3859 = CARTESIAN_POINT ( 'NONE',  ( 0.1618110236220473008, 0.2078598790717716693, -0.06889763779527559306 ) ) ;
#3860 = FACE_OUTER_BOUND ( 'NONE', #4410, .T. ) ;
#3861 = ORIENTED_EDGE ( 'NONE', *, *, #5006, .T. ) ;
#3862 = CARTESIAN_POINT ( 'NONE',  ( 0.2468834308555573620, -0.1566743632845836454, -0.07876902381811159981 ) ) ;
#3863 = CARTESIAN_POINT ( 'NONE',  ( 0.2491690080417202635, -0.1665619805356327865, 0.02178261494920077576 ) ) ;
#3864 = EDGE_CURVE ( 'NONE', #4102, #6588, #970, .T. ) ;
#3865 = LINE ( 'NONE', #3220, #66 ) ;
#3866 = CARTESIAN_POINT ( 'NONE',  ( -0.03824268091612205434, 0.1073946775408267801, 0.08267716535433072833 ) ) ;
#3867 = FACE_OUTER_BOUND ( 'NONE', #5263, .T. ) ;
#3868 = EDGE_LOOP ( 'NONE', ( #5228, #6612, #5628, #1366, #3943, #6769 ) ) ;
#3869 = DIRECTION ( 'NONE',  ( 0.0000000000000000000, 0.0000000000000000000, 1.000000000000000000 ) ) ;
#3870 = ORIENTED_EDGE ( 'NONE', *, *, #6745, .T. ) ;
#3871 = DIRECTION ( 'NONE',  ( 0.0000000000000000000, 1.000000000000000000, 0.0000000000000000000 ) ) ;
#3872 = ADVANCED_FACE ( 'NONE', ( #1958 ), #4566, .F. ) ;
#3873 = DIRECTION ( 'NONE',  ( 0.0000000000000000000, -1.000000000000000000, 0.0000000000000000000 ) ) ;
#3874 = CARTESIAN_POINT ( 'NONE',  ( -0.03818897637795275191, -0.1240157480314960647, 0.08267716535433072833 ) ) ;
#3875 = VERTEX_POINT ( 'NONE', #1526 ) ;
#3876 = DIRECTION ( 'NONE',  ( 0.0000000000000000000, 0.0000000000000000000, -1.000000000000000000 ) ) ;
#3877 = CARTESIAN_POINT ( 'NONE',  ( -0.2445014165798341521, -0.1530228525826181907, -0.07873998029003977106 ) ) ;
#3878 = VERTEX_POINT ( 'NONE', #349 ) ;
#3879 = EDGE_CURVE ( 'NONE', #1266, #505, #2074, .T. ) ;
#3880 = ORIENTED_EDGE ( 'NONE', *, *, #1565, .F. ) ;
#3881 = CARTESIAN_POINT ( 'NONE',  ( 0.2492312020946456930, 0.1665666935222441247, 0.02165358357906693038 ) ) ;
#3882 = PLANE ( 'NONE',  #2400 ) ;
#3883 = VERTEX_POINT ( 'NONE', #6263 ) ;
#3884 = FACE_OUTER_BOUND ( 'NONE', #3917, .T. ) ;
#3885 = DIRECTION ( 'NONE',  ( 0.0000000000000000000, -1.000000000000000000, 6.195900274322999158E-12 ) ) ;
#3886 = CALENDAR_DATE ( 2019, 27, 6 ) ;
#3887 = DIRECTION ( 'NONE',  ( 0.0000000000000000000, 0.0000000000000000000, -1.000000000000000000 ) ) ;
#3888 = ORIENTED_EDGE ( 'NONE', *, *, #4004, .F. ) ;
#3889 = FACE_OUTER_BOUND ( 'NONE', #758, .T. ) ;
#3890 = PLANE ( 'NONE',  #6240 ) ;
#3891 = DIRECTION ( 'NONE',  ( 1.000000000000000000, 0.0000000000000000000, 0.0000000000000000000 ) ) ;
#3892 = ADVANCED_FACE ( 'NONE', ( #4698 ), #3536, .F. ) ;
#3893 = LINE ( 'NONE', #2764, #1153 ) ;
#3894 = ORIENTED_EDGE ( 'NONE', *, *, #2408, .F. ) ;
#3895 = CARTESIAN_POINT ( 'NONE',  ( 0.2484817518952492088, -0.1594577393971295665, -0.07586138697756143745 ) ) ;
#3896 = CARTESIAN_POINT ( 'NONE',  ( 0.2581771323062571621, -0.1618679197021614391, 0.02193326536385323960 ) ) ;
#3897 = DIRECTION ( 'NONE',  ( 1.000000000000000000, 5.430676784409999941E-09, 5.042761236838999608E-10 ) ) ;
#3898 = CYLINDRICAL_SURFACE ( 'NONE', #4797, 0.009842519685039378616 ) ;
#3899 = CARTESIAN_POINT ( 'NONE',  ( 0.07668968403551182367, 0.1356299261821259927, 0.07874015748035433082 ) ) ;
#3900 = ORIENTED_EDGE ( 'NONE', *, *, #2416, .T. ) ;
#3901 = EDGE_CURVE ( 'NONE', #5171, #6547, #4615, .T. ) ;
#3902 = FACE_OUTER_BOUND ( 'NONE', #3868, .T. ) ;
#3903 = VERTEX_POINT ( 'NONE', #6813 ) ;
#3904 = CARTESIAN_POINT ( 'NONE',  ( -0.2125984251968504046, -0.07086614173228347746, 0.05905511811023622659 ) ) ;
#3905 = ORIENTED_EDGE ( 'NONE', *, *, #2589, .T. ) ;
#3906 = CARTESIAN_POINT ( 'NONE',  ( 0.2496226528086139818, 0.1512202901518766573, -0.07798677463436186341 ) ) ;
#3907 = CARTESIAN_POINT ( 'NONE',  ( -0.2503180557311417420, 0.1578299223914567118, 0.1893647769056692742 ) ) ;
#3908 = EDGE_CURVE ( 'NONE', #5275, #4901, #2518, .T. ) ;
#3909 = ORIENTED_EDGE ( 'NONE', *, *, #2281, .F. ) ;
#3910 = CARTESIAN_POINT ( 'NONE',  ( -0.2535824952006299760, 0.1512202905785826890, -0.07155240743055119035 ) ) ;
#3911 = EDGE_LOOP ( 'NONE', ( #1058, #5892, #886 ) ) ;
#3912 = DIRECTION ( 'NONE',  ( 1.000000000000000000, 0.0000000000000000000, 0.0000000000000000000 ) ) ;
#3913 = CARTESIAN_POINT ( 'NONE',  ( 0.0000000000000000000, 0.0000000000000000000, 0.07874015748035433082 ) ) ;
#3914 = ADVANCED_FACE ( 'NONE', ( #4183 ), #6295, .F. ) ;
#3915 = DIRECTION ( 'NONE',  ( 0.0000000000000000000, 0.0000000000000000000, 1.000000000000000000 ) ) ;
#3916 = ADVANCED_FACE ( 'NONE', ( #1025 ), #6776, .F. ) ;
#3917 = EDGE_LOOP ( 'NONE', ( #1533, #5245, #2110, #2830 ) ) ;
#3918 = CARTESIAN_POINT ( 'NONE',  ( 0.1468281009039369978, 0.1020345698075590529, 0.05754689409240158066 ) ) ;
#3919 = DIRECTION ( 'NONE',  ( 0.0000000000000000000, 0.0000000000000000000, -1.000000000000000000 ) ) ;
#3920 = APPLICATION_PROTOCOL_DEFINITION ( 'international standard', 'config_control_design', 1994, #2435 ) ;
#3921 = VERTEX_POINT ( 'NONE', #6168 ) ;
#3922 = VECTOR ( 'NONE', #4794, 39.37007874015748143 ) ;
#3923 = CARTESIAN_POINT ( 'NONE',  ( -0.2380639869678346787, -0.1013475331790551076, 0.05905511811023622659 ) ) ;
#3924 = ORIENTED_EDGE ( 'NONE', *, *, #3306, .T. ) ;
#3925 = EDGE_CURVE ( 'NONE', #5164, #3978, #4961, .T. ) ;
#3926 = DIRECTION ( 'NONE',  ( 0.0000000000000000000, 0.0000000000000000000, -1.000000000000000000 ) ) ;
#3927 = DIRECTION ( 'NONE',  ( 0.03487826274233112728, -0.03487826274202113219, 0.9987827659587321660 ) ) ;
#3928 = DIRECTION ( 'NONE',  ( -1.000000000000000000, 0.0000000000000000000, 0.0000000000000000000 ) ) ;
#3929 = CARTESIAN_POINT ( 'NONE',  ( -0.1381889763779527436, 0.1883973487342519848, -0.07365883395685039747 ) ) ;
#3930 = ORIENTED_EDGE ( 'NONE', *, *, #4145, .F. ) ;
#3931 = VECTOR ( 'NONE', #2142, 39.37007874015748143 ) ;
#3932 = CARTESIAN_POINT ( 'NONE',  ( 0.2535824958107004146, -0.1512202881118201447, -0.07155240746254500073 ) ) ;
#3933 = AXIS2_PLACEMENT_3D ( 'NONE', #885, #383, #3967 ) ;
#3934 = CARTESIAN_POINT ( 'NONE',  ( 0.2509198709861746868, -0.1665692307101183378, 0.02184400961216758849 ) ) ;
#3935 = VECTOR ( 'NONE', #1188, 39.37007874015748143 ) ;
#3936 = CIRCLE ( 'NONE', #2050, 0.009842519685039378616 ) ;
#3937 = DIRECTION ( 'NONE',  ( 0.0000000000000000000, 1.000000000000000000, 0.0000000000000000000 ) ) ;
#3938 = DIRECTION ( 'NONE',  ( 0.0003052884791376275450, -0.9999999502287819642, 7.963276895858295134E-05 ) ) ;
#3939 = ORIENTED_EDGE ( 'NONE', *, *, #1375, .F. ) ;
#3940 = CARTESIAN_POINT ( 'NONE',  ( 0.2125984251968504046, 0.0000000000000000000, 0.1032283464566929043 ) ) ;
#3941 = ORIENTED_EDGE ( 'NONE', *, *, #80, .F. ) ;
#3942 = DIRECTION ( 'NONE',  ( 0.0000000000000000000, 0.0000000000000000000, 1.000000000000000000 ) ) ;
#3943 = ORIENTED_EDGE ( 'NONE', *, *, #6386, .F. ) ;
#3944 = CARTESIAN_POINT ( 'NONE',  ( 0.1767413500078915678, -0.1029121381022017612, 0.08267716535433065894 ) ) ;
#3945 = VECTOR ( 'NONE', #4834, 39.37007874015748143 ) ;
#3946 = VECTOR ( 'NONE', #1996, 39.37007874015748854 ) ;
#3947 = EDGE_CURVE ( 'NONE', #5100, #2850, #2485, .T. ) ;
#3948 = CARTESIAN_POINT ( 'NONE',  ( -0.2165354330708661457, 0.1102362204724409434, 0.07874015748035433082 ) ) ;
#3949 = VECTOR ( 'NONE', #754, 39.37007874015748143 ) ;
#3950 = ORIENTED_EDGE ( 'NONE', *, *, #6157, .T. ) ;
#3951 = CARTESIAN_POINT ( 'NONE',  ( 0.05000000000000000278, 0.0000000000000000000, 0.05320114095767716766 ) ) ;
#3952 = ADVANCED_FACE ( 'NONE', ( #4096 ), #5742, .T. ) ;
#3953 = ORIENTED_EDGE ( 'NONE', *, *, #1006, .T. ) ;
#3954 = LINE ( 'NONE', #4998, #270 ) ;
#3955 = DIRECTION ( 'NONE',  ( 0.0000000000000000000, 1.000000000000000000, 0.0000000000000000000 ) ) ;
#3956 = AXIS2_PLACEMENT_3D ( 'NONE', #704, #4983, #5492 ) ;
#3957 = VERTEX_POINT ( 'NONE', #1460 ) ;
#3958 = DIRECTION ( 'NONE',  ( 1.000000000000000000, 0.0000000000000000000, 0.0000000000000000000 ) ) ;
#3959 = DIRECTION ( 'NONE',  ( 0.0000000000000000000, 0.05233595624257962597, 0.9986295347545928180 ) ) ;
#3960 = ORIENTED_EDGE ( 'NONE', *, *, #3093, .T. ) ;
#3961 = ADVANCED_FACE ( 'NONE', ( #4638 ), #3564, .F. ) ;
#3962 = AXIS2_PLACEMENT_3D ( 'NONE', #1984, #6675, #6222 ) ;
#3963 = CARTESIAN_POINT ( 'NONE',  ( -0.1886826620178852498, 0.1130871654913794822, 0.07874015748035435858 ) ) ;
#3964 = ORIENTED_EDGE ( 'NONE', *, *, #677, .T. ) ;
#3965 = CARTESIAN_POINT ( 'NONE',  ( 0.2437399748466566596, 0.1531659989824046275, -0.07873998074171600914 ) ) ;
#3966 = CARTESIAN_POINT ( 'NONE',  ( -0.03818897637795275191, -0.1850258812475984449, -0.009327402005582676944 ) ) ;
#3967 = DIRECTION ( 'NONE',  ( 0.0000000000000000000, 0.0000000000000000000, -1.000000000000000000 ) ) ;
#3968 = EDGE_LOOP ( 'NONE', ( #5621, #3321, #5193, #6101 ) ) ;
#3969 = AXIS2_PLACEMENT_3D ( 'NONE', #5888, #2253, #2857 ) ;
#3970 = DIRECTION ( 'NONE',  ( 0.0000000000000000000, -1.000000000000000000, 0.0000000000000000000 ) ) ;
#3971 = CARTESIAN_POINT ( 'NONE',  ( 0.2590816977471604998, -0.1566577459205954481, 0.02178291020746534606 ) ) ;
#3972 = ADVANCED_FACE ( 'NONE', ( #1491 ), #5712, .F. ) ;
#3973 = AXIS2_PLACEMENT_3D ( 'NONE', #5963, #1223, #4816 ) ;
#3974 = CARTESIAN_POINT ( 'NONE',  ( -0.2561903199480232707, 0.1636709838499348368, 0.02165355131977049138 ) ) ;
#3975 = CARTESIAN_POINT ( 'NONE',  ( 0.08555782579944881672, 0.1331284304703149735, -0.05511811023622047168 ) ) ;
#3976 = CARTESIAN_POINT ( 'NONE',  ( -0.2499766188379080600, -0.1673917783095537348, 0.0007930290589310893916 ) ) ;
#3977 = ORIENTED_EDGE ( 'NONE', *, *, #269, .F. ) ;
#3978 = VERTEX_POINT ( 'NONE', #5233 ) ;
#3979 = DIRECTION ( 'NONE',  ( 0.0000000000000000000, 1.000000000000000000, 0.0000000000000000000 ) ) ;
#3980 = EDGE_LOOP ( 'NONE', ( #2571, #6520, #5727, #1242, #3113, #2254, #1630, #1231, #2008, #3020, #355, #125, #1627, #711 ) ) ;
#3981 = DIRECTION ( 'NONE',  ( 0.0000000000000000000, -0.05233595624284888975, -0.9986295347545787182 ) ) ;
#3982 = ADVANCED_FACE ( 'NONE', ( #2581 ), #4140, .T. ) ;
#3983 = ORIENTED_EDGE ( 'NONE', *, *, #5072, .T. ) ;
#3984 = EDGE_LOOP ( 'NONE', ( #5364, #3732, #822, #5553 ) ) ;
#3985 = CARTESIAN_POINT ( 'NONE',  ( 0.2027559055118110243, -1.205361022782829037E-18, 0.1032283464566929043 ) ) ;
#3986 = DIRECTION ( 'NONE',  ( -1.000000000000000000, 0.0000000000000000000, 0.0000000000000000000 ) ) ;
#3987 = ORIENTED_EDGE ( 'NONE', *, *, #2894, .F. ) ;
#3988 = CARTESIAN_POINT ( 'NONE',  ( 0.0000000000000000000, -0.06114078714570865547, 0.07874015748035433082 ) ) ;
#3989 = EDGE_CURVE ( 'NONE', #86, #4190, #4789, .T. ) ;
#3990 = CARTESIAN_POINT ( 'NONE',  ( -0.2590759282123228369, 0.1567271557370078783, 0.02165407836819291387 ) ) ;
#3991 = ORIENTED_EDGE ( 'NONE', *, *, #1056, .F. ) ;
#3992 = CARTESIAN_POINT ( 'NONE',  ( -0.09685039370078740717, -0.1102362204724409434, 0.1653543307087008141 ) ) ;
#3993 = EDGE_LOOP ( 'NONE', ( #5377, #4515, #4994, #5453, #6163, #5835, #6092, #1650, #1666, #3264, #5339, #1424 ) ) ;
#3994 = DIRECTION ( 'NONE',  ( 0.0000000000000000000, 0.05233595624266938057, -0.9986295347545881551 ) ) ;
#3995 = FACE_OUTER_BOUND ( 'NONE', #6282, .T. ) ;
#3996 = ADVANCED_FACE ( 'NONE', ( #5249 ), #2313, .T. ) ;
#3997 = FACE_OUTER_BOUND ( 'NONE', #249, .T. ) ;
#3998 = ORIENTED_EDGE ( 'NONE', *, *, #615, .T. ) ;
#3999 = DIRECTION ( 'NONE',  ( -1.000000000000000000, 0.0000000000000000000, 0.0000000000000000000 ) ) ;
#4000 = VERTEX_POINT ( 'NONE', #2564 ) ;
#4001 = CARTESIAN_POINT ( 'NONE',  ( -0.1747192583591732351, 0.1020872380355118125, 0.05905511811023622659 ) ) ;
#4002 = CARTESIAN_POINT ( 'NONE',  ( -0.2561392216563385671, 0.1637439299978740159, 0.02165432068650000041 ) ) ;
#4003 = DIRECTION ( 'NONE',  ( 0.0000000000000000000, -0.05233595624284888975, -0.9986295347545787182 ) ) ;
#4004 = EDGE_CURVE ( 'NONE', #4123, #323, #4269, .T. ) ;
#4005 = CARTESIAN_POINT ( 'NONE',  ( 0.2598425196623542210, -0.1600570847940784025, -5.487699867814267071E-10 ) ) ;
#4006 = VERTEX_POINT ( 'NONE', #6343 ) ;
#4007 = CARTESIAN_POINT ( 'NONE',  ( -0.2529216234183637724, -0.1536206914226390663, -0.07586133578242240660 ) ) ;
#4008 = EDGE_LOOP ( 'NONE', ( #5106, #565, #635, #6010 ) ) ;
#4009 = CARTESIAN_POINT ( 'NONE',  ( 0.2535824953443306939, 0.1512202898668897622, -0.07155240742149607258 ) ) ;
#4010 =( BOUNDED_SURFACE ( )  B_SPLINE_SURFACE ( 3, 3, ( 
 ( #1326, #3502, #877, #6621, #2978, #6680, #4062, #5646, #3006, #5137, #4600, #375, #6718, #6196, #768, #2874, #246 ),
 ( #2346, #4466, #5798, #409, #1456, #2516, #535, #2128, #994, #2015, #3129, #463, #5262, #6260, #4242, #1061, #6226 ),
 ( #3561, #4634, #4692, #2072, #6809, #499, #5296, #4119, #2099, #4661, #4730, #967, #6319, #2640, #5708, #6772, #2042 ),
 ( #5741, #4958, #5902, #3626, #5393, #2778, #1617, #5940, #3757, #2740, #45, #1683, #2665, #5895, #1161, #3725, #597 ) ),
 .UNSPECIFIED., .F., .F., .F. ) 
 B_SPLINE_SURFACE_WITH_KNOTS ( ( 4, 4 ),
 ( 4, 1, 1, 1, 1, 1, 1, 1, 1, 1, 1, 1, 1, 1, 4 ),
 ( 0.02115358600594604080, 0.9836118812113506804 ),
 ( 0.06869085146834594258, 0.09211281585191000154, 0.1485814713871000114, 0.2107284856654000060, 0.2775329737173000133, 0.3479934254418000084, 0.4211924828649000196, 0.4960421783041000232, 0.5713881706287999851, 0.6458663328193999797, 0.7180732269726000094, 0.7867624921204999788, 0.8506137638431999770, 0.9082985219211999750, 0.9251480224696790877 ),
 .UNSPECIFIED. ) 
 GEOMETRIC_REPRESENTATION_ITEM ( )  RATIONAL_B_SPLINE_SURFACE ( (
 ( 1.151226674001661454, 1.151226674001661454, 1.151226674001661454, 1.151226674001661454, 1.151226674001661454, 1.151226674001661454, 1.151226674001661454, 1.151226674001661454, 1.151226674001661454, 1.151226674001661454, 1.151226674001661454, 1.151226674001661454, 1.151226674001661454, 1.151226674001661454, 1.151226674001661454, 1.151226674001662342, 1.151226674001662786),
 ( 0.9485877726813900512, 0.9485877726813900512, 0.9485877726813900512, 0.9485877726813900512, 0.9485877726813900512, 0.9485877726813900512, 0.9485877726813900512, 0.9485877726813900512, 0.9485877726813900512, 0.9485877726813900512, 0.9485877726813900512, 0.9485877726813900512, 0.9485877726813900512, 0.9485877726813900512, 0.9485877726813900512, 0.9485877726813920496, 0.9485877726813924937),
 ( 0.9495961012529642309, 0.9495961012529641199, 0.9495961012529641199, 0.9495961012529641199, 0.9495961012529641199, 0.9495961012529641199, 0.9495961012529641199, 0.9495961012529641199, 0.9495961012529641199, 0.9495961012529641199, 0.9495961012529641199, 0.9495961012529641199, 0.9495961012529641199, 0.9495961012529641199, 0.9495961012529641199, 0.9495961012529672285, 0.9495961012529680056),
 ( 1.154251659716411860, 1.154251659716411860, 1.154251659716411860, 1.154251659716411860, 1.154251659716411860, 1.154251659716411860, 1.154251659716411860, 1.154251659716411860, 1.154251659716411860, 1.154251659716411860, 1.154251659716411860, 1.154251659716411860, 1.154251659716411860, 1.154251659716411860, 1.154251659716411638, 1.154251659716413858, 1.154251659716414524) ) ) 
 REPRESENTATION_ITEM ( '' )  SURFACE ( )  );
#4011 = DIRECTION ( 'NONE',  ( -0.03487826274199157250, 0.03487826274199157250, 0.9987827659587451556 ) ) ;
#4012 = CARTESIAN_POINT ( 'NONE',  ( 0.1618110236220473008, -0.2244094488188976555, -0.07283464566929134798 ) ) ;
#4013 = EDGE_LOOP ( 'NONE', ( #578, #3851, #2818, #4805, #2675, #6815 ) ) ;
#4014 = DIRECTION ( 'NONE',  ( 0.0000000000000000000, 1.000000000000000000, -3.658052168660999918E-14 ) ) ;
#4015 = ORIENTED_EDGE ( 'NONE', *, *, #3684, .T. ) ;
#4016 = FACE_OUTER_BOUND ( 'NONE', #5458, .T. ) ;
#4017 = DIRECTION ( 'NONE',  ( -1.000000000000000000, 0.0000000000000000000, 0.0000000000000000000 ) ) ;
#4018 = ORIENTED_EDGE ( 'NONE', *, *, #6411, .T. ) ;
#4019 = CARTESIAN_POINT ( 'NONE',  ( -0.1775660515846819443, 0.1020872378029448607, 0.05905511121367058164 ) ) ;
#4020 = DIRECTION ( 'NONE',  ( -1.000000000000000000, 0.0000000000000000000, 0.0000000000000000000 ) ) ;
#4021 = CARTESIAN_POINT ( 'NONE',  ( -0.2543123656022754364, 0.1655211901951502140, 0.02169989639193409606 ) ) ;
#4022 = ORIENTED_EDGE ( 'NONE', *, *, #1858, .F. ) ;
#4023 = B_SPLINE_SURFACE_WITH_KNOTS ( 'NONE', 3, 1, ( 
 ( #268, #3343 ),
 ( #2337, #6570 ),
 ( #1317, #2898 ),
 ( #5026, #2539 ),
 ( #6220, #3527 ),
 ( #4088, #2602 ),
 ( #899, #6766 ),
 ( #4142, #1516 ) ),
 .UNSPECIFIED., .F., .F., .F.,
 ( 4, 1, 1, 1, 1, 4 ),
 ( 2, 2 ),
 ( 0.02180054879340380392, 0.02747095923448000104, 0.3424935129528999811, 0.6575160349809000548, 0.9725385560371000437, 0.9782089604581495346 ),
 ( 0.0000000000000000000, 1.000000000000000000 ),
 .UNSPECIFIED. ) ;
#4024 = EDGE_CURVE ( 'NONE', #594, #925, #4175, .T. ) ;
#4025 = DIRECTION ( 'NONE',  ( -0.9993908270190094978, 0.0000000000000000000, 0.03489949670496916845 ) ) ;
#4026 = EDGE_LOOP ( 'NONE', ( #1661, #3683, #5868, #6208, #267, #1972, #1680, #3697, #5398, #1885, #3087, #4609, #706, #4338, #6034, #4109, #2223, #1563 ) ) ;
#4027 = CARTESIAN_POINT ( 'NONE',  ( -0.2587947938626239952, 0.1626201230486959970, -1.985395822621438728E-05 ) ) ;
#4028 = DIRECTION ( 'NONE',  ( 0.9993908270191237397, 0.0000000000000000000, 0.03489949670170083146 ) ) ;
#4029 = CARTESIAN_POINT ( 'NONE',  ( -0.1767400288587007984, 0.1029117912428346576, 0.08267718426854331337 ) ) ;
#4030 = ORIENTED_EDGE ( 'NONE', *, *, #4951, .T. ) ;
#4031 = DIRECTION ( 'NONE',  ( 1.000000000000000000, 0.0000000000000000000, 0.0000000000000000000 ) ) ;
#4032 = EDGE_LOOP ( 'NONE', ( #2349, #2760, #4100, #5094, #1616, #5811, #727, #6404, #1004, #3644, #3431, #119 ) ) ;
#4033 = EDGE_CURVE ( 'NONE', #6422, #2786, #5223, .T. ) ;
#4034 = VECTOR ( 'NONE', #5666, 39.37007874015748143 ) ;
#4035 = ADVANCED_FACE ( 'NONE', ( #3656 ), #5826, .T. ) ;
#4036 = CARTESIAN_POINT ( 'NONE',  ( 0.1618110236220473008, 0.2039282667301968444, -0.06910368486704725199 ) ) ;
#4037 = CIRCLE ( 'NONE', #3028, 0.009842519685039378616 ) ;
#4038 = DIRECTION ( 'NONE',  ( -1.000000000000000000, 0.0000000000000000000, 0.0000000000000000000 ) ) ;
#4039 = DIRECTION ( 'NONE',  ( 0.0000000000000000000, -1.000000000000000000, 0.0000000000000000000 ) ) ;
#4040 = AXIS2_PLACEMENT_3D ( 'NONE', #1434, #777, #4608 ) ;
#4041 = CARTESIAN_POINT ( 'NONE',  ( 0.2598425196851181229, -0.1574803148640157302, 1.267673630109448662E-12 ) ) ;
#4042 = ORIENTED_EDGE ( 'NONE', *, *, #3295, .F. ) ;
#4043 = CARTESIAN_POINT ( 'NONE',  ( -0.2531320317883581361, -0.1525440097491086444, -0.07586133578242240660 ) ) ;
#4044 = DIRECTION ( 'NONE',  ( 0.0000000000000000000, 1.000000000000000000, 0.0000000000000000000 ) ) ;
#4045 = EDGE_CURVE ( 'NONE', #1499, #5065, #2600, .T. ) ;
#4046 = VECTOR ( 'NONE', #3438, 39.37007874015748143 ) ;
#4047 = CIRCLE ( 'NONE', #599, 0.1389634389956299343 ) ;
#4048 = EDGE_CURVE ( 'NONE', #1508, #4655, #4697, .T. ) ;
#4049 = CARTESIAN_POINT ( 'NONE',  ( -0.2532102014290945058, 0.1508776079792519820, 0.1892514469425984058 ) ) ;
#4050 = DIRECTION ( 'NONE',  ( 0.0000000000000000000, 1.000000000000000000, 0.0000000000000000000 ) ) ;
#4051 = VERTEX_POINT ( 'NONE', #6834 ) ;
#4052 = FACE_OUTER_BOUND ( 'NONE', #3808, .T. ) ;
#4053 = AXIS2_PLACEMENT_3D ( 'NONE', #1886, #6066, #2344 ) ;
#4054 = VECTOR ( 'NONE', #2429, 39.37007874015748854 ) ;
#4055 = EDGE_CURVE ( 'NONE', #4561, #1549, #1052, .T. ) ;
#4056 = VECTOR ( 'NONE', #6446, 39.37007874015748143 ) ;
#4057 = CARTESIAN_POINT ( 'NONE',  ( 0.2500000000351968454, 0.1673228346456299420, -4.395619913551181420E-13 ) ) ;
#4058 = VERTEX_POINT ( 'NONE', #1119 ) ;
#4059 = DIRECTION ( 'NONE',  ( 0.0000000000000000000, -0.05233595624278905567, -0.9986295347545820489 ) ) ;
#4060 = CARTESIAN_POINT ( 'NONE',  ( -0.2561392216563385671, 0.1637439299978740159, 0.02165432068650000041 ) ) ;
#4061 = B_SPLINE_CURVE_WITH_KNOTS ( 'NONE', 3,
 ( #6001, #5964, #3569, #5145 ),
 .UNSPECIFIED., .F., .F.,
 ( 4, 4 ),
 ( 0.0000000000000000000, 1.000000000000000000 ),
 .UNSPECIFIED. ) ;
#4062 = CARTESIAN_POINT ( 'NONE',  ( -0.2485909545689325983, 0.1598293888502732019, -0.07155240743413665561 ) ) ;
#4063 = VECTOR ( 'NONE', #6522, 39.37007874015748143 ) ;
#4064 = VERTEX_POINT ( 'NONE', #3156 ) ;
#4065 = VECTOR ( 'NONE', #506, 39.37007874015748143 ) ;
#4066 = DIRECTION ( 'NONE',  ( -1.000000000000000000, 0.0000000000000000000, 0.0000000000000000000 ) ) ;
#4067 = ORIENTED_EDGE ( 'NONE', *, *, #2610, .F. ) ;
#4068 = CARTESIAN_POINT ( 'NONE',  ( 0.01661464386224803524, 0.1348807509853149622, 0.08267716535433072833 ) ) ;
#4069 = ORIENTED_EDGE ( 'NONE', *, *, #2666, .F. ) ;
#4070 = DIRECTION ( 'NONE',  ( -0.9999999485256495513, -0.0003108011438073212838, 7.969533975914020330E-05 ) ) ;
#4071 = CARTESIAN_POINT ( 'NONE',  ( -0.1886826620179000991, -0.1130871654913836039, 0.07874015748035435858 ) ) ;
#4072 = VERTEX_POINT ( 'NONE', #4755 ) ;
#4073 = CARTESIAN_POINT ( 'NONE',  ( -0.2125984251968504046, -0.07086614173228347746, 0.1032283464566929043 ) ) ;
#4074 = ADVANCED_FACE ( 'NONE', ( #5348 ), #2697, .T. ) ;
#4075 = AXIS2_PLACEMENT_3D ( 'NONE', #6064, #1884, #1387 ) ;
#4076 = CIRCLE ( 'NONE', #6062, 0.007873938497334660030 ) ;
#4077 = CARTESIAN_POINT ( 'NONE',  ( -0.2561320345728346770, -0.1637289053662992488, 0.02165353521221259972 ) ) ;
#4078 = DIRECTION ( 'NONE',  ( -1.000000000000000000, 0.0000000000000000000, 0.0000000000000000000 ) ) ;
#4079 = CARTESIAN_POINT ( 'NONE',  ( -0.2535400660935649420, -0.1528566887974885380, -0.07212990212308352522 ) ) ;
#4080 = VERTEX_POINT ( 'NONE', #14 ) ;
#4081 = DIRECTION ( 'NONE',  ( 0.03489585077433102894, 0.01445433466217042363, 0.9992864213068290979 ) ) ;
#4082 = EDGE_CURVE ( 'NONE', #3883, #4676, #1089, .T. ) ;
#4083 = B_SPLINE_CURVE_WITH_KNOTS ( 'NONE', 3,
 ( #880, #5582, #1251, #804 ),
 .UNSPECIFIED., .F., .F.,
 ( 4, 4 ),
 ( 0.0000000000000000000, 1.000000000000000000 ),
 .UNSPECIFIED. ) ;
#4084 = AXIS2_PLACEMENT_3D ( 'NONE', #33, #2143, #6758 ) ;
#4085 = LINE ( 'NONE', #3489, #851 ) ;
#4086 = DIRECTION ( 'NONE',  ( 0.0000000000000000000, 0.0000000000000000000, 1.000000000000000000 ) ) ;
#4087 = ORIENTED_EDGE ( 'NONE', *, *, #6589, .F. ) ;
#4088 = CARTESIAN_POINT ( 'NONE',  ( 0.2453763738396146643, 0.1610203810487316201, -0.07212990216599268756 ) ) ;
#4089 = ADVANCED_FACE ( 'NONE', ( #144 ), #5457, .T. ) ;
#4090 = DIRECTION ( 'NONE',  ( 0.0000000000000000000, 0.0000000000000000000, 1.000000000000000000 ) ) ;
#4091 = EDGE_LOOP ( 'NONE', ( #426, #4246, #3633, #778 ) ) ;
#4092 = DIRECTION ( 'NONE',  ( -1.626212392259999939E-13, -2.305034470172999849E-14, -1.000000000000000000 ) ) ;
#4093 = EDGE_CURVE ( 'NONE', #4000, #3203, #5508, .T. ) ;
#4094 = DIRECTION ( 'NONE',  ( 0.0000000000000000000, 0.0000000000000000000, 1.000000000000000000 ) ) ;
#4095 = EDGE_LOOP ( 'NONE', ( #6393, #4843 ) ) ;
#4096 = FACE_OUTER_BOUND ( 'NONE', #2649, .T. ) ;
#4097 = FACE_OUTER_BOUND ( 'NONE', #6538, .T. ) ;
#4098 = CARTESIAN_POINT ( 'NONE',  ( -0.1767115179668898028, 0.1147457988087401543, 0.08311924445484251966 ) ) ;
#4099 = CARTESIAN_POINT ( 'NONE',  ( 0.1373336573740551181, -0.1751968503937007815, -0.009842519685039369942 ) ) ;
#4100 = ORIENTED_EDGE ( 'NONE', *, *, #589, .F. ) ;
#4101 = CYLINDRICAL_SURFACE ( 'NONE', #5604, 0.1968503937007874127 ) ;
#4102 = VERTEX_POINT ( 'NONE', #3414 ) ;
#4103 = EDGE_CURVE ( 'NONE', #5100, #4284, #2913, .T. ) ;
#4104 = CARTESIAN_POINT ( 'NONE',  ( 0.1381889763779527436, 0.2039282667301968444, -0.06910368486704725199 ) ) ;
#4105 = CARTESIAN_POINT ( 'NONE',  ( 0.08445204250334648055, 0.1334237787468897651, -0.05511811024279528182 ) ) ;
#4106 = CARTESIAN_POINT ( 'NONE',  ( -0.2500073033961563995, -0.1673918346862914019, 0.0007903395756139099809 ) ) ;
#4107 = VERTEX_POINT ( 'NONE', #5971 ) ;
#4108 = CARTESIAN_POINT ( 'NONE',  ( -0.2504507290075707049, -0.1579487093142122878, -0.07586133578242240660 ) ) ;
#4109 = ORIENTED_EDGE ( 'NONE', *, *, #2801, .F. ) ;
#4110 = APPROVAL_PERSON_ORGANIZATION ( #3395, #3634, #6546 ) ;
#4111 = ADVANCED_FACE ( 'NONE', ( #5494 ), #3334, .F. ) ;
#4112 = CARTESIAN_POINT ( 'NONE',  ( 0.02201680888684645968, -0.1355797891474803119, 0.07874015748035433082 ) ) ;
#4113 = ORIENTED_EDGE ( 'NONE', *, *, #3463, .F. ) ;
#4114 = ADVANCED_FACE ( 'NONE', ( #4944 ), #5388, .F. ) ;
#4115 = CARTESIAN_POINT ( 'NONE',  ( 0.2433659725456299994, -0.1607139977017322807, 0.1892511737760630419 ) ) ;
#4116 = ORIENTED_EDGE ( 'NONE', *, *, #1957, .F. ) ;
#4117 = CYLINDRICAL_SURFACE ( 'NONE', #4929, 0.03937007345398031016 ) ;
#4118 = DIRECTION ( 'NONE',  ( 0.0000000000000000000, 0.0000000000000000000, -1.000000000000000000 ) ) ;
#4119 = CARTESIAN_POINT ( 'NONE',  ( -0.2475333875096354941, 0.1562433977072166524, -0.07876899266994299986 ) ) ;
#4120 = ORIENTED_EDGE ( 'NONE', *, *, #2888, .F. ) ;
#4121 = EDGE_CURVE ( 'NONE', #2191, #583, #4985, .T. ) ;
#4122 = DIRECTION ( 'NONE',  ( 0.0000000000000000000, 0.9986295347545857126, -0.05233595624271924346 ) ) ;
#4123 = VERTEX_POINT ( 'NONE', #6526 ) ;
#4124 = CARTESIAN_POINT ( 'NONE',  ( 0.2373765702455511994, -0.1448881844187795143, 0.07874015748031495954 ) ) ;
#4125 = EDGE_LOOP ( 'NONE', ( #1124, #396, #6501, #3567, #5592, #4683, #4625, #1044, #3335, #3570, #5729, #5315, #5043, #2418, #2213, #3671, #4590, #2844, #6019 ) ) ;
#4126 = LINE ( 'NONE', #3076, #6788 ) ;
#4127 = DIRECTION ( 'NONE',  ( 0.0000000000000000000, 0.0000000000000000000, -1.000000000000000000 ) ) ;
#4128 = FACE_OUTER_BOUND ( 'NONE', #6193, .T. ) ;
#4129 = EDGE_LOOP ( 'NONE', ( #5756, #5114, #2298, #4401, #6093, #2565 ) ) ;
#4130 = EDGE_CURVE ( 'NONE', #6331, #5067, #2890, .T. ) ;
#4131 = DIRECTION ( 'NONE',  ( 0.0000000000000000000, 0.05233595624266938057, -0.9986295347545881551 ) ) ;
#4132 = DIRECTION ( 'NONE',  ( 1.000000000000000000, 0.0000000000000000000, 0.0000000000000000000 ) ) ;
#4133 = CARTESIAN_POINT ( 'NONE',  ( 0.2165354330708661457, -0.06184532343511810887, 0.1023622047244094752 ) ) ;
#4134 = CARTESIAN_POINT ( 'NONE',  ( 0.2463405277103797586, 0.1610473703323976324, -0.07172876976556136208 ) ) ;
#4135 = VERTEX_POINT ( 'NONE', #5531 ) ;
#4136 = CARTESIAN_POINT ( 'NONE',  ( -0.2452084259708721403, -0.1609720718262898365, -0.07155240743470069054 ) ) ;
#4137 = CARTESIAN_POINT ( 'NONE',  ( 0.09685039370078740717, -0.1102362204724409434, 0.07874015748035433082 ) ) ;
#4138 = CIRCLE ( 'NONE', #6018, 0.009842519685039364738 ) ;
#4139 = CARTESIAN_POINT ( 'NONE',  ( -0.1767409026449332232, -0.1029121381022218840, 0.08267716535433072833 ) ) ;
#4140 = PLANE ( 'NONE',  #2407 ) ;
#4141 = ORIENTED_EDGE ( 'NONE', *, *, #1488, .T. ) ;
#4142 = CARTESIAN_POINT ( 'NONE',  ( 0.2436101701696626876, 0.1610253296317626093, -0.07197581231231064969 ) ) ;
#4143 = AXIS2_PLACEMENT_3D ( 'NONE', #4667, #6780, #4158 ) ;
#4144 = AXIS2_PLACEMENT_3D ( 'NONE', #6792, #1507, #551 ) ;
#4145 = EDGE_CURVE ( 'NONE', #3542, #6002, #3369, .T. ) ;
#4146 = VECTOR ( 'NONE', #4014, 39.37007874015748143 ) ;
#4147 = AXIS2_PLACEMENT_3D ( 'NONE', #5209, #3077, #1072 ) ;
#4148 = CARTESIAN_POINT ( 'NONE',  ( 0.2500000000351968454, -0.1673228346456299420, -4.138372715377952814E-13 ) ) ;
#4149 = ORIENTED_EDGE ( 'NONE', *, *, #2812, .T. ) ;
#4150 = CARTESIAN_POINT ( 'NONE',  ( -0.2598517164522028966, -0.1574277646127213159, -0.0002675404620334207763 ) ) ;
#4151 = CYLINDRICAL_SURFACE ( 'NONE', #2814, 0.009842519685039378616 ) ;
#4152 = ORIENTED_EDGE ( 'NONE', *, *, #3812, .F. ) ;
#4153 = ADVANCED_FACE ( 'NONE', ( #749 ), #1765, .F. ) ;
#4154 = VECTOR ( 'NONE', #5226, 39.37007874015748143 ) ;
#4155 = ORGANIZATION ( 'UNSPECIFIED', 'UNSPECIFIED', '' ) ;
#4156 = CARTESIAN_POINT ( 'NONE',  ( 0.1499999999999999944, -0.1712598425196850405, 0.0000000000000000000 ) ) ;
#4157 = CARTESIAN_POINT ( 'NONE',  ( 0.2165354330708661457, -0.06184532343511810887, 0.1023622047244094752 ) ) ;
#4158 = DIRECTION ( 'NONE',  ( 1.000000000000000000, 0.0000000000000000000, 0.0000000000000000000 ) ) ;
#4159 = CARTESIAN_POINT ( 'NONE',  ( -0.2525767655606251383, -0.1673228346508227327, 1.248240372668820302E-10 ) ) ;
#4160 = EDGE_LOOP ( 'NONE', ( #4406, #4645, #3650, #376 ) ) ;
#4161 = CARTESIAN_POINT ( 'NONE',  ( -0.2535450713461316896, 0.1511211699752573467, -0.07197849838561488911 ) ) ;
#4162 = ORIENTED_EDGE ( 'NONE', *, *, #2314, .F. ) ;
#4163 = ADVANCED_FACE ( 'NONE', ( #3867 ), #224, .T. ) ;
#4164 = VECTOR ( 'NONE', #4878, 39.37007874015748143 ) ;
#4165 = B_SPLINE_CURVE_WITH_KNOTS ( 'NONE', 3,
 ( #2834, #6645, #314, #796, #3498, #2308, #5611, #242, #1321, #873 ),
 .UNSPECIFIED., .F., .F.,
 ( 4, 1, 1, 1, 1, 1, 1, 4 ),
 ( 0.0000000000000000000, 0.2571093478796551701, 0.4966895384493330012, 0.5313853337175059588, 0.5653563324924102407, 0.6313328128310476961, 0.7571513002678235127, 1.000000000000000000 ),
 .UNSPECIFIED. ) ;
#4166 = CARTESIAN_POINT ( 'NONE',  ( 0.2165354330708661457, -0.009020818297157480806, 0.07874015748035433082 ) ) ;
#4167 = LINE ( 'NONE', #4260, #4283 ) ;
#4168 = CARTESIAN_POINT ( 'NONE',  ( -0.1618110236220473008, -0.1751968503937007815, -0.009842519685039369942 ) ) ;
#4169 = ORIENTED_EDGE ( 'NONE', *, *, #4628, .F. ) ;
#4170 = VECTOR ( 'NONE', #1015, 39.37007874015748143 ) ;
#4171 = CARTESIAN_POINT ( 'NONE',  ( -0.1878556341471397939, -0.1102362204724409434, 0.07874015748035433082 ) ) ;
#4172 = EDGE_CURVE ( 'NONE', #3619, #6603, #5285, .T. ) ;
#4173 = DIRECTION ( 'NONE',  ( 1.000000000000000000, 0.0000000000000000000, 0.0000000000000000000 ) ) ;
#4174 = CARTESIAN_POINT ( 'NONE',  ( -0.1767400079183979178, -0.1029121336712948559, 0.08267715964847925647 ) ) ;
#4175 = LINE ( 'NONE', #1548, #2073 ) ;
#4176 = EDGE_LOOP ( 'NONE', ( #1569, #3639, #6250, #5738 ) ) ;
#4177 = VECTOR ( 'NONE', #3117, 39.37007874015748854 ) ;
#4178 = EDGE_CURVE ( 'NONE', #1897, #604, #320, .T. ) ;
#4179 = ORIENTED_EDGE ( 'NONE', *, *, #1941, .T. ) ;
#4180 = CARTESIAN_POINT ( 'NONE',  ( -0.2491689905578011455, -0.1665619804996973374, 0.02178261328629477883 ) ) ;
#4181 = DIRECTION ( 'NONE',  ( 0.9999999999343774926, 0.0000000000000000000, -1.145621955915974111E-05 ) ) ;
#4182 = ORIENTED_EDGE ( 'NONE', *, *, #3180, .T. ) ;
#4183 = FACE_OUTER_BOUND ( 'NONE', #5801, .T. ) ;
#4184 = VERTEX_POINT ( 'NONE', #632 ) ;
#4185 = EDGE_CURVE ( 'NONE', #5697, #1186, #108, .T. ) ;
#4186 = CARTESIAN_POINT ( 'NONE',  ( 0.1566929133858267764, 0.1102362204724409434, 0.1220472440945275794 ) ) ;
#4187 = ORIENTED_EDGE ( 'NONE', *, *, #2032, .T. ) ;
#4188 = PLANE ( 'NONE',  #1039 ) ;
#4189 = PLANE ( 'NONE',  #6797 ) ;
#4190 = VERTEX_POINT ( 'NONE', #2817 ) ;
#4191 = EDGE_LOOP ( 'NONE', ( #4575, #2715, #4042, #3046 ) ) ;
#4192 = ADVANCED_FACE ( 'NONE', ( #3298 ), #5424, .F. ) ;
#4193 = CARTESIAN_POINT ( 'NONE',  ( -0.2437399756379527715, -0.1610628104004331040, -0.07155240744984252277 ) ) ;
#4194 = DIRECTION ( 'NONE',  ( 0.03487826274199157250, -0.03487826274199157250, 0.9987827659587451556 ) ) ;
#4195 = DIRECTION ( 'NONE',  ( 0.0000000000000000000, 1.000000000000000000, 0.0000000000000000000 ) ) ;
#4196 = ORIENTED_EDGE ( 'NONE', *, *, #4924, .T. ) ;
#4197 = CARTESIAN_POINT ( 'NONE',  ( 0.2165354330708661457, 0.009020818297157480806, 0.07874015748035433082 ) ) ;
#4198 = DIRECTION ( 'NONE',  ( -0.0001046733837635956956, 0.9999999914338587592, -7.858603746760677196E-05 ) ) ;
#4199 = EDGE_CURVE ( 'NONE', #1872, #3054, #1081, .T. ) ;
#4200 = CARTESIAN_POINT ( 'NONE',  ( -0.2165354330708661457, 0.0000000000000000000, 0.1220472440945275794 ) ) ;
#4201 = EDGE_CURVE ( 'NONE', #1017, #6375, #3445, .T. ) ;
#4202 = CARTESIAN_POINT ( 'NONE',  ( -0.1618110236220473008, 0.2244094488188976555, -0.08858267716535435377 ) ) ;
#4203 = ORIENTED_EDGE ( 'NONE', *, *, #5187, .F. ) ;
#4204 = B_SPLINE_CURVE_WITH_KNOTS ( 'NONE', 3,
 ( #5258, #2605, #6768, #6712 ),
 .UNSPECIFIED., .F., .F.,
 ( 4, 4 ),
 ( 0.0000000000000000000, 1.000000000000000000 ),
 .UNSPECIFIED. ) ;
#4205 = ORIENTED_EDGE ( 'NONE', *, *, #1367, .F. ) ;
#4206 = EDGE_CURVE ( 'NONE', #3069, #384, #4992, .T. ) ;
#4207 = CARTESIAN_POINT ( 'NONE',  ( 0.1373336573740551181, -0.2078598790717716693, -0.06889763779527559306 ) ) ;
#4208 = EDGE_LOOP ( 'NONE', ( #6057, #3279, #461, #410 ) ) ;
#4209 = DIRECTION ( 'NONE',  ( -1.000000000000000000, 0.0000000000000000000, 0.0000000000000000000 ) ) ;
#4210 = DIRECTION ( 'NONE',  ( 7.973037900028051095E-05, -7.857769199976050276E-05, -0.9999999937343064804 ) ) ;
#4211 = ORIENTED_EDGE ( 'NONE', *, *, #6216, .T. ) ;
#4212 = B_SPLINE_CURVE_WITH_KNOTS ( 'NONE', 3,
 ( #2420, #1356, #4021, #4060 ),
 .UNSPECIFIED., .F., .F.,
 ( 4, 4 ),
 ( 0.0000000000000000000, 1.000000000000000000 ),
 .UNSPECIFIED. ) ;
#4213 = CARTESIAN_POINT ( 'NONE',  ( 0.1436820428642913428, -0.1025690320388976395, 0.07285189322173228621 ) ) ;
#4214 = ORIENTED_EDGE ( 'NONE', *, *, #2878, .F. ) ;
#4215 = CARTESIAN_POINT ( 'NONE',  ( -0.1767400075821653760, -0.1029121213274016011, 0.08267716970405512844 ) ) ;
#4216 = EDGE_LOOP ( 'NONE', ( #6114, #315, #2729, #3003, #2125, #2519, #2531 ) ) ;
#4217 = CARTESIAN_POINT ( 'NONE',  ( -0.2224409448818897850, -1.205361022782827303E-18, 0.07874015748035433082 ) ) ;
#4218 = DIRECTION ( 'NONE',  ( 0.2565620592801938216, -0.9665277594243769643, 0.0000000000000000000 ) ) ;
#4219 = CARTESIAN_POINT ( 'NONE',  ( 0.2561430764354330480, -0.1637401326225590703, 0.02165432098161417657 ) ) ;
#4220 = VERTEX_POINT ( 'NONE', #890 ) ;
#4221 = EDGE_CURVE ( 'NONE', #5391, #5124, #6112, .T. ) ;
#4222 = FACE_OUTER_BOUND ( 'NONE', #3085, .T. ) ;
#4223 = VERTEX_POINT ( 'NONE', #4617 ) ;
#4224 = CARTESIAN_POINT ( 'NONE',  ( 0.01709310208346457097, 0.1349660812001181043, 0.08202030089307089933 ) ) ;
#4225 = DIRECTION ( 'NONE',  ( 0.0000000000000000000, 0.9986295347552653912, -0.05233595622974857031 ) ) ;
#4226 = DIRECTION ( 'NONE',  ( -1.000000000000000000, 0.0000000000000000000, 0.0000000000000000000 ) ) ;
#4227 = DIRECTION ( 'NONE',  ( 1.000000000000000000, -2.708944180084999771E-13, -1.620925615952999917E-13 ) ) ;
#4228 = ORIENTED_EDGE ( 'NONE', *, *, #5175, .T. ) ;
#4229 = DIRECTION ( 'NONE',  ( 0.0000000000000000000, 1.000000000000000000, 0.0000000000000000000 ) ) ;
#4230 = DIRECTION ( 'NONE',  ( 1.000000000000000000, 1.073576656906000062E-13, -5.342749382863999896E-13 ) ) ;
#4231 = EDGE_CURVE ( 'NONE', #4969, #195, #4445, .T. ) ;
#4232 = LINE ( 'NONE', #490, #1184 ) ;
#4233 = CARTESIAN_POINT ( 'NONE',  ( 0.1884037035511174907, 0.1116225098757881451, 0.07874015748035435858 ) ) ;
#4234 = ORIENTED_EDGE ( 'NONE', *, *, #6539, .F. ) ;
#4235 = EDGE_CURVE ( 'NONE', #3616, #5587, #199, .T. ) ;
#4236 = VECTOR ( 'NONE', #298, 39.37007874015748143 ) ;
#4237 = ORIENTED_EDGE ( 'NONE', *, *, #913, .F. ) ;
#4238 = CARTESIAN_POINT ( 'NONE',  ( 0.01435842645893307089, -0.1339357653996456621, 0.03674629423451575283 ) ) ;
#4239 = AXIS2_PLACEMENT_3D ( 'NONE', #1600, #6335, #3711 ) ;
#4240 = VECTOR ( 'NONE', #6138, 39.37007874015748143 ) ;
#4241 = DIRECTION ( 'NONE',  ( 0.0000000000000000000, 0.0000000000000000000, -1.000000000000000000 ) ) ;
#4242 = CARTESIAN_POINT ( 'NONE',  ( -0.2531988179661940896, 0.1517482263082484406, -0.07586135892087482457 ) ) ;
#4243 = ADVANCED_FACE ( 'NONE', ( #2433 ), #4580, .F. ) ;
#4244 = VECTOR ( 'NONE', #6394, 39.37007874015748143 ) ;
#4245 = CIRCLE ( 'NONE', #6586, 0.007873938498236239189 ) ;
#4246 = ORIENTED_EDGE ( 'NONE', *, *, #4628, .T. ) ;
#4247 = FACE_OUTER_BOUND ( 'NONE', #544, .T. ) ;
#4248 = CARTESIAN_POINT ( 'NONE',  ( 0.2491685238791338242, 0.1646302174576771971, 0.1883602188056299476 ) ) ;
#4249 = ORIENTED_EDGE ( 'NONE', *, *, #6014, .T. ) ;
#4250 = CARTESIAN_POINT ( 'NONE',  ( 0.2590759282077165770, -0.1567271177117322833, 0.02165407849754724320 ) ) ;
#4251 = LINE ( 'NONE', #2646, #3817 ) ;
#4252 = VECTOR ( 'NONE', #4059, 39.37007874015748143 ) ;
#4253 = CARTESIAN_POINT ( 'NONE',  ( 0.2561606105090838414, -0.1637006767633234772, 0.02165355275111408712 ) ) ;
#4254 = AXIS2_PLACEMENT_3D ( 'NONE', #4073, #4809, #3643 ) ;
#4255 = ORIENTED_EDGE ( 'NONE', *, *, #2422, .T. ) ;
#4256 = CIRCLE ( 'NONE', #730, 0.009842519685039359534 ) ;
#4257 = CYLINDRICAL_SURFACE ( 'NONE', #3620, 0.009842519685039378616 ) ;
#4258 = CARTESIAN_POINT ( 'NONE',  ( 0.2495571731557483797, 0.1587363136254996698, -0.07586130276224420377 ) ) ;
#4259 = CARTESIAN_POINT ( 'NONE',  ( -0.2590814436459136227, 0.1566268390255736165, 0.02178182057269666128 ) ) ;
#4260 = CARTESIAN_POINT ( 'NONE',  ( 0.1381889763779527436, -0.1673228346456692994, 0.0000000000000000000 ) ) ;
#4261 = EDGE_CURVE ( 'NONE', #183, #226, #6359, .T. ) ;
#4262 = CARTESIAN_POINT ( 'NONE',  ( -0.06181102362204724671, -0.1141732283464566844, 0.08267716535433072833 ) ) ;
#4263 = EDGE_LOOP ( 'NONE', ( #616, #1929, #1234, #3043 ) ) ;
#4264 = CARTESIAN_POINT ( 'NONE',  ( 0.2456855124209452457, -0.1512202903590777470, -0.07873997958916907625 ) ) ;
#4265 = CARTESIAN_POINT ( 'NONE',  ( 0.0000000000000000000, -0.06114078714570865547, 0.1670866141732283428 ) ) ;
#4266 = CIRCLE ( 'NONE', #3267, 0.007873938497334634010 ) ;
#4267 = DIRECTION ( 'NONE',  ( 0.0000000000000000000, 0.05233595624295859366, 0.9986295347545731671 ) ) ;
#4268 = VECTOR ( 'NONE', #4717, 39.37007874015748143 ) ;
#4269 = LINE ( 'NONE', #4202, #1194 ) ;
#4270 = EDGE_CURVE ( 'NONE', #2850, #6156, #3653, .T. ) ;
#4271 = EDGE_LOOP ( 'NONE', ( #5997, #991, #2105, #5513, #174, #6638 ) ) ;
#4272 = VERTEX_POINT ( 'NONE', #946 ) ;
#4273 = CARTESIAN_POINT ( 'NONE',  ( 0.1468276573766929272, -0.1020345596040944935, 0.05754660387460631965 ) ) ;
#4274 = VECTOR ( 'NONE', #2794, 39.37007874015748143 ) ;
#4275 = CARTESIAN_POINT ( 'NONE',  ( 0.2224409448818897850, 0.07086614173228347746, 0.07874015748035433082 ) ) ;
#4276 = EDGE_CURVE ( 'NONE', #5112, #3179, #5122, .T. ) ;
#4277 = AXIS2_PLACEMENT_3D ( 'NONE', #4156, #5677, #2046 ) ;
#4278 = ORIENTED_EDGE ( 'NONE', *, *, #6398, .F. ) ;
#4279 = DIRECTION ( 'NONE',  ( 0.0000000000000000000, 0.0000000000000000000, 1.000000000000000000 ) ) ;
#4280 = DIRECTION ( 'NONE',  ( -1.000000000000000000, 0.0000000000000000000, 0.0000000000000000000 ) ) ;
#4281 = ORIENTED_EDGE ( 'NONE', *, *, #3473, .F. ) ;
#4282 = DIRECTION ( 'NONE',  ( 0.0000000000000000000, 0.0000000000000000000, -1.000000000000000000 ) ) ;
#4283 = VECTOR ( 'NONE', #5313, 39.37007874015748143 ) ;
#4284 = VERTEX_POINT ( 'NONE', #1370 ) ;
#4285 = CARTESIAN_POINT ( 'NONE',  ( -0.03818897637795275191, -0.1751968503937007815, 0.01574803149606299191 ) ) ;
#4286 = EDGE_CURVE ( 'NONE', #2864, #3558, #3478, .T. ) ;
#4287 = CARTESIAN_POINT ( 'NONE',  ( 0.1618110236220473008, 0.2007523306137795338, -0.008503213718137796542 ) ) ;
#4288 = VERTEX_POINT ( 'NONE', #5660 ) ;
#4289 = CARTESIAN_POINT ( 'NONE',  ( 0.1373336573740551181, 0.2041237981004330737, -0.07283464566929134798 ) ) ;
#4290 = LINE ( 'NONE', #6395, #4802 ) ;
#4291 = VERTEX_POINT ( 'NONE', #6082 ) ;
#4292 = CARTESIAN_POINT ( 'NONE',  ( -0.2216535433070866146, 0.03937007874015747977, 0.1850393700787795470 ) ) ;
#4293 = ORIENTED_EDGE ( 'NONE', *, *, #948, .T. ) ;
#4294 = CARTESIAN_POINT ( 'NONE',  ( 0.2497891805172678392, 0.1590349629882304439, -0.07155240746229890592 ) ) ;
#4295 = CARTESIAN_POINT ( 'NONE',  ( 0.2599064654538667529, -0.1592230876753923108, 0.0006383744092850211684 ) ) ;
#4296 = CARTESIAN_POINT ( 'NONE',  ( -0.1381889763779527436, -0.2078598790717716693, -0.06889763779527559306 ) ) ;
#4297 = DIRECTION ( 'NONE',  ( 1.000000000000000000, 0.0000000000000000000, 0.0000000000000000000 ) ) ;
#4298 = ORIENTED_EDGE ( 'NONE', *, *, #4235, .T. ) ;
#4299 = CARTESIAN_POINT ( 'NONE',  ( 0.2456855136110821236, -0.1512400071871813911, -0.07873997958916907625 ) ) ;
#4300 = CARTESIAN_POINT ( 'NONE',  ( -0.1650293549008661209, 0.09810004720051182514, -0.05511811286161417967 ) ) ;
#4301 = CARTESIAN_POINT ( 'NONE',  ( -0.1381889763779527436, -0.2007523306137795338, -0.008503213718098425258 ) ) ;
#4302 = ORIENTED_EDGE ( 'NONE', *, *, #5985, .F. ) ;
#4303 = LINE ( 'NONE', #3158, #4056 ) ;
#4304 = VERTEX_POINT ( 'NONE', #5596 ) ;
#4305 = CARTESIAN_POINT ( 'NONE',  ( -0.2463706074378685384, -0.1610473013176416390, -0.07172957404199417630 ) ) ;
#4306 = EDGE_CURVE ( 'NONE', #805, #150, #5091, .T. ) ;
#4307 = ORIENTED_EDGE ( 'NONE', *, *, #1459, .T. ) ;
#4308 = CARTESIAN_POINT ( 'NONE',  ( -0.2125984251968504046, 0.0000000000000000000, 0.07874015748035433082 ) ) ;
#4309 = CARTESIAN_POINT ( 'NONE',  ( -0.1381889763779527436, -0.2244094488188976555, -0.07283464566929134798 ) ) ;
#4310 = ORIENTED_EDGE ( 'NONE', *, *, #6634, .F. ) ;
#4311 = CARTESIAN_POINT ( 'NONE',  ( -0.2125984251968504046, 0.07086614173228347746, 0.07874015748035433082 ) ) ;
#4312 = ADVANCED_FACE ( 'NONE', ( #5051 ), #360, .T. ) ;
#4313 = CARTESIAN_POINT ( 'NONE',  ( -0.1381889763779527436, 0.2039282667301968444, -0.06910368486704725199 ) ) ;
#4314 = CARTESIAN_POINT ( 'NONE',  ( 0.2390635951549999194, 0.1597005848525590854, 0.1883590318735826052 ) ) ;
#4315 = ORIENTED_EDGE ( 'NONE', *, *, #4318, .T. ) ;
#4316 = CARTESIAN_POINT ( 'NONE',  ( -0.2562285643966141779, -0.1636548353905117881, 0.02165432764202362276 ) ) ;
#4317 = CARTESIAN_POINT ( 'NONE',  ( 0.1618110236220473008, -0.1673228346456692994, -4.885800862748031511E-14 ) ) ;
#4318 = EDGE_CURVE ( 'NONE', #2168, #3764, #175, .T. ) ;
#4319 = PERSON_AND_ORGANIZATION ( #6832, #4155 ) ;
#4320 = ORIENTED_EDGE ( 'NONE', *, *, #3436, .T. ) ;
#4321 = EDGE_CURVE ( 'NONE', #5651, #2783, #5152, .T. ) ;
#4322 = CARTESIAN_POINT ( 'NONE',  ( -0.1893700787401738361, -0.1069748009148112217, 0.05905511811023622659 ) ) ;
#4323 = ORIENTED_EDGE ( 'NONE', *, *, #4172, .T. ) ;
#4324 = DIRECTION ( 'NONE',  ( 0.9993908270190867693, -0.0000000000000000000, 0.03489949670275954013 ) ) ;
#4325 = DIRECTION ( 'NONE',  ( -0.0000000000000000000, 0.9993908270191234067, 0.03489949670171080959 ) ) ;
#4326 = DIRECTION ( 'NONE',  ( 0.0000000000000000000, 0.0000000000000000000, -1.000000000000000000 ) ) ;
#4327 = LINE ( 'NONE', #5486, #2138 ) ;
#4328 = ORIENTED_EDGE ( 'NONE', *, *, #615, .F. ) ;
#4329 = CARTESIAN_POINT ( 'NONE',  ( 0.2535077749162864547, -0.1525787316396167992, -0.07155240746254500073 ) ) ;
#4330 = ORIENTED_EDGE ( 'NONE', *, *, #4306, .T. ) ;
#4331 = EDGE_CURVE ( 'NONE', #185, #3722, #4674, .T. ) ;
#4332 = B_SPLINE_CURVE_WITH_KNOTS ( 'NONE', 3,
 ( #4423, #4454, #3836, #4386 ),
 .UNSPECIFIED., .F., .F.,
 ( 4, 4 ),
 ( 0.0000000000000000000, 1.000000000000000000 ),
 .UNSPECIFIED. ) ;
#4333 = CARTESIAN_POINT ( 'NONE',  ( 0.02444840965674409394, 0.1356299242417716433, 0.07874015748035433082 ) ) ;
#4334 = CARTESIAN_POINT ( 'NONE',  ( 0.1618110236220473008, -0.1751968503937007815, 0.0000000000000000000 ) ) ;
#4335 = CARTESIAN_POINT ( 'NONE',  ( 0.08233860897501903142, 0.1350903302524658900, 0.07874015747189069825 ) ) ;
#4336 = ORIENTED_EDGE ( 'NONE', *, *, #989, .T. ) ;
#4337 = CARTESIAN_POINT ( 'NONE',  ( 0.01799665638323622030, 0.1351061550105511766, 0.07874015748035433082 ) ) ;
#4338 = ORIENTED_EDGE ( 'NONE', *, *, #2981, .F. ) ;
#4339 = CARTESIAN_POINT ( 'NONE',  ( 0.2165354330708661457, 0.009020818297157480806, 0.1023622047244094752 ) ) ;
#4340 = ORIENTED_EDGE ( 'NONE', *, *, #4903, .F. ) ;
#4341 = CARTESIAN_POINT ( 'NONE',  ( -0.2165354330708661457, 0.1102362204724409434, 0.07874015748035433082 ) ) ;
#4342 = ORIENTED_EDGE ( 'NONE', *, *, #5769, .T. ) ;
#4343 = CARTESIAN_POINT ( 'NONE',  ( -0.09685039370078740717, -0.1102362204724409434, 0.1653543307087008141 ) ) ;
#4344 = EDGE_CURVE ( 'NONE', #4051, #4123, #2027, .T. ) ;
#4345 = CARTESIAN_POINT ( 'NONE',  ( 0.1381889763779527436, 0.1751968503937007815, 0.0000000000000000000 ) ) ;
#4346 = VECTOR ( 'NONE', #2709, 39.37007874015748143 ) ;
#4347 = EDGE_LOOP ( 'NONE', ( #1578, #1937, #4811, #1482 ) ) ;
#4348 = CYLINDRICAL_SURFACE ( 'NONE', #6573, 0.007874015748039371598 ) ;
#4349 = VECTOR ( 'NONE', #5737, 39.37007874015748854 ) ;
#4350 = EDGE_LOOP ( 'NONE', ( #2836, #148, #6110, #3788, #1435, #841, #2989, #200, #2404, #4113, #95, #760 ) ) ;
#4351 = VECTOR ( 'NONE', #361, 39.37007874015748854 ) ;
#4352 = PLANE ( 'NONE',  #3122 ) ;
#4353 = LINE ( 'NONE', #1629, #2842 ) ;
#4354 = ORIENTED_EDGE ( 'NONE', *, *, #5761, .T. ) ;
#4355 = DIRECTION ( 'NONE',  ( 1.000000000000000000, 3.379898714956999994E-10, 1.621479157177000099E-11 ) ) ;
#4356 = ADVANCED_FACE ( 'NONE', ( #6790 ), #2115, .T. ) ;
#4357 = LINE ( 'NONE', #4807, #2587 ) ;
#4358 = DATE_AND_TIME ( #3886, #5004 ) ;
#4359 =( BOUNDED_CURVE ( )  B_SPLINE_CURVE ( 3, ( #1554, #498, #5230, #2608 ),
 .UNSPECIFIED., .F., .T. ) 
 B_SPLINE_CURVE_WITH_KNOTS ( ( 4, 4 ),
 ( 1.605702910457048160, 3.141592653589793116 ),
 .UNSPECIFIED. ) 
 CURVE ( )  GEOMETRIC_REPRESENTATION_ITEM ( )  RATIONAL_B_SPLINE_CURVE ( ( 1.000000000000000000, 0.8128931999067490199, 0.8128931999067490199, 1.000000000000000000 ) ) 
 REPRESENTATION_ITEM ( '' )  );
#4360 = ORIENTED_EDGE ( 'NONE', *, *, #4627, .T. ) ;
#4361 = CIRCLE ( 'NONE', #5588, 0.003937007873997241947 ) ;
#4362 = CARTESIAN_POINT ( 'NONE',  ( -0.2463425861730079991, 0.1610469739617124696, -0.07173341544955311178 ) ) ;
#4363 = CARTESIAN_POINT ( 'NONE',  ( 0.2125984251968504046, -0.07086614173228347746, 0.05905511811023622659 ) ) ;
#4364 = CIRCLE ( 'NONE', #5256, 0.009842519685039364738 ) ;
#4365 = CARTESIAN_POINT ( 'NONE',  ( 0.2535450149647199836, -0.1510904847970790110, -0.07197580888862503690 ) ) ;
#4366 = LINE ( 'NONE', #1671, #2080 ) ;
#4367 = VECTOR ( 'NONE', #4751, 39.37007874015748143 ) ;
#4368 = ADVANCED_FACE ( 'NONE', ( #1083 ), #518, .F. ) ;
#4369 = CARTESIAN_POINT ( 'NONE',  ( 0.2125984251968504046, -0.07086614173228347746, 0.1032283464566929043 ) ) ;
#4370 = ADVANCED_BREP_SHAPE_REPRESENTATION ( 'CUI_PDSE1-S5-S5-M', ( #2414, #3255 ), #1503 ) ;
#4371 = ORIENTED_EDGE ( 'NONE', *, *, #5629, .T. ) ;
#4372 = CARTESIAN_POINT ( 'NONE',  ( 0.2461449722962821274, -0.1570319675690045602, -0.07876902381811159981 ) ) ;
#4373 = AXIS2_PLACEMENT_3D ( 'NONE', #5392, #2776, #112 ) ;
#4374 = CARTESIAN_POINT ( 'NONE',  ( -0.03818897637795275191, -0.1850258812475984449, -0.009327402005539369573 ) ) ;
#4375 = DIRECTION ( 'NONE',  ( 0.0000000000000000000, 0.0000000000000000000, 1.000000000000000000 ) ) ;
#4376 = DIRECTION ( 'NONE',  ( 0.0000000000000000000, -1.000000000000000000, 0.0000000000000000000 ) ) ;
#4377 = EDGE_LOOP ( 'NONE', ( #5025, #3592, #6043, #2238 ) ) ;
#4378 = EDGE_CURVE ( 'NONE', #2841, #329, #4709, .T. ) ;
#4379 = CARTESIAN_POINT ( 'NONE',  ( 0.2165354330708661457, 0.07988696002944881136, 0.1023622047244094752 ) ) ;
#4380 = ORIENTED_EDGE ( 'NONE', *, *, #3331, .T. ) ;
#4381 = CARTESIAN_POINT ( 'NONE',  ( 0.2598425196851181229, 0.1574803148640157302, 1.268902415337007918E-12 ) ) ;
#4382 = AXIS2_PLACEMENT_3D ( 'NONE', #4395, #3314, #123 ) ;
#4383 = ORIENTED_EDGE ( 'NONE', *, *, #5317, .T. ) ;
#4384 = B_SPLINE_CURVE_WITH_KNOTS ( 'NONE', 3,
 ( #5020, #2361, #5891, #3300, #4337, #4946 ),
 .UNSPECIFIED., .F., .F.,
 ( 4, 1, 1, 4 ),
 ( 0.0000000000000000000, 0.3333333333333000081, 0.6666666666667000474, 1.000000000000000000 ),
 .UNSPECIFIED. ) ;
#4385 = VECTOR ( 'NONE', #1476, 39.37007874015748143 ) ;
#4386 = CARTESIAN_POINT ( 'NONE',  ( 0.2590759282077165770, -0.1567271177117322833, 0.02165407849754724320 ) ) ;
#4387 = DIRECTION ( 'NONE',  ( 0.0000000000000000000, 0.0000000000000000000, 1.000000000000000000 ) ) ;
#4388 = ORIENTED_EDGE ( 'NONE', *, *, #4875, .T. ) ;
#4389 = CARTESIAN_POINT ( 'NONE',  ( 0.1346379810673523914, 0.1102362204724409434, 0.08070866137497047232 ) ) ;
#4390 = CARTESIAN_POINT ( 'NONE',  ( -0.2442656943296291350, -0.1531008912429235591, -0.07873998029003977106 ) ) ;
#4391 = ORIENTED_EDGE ( 'NONE', *, *, #1619, .F. ) ;
#4392 = EDGE_CURVE ( 'NONE', #5587, #5148, #5731, .T. ) ;
#4393 = CARTESIAN_POINT ( 'NONE',  ( -0.04145752202448819285, 0.1030682280832677239, -0.05511811023622047168 ) ) ;
#4394 = ORIENTED_EDGE ( 'NONE', *, *, #5254, .T. ) ;
#4395 = CARTESIAN_POINT ( 'NONE',  ( -0.2453330071888583097, -0.1508785743560236425, 0.1889764188243701071 ) ) ;
#4396 = CARTESIAN_POINT ( 'NONE',  ( -0.06181102362204724671, -0.2244094488188976555, -0.07283464566929134798 ) ) ;
#4397 = ORIENTED_EDGE ( 'NONE', *, *, #5187, .T. ) ;
#4398 = DIRECTION ( 'NONE',  ( -0.03487826274233112728, -0.03487826274202113219, 0.9987827659587321660 ) ) ;
#4399 = CARTESIAN_POINT ( 'NONE',  ( -0.03818897637795275191, -0.2041237981004330737, -0.08858267716535435377 ) ) ;
#4400 = APPROVAL_STATUS ( 'not_yet_approved' ) ;
#4401 = ORIENTED_EDGE ( 'NONE', *, *, #3205, .F. ) ;
#4402 = CARTESIAN_POINT ( 'NONE',  ( 0.08555782578826770512, -0.1331284304733071078, -0.05511811023622047168 ) ) ;
#4403 = VECTOR ( 'NONE', #154, 39.37007874015748143 ) ;
#4404 = EDGE_CURVE ( 'NONE', #1465, #6103, #3675, .T. ) ;
#4405 = LINE ( 'NONE', #4972, #3284 ) ;
#4406 = ORIENTED_EDGE ( 'NONE', *, *, #4627, .F. ) ;
#4407 = CARTESIAN_POINT ( 'NONE',  ( 0.2492311902366535492, -0.1665666935193307052, 0.02165358366314567087 ) ) ;
#4408 = DIRECTION ( 'NONE',  ( 1.000000000000000000, 8.289665250533999401E-14, -1.611396201657999939E-12 ) ) ;
#4409 = CARTESIAN_POINT ( 'NONE',  ( -0.03818897637795275191, -0.1751968503937007815, 0.0000000000000000000 ) ) ;
#4410 = EDGE_LOOP ( 'NONE', ( #2936, #3794, #3152, #5672 ) ) ;
#4411 = CARTESIAN_POINT ( 'NONE',  ( 0.2492503705720478802, -0.1542622460741231161, -0.07876902381811159981 ) ) ;
#4412 = ORIENTED_EDGE ( 'NONE', *, *, #1324, .F. ) ;
#4413 = LINE ( 'NONE', #4516, #5068 ) ;
#4414 = ADVANCED_FACE ( 'NONE', ( #5850 ), #2556, .F. ) ;
#4415 = CARTESIAN_POINT ( 'NONE',  ( -0.1381889763779527436, -0.1667729012678346445, 0.01574803149606299191 ) ) ;
#4416 = LINE ( 'NONE', #4896, #5036 ) ;
#4417 = DIRECTION ( 'NONE',  ( 0.0000000000000000000, 0.9986295347544603684, 0.05233595624510797850 ) ) ;
#4418 = DIRECTION ( 'NONE',  ( 0.0000000000000000000, -1.000000000000000000, 0.0000000000000000000 ) ) ;
#4419 = ORIENTED_EDGE ( 'NONE', *, *, #5254, .F. ) ;
#4420 = CARTESIAN_POINT ( 'NONE',  ( 0.2534128125795552244, 0.1512202899381364929, -0.07349188850707905063 ) ) ;
#4421 = EDGE_CURVE ( 'NONE', #652, #2289, #5195, .T. ) ;
#4422 = EDGE_CURVE ( 'NONE', #1620, #4689, #4167, .T. ) ;
#4423 = CARTESIAN_POINT ( 'NONE',  ( 0.2598425196851181229, -0.1574803148640157302, 1.267673630109448662E-12 ) ) ;
#4424 = CARTESIAN_POINT ( 'NONE',  ( 0.1381889763779527436, -0.1883973487342519848, -0.07365883395677165491 ) ) ;
#4425 = ORIENTED_EDGE ( 'NONE', *, *, #2484, .T. ) ;
#4426 = LINE ( 'NONE', #823, #3140 ) ;
#4427 = EDGE_LOOP ( 'NONE', ( #5713, #4773 ) ) ;
#4428 = EDGE_CURVE ( 'NONE', #1682, #347, #850, .T. ) ;
#4429 = CARTESIAN_POINT ( 'NONE',  ( -0.2067853234509055005, 0.0000000000000000000, 0.05905511811023622659 ) ) ;
#4430 = DIRECTION ( 'NONE',  ( 0.0000000000000000000, 0.9986295347545882661, -0.05233595624266938751 ) ) ;
#4431 = ORIENTED_EDGE ( 'NONE', *, *, #4982, .F. ) ;
#4432 = FACE_OUTER_BOUND ( 'NONE', #4350, .T. ) ;
#4433 = CARTESIAN_POINT ( 'NONE',  ( -0.06181102362204724671, -0.1751968503937007815, 0.01574803149606299191 ) ) ;
#4434 = ORIENTED_EDGE ( 'NONE', *, *, #263, .T. ) ;
#4435 = LINE ( 'NONE', #5620, #871 ) ;
#4436 = VERTEX_POINT ( 'NONE', #481 ) ;
#4437 = PLANE ( 'NONE',  #1623 ) ;
#4438 = CARTESIAN_POINT ( 'NONE',  ( 0.2500000000351968454, 0.1673228346456299420, -4.395619913551181420E-13 ) ) ;
#4439 = DIRECTION ( 'NONE',  ( 0.0000000000000000000, -0.05233595624271923652, 0.9986295347545856016 ) ) ;
#4440 = CARTESIAN_POINT ( 'NONE',  ( 0.1878556341471329660, -0.1102362204724409434, 0.07874015748035433082 ) ) ;
#4441 = ORIENTED_EDGE ( 'NONE', *, *, #6355, .T. ) ;
#4442 = CARTESIAN_POINT ( 'NONE',  ( 0.2463324385914560377, -0.1607418206689083806, -0.07155240746254500073 ) ) ;
#4443 = EDGE_CURVE ( 'NONE', #6659, #5129, #5403, .T. ) ;
#4444 = CARTESIAN_POINT ( 'NONE',  ( 0.2543876047519264549, -0.1656574472564921741, 0.02193326536385323960 ) ) ;
#4445 =( BOUNDED_CURVE ( )  B_SPLINE_CURVE ( 3, ( #1904, #2923, #3516, #4519 ),
 .UNSPECIFIED., .F., .T. ) 
 B_SPLINE_CURVE_WITH_KNOTS ( ( 4, 4 ),
 ( 1.749407393940040523, 2.475251301104750556 ),
 .UNSPECIFIED. ) 
 CURVE ( )  GEOMETRIC_REPRESENTATION_ITEM ( )  RATIONAL_B_SPLINE_CURVE ( ( 1.000000000000000000, 0.9565756672877860911, 0.9565756672877860911, 1.000000000000000000 ) ) 
 REPRESENTATION_ITEM ( '' )  );
#4446 = CARTESIAN_POINT ( 'NONE',  ( 0.2532102014485827501, -0.1508775922499606681, 0.1892514464477165759 ) ) ;
#4447 = CARTESIAN_POINT ( 'NONE',  ( 0.08455377226153232284, 0.1346037531926232711, 0.07874015749849719303 ) ) ;
#4448 = CARTESIAN_POINT ( 'NONE',  ( 0.02460427679575590693, -0.09506913167976378809, -0.05753054850456693764 ) ) ;
#4449 = ORIENTED_EDGE ( 'NONE', *, *, #3230, .F. ) ;
#4450 = CARTESIAN_POINT ( 'NONE',  ( 0.1618110236220473008, -0.1955911750433858287, -0.03641732283464567399 ) ) ;
#4451 = EDGE_CURVE ( 'NONE', #3764, #5329, #4647, .T. ) ;
#4452 = VERTEX_POINT ( 'NONE', #3148 ) ;
#4453 = LINE ( 'NONE', #4137, #6598 ) ;
#4454 = CARTESIAN_POINT ( 'NONE',  ( 0.2595904564276396709, -0.1572292502016368332, 0.007218147282051130126 ) ) ;
#4455 = ORIENTED_EDGE ( 'NONE', *, *, #6201, .F. ) ;
#4456 = DIRECTION ( 'NONE',  ( 0.0000000000000000000, 1.000000000000000000, 0.0000000000000000000 ) ) ;
#4457 = ADVANCED_FACE ( 'NONE', ( #2085 ), #4781, .T. ) ;
#4458 = VERTEX_POINT ( 'NONE', #1601 ) ;
#4459 = CARTESIAN_POINT ( 'NONE',  ( -0.03818897637795275191, -0.1673228346456692994, 0.0000000000000000000 ) ) ;
#4460 = FACE_OUTER_BOUND ( 'NONE', #4544, .T. ) ;
#4461 = CARTESIAN_POINT ( 'NONE',  ( -0.1618110236220473008, 0.1751968503937007815, 0.0000000000000000000 ) ) ;
#4462 = ORIENTED_EDGE ( 'NONE', *, *, #113, .F. ) ;
#4463 = CARTESIAN_POINT ( 'NONE',  ( 0.1447259417868897724, 0.1019600391194488420, 0.05541261779618110450 ) ) ;
#4464 = CARTESIAN_POINT ( 'NONE',  ( 0.2437399752175590517, -0.1532187574140944919, -0.07874015748031495954 ) ) ;
#4465 = ADVANCED_FACE ( 'NONE', ( #3712 ), #4747, .T. ) ;
#4466 = CARTESIAN_POINT ( 'NONE',  ( -0.2438753507217876482, 0.1606858261393233622, -0.07586135892087482457 ) ) ;
#4467 = EDGE_LOOP ( 'NONE', ( #89, #2321, #6793, #3035 ) ) ;
#4468 = VECTOR ( 'NONE', #2965, 39.37007874015748143 ) ;
#4469 = AXIS2_PLACEMENT_3D ( 'NONE', #5919, #1836, #1805 ) ;
#4470 = LINE ( 'NONE', #4538, #512 ) ;
#4471 = ORIENTED_EDGE ( 'NONE', *, *, #2787, .F. ) ;
#4472 = CARTESIAN_POINT ( 'NONE',  ( 0.2447249063606850294, 0.1529154278966545766, -0.07873998074171600914 ) ) ;
#4473 = CARTESIAN_POINT ( 'NONE',  ( 0.2437399757584252091, 0.1610628102357480051, -0.07155240744110237527 ) ) ;
#4474 = DIRECTION ( 'NONE',  ( 0.0000000000000000000, 0.05233595624295859366, -0.9986295347545731671 ) ) ;
#4475 = VERTEX_POINT ( 'NONE', #980 ) ;
#4476 = AXIS2_PLACEMENT_3D ( 'NONE', #6730, #3477, #4038 ) ;
#4477 = CARTESIAN_POINT ( 'NONE',  ( 0.2513716066848897812, -0.1568849164132208873, -0.07586138697756143745 ) ) ;
#4478 = CIRCLE ( 'NONE', #5787, 0.009842519685039378616 ) ;
#4479 = CARTESIAN_POINT ( 'NONE',  ( 0.0000000000000000000, 0.0000000000000000000, 0.02165354330710629951 ) ) ;
#4480 = AXIS2_PLACEMENT_3D ( 'NONE', #2084, #3674, #1040 ) ;
#4481 = ADVANCED_FACE ( 'NONE', ( #3083 ), #2035, .T. ) ;
#4482 = CARTESIAN_POINT ( 'NONE',  ( -0.2491339092293803348, 0.1665616467629151554, 0.02178137614726513571 ) ) ;
#4483 = CARTESIAN_POINT ( 'NONE',  ( 0.2517817486633127100, -0.1665620059185183022, 0.02169517896984314229 ) ) ;
#4484 = CARTESIAN_POINT ( 'NONE',  ( 0.08555987832759844036, 0.1332622181558661412, -0.04024462975389763580 ) ) ;
#4485 = VERTEX_POINT ( 'NONE', #4409 ) ;
#4486 = VECTOR ( 'NONE', #728, 39.37007874015748143 ) ;
#4487 = AXIS2_PLACEMENT_3D ( 'NONE', #603, #817, #1689 ) ;
#4488 = ADVANCED_FACE ( 'NONE', ( #3324 ), #6518, .T. ) ;
#4489 = LINE ( 'NONE', #3452, #1293 ) ;
#4490 = VECTOR ( 'NONE', #4948, 39.37007874015748143 ) ;
#4491 = CARTESIAN_POINT ( 'NONE',  ( 0.2587947905104913682, 0.1626201286156035986, -1.985460050334197796E-05 ) ) ;
#4492 = ORIENTED_EDGE ( 'NONE', *, *, #6158, .T. ) ;
#4493 = LINE ( 'NONE', #6091, #5048 ) ;
#4494 = ORIENTED_EDGE ( 'NONE', *, *, #5227, .F. ) ;
#4495 = VECTOR ( 'NONE', #4230, 39.37007874015748143 ) ;
#4496 = EDGE_CURVE ( 'NONE', #2191, #4272, #5089, .T. ) ;
#4497 = ORIENTED_EDGE ( 'NONE', *, *, #120, .F. ) ;
#4498 = DIRECTION ( 'NONE',  ( 0.9993908270191185217, -7.747275043796086895E-12, 0.03489949670184690905 ) ) ;
#4499 = VECTOR ( 'NONE', #6285, 39.37007874015748143 ) ;
#4500 = ORIENTED_EDGE ( 'NONE', *, *, #1318, .F. ) ;
#4501 = LINE ( 'NONE', #1952, #4252 ) ;
#4502 = DIRECTION ( 'NONE',  ( -1.000000000000000000, 0.0000000000000000000, 0.0000000000000000000 ) ) ;
#4503 = CARTESIAN_POINT ( 'NONE',  ( 0.2027559055118110243, -1.205361022782827303E-18, 0.1023622047244094752 ) ) ;
#4504 = ORIENTED_EDGE ( 'NONE', *, *, #5324, .F. ) ;
#4505 = AXIS2_PLACEMENT_3D ( 'NONE', #5030, #3915, #4017 ) ;
#4506 = EDGE_CURVE ( 'NONE', #3878, #247, #1794, .T. ) ;
#4507 = CARTESIAN_POINT ( 'NONE',  ( 0.2457384424398819101, -0.1512202904062598385, -0.07874015748031495954 ) ) ;
#4508 = ORIENTED_EDGE ( 'NONE', *, *, #2162, .F. ) ;
#4509 = CARTESIAN_POINT ( 'NONE',  ( 0.2500019554649160480, 0.1515664802511632880, -0.07876893026777351259 ) ) ;
#4510 = CARTESIAN_POINT ( 'NONE',  ( 0.01777518644794882224, -0.1339158856892913307, -0.05511811022909449131 ) ) ;
#4511 = LINE ( 'NONE', #6107, #1841 ) ;
#4512 = EDGE_LOOP ( 'NONE', ( #952, #4187, #6515, #1353, #3210, #6641 ) ) ;
#4513 = AXIS2_PLACEMENT_3D ( 'NONE', #6407, #2295, #1156 ) ;
#4514 = CARTESIAN_POINT ( 'NONE',  ( -0.2437399760126156001, 0.1606880896319712870, -0.07583549226134458920 ) ) ;
#4515 = ORIENTED_EDGE ( 'NONE', *, *, #1646, .T. ) ;
#4516 = CARTESIAN_POINT ( 'NONE',  ( 0.1618110236220473008, -0.1667729012678346445, 0.01574803149606299191 ) ) ;
#4517 = AXIS2_PLACEMENT_3D ( 'NONE', #2057, #5725, #4226 ) ;
#4518 = CARTESIAN_POINT ( 'NONE',  ( -0.2491690208242516857, 0.1665619806395233771, 0.02178261393040418700 ) ) ;
#4519 = CARTESIAN_POINT ( 'NONE',  ( -0.05453495413204725167, 0.09809830978531496049, -0.05511806470389764290 ) ) ;
#4520 = B_SPLINE_SURFACE_WITH_KNOTS ( 'NONE', 3, 1, ( 
 ( #6664, #4618 ),
 ( #1905, #3446 ),
 ( #4079, #6181 ),
 ( #4521, #6732 ),
 ( #5597, #1936 ),
 ( #1441, #3547 ),
 ( #2530, #4106 ),
 ( #3053, #3976 ) ),
 .UNSPECIFIED., .F., .F., .F.,
 ( 4, 1, 1, 1, 1, 4 ),
 ( 2, 2 ),
 ( 0.02180056656240305160, 0.02747097139587999920, 0.3424934986493999856, 0.6575160264375999875, 0.9725385536352000315, 0.9782089583696361723 ),
 ( 0.0000000000000000000, 1.000000000000000000 ),
 .UNSPECIFIED. ) ;
#4521 = CARTESIAN_POINT ( 'NONE',  ( -0.2526132177277327640, -0.1563040051486382642, -0.07235041449856277618 ) ) ;
#4522 = EDGE_LOOP ( 'NONE', ( #5965, #3888, #3346, #5710 ) ) ;
#4523 = LINE ( 'NONE', #860, #4592 ) ;
#4524 = CARTESIAN_POINT ( 'NONE',  ( 0.2476853320274153003, 0.1512202902231233603, -0.07874015748172437379 ) ) ;
#4525 = DIRECTION ( 'NONE',  ( -1.000000000000000000, 0.0000000000000000000, 0.0000000000000000000 ) ) ;
#4526 = CARTESIAN_POINT ( 'NONE',  ( 0.1878556341471397939, 0.1102362204724409434, 0.07874015748035433082 ) ) ;
#4527 = VERTEX_POINT ( 'NONE', #4977 ) ;
#4528 = PLANE ( 'NONE',  #4591 ) ;
#4529 = ADVANCED_FACE ( 'NONE', ( #5342 ), #5380, .T. ) ;
#4530 = ORIENTED_EDGE ( 'NONE', *, *, #685, .F. ) ;
#4531 = DIRECTION ( 'NONE',  ( 0.0000000000000000000, -1.000000000000000000, 0.0000000000000000000 ) ) ;
#4532 = DIRECTION ( 'NONE',  ( -0.03487826274199157250, -0.03487826274199157250, 0.9987827659587451556 ) ) ;
#4533 = VERTEX_POINT ( 'NONE', #2763 ) ;
#4534 = LINE ( 'NONE', #833, #943 ) ;
#4535 = CARTESIAN_POINT ( 'NONE',  ( -0.2390635081426772390, 0.1597005258121260152, 0.1883590167694881856 ) ) ;
#4536 = VERTEX_POINT ( 'NONE', #102 ) ;
#4537 = ADVANCED_FACE ( 'NONE', ( #5484 ), #6432, .F. ) ;
#4538 = CARTESIAN_POINT ( 'NONE',  ( -0.1618110236220473008, -0.2244094488188976555, -0.08858267716535435377 ) ) ;
#4539 = EDGE_LOOP ( 'NONE', ( #2594, #3499, #3624, #4639 ) ) ;
#4540 = CARTESIAN_POINT ( 'NONE',  ( -0.2433659189379921428, 0.1528448249187401575, 0.1968503572426771875 ) ) ;
#4541 = ADVANCED_FACE ( 'NONE', ( #6038 ), #6000, .T. ) ;
#4542 = DIRECTION ( 'NONE',  ( 0.0000000000000000000, 1.000000000000000000, 0.0000000000000000000 ) ) ;
#4543 = FACE_OUTER_BOUND ( 'NONE', #4766, .T. ) ;
#4544 = EDGE_LOOP ( 'NONE', ( #1409, #4234, #4508, #1209, #2880, #3337, #3428, #4018, #5218, #6512, #6584, #787, #6453, #5412, #624, #4643, #6746, #4570, #5503 ) ) ;
#4545 = CARTESIAN_POINT ( 'NONE',  ( -0.2437399755408267976, 0.1532187574093307192, -0.07874015748031495954 ) ) ;
#4546 = EDGE_LOOP ( 'NONE', ( #5021, #6818, #5557, #6413, #5639, #1286 ) ) ;
#4547 = EDGE_CURVE ( 'NONE', #1141, #3408, #2567, .T. ) ;
#4548 = CC_DESIGN_APPROVAL ( #5373, ( #6203 ) ) ;
#4549 = CARTESIAN_POINT ( 'NONE',  ( -0.1886826620178740366, 0.1145784834233070926, 0.07874015748035433082 ) ) ;
#4550 = CARTESIAN_POINT ( 'NONE',  ( -0.2571042429693602416, -0.1547772902684719787, 0.07751929341198890433 ) ) ;
#4551 = DIRECTION ( 'NONE',  ( 0.0000000000000000000, 0.0000000000000000000, -1.000000000000000000 ) ) ;
#4552 = EDGE_LOOP ( 'NONE', ( #3724, #3328, #310, #2753 ) ) ;
#4553 = CARTESIAN_POINT ( 'NONE',  ( -0.2500063200509534678, -0.1512845553071190119, -0.07876896696629009931 ) ) ;
#4554 = EDGE_CURVE ( 'NONE', #2897, #1673, #2176, .T. ) ;
#4555 = CARTESIAN_POINT ( 'NONE',  ( 0.2532102014485827501, -0.1508775922499606681, 0.1892514464477165759 ) ) ;
#4556 = CARTESIAN_POINT ( 'NONE',  ( -0.2551533614436772845, 0.1528274593616415211, 0.1333852355708262660 ) ) ;
#4557 = ORIENTED_EDGE ( 'NONE', *, *, #3901, .T. ) ;
#4558 = DIRECTION ( 'NONE',  ( 0.0000000000000000000, 0.05233595624278905567, -0.9986295347545820489 ) ) ;
#4559 = ADVANCED_FACE ( 'NONE', ( #2686 ), #5417, .F. ) ;
#4560 = LINE ( 'NONE', #4115, #2959 ) ;
#4561 = VERTEX_POINT ( 'NONE', #2241 ) ;
#4562 = CARTESIAN_POINT ( 'NONE',  ( -0.2216535433070866146, 0.0000000000000000000, 0.1850393700787795470 ) ) ;
#4563 = LINE ( 'NONE', #5136, #839 ) ;
#4564 = CARTESIAN_POINT ( 'NONE',  ( -0.1876627962017762830, -0.1102362204724409434, 0.08267716535433072833 ) ) ;
#4565 = ORIENTED_EDGE ( 'NONE', *, *, #1831, .F. ) ;
#4566 = PLANE ( 'NONE',  #4277 ) ;
#4567 = VERTEX_POINT ( 'NONE', #70 ) ;
#4568 = EDGE_CURVE ( 'NONE', #4436, #5532, #4366, .T. ) ;
#4569 = CARTESIAN_POINT ( 'NONE',  ( 0.2500063601785934009, 0.1512202889705923647, -0.07876893026777351259 ) ) ;
#4570 = ORIENTED_EDGE ( 'NONE', *, *, #2291, .T. ) ;
#4571 = CARTESIAN_POINT ( 'NONE',  ( -0.03818897637795275191, -0.2007523306137795338, -0.008503213718098425258 ) ) ;
#4572 = CARTESIAN_POINT ( 'NONE',  ( -0.1886826620178864156, -0.1145784834233326555, 0.07874015748035433082 ) ) ;
#4573 = ORIENTED_EDGE ( 'NONE', *, *, #6616, .T. ) ;
#4574 = CARTESIAN_POINT ( 'NONE',  ( 0.2165354330708661457, 0.0000000000000000000, 0.1220472440945275794 ) ) ;
#4575 = ORIENTED_EDGE ( 'NONE', *, *, #1193, .F. ) ;
#4576 = VECTOR ( 'NONE', #6420, 39.37007874015748854 ) ;
#4577 = DIRECTION ( 'NONE',  ( -0.9999999999918286475, -1.362375306722039121E-07, -4.040289046872115667E-06 ) ) ;
#4578 = AXIS2_PLACEMENT_3D ( 'NONE', #4746, #4132, #1566 ) ;
#4579 = CARTESIAN_POINT ( 'NONE',  ( -0.2561593451902000607, 0.1637019582759078606, 0.02165355451957070784 ) ) ;
#4580 = CYLINDRICAL_SURFACE ( 'NONE', #84, 0.01181102362206692957 ) ;
#4581 = AXIS2_PLACEMENT_3D ( 'NONE', #2285, #103, #4891 ) ;
#4582 = CARTESIAN_POINT ( 'NONE',  ( 0.2457384424409055357, 0.1512202902943700911, -0.07874015748031495954 ) ) ;
#4583 = EDGE_LOOP ( 'NONE', ( #2353, #2390, #1240, #4371 ) ) ;
#4584 = CARTESIAN_POINT ( 'NONE',  ( -0.2507177464008856771, -0.1582164174434803061, -0.07155240743470069054 ) ) ;
#4585 = ORIENTED_EDGE ( 'NONE', *, *, #713, .F. ) ;
#4586 = CIRCLE ( 'NONE', #4143, 0.009842519685039378616 ) ;
#4587 = VECTOR ( 'NONE', #6326, 39.37007874015748143 ) ;
#4588 = EDGE_CURVE ( 'NONE', #1055, #183, #6131, .T. ) ;
#4589 = LINE ( 'NONE', #5569, #3831 ) ;
#4590 = ORIENTED_EDGE ( 'NONE', *, *, #2369, .F. ) ;
#4591 = AXIS2_PLACEMENT_3D ( 'NONE', #5541, #6613, #1381 ) ;
#4592 = VECTOR ( 'NONE', #2465, 39.37007874015748143 ) ;
#4593 = AXIS2_PLACEMENT_3D ( 'NONE', #5975, #2256, #1235 ) ;
#4594 = CARTESIAN_POINT ( 'NONE',  ( 0.2453332606614173905, -0.1569126736753543583, 0.1889763779527559029 ) ) ;
#4595 = PLANE ( 'NONE',  #6486 ) ;
#4596 = ORIENTED_EDGE ( 'NONE', *, *, #5890, .T. ) ;
#4597 = CARTESIAN_POINT ( 'NONE',  ( 0.2532101988012598337, 0.1508775866957480505, 0.1892514467795669564 ) ) ;
#4598 = B_SPLINE_CURVE_WITH_KNOTS ( 'NONE', 3,
 ( #5947, #2784, #563, #1169 ),
 .UNSPECIFIED., .F., .F.,
 ( 4, 4 ),
 ( 0.0000000000000000000, 1.000000000000000000 ),
 .UNSPECIFIED. ) ;
#4599 = CARTESIAN_POINT ( 'NONE',  ( -0.2521889739120866114, 0.1465752159572834834, 0.1883590318736614588 ) ) ;
#4600 = CARTESIAN_POINT ( 'NONE',  ( -0.2523516848623088005, 0.1560692300920173692, -0.07155240743413665561 ) ) ;
#4601 = VECTOR ( 'NONE', #2218, 39.37007874015748143 ) ;
#4602 = ORIENTED_EDGE ( 'NONE', *, *, #4093, .F. ) ;
#4603 = ADVANCED_FACE ( 'NONE', ( #5881 ), #5525, .F. ) ;
#4604 = VECTOR ( 'NONE', #1051, 39.37007874015748143 ) ;
#4605 = CARTESIAN_POINT ( 'NONE',  ( 1.235232388815354681E-14, 0.1242082090377165660, 0.08267716535433072833 ) ) ;
#4606 = LINE ( 'NONE', #4735, #6159 ) ;
#4607 = CARTESIAN_POINT ( 'NONE',  ( -0.1618110236220473008, 0.2078598790717716693, -0.06889763779527559306 ) ) ;
#4608 = DIRECTION ( 'NONE',  ( 0.0000000000000000000, 0.0000000000000000000, 1.000000000000000000 ) ) ;
#4609 = ORIENTED_EDGE ( 'NONE', *, *, #5795, .T. ) ;
#4610 = LINE ( 'NONE', #912, #6039 ) ;
#4611 = ORIENTED_EDGE ( 'NONE', *, *, #6340, .F. ) ;
#4612 = VECTOR ( 'NONE', #2011, 39.37007874015748143 ) ;
#4613 = EDGE_CURVE ( 'NONE', #5936, #195, #2335, .T. ) ;
#4614 = CARTESIAN_POINT ( 'NONE',  ( -0.2532010054409182809, 0.1522391217435692112, 0.1892889878792403113 ) ) ;
#4615 = CIRCLE ( 'NONE', #4833, 0.009842519685039359534 ) ;
#4616 = CARTESIAN_POINT ( 'NONE',  ( 0.2561430764354330480, -0.1637401326225590703, 0.02165432098161417657 ) ) ;
#4617 = CARTESIAN_POINT ( 'NONE',  ( -0.1618110236220473008, -0.2244094488188976555, -0.08858267716535435377 ) ) ;
#4618 = CARTESIAN_POINT ( 'NONE',  ( -0.2599114633489388870, -0.1574569337959990101, 0.0007930290591447540895 ) ) ;
#4619 = ORIENTED_EDGE ( 'NONE', *, *, #3762, .T. ) ;
#4620 = CARTESIAN_POINT ( 'NONE',  ( -0.2443605470039568184, -0.1610524382821111600, -0.07155240743470069054 ) ) ;
#4621 = CARTESIAN_POINT ( 'NONE',  ( -0.1776020319422219329, -0.1020514561679003035, 0.05803045948679671356 ) ) ;
#4622 = EDGE_CURVE ( 'NONE', #5545, #1624, #3307, .T. ) ;
#4623 = VECTOR ( 'NONE', #6764, 39.37007874015748143 ) ;
#4624 = CARTESIAN_POINT ( 'NONE',  ( 0.2500000000351968454, -0.1673228346456299420, -4.138372715377952814E-13 ) ) ;
#4625 = ORIENTED_EDGE ( 'NONE', *, *, #900, .F. ) ;
#4626 = LINE ( 'NONE', #4720, #4154 ) ;
#4627 = EDGE_CURVE ( 'NONE', #1719, #2005, #6535, .T. ) ;
#4628 = EDGE_CURVE ( 'NONE', #3903, #1090, #576, .T. ) ;
#4629 = CARTESIAN_POINT ( 'NONE',  ( 0.2125984251968504046, 0.0000000000000000000, 0.05905511811023622659 ) ) ;
#4630 = CARTESIAN_POINT ( 'NONE',  ( -0.1381889763779527436, -0.2007523306137795338, -0.008503213718098425258 ) ) ;
#4631 = ORIENTED_EDGE ( 'NONE', *, *, #2461, .F. ) ;
#4632 = CARTESIAN_POINT ( 'NONE',  ( -0.1938359190058268344, -0.1455756011410629935, 0.05905511811023622659 ) ) ;
#4633 = PLANE ( 'NONE',  #3030 ) ;
#4634 = CARTESIAN_POINT ( 'NONE',  ( -0.2438293055707759782, 0.1574866065766182543, -0.07876899266994299986 ) ) ;
#4635 = ORIENTED_EDGE ( 'NONE', *, *, #6273, .F. ) ;
#4636 = B_SPLINE_CURVE_WITH_KNOTS ( 'NONE', 3,
 ( #1113, #4134, #2116, #582, #1605, #4649 ),
 .UNSPECIFIED., .F., .F.,
 ( 4, 2, 4 ),
 ( 0.0000000000000000000, 0.5000000000000000000, 1.000000000000000000 ),
 .UNSPECIFIED. ) ;
#4637 = EDGE_CURVE ( 'NONE', #3558, #6233, #5944, .T. ) ;
#4638 = FACE_OUTER_BOUND ( 'NONE', #3092, .T. ) ;
#4639 = ORIENTED_EDGE ( 'NONE', *, *, #5601, .T. ) ;
#4640 = LINE ( 'NONE', #4215, #4065 ) ;
#4641 = LINE ( 'NONE', #508, #5252 ) ;
#4642 = CARTESIAN_POINT ( 'NONE',  ( -0.06181102362204724671, -0.1141732283464566844, 0.09055118110236221041 ) ) ;
#4643 = ORIENTED_EDGE ( 'NONE', *, *, #642, .T. ) ;
#4644 = DIRECTION ( 'NONE',  ( 1.000000000000000000, 0.0000000000000000000, 0.0000000000000000000 ) ) ;
#4645 = ORIENTED_EDGE ( 'NONE', *, *, #1510, .F. ) ;
#4646 = CARTESIAN_POINT ( 'NONE',  ( 0.2165354330708661457, 0.07988696002944881136, 0.07874015748035433082 ) ) ;
#4647 = LINE ( 'NONE', #6242, #3065 ) ;
#4648 = EDGE_CURVE ( 'NONE', #6416, #5079, #5431, .T. ) ;
#4649 = CARTESIAN_POINT ( 'NONE',  ( 0.2535824953443306939, 0.1512202898668897622, -0.07155240742149607258 ) ) ;
#4650 = EDGE_LOOP ( 'NONE', ( #4315, #3183, #2100, #2029 ) ) ;
#4651 = CARTESIAN_POINT ( 'NONE',  ( -0.2446775054942835481, -0.1574286673256338753, -0.07876896696629009931 ) ) ;
#4652 = LINE ( 'NONE', #6795, #295 ) ;
#4653 = LINE ( 'NONE', #2439, #4623 ) ;
#4654 = ADVANCED_FACE ( 'NONE', ( #3423 ), #1775, .F. ) ;
#4655 = VERTEX_POINT ( 'NONE', #1165 ) ;
#4656 = DIRECTION ( 'NONE',  ( -1.000000000000000000, 0.0000000000000000000, 0.0000000000000000000 ) ) ;
#4657 = ADVANCED_FACE ( 'NONE', ( #2782 ), #1877, .T. ) ;
#4658 = ORIENTED_EDGE ( 'NONE', *, *, #1419, .T. ) ;
#4659 = CARTESIAN_POINT ( 'NONE',  ( -0.2165354330708661457, -0.009020818297157480806, 0.1023622047244094752 ) ) ;
#4660 = DIRECTION ( 'NONE',  ( 1.000000000000000000, 0.0000000000000000000, 0.0000000000000000000 ) ) ;
#4661 = CARTESIAN_POINT ( 'NONE',  ( -0.2487563980102349137, 0.1550232667615717985, -0.07876899266994299986 ) ) ;
#4662 = VERTEX_POINT ( 'NONE', #1729 ) ;
#4663 = DIRECTION ( 'NONE',  ( 0.0000000000000000000, 1.000000000000000000, 0.0000000000000000000 ) ) ;
#4664 = EDGE_CURVE ( 'NONE', #3326, #5995, #3837, .T. ) ;
#4665 = DIRECTION ( 'NONE',  ( 0.0000000000000000000, 0.0000000000000000000, 1.000000000000000000 ) ) ;
#4666 = ORIENTED_EDGE ( 'NONE', *, *, #2380, .F. ) ;
#4667 = CARTESIAN_POINT ( 'NONE',  ( 0.2125984251968504046, -0.07086614173228347746, 0.05905511811023622659 ) ) ;
#4668 = LINE ( 'NONE', #4642, #4587 ) ;
#4669 = DIRECTION ( 'NONE',  ( -1.000000000000000000, 0.0000000000000000000, 0.0000000000000000000 ) ) ;
#4670 = ORIENTED_EDGE ( 'NONE', *, *, #826, .F. ) ;
#4671 = CARTESIAN_POINT ( 'NONE',  ( 0.07555160667795275675, 0.1356299242418504136, 0.07874015748035433082 ) ) ;
#4672 = DIRECTION ( 'NONE',  ( 0.0000000000000000000, 0.0000000000000000000, -1.000000000000000000 ) ) ;
#4673 = DIRECTION ( 'NONE',  ( 1.000000000000000000, 0.0000000000000000000, 0.0000000000000000000 ) ) ;
#4674 = LINE ( 'NONE', #5191, #5520 ) ;
#4675 = LINE ( 'NONE', #4262, #4915 ) ;
#4676 = VERTEX_POINT ( 'NONE', #3874 ) ;
#4677 = CARTESIAN_POINT ( 'NONE',  ( -0.1618110236220473008, 0.2007523306137795338, -0.008503213718098425258 ) ) ;
#4678 = ADVANCED_FACE ( 'NONE', ( #5981 ), #1238, .F. ) ;
#4679 = VECTOR ( 'NONE', #1470, 39.37007874015748143 ) ;
#4680 = VECTOR ( 'NONE', #4086, 39.37007874015748143 ) ;
#4681 = DIRECTION ( 'NONE',  ( 1.000000000000000000, 0.0000000000000000000, 0.0000000000000000000 ) ) ;
#4682 = CARTESIAN_POINT ( 'NONE',  ( 0.2471424829240945198, -0.1598289556183858096, 0.1974049497248031304 ) ) ;
#4683 = ORIENTED_EDGE ( 'NONE', *, *, #6187, .F. ) ;
#4684 = AXIS2_PLACEMENT_3D ( 'NONE', #4098, #4770, #1002 ) ;
#4685 = AXIS2_PLACEMENT_3D ( 'NONE', #846, #910, #5012 ) ;
#4686 = EDGE_CURVE ( 'NONE', #3797, #21, #306, .T. ) ;
#4687 = AXIS2_PLACEMENT_3D ( 'NONE', #236, #5066, #759 ) ;
#4688 = AXIS2_PLACEMENT_3D ( 'NONE', #6129, #3535, #3919 ) ;
#4689 = VERTEX_POINT ( 'NONE', #1978 ) ;
#4690 = CARTESIAN_POINT ( 'NONE',  ( -0.2499038825081787984, -0.1673316649851730453, -0.0002690746561583292284 ) ) ;
#4691 = CARTESIAN_POINT ( 'NONE',  ( -0.09685039370078740717, 0.1102362204724409434, 0.1653543307087008141 ) ) ;
#4692 = CARTESIAN_POINT ( 'NONE',  ( -0.2441344574197333306, 0.1574800304483903179, -0.07876899266994299986 ) ) ;
#4693 = ORIENTED_EDGE ( 'NONE', *, *, #1332, .T. ) ;
#4694 = CIRCLE ( 'NONE', #2385, 0.01181102362204724046 ) ;
#4695 = VECTOR ( 'NONE', #4081, 39.37007874015748143 ) ;
#4696 = EDGE_CURVE ( 'NONE', #1391, #3130, #5205, .T. ) ;
#4697 =( BOUNDED_CURVE ( )  B_SPLINE_CURVE ( 3, ( #556, #4233, #1611, #3754 ),
 .UNSPECIFIED., .F., .F. ) 
 B_SPLINE_CURVE_WITH_KNOTS ( ( 4, 4 ),
 ( 3.550055382144238436, 3.926381829400552359 ),
 .UNSPECIFIED. ) 
 CURVE ( )  GEOMETRIC_REPRESENTATION_ITEM ( )  RATIONAL_B_SPLINE_CURVE ( ( 1.000000000000000000, 0.9882329799742999299, 0.9882329799742999299, 1.000000000000000000 ) ) 
 REPRESENTATION_ITEM ( '' )  );
#4698 = FACE_OUTER_BOUND ( 'NONE', #2108, .T. ) ;
#4699 = CARTESIAN_POINT ( 'NONE',  ( 0.01434527559329133901, 0.1343470436103543220, 0.08267716535433072833 ) ) ;
#4700 = VECTOR ( 'NONE', #4525, 39.37007874015748143 ) ;
#4701 = EDGE_LOOP ( 'NONE', ( #2338, #6654, #6843, #4214, #902, #1856, #1703, #6777, #1848, #6835, #156 ) ) ;
#4702 = DIRECTION ( 'NONE',  ( 0.0000000000000000000, -0.0000000000000000000, 1.000000000000000000 ) ) ;
#4703 = DIRECTION ( 'NONE',  ( 0.0001046814946749019483, -0.9999999914336186180, -7.857828800325146132E-05 ) ) ;
#4704 = CARTESIAN_POINT ( 'NONE',  ( 0.0000000000000000000, -0.1242087662389763786, 0.08267716535433072833 ) ) ;
#4705 = VERTEX_POINT ( 'NONE', #5063 ) ;
#4706 = EDGE_CURVE ( 'NONE', #5532, #6543, #6218, .T. ) ;
#4707 = VECTOR ( 'NONE', #6274, 39.37007874015748143 ) ;
#4708 = CARTESIAN_POINT ( 'NONE',  ( -0.2581771323470303803, 0.1618679197637220013, 0.02193326389862585574 ) ) ;
#4709 = LINE ( 'NONE', #4133, #3412 ) ;
#4710 = CARTESIAN_POINT ( 'NONE',  ( -0.1499999999999999944, -0.2142666234596850572, -0.08858267716535435377 ) ) ;
#4711 = EDGE_LOOP ( 'NONE', ( #3312, #5682, #6090, #3783 ) ) ;
#4712 = CIRCLE ( 'NONE', #74, 0.1446458503221260128 ) ;
#4713 = CARTESIAN_POINT ( 'NONE',  ( 0.1381889763779527436, 0.2244094488188976555, -0.07283464566929134798 ) ) ;
#4714 = ORIENTED_EDGE ( 'NONE', *, *, #1444, .F. ) ;
#4715 = PLANE ( 'NONE',  #3263 ) ;
#4716 = AXIS2_PLACEMENT_3D ( 'NONE', #5734, #2663, #3721 ) ;
#4717 = DIRECTION ( 'NONE',  ( 0.0000000000000000000, 0.0000000000000000000, -1.000000000000000000 ) ) ;
#4718 = CARTESIAN_POINT ( 'NONE',  ( 0.2224409448818897850, -0.07086614173228347746, 0.1032283464566929043 ) ) ;
#4719 = VERTEX_POINT ( 'NONE', #2537 ) ;
#4720 = CARTESIAN_POINT ( 'NONE',  ( 0.1618110236220473008, -0.1751968503937007815, 0.01574803149606299191 ) ) ;
#4721 = EDGE_CURVE ( 'NONE', #3572, #6416, #4653, .T. ) ;
#4722 = VERTEX_POINT ( 'NONE', #6089 ) ;
#4723 = AXIS2_PLACEMENT_3D ( 'NONE', #1016, #491, #1648 ) ;
#4724 = AXIS2_PLACEMENT_3D ( 'NONE', #2496, #2000, #258 ) ;
#4725 = LINE ( 'NONE', #5764, #4349 ) ;
#4726 = ORIENTED_EDGE ( 'NONE', *, *, #3099, .F. ) ;
#4727 = LINE ( 'NONE', #6317, #6036 ) ;
#4728 = EDGE_CURVE ( 'NONE', #3130, #1508, #1511, .T. ) ;
#4729 = CARTESIAN_POINT ( 'NONE',  ( -0.2533599610243307820, -0.03937007874015747977, 0.1850397333144488399 ) ) ;
#4730 = CARTESIAN_POINT ( 'NONE',  ( -0.2492226980217656929, 0.1543135604853228815, -0.07876899266994299986 ) ) ;
#4731 = ORIENTED_EDGE ( 'NONE', *, *, #5064, .T. ) ;
#4732 = B_SPLINE_CURVE_WITH_KNOTS ( 'NONE', 3,
 ( #1998, #1538, #6239, #1504, #5278, #515 ),
 .UNSPECIFIED., .F., .F.,
 ( 4, 1, 1, 4 ),
 ( 0.0000000000000000000, 0.3333333333333000081, 0.6666666666667000474, 1.000000000000000000 ),
 .UNSPECIFIED. ) ;
#4733 = DIRECTION ( 'NONE',  ( 1.000000000000000000, 0.0000000000000000000, 0.0000000000000000000 ) ) ;
#4734 = ORIENTED_EDGE ( 'NONE', *, *, #2653, .T. ) ;
#4735 = CARTESIAN_POINT ( 'NONE',  ( -0.1688173440263779634, 0.1018882101681102409, 0.05335570568921259998 ) ) ;
#4736 = ORIENTED_EDGE ( 'NONE', *, *, #5196, .F. ) ;
#4737 = LINE ( 'NONE', #972, #6454 ) ;
#4738 = EDGE_CURVE ( 'NONE', #4722, #4135, #2800, .T. ) ;
#4739 = FACE_OUTER_BOUND ( 'NONE', #4650, .T. ) ;
#4740 = CARTESIAN_POINT ( 'NONE',  ( 0.2531996761841122101, 0.1534510420664495778, 0.1893314613885891950 ) ) ;
#4741 = ORIENTED_EDGE ( 'NONE', *, *, #6006, .F. ) ;
#4742 = CARTESIAN_POINT ( 'NONE',  ( -0.2599114139345660712, 0.1574568843816455399, 0.0007924642500570352934 ) ) ;
#4743 = ORIENTED_EDGE ( 'NONE', *, *, #1546, .F. ) ;
#4744 = EDGE_CURVE ( 'NONE', #4705, #1350, #2619, .T. ) ;
#4745 = FACE_OUTER_BOUND ( 'NONE', #5860, .T. ) ;
#4746 = CARTESIAN_POINT ( 'NONE',  ( -0.1618110236220473008, 0.1751968503937007815, -0.009842519685039369942 ) ) ;
#4747 = PLANE ( 'NONE',  #4084 ) ;
#4748 = ADVANCED_FACE ( 'NONE', ( #1943 ), #338, .T. ) ;
#4749 = CYLINDRICAL_SURFACE ( 'NONE', #3243, 0.007874015748039371598 ) ;
#4750 = VERTEX_POINT ( 'NONE', #5638 ) ;
#4751 = DIRECTION ( 'NONE',  ( 0.0000000000000000000, 0.0000000000000000000, -1.000000000000000000 ) ) ;
#4752 = VERTEX_POINT ( 'NONE', #6155 ) ;
#4753 = DIRECTION ( 'NONE',  ( 0.0000000000000000000, 1.000000000000000000, 0.0000000000000000000 ) ) ;
#4754 = CARTESIAN_POINT ( 'NONE',  ( 0.1618110236220473008, -0.1850258812475984449, -0.009327402005539369573 ) ) ;
#4755 = CARTESIAN_POINT ( 'NONE',  ( 0.2165354330708661457, -0.009020818297157480806, 0.1023622047244094752 ) ) ;
#4756 = EDGE_CURVE ( 'NONE', #1700, #4102, #897, .T. ) ;
#4757 = ORIENTED_EDGE ( 'NONE', *, *, #1151, .F. ) ;
#4758 = LINE ( 'NONE', #6348, #6356 ) ;
#4759 = DIRECTION ( 'NONE',  ( 0.0000000000000000000, -1.000000000000000000, -3.398615844642000201E-14 ) ) ;
#4760 = ORIENTED_EDGE ( 'NONE', *, *, #2281, .T. ) ;
#4761 = LINE ( 'NONE', #2126, #2824 ) ;
#4762 = CARTESIAN_POINT ( 'NONE',  ( -0.2165354330708661457, 0.1102362204724409434, 0.07874015748035433082 ) ) ;
#4763 = B_SPLINE_CURVE_WITH_KNOTS ( 'NONE', 3,
 ( #6384, #6448, #2156, #2258, #1770, #561, #1122, #4273, #1651, #3485, #2364, #6566, #2929 ),
 .UNSPECIFIED., .F., .F.,
 ( 4, 1, 1, 1, 1, 1, 1, 1, 1, 1, 4 ),
 ( 0.0000000000000000000, 0.1000000000000000056, 0.2000000000000000111, 0.2999999999999999889, 0.4000000000000000222, 0.5000000000000000000, 0.5999999999999999778, 0.6999999999999999556, 0.8000000000000000444, 0.9000000000000000222, 1.000000000000000000 ),
 .UNSPECIFIED. ) ;
#4764 = VERTEX_POINT ( 'NONE', #6185 ) ;
#4765 = EDGE_CURVE ( 'NONE', #594, #4901, #1446, .T. ) ;
#4766 = EDGE_LOOP ( 'NONE', ( #4945, #558, #1413, #6288 ) ) ;
#4767 = DIRECTION ( 'NONE',  ( 0.0000000000000000000, 1.000000000000000000, 0.0000000000000000000 ) ) ;
#4768 = CARTESIAN_POINT ( 'NONE',  ( 0.2448742272448031221, 0.1515141974809055270, 0.1967999469959055558 ) ) ;
#4769 = ORIENTED_EDGE ( 'NONE', *, *, #2569, .F. ) ;
#4770 = DIRECTION ( 'NONE',  ( -0.03487826274199157250, -0.03487826274199157250, -0.9987827659587451556 ) ) ;
#4771 = LINE ( 'NONE', #5718, #720 ) ;
#4772 = FACE_BOUND ( 'NONE', #3761, .T. ) ;
#4773 = ORIENTED_EDGE ( 'NONE', *, *, #1023, .F. ) ;
#4774 = CARTESIAN_POINT ( 'NONE',  ( -0.2599064653532588975, 0.1592230880572514384, 0.0006383743957222324725 ) ) ;
#4775 = ORIENTED_EDGE ( 'NONE', *, *, #6158, .F. ) ;
#4776 = ADVANCED_FACE ( 'NONE', ( #5162, #401, #2505, #4999 ), #2195, .F. ) ;
#4777 = LINE ( 'NONE', #5960, #1976 ) ;
#4778 = ORIENTED_EDGE ( 'NONE', *, *, #4744, .F. ) ;
#4779 = CARTESIAN_POINT ( 'NONE',  ( 0.2507986426291281545, 0.1581348723862719130, -0.07155240746229890592 ) ) ;
#4780 = CARTESIAN_POINT ( 'NONE',  ( -0.1747192583591732351, 0.1020872380355193204, 0.05905511811023622659 ) ) ;
#4781 = CYLINDRICAL_SURFACE ( 'NONE', #4970, 0.009842519684933074761 ) ;
#4782 = CARTESIAN_POINT ( 'NONE',  ( -0.1876627962017694828, 0.1102362204724409434, 0.08267716535433072833 ) ) ;
#4783 = ORIENTED_EDGE ( 'NONE', *, *, #2333, .F. ) ;
#4784 = DIRECTION ( 'NONE',  ( 0.0000000000000000000, 0.0000000000000000000, 1.000000000000000000 ) ) ;
#4785 = VERTEX_POINT ( 'NONE', #6506 ) ;
#4786 = CARTESIAN_POINT ( 'NONE',  ( 0.2466010589239046868, -0.1610449003817424896, -0.07175711613102554731 ) ) ;
#4787 = EDGE_CURVE ( 'NONE', #3957, #2822, #2076, .T. ) ;
#4788 = CARTESIAN_POINT ( 'NONE',  ( -0.2457384424466535489, 0.1572691020816535667, -0.07086614173228347746 ) ) ;
#4789 = LINE ( 'NONE', #79, #4177 ) ;
#4790 = B_SPLINE_CURVE_WITH_KNOTS ( 'NONE', 3,
 ( #2198, #2839, #6545, #127 ),
 .UNSPECIFIED., .F., .F.,
 ( 4, 4 ),
 ( 0.0000000000000000000, 1.000000000000000000 ),
 .UNSPECIFIED. ) ;
#4791 = EDGE_LOOP ( 'NONE', ( #261, #2858, #5250, #2609, #5814, #732, #3079, #1542, #2112, #2876, #6085, #968, #5507, #942 ) ) ;
#4792 = VECTOR ( 'NONE', #3274, 39.37007874015748143 ) ;
#4793 = EDGE_CURVE ( 'NONE', #1391, #4135, #725, .T. ) ;
#4794 = DIRECTION ( 'NONE',  ( -1.000000000000000000, -1.472444111603000008E-13, 0.0000000000000000000 ) ) ;
#4795 = EDGE_LOOP ( 'NONE', ( #3435, #192 ) ) ;
#4796 = LINE ( 'NONE', #2704, #4808 ) ;
#4797 = AXIS2_PLACEMENT_3D ( 'NONE', #530, #143, #3686 ) ;
#4798 = AXIS2_PLACEMENT_3D ( 'NONE', #5556, #290, #2394 ) ;
#4799 = FACE_OUTER_BOUND ( 'NONE', #4539, .T. ) ;
#4800 = ORIENTED_EDGE ( 'NONE', *, *, #2431, .T. ) ;
#4801 = CARTESIAN_POINT ( 'NONE',  ( -0.2125984251968504046, 0.0000000000000000000, 0.1023622047244094752 ) ) ;
#4802 = VECTOR ( 'NONE', #1745, 39.37007874015748143 ) ;
#4803 = ORIENTED_EDGE ( 'NONE', *, *, #2111, .T. ) ;
#4804 = CYLINDRICAL_SURFACE ( 'NONE', #3058, 0.007874015748019673813 ) ;
#4805 = ORIENTED_EDGE ( 'NONE', *, *, #513, .F. ) ;
#4806 = LINE ( 'NONE', #2197, #1048 ) ;
#4807 = CARTESIAN_POINT ( 'NONE',  ( -0.1141592080059449094, -0.1029121375621307594, 0.08267714988809674037 ) ) ;
#4808 = VECTOR ( 'NONE', #6414, 39.37007874015748143 ) ;
#4809 = DIRECTION ( 'NONE',  ( 0.0000000000000000000, 0.0000000000000000000, -1.000000000000000000 ) ) ;
#4810 = AXIS2_PLACEMENT_3D ( 'NONE', #4574, #6692, #386 ) ;
#4811 = ORIENTED_EDGE ( 'NONE', *, *, #1982, .T. ) ;
#4812 = CIRCLE ( 'NONE', #4373, 0.009842519685039359534 ) ;
#4813 = CARTESIAN_POINT ( 'NONE',  ( -0.2489121080078766091, 0.1599586471368288076, -0.07184035051761479551 ) ) ;
#4814 = CARTESIAN_POINT ( 'NONE',  ( -0.1669233494632677839, 0.0000000000000000000, -0.0008812023366334645769 ) ) ;
#4815 = CARTESIAN_POINT ( 'NONE',  ( 0.2526132181479016636, -0.1563040053104207405, -0.07235041117241895747 ) ) ;
#4816 = DIRECTION ( 'NONE',  ( 0.0000000000000000000, -0.9986295347547149426, -0.05233595624025127319 ) ) ;
#4817 = DIRECTION ( 'NONE',  ( 0.0000000000000000000, 0.0000000000000000000, -1.000000000000000000 ) ) ;
#4818 = ORIENTED_EDGE ( 'NONE', *, *, #1254, .F. ) ;
#4819 = DIRECTION ( 'NONE',  ( 1.000000000000000000, 0.0000000000000000000, 0.0000000000000000000 ) ) ;
#4820 = ADVANCED_FACE ( 'NONE', ( #762 ), #5406, .T. ) ;
#4821 = ORIENTED_EDGE ( 'NONE', *, *, #3659, .T. ) ;
#4822 = CARTESIAN_POINT ( 'NONE',  ( 0.2437399757584252091, -0.1610628102356692903, -0.07155240744192913060 ) ) ;
#4823 = CIRCLE ( 'NONE', #4382, 0.007873938501968505421 ) ;
#4824 = CARTESIAN_POINT ( 'NONE',  ( 0.1618110236220473008, -0.2039282667301968444, -0.06910368486704725199 ) ) ;
#4825 = AXIS2_PLACEMENT_3D ( 'NONE', #3719, #5788, #524 ) ;
#4826 = DIRECTION ( 'NONE',  ( -0.08682659368506752406, 0.08682659253460753290, 0.9924325092709717078 ) ) ;
#4827 = ORIENTED_EDGE ( 'NONE', *, *, #2154, .F. ) ;
#4828 = EDGE_CURVE ( 'NONE', #4436, #5545, #2802, .T. ) ;
#4829 = DIRECTION ( 'NONE',  ( 0.0000000000000000000, 0.9993908270191083076, -0.03489949670214029243 ) ) ;
#4830 = VECTOR ( 'NONE', #1245, 39.37007874015748143 ) ;
#4831 = EDGE_CURVE ( 'NONE', #5651, #4184, #1740, .T. ) ;
#4832 = CARTESIAN_POINT ( 'NONE',  ( 0.1346097693735039402, 0.1102362204724409434, 0.07874015748035433082 ) ) ;
#4833 = AXIS2_PLACEMENT_3D ( 'NONE', #5649, #412, #6685 ) ;
#4834 = DIRECTION ( 'NONE',  ( -1.000000000000000000, 0.0000000000000000000, 0.0000000000000000000 ) ) ;
#4835 = CARTESIAN_POINT ( 'NONE',  ( -0.2125984251968504046, 0.0000000000000000000, 0.07874015748035433082 ) ) ;
#4836 = ADVANCED_FACE ( 'NONE', ( #240 ), #4352, .F. ) ;
#4837 = VERTEX_POINT ( 'NONE', #2341 ) ;
#4838 = FACE_OUTER_BOUND ( 'NONE', #3562, .T. ) ;
#4839 = AXIS2_PLACEMENT_3D ( 'NONE', #392, #6601, #4078 ) ;
#4840 = PLANE ( 'NONE',  #6261 ) ;
#4841 = CARTESIAN_POINT ( 'NONE',  ( 0.1767413500078346411, 0.1029121381022441023, 0.08267716535433072833 ) ) ;
#4842 = CARTESIAN_POINT ( 'NONE',  ( -0.2027559055118110243, -0.07086614173228347746, 0.05905511811023622659 ) ) ;
#4843 = ORIENTED_EDGE ( 'NONE', *, *, #5220, .T. ) ;
#4844 = CARTESIAN_POINT ( 'NONE',  ( -0.03824268091612205434, 0.1073946775408267801, 0.08267716535433072833 ) ) ;
#4845 = FACE_OUTER_BOUND ( 'NONE', #352, .T. ) ;
#4846 = EDGE_CURVE ( 'NONE', #4950, #1686, #2793, .T. ) ;
#4847 = DATE_AND_TIME ( #3239, #5221 ) ;
#4848 =( BOUNDED_CURVE ( )  B_SPLINE_CURVE ( 3, ( #2118, #75, #6339, #1607 ),
 .UNSPECIFIED., .F., .T. ) 
 B_SPLINE_CURVE_WITH_KNOTS ( ( 4, 4 ),
 ( 4.747295563050226264, 6.283185307179586232 ),
 .UNSPECIFIED. ) 
 CURVE ( )  GEOMETRIC_REPRESENTATION_ITEM ( )  RATIONAL_B_SPLINE_CURVE ( ( 1.000000000000000000, 0.8128931996759800604, 0.8128931996759800604, 1.000000000000000000 ) ) 
 REPRESENTATION_ITEM ( '' )  );
#4849 = ORIENTED_EDGE ( 'NONE', *, *, #5882, .T. ) ;
#4850 = CARTESIAN_POINT ( 'NONE',  ( -0.03818897637795275191, -0.1751968503937007815, 0.01574803149606299191 ) ) ;
#4851 = ORIENTED_EDGE ( 'NONE', *, *, #4588, .F. ) ;
#4852 = CARTESIAN_POINT ( 'NONE',  ( 0.2513716126115422833, 0.1568849208301254239, -0.07586130276224420377 ) ) ;
#4853 = CARTESIAN_POINT ( 'NONE',  ( 0.2589796171156923399, -0.1626704042781726145, 0.0004178620093493359941 ) ) ;
#4854 = CARTESIAN_POINT ( 'NONE',  ( 0.2543876048145084501, 0.1656574473190753904, 0.02193326357172922098 ) ) ;
#4855 = CYLINDRICAL_SURFACE ( 'NONE', #5153, 0.009842519685039378616 ) ;
#4856 = EDGE_LOOP ( 'NONE', ( #2397, #587, #765, #2861, #3344 ) ) ;
#4857 = CARTESIAN_POINT ( 'NONE',  ( 0.2495571686211876528, -0.1587363077884234863, -0.07586138697756143745 ) ) ;
#4858 = B_SPLINE_CURVE_WITH_KNOTS ( 'NONE', 3,
 ( #5441, #1853, #766, #3459, #4463, #2445, #1354, #3918, #5032, #875, #2383, #5576, #5076 ),
 .UNSPECIFIED., .F., .F.,
 ( 4, 1, 1, 1, 1, 1, 1, 1, 1, 1, 4 ),
 ( 0.0000000000000000000, 0.1000000000000000056, 0.2000000000000000111, 0.2999999999999999889, 0.4000000000000000222, 0.5000000000000000000, 0.5999999999999999778, 0.6999999999999999556, 0.8000000000000000444, 0.9000000000000000222, 1.000000000000000000 ),
 .UNSPECIFIED. ) ;
#4859 = EDGE_CURVE ( 'NONE', #5391, #5995, #3233, .T. ) ;
#4860 = CARTESIAN_POINT ( 'NONE',  ( -0.2523173401212598366, -0.1546540978156299428, 0.1974049478381102174 ) ) ;
#4861 = DIRECTION ( 'NONE',  ( -1.000000000000000000, 9.338254053689999836E-12, -1.316272506770999764E-14 ) ) ;
#4862 = CARTESIAN_POINT ( 'NONE',  ( 0.1381889763779527436, 0.1751968503937007815, -0.009842519685039369942 ) ) ;
#4863 = ORIENTED_EDGE ( 'NONE', *, *, #1664, .T. ) ;
#4864 = CARTESIAN_POINT ( 'NONE',  ( -0.2532128814768110359, 0.03937007874015747977, 0.1892515404901574938 ) ) ;
#4865 = VERTEX_POINT ( 'NONE', #1815 ) ;
#4866 = ORIENTED_EDGE ( 'NONE', *, *, #1894, .F. ) ;
#4867 = DIRECTION ( 'NONE',  ( 1.000000000000000000, 0.0000000000000000000, 0.0000000000000000000 ) ) ;
#4868 = ADVANCED_FACE ( 'NONE', ( #4460 ), #650, .T. ) ;
#4869 = CARTESIAN_POINT ( 'NONE',  ( 0.2561281900864567085, 0.1637327010053936938, 0.02165353369637008224 ) ) ;
#4870 = EDGE_LOOP ( 'NONE', ( #1159, #3519, #6182, #3370 ) ) ;
#4871 = DIRECTION ( 'NONE',  ( 0.0000000000000000000, -0.03489949670277951721, -0.9993908270190859922 ) ) ;
#4872 = CARTESIAN_POINT ( 'NONE',  ( 0.1876627962017695384, -0.1102362204724409434, 0.08267716535433072833 ) ) ;
#4873 = VERTEX_POINT ( 'NONE', #3766 ) ;
#4874 = CC_DESIGN_SECURITY_CLASSIFICATION ( #6203, ( #2758 ) ) ;
#4875 = EDGE_CURVE ( 'NONE', #210, #4909, #5955, .T. ) ;
#4876 = DIRECTION ( 'NONE',  ( 0.0000000000000000000, -0.9993908270190094978, 0.03489949670496916845 ) ) ;
#4877 = VERTEX_POINT ( 'NONE', #1284 ) ;
#4878 = DIRECTION ( 'NONE',  ( -1.000000000000000000, -5.386242386353000281E-09, -6.896939456854000149E-10 ) ) ;
#4879 = CARTESIAN_POINT ( 'NONE',  ( -0.1618110236220473008, -0.1850258812475984449, -0.009327402005535433485 ) ) ;
#4880 = CARTESIAN_POINT ( 'NONE',  ( 0.2571186610453149446, 0.1566799858517322341, 0.1883602096546456994 ) ) ;
#4881 = VERTEX_POINT ( 'NONE', #1693 ) ;
#4882 = CARTESIAN_POINT ( 'NONE',  ( -0.1886826620178740366, -0.1448881844187795143, 0.07874015748035433082 ) ) ;
#4883 = LINE ( 'NONE', #2232, #1847 ) ;
#4884 = COORDINATED_UNIVERSAL_TIME_OFFSET ( 0, 0, .AHEAD. ) ;
#4885 = ORIENTED_EDGE ( 'NONE', *, *, #5265, .F. ) ;
#4886 = EDGE_CURVE ( 'NONE', #1809, #1649, #4138, .T. ) ;
#4887 = CARTESIAN_POINT ( 'NONE',  ( -0.2535824952006299760, 0.1512202905785826890, -0.07155240743055119035 ) ) ;
#4888 = DIRECTION ( 'NONE',  ( -0.001141366439273947724, 0.008726535661987600695, 0.9999612716790542422 ) ) ;
#4889 = FACE_OUTER_BOUND ( 'NONE', #3980, .T. ) ;
#4890 = CARTESIAN_POINT ( 'NONE',  ( 0.1499999999999999944, -0.1867116149909448797, -0.04149311798110236899 ) ) ;
#4891 = DIRECTION ( 'NONE',  ( 1.000000000000000000, 0.0000000000000000000, 0.0000000000000000000 ) ) ;
#4892 = VERTEX_POINT ( 'NONE', #4313 ) ;
#4893 = CARTESIAN_POINT ( 'NONE',  ( 0.2529306437692755982, -0.1535814840349779831, -0.07586138697756143745 ) ) ;
#4894 = DIRECTION ( 'NONE',  ( 0.0000000000000000000, 0.0000000000000000000, 1.000000000000000000 ) ) ;
#4895 = CARTESIAN_POINT ( 'NONE',  ( -0.2491085645292126227, -0.1480768272834645516, 0.1974041719997244593 ) ) ;
#4896 = CARTESIAN_POINT ( 'NONE',  ( -0.1893700787401574881, -0.1455756011410629935, 0.05905511811023622659 ) ) ;
#4897 = DIRECTION ( 'NONE',  ( 0.0000000000000000000, 1.000000000000000000, 0.0000000000000000000 ) ) ;
#4898 = EDGE_LOOP ( 'NONE', ( #3577, #570, #6447, #5570, #5321 ) ) ;
#4899 = CARTESIAN_POINT ( 'NONE',  ( -0.1381889763779527436, -0.1751968503937007815, 0.0000000000000000000 ) ) ;
#4900 = CARTESIAN_POINT ( 'NONE',  ( -0.1893700787401574881, 0.1138910667010629846, 0.05905511811023622659 ) ) ;
#4901 = VERTEX_POINT ( 'NONE', #3277 ) ;
#4902 = DIRECTION ( 'NONE',  ( 0.0000000000000000000, -1.000000000000000000, 3.528334006652000197E-14 ) ) ;
#4903 = EDGE_CURVE ( 'NONE', #1178, #5768, #2750, .T. ) ;
#4904 = CARTESIAN_POINT ( 'NONE',  ( 0.1618110236220473008, 0.2244094488188976555, -0.08858267716535435377 ) ) ;
#4905 = CARTESIAN_POINT ( 'NONE',  ( -0.03818897637795275191, -0.2244094488188976555, -0.08858267716535435377 ) ) ;
#4906 = ORIENTED_EDGE ( 'NONE', *, *, #5490, .F. ) ;
#4907 = LINE ( 'NONE', #4343, #49 ) ;
#4908 = DIRECTION ( 'NONE',  ( -0.03495325869496946486, 0.03487852249145946548, -0.9987801351525847915 ) ) ;
#4909 = VERTEX_POINT ( 'NONE', #1451 ) ;
#4910 = AXIS2_PLACEMENT_3D ( 'NONE', #4801, #4282, #5213 ) ;
#4911 = ORIENTED_EDGE ( 'NONE', *, *, #3901, .F. ) ;
#4912 = EDGE_CURVE ( 'NONE', #1592, #4865, #6123, .T. ) ;
#4913 = DIRECTION ( 'NONE',  ( 0.0000000000000000000, 0.0000000000000000000, -1.000000000000000000 ) ) ;
#4914 = CIRCLE ( 'NONE', #4578, 0.02559055118110235491 ) ;
#4915 = VECTOR ( 'NONE', #3149, 39.37007874015748143 ) ;
#4916 = CARTESIAN_POINT ( 'NONE',  ( 0.05000000000000000278, 0.0000000000000000000, 0.07874015748035433082 ) ) ;
#4917 = CARTESIAN_POINT ( 'NONE',  ( 0.08555987831948819178, -0.1332622181580708776, -0.04024462975114172919 ) ) ;
#4918 = CARTESIAN_POINT ( 'NONE',  ( -0.03818897637795275191, -0.2244094488188976555, -0.08858267716535435377 ) ) ;
#4919 = ORIENTED_EDGE ( 'NONE', *, *, #6513, .F. ) ;
#4920 = DIRECTION ( 'NONE',  ( 0.0000000000000000000, 1.000000000000000000, 0.0000000000000000000 ) ) ;
#4921 = CYLINDRICAL_SURFACE ( 'NONE', #1498, 0.01181102362204724046 ) ;
#4922 = PERSON_AND_ORGANIZATION ( #6832, #4155 ) ;
#4923 = EDGE_LOOP ( 'NONE', ( #511, #6197, #2614, #3772 ) ) ;
#4924 = EDGE_CURVE ( 'NONE', #1872, #809, #5641, .T. ) ;
#4925 = VECTOR ( 'NONE', #1135, 39.37007874015748143 ) ;
#4926 = CIRCLE ( 'NONE', #2476, 0.01574803149606299538 ) ;
#4927 = CARTESIAN_POINT ( 'NONE',  ( 0.05000000000000000278, 0.0000000000000000000, 0.05905511811023622659 ) ) ;
#4928 = CARTESIAN_POINT ( 'NONE',  ( 0.2532968285029922884, 0.1536745827393037611, -0.07155240746229890592 ) ) ;
#4929 = AXIS2_PLACEMENT_3D ( 'NONE', #462, #1483, #1021 ) ;
#4930 = CARTESIAN_POINT ( 'NONE',  ( 0.1441744997988976540, 0.1018828126487401620, 0.05320114095767716766 ) ) ;
#4931 = DIRECTION ( 'NONE',  ( 0.0000000000000000000, 0.9993908270190794418, -0.03489949670296928208 ) ) ;
#4932 = VECTOR ( 'NONE', #6415, 39.37007874015748143 ) ;
#4933 = DIRECTION ( 'NONE',  ( -1.000000000000000000, -2.997602165742000021E-13, -2.940554545160000060E-12 ) ) ;
#4934 = ORIENTED_EDGE ( 'NONE', *, *, #6624, .F. ) ;
#4935 = FACE_OUTER_BOUND ( 'NONE', #1779, .T. ) ;
#4936 = ORIENTED_EDGE ( 'NONE', *, *, #4318, .F. ) ;
#4937 = EDGE_CURVE ( 'NONE', #5625, #2289, #2635, .T. ) ;
#4938 = LINE ( 'NONE', #2290, #4063 ) ;
#4939 = ADVANCED_FACE ( 'NONE', ( #5702 ), #3067, .T. ) ;
#4940 = AXIS2_PLACEMENT_3D ( 'NONE', #5322, #676, #16 ) ;
#4941 =( BOUNDED_CURVE ( )  B_SPLINE_CURVE ( 3, ( #3944, #6054, #2534, #3550 ),
 .UNSPECIFIED., .F., .T. ) 
 B_SPLINE_CURVE_WITH_KNOTS ( ( 4, 4 ),
 ( 5.498396131372532913, 6.679101965638531979 ),
 .UNSPECIFIED. ) 
 CURVE ( )  GEOMETRIC_REPRESENTATION_ITEM ( )  RATIONAL_B_SPLINE_CURVE ( ( 1.000000000000000000, 0.8871628520133875151, 0.8871628520133875151, 1.000000000000000000 ) ) 
 REPRESENTATION_ITEM ( '' )  );
#4942 = FACE_OUTER_BOUND ( 'NONE', #4546, .T. ) ;
#4943 = CARTESIAN_POINT ( 'NONE',  ( -0.2165354330708661457, -0.1102362204724409434, 0.1653543307087008141 ) ) ;
#4944 = FACE_OUTER_BOUND ( 'NONE', #2932, .T. ) ;
#4945 = ORIENTED_EDGE ( 'NONE', *, *, #5156, .F. ) ;
#4946 = CARTESIAN_POINT ( 'NONE',  ( 0.01719934017248819433, 0.1349567911100787443, 0.07874015748035433082 ) ) ;
#4947 = VERTEX_POINT ( 'NONE', #2702 ) ;
#4948 = DIRECTION ( 'NONE',  ( -0.08682659165506090293, -0.08682660075812088929, -0.9924325087291100411 ) ) ;
#4949 = AXIS2_PLACEMENT_3D ( 'NONE', #1303, #3365, #5489 ) ;
#4950 = VERTEX_POINT ( 'NONE', #5354 ) ;
#4951 = EDGE_CURVE ( 'NONE', #2137, #3308, #1684, .T. ) ;
#4952 = DIMENSIONAL_EXPONENTS ( 1.000000000000000000, 0.0000000000000000000, 0.0000000000000000000, 0.0000000000000000000, 0.0000000000000000000, 0.0000000000000000000, 0.0000000000000000000 ) ;
#4953 = AXIS2_PLACEMENT_3D ( 'NONE', #5222, #2563, #2598 ) ;
#4954 = CARTESIAN_POINT ( 'NONE',  ( 0.2492312020946456930, 0.1665666935222441247, 0.02165358357906693038 ) ) ;
#4955 = DIRECTION ( 'NONE',  ( 1.000000000000000000, 0.0000000000000000000, 0.0000000000000000000 ) ) ;
#4956 = ORIENTED_EDGE ( 'NONE', *, *, #637, .F. ) ;
#4957 = DIRECTION ( 'NONE',  ( 0.0000000000000000000, -1.000000000000000000, 0.0000000000000000000 ) ) ;
#4958 = CARTESIAN_POINT ( 'NONE',  ( -0.2437671190661496179, 0.1531658849008158130, -0.07873997997333845311 ) ) ;
#4959 = AXIS2_PLACEMENT_3D ( 'NONE', #5414, #2803, #2237 ) ;
#4960 = VERTEX_POINT ( 'NONE', #4275 ) ;
#4961 = CIRCLE ( 'NONE', #2720, 0.007874015748039371598 ) ;
#4962 = ORIENTED_EDGE ( 'NONE', *, *, #2660, .F. ) ;
#4963 = DIRECTION ( 'NONE',  ( 0.0000000000000000000, 0.0000000000000000000, 1.000000000000000000 ) ) ;
#4964 = ADVANCED_FACE ( 'NONE', ( #166 ), #4348, .T. ) ;
#4965 = CARTESIAN_POINT ( 'NONE',  ( 0.1893700787401574881, 0.1455756011410629935, 0.05905511811023622659 ) ) ;
#4966 = EDGE_LOOP ( 'NONE', ( #3703, #1107, #1114, #5109 ) ) ;
#4967 = DIRECTION ( 'NONE',  ( 1.000000000000000000, 0.0000000000000000000, 0.0000000000000000000 ) ) ;
#4968 = CYLINDRICAL_SURFACE ( 'NONE', #1603, 0.01181102362203148917 ) ;
#4969 = VERTEX_POINT ( 'NONE', #4393 ) ;
#4970 = AXIS2_PLACEMENT_3D ( 'NONE', #424, #4194, #5280 ) ;
#4971 = B_SPLINE_SURFACE_WITH_KNOTS ( 'NONE', 3, 1, ( 
 ( #5134, #4690 ),
 ( #4180, #3070 ),
 ( #5203, #2038 ),
 ( #3593, #2069 ),
 ( #6257, #3559 ),
 ( #435, #5673 ),
 ( #965, #4150 ),
 ( #1522, #3631 ) ),
 .UNSPECIFIED., .F., .F., .F.,
 ( 4, 1, 1, 1, 1, 4 ),
 ( 2, 2 ),
 ( 0.04565759318192324362, 0.05177569174555000237, 0.3505918972390000277, 0.6494081027345000035, 0.9482243082282000302, 0.9536074087938896104 ),
 ( 0.0000000000000000000, 1.000000000000000000 ),
 .UNSPECIFIED. ) ;
#4972 = CARTESIAN_POINT ( 'NONE',  ( -0.2373765702455511994, -0.1448881844187795143, 0.07874015748031495954 ) ) ;
#4973 = ORIENTED_EDGE ( 'NONE', *, *, #2171, .T. ) ;
#4974 = EDGE_CURVE ( 'NONE', #2703, #205, #1150, .T. ) ;
#4975 = CARTESIAN_POINT ( 'NONE',  ( 0.2492504611206381171, 0.1542622957014654905, -0.07876893026777351259 ) ) ;
#4976 = CARTESIAN_POINT ( 'NONE',  ( 0.2517427731021156245, -0.1673867803112068509, 0.0006383743844382233721 ) ) ;
#4977 = CARTESIAN_POINT ( 'NONE',  ( 0.2165354330708661457, 0.1102362204724409434, 0.07874015748035433082 ) ) ;
#4978 = FACE_OUTER_BOUND ( 'NONE', #4013, .T. ) ;
#4979 = ORIENTED_EDGE ( 'NONE', *, *, #2662, .F. ) ;
#4980 = CARTESIAN_POINT ( 'NONE',  ( 0.2438613927945703086, -0.1531638631491822888, -0.07873997958916907625 ) ) ;
#4981 = CARTESIAN_POINT ( 'NONE',  ( 0.2491338900823453772, -0.1665616465301362481, 0.02178137693930747368 ) ) ;
#4982 = EDGE_CURVE ( 'NONE', #2919, #2051, #648, .T. ) ;
#4983 = DIRECTION ( 'NONE',  ( -0.03487826274199157250, 0.03487826274199157250, 0.9987827659587451556 ) ) ;
#4984 = CARTESIAN_POINT ( 'NONE',  ( -0.2224409448818897850, -1.205361022782829037E-18, 0.05905511811023622659 ) ) ;
#4985 = LINE ( 'NONE', #6441, #3514 ) ;
#4986 = ORIENTED_EDGE ( 'NONE', *, *, #6386, .T. ) ;
#4987 = CARTESIAN_POINT ( 'NONE',  ( -0.1775662500745890660, -0.1020872380355042908, 0.05905511811023622659 ) ) ;
#4988 = ORIENTED_EDGE ( 'NONE', *, *, #5657, .T. ) ;
#4989 = CARTESIAN_POINT ( 'NONE',  ( -0.2125984251968504046, 0.07086614173228347746, 0.05905511811023622659 ) ) ;
#4990 = ADVANCED_FACE ( 'NONE', ( #121 ), #3313, .T. ) ;
#4991 = FACE_OUTER_BOUND ( 'NONE', #4176, .T. ) ;
#4992 = B_SPLINE_CURVE_WITH_KNOTS ( 'NONE', 3,
 ( #2358, #4483, #1471, #2460 ),
 .UNSPECIFIED., .F., .F.,
 ( 4, 4 ),
 ( 0.0000000000000000000, 1.000000000000000000 ),
 .UNSPECIFIED. ) ;
#4993 = CARTESIAN_POINT ( 'NONE',  ( 0.2551398021727903087, 0.1662751122688397309, -1.985418738898846118E-05 ) ) ;
#4994 = ORIENTED_EDGE ( 'NONE', *, *, #742, .F. ) ;
#4995 = LINE ( 'NONE', #340, #1162 ) ;
#4996 = ORIENTED_EDGE ( 'NONE', *, *, #4828, .T. ) ;
#4997 = VERTEX_POINT ( 'NONE', #686 ) ;
#4998 = CARTESIAN_POINT ( 'NONE',  ( -0.2216535433070866146, -0.03937007874015747977, 0.1968503937008267979 ) ) ;
#4999 = FACE_BOUND ( 'NONE', #4095, .T. ) ;
#5000 = CARTESIAN_POINT ( 'NONE',  ( 0.2125984251968504046, -0.07086614173228347746, 0.1023622047244094752 ) ) ;
#5001 = ORIENTED_EDGE ( 'NONE', *, *, #1099, .T. ) ;
#5002 = PLANE ( 'NONE',  #4053 ) ;
#5003 = CARTESIAN_POINT ( 'NONE',  ( -0.2448742245845275667, 0.1515142157504330844, 0.1967999483674015837 ) ) ;
#5004 = LOCAL_TIME ( 13, 17, 40.00000000000000000, #5994 ) ;
#5005 = ORIENTED_EDGE ( 'NONE', *, *, #1151, .T. ) ;
#5006 = EDGE_CURVE ( 'NONE', #3150, #3326, #3842, .T. ) ;
#5007 = CARTESIAN_POINT ( 'NONE',  ( 0.2453330071901574649, 0.1508785744522047334, 0.1889764188058268013 ) ) ;
#5008 = ORIENTED_EDGE ( 'NONE', *, *, #1376, .F. ) ;
#5009 = CARTESIAN_POINT ( 'NONE',  ( 0.2442730785191987164, 0.1530992469923137533, -0.07873998074171600914 ) ) ;
#5010 = CARTESIAN_POINT ( 'NONE',  ( -0.1618110236220473008, -0.1673228346456692994, -1.462139683168898066E-14 ) ) ;
#5011 = CARTESIAN_POINT ( 'NONE',  ( -0.2503183080875197031, -0.1578296700388976403, 0.1893647769058267871 ) ) ;
#5012 = DIRECTION ( 'NONE',  ( 0.0000000000000000000, 1.000000000000000000, 0.0000000000000000000 ) ) ;
#5013 = ORIENTED_EDGE ( 'NONE', *, *, #4055, .F. ) ;
#5014 = CARTESIAN_POINT ( 'NONE',  ( 0.2438276375198824009, -0.1574865722385119238, -0.07876902381811159981 ) ) ;
#5015 = ORIENTED_EDGE ( 'NONE', *, *, #1458, .F. ) ;
#5016 = FACE_OUTER_BOUND ( 'NONE', #6390, .T. ) ;
#5017 = EDGE_CURVE ( 'NONE', #5027, #5587, #6419, .T. ) ;
#5018 = CARTESIAN_POINT ( 'NONE',  ( -0.1618110236220473008, 0.2041237981004330737, -0.08858267716535435377 ) ) ;
#5019 = CARTESIAN_POINT ( 'NONE',  ( 0.0000000000000000000, 0.1458849386660630021, 0.05019685039370078150 ) ) ;
#5020 = CARTESIAN_POINT ( 'NONE',  ( 0.02444840965674409394, 0.1356299242417716433, 0.07874015748035433082 ) ) ;
#5021 = ORIENTED_EDGE ( 'NONE', *, *, #6711, .F. ) ;
#5022 = EDGE_CURVE ( 'NONE', #6060, #3819, #1711, .T. ) ;
#5023 = DIRECTION ( 'NONE',  ( 0.0000000000000000000, 0.0000000000000000000, 1.000000000000000000 ) ) ;
#5024 = CARTESIAN_POINT ( 'NONE',  ( -0.1618110236220473008, 0.1751968503937007815, 0.01574803149606299191 ) ) ;
#5025 = ORIENTED_EDGE ( 'NONE', *, *, #5082, .F. ) ;
#5026 = CARTESIAN_POINT ( 'NONE',  ( 0.2526132178531810268, 0.1563040050157001870, -0.07235041454104287895 ) ) ;
#5027 = VERTEX_POINT ( 'NONE', #605 ) ;
#5028 = EDGE_CURVE ( 'NONE', #3150, #1068, #3763, .T. ) ;
#5029 = CARTESIAN_POINT ( 'NONE',  ( -0.03824345895492913677, -0.1073958309973622183, 0.08267715246913386051 ) ) ;
#5030 = CARTESIAN_POINT ( 'NONE',  ( -0.2125984251968504046, -0.07086614173228347746, 0.1023622047244094752 ) ) ;
#5031 = EDGE_LOOP ( 'NONE', ( #130, #3095, #1769, #922 ) ) ;
#5032 = CARTESIAN_POINT ( 'NONE',  ( 0.1479594393968503840, 0.1020559392091732465, 0.05815884931657480661 ) ) ;
#5033 = CARTESIAN_POINT ( 'NONE',  ( -0.1618110236220473008, -0.2041237981004330737, -0.08858267716535435377 ) ) ;
#5034 = LINE ( 'NONE', #5077, #1726 ) ;
#5035 = VERTEX_POINT ( 'NONE', #1690 ) ;
#5036 = VECTOR ( 'NONE', #1802, 39.37007874015748143 ) ;
#5037 = AXIS2_PLACEMENT_3D ( 'NONE', #3940, #6049, #6444 ) ;
#5038 = CARTESIAN_POINT ( 'NONE',  ( -0.2437399756379527715, 0.1610628104004724614, -0.07155240744921259610 ) ) ;
#5039 = EDGE_LOOP ( 'NONE', ( #1120, #5302, #264, #1997 ) ) ;
#5040 = CARTESIAN_POINT ( 'NONE',  ( 0.2475882928936479488, 0.1562018904431098920, -0.07876893026777351259 ) ) ;
#5041 = DIRECTION ( 'NONE',  ( 0.0000000000000000000, 0.0000000000000000000, -1.000000000000000000 ) ) ;
#5042 = CARTESIAN_POINT ( 'NONE',  ( -0.2027559055118110243, -0.07086614173228347746, 0.1032283464566929043 ) ) ;
#5043 = ORIENTED_EDGE ( 'NONE', *, *, #3879, .F. ) ;
#5044 = VECTOR ( 'NONE', #1398, 39.37007874015748143 ) ;
#5045 = CARTESIAN_POINT ( 'NONE',  ( 0.1893700438676771680, 0.1138910666925984222, 0.05905511811023622659 ) ) ;
#5046 = AXIS2_PLACEMENT_3D ( 'NONE', #6519, #1755, #1795 ) ;
#5047 = CARTESIAN_POINT ( 'NONE',  ( -0.2165354330708661457, -0.07988696002944881136, 0.07874015748035433082 ) ) ;
#5048 = VECTOR ( 'NONE', #6672, 39.37007874015748143 ) ;
#5049 = AXIS2_PLACEMENT_3D ( 'NONE', #1105, #3770, #5369 ) ;
#5050 = DIRECTION ( 'NONE',  ( 1.000000000000000000, 0.0000000000000000000, 0.0000000000000000000 ) ) ;
#5051 = FACE_OUTER_BOUND ( 'NONE', #3362, .T. ) ;
#5052 = EDGE_CURVE ( 'NONE', #1673, #3832, #5867, .T. ) ;
#5053 = DIRECTION ( 'NONE',  ( -1.000000000000000000, 0.0000000000000000000, 0.0000000000000000000 ) ) ;
#5054 = ORIENTED_EDGE ( 'NONE', *, *, #457, .F. ) ;
#5055 = DIRECTION ( 'NONE',  ( 0.0000000000000000000, 0.0000000000000000000, 1.000000000000000000 ) ) ;
#5056 = CARTESIAN_POINT ( 'NONE',  ( -0.2531988199881132218, -0.1517482264296972083, -0.07586133578242240660 ) ) ;
#5057 = ORIENTED_EDGE ( 'NONE', *, *, #2369, .T. ) ;
#5058 = CIRCLE ( 'NONE', #1960, 0.007873938488984265002 ) ;
#5059 = CIRCLE ( 'NONE', #3598, 0.02559055118110235491 ) ;
#5060 = B_SPLINE_CURVE_WITH_KNOTS ( 'NONE', 3,
 ( #2022, #4159, #5272, #5304, #542, #25 ),
 .UNSPECIFIED., .F., .F.,
 ( 4, 2, 4 ),
 ( 0.0000000000000000000, 0.5000000000000000000, 1.000000000000000000 ),
 .UNSPECIFIED. ) ;
#5061 = CARTESIAN_POINT ( 'NONE',  ( 0.02444840965681889869, -0.1356299242417716433, 0.07874015748035433082 ) ) ;
#5062 = VECTOR ( 'NONE', #114, 39.37007874015748143 ) ;
#5063 = CARTESIAN_POINT ( 'NONE',  ( -0.06181102362204724671, -0.1850258812475984449, -0.009327402005539369573 ) ) ;
#5064 = EDGE_CURVE ( 'NONE', #2850, #2304, #5361, .T. ) ;
#5065 = VERTEX_POINT ( 'NONE', #2192 ) ;
#5066 = DIRECTION ( 'NONE',  ( 0.0000000000000000000, 0.0000000000000000000, 1.000000000000000000 ) ) ;
#5067 = VERTEX_POINT ( 'NONE', #1100 ) ;
#5068 = VECTOR ( 'NONE', #2355, 39.37007874015748143 ) ;
#5069 = ADVANCED_FACE ( 'NONE', ( #4838 ), #1625, .F. ) ;
#5070 = CARTESIAN_POINT ( 'NONE',  ( 0.1618110236220473008, -0.2244094488188976555, -0.08858267716535435377 ) ) ;
#5071 = CARTESIAN_POINT ( 'NONE',  ( -0.06181102362204724671, -0.1240157480314960647, 0.09055118110236221041 ) ) ;
#5072 = EDGE_CURVE ( 'NONE', #6103, #934, #2924, .T. ) ;
#5073 = LINE ( 'NONE', #6618, #1306 ) ;
#5074 = CIRCLE ( 'NONE', #4953, 0.1968503937007874127 ) ;
#5075 = ORIENTED_EDGE ( 'NONE', *, *, #3670, .T. ) ;
#5076 = CARTESIAN_POINT ( 'NONE',  ( 0.1524724864511417532, 0.1020872741135433054, 0.05905511811023622659 ) ) ;
#5077 = CARTESIAN_POINT ( 'NONE',  ( 0.1618110236220473008, 0.1850258812475984449, -0.009327402005535433485 ) ) ;
#5078 = CARTESIAN_POINT ( 'NONE',  ( -0.1381889763779527436, 0.2007523306137795338, -0.008503213718098425258 ) ) ;
#5079 = VERTEX_POINT ( 'NONE', #5186 ) ;
#5080 = CARTESIAN_POINT ( 'NONE',  ( -0.1886826620178807534, 0.1145784834233249810, 0.07874015748035433082 ) ) ;
#5081 = ORIENTED_EDGE ( 'NONE', *, *, #870, .T. ) ;
#5082 = EDGE_CURVE ( 'NONE', #6077, #2541, #3672, .T. ) ;
#5083 = CARTESIAN_POINT ( 'NONE',  ( 0.2454495744947180202, 0.1521791278318518903, -0.07873998074171600914 ) ) ;
#5084 = CARTESIAN_POINT ( 'NONE',  ( -0.2165354330708661457, 0.07988696002944881136, 0.1023622047244094752 ) ) ;
#5085 = LINE ( 'NONE', #2427, #5363 ) ;
#5086 = ORIENTED_EDGE ( 'NONE', *, *, #1340, .F. ) ;
#5087 = CYLINDRICAL_SURFACE ( 'NONE', #4254, 0.009842519685039378616 ) ;
#5088 = VERTEX_POINT ( 'NONE', #2024 ) ;
#5089 = CIRCLE ( 'NONE', #1771, 0.003937007874015749712 ) ;
#5090 = CARTESIAN_POINT ( 'NONE',  ( -0.2125984251968504046, 0.0000000000000000000, 0.1023622047244094752 ) ) ;
#5091 = LINE ( 'NONE', #1339, #1762 ) ;
#5092 = PRODUCT ( 'CUI_PDSE1-S5-S5-M', 'CUI_PDSE1-S5-S5-M', '', ( #614 ) ) ;
#5093 = CARTESIAN_POINT ( 'NONE',  ( 0.1886826620178740366, -0.1448881844187795143, 0.07874015748035433082 ) ) ;
#5094 = ORIENTED_EDGE ( 'NONE', *, *, #3189, .F. ) ;
#5095 = DIRECTION ( 'NONE',  ( 0.0000000000000000000, 0.0000000000000000000, -1.000000000000000000 ) ) ;
#5096 = CARTESIAN_POINT ( 'NONE',  ( -0.2498171171923673217, -0.1528175898681473077, -0.07876896696629009931 ) ) ;
#5097 = EDGE_CURVE ( 'NONE', #4662, #5325, #3609, .T. ) ;
#5098 = CARTESIAN_POINT ( 'NONE',  ( -0.2561392216563385671, 0.1637439299978740159, 0.02165432068650000041 ) ) ;
#5099 = CARTESIAN_POINT ( 'NONE',  ( 0.1893700613039250025, 0.1138910601931842348, 0.05905511811023609475 ) ) ;
#5100 = VERTEX_POINT ( 'NONE', #4671 ) ;
#5101 = CARTESIAN_POINT ( 'NONE',  ( -0.1767400079183979178, -0.1029121336712948559, 0.08267715964847925647 ) ) ;
#5102 = ADVANCED_FACE ( 'NONE', ( #617 ), #5917, .F. ) ;
#5103 = ORIENTED_EDGE ( 'NONE', *, *, #1664, .F. ) ;
#5104 = CARTESIAN_POINT ( 'NONE',  ( 0.07654335419807088703, -0.1344617620041338724, -0.05511811020696851665 ) ) ;
#5105 = DIRECTION ( 'NONE',  ( 0.0000000000000000000, 0.05233595624266938057, 0.9986295347545881551 ) ) ;
#5106 = ORIENTED_EDGE ( 'NONE', *, *, #6474, .F. ) ;
#5107 = LINE ( 'NONE', #2310, #287 ) ;
#5108 = FACE_OUTER_BOUND ( 'NONE', #4191, .T. ) ;
#5109 = ORIENTED_EDGE ( 'NONE', *, *, #4568, .F. ) ;
#5110 = ADVANCED_FACE ( 'NONE', ( #6648 ), #5547, .T. ) ;
#5111 = CARTESIAN_POINT ( 'NONE',  ( -0.05000000000000000278, -0.1248710670353937319, 0.1023622047244094474 ) ) ;
#5112 = VERTEX_POINT ( 'NONE', #5033 ) ;
#5113 = CARTESIAN_POINT ( 'NONE',  ( 0.2453228530094868354, 0.1523770285316491946, -0.07873998074171600914 ) ) ;
#5114 = ORIENTED_EDGE ( 'NONE', *, *, #3080, .F. ) ;
#5115 = FACE_OUTER_BOUND ( 'NONE', #2799, .T. ) ;
#5116 = DIRECTION ( 'NONE',  ( 0.0000000000000000000, 1.000000000000000000, 0.0000000000000000000 ) ) ;
#5117 = ORIENTED_EDGE ( 'NONE', *, *, #3735, .T. ) ;
#5118 = FACE_OUTER_BOUND ( 'NONE', #1991, .T. ) ;
#5119 = ORIENTED_EDGE ( 'NONE', *, *, #2888, .T. ) ;
#5120 = EDGE_CURVE ( 'NONE', #4485, #1350, #834, .T. ) ;
#5121 = LINE ( 'NONE', #6177, #3688 ) ;
#5122 = LINE ( 'NONE', #2402, #516 ) ;
#5123 = CARTESIAN_POINT ( 'NONE',  ( -0.2433659566591732382, 0.1528448748346456776, 0.1889763779527559029 ) ) ;
#5124 = VERTEX_POINT ( 'NONE', #278 ) ;
#5125 = LINE ( 'NONE', #1974, #4695 ) ;
#5126 = DIRECTION ( 'NONE',  ( 1.000000000000000000, 0.0000000000000000000, 0.0000000000000000000 ) ) ;
#5127 = CARTESIAN_POINT ( 'NONE',  ( -0.2165354330708661457, 0.06184532343511810887, 0.07874015748035433082 ) ) ;
#5128 = CARTESIAN_POINT ( 'NONE',  ( 0.1857884542154695229, 0.1056640125574310057, 0.08267716535433070058 ) ) ;
#5129 = VERTEX_POINT ( 'NONE', #703 ) ;
#5130 = EDGE_CURVE ( 'NONE', #4676, #6461, #3330, .T. ) ;
#5131 = DIRECTION ( 'NONE',  ( 0.0000000000000000000, 1.000000000000000000, -3.745122575830999832E-13 ) ) ;
#5132 = CARTESIAN_POINT ( 'NONE',  ( 0.1893700787401530194, -0.1069748031477097405, 0.05905511811023621965 ) ) ;
#5133 = ORIENTED_EDGE ( 'NONE', *, *, #5446, .T. ) ;
#5134 = CARTESIAN_POINT ( 'NONE',  ( -0.2491338638397942451, -0.1665616463167884920, 0.02178137496434794790 ) ) ;
#5135 = EDGE_CURVE ( 'NONE', #2822, #770, #3062, .T. ) ;
#5136 = CARTESIAN_POINT ( 'NONE',  ( -0.1876627962017716478, 0.1102362204724409434, 0.08267716535433072833 ) ) ;
#5137 = CARTESIAN_POINT ( 'NONE',  ( -0.2516091952690670541, 0.1571988440167767787, -0.07155240743413665561 ) ) ;
#5138 = ORIENTED_EDGE ( 'NONE', *, *, #2935, .T. ) ;
#5139 = DIRECTION ( 'NONE',  ( 0.0000000000000000000, 0.0000000000000000000, -1.000000000000000000 ) ) ;
#5140 = ORIENTED_EDGE ( 'NONE', *, *, #3563, .T. ) ;
#5141 = CYLINDRICAL_SURFACE ( 'NONE', #6821, 0.01968885933172048394 ) ;
#5142 = ORIENTED_EDGE ( 'NONE', *, *, #4554, .T. ) ;
#5143 = LINE ( 'NONE', #5010, #6585 ) ;
#5144 = EDGE_CURVE ( 'NONE', #1220, #2243, #707, .T. ) ;
#5145 = CARTESIAN_POINT ( 'NONE',  ( -0.2532102014290945058, 0.1508776079792519820, 0.1892514469425984058 ) ) ;
#5146 = ORIENTED_EDGE ( 'NONE', *, *, #2662, .T. ) ;
#5147 = LINE ( 'NONE', #1335, #4054 ) ;
#5148 = VERTEX_POINT ( 'NONE', #4379 ) ;
#5149 = VECTOR ( 'NONE', #3733, 39.37007874015748143 ) ;
#5150 = VECTOR ( 'NONE', #2056, 39.37007874015748143 ) ;
#5151 = LINE ( 'NONE', #5595, #476 ) ;
#5152 = LINE ( 'NONE', #3109, #1315 ) ;
#5153 = AXIS2_PLACEMENT_3D ( 'NONE', #6403, #3292, #2179 ) ;
#5154 = ADVANCED_FACE ( 'NONE', ( #1681 ), #785, .T. ) ;
#5155 = LINE ( 'NONE', #949, #1267 ) ;
#5156 = EDGE_CURVE ( 'NONE', #6156, #4284, #3481, .T. ) ;
#5157 = EDGE_LOOP ( 'NONE', ( #4434, #4211, #6807, #2317, #2347, #3170, #3660 ) ) ;
#5158 = CARTESIAN_POINT ( 'NONE',  ( -0.2532055124055919704, -0.1513176805445773099, -0.07586133578242240660 ) ) ;
#5159 = CIRCLE ( 'NONE', #3242, 0.001966650524162203567 ) ;
#5160 = CIRCLE ( 'NONE', #3695, 0.01574803149606299885 ) ;
#5161 = DIRECTION ( 'NONE',  ( 0.0000000000000000000, 0.9986295347552653912, -0.05233595622974857031 ) ) ;
#5162 = FACE_OUTER_BOUND ( 'NONE', #4701, .T. ) ;
#5163 = ADVANCED_FACE ( 'NONE', ( #3902 ), #110, .T. ) ;
#5164 = VERTEX_POINT ( 'NONE', #4864 ) ;
#5165 = DIRECTION ( 'NONE',  ( -1.000000000000000000, 0.0000000000000000000, 0.0000000000000000000 ) ) ;
#5166 = AXIS2_PLACEMENT_3D ( 'NONE', #5614, #3432, #2419 ) ;
#5167 = VECTOR ( 'NONE', #2023, 39.37007874015748143 ) ;
#5168 = FACE_OUTER_BOUND ( 'NONE', #680, .T. ) ;
#5169 =( BOUNDED_CURVE ( )  B_SPLINE_CURVE ( 3, ( #4440, #6040, #739, #5381 ),
 .UNSPECIFIED., .F., .T. ) 
 B_SPLINE_CURVE_WITH_KNOTS ( ( 4, 4 ),
 ( 0.4084627285550353482, 0.7847891758103859861 ),
 .UNSPECIFIED. ) 
 CURVE ( )  GEOMETRIC_REPRESENTATION_ITEM ( )  RATIONAL_B_SPLINE_CURVE ( ( 1.000000000000000000, 0.9882329799743599930, 0.9882329799743599930, 1.000000000000000000 ) ) 
 REPRESENTATION_ITEM ( '' )  );
#5170 = CARTESIAN_POINT ( 'NONE',  ( 0.2027559055118110243, -0.07086614173228347746, 0.05905511811023622659 ) ) ;
#5171 = VERTEX_POINT ( 'NONE', #2214 ) ;
#5172 = CARTESIAN_POINT ( 'NONE',  ( 0.1373336573740551181, -0.1751968503937007815, -0.009842519685039369942 ) ) ;
#5173 = VECTOR ( 'NONE', #5430, 39.37007874015748143 ) ;
#5174 = ORIENTED_EDGE ( 'NONE', *, *, #854, .T. ) ;
#5175 = EDGE_CURVE ( 'NONE', #5238, #5972, #1485, .T. ) ;
#5176 = CARTESIAN_POINT ( 'NONE',  ( -0.1381889763779527436, 0.2244094488188976555, -0.07283464566929134798 ) ) ;
#5177 = ORIENTED_EDGE ( 'NONE', *, *, #3908, .F. ) ;
#5178 = DIRECTION ( 'NONE',  ( -1.000000000000000000, 0.0000000000000000000, 0.0000000000000000000 ) ) ;
#5179 = ORIENTED_EDGE ( 'NONE', *, *, #923, .T. ) ;
#5180 = DIRECTION ( 'NONE',  ( -1.000000000000000000, -1.577685350783000155E-14, 0.0000000000000000000 ) ) ;
#5181 = FACE_OUTER_BOUND ( 'NONE', #1924, .T. ) ;
#5182 = EDGE_LOOP ( 'NONE', ( #1214, #1748, #1892, #3232 ) ) ;
#5183 = DIRECTION ( 'NONE',  ( 1.110223024625000030E-14, -1.000000000000000000, 0.0000000000000000000 ) ) ;
#5184 = VERTEX_POINT ( 'NONE', #2737 ) ;
#5185 = VECTOR ( 'NONE', #5671, 39.37007874015748143 ) ;
#5186 = CARTESIAN_POINT ( 'NONE',  ( -0.06181102362204724671, -0.2244094488188976555, -0.07283464566929134798 ) ) ;
#5187 = EDGE_CURVE ( 'NONE', #2194, #185, #2892, .T. ) ;
#5188 = CARTESIAN_POINT ( 'NONE',  ( 0.01719934017248819433, 0.1349567911100787443, 0.07874015748035433082 ) ) ;
#5189 = CIRCLE ( 'NONE', #3064, 0.02559055118110236879 ) ;
#5190 = FACE_OUTER_BOUND ( 'NONE', #5735, .T. ) ;
#5191 = CARTESIAN_POINT ( 'NONE',  ( -0.2165354330708661457, -0.1102362204724409434, 0.1653543307087008141 ) ) ;
#5192 = CARTESIAN_POINT ( 'NONE',  ( 0.2561903108286912034, 0.1636709926375326529, 0.02165355451958470012 ) ) ;
#5193 = ORIENTED_EDGE ( 'NONE', *, *, #2928, .T. ) ;
#5194 = CARTESIAN_POINT ( 'NONE',  ( -0.2456856173270402233, -0.1512202901016443113, -0.07873998029003977106 ) ) ;
#5195 = CIRCLE ( 'NONE', #2724, 0.02559055118110235491 ) ;
#5196 = EDGE_CURVE ( 'NONE', #3957, #1250, #5224, .T. ) ;
#5197 = DIRECTION ( 'NONE',  ( 0.0000000000000000000, 0.0000000000000000000, 1.000000000000000000 ) ) ;
#5198 = CARTESIAN_POINT ( 'NONE',  ( 0.1767413500078572897, 0.1029121381022330001, 0.08267716535433072833 ) ) ;
#5199 = VERTEX_POINT ( 'NONE', #4987 ) ;
#5200 = EDGE_CURVE ( 'NONE', #4764, #6135, #4384, .T. ) ;
#5201 = CARTESIAN_POINT ( 'NONE',  ( -0.1618110236220473008, -0.1751968503937007815, -0.009842519685039369942 ) ) ;
#5202 = ORIENTED_EDGE ( 'NONE', *, *, #5200, .T. ) ;
#5203 = CARTESIAN_POINT ( 'NONE',  ( -0.2509198622596564010, -0.1665692330508533048, 0.02184400833807102413 ) ) ;
#5204 = DIRECTION ( 'NONE',  ( 0.0000000000000000000, 0.0000000000000000000, -1.000000000000000000 ) ) ;
#5205 =( BOUNDED_CURVE ( )  B_SPLINE_CURVE ( 3, ( #5198, #1417, #5128, #3061 ),
 .UNSPECIFIED., .F., .T. ) 
 B_SPLINE_CURVE_WITH_KNOTS ( ( 4, 4 ),
 ( 2.356803477775758271, 3.537509312048102039 ),
 .UNSPECIFIED. ) 
 CURVE ( )  GEOMETRIC_REPRESENTATION_ITEM ( )  RATIONAL_B_SPLINE_CURVE ( ( 1.000000000000000000, 0.8871628520122101236, 0.8871628520122101236, 1.000000000000000000 ) ) 
 REPRESENTATION_ITEM ( '' )  );
#5206 = CARTESIAN_POINT ( 'NONE',  ( -0.1566929133858267764, -0.1102362204724409434, 0.1220472440945275794 ) ) ;
#5207 = DIRECTION ( 'NONE',  ( -0.4919999999999962736, -0.8705951987002934489, 0.0000000000000000000 ) ) ;
#5208 = CARTESIAN_POINT ( 'NONE',  ( -0.1381889763779527436, 0.1883973487342519848, -0.07365883395677165491 ) ) ;
#5209 = CARTESIAN_POINT ( 'NONE',  ( 0.2457384424466535489, -0.1572691015737795184, -0.07086614173228347746 ) ) ;
#5210 = CARTESIAN_POINT ( 'NONE',  ( -0.2551900894479377513, 0.1664599319478196615, 0.0004178620202424774177 ) ) ;
#5211 = ADVANCED_FACE ( 'NONE', ( #6563 ), #1268, .F. ) ;
#5212 = ORIENTED_EDGE ( 'NONE', *, *, #4422, .F. ) ;
#5213 = DIRECTION ( 'NONE',  ( 1.000000000000000000, 0.0000000000000000000, 0.0000000000000000000 ) ) ;
#5214 = CARTESIAN_POINT ( 'NONE',  ( -0.2529026281714700231, 0.1536119061530809293, 0.1893174390761258874 ) ) ;
#5215 = CARTESIAN_POINT ( 'NONE',  ( -0.04614377245601545413, 0.1029105854312710594, 0.08267716535433072833 ) ) ;
#5216 = DIRECTION ( 'NONE',  ( 1.000000000000000000, 0.0000000000000000000, 0.0000000000000000000 ) ) ;
#5217 = DIRECTION ( 'NONE',  ( 1.000000000000000000, 0.0000000000000000000, 0.0000000000000000000 ) ) ;
#5218 = ORIENTED_EDGE ( 'NONE', *, *, #5890, .F. ) ;
#5219 = CYLINDRICAL_SURFACE ( 'NONE', #2825, 0.01574803149606299885 ) ;
#5220 = EDGE_CURVE ( 'NONE', #736, #5282, #6786, .T. ) ;
#5221 = LOCAL_TIME ( 13, 17, 40.00000000000000000, #4884 ) ;
#5222 = CARTESIAN_POINT ( 'NONE',  ( 0.0000000000000000000, -0.06114078714570865547, 0.08267716535433072833 ) ) ;
#5223 = LINE ( 'NONE', #6799, #6823 ) ;
#5224 = B_SPLINE_CURVE_WITH_KNOTS ( 'NONE', 3,
 ( #6528, #2330, #6011, #672, #3829, #227 ),
 .UNSPECIFIED., .F., .F.,
 ( 4, 1, 1, 4 ),
 ( 8.487876312790145665E-05, 0.3333333333333000081, 0.6666666666667000474, 1.000000000000000000 ),
 .UNSPECIFIED. ) ;
#5225 = VERTEX_POINT ( 'NONE', #6490 ) ;
#5226 = DIRECTION ( 'NONE',  ( -1.000000000000000000, 0.0000000000000000000, 0.0000000000000000000 ) ) ;
#5227 = EDGE_CURVE ( 'NONE', #2296, #878, #3789, .T. ) ;
#5228 = ORIENTED_EDGE ( 'NONE', *, *, #398, .T. ) ;
#5229 = CARTESIAN_POINT ( 'NONE',  ( 0.07555160667799212804, -0.1356299242418504136, 0.07874015748035433082 ) ) ;
#5230 = CARTESIAN_POINT ( 'NONE',  ( -0.1713548859219151954, 0.1020872380355269671, 0.05905511811024016094 ) ) ;
#5231 = ADVANCED_FACE ( 'NONE', ( #1721 ), #5534, .F. ) ;
#5232 = EDGE_LOOP ( 'NONE', ( #1776, #6846, #3709, #428, #2560, #4741, #709, #6606, #6021, #6782, #470, #5872 ) ) ;
#5233 = CARTESIAN_POINT ( 'NONE',  ( -0.2453332564055118459, 0.03937007874015747977, 0.1968503937007874127 ) ) ;
#5234 = CARTESIAN_POINT ( 'NONE',  ( 0.2450553128133113878, 0.1526664727311319580, -0.07873998132314641296 ) ) ;
#5235 = LINE ( 'NONE', #2583, #3487 ) ;
#5236 = DIRECTION ( 'NONE',  ( 0.0000000000000000000, 0.9993908270190794418, 0.03489949670296928208 ) ) ;
#5237 =( LENGTH_UNIT ( ) NAMED_UNIT ( * ) SI_UNIT ( $, .METRE. ) );
#5238 = VERTEX_POINT ( 'NONE', #3260 ) ;
#5239 = LINE ( 'NONE', #979, #5150 ) ;
#5240 = CARTESIAN_POINT ( 'NONE',  ( -0.2562285643966141779, -0.1636548353905117881, 0.02165432764202362276 ) ) ;
#5241 = DIRECTION ( 'NONE',  ( 1.000000000000000000, 0.0000000000000000000, 0.0000000000000000000 ) ) ;
#5242 = ORIENTED_EDGE ( 'NONE', *, *, #1014, .F. ) ;
#5243 = LINE ( 'NONE', #2089, #5371 ) ;
#5244 = VECTOR ( 'NONE', #2819, 39.37007874015748143 ) ;
#5245 = ORIENTED_EDGE ( 'NONE', *, *, #6711, .T. ) ;
#5246 = AXIS2_PLACEMENT_3D ( 'NONE', #5123, #5053, #2403 ) ;
#5247 = EDGE_CURVE ( 'NONE', #520, #4436, #5390, .T. ) ;
#5248 = FACE_OUTER_BOUND ( 'NONE', #3693, .T. ) ;
#5249 = FACE_OUTER_BOUND ( 'NONE', #2773, .T. ) ;
#5250 = ORIENTED_EDGE ( 'NONE', *, *, #2193, .F. ) ;
#5251 = CARTESIAN_POINT ( 'NONE',  ( 0.1618110236220473008, 0.2244094488188976555, -0.08858267716535435377 ) ) ;
#5252 = VECTOR ( 'NONE', #3174, 39.37007874015748143 ) ;
#5253 = AXIS2_PLACEMENT_3D ( 'NONE', #6318, #1584, #6195 ) ;
#5254 = EDGE_CURVE ( 'NONE', #177, #1218, #1253, .T. ) ;
#5255 = EDGE_CURVE ( 'NONE', #1649, #4072, #1767, .T. ) ;
#5256 = AXIS2_PLACEMENT_3D ( 'NONE', #4308, #3876, #5983 ) ;
#5257 = CIRCLE ( 'NONE', #165, 0.009842519685039378616 ) ;
#5258 = CARTESIAN_POINT ( 'NONE',  ( -0.05075182479929134932, 0.1029097334688188897, 0.08267721660082680279 ) ) ;
#5259 = ORIENTED_EDGE ( 'NONE', *, *, #1585, .T. ) ;
#5260 = CARTESIAN_POINT ( 'NONE',  ( -0.2532024797718110398, -0.03937007874015747977, 0.1892511771393307340 ) ) ;
#5261 = LINE ( 'NONE', #534, #1386 ) ;
#5262 = CARTESIAN_POINT ( 'NONE',  ( -0.2529216214542444607, 0.1536206909145369504, -0.07586135892087482457 ) ) ;
#5263 = EDGE_LOOP ( 'NONE', ( #3236, #874, #5884, #6715, #6429, #2234, #4179, #2003 ) ) ;
#5264 = EDGE_CURVE ( 'NONE', #988, #2309, #3518, .T. ) ;
#5265 = EDGE_CURVE ( 'NONE', #3797, #4058, #5155, .T. ) ;
#5266 = PLANE ( 'NONE',  #734 ) ;
#5267 = ORIENTED_EDGE ( 'NONE', *, *, #3397, .F. ) ;
#5268 = CARTESIAN_POINT ( 'NONE',  ( 0.2439924791020861017, 0.1531852878358662684, -0.07874015859945117379 ) ) ;
#5269 = VECTOR ( 'NONE', #6736, 39.37007874015748854 ) ;
#5270 = ORIENTED_EDGE ( 'NONE', *, *, #4331, .T. ) ;
#5271 = DIRECTION ( 'NONE',  ( 0.0000000000000000000, 1.000000000000000000, 0.0000000000000000000 ) ) ;
#5272 = CARTESIAN_POINT ( 'NONE',  ( -0.2551398078409506942, -0.1662751089694982365, -1.985394993342606980E-05 ) ) ;
#5273 = VERTEX_POINT ( 'NONE', #916 ) ;
#5274 = DIRECTION ( 'NONE',  ( 2.222464636567999846E-13, -5.228141152326000614E-14, -1.000000000000000000 ) ) ;
#5275 = VERTEX_POINT ( 'NONE', #3576 ) ;
#5276 = AXIS2_PLACEMENT_3D ( 'NONE', #6400, #134, #68 ) ;
#5277 = EDGE_CURVE ( 'NONE', #3811, #1791, #6113, .T. ) ;
#5278 = CARTESIAN_POINT ( 'NONE',  ( 0.02345664578948818829, 0.1344617620042126149, -0.05511811020732283045 ) ) ;
#5279 = CARTESIAN_POINT ( 'NONE',  ( -0.2453332121424803558, 0.1508775632684645762, 0.1968503595071653678 ) ) ;
#5280 = DIRECTION ( 'NONE',  ( 7.806255641979936493E-12, 0.9993908270191187437, 0.03489949670184495922 ) ) ;
#5281 = PLANE ( 'NONE',  #1383 ) ;
#5282 = VERTEX_POINT ( 'NONE', #5661 ) ;
#5283 = VECTOR ( 'NONE', #1185, 39.37007874015748143 ) ;
#5284 = LINE ( 'NONE', #4197, #6697 ) ;
#5285 = CIRCLE ( 'NONE', #2287, 0.03937007874015747977 ) ;
#5286 = CARTESIAN_POINT ( 'NONE',  ( -0.2393700787401575047, -0.1018885341048819115, 0.02165354330710629951 ) ) ;
#5287 = CARTESIAN_POINT ( 'NONE',  ( 0.2577057430098819713, -0.1569275969659843228, 0.1936908405939763711 ) ) ;
#5288 = EDGE_LOOP ( 'NONE', ( #5598, #230, #2492, #4800 ) ) ;
#5289 = CARTESIAN_POINT ( 'NONE',  ( -0.04966181935057746577, -0.09809935695474140960, -0.05511811023622047861 ) ) ;
#5290 = AXIS2_PLACEMENT_3D ( 'NONE', #3648, #5, #3747 ) ;
#5291 = EDGE_CURVE ( 'NONE', #772, #3903, #5563, .T. ) ;
#5292 = CARTESIAN_POINT ( 'NONE',  ( -0.04041913853842750426, 0.1045255335452077022, -0.009186351706036689768 ) ) ;
#5293 = ORIENTED_EDGE ( 'NONE', *, *, #2708, .T. ) ;
#5294 = CARTESIAN_POINT ( 'NONE',  ( 0.2532102014485827501, -0.1508775922499606681, 0.1892514464477165759 ) ) ;
#5295 = CARTESIAN_POINT ( 'NONE',  ( 0.01707194319652756073, 0.1349679231546063174, 0.08267716535433072833 ) ) ;
#5296 = CARTESIAN_POINT ( 'NONE',  ( -0.2468345135398025414, 0.1567013797151167731, -0.07876899266994299986 ) ) ;
#5297 = EDGE_CURVE ( 'NONE', #878, #2783, #5689, .T. ) ;
#5298 = CARTESIAN_POINT ( 'NONE',  ( -0.2594644404877952670, 1.973049894944094535E-14, 0.01082677165349606174 ) ) ;
#5299 = ORIENTED_EDGE ( 'NONE', *, *, #4622, .F. ) ;
#5300 = CARTESIAN_POINT ( 'NONE',  ( 0.2165354330708661457, -0.1102362204724409434, 0.1653543307087008141 ) ) ;
#5301 = LINE ( 'NONE', #59, #3513 ) ;
#5302 = ORIENTED_EDGE ( 'NONE', *, *, #5769, .F. ) ;
#5303 = CARTESIAN_POINT ( 'NONE',  ( 0.05000000000000000278, 0.0000000000000000000, 0.01377952755918897612 ) ) ;
#5304 = CARTESIAN_POINT ( 'NONE',  ( -0.2587947938625479449, -0.1626201230487361316, -1.985395882806988374E-05 ) ) ;
#5305 = DIRECTION ( 'NONE',  ( 0.0000000000000000000, 0.0000000000000000000, -1.000000000000000000 ) ) ;
#5306 = ORIENTED_EDGE ( 'NONE', *, *, #3160, .T. ) ;
#5307 =( CONVERSION_BASED_UNIT ( 'INCH', #975 ) LENGTH_UNIT ( ) NAMED_UNIT ( #4952 ) );
#5308 = VERTEX_POINT ( 'NONE', #3019 ) ;
#5309 = ADVANCED_FACE ( 'NONE', ( #6700 ), #3480, .T. ) ;
#5310 = CARTESIAN_POINT ( 'NONE',  ( 0.05000000000000000278, 0.0000000000000000000, 0.01377952547818110315 ) ) ;
#5311 = CARTESIAN_POINT ( 'NONE',  ( -0.2224409448818897850, -0.07086614173228347746, 0.07874015748035433082 ) ) ;
#5312 = CARTESIAN_POINT ( 'NONE',  ( 0.1436820428642913428, 0.1025690320388976395, 0.07285189322188977135 ) ) ;
#5313 = DIRECTION ( 'NONE',  ( 0.0000000000000000000, 0.03489949670277951721, 0.9993908270190859922 ) ) ;
#5314 = DIRECTION ( 'NONE',  ( 0.0000000000000000000, 1.000000000000000000, 0.0000000000000000000 ) ) ;
#5315 = ORIENTED_EDGE ( 'NONE', *, *, #6340, .T. ) ;
#5316 = CARTESIAN_POINT ( 'NONE',  ( -0.1381889763779527436, 0.2078598790717716693, -0.07283464566929134798 ) ) ;
#5317 = EDGE_CURVE ( 'NONE', #3072, #2188, #5590, .T. ) ;
#5318 = CARTESIAN_POINT ( 'NONE',  ( -0.1626663426259448708, 0.1751968503937007815, -0.009842519685039369942 ) ) ;
#5319 = DIRECTION ( 'NONE',  ( 1.000000000000000000, 1.621509943860999992E-14, 0.0000000000000000000 ) ) ;
#5320 = DIRECTION ( 'NONE',  ( 0.0000000000000000000, -1.000000000000000000, 0.0000000000000000000 ) ) ;
#5321 = ORIENTED_EDGE ( 'NONE', *, *, #3727, .F. ) ;
#5322 = CARTESIAN_POINT ( 'NONE',  ( -0.2125984251968504046, 0.07086614173228347746, 0.07874015748035433082 ) ) ;
#5323 = LOCAL_TIME ( 13, 17, 40.00000000000000000, #129 ) ;
#5324 = EDGE_CURVE ( 'NONE', #4107, #2841, #4478, .T. ) ;
#5325 = VERTEX_POINT ( 'NONE', #2002 ) ;
#5326 = DIRECTION ( 'NONE',  ( 0.0000000000000000000, 0.9986295347545882661, -0.05233595624266938751 ) ) ;
#5327 = DIRECTION ( 'NONE',  ( 1.000000000000000000, 0.0000000000000000000, 0.0000000000000000000 ) ) ;
#5328 = ORIENTED_EDGE ( 'NONE', *, *, #3802, .T. ) ;
#5329 = VERTEX_POINT ( 'NONE', #4582 ) ;
#5330 = ADVANCED_FACE ( 'NONE', ( #6148 ), #4520, .T. ) ;
#5331 = PLANE ( 'NONE',  #5506 ) ;
#5332 = ORIENTED_EDGE ( 'NONE', *, *, #5993, .F. ) ;
#5333 = DIRECTION ( 'NONE',  ( 0.9993908270190972054, 0.0000000000000000000, 0.03489949670245990482 ) ) ;
#5334 = CARTESIAN_POINT ( 'NONE',  ( -0.2165354330708661457, 0.07988696002944881136, 0.07874015748035433082 ) ) ;
#5335 = DIRECTION ( 'NONE',  ( 0.0000000000000000000, 0.0000000000000000000, -1.000000000000000000 ) ) ;
#5336 = ORIENTED_EDGE ( 'NONE', *, *, #1358, .T. ) ;
#5337 = B_SPLINE_CURVE_WITH_KNOTS ( 'NONE', 3,
 ( #408, #6840, #3632, #966, #3662, #2071 ),
 .UNSPECIFIED., .F., .F.,
 ( 4, 1, 1, 4 ),
 ( 0.0000000000000000000, 0.3333333333333000081, 0.6666666666667000474, 1.000000000000000000 ),
 .UNSPECIFIED. ) ;
#5338 = CARTESIAN_POINT ( 'NONE',  ( 0.2580132170557099536, 0.1618203085541727315, 0.02169999985923242586 ) ) ;
#5339 = ORIENTED_EDGE ( 'NONE', *, *, #2484, .F. ) ;
#5340 = EDGE_CURVE ( 'NONE', #82, #81, #2225, .T. ) ;
#5341 = DIRECTION ( 'NONE',  ( 0.0000000000000000000, 1.000000000000000000, 0.0000000000000000000 ) ) ;
#5342 = FACE_OUTER_BOUND ( 'NONE', #4263, .T. ) ;
#5343 = DIRECTION ( 'NONE',  ( 0.0000000000000000000, 0.9986295347552653912, -0.05233595622974857031 ) ) ;
#5344 = ORIENTED_EDGE ( 'NONE', *, *, #3230, .T. ) ;
#5345 = DIRECTION ( 'NONE',  ( 0.0000000000000000000, 0.0000000000000000000, -1.000000000000000000 ) ) ;
#5346 = EDGE_CURVE ( 'NONE', #6619, #323, #274, .T. ) ;
#5347 = CARTESIAN_POINT ( 'NONE',  ( -0.1618110236220473008, -0.1673228346456692994, -1.462139683168898066E-14 ) ) ;
#5348 = FACE_OUTER_BOUND ( 'NONE', #4032, .T. ) ;
#5349 = ORIENTED_EDGE ( 'NONE', *, *, #4276, .T. ) ;
#5350 = CARTESIAN_POINT ( 'NONE',  ( -0.05453501589578740177, -0.09809844864539371545, -0.05511807198771653815 ) ) ;
#5351 = VERTEX_POINT ( 'NONE', #5093 ) ;
#5352 = VECTOR ( 'NONE', #6617, 39.37007874015748143 ) ;
#5353 = ADVANCED_FACE ( 'NONE', ( #2626 ), #4749, .T. ) ;
#5354 = CARTESIAN_POINT ( 'NONE',  ( 0.2492312020946456930, 0.1665666935222441247, 0.02165358357906693038 ) ) ;
#5355 = ORIENTED_EDGE ( 'NONE', *, *, #3762, .F. ) ;
#5356 = DIRECTION ( 'NONE',  ( 1.000000000000000000, 0.0000000000000000000, 0.0000000000000000000 ) ) ;
#5357 = VECTOR ( 'NONE', #4861, 39.37007874015748143 ) ;
#5358 = VECTOR ( 'NONE', #1568, 39.37007874015748143 ) ;
#5359 = DIRECTION ( 'NONE',  ( -1.000000000000000000, 0.0000000000000000000, 0.0000000000000000000 ) ) ;
#5360 = EDGE_LOOP ( 'NONE', ( #2440, #837, #6738, #4022 ) ) ;
#5361 = LINE ( 'NONE', #90, #4346 ) ;
#5362 = AXIS2_PLACEMENT_3D ( 'NONE', #6276, #1539, #6824 ) ;
#5363 = VECTOR ( 'NONE', #6658, 39.37007874015748143 ) ;
#5364 = ORIENTED_EDGE ( 'NONE', *, *, #2928, .F. ) ;
#5365 = CARTESIAN_POINT ( 'NONE',  ( 0.08565274607338584090, -0.1343120213343307334, 0.07874015748035433082 ) ) ;
#5366 = CARTESIAN_POINT ( 'NONE',  ( 0.2525654230606693140, 0.1463908003162204818, 0.1936895877907480745 ) ) ;
#5367 = ORIENTED_EDGE ( 'NONE', *, *, #5468, .T. ) ;
#5368 = LINE ( 'NONE', #170, #6696 ) ;
#5369 = DIRECTION ( 'NONE',  ( 0.0000000000000000000, 0.0000000000000000000, -1.000000000000000000 ) ) ;
#5370 = VECTOR ( 'NONE', #798, 39.37007874015748143 ) ;
#5371 = VECTOR ( 'NONE', #454, 39.37007874015748143 ) ;
#5372 = ORIENTED_EDGE ( 'NONE', *, *, #2019, .T. ) ;
#5373 = APPROVAL ( #4400, 'UNSPECIFIED' ) ;
#5374 = EDGE_CURVE ( 'NONE', #5697, #6784, #2095, .T. ) ;
#5375 = AXIS2_PLACEMENT_3D ( 'NONE', #3057, #5664, #6283 ) ;
#5376 = CYLINDRICAL_SURFACE ( 'NONE', #1312, 0.007874015748039371598 ) ;
#5377 = ORIENTED_EDGE ( 'NONE', *, *, #5426, .F. ) ;
#5378 = DIRECTION ( 'NONE',  ( 1.000000000000000000, 0.0000000000000000000, 0.0000000000000000000 ) ) ;
#5379 = CARTESIAN_POINT ( 'NONE',  ( -0.06181102362204724671, -0.1673228346456692994, 0.0000000000000000000 ) ) ;
#5380 = PLANE ( 'NONE',  #2611 ) ;
#5381 = CARTESIAN_POINT ( 'NONE',  ( 0.1886826620178807534, -0.1145784834233249810, 0.07874015748035433082 ) ) ;
#5382 = ORIENTED_EDGE ( 'NONE', *, *, #6074, .F. ) ;
#5383 = CARTESIAN_POINT ( 'NONE',  ( 0.2462341265136206436, -0.1603769707776506181, -0.07586138697756143745 ) ) ;
#5384 = CIRCLE ( 'NONE', #3610, 0.009842519685039378616 ) ;
#5385 = ADVANCED_FACE ( 'NONE', ( #2557 ), #1043, .F. ) ;
#5386 = FACE_OUTER_BOUND ( 'NONE', #6175, .T. ) ;
#5387 = AXIS2_PLACEMENT_3D ( 'NONE', #2033, #1547, #5197 ) ;
#5388 = CYLINDRICAL_SURFACE ( 'NONE', #6493, 0.03937007874015747977 ) ;
#5389 = ORIENTED_EDGE ( 'NONE', *, *, #6104, .F. ) ;
#5390 = LINE ( 'NONE', #3336, #5244 ) ;
#5391 = VERTEX_POINT ( 'NONE', #2657 ) ;
#5392 = CARTESIAN_POINT ( 'NONE',  ( 0.1618110236220473008, 0.1751968503937007815, -0.009842519685039369942 ) ) ;
#5393 = CARTESIAN_POINT ( 'NONE',  ( -0.2442656821911283471, 0.1531008455375759969, -0.07873997997333845311 ) ) ;
#5394 = ADVANCED_FACE ( 'NONE', ( #3649 ), #6304, .T. ) ;
#5395 = AXIS2_PLACEMENT_3D ( 'NONE', #5838, #6421, #1069 ) ;
#5396 = CARTESIAN_POINT ( 'NONE',  ( -0.1141589646264173363, 0.09810022104630138073, -0.05511811023622047168 ) ) ;
#5397 = VECTOR ( 'NONE', #379, 39.37007874015748143 ) ;
#5398 = ORIENTED_EDGE ( 'NONE', *, *, #2010, .T. ) ;
#5399 = DIRECTION ( 'NONE',  ( -0.01432556451843658950, 0.0000000000000000000, -0.9998973838355755817 ) ) ;
#5400 = LINE ( 'NONE', #2705, #488 ) ;
#5401 = ORIENTED_EDGE ( 'NONE', *, *, #3134, .F. ) ;
#5402 = EDGE_CURVE ( 'NONE', #4561, #911, #5581, .T. ) ;
#5403 = CIRCLE ( 'NONE', #2292, 0.007874015748039359455 ) ;
#5404 = ORIENTED_EDGE ( 'NONE', *, *, #6355, .F. ) ;
#5405 = CARTESIAN_POINT ( 'NONE',  ( 0.2433659938059055672, 0.1607140003267716333, 0.1892511741137401504 ) ) ;
#5406 = PLANE ( 'NONE',  #6237 ) ;
#5407 = CARTESIAN_POINT ( 'NONE',  ( 0.2577058145629921304, 0.1569274321700393493, 0.1936908316495669358 ) ) ;
#5408 = ORIENTED_EDGE ( 'NONE', *, *, #733, .F. ) ;
#5409 = DIRECTION ( 'NONE',  ( 1.000000000000000000, 0.0000000000000000000, 0.0000000000000000000 ) ) ;
#5410 = PLANE ( 'NONE',  #5049 ) ;
#5411 = CARTESIAN_POINT ( 'NONE',  ( 0.0000000000000000000, 0.0000000000000000000, 0.0000000000000000000 ) ) ;
#5412 = ORIENTED_EDGE ( 'NONE', *, *, #3758, .T. ) ;
#5413 = B_SPLINE_CURVE_WITH_KNOTS ( 'NONE', 3,
 ( #2881, #250, #4027, #1396, #5622, #2350 ),
 .UNSPECIFIED., .F., .F.,
 ( 4, 2, 4 ),
 ( 0.0000000000000000000, 0.5000000000000000000, 1.000000000000000000 ),
 .UNSPECIFIED. ) ;
#5414 = CARTESIAN_POINT ( 'NONE',  ( -0.06266634262594489302, -0.2041237981004330737, -0.07283464566929134798 ) ) ;
#5415 = ORIENTED_EDGE ( 'NONE', *, *, #6258, .T. ) ;
#5416 = CARTESIAN_POINT ( 'NONE',  ( 0.2535077749162986671, 0.1525787316396232107, -0.07155240746229890592 ) ) ;
#5417 = CYLINDRICAL_SURFACE ( 'NONE', #3973, 0.003937007873997243682 ) ;
#5418 = EDGE_CURVE ( 'NONE', #3558, #1342, #1037, .T. ) ;
#5419 = CARTESIAN_POINT ( 'NONE',  ( 0.01719934017251574868, -0.1349567911100787443, 0.07874015748035433082 ) ) ;
#5420 = VERTEX_POINT ( 'NONE', #6759 ) ;
#5421 = CARTESIAN_POINT ( 'NONE',  ( 0.2437399748466285154, -0.1531658272498692130, -0.07873997958916907625 ) ) ;
#5422 = CARTESIAN_POINT ( 'NONE',  ( -0.2561320345728346770, -0.1637289053662992488, 0.02165353521221259972 ) ) ;
#5423 = CARTESIAN_POINT ( 'NONE',  ( 0.2165354330708661457, 0.009020818297157480806, 0.07874015748035433082 ) ) ;
#5424 = CYLINDRICAL_SURFACE ( 'NONE', #3857, 0.009842519685039378616 ) ;
#5425 = ORIENTED_EDGE ( 'NONE', *, *, #4846, .T. ) ;
#5426 = EDGE_CURVE ( 'NONE', #5716, #6002, #591, .T. ) ;
#5427 = CARTESIAN_POINT ( 'NONE',  ( 0.08557010735716534533, 0.1335281344316929242, -0.01049789456113779836 ) ) ;
#5428 = ORIENTED_EDGE ( 'NONE', *, *, #3311, .F. ) ;
#5429 = EDGE_LOOP ( 'NONE', ( #4449, #339, #3506, #327, #2601, #218, #6687 ) ) ;
#5430 = DIRECTION ( 'NONE',  ( 0.0000000000000000000, -1.000000000000000000, 3.528334006652000197E-14 ) ) ;
#5431 = LINE ( 'NONE', #3341, #1534 ) ;
#5432 = EDGE_CURVE ( 'NONE', #6013, #3883, #4675, .T. ) ;
#5433 = ORIENTED_EDGE ( 'NONE', *, *, #1737, .T. ) ;
#5434 = CARTESIAN_POINT ( 'NONE',  ( 0.01442900712306299273, -0.1335397524262992297, -0.009185509525901575448 ) ) ;
#5435 = CARTESIAN_POINT ( 'NONE',  ( -0.2453097243538511774, -0.1523947922740623018, -0.07873998029003977106 ) ) ;
#5436 = DIRECTION ( 'NONE',  ( 0.0000000000000000000, 0.0000000000000000000, 1.000000000000000000 ) ) ;
#5437 = DIRECTION ( 'NONE',  ( 0.0000000000000000000, 0.0000000000000000000, 1.000000000000000000 ) ) ;
#5438 = ADVANCED_FACE ( 'NONE', ( #1641 ), #5281, .T. ) ;
#5439 = CARTESIAN_POINT ( 'NONE',  ( -0.1886826620178740366, -0.1145784834233070926, 0.07874015748035433082 ) ) ;
#5440 = ORIENTED_EDGE ( 'NONE', *, *, #6578, .T. ) ;
#5441 = CARTESIAN_POINT ( 'NONE',  ( 0.1441744997988976540, 0.1018828126487401620, 0.05320114095767716766 ) ) ;
#5442 = LINE ( 'NONE', #4317, #2687 ) ;
#5443 = ORIENTED_EDGE ( 'NONE', *, *, #5144, .F. ) ;
#5444 = PLANE ( 'NONE',  #6614 ) ;
#5445 = VERTEX_POINT ( 'NONE', #6279 ) ;
#5446 = EDGE_CURVE ( 'NONE', #1579, #3619, #5851, .T. ) ;
#5447 = CARTESIAN_POINT ( 'NONE',  ( 0.2535824958107199545, 0.1512202878613655710, -0.07155240746229890592 ) ) ;
#5448 = LINE ( 'NONE', #6476, #46 ) ;
#5449 = CARTESIAN_POINT ( 'NONE',  ( 0.2590878081139543765, 0.1584043988537949532, 0.02184411625414683922 ) ) ;
#5450 = CARTESIAN_POINT ( 'NONE',  ( 0.2535824953443306939, -0.1512202898668897622, -0.07155240742165354384 ) ) ;
#5451 = ORIENTED_EDGE ( 'NONE', *, *, #1488, .F. ) ;
#5452 = CARTESIAN_POINT ( 'NONE',  ( 0.2525812165923821406, -0.1546858333985868250, -0.07586138697756143745 ) ) ;
#5453 = ORIENTED_EDGE ( 'NONE', *, *, #5297, .F. ) ;
#5454 = LINE ( 'NONE', #2398, #610 ) ;
#5455 = CARTESIAN_POINT ( 'NONE',  ( -0.2405652806107874131, -0.1566202127475590788, 0.1974041818220078626 ) ) ;
#5456 = DIRECTION ( 'NONE',  ( -1.000000000000000000, 2.708944180084999771E-13, 1.620925615952999917E-13 ) ) ;
#5457 = PLANE ( 'NONE',  #5618 ) ;
#5458 = EDGE_LOOP ( 'NONE', ( #6569, #1098, #6291, #5372 ) ) ;
#5459 = DIRECTION ( 'NONE',  ( -0.001141793321301032759, -0.008726529805004249254, 0.9999612712428286310 ) ) ;
#5460 = ORIENTED_EDGE ( 'NONE', *, *, #2681, .T. ) ;
#5461 = ORIENTED_EDGE ( 'NONE', *, *, #6562, .F. ) ;
#5462 = EDGE_CURVE ( 'NONE', #772, #2994, #4636, .T. ) ;
#5463 = LINE ( 'NONE', #2741, #4601 ) ;
#5464 = ORIENTED_EDGE ( 'NONE', *, *, #6301, .F. ) ;
#5465 = CARTESIAN_POINT ( 'NONE',  ( -0.05453501589578740177, -0.09809844864539371545, -0.05511807198771653815 ) ) ;
#5466 = AXIS2_PLACEMENT_3D ( 'NONE', #2165, #3198, #2671 ) ;
#5467 = ORIENTED_EDGE ( 'NONE', *, *, #2494, .F. ) ;
#5468 = EDGE_CURVE ( 'NONE', #6408, #2808, #6244, .T. ) ;
#5469 = VECTOR ( 'NONE', #2114, 39.37007874015748143 ) ;
#5470 = VECTOR ( 'NONE', #6637, 39.37007874015748143 ) ;
#5471 = DIRECTION ( 'NONE',  ( 1.000000000000000000, 0.0000000000000000000, 0.0000000000000000000 ) ) ;
#5472 = DIRECTION ( 'NONE',  ( 0.0000000000000000000, 1.000000000000000000, 0.0000000000000000000 ) ) ;
#5473 = ORIENTED_EDGE ( 'NONE', *, *, #2681, .F. ) ;
#5474 = DIRECTION ( 'NONE',  ( 0.0000000000000000000, 0.0000000000000000000, 1.000000000000000000 ) ) ;
#5475 = CARTESIAN_POINT ( 'NONE',  ( -0.1381889763779527436, 0.1883973487342519848, -0.07365883395677165491 ) ) ;
#5476 = ORIENTED_EDGE ( 'NONE', *, *, #4286, .T. ) ;
#5477 = VECTOR ( 'NONE', #1895, 39.37007874015748143 ) ;
#5478 = CIRCLE ( 'NONE', #387, 0.001966647716832275149 ) ;
#5479 = EDGE_CURVE ( 'NONE', #6397, #3447, #3713, .T. ) ;
#5480 = CARTESIAN_POINT ( 'NONE',  ( 0.1381889763779527436, 0.1751968503937007815, -0.009842519685039369942 ) ) ;
#5481 = ORIENTED_EDGE ( 'NONE', *, *, #5200, .F. ) ;
#5482 = CARTESIAN_POINT ( 'NONE',  ( 0.2495900516847876782, 0.1535273618629216519, -0.07876893026777351259 ) ) ;
#5483 = CARTESIAN_POINT ( 'NONE',  ( -0.1381889763779527436, -0.2041237981004330737, -0.07283464566929134798 ) ) ;
#5484 = FACE_OUTER_BOUND ( 'NONE', #4791, .T. ) ;
#5485 = VECTOR ( 'NONE', #5757, 39.37007874015748143 ) ;
#5486 = CARTESIAN_POINT ( 'NONE',  ( -0.1618110236220473008, 0.1673228346456692994, -1.528031856775984332E-14 ) ) ;
#5487 = ORIENTED_EDGE ( 'NONE', *, *, #1925, .F. ) ;
#5488 = CARTESIAN_POINT ( 'NONE',  ( 0.2535755470063967287, -0.1517651363517613095, -0.07155240746254500073 ) ) ;
#5489 = DIRECTION ( 'NONE',  ( 0.08672547143848403917, -0.9962322483255462435, 0.0000000000000000000 ) ) ;
#5490 = EDGE_CURVE ( 'NONE', #1350, #4184, #5755, .T. ) ;
#5491 = VECTOR ( 'NONE', #5165, 39.37007874015748143 ) ;
#5492 = DIRECTION ( 'NONE',  ( 1.457167719822461713E-12, -0.9993908270191073084, 0.03489949670216810351 ) ) ;
#5493 = CARTESIAN_POINT ( 'NONE',  ( -0.2598425196850393526, 0.1574803149800393931, -2.571565008179921484E-13 ) ) ;
#5494 = FACE_OUTER_BOUND ( 'NONE', #521, .T. ) ;
#5495 = EDGE_LOOP ( 'NONE', ( #243, #6029, #6213, #2722 ) ) ;
#5496 = CARTESIAN_POINT ( 'NONE',  ( 0.08563883484322834527, 0.1339127980030315190, 0.03412157186127559583 ) ) ;
#5497 = ORIENTED_EDGE ( 'NONE', *, *, #1577, .F. ) ;
#5498 = VECTOR ( 'NONE', #1087, 39.37007874015748143 ) ;
#5499 = DIRECTION ( 'NONE',  ( 0.6721810336640107186, 0.7403868299628120209, 0.0000000000000000000 ) ) ;
#5500 = B_SPLINE_CURVE_WITH_KNOTS ( 'NONE', 3,
 ( #6430, #1792, #3211, #697 ),
 .UNSPECIFIED., .F., .F.,
 ( 4, 4 ),
 ( 0.0000000000000000000, 1.000000000000000000 ),
 .UNSPECIFIED. ) ;
#5501 = VECTOR ( 'NONE', #222, 39.37007874015748143 ) ;
#5502 = LINE ( 'NONE', #4341, #3386 ) ;
#5503 = ORIENTED_EDGE ( 'NONE', *, *, #3320, .F. ) ;
#5504 = CARTESIAN_POINT ( 'NONE',  ( -0.2165354330708661457, -0.06184532343511810887, 0.07874015748035433082 ) ) ;
#5505 = ADVANCED_FACE ( 'NONE', ( #3186 ), #3112, .F. ) ;
#5506 = AXIS2_PLACEMENT_3D ( 'NONE', #609, #2714, #569 ) ;
#5507 = ORIENTED_EDGE ( 'NONE', *, *, #5064, .F. ) ;
#5508 = CIRCLE ( 'NONE', #630, 0.001966649830761029415 ) ;
#5509 = ORIENTED_EDGE ( 'NONE', *, *, #733, .T. ) ;
#5510 = DIRECTION ( 'NONE',  ( 0.9993908270190972054, 0.0000000000000000000, 0.03489949670245990482 ) ) ;
#5511 = CARTESIAN_POINT ( 'NONE',  ( -0.2533807644423590189, 0.01312335958005249499, 0.1850404597858144595 ) ) ;
#5512 = CARTESIAN_POINT ( 'NONE',  ( -0.1381889763779527436, 0.1667729012678346445, 0.01574803149606299191 ) ) ;
#5513 = ORIENTED_EDGE ( 'NONE', *, *, #6539, .T. ) ;
#5514 = LINE ( 'NONE', #6127, #5370 ) ;
#5515 = EDGE_CURVE ( 'NONE', #2168, #2994, #3676, .T. ) ;
#5516 = CARTESIAN_POINT ( 'NONE',  ( -0.1886826620178740366, 0.1145784834233070926, 0.07874015748035433082 ) ) ;
#5517 = FACE_OUTER_BOUND ( 'NONE', #4467, .T. ) ;
#5518 = PERSON_AND_ORGANIZATION_ROLE ( 'design_supplier' ) ;
#5519 = ORIENTED_EDGE ( 'NONE', *, *, #1585, .F. ) ;
#5520 = VECTOR ( 'NONE', #5216, 39.37007874015748143 ) ;
#5521 = DIRECTION ( 'NONE',  ( -0.0000000000000000000, 0.9961946980917605332, 0.08715574274748655315 ) ) ;
#5522 = ORIENTED_EDGE ( 'NONE', *, *, #541, .T. ) ;
#5523 = CARTESIAN_POINT ( 'NONE',  ( 0.1499999999999999944, 0.1867116149909448797, -0.04149311798110236899 ) ) ;
#5524 = CARTESIAN_POINT ( 'NONE',  ( 0.02117785958979528232, -0.1343624721007874168, -0.05511811025125984420 ) ) ;
#5525 = PLANE ( 'NONE',  #5830 ) ;
#5526 = EDGE_CURVE ( 'NONE', #319, #6580, #4327, .T. ) ;
#5527 = LINE ( 'NONE', #6433, #2045 ) ;
#5528 = VERTEX_POINT ( 'NONE', #3929 ) ;
#5529 = CARTESIAN_POINT ( 'NONE',  ( 0.2443611632828397162, -0.1610525632241602834, -0.07155240746254500073 ) ) ;
#5530 = CARTESIAN_POINT ( 'NONE',  ( -0.2433659566591732382, 0.1607140939448031824, 0.1892511771465354986 ) ) ;
#5531 = CARTESIAN_POINT ( 'NONE',  ( 0.1775662572164001807, 0.1020872383584394277, 0.05905511873881886392 ) ) ;
#5532 = VERTEX_POINT ( 'NONE', #137 ) ;
#5533 = EDGE_CURVE ( 'NONE', #2168, #82, #1258, .T. ) ;
#5534 = PLANE ( 'NONE',  #6443 ) ;
#5535 = ORIENTED_EDGE ( 'NONE', *, *, #3008, .T. ) ;
#5536 = B_SPLINE_CURVE_WITH_KNOTS ( 'NONE', 3,
 ( #3540, #2452, #5652, #2488, #2914 ),
 .UNSPECIFIED., .F., .F.,
 ( 4, 1, 4 ),
 ( 0.0000000000000000000, 0.5000000000000000000, 1.000000000000000000 ),
 .UNSPECIFIED. ) ;
#5537 = CARTESIAN_POINT ( 'NONE',  ( -0.1650293549037401553, -0.09809986774732283588, -0.05511811272287401448 ) ) ;
#5538 = DIRECTION ( 'NONE',  ( 0.0000000000000000000, -1.000000000000000000, 0.0000000000000000000 ) ) ;
#5539 = CARTESIAN_POINT ( 'NONE',  ( -0.05462355992803150095, 0.1176766930438976344, -0.05857067665657481048 ) ) ;
#5540 = ORIENTED_EDGE ( 'NONE', *, *, #5072, .F. ) ;
#5541 = CARTESIAN_POINT ( 'NONE',  ( 0.1381889763779527436, -0.1955911750433464713, -0.03641732283464567399 ) ) ;
#5542 = ORIENTED_EDGE ( 'NONE', *, *, #1957, .T. ) ;
#5543 = ORIENTED_EDGE ( 'NONE', *, *, #6398, .T. ) ;
#5544 = CARTESIAN_POINT ( 'NONE',  ( 0.1499999999999999944, -0.1709848758307480621, 0.01574803149606299191 ) ) ;
#5545 = VERTEX_POINT ( 'NONE', #2728 ) ;
#5546 = CARTESIAN_POINT ( 'NONE',  ( 0.05000000000000000278, 0.0000000000000000000, 0.08267716535433072833 ) ) ;
#5547 = PLANE ( 'NONE',  #3685 ) ;
#5548 = CARTESIAN_POINT ( 'NONE',  ( -0.2525654846435432810, 0.1463909115337401756, 0.1936896018860236046 ) ) ;
#5549 = CYLINDRICAL_SURFACE ( 'NONE', #2487, 0.005905511811027557185 ) ;
#5550 = VERTEX_POINT ( 'NONE', #1826 ) ;
#5551 = EDGE_CURVE ( 'NONE', #6324, #3878, #5169, .T. ) ;
#5552 = DIRECTION ( 'NONE',  ( 0.0000000000000000000, 0.0000000000000000000, 1.000000000000000000 ) ) ;
#5553 = ORIENTED_EDGE ( 'NONE', *, *, #4721, .F. ) ;
#5554 = DIRECTION ( 'NONE',  ( 0.0000000000000000000, 0.0000000000000000000, 1.000000000000000000 ) ) ;
#5555 = DIRECTION ( 'NONE',  ( 0.0000000000000000000, 0.0000000000000000000, -1.000000000000000000 ) ) ;
#5556 = CARTESIAN_POINT ( 'NONE',  ( -0.2125984251968504046, 0.0000000000000000000, 0.05905511811023622659 ) ) ;
#5557 = ORIENTED_EDGE ( 'NONE', *, *, #4793, .F. ) ;
#5558 = DIRECTION ( 'NONE',  ( 1.000000000000000000, 0.0000000000000000000, 0.0000000000000000000 ) ) ;
#5559 = CARTESIAN_POINT ( 'NONE',  ( 0.2598514623136303214, -0.1573968574647604535, -0.0002686290914304796077 ) ) ;
#5560 = EDGE_CURVE ( 'NONE', #2243, #4752, #5527, .T. ) ;
#5561 = DIRECTION ( 'NONE',  ( 0.7071067811865474617, -0.7071067811865474617, 0.0000000000000000000 ) ) ;
#5562 = CARTESIAN_POINT ( 'NONE',  ( -0.06181102362204724671, -0.2007523306137795338, -0.008503213718098425258 ) ) ;
#5563 = LINE ( 'NONE', #2993, #4351 ) ;
#5564 = ORIENTED_EDGE ( 'NONE', *, *, #6142, .F. ) ;
#5565 = DIRECTION ( 'NONE',  ( 0.0000000000000000000, 0.0000000000000000000, 1.000000000000000000 ) ) ;
#5566 = ORIENTED_EDGE ( 'NONE', *, *, #2736, .T. ) ;
#5567 = ADVANCED_FACE ( 'NONE', ( #2807 ), #5926, .F. ) ;
#5568 = EDGE_CURVE ( 'NONE', #2382, #4722, #3361, .T. ) ;
#5569 = CARTESIAN_POINT ( 'NONE',  ( 0.2165354330708661457, -0.07988696002944881136, 0.1023622047244094752 ) ) ;
#5570 = ORIENTED_EDGE ( 'NONE', *, *, #1519, .T. ) ;
#5571 = CARTESIAN_POINT ( 'NONE',  ( 0.1618110236220473008, 0.1850258812475984449, -0.009327402005535433485 ) ) ;
#5572 = VERTEX_POINT ( 'NONE', #5419 ) ;
#5573 = EDGE_CURVE ( 'NONE', #1348, #1756, #2849, .T. ) ;
#5574 = DIRECTION ( 'NONE',  ( 1.000000000000000000, 0.0000000000000000000, 0.0000000000000000000 ) ) ;
#5575 = ORIENTED_EDGE ( 'NONE', *, *, #4421, .F. ) ;
#5576 = CARTESIAN_POINT ( 'NONE',  ( 0.1519207863038976591, 0.1020872502649212699, 0.05905509842960629530 ) ) ;
#5577 = VECTOR ( 'NONE', #2554, 39.37007874015748143 ) ;
#5578 = DIRECTION ( 'NONE',  ( -1.000000000000000000, -1.332267629550000037E-13, -7.840024925561000076E-13 ) ) ;
#5579 = ORIENTED_EDGE ( 'NONE', *, *, #3551, .T. ) ;
#5580 = CIRCLE ( 'NONE', #2573, 0.01574803149606299885 ) ;
#5581 = CIRCLE ( 'NONE', #4144, 0.009842519685039378616 ) ;
#5582 = CARTESIAN_POINT ( 'NONE',  ( -0.2532336848989139577, -0.1137084279456430647, 0.1892522668447396694 ) ) ;
#5583 = EDGE_LOOP ( 'NONE', ( #3166, #6016, #3400, #4149 ) ) ;
#5584 = CARTESIAN_POINT ( 'NONE',  ( 0.2438728242611523933, 0.1606858304101424495, -0.07586130276224420377 ) ) ;
#5585 = LINE ( 'NONE', #1331, #4046 ) ;
#5586 = LINE ( 'NONE', #6689, #5900 ) ;
#5587 = VERTEX_POINT ( 'NONE', #1224 ) ;
#5588 = AXIS2_PLACEMENT_3D ( 'NONE', #3603, #2615, #1030 ) ;
#5589 = FACE_OUTER_BOUND ( 'NONE', #6508, .T. ) ;
#5590 = CIRCLE ( 'NONE', #5246, 0.007874015748070855095 ) ;
#5591 = ADVANCED_FACE ( 'NONE', ( #4978 ), #72, .F. ) ;
#5592 = ORIENTED_EDGE ( 'NONE', *, *, #4048, .F. ) ;
#5593 = AXIS2_PLACEMENT_3D ( 'NONE', #3769, #2676, #5409 ) ;
#5594 = VECTOR ( 'NONE', #3034, 39.37007874015748143 ) ;
#5595 = CARTESIAN_POINT ( 'NONE',  ( -0.1618110236220473008, 0.1673228346456692994, -1.528031856775984332E-14 ) ) ;
#5596 = CARTESIAN_POINT ( 'NONE',  ( -0.09685039370082677845, -0.1102362204724409434, 0.08267716535433072833 ) ) ;
#5597 = CARTESIAN_POINT ( 'NONE',  ( -0.2488236901882445729, -0.1600935326881264553, -0.07235041449856277618 ) ) ;
#5598 = ORIENTED_EDGE ( 'NONE', *, *, #1941, .F. ) ;
#5599 = CARTESIAN_POINT ( 'NONE',  ( 0.2433659938059055672, 0.1607140003267716333, 0.1892511741137401504 ) ) ;
#5600 = CARTESIAN_POINT ( 'NONE',  ( -0.2437399755525142542, -0.1574866347086689988, -0.07876896696629009931 ) ) ;
#5601 = EDGE_CURVE ( 'NONE', #6331, #6357, #3893, .T. ) ;
#5602 = CARTESIAN_POINT ( 'NONE',  ( 0.2503180553741339298, -0.1578299227457086451, 0.1893647769055905317 ) ) ;
#5603 = VECTOR ( 'NONE', #3450, 39.37007874015748854 ) ;
#5604 = AXIS2_PLACEMENT_3D ( 'NONE', #3512, #3441, #5558 ) ;
#5605 = PLANE ( 'NONE',  #6605 ) ;
#5606 = AXIS2_PLACEMENT_3D ( 'NONE', #5318, #5785, #3785 ) ;
#5607 = CARTESIAN_POINT ( 'NONE',  ( 3.129902286603543748E-12, -0.1669447554484252139, 0.01082677165345669393 ) ) ;
#5608 = ORIENTED_EDGE ( 'NONE', *, *, #6095, .T. ) ;
#5609 = CARTESIAN_POINT ( 'NONE',  ( -0.05201311559673230112, -0.1013081651152728246, 0.03674538864122470910 ) ) ;
#5610 = VECTOR ( 'NONE', #6763, 39.37007874015748143 ) ;
#5611 = CARTESIAN_POINT ( 'NONE',  ( -0.2454210714786902447, 0.1522441705556714375, -0.07874001386059775731 ) ) ;
#5612 = CIRCLE ( 'NONE', #3962, 0.01574803149606299885 ) ;
#5613 = ORIENTED_EDGE ( 'NONE', *, *, #4185, .T. ) ;
#5614 = CARTESIAN_POINT ( 'NONE',  ( 0.2125984251968504046, 0.07086614173228347746, 0.05818897637795275579 ) ) ;
#5615 = DIRECTION ( 'NONE',  ( 0.0000000000000000000, 0.0000000000000000000, 1.000000000000000000 ) ) ;
#5616 = ADVANCED_FACE ( 'NONE', ( #1190 ), #4855, .F. ) ;
#5617 = ORIENTED_EDGE ( 'NONE', *, *, #1244, .T. ) ;
#5618 = AXIS2_PLACEMENT_3D ( 'NONE', #5019, #3827, #2185 ) ;
#5619 =( BOUNDED_SURFACE ( )  B_SPLINE_SURFACE ( 3, 3, ( 
 ( #4264, #4299, #2628, #1115, #3086, #5821, #2690, #254, #1758, #6435, #665, #1192, #1301, #3363, #4980, #741, #5421 ),
 ( #3407, #779, #5885, #1149, #5928, #1226, #4411, #2766, #1260, #3294, #3862, #4372, #105, #3253, #6556, #5014, #2886 ),
 ( #2354, #6480, #6521, #219, #4893, #5452, #1828, #4477, #1797, #4857, #3895, #6003, #5383, #2322, #1710, #2207, #3327 ),
 ( #3932, #139, #5488, #4329, #2288, #1864, #2245, #626, #6595, #3820, #2730, #2852, #4442, #6042, #5529, #5966, #701 ) ),
 .UNSPECIFIED., .F., .F., .F. ) 
 B_SPLINE_SURFACE_WITH_KNOTS ( ( 4, 4 ),
 ( 4, 1, 1, 1, 1, 1, 1, 1, 1, 1, 1, 1, 1, 1, 4 ),
 ( 0.01638295384745110453, 0.9788464138165157147 ),
 ( 0.07485168455612201122, 0.09186555279025999943, 0.1485255691657000054, 0.2109617819493999902, 0.2781047689109000243, 0.3488988034023000062, 0.4223456290004999891, 0.4973334816182999885, 0.5726565940771000118, 0.6469860902374999778, 0.7189312156763999484, 0.7873206773747000176, 0.8508805964232000196, 0.9083241682924999560, 0.9313087937933020033 ),
 .UNSPECIFIED. ) 
 GEOMETRIC_REPRESENTATION_ITEM ( )  RATIONAL_B_SPLINE_SURFACE ( (
 ( 1.154254952404023316, 1.154254952404023316, 1.154254952404023316, 1.154254952404023316, 1.154254952404023316, 1.154254952404023316, 1.154254952404023316, 1.154254952404023316, 1.154254952404023316, 1.154254952404023316, 1.154254952404023316, 1.154254952404023316, 1.154254952404023316, 1.154254952404023316, 1.154254952404023316, 1.154254952404023316, 1.154254952404023316),
 ( 0.9495961128127927697, 0.9495961128127927697, 0.9495961128127927697, 0.9495961128127927697, 0.9495961128127927697, 0.9495961128127927697, 0.9495961128127927697, 0.9495961128127927697, 0.9495961128127927697, 0.9495961128127927697, 0.9495961128127927697, 0.9495961128127927697, 0.9495961128127927697, 0.9495961128127927697, 0.9495961128127927697, 0.9495961128127927697, 0.9495961128127927697),
 ( 0.9485866859472644741, 0.9485866859472644741, 0.9485866859472644741, 0.9485866859472644741, 0.9485866859472644741, 0.9485866859472644741, 0.9485866859472644741, 0.9485866859472644741, 0.9485866859472644741, 0.9485866859472644741, 0.9485866859472644741, 0.9485866859472644741, 0.9485866859472644741, 0.9485866859472644741, 0.9485866859472644741, 0.9485866859472644741, 0.9485866859472644741),
 ( 1.151226671807585422, 1.151226671807585422, 1.151226671807585422, 1.151226671807585422, 1.151226671807585422, 1.151226671807585422, 1.151226671807585422, 1.151226671807585422, 1.151226671807585422, 1.151226671807585422, 1.151226671807585422, 1.151226671807585422, 1.151226671807585422, 1.151226671807585422, 1.151226671807585422, 1.151226671807585422, 1.151226671807585422) ) ) 
 REPRESENTATION_ITEM ( '' )  SURFACE ( )  );
#5620 = CARTESIAN_POINT ( 'NONE',  ( -0.1747192583591732351, -0.1020872380355118125, 0.05905511811023622659 ) ) ;
#5621 = ORIENTED_EDGE ( 'NONE', *, *, #4221, .F. ) ;
#5622 = CARTESIAN_POINT ( 'NONE',  ( -0.2525767655607056295, 0.1673228346508628117, 1.251644560498572234E-10 ) ) ;
#5623 = CARTESIAN_POINT ( 'NONE',  ( -0.1626663426259448708, -0.2041237981004330737, -0.07283464566929134798 ) ) ;
#5624 = FACE_OUTER_BOUND ( 'NONE', #4522, .T. ) ;
#5625 = VERTEX_POINT ( 'NONE', #2242 ) ;
#5626 = VECTOR ( 'NONE', #2625, 39.37007874015748143 ) ;
#5627 = CARTESIAN_POINT ( 'NONE',  ( -0.2437399758076207179, 0.1575182049846815813, -0.07874015620248479841 ) ) ;
#5628 = ORIENTED_EDGE ( 'NONE', *, *, #1332, .F. ) ;
#5629 = EDGE_CURVE ( 'NONE', #4837, #4058, #2320, .T. ) ;
#5630 = CARTESIAN_POINT ( 'NONE',  ( -0.04145763095110236579, -0.1030681314272047372, -0.05511811023622047168 ) ) ;
#5631 = B_SPLINE_SURFACE_WITH_KNOTS ( 'NONE', 3, 1, ( 
 ( #4365, #1705 ),
 ( #1793, #1256 ),
 ( #3359, #4295 ),
 ( #4815, #4853 ),
 ( #1670, #5880 ),
 ( #2846, #4976 ),
 ( #3290, #215 ),
 ( #3858, #6551 ) ),
 .UNSPECIFIED., .F., .F., .F.,
 ( 4, 1, 1, 1, 1, 4 ),
 ( 2, 2 ),
 ( 0.02180054879441357257, 0.02747095923566000158, 0.3424935129532000189, 0.6575160349809999749, 0.9725385560381000216, 0.9782089604600754384 ),
 ( 0.0000000000000000000, 1.000000000000000000 ),
 .UNSPECIFIED. ) ;
#5632 = DIRECTION ( 'NONE',  ( 0.2630801050071863156, -0.9647345897008490212, -0.008719505957475405175 ) ) ;
#5633 = VERTEX_POINT ( 'NONE', #1146 ) ;
#5634 = CARTESIAN_POINT ( 'NONE',  ( -0.2523516848622598396, -0.1560692300919860609, -0.07155240743470069054 ) ) ;
#5635 = ORIENTED_EDGE ( 'NONE', *, *, #600, .T. ) ;
#5636 = ADVANCED_FACE ( 'NONE', ( #1672 ), #663, .F. ) ;
#5637 = CYLINDRICAL_SURFACE ( 'NONE', #956, 0.009842519684917316533 ) ;
#5638 = CARTESIAN_POINT ( 'NONE',  ( -0.1943769199316535690, -0.1468816929133858473, 0.02165354330710629951 ) ) ;
#5639 = ORIENTED_EDGE ( 'NONE', *, *, #4728, .T. ) ;
#5640 = ADVANCED_FACE ( 'NONE', ( #6478 ), #3780, .F. ) ;
#5641 = LINE ( 'NONE', #5071, #3024 ) ;
#5642 = CARTESIAN_POINT ( 'NONE',  ( -0.1499999999999999944, -0.1709848758307480621, 0.01574803149606299191 ) ) ;
#5643 = ORIENTED_EDGE ( 'NONE', *, *, #744, .T. ) ;
#5644 = DIRECTION ( 'NONE',  ( 1.000000000000000000, 0.0000000000000000000, 0.0000000000000000000 ) ) ;
#5645 = CARTESIAN_POINT ( 'NONE',  ( -0.2027559055118110243, 0.07086614173228347746, 0.05818897637795275579 ) ) ;
#5646 = CARTESIAN_POINT ( 'NONE',  ( -0.2497034591155580519, 0.1591000623474476128, -0.07155240743413665561 ) ) ;
#5647 = EDGE_CURVE ( 'NONE', #5164, #2870, #4061, .T. ) ;
#5648 = ADVANCED_FACE ( 'NONE', ( #3860 ), #2986, .T. ) ;
#5649 = CARTESIAN_POINT ( 'NONE',  ( -0.2125984251968504046, 0.07086614173228347746, 0.1023622047244094752 ) ) ;
#5650 = LINE ( 'NONE', #441, #745 ) ;
#5651 = VERTEX_POINT ( 'NONE', #2454 ) ;
#5652 = CARTESIAN_POINT ( 'NONE',  ( 0.01570289638348819003, -0.1346901443860236136, 0.08267716535775589126 ) ) ;
#5653 = PLANE ( 'NONE',  #4685 ) ;
#5654 = ORIENTED_EDGE ( 'NONE', *, *, #1890, .T. ) ;
#5655 = CARTESIAN_POINT ( 'NONE',  ( 0.2433659566680708708, -0.1528448616620079192, 0.1968503937007874127 ) ) ;
#5656 = ORIENTED_EDGE ( 'NONE', *, *, #4276, .F. ) ;
#5657 = EDGE_CURVE ( 'NONE', #2309, #3832, #5586, .T. ) ;
#5658 = LINE ( 'NONE', #4001, #3834 ) ;
#5659 = CARTESIAN_POINT ( 'NONE',  ( -0.1381889763779527436, 0.2007523306137795338, -0.008503213718098425258 ) ) ;
#5660 = CARTESIAN_POINT ( 'NONE',  ( -0.1688173440258941560, -0.1018882101676150537, 0.05335570567517434332 ) ) ;
#5661 = CARTESIAN_POINT ( 'NONE',  ( -0.2027559055118110243, 0.07086614173228347746, 0.05905511811023622659 ) ) ;
#5662 = ORIENTED_EDGE ( 'NONE', *, *, #5097, .F. ) ;
#5663 = CARTESIAN_POINT ( 'NONE',  ( -0.2492227227660594180, -0.1543135743692986839, -0.07876896696629009931 ) ) ;
#5664 = DIRECTION ( 'NONE',  ( 0.0000000000000000000, 0.0000000000000000000, -1.000000000000000000 ) ) ;
#5665 = DIRECTION ( 'NONE',  ( 0.0000000000000000000, 1.000000000000000000, 0.0000000000000000000 ) ) ;
#5666 = DIRECTION ( 'NONE',  ( 3.907897251608000303E-14, -1.000000000000000000, -2.318435196387000111E-13 ) ) ;
#5667 = ORIENTED_EDGE ( 'NONE', *, *, #502, .T. ) ;
#5668 = CARTESIAN_POINT ( 'NONE',  ( -0.1381889763779527436, 0.2078598790717716693, -0.07283464566929134798 ) ) ;
#5669 = B_SPLINE_CURVE_WITH_KNOTS ( 'NONE', 3,
 ( #337, #864, #4556, #4049 ),
 .UNSPECIFIED., .F., .F.,
 ( 4, 4 ),
 ( 0.0000000000000000000, 1.000000000000000000 ),
 .UNSPECIFIED. ) ;
#5670 = EDGE_CURVE ( 'NONE', #1766, #1300, #6724, .T. ) ;
#5671 = DIRECTION ( 'NONE',  ( 0.0000000000000000000, 1.000000000000000000, 3.554277639053000047E-14 ) ) ;
#5672 = ORIENTED_EDGE ( 'NONE', *, *, #468, .T. ) ;
#5673 = CARTESIAN_POINT ( 'NONE',  ( -0.2598578267625152316, -0.1591744174732393213, -0.0002063326233724400820 ) ) ;
#5674 = DIRECTION ( 'NONE',  ( 1.000000000000000000, 0.0000000000000000000, 0.0000000000000000000 ) ) ;
#5675 = EDGE_LOOP ( 'NONE', ( #5977, #1024 ) ) ;
#5676 = ADVANCED_FACE ( 'NONE', ( #1464 ), #2352, .F. ) ;
#5677 = DIRECTION ( 'NONE',  ( 0.0000000000000000000, 0.0000000000000000000, 1.000000000000000000 ) ) ;
#5678 = ORIENTED_EDGE ( 'NONE', *, *, #2630, .T. ) ;
#5679 = CARTESIAN_POINT ( 'NONE',  ( 0.2447661032566326444, 0.1529000856946789166, -0.07874001489596686720 ) ) ;
#5680 = CARTESIAN_POINT ( 'NONE',  ( 0.2595904564300390849, 0.1572292652741561769, 0.007218147213220949855 ) ) ;
#5681 = CARTESIAN_POINT ( 'NONE',  ( 0.0000000000000000000, 0.0000000000000000000, 0.1653543307087008141 ) ) ;
#5682 = ORIENTED_EDGE ( 'NONE', *, *, #161, .F. ) ;
#5683 = DIRECTION ( 'NONE',  ( 0.9993908270191083076, 0.0000000000000000000, -0.03489949670214029243 ) ) ;
#5684 = ORIENTED_EDGE ( 'NONE', *, *, #5573, .F. ) ;
#5685 = AXIS2_PLACEMENT_3D ( 'NONE', #4429, #4963, #5471 ) ;
#5686 = DIRECTION ( 'NONE',  ( 0.0000000000000000000, 0.0000000000000000000, -1.000000000000000000 ) ) ;
#5687 = CARTESIAN_POINT ( 'NONE',  ( 0.07654335415200788639, 0.1344617620041338724, -0.05511811020590551280 ) ) ;
#5688 = VECTOR ( 'NONE', #326, 39.37007874015748143 ) ;
#5689 = LINE ( 'NONE', #425, #6576 ) ;
#5690 = ORIENTED_EDGE ( 'NONE', *, *, #3573, .T. ) ;
#5691 = CARTESIAN_POINT ( 'NONE',  ( -0.2535824947727105538, -0.1513215839142400820, -0.07155240743470070441 ) ) ;
#5692 = ORIENTED_EDGE ( 'NONE', *, *, #6553, .T. ) ;
#5693 = EDGE_CURVE ( 'NONE', #6549, #4190, #3523, .T. ) ;
#5694 = VECTOR ( 'NONE', #1222, 39.37007874015748143 ) ;
#5695 = VECTOR ( 'NONE', #6744, 39.37007874015748143 ) ;
#5696 = LINE ( 'NONE', #430, #403 ) ;
#5697 = VERTEX_POINT ( 'NONE', #4029 ) ;
#5698 = VECTOR ( 'NONE', #2638, 39.37007874015748143 ) ;
#5699 = VECTOR ( 'NONE', #1005, 39.37007874015748854 ) ;
#5700 = AXIS2_PLACEMENT_3D ( 'NONE', #336, #712, #196 ) ;
#5701 = CYLINDRICAL_SURFACE ( 'NONE', #1148, 0.007874015748070855095 ) ;
#5702 = FACE_OUTER_BOUND ( 'NONE', #4125, .T. ) ;
#5703 = EDGE_CURVE ( 'NONE', #3287, #2897, #6076, .T. ) ;
#5704 = CARTESIAN_POINT ( 'NONE',  ( 0.1618110236220473008, -0.1751968503937007815, 0.01574803149606299191 ) ) ;
#5705 = ORIENTED_EDGE ( 'NONE', *, *, #5763, .T. ) ;
#5706 = FACE_OUTER_BOUND ( 'NONE', #3828, .T. ) ;
#5707 = CARTESIAN_POINT ( 'NONE',  ( 0.1381889763779527436, 0.1673228346456692994, 0.0000000000000000000 ) ) ;
#5708 = CARTESIAN_POINT ( 'NONE',  ( -0.2500018785238637964, 0.1515691377123565275, -0.07876899266994299986 ) ) ;
#5709 = AXIS2_PLACEMENT_3D ( 'NONE', #2248, #1572, #2692 ) ;
#5710 = ORIENTED_EDGE ( 'NONE', *, *, #3531, .F. ) ;
#5711 = VECTOR ( 'NONE', #3089, 39.37007874015748143 ) ;
#5712 = PLANE ( 'NONE',  #2606 ) ;
#5713 = ORIENTED_EDGE ( 'NONE', *, *, #4185, .F. ) ;
#5714 = EDGE_CURVE ( 'NONE', #3130, #2012, #1994, .T. ) ;
#5715 = DIRECTION ( 'NONE',  ( 0.0000000000000000000, -0.05233595624278905567, -0.9986295347545820489 ) ) ;
#5716 = VERTEX_POINT ( 'NONE', #1399 ) ;
#5717 = CARTESIAN_POINT ( 'NONE',  ( -0.03818897637795275191, -0.1673228346456692994, 0.0000000000000000000 ) ) ;
#5718 = CARTESIAN_POINT ( 'NONE',  ( 0.2165354330708661457, -0.1102362204724409434, 0.07874015748035433082 ) ) ;
#5719 = ORIENTED_EDGE ( 'NONE', *, *, #5264, .F. ) ;
#5720 = DIRECTION ( 'NONE',  ( 0.0000000000000000000, -0.9986295347547149426, -0.05233595624025127319 ) ) ;
#5721 = ORIENTED_EDGE ( 'NONE', *, *, #2247, .T. ) ;
#5722 = EDGE_CURVE ( 'NONE', #1252, #3742, #6629, .T. ) ;
#5723 = VECTOR ( 'NONE', #6560, 39.37007874015748143 ) ;
#5724 = CARTESIAN_POINT ( 'NONE',  ( 0.1434316826916141874, 0.1029121381022441023, 0.08267716535440945702 ) ) ;
#5725 = DIRECTION ( 'NONE',  ( 0.0000000000000000000, 0.0000000000000000000, -1.000000000000000000 ) ) ;
#5726 = CARTESIAN_POINT ( 'NONE',  ( 0.1381889763779527436, -0.2039282667301968444, -0.06910368486700788071 ) ) ;
#5727 = ORIENTED_EDGE ( 'NONE', *, *, #6474, .T. ) ;
#5728 = CARTESIAN_POINT ( 'NONE',  ( -0.2453772142963117908, -0.1572861209622295753, -0.07876896696629009931 ) ) ;
#5729 = ORIENTED_EDGE ( 'NONE', *, *, #6608, .T. ) ;
#5730 = CARTESIAN_POINT ( 'NONE',  ( -0.1381889763779527436, 0.1751968503937007815, 0.01574803149606299191 ) ) ;
#5731 = CIRCLE ( 'NONE', #4517, 0.009842519685039378616 ) ;
#5732 = ADVANCED_FACE ( 'NONE', ( #5624 ), #5653, .F. ) ;
#5733 = CARTESIAN_POINT ( 'NONE',  ( 0.09685039370078740717, -0.1102362204724409434, 0.1653543307087008141 ) ) ;
#5734 = CARTESIAN_POINT ( 'NONE',  ( -0.1381889763779527436, -0.1955911750433858287, -0.03641732283464567399 ) ) ;
#5735 = EDGE_LOOP ( 'NONE', ( #4431, #3657, #1302, #3699, #4354, #6479 ) ) ;
#5736 = LINE ( 'NONE', #5251, #5904 ) ;
#5737 = DIRECTION ( 'NONE',  ( -0.7071067811865474617, 0.7071067811865474617, 0.0000000000000000000 ) ) ;
#5738 = ORIENTED_EDGE ( 'NONE', *, *, #4756, .F. ) ;
#5739 = PLANE ( 'NONE',  #2148 ) ;
#5740 = LINE ( 'NONE', #4691, #47 ) ;
#5741 = CARTESIAN_POINT ( 'NONE',  ( -0.2437399754492408088, 0.1531658839402273709, -0.07873997997333845311 ) ) ;
#5742 = CYLINDRICAL_SURFACE ( 'NONE', #1980, 0.01574803149606299885 ) ;
#5743 = ORIENTED_EDGE ( 'NONE', *, *, #6674, .F. ) ;
#5744 = CARTESIAN_POINT ( 'NONE',  ( 0.0000000000000000000, 0.06114078714570865547, 0.1653543307087008141 ) ) ;
#5745 = ORIENTED_EDGE ( 'NONE', *, *, #2666, .T. ) ;
#5746 = DIRECTION ( 'NONE',  ( 0.0000000000000000000, 0.0000000000000000000, 1.000000000000000000 ) ) ;
#5747 = FACE_OUTER_BOUND ( 'NONE', #99, .T. ) ;
#5748 = ORIENTED_EDGE ( 'NONE', *, *, #1050, .T. ) ;
#5749 = CARTESIAN_POINT ( 'NONE',  ( 0.05000000000000000278, 0.0000000000000000000, -0.05511811023622047168 ) ) ;
#5750 = ORIENTED_EDGE ( 'NONE', *, *, #1982, .F. ) ;
#5751 = EDGE_CURVE ( 'NONE', #5148, #3616, #3014, .T. ) ;
#5752 = DIRECTION ( 'NONE',  ( 1.000000000000000000, -1.639958010661000567E-14, 0.0000000000000000000 ) ) ;
#5753 = CARTESIAN_POINT ( 'NONE',  ( -0.2125984251968504046, -0.07086614173228347746, 0.07874015748035433082 ) ) ;
#5754 = DIRECTION ( 'NONE',  ( 0.0000000000000000000, -0.9986295347544603684, 0.05233595624510797850 ) ) ;
#5755 = LINE ( 'NONE', #1084, #3479 ) ;
#5756 = ORIENTED_EDGE ( 'NONE', *, *, #398, .F. ) ;
#5757 = DIRECTION ( 'NONE',  ( -1.000000000000000000, 0.0000000000000000000, 0.0000000000000000000 ) ) ;
#5758 = ADVANCED_FACE ( 'NONE', ( #3997 ), #1963, .F. ) ;
#5759 = CARTESIAN_POINT ( 'NONE',  ( -0.2457384424518110344, 0.1512202902575984498, -0.07874015748031495954 ) ) ;
#5760 = CARTESIAN_POINT ( 'NONE',  ( 0.2494158174930314609, -0.1652174240096063174, 0.1936908310305117953 ) ) ;
#5761 = EDGE_CURVE ( 'NONE', #911, #3342, #2489, .T. ) ;
#5762 = ORIENTED_EDGE ( 'NONE', *, *, #4831, .F. ) ;
#5763 = EDGE_CURVE ( 'NONE', #150, #6382, #931, .T. ) ;
#5764 = CARTESIAN_POINT ( 'NONE',  ( -0.1938359190058268344, -0.1455756011410629935, 0.05905511811023622659 ) ) ;
#5765 = ORIENTED_EDGE ( 'NONE', *, *, #358, .F. ) ;
#5766 = CARTESIAN_POINT ( 'NONE',  ( 0.2165354330708661457, -0.06184532343511810887, 0.07874015748035433082 ) ) ;
#5767 = CARTESIAN_POINT ( 'NONE',  ( 0.1373336573740551181, 0.1751968503937007815, -0.009842519685039369942 ) ) ;
#5768 = VERTEX_POINT ( 'NONE', #6205 ) ;
#5769 = EDGE_CURVE ( 'NONE', #82, #1090, #4511, .T. ) ;
#5770 = B_SPLINE_CURVE_WITH_KNOTS ( 'NONE', 3,
 ( #5493, #2327, #6008, #3368 ),
 .UNSPECIFIED., .F., .F.,
 ( 4, 4 ),
 ( 0.0000000000000000000, 1.000000000000000000 ),
 .UNSPECIFIED. ) ;
#5771 = DIRECTION ( 'NONE',  ( 1.000000000000000000, 0.0000000000000000000, 0.0000000000000000000 ) ) ;
#5772 = ORIENTED_EDGE ( 'NONE', *, *, #5882, .F. ) ;
#5773 = CARTESIAN_POINT ( 'NONE',  ( 0.2457072810381640549, 0.1514884391669704677, -0.07874017305084746177 ) ) ;
#5774 = EDGE_LOOP ( 'NONE', ( #3425, #5662, #5306, #2202 ) ) ;
#5775 = CARTESIAN_POINT ( 'NONE',  ( 0.1499999999999999944, 0.2142666234596850572, -0.08858267716535435377 ) ) ;
#5776 = CARTESIAN_POINT ( 'NONE',  ( -0.2165354330708661457, -0.1102362204724409434, 0.1653543307087008141 ) ) ;
#5777 = ORIENTED_EDGE ( 'NONE', *, *, #2693, .F. ) ;
#5778 = CARTESIAN_POINT ( 'NONE',  ( 0.01713549316255512031, -0.1349623840092125937, 0.08070726843090551827 ) ) ;
#5779 = CARTESIAN_POINT ( 'NONE',  ( -0.1618110236220473008, 0.2244094488188976555, -0.07283464566929134798 ) ) ;
#5780 = DIRECTION ( 'NONE',  ( -1.457167719822461713E-12, 0.9993908270191073084, 0.03489949670216810351 ) ) ;
#5781 = EDGE_LOOP ( 'NONE', ( #1487, #1521, #3930, #5140 ) ) ;
#5782 = CARTESIAN_POINT ( 'NONE',  ( -0.1877274099285039521, 0.1102362204724409434, 0.08136484577629921056 ) ) ;
#5783 = AXIS2_PLACEMENT_3D ( 'NONE', #260, #3869, #708 ) ;
#5784 = ORIENTED_EDGE ( 'NONE', *, *, #2622, .T. ) ;
#5785 = DIRECTION ( 'NONE',  ( 1.000000000000000000, 0.0000000000000000000, 0.0000000000000000000 ) ) ;
#5786 = VECTOR ( 'NONE', #6789, 39.37007874015748143 ) ;
#5787 = AXIS2_PLACEMENT_3D ( 'NONE', #1871, #4551, #2462 ) ;
#5788 = DIRECTION ( 'NONE',  ( 1.000000000000000000, 0.0000000000000000000, 0.0000000000000000000 ) ) ;
#5789 = EDGE_CURVE ( 'NONE', #4291, #649, #3468, .T. ) ;
#5790 = ORIENTED_EDGE ( 'NONE', *, *, #4912, .T. ) ;
#5791 = VECTOR ( 'NONE', #2283, 39.37007874015748143 ) ;
#5792 = VECTOR ( 'NONE', #4181, 39.37007874015748143 ) ;
#5793 = VECTOR ( 'NONE', #5356, 39.37007874015748143 ) ;
#5794 = LINE ( 'NONE', #4334, #1840 ) ;
#5795 = EDGE_CURVE ( 'NONE', #4719, #6272, #5085, .T. ) ;
#5796 = CARTESIAN_POINT ( 'NONE',  ( 0.2437399755024803605, 0.1532187574101968597, -0.07874015748031495954 ) ) ;
#5797 = CARTESIAN_POINT ( 'NONE',  ( 0.1878556341471329660, -0.1102362204724409434, 0.07874015748035433082 ) ) ;
#5798 = CARTESIAN_POINT ( 'NONE',  ( -0.2443367138367044111, 0.1606758539575310341, -0.07586135892087482457 ) ) ;
#5799 = ORIENTED_EDGE ( 'NONE', *, *, #514, .T. ) ;
#5800 = CARTESIAN_POINT ( 'NONE',  ( -0.2373765702455511994, 0.1448881844187795143, 0.07874015748031495954 ) ) ;
#5801 = EDGE_LOOP ( 'NONE', ( #6681, #5692, #2904, #5344, #6389, #3469, #6307 ) ) ;
#5802 = LINE ( 'NONE', #5300, #3503 ) ;
#5803 = ADVANCED_FACE ( 'NONE', ( #4543 ), #6752, .T. ) ;
#5804 = CARTESIAN_POINT ( 'NONE',  ( 0.2471425883646456712, 0.1598289133113779403, 0.1974049564735433082 ) ) ;
#5805 = VECTOR ( 'NONE', #1174, 39.37007874015748143 ) ;
#5806 = ORIENTED_EDGE ( 'NONE', *, *, #2461, .T. ) ;
#5807 = DIRECTION ( 'NONE',  ( 0.0000000000000000000, 0.0000000000000000000, 1.000000000000000000 ) ) ;
#5808 = CARTESIAN_POINT ( 'NONE',  ( -0.1618110236220473008, -0.2041237981004330737, -0.07283464566929134798 ) ) ;
#5809 = ORIENTED_EDGE ( 'NONE', *, *, #3556, .F. ) ;
#5810 = LINE ( 'NONE', #3178, #1956 ) ;
#5811 = ORIENTED_EDGE ( 'NONE', *, *, #6740, .F. ) ;
#5812 = AXIS2_PLACEMENT_3D ( 'NONE', #3247, #5341, #2203 ) ;
#5813 = FACE_OUTER_BOUND ( 'NONE', #1524, .T. ) ;
#5814 = ORIENTED_EDGE ( 'NONE', *, *, #6830, .T. ) ;
#5815 = PLANE ( 'NONE',  #2835 ) ;
#5816 = DIRECTION ( 'NONE',  ( -1.000000000000000000, 0.0000000000000000000, 0.0000000000000000000 ) ) ;
#5817 = DIRECTION ( 'NONE',  ( 0.0000000000000000000, 0.0000000000000000000, -1.000000000000000000 ) ) ;
#5818 = DIRECTION ( 'NONE',  ( 0.0000000000000000000, -1.000000000000000000, 0.0000000000000000000 ) ) ;
#5819 = ORIENTED_EDGE ( 'NONE', *, *, #646, .T. ) ;
#5820 = VECTOR ( 'NONE', #2201, 39.37007874015748143 ) ;
#5821 = CARTESIAN_POINT ( 'NONE',  ( 0.2455501117993435511, -0.1519627021040098058, -0.07873997958916907625 ) ) ;
#5822 = CARTESIAN_POINT ( 'NONE',  ( -0.2437399755408267976, 0.1532187574093307192, -0.07874015748031495954 ) ) ;
#5823 = EDGE_CURVE ( 'NONE', #3957, #5308, #4047, .T. ) ;
#5824 = AXIS2_PLACEMENT_3D ( 'NONE', #6747, #4122, #3599 ) ;
#5825 = DIRECTION ( 'NONE',  ( -1.000000000000000000, 0.0000000000000000000, 0.0000000000000000000 ) ) ;
#5826 = PLANE ( 'NONE',  #4723 ) ;
#5827 = ORIENTED_EDGE ( 'NONE', *, *, #3864, .F. ) ;
#5828 = CARTESIAN_POINT ( 'NONE',  ( 0.2125984251968504046, 0.07086614173228347746, 0.1023622047244094752 ) ) ;
#5829 = CARTESIAN_POINT ( 'NONE',  ( -0.2437399756134645545, -0.1610628101481496044, -0.07155240742322835357 ) ) ;
#5830 = AXIS2_PLACEMENT_3D ( 'NONE', #776, #679, #3381 ) ;
#5831 = EDGE_CURVE ( 'NONE', #4475, #5275, #5060, .T. ) ;
#5832 = VERTEX_POINT ( 'NONE', #3045 ) ;
#5833 = PLANE ( 'NONE',  #3248 ) ;
#5834 = CARTESIAN_POINT ( 'NONE',  ( -0.06181102362204724671, -0.2244094488188976555, -0.08858267716535435377 ) ) ;
#5835 = ORIENTED_EDGE ( 'NONE', *, *, #6167, .F. ) ;
#5836 = ADVANCED_FACE ( 'NONE', ( #5181 ), #2133, .F. ) ;
#5837 = DIRECTION ( 'NONE',  ( 0.9993908270190972054, 0.0000000000000000000, -0.03489949670245990482 ) ) ;
#5838 = CARTESIAN_POINT ( 'NONE',  ( 0.2125984251968504046, 0.07086614173228347746, 0.05905511811023622659 ) ) ;
#5839 = ORIENTED_EDGE ( 'NONE', *, *, #4637, .T. ) ;
#5840 = DIRECTION ( 'NONE',  ( 1.000000000000000000, 0.0000000000000000000, 0.0000000000000000000 ) ) ;
#5841 = DIRECTION ( 'NONE',  ( -1.457167719822461713E-12, 0.9993908270191073084, 0.03489949670216810351 ) ) ;
#5842 = CARTESIAN_POINT ( 'NONE',  ( -0.2526132180222056545, 0.1563040054431898973, -0.07235041113206346075 ) ) ;
#5843 = ORIENTED_EDGE ( 'NONE', *, *, #2469, .F. ) ;
#5844 = EDGE_CURVE ( 'NONE', #185, #2336, #6269, .T. ) ;
#5845 = EDGE_CURVE ( 'NONE', #5112, #5633, #5160, .T. ) ;
#5846 = LINE ( 'NONE', #658, #2710 ) ;
#5847 = VERTEX_POINT ( 'NONE', #1532 ) ;
#5848 = DIRECTION ( 'NONE',  ( 0.0000000000000000000, 0.0000000000000000000, 1.000000000000000000 ) ) ;
#5849 = DIRECTION ( 'NONE',  ( 0.0000000000000000000, 0.0000000000000000000, -1.000000000000000000 ) ) ;
#5850 = FACE_OUTER_BOUND ( 'NONE', #3417, .T. ) ;
#5851 = LINE ( 'NONE', #3215, #5358 ) ;
#5852 = VERTEX_POINT ( 'NONE', #509 ) ;
#5853 = FACE_OUTER_BOUND ( 'NONE', #3804, .T. ) ;
#5854 = ORIENTED_EDGE ( 'NONE', *, *, #5657, .F. ) ;
#5855 = CARTESIAN_POINT ( 'NONE',  ( 0.2492549691533890721, -0.1597433129420149922, -0.07185341067653437663 ) ) ;
#5856 = EDGE_CURVE ( 'NONE', #1756, #30, #4771, .T. ) ;
#5857 = LINE ( 'NONE', #1263, #500 ) ;
#5858 = CARTESIAN_POINT ( 'NONE',  ( -0.2165354330708661457, -0.06184532343511810887, 0.1023622047244094752 ) ) ;
#5859 = ORIENTED_EDGE ( 'NONE', *, *, #468, .F. ) ;
#5860 = EDGE_LOOP ( 'NONE', ( #6733, #5908, #892, #6293, #4863 ) ) ;
#5861 = FACE_OUTER_BOUND ( 'NONE', #51, .T. ) ;
#5862 = ORIENTED_EDGE ( 'NONE', *, *, #1565, .T. ) ;
#5863 = DIRECTION ( 'NONE',  ( 0.0000000000000000000, 0.05233595624266938057, 0.9986295347545881551 ) ) ;
#5864 = ADVANCED_FACE ( 'NONE', ( #5747 ), #4189, .T. ) ;
#5865 = CARTESIAN_POINT ( 'NONE',  ( -0.2456702460884726269, -0.1514969324265671990, -0.07873998029003977106 ) ) ;
#5866 = ORIENTED_EDGE ( 'NONE', *, *, #4178, .F. ) ;
#5867 = LINE ( 'NONE', #566, #3472 ) ;
#5868 = ORIENTED_EDGE ( 'NONE', *, *, #1438, .T. ) ;
#5869 = CARTESIAN_POINT ( 'NONE',  ( -0.2373765702455511994, -0.1448881844187795143, 0.07874015748031495954 ) ) ;
#5870 = CARTESIAN_POINT ( 'NONE',  ( -0.2533599610243307820, 0.03937007874015747977, 0.1850397333144488399 ) ) ;
#5871 = CARTESIAN_POINT ( 'NONE',  ( -0.2534895746357874180, -0.1532187574072834679, -0.07086614173228347746 ) ) ;
#5872 = ORIENTED_EDGE ( 'NONE', *, *, #351, .F. ) ;
#5873 = DIRECTION ( 'NONE',  ( 0.03492010308906891985, 0.03486353532470892053, 0.9987818181689690489 ) ) ;
#5874 = EDGE_CURVE ( 'NONE', #6331, #1642, #4251, .T. ) ;
#5875 = CARTESIAN_POINT ( 'NONE',  ( -0.2437399756134645545, -0.1532187574101968597, -0.07874015748031495954 ) ) ;
#5876 = PERSON_AND_ORGANIZATION ( #6832, #4155 ) ;
#5877 = ORIENTED_EDGE ( 'NONE', *, *, #523, .T. ) ;
#5878 = LINE ( 'NONE', #3854, #5283 ) ;
#5879 = CARTESIAN_POINT ( 'NONE',  ( 0.2571042429657823258, 0.1547773029016741575, 0.07751929357124143216 ) ) ;
#5880 = CARTESIAN_POINT ( 'NONE',  ( 0.2551900894485269466, -0.1664599319452985948, 0.0004178620093493359941 ) ) ;
#5881 = FACE_OUTER_BOUND ( 'NONE', #434, .T. ) ;
#5882 = EDGE_CURVE ( 'NONE', #3317, #1872, #4668, .T. ) ;
#5883 = DIRECTION ( 'NONE',  ( 1.000000000000000000, 0.0000000000000000000, 0.0000000000000000000 ) ) ;
#5884 = ORIENTED_EDGE ( 'NONE', *, *, #5291, .F. ) ;
#5885 = CARTESIAN_POINT ( 'NONE',  ( 0.2500018526021820509, -0.1515664745863936624, -0.07876902381811159981 ) ) ;
#5886 = CARTESIAN_POINT ( 'NONE',  ( -0.2224409448818897850, -0.07086614173228347746, 0.05905511811023622659 ) ) ;
#5887 = CARTESIAN_POINT ( 'NONE',  ( -0.2443337487142518971, -0.1504063317870472372, 0.1967998166919685266 ) ) ;
#5888 = CARTESIAN_POINT ( 'NONE',  ( -0.2125984251968504046, 0.0000000000000000000, 0.1023622047244094752 ) ) ;
#5889 = ORIENTED_EDGE ( 'NONE', *, *, #2958, .F. ) ;
#5890 = EDGE_CURVE ( 'NONE', #2481, #1465, #3605, .T. ) ;
#5891 = CARTESIAN_POINT ( 'NONE',  ( 0.02201680888646456724, 0.1355797891474803119, 0.07874015748035433082 ) ) ;
#5892 = ORIENTED_EDGE ( 'NONE', *, *, #3355, .T. ) ;
#5893 = DIRECTION ( 'NONE',  ( 0.9961946980917597561, 0.0000000000000000000, -0.08715574274749648964 ) ) ;
#5894 = ORIENTED_EDGE ( 'NONE', *, *, #3773, .T. ) ;
#5895 = CARTESIAN_POINT ( 'NONE',  ( -0.2456701992683034685, 0.1514969258565179167, -0.07873997997333845311 ) ) ;
#5896 = AXIS2_PLACEMENT_3D ( 'NONE', #6255, #990, #3629 ) ;
#5897 = ORIENTED_EDGE ( 'NONE', *, *, #4443, .F. ) ;
#5898 = CARTESIAN_POINT ( 'NONE',  ( 0.01443979615457480388, -0.1332660827175590756, -0.03980716341007873443 ) ) ;
#5899 = CIRCLE ( 'NONE', #4480, 0.003937007874015749712 ) ;
#5900 = VECTOR ( 'NONE', #6171, 39.37007874015748143 ) ;
#5901 = CARTESIAN_POINT ( 'NONE',  ( -0.2438613020065573678, -0.1531639424640443004, -0.07873998029003977106 ) ) ;
#5902 = CARTESIAN_POINT ( 'NONE',  ( -0.2438612990235047573, 0.1531638953293394112, -0.07873997997333845311 ) ) ;
#5903 = VERTEX_POINT ( 'NONE', #973 ) ;
#5904 = VECTOR ( 'NONE', #493, 39.37007874015748143 ) ;
#5905 = AXIS2_PLACEMENT_3D ( 'NONE', #5172, #4660, #3560 ) ;
#5906 = ADVANCED_FACE ( 'NONE', ( #4739 ), #6848, .T. ) ;
#5907 = DIRECTION ( 'NONE',  ( -1.000000000000000000, 0.0000000000000000000, 0.0000000000000000000 ) ) ;
#5908 = ORIENTED_EDGE ( 'NONE', *, *, #4199, .T. ) ;
#5909 = CARTESIAN_POINT ( 'NONE',  ( 0.1618110236220473008, -0.2007523306137795338, -0.008503213718098425258 ) ) ;
#5910 = VERTEX_POINT ( 'NONE', #1003 ) ;
#5911 = CARTESIAN_POINT ( 'NONE',  ( -0.2476853320364376387, -0.1512202903153543609, -0.07874015747904739015 ) ) ;
#5912 = CARTESIAN_POINT ( 'NONE',  ( -0.1618110236220473008, -0.2007523306137795338, -0.008503213718137796542 ) ) ;
#5913 = VECTOR ( 'NONE', #1676, 39.37007874015748143 ) ;
#5914 = COORDINATED_UNIVERSAL_TIME_OFFSET ( 0, 0, .AHEAD. ) ;
#5915 = AXIS2_PLACEMENT_3D ( 'NONE', #1930, #2491, #4031 ) ;
#5916 = ORIENTED_EDGE ( 'NONE', *, *, #6670, .F. ) ;
#5917 = PLANE ( 'NONE',  #6128 ) ;
#5918 = ADVANCED_FACE ( 'NONE', ( #6781 ), #1591, .F. ) ;
#5919 = CARTESIAN_POINT ( 'NONE',  ( 0.1618110236220473008, -0.1751968503937007815, -0.009842519685039369942 ) ) ;
#5920 = VECTOR ( 'NONE', #6056, 39.37007874015748143 ) ;
#5921 = DIRECTION ( 'NONE',  ( 1.000000000000000000, 0.0000000000000000000, 0.0000000000000000000 ) ) ;
#5922 = ORIENTED_EDGE ( 'NONE', *, *, #5479, .T. ) ;
#5923 = CARTESIAN_POINT ( 'NONE',  ( 0.2535755470133280176, 0.1517651362687493510, -0.07155240746229890592 ) ) ;
#5924 = DIRECTION ( 'NONE',  ( -0.03546047755411974728, -0.03487668725208974835, 0.9987623196826929117 ) ) ;
#5925 = CARTESIAN_POINT ( 'NONE',  ( 0.2437399763128712260, -0.1575182045405504050, -0.07874015646287151060 ) ) ;
#5926 = PLANE ( 'NONE',  #2246 ) ;
#5927 = ORIENTED_EDGE ( 'NONE', *, *, #685, .T. ) ;
#5928 = CARTESIAN_POINT ( 'NONE',  ( 0.2498230641873563362, -0.1527914138709231262, -0.07876902381811159981 ) ) ;
#5929 = VERTEX_POINT ( 'NONE', #6299 ) ;
#5930 = CARTESIAN_POINT ( 'NONE',  ( -0.1626663426259448708, -0.1751968503937007815, -0.009842519685039369942 ) ) ;
#5931 = CIRCLE ( 'NONE', #6055, 0.009842519685039359534 ) ;
#5932 = EDGE_CURVE ( 'NONE', #784, #4184, #3104, .T. ) ;
#5933 = CARTESIAN_POINT ( 'NONE',  ( -0.2471425892827165682, -0.1598289101613779295, 0.1974049537875984250 ) ) ;
#5934 = CARTESIAN_POINT ( 'NONE',  ( 0.2562323704503937649, 0.1636509890240551157, 0.02165432794375590775 ) ) ;
#5935 = DIRECTION ( 'NONE',  ( 0.0000000000000000000, -0.0000000000000000000, 1.000000000000000000 ) ) ;
#5936 = VERTEX_POINT ( 'NONE', #2584 ) ;
#5937 = DIRECTION ( 'NONE',  ( 0.0000000000000000000, 0.9986295347545857126, -0.05233595624271924346 ) ) ;
#5938 = ORIENTED_EDGE ( 'NONE', *, *, #1032, .T. ) ;
#5939 = ORIENTED_EDGE ( 'NONE', *, *, #5844, .F. ) ;
#5940 = CARTESIAN_POINT ( 'NONE',  ( -0.2449115361687758952, 0.1527920138925170368, -0.07873997997333845311 ) ) ;
#5941 = AXIS2_PLACEMENT_3D ( 'NONE', #3348, #4532, #4498 ) ;
#5942 = EDGE_CURVE ( 'NONE', #442, #2870, #4245, .T. ) ;
#5943 = CARTESIAN_POINT ( 'NONE',  ( -0.2433659566591732382, 0.1607140939448031824, 0.1892511771465354986 ) ) ;
#5944 = LINE ( 'NONE', #6496, #1421 ) ;
#5945 = AXIS2_PLACEMENT_3D ( 'NONE', #6514, #5552, #1790 ) ;
#5946 = VERTEX_POINT ( 'NONE', #691 ) ;
#5947 = CARTESIAN_POINT ( 'NONE',  ( -0.2437399756134645545, -0.1532187574101968597, -0.07874015748031495954 ) ) ;
#5948 = CARTESIAN_POINT ( 'NONE',  ( 0.1499999999999999944, 0.1712598425196850405, 0.0000000000000000000 ) ) ;
#5949 = ORIENTED_EDGE ( 'NONE', *, *, #3088, .T. ) ;
#5950 = CARTESIAN_POINT ( 'NONE',  ( -0.03818897637795275191, -0.2244094488188976555, -0.07283464566929134798 ) ) ;
#5951 = ORIENTED_EDGE ( 'NONE', *, *, #4306, .F. ) ;
#5952 = DIRECTION ( 'NONE',  ( -7.858137790552809044E-05, 3.086983493273489395E-05, 0.9999999964360101190 ) ) ;
#5953 = DIRECTION ( 'NONE',  ( 0.9993908270191083076, -0.0000000000000000000, 0.03489949670214029243 ) ) ;
#5954 = CARTESIAN_POINT ( 'NONE',  ( 0.09685039370082677845, 0.1102362204724409434, 0.07874015748035433082 ) ) ;
#5955 = B_SPLINE_CURVE_WITH_KNOTS ( 'NONE', 3,
 ( #3801, #3389, #5511, #5870 ),
 .UNSPECIFIED., .F., .F.,
 ( 4, 4 ),
 ( 0.0000000000000000000, 1.000000000000000000 ),
 .UNSPECIFIED. ) ;
#5956 = VERTEX_POINT ( 'NONE', #1249 ) ;
#5957 = DIRECTION ( 'NONE',  ( 0.0000000000000000000, -1.000000000000000000, 0.0000000000000000000 ) ) ;
#5958 = CARTESIAN_POINT ( 'NONE',  ( -0.06181102362204724671, -0.1141732283464566844, 0.08267716535433072833 ) ) ;
#5959 = VERTEX_POINT ( 'NONE', #5875 ) ;
#5960 = CARTESIAN_POINT ( 'NONE',  ( 0.1618110236220473008, 0.2244094488188976555, -0.07283464566929134798 ) ) ;
#5961 = CARTESIAN_POINT ( 'NONE',  ( -0.1381889763779527436, -0.2244094488188976555, -0.08858267716535435377 ) ) ;
#5962 = CARTESIAN_POINT ( 'NONE',  ( -0.03818897637795275191, -0.1141732283464566844, 0.09055118110236221041 ) ) ;
#5963 = CARTESIAN_POINT ( 'NONE',  ( 0.1373336573740551181, 0.2078598790717716693, -0.06889763779527559306 ) ) ;
#5964 = CARTESIAN_POINT ( 'NONE',  ( -0.2532336848943501639, 0.07653925515318896200, 0.1892522669754291842 ) ) ;
#5965 = ORIENTED_EDGE ( 'NONE', *, *, #6695, .T. ) ;
#5966 = CARTESIAN_POINT ( 'NONE',  ( 0.2438781487694516581, -0.1610628099454785578, -0.07155240746254500073 ) ) ;
#5967 = ADVANCED_FACE ( 'NONE', ( #2797 ), #4921, .F. ) ;
#5968 = CARTESIAN_POINT ( 'NONE',  ( 0.2499390267625184459, -0.1673319992563938874, -0.0002678361720407862142 ) ) ;
#5969 = LINE ( 'NONE', #6007, #6810 ) ;
#5970 = CARTESIAN_POINT ( 'NONE',  ( -0.2125984251968504046, -0.07086614173228347746, 0.05905511811023622659 ) ) ;
#5971 = CARTESIAN_POINT ( 'NONE',  ( 0.2027559055118110243, -0.07086614173228347746, 0.1023622047244094752 ) ) ;
#5972 = VERTEX_POINT ( 'NONE', #5992 ) ;
#5973 = CARTESIAN_POINT ( 'NONE',  ( 0.08565023325763779227, 0.1341783691724803274, 0.06386737547594488473 ) ) ;
#5974 = ORIENTED_EDGE ( 'NONE', *, *, #5220, .F. ) ;
#5975 = CARTESIAN_POINT ( 'NONE',  ( -0.1381889763779527436, 0.1955911750433858287, -0.03641732283464567399 ) ) ;
#5976 = ADVANCED_FACE ( 'NONE', ( #2275 ), #1137, .T. ) ;
#5977 = ORIENTED_EDGE ( 'NONE', *, *, #204, .T. ) ;
#5978 = CARTESIAN_POINT ( 'NONE',  ( -0.2535824952006299760, -0.1512202906041338613, -0.07155240743062991904 ) ) ;
#5979 = FACE_OUTER_BOUND ( 'NONE', #6235, .T. ) ;
#5980 = ADVANCED_FACE ( 'NONE', ( #3740 ), #5410, .F. ) ;
#5981 = FACE_OUTER_BOUND ( 'NONE', #4026, .T. ) ;
#5982 = EDGE_LOOP ( 'NONE', ( #4455, #3482, #1739, #4619 ) ) ;
#5983 = DIRECTION ( 'NONE',  ( -0.3999999999999874212, -0.9165151389911735391, 0.0000000000000000000 ) ) ;
#5984 = CARTESIAN_POINT ( 'NONE',  ( -0.2447124282757513203, -0.1529222024007400593, -0.07873998029003977106 ) ) ;
#5985 = EDGE_CURVE ( 'NONE', #6305, #1250, #4883, .T. ) ;
#5986 = VERTEX_POINT ( 'NONE', #2677 ) ;
#5987 = FACE_OUTER_BOUND ( 'NONE', #1171, .T. ) ;
#5988 = CARTESIAN_POINT ( 'NONE',  ( 0.1381889763779527436, -0.2041237981004330737, -0.07283464566929134798 ) ) ;
#5989 = CARTESIAN_POINT ( 'NONE',  ( -0.2165354330708661457, -0.07988696002944881136, 0.07874015748035433082 ) ) ;
#5990 = VERTEX_POINT ( 'NONE', #4433 ) ;
#5991 = CARTESIAN_POINT ( 'NONE',  ( 0.1893700787401574881, 0.1455756011410629935, 0.05905511811023622659 ) ) ;
#5992 = CARTESIAN_POINT ( 'NONE',  ( -0.1381889763779527436, 0.1751968503937007815, 0.0000000000000000000 ) ) ;
#5993 = EDGE_CURVE ( 'NONE', #6272, #1220, #5442, .T. ) ;
#5994 = COORDINATED_UNIVERSAL_TIME_OFFSET ( 0, 0, .AHEAD. ) ;
#5995 = VERTEX_POINT ( 'NONE', #4399 ) ;
#5996 = CARTESIAN_POINT ( 'NONE',  ( -0.1381889763779527436, 0.1751968503937007815, -0.009842519685039369942 ) ) ;
#5997 = ORIENTED_EDGE ( 'NONE', *, *, #1305, .F. ) ;
#5998 = CARTESIAN_POINT ( 'NONE',  ( 0.2486700916461483668, 0.1597857212922768610, -0.07155240746229890592 ) ) ;
#5999 = LINE ( 'NONE', #5379, #1599 ) ;
#6000 = PLANE ( 'NONE',  #6497 ) ;
#6001 = CARTESIAN_POINT ( 'NONE',  ( -0.2532128814768110359, 0.03937007874015747977, 0.1892515404901574938 ) ) ;
#6002 = VERTEX_POINT ( 'NONE', #5912 ) ;
#6003 = CARTESIAN_POINT ( 'NONE',  ( 0.2473528741310661583, -0.1600041190649461320, -0.07586138697756143745 ) ) ;
#6004 = ORIENTED_EDGE ( 'NONE', *, *, #1909, .T. ) ;
#6005 = CARTESIAN_POINT ( 'NONE',  ( 0.2590814435928321946, -0.1566268387439993803, 0.02178182202981107998 ) ) ;
#6006 = EDGE_CURVE ( 'NONE', #5528, #5238, #3206, .T. ) ;
#6007 = CARTESIAN_POINT ( 'NONE',  ( 0.1381889763779527436, -0.1667729012678346445, 0.01574803149606299191 ) ) ;
#6008 = CARTESIAN_POINT ( 'NONE',  ( -0.2593383930176351715, 0.1569782109551079718, 0.01443629447160001480 ) ) ;
#6009 = CARTESIAN_POINT ( 'NONE',  ( 0.1381889763779527436, 0.1673228346456692994, 0.0000000000000000000 ) ) ;
#6010 = ORIENTED_EDGE ( 'NONE', *, *, #3718, .F. ) ;
#6011 = CARTESIAN_POINT ( 'NONE',  ( 0.08233860821132961416, -0.1350903303959689605, 0.07874015747189069825 ) ) ;
#6012 = ORIENTED_EDGE ( 'NONE', *, *, #5017, .T. ) ;
#6013 = VERTEX_POINT ( 'NONE', #5958 ) ;
#6014 = EDGE_CURVE ( 'NONE', #5633, #1515, #3238, .T. ) ;
#6015 = CARTESIAN_POINT ( 'NONE',  ( 0.1381889763779527436, 0.2041237981004330737, -0.07283464566929134798 ) ) ;
#6016 = ORIENTED_EDGE ( 'NONE', *, *, #5144, .T. ) ;
#6017 = DIRECTION ( 'NONE',  ( 0.6787812987641907991, 0.7343404853662900411, 0.0000000000000000000 ) ) ;
#6018 = AXIS2_PLACEMENT_3D ( 'NONE', #1131, #3234, #608 ) ;
#6019 = ORIENTED_EDGE ( 'NONE', *, *, #969, .T. ) ;
#6020 = CLOSED_SHELL ( 'NONE', ( #4114, #1480, #5648, #1528, #4414, #171, #1688, #1761, #3385, #4678, #1239, #4356, #2302, #390, #4457, #557, #4481, #3420, #667, #2161, #2544, #3996, #4964, #2779, #5353, #5110, #977, #2293, #6657, #3692, #6117, #4990, #3266, #48, #627, #6643, #5906, #1657, #1564, #3050, #4657, #4163, #221, #1677, #4541, #6811, #1154, #4312, #2442, #5732, #6533, #2944, #5616, #2043, #872, #6775, #1820, #2636, #6494, #6470, #5330, #1612, #3835, #3256, #2525, #4074, #5438, #5836, #13, #3961, #2083, #3525, #1932, #5505, #694, #1412, #5640, #3623, #6649, #5231, #5758, #1468, #3181, #4748, #6735, #4192, #3411, #3604, #4153, #6132, #3872, #6227, #4529, #3952, #4836, #5980, #6437, #1246, #1427, #4559, #3982, #93, #3345, #895, #936, #3059, #6294, #3091, #2078 ) ) ;
#6021 = ORIENTED_EDGE ( 'NONE', *, *, #4756, .T. ) ;
#6022 = VECTOR ( 'NONE', #6593, 39.37007874015748143 ) ;
#6023 = DIRECTION ( 'NONE',  ( 1.000000000000000000, 0.0000000000000000000, 0.0000000000000000000 ) ) ;
#6024 = LINE ( 'NONE', #1285, #2067 ) ;
#6025 = ORIENTED_EDGE ( 'NONE', *, *, #6484, .T. ) ;
#6026 = DIRECTION ( 'NONE',  ( 0.0000000000000000000, 1.000000000000000000, 0.0000000000000000000 ) ) ;
#6027 = LINE ( 'NONE', #374, #3488 ) ;
#6028 = PERSON_AND_ORGANIZATION_ROLE ( 'creator' ) ;
#6029 = ORIENTED_EDGE ( 'NONE', *, *, #2622, .F. ) ;
#6030 = VECTOR ( 'NONE', #1696, 39.37007874015748143 ) ;
#6031 = CIRCLE ( 'NONE', #941, 0.009842519685039378616 ) ;
#6032 = EDGE_CURVE ( 'NONE', #6461, #4785, #3319, .T. ) ;
#6033 = CARTESIAN_POINT ( 'NONE',  ( -0.2437399760126077453, -0.1606880896316707497, -0.07583549226123231790 ) ) ;
#6034 = ORIENTED_EDGE ( 'NONE', *, *, #3538, .F. ) ;
#6035 = CARTESIAN_POINT ( 'NONE',  ( 0.2468834822793490036, 0.1566744528358944566, -0.07876893026777351259 ) ) ;
#6036 = VECTOR ( 'NONE', #1583, 39.37007874015748143 ) ;
#6037 = CARTESIAN_POINT ( 'NONE',  ( -0.09685039370082677845, 0.1102362204724409434, 0.1653543307087008141 ) ) ;
#6038 = FACE_OUTER_BOUND ( 'NONE', #2975, .T. ) ;
#6039 = VECTOR ( 'NONE', #3543, 39.37007874015748854 ) ;
#6040 = CARTESIAN_POINT ( 'NONE',  ( 0.1884037035511041680, -0.1116225098757913925, 0.07874015748035435858 ) ) ;
#6041 = ORIENTED_EDGE ( 'NONE', *, *, #5082, .T. ) ;
#6042 = CARTESIAN_POINT ( 'NONE',  ( 0.2452207085793402241, -0.1609710086301575360, -0.07155240746254500073 ) ) ;
#6043 = ORIENTED_EDGE ( 'NONE', *, *, #6201, .T. ) ;
#6044 = CARTESIAN_POINT ( 'NONE',  ( 0.2589471510270553445, -0.1626379384229225400, -0.0001171857573883191590 ) ) ;
#6045 = AXIS2_PLACEMENT_3D ( 'NONE', #318, #4094, #6651 ) ;
#6046 = LINE ( 'NONE', #1764, #590 ) ;
#6047 = CARTESIAN_POINT ( 'NONE',  ( 0.08565274858188977325, 0.1343120206684645657, 0.07874015748035433082 ) ) ;
#6048 = ORIENTED_EDGE ( 'NONE', *, *, #5135, .F. ) ;
#6049 = DIRECTION ( 'NONE',  ( 0.0000000000000000000, 0.0000000000000000000, -1.000000000000000000 ) ) ;
#6050 = ORIENTED_EDGE ( 'NONE', *, *, #6484, .F. ) ;
#6051 = DIRECTION ( 'NONE',  ( 1.000000000000000000, 0.0000000000000000000, 0.0000000000000000000 ) ) ;
#6052 = AXIS2_PLACEMENT_3D ( 'NONE', #265, #896, #5161 ) ;
#6053 = ORIENTED_EDGE ( 'NONE', *, *, #1882, .F. ) ;
#6054 = CARTESIAN_POINT ( 'NONE',  ( 0.1816849437310450177, -0.1029121381022190668, 0.08267716535433072833 ) ) ;
#6055 = AXIS2_PLACEMENT_3D ( 'NONE', #78, #3257, #668 ) ;
#6056 = DIRECTION ( 'NONE',  ( 1.000000000000000000, 0.0000000000000000000, 0.0000000000000000000 ) ) ;
#6057 = ORIENTED_EDGE ( 'NONE', *, *, #1099, .F. ) ;
#6058 = DIRECTION ( 'NONE',  ( 7.856980100038701668E-05, 7.971990199970696827E-05, -0.9999999937357618718 ) ) ;
#6059 = AXIS2_PLACEMENT_3D ( 'NONE', #6096, #5472, #2903 ) ;
#6060 = VERTEX_POINT ( 'NONE', #5334 ) ;
#6061 = EDGE_CURVE ( 'NONE', #4533, #237, #4790, .T. ) ;
#6062 = AXIS2_PLACEMENT_3D ( 'NONE', #5007, #2279, #2879 ) ;
#6063 = DIRECTION ( 'NONE',  ( 0.0000000000000000000, 0.0000000000000000000, -1.000000000000000000 ) ) ;
#6064 = CARTESIAN_POINT ( 'NONE',  ( 0.0000000000000000000, -0.1242087662389763786, 0.08267716535433072833 ) ) ;
#6065 = ORIENTED_EDGE ( 'NONE', *, *, #5722, .T. ) ;
#6066 = DIRECTION ( 'NONE',  ( 1.000000000000000000, 0.0000000000000000000, 0.0000000000000000000 ) ) ;
#6067 = CARTESIAN_POINT ( 'NONE',  ( -0.2562210868070472491, 0.1636398042851180956, 0.02165353369637795442 ) ) ;
#6068 = CARTESIAN_POINT ( 'NONE',  ( 0.2503183082520866187, 0.1578296698703149648, 0.1893647769056692742 ) ) ;
#6069 = ORIENTED_EDGE ( 'NONE', *, *, #6238, .T. ) ;
#6070 = ADVANCED_FACE ( 'NONE', ( #572 ), #4968, .F. ) ;
#6071 = DIRECTION ( 'NONE',  ( 1.000000000000000000, 0.0000000000000000000, 0.0000000000000000000 ) ) ;
#6072 = ORIENTED_EDGE ( 'NONE', *, *, #3111, .F. ) ;
#6073 = CARTESIAN_POINT ( 'NONE',  ( 0.1499999999999999944, 0.1709848758307874195, 0.01574803149606299191 ) ) ;
#6074 = EDGE_CURVE ( 'NONE', #1467, #1536, #4357, .T. ) ;
#6075 = CARTESIAN_POINT ( 'NONE',  ( -0.1886826620178740366, 0.1448881844187795143, 0.07874015748035433082 ) ) ;
#6076 = LINE ( 'NONE', #354, #829 ) ;
#6077 = VERTEX_POINT ( 'NONE', #97 ) ;
#6078 = DIRECTION ( 'NONE',  ( 0.0000000000000000000, 1.000000000000000000, 0.0000000000000000000 ) ) ;
#6079 = EDGE_CURVE ( 'NONE', #5199, #3015, #1180, .T. ) ;
#6080 = CARTESIAN_POINT ( 'NONE',  ( 0.2598517164679586822, -0.1574277646413565213, -0.0002675409137762143935 ) ) ;
#6081 = CARTESIAN_POINT ( 'NONE',  ( 0.1893700787401551566, -0.1138910667010585576, 0.05905511811023622659 ) ) ;
#6082 = CARTESIAN_POINT ( 'NONE',  ( 0.1381889763779527436, 0.2078598790717716693, -0.07283464566929134798 ) ) ;
#6083 = CARTESIAN_POINT ( 'NONE',  ( 0.2551398021724412546, -0.1662751122690825922, -1.985418743235942122E-05 ) ) ;
#6084 = ORIENTED_EDGE ( 'NONE', *, *, #2019, .F. ) ;
#6085 = ORIENTED_EDGE ( 'NONE', *, *, #3853, .T. ) ;
#6086 = EDGE_CURVE ( 'NONE', #4752, #520, #4926, .T. ) ;
#6087 = DIRECTION ( 'NONE',  ( 1.000000000000000000, -2.072416312633999988E-14, 6.445307250875999572E-13 ) ) ;
#6088 = DIRECTION ( 'NONE',  ( 1.000000000000000000, -2.652640011747999928E-13, 2.939365020490999890E-12 ) ) ;
#6089 = CARTESIAN_POINT ( 'NONE',  ( 0.1893700613039250025, 0.1138910601931842348, 0.05905511811023609475 ) ) ;
#6090 = ORIENTED_EDGE ( 'NONE', *, *, #4547, .F. ) ;
#6091 = CARTESIAN_POINT ( 'NONE',  ( -0.2598425196850393526, -0.1574803149800000357, -2.586245959298031613E-13 ) ) ;
#6092 = ORIENTED_EDGE ( 'NONE', *, *, #5845, .F. ) ;
#6093 = ORIENTED_EDGE ( 'NONE', *, *, #1305, .T. ) ;
#6094 = PLANE ( 'NONE',  #1382 ) ;
#6095 = EDGE_CURVE ( 'NONE', #4452, #6426, #4290, .T. ) ;
#6096 = CARTESIAN_POINT ( 'NONE',  ( 0.1499999999999999944, 0.2244094488188976555, -0.08070866141732283006 ) ) ;
#6097 = ORIENTED_EDGE ( 'NONE', *, *, #2183, .F. ) ;
#6098 = DIRECTION ( 'NONE',  ( 0.08737264807624155194, 0.9961756975394175928, 0.0000000000000000000 ) ) ;
#6099 = CARTESIAN_POINT ( 'NONE',  ( -0.2440025851127952949, 0.1523858448681496280, 0.1967999473643307351 ) ) ;
#6100 = DIRECTION ( 'NONE',  ( 0.0000000000000000000, 0.0000000000000000000, 1.000000000000000000 ) ) ;
#6101 = ORIENTED_EDGE ( 'NONE', *, *, #311, .T. ) ;
#6102 = DIRECTION ( 'NONE',  ( 0.0000000000000000000, 1.000000000000000000, 0.0000000000000000000 ) ) ;
#6103 = VERTEX_POINT ( 'NONE', #2717 ) ;
#6104 = EDGE_CURVE ( 'NONE', #5225, #2498, #4212, .T. ) ;
#6105 = CARTESIAN_POINT ( 'NONE',  ( 0.2456262936508022132, 0.1517244281031533415, -0.07873998074171600914 ) ) ;
#6106 = CYLINDRICAL_SURFACE ( 'NONE', #4684, 0.01181102362206692957 ) ;
#6107 = CARTESIAN_POINT ( 'NONE',  ( 0.2598425196851181229, -0.1574803148640157302, 1.267674176479133813E-12 ) ) ;
#6108 = EDGE_LOOP ( 'NONE', ( #1075, #5001, #2765, #3293 ) ) ;
#6109 = PLANE ( 'NONE',  #2260 ) ;
#6110 = ORIENTED_EDGE ( 'NONE', *, *, #5346, .F. ) ;
#6111 = CARTESIAN_POINT ( 'NONE',  ( -0.2543876048030933035, 0.1656574473076590226, 0.02193326389862585574 ) ) ;
#6112 = LINE ( 'NONE', #814, #6284 ) ;
#6113 = LINE ( 'NONE', #6602, #5470 ) ;
#6114 = ORIENTED_EDGE ( 'NONE', *, *, #6774, .T. ) ;
#6115 = CARTESIAN_POINT ( 'NONE',  ( -0.2520218454026580401, -0.1558841576887660674, -0.07586133578242240660 ) ) ;
#6116 = B_SPLINE_CURVE_WITH_KNOTS ( 'NONE', 3,
 ( #5724, #5312, #1009, #480 ),
 .UNSPECIFIED., .F., .F.,
 ( 4, 4 ),
 ( 0.0000000000000000000, 1.000000000000000000 ),
 .UNSPECIFIED. ) ;
#6117 = ADVANCED_FACE ( 'NONE', ( #4845 ), #3000, .T. ) ;
#6118 = CARTESIAN_POINT ( 'NONE',  ( -0.1618110236220473008, 0.1667729012678346445, 0.01574803149606299191 ) ) ;
#6119 = DIRECTION ( 'NONE',  ( 0.0000000000000000000, -0.9986295347547528012, 0.05233595623952764370 ) ) ;
#6120 = ORIENTED_EDGE ( 'NONE', *, *, #1519, .F. ) ;
#6121 = CARTESIAN_POINT ( 'NONE',  ( -0.2532077737598293354, 0.1512202913813530669, -0.07583549282147881987 ) ) ;
#6122 = CARTESIAN_POINT ( 'NONE',  ( -0.1618110236220473008, -0.1955911750433464713, -0.03641732283464567399 ) ) ;
#6123 = LINE ( 'NONE', #3557, #927 ) ;
#6124 =( BOUNDED_CURVE ( )  B_SPLINE_CURVE ( 3, ( #2634, #2216, #529, #3194 ),
 .UNSPECIFIED., .F., .T. ) 
 B_SPLINE_CURVE_WITH_KNOTS ( ( 4, 4 ),
 ( 2.356803477779400691, 3.537509312048102039 ),
 .UNSPECIFIED. ) 
 CURVE ( )  GEOMETRIC_REPRESENTATION_ITEM ( )  RATIONAL_B_SPLINE_CURVE ( ( 1.000000000000000000, 0.8871628520128860274, 0.8871628520128860274, 1.000000000000000000 ) ) 
 REPRESENTATION_ITEM ( '' )  );
#6125 = DIRECTION ( 'NONE',  ( -1.000000000000000000, 0.0000000000000000000, 0.0000000000000000000 ) ) ;
#6126 = EDGE_LOOP ( 'NONE', ( #3953, #3533, #5819, #5267 ) ) ;
#6127 = CARTESIAN_POINT ( 'NONE',  ( -0.2027559055118110243, 0.0000000000000000000, 0.1032283464566929043 ) ) ;
#6128 = AXIS2_PLACEMENT_3D ( 'NONE', #2650, #2458, #2942 ) ;
#6129 = CARTESIAN_POINT ( 'NONE',  ( -0.05000000000000000278, -0.2244094488188976555, -0.08070866141732283006 ) ) ;
#6130 = DIRECTION ( 'NONE',  ( 0.0000000000000000000, -1.000000000000000000, 0.0000000000000000000 ) ) ;
#6131 = B_SPLINE_CURVE_WITH_KNOTS ( 'NONE', 3,
 ( #5011, #1298, #2883, #3403 ),
 .UNSPECIFIED., .F., .F.,
 ( 4, 4 ),
 ( 0.0000000000000000000, 1.000000000000000000 ),
 .UNSPECIFIED. ) ;
#6132 = ADVANCED_FACE ( 'NONE', ( #5108 ), #1953, .F. ) ;
#6133 = VECTOR ( 'NONE', #813, 39.37007874015748854 ) ;
#6134 = LINE ( 'NONE', #3356, #1525 ) ;
#6135 = VERTEX_POINT ( 'NONE', #6165 ) ;
#6136 = CARTESIAN_POINT ( 'NONE',  ( 0.2449291872646855994, 0.1527789809446729319, -0.07873998074171600914 ) ) ;
#6137 = DIRECTION ( 'NONE',  ( 1.000000000000000000, 0.0000000000000000000, 0.0000000000000000000 ) ) ;
#6138 = DIRECTION ( 'NONE',  ( -1.000000000000000000, 0.0000000000000000000, 0.0000000000000000000 ) ) ;
#6139 = ORIENTED_EDGE ( 'NONE', *, *, #6695, .F. ) ;
#6140 = LINE ( 'NONE', #3047, #3378 ) ;
#6141 = VECTOR ( 'NONE', #4127, 39.37007874015748143 ) ;
#6142 = EDGE_CURVE ( 'NONE', #23, #2374, #3460, .T. ) ;
#6143 = AXIS2_PLACEMENT_3D ( 'NONE', #5546, #6647, #6677 ) ;
#6144 = CIRCLE ( 'NONE', #4487, 0.007873938501968500217 ) ;
#6145 = CARTESIAN_POINT ( 'NONE',  ( -0.1878556341471329660, 0.1102362204724409434, 0.07874015748035433082 ) ) ;
#6146 = LINE ( 'NONE', #2357, #3476 ) ;
#6147 = CARTESIAN_POINT ( 'NONE',  ( 0.08222481317263780065, 0.1339158859588976402, -0.05511811022909449131 ) ) ;
#6148 = FACE_OUTER_BOUND ( 'NONE', #5360, .T. ) ;
#6149 = ORIENTED_EDGE ( 'NONE', *, *, #4982, .T. ) ;
#6150 = CARTESIAN_POINT ( 'NONE',  ( -0.2532874482816968031, -0.1537153262840422752, -0.07155240743470069054 ) ) ;
#6151 = LINE ( 'NONE', #5537, #5603 ) ;
#6152 = AXIS2_PLACEMENT_3D ( 'NONE', #1414, #1271, #5499 ) ;
#6153 = EDGE_CURVE ( 'NONE', #5282, #5171, #3501, .T. ) ;
#6154 = CARTESIAN_POINT ( 'NONE',  ( 0.2503180553741339298, -0.1578299227457086451, 0.1893647769055905317 ) ) ;
#6155 = CARTESIAN_POINT ( 'NONE',  ( 0.1618110236220473008, -0.1883973487342519848, -0.07365883395673229750 ) ) ;
#6156 = VERTEX_POINT ( 'NONE', #2907 ) ;
#6157 = EDGE_CURVE ( 'NONE', #4561, #6397, #1325, .T. ) ;
#6158 = EDGE_CURVE ( 'NONE', #6382, #150, #3936, .T. ) ;
#6159 = VECTOR ( 'NONE', #1493, 39.37007874015748143 ) ;
#6160 = DIRECTION ( 'NONE',  ( 0.0000000000000000000, 1.000000000000000000, 0.0000000000000000000 ) ) ;
#6161 = DIRECTION ( 'NONE',  ( 0.03495314543256874268, -0.03487852265007874986, -0.9987801391107642424 ) ) ;
#6162 = VECTOR ( 'NONE', #1694, 39.37007874015748143 ) ;
#6163 = ORIENTED_EDGE ( 'NONE', *, *, #71, .F. ) ;
#6164 = CARTESIAN_POINT ( 'NONE',  ( -0.1775660515846819443, 0.1020872378029448607, 0.05905511121367058164 ) ) ;
#6165 = CARTESIAN_POINT ( 'NONE',  ( 0.01719934017248819433, 0.1349567911100787443, 0.07874015748035433082 ) ) ;
#6166 = ORIENTED_EDGE ( 'NONE', *, *, #4828, .F. ) ;
#6167 = EDGE_CURVE ( 'NONE', #5633, #1178, #876, .T. ) ;
#6168 = CARTESIAN_POINT ( 'NONE',  ( 0.09685039370078740717, -0.1102362204724409434, 0.1653543307087008141 ) ) ;
#6169 = CARTESIAN_POINT ( 'NONE',  ( 0.2482366939279110063, 0.1556245268156882799, -0.07876893026777351259 ) ) ;
#6170 = LINE ( 'NONE', #6723, #827 ) ;
#6171 = DIRECTION ( 'NONE',  ( 0.0000000000000000000, 0.0000000000000000000, 1.000000000000000000 ) ) ;
#6172 = ORIENTED_EDGE ( 'NONE', *, *, #5418, .T. ) ;
#6173 = VECTOR ( 'NONE', #1189, 39.37007874015748854 ) ;
#6174 = PLANE ( 'NONE',  #2483 ) ;
#6175 = EDGE_LOOP ( 'NONE', ( #4851, #507, #6564, #2415, #6328 ) ) ;
#6176 = CARTESIAN_POINT ( 'NONE',  ( -0.2532827114106768751, 0.03937007874015747977, 0.1878483312362868030 ) ) ;
#6177 = CARTESIAN_POINT ( 'NONE',  ( 0.1618110236220473008, -0.2244094488188976555, -0.08858267716535435377 ) ) ;
#6178 = CARTESIAN_POINT ( 'NONE',  ( 0.2524934479482219274, -0.1512202900466798061, -0.07535617555582725668 ) ) ;
#6179 = CC_DESIGN_PERSON_AND_ORGANIZATION_ASSIGNMENT ( #2718, #731, ( #2758 ) ) ;
#6180 = EDGE_CURVE ( 'NONE', #6784, #2827, #4563, .T. ) ;
#6181 = CARTESIAN_POINT ( 'NONE',  ( -0.2599065147676658527, -0.1592231374715894765, 0.0006389392048115476478 ) ) ;
#6182 = ORIENTED_EDGE ( 'NONE', *, *, #2848, .F. ) ;
#6183 = CARTESIAN_POINT ( 'NONE',  ( 0.2433660930199606498, 0.1528448550124409666, 0.1968503823137401632 ) ) ;
#6184 = DIRECTION ( 'NONE',  ( 0.0000000000000000000, 0.0000000000000000000, -1.000000000000000000 ) ) ;
#6185 = CARTESIAN_POINT ( 'NONE',  ( 0.02444840965674409394, 0.1356299242417716433, 0.07874015748035433082 ) ) ;
#6186 = B_SPLINE_CURVE_WITH_KNOTS ( 'NONE', 3,
 ( #644, #5898, #5434, #4238, #1732, #6387 ),
 .UNSPECIFIED., .F., .F.,
 ( 4, 1, 1, 4 ),
 ( 0.0000000000000000000, 0.3333333333333000081, 0.6666666666667000474, 1.000000000000000000 ),
 .UNSPECIFIED. ) ;
#6187 = EDGE_CURVE ( 'NONE', #4527, #1508, #6027, .T. ) ;
#6188 = ORIENTED_EDGE ( 'NONE', *, *, #3812, .T. ) ;
#6189 = DIRECTION ( 'NONE',  ( 0.0000000000000000000, 0.0000000000000000000, 1.000000000000000000 ) ) ;
#6190 = CARTESIAN_POINT ( 'NONE',  ( -0.05075182479929134932, 0.1029097334688188897, 0.08267721660082680279 ) ) ;
#6191 = EDGE_CURVE ( 'NONE', #3764, #3408, #2895, .T. ) ;
#6192 = DIRECTION ( 'NONE',  ( -1.000000000000000000, 0.0000000000000000000, 0.0000000000000000000 ) ) ;
#6193 = EDGE_LOOP ( 'NONE', ( #2490, #5949, #5179, #5690 ) ) ;
#6194 = CARTESIAN_POINT ( 'NONE',  ( 0.1618110236220473008, -0.1751968503937007815, 0.0000000000000000000 ) ) ;
#6195 = DIRECTION ( 'NONE',  ( 1.000000000000000000, 0.0000000000000000000, 0.0000000000000000000 ) ) ;
#6196 = CARTESIAN_POINT ( 'NONE',  ( -0.2535061011164289058, 0.1525965011400610971, -0.07155240743413665561 ) ) ;
#6197 = ORIENTED_EDGE ( 'NONE', *, *, #5297, .T. ) ;
#6198 = B_SPLINE_CURVE_WITH_KNOTS ( 'NONE', 3,
 ( #107, #1229, #3333, #3826, #1581, #2771 ),
 .UNSPECIFIED., .F., .F.,
 ( 4, 1, 1, 4 ),
 ( 0.0000000000000000000, 0.3333333333333000081, 0.6666666666667000474, 1.000000000000000000 ),
 .UNSPECIFIED. ) ;
#6199 = DIRECTION ( 'NONE',  ( 1.000000000000000000, 0.0000000000000000000, 0.0000000000000000000 ) ) ;
#6200 = VERTEX_POINT ( 'NONE', #6582 ) ;
#6201 = EDGE_CURVE ( 'NONE', #1453, #4997, #5034, .T. ) ;
#6202 = PLANE ( 'NONE',  #3391 ) ;
#6203 = SECURITY_CLASSIFICATION ( '', '', #1788 ) ;
#6204 = DIRECTION ( 'NONE',  ( 0.0000000000000000000, 0.0000000000000000000, 1.000000000000000000 ) ) ;
#6205 = CARTESIAN_POINT ( 'NONE',  ( -0.1381889763779527436, -0.1850258812475984449, -0.009327402005582676944 ) ) ;
#6206 = ORIENTED_EDGE ( 'NONE', *, *, #3088, .F. ) ;
#6207 = CARTESIAN_POINT ( 'NONE',  ( -0.2383733244928346318, 0.0000000000000000000, 0.05019685039370078150 ) ) ;
#6208 = ORIENTED_EDGE ( 'NONE', *, *, #2838, .T. ) ;
#6209 = CARTESIAN_POINT ( 'NONE',  ( -0.05000000000000000278, -0.1240157480314960647, 0.09251968503937008093 ) ) ;
#6210 = LINE ( 'NONE', #4549, #6133 ) ;
#6211 = CARTESIAN_POINT ( 'NONE',  ( -0.1618110236220473008, -0.2078598790717716693, -0.07283464566929134798 ) ) ;
#6212 = CARTESIAN_POINT ( 'NONE',  ( 0.2587947905103054058, -0.1626201286159840442, -1.985460057085787643E-05 ) ) ;
#6213 = ORIENTED_EDGE ( 'NONE', *, *, #6624, .T. ) ;
#6214 = CARTESIAN_POINT ( 'NONE',  ( -0.2474360316658744952, -0.1603768406545740266, -0.07155240743470069054 ) ) ;
#6215 = VERTEX_POINT ( 'NONE', #1288 ) ;
#6216 = EDGE_CURVE ( 'NONE', #6200, #5445, #3474, .T. ) ;
#6217 = LINE ( 'NONE', #2367, #6805 ) ;
#6218 = LINE ( 'NONE', #865, #757 ) ;
#6219 = ORIENTED_EDGE ( 'NONE', *, *, #3879, .T. ) ;
#6220 = CARTESIAN_POINT ( 'NONE',  ( 0.2488236901860156891, 0.1600935326828261673, -0.07235041454104287895 ) ) ;
#6221 = EDGE_CURVE ( 'NONE', #210, #1360, #1854, .T. ) ;
#6222 = DIRECTION ( 'NONE',  ( 0.0000000000000000000, 0.0000000000000000000, -1.000000000000000000 ) ) ;
#6223 = VERTEX_POINT ( 'NONE', #2098 ) ;
#6224 = CARTESIAN_POINT ( 'NONE',  ( 0.1381889763779527436, 0.1955911750433464713, -0.03641732283464567399 ) ) ;
#6225 = DIRECTION ( 'NONE',  ( 1.000000000000000000, 0.0000000000000000000, 0.0000000000000000000 ) ) ;
#6226 = CARTESIAN_POINT ( 'NONE',  ( -0.2532055107689705209, 0.1512202905555923571, -0.07586135892087483845 ) ) ;
#6227 = ADVANCED_FACE ( 'NONE', ( #929 ), #6808, .F. ) ;
#6228 = DIRECTION ( 'NONE',  ( -0.9993908270190094978, 0.0000000000000000000, 0.03489949670496916845 ) ) ;
#6229 = DIRECTION ( 'NONE',  ( 1.000000000000000000, 0.0000000000000000000, 0.0000000000000000000 ) ) ;
#6230 = ORIENTED_EDGE ( 'NONE', *, *, #1858, .T. ) ;
#6231 = DIRECTION ( 'NONE',  ( -7.228014483224649332E-13, -0.9993908270191080856, 0.03489949670214288757 ) ) ;
#6232 = DIRECTION ( 'NONE',  ( 0.0000000000000000000, 0.0000000000000000000, -1.000000000000000000 ) ) ;
#6233 = VERTEX_POINT ( 'NONE', #2041 ) ;
#6234 = CARTESIAN_POINT ( 'NONE',  ( 0.07539880309110236212, -0.1344617600539763647, -0.05511811020696851665 ) ) ;
#6235 = EDGE_LOOP ( 'NONE', ( #1735, #4530, #4757, #2971, #1883 ) ) ;
#6236 = VECTOR ( 'NONE', #3937, 39.37007874015748143 ) ;
#6237 = AXIS2_PLACEMENT_3D ( 'NONE', #2833, #5953, #167 ) ;
#6238 = EDGE_CURVE ( 'NONE', #1276, #210, #3123, .T. ) ;
#6239 = CARTESIAN_POINT ( 'NONE',  ( 0.01777518721444488678, 0.1339158876559055078, -0.05511811022921259823 ) ) ;
#6240 = AXIS2_PLACEMENT_3D ( 'NONE', #135, #4325, #2805 ) ;
#6241 = CARTESIAN_POINT ( 'NONE',  ( -0.2598578267386639773, 0.1591744175634353942, -0.0002063326179977340578 ) ) ;
#6242 = CARTESIAN_POINT ( 'NONE',  ( 0.2457384424398819101, -0.1512202904062598385, -0.07874015748031495954 ) ) ;
#6243 = VECTOR ( 'NONE', #4297, 39.37007874015748143 ) ;
#6244 = LINE ( 'NONE', #5726, #2574 ) ;
#6245 = ORIENTED_EDGE ( 'NONE', *, *, #3611, .F. ) ;
#6246 = CARTESIAN_POINT ( 'NONE',  ( -0.2532055127930192273, -0.1512202905801580677, -0.07586133578242240660 ) ) ;
#6247 = VECTOR ( 'NONE', #3806, 39.37007874015748143 ) ;
#6248 = CARTESIAN_POINT ( 'NONE',  ( 0.09685039370078740717, -0.1102362204724409434, 0.1653543307087008141 ) ) ;
#6249 = DIRECTION ( 'NONE',  ( -1.000000000000000000, 0.0000000000000000000, 0.0000000000000000000 ) ) ;
#6250 = ORIENTED_EDGE ( 'NONE', *, *, #882, .F. ) ;
#6251 = LINE ( 'NONE', #367, #164 ) ;
#6252 = AXIS2_PLACEMENT_3D ( 'NONE', #3951, #1349, #6017 ) ;
#6253 = B_SPLINE_CURVE_WITH_KNOTS ( 'NONE', 3,
 ( #510, #2617, #4740, #6849 ),
 .UNSPECIFIED., .F., .F.,
 ( 4, 4 ),
 ( 0.0000000000000000000, 1.000000000000000000 ),
 .UNSPECIFIED. ) ;
#6254 = AXIS2_PLACEMENT_3D ( 'NONE', #4989, #6604, #1807 ) ;
#6255 = CARTESIAN_POINT ( 'NONE',  ( 0.05000000000031497999, 0.1350630231755511890, 0.01377952758026377948 ) ) ;
#6256 = VERTEX_POINT ( 'NONE', #1022 ) ;
#6257 = CARTESIAN_POINT ( 'NONE',  ( -0.2581771323324791867, -0.1618679197491720567, 0.02193326431530688569 ) ) ;
#6258 = EDGE_CURVE ( 'NONE', #673, #2827, #5740, .T. ) ;
#6259 = CARTESIAN_POINT ( 'NONE',  ( 0.1618110236220473008, -0.1673228346456692994, -4.885800862748031511E-14 ) ) ;
#6260 = CARTESIAN_POINT ( 'NONE',  ( -0.2531320297799606323, 0.1525440094672827485, -0.07586135892087482457 ) ) ;
#6261 = AXIS2_PLACEMENT_3D ( 'NONE', #3765, #5837, #1782 ) ;
#6262 = CIRCLE ( 'NONE', #5276, 0.1968503937007874682 ) ;
#6263 = CARTESIAN_POINT ( 'NONE',  ( -0.03818897637795275191, -0.1141732283464566844, 0.08267716535433072833 ) ) ;
#6264 = FACE_OUTER_BOUND ( 'NONE', #5182, .T. ) ;
#6265 = ORIENTED_EDGE ( 'NONE', *, *, #4428, .T. ) ;
#6266 = LINE ( 'NONE', #5208, #158 ) ;
#6267 = B_SPLINE_CURVE_WITH_KNOTS ( 'NONE', 3,
 ( #2132, #1631, #1248, #4250 ),
 .UNSPECIFIED., .F., .F.,
 ( 4, 4 ),
 ( 0.0000000000000000000, 1.000000000000000000 ),
 .UNSPECIFIED. ) ;
#6268 = EDGE_CURVE ( 'NONE', #736, #3819, #1486, .T. ) ;
#6269 = LINE ( 'NONE', #5776, #6141 ) ;
#6270 = VERTEX_POINT ( 'NONE', #5295 ) ;
#6271 = CARTESIAN_POINT ( 'NONE',  ( -0.2535450149693851407, 0.1510904854164646094, -0.07197580890224890282 ) ) ;
#6272 = VERTEX_POINT ( 'NONE', #6259 ) ;
#6273 = EDGE_CURVE ( 'NONE', #6659, #4000, #2575, .T. ) ;
#6274 = DIRECTION ( 'NONE',  ( -1.000000000000000000, 0.0000000000000000000, 0.0000000000000000000 ) ) ;
#6275 = CIRCLE ( 'NONE', #3627, 0.009842519685039369942 ) ;
#6276 = CARTESIAN_POINT ( 'NONE',  ( 0.2125984251968504046, -0.07086614173228347746, 0.07874015748035433082 ) ) ;
#6277 = CARTESIAN_POINT ( 'NONE',  ( 0.2491339020557652995, 0.1665616467059957417, 0.02178137556707868475 ) ) ;
#6278 = EDGE_CURVE ( 'NONE', #6215, #406, #4359, .T. ) ;
#6279 = CARTESIAN_POINT ( 'NONE',  ( -0.2590759282123228369, 0.1567271557370078783, 0.02165407836819291387 ) ) ;
#6280 = ORIENTED_EDGE ( 'NONE', *, *, #5346, .T. ) ;
#6281 = LINE ( 'NONE', #4713, #4367 ) ;
#6282 = EDGE_LOOP ( 'NONE', ( #3115, #5613, #486, #3977, #2618, #2506 ) ) ;
#6283 = DIRECTION ( 'NONE',  ( -0.3999999999999876432, -0.9165151389911733171, 0.0000000000000000000 ) ) ;
#6284 = VECTOR ( 'NONE', #6636, 39.37007874015748143 ) ;
#6285 = DIRECTION ( 'NONE',  ( 1.098228083855999959E-14, 1.000000000000000000, -2.552522304276000155E-14 ) ) ;
#6286 = CARTESIAN_POINT ( 'NONE',  ( 0.1499999999999999944, 0.2023402986719685381, -0.03880344929259448711 ) ) ;
#6287 = EDGE_CURVE ( 'NONE', #2523, #5129, #5337, .T. ) ;
#6288 = ORIENTED_EDGE ( 'NONE', *, *, #4103, .T. ) ;
#6289 = DIRECTION ( 'NONE',  ( 0.0000000000000000000, 0.0000000000000000000, -1.000000000000000000 ) ) ;
#6290 = PLANE ( 'NONE',  #5896 ) ;
#6291 = ORIENTED_EDGE ( 'NONE', *, *, #1367, .T. ) ;
#6292 = CARTESIAN_POINT ( 'NONE',  ( 0.2433660813717323235, -0.1528448484564960685, 0.1968503815570866178 ) ) ;
#6293 = ORIENTED_EDGE ( 'NONE', *, *, #5130, .F. ) ;
#6294 = ADVANCED_FACE ( 'NONE', ( #2014 ), #4151, .F. ) ;
#6295 = PLANE ( 'NONE',  #312 ) ;
#6296 = CARTESIAN_POINT ( 'NONE',  ( 0.01443979624859055219, 0.1332660823655905658, -0.03980716341311023310 ) ) ;
#6297 = EDGE_LOOP ( 'NONE', ( #5146, #6065, #3924, #1988, #5894, #6367 ) ) ;
#6298 = CARTESIAN_POINT ( 'NONE',  ( 0.2590759282151182119, 0.1567271628815354312, 0.02165407828939370019 ) ) ;
#6299 = CARTESIAN_POINT ( 'NONE',  ( -0.1618110236220473008, -0.1667729012678346445, 0.01574803149606299191 ) ) ;
#6300 = ORIENTED_EDGE ( 'NONE', *, *, #753, .T. ) ;
#6301 = EDGE_CURVE ( 'NONE', #3317, #6013, #5261, .T. ) ;
#6302 = CARTESIAN_POINT ( 'NONE',  ( 0.01707194319655118073, -0.1349679231546063174, 0.08267716535433072833 ) ) ;
#6303 = DIRECTION ( 'NONE',  ( -1.000000000000000000, 5.477100254816999485E-14, -6.164282047768000171E-13 ) ) ;
#6304 = PLANE ( 'NONE',  #2680 ) ;
#6305 = VERTEX_POINT ( 'NONE', #2515 ) ;
#6306 = CARTESIAN_POINT ( 'NONE',  ( -0.2598425196850471242, -0.1574803149800322322, -2.572504422408814649E-13 ) ) ;
#6307 = ORIENTED_EDGE ( 'NONE', *, *, #2743, .T. ) ;
#6308 = DIRECTION ( 'NONE',  ( 1.000000000000000000, -2.824499710935000008E-14, 0.0000000000000000000 ) ) ;
#6309 = EDGE_CURVE ( 'NONE', #5273, #6659, #5478, .T. ) ;
#6310 = CARTESIAN_POINT ( 'NONE',  ( -0.1767404552819358821, -0.1029121381276234121, 0.08267716535433072833 ) ) ;
#6311 = CARTESIAN_POINT ( 'NONE',  ( 0.2521889721557480923, -0.1465752123299212673, 0.1883590318298818678 ) ) ;
#6312 = ORIENTED_EDGE ( 'NONE', *, *, #5647, .T. ) ;
#6313 = ORIENTED_EDGE ( 'NONE', *, *, #985, .F. ) ;
#6314 = ADVANCED_FACE ( 'NONE', ( #6717 ), #3097, .T. ) ;
#6315 = CARTESIAN_POINT ( 'NONE',  ( -0.05453495413204725167, 0.09809830978531496049, -0.05511806470389764290 ) ) ;
#6316 = ORIENTED_EDGE ( 'NONE', *, *, #233, .T. ) ;
#6317 = CARTESIAN_POINT ( 'NONE',  ( -0.1618110236220473008, -0.2244094488188976555, -0.08858267716535435377 ) ) ;
#6318 = CARTESIAN_POINT ( 'NONE',  ( 0.0000000000000000000, 0.0000000000000000000, 0.07874015748035433082 ) ) ;
#6319 = CARTESIAN_POINT ( 'NONE',  ( -0.2498170897484939534, 0.1528175827687212884, -0.07876899266994299986 ) ) ;
#6320 = ORIENTED_EDGE ( 'NONE', *, *, #5942, .T. ) ;
#6321 = CARTESIAN_POINT ( 'NONE',  ( 0.1893700787401574881, 0.1455756011410629935, 0.05905511811023622659 ) ) ;
#6322 = ORIENTED_EDGE ( 'NONE', *, *, #2360, .T. ) ;
#6323 = DIRECTION ( 'NONE',  ( 0.03487826274232076057, -0.03487826274233076645, -0.9987827659587217299 ) ) ;
#6324 = VERTEX_POINT ( 'NONE', #5797 ) ;
#6325 = CARTESIAN_POINT ( 'NONE',  ( 0.2598425196851181229, 0.1574803148640157302, 1.268902415337007918E-12 ) ) ;
#6326 = DIRECTION ( 'NONE',  ( 0.0000000000000000000, -1.000000000000000000, 0.0000000000000000000 ) ) ;
#6327 = DIRECTION ( 'NONE',  ( -1.000000000000000000, 0.0000000000000000000, 0.0000000000000000000 ) ) ;
#6328 = ORIENTED_EDGE ( 'NONE', *, *, #2235, .F. ) ;
#6329 = LINE ( 'NONE', #6234, #5167 ) ;
#6330 = ADVANCED_FACE ( 'NONE', ( #3165 ), #4633, .T. ) ;
#6331 = VERTEX_POINT ( 'NONE', #5707 ) ;
#6332 = DIRECTION ( 'NONE',  ( 1.000000000000000000, 0.0000000000000000000, 0.0000000000000000000 ) ) ;
#6333 = ORIENTED_EDGE ( 'NONE', *, *, #3784, .F. ) ;
#6334 = DIRECTION ( 'NONE',  ( 0.0000000000000000000, 1.000000000000000000, 0.0000000000000000000 ) ) ;
#6335 = DIRECTION ( 'NONE',  ( 1.000000000000000000, 0.0000000000000000000, 0.0000000000000000000 ) ) ;
#6336 = CARTESIAN_POINT ( 'NONE',  ( -0.2561606182834803014, -0.1637006690732150660, 0.02165355004918000786 ) ) ;
#6337 = DIRECTION ( 'NONE',  ( 0.0000000000000000000, 0.0000000000000000000, 1.000000000000000000 ) ) ;
#6338 = ORIENTED_EDGE ( 'NONE', *, *, #6273, .T. ) ;
#6339 = CARTESIAN_POINT ( 'NONE',  ( -0.1713548859192240703, -0.1020872380354864301, 0.05905511811024016094 ) ) ;
#6340 = EDGE_CURVE ( 'NONE', #6372, #505, #3250, .T. ) ;
#6341 = CIRCLE ( 'NONE', #4239, 0.02559055118110236879 ) ;
#6342 = LINE ( 'NONE', #1513, #4268 ) ;
#6343 = CARTESIAN_POINT ( 'NONE',  ( 0.1381889763779527436, 0.2039282667302362295, -0.06910368486700788071 ) ) ;
#6344 = ORIENTED_EDGE ( 'NONE', *, *, #5761, .F. ) ;
#6345 = LINE ( 'NONE', #1614, #6703 ) ;
#6346 = B_SPLINE_CURVE_WITH_KNOTS ( 'NONE', 3,
 ( #6487, #5292, #2856, #3866 ),
 .UNSPECIFIED., .F., .F.,
 ( 4, 4 ),
 ( 0.0000000000000000000, 1.000000000000000000 ),
 .UNSPECIFIED. ) ;
#6347 = EDGE_CURVE ( 'NONE', #5903, #6773, #6031, .T. ) ;
#6348 = CARTESIAN_POINT ( 'NONE',  ( -0.1381889763779527436, 0.1751968503937007815, 0.01574803149606299191 ) ) ;
#6349 = CIRCLE ( 'NONE', #1385, 0.1389977967428346894 ) ;
#6350 = VECTOR ( 'NONE', #1426, 39.37007874015748143 ) ;
#6351 = ORIENTED_EDGE ( 'NONE', *, *, #2589, .F. ) ;
#6352 = CARTESIAN_POINT ( 'NONE',  ( -0.06181102362204724671, -0.2078598790717716693, -0.07283464566929134798 ) ) ;
#6353 = LINE ( 'NONE', #4762, #584 ) ;
#6354 = EDGE_CURVE ( 'NONE', #6725, #4909, #1778, .T. ) ;
#6355 = EDGE_CURVE ( 'NONE', #2363, #2194, #6353, .T. ) ;
#6356 = VECTOR ( 'NONE', #4902, 39.37007874015748143 ) ;
#6357 = VERTEX_POINT ( 'NONE', #4345 ) ;
#6358 = CARTESIAN_POINT ( 'NONE',  ( 0.2405652767875590681, 0.1566202088771653511, 0.1974041838978740915 ) ) ;
#6359 = B_SPLINE_CURVE_WITH_KNOTS ( 'NONE', 3,
 ( #1870, #297, #4550, #2992 ),
 .UNSPECIFIED., .F., .F.,
 ( 4, 4 ),
 ( 0.0000000000000000000, 1.000000000000000000 ),
 .UNSPECIFIED. ) ;
#6360 = VECTOR ( 'NONE', #2334, 39.37007874015748143 ) ;
#6361 = EDGE_LOOP ( 'NONE', ( #6760, #6048, #6755, #2343 ) ) ;
#6362 = PLANE ( 'NONE',  #5593 ) ;
#6363 = CARTESIAN_POINT ( 'NONE',  ( -0.1626663426259448708, -0.2078598790717716693, -0.06889763779527559306 ) ) ;
#6364 = EDGE_CURVE ( 'NONE', #4536, #3548, #5059, .T. ) ;
#6365 = FACE_BOUND ( 'NONE', #4795, .T. ) ;
#6366 = CARTESIAN_POINT ( 'NONE',  ( -0.2599114703113126201, 0.1574875689404382495, 0.0007897747666910411978 ) ) ;
#6367 = ORIENTED_EDGE ( 'NONE', *, *, #358, .T. ) ;
#6368 = CARTESIAN_POINT ( 'NONE',  ( -0.1844825158608411897, -0.1020872380354855280, 0.05905511811023622659 ) ) ;
#6369 = CYLINDRICAL_SURFACE ( 'NONE', #714, 0.009842519685039378616 ) ;
#6370 = CARTESIAN_POINT ( 'NONE',  ( 0.2433659566680708708, -0.1528448748346456776, 0.1889763779527559029 ) ) ;
#6371 = CARTESIAN_POINT ( 'NONE',  ( -0.1816841512195751795, 0.1029115854923039336, 0.08267716535433072833 ) ) ;
#6372 = VERTEX_POINT ( 'NONE', #3271 ) ;
#6373 = AXIS2_PLACEMENT_3D ( 'NONE', #5744, #3665, #5207 ) ;
#6374 = CARTESIAN_POINT ( 'NONE',  ( -2.952808601305512156E-12, 0.0000000000000000000, -0.07874015748031495954 ) ) ;
#6375 = VERTEX_POINT ( 'NONE', #2265 ) ;
#6376 = FACE_OUTER_BOUND ( 'NONE', #5781, .T. ) ;
#6377 = B_SPLINE_CURVE_WITH_KNOTS ( 'NONE', 3,
 ( #29, #4362, #4813, #1668, #2759, #4887 ),
 .UNSPECIFIED., .F., .F.,
 ( 4, 2, 4 ),
 ( 0.0000000000000000000, 0.5000000000000000000, 1.000000000000000000 ),
 .UNSPECIFIED. ) ;
#6378 = AXIS2_PLACEMENT_3D ( 'NONE', #783, #5935, #4897 ) ;
#6379 = EDGE_CURVE ( 'NONE', #4000, #6426, #6144, .T. ) ;
#6380 = CARTESIAN_POINT ( 'NONE',  ( -0.2492311640754724944, -0.1665666935148031602, 0.02165358378905117911 ) ) ;
#6381 = CARTESIAN_POINT ( 'NONE',  ( 0.2571185988039371151, -0.1566801375936220375, 0.1883602188925984355 ) ) ;
#6382 = VERTEX_POINT ( 'NONE', #117 ) ;
#6383 = ORIENTED_EDGE ( 'NONE', *, *, #3306, .F. ) ;
#6384 = CARTESIAN_POINT ( 'NONE',  ( 0.1441744997988976540, -0.1018828126487401620, 0.05320114095767716766 ) ) ;
#6385 = AXIS2_PLACEMENT_3D ( 'NONE', #449, #1640, #1112 ) ;
#6386 = EDGE_CURVE ( 'NONE', #6305, #18, #1097, .T. ) ;
#6387 = CARTESIAN_POINT ( 'NONE',  ( 0.01434528068287401793, -0.1343470449611023632, 0.08267716535433072833 ) ) ;
#6388 = FACE_OUTER_BOUND ( 'NONE', #2306, .T. ) ;
#6389 = ORIENTED_EDGE ( 'NONE', *, *, #5374, .T. ) ;
#6390 = EDGE_LOOP ( 'NONE', ( #3652, #2230, #2647, #6313, #1400, #3838 ) ) ;
#6391 = LINE ( 'NONE', #5869, #5062 ) ;
#6392 = LINE ( 'NONE', #3278, #4274 ) ;
#6393 = ORIENTED_EDGE ( 'NONE', *, *, #1697, .T. ) ;
#6394 = DIRECTION ( 'NONE',  ( -4.960818108821999573E-14, -1.000000000000000000, 0.0000000000000000000 ) ) ;
#6395 = CARTESIAN_POINT ( 'NONE',  ( -0.2492311640754724944, -0.1665666935148031602, 0.02165358378905117911 ) ) ;
#6396 = PERSON_AND_ORGANIZATION_ROLE ( 'design_owner' ) ;
#6397 = VERTEX_POINT ( 'NONE', #162 ) ;
#6398 = EDGE_CURVE ( 'NONE', #6233, #652, #5400, .T. ) ;
#6399 = LINE ( 'NONE', #4850, #5820 ) ;
#6400 = CARTESIAN_POINT ( 'NONE',  ( 0.0000000000000000000, -0.06114078714570865547, 0.1653543307087008141 ) ) ;
#6401 = DIRECTION ( 'NONE',  ( 0.0000000000000000000, -0.05233595624257962597, 0.9986295347545928180 ) ) ;
#6402 = DIRECTION ( 'NONE',  ( 0.0000000000000000000, 0.0000000000000000000, 1.000000000000000000 ) ) ;
#6403 = CARTESIAN_POINT ( 'NONE',  ( -0.1626663426259448708, 0.1751968503937007815, -0.009842519685039369942 ) ) ;
#6404 = ORIENTED_EDGE ( 'NONE', *, *, #1232, .T. ) ;
#6405 = LINE ( 'NONE', #2181, #50 ) ;
#6406 = CARTESIAN_POINT ( 'NONE',  ( -0.2521889113363778856, -0.1465751216712598282, 0.1883590171123228907 ) ) ;
#6407 = CARTESIAN_POINT ( 'NONE',  ( 3.129867318949213746E-12, 0.1641928223964961020, -0.03577620371624803258 ) ) ;
#6408 = VERTEX_POINT ( 'NONE', #3840 ) ;
#6409 = DIRECTION ( 'NONE',  ( -2.979771308928000016E-14, 1.000000000000000000, 0.0000000000000000000 ) ) ;
#6410 = DIRECTION ( 'NONE',  ( 1.000000000000000000, 0.0000000000000000000, 0.0000000000000000000 ) ) ;
#6411 = EDGE_CURVE ( 'NONE', #805, #1465, #3142, .T. ) ;
#6412 = DIRECTION ( 'NONE',  ( 1.000000000000000000, 0.0000000000000000000, 0.0000000000000000000 ) ) ;
#6413 = ORIENTED_EDGE ( 'NONE', *, *, #4696, .T. ) ;
#6414 = DIRECTION ( 'NONE',  ( 1.000000000000000000, -2.745161492481999311E-13, -2.675876345826999843E-12 ) ) ;
#6415 = DIRECTION ( 'NONE',  ( 0.0000000000000000000, 0.0000000000000000000, -1.000000000000000000 ) ) ;
#6416 = VERTEX_POINT ( 'NONE', #5834 ) ;
#6417 = EDGE_CURVE ( 'NONE', #3565, #3228, #88, .T. ) ;
#6418 = DIRECTION ( 'NONE',  ( 0.0000000000000000000, 0.0000000000000000000, 1.000000000000000000 ) ) ;
#6419 = LINE ( 'NONE', #1691, #467 ) ;
#6420 = DIRECTION ( 'NONE',  ( 0.03487856622874131729, -0.03487823695132131335, -0.9987827562613377230 ) ) ;
#6421 = DIRECTION ( 'NONE',  ( 0.0000000000000000000, 0.0000000000000000000, 1.000000000000000000 ) ) ;
#6422 = VERTEX_POINT ( 'NONE', #4872 ) ;
#6423 = CARTESIAN_POINT ( 'NONE',  ( -0.2500000000219685381, 0.1673228346456299420, -2.746048139535433026E-13 ) ) ;
#6424 = DIRECTION ( 'NONE',  ( 0.0000000000000000000, -0.05233595624257962597, 0.9986295347545928180 ) ) ;
#6425 = APPLICATION_PROTOCOL_DEFINITION ( 'international standard', 'config_control_design', 1994, #2780 ) ;
#6426 = VERTEX_POINT ( 'NONE', #3197 ) ;
#6427 = EDGE_CURVE ( 'NONE', #2188, #5225, #6500, .T. ) ;
#6428 = DIRECTION ( 'NONE',  ( 0.0000000000000000000, -0.9986295347544603684, 0.05233595624510797850 ) ) ;
#6429 = ORIENTED_EDGE ( 'NONE', *, *, #923, .F. ) ;
#6430 = CARTESIAN_POINT ( 'NONE',  ( -0.1876627962017762830, -0.1102362204724409434, 0.08267716535433072833 ) ) ;
#6431 = LINE ( 'NONE', #3778, #3935 ) ;
#6432 = PLANE ( 'NONE',  #974 ) ;
#6433 = CARTESIAN_POINT ( 'NONE',  ( 0.1618110236220473008, -0.1850258812475984449, -0.009327402005539369573 ) ) ;
#6434 = ORIENTED_EDGE ( 'NONE', *, *, #85, .F. ) ;
#6435 = CARTESIAN_POINT ( 'NONE',  ( 0.2449290815740465810, -0.1527788448953498468, -0.07873997958916907625 ) ) ;
#6436 = ORIENTED_EDGE ( 'NONE', *, *, #1077, .F. ) ;
#6437 = ADVANCED_FACE ( 'NONE', ( #4799 ), #3227, .F. ) ;
#6438 = CARTESIAN_POINT ( 'NONE',  ( 0.2535691425314923753, -0.1534814755850958945, -0.07170503055819134330 ) ) ;
#6439 = DIRECTION ( 'NONE',  ( 0.0000000000000000000, -0.03489949670258974540, 0.9993908270190926535 ) ) ;
#6440 = DIRECTION ( 'NONE',  ( 0.0000000000000000000, 0.0000000000000000000, 1.000000000000000000 ) ) ;
#6441 = CARTESIAN_POINT ( 'NONE',  ( -0.1381889763779527436, -0.2078598790717716693, -0.07283464566929134798 ) ) ;
#6442 = EDGE_LOOP ( 'NONE', ( #2164, #4169, #5522, #3894, #4419, #1201 ) ) ;
#6443 = AXIS2_PLACEMENT_3D ( 'NONE', #147, #5937, #1158 ) ;
#6444 = DIRECTION ( 'NONE',  ( 1.000000000000000000, 0.0000000000000000000, 0.0000000000000000000 ) ) ;
#6445 = ORIENTED_EDGE ( 'NONE', *, *, #2183, .T. ) ;
#6446 = DIRECTION ( 'NONE',  ( 0.0000000000000000000, 1.000000000000000000, 3.554277639053000047E-14 ) ) ;
#6447 = ORIENTED_EDGE ( 'NONE', *, *, #2217, .F. ) ;
#6448 = CARTESIAN_POINT ( 'NONE',  ( 0.1441683471728740507, -0.1018914335814567057, 0.05344801217019685274 ) ) ;
#6449 = VECTOR ( 'NONE', #914, 39.37007874015748854 ) ;
#6450 = VECTOR ( 'NONE', #1541, 39.37007874015748143 ) ;
#6451 = DIRECTION ( 'NONE',  ( 0.0000000000000000000, -1.000000000000000000, 0.0000000000000000000 ) ) ;
#6452 = DIRECTION ( 'NONE',  ( 0.0000000000000000000, 0.9961946980915291627, -0.08715574275013211747 ) ) ;
#6453 = ORIENTED_EDGE ( 'NONE', *, *, #1419, .F. ) ;
#6454 = VECTOR ( 'NONE', #24, 39.37007874015748143 ) ;
#6455 = VECTOR ( 'NONE', #6424, 39.37007874015748854 ) ;
#6456 = DIRECTION ( 'NONE',  ( 0.0000000000000000000, 0.05233595624295859366, 0.9986295347545731671 ) ) ;
#6457 = ORIENTED_EDGE ( 'NONE', *, *, #2533, .F. ) ;
#6458 = VECTOR ( 'NONE', #5644, 39.37007874015748143 ) ;
#6459 = VECTOR ( 'NONE', #904, 39.37007874015748143 ) ;
#6460 = DIRECTION ( 'NONE',  ( 0.0000000000000000000, 0.0000000000000000000, 1.000000000000000000 ) ) ;
#6461 = VERTEX_POINT ( 'NONE', #1126 ) ;
#6462 = CARTESIAN_POINT ( 'NONE',  ( 0.08565023240984252773, -0.1341783693588976534, 0.06386737547940946058 ) ) ;
#6463 = EDGE_CURVE ( 'NONE', #583, #3033, #2190, .T. ) ;
#6464 = DIRECTION ( 'NONE',  ( 0.0000000000000000000, -0.9961946980915291627, -0.08715574275013211747 ) ) ;
#6465 = ORIENTED_EDGE ( 'NONE', *, *, #4787, .T. ) ;
#6466 = CARTESIAN_POINT ( 'NONE',  ( -0.2534128125797124875, -0.1512202905463779501, -0.07349188850528146078 ) ) ;
#6467 = DIRECTION ( 'NONE',  ( 0.0000000000000000000, 0.9986295347543296952, -0.05233595624760174064 ) ) ;
#6468 = APPROVAL_DATE_TIME ( #4358, #5373 ) ;
#6469 = ORIENTED_EDGE ( 'NONE', *, *, #5028, .F. ) ;
#6470 = ADVANCED_FACE ( 'NONE', ( #6388 ), #3495, .T. ) ;
#6471 = AXIS2_PLACEMENT_3D ( 'NONE', #4265, #1645, #666 ) ;
#6472 = CARTESIAN_POINT ( 'NONE',  ( -0.05000000000000000278, -0.1712598425196850405, 0.0000000000000000000 ) ) ;
#6473 = VERTEX_POINT ( 'NONE', #2406 ) ;
#6474 = EDGE_CURVE ( 'NONE', #6256, #5420, #4523, .T. ) ;
#6475 = PLANE ( 'NONE',  #1410 ) ;
#6476 = CARTESIAN_POINT ( 'NONE',  ( -0.1893700787401574881, 0.1455756011410629935, 0.05905511811023622659 ) ) ;
#6477 = CARTESIAN_POINT ( 'NONE',  ( 0.2516898936784092711, 0.1673392483862135016, -0.0002064413961500132628 ) ) ;
#6478 = FACE_OUTER_BOUND ( 'NONE', #3606, .T. ) ;
#6479 = ORIENTED_EDGE ( 'NONE', *, *, #1720, .F. ) ;
#6480 = CARTESIAN_POINT ( 'NONE',  ( 0.2532055083858583133, -0.1513186270519835119, -0.07586138697756142357 ) ) ;
#6481 = LINE ( 'NONE', #743, #1968 ) ;
#6482 = CIRCLE ( 'NONE', #2399, 0.009842519685039378616 ) ;
#6483 = EDGE_CURVE ( 'NONE', #3526, #3072, #2995, .T. ) ;
#6484 = EDGE_CURVE ( 'NONE', #2698, #3714, #5125, .T. ) ;
#6485 = DIRECTION ( 'NONE',  ( -1.000000000000000000, -1.746750892076999963E-13, 0.0000000000000000000 ) ) ;
#6486 = AXIS2_PLACEMENT_3D ( 'NONE', #5642, #4090, #6192 ) ;
#6487 = CARTESIAN_POINT ( 'NONE',  ( -0.04145752202448819285, 0.1030682280832677239, -0.05511811023622047168 ) ) ;
#6488 = DIRECTION ( 'NONE',  ( 1.000000000000000000, 0.0000000000000000000, 0.0000000000000000000 ) ) ;
#6489 = ORIENTED_EDGE ( 'NONE', *, *, #3594, .T. ) ;
#6490 = CARTESIAN_POINT ( 'NONE',  ( -0.2492312092465354678, 0.1665666935234645929, 0.02165358354464960375 ) ) ;
#6491 = ORIENTED_EDGE ( 'NONE', *, *, #6364, .F. ) ;
#6492 = CARTESIAN_POINT ( 'NONE',  ( 0.0000000000000000000, -0.1458849386660630021, 0.05019685039370078150 ) ) ;
#6493 = AXIS2_PLACEMENT_3D ( 'NONE', #2772, #191, #2734 ) ;
#6494 = ADVANCED_FACE ( 'NONE', ( #3549 ), #918, .F. ) ;
#6495 = CARTESIAN_POINT ( 'NONE',  ( -0.2459395994077952785, 0.1604859193721260013, 0.1893167325190551198 ) ) ;
#6496 = CARTESIAN_POINT ( 'NONE',  ( -0.06181102362204724671, -0.2039282667301968444, -0.06910368486700788071 ) ) ;
#6497 = AXIS2_PLACEMENT_3D ( 'NONE', #2847, #216, #4439 ) ;
#6498 = EDGE_LOOP ( 'NONE', ( #5497, #5719, #1208, #2866 ) ) ;
#6499 = CARTESIAN_POINT ( 'NONE',  ( 0.2532336849057413852, -0.05029253260139109755, 0.1892522666495431993 ) ) ;
#6500 = LINE ( 'NONE', #564, #1393 ) ;
#6501 = ORIENTED_EDGE ( 'NONE', *, *, #255, .T. ) ;
#6502 = AXIS2_PLACEMENT_3D ( 'NONE', #3490, #1347, #6119 ) ;
#6503 = CARTESIAN_POINT ( 'NONE',  ( -0.1618110236220473008, 0.1751968503937007815, -0.009842519685039369942 ) ) ;
#6504 = VERTEX_POINT ( 'NONE', #1045 ) ;
#6505 = DIRECTION ( 'NONE',  ( 0.6088635254354948234, 0.7932749885091929798, 0.0000000000000000000 ) ) ;
#6506 = CARTESIAN_POINT ( 'NONE',  ( -0.03818897637795275191, -0.1141732283464566844, 0.09055118110236221041 ) ) ;
#6507 = CARTESIAN_POINT ( 'NONE',  ( -0.1381889763779527436, -0.1667729012678346445, 0.01574803149606299191 ) ) ;
#6508 = EDGE_LOOP ( 'NONE', ( #3544, #3511, #1334, #1878, #2641, #5467, #421, #3098, #6219, #3880, #2068, #6097, #5440, #4320, #2097, #5054 ) ) ;
#6509 = LINE ( 'NONE', #3237, #2585 ) ;
#6510 = CARTESIAN_POINT ( 'NONE',  ( -0.1618110236220473008, -0.1883973487342519848, -0.07365883395673229750 ) ) ;
#6511 = PERSON_AND_ORGANIZATION ( #6832, #4155 ) ;
#6512 = ORIENTED_EDGE ( 'NONE', *, *, #1890, .F. ) ;
#6513 = EDGE_CURVE ( 'NONE', #649, #1592, #6281, .T. ) ;
#6514 = CARTESIAN_POINT ( 'NONE',  ( -0.2125984251968504046, 0.07086614173228347746, 0.05818897637795275579 ) ) ;
#6515 = ORIENTED_EDGE ( 'NONE', *, *, #1894, .T. ) ;
#6516 = CARTESIAN_POINT ( 'NONE',  ( 0.02460119690829527805, 0.1344617600540944924, -0.05511811020732283045 ) ) ;
#6517 = CARTESIAN_POINT ( 'NONE',  ( 0.1618110236220473008, 0.1883973487342519848, -0.07365883395673229750 ) ) ;
#6518 = PLANE ( 'NONE',  #3628 ) ;
#6519 = CARTESIAN_POINT ( 'NONE',  ( -0.1626663426259448708, -0.1751968503937007815, -0.009842519685039369942 ) ) ;
#6520 = ORIENTED_EDGE ( 'NONE', *, *, #2798, .T. ) ;
#6521 = CARTESIAN_POINT ( 'NONE',  ( 0.2531988282037507254, -0.1517441945436655837, -0.07586138697756142357 ) ) ;
#6522 = DIRECTION ( 'NONE',  ( 0.0000000000000000000, 0.0000000000000000000, 1.000000000000000000 ) ) ;
#6523 = EDGE_CURVE ( 'NONE', #5088, #1642, #3217, .T. ) ;
#6524 = DIRECTION ( 'NONE',  ( 1.000000000000000000, 1.692164368792000246E-12, 2.873873978538999833E-14 ) ) ;
#6525 = CARTESIAN_POINT ( 'NONE',  ( 0.0000000000000000000, 0.0000000000000000000, 0.07874015748035433082 ) ) ;
#6526 = CARTESIAN_POINT ( 'NONE',  ( -0.1618110236220473008, 0.2244094488188976555, -0.08858267716535435377 ) ) ;
#6527 = ORIENTED_EDGE ( 'NONE', *, *, #600, .F. ) ;
#6528 = CARTESIAN_POINT ( 'NONE',  ( 0.08565274607338584090, -0.1343120213343307334, 0.07874015748035433082 ) ) ;
#6529 = ORIENTED_EDGE ( 'NONE', *, *, #6268, .F. ) ;
#6530 = CARTESIAN_POINT ( 'NONE',  ( -0.1618110236220473008, 0.1751968503937007815, 0.01574803149606299191 ) ) ;
#6531 = ORIENTED_EDGE ( 'NONE', *, *, #1772, .T. ) ;
#6532 = CARTESIAN_POINT ( 'NONE',  ( -0.1618110236220473008, 0.1673228346456692994, -1.528031856775984332E-14 ) ) ;
#6533 = ADVANCED_FACE ( 'NONE', ( #1086 ), #5219, .T. ) ;
#6534 = CARTESIAN_POINT ( 'NONE',  ( 0.1878556341471260549, -0.1102362204724409434, 0.07874015748035433082 ) ) ;
#6535 = LINE ( 'NONE', #5024, #879 ) ;
#6536 = ORIENTED_EDGE ( 'NONE', *, *, #655, .F. ) ;
#6537 = LINE ( 'NONE', #308, #2376 ) ;
#6538 = EDGE_LOOP ( 'NONE', ( #3861, #2257, #2526, #1979, #6351, #2215, #2280, #3677, #5575, #4278, #2266, #6469 ) ) ;
#6539 = EDGE_CURVE ( 'NONE', #2336, #6549, #5243, .T. ) ;
#6540 = DIRECTION ( 'NONE',  ( 0.0000000000000000000, -1.000000000000000000, 0.0000000000000000000 ) ) ;
#6541 = CARTESIAN_POINT ( 'NONE',  ( 0.08563883523251972218, -0.1339127979178346417, 0.03412157186937402054 ) ) ;
#6542 = LINE ( 'NONE', #5512, #4830 ) ;
#6543 = VERTEX_POINT ( 'NONE', #1570 ) ;
#6544 = CARTESIAN_POINT ( 'NONE',  ( -0.03818897637795275191, -0.2244094488188976555, -0.08858267716535435377 ) ) ;
#6545 = CARTESIAN_POINT ( 'NONE',  ( 0.2551533614520500315, -0.1528274362352953497, 0.1333852352851355727 ) ) ;
#6546 = APPROVAL_ROLE ( '' ) ;
#6547 = VERTEX_POINT ( 'NONE', #2559 ) ;
#6548 = FACE_OUTER_BOUND ( 'NONE', #3375, .T. ) ;
#6549 = VERTEX_POINT ( 'NONE', #4171 ) ;
#6550 = CARTESIAN_POINT ( 'NONE',  ( 0.2451413554202327705, 0.1525915350510000101, -0.07873998074171600914 ) ) ;
#6551 = CARTESIAN_POINT ( 'NONE',  ( 0.2499765694321481324, -0.1673917288942350090, 0.0007924642381231280890 ) ) ;
#6552 = DIRECTION ( 'NONE',  ( 0.0000000000000000000, -0.9986295347552648360, -0.05233595622975855538 ) ) ;
#6553 = EDGE_CURVE ( 'NONE', #402, #976, #1166, .T. ) ;
#6554 = CARTESIAN_POINT ( 'NONE',  ( 0.1381889763779527436, -0.2078598790717716693, -0.07283464566929134798 ) ) ;
#6555 = EDGE_LOOP ( 'NONE', ( #44, #5382, #2547, #3275, #5643, #3755, #1291, #4866 ) ) ;
#6556 = CARTESIAN_POINT ( 'NONE',  ( 0.2441348365445110136, -0.1574800758536196998, -0.07876902381811159981 ) ) ;
#6557 = CARTESIAN_POINT ( 'NONE',  ( 0.1876627962017695384, -0.1102362204724409434, 0.08267716535433072833 ) ) ;
#6558 = CARTESIAN_POINT ( 'NONE',  ( -0.2165354330708661457, 0.07988696002944881136, 0.1023622047244094752 ) ) ;
#6559 = LINE ( 'NONE', #1832, #6236 ) ;
#6560 = DIRECTION ( 'NONE',  ( -1.000000000000000000, -8.289665250533999401E-14, -1.625967878855999737E-12 ) ) ;
#6561 = ORIENTED_EDGE ( 'NONE', *, *, #4261, .F. ) ;
#6562 = EDGE_CURVE ( 'NONE', #1931, #3384, #3782, .T. ) ;
#6563 = FACE_OUTER_BOUND ( 'NONE', #867, .T. ) ;
#6564 = ORIENTED_EDGE ( 'NONE', *, *, #6379, .F. ) ;
#6565 = DIRECTION ( 'NONE',  ( 1.000000000000000000, 0.0000000000000000000, 0.0000000000000000000 ) ) ;
#6566 = CARTESIAN_POINT ( 'NONE',  ( 0.1519206467513385950, -0.1020872432459448975, 0.05905511815287402960 ) ) ;
#6567 = DIRECTION ( 'NONE',  ( 1.000000000000000000, 0.0000000000000000000, 0.0000000000000000000 ) ) ;
#6568 = EDGE_CURVE ( 'NONE', #226, #5275, #1013, .T. ) ;
#6569 = ORIENTED_EDGE ( 'NONE', *, *, #1292, .F. ) ;
#6570 = CARTESIAN_POINT ( 'NONE',  ( 0.2599115197277277467, 0.1574876177709538805, 0.0007903396401145229479 ) ) ;
#6571 =( BOUNDED_CURVE ( )  B_SPLINE_CURVE ( 3, ( #4019, #903, #316, #3393 ),
 .UNSPECIFIED., .F., .T. ) 
 B_SPLINE_CURVE_WITH_KNOTS ( ( 4, 4 ),
 ( 5.498379336116882676, 7.067974482990476481 ),
 .UNSPECIFIED. ) 
 CURVE ( )  GEOMETRIC_REPRESENTATION_ITEM ( )  RATIONAL_B_SPLINE_CURVE ( ( 1.000000000000000000, 0.8050208899101778393, 0.8050208899101778393, 1.000000000000000000 ) ) 
 REPRESENTATION_ITEM ( '' )  );
#6572 = AXIS2_PLACEMENT_3D ( 'NONE', #6374, #4784, #2595 ) ;
#6573 = AXIS2_PLACEMENT_3D ( 'NONE', #2791, #5907, #4876 ) ;
#6574 = ORIENTED_EDGE ( 'NONE', *, *, #6837, .T. ) ;
#6575 = AXIS2_PLACEMENT_3D ( 'NONE', #3161, #223, #190 ) ;
#6576 = VECTOR ( 'NONE', #1408, 39.37007874015748143 ) ;
#6577 = LINE ( 'NONE', #3985, #1709 ) ;
#6578 = EDGE_CURVE ( 'NONE', #133, #3224, #5284, .T. ) ;
#6579 = DIRECTION ( 'NONE',  ( 1.000000000000000000, 0.0000000000000000000, 0.0000000000000000000 ) ) ;
#6580 = VERTEX_POINT ( 'NONE', #585 ) ;
#6581 = CARTESIAN_POINT ( 'NONE',  ( -0.1618110236220473008, -0.2244094488188976555, -0.07283464566929134798 ) ) ;
#6582 = CARTESIAN_POINT ( 'NONE',  ( -0.2562210868070472491, 0.1636398042851180956, 0.02165353369637795442 ) ) ;
#6583 = DIRECTION ( 'NONE',  ( 0.9993908270191841359, 0.0000000000000000000, 0.03489949669996891823 ) ) ;
#6584 = ORIENTED_EDGE ( 'NONE', *, *, #5022, .F. ) ;
#6585 = VECTOR ( 'NONE', #325, 39.37007874015748143 ) ;
#6586 = AXIS2_PLACEMENT_3D ( 'NONE', #3175, #4703, #3667 ) ;
#6587 = FACE_OUTER_BOUND ( 'NONE', #2, .T. ) ;
#6588 = VERTEX_POINT ( 'NONE', #5316 ) ;
#6589 = EDGE_CURVE ( 'NONE', #3790, #1799, #3750, .T. ) ;
#6590 = FACE_OUTER_BOUND ( 'NONE', #4008, .T. ) ;
#6591 = CIRCLE ( 'NONE', #3597, 0.01181102362204724046 ) ;
#6592 = LINE ( 'NONE', #1862, #5477 ) ;
#6593 = DIRECTION ( 'NONE',  ( 1.000000000000000000, 0.0000000000000000000, 0.0000000000000000000 ) ) ;
#6594 = ORIENTED_EDGE ( 'NONE', *, *, #2918, .F. ) ;
#6595 = CARTESIAN_POINT ( 'NONE',  ( 0.2507986426291073934, -0.1581348723862679440, -0.07155240746254500073 ) ) ;
#6596 = ORIENTED_EDGE ( 'NONE', *, *, #1384, .F. ) ;
#6597 = CARTESIAN_POINT ( 'NONE',  ( 0.2598578267783905327, -0.1591744174883088503, -0.0002063330755835194013 ) ) ;
#6598 = VECTOR ( 'NONE', #6308, 39.37007874015748143 ) ;
#6599 = CARTESIAN_POINT ( 'NONE',  ( -0.2533599610243307820, 0.03937007874015747977, 0.1850397333144488399 ) ) ;
#6600 = CARTESIAN_POINT ( 'NONE',  ( -0.2499390394779856250, 0.1673319992932203737, -0.0002678352703677929457 ) ) ;
#6601 = DIRECTION ( 'NONE',  ( 0.0000000000000000000, 0.0000000000000000000, -1.000000000000000000 ) ) ;
#6602 = CARTESIAN_POINT ( 'NONE',  ( 0.1767413500079528244, -0.1029121381022047310, 0.08267716535433072833 ) ) ;
#6603 = VERTEX_POINT ( 'NONE', #6794 ) ;
#6604 = DIRECTION ( 'NONE',  ( 0.0000000000000000000, 0.0000000000000000000, 1.000000000000000000 ) ) ;
#6605 = AXIS2_PLACEMENT_3D ( 'NONE', #2438, #5665, #790 ) ;
#6606 = ORIENTED_EDGE ( 'NONE', *, *, #3531, .T. ) ;
#6607 = CC_DESIGN_PERSON_AND_ORGANIZATION_ASSIGNMENT ( #4922, #6396, ( #5092 ) ) ;
#6608 = EDGE_CURVE ( 'NONE', #133, #6372, #5257, .T. ) ;
#6609 = CIRCLE ( 'NONE', #4825, 0.009842519685039369942 ) ;
#6610 = CARTESIAN_POINT ( 'NONE',  ( 0.01719934017251574868, -0.1349567911100787443, 0.07874015748035433082 ) ) ;
#6611 = DIRECTION ( 'NONE',  ( -0.03506461168384873012, -0.9987422160248669023, 0.03583934900635161319 ) ) ;
#6612 = ORIENTED_EDGE ( 'NONE', *, *, #744, .F. ) ;
#6613 = DIRECTION ( 'NONE',  ( 1.000000000000000000, 0.0000000000000000000, 0.0000000000000000000 ) ) ;
#6614 = AXIS2_PLACEMENT_3D ( 'NONE', #6472, #2139, #1750 ) ;
#6615 = ORIENTED_EDGE ( 'NONE', *, *, #2224, .T. ) ;
#6616 = EDGE_CURVE ( 'NONE', #6784, #2899, #1065, .T. ) ;
#6617 = DIRECTION ( 'NONE',  ( 0.0000000000000000000, -1.000000000000000000, 0.0000000000000000000 ) ) ;
#6618 = CARTESIAN_POINT ( 'NONE',  ( -0.1381889763779527436, -0.2244094488188976555, -0.08858267716535435377 ) ) ;
#6619 = VERTEX_POINT ( 'NONE', #553 ) ;
#6620 = CARTESIAN_POINT ( 'NONE',  ( 0.2457384424398819101, -0.1512202904062598385, -0.07874015748031495954 ) ) ;
#6621 = CARTESIAN_POINT ( 'NONE',  ( -0.2452084259708840475, 0.1609720718263391581, -0.07155240743413665561 ) ) ;
#6622 = EDGE_LOOP ( 'NONE', ( #235, #6489, #700, #1597 ) ) ;
#6623 = AXIS2_PLACEMENT_3D ( 'NONE', #853, #332, #4039 ) ;
#6624 = EDGE_CURVE ( 'NONE', #4288, #3015, #4848, .T. ) ;
#6625 = CARTESIAN_POINT ( 'NONE',  ( -0.1618110236220473008, 0.2007523306137795338, -0.008503213718098425258 ) ) ;
#6626 = ORIENTED_EDGE ( 'NONE', *, *, #2124, .T. ) ;
#6627 = CARTESIAN_POINT ( 'NONE',  ( 0.2453998405692174034, 0.1572808187820320946, -0.07876893026777351259 ) ) ;
#6628 = CARTESIAN_POINT ( 'NONE',  ( 0.01444217039686614308, -0.1331284307635039743, -0.05511811024283464616 ) ) ;
#6629 = LINE ( 'NONE', #3509, #6022 ) ;
#6630 = ORIENTED_EDGE ( 'NONE', *, *, #3093, .F. ) ;
#6631 = LINE ( 'NONE', #1401, #845 ) ;
#6632 = ORIENTED_EDGE ( 'NONE', *, *, #550, .F. ) ;
#6633 = CARTESIAN_POINT ( 'NONE',  ( 0.2442239991991732029, 0.1607131701284251757, 0.1892750014567716743 ) ) ;
#6634 = EDGE_CURVE ( 'NONE', #6223, #3811, #6405, .T. ) ;
#6635 = DIRECTION ( 'NONE',  ( 0.0000000000000000000, 0.0000000000000000000, -1.000000000000000000 ) ) ;
#6636 = DIRECTION ( 'NONE',  ( -1.000000000000000000, 2.738550127409000006E-13, -2.552772807954999826E-12 ) ) ;
#6637 = DIRECTION ( 'NONE',  ( -1.000000000000000000, -6.697564176666000092E-13, 2.785577828023000098E-12 ) ) ;
#6638 = ORIENTED_EDGE ( 'NONE', *, *, #1116, .T. ) ;
#6639 = CARTESIAN_POINT ( 'NONE',  ( -0.2437399756289574115, -0.1606858286155367077, -0.07586133578242240660 ) ) ;
#6640 = CARTESIAN_POINT ( 'NONE',  ( 0.2493407041890157438, -0.1568523183622440864, 0.01781327238920472553 ) ) ;
#6641 = ORIENTED_EDGE ( 'NONE', *, *, #3989, .F. ) ;
#6642 = CARTESIAN_POINT ( 'NONE',  ( 0.01444217039686614308, -0.1331284307635039743, -0.05511811024283464616 ) ) ;
#6643 = ADVANCED_FACE ( 'NONE', ( #5853 ), #5619, .T. ) ;
#6644 = ORIENTED_EDGE ( 'NONE', *, *, #2577, .T. ) ;
#6645 = CARTESIAN_POINT ( 'NONE',  ( -0.2440084477559406606, 0.1531870177417249956, -0.07874017159980334357 ) ) ;
#6646 = VERTEX_POINT ( 'NONE', #2810 ) ;
#6647 = DIRECTION ( 'NONE',  ( 0.0000000000000000000, 0.0000000000000000000, 1.000000000000000000 ) ) ;
#6648 = FACE_OUTER_BOUND ( 'NONE', #4856, .T. ) ;
#6649 = ADVANCED_FACE ( 'NONE', ( #4935 ), #184, .F. ) ;
#6650 = CARTESIAN_POINT ( 'NONE',  ( -0.2428947171465747623, 0.1518453624541338531, 0.1967998165796850385 ) ) ;
#6651 = DIRECTION ( 'NONE',  ( -0.6722908926255255491, -0.7402870765404282460, 0.0000000000000000000 ) ) ;
#6652 = LOCAL_TIME ( 13, 17, 40.00000000000000000, #1217 ) ;
#6653 = ORIENTED_EDGE ( 'NONE', *, *, #304, .T. ) ;
#6654 = ORIENTED_EDGE ( 'NONE', *, *, #1652, .F. ) ;
#6655 = CARTESIAN_POINT ( 'NONE',  ( 0.2443373056548829303, 0.1606759790205033178, -0.07586130276224420377 ) ) ;
#6656 = LINE ( 'NONE', #6075, #5044 ) ;
#6657 = ADVANCED_FACE ( 'NONE', ( #2396 ), #6174, .F. ) ;
#6658 = DIRECTION ( 'NONE',  ( 0.0000000000000000000, -0.03489949670258974540, -0.9993908270190926535 ) ) ;
#6659 = VERTEX_POINT ( 'NONE', #5655 ) ;
#6660 = PLANE ( 'NONE',  #2054 ) ;
#6661 = CARTESIAN_POINT ( 'NONE',  ( 0.2165354330708661457, 0.07988696002944881136, 0.07874015748035433082 ) ) ;
#6662 = CARTESIAN_POINT ( 'NONE',  ( 0.07882214046645670547, 0.1343624720312992238, -0.05511811025125984420 ) ) ;
#6663 = ADVANCED_FACE ( 'NONE', ( #5118 ), #6109, .F. ) ;
#6664 = CARTESIAN_POINT ( 'NONE',  ( -0.2535450146748379208, -0.1510904851218980716, -0.07197581226875032767 ) ) ;
#6665 = VERTEX_POINT ( 'NONE', #4545 ) ;
#6666 = CARTESIAN_POINT ( 'NONE',  ( -0.2461070636016409463, -0.1570465179357073415, -0.07876896696629009931 ) ) ;
#6667 = CARTESIAN_POINT ( 'NONE',  ( 0.2531996702443580216, -0.1534511759733513114, 0.1893314654451344614 ) ) ;
#6668 = DIRECTION ( 'NONE',  ( -4.614714519835000013E-14, 1.000000000000000000, 0.0000000000000000000 ) ) ;
#6669 = DIRECTION ( 'NONE',  ( 1.000000000000000000, 0.0000000000000000000, 0.0000000000000000000 ) ) ;
#6670 = EDGE_CURVE ( 'NONE', #3751, #6665, #1574, .T. ) ;
#6671 = EDGE_LOOP ( 'NONE', ( #1944, #3357, #5177, #1492 ) ) ;
#6672 = DIRECTION ( 'NONE',  ( -1.976196983589000112E-14, 1.000000000000000000, 0.0000000000000000000 ) ) ;
#6673 = PRODUCT_DEFINITION_SHAPE ( 'NONE', 'NONE',  #6803 ) ;
#6674 = EDGE_CURVE ( 'NONE', #1319, #3203, #4610, .T. ) ;
#6675 = DIRECTION ( 'NONE',  ( -1.000000000000000000, 0.0000000000000000000, 0.0000000000000000000 ) ) ;
#6676 = VERTEX_POINT ( 'NONE', #1466 ) ;
#6677 = DIRECTION ( 'NONE',  ( 0.6091189129006997494, -0.7930789052462998701, 0.0000000000000000000 ) ) ;
#6678 = VECTOR ( 'NONE', #333, 39.37007874015748143 ) ;
#6679 = CARTESIAN_POINT ( 'NONE',  ( -0.2571185934074803336, 0.1566801370751575440, 0.1883602188048425496 ) ) ;
#6680 = CARTESIAN_POINT ( 'NONE',  ( -0.2474360316658747172, 0.1603768406546263181, -0.07155240743413665561 ) ) ;
#6681 = ORIENTED_EDGE ( 'NONE', *, *, #3073, .T. ) ;
#6682 = VECTOR ( 'NONE', #5131, 39.37007874015748143 ) ;
#6683 = VECTOR ( 'NONE', #3404, 39.37007874015748143 ) ;
#6684 = EDGE_CURVE ( 'NONE', #5832, #6223, #5147, .T. ) ;
#6685 = DIRECTION ( 'NONE',  ( -0.3999999999999876432, 0.9165151389911733171, 0.0000000000000000000 ) ) ;
#6686 = CARTESIAN_POINT ( 'NONE',  ( 0.2487982937486222512, 0.1549671318871481684, -0.07876893026777351259 ) ) ;
#6687 = ORIENTED_EDGE ( 'NONE', *, *, #1023, .T. ) ;
#6688 = FACE_OUTER_BOUND ( 'NONE', #3372, .T. ) ;
#6689 = CARTESIAN_POINT ( 'NONE',  ( 0.1618110236220473008, 0.2244094488188976555, -0.08858267716535435377 ) ) ;
#6690 = ORIENTED_EDGE ( 'NONE', *, *, #3436, .F. ) ;
#6691 = AXIS2_PLACEMENT_3D ( 'NONE', #4289, #5840, #4920 ) ;
#6692 = DIRECTION ( 'NONE',  ( 1.000000000000000000, 0.0000000000000000000, 0.0000000000000000000 ) ) ;
#6693 = VECTOR ( 'NONE', #2107, 39.37007874015748143 ) ;
#6694 = ORIENTED_EDGE ( 'NONE', *, *, #232, .T. ) ;
#6695 = EDGE_CURVE ( 'NONE', #5910, #323, #6631, .T. ) ;
#6696 = VECTOR ( 'NONE', #4355, 39.37007874015748143 ) ;
#6697 = VECTOR ( 'NONE', #3188, 39.37007874015748143 ) ;
#6698 = DIRECTION ( 'NONE',  ( -1.000000000000000000, 1.066395542144000045E-13, 5.346339940244999652E-13 ) ) ;
#6699 = DIRECTION ( 'NONE',  ( 1.000000000000000000, 0.0000000000000000000, 0.0000000000000000000 ) ) ;
#6700 = FACE_OUTER_BOUND ( 'NONE', #6361, .T. ) ;
#6701 = EDGE_LOOP ( 'NONE', ( #917, #2513, #3173, #6383 ) ) ;
#6702 = CARTESIAN_POINT ( 'NONE',  ( -0.2451524590023651529, -0.1605985439311616580, -0.07586133578242240660 ) ) ;
#6703 = VECTOR ( 'NONE', #3723, 39.37007874015748143 ) ;
#6704 = ADVANCED_FACE ( 'NONE', ( #3470 ), #4101, .T. ) ;
#6705 = DIRECTION ( 'NONE',  ( -8.475858903727784715E-12, -0.9993908270191195209, 0.03489949670182169311 ) ) ;
#6706 = AXIS2_PLACEMENT_3D ( 'NONE', #6015, #641, #1774 ) ;
#6707 = CARTESIAN_POINT ( 'NONE',  ( 0.1893700749316203358, 0.1069748007478714125, 0.05905511811023624047 ) ) ;
#6708 = ORIENTED_EDGE ( 'NONE', *, *, #2193, .T. ) ;
#6709 = CARTESIAN_POINT ( 'NONE',  ( -0.2453332606614173905, -0.03937007874015747977, 0.1889763779527559029 ) ) ;
#6710 = CIRCLE ( 'NONE', #618, 0.1377952755905511584 ) ;
#6711 = EDGE_CURVE ( 'NONE', #4722, #4655, #6727, .T. ) ;
#6712 = CARTESIAN_POINT ( 'NONE',  ( -0.05453495413204725167, 0.09809830978531496049, -0.05511806470389764290 ) ) ;
#6713 = CARTESIAN_POINT ( 'NONE',  ( -0.06181102362204724671, -0.1751968503937007815, 0.01574803149606299191 ) ) ;
#6714 = AXIS2_PLACEMENT_3D ( 'NONE', #5000, #1352, #6125 ) ;
#6715 = ORIENTED_EDGE ( 'NONE', *, *, #1975, .T. ) ;
#6716 = CARTESIAN_POINT ( 'NONE',  ( 0.2532336849008084423, 0.05029252704717848688, 0.1892522667908032585 ) ) ;
#6717 = FACE_OUTER_BOUND ( 'NONE', #2637, .T. ) ;
#6718 = CARTESIAN_POINT ( 'NONE',  ( -0.2532874482817602524, 0.1537153262840464107, -0.07155240743413665561 ) ) ;
#6719 = ORIENTED_EDGE ( 'NONE', *, *, #5277, .T. ) ;
#6720 = AXIS2_PLACEMENT_3D ( 'NONE', #1294, #5521, #771 ) ;
#6721 = DIRECTION ( 'NONE',  ( -0.001141488468566954082, -0.008726535662153648426, -0.9999612715397597773 ) ) ;
#6722 = CARTESIAN_POINT ( 'NONE',  ( 0.01435842651520078707, 0.1339357651879527766, 0.03674629422866141498 ) ) ;
#6723 = CARTESIAN_POINT ( 'NONE',  ( 0.1346379810673523914, -0.1102362204724409434, 0.08070866137497047232 ) ) ;
#6724 = LINE ( 'NONE', #808, #378 ) ;
#6725 = VERTEX_POINT ( 'NONE', #3571 ) ;
#6726 = AXIS2_PLACEMENT_3D ( 'NONE', #5607, #1379, #1477 ) ;
#6727 = LINE ( 'NONE', #5045, #3946 ) ;
#6728 = ADVANCED_FACE ( 'NONE', ( #1898 ), #888, .F. ) ;
#6729 = EDGE_LOOP ( 'NONE', ( #6653, #3998, #1734, #1917 ) ) ;
#6730 = CARTESIAN_POINT ( 'NONE',  ( -0.1141592080059449094, -0.1005061793140944876, 0.01377952010946456758 ) ) ;
#6731 = DIRECTION ( 'NONE',  ( 7.228014483224649332E-13, 0.9993908270191080856, 0.03489949670214288757 ) ) ;
#6732 = CARTESIAN_POINT ( 'NONE',  ( -0.2589796664018337302, -0.1626704538227392027, 0.0004184268293322962592 ) ) ;
#6733 = ORIENTED_EDGE ( 'NONE', *, *, #4924, .F. ) ;
#6734 = CARTESIAN_POINT ( 'NONE',  ( -0.2468345274298680003, -0.1567014044516563120, -0.07876896696629009931 ) ) ;
#6735 = ADVANCED_FACE ( 'NONE', ( #2988 ), #6660, .T. ) ;
#6736 = DIRECTION ( 'NONE',  ( -0.03546014753752969872, 0.03487668766143970506, -0.9987623313853916107 ) ) ;
#6737 = DIRECTION ( 'NONE',  ( 0.0000000000000000000, 0.0000000000000000000, -1.000000000000000000 ) ) ;
#6738 = ORIENTED_EDGE ( 'NONE', *, *, #3908, .T. ) ;
#6739 = DIRECTION ( 'NONE',  ( 0.9961946980917155692, 0.0000000000000000000, 0.08715574274800137744 ) ) ;
#6740 = EDGE_CURVE ( 'NONE', #5651, #2296, #6140, .T. ) ;
#6741 = DIRECTION ( 'NONE',  ( 0.0000000000000000000, 0.0000000000000000000, 1.000000000000000000 ) ) ;
#6742 = CARTESIAN_POINT ( 'NONE',  ( 0.1775662548846921873, -0.1020872556290491479, 0.05905511809044555749 ) ) ;
#6743 = ORIENTED_EDGE ( 'NONE', *, *, #1900, .T. ) ;
#6744 = DIRECTION ( 'NONE',  ( 0.0000000000000000000, 0.0000000000000000000, 1.000000000000000000 ) ) ;
#6745 = EDGE_CURVE ( 'NONE', #4892, #6588, #2377, .T. ) ;
#6746 = ORIENTED_EDGE ( 'NONE', *, *, #2314, .T. ) ;
#6747 = CARTESIAN_POINT ( 'NONE',  ( -0.1499999999999999944, -0.2023402986719685381, -0.03880344929259448711 ) ) ;
#6748 = CARTESIAN_POINT ( 'NONE',  ( 0.01444217391500393632, 0.1331284303940551139, -0.05511811023622047168 ) ) ;
#6749 = APPROVAL_PERSON_ORGANIZATION ( #656, #1182, #2756 ) ;
#6750 = VERTEX_POINT ( 'NONE', #2456 ) ;
#6751 = DIRECTION ( 'NONE',  ( 0.3999999999999873102, 0.9165151389911734281, 0.0000000000000000000 ) ) ;
#6752 = CYLINDRICAL_SURFACE ( 'NONE', #160, 0.03937007345338977560 ) ;
#6753 = ORIENTED_EDGE ( 'NONE', *, *, #6787, .T. ) ;
#6754 = DIRECTION ( 'NONE',  ( 0.0000000000000000000, -1.000000000000000000, 0.0000000000000000000 ) ) ;
#6755 = ORIENTED_EDGE ( 'NONE', *, *, #4787, .F. ) ;
#6756 = DIRECTION ( 'NONE',  ( -1.000000000000000000, 4.070817756958999538E-13, 2.627527824945999865E-14 ) ) ;
#6757 = CARTESIAN_POINT ( 'NONE',  ( 0.1381889763779527436, 0.2039282667301968444, -0.06910368486704725199 ) ) ;
#6758 = DIRECTION ( 'NONE',  ( 0.0000000000000000000, 1.000000000000000000, 0.0000000000000000000 ) ) ;
#6759 = CARTESIAN_POINT ( 'NONE',  ( 0.1381889763779527436, 0.1667729012678346445, 0.01574803149606299191 ) ) ;
#6760 = ORIENTED_EDGE ( 'NONE', *, *, #6787, .F. ) ;
#6761 = CARTESIAN_POINT ( 'NONE',  ( -0.2438807765164324459, -0.1610628106425752160, -0.07155240743470069054 ) ) ;
#6762 = ADVANCED_FACE ( 'NONE', ( #5589 ), #848, .T. ) ;
#6763 = DIRECTION ( 'NONE',  ( -0.08682659081302623871, 0.08682659266017624111, -0.9924325095112569439 ) ) ;
#6764 = DIRECTION ( 'NONE',  ( 0.0000000000000000000, -1.000000000000000000, 0.0000000000000000000 ) ) ;
#6765 = EDGE_LOOP ( 'NONE', ( #5057, #5684, #1085, #5566, #1834, #5509, #3583, #4973 ) ) ;
#6766 = CARTESIAN_POINT ( 'NONE',  ( 0.2500073034057633259, 0.1673918346874169460, 0.0007903395880818850925 ) ) ;
#6767 = ADVANCED_FACE ( 'NONE', ( #2955 ), #5087, .F. ) ;
#6768 = CARTESIAN_POINT ( 'NONE',  ( -0.05327391102112861987, 0.09970419252463627591, -0.009186376724167199734 ) ) ;
#6769 = ORIENTED_EDGE ( 'NONE', *, *, #2453, .F. ) ;
#6770 = DIRECTION ( 'NONE',  ( 0.0000000000000000000, -1.000000000000000000, -3.398615844642000201E-14 ) ) ;
#6771 = DIRECTION ( 'NONE',  ( -1.000000000000000000, 0.0000000000000000000, 0.0000000000000000000 ) ) ;
#6772 = CARTESIAN_POINT ( 'NONE',  ( -0.2500062917702124410, 0.1512845550034764563, -0.07876899266994302762 ) ) ;
#6773 = VERTEX_POINT ( 'NONE', #2586 ) ;
#6774 = EDGE_CURVE ( 'NONE', #384, #791, #2378, .T. ) ;
#6775 = ADVANCED_FACE ( 'NONE', ( #4128 ), #3528, .F. ) ;
#6776 = CYLINDRICAL_SURFACE ( 'NONE', #3852, 0.009842519685039378616 ) ;
#6777 = ORIENTED_EDGE ( 'NONE', *, *, #131, .F. ) ;
#6778 = CARTESIAN_POINT ( 'NONE',  ( -0.03824345895492913677, -0.1073958309973622183, 0.08267715246913386051 ) ) ;
#6779 = ORIENTED_EDGE ( 'NONE', *, *, #1050, .F. ) ;
#6780 = DIRECTION ( 'NONE',  ( 0.0000000000000000000, 0.0000000000000000000, 1.000000000000000000 ) ) ;
#6781 = FACE_OUTER_BOUND ( 'NONE', #1743, .T. ) ;
#6782 = ORIENTED_EDGE ( 'NONE', *, *, #3864, .T. ) ;
#6783 = FACE_OUTER_BOUND ( 'NONE', #2757, .T. ) ;
#6784 = VERTEX_POINT ( 'NONE', #2135 ) ;
#6785 = AXIS2_PLACEMENT_3D ( 'NONE', #6525, #6440, #2816 ) ;
#6786 = CIRCLE ( 'NONE', #5783, 0.009842519685039378616 ) ;
#6787 = EDGE_CURVE ( 'NONE', #770, #1250, #6329, .T. ) ;
#6788 = VECTOR ( 'NONE', #6847, 39.37007874015748143 ) ;
#6789 = DIRECTION ( 'NONE',  ( -1.000000000000000000, 0.0000000000000000000, 0.0000000000000000000 ) ) ;
#6790 = FACE_OUTER_BOUND ( 'NONE', #1447, .T. ) ;
#6791 = AXIS2_PLACEMENT_3D ( 'NONE', #2058, #34, #5780 ) ;
#6792 = CARTESIAN_POINT ( 'NONE',  ( -0.2125984251968504046, -0.07086614173228347746, 0.1023622047244094752 ) ) ;
#6793 = ORIENTED_EDGE ( 'NONE', *, *, #1444, .T. ) ;
#6794 = CARTESIAN_POINT ( 'NONE',  ( -0.2216535433070866146, 0.03937007874015747977, 0.1968503937008267979 ) ) ;
#6795 = CARTESIAN_POINT ( 'NONE',  ( -0.03818897637795275191, -0.1673228346456692994, 0.0000000000000000000 ) ) ;
#6796 = CIRCLE ( 'NONE', #6143, 0.1389977967428346894 ) ;
#6797 = AXIS2_PLACEMENT_3D ( 'NONE', #5681, #2551, #416 ) ;
#6798 = LINE ( 'NONE', #5759, #4385 ) ;
#6799 = CARTESIAN_POINT ( 'NONE',  ( 0.1876627962017716478, -0.1102362204724409434, 0.08267716535433072833 ) ) ;
#6800 = EDGE_LOOP ( 'NONE', ( #57, #3941, #1134, #611 ) ) ;
#6801 = CIRCLE ( 'NONE', #1615, 0.003937007874015749712 ) ;
#6802 = VECTOR ( 'NONE', #3731, 39.37007874015748143 ) ;
#6803 = PRODUCT_DEFINITION ( 'UNKNOWN', '', #2758, #995 ) ;
#6804 = ADVANCED_FACE ( 'NONE', ( #3141, #2049 ), #1106, .F. ) ;
#6805 = VECTOR ( 'NONE', #3422, 39.37007874015748143 ) ;
#6806 = DIRECTION ( 'NONE',  ( 0.0000000000000000000, 1.000000000000000000, 0.0000000000000000000 ) ) ;
#6807 = ORIENTED_EDGE ( 'NONE', *, *, #2569, .T. ) ;
#6808 = CYLINDRICAL_SURFACE ( 'NONE', #5905, 0.009842519685039378616 ) ;
#6809 = CARTESIAN_POINT ( 'NONE',  ( -0.2453772070209258027, 0.1572860935680377159, -0.07876899266994299986 ) ) ;
#6810 = VECTOR ( 'NONE', #3367, 39.37007874015748143 ) ;
#6811 = ADVANCED_FACE ( 'NONE', ( #6783 ), #2109, .F. ) ;
#6812 = VECTOR ( 'NONE', #1950, 39.37007874015748143 ) ;
#6813 = CARTESIAN_POINT ( 'NONE',  ( 0.2500000000351968454, 0.1673228346456299420, -4.395619913551181420E-13 ) ) ;
#6814 = CARTESIAN_POINT ( 'NONE',  ( 0.1876627962017762830, 0.1102362204724409434, 0.08267716535433072833 ) ) ;
#6815 = ORIENTED_EDGE ( 'NONE', *, *, #3008, .F. ) ;
#6816 = CARTESIAN_POINT ( 'NONE',  ( -0.1767115179668898028, 0.1147457988087401543, 0.08311924445484251966 ) ) ;
#6817 = DIRECTION ( 'NONE',  ( 0.0000000000000000000, 0.0000000000000000000, -1.000000000000000000 ) ) ;
#6818 = ORIENTED_EDGE ( 'NONE', *, *, #4738, .T. ) ;
#6819 = DIRECTION ( 'NONE',  ( 1.000000000000000000, 0.0000000000000000000, 0.0000000000000000000 ) ) ;
#6820 = ORIENTED_EDGE ( 'NONE', *, *, #2380, .T. ) ;
#6821 = AXIS2_PLACEMENT_3D ( 'NONE', #1461, #381, #3101 ) ;
#6822 = CARTESIAN_POINT ( 'NONE',  ( 0.01707194319652756073, 0.1349679231546063174, 0.08267716535433072833 ) ) ;
#6823 = VECTOR ( 'NONE', #6249, 39.37007874015748143 ) ;
#6824 = DIRECTION ( 'NONE',  ( 0.3999999999999873102, 0.9165151389911734281, 0.0000000000000000000 ) ) ;
#6825 = DIRECTION ( 'NONE',  ( 1.000000000000000000, 0.0000000000000000000, 0.0000000000000000000 ) ) ;
#6826 = DIRECTION ( 'NONE',  ( 0.0000000000000000000, -0.0000000000000000000, 1.000000000000000000 ) ) ;
#6827 = ORIENTED_EDGE ( 'NONE', *, *, #5247, .T. ) ;
#6828 = CARTESIAN_POINT ( 'NONE',  ( -0.1626663426259448708, 0.2041237981004330737, -0.07283464566929134798 ) ) ;
#6829 = VERTEX_POINT ( 'NONE', #1593 ) ;
#6830 = EDGE_CURVE ( 'NONE', #1494, #5852, #2149, .T. ) ;
#6831 = CARTESIAN_POINT ( 'NONE',  ( 0.0000000000000000000, -0.1458849386660630021, 0.05019685039370078150 ) ) ;
#6832 = PERSON ( 'UNSPECIFIED', 'UNSPECIFIED', 'UNSPECIFIED', ('UNSPECIFIED'), ('UNSPECIFIED'), ('UNSPECIFIED') ) ;
#6833 = CARTESIAN_POINT ( 'NONE',  ( 0.1618110236220473008, -0.2039282667301968444, -0.06910368486704725199 ) ) ;
#6834 = CARTESIAN_POINT ( 'NONE',  ( -0.1618110236220473008, 0.2244094488188976555, -0.07283464566929134798 ) ) ;
#6835 = ORIENTED_EDGE ( 'NONE', *, *, #85, .T. ) ;
#6836 = LINE ( 'NONE', #748, #5357 ) ;
#6837 = EDGE_CURVE ( 'NONE', #6002, #2090, #3705, .T. ) ;
#6838 = EDGE_LOOP ( 'NONE', ( #1020, #1899, #5242, #2664 ) ) ;
#6839 = LINE ( 'NONE', #1454, #1282 ) ;
#6840 = CARTESIAN_POINT ( 'NONE',  ( 0.2497111231590157521, -0.1584368301969685255, 0.1893648149463779684 ) ) ;
#6841 = VERTEX_POINT ( 'NONE', #1074 ) ;
#6842 = LINE ( 'NONE', #504, #5920 ) ;
#6843 = ORIENTED_EDGE ( 'NONE', *, *, #1108, .F. ) ;
#6844 = EDGE_CURVE ( 'NONE', #2644, #3308, #5810, .T. ) ;
#6845 = LINE ( 'NONE', #2047, #303 ) ;
#6846 = ORIENTED_EDGE ( 'NONE', *, *, #1842, .T. ) ;
#6847 = DIRECTION ( 'NONE',  ( 0.0000000000000000000, 0.0000000000000000000, 1.000000000000000000 ) ) ;
#6848 = CYLINDRICAL_SURFACE ( 'NONE', #4147, 0.007874015748019673813 ) ;
#6849 = CARTESIAN_POINT ( 'NONE',  ( 0.2532101988012598337, 0.1508775866957480505, 0.1892514467795669564 ) ) ;
#6850 = ORIENTED_EDGE ( 'NONE', *, *, #4221, .T. ) ;
ENDSEC;
END-ISO-10303-21;
