ISO-10303-21;
HEADER;
FILE_DESCRIPTION (( 'STEP AP203' ),
    '1' );
FILE_NAME ('housing_cover.STEP',
    '2025-07-08T13:13:08',
    ( '' ),
    ( '' ),
    'SwSTEP 2.0',
    'SolidWorks 2023',
    '' );
FILE_SCHEMA (( 'CONFIG_CONTROL_DESIGN' ));
ENDSEC;

DATA;
#1 = CYLINDRICAL_SURFACE ( 'NONE', #5924, 2.000000000000001776 ) ;
#2 = FACE_BOUND ( 'NONE', #6765, .T. ) ;
#3 = VERTEX_POINT ( 'NONE', #9567 ) ;
#4 = PLANE ( 'NONE',  #606 ) ;
#5 = ORIENTED_EDGE ( 'NONE', *, *, #11852, .T. ) ;
#6 = ADVANCED_FACE ( 'NONE', ( #7117 ), #2839, .T. ) ;
#7 = LINE ( 'NONE', #6168, #13540 ) ;
#8 = FACE_OUTER_BOUND ( 'NONE', #9283, .T. ) ;
#9 = CARTESIAN_POINT ( 'NONE',  ( 7.147081088808366900, 5.000000000000000000, 12.63718593601479689 ) ) ;
#10 = ORIENTED_EDGE ( 'NONE', *, *, #2275, .F. ) ;
#11 = CARTESIAN_POINT ( 'NONE',  ( 0.000000000000000000, 3.000000000000000000, 19.92748276001479724 ) ) ;
#12 = ORIENTED_EDGE ( 'NONE', *, *, #11239, .F. ) ;
#13 = FACE_OUTER_BOUND ( 'NONE', #6573, .T. ) ;
#14 = DIRECTION ( 'NONE',  ( -0.000000000000000000, -1.000000000000000000, -0.000000000000000000 ) ) ;
#15 = ORIENTED_EDGE ( 'NONE', *, *, #5775, .T. ) ;
#16 = ORIENTED_EDGE ( 'NONE', *, *, #2831, .T. ) ;
#17 = EDGE_CURVE ( 'NONE', #10985, #10922, #5137, .T. ) ;
#18 = ORIENTED_EDGE ( 'NONE', *, *, #2602, .F. ) ;
#19 = APPROVAL ( #7350, 'UNSPECIFIED' ) ;
#20 = CARTESIAN_POINT ( 'NONE',  ( 3.634814934055550228, 5.000000000000000000, -6.065090853944242077 ) ) ;
#21 = CARTESIAN_POINT ( 'NONE',  ( -50.71056799119160274, 3.000000000000000000, 29.93465400801478893 ) ) ;
#22 = LINE ( 'NONE', #3095, #12566 ) ;
#23 = ORIENTED_EDGE ( 'NONE', *, *, #6339, .F. ) ;
#24 = CARTESIAN_POINT ( 'NONE',  ( -4.421423844544701609, 3.000000000000000000, 10.67441540413738466 ) ) ;
#25 = DIRECTION ( 'NONE',  ( -0.000000000000000000, -1.000000000000000000, -0.000000000000000000 ) ) ;
#26 = ORIENTED_EDGE ( 'NONE', *, *, #10561, .T. ) ;
#27 = CARTESIAN_POINT ( 'NONE',  ( -27.56157796719163500, 3.000000000000000000, 29.93959786401479661 ) ) ;
#28 = ORIENTED_EDGE ( 'NONE', *, *, #11891, .F. ) ;
#29 = CARTESIAN_POINT ( 'NONE',  ( -14.32581271919161914, 5.000000000000000000, 28.89883286401480333 ) ) ;
#30 = ORIENTED_EDGE ( 'NONE', *, *, #10127, .F. ) ;
#31 = EDGE_CURVE ( 'NONE', #4614, #10073, #4021, .T. ) ;
#32 = ORIENTED_EDGE ( 'NONE', *, *, #12334, .T. ) ;
#33 = VECTOR ( 'NONE', #206, 1000.000000000000000 ) ;
#34 = CARTESIAN_POINT ( 'NONE',  ( -10.43857099298051949, 5.000000000000000000, -11.87441862534524262 ) ) ;
#35 = ORIENTED_EDGE ( 'NONE', *, *, #410, .F. ) ;
#36 = EDGE_CURVE ( 'NONE', #8857, #13833, #3104, .T. ) ;
#37 = EDGE_CURVE ( 'NONE', #9114, #10146, #4089, .T. ) ;
#38 = LINE ( 'NONE', #10689, #5865 ) ;
#39 = CARTESIAN_POINT ( 'NONE',  ( 16.48924172880835926, 3.000000000000000000, 19.92748580801480429 ) ) ;
#40 = DIRECTION ( 'NONE',  ( 0.000000000000000000, -0.000000000000000000, 1.000000000000000000 ) ) ;
#41 = DIRECTION ( 'NONE',  ( 0.8447281712566206968, 0.000000000000000000, -0.5351955873187346224 ) ) ;
#42 = AXIS2_PLACEMENT_3D ( 'NONE', #10563, #7088, #4114 ) ;
#43 = VECTOR ( 'NONE', #605, 1000.000000000000114 ) ;
#44 = CARTESIAN_POINT ( 'NONE',  ( 3.895979852809159372, 3.000000000000000000, 7.300989633957577496 ) ) ;
#45 = ORIENTED_EDGE ( 'NONE', *, *, #1155, .F. ) ;
#46 = ORIENTED_EDGE ( 'NONE', *, *, #9845, .T. ) ;
#47 = EDGE_CURVE ( 'NONE', #407, #6037, #7322, .T. ) ;
#48 = VERTEX_POINT ( 'NONE', #11522 ) ;
#49 = CARTESIAN_POINT ( 'NONE',  ( -2.419755690874775045, 3.000000000000000000, 14.48093071273969024 ) ) ;
#50 = LINE ( 'NONE', #7475, #7365 ) ;
#51 = LINE ( 'NONE', #7767, #7541 ) ;
#52 = AXIS2_PLACEMENT_3D ( 'NONE', #12642, #2845, #8307 ) ;
#53 = EDGE_CURVE ( 'NONE', #2729, #916, #8300, .T. ) ;
#54 = AXIS2_PLACEMENT_3D ( 'NONE', #10085, #1273, #9952 ) ;
#55 = CARTESIAN_POINT ( 'NONE',  ( -84.00000000000001421, 3.000000000000000000, -51.00000000000000711 ) ) ;
#56 = LINE ( 'NONE', #202, #2044 ) ;
#57 = DIRECTION ( 'NONE',  ( 0.000000000000000000, 1.000000000000000000, -0.000000000000000000 ) ) ;
#58 = DIRECTION ( 'NONE',  ( -1.000000000000000000, 0.000000000000000000, -0.000000000000000000 ) ) ;
#59 = CARTESIAN_POINT ( 'NONE',  ( 0.000000000000000000, 5.000000000000000000, 0.000000000000000000 ) ) ;
#60 = DIRECTION ( 'NONE',  ( -0.000000000000000000, -1.000000000000000000, -0.000000000000000000 ) ) ;
#61 = ORIENTED_EDGE ( 'NONE', *, *, #9113, .F. ) ;
#62 = VECTOR ( 'NONE', #8078, 1000.000000000000000 ) ;
#63 = CARTESIAN_POINT ( 'NONE',  ( 0.000000000000000000, 5.000000000000000000, -7.958098247985205376 ) ) ;
#64 = ORIENTED_EDGE ( 'NONE', *, *, #13078, .T. ) ;
#65 = EDGE_CURVE ( 'NONE', #5332, #12270, #880, .T. ) ;
#66 = CARTESIAN_POINT ( 'NONE',  ( 0.000000000000000000, 5.000000000000000000, 20.23155835201480102 ) ) ;
#67 = EDGE_CURVE ( 'NONE', #7706, #12983, #1992, .T. ) ;
#68 = DIRECTION ( 'NONE',  ( 0.000000000000000000, 0.000000000000000000, -1.000000000000000000 ) ) ;
#69 = DIRECTION ( 'NONE',  ( -0.7032071704676161605, 0.000000000000000000, -0.7109850036413771779 ) ) ;
#70 = ORIENTED_EDGE ( 'NONE', *, *, #613, .F. ) ;
#71 = DIRECTION ( 'NONE',  ( -0.08371688923207534772, 0.000000000000000000, -0.9964895797033225255 ) ) ;
#72 = VERTEX_POINT ( 'NONE', #947 ) ;
#73 = AXIS2_PLACEMENT_3D ( 'NONE', #7855, #6659, #1547 ) ;
#74 = DIRECTION ( 'NONE',  ( 0.7396924151211460297, 0.000000000000000000, 0.6729451173849514412 ) ) ;
#75 = DIRECTION ( 'NONE',  ( 0.000000000000000000, 0.000000000000000000, 1.000000000000000000 ) ) ;
#76 = LINE ( 'NONE', #992, #7432 ) ;
#77 = ORIENTED_EDGE ( 'NONE', *, *, #10834, .T. ) ;
#78 = DIRECTION ( 'NONE',  ( -0.000000000000000000, -1.000000000000000000, -0.000000000000000000 ) ) ;
#79 = ORIENTED_EDGE ( 'NONE', *, *, #3766, .T. ) ;
#80 = EDGE_CURVE ( 'NONE', #6976, #13344, #7177, .T. ) ;
#81 = CARTESIAN_POINT ( 'NONE',  ( -16.88538592937518956, 3.000000000000000000, 42.90409377008070635 ) ) ;
#82 = ORIENTED_EDGE ( 'NONE', *, *, #8789, .T. ) ;
#83 = EDGE_CURVE ( 'NONE', #1900, #5528, #7247, .T. ) ;
#84 = CIRCLE ( 'NONE', #7236, 1.700000000000000178 ) ;
#85 = LINE ( 'NONE', #3153, #4402 ) ;
#86 = VERTEX_POINT ( 'NONE', #2967 ) ;
#87 = VERTEX_POINT ( 'NONE', #1926 ) ;
#88 = CARTESIAN_POINT ( 'NONE',  ( -0.1874818688705127967, 5.000000000000000000, 0.2788188856503864277 ) ) ;
#89 = VECTOR ( 'NONE', #6447, 1000.000000000000000 ) ;
#90 = CARTESIAN_POINT ( 'NONE',  ( 8.765878097828945670, 5.000000000000000000, 12.96032827394036779 ) ) ;
#91 = DIRECTION ( 'NONE',  ( 0.7498377928052617492, 0.000000000000000000, -0.6616217079879811447 ) ) ;
#92 = VECTOR ( 'NONE', #5174, 1000.000000000000114 ) ;
#93 = ORIENTED_EDGE ( 'NONE', *, *, #13316, .T. ) ;
#94 = CARTESIAN_POINT ( 'NONE',  ( -0.4213608213604713160, 3.000000000000000000, 0.9688862080831209811 ) ) ;
#95 = ORIENTED_EDGE ( 'NONE', *, *, #12445, .F. ) ;
#96 = LINE ( 'NONE', #4366, #10592 ) ;
#97 = VECTOR ( 'NONE', #292, 1000.000000000000114 ) ;
#98 = VERTEX_POINT ( 'NONE', #8239 ) ;
#99 = CARTESIAN_POINT ( 'NONE',  ( 51.65894736080837646, 3.000000000000000000, 22.87364298401479346 ) ) ;
#100 = EDGE_CURVE ( 'NONE', #2537, #11639, #5208, .T. ) ;
#101 = ORIENTED_EDGE ( 'NONE', *, *, #8089, .F. ) ;
#102 = CARTESIAN_POINT ( 'NONE',  ( -76.50000000000001421, 0.000000000000000000, -5.000000000000004441 ) ) ;
#103 = EDGE_CURVE ( 'NONE', #3883, #3758, #11453, .T. ) ;
#104 = ORIENTED_EDGE ( 'NONE', *, *, #10038, .F. ) ;
#105 = VECTOR ( 'NONE', #8311, 999.9999999999998863 ) ;
#106 = DIRECTION ( 'NONE',  ( -0.000000000000000000, -1.000000000000000000, -0.000000000000000000 ) ) ;
#107 = ORIENTED_EDGE ( 'NONE', *, *, #9404, .T. ) ;
#108 = VECTOR ( 'NONE', #4127, 1000.000000000000114 ) ;
#109 = LINE ( 'NONE', #13753, #3148 ) ;
#110 = LINE ( 'NONE', #11664, #13147 ) ;
#111 = DIRECTION ( 'NONE',  ( -0.1587285709353788987, 0.000000000000000000, -0.9873222578108994396 ) ) ;
#112 = PLANE ( 'NONE',  #135 ) ;
#113 = VECTOR ( 'NONE', #10552, 1000.000000000000114 ) ;
#114 = ORIENTED_EDGE ( 'NONE', *, *, #12368, .F. ) ;
#115 = AXIS2_PLACEMENT_3D ( 'NONE', #6364, #7571, #12672 ) ;
#116 = EDGE_CURVE ( 'NONE', #11148, #7422, #11658, .T. ) ;
#117 = DIRECTION ( 'NONE',  ( 0.9947643450217273919, 0.000000000000000000, -0.1021953906665737238 ) ) ;
#118 = ORIENTED_EDGE ( 'NONE', *, *, #11701, .F. ) ;
#119 = ORIENTED_EDGE ( 'NONE', *, *, #1168, .T. ) ;
#120 = ORIENTED_EDGE ( 'NONE', *, *, #1410, .F. ) ;
#121 = CARTESIAN_POINT ( 'NONE',  ( -40.77382891119165009, 3.000000000000000000, 29.08459220801479361 ) ) ;
#122 = DIRECTION ( 'NONE',  ( -0.000000000000000000, -1.000000000000000000, -0.000000000000000000 ) ) ;
#123 = VECTOR ( 'NONE', #618, 1000.000000000000000 ) ;
#124 = FACE_OUTER_BOUND ( 'NONE', #4475, .T. ) ;
#125 = VECTOR ( 'NONE', #388, 1000.000000000000000 ) ;
#126 = VECTOR ( 'NONE', #705, 1000.000000000000000 ) ;
#127 = DIRECTION ( 'NONE',  ( -0.000000000000000000, -1.000000000000000000, -0.000000000000000000 ) ) ;
#128 = CARTESIAN_POINT ( 'NONE',  ( -3.638808439191620892, 5.000000000000000000, 0.000000000000000000 ) ) ;
#129 = ADVANCED_FACE ( 'NONE', ( #5281 ), #13821, .T. ) ;
#130 = DIRECTION ( 'NONE',  ( 0.9252449272632036203, 0.000000000000000000, 0.3793703000680322401 ) ) ;
#131 = DIRECTION ( 'NONE',  ( -0.000000000000000000, -1.000000000000000000, -0.000000000000000000 ) ) ;
#132 = CARTESIAN_POINT ( 'NONE',  ( -11.13019367649628677, 5.000000000000000000, -19.85094799644561903 ) ) ;
#133 = CARTESIAN_POINT ( 'NONE',  ( -15.19599843119161164, 3.000000000000000000, 23.23271872001479466 ) ) ;
#134 = ORIENTED_EDGE ( 'NONE', *, *, #472, .F. ) ;
#135 = AXIS2_PLACEMENT_3D ( 'NONE', #4381, #8665, #11666 ) ;
#136 = EDGE_CURVE ( 'NONE', #6755, #1692, #8920, .T. ) ;
#137 = DIRECTION ( 'NONE',  ( -0.000000000000000000, -1.000000000000000000, -0.000000000000000000 ) ) ;
#138 = EDGE_CURVE ( 'NONE', #4748, #8030, #5542, .T. ) ;
#139 = ORIENTED_EDGE ( 'NONE', *, *, #495, .T. ) ;
#140 = ORIENTED_EDGE ( 'NONE', *, *, #2344, .F. ) ;
#141 = AXIS2_PLACEMENT_3D ( 'NONE', #4563, #12067, #1412 ) ;
#142 = CARTESIAN_POINT ( 'NONE',  ( -82.00000000000001421, 3.000000000000000000, 52.99999999999999289 ) ) ;
#143 = ORIENTED_EDGE ( 'NONE', *, *, #4823, .T. ) ;
#144 = AXIS2_PLACEMENT_3D ( 'NONE', #5668, #8760, #4553 ) ;
#145 = CARTESIAN_POINT ( 'NONE',  ( -82.00000000000001421, 0.000000000000000000, 50.99999999999999289 ) ) ;
#146 = DIRECTION ( 'NONE',  ( 0.4327284778639395868, 0.000000000000000000, 0.9015243005296961210 ) ) ;
#147 = ORIENTED_EDGE ( 'NONE', *, *, #2033, .T. ) ;
#148 = FACE_OUTER_BOUND ( 'NONE', #5652, .T. ) ;
#149 = ORIENTED_EDGE ( 'NONE', *, *, #1241, .F. ) ;
#150 = EDGE_CURVE ( 'NONE', #11118, #8824, #4702, .T. ) ;
#151 = AXIS2_PLACEMENT_3D ( 'NONE', #142, #5588, #4410 ) ;
#152 = AXIS2_PLACEMENT_3D ( 'NONE', #34, #7750, #10959 ) ;
#153 = LINE ( 'NONE', #11068, #177 ) ;
#154 = CARTESIAN_POINT ( 'NONE',  ( -4.589937621240017781E-13, 5.000000000000000000, -43.00033533308694444 ) ) ;
#155 = FACE_OUTER_BOUND ( 'NONE', #8401, .T. ) ;
#156 = EDGE_LOOP ( 'NONE', ( #7176, #13253, #11881, #10846 ) ) ;
#157 = LINE ( 'NONE', #13799, #89 ) ;
#158 = EDGE_LOOP ( 'NONE', ( #8880, #13124, #2357, #5169 ) ) ;
#159 = LINE ( 'NONE', #6733, #12655 ) ;
#160 = PLANE ( 'NONE',  #1663 ) ;
#161 = AXIS2_PLACEMENT_3D ( 'NONE', #4354, #7231, #7441 ) ;
#162 = ORIENTED_EDGE ( 'NONE', *, *, #8514, .T. ) ;
#163 = AXIS2_PLACEMENT_3D ( 'NONE', #489, #9030, #5022 ) ;
#164 = VECTOR ( 'NONE', #2936, 1000.000000000000114 ) ;
#165 = VERTEX_POINT ( 'NONE', #3581 ) ;
#166 = CARTESIAN_POINT ( 'NONE',  ( 6.712389115646180571, 3.000000000000000000, 22.60261280503285874 ) ) ;
#167 = EDGE_CURVE ( 'NONE', #7422, #12760, #13240, .T. ) ;
#168 = DIRECTION ( 'NONE',  ( 0.000000000000000000, -0.000000000000000000, 1.000000000000000000 ) ) ;
#169 = EDGE_CURVE ( 'NONE', #714, #7248, #506, .T. ) ;
#170 = CARTESIAN_POINT ( 'NONE',  ( 1.850815444694170475, 5.000000000000000000, 23.16815278577557180 ) ) ;
#171 = CARTESIAN_POINT ( 'NONE',  ( -76.50000000000001421, 0.000000000000000000, -5.000000000000004441 ) ) ;
#172 = ORIENTED_EDGE ( 'NONE', *, *, #9544, .T. ) ;
#173 = CARTESIAN_POINT ( 'NONE',  ( -26.71116666319161936, 5.000000000000000000, 30.91361572801480051 ) ) ;
#174 = EDGE_LOOP ( 'NONE', ( #8351, #10256, #5501, #7214 ) ) ;
#175 = AXIS2_PLACEMENT_3D ( 'NONE', #10119, #726, #13529 ) ;
#176 = CARTESIAN_POINT ( 'NONE',  ( 31.98947996880836797, 5.000000000000000000, 21.91507543201479891 ) ) ;
#177 = VECTOR ( 'NONE', #1473, 1000.000000000000114 ) ;
#178 = VERTEX_POINT ( 'NONE', #1345 ) ;
#179 = LINE ( 'NONE', #1297, #11989 ) ;
#180 = VERTEX_POINT ( 'NONE', #12965 ) ;
#181 = DIRECTION ( 'NONE',  ( -0.000000000000000000, -1.000000000000000000, -0.000000000000000000 ) ) ;
#182 = VERTEX_POINT ( 'NONE', #13035 ) ;
#183 = DIRECTION ( 'NONE',  ( -0.5603453801135055423, 0.000000000000000000, 0.8282590506510936201 ) ) ;
#184 = VERTEX_POINT ( 'NONE', #4769 ) ;
#185 = AXIS2_PLACEMENT_3D ( 'NONE', #5142, #8112, #7050 ) ;
#186 = DIRECTION ( 'NONE',  ( 0.8822466111022760904, 0.000000000000000000, -0.4707875499612846903 ) ) ;
#187 = ADVANCED_FACE ( 'NONE', ( #11154 ), #2603, .T. ) ;
#188 = DIRECTION ( 'NONE',  ( 0.000000000000000000, 0.000000000000000000, -1.000000000000000000 ) ) ;
#189 = DIRECTION ( 'NONE',  ( 0.4512527679768259525, -0.000000000000000000, 0.8923961784954330678 ) ) ;
#190 = EDGE_CURVE ( 'NONE', #7632, #6192, #301, .T. ) ;
#191 = LINE ( 'NONE', #10545, #10194 ) ;
#192 = CARTESIAN_POINT ( 'NONE',  ( 32.55251449301193389, 5.000000000000000000, 12.89839387925311698 ) ) ;
#193 = ORIENTED_EDGE ( 'NONE', *, *, #3079, .T. ) ;
#194 = VERTEX_POINT ( 'NONE', #10034 ) ;
#195 = ORIENTED_EDGE ( 'NONE', *, *, #12336, .F. ) ;
#196 = DIRECTION ( 'NONE',  ( -0.9820357469730577327, 0.000000000000000000, -0.1886949699039924544 ) ) ;
#197 = CARTESIAN_POINT ( 'NONE',  ( -4.193459777031235625, 5.000000000000000000, 7.422950048193965422 ) ) ;
#198 = FACE_OUTER_BOUND ( 'NONE', #6029, .T. ) ;
#199 = ADVANCED_FACE ( 'NONE', ( #7728 ), #9962, .T. ) ;
#200 = CARTESIAN_POINT ( 'NONE',  ( -40.05817578319159367, 3.000000000000000000, 24.99781755201479427 ) ) ;
#201 = ADVANCED_FACE ( 'NONE', ( #7651 ), #12129, .T. ) ;
#202 = CARTESIAN_POINT ( 'NONE',  ( 7.666216448808373940, 3.000000000000000000, 0.000000000000000000 ) ) ;
#203 = CARTESIAN_POINT ( 'NONE',  ( -82.00000000000001421, 3.000000000000000000, 50.99999999999999289 ) ) ;
#204 = LINE ( 'NONE', #8605, #13658 ) ;
#205 = CARTESIAN_POINT ( 'NONE',  ( -49.59069418319162992, 3.000000000000000000, 31.18307721601480509 ) ) ;
#206 = DIRECTION ( 'NONE',  ( -0.3965497603255000447, 0.000000000000000000, 0.9180132284372531926 ) ) ;
#207 = ORIENTED_EDGE ( 'NONE', *, *, #10995, .F. ) ;
#208 = DIRECTION ( 'NONE',  ( 0.000000000000000000, 0.000000000000000000, -1.000000000000000000 ) ) ;
#209 = ORIENTED_EDGE ( 'NONE', *, *, #3012, .F. ) ;
#210 = DIRECTION ( 'NONE',  ( -1.000000000000000000, 0.000000000000000000, -0.000000000000000000 ) ) ;
#211 = ORIENTED_EDGE ( 'NONE', *, *, #877, .T. ) ;
#212 = CARTESIAN_POINT ( 'NONE',  ( 10.65586373503357542, 3.000000000000000000, 2.026908629795205474 ) ) ;
#213 = CARTESIAN_POINT ( 'NONE',  ( 17.44991907322574676, 5.000000000000000000, -8.375899479325431329 ) ) ;
#214 = EDGE_CURVE ( 'NONE', #3723, #3827, #11921, .T. ) ;
#215 = ORIENTED_EDGE ( 'NONE', *, *, #2613, .T. ) ;
#216 = DIRECTION ( 'NONE',  ( -0.9820357469730580657, 0.000000000000000000, -0.1886949699039905670 ) ) ;
#217 = ORIENTED_EDGE ( 'NONE', *, *, #4107, .T. ) ;
#218 = AXIS2_PLACEMENT_3D ( 'NONE', #12036, #13075, #2359 ) ;
#219 = EDGE_CURVE ( 'NONE', #9428, #2940, #13182, .T. ) ;
#220 = EDGE_CURVE ( 'NONE', #3360, #9351, #2318, .T. ) ;
#221 = CARTESIAN_POINT ( 'NONE',  ( -7.680177885982168995, 5.000000000000000000, 39.77779341326842655 ) ) ;
#222 = DIRECTION ( 'NONE',  ( 0.1576484718668804408, -0.000000000000000000, 0.9874952958460295749 ) ) ;
#223 = CARTESIAN_POINT ( 'NONE',  ( -2.640075359191627058, 5.000000000000000000, 16.57775514401479100 ) ) ;
#224 = ORIENTED_EDGE ( 'NONE', *, *, #2210, .T. ) ;
#225 = DIRECTION ( 'NONE',  ( -0.000000000000000000, -1.000000000000000000, -0.000000000000000000 ) ) ;
#226 = ORIENTED_EDGE ( 'NONE', *, *, #9995, .F. ) ;
#227 = FACE_OUTER_BOUND ( 'NONE', #13382, .T. ) ;
#228 = VERTEX_POINT ( 'NONE', #3513 ) ;
#229 = VECTOR ( 'NONE', #7987, 1000.000000000000114 ) ;
#230 = CARTESIAN_POINT ( 'NONE',  ( 15.61211120721260670, 5.000000000000000000, -3.379356657001329811 ) ) ;
#231 = DIRECTION ( 'NONE',  ( 0.000000000000000000, 0.000000000000000000, -1.000000000000000000 ) ) ;
#232 = ADVANCED_FACE ( 'NONE', ( #8772 ), #4640, .T. ) ;
#233 = VERTEX_POINT ( 'NONE', #5679 ) ;
#234 = ORIENTED_EDGE ( 'NONE', *, *, #8421, .T. ) ;
#235 = EDGE_CURVE ( 'NONE', #6664, #5554, #10176, .T. ) ;
#236 = PLANE ( 'NONE',  #833 ) ;
#237 = CARTESIAN_POINT ( 'NONE',  ( -45.23728048719162587, 5.000000000000000000, 31.12621880801480501 ) ) ;
#238 = CARTESIAN_POINT ( 'NONE',  ( 23.10255744158626001, 3.000000000000000000, 24.70699328575151199 ) ) ;
#239 = CARTESIAN_POINT ( 'NONE',  ( -76.50000000000001421, 0.000000000000000000, 46.99999999999999289 ) ) ;
#240 = ORIENTED_EDGE ( 'NONE', *, *, #2715, .F. ) ;
#241 = CARTESIAN_POINT ( 'NONE',  ( 0.000000000000000000, 5.000000000000000000, 13.67547900801479521 ) ) ;
#242 = ORIENTED_EDGE ( 'NONE', *, *, #9603, .F. ) ;
#243 = DIRECTION ( 'NONE',  ( -0.8725542995139026203, 0.000000000000000000, 0.4885171382866753675 ) ) ;
#244 = ORIENTED_EDGE ( 'NONE', *, *, #2437, .F. ) ;
#245 = LINE ( 'NONE', #2480, #10646 ) ;
#246 = ORIENTED_EDGE ( 'NONE', *, *, #7210, .T. ) ;
#247 = CARTESIAN_POINT ( 'NONE',  ( -5.851360783191629444, 5.000000000000000000, 12.63718593601479689 ) ) ;
#248 = ADVANCED_FACE ( 'NONE', ( #9824 ), #4493, .T. ) ;
#249 = ORIENTED_EDGE ( 'NONE', *, *, #1876, .F. ) ;
#250 = EDGE_CURVE ( 'NONE', #2505, #2264, #6944, .T. ) ;
#251 = DIRECTION ( 'NONE',  ( 0.000000000000000000, 0.000000000000000000, 1.000000000000000000 ) ) ;
#252 = ORIENTED_EDGE ( 'NONE', *, *, #8609, .F. ) ;
#253 = CARTESIAN_POINT ( 'NONE',  ( 16.62528479379694701, 5.000000000000000000, -2.302247558714849429 ) ) ;
#254 = CARTESIAN_POINT ( 'NONE',  ( 18.83656952080836078, 3.000000000000000000, 21.84736919201479211 ) ) ;
#255 = LINE ( 'NONE', #7464, #1611 ) ;
#256 = DIRECTION ( 'NONE',  ( -0.000000000000000000, -1.000000000000000000, -0.000000000000000000 ) ) ;
#257 = VERTEX_POINT ( 'NONE', #8007 ) ;
#258 = VECTOR ( 'NONE', #10502, 1000.000000000000227 ) ;
#259 = CARTESIAN_POINT ( 'NONE',  ( -40.05817578319162919, 5.000000000000000000, 15.35652416001479637 ) ) ;
#260 = VERTEX_POINT ( 'NONE', #9046 ) ;
#261 = ORIENTED_EDGE ( 'NONE', *, *, #8833, .F. ) ;
#262 = VERTEX_POINT ( 'NONE', #12272 ) ;
#263 = EDGE_CURVE ( 'NONE', #3150, #2885, #11216, .T. ) ;
#264 = DIRECTION ( 'NONE',  ( -0.000000000000000000, -1.000000000000000000, -0.000000000000000000 ) ) ;
#265 = CARTESIAN_POINT ( 'NONE',  ( 47.48229124880837304, 5.000000000000000000, 21.75191497601479540 ) ) ;
#266 = CARTESIAN_POINT ( 'NONE',  ( -77.00000000000001421, 0.000000000000000000, 29.04999999999999716 ) ) ;
#267 = CIRCLE ( 'NONE', #11667, 2.000000000000001776 ) ;
#269 = DIRECTION ( 'NONE',  ( -1.000000000000000000, 0.000000000000000000, 0.000000000000000000 ) ) ;
#268 = AXIS2_PLACEMENT_3D ( 'NONE', #518, #1424, #2407 ) ;
#270 = LINE ( 'NONE', #8813, #8984 ) ;
#271 = DIRECTION ( 'NONE',  ( 0.5104856904703871656, -0.000000000000000000, 0.8598862481892427523 ) ) ;
#272 = DIRECTION ( 'NONE',  ( -0.09225201146487579940, 0.000000000000000000, 0.9957356910248243986 ) ) ;
#273 = FACE_OUTER_BOUND ( 'NONE', #1256, .T. ) ;
#274 = VERTEX_POINT ( 'NONE', #9319 ) ;
#275 = CARTESIAN_POINT ( 'NONE',  ( 26.58293756880838998, 3.000000000000000000, 12.62729720801480227 ) ) ;
#276 = EDGE_LOOP ( 'NONE', ( #8028, #12412, #3352, #8687 ) ) ;
#277 = VERTEX_POINT ( 'NONE', #9245 ) ;
#278 = FACE_OUTER_BOUND ( 'NONE', #3641, .T. ) ;
#279 = ORIENTED_EDGE ( 'NONE', *, *, #9488, .F. ) ;
#280 = EDGE_CURVE ( 'NONE', #11883, #2280, #1888, .T. ) ;
#281 = AXIS2_PLACEMENT_3D ( 'NONE', #9089, #8045, #9156 ) ;
#282 = CARTESIAN_POINT ( 'NONE',  ( 7.274672369924116033, 3.000000000000000000, 9.213959372768281142 ) ) ;
#283 = AXIS2_PLACEMENT_3D ( 'NONE', #1497, #3450, #7740 ) ;
#284 = FACE_OUTER_BOUND ( 'NONE', #2332, .T. ) ;
#285 = EDGE_CURVE ( 'NONE', #1266, #12500, #4837, .T. ) ;
#286 = ORIENTED_EDGE ( 'NONE', *, *, #562, .F. ) ;
#287 = CARTESIAN_POINT ( 'NONE',  ( -11.51497048719163097, 5.000000000000000000, 13.53372567201479093 ) ) ;
#288 = ORIENTED_EDGE ( 'NONE', *, *, #4646, .T. ) ;
#289 = CIRCLE ( 'NONE', #2065, 1.699999999999999289 ) ;
#290 = DIRECTION ( 'NONE',  ( -0.000000000000000000, -1.000000000000000000, -0.000000000000000000 ) ) ;
#291 = DIRECTION ( 'NONE',  ( 0.9956331021264480663, 0.000000000000000000, -0.09335269653344581420 ) ) ;
#292 = DIRECTION ( 'NONE',  ( -0.5584504237620580014, 0.000000000000000000, -0.8295378979889813653 ) ) ;
#293 = CARTESIAN_POINT ( 'NONE',  ( 23.72266842138339982, 3.000000000000000000, 3.285082370550677311 ) ) ;
#294 = VERTEX_POINT ( 'NONE', #6158 ) ;
#295 = DIRECTION ( 'NONE',  ( -0.5590273022158679384, 0.000000000000000000, 0.8291492479507224234 ) ) ;
#296 = ORIENTED_EDGE ( 'NONE', *, *, #8157, .T. ) ;
#297 = ORIENTED_EDGE ( 'NONE', *, *, #7343, .T. ) ;
#298 = CARTESIAN_POINT ( 'NONE',  ( -7.169005087191634651, 3.000000000000000000, 32.03596146401479672 ) ) ;
#299 = ORIENTED_EDGE ( 'NONE', *, *, #6142, .F. ) ;
#300 = ADVANCED_FACE ( 'NONE', ( #10364 ), #2871, .T. ) ;
#301 = LINE ( 'NONE', #3438, #3462 ) ;
#302 = DIRECTION ( 'NONE',  ( -0.000000000000000000, -1.000000000000000000, -0.000000000000000000 ) ) ;
#303 = ORIENTED_EDGE ( 'NONE', *, *, #2847, .F. ) ;
#304 = VECTOR ( 'NONE', #2661, 1000.000000000000114 ) ;
#305 = ORIENTED_EDGE ( 'NONE', *, *, #702, .T. ) ;
#306 = CARTESIAN_POINT ( 'NONE',  ( -82.00000000000001421, 3.000000000000000000, -51.00000000000000711 ) ) ;
#307 = CYLINDRICAL_SURFACE ( 'NONE', #1817, 0.8890000000004241176 ) ;
#308 = CARTESIAN_POINT ( 'NONE',  ( 83.99999999999998579, 3.000000000000000000, -51.00000000000000711 ) ) ;
#309 = DIRECTION ( 'NONE',  ( 0.000000000000000000, 0.000000000000000000, 1.000000000000000000 ) ) ;
#310 = ADVANCED_FACE ( 'NONE', ( #7147 ), #10439, .T. ) ;
#311 = LINE ( 'NONE', #9973, #2513 ) ;
#312 = ORIENTED_EDGE ( 'NONE', *, *, #11567, .F. ) ;
#313 = VECTOR ( 'NONE', #4471, 1000.000000000000000 ) ;
#314 = DIRECTION ( 'NONE',  ( 1.000000000000000000, -0.000000000000000000, 0.000000000000000000 ) ) ;
#315 = VERTEX_POINT ( 'NONE', #1818 ) ;
#316 = LINE ( 'NONE', #6608, #3022 ) ;
#317 = ADVANCED_FACE ( 'NONE', ( #1689 ), #7080, .T. ) ;
#318 = ORIENTED_EDGE ( 'NONE', *, *, #7483, .T. ) ;
#319 = EDGE_CURVE ( 'NONE', #12148, #5786, #13575, .T. ) ;
#320 = CARTESIAN_POINT ( 'NONE',  ( -1.092279314348618469, 3.000000000000000000, -2.610586530578613562 ) ) ;
#321 = ORIENTED_EDGE ( 'NONE', *, *, #6904, .F. ) ;
#322 = PLANE ( 'NONE',  #8200 ) ;
#323 = ORIENTED_EDGE ( 'NONE', *, *, #6339, .T. ) ;
#324 = VECTOR ( 'NONE', #1683, 1000.000000000000000 ) ;
#325 = LINE ( 'NONE', #3388, #11438 ) ;
#326 = PLANE ( 'NONE',  #2190 ) ;
#327 = PLANE ( 'NONE',  #7891 ) ;
#328 = EDGE_CURVE ( 'NONE', #2165, #8475, #5951, .T. ) ;
#329 = FACE_OUTER_BOUND ( 'NONE', #5499, .T. ) ;
#330 = AXIS2_PLACEMENT_3D ( 'NONE', #12311, #2709, #1735 ) ;
#331 = DIRECTION ( 'NONE',  ( -0.000000000000000000, -1.000000000000000000, -0.000000000000000000 ) ) ;
#332 = ORIENTED_EDGE ( 'NONE', *, *, #12477, .T. ) ;
#333 = EDGE_LOOP ( 'NONE', ( #9160, #2640, #6446, #12575 ) ) ;
#334 = AXIS2_PLACEMENT_3D ( 'NONE', #11995, #10940, #4566 ) ;
#335 = ORIENTED_EDGE ( 'NONE', *, *, #8026, .T. ) ;
#336 = DIRECTION ( 'NONE',  ( 0.000000000000000000, 0.000000000000000000, -1.000000000000000000 ) ) ;
#337 = CARTESIAN_POINT ( 'NONE',  ( -1.806073111061042846, 3.000000000000000000, 22.42419137657041617 ) ) ;
#338 = CARTESIAN_POINT ( 'NONE',  ( 41.11219476880837931, 5.000000000000000000, 21.30416072801479643 ) ) ;
#339 = VECTOR ( 'NONE', #4599, 1000.000000000000114 ) ;
#340 = CARTESIAN_POINT ( 'NONE',  ( 12.66486532880836968, 5.000000000000000000, 21.54920164001479677 ) ) ;
#341 = CARTESIAN_POINT ( 'NONE',  ( 4.769015857599291586, 5.000000000000000000, 12.19788626487684624 ) ) ;
#342 = FACE_OUTER_BOUND ( 'NONE', #7730, .T. ) ;
#343 = EDGE_CURVE ( 'NONE', #8447, #5672, #4966, .T. ) ;
#344 = CARTESIAN_POINT ( 'NONE',  ( 51.79120820880836362, 3.000000000000000000, 24.32787121601479896 ) ) ;
#345 = ORIENTED_EDGE ( 'NONE', *, *, #10341, .F. ) ;
#346 = DIRECTION ( 'NONE',  ( 0.08964403378868064654, 0.000000000000000000, -0.9959738687365717880 ) ) ;
#347 = ORIENTED_EDGE ( 'NONE', *, *, #5364, .F. ) ;
#348 = ORIENTED_EDGE ( 'NONE', *, *, #12318, .F. ) ;
#349 = CARTESIAN_POINT ( 'NONE',  ( -15.56187933519163202, 3.000000000000000000, 29.01996851201478833 ) ) ;
#350 = ORIENTED_EDGE ( 'NONE', *, *, #983, .F. ) ;
#351 = VECTOR ( 'NONE', #1592, 1000.000000000000000 ) ;
#352 = LINE ( 'NONE', #12950, #8176 ) ;
#353 = CARTESIAN_POINT ( 'NONE',  ( -28.90641449519162975, 3.000000000000000000, -0.000000000000000000 ) ) ;
#354 = VECTOR ( 'NONE', #9941, 1000.000000000000000 ) ;
#355 = ORIENTED_EDGE ( 'NONE', *, *, #5226, .F. ) ;
#356 = DIRECTION ( 'NONE',  ( 0.1886949699039905670, 0.000000000000000000, -0.9820357469730580657 ) ) ;
#357 = ORIENTED_EDGE ( 'NONE', *, *, #1272, .T. ) ;
#358 = DIRECTION ( 'NONE',  ( -0.000000000000000000, -1.000000000000000000, -0.000000000000000000 ) ) ;
#359 = EDGE_CURVE ( 'NONE', #4246, #1929, #575, .T. ) ;
#360 = VECTOR ( 'NONE', #9636, 1000.000000000000000 ) ;
#361 = DIRECTION ( 'NONE',  ( -0.08179622868350661102, 0.000000000000000000, -0.9966490741344997684 ) ) ;
#362 = CARTESIAN_POINT ( 'NONE',  ( -7.169005087191632875, 5.000000000000000000, 29.03480008001480073 ) ) ;
#363 = DIRECTION ( 'NONE',  ( 0.9177268442936070691, 0.000000000000000000, -0.3972120834804721001 ) ) ;
#364 = VECTOR ( 'NONE', #264, 1000.000000000000000 ) ;
#365 = EDGE_CURVE ( 'NONE', #180, #4529, #3991, .T. ) ;
#366 = LINE ( 'NONE', #1340, #11458 ) ;
#367 = VERTEX_POINT ( 'NONE', #7211 ) ;
#368 = DIRECTION ( 'NONE',  ( 0.9985679609952021751, 0.000000000000000000, -0.05349791840702060319 ) ) ;
#369 = ORIENTED_EDGE ( 'NONE', *, *, #6851, .T. ) ;
#370 = LINE ( 'NONE', #81, #12875 ) ;
#371 = ORIENTED_EDGE ( 'NONE', *, *, #11544, .T. ) ;
#372 = CARTESIAN_POINT ( 'NONE',  ( 11.13019366910973140, 5.000000000000000000, -20.73994799611524442 ) ) ;
#373 = LINE ( 'NONE', #11010, #4793 ) ;
#374 = VERTEX_POINT ( 'NONE', #3721 ) ;
#375 = ORIENTED_EDGE ( 'NONE', *, *, #6196, .F. ) ;
#376 = AXIS2_PLACEMENT_3D ( 'NONE', #2394, #9887, #10938 ) ;
#377 = AXIS2_PLACEMENT_3D ( 'NONE', #6056, #949, #13751 ) ;
#378 = CARTESIAN_POINT ( 'NONE',  ( -2.271845065139749487, 3.000000000000000000, -44.13625786616599811 ) ) ;
#379 = CARTESIAN_POINT ( 'NONE',  ( -7.819220144426005881, 5.000000000000000000, -2.262417897434033875 ) ) ;
#380 = EDGE_CURVE ( 'NONE', #3827, #3432, #2732, .T. ) ;
#381 = DIRECTION ( 'NONE',  ( 0.9807865883708349886, 0.000000000000000000, 0.1950837463037299602 ) ) ;
#382 = DIRECTION ( 'NONE',  ( 0.000000000000000000, 1.000000000000000000, 0.000000000000000000 ) ) ;
#383 = DIRECTION ( 'NONE',  ( 0.3565883230318261377, 0.000000000000000000, -0.9342616163994696965 ) ) ;
#384 = EDGE_LOOP ( 'NONE', ( #7286, #10682, #1101, #12419 ) ) ;
#385 = FACE_OUTER_BOUND ( 'NONE', #2244, .T. ) ;
#386 = VECTOR ( 'NONE', #13220, 1000.000000000000000 ) ;
#387 = VERTEX_POINT ( 'NONE', #10164 ) ;
#388 = DIRECTION ( 'NONE',  ( 0.9740126920357834450, 0.000000000000000000, 0.2264934342386245580 ) ) ;
#389 = ORIENTED_EDGE ( 'NONE', *, *, #2103, .F. ) ;
#390 = VECTOR ( 'NONE', #3977, 1000.000000000000227 ) ;
#391 = CARTESIAN_POINT ( 'NONE',  ( -10.22300863119163239, 5.000000000000000000, 24.81117327201480194 ) ) ;
#392 = ORIENTED_EDGE ( 'NONE', *, *, #1225, .T. ) ;
#393 = CARTESIAN_POINT ( 'NONE',  ( 1.873892360731920004, 3.000000000000000000, 22.30510746497701646 ) ) ;
#394 = ORIENTED_EDGE ( 'NONE', *, *, #11714, .F. ) ;
#395 = EDGE_CURVE ( 'NONE', #87, #13306, #9116, .T. ) ;
#396 = LINE ( 'NONE', #5705, #7871 ) ;
#397 = EDGE_CURVE ( 'NONE', #12647, #4355, #4903, .T. ) ;
#398 = AXIS2_PLACEMENT_3D ( 'NONE', #9052, #9440, #11158 ) ;
#399 = EDGE_CURVE ( 'NONE', #10757, #9118, #8136, .T. ) ;
#400 = CARTESIAN_POINT ( 'NONE',  ( 4.502204598913156275, 3.000000000000000000, -23.43107428125285097 ) ) ;
#401 = VECTOR ( 'NONE', #3945, 1000.000000000000000 ) ;
#402 = FACE_OUTER_BOUND ( 'NONE', #5727, .T. ) ;
#403 = DIRECTION ( 'NONE',  ( -0.000000000000000000, -1.000000000000000000, -0.000000000000000000 ) ) ;
#404 = LINE ( 'NONE', #9850, #7494 ) ;
#405 = ORIENTED_EDGE ( 'NONE', *, *, #7734, .T. ) ;
#406 = EDGE_LOOP ( 'NONE', ( #11367, #7298, #10890, #1652 ) ) ;
#407 = VERTEX_POINT ( 'NONE', #4051 ) ;
#408 = VECTOR ( 'NONE', #10821, 1000.000000000000000 ) ;
#409 = LINE ( 'NONE', #4877, #9154 ) ;
#410 = EDGE_CURVE ( 'NONE', #1798, #13633, #13707, .T. ) ;
#411 = ADVANCED_FACE ( 'NONE', ( #3073 ), #3282, .T. ) ;
#412 = CARTESIAN_POINT ( 'NONE',  ( -8.385291199191621914, 5.000000000000000000, 20.23155835201479746 ) ) ;
#413 = DIRECTION ( 'NONE',  ( 1.000000000000000000, -0.000000000000000000, 0.000000000000000000 ) ) ;
#414 = DIRECTION ( 'NONE',  ( 1.000000000000000000, 0.000000000000000000, 0.000000000000000000 ) ) ;
#415 = AXIS2_PLACEMENT_3D ( 'NONE', #10963, #9990, #1368 ) ;
#416 = ORIENTED_EDGE ( 'NONE', *, *, #5325, .F. ) ;
#417 = LINE ( 'NONE', #12104, #2564 ) ;
#418 = ORIENTED_EDGE ( 'NONE', *, *, #8046, .F. ) ;
#419 = FACE_OUTER_BOUND ( 'NONE', #13409, .T. ) ;
#420 = EDGE_LOOP ( 'NONE', ( #9500, #1509, #13498, #2339 ) ) ;
#421 = CARTESIAN_POINT ( 'NONE',  ( -27.64848051119162875, 5.000000000000000000, -7.703815799985202162 ) ) ;
#422 = FACE_OUTER_BOUND ( 'NONE', #10607, .T. ) ;
#423 = EDGE_CURVE ( 'NONE', #184, #12080, #11766, .T. ) ;
#424 = ORIENTED_EDGE ( 'NONE', *, *, #3042, .F. ) ;
#425 = ADVANCED_FACE ( 'NONE', ( #1119 ), #5315, .F. ) ;
#426 = DIRECTION ( 'NONE',  ( 0.7848623030600215822, 0.000000000000000000, -0.6196702068320848467 ) ) ;
#427 = VECTOR ( 'NONE', #7134, 1000.000000000000227 ) ;
#428 = LINE ( 'NONE', #4756, #6140 ) ;
#429 = CARTESIAN_POINT ( 'NONE',  ( -27.60235916277929746, 5.000000000000000000, -8.642528857091852146 ) ) ;
#430 = CARTESIAN_POINT ( 'NONE',  ( 28.24914708880838887, 3.000000000000000000, 20.29336061601479102 ) ) ;
#431 = FACE_OUTER_BOUND ( 'NONE', #2993, .T. ) ;
#432 = VERTEX_POINT ( 'NONE', #12595 ) ;
#433 = FACE_OUTER_BOUND ( 'NONE', #6603, .T. ) ;
#434 = ORIENTED_EDGE ( 'NONE', *, *, #9695, .F. ) ;
#435 = FACE_OUTER_BOUND ( 'NONE', #11323, .T. ) ;
#436 = VERTEX_POINT ( 'NONE', #10507 ) ;
#437 = DIRECTION ( 'NONE',  ( -0.000000000000000000, -1.000000000000000000, -0.000000000000000000 ) ) ;
#438 = CARTESIAN_POINT ( 'NONE',  ( -4.421423844544701609, 5.000000000000000000, 10.67441540413738466 ) ) ;
#439 = DIRECTION ( 'NONE',  ( 0.000000000000000000, 1.000000000000000000, 0.000000000000000000 ) ) ;
#440 = AXIS2_PLACEMENT_3D ( 'NONE', #3819, #3686, #1452 ) ;
#441 = ORIENTED_EDGE ( 'NONE', *, *, #7899, .T. ) ;
#442 = ADVANCED_FACE ( 'NONE', ( #11838 ), #2167, .T. ) ;
#443 = VERTEX_POINT ( 'NONE', #912 ) ;
#444 = LINE ( 'NONE', #2539, #1294 ) ;
#445 = PLANE ( 'NONE',  #3384 ) ;
#446 = CARTESIAN_POINT ( 'NONE',  ( -84.00000000000001421, 0.000000000000000000, -51.00000000000000711 ) ) ;
#447 = LINE ( 'NONE', #12139, #4074 ) ;
#448 = DIRECTION ( 'NONE',  ( -0.1075176353200278517, 0.000000000000000000, 0.9942031774718835813 ) ) ;
#449 = ORIENTED_EDGE ( 'NONE', *, *, #8441, .T. ) ;
#450 = CARTESIAN_POINT ( 'NONE',  ( 41.58132260880835673, 5.000000000000000000, 19.99423396001479603 ) ) ;
#451 = VERTEX_POINT ( 'NONE', #9385 ) ;
#452 = LINE ( 'NONE', #13392, #11750 ) ;
#453 = ORIENTED_EDGE ( 'NONE', *, *, #1816, .T. ) ;
#454 = LINE ( 'NONE', #4718, #12884 ) ;
#455 = ORIENTED_EDGE ( 'NONE', *, *, #3152, .T. ) ;
#456 = ORIENTED_EDGE ( 'NONE', *, *, #10561, .F. ) ;
#457 = EDGE_CURVE ( 'NONE', #10554, #12395, #1053, .T. ) ;
#458 = CARTESIAN_POINT ( 'NONE',  ( 27.21998339380656518, 5.000000000000000000, 18.21453455374431130 ) ) ;
#459 = EDGE_CURVE ( 'NONE', #11781, #8238, #1960, .T. ) ;
#460 = ORIENTED_EDGE ( 'NONE', *, *, #285, .T. ) ;
#461 = DIRECTION ( 'NONE',  ( 0.6709023663961941608, 0.000000000000000000, -0.7415456929710986245 ) ) ;
#462 = CARTESIAN_POINT ( 'NONE',  ( 40.65923148880837346, 3.000000000000000000, 20.27605610401479197 ) ) ;
#463 = CARTESIAN_POINT ( 'NONE',  ( 2.082737812778864051, 5.000000000000000000, 22.48033774331845080 ) ) ;
#464 = DIRECTION ( 'NONE',  ( -0.8272219695820415275, 0.000000000000000000, 0.5618752646636155923 ) ) ;
#465 = DIRECTION ( 'NONE',  ( 0.2610698346984830498, -0.000000000000000000, 0.9653199166134026621 ) ) ;
#466 = AXIS2_PLACEMENT_3D ( 'NONE', #10078, #6002, #487 ) ;
#467 = PLANE ( 'NONE',  #557 ) ;
#468 = ORIENTED_EDGE ( 'NONE', *, *, #11772, .F. ) ;
#469 = EDGE_LOOP ( 'NONE', ( #2651, #8595, #2030, #12046 ) ) ;
#470 = VERTEX_POINT ( 'NONE', #7284 ) ;
#471 = ADVANCED_FACE ( 'NONE', ( #8544 ), #1, .T. ) ;
#472 = EDGE_CURVE ( 'NONE', #1636, #6799, #4332, .T. ) ;
#473 = LINE ( 'NONE', #10000, #8257 ) ;
#474 = LINE ( 'NONE', #9018, #3300 ) ;
#475 = CARTESIAN_POINT ( 'NONE',  ( 25.85973556080835678, 5.000000000000000000, 13.56753002401479691 ) ) ;
#476 = LINE ( 'NONE', #2648, #351 ) ;
#477 = VECTOR ( 'NONE', #12844, 1000.000000000000000 ) ;
#478 = ORIENTED_EDGE ( 'NONE', *, *, #2519, .T. ) ;
#479 = EDGE_CURVE ( 'NONE', #9152, #11118, #8616, .T. ) ;
#480 = CARTESIAN_POINT ( 'NONE',  ( -34.53050078319161997, 3.000000000000000000, -0.000000000000000000 ) ) ;
#481 = ORIENTED_EDGE ( 'NONE', *, *, #12961, .T. ) ;
#482 = CARTESIAN_POINT ( 'NONE',  ( 52.18798160880835724, 5.000000000000000000, 21.00100156801478946 ) ) ;
#483 = ORIENTED_EDGE ( 'NONE', *, *, #12268, .T. ) ;
#484 = EDGE_CURVE ( 'NONE', #4561, #9240, #9528, .T. ) ;
#485 = PLANE ( 'NONE',  #5472 ) ;
#486 = ADVANCED_FACE ( 'NONE', ( #12878 ), #2026, .T. ) ;
#487 = DIRECTION ( 'NONE',  ( -0.3788488605086207661, 0.000000000000000000, 0.9254585570901159297 ) ) ;
#488 = ORIENTED_EDGE ( 'NONE', *, *, #12936, .F. ) ;
#489 = CARTESIAN_POINT ( 'NONE',  ( 8.713256738517836563E-14, 5.000000000000000000, -43.00033533384725359 ) ) ;
#490 = VECTOR ( 'NONE', #1384, 1000.000000000000000 ) ;
#491 = CARTESIAN_POINT ( 'NONE',  ( 19.92161180080837113, 5.000000000000000000, 23.12035724801479475 ) ) ;
#492 = CARTESIAN_POINT ( 'NONE',  ( 23.09221198781117224, 5.000000000000000000, -9.532582167724559241 ) ) ;
#493 = PLANE ( 'NONE',  #7453 ) ;
#494 = CARTESIAN_POINT ( 'NONE',  ( 51.79120820880836362, 3.000000000000000000, 0.000000000000000000 ) ) ;
#495 = EDGE_CURVE ( 'NONE', #5101, #1031, #2232, .T. ) ;
#496 = EDGE_CURVE ( 'NONE', #7448, #4121, #13636, .T. ) ;
#497 = DIRECTION ( 'NONE',  ( 0.000000000000000000, 0.000000000000000000, -1.000000000000000000 ) ) ;
#498 = ORIENTED_EDGE ( 'NONE', *, *, #1684, .F. ) ;
#499 = AXIS2_PLACEMENT_3D ( 'NONE', #4609, #5649, #12246 ) ;
#500 = DIRECTION ( 'NONE',  ( 0.8602552328567077966, 0.000000000000000000, 0.5098636428915589436 ) ) ;
#501 = VECTOR ( 'NONE', #11588, 1000.000000000000000 ) ;
#502 = EDGE_LOOP ( 'NONE', ( #3387, #4511, #1869, #3954 ) ) ;
#503 = ORIENTED_EDGE ( 'NONE', *, *, #10339, .F. ) ;
#504 = FACE_OUTER_BOUND ( 'NONE', #2299, .T. ) ;
#505 = VERTEX_POINT ( 'NONE', #7358 ) ;
#506 = LINE ( 'NONE', #3646, #12621 ) ;
#507 = CARTESIAN_POINT ( 'NONE',  ( 15.63761515268221203, 3.000000000000000000, 2.094365924542642254 ) ) ;
#508 = EDGE_LOOP ( 'NONE', ( #7403, #12114, #13499, #483 ) ) ;
#509 = ORIENTED_EDGE ( 'NONE', *, *, #5856, .T. ) ;
#510 = CIRCLE ( 'NONE', #5647, 1.700000000000000178 ) ;
#511 = VECTOR ( 'NONE', #651, 1000.000000000000000 ) ;
#512 = DIRECTION ( 'NONE',  ( -0.000000000000000000, -1.000000000000000000, -0.000000000000000000 ) ) ;
#513 = PLANE ( 'NONE',  #2718 ) ;
#514 = CARTESIAN_POINT ( 'NONE',  ( -11.94701026319162018, 5.000000000000000000, 21.27541300801479807 ) ) ;
#515 = CARTESIAN_POINT ( 'NONE',  ( 1.122054302226759503, 5.000000000000000000, -0.4523572907801944321 ) ) ;
#516 = EDGE_CURVE ( 'NONE', #10051, #2209, #981, .T. ) ;
#517 = ADVANCED_FACE ( 'NONE', ( #10851 ), #10016, .T. ) ;
#518 = CARTESIAN_POINT ( 'NONE',  ( 0.000000000000000000, 5.000000000000000000, 0.000000000000000000 ) ) ;
#519 = ORIENTED_EDGE ( 'NONE', *, *, #3651, .T. ) ;
#520 = LINE ( 'NONE', #8346, #7468 ) ;
#521 = ORIENTED_EDGE ( 'NONE', *, *, #5955, .T. ) ;
#522 = CARTESIAN_POINT ( 'NONE',  ( -2.054159117139437107, 5.000000000000000000, -38.16759156801381891 ) ) ;
#523 = VECTOR ( 'NONE', #12262, 1000.000000000000000 ) ;
#524 = ORIENTED_EDGE ( 'NONE', *, *, #6317, .T. ) ;
#525 = DIRECTION ( 'NONE',  ( -1.000000000000000000, 0.000000000000000000, -0.000000000000000000 ) ) ;
#526 = ORIENTED_EDGE ( 'NONE', *, *, #13786, .T. ) ;
#527 = VERTEX_POINT ( 'NONE', #8753 ) ;
#528 = LOCAL_TIME ( 15, 13, 8.000000000000000000, #5513 ) ;
#529 = VERTEX_POINT ( 'NONE', #13018 ) ;
#530 = DIRECTION ( 'NONE',  ( 0.9807850525368350114, 0.000000000000000000, -0.1950914675743609383 ) ) ;
#531 = VECTOR ( 'NONE', #1427, 1000.000000000000000 ) ;
#532 = LINE ( 'NONE', #9915, #13586 ) ;
#533 = CARTESIAN_POINT ( 'NONE',  ( 5.083329268364244591, 5.000000000000000000, -1.108797498513282243 ) ) ;
#534 = CARTESIAN_POINT ( 'NONE',  ( -13.98218831119163141, 5.000000000000000000, 23.23271872001479821 ) ) ;
#535 = EDGE_CURVE ( 'NONE', #13449, #1016, #8826, .T. ) ;
#536 = CARTESIAN_POINT ( 'NONE',  ( 13.43432480080837443, 5.000000000000000000, 31.41431881601479503 ) ) ;
#537 = LINE ( 'NONE', #12299, #313 ) ;
#538 = EDGE_CURVE ( 'NONE', #11218, #8930, #6715, .T. ) ;
#539 = CARTESIAN_POINT ( 'NONE',  ( 36.44178445208555672, 3.000000000000000000, -14.74220554361771640 ) ) ;
#540 = ORIENTED_EDGE ( 'NONE', *, *, #968, .T. ) ;
#541 = VERTEX_POINT ( 'NONE', #11904 ) ;
#542 = ORIENTED_EDGE ( 'NONE', *, *, #1095, .T. ) ;
#543 = AXIS2_PLACEMENT_3D ( 'NONE', #6099, #784, #1703 ) ;
#544 = CARTESIAN_POINT ( 'NONE',  ( -10.19157975758167467, 3.000000000000000000, 18.14222943096580565 ) ) ;
#545 = CARTESIAN_POINT ( 'NONE',  ( -40.05817578319162919, 3.000000000000000000, -0.000000000000000000 ) ) ;
#546 = PLANE ( 'NONE',  #281 ) ;
#547 = FACE_OUTER_BOUND ( 'NONE', #13805, .T. ) ;
#548 = EDGE_CURVE ( 'NONE', #5728, #6978, #13222, .T. ) ;
#549 = VECTOR ( 'NONE', #11280, 1000.000000000000000 ) ;
#550 = VECTOR ( 'NONE', #13576, 1000.000000000000000 ) ;
#551 = LINE ( 'NONE', #619, #13501 ) ;
#552 = ORIENTED_EDGE ( 'NONE', *, *, #9957, .T. ) ;
#553 = DIRECTION ( 'NONE',  ( -1.000000000000000000, 0.000000000000000000, 0.000000000000000000 ) ) ;
#554 = ORIENTED_EDGE ( 'NONE', *, *, #6616, .F. ) ;
#555 = CARTESIAN_POINT ( 'NONE',  ( 18.14062780880837522, 5.000000000000000000, 30.80978662401479085 ) ) ;
#556 = CARTESIAN_POINT ( 'NONE',  ( -38.00982236155686422, 5.000000000000000000, 41.73122026056931588 ) ) ;
#557 = AXIS2_PLACEMENT_3D ( 'NONE', #4801, #12432, #4731 ) ;
#558 = DIRECTION ( 'NONE',  ( -0.8565467574900692549, 0.000000000000000000, 0.5160694257880895641 ) ) ;
#559 = EDGE_CURVE ( 'NONE', #11279, #8896, #3472, .T. ) ;
#560 = VECTOR ( 'NONE', #6802, 1000.000000000000000 ) ;
#561 = DIRECTION ( 'NONE',  ( 0.9593610758068138455, 0.000000000000000000, -0.2821813711547821457 ) ) ;
#562 = EDGE_CURVE ( 'NONE', #11484, #13057, #2512, .T. ) ;
#563 = CARTESIAN_POINT ( 'NONE',  ( -82.00000000000001421, 0.000000000000000000, -51.00000000000000711 ) ) ;
#564 = EDGE_CURVE ( 'NONE', #6978, #6959, #4478, .T. ) ;
#565 = DIRECTION ( 'NONE',  ( -1.000000000000000000, 0.000000000000000000, 0.000000000000000000 ) ) ;
#566 = PLANE ( 'NONE',  #3642 ) ;
#567 = LINE ( 'NONE', #9311, #4942 ) ;
#568 = VERTEX_POINT ( 'NONE', #8901 ) ;
#569 = VECTOR ( 'NONE', #3050, 1000.000000000000000 ) ;
#570 = CARTESIAN_POINT ( 'NONE',  ( 26.06379204880836298, 3.000000000000000000, -0.000000000000000000 ) ) ;
#571 = ORIENTED_EDGE ( 'NONE', *, *, #7221, .T. ) ;
#572 = EDGE_LOOP ( 'NONE', ( #787, #9765, #6963, #9285 ) ) ;
#573 = VECTOR ( 'NONE', #10577, 1000.000000000000000 ) ;
#574 = CARTESIAN_POINT ( 'NONE',  ( 39.29334445680835586, 5.000000000000000000, 22.53316817601480082 ) ) ;
#575 = LINE ( 'NONE', #3785, #6367 ) ;
#576 = DIRECTION ( 'NONE',  ( 0.09281742074359615458, 0.000000000000000000, 0.9956831455872425796 ) ) ;
#577 = ORIENTED_EDGE ( 'NONE', *, *, #2471, .F. ) ;
#578 = VERTEX_POINT ( 'NONE', #6858 ) ;
#579 = EDGE_CURVE ( 'NONE', #11104, #7615, #4547, .T. ) ;
#580 = AXIS2_PLACEMENT_3D ( 'NONE', #2220, #8679, #10839 ) ;
#581 = CARTESIAN_POINT ( 'NONE',  ( -7.169005087191634651, 3.000000000000000000, 25.95947476001479615 ) ) ;
#582 = VECTOR ( 'NONE', #4230, 1000.000000000000114 ) ;
#583 = CARTESIAN_POINT ( 'NONE',  ( -2.277850786730551302, 3.000000000000000000, 13.85165343149621364 ) ) ;
#584 = CYLINDRICAL_SURFACE ( 'NONE', #11799, 2.000000000000001776 ) ;
#585 = CARTESIAN_POINT ( 'NONE',  ( 21.71439053680837716, 5.000000000000000000, 24.81224108801479389 ) ) ;
#586 = DIRECTION ( 'NONE',  ( -0.9980128220225691349, 0.000000000000000000, 0.06301116630048836376 ) ) ;
#587 = VERTEX_POINT ( 'NONE', #12176 ) ;
#588 = DIRECTION ( 'NONE',  ( -0.5726983836130417060, 0.000000000000000000, 0.8197661626384741274 ) ) ;
#589 = VERTEX_POINT ( 'NONE', #8960 ) ;
#590 = LINE ( 'NONE', #3799, #13527 ) ;
#591 = ORIENTED_EDGE ( 'NONE', *, *, #10143, .T. ) ;
#592 = FACE_OUTER_BOUND ( 'NONE', #7849, .T. ) ;
#593 = VERTEX_POINT ( 'NONE', #5448 ) ;
#594 = VECTOR ( 'NONE', #12196, 1000.000000000000000 ) ;
#595 = ORIENTED_EDGE ( 'NONE', *, *, #13472, .T. ) ;
#596 = AXIS2_PLACEMENT_3D ( 'NONE', #563, #8127, #631 ) ;
#597 = ORIENTED_EDGE ( 'NONE', *, *, #13504, .T. ) ;
#598 = EDGE_CURVE ( 'NONE', #1737, #12146, #8690, .T. ) ;
#599 = EDGE_CURVE ( 'NONE', #2962, #11976, #2583, .T. ) ;
#600 = CARTESIAN_POINT ( 'NONE',  ( -5.714495958659363772, 5.000000000000000000, 3.922222939107000705 ) ) ;
#601 = FACE_OUTER_BOUND ( 'NONE', #12012, .T. ) ;
#602 = DIRECTION ( 'NONE',  ( -0.000000000000000000, -1.000000000000000000, -0.000000000000000000 ) ) ;
#603 = VECTOR ( 'NONE', #4816, 1000.000000000000000 ) ;
#604 = CARTESIAN_POINT ( 'NONE',  ( -4.402502577700100339, 3.000000000000000000, 2.932961316521570883 ) ) ;
#605 = DIRECTION ( 'NONE',  ( -0.07839261842028516503, 0.000000000000000000, -0.9969225633805323117 ) ) ;
#606 = AXIS2_PLACEMENT_3D ( 'NONE', #986, #71, #11632 ) ;
#607 = DIRECTION ( 'NONE',  ( -0.6050821613523870157, 0.000000000000000000, 0.7961630348195801732 ) ) ;
#608 = LINE ( 'NONE', #3879, #2572 ) ;
#609 = ORIENTED_EDGE ( 'NONE', *, *, #3381, .T. ) ;
#610 = ORIENTED_EDGE ( 'NONE', *, *, #80, .T. ) ;
#611 = ORIENTED_EDGE ( 'NONE', *, *, #2703, .T. ) ;
#612 = LINE ( 'NONE', #12097, #11844 ) ;
#613 = EDGE_CURVE ( 'NONE', #13185, #1525, #9808, .T. ) ;
#614 = VECTOR ( 'NONE', #10907, 1000.000000000000000 ) ;
#615 = VECTOR ( 'NONE', #3998, 1000.000000000000000 ) ;
#616 = LINE ( 'NONE', #1859, #12041 ) ;
#617 = FACE_OUTER_BOUND ( 'NONE', #7577, .T. ) ;
#618 = DIRECTION ( 'NONE',  ( -0.9984316082420015004, 0.000000000000000000, -0.05598503070723784975 ) ) ;
#619 = CARTESIAN_POINT ( 'NONE',  ( 18.14062780880837167, 5.000000000000000000, 21.45773217601479388 ) ) ;
#620 = VECTOR ( 'NONE', #9071, 1000.000000000000114 ) ;
#621 = ORIENTED_EDGE ( 'NONE', *, *, #8187, .T. ) ;
#622 = DIRECTION ( 'NONE',  ( -0.000000000000000000, -1.000000000000000000, -0.000000000000000000 ) ) ;
#623 = VERTEX_POINT ( 'NONE', #11978 ) ;
#624 = DIRECTION ( 'NONE',  ( 0.2390805718507303668, -0.000000000000000000, 0.9709997323189784035 ) ) ;
#625 = FACE_OUTER_BOUND ( 'NONE', #6624, .T. ) ;
#626 = EDGE_CURVE ( 'NONE', #8226, #9807, #352, .T. ) ;
#627 = DIRECTION ( 'NONE',  ( 0.000000000000000000, 1.000000000000000000, -0.000000000000000000 ) ) ;
#628 = EDGE_CURVE ( 'NONE', #10108, #3557, #13163, .T. ) ;
#629 = VECTOR ( 'NONE', #3179, 1000.000000000000000 ) ;
#630 = CARTESIAN_POINT ( 'NONE',  ( 1.771595405530974832, 5.000000000000000000, 20.06410459089091347 ) ) ;
#631 = DIRECTION ( 'NONE',  ( 0.000000000000000000, 0.000000000000000000, -1.000000000000000000 ) ) ;
#632 = CARTESIAN_POINT ( 'NONE',  ( 0.000000000000000000, 3.000000000000000000, -19.85094799644561903 ) ) ;
#633 = DIRECTION ( 'NONE',  ( 0.5942572416434551696, 0.000000000000000000, -0.8042750342726747714 ) ) ;
#634 = FACE_OUTER_BOUND ( 'NONE', #5858, .T. ) ;
#635 = ORIENTED_EDGE ( 'NONE', *, *, #9086, .F. ) ;
#636 = LINE ( 'NONE', #9380, #4112 ) ;
#637 = ORIENTED_EDGE ( 'NONE', *, *, #5817, .F. ) ;
#638 = ADVANCED_FACE ( 'NONE', ( #11060 ), #1466, .T. ) ;
#639 = ORIENTED_EDGE ( 'NONE', *, *, #9267, .F. ) ;
#640 = LINE ( 'NONE', #10032, #8415 ) ;
#641 = CARTESIAN_POINT ( 'NONE',  ( -4.847872230911146829, 3.000000000000000000, 21.04637584422136243 ) ) ;
#642 = LINE ( 'NONE', #12401, #4339 ) ;
#643 = ORIENTED_EDGE ( 'NONE', *, *, #8696, .T. ) ;
#644 = EDGE_CURVE ( 'NONE', #1163, #2448, #2449, .T. ) ;
#645 = EDGE_CURVE ( 'NONE', #6448, #3106, #3349, .T. ) ;
#646 = EDGE_LOOP ( 'NONE', ( #2201, #13009, #2816, #4350 ) ) ;
#647 = DIRECTION ( 'NONE',  ( 0.5555733586812512392, 0.000000000000000000, -0.8314675237937040331 ) ) ;
#648 = CARTESIAN_POINT ( 'NONE',  ( -8.556983883761999365, 3.000000000000000000, 9.110129288910400192 ) ) ;
#649 = CARTESIAN_POINT ( 'NONE',  ( 2.811553950093696130, 3.000000000000000000, 32.31142739570100986 ) ) ;
#650 = LINE ( 'NONE', #1826, #5862 ) ;
#651 = DIRECTION ( 'NONE',  ( -0.000000000000000000, -1.000000000000000000, -0.000000000000000000 ) ) ;
#652 = EDGE_LOOP ( 'NONE', ( #9014, #5050, #6291, #3623 ) ) ;
#653 = ORIENTED_EDGE ( 'NONE', *, *, #3173, .T. ) ;
#654 = LINE ( 'NONE', #13448, #5678 ) ;
#655 = EDGE_CURVE ( 'NONE', #4388, #4661, #7633, .T. ) ;
#656 = ORIENTED_EDGE ( 'NONE', *, *, #2115, .F. ) ;
#657 = DIRECTION ( 'NONE',  ( 0.8439955644044224714, 0.000000000000000000, 0.5363501535989901869 ) ) ;
#658 = VECTOR ( 'NONE', #7897, 1000.000000000000114 ) ;
#659 = ORIENTED_EDGE ( 'NONE', *, *, #12133, .T. ) ;
#660 = PLANE ( 'NONE',  #7991 ) ;
#661 = ORIENTED_EDGE ( 'NONE', *, *, #5873, .F. ) ;
#662 = ORIENTED_EDGE ( 'NONE', *, *, #8723, .F. ) ;
#663 = ADVANCED_FACE ( 'NONE', ( #2713 ), #8054, .T. ) ;
#664 = EDGE_LOOP ( 'NONE', ( #7277, #12347, #5394, #10361 ) ) ;
#665 = CARTESIAN_POINT ( 'NONE',  ( 9.818735174412854150, 5.000000000000000000, 22.14118325321707914 ) ) ;
#666 = DIRECTION ( 'NONE',  ( 0.7110785453986703253, 0.000000000000000000, -0.7031125815071944674 ) ) ;
#667 = DIRECTION ( 'NONE',  ( 0.1950914675743609106, 0.000000000000000000, 0.9807850525368349004 ) ) ;
#668 = LINE ( 'NONE', #7111, #11315 ) ;
#669 = CARTESIAN_POINT ( 'NONE',  ( 76.49999999999998579, 3.000000000000000000, -5.000000000000004441 ) ) ;
#670 = DIRECTION ( 'NONE',  ( -0.9846526313914953921, 0.000000000000000000, -0.1745256299051917426 ) ) ;
#671 = ADVANCED_FACE ( 'NONE', ( #4819 ), #10077, .T. ) ;
#672 = ORIENTED_EDGE ( 'NONE', *, *, #6196, .T. ) ;
#673 = DIRECTION ( 'NONE',  ( -0.000000000000000000, -1.000000000000000000, -0.000000000000000000 ) ) ;
#674 = ORIENTED_EDGE ( 'NONE', *, *, #4889, .T. ) ;
#675 = ORIENTED_EDGE ( 'NONE', *, *, #4648, .F. ) ;
#676 = ORIENTED_EDGE ( 'NONE', *, *, #3169, .F. ) ;
#677 = CARTESIAN_POINT ( 'NONE',  ( 11.13019366910973140, 5.000000000000000000, -20.73994799611524442 ) ) ;
#678 = CARTESIAN_POINT ( 'NONE',  ( -17.79420202319161959, 5.000000000000000000, 19.92748276001480079 ) ) ;
#679 = DIRECTION ( 'NONE',  ( 1.000000000000000000, 0.000000000000000000, 0.000000000000000000 ) ) ;
#680 = CARTESIAN_POINT ( 'NONE',  ( 25.96010416880837468, 5.000000000000000000, -7.117228199985208725 ) ) ;
#681 = ORIENTED_EDGE ( 'NONE', *, *, #11405, .T. ) ;
#682 = EDGE_CURVE ( 'NONE', #8575, #589, #1670, .T. ) ;
#683 = DIRECTION ( 'NONE',  ( -0.000000000000000000, -1.000000000000000000, -0.000000000000000000 ) ) ;
#684 = VERTEX_POINT ( 'NONE', #13362 ) ;
#685 = CARTESIAN_POINT ( 'NONE',  ( 38.47138724880836946, 3.000000000000000000, 21.98429449601479391 ) ) ;
#686 = ORIENTED_EDGE ( 'NONE', *, *, #10460, .T. ) ;
#687 = CARTESIAN_POINT ( 'NONE',  ( 6.112346142531160709, 5.000000000000000000, 1.215828663155633871 ) ) ;
#688 = DIRECTION ( 'NONE',  ( 0.000000000000000000, 1.000000000000000000, 0.000000000000000000 ) ) ;
#689 = CARTESIAN_POINT ( 'NONE',  ( 17.61083054480836907, 5.000000000000000000, 20.02698065601478916 ) ) ;
#690 = ORIENTED_EDGE ( 'NONE', *, *, #2441, .T. ) ;
#691 = DIRECTION ( 'NONE',  ( 0.000000000000000000, 0.000000000000000000, 1.000000000000000000 ) ) ;
#692 = LINE ( 'NONE', #12388, #3928 ) ;
#693 = DIRECTION ( 'NONE',  ( -0.000000000000000000, -1.000000000000000000, -0.000000000000000000 ) ) ;
#694 = PERSON_AND_ORGANIZATION ( #10936, #10382 ) ;
#695 = CARTESIAN_POINT ( 'NONE',  ( -24.40996265885857142, 3.000000000000000000, 17.99229214333718474 ) ) ;
#696 = ORIENTED_EDGE ( 'NONE', *, *, #11015, .F. ) ;
#697 = EDGE_CURVE ( 'NONE', #1214, #4855, #3771, .T. ) ;
#698 = CARTESIAN_POINT ( 'NONE',  ( 4.046923322466862594, 5.000000000000000000, 4.453219643477475564 ) ) ;
#699 = VERTEX_POINT ( 'NONE', #555 ) ;
#700 = VERTEX_POINT ( 'NONE', #2784 ) ;
#701 = LINE ( 'NONE', #9115, #594 ) ;
#702 = EDGE_CURVE ( 'NONE', #8822, #3557, #11338, .T. ) ;
#703 = VECTOR ( 'NONE', #6644, 1000.000000000000114 ) ;
#704 = CARTESIAN_POINT ( 'NONE',  ( 1.531762529494007414E-13, 3.000000000000000000, -18.19994799644572225 ) ) ;
#705 = DIRECTION ( 'NONE',  ( 0.1327459462044933147, 0.000000000000000000, 0.9911500964870425534 ) ) ;
#706 = EDGE_LOOP ( 'NONE', ( #1407, #11027, #10845, #8051 ) ) ;
#707 = DIRECTION ( 'NONE',  ( -0.3929344914093342300, 0.000000000000000000, 0.9195664660376039468 ) ) ;
#708 = ORIENTED_EDGE ( 'NONE', *, *, #9454, .T. ) ;
#709 = VECTOR ( 'NONE', #5508, 1000.000000000000000 ) ;
#710 = DIRECTION ( 'NONE',  ( -0.9957356910248242876, 0.000000000000000000, -0.09225201146487578552 ) ) ;
#711 = CIRCLE ( 'NONE', #2276, 0.8889999998513629098 ) ;
#712 = LINE ( 'NONE', #13445, #11246 ) ;
#713 = CARTESIAN_POINT ( 'NONE',  ( -84.00000000000001421, 3.000000000000000000, 50.99999999999999289 ) ) ;
#714 = VERTEX_POINT ( 'NONE', #5017 ) ;
#715 = EDGE_CURVE ( 'NONE', #9266, #8857, #3901, .T. ) ;
#716 = DIRECTION ( 'NONE',  ( 0.9982186956914593789, 0.000000000000000000, 0.05966100545617260970 ) ) ;
#717 = ORIENTED_EDGE ( 'NONE', *, *, #935, .F. ) ;
#718 = CARTESIAN_POINT ( 'NONE',  ( -1.214877028071899900, 5.000000000000000000, 21.66599910067165169 ) ) ;
#719 = ORIENTED_EDGE ( 'NONE', *, *, #9845, .F. ) ;
#720 = FACE_OUTER_BOUND ( 'NONE', #4578, .T. ) ;
#721 = ORIENTED_EDGE ( 'NONE', *, *, #11029, .F. ) ;
#722 = VECTOR ( 'NONE', #7333, 1000.000000000000000 ) ;
#723 = VECTOR ( 'NONE', #9255, 1000.000000000000000 ) ;
#724 = ORIENTED_EDGE ( 'NONE', *, *, #5976, .F. ) ;
#725 = ADVANCED_FACE ( 'NONE', ( #11134 ), #5932, .T. ) ;
#726 = DIRECTION ( 'NONE',  ( 1.000000000000000000, 0.000000000000000000, 0.000000000000000000 ) ) ;
#727 = FACE_OUTER_BOUND ( 'NONE', #8536, .T. ) ;
#728 = CARTESIAN_POINT ( 'NONE',  ( -33.29443721519162835, 5.000000000000000000, 32.03596146401479672 ) ) ;
#729 = DIRECTION ( 'NONE',  ( -0.000000000000000000, -1.000000000000000000, -0.000000000000000000 ) ) ;
#730 = CARTESIAN_POINT ( 'NONE',  ( 2.599264164035895774, 5.000000000000000000, 4.971667412557167154 ) ) ;
#731 = EDGE_CURVE ( 'NONE', #315, #11580, #8120, .T. ) ;
#732 = VECTOR ( 'NONE', #10319, 1000.000000000000114 ) ;
#733 = DIRECTION ( 'NONE',  ( 0.9067769724085803507, 0.000000000000000000, 0.4216106287909834327 ) ) ;
#734 = EDGE_CURVE ( 'NONE', #12913, #3579, #12315, .T. ) ;
#735 = ORIENTED_EDGE ( 'NONE', *, *, #7485, .F. ) ;
#736 = VERTEX_POINT ( 'NONE', #10216 ) ;
#737 = CARTESIAN_POINT ( 'NONE',  ( -2.254848723643160469, 5.000000000000000000, 2.452030233090804590 ) ) ;
#738 = ORIENTED_EDGE ( 'NONE', *, *, #12614, .F. ) ;
#739 = LINE ( 'NONE', #6198, #10887 ) ;
#740 = EDGE_LOOP ( 'NONE', ( #12882, #9340, #7384, #10677 ) ) ;
#741 = VECTOR ( 'NONE', #8485, 1000.000000000000000 ) ;
#742 = EDGE_CURVE ( 'NONE', #4388, #1031, #8186, .T. ) ;
#743 = CARTESIAN_POINT ( 'NONE',  ( -53.87083707455159498, 3.000000000000000000, 22.30043935439872271 ) ) ;
#744 = CARTESIAN_POINT ( 'NONE',  ( -25.71984428719163063, 3.000000000000000000, 0.000000000000000000 ) ) ;
#745 = CARTESIAN_POINT ( 'NONE',  ( -27.49730174319164178, 3.000000000000000000, -7.337595551985209852 ) ) ;
#746 = ORIENTED_EDGE ( 'NONE', *, *, #7405, .F. ) ;
#747 = VECTOR ( 'NONE', #13342, 1000.000000000000000 ) ;
#748 = PLANE ( 'NONE',  #330 ) ;
#749 = ORIENTED_EDGE ( 'NONE', *, *, #9198, .T. ) ;
#750 = ORIENTED_EDGE ( 'NONE', *, *, #263, .F. ) ;
#751 = DIRECTION ( 'NONE',  ( -0.9977945707501258976, 0.000000000000000000, 0.06637766628597294161 ) ) ;
#752 = ORIENTED_EDGE ( 'NONE', *, *, #2933, .T. ) ;
#753 = CARTESIAN_POINT ( 'NONE',  ( 3.759521180155791065, 5.000000000000000000, 6.239869125476879219 ) ) ;
#754 = LINE ( 'NONE', #8316, #10490 ) ;
#755 = DIRECTION ( 'NONE',  ( -0.7784132619445415235, 0.000000000000000000, 0.6277521753278587635 ) ) ;
#756 = EDGE_CURVE ( 'NONE', #3475, #11862, #11268, .T. ) ;
#757 = VECTOR ( 'NONE', #4348, 1000.000000000000114 ) ;
#758 = VECTOR ( 'NONE', #8979, 1000.000000000000000 ) ;
#759 = CARTESIAN_POINT ( 'NONE',  ( -34.18104609495201629, 5.000000000000000000, -5.078389367770445695 ) ) ;
#760 = CARTESIAN_POINT ( 'NONE',  ( 7.666216448808358841, 3.000000000000000000, 12.12051132801479625 ) ) ;
#761 = VECTOR ( 'NONE', #3571, 1000.000000000000114 ) ;
#762 = LINE ( 'NONE', #12389, #1179 ) ;
#763 = COORDINATED_UNIVERSAL_TIME_OFFSET ( 1, 0, .AHEAD. ) ;
#764 = DIRECTION ( 'NONE',  ( -0.000000000000000000, 1.000000000000000000, -0.000000000000000000 ) ) ;
#765 = ORIENTED_EDGE ( 'NONE', *, *, #10234, .F. ) ;
#766 = PLANE ( 'NONE',  #10163 ) ;
#767 = EDGE_LOOP ( 'NONE', ( #2300, #10359, #3071, #4219 ) ) ;
#768 = DIRECTION ( 'NONE',  ( 1.000000000000000000, 0.000000000000000000, 4.956352788505159323E-16 ) ) ;
#769 = VECTOR ( 'NONE', #11760, 1000.000000000000000 ) ;
#770 = DIRECTION ( 'NONE',  ( -1.000000000000000000, 0.000000000000000000, 0.000000000000000000 ) ) ;
#771 = CARTESIAN_POINT ( 'NONE',  ( 11.13019367575657270, 3.000000000000000000, -19.85094799644561547 ) ) ;
#772 = VECTOR ( 'NONE', #9452, 1000.000000000000000 ) ;
#773 = ORIENTED_EDGE ( 'NONE', *, *, #11059, .F. ) ;
#774 = CARTESIAN_POINT ( 'NONE',  ( -1.843502798063829662, 3.000000000000000000, -0.7877362443306773487 ) ) ;
#775 = ORIENTED_EDGE ( 'NONE', *, *, #8905, .T. ) ;
#776 = ADVANCED_FACE ( 'NONE', ( #12453 ), #11401, .T. ) ;
#777 = ADVANCED_FACE ( 'NONE', ( #5863 ), #485, .T. ) ;
#778 = VECTOR ( 'NONE', #358, 1000.000000000000000 ) ;
#779 = CARTESIAN_POINT ( 'NONE',  ( 13.14973185760559993, 5.000000000000000000, -8.743795329294746566 ) ) ;
#780 = PLANE ( 'NONE',  #9914 ) ;
#781 = VECTOR ( 'NONE', #2358, 1000.000000000000000 ) ;
#782 = DIRECTION ( 'NONE',  ( -1.000000000000000000, 0.000000000000000000, 0.000000000000000000 ) ) ;
#783 = ORIENTED_EDGE ( 'NONE', *, *, #13641, .T. ) ;
#784 = DIRECTION ( 'NONE',  ( 0.000000000000000000, 1.000000000000000000, -0.000000000000000000 ) ) ;
#785 = ORIENTED_EDGE ( 'NONE', *, *, #4729, .T. ) ;
#786 = FACE_OUTER_BOUND ( 'NONE', #13784, .T. ) ;
#787 = ORIENTED_EDGE ( 'NONE', *, *, #3479, .F. ) ;
#788 = DIRECTION ( 'NONE',  ( 0.000000000000000000, 0.000000000000000000, -1.000000000000000000 ) ) ;
#789 = ORIENTED_EDGE ( 'NONE', *, *, #900, .F. ) ;
#790 = VERTEX_POINT ( 'NONE', #13560 ) ;
#791 = VECTOR ( 'NONE', #691, 1000.000000000000000 ) ;
#792 = EDGE_LOOP ( 'NONE', ( #9368, #5966, #9756, #9964 ) ) ;
#793 = AXIS2_PLACEMENT_3D ( 'NONE', #4004, #3086, #12611 ) ;
#794 = EDGE_CURVE ( 'NONE', #9196, #11608, #8253, .T. ) ;
#795 = EDGE_CURVE ( 'NONE', #3760, #8839, #13289, .T. ) ;
#796 = FACE_OUTER_BOUND ( 'NONE', #890, .T. ) ;
#797 = LINE ( 'NONE', #12423, #1947 ) ;
#798 = LINE ( 'NONE', #5063, #10124 ) ;
#799 = FACE_OUTER_BOUND ( 'NONE', #1362, .T. ) ;
#801 = LINE ( 'NONE', #13405, #7884 ) ;
#800 = VECTOR ( 'NONE', #12496, 1000.000000000000000 ) ;
#802 = DIRECTION ( 'NONE',  ( -0.000000000000000000, -1.000000000000000000, -0.000000000000000000 ) ) ;
#803 = VECTOR ( 'NONE', #9806, 1000.000000000000000 ) ;
#804 = EDGE_LOOP ( 'NONE', ( #5879, #4179, #2392, #13818 ) ) ;
#805 = ORIENTED_EDGE ( 'NONE', *, *, #12336, .T. ) ;
#806 = AXIS2_PLACEMENT_3D ( 'NONE', #6221, #6283, #5306 ) ;
#807 = EDGE_LOOP ( 'NONE', ( #2021, #8500, #4831, #7812 ) ) ;
#808 = ADVANCED_FACE ( 'NONE', ( #12255 ), #2654, .T. ) ;
#809 = VERTEX_POINT ( 'NONE', #10627 ) ;
#810 = DIRECTION ( 'NONE',  ( -0.9569817088502330371, 0.000000000000000000, 0.2901482533569481048 ) ) ;
#811 = ORIENTED_EDGE ( 'NONE', *, *, #6981, .F. ) ;
#812 = EDGE_CURVE ( 'NONE', #4762, #5032, #7341, .T. ) ;
#813 = EDGE_CURVE ( 'NONE', #1525, #13162, #3121, .T. ) ;
#814 = AXIS2_PLACEMENT_3D ( 'NONE', #2886, #11171, #13520 ) ;
#815 = VECTOR ( 'NONE', #6234, 1000.000000000000114 ) ;
#816 = LINE ( 'NONE', #678, #8020 ) ;
#817 = DIRECTION ( 'NONE',  ( 0.4472135954999855723, 0.000000000000000000, 0.8944271909999019776 ) ) ;
#818 = CARTESIAN_POINT ( 'NONE',  ( -3.992627812063448189, 5.000000000000000000, -4.171188386796757186 ) ) ;
#819 = VERTEX_POINT ( 'NONE', #12856 ) ;
#820 = CARTESIAN_POINT ( 'NONE',  ( -26.47384125519162978, 3.000000000000000000, 32.20406577601480080 ) ) ;
#821 = ORIENTED_EDGE ( 'NONE', *, *, #10910, .F. ) ;
#822 = EDGE_CURVE ( 'NONE', #7340, #4246, #10700, .T. ) ;
#823 = VECTOR ( 'NONE', #10252, 1000.000000000000114 ) ;
#824 = CARTESIAN_POINT ( 'NONE',  ( 28.24914708880838532, 5.000000000000000000, 20.29336061601479813 ) ) ;
#825 = ORIENTED_EDGE ( 'NONE', *, *, #9538, .F. ) ;
#826 = VECTOR ( 'NONE', #7409, 1000.000000000000000 ) ;
#827 = CARTESIAN_POINT ( 'NONE',  ( -48.31739929519164178, 3.000000000000000000, 30.53367338401477582 ) ) ;
#828 = LINE ( 'NONE', #10557, #12766 ) ;
#829 = VECTOR ( 'NONE', #7738, 1000.000000000000000 ) ;
#830 = LINE ( 'NONE', #9585, #390 ) ;
#831 = EDGE_CURVE ( 'NONE', #10157, #12833, #965, .T. ) ;
#832 = FACE_OUTER_BOUND ( 'NONE', #804, .T. ) ;
#833 = AXIS2_PLACEMENT_3D ( 'NONE', #6674, #9759, #2324 ) ;
#834 = LINE ( 'NONE', #6356, #10458 ) ;
#835 = AXIS2_PLACEMENT_3D ( 'NONE', #3428, #3355, #12058 ) ;
#836 = CARTESIAN_POINT ( 'NONE',  ( 0.000000000000000000, 3.000000000000000000, 21.14624283201479216 ) ) ;
#837 = CALENDAR_DATE ( 2025, 8, 7 ) ;
#838 = LINE ( 'NONE', #5100, #10992 ) ;
#839 = VERTEX_POINT ( 'NONE', #11675 ) ;
#840 = DIRECTION ( 'NONE',  ( -0.9616126141846673692, 0.000000000000000000, 0.2744106051903427712 ) ) ;
#841 = ORIENTED_EDGE ( 'NONE', *, *, #7666, .T. ) ;
#842 = EDGE_LOOP ( 'NONE', ( #3897, #6062, #5968, #1011 ) ) ;
#843 = ADVANCED_FACE ( 'NONE', ( #8596 ), #11746, .T. ) ;
#844 = CARTESIAN_POINT ( 'NONE',  ( 0.000000000000000000, 3.000000000000000000, 25.95947476001479615 ) ) ;
#845 = ADVANCED_FACE ( 'NONE', ( #5360 ), #7266, .T. ) ;
#846 = DIRECTION ( 'NONE',  ( -0.9820357469730586208, 0.000000000000000000, -0.1886949699039874861 ) ) ;
#847 = LINE ( 'NONE', #12596, #6125 ) ;
#848 = ORIENTED_EDGE ( 'NONE', *, *, #11202, .F. ) ;
#849 = DIRECTION ( 'NONE',  ( 0.2744305430583430794, -0.000000000000000000, 0.9616069243909920461 ) ) ;
#850 = VECTOR ( 'NONE', #3551, 1000.000000000000114 ) ;
#851 = ORIENTED_EDGE ( 'NONE', *, *, #4147, .F. ) ;
#852 = DIRECTION ( 'NONE',  ( -0.000000000000000000, -1.000000000000000000, -0.000000000000000000 ) ) ;
#853 = DIRECTION ( 'NONE',  ( 0.4325153727304008044, 0.000000000000000000, 0.9016265592538201812 ) ) ;
#854 = CARTESIAN_POINT ( 'NONE',  ( -5.932947615191626056, 5.000000000000000000, 32.03596146401479672 ) ) ;
#855 = ORIENTED_EDGE ( 'NONE', *, *, #11735, .F. ) ;
#856 = ORIENTED_EDGE ( 'NONE', *, *, #10819, .F. ) ;
#857 = AXIS2_PLACEMENT_3D ( 'NONE', #6967, #4991, #11511 ) ;
#858 = CARTESIAN_POINT ( 'NONE',  ( -38.82211221519163047, 5.000000000000000000, 0.000000000000000000 ) ) ;
#859 = EDGE_LOOP ( 'NONE', ( #12394, #1238, #674, #2869 ) ) ;
#860 = DIRECTION ( 'NONE',  ( 0.5952142837632172778, 0.000000000000000000, 0.8035670204807064954 ) ) ;
#861 = ADVANCED_FACE ( 'NONE', ( #4108 ), #12787, .T. ) ;
#862 = ORIENTED_EDGE ( 'NONE', *, *, #9891, .F. ) ;
#863 = FACE_OUTER_BOUND ( 'NONE', #5140, .T. ) ;
#864 = ORIENTED_EDGE ( 'NONE', *, *, #10484, .F. ) ;
#865 = VERTEX_POINT ( 'NONE', #8462 ) ;
#866 = ORIENTED_EDGE ( 'NONE', *, *, #9267, .T. ) ;
#867 = CARTESIAN_POINT ( 'NONE',  ( 21.71439053680837006, 5.000000000000000000, 27.44786192801479885 ) ) ;
#868 = DIRECTION ( 'NONE',  ( -0.9947948113604199172, 0.000000000000000000, 0.1018983968980210347 ) ) ;
#869 = CARTESIAN_POINT ( 'NONE',  ( 4.502204598913156275, 5.000000000000000000, -23.43107428125285097 ) ) ;
#870 = VECTOR ( 'NONE', #9301, 1000.000000000000114 ) ;
#871 = PLANE ( 'NONE',  #6385 ) ;
#872 = CARTESIAN_POINT ( 'NONE',  ( 8.713256738517836563E-14, 5.000000000000000000, -43.00033533384725359 ) ) ;
#873 = VERTEX_POINT ( 'NONE', #6347 ) ;
#874 = CARTESIAN_POINT ( 'NONE',  ( 36.78429829406522344, 3.000000000000000000, 33.28004330095095042 ) ) ;
#875 = ORIENTED_EDGE ( 'NONE', *, *, #13151, .F. ) ;
#876 = FACE_OUTER_BOUND ( 'NONE', #3720, .T. ) ;
#877 = EDGE_CURVE ( 'NONE', #578, #12094, #7193, .T. ) ;
#878 = ORIENTED_EDGE ( 'NONE', *, *, #11595, .F. ) ;
#879 = ADVANCED_FACE ( 'NONE', ( #1945 ), #6138, .T. ) ;
#880 = LINE ( 'NONE', #2900, #5690 ) ;
#881 = VERTEX_POINT ( 'NONE', #827 ) ;
#882 = CARTESIAN_POINT ( 'NONE',  ( 20.56084039280836961, 5.000000000000000000, 26.11769034401479317 ) ) ;
#883 = ORIENTED_EDGE ( 'NONE', *, *, #983, .T. ) ;
#884 = PLANE ( 'NONE',  #185 ) ;
#885 = LINE ( 'NONE', #5143, #11903 ) ;
#886 = FACE_OUTER_BOUND ( 'NONE', #10487, .T. ) ;
#887 = ORIENTED_EDGE ( 'NONE', *, *, #1206, .T. ) ;
#888 = ADVANCED_FACE ( 'NONE', ( #4248 ), #5298, .T. ) ;
#889 = CARTESIAN_POINT ( 'NONE',  ( -8.588006567191630580, 5.000000000000000000, 24.74071773601479407 ) ) ;
#890 = EDGE_LOOP ( 'NONE', ( #4602, #12010, #10115, #5349 ) ) ;
#891 = EDGE_CURVE ( 'NONE', #13618, #13804, #8525, .T. ) ;
#892 = ORIENTED_EDGE ( 'NONE', *, *, #1156, .F. ) ;
#893 = DIRECTION ( 'NONE',  ( -0.1021953906665737516, 0.000000000000000000, -0.9947643450217275030 ) ) ;
#894 = ORIENTED_EDGE ( 'NONE', *, *, #4058, .T. ) ;
#895 = DIRECTION ( 'NONE',  ( 0.9525775992158900252, 0.000000000000000000, -0.3042957730105548264 ) ) ;
#896 = LINE ( 'NONE', #966, #427 ) ;
#897 = LINE ( 'NONE', #5155, #4629 ) ;
#898 = DIRECTION ( 'NONE',  ( -0.9967722461048652560, 0.000000000000000000, -0.08028131410896159614 ) ) ;
#899 = LINE ( 'NONE', #583, #7644 ) ;
#900 = EDGE_CURVE ( 'NONE', #6331, #9000, #12578, .T. ) ;
#901 = CARTESIAN_POINT ( 'NONE',  ( -2.271845065139749487, 5.000000000000000000, -44.13625786616599811 ) ) ;
#902 = DIRECTION ( 'NONE',  ( -0.000000000000000000, -1.000000000000000000, -0.000000000000000000 ) ) ;
#903 = CARTESIAN_POINT ( 'NONE',  ( -15.00846787935467219, 5.000000000000000000, 14.72194499442590399 ) ) ;
#904 = CARTESIAN_POINT ( 'NONE',  ( -8.588006567191650120, 3.000000000000000000, 24.74071773601479407 ) ) ;
#905 = ORIENTED_EDGE ( 'NONE', *, *, #6871, .T. ) ;
#906 = EDGE_CURVE ( 'NONE', #7968, #2071, #9583, .T. ) ;
#907 = DIRECTION ( 'NONE',  ( 1.000000000000000000, -0.000000000000000000, 0.000000000000000000 ) ) ;
#908 = ADVANCED_FACE ( 'NONE', ( #2983 ), #11539, .F. ) ;
#909 = VERTEX_POINT ( 'NONE', #10493 ) ;
#910 = CARTESIAN_POINT ( 'NONE',  ( -27.49730174319163112, 3.000000000000000000, 0.000000000000000000 ) ) ;
#911 = AXIS2_PLACEMENT_3D ( 'NONE', #11135, #2714, #4888 ) ;
#912 = CARTESIAN_POINT ( 'NONE',  ( -84.00000000000001421, 3.000000000000000000, 29.04999999999999361 ) ) ;
#913 = LINE ( 'NONE', #3001, #3448 ) ;
#914 = EDGE_LOOP ( 'NONE', ( #1642, #5881, #11936, #2701 ) ) ;
#915 = DIRECTION ( 'NONE',  ( -0.000000000000000000, -1.000000000000000000, -0.000000000000000000 ) ) ;
#916 = VERTEX_POINT ( 'NONE', #10556 ) ;
#917 = ADVANCED_FACE ( 'NONE', ( #8671 ), #1240, .T. ) ;
#918 = LINE ( 'NONE', #1895, #4383 ) ;
#919 = CARTESIAN_POINT ( 'NONE',  ( -7.374071136392290171, 5.000000000000000000, -10.93711989654776140 ) ) ;
#920 = CARTESIAN_POINT ( 'NONE',  ( -11.13019366857498404, 5.000000000000000000, -20.73994799644593812 ) ) ;
#921 = VERTEX_POINT ( 'NONE', #3332 ) ;
#922 = VECTOR ( 'NONE', #9592, 1000.000000000000000 ) ;
#923 = DIRECTION ( 'NONE',  ( -0.9991534101026517956, 0.000000000000000000, -0.04113955615027989343 ) ) ;
#924 = VERTEX_POINT ( 'NONE', #9712 ) ;
#925 = DIRECTION ( 'NONE',  ( -0.9982186956914593789, 0.000000000000000000, -0.05966100545617260970 ) ) ;
#926 = ORIENTED_EDGE ( 'NONE', *, *, #3996, .T. ) ;
#927 = LINE ( 'NONE', #8491, #6186 ) ;
#928 = EDGE_LOOP ( 'NONE', ( #12691, #6988 ) ) ;
#929 = VERTEX_POINT ( 'NONE', #6631 ) ;
#930 = ORIENTED_EDGE ( 'NONE', *, *, #7293, .F. ) ;
#931 = VECTOR ( 'NONE', #1304, 999.9999999999998863 ) ;
#932 = VECTOR ( 'NONE', #9144, 1000.000000000000000 ) ;
#933 = LINE ( 'NONE', #4358, #7551 ) ;
#934 = ADVANCED_FACE ( 'NONE', ( #2282 ), #10971, .T. ) ;
#935 = EDGE_CURVE ( 'NONE', #8310, #9457, #7552, .T. ) ;
#936 = DIRECTION ( 'NONE',  ( 0.9894149587662085521, 0.000000000000000000, 0.1451138841381547639 ) ) ;
#937 = DIRECTION ( 'NONE',  ( 0.000000000000000000, 0.000000000000000000, -1.000000000000000000 ) ) ;
#938 = CARTESIAN_POINT ( 'NONE',  ( -5.932947615191614510, 3.000000000000000000, 24.32787121601480251 ) ) ;
#939 = CARTESIAN_POINT ( 'NONE',  ( -21.56172611119163207, 5.000000000000000000, 20.23155835201480102 ) ) ;
#940 = ORIENTED_EDGE ( 'NONE', *, *, #8261, .T. ) ;
#941 = CARTESIAN_POINT ( 'NONE',  ( 3.164480976808370816, 5.000000000000000000, -7.958103327985199371 ) ) ;
#942 = ORIENTED_EDGE ( 'NONE', *, *, #5355, .T. ) ;
#943 = CARTESIAN_POINT ( 'NONE',  ( -2.419755690874775045, 5.000000000000000000, 14.48093071273969024 ) ) ;
#944 = VECTOR ( 'NONE', #7124, 1000.000000000000114 ) ;
#945 = ORIENTED_EDGE ( 'NONE', *, *, #9454, .F. ) ;
#946 = AXIS2_PLACEMENT_3D ( 'NONE', #8146, #3931, #11426 ) ;
#947 = CARTESIAN_POINT ( 'NONE',  ( 13.43432480080837443, 5.000000000000000000, 31.41431881601479503 ) ) ;
#948 = VERTEX_POINT ( 'NONE', #10831 ) ;
#949 = DIRECTION ( 'NONE',  ( 0.6234574481902683818, 0.000000000000000000, -0.7818572825625396128 ) ) ;
#950 = ORIENTED_EDGE ( 'NONE', *, *, #5832, .F. ) ;
#951 = DIRECTION ( 'NONE',  ( 0.000000000000000000, 0.000000000000000000, 1.000000000000000000 ) ) ;
#952 = EDGE_CURVE ( 'NONE', #3685, #1065, #4530, .T. ) ;
#953 = AXIS2_PLACEMENT_3D ( 'NONE', #12698, #5336, #9618 ) ;
#955 = LINE ( 'NONE', #2138, #8458 ) ;
#954 = VECTOR ( 'NONE', #4472, 1000.000000000000000 ) ;
#956 = DIRECTION ( 'NONE',  ( 1.000000000000000000, -0.000000000000000000, 0.000000000000000000 ) ) ;
#957 = ADVANCED_FACE ( 'NONE', ( #7764 ), #6484, .T. ) ;
#958 = LINE ( 'NONE', #10692, #13098 ) ;
#959 = EDGE_LOOP ( 'NONE', ( #12560, #3544, #12333, #1182 ) ) ;
#960 = CARTESIAN_POINT ( 'NONE',  ( 0.000000000000000000, 3.000000000000000000, 15.35652416001479637 ) ) ;
#961 = EDGE_LOOP ( 'NONE', ( #1485, #7546, #4557, #11353 ) ) ;
#962 = EDGE_LOOP ( 'NONE', ( #1814, #1184, #5189, #9677 ) ) ;
#963 = ORIENTED_EDGE ( 'NONE', *, *, #7798, .T. ) ;
#964 = VECTOR ( 'NONE', #565, 1000.000000000000000 ) ;
#965 = LINE ( 'NONE', #49, #7270 ) ;
#966 = CARTESIAN_POINT ( 'NONE',  ( 1.916210579425698501, 5.000000000000000000, 18.65228900768404685 ) ) ;
#967 = LINE ( 'NONE', #8318, #11337 ) ;
#968 = EDGE_CURVE ( 'NONE', #4717, #1996, #10759, .T. ) ;
#969 = PLANE ( 'NONE',  #398 ) ;
#970 = CARTESIAN_POINT ( 'NONE',  ( -8.887138303191614241, 3.000000000000000000, 30.43649501601479557 ) ) ;
#971 = LINE ( 'NONE', #2016, #1894 ) ;
#972 = AXIS2_PLACEMENT_3D ( 'NONE', #1581, #465, #12361 ) ;
#973 = DIRECTION ( 'NONE',  ( 0.5893963186387825015, 0.000000000000000000, 0.8078440317134556459 ) ) ;
#974 = LINE ( 'NONE', #13775, #12162 ) ;
#975 = PERSON_AND_ORGANIZATION_ROLE ( 'design_supplier' ) ;
#976 = CARTESIAN_POINT ( 'NONE',  ( 3.479050763452518957, 3.000000000000000000, 16.62662226320075121 ) ) ;
#977 = ORIENTED_EDGE ( 'NONE', *, *, #1380, .T. ) ;
#978 = DIRECTION ( 'NONE',  ( -0.9802226050266665824, 0.000000000000000000, -0.1978980661722990197 ) ) ;
#979 = ORIENTED_EDGE ( 'NONE', *, *, #9296, .T. ) ;
#980 = LINE ( 'NONE', #844, #4829 ) ;
#981 = LINE ( 'NONE', #5242, #13749 ) ;
#982 = FACE_BOUND ( 'NONE', #4690, .T. ) ;
#983 = EDGE_CURVE ( 'NONE', #8252, #13085, #3260, .T. ) ;
#984 = ORIENTED_EDGE ( 'NONE', *, *, #6889, .F. ) ;
#985 = AXIS2_PLACEMENT_3D ( 'NONE', #8931, #11166, #13125 ) ;
#986 = CARTESIAN_POINT ( 'NONE',  ( 1.873892360731920004, 5.000000000000000000, 22.30510746497701646 ) ) ;
#987 = ORIENTED_EDGE ( 'NONE', *, *, #2322, .F. ) ;
#988 = ADVANCED_FACE ( 'NONE', ( #4603 ), #3477, .T. ) ;
#989 = EDGE_CURVE ( 'NONE', #12303, #5317, #11884, .T. ) ;
#990 = CARTESIAN_POINT ( 'NONE',  ( -19.47197919857823578, 3.000000000000000000, -9.735989599289151641 ) ) ;
#991 = DIRECTION ( 'NONE',  ( 0.3824844415231389294, 0.000000000000000000, 0.9239619321123205831 ) ) ;
#992 = CARTESIAN_POINT ( 'NONE',  ( 29.02438641690035936, 5.000000000000000000, 30.86727501484084968 ) ) ;
#993 = ORIENTED_EDGE ( 'NONE', *, *, #1071, .T. ) ;
#994 = AXIS2_PLACEMENT_3D ( 'NONE', #10274, #6065, #2779 ) ;
#995 = LINE ( 'NONE', #11, #2771 ) ;
#996 = ORIENTED_EDGE ( 'NONE', *, *, #831, .F. ) ;
#997 = AXIS2_PLACEMENT_3D ( 'NONE', #7785, #10780, #9871 ) ;
#998 = FACE_OUTER_BOUND ( 'NONE', #13630, .T. ) ;
#999 = FACE_OUTER_BOUND ( 'NONE', #3530, .T. ) ;
#1000 = VERTEX_POINT ( 'NONE', #121 ) ;
#1001 = EDGE_CURVE ( 'NONE', #5256, #9335, #8737, .T. ) ;
#1002 = VERTEX_POINT ( 'NONE', #1166 ) ;
#1003 = VERTEX_POINT ( 'NONE', #5644 ) ;
#1004 = AXIS2_PLACEMENT_3D ( 'NONE', #630, #4825, #4892 ) ;
#1005 = CARTESIAN_POINT ( 'NONE',  ( 0.000000000000000000, 5.000000000000000000, 13.67547900801479521 ) ) ;
#1006 = VECTOR ( 'NONE', #3958, 1000.000000000000114 ) ;
#1007 = FACE_OUTER_BOUND ( 'NONE', #13307, .T. ) ;
#1008 = PLANE ( 'NONE',  #3854 ) ;
#1009 = CARTESIAN_POINT ( 'NONE',  ( 4.407289006852130875, 5.000000000000000000, 4.457221700436739376 ) ) ;
#1010 = DIRECTION ( 'NONE',  ( 0.8571314614376858154, 0.000000000000000000, -0.5150977167622634578 ) ) ;
#1011 = ORIENTED_EDGE ( 'NONE', *, *, #10328, .T. ) ;
#1012 = CARTESIAN_POINT ( 'NONE',  ( -10.49648535119163029, 3.000000000000000000, 19.92748580801480429 ) ) ;
#1013 = EDGE_LOOP ( 'NONE', ( #11172, #10983, #5071, #12873 ) ) ;
#1014 = CARTESIAN_POINT ( 'NONE',  ( 43.19314564880837537, 5.000000000000000000, 21.32918277601479673 ) ) ;
#1015 = VECTOR ( 'NONE', #8125, 1000.000000000000000 ) ;
#1016 = VERTEX_POINT ( 'NONE', #4390 ) ;
#1017 = DIRECTION ( 'NONE',  ( -0.8298422876552166150, 0.000000000000000000, -0.5579980086157626529 ) ) ;
#1018 = EDGE_CURVE ( 'NONE', #13664, #929, #5429, .T. ) ;
#1019 = VECTOR ( 'NONE', #5590, 1000.000000000000000 ) ;
#1020 = ORIENTED_EDGE ( 'NONE', *, *, #7293, .T. ) ;
#1021 = ADVANCED_FACE ( 'NONE', ( #2215 ), #13148, .T. ) ;
#1022 = LINE ( 'NONE', #2969, #7769 ) ;
#1023 = ORIENTED_EDGE ( 'NONE', *, *, #250, .F. ) ;
#1024 = DIRECTION ( 'NONE',  ( -0.000000000000000000, -1.000000000000000000, -0.000000000000000000 ) ) ;
#1025 = VECTOR ( 'NONE', #7827, 1000.000000000000000 ) ;
#1026 = FACE_OUTER_BOUND ( 'NONE', #10378, .T. ) ;
#1027 = DIRECTION ( 'NONE',  ( -0.000000000000000000, -1.000000000000000000, -0.000000000000000000 ) ) ;
#1028 = VECTOR ( 'NONE', #11231, 1000.000000000000000 ) ;
#1029 = CARTESIAN_POINT ( 'NONE',  ( 0.009803779775191534540, 3.000000000000000000, -24.29427446513289013 ) ) ;
#1030 = CARTESIAN_POINT ( 'NONE',  ( 25.66482612080836390, 3.000000000000000000, -7.559139431985197000 ) ) ;
#1031 = VERTEX_POINT ( 'NONE', #2198 ) ;
#1032 = VERTEX_POINT ( 'NONE', #8298 ) ;
#1033 = ORIENTED_EDGE ( 'NONE', *, *, #10239, .F. ) ;
#1034 = ADVANCED_FACE ( 'NONE', ( #1146 ), #12704, .T. ) ;
#1035 = DIRECTION ( 'NONE',  ( -0.9238794569645282229, 0.000000000000000000, -0.3826836147510478958 ) ) ;
#1036 = DIRECTION ( 'NONE',  ( -0.000000000000000000, -1.000000000000000000, -0.000000000000000000 ) ) ;
#1037 = VECTOR ( 'NONE', #1277, 999.9999999999998863 ) ;
#1038 = DIRECTION ( 'NONE',  ( 0.8703411837965182585, 0.000000000000000000, 0.4924492093482081834 ) ) ;
#1039 = VECTOR ( 'NONE', #4721, 1000.000000000000114 ) ;
#1040 = CARTESIAN_POINT ( 'NONE',  ( 25.02796988880836793, 5.000000000000000000, -6.405603511985210829 ) ) ;
#1041 = CARTESIAN_POINT ( 'NONE',  ( -14.98016785489369340, 5.000000000000000000, 22.16508499598263171 ) ) ;
#1042 = LINE ( 'NONE', #8469, #4134 ) ;
#1043 = DIRECTION ( 'NONE',  ( 0.08127642004887249139, -0.000000000000000000, 0.9966915990134758152 ) ) ;
#1044 = DIRECTION ( 'NONE',  ( 0.000000000000000000, 0.000000000000000000, 1.000000000000000000 ) ) ;
#1045 = VECTOR ( 'NONE', #4331, 1000.000000000000000 ) ;
#1046 = LINE ( 'NONE', #11551, #922 ) ;
#1047 = VERTEX_POINT ( 'NONE', #5135 ) ;
#1048 = CARTESIAN_POINT ( 'NONE',  ( 19.59674173680836518, 5.000000000000000000, 20.86278899201479575 ) ) ;
#1049 = AXIS2_PLACEMENT_3D ( 'NONE', #10926, #11842, #1399 ) ;
#1050 = EDGE_LOOP ( 'NONE', ( #7597, #7726, #8787, #9431 ) ) ;
#1051 = FACE_OUTER_BOUND ( 'NONE', #3740, .T. ) ;
#1052 = ADVANCED_FACE ( 'NONE', ( #1086 ), #10683, .T. ) ;
#1053 = LINE ( 'NONE', #10648, #9736 ) ;
#1054 = CARTESIAN_POINT ( 'NONE',  ( 17.32219205680836893, 5.000000000000000000, 21.22416088801479361 ) ) ;
#1055 = EDGE_CURVE ( 'NONE', #1989, #10013, #11801, .T. ) ;
#1056 = VERTEX_POINT ( 'NONE', #3102 ) ;
#1057 = CARTESIAN_POINT ( 'NONE',  ( -7.819220144426005881, 3.000000000000000000, -2.262417897434033875 ) ) ;
#1058 = ORIENTED_EDGE ( 'NONE', *, *, #8247, .T. ) ;
#1059 = AXIS2_PLACEMENT_3D ( 'NONE', #8227, #8159, #12491 ) ;
#1060 = AXIS2_PLACEMENT_3D ( 'NONE', #10466, #2892, #666 ) ;
#1061 = CARTESIAN_POINT ( 'NONE',  ( 45.57875428880836921, 3.000000000000000000, 22.09059349601479738 ) ) ;
#1062 = LINE ( 'NONE', #7505, #5653 ) ;
#1063 = EDGE_CURVE ( 'NONE', #568, #790, #11726, .T. ) ;
#1064 = DIRECTION ( 'NONE',  ( 0.000000000000000000, 0.000000000000000000, 1.000000000000000000 ) ) ;
#1065 = VERTEX_POINT ( 'NONE', #1014 ) ;
#1066 = CARTESIAN_POINT ( 'NONE',  ( -9.572363247191628233, 3.000000000000000000, 21.19736998401479866 ) ) ;
#1067 = ORIENTED_EDGE ( 'NONE', *, *, #3633, .F. ) ;
#1068 = DIRECTION ( 'NONE',  ( -0.9170333846916153275, 0.000000000000000000, -0.3988104454011203726 ) ) ;
#1069 = ADVANCED_FACE ( 'NONE', ( #6328 ), #2963, .T. ) ;
#1070 = VECTOR ( 'NONE', #1105, 1000.000000000000000 ) ;
#1071 = EDGE_CURVE ( 'NONE', #11919, #9470, #9413, .T. ) ;
#1072 = LINE ( 'NONE', #12690, #13350 ) ;
#1073 = VERTEX_POINT ( 'NONE', #5276 ) ;
#1074 = ORIENTED_EDGE ( 'NONE', *, *, #1962, .T. ) ;
#1075 = FACE_OUTER_BOUND ( 'NONE', #12909, .T. ) ;
#1076 = AXIS2_PLACEMENT_3D ( 'NONE', #12294, #9271, #5979 ) ;
#1077 = DIRECTION ( 'NONE',  ( 0.000000000000000000, 0.000000000000000000, -1.000000000000000000 ) ) ;
#1078 = LINE ( 'NONE', #3372, #11690 ) ;
#1079 = EDGE_CURVE ( 'NONE', #3003, #9933, #5485, .T. ) ;
#1080 = ORIENTED_EDGE ( 'NONE', *, *, #4911, .F. ) ;
#1081 = CARTESIAN_POINT ( 'NONE',  ( 7.666216448808371275, 5.000000000000000000, 12.12051132801479625 ) ) ;
#1082 = CARTESIAN_POINT ( 'NONE',  ( 19.73994706890089290, 5.000000000000000000, 32.84761149053716878 ) ) ;
#1083 = ORIENTED_EDGE ( 'NONE', *, *, #343, .T. ) ;
#1084 = LINE ( 'NONE', #4228, #9699 ) ;
#1085 = ORIENTED_EDGE ( 'NONE', *, *, #10190, .T. ) ;
#1086 = FACE_OUTER_BOUND ( 'NONE', #7375, .T. ) ;
#1087 = EDGE_LOOP ( 'NONE', ( #6105, #11637, #7260, #8071 ) ) ;
#1088 = EDGE_CURVE ( 'NONE', #1056, #10849, #13744, .T. ) ;
#1089 = ORIENTED_EDGE ( 'NONE', *, *, #150, .F. ) ;
#1090 = DIRECTION ( 'NONE',  ( -0.3648949911690694825, 0.000000000000000000, 0.9310486804779462000 ) ) ;
#1091 = VERTEX_POINT ( 'NONE', #6257 ) ;
#1092 = LINE ( 'NONE', #5285, #5616 ) ;
#1093 = LINE ( 'NONE', #12714, #10696 ) ;
#1094 = LINE ( 'NONE', #6549, #2511 ) ;
#1095 = EDGE_CURVE ( 'NONE', #12720, #4291, #3168, .T. ) ;
#1096 = CARTESIAN_POINT ( 'NONE',  ( -28.01397533519163829, 5.000000000000000000, -7.856742087985201906 ) ) ;
#1097 = EDGE_CURVE ( 'NONE', #12901, #10230, #7456, .T. ) ;
#1098 = CARTESIAN_POINT ( 'NONE',  ( 15.66163640451633654, 3.000000000000000000, 27.46996339315762015 ) ) ;
#1099 = ORIENTED_EDGE ( 'NONE', *, *, #11320, .T. ) ;
#1100 = VERTEX_POINT ( 'NONE', #99 ) ;
#1101 = ORIENTED_EDGE ( 'NONE', *, *, #13487, .T. ) ;
#1102 = DIRECTION ( 'NONE',  ( -0.000000000000000000, -1.000000000000000000, -0.000000000000000000 ) ) ;
#1103 = LINE ( 'NONE', #11885, #3787 ) ;
#1104 = DIRECTION ( 'NONE',  ( -0.7296046392874412367, 0.000000000000000000, 0.6838691909497333077 ) ) ;
#1105 = DIRECTION ( 'NONE',  ( 1.000000000000000000, -0.000000000000000000, 0.000000000000000000 ) ) ;
#1106 = DIRECTION ( 'NONE',  ( -0.9894149587662085521, 0.000000000000000000, -0.1451138841381547639 ) ) ;
#1107 = EDGE_CURVE ( 'NONE', #3, #1016, #8576, .T. ) ;
#1108 = DIRECTION ( 'NONE',  ( 0.04951962448429150787, 0.000000000000000000, -0.9987731508160072602 ) ) ;
#1109 = ADVANCED_FACE ( 'NONE', ( #13819 ), #12556, .T. ) ;
#1110 = FACE_OUTER_BOUND ( 'NONE', #9430, .T. ) ;
#1111 = DIRECTION ( 'NONE',  ( -0.8822466111022760904, 0.000000000000000000, 0.4707875499612847459 ) ) ;
#1112 = VERTEX_POINT ( 'NONE', #9625 ) ;
#1113 = LINE ( 'NONE', #976, #6965 ) ;
#1114 = VERTEX_POINT ( 'NONE', #29 ) ;
#1115 = CARTESIAN_POINT ( 'NONE',  ( -27.67035092719162037, 5.000000000000000000, 21.44784446401479627 ) ) ;
#1116 = ORIENTED_EDGE ( 'NONE', *, *, #5497, .F. ) ;
#1117 = ORIENTED_EDGE ( 'NONE', *, *, #9131, .T. ) ;
#1118 = LINE ( 'NONE', #9656, #1045 ) ;
#1119 = FACE_OUTER_BOUND ( 'NONE', #2227, .T. ) ;
#1120 = DIRECTION ( 'NONE',  ( 0.7109850036413771779, 0.000000000000000000, -0.7032071704676161605 ) ) ;
#1121 = ORIENTED_EDGE ( 'NONE', *, *, #10390, .T. ) ;
#1122 = DIRECTION ( 'NONE',  ( -0.1104317253277669608, 0.000000000000000000, -0.9938837125343853440 ) ) ;
#1123 = EDGE_LOOP ( 'NONE', ( #4218, #2336, #524, #11882 ) ) ;
#1124 = ADVANCED_FACE ( 'NONE', ( #2056 ), #7320, .T. ) ;
#1125 = CARTESIAN_POINT ( 'NONE',  ( 19.73994706890089290, 3.000000000000000000, 32.84761149053716878 ) ) ;
#1126 = CARTESIAN_POINT ( 'NONE',  ( -40.39438440719162315, 5.000000000000000000, 28.09044738401479080 ) ) ;
#1127 = ADVANCED_FACE ( 'NONE', ( #876 ), #11592, .T. ) ;
#1128 = FACE_OUTER_BOUND ( 'NONE', #4162, .T. ) ;
#1129 = ORIENTED_EDGE ( 'NONE', *, *, #1729, .F. ) ;
#1130 = CARTESIAN_POINT ( 'NONE',  ( -33.29443721519162835, 5.000000000000000000, 0.000000000000000000 ) ) ;
#1131 = ORIENTED_EDGE ( 'NONE', *, *, #12740, .T. ) ;
#1132 = VERTEX_POINT ( 'NONE', #9838 ) ;
#1133 = CARTESIAN_POINT ( 'NONE',  ( 0.000000000000000000, 5.000000000000000000, 20.22908540801479660 ) ) ;
#1134 = DIRECTION ( 'NONE',  ( 1.000000000000000000, -0.000000000000000000, 0.000000000000000000 ) ) ;
#1135 = ORIENTED_EDGE ( 'NONE', *, *, #11219, .T. ) ;
#1136 = ORIENTED_EDGE ( 'NONE', *, *, #1088, .F. ) ;
#1137 = LINE ( 'NONE', #9552, #12250 ) ;
#1138 = EDGE_CURVE ( 'NONE', #8208, #13449, #245, .T. ) ;
#1139 = CARTESIAN_POINT ( 'NONE',  ( 19.47197919857834592, 5.000000000000000000, -9.735989599289924357 ) ) ;
#1140 = PLANE ( 'NONE',  #9007 ) ;
#1141 = ORIENTED_EDGE ( 'NONE', *, *, #3997, .T. ) ;
#1142 = LINE ( 'NONE', #4440, #5845 ) ;
#1143 = ORIENTED_EDGE ( 'NONE', *, *, #12477, .F. ) ;
#1144 = DIRECTION ( 'NONE',  ( -0.000000000000000000, -1.000000000000000000, -0.000000000000000000 ) ) ;
#1145 = ORIENTED_EDGE ( 'NONE', *, *, #8905, .F. ) ;
#1146 = FACE_OUTER_BOUND ( 'NONE', #12893, .T. ) ;
#1147 = VERTEX_POINT ( 'NONE', #1359 ) ;
#1148 = CARTESIAN_POINT ( 'NONE',  ( 81.99999999999998579, 0.000000000000000000, -53.00000000000000711 ) ) ;
#1149 = EDGE_LOOP ( 'NONE', ( #2699, #12203, #7818, #7082 ) ) ;
#1150 = VECTOR ( 'NONE', #6489, 1000.000000000000000 ) ;
#1151 = LINE ( 'NONE', #13823, #5279 ) ;
#1152 = VERTEX_POINT ( 'NONE', #10811 ) ;
#1153 = EDGE_CURVE ( 'NONE', #13208, #13557, #6821, .T. ) ;
#1154 = CARTESIAN_POINT ( 'NONE',  ( 4.502204598913178479, 3.000000000000000000, -23.43107428125284386 ) ) ;
#1155 = EDGE_CURVE ( 'NONE', #7508, #8575, #10048, .T. ) ;
#1156 = EDGE_CURVE ( 'NONE', #257, #13538, #8788, .T. ) ;
#1157 = LINE ( 'NONE', #3389, #7119 ) ;
#1158 = LINE ( 'NONE', #3325, #3843 ) ;
#1159 = CARTESIAN_POINT ( 'NONE',  ( 0.000000000000000000, 5.000000000000000000, -6.932171927985203652 ) ) ;
#1160 = AXIS2_PLACEMENT_3D ( 'NONE', #11665, #2272, #10691 ) ;
#1161 = AXIS2_PLACEMENT_3D ( 'NONE', #3591, #4577, #10879 ) ;
#1162 = LINE ( 'NONE', #13832, #5241 ) ;
#1163 = VERTEX_POINT ( 'NONE', #4368 ) ;
#1164 = EDGE_LOOP ( 'NONE', ( #9580, #5244, #9323, #8727 ) ) ;
#1165 = ORIENTED_EDGE ( 'NONE', *, *, #8602, .T. ) ;
#1166 = CARTESIAN_POINT ( 'NONE',  ( -11.74738861519163358, 5.000000000000000000, 6.906791504014798022 ) ) ;
#1167 = FACE_OUTER_BOUND ( 'NONE', #664, .T. ) ;
#1168 = EDGE_CURVE ( 'NONE', #12647, #10290, #3314, .T. ) ;
#1169 = CARTESIAN_POINT ( 'NONE',  ( -28.38106731119163584, 5.000000000000000000, -7.704687527985198514 ) ) ;
#1170 = VECTOR ( 'NONE', #602, 1000.000000000000000 ) ;
#1171 = VECTOR ( 'NONE', #9329, 1000.000000000000000 ) ;
#1172 = CARTESIAN_POINT ( 'NONE',  ( 26.00692652880835709, 3.000000000000000000, 32.03596146401479672 ) ) ;
#1173 = DIRECTION ( 'NONE',  ( -0.5599538780271298144, 0.000000000000000000, 0.8285237802757252634 ) ) ;
#1174 = CARTESIAN_POINT ( 'NONE',  ( -76.50000000000001421, 0.000000000000000000, 48.69999999999999574 ) ) ;
#1175 = LINE ( 'NONE', #9722, #12780 ) ;
#1176 = DIRECTION ( 'NONE',  ( -0.3837759022392077668, 0.000000000000000000, 0.9234262595683977448 ) ) ;
#1177 = CARTESIAN_POINT ( 'NONE',  ( 76.49999999999998579, 3.000000000000000000, 46.99999999999999289 ) ) ;
#1178 = ORIENTED_EDGE ( 'NONE', *, *, #9391, .F. ) ;
#1179 = VECTOR ( 'NONE', #9168, 1000.000000000000000 ) ;
#1180 = CARTESIAN_POINT ( 'NONE',  ( 8.602210512808385445, 5.000000000000000000, 12.82337403201479908 ) ) ;
#1181 = ORIENTED_EDGE ( 'NONE', *, *, #12920, .T. ) ;
#1182 = ORIENTED_EDGE ( 'NONE', *, *, #8108, .T. ) ;
#1183 = LINE ( 'NONE', #7781, #10654 ) ;
#1184 = ORIENTED_EDGE ( 'NONE', *, *, #2069, .F. ) ;
#1185 = AXIS2_PLACEMENT_3D ( 'NONE', #10225, #7070, #11276 ) ;
#1186 = DIRECTION ( 'NONE',  ( 0.7848623030600215822, 0.000000000000000000, -0.6196702068320848467 ) ) ;
#1187 = DIRECTION ( 'NONE',  ( -0.7285199132161075397, 0.000000000000000000, 0.6850246244096594994 ) ) ;
#1188 = EDGE_CURVE ( 'NONE', #13242, #6194, #316, .T. ) ;
#1189 = ORIENTED_EDGE ( 'NONE', *, *, #5892, .F. ) ;
#1190 = ADVANCED_FACE ( 'NONE', ( #6683 ), #10955, .T. ) ;
#1191 = CARTESIAN_POINT ( 'NONE',  ( -12.78320569519163463, 5.000000000000000000, -6.595962287985205563 ) ) ;
#1192 = ORIENTED_EDGE ( 'NONE', *, *, #12236, .T. ) ;
#1193 = VECTOR ( 'NONE', #4442, 1000.000000000000114 ) ;
#1194 = DIRECTION ( 'NONE',  ( 0.8322282705366530475, 0.000000000000000000, -0.5544331390885391952 ) ) ;
#1195 = CARTESIAN_POINT ( 'NONE',  ( 83.99999999999998579, 0.000000000000000000, 50.99999999999999289 ) ) ;
#1196 = DIRECTION ( 'NONE',  ( 0.000000000000000000, 1.000000000000000000, -0.000000000000000000 ) ) ;
#1197 = ORIENTED_EDGE ( 'NONE', *, *, #11405, .F. ) ;
#1198 = CARTESIAN_POINT ( 'NONE',  ( 5.843804798327555616, 3.000000000000000000, 19.88424986008754303 ) ) ;
#1199 = ORIENTED_EDGE ( 'NONE', *, *, #598, .F. ) ;
#1200 = CARTESIAN_POINT ( 'NONE',  ( -27.34509884719162898, 5.000000000000000000, 12.47437193601479066 ) ) ;
#1201 = VECTOR ( 'NONE', #10707, 1000.000000000000000 ) ;
#1202 = DIRECTION ( 'NONE',  ( 0.7808606759642450212, 0.000000000000000000, -0.6247052142672272490 ) ) ;
#1203 = VERTEX_POINT ( 'NONE', #8933 ) ;
#1204 = EDGE_CURVE ( 'NONE', #5357, #1147, #1909, .T. ) ;
#1205 = ORIENTED_EDGE ( 'NONE', *, *, #10616, .F. ) ;
#1206 = EDGE_CURVE ( 'NONE', #10524, #6090, #8650, .T. ) ;
#1207 = DIRECTION ( 'NONE',  ( 0.9586209608320950259, 0.000000000000000000, -0.2846855343240165537 ) ) ;
#1208 = VECTOR ( 'NONE', #6240, 1000.000000000000000 ) ;
#1209 = LINE ( 'NONE', #4286, #12023 ) ;
#1210 = FACE_OUTER_BOUND ( 'NONE', #10214, .T. ) ;
#1211 = VECTOR ( 'NONE', #1690, 1000.000000000000000 ) ;
#1212 = ORIENTED_EDGE ( 'NONE', *, *, #10962, .T. ) ;
#1213 = LINE ( 'NONE', #3310, #10103 ) ;
#1214 = VERTEX_POINT ( 'NONE', #5557 ) ;
#1215 = FACE_OUTER_BOUND ( 'NONE', #11524, .T. ) ;
#1216 = ORIENTED_EDGE ( 'NONE', *, *, #2487, .F. ) ;
#1217 = DIRECTION ( 'NONE',  ( -0.000000000000000000, -1.000000000000000000, -0.000000000000000000 ) ) ;
#1218 = ORIENTED_EDGE ( 'NONE', *, *, #4058, .F. ) ;
#1219 = ORIENTED_EDGE ( 'NONE', *, *, #3362, .T. ) ;
#1220 = DIRECTION ( 'NONE',  ( 0.000000000000000000, -0.000000000000000000, 1.000000000000000000 ) ) ;
#1221 = ORIENTED_EDGE ( 'NONE', *, *, #2878, .T. ) ;
#1222 = EDGE_CURVE ( 'NONE', #1535, #8428, #179, .T. ) ;
#1223 = AXIS2_PLACEMENT_3D ( 'NONE', #5654, #346, #6779 ) ;
#1224 = CARTESIAN_POINT ( 'NONE',  ( 0.000000000000000000, 5.000000000000000000, 0.000000000000000000 ) ) ;
#1225 = EDGE_CURVE ( 'NONE', #9383, #1711, #6748, .T. ) ;
#1226 = VERTEX_POINT ( 'NONE', #3529 ) ;
#1227 = VECTOR ( 'NONE', #13502, 999.9999999999998863 ) ;
#1228 = DIRECTION ( 'NONE',  ( 0.8964324551663522822, 0.000000000000000000, -0.4431803846340966468 ) ) ;
#1229 = DIRECTION ( 'NONE',  ( -0.000000000000000000, -1.000000000000000000, -0.000000000000000000 ) ) ;
#1230 = LINE ( 'NONE', #12777, #2057 ) ;
#1231 = FACE_OUTER_BOUND ( 'NONE', #7039, .T. ) ;
#1232 = AXIS2_PLACEMENT_3D ( 'NONE', #7829, #9706, #11953 ) ;
#1233 = EDGE_CURVE ( 'NONE', #6333, #12917, #2412, .T. ) ;
#1234 = VECTOR ( 'NONE', #7406, 1000.000000000000000 ) ;
#1235 = CARTESIAN_POINT ( 'NONE',  ( -24.40996265885857142, 5.000000000000000000, 17.99229214333718474 ) ) ;
#1236 = EDGE_LOOP ( 'NONE', ( #595, #10362, #11467, #2549, #2419, #9622, #2975, #6536, #11306, #3972, #2194, #3236, #9936, #5295, #2875, #6103, #11372, #4882, #7642, #4057, #690, #13260, #11796, #6942, #5223, #11493, #7012, #4131, #7104, #7319, #5222, #7797, #4085, #6483, #9387, #4367, #3120, #12302, #9843, #8701, #1221, #8366 ) ) ;
#1237 = ORIENTED_EDGE ( 'NONE', *, *, #10661, .T. ) ;
#1238 = ORIENTED_EDGE ( 'NONE', *, *, #11043, .F. ) ;
#1239 = ADVANCED_FACE ( 'NONE', ( #7816 ), #2548, .T. ) ;
#1240 = PLANE ( 'NONE',  #9282 ) ;
#1241 = EDGE_CURVE ( 'NONE', #12395, #3315, #12081, .T. ) ;
#1242 = PLANE ( 'NONE',  #4681 ) ;
#1243 = VECTOR ( 'NONE', #5650, 1000.000000000000114 ) ;
#1244 = LINE ( 'NONE', #266, #9325 ) ;
#1245 = VECTOR ( 'NONE', #9133, 1000.000000000000000 ) ;
#1246 = DIRECTION ( 'NONE',  ( 0.5086196511956371236, 0.000000000000000000, -0.8609913184333675140 ) ) ;
#1247 = CARTESIAN_POINT ( 'NONE',  ( -84.00000000000001421, 3.000000000000000000, 50.99999999999999289 ) ) ;
#1248 = LINE ( 'NONE', #10911, #9288 ) ;
#1249 = PLANE ( 'NONE',  #3614 ) ;
#1250 = DIRECTION ( 'NONE',  ( 0.7961630348195800622, 0.000000000000000000, 0.6050821613523869047 ) ) ;
#1251 = ADVANCED_FACE ( 'NONE', ( #3454 ), #1431, .T. ) ;
#1252 = LINE ( 'NONE', #3487, #954 ) ;
#1253 = ORIENTED_EDGE ( 'NONE', *, *, #3882, .F. ) ;
#1254 = FACE_OUTER_BOUND ( 'NONE', #8583, .T. ) ;
#1255 = ORIENTED_EDGE ( 'NONE', *, *, #4417, .F. ) ;
#1256 = EDGE_LOOP ( 'NONE', ( #6939, #11075, #2728, #9063 ) ) ;
#1257 = AXIS2_PLACEMENT_3D ( 'NONE', #66, #12804, #210 ) ;
#1258 = CARTESIAN_POINT ( 'NONE',  ( 7.865941728808375721, 3.000000000000000000, 13.56901135201477793 ) ) ;
#1259 = VERTEX_POINT ( 'NONE', #11937 ) ;
#1260 = VECTOR ( 'NONE', #2721, 999.9999999999998863 ) ;
#1261 = DIRECTION ( 'NONE',  ( 0.09281742074359615458, 0.000000000000000000, 0.9956831455872425796 ) ) ;
#1262 = EDGE_CURVE ( 'NONE', #6840, #2712, #6534, .T. ) ;
#1263 = LINE ( 'NONE', #6504, #7472 ) ;
#1264 = VERTEX_POINT ( 'NONE', #5480 ) ;
#1265 = DIRECTION ( 'NONE',  ( 0.8199625269142671868, 0.000000000000000000, -0.5724172031450222020 ) ) ;
#1266 = VERTEX_POINT ( 'NONE', #9769 ) ;
#1267 = VECTOR ( 'NONE', #7602, 1000.000000000000114 ) ;
#1268 = AXIS2_PLACEMENT_3D ( 'NONE', #458, #3667, #2628 ) ;
#1269 = FACE_OUTER_BOUND ( 'NONE', #4885, .T. ) ;
#1270 = PLANE ( 'NONE',  #13257 ) ;
#1271 = EDGE_CURVE ( 'NONE', #9335, #5884, #12286, .T. ) ;
#1272 = EDGE_CURVE ( 'NONE', #4671, #5404, #1705, .T. ) ;
#1273 = DIRECTION ( 'NONE',  ( -0.8915711346808182780, 0.000000000000000000, 0.4528806816413769032 ) ) ;
#1274 = EDGE_LOOP ( 'NONE', ( #6177, #675, #610, #3244 ) ) ;
#1275 = DIRECTION ( 'NONE',  ( 0.9807865883708339894, 0.000000000000000000, -0.1950837463037355668 ) ) ;
#1276 = VERTEX_POINT ( 'NONE', #7161 ) ;
#1277 = DIRECTION ( 'NONE',  ( -0.9869663911105649445, 0.000000000000000000, 0.1609265137203549079 ) ) ;
#1278 = DIRECTION ( 'NONE',  ( 0.7159991443989345283, -0.000000000000000000, 0.6981011568676803725 ) ) ;
#1279 = LINE ( 'NONE', #1488, #6354 ) ;
#1280 = VECTOR ( 'NONE', #4006, 1000.000000000000114 ) ;
#1281 = ORIENTED_EDGE ( 'NONE', *, *, #380, .T. ) ;
#1282 = VECTOR ( 'NONE', #7135, 1000.000000000000000 ) ;
#1283 = VECTOR ( 'NONE', #6390, 999.9999999999998863 ) ;
#1284 = ORIENTED_EDGE ( 'NONE', *, *, #12604, .T. ) ;
#1285 = CARTESIAN_POINT ( 'NONE',  ( 17.61083054480836907, 5.000000000000000000, 20.02698065601478916 ) ) ;
#1286 = DIRECTION ( 'NONE',  ( 0.000000000000000000, 0.000000000000000000, -1.000000000000000000 ) ) ;
#1287 = CARTESIAN_POINT ( 'NONE',  ( -2.640075359191626614, 3.000000000000000000, 15.35652416001479637 ) ) ;
#1288 = LINE ( 'NONE', #11020, #6093 ) ;
#1289 = VERTEX_POINT ( 'NONE', #3662 ) ;
#1290 = VECTOR ( 'NONE', #5991, 1000.000000000000114 ) ;
#1291 = EDGE_CURVE ( 'NONE', #7638, #5787, #5967, .T. ) ;
#1292 = LINE ( 'NONE', #5553, #11451 ) ;
#1293 = ORIENTED_EDGE ( 'NONE', *, *, #10004, .T. ) ;
#1294 = VECTOR ( 'NONE', #12971, 1000.000000000000114 ) ;
#1295 = CARTESIAN_POINT ( 'NONE',  ( -22.76687779734753292, 3.000000000000000000, 7.428314981732949462 ) ) ;
#1296 = VERTEX_POINT ( 'NONE', #6896 ) ;
#1297 = CARTESIAN_POINT ( 'NONE',  ( 7.514016600808375301, 5.000000000000000000, 12.48672852801479749 ) ) ;
#1298 = VERTEX_POINT ( 'NONE', #3864 ) ;
#1299 = CARTESIAN_POINT ( 'NONE',  ( 31.98947996880836797, 3.000000000000000000, 21.91507543201479891 ) ) ;
#1300 = ORIENTED_EDGE ( 'NONE', *, *, #4540, .T. ) ;
#1301 = DIRECTION ( 'NONE',  ( 0.8703411837965182585, 0.000000000000000000, 0.4924492093482081834 ) ) ;
#1302 = ORIENTED_EDGE ( 'NONE', *, *, #11655, .F. ) ;
#1303 = VECTOR ( 'NONE', #9155, 1000.000000000000000 ) ;
#1304 = DIRECTION ( 'NONE',  ( 0.5837998310125535051, 0.000000000000000000, 0.8118976273581011149 ) ) ;
#1305 = FACE_OUTER_BOUND ( 'NONE', #7179, .T. ) ;
#1306 = DIRECTION ( 'NONE',  ( -0.8439955644044224714, 0.000000000000000000, -0.5363501535989901869 ) ) ;
#1307 = DIRECTION ( 'NONE',  ( -0.000000000000000000, -1.000000000000000000, -0.000000000000000000 ) ) ;
#1308 = ADVANCED_FACE ( 'NONE', ( #5827 ), #11371, .T. ) ;
#1309 = EDGE_CURVE ( 'NONE', #9383, #3515, #3739, .T. ) ;
#1310 = DIRECTION ( 'NONE',  ( 0.5933273495373738715, 0.000000000000000000, 0.8049612762679674294 ) ) ;
#1311 = ORIENTED_EDGE ( 'NONE', *, *, #9390, .F. ) ;
#1312 = ORIENTED_EDGE ( 'NONE', *, *, #11819, .T. ) ;
#1313 = VERTEX_POINT ( 'NONE', #8023 ) ;
#1314 = DIRECTION ( 'NONE',  ( -0.000000000000000000, -1.000000000000000000, -0.000000000000000000 ) ) ;
#1315 = CARTESIAN_POINT ( 'NONE',  ( -43.01236647119161205, 3.000000000000000000, 30.87900568801479650 ) ) ;
#1316 = CARTESIAN_POINT ( 'NONE',  ( 2.811553950093696130, 5.000000000000000000, 32.31142739570100986 ) ) ;
#1317 = CARTESIAN_POINT ( 'NONE',  ( -42.10015188719164314, 5.000000000000000000, 31.84560776801480131 ) ) ;
#1318 = LINE ( 'NONE', #2219, #709 ) ;
#1319 = DIRECTION ( 'NONE',  ( 0.000000000000000000, 0.000000000000000000, -1.000000000000000000 ) ) ;
#1320 = EDGE_CURVE ( 'NONE', #3559, #7455, #13256, .T. ) ;
#1321 = DIRECTION ( 'NONE',  ( -0.000000000000000000, -1.000000000000000000, -0.000000000000000000 ) ) ;
#1322 = PLANE ( 'NONE',  #6314 ) ;
#1323 = ORIENTED_EDGE ( 'NONE', *, *, #190, .T. ) ;
#1324 = CARTESIAN_POINT ( 'NONE',  ( 51.79120820880836362, 5.000000000000000000, 24.32787121601479896 ) ) ;
#1325 = ORIENTED_EDGE ( 'NONE', *, *, #6492, .T. ) ;
#1326 = DIRECTION ( 'NONE',  ( 0.9266947557670086599, -0.000000000000000000, 0.3758148874564765096 ) ) ;
#1327 = ORIENTED_EDGE ( 'NONE', *, *, #12614, .T. ) ;
#1328 = CARTESIAN_POINT ( 'NONE',  ( 21.80802306480837061, 5.000000000000000000, 26.13005201601479754 ) ) ;
#1329 = DIRECTION ( 'NONE',  ( -0.6709023663961941608, 0.000000000000000000, 0.7415456929710986245 ) ) ;
#1330 = ORIENTED_EDGE ( 'NONE', *, *, #3516, .F. ) ;
#1331 = CARTESIAN_POINT ( 'NONE',  ( -17.99527990622507190, 5.000000000000000000, -8.997639953101643329 ) ) ;
#1332 = ORIENTED_EDGE ( 'NONE', *, *, #5976, .T. ) ;
#1333 = EDGE_CURVE ( 'NONE', #10012, #2672, #6958, .T. ) ;
#1334 = ADVANCED_FACE ( 'NONE', ( #8083 ), #13450, .T. ) ;
#1335 = PLANE ( 'NONE',  #2598 ) ;
#1336 = EDGE_CURVE ( 'NONE', #9233, #6875, #11168, .T. ) ;
#1337 = DIRECTION ( 'NONE',  ( -1.000000000000000000, 0.000000000000000000, 0.000000000000000000 ) ) ;
#1338 = CARTESIAN_POINT ( 'NONE',  ( -25.50983445252338200, 3.000000000000000000, 17.17339002189970643 ) ) ;
#1339 = EDGE_LOOP ( 'NONE', ( #120, #1890, #2600, #13451 ) ) ;
#1340 = CARTESIAN_POINT ( 'NONE',  ( 4.458014130935589847, 5.000000000000000000, -4.900190452336112834 ) ) ;
#1341 = ORIENTED_EDGE ( 'NONE', *, *, #1225, .F. ) ;
#1342 = CARTESIAN_POINT ( 'NONE',  ( 39.29334445680835586, 3.000000000000000000, 22.53316817601479727 ) ) ;
#1343 = VERTEX_POINT ( 'NONE', #522 ) ;
#1344 = CARTESIAN_POINT ( 'NONE',  ( 19.92067098480834630, 3.000000000000000000, 29.12270033601479469 ) ) ;
#1345 = CARTESIAN_POINT ( 'NONE',  ( -12.03909237519162900, 5.000000000000000000, 12.62482528001480020 ) ) ;
#1346 = DIRECTION ( 'NONE',  ( -0.000000000000000000, -1.000000000000000000, -0.000000000000000000 ) ) ;
#1347 = ORIENTED_EDGE ( 'NONE', *, *, #9350, .F. ) ;
#1348 = ORIENTED_EDGE ( 'NONE', *, *, #1801, .T. ) ;
#1349 = ADVANCED_FACE ( 'NONE', ( #2819 ), #10181, .T. ) ;
#1350 = CARTESIAN_POINT ( 'NONE',  ( 17.50835901739438327, 3.000000000000000000, 36.23499567859320081 ) ) ;
#1351 = LINE ( 'NONE', #12207, #9426 ) ;
#1352 = LINE ( 'NONE', #6813, #13563 ) ;
#1353 = LINE ( 'NONE', #10950, #1402 ) ;
#1354 = DIRECTION ( 'NONE',  ( 1.000000000000000000, 0.000000000000000000, -0.000000000000000000 ) ) ;
#1355 = ORIENTED_EDGE ( 'NONE', *, *, #10515, .F. ) ;
#1356 = CARTESIAN_POINT ( 'NONE',  ( 0.000000000000000000, 3.000000000000000000, -7.958103327985199371 ) ) ;
#1357 = ORIENTED_EDGE ( 'NONE', *, *, #8970, .F. ) ;
#1358 = ORIENTED_EDGE ( 'NONE', *, *, #7192, .T. ) ;
#1359 = CARTESIAN_POINT ( 'NONE',  ( 13.40203873371506660, 5.000000000000000000, -21.87587052901554685 ) ) ;
#1360 = EDGE_LOOP ( 'NONE', ( #7844, #12947, #13143, #6568 ) ) ;
#1361 = LINE ( 'NONE', #3597, #4842 ) ;
#1362 = EDGE_LOOP ( 'NONE', ( #2766, #987, #11107, #9600 ) ) ;
#1363 = CARTESIAN_POINT ( 'NONE',  ( -14.12232112719163268, 5.000000000000000000, 29.82461917601479584 ) ) ;
#1364 = ORIENTED_EDGE ( 'NONE', *, *, #8495, .F. ) ;
#1365 = EDGE_CURVE ( 'NONE', #12676, #8822, #7947, .T. ) ;
#1366 = ADVANCED_FACE ( 'NONE', ( #12216 ), #1832, .T. ) ;
#1367 = PLANE ( 'NONE',  #11248 ) ;
#1368 = DIRECTION ( 'NONE',  ( 0.000000000000000000, 0.000000000000000000, 1.000000000000000000 ) ) ;
#1369 = DIRECTION ( 'NONE',  ( -0.6110636708215183566, 0.000000000000000000, -0.7915814488744231658 ) ) ;
#1370 = CARTESIAN_POINT ( 'NONE',  ( 0.000000000000000000, 5.000000000000000000, 15.35652416001479637 ) ) ;
#1371 = VECTOR ( 'NONE', #2486, 1000.000000000000000 ) ;
#1372 = DIRECTION ( 'NONE',  ( -0.08540894410708980977, 0.000000000000000000, 0.9963459802029172030 ) ) ;
#1373 = VERTEX_POINT ( 'NONE', #13518 ) ;
#1374 = ORIENTED_EDGE ( 'NONE', *, *, #8402, .F. ) ;
#1375 = EDGE_LOOP ( 'NONE', ( #1537, #1654, #9061, #1768 ) ) ;
#1376 = DIRECTION ( 'NONE',  ( -0.4431803846340966468, 0.000000000000000000, -0.8964324551663522822 ) ) ;
#1377 = CARTESIAN_POINT ( 'NONE',  ( 12.03196438480835795, 5.000000000000000000, 22.46637735201479558 ) ) ;
#1378 = EDGE_CURVE ( 'NONE', #809, #3598, #12485, .T. ) ;
#1379 = LINE ( 'NONE', #2434, #4856 ) ;
#1380 = EDGE_CURVE ( 'NONE', #13633, #11390, #452, .T. ) ;
#1381 = VECTOR ( 'NONE', #8143, 1000.000000000000114 ) ;
#1383 = DIRECTION ( 'NONE',  ( -0.000000000000000000, -1.000000000000000000, -0.000000000000000000 ) ) ;
#1382 = VECTOR ( 'NONE', #11861, 999.9999999999998863 ) ;
#1384 = DIRECTION ( 'NONE',  ( 0.000000000000000000, 0.000000000000000000, 1.000000000000000000 ) ) ;
#1385 = CARTESIAN_POINT ( 'NONE',  ( 0.000000000000000000, 5.000000000000000000, 12.63718593601479689 ) ) ;
#1386 = FACE_OUTER_BOUND ( 'NONE', #9890, .T. ) ;
#1387 = ORIENTED_EDGE ( 'NONE', *, *, #10320, .F. ) ;
#1388 = DIRECTION ( 'NONE',  ( 0.3793672077005238452, 0.000000000000000000, -0.9252461951942886342 ) ) ;
#1389 = ORIENTED_EDGE ( 'NONE', *, *, #5350, .F. ) ;
#1390 = DIRECTION ( 'NONE',  ( 0.000000000000000000, 0.000000000000000000, -1.000000000000000000 ) ) ;
#1391 = VERTEX_POINT ( 'NONE', #1569 ) ;
#1392 = ORIENTED_EDGE ( 'NONE', *, *, #6632, .T. ) ;
#1393 = VECTOR ( 'NONE', #4241, 1000.000000000000000 ) ;
#1394 = CARTESIAN_POINT ( 'NONE',  ( -30.42677213519162649, 5.000000000000000000, 20.23155835201480102 ) ) ;
#1395 = VECTOR ( 'NONE', #586, 1000.000000000000000 ) ;
#1396 = DIRECTION ( 'NONE',  ( -0.9015243005296962320, 0.000000000000000000, 0.4327284778639396423 ) ) ;
#1397 = ORIENTED_EDGE ( 'NONE', *, *, #5779, .T. ) ;
#1398 = EDGE_CURVE ( 'NONE', #8924, #2940, #1633, .T. ) ;
#1399 = DIRECTION ( 'NONE',  ( -1.000000000000000000, 0.000000000000000000, -0.000000000000000000 ) ) ;
#1400 = EDGE_LOOP ( 'NONE', ( #3814, #10588, #4459, #11053 ) ) ;
#1401 = FACE_OUTER_BOUND ( 'NONE', #12031, .T. ) ;
#1402 = VECTOR ( 'NONE', #12005, 1000.000000000000000 ) ;
#1403 = CARTESIAN_POINT ( 'NONE',  ( 11.13019367575657270, 5.000000000000000000, -19.85094799644561903 ) ) ;
#1404 = LINE ( 'NONE', #5669, #2536 ) ;
#1405 = LINE ( 'NONE', #5269, #11926 ) ;
#1406 = DIRECTION ( 'NONE',  ( -0.04946078512427073970, 0.000000000000000000, -0.9987760663606685130 ) ) ;
#1407 = ORIENTED_EDGE ( 'NONE', *, *, #8736, .F. ) ;
#1408 = PRODUCT_DEFINITION_FORMATION_WITH_SPECIFIED_SOURCE ( 'ANY', '', #3631, .NOT_KNOWN. ) ;
#1409 = DIRECTION ( 'NONE',  ( -0.5098636428915590546, 0.000000000000000000, 0.8602552328567079076 ) ) ;
#1410 = EDGE_CURVE ( 'NONE', #1572, #5826, #590, .T. ) ;
#1411 = EDGE_LOOP ( 'NONE', ( #851, #13456, #9559, #12350 ) ) ;
#1412 = DIRECTION ( 'NONE',  ( -1.000000000000000000, 0.000000000000000000, 4.956352788505159323E-16 ) ) ;
#1413 = DIRECTION ( 'NONE',  ( -0.7681255708988555808, 0.000000000000000000, 0.6402992326493194275 ) ) ;
#1414 = LINE ( 'NONE', #5609, #2778 ) ;
#1415 = VERTEX_POINT ( 'NONE', #10454 ) ;
#1416 = ADVANCED_FACE ( 'NONE', ( #11708 ), #4215, .T. ) ;
#1417 = VECTOR ( 'NONE', #5046, 1000.000000000000000 ) ;
#1418 = EDGE_CURVE ( 'NONE', #4441, #11579, #3151, .T. ) ;
#1419 = ORIENTED_EDGE ( 'NONE', *, *, #1913, .T. ) ;
#1420 = DIRECTION ( 'NONE',  ( 0.4412377587568079851, 0.000000000000000000, 0.8973902385513611302 ) ) ;
#1421 = PLANE ( 'NONE',  #4951 ) ;
#1422 = LINE ( 'NONE', #3446, #829 ) ;
#1423 = CARTESIAN_POINT ( 'NONE',  ( 3.535614600808365982, 5.000000000000000000, -7.871801239985202869 ) ) ;
#1424 = DIRECTION ( 'NONE',  ( 0.000000000000000000, 1.000000000000000000, -0.000000000000000000 ) ) ;
#1425 = ORIENTED_EDGE ( 'NONE', *, *, #3305, .T. ) ;
#1426 = AXIS2_PLACEMENT_3D ( 'NONE', #10679, #9561, #13816 ) ;
#1427 = DIRECTION ( 'NONE',  ( 1.000000000000000000, -0.000000000000000000, 0.000000000000000000 ) ) ;
#1428 = ORIENTED_EDGE ( 'NONE', *, *, #2663, .T. ) ;
#1429 = EDGE_CURVE ( 'NONE', #6227, #1841, #5119, .T. ) ;
#1430 = EDGE_LOOP ( 'NONE', ( #5048, #2091, #1237, #8171 ) ) ;
#1431 = PLANE ( 'NONE',  #5934 ) ;
#1432 = ORIENTED_EDGE ( 'NONE', *, *, #11840, .F. ) ;
#1433 = PLANE ( 'NONE',  #3947 ) ;
#1434 = ORIENTED_EDGE ( 'NONE', *, *, #12306, .F. ) ;
#1435 = CARTESIAN_POINT ( 'NONE',  ( -11.95127441519162126, 3.000000000000000000, -7.851058583985187411 ) ) ;
#1436 = EDGE_CURVE ( 'NONE', #4231, #11909, #7440, .T. ) ;
#1437 = ORIENTED_EDGE ( 'NONE', *, *, #6014, .F. ) ;
#1438 = VECTOR ( 'NONE', #4213, 999.9999999999998863 ) ;
#1439 = CARTESIAN_POINT ( 'NONE',  ( -42.10015188719165025, 3.000000000000000000, 31.84560776801480131 ) ) ;
#1440 = VECTOR ( 'NONE', #302, 1000.000000000000000 ) ;
#1441 = CARTESIAN_POINT ( 'NONE',  ( -19.47197919857823578, 5.000000000000000000, -9.735989599289151641 ) ) ;
#1442 = FACE_OUTER_BOUND ( 'NONE', #9139, .T. ) ;
#1443 = CARTESIAN_POINT ( 'NONE',  ( 33.84604724880837523, 5.000000000000000000, 24.22157018401479434 ) ) ;
#1444 = ADVANCED_FACE ( 'NONE', ( #786 ), #2182, .T. ) ;
#1445 = EDGE_CURVE ( 'NONE', #2280, #11497, #9611, .T. ) ;
#1446 = AXIS2_PLACEMENT_3D ( 'NONE', #10210, #2850, #11396 ) ;
#1447 = DIRECTION ( 'NONE',  ( -0.3683699901335094617, 0.000000000000000000, 0.9296792728511473758 ) ) ;
#1448 = ORIENTED_EDGE ( 'NONE', *, *, #4267, .T. ) ;
#1449 = ORIENTED_EDGE ( 'NONE', *, *, #10919, .F. ) ;
#1450 = VECTOR ( 'NONE', #4999, 1000.000000000000114 ) ;
#1451 = EDGE_LOOP ( 'NONE', ( #7980, #195, #6327, #3788 ) ) ;
#1452 = DIRECTION ( 'NONE',  ( 0.000000000000000000, 0.000000000000000000, -1.000000000000000000 ) ) ;
#1453 = VECTOR ( 'NONE', #7853, 1000.000000000000000 ) ;
#1454 = DIRECTION ( 'NONE',  ( -1.000000000000000000, 0.000000000000000000, -0.000000000000000000 ) ) ;
#1455 = DIRECTION ( 'NONE',  ( 0.000000000000000000, 1.000000000000000000, -0.000000000000000000 ) ) ;
#1456 = VECTOR ( 'NONE', #8315, 999.9999999999998863 ) ;
#1457 = CARTESIAN_POINT ( 'NONE',  ( 26.06379204880836298, 5.000000000000000000, 0.000000000000000000 ) ) ;
#1458 = ORIENTED_EDGE ( 'NONE', *, *, #12594, .T. ) ;
#1459 = EDGE_CURVE ( 'NONE', #182, #6463, #7299, .T. ) ;
#1460 = CARTESIAN_POINT ( 'NONE',  ( 26.00692652880835709, 3.000000000000000000, 23.41565663201480163 ) ) ;
#1461 = VERTEX_POINT ( 'NONE', #5328 ) ;
#1462 = ORIENTED_EDGE ( 'NONE', *, *, #10311, .F. ) ;
#1463 = CARTESIAN_POINT ( 'NONE',  ( 16.95074314274644323, 3.000000000000000000, 33.52174097693607990 ) ) ;
#1464 = ORIENTED_EDGE ( 'NONE', *, *, #11804, .T. ) ;
#1465 = VECTOR ( 'NONE', #8177, 1000.000000000000000 ) ;
#1466 = PLANE ( 'NONE',  #1898 ) ;
#1467 = CARTESIAN_POINT ( 'NONE',  ( 9.692467629963596565, 5.000000000000000000, -4.118274332157130679 ) ) ;
#1468 = AXIS2_PLACEMENT_3D ( 'NONE', #2261, #7668, #13054 ) ;
#1469 = VERTEX_POINT ( 'NONE', #12687 ) ;
#1470 = CARTESIAN_POINT ( 'NONE',  ( 7.274672369924116033, 5.000000000000000000, 9.213959372768281142 ) ) ;
#1471 = LINE ( 'NONE', #5738, #12190 ) ;
#1472 = VECTOR ( 'NONE', #1307, 1000.000000000000000 ) ;
#1473 = DIRECTION ( 'NONE',  ( 0.1978980661722990475, 0.000000000000000000, -0.9802226050266665824 ) ) ;
#1474 = CARTESIAN_POINT ( 'NONE',  ( -11.89783992719162420, 5.000000000000000000, 7.273732096014799531 ) ) ;
#1475 = CARTESIAN_POINT ( 'NONE',  ( 23.64318323390569176, 5.000000000000000000, -9.760141438357754495 ) ) ;
#1476 = VECTOR ( 'NONE', #13650, 1000.000000000000114 ) ;
#1477 = VERTEX_POINT ( 'NONE', #11574 ) ;
#1478 = DIRECTION ( 'NONE',  ( -0.000000000000000000, -1.000000000000000000, -0.000000000000000000 ) ) ;
#1479 = ORIENTED_EDGE ( 'NONE', *, *, #6417, .T. ) ;
#1480 = EDGE_CURVE ( 'NONE', #8356, #9067, #3223, .T. ) ;
#1481 = CARTESIAN_POINT ( 'NONE',  ( 14.12477198480838148, 3.000000000000000000, 30.41470283201479319 ) ) ;
#1482 = VECTOR ( 'NONE', #13099, 999.9999999999998863 ) ;
#1483 = PRODUCT_DEFINITION ( 'UNKNOWN', '', #1408, #6923 ) ;
#1484 = ORIENTED_EDGE ( 'NONE', *, *, #9988, .F. ) ;
#1485 = ORIENTED_EDGE ( 'NONE', *, *, #380, .F. ) ;
#1486 = CARTESIAN_POINT ( 'NONE',  ( 4.520389923644648533, 3.000000000000000000, 28.31530006049283799 ) ) ;
#1487 = DIRECTION ( 'NONE',  ( -1.000000000000000000, 0.000000000000000000, 0.000000000000000000 ) ) ;
#1488 = CARTESIAN_POINT ( 'NONE',  ( 8.978918928808372613, 5.000000000000000000, 15.35652416001479637 ) ) ;
#1489 = ORIENTED_EDGE ( 'NONE', *, *, #8510, .F. ) ;
#1490 = ORIENTED_EDGE ( 'NONE', *, *, #2243, .T. ) ;
#1491 = VECTOR ( 'NONE', #5411, 1000.000000000000000 ) ;
#1492 = VECTOR ( 'NONE', #11525, 1000.000000000000000 ) ;
#1493 = DIRECTION ( 'NONE',  ( 0.3683699901335094617, 0.000000000000000000, -0.9296792728511473758 ) ) ;
#1494 = PLANE ( 'NONE',  #1602 ) ;
#1495 = CARTESIAN_POINT ( 'NONE',  ( -28.53312187119164278, 3.000000000000000000, -7.337595551985202746 ) ) ;
#1496 = LINE ( 'NONE', #4779, #2950 ) ;
#1497 = CARTESIAN_POINT ( 'NONE',  ( 36.44178445208555672, 5.000000000000000000, -14.74220554361771640 ) ) ;
#1498 = EDGE_LOOP ( 'NONE', ( #434, #10736, #4199, #4310 ) ) ;
#1499 = ADVANCED_FACE ( 'NONE', ( #8490 ), #7372, .T. ) ;
#1500 = LINE ( 'NONE', #6891, #10824 ) ;
#1501 = ADVANCED_FACE ( 'NONE', ( #13 ), #2040, .T. ) ;
#1502 = VECTOR ( 'NONE', #3531, 999.9999999999998863 ) ;
#1503 = VERTEX_POINT ( 'NONE', #7511 ) ;
#1504 = DIRECTION ( 'NONE',  ( -0.000000000000000000, -1.000000000000000000, -0.000000000000000000 ) ) ;
#1505 = EDGE_LOOP ( 'NONE', ( #8644, #3745, #13167, #11841 ) ) ;
#1506 = AXIS2_PLACEMENT_3D ( 'NONE', #3334, #3481, #10973 ) ;
#1507 = DIRECTION ( 'NONE',  ( -0.8717537324814302879, 0.000000000000000000, 0.4899443130649595579 ) ) ;
#1508 = VECTOR ( 'NONE', #12973, 1000.000000000000000 ) ;
#1509 = ORIENTED_EDGE ( 'NONE', *, *, #11852, .F. ) ;
#1510 = CARTESIAN_POINT ( 'NONE',  ( 15.96171658273045857, 5.000000000000000000, 3.481637817375671684 ) ) ;
#1511 = ORIENTED_EDGE ( 'NONE', *, *, #7376, .F. ) ;
#1512 = EDGE_CURVE ( 'NONE', #10132, #4982, #11782, .T. ) ;
#1513 = CYLINDRICAL_SURFACE ( 'NONE', #6994, 0.8889999998513629098 ) ;
#1514 = AXIS2_PLACEMENT_3D ( 'NONE', #306, #9896, #5546 ) ;
#1515 = DIRECTION ( 'NONE',  ( 0.000000000000000000, 0.000000000000000000, 1.000000000000000000 ) ) ;
#1516 = AXIS2_PLACEMENT_3D ( 'NONE', #8910, #2456, #13169 ) ;
#1517 = DIRECTION ( 'NONE',  ( -0.6846322631128488601, 0.000000000000000000, -0.7288886501414183483 ) ) ;
#1518 = CARTESIAN_POINT ( 'NONE',  ( -40.77382891119162878, 5.000000000000000000, 29.08459220801479006 ) ) ;
#1519 = EDGE_CURVE ( 'NONE', #12303, #72, #13589, .T. ) ;
#1520 = CARTESIAN_POINT ( 'NONE',  ( 2.271845065138972330, 5.000000000000000000, -44.13625786616601232 ) ) ;
#1521 = ADVANCED_FACE ( 'NONE', ( #2944 ), #4069, .T. ) ;
#1522 = CARTESIAN_POINT ( 'NONE',  ( -21.56172611119162852, 3.000000000000000000, 32.03596146401479672 ) ) ;
#1523 = VERTEX_POINT ( 'NONE', #6242 ) ;
#1524 = EDGE_LOOP ( 'NONE', ( #6797, #9568, #10182, #11419 ) ) ;
#1525 = VERTEX_POINT ( 'NONE', #11503 ) ;
#1526 = AXIS2_PLACEMENT_3D ( 'NONE', #13383, #3790, #13695 ) ;
#1527 = CARTESIAN_POINT ( 'NONE',  ( -6.218455807191620721, 5.000000000000000000, 13.52342546401479773 ) ) ;
#1528 = ADVANCED_FACE ( 'NONE', ( #998 ), #9543, .T. ) ;
#1529 = EDGE_CURVE ( 'NONE', #13085, #10470, #5188, .T. ) ;
#1530 = CARTESIAN_POINT ( 'NONE',  ( -13.98218831119163141, 5.000000000000000000, 23.23271872001479821 ) ) ;
#1531 = CARTESIAN_POINT ( 'NONE',  ( -10.48412367919161703, 3.000000000000000000, 21.14624486401480041 ) ) ;
#1532 = PLANE ( 'NONE',  #11085 ) ;
#1533 = VECTOR ( 'NONE', #12022, 999.9999999999998863 ) ;
#1534 = CARTESIAN_POINT ( 'NONE',  ( 46.51162313680837457, 3.000000000000000000, 22.52847019201478318 ) ) ;
#1535 = VERTEX_POINT ( 'NONE', #8917 ) ;
#1536 = DIRECTION ( 'NONE',  ( 0.1146200847737016693, 0.000000000000000000, -0.9934094000795792301 ) ) ;
#1537 = ORIENTED_EDGE ( 'NONE', *, *, #12035, .F. ) ;
#1538 = CARTESIAN_POINT ( 'NONE',  ( 0.000000000000000000, 5.000000000000000000, 21.45031537601479243 ) ) ;
#1539 = LINE ( 'NONE', #5734, #7397 ) ;
#1540 = VERTEX_POINT ( 'NONE', #10793 ) ;
#1541 = PLANE ( 'NONE',  #6647 ) ;
#1542 = ADVANCED_FACE ( 'NONE', ( #8768 ), #11994, .T. ) ;
#1543 = ADVANCED_FACE ( 'NONE', ( #13108 ), #3580, .T. ) ;
#1544 = VECTOR ( 'NONE', #10760, 1000.000000000000000 ) ;
#1545 = DIRECTION ( 'NONE',  ( -0.04289985469393602091, 0.000000000000000000, -0.9990793774606895328 ) ) ;
#1546 = LINE ( 'NONE', #1605, #8416 ) ;
#1547 = DIRECTION ( 'NONE',  ( 0.000000000000000000, 0.000000000000000000, 1.000000000000000000 ) ) ;
#1548 = PLANE ( 'NONE',  #9682 ) ;
#1549 = PLANE ( 'NONE',  #10126 ) ;
#1550 = VERTEX_POINT ( 'NONE', #12894 ) ;
#1551 = CARTESIAN_POINT ( 'NONE',  ( 52.96622909670956147, 5.000000000000000000, -0.1006114812452373053 ) ) ;
#1552 = EDGE_LOOP ( 'NONE', ( #6085, #8201, #2214, #26 ) ) ;
#1553 = ORIENTED_EDGE ( 'NONE', *, *, #8949, .T. ) ;
#1554 = CARTESIAN_POINT ( 'NONE',  ( -50.42874584719162812, 3.000000000000000000, 0.000000000000000000 ) ) ;
#1555 = CARTESIAN_POINT ( 'NONE',  ( 4.407289006852130875, 3.000000000000000000, 4.457221700436739376 ) ) ;
#1556 = LINE ( 'NONE', #13503, #6804 ) ;
#1557 = ORIENTED_EDGE ( 'NONE', *, *, #13523, .F. ) ;
#1558 = ORIENTED_EDGE ( 'NONE', *, *, #2554, .F. ) ;
#1559 = ADVANCED_FACE ( 'NONE', ( #3512 ), #9751, .T. ) ;
#1560 = CARTESIAN_POINT ( 'NONE',  ( -15.45979978319161674, 5.000000000000000000, 28.07605066401479377 ) ) ;
#1561 = ADVANCED_FACE ( 'NONE', ( #6449 ), #6518, .T. ) ;
#1562 = DIRECTION ( 'NONE',  ( 0.9696479533249667826, 0.000000000000000000, 0.2445053099887669890 ) ) ;
#1563 = CARTESIAN_POINT ( 'NONE',  ( 37.23533180880836824, 5.000000000000000000, 0.000000000000000000 ) ) ;
#1564 = CARTESIAN_POINT ( 'NONE',  ( -77.00000000000001421, 3.000000000000000000, 29.04999999999999716 ) ) ;
#1565 = CARTESIAN_POINT ( 'NONE',  ( 26.41790367882060764, 5.000000000000000000, 5.718350162647949375 ) ) ;
#1566 = EDGE_LOOP ( 'NONE', ( #6210, #9399, #6078, #1853, #521, #12239, #8900, #1074, #13469, #8608, #13750, #11427, #10611, #5771, #10168, #13483, #3103, #2947, #6540, #13437, #10574, #8805, #6648, #4934, #2508, #6521, #9542, #10167, #10886, #4872, #5624, #11971 ) ) ;
#1567 = LINE ( 'NONE', #2546, #531 ) ;
#1568 = EDGE_LOOP ( 'NONE', ( #11250, #4589, #28, #2005, #5038, #10609, #6783, #2228, #6312, #945, #10079, #2700, #3303, #4568, #10266, #9446, #13389, #11012 ) ) ;
#1569 = CARTESIAN_POINT ( 'NONE',  ( -13.56603166319162668, 3.000000000000000000, 27.10688420001477894 ) ) ;
#1570 = VERTEX_POINT ( 'NONE', #1200 ) ;
#1571 = CARTESIAN_POINT ( 'NONE',  ( -50.08264747919162829, 5.000000000000000000, 28.09786418401479580 ) ) ;
#1572 = VERTEX_POINT ( 'NONE', #5390 ) ;
#1573 = ORIENTED_EDGE ( 'NONE', *, *, #9174, .T. ) ;
#1574 = ORIENTED_EDGE ( 'NONE', *, *, #2103, .T. ) ;
#1575 = EDGE_CURVE ( 'NONE', #8824, #10814, #7585, .T. ) ;
#1576 = PLANE ( 'NONE',  #6201 ) ;
#1577 = CARTESIAN_POINT ( 'NONE',  ( -11.22823801519162679, 3.000000000000000000, -6.932171927985203652 ) ) ;
#1578 = DIRECTION ( 'NONE',  ( -0.000000000000000000, -1.000000000000000000, -0.000000000000000000 ) ) ;
#1579 = DIRECTION ( 'NONE',  ( 0.9880692682966384366, 0.000000000000000000, -0.1540101329385353268 ) ) ;
#1580 = LINE ( 'NONE', #11967, #10548 ) ;
#1581 = CARTESIAN_POINT ( 'NONE',  ( 2.625883081148060239, 5.000000000000000000, 9.709345546787982784 ) ) ;
#1582 = CARTESIAN_POINT ( 'NONE',  ( -7.169005087191634651, 5.000000000000000000, 0.000000000000000000 ) ) ;
#1583 = ORIENTED_EDGE ( 'NONE', *, *, #2933, .F. ) ;
#1584 = EDGE_LOOP ( 'NONE', ( #8363, #226, #2313, #9748 ) ) ;
#1585 = EDGE_CURVE ( 'NONE', #12913, #11104, #9674, .T. ) ;
#1586 = ORIENTED_EDGE ( 'NONE', *, *, #9918, .F. ) ;
#1587 = LINE ( 'NONE', #1726, #1290 ) ;
#1588 = EDGE_CURVE ( 'NONE', #881, #5136, #370, .T. ) ;
#1589 = EDGE_CURVE ( 'NONE', #2402, #11282, #159, .T. ) ;
#1590 = CARTESIAN_POINT ( 'NONE',  ( 6.112346142531160709, 5.000000000000000000, 1.215828663155633871 ) ) ;
#1591 = LINE ( 'NONE', #12099, #6080 ) ;
#1592 = DIRECTION ( 'NONE',  ( -1.000000000000000000, 0.000000000000000000, 0.000000000000000000 ) ) ;
#1593 = VECTOR ( 'NONE', #7824, 1000.000000000000114 ) ;
#1594 = CARTESIAN_POINT ( 'NONE',  ( -27.17098083119162766, 3.000000000000000000, 13.67547900801479521 ) ) ;
#1595 = ORIENTED_EDGE ( 'NONE', *, *, #2904, .T. ) ;
#1596 = ADVANCED_FACE ( 'NONE', ( #11851 ), #4429, .T. ) ;
#1597 = FACE_OUTER_BOUND ( 'NONE', #3299, .T. ) ;
#1598 = ORIENTED_EDGE ( 'NONE', *, *, #11192, .T. ) ;
#1599 = DIRECTION ( 'NONE',  ( -0.000000000000000000, -1.000000000000000000, -0.000000000000000000 ) ) ;
#1600 = LINE ( 'NONE', #5866, #8288 ) ;
#1601 = CARTESIAN_POINT ( 'NONE',  ( -28.53312187119163923, 5.000000000000000000, -7.337595551985202746 ) ) ;
#1602 = AXIS2_PLACEMENT_3D ( 'NONE', #6884, #5685, #1562 ) ;
#1603 = AXIS2_PLACEMENT_3D ( 'NONE', #5270, #7596, #9558 ) ;
#1604 = CARTESIAN_POINT ( 'NONE',  ( -7.169005087191634651, 5.000000000000000000, 32.03596146401479672 ) ) ;
#1605 = CARTESIAN_POINT ( 'NONE',  ( -9.476379576781148728, 5.000000000000000000, 10.26617368710208389 ) ) ;
#1606 = CARTESIAN_POINT ( 'NONE',  ( -15.11917460719162953, 5.000000000000000000, 27.20692768801479389 ) ) ;
#1607 = CARTESIAN_POINT ( 'NONE',  ( -77.00000000000001421, 0.000000000000000000, 29.04999999999999716 ) ) ;
#1608 = ORIENTED_EDGE ( 'NONE', *, *, #11893, .F. ) ;
#1609 = DIRECTION ( 'NONE',  ( 0.9225052960901936050, 0.000000000000000000, 0.3859844280350495649 ) ) ;
#1610 = ORIENTED_EDGE ( 'NONE', *, *, #13622, .F. ) ;
#1611 = VECTOR ( 'NONE', #8587, 1000.000000000000000 ) ;
#1612 = DIRECTION ( 'NONE',  ( -0.000000000000000000, -1.000000000000000000, -0.000000000000000000 ) ) ;
#1613 = VECTOR ( 'NONE', #4633, 1000.000000000000000 ) ;
#1614 = VERTEX_POINT ( 'NONE', #1344 ) ;
#1615 = ORIENTED_EDGE ( 'NONE', *, *, #7916, .F. ) ;
#1616 = EDGE_CURVE ( 'NONE', #3758, #1996, #8704, .T. ) ;
#1617 = CARTESIAN_POINT ( 'NONE',  ( -28.42613503919162810, 5.000000000000000000, 12.84143546401479341 ) ) ;
#1618 = EDGE_CURVE ( 'NONE', #11197, #2213, #13331, .T. ) ;
#1619 = DIRECTION ( 'NONE',  ( 1.000000000000000000, 0.000000000000000000, 8.416301682802313590E-15 ) ) ;
#1620 = LINE ( 'NONE', #9117, #7715 ) ;
#1621 = ORIENTED_EDGE ( 'NONE', *, *, #5341, .T. ) ;
#1622 = VERTEX_POINT ( 'NONE', #7649 ) ;
#1623 = VECTOR ( 'NONE', #9272, 1000.000000000000000 ) ;
#1624 = AXIS2_PLACEMENT_3D ( 'NONE', #8585, #5417, #8516 ) ;
#1625 = DIRECTION ( 'NONE',  ( -0.8687261457784118956, 0.000000000000000000, 0.4952927252049895701 ) ) ;
#1626 = CARTESIAN_POINT ( 'NONE',  ( -25.42813341519160986, 3.000000000000000000, 30.96800220801479853 ) ) ;
#1627 = LINE ( 'NONE', #2741, #615 ) ;
#1628 = CARTESIAN_POINT ( 'NONE',  ( 2.314739090520255171, 5.000000000000000000, 24.41998608380890090 ) ) ;
#1629 = CARTESIAN_POINT ( 'NONE',  ( -3.638808439191620892, 3.000000000000000000, -0.000000000000000000 ) ) ;
#1630 = ORIENTED_EDGE ( 'NONE', *, *, #8213, .T. ) ;
#1631 = DIRECTION ( 'NONE',  ( 0.000000000000000000, 0.000000000000000000, -1.000000000000000000 ) ) ;
#1632 = EDGE_LOOP ( 'NONE', ( #12215, #13179, #4151, #11957 ) ) ;
#1633 = LINE ( 'NONE', #10109, #12429 ) ;
#1634 = EDGE_CURVE ( 'NONE', #7846, #7280, #2316, .T. ) ;
#1635 = VECTOR ( 'NONE', #2176, 1000.000000000000000 ) ;
#1636 = VERTEX_POINT ( 'NONE', #298 ) ;
#1637 = FACE_OUTER_BOUND ( 'NONE', #3226, .T. ) ;
#1638 = ORIENTED_EDGE ( 'NONE', *, *, #9131, .F. ) ;
#1639 = EDGE_CURVE ( 'NONE', #13669, #1940, #7799, .T. ) ;
#1640 = ORIENTED_EDGE ( 'NONE', *, *, #7180, .T. ) ;
#1641 = AXIS2_PLACEMENT_3D ( 'NONE', #6937, #12263, #7997 ) ;
#1642 = ORIENTED_EDGE ( 'NONE', *, *, #2931, .F. ) ;
#1643 = CARTESIAN_POINT ( 'NONE',  ( -13.35306154759006070, 5.000000000000000000, 5.531043929551459293 ) ) ;
#1644 = VECTOR ( 'NONE', #11516, 1000.000000000000000 ) ;
#1645 = DIRECTION ( 'NONE',  ( 0.8718510606488927284, 0.000000000000000000, 0.4897710976011147577 ) ) ;
#1646 = FACE_OUTER_BOUND ( 'NONE', #3134, .T. ) ;
#1647 = DIRECTION ( 'NONE',  ( 0.8706030761706156085, 0.000000000000000000, -0.4919860605365372064 ) ) ;
#1648 = DIRECTION ( 'NONE',  ( -0.000000000000000000, -1.000000000000000000, -0.000000000000000000 ) ) ;
#1649 = LINE ( 'NONE', #8098, #7461 ) ;
#1650 = ADVANCED_FACE ( 'NONE', ( #227 ), #4491, .F. ) ;
#1651 = CARTESIAN_POINT ( 'NONE',  ( -2.861541279222644452, 5.000000000000000000, 30.51915291675149433 ) ) ;
#1652 = ORIENTED_EDGE ( 'NONE', *, *, #6596, .T. ) ;
#1653 = EDGE_CURVE ( 'NONE', #13804, #5963, #9961, .T. ) ;
#1654 = ORIENTED_EDGE ( 'NONE', *, *, #7647, .F. ) ;
#1655 = ORIENTED_EDGE ( 'NONE', *, *, #9251, .T. ) ;
#1656 = VECTOR ( 'NONE', #2314, 1000.000000000000114 ) ;
#1657 = DIRECTION ( 'NONE',  ( -0.000000000000000000, -1.000000000000000000, -0.000000000000000000 ) ) ;
#1658 = PLANE ( 'NONE',  #7561 ) ;
#1659 = LINE ( 'NONE', #13153, #5851 ) ;
#1660 = EDGE_CURVE ( 'NONE', #13059, #5280, #640, .T. ) ;
#1661 = PLANE ( 'NONE',  #7278 ) ;
#1662 = VECTOR ( 'NONE', #7906, 1000.000000000000000 ) ;
#1663 = AXIS2_PLACEMENT_3D ( 'NONE', #2533, #10795, #2319 ) ;
#1664 = ADVANCED_FACE ( 'NONE', ( #13377 ), #11151, .T. ) ;
#1665 = LINE ( 'NONE', #10415, #3892 ) ;
#1666 = EDGE_CURVE ( 'NONE', #12269, #12720, #12397, .T. ) ;
#1667 = ORIENTED_EDGE ( 'NONE', *, *, #3725, .F. ) ;
#1668 = CARTESIAN_POINT ( 'NONE',  ( -84.00000000000001421, 3.000000000000000000, 50.99999999999999289 ) ) ;
#1669 = ORIENTED_EDGE ( 'NONE', *, *, #2345, .F. ) ;
#1670 = LINE ( 'NONE', #4887, #4359 ) ;
#1671 = CARTESIAN_POINT ( 'NONE',  ( 23.54573884873349598, 3.000000000000000000, 1.672962869651532403 ) ) ;
#1672 = VECTOR ( 'NONE', #11606, 1000.000000000000114 ) ;
#1673 = LINE ( 'NONE', #10218, #2400 ) ;
#1674 = VECTOR ( 'NONE', #8845, 1000.000000000000114 ) ;
#1675 = EDGE_CURVE ( 'NONE', #5149, #12686, #8068, .T. ) ;
#1676 = CARTESIAN_POINT ( 'NONE',  ( 26.41790367882060764, 3.000000000000000000, 5.718350162647949375 ) ) ;
#1677 = CARTESIAN_POINT ( 'NONE',  ( -4.055870234502160443, 5.000000000000000000, 13.53381158869189527 ) ) ;
#1678 = CARTESIAN_POINT ( 'NONE',  ( 39.63081596880838475, 5.000000000000000000, 20.89408788801480554 ) ) ;
#1679 = CARTESIAN_POINT ( 'NONE',  ( 50.52547947280835672, 3.000000000000000000, 21.33659856001478872 ) ) ;
#1680 = LINE ( 'NONE', #11209, #2738 ) ;
#1681 = ORIENTED_EDGE ( 'NONE', *, *, #214, .F. ) ;
#1682 = CIRCLE ( 'NONE', #13315, 1.700000000000000178 ) ;
#1683 = DIRECTION ( 'NONE',  ( 0.000000000000000000, 0.000000000000000000, 1.000000000000000000 ) ) ;
#1684 = EDGE_CURVE ( 'NONE', #7708, #11909, #3784, .T. ) ;
#1685 = ORIENTED_EDGE ( 'NONE', *, *, #13444, .F. ) ;
#1686 = ORIENTED_EDGE ( 'NONE', *, *, #3173, .F. ) ;
#1687 = VECTOR ( 'NONE', #7133, 1000.000000000000000 ) ;
#1688 = FACE_OUTER_BOUND ( 'NONE', #13196, .T. ) ;
#1689 = FACE_OUTER_BOUND ( 'NONE', #7175, .T. ) ;
#1690 = DIRECTION ( 'NONE',  ( -0.000000000000000000, -1.000000000000000000, -0.000000000000000000 ) ) ;
#1691 = VERTEX_POINT ( 'NONE', #5880 ) ;
#1692 = VERTEX_POINT ( 'NONE', #574 ) ;
#1693 = VECTOR ( 'NONE', #12296, 1000.000000000000114 ) ;
#1694 = CARTESIAN_POINT ( 'NONE',  ( 14.33849164880836291, 3.000000000000000000, 31.92224363201479065 ) ) ;
#1695 = ADVANCED_FACE ( 'NONE', ( #8004 ), #8976, .T. ) ;
#1696 = VECTOR ( 'NONE', #9191, 1000.000000000000000 ) ;
#1697 = CARTESIAN_POINT ( 'NONE',  ( -8.405070687191626533, 5.000000000000000000, 31.41792968001479025 ) ) ;
#1698 = ADVANCED_FACE ( 'NONE', ( #1688 ), #4901, .T. ) ;
#1699 = CARTESIAN_POINT ( 'NONE',  ( -27.49730174319163467, 5.000000000000000000, -7.337595551985202746 ) ) ;
#1700 = DIRECTION ( 'NONE',  ( -0.1950837463037356223, 0.000000000000000000, -0.9807865883708339894 ) ) ;
#1701 = DIRECTION ( 'NONE',  ( -0.7002596150919100371, 0.000000000000000000, -0.7138882766030900662 ) ) ;
#1702 = ORIENTED_EDGE ( 'NONE', *, *, #4939, .T. ) ;
#1703 = DIRECTION ( 'NONE',  ( 0.000000000000000000, 0.000000000000000000, 1.000000000000000000 ) ) ;
#1704 = ORIENTED_EDGE ( 'NONE', *, *, #4648, .T. ) ;
#1705 = LINE ( 'NONE', #9062, #8189 ) ;
#1706 = ORIENTED_EDGE ( 'NONE', *, *, #7178, .T. ) ;
#1707 = CARTESIAN_POINT ( 'NONE',  ( -15.00846787935467219, 5.000000000000000000, 14.72194499442590399 ) ) ;
#1708 = VECTOR ( 'NONE', #6086, 1000.000000000000227 ) ;
#1709 = EDGE_LOOP ( 'NONE', ( #2321, #11466, #6380, #10474 ) ) ;
#1710 = AXIS2_PLACEMENT_3D ( 'NONE', #4093, #6123, #8372 ) ;
#1711 = VERTEX_POINT ( 'NONE', #1755 ) ;
#1712 = LINE ( 'NONE', #2756, #11344 ) ;
#1713 = EDGE_CURVE ( 'NONE', #2213, #1298, #701, .T. ) ;
#1714 = CARTESIAN_POINT ( 'NONE',  ( 0.000000000000000000, 5.000000000000000000, 15.35652416001479637 ) ) ;
#1715 = LINE ( 'NONE', #2893, #5408 ) ;
#1716 = VECTOR ( 'NONE', #751, 1000.000000000000114 ) ;
#1717 = CARTESIAN_POINT ( 'NONE',  ( 26.00692652880836064, 5.000000000000000000, 15.35652314401480112 ) ) ;
#1718 = CARTESIAN_POINT ( 'NONE',  ( 11.13019366853257885, 5.000000000000000000, -20.73994799652949439 ) ) ;
#1719 = VECTOR ( 'NONE', #251, 1000.000000000000000 ) ;
#1720 = FACE_OUTER_BOUND ( 'NONE', #1411, .T. ) ;
#1721 = EDGE_LOOP ( 'NONE', ( #1993, #11165, #5658, #8667, #13113, #5443, #2746, #3204, #8511, #8297 ) ) ;
#1722 = LINE ( 'NONE', #5985, #2340 ) ;
#1723 = ORIENTED_EDGE ( 'NONE', *, *, #5992, .F. ) ;
#1724 = ORIENTED_EDGE ( 'NONE', *, *, #2770, .T. ) ;
#1725 = VERTEX_POINT ( 'NONE', #10231 ) ;
#1726 = CARTESIAN_POINT ( 'NONE',  ( 7.593915941565462013, 5.000000000000000000, 15.09742551459751603 ) ) ;
#1727 = VECTOR ( 'NONE', #1805, 1000.000000000000000 ) ;
#1728 = AXIS2_PLACEMENT_3D ( 'NONE', #12408, #2811, #13581 ) ;
#1729 = EDGE_CURVE ( 'NONE', #11580, #1091, #3645, .T. ) ;
#1730 = LINE ( 'NONE', #1935, #10022 ) ;
#1731 = EDGE_CURVE ( 'NONE', #8539, #11358, #2601, .T. ) ;
#1732 = LINE ( 'NONE', #7051, #944 ) ;
#1733 = EDGE_CURVE ( 'NONE', #12363, #7388, #12271, .T. ) ;
#1734 = FACE_OUTER_BOUND ( 'NONE', #158, .T. ) ;
#1735 = DIRECTION ( 'NONE',  ( 0.04946078512427073970, 0.000000000000000000, 0.9987760663606685130 ) ) ;
#1736 = AXIS2_PLACEMENT_3D ( 'NONE', #9683, #10525, #6389 ) ;
#1737 = VERTEX_POINT ( 'NONE', #12328 ) ;
#1738 = EDGE_LOOP ( 'NONE', ( #279, #8863, #8314, #10453 ) ) ;
#1739 = LINE ( 'NONE', #10276, #8648 ) ;
#1740 = ORIENTED_EDGE ( 'NONE', *, *, #2362, .T. ) ;
#1741 = CARTESIAN_POINT ( 'NONE',  ( -30.42677213519162649, 5.000000000000000000, 0.000000000000000000 ) ) ;
#1742 = PLANE ( 'NONE',  #466 ) ;
#1743 = DIRECTION ( 'NONE',  ( 0.000000000000000000, 0.000000000000000000, 1.000000000000000000 ) ) ;
#1744 = ADVANCED_FACE ( 'NONE', ( #504 ), #2802, .T. ) ;
#1745 = AXIS2_PLACEMENT_3D ( 'NONE', #1999, #9779, #7463 ) ;
#1746 = LINE ( 'NONE', #901, #6835 ) ;
#1747 = CARTESIAN_POINT ( 'NONE',  ( -19.13657068719162169, 5.000000000000000000, 21.35884591201479310 ) ) ;
#1748 = DIRECTION ( 'NONE',  ( 1.000000000000000000, 0.000000000000000000, 0.000000000000000000 ) ) ;
#1749 = DIRECTION ( 'NONE',  ( 0.000000000000000000, 0.000000000000000000, -1.000000000000000000 ) ) ;
#1750 = CARTESIAN_POINT ( 'NONE',  ( -13.35306154759006070, 5.000000000000000000, 5.531043929551459293 ) ) ;
#1751 = ORIENTED_EDGE ( 'NONE', *, *, #10278, .T. ) ;
#1752 = DIRECTION ( 'NONE',  ( -0.3826836147510478958, 0.000000000000000000, -0.9238794569645282229 ) ) ;
#1753 = ORIENTED_EDGE ( 'NONE', *, *, #1459, .T. ) ;
#1754 = ORIENTED_EDGE ( 'NONE', *, *, #12681, .T. ) ;
#1755 = CARTESIAN_POINT ( 'NONE',  ( 48.39486549680836447, 3.000000000000000000, 21.31096894401479247 ) ) ;
#1756 = DIRECTION ( 'NONE',  ( 0.000000000000000000, 0.000000000000000000, 1.000000000000000000 ) ) ;
#1757 = LINE ( 'NONE', #12331, #12208 ) ;
#1758 = EDGE_CURVE ( 'NONE', #1523, #2885, #5750, .T. ) ;
#1759 = ORIENTED_EDGE ( 'NONE', *, *, #12814, .F. ) ;
#1760 = DIRECTION ( 'NONE',  ( 0.08836185474979992016, 0.000000000000000000, -0.9960884411663329940 ) ) ;
#1761 = ORIENTED_EDGE ( 'NONE', *, *, #10910, .T. ) ;
#1762 = ADVANCED_FACE ( 'NONE', ( #10091 ), #9244, .T. ) ;
#1763 = EDGE_CURVE ( 'NONE', #8080, #11279, #8135, .T. ) ;
#1764 = CARTESIAN_POINT ( 'NONE',  ( -1.806073111061042846, 5.000000000000000000, 22.42419137657041617 ) ) ;
#1765 = DIRECTION ( 'NONE',  ( -0.000000000000000000, -1.000000000000000000, -0.000000000000000000 ) ) ;
#1766 = CARTESIAN_POINT ( 'NONE',  ( 25.66482612080836390, 5.000000000000000000, -7.559139431985202329 ) ) ;
#1767 = LINE ( 'NONE', #9186, #8111 ) ;
#1768 = ORIENTED_EDGE ( 'NONE', *, *, #9506, .T. ) ;
#1769 = CARTESIAN_POINT ( 'NONE',  ( 13.02060237411886234, 5.000000000000000000, 0.9320470287833151346 ) ) ;
#1770 = ORIENTED_EDGE ( 'NONE', *, *, #8438, .F. ) ;
#1771 = CARTESIAN_POINT ( 'NONE',  ( -11.93032449519163940, 5.000000000000000000, 12.56795976001479787 ) ) ;
#1772 = ORIENTED_EDGE ( 'NONE', *, *, #1018, .T. ) ;
#1773 = DIRECTION ( 'NONE',  ( 0.9252449272632036203, 0.000000000000000000, 0.3793703000680322401 ) ) ;
#1774 = EDGE_CURVE ( 'NONE', #5427, #1711, #6800, .T. ) ;
#1775 = VERTEX_POINT ( 'NONE', #10363 ) ;
#1776 = EDGE_LOOP ( 'NONE', ( #11521, #7093, #9520, #8774 ) ) ;
#1777 = FACE_OUTER_BOUND ( 'NONE', #767, .T. ) ;
#1778 = CARTESIAN_POINT ( 'NONE',  ( -1.397147279592723557, 5.000000000000000000, 1.516102229121410128 ) ) ;
#1779 = CARTESIAN_POINT ( 'NONE',  ( -7.409339235356175557, 5.000000000000000000, 25.63688292154819948 ) ) ;
#1780 = CARTESIAN_POINT ( 'NONE',  ( -22.73663072977303656, 5.000000000000000000, 20.06173682050091855 ) ) ;
#1781 = DIRECTION ( 'NONE',  ( 0.000000000000000000, 1.000000000000000000, -0.000000000000000000 ) ) ;
#1782 = DIRECTION ( 'NONE',  ( -0.000000000000000000, -1.000000000000000000, -0.000000000000000000 ) ) ;
#1783 = ORIENTED_EDGE ( 'NONE', *, *, #9977, .T. ) ;
#1784 = LINE ( 'NONE', #9079, #9499 ) ;
#1785 = EDGE_LOOP ( 'NONE', ( #12515, #8963, #2948, #2106 ) ) ;
#1786 = DIRECTION ( 'NONE',  ( 0.000000000000000000, 0.000000000000000000, -1.000000000000000000 ) ) ;
#1787 = EDGE_CURVE ( 'NONE', #8270, #7300, #11416, .T. ) ;
#1788 = VERTEX_POINT ( 'NONE', #11486 ) ;
#1789 = EDGE_CURVE ( 'NONE', #8147, #10049, #3072, .T. ) ;
#1790 = LINE ( 'NONE', #5210, #6401 ) ;
#1791 = ORIENTED_EDGE ( 'NONE', *, *, #138, .F. ) ;
#1792 = CARTESIAN_POINT ( 'NONE',  ( 21.71439053680837006, 3.000000000000000000, 24.81224108801480099 ) ) ;
#1793 = PLANE ( 'NONE',  #52 ) ;
#1794 = CARTESIAN_POINT ( 'NONE',  ( -8.556983883761999365, 5.000000000000000000, 9.110129288910400192 ) ) ;
#1795 = VERTEX_POINT ( 'NONE', #5170 ) ;
#1796 = FACE_BOUND ( 'NONE', #11076, .T. ) ;
#1797 = EDGE_LOOP ( 'NONE', ( #13646, #5103, #12312, #5344 ) ) ;
#1798 = VERTEX_POINT ( 'NONE', #13785 ) ;
#1799 = CARTESIAN_POINT ( 'NONE',  ( 1.384656010206724019, 3.000000000000000000, -31.44949454215125684 ) ) ;
#1800 = ORIENTED_EDGE ( 'NONE', *, *, #11600, .T. ) ;
#1801 = EDGE_CURVE ( 'NONE', #13602, #5167, #2024, .T. ) ;
#1802 = DIRECTION ( 'NONE',  ( 0.9709997323189784035, 0.000000000000000000, -0.2390805718507303668 ) ) ;
#1803 = DIRECTION ( 'NONE',  ( -0.000000000000000000, -1.000000000000000000, -0.000000000000000000 ) ) ;
#1804 = EDGE_CURVE ( 'NONE', #3900, #4246, #4262, .T. ) ;
#1805 = DIRECTION ( 'NONE',  ( 0.3887057852901650845, 0.000000000000000000, 0.9213619334886569145 ) ) ;
#1806 = FACE_OUTER_BOUND ( 'NONE', #5516, .T. ) ;
#1807 = DIRECTION ( 'NONE',  ( -0.3815718926976358061, 0.000000000000000000, -0.9243391643239747824 ) ) ;
#1808 = LINE ( 'NONE', #10224, #12577 ) ;
#1809 = PERSON_AND_ORGANIZATION_ROLE ( 'design_owner' ) ;
#1810 = DIRECTION ( 'NONE',  ( 0.9313481964236184352, 0.000000000000000000, -0.3641298353863262616 ) ) ;
#1811 = ORIENTED_EDGE ( 'NONE', *, *, #12182, .F. ) ;
#1812 = LINE ( 'NONE', #11352, #7478 ) ;
#1813 = ORIENTED_EDGE ( 'NONE', *, *, #13656, .F. ) ;
#1814 = ORIENTED_EDGE ( 'NONE', *, *, #7180, .F. ) ;
#1815 = LINE ( 'NONE', #13574, #7289 ) ;
#1816 = EDGE_CURVE ( 'NONE', #3525, #5278, #9451, .T. ) ;
#1817 = AXIS2_PLACEMENT_3D ( 'NONE', #8712, #8852, #1286 ) ;
#1818 = CARTESIAN_POINT ( 'NONE',  ( -20.52590496719162871, 5.000000000000000000, 20.87183850401479646 ) ) ;
#1819 = DIRECTION ( 'NONE',  ( -0.9799092182948470064, 0.000000000000000000, -0.1994440370148520547 ) ) ;
#1820 = EDGE_LOOP ( 'NONE', ( #1723, #11925, #79, #8959 ) ) ;
#1821 = CARTESIAN_POINT ( 'NONE',  ( -17.30472573519162793, 5.000000000000000000, 21.17591003201479438 ) ) ;
#1822 = ORIENTED_EDGE ( 'NONE', *, *, #5662, .F. ) ;
#1823 = AXIS2_PLACEMENT_3D ( 'NONE', #7938, #168, #11928 ) ;
#1824 = DIRECTION ( 'NONE',  ( 0.5537049410972625374, 0.000000000000000000, 0.8327129386556191282 ) ) ;
#1825 = VECTOR ( 'NONE', #3410, 1000.000000000000000 ) ;
#1826 = CARTESIAN_POINT ( 'NONE',  ( 27.27220612180396486, 3.000000000000000000, 11.16424299461698055 ) ) ;
#1827 = EDGE_CURVE ( 'NONE', #11447, #1989, #12469, .T. ) ;
#1828 = DIRECTION ( 'NONE',  ( 0.4472135954995247742, 0.000000000000000000, -0.8944271910001324599 ) ) ;
#1829 = ORIENTED_EDGE ( 'NONE', *, *, #5745, .T. ) ;
#1830 = DIRECTION ( 'NONE',  ( -0.9653199166134026621, 0.000000000000000000, 0.2610698346984829943 ) ) ;
#1831 = ORIENTED_EDGE ( 'NONE', *, *, #2753, .F. ) ;
#1832 = PLANE ( 'NONE',  #4606 ) ;
#1833 = EDGE_CURVE ( 'NONE', #6829, #8030, #9317, .T. ) ;
#1834 = VERTEX_POINT ( 'NONE', #1886 ) ;
#1835 = EDGE_CURVE ( 'NONE', #8080, #7404, #11627, .T. ) ;
#1836 = CARTESIAN_POINT ( 'NONE',  ( -13.33448932719163160, 5.000000000000000000, 32.10518154401479052 ) ) ;
#1837 = ORIENTED_EDGE ( 'NONE', *, *, #6270, .F. ) ;
#1838 = ORIENTED_EDGE ( 'NONE', *, *, #11236, .F. ) ;
#1839 = VECTOR ( 'NONE', #2634, 1000.000000000000000 ) ;
#1840 = VECTOR ( 'NONE', #1701, 1000.000000000000114 ) ;
#1841 = VERTEX_POINT ( 'NONE', #6292 ) ;
#1842 = DIRECTION ( 'NONE',  ( -0.8314713530511933515, 0.000000000000000000, -0.5555676277963087495 ) ) ;
#1843 = CARTESIAN_POINT ( 'NONE',  ( -11.59533303919163316, 5.000000000000000000, -6.780118383985204389 ) ) ;
#1844 = LINE ( 'NONE', #10467, #7669 ) ;
#1845 = EDGE_CURVE ( 'NONE', #3425, #10157, #13851, .T. ) ;
#1846 = CARTESIAN_POINT ( 'NONE',  ( 28.81641240080837107, 5.000000000000000000, 21.30092680001478911 ) ) ;
#1847 = CARTESIAN_POINT ( 'NONE',  ( 42.26720812400313321, 5.000000000000000000, -3.323665488039508897 ) ) ;
#1848 = VECTOR ( 'NONE', #13736, 1000.000000000000000 ) ;
#1849 = FACE_OUTER_BOUND ( 'NONE', #8443, .T. ) ;
#1850 = ORIENTED_EDGE ( 'NONE', *, *, #6873, .T. ) ;
#1851 = EDGE_LOOP ( 'NONE', ( #5525, #5069, #8084, #10533 ) ) ;
#1852 = EDGE_CURVE ( 'NONE', #7731, #8340, #7423, .T. ) ;
#1853 = ORIENTED_EDGE ( 'NONE', *, *, #11701, .T. ) ;
#1854 = DIRECTION ( 'NONE',  ( 0.5679554957705910123, 0.000000000000000000, -0.8230592656813858765 ) ) ;
#1855 = ORIENTED_EDGE ( 'NONE', *, *, #8024, .T. ) ;
#1856 = CARTESIAN_POINT ( 'NONE',  ( -14.24274760719162991, 5.000000000000000000, 28.22964446401480032 ) ) ;
#1857 = ORIENTED_EDGE ( 'NONE', *, *, #7843, .F. ) ;
#1858 = VECTOR ( 'NONE', #9463, 1000.000000000000000 ) ;
#1859 = CARTESIAN_POINT ( 'NONE',  ( -12.01781574888649473, 5.000000000000000000, -8.102627039983357093 ) ) ;
#1860 = CARTESIAN_POINT ( 'NONE',  ( -40.05817578319162209, 5.000000000000000000, 24.99781755201479427 ) ) ;
#1861 = ADVANCED_FACE ( 'NONE', ( #1051 ), #6156, .T. ) ;
#1862 = CARTESIAN_POINT ( 'NONE',  ( -1.214877028071899900, 5.000000000000000000, 21.66599910067165169 ) ) ;
#1863 = EDGE_CURVE ( 'NONE', #5296, #9750, #980, .T. ) ;
#1864 = ORIENTED_EDGE ( 'NONE', *, *, #7984, .F. ) ;
#1865 = VECTOR ( 'NONE', #11317, 999.9999999999998863 ) ;
#1866 = CARTESIAN_POINT ( 'NONE',  ( 76.49999999999998579, 3.000000000000000000, -6.700000000000003730 ) ) ;
#1867 = ORIENTED_EDGE ( 'NONE', *, *, #2949, .F. ) ;
#1868 = DIRECTION ( 'NONE',  ( -0.000000000000000000, 1.000000000000000000, -0.000000000000000000 ) ) ;
#1869 = ORIENTED_EDGE ( 'NONE', *, *, #9068, .T. ) ;
#1870 = CARTESIAN_POINT ( 'NONE',  ( -28.49851183119164233, 5.000000000000000000, 31.31904443201478827 ) ) ;
#1871 = CARTESIAN_POINT ( 'NONE',  ( 14.12709049680836770, 3.000000000000000000, 21.84736919201479921 ) ) ;
#1872 = DIRECTION ( 'NONE',  ( 0.000000000000000000, 0.000000000000000000, 1.000000000000000000 ) ) ;
#1873 = VECTOR ( 'NONE', #2528, 1000.000000000000000 ) ;
#1874 = CIRCLE ( 'NONE', #5454, 1.699999999999999289 ) ;
#1875 = CARTESIAN_POINT ( 'NONE',  ( -10.49648535119162851, 5.000000000000000000, 19.92748580801480429 ) ) ;
#1876 = EDGE_CURVE ( 'NONE', #5697, #13588, #1815, .T. ) ;
#1877 = CARTESIAN_POINT ( 'NONE',  ( -6.180157687191625726, 5.000000000000000000, 22.49355332001479724 ) ) ;
#1878 = VECTOR ( 'NONE', #5744, 999.9999999999998863 ) ;
#1879 = LINE ( 'NONE', #1678, #11256 ) ;
#1880 = COORDINATED_UNIVERSAL_TIME_OFFSET ( 1, 0, .AHEAD. ) ;
#1881 = DIRECTION ( 'NONE',  ( -0.000000000000000000, -1.000000000000000000, -0.000000000000000000 ) ) ;
#1882 = ORIENTED_EDGE ( 'NONE', *, *, #13015, .T. ) ;
#1883 = CARTESIAN_POINT ( 'NONE',  ( -47.43994410319163535, 5.000000000000000000, 30.87900568801479295 ) ) ;
#1884 = ORIENTED_EDGE ( 'NONE', *, *, #13831, .F. ) ;
#1885 = VERTEX_POINT ( 'NONE', #5105 ) ;
#1886 = CARTESIAN_POINT ( 'NONE',  ( -13.87588727919164278, 5.000000000000000000, 20.74081514401479609 ) ) ;
#1887 = VECTOR ( 'NONE', #2004, 1000.000000000000000 ) ;
#1888 = LINE ( 'NONE', #11285, #1227 ) ;
#1889 = FACE_BOUND ( 'NONE', #11727, .T. ) ;
#1890 = ORIENTED_EDGE ( 'NONE', *, *, #11866, .F. ) ;
#1891 = DIRECTION ( 'NONE',  ( -0.000000000000000000, -1.000000000000000000, -0.000000000000000000 ) ) ;
#1892 = ORIENTED_EDGE ( 'NONE', *, *, #13786, .F. ) ;
#1893 = EDGE_CURVE ( 'NONE', #12127, #1313, #5313, .T. ) ;
#1894 = VECTOR ( 'NONE', #12457, 1000.000000000000114 ) ;
#1895 = CARTESIAN_POINT ( 'NONE',  ( 18.19746350053448936, 3.000000000000000000, 32.20165970716819714 ) ) ;
#1896 = ADVANCED_FACE ( 'NONE', ( #2870 ), #6229, .T. ) ;
#1897 = DIRECTION ( 'NONE',  ( 0.9964895797033225255, 0.000000000000000000, -0.08371688923207534772 ) ) ;
#1898 = AXIS2_PLACEMENT_3D ( 'NONE', #2303, #5733, #2379 ) ;
#1899 = DIRECTION ( 'NONE',  ( 1.000000000000000000, -0.000000000000000000, 0.000000000000000000 ) ) ;
#1900 = VERTEX_POINT ( 'NONE', #4049 ) ;
#1901 = CARTESIAN_POINT ( 'NONE',  ( -1.224137621141482946, 5.000000000000000000, 20.48167056822995136 ) ) ;
#1902 = VERTEX_POINT ( 'NONE', #9597 ) ;
#1903 = DIRECTION ( 'NONE',  ( -0.9207061527434364789, 0.000000000000000000, 0.3902565570241960935 ) ) ;
#1904 = ORIENTED_EDGE ( 'NONE', *, *, #9904, .T. ) ;
#1905 = DIRECTION ( 'NONE',  ( -0.9807865883708349886, 0.000000000000000000, -0.1950837463037299602 ) ) ;
#1906 = ORIENTED_EDGE ( 'NONE', *, *, #423, .F. ) ;
#1907 = VECTOR ( 'NONE', #13550, 1000.000000000000000 ) ;
#1908 = VERTEX_POINT ( 'NONE', #10506 ) ;
#1909 = CIRCLE ( 'NONE', #4152, 2.540000000115890444 ) ;
#1910 = AXIS2_PLACEMENT_3D ( 'NONE', #9529, #13788, #12807 ) ;
#1911 = PLANE ( 'NONE',  #12910 ) ;
#1912 = EDGE_CURVE ( 'NONE', #9132, #12981, #12593, .T. ) ;
#1913 = EDGE_CURVE ( 'NONE', #13162, #3738, #11557, .T. ) ;
#1914 = LINE ( 'NONE', #10191, #11122 ) ;
#1915 = CARTESIAN_POINT ( 'NONE',  ( 16.50295297960343177, 5.000000000000000000, 18.03767474210377841 ) ) ;
#1916 = CARTESIAN_POINT ( 'NONE',  ( -39.11382308719162637, 5.000000000000000000, 28.12258549601479984 ) ) ;
#1918 = CARTESIAN_POINT ( 'NONE',  ( 15.39325001680836813, 5.000000000000000000, 20.02462252001479470 ) ) ;
#1917 = VECTOR ( 'NONE', #729, 1000.000000000000000 ) ;
#1919 = ORIENTED_EDGE ( 'NONE', *, *, #9919, .F. ) ;
#1920 = DIRECTION ( 'NONE',  ( 0.000000000000000000, 0.000000000000000000, -1.000000000000000000 ) ) ;
#1921 = VECTOR ( 'NONE', #10727, 1000.000000000000000 ) ;
#1922 = ORIENTED_EDGE ( 'NONE', *, *, #10021, .F. ) ;
#1923 = DIRECTION ( 'NONE',  ( 0.000000000000000000, 0.000000000000000000, -1.000000000000000000 ) ) ;
#1924 = EDGE_LOOP ( 'NONE', ( #4495, #12108, #4705, #10178 ) ) ;
#1925 = VECTOR ( 'NONE', #3838, 1000.000000000000000 ) ;
#1926 = CARTESIAN_POINT ( 'NONE',  ( -0.7951457727989018620, 5.000000000000000000, -43.39790821999562809 ) ) ;
#1927 = ORIENTED_EDGE ( 'NONE', *, *, #13151, .T. ) ;
#1928 = CARTESIAN_POINT ( 'NONE',  ( 24.51129324880836791, 3.000000000000000000, -6.924750047985206436 ) ) ;
#1929 = VERTEX_POINT ( 'NONE', #8614 ) ;
#1930 = EDGE_CURVE ( 'NONE', #3455, #11933, #6572, .T. ) ;
#1931 = VECTOR ( 'NONE', #13056, 1000.000000000000000 ) ;
#1932 = EDGE_CURVE ( 'NONE', #6842, #873, #1183, .T. ) ;
#1933 = VECTOR ( 'NONE', #3599, 1000.000000000000000 ) ;
#1934 = EDGE_CURVE ( 'NONE', #8708, #3150, #11764, .T. ) ;
#1935 = CARTESIAN_POINT ( 'NONE',  ( -76.50000000000001421, 0.000000000000000000, -3.300000000000005151 ) ) ;
#1936 = PLANE ( 'NONE',  #6523 ) ;
#1937 = CARTESIAN_POINT ( 'NONE',  ( -10.48412367919162413, 5.000000000000000000, 21.14624486401479686 ) ) ;
#1938 = ORIENTED_EDGE ( 'NONE', *, *, #8903, .F. ) ;
#1939 = CARTESIAN_POINT ( 'NONE',  ( 0.000000000000000000, 3.000000000000000000, 32.04090532001479374 ) ) ;
#1940 = VERTEX_POINT ( 'NONE', #349 ) ;
#1941 = VECTOR ( 'NONE', #11505, 1000.000000000000000 ) ;
#1942 = LINE ( 'NONE', #10745, #3727 ) ;
#1943 = ORIENTED_EDGE ( 'NONE', *, *, #5212, .F. ) ;
#1944 = AXIS2_PLACEMENT_3D ( 'NONE', #2235, #356, #216 ) ;
#1945 = FACE_OUTER_BOUND ( 'NONE', #13779, .T. ) ;
#1946 = CARTESIAN_POINT ( 'NONE',  ( -4.492400819137851720, 3.000000000000000000, -0.8632001838799879812 ) ) ;
#1947 = VECTOR ( 'NONE', #4924, 1000.000000000000000 ) ;
#1948 = EDGE_CURVE ( 'NONE', #13032, #5930, #9938, .T. ) ;
#1949 = CARTESIAN_POINT ( 'NONE',  ( 0.08128320133054051100, 3.000000000000000000, 0.05560048142076833011 ) ) ;
#1950 = CARTESIAN_POINT ( 'NONE',  ( 81.99999999999998579, 3.000000000000000000, 50.99999999999999289 ) ) ;
#1951 = DIRECTION ( 'NONE',  ( 1.000000000000000000, 0.000000000000000000, -0.000000000000000000 ) ) ;
#1952 = AXIS2_PLACEMENT_3D ( 'NONE', #20, #12694, #12904 ) ;
#1953 = CARTESIAN_POINT ( 'NONE',  ( -1.719451991859131335, 3.000000000000000000, -1.268867807905585732 ) ) ;
#1954 = FACE_OUTER_BOUND ( 'NONE', #12739, .T. ) ;
#1955 = LINE ( 'NONE', #8535, #12113 ) ;
#1956 = VERTEX_POINT ( 'NONE', #8750 ) ;
#1957 = CARTESIAN_POINT ( 'NONE',  ( 27.19210037549588677, 3.000000000000000000, 32.62060386742049189 ) ) ;
#1958 = VERTEX_POINT ( 'NONE', #2166 ) ;
#1959 = CARTESIAN_POINT ( 'NONE',  ( 33.84604724880837523, 5.000000000000000000, 32.03596146401479672 ) ) ;
#1960 = LINE ( 'NONE', #8478, #573 ) ;
#1961 = CARTESIAN_POINT ( 'NONE',  ( -41.38323587119160862, 3.000000000000000000, 29.95690339201478025 ) ) ;
#1962 = EDGE_CURVE ( 'NONE', #7248, #5675, #6434, .T. ) ;
#1963 = ORIENTED_EDGE ( 'NONE', *, *, #1222, .T. ) ;
#1964 = ADVANCED_FACE ( 'NONE', ( #278 ), #13088, .T. ) ;
#1965 = FACE_OUTER_BOUND ( 'NONE', #4815, .T. ) ;
#1966 = AXIS2_PLACEMENT_3D ( 'NONE', #3061, #7015, #11290 ) ;
#1967 = ORIENTED_EDGE ( 'NONE', *, *, #7007, .T. ) ;
#1968 = DIRECTION ( 'NONE',  ( -0.9525775992158900252, 0.000000000000000000, 0.3042957730105548264 ) ) ;
#1969 = PLANE ( 'NONE',  #5203 ) ;
#1970 = LINE ( 'NONE', #3217, #9668 ) ;
#1971 = ORIENTED_EDGE ( 'NONE', *, *, #9391, .T. ) ;
#1972 = PLANE ( 'NONE',  #2978 ) ;
#1973 = ORIENTED_EDGE ( 'NONE', *, *, #5084, .F. ) ;
#1974 = DIRECTION ( 'NONE',  ( 0.3793655190827832091, 0.000000000000000000, -0.9252468875554514804 ) ) ;
#1975 = VERTEX_POINT ( 'NONE', #6713 ) ;
#1976 = LINE ( 'NONE', #8352, #3737 ) ;
#1977 = ORIENTED_EDGE ( 'NONE', *, *, #4464, .F. ) ;
#1978 = ORIENTED_EDGE ( 'NONE', *, *, #5873, .T. ) ;
#1979 = EDGE_CURVE ( 'NONE', #3398, #11973, #10848, .T. ) ;
#1980 = ORIENTED_EDGE ( 'NONE', *, *, #7971, .F. ) ;
#1981 = EDGE_CURVE ( 'NONE', #6500, #3713, #2376, .T. ) ;
#1982 = DIRECTION ( 'NONE',  ( 0.000000000000000000, 0.000000000000000000, 1.000000000000000000 ) ) ;
#1983 = PLANE ( 'NONE',  #7543 ) ;
#1984 = LINE ( 'NONE', #1915, #13023 ) ;
#1985 = DIRECTION ( 'NONE',  ( -0.3878634473750072753, 0.000000000000000000, 0.9217168470796087698 ) ) ;
#1986 = LINE ( 'NONE', #4928, #4738 ) ;
#1987 = VERTEX_POINT ( 'NONE', #1258 ) ;
#1988 = DIRECTION ( 'NONE',  ( -0.000000000000000000, -1.000000000000000000, -0.000000000000000000 ) ) ;
#1989 = VERTEX_POINT ( 'NONE', #4476 ) ;
#1990 = DIRECTION ( 'NONE',  ( 0.6340792739854783644, 0.000000000000000000, -0.7732680481579777831 ) ) ;
#1991 = ORIENTED_EDGE ( 'NONE', *, *, #1763, .F. ) ;
#1992 = LINE ( 'NONE', #9280, #7481 ) ;
#1993 = ORIENTED_EDGE ( 'NONE', *, *, #9743, .F. ) ;
#1994 = EDGE_CURVE ( 'NONE', #9627, #8252, #7707, .T. ) ;
#1995 = FACE_OUTER_BOUND ( 'NONE', #8250, .T. ) ;
#1996 = VERTEX_POINT ( 'NONE', #8541 ) ;
#1997 = VECTOR ( 'NONE', #10906, 1000.000000000000000 ) ;
#1998 = DIRECTION ( 'NONE',  ( -0.000000000000000000, -1.000000000000000000, -0.000000000000000000 ) ) ;
#1999 = CARTESIAN_POINT ( 'NONE',  ( 3.479050763452518957, 5.000000000000000000, 16.62662226320075121 ) ) ;
#2000 = CARTESIAN_POINT ( 'NONE',  ( -28.90641449519162975, 3.000000000000000000, 20.23155835201480102 ) ) ;
#2001 = LINE ( 'NONE', #1862, #123 ) ;
#2002 = ORIENTED_EDGE ( 'NONE', *, *, #6851, .F. ) ;
#2003 = ADVANCED_FACE ( 'NONE', ( #12948 ), #7569, .T. ) ;
#2004 = DIRECTION ( 'NONE',  ( -0.8737799315618448581, 0.000000000000000000, -0.4863215306767507129 ) ) ;
#2005 = ORIENTED_EDGE ( 'NONE', *, *, #9473, .F. ) ;
#2006 = ORIENTED_EDGE ( 'NONE', *, *, #4743, .T. ) ;
#2007 = ORIENTED_EDGE ( 'NONE', *, *, #13150, .F. ) ;
#2008 = EDGE_LOOP ( 'NONE', ( #8735, #2121, #1192, #7492 ) ) ;
#2009 = ADVANCED_FACE ( 'NONE', ( #6649 ), #6501, .T. ) ;
#2010 = CARTESIAN_POINT ( 'NONE',  ( 0.000000000000000000, 5.000000000000000000, -6.932171927985203652 ) ) ;
#2011 = EDGE_CURVE ( 'NONE', #7006, #11240, #10775, .T. ) ;
#2012 = DIRECTION ( 'NONE',  ( 0.9799092182948463403, 0.000000000000000000, 0.1994440370148558572 ) ) ;
#2013 = DIRECTION ( 'NONE',  ( 0.5645847261759636693, 0.000000000000000000, -0.8253751189421765222 ) ) ;
#2014 = DIRECTION ( 'NONE',  ( 0.9598352561504095437, 0.000000000000000000, 0.2805642191204673619 ) ) ;
#2015 = DIRECTION ( 'NONE',  ( -1.000000000000000000, 0.000000000000000000, 0.000000000000000000 ) ) ;
#2016 = CARTESIAN_POINT ( 'NONE',  ( -4.095164778750270962, 5.000000000000000000, -9.886744979382484644 ) ) ;
#2017 = DIRECTION ( 'NONE',  ( 0.4216106287909835437, 0.000000000000000000, -0.9067769724085804617 ) ) ;
#2018 = LINE ( 'NONE', #4043, #10808 ) ;
#2019 = ADVANCED_FACE ( 'NONE', ( #5657 ), #3206, .F. ) ;
#2020 = DIRECTION ( 'NONE',  ( -0.000000000000000000, -1.000000000000000000, -0.000000000000000000 ) ) ;
#2021 = ORIENTED_EDGE ( 'NONE', *, *, #9421, .F. ) ;
#2022 = CARTESIAN_POINT ( 'NONE',  ( 24.70164084880836697, 3.000000000000000000, -7.958098247985205376 ) ) ;
#2023 = VERTEX_POINT ( 'NONE', #9868 ) ;
#2024 = LINE ( 'NONE', #2926, #2822 ) ;
#2025 = AXIS2_PLACEMENT_3D ( 'NONE', #556, #13485, #11201 ) ;
#2026 = PLANE ( 'NONE',  #115 ) ;
#2027 = CARTESIAN_POINT ( 'NONE',  ( 2.082737812778864051, 5.000000000000000000, 22.48033774331845080 ) ) ;
#2028 = ORIENTED_EDGE ( 'NONE', *, *, #8275, .T. ) ;
#2029 = DIRECTION ( 'NONE',  ( 0.2779401237068993558, 0.000000000000000000, -0.9605984008074308633 ) ) ;
#2030 = ORIENTED_EDGE ( 'NONE', *, *, #10151, .T. ) ;
#2031 = PLANE ( 'NONE',  #7519 ) ;
#2032 = CARTESIAN_POINT ( 'NONE',  ( -40.39438440719162315, 5.000000000000000000, 28.09044738401479080 ) ) ;
#2033 = EDGE_CURVE ( 'NONE', #909, #10666, #1118, .T. ) ;
#2034 = EDGE_CURVE ( 'NONE', #13588, #9266, #8688, .T. ) ;
#2035 = DIRECTION ( 'NONE',  ( -0.000000000000000000, 1.000000000000000000, -0.000000000000000000 ) ) ;
#2036 = VERTEX_POINT ( 'NONE', #11901 ) ;
#2037 = AXIS2_PLACEMENT_3D ( 'NONE', #3341, #7624, #2295 ) ;
#2038 = CARTESIAN_POINT ( 'NONE',  ( -14.56418765519163649, 3.000000000000000000, 26.45633533601479925 ) ) ;
#2039 = ORIENTED_EDGE ( 'NONE', *, *, #6477, .F. ) ;
#2040 = PLANE ( 'NONE',  #12000 ) ;
#2041 = LINE ( 'NONE', #6310, #11120 ) ;
#2042 = ORIENTED_EDGE ( 'NONE', *, *, #12814, .T. ) ;
#2043 = ORIENTED_EDGE ( 'NONE', *, *, #12781, .F. ) ;
#2044 = VECTOR ( 'NONE', #6353, 1000.000000000000000 ) ;
#2045 = VECTOR ( 'NONE', #4868, 999.9999999999998863 ) ;
#2046 = CARTESIAN_POINT ( 'NONE',  ( 9.692467629963596565, 5.000000000000000000, -4.118274332157130679 ) ) ;
#2047 = LINE ( 'NONE', #13810, #5300 ) ;
#2048 = DIRECTION ( 'NONE',  ( -0.3622134907540549009, 0.000000000000000000, -0.9320951599036239044 ) ) ;
#2049 = ORIENTED_EDGE ( 'NONE', *, *, #8939, .F. ) ;
#2050 = DIRECTION ( 'NONE',  ( 0.9937606799076039721, 0.000000000000000000, 0.1115334526927976022 ) ) ;
#2051 = ADVANCED_FACE ( 'NONE', ( #419 ), #3560, .T. ) ;
#2052 = LINE ( 'NONE', #6323, #9659 ) ;
#2053 = VERTEX_POINT ( 'NONE', #11335 ) ;
#2054 = CARTESIAN_POINT ( 'NONE',  ( 47.48229124880837304, 5.000000000000000000, 21.75191497601479540 ) ) ;
#2055 = VERTEX_POINT ( 'NONE', #5796 ) ;
#2056 = FACE_OUTER_BOUND ( 'NONE', #10728, .T. ) ;
#2057 = VECTOR ( 'NONE', #111, 1000.000000000000114 ) ;
#2058 = VERTEX_POINT ( 'NONE', #9161 ) ;
#2059 = VECTOR ( 'NONE', #8989, 1000.000000000000000 ) ;
#2060 = CARTESIAN_POINT ( 'NONE',  ( -19.98888650894402730, 5.000000000000000000, 34.77736180092708906 ) ) ;
#2061 = VERTEX_POINT ( 'NONE', #3828 ) ;
#2062 = LINE ( 'NONE', #12503, #12013 ) ;
#2063 = VERTEX_POINT ( 'NONE', #6927 ) ;
#2064 = CARTESIAN_POINT ( 'NONE',  ( -2.419755690874775045, 5.000000000000000000, 14.48093071273969024 ) ) ;
#2065 = AXIS2_PLACEMENT_3D ( 'NONE', #171, #10602, #11859 ) ;
#2066 = DIRECTION ( 'NONE',  ( -0.7510558762918485565, 0.000000000000000000, 0.6602386467690930516 ) ) ;
#2067 = DIRECTION ( 'NONE',  ( -0.2131134059951631521, 0.000000000000000000, -0.9770274695141076826 ) ) ;
#2068 = CARTESIAN_POINT ( 'NONE',  ( -84.00000000000001421, 0.000000000000000000, 29.04999999999999361 ) ) ;
#2069 = EDGE_CURVE ( 'NONE', #10581, #4615, #11132, .T. ) ;
#2070 = EDGE_CURVE ( 'NONE', #8080, #443, #2711, .T. ) ;
#2071 = VERTEX_POINT ( 'NONE', #10014 ) ;
#2072 = LINE ( 'NONE', #10623, #10621 ) ;
#2073 = ORIENTED_EDGE ( 'NONE', *, *, #12292, .F. ) ;
#2074 = ORIENTED_EDGE ( 'NONE', *, *, #11868, .F. ) ;
#2075 = ORIENTED_EDGE ( 'NONE', *, *, #1863, .F. ) ;
#2076 = VECTOR ( 'NONE', #2238, 1000.000000000000000 ) ;
#2077 = DIRECTION ( 'NONE',  ( -0.3826836147510478958, 0.000000000000000000, 0.9238794569645282229 ) ) ;
#2078 = LINE ( 'NONE', #4186, #8043 ) ;
#2079 = DIRECTION ( 'NONE',  ( 0.000000000000000000, 1.000000000000000000, -0.000000000000000000 ) ) ;
#2080 = EDGE_CURVE ( 'NONE', #12287, #3457, #10075, .T. ) ;
#2081 = DIRECTION ( 'NONE',  ( -0.07963249419662236928, 0.000000000000000000, -0.9968242903681796552 ) ) ;
#2082 = CARTESIAN_POINT ( 'NONE',  ( 17.61829814480836376, 3.000000000000000000, 32.23252901601479437 ) ) ;
#2083 = CARTESIAN_POINT ( 'NONE',  ( -41.38323587119162994, 5.000000000000000000, 29.95690339201479446 ) ) ;
#2084 = EDGE_CURVE ( 'NONE', #2280, #1989, #10145, .T. ) ;
#2085 = AXIS2_PLACEMENT_3D ( 'NONE', #2638, #8037, #1176 ) ;
#2086 = FACE_OUTER_BOUND ( 'NONE', #11220, .T. ) ;
#2087 = ADVANCED_FACE ( 'NONE', ( #5929 ), #9025, .T. ) ;
#2088 = CARTESIAN_POINT ( 'NONE',  ( -8.314097521229390608, 5.000000000000000000, 20.27741708256545650 ) ) ;
#2089 = LINE ( 'NONE', #9309, #11257 ) ;
#2090 = CARTESIAN_POINT ( 'NONE',  ( 26.39011092880837239, 5.000000000000000000, 13.67547900801479521 ) ) ;
#2091 = ORIENTED_EDGE ( 'NONE', *, *, #5263, .F. ) ;
#2092 = LINE ( 'NONE', #63, #10612 ) ;
#2093 = ORIENTED_EDGE ( 'NONE', *, *, #10140, .T. ) ;
#2094 = DIRECTION ( 'NONE',  ( -0.9243375710361644293, 0.000000000000000000, 0.3815757523362350301 ) ) ;
#2095 = CARTESIAN_POINT ( 'NONE',  ( -7.625962263191627954, 5.000000000000000000, 20.58461225601479327 ) ) ;
#2096 = CARTESIAN_POINT ( 'NONE',  ( 36.44178445208555672, 5.000000000000000000, -14.74220554361771640 ) ) ;
#2097 = ORIENTED_EDGE ( 'NONE', *, *, #9697, .F. ) ;
#2098 = VECTOR ( 'NONE', #1830, 1000.000000000000114 ) ;
#2099 = DIRECTION ( 'NONE',  ( -0.000000000000000000, -1.000000000000000000, -0.000000000000000000 ) ) ;
#2100 = ORIENTED_EDGE ( 'NONE', *, *, #2998, .F. ) ;
#2101 = EDGE_CURVE ( 'NONE', #98, #1477, #7908, .T. ) ;
#2102 = LINE ( 'NONE', #6374, #4833 ) ;
#2103 = EDGE_CURVE ( 'NONE', #12629, #11228, #1739, .T. ) ;
#2104 = CARTESIAN_POINT ( 'NONE',  ( 3.706928096272267492, 5.000000000000000000, -2.558984080167707731 ) ) ;
#2105 = LINE ( 'NONE', #9, #9217 ) ;
#2106 = ORIENTED_EDGE ( 'NONE', *, *, #1912, .T. ) ;
#2107 = VECTOR ( 'NONE', #3620, 999.9999999999998863 ) ;
#2108 = DIRECTION ( 'NONE',  ( 0.9274655402332245835, 0.000000000000000000, -0.3739086408200443801 ) ) ;
#2109 = ORIENTED_EDGE ( 'NONE', *, *, #423, .T. ) ;
#2110 = DIRECTION ( 'NONE',  ( -0.000000000000000000, -1.000000000000000000, -0.000000000000000000 ) ) ;
#2111 = DIRECTION ( 'NONE',  ( -0.8283250196573378465, 0.000000000000000000, 0.5602478574788759547 ) ) ;
#2112 = ORIENTED_EDGE ( 'NONE', *, *, #6459, .T. ) ;
#2113 = ORIENTED_EDGE ( 'NONE', *, *, #10762, .T. ) ;
#2114 = EDGE_CURVE ( 'NONE', #5329, #5917, #4883, .T. ) ;
#2115 = EDGE_CURVE ( 'NONE', #5041, #12141, #2781, .T. ) ;
#2116 = VECTOR ( 'NONE', #561, 1000.000000000000000 ) ;
#2117 = DIRECTION ( 'NONE',  ( -1.000000000000000000, 0.000000000000000000, 0.000000000000000000 ) ) ;
#2118 = VECTOR ( 'NONE', #3562, 1000.000000000000000 ) ;
#2119 = DIRECTION ( 'NONE',  ( -0.000000000000000000, -1.000000000000000000, -0.000000000000000000 ) ) ;
#2120 = LINE ( 'NONE', #9554, #12360 ) ;
#2121 = ORIENTED_EDGE ( 'NONE', *, *, #2426, .F. ) ;
#2122 = LINE ( 'NONE', #24, #4150 ) ;
#2123 = FACE_OUTER_BOUND ( 'NONE', #1360, .T. ) ;
#2124 = ORIENTED_EDGE ( 'NONE', *, *, #2501, .F. ) ;
#2125 = LINE ( 'NONE', #5555, #4989 ) ;
#2126 = ORIENTED_EDGE ( 'NONE', *, *, #9988, .T. ) ;
#2127 = CARTESIAN_POINT ( 'NONE',  ( 1.825432346670802009, 3.000000000000000000, 2.136697634766004050 ) ) ;
#2128 = AXIS2_PLACEMENT_3D ( 'NONE', #1794, #13611, #4029 ) ;
#2129 = VERTEX_POINT ( 'NONE', #13420 ) ;
#2130 = AXIS2_PLACEMENT_3D ( 'NONE', #12722, #1035, #2077 ) ;
#2131 = ORIENTED_EDGE ( 'NONE', *, *, #7483, .F. ) ;
#2132 = CARTESIAN_POINT ( 'NONE',  ( -42.13172205519162361, 3.000000000000000000, 30.53469954401478148 ) ) ;
#2133 = EDGE_LOOP ( 'NONE', ( #1023, #2763, #4732, #9472 ) ) ;
#2134 = ADVANCED_FACE ( 'NONE', ( #6855 ), #2652, .T. ) ;
#2135 = ADVANCED_FACE ( 'NONE', ( #1597 ), #5859, .T. ) ;
#2136 = DIRECTION ( 'NONE',  ( -0.5633443111791331948, 0.000000000000000000, 0.8262222383003908766 ) ) ;
#2137 = VECTOR ( 'NONE', #7682, 999.9999999999998863 ) ;
#2138 = CARTESIAN_POINT ( 'NONE',  ( 0.000000000000000000, 3.000000000000000000, 32.03596146401479672 ) ) ;
#2139 = LINE ( 'NONE', #9003, #5179 ) ;
#2140 = VECTOR ( 'NONE', #12837, 1000.000000000000000 ) ;
#2141 = DIRECTION ( 'NONE',  ( -0.000000000000000000, -1.000000000000000000, -0.000000000000000000 ) ) ;
#2142 = VECTOR ( 'NONE', #7717, 1000.000000000000000 ) ;
#2143 = DIRECTION ( 'NONE',  ( -0.000000000000000000, -1.000000000000000000, -0.000000000000000000 ) ) ;
#2144 = ORIENTED_EDGE ( 'NONE', *, *, #1320, .T. ) ;
#2145 = ORIENTED_EDGE ( 'NONE', *, *, #628, .F. ) ;
#2146 = ORIENTED_EDGE ( 'NONE', *, *, #11626, .F. ) ;
#2147 = CARTESIAN_POINT ( 'NONE',  ( 76.49999999999998579, 0.000000000000000000, -6.700000000000003730 ) ) ;
#2148 = CARTESIAN_POINT ( 'NONE',  ( -45.24469627119162141, 5.000000000000000000, 32.34003299201478399 ) ) ;
#2149 = VECTOR ( 'NONE', #5376, 1000.000000000000000 ) ;
#2150 = ADVANCED_FACE ( 'NONE', ( #9094 ), #7845, .T. ) ;
#2151 = DIRECTION ( 'NONE',  ( -0.8447281712566206968, 0.000000000000000000, 0.5351955873187346224 ) ) ;
#2152 = VECTOR ( 'NONE', #8867, 1000.000000000000000 ) ;
#2153 = EDGE_CURVE ( 'NONE', #1996, #7907, #3696, .T. ) ;
#2154 = FACE_OUTER_BOUND ( 'NONE', #8134, .T. ) ;
#2155 = CARTESIAN_POINT ( 'NONE',  ( 24.77086092880837143, 5.000000000000000000, 15.35652314401480112 ) ) ;
#2156 = DIRECTION ( 'NONE',  ( 0.000000000000000000, 1.000000000000000000, 0.000000000000000000 ) ) ;
#2157 = CARTESIAN_POINT ( 'NONE',  ( 0.7951457725149623235, 5.000000000000000000, -43.39790822056359332 ) ) ;
#2158 = FACE_OUTER_BOUND ( 'NONE', #10523, .T. ) ;
#2159 = VECTOR ( 'NONE', #9909, 999.9999999999998863 ) ;
#2160 = CARTESIAN_POINT ( 'NONE',  ( -8.887138303191617794, 5.000000000000000000, 30.43649501601479912 ) ) ;
#2161 = ORIENTED_EDGE ( 'NONE', *, *, #3618, .T. ) ;
#2162 = CARTESIAN_POINT ( 'NONE',  ( 51.26216684880836993, 5.000000000000000000, 21.89282706401479572 ) ) ;
#2163 = AXIS2_PLACEMENT_3D ( 'NONE', #10855, #12055, #1265 ) ;
#2164 = ORIENTED_EDGE ( 'NONE', *, *, #10040, .T. ) ;
#2165 = VERTEX_POINT ( 'NONE', #4686 ) ;
#2166 = CARTESIAN_POINT ( 'NONE',  ( 8.978918928808365507, 3.000000000000000000, 15.35652416001479637 ) ) ;
#2167 = PLANE ( 'NONE',  #5464 ) ;
#2168 = FACE_BOUND ( 'NONE', #9136, .T. ) ;
#2169 = ORIENTED_EDGE ( 'NONE', *, *, #10651, .F. ) ;
#2170 = EDGE_CURVE ( 'NONE', #9933, #3003, #3044, .T. ) ;
#2171 = PLANE ( 'NONE',  #11565 ) ;
#2172 = ORIENTED_EDGE ( 'NONE', *, *, #4382, .F. ) ;
#2173 = VECTOR ( 'NONE', #5819, 1000.000000000000000 ) ;
#2174 = VECTOR ( 'NONE', #6742, 1000.000000000000000 ) ;
#2175 = DIRECTION ( 'NONE',  ( -0.3042957730105548819, 0.000000000000000000, -0.9525775992158901362 ) ) ;
#2176 = DIRECTION ( 'NONE',  ( -0.000000000000000000, -1.000000000000000000, -0.000000000000000000 ) ) ;
#2177 = FACE_OUTER_BOUND ( 'NONE', #5563, .T. ) ;
#2178 = ORIENTED_EDGE ( 'NONE', *, *, #11191, .F. ) ;
#2179 = CARTESIAN_POINT ( 'NONE',  ( 38.47138724880836946, 3.000000000000000000, 32.03596146401479672 ) ) ;
#2180 = EDGE_CURVE ( 'NONE', #6344, #6781, #3769, .T. ) ;
#2181 = ORIENTED_EDGE ( 'NONE', *, *, #11947, .T. ) ;
#2182 = PLANE ( 'NONE',  #793 ) ;
#2183 = VECTOR ( 'NONE', #7771, 1000.000000000000114 ) ;
#2184 = DIRECTION ( 'NONE',  ( 0.2555419724000399517, 0.000000000000000000, -0.9667979625246927444 ) ) ;
#2185 = ORIENTED_EDGE ( 'NONE', *, *, #7195, .T. ) ;
#2186 = EDGE_CURVE ( 'NONE', #5138, #1956, #11869, .T. ) ;
#2187 = EDGE_CURVE ( 'NONE', #5554, #6593, #8653, .T. ) ;
#2188 = ORIENTED_EDGE ( 'NONE', *, *, #6933, .F. ) ;
#2189 = DIRECTION ( 'NONE',  ( 0.000000000000000000, 1.000000000000000000, -0.000000000000000000 ) ) ;
#2190 = AXIS2_PLACEMENT_3D ( 'NONE', #6906, #4593, #2347 ) ;
#2191 = LINE ( 'NONE', #1139, #4407 ) ;
#2192 = DIRECTION ( 'NONE',  ( -0.000000000000000000, -1.000000000000000000, -0.000000000000000000 ) ) ;
#2193 = PLANE ( 'NONE',  #12126 ) ;
#2194 = ORIENTED_EDGE ( 'NONE', *, *, #2393, .T. ) ;
#2195 = PLANE ( 'NONE',  #6334 ) ;
#2196 = EDGE_CURVE ( 'NONE', #4091, #7708, #1942, .T. ) ;
#2197 = ORIENTED_EDGE ( 'NONE', *, *, #11498, .T. ) ;
#2198 = CARTESIAN_POINT ( 'NONE',  ( -27.67035092719162392, 3.000000000000000000, 28.77275437601479524 ) ) ;
#2199 = ORIENTED_EDGE ( 'NONE', *, *, #4145, .T. ) ;
#2200 = FACE_OUTER_BOUND ( 'NONE', #10717, .T. ) ;
#2201 = ORIENTED_EDGE ( 'NONE', *, *, #6467, .F. ) ;
#2202 = DIRECTION ( 'NONE',  ( -0.9867469349408642953, 0.000000000000000000, -0.1622667137302338802 ) ) ;
#2203 = ORIENTED_EDGE ( 'NONE', *, *, #4325, .T. ) ;
#2204 = CARTESIAN_POINT ( 'NONE',  ( 7.666216448808373940, 5.000000000000000000, 0.000000000000000000 ) ) ;
#2205 = VECTOR ( 'NONE', #13620, 1000.000000000000227 ) ;
#2206 = CARTESIAN_POINT ( 'NONE',  ( -27.70135619919163261, 3.000000000000000000, 13.56753002401479158 ) ) ;
#2207 = CARTESIAN_POINT ( 'NONE',  ( 29.26271884880837248, 5.000000000000000000, 20.00412268801479243 ) ) ;
#2208 = CARTESIAN_POINT ( 'NONE',  ( 22.84188873491316230, 3.000000000000000000, 36.05258966307431479 ) ) ;
#2209 = VERTEX_POINT ( 'NONE', #8182 ) ;
#2210 = EDGE_CURVE ( 'NONE', #11933, #8278, #3899, .T. ) ;
#2211 = DIRECTION ( 'NONE',  ( -0.8822466111022760904, 0.000000000000000000, 0.4707875499612847459 ) ) ;
#2212 = ORIENTED_EDGE ( 'NONE', *, *, #9891, .T. ) ;
#2213 = VERTEX_POINT ( 'NONE', #1148 ) ;
#2214 = ORIENTED_EDGE ( 'NONE', *, *, #13247, .T. ) ;
#2215 = FACE_OUTER_BOUND ( 'NONE', #4841, .T. ) ;
#2216 = CARTESIAN_POINT ( 'NONE',  ( -11.93032449519163940, 5.000000000000000000, 12.56795976001479787 ) ) ;
#2217 = CARTESIAN_POINT ( 'NONE',  ( -17.51642984931670100, 3.000000000000000000, 0.1765914570343140866 ) ) ;
#2218 = DIRECTION ( 'NONE',  ( 0.9377558891340873615, 0.000000000000000000, -0.3472951085090851264 ) ) ;
#2219 = CARTESIAN_POINT ( 'NONE',  ( -11.13019366857572656, 5.000000000000000000, -18.19994799644581462 ) ) ;
#2220 = CARTESIAN_POINT ( 'NONE',  ( -27.73834840556819969, 5.000000000000000000, 11.52815899183988790 ) ) ;
#2221 = LINE ( 'NONE', #536, #2719 ) ;
#2222 = PLANE ( 'NONE',  #3865 ) ;
#2223 = DIRECTION ( 'NONE',  ( -0.9820357469730575106, 0.000000000000000000, -0.1886949699039933981 ) ) ;
#2224 = ORIENTED_EDGE ( 'NONE', *, *, #7192, .F. ) ;
#2225 = ADVANCED_FACE ( 'NONE', ( #8313 ), #8251, .F. ) ;
#2226 = LINE ( 'NONE', #13849, #13719 ) ;
#2227 = EDGE_LOOP ( 'NONE', ( #10476, #6433, #12824, #2599 ) ) ;
#2228 = ORIENTED_EDGE ( 'NONE', *, *, #7820, .F. ) ;
#2229 = DIRECTION ( 'NONE',  ( -0.000000000000000000, -1.000000000000000000, -0.000000000000000000 ) ) ;
#2230 = EDGE_CURVE ( 'NONE', #9750, #8147, #11536, .T. ) ;
#2231 = ORIENTED_EDGE ( 'NONE', *, *, #13218, .T. ) ;
#2232 = LINE ( 'NONE', #10778, #6376 ) ;
#2233 = CARTESIAN_POINT ( 'NONE',  ( -5.932947615191626056, 5.000000000000000000, 0.000000000000000000 ) ) ;
#2234 = ORIENTED_EDGE ( 'NONE', *, *, #13583, .F. ) ;
#2235 = CARTESIAN_POINT ( 'NONE',  ( 6.999513445761330388, 5.000000000000000000, -36.42795787642680949 ) ) ;
#2236 = ORIENTED_EDGE ( 'NONE', *, *, #12612, .F. ) ;
#2237 = CARTESIAN_POINT ( 'NONE',  ( 1.711072476898105599, 3.000000000000000000, 0.1466768536696527181 ) ) ;
#2238 = DIRECTION ( 'NONE',  ( -0.000000000000000000, -1.000000000000000000, -0.000000000000000000 ) ) ;
#2239 = LINE ( 'NONE', #6377, #4523 ) ;
#2240 = ORIENTED_EDGE ( 'NONE', *, *, #5497, .T. ) ;
#2241 = ADVANCED_FACE ( 'NONE', ( #12916 ), #6213, .T. ) ;
#2242 = CARTESIAN_POINT ( 'NONE',  ( 1.122054302226759503, 5.000000000000000000, -0.4523572907801944321 ) ) ;
#2243 = EDGE_CURVE ( 'NONE', #8423, #194, #9297, .T. ) ;
#2244 = EDGE_LOOP ( 'NONE', ( #7832, #5477, #2042, #5641 ) ) ;
#2245 = DIRECTION ( 'NONE',  ( -0.3826787200924747223, 0.000000000000000000, -0.9238814843844341818 ) ) ;
#2246 = CARTESIAN_POINT ( 'NONE',  ( 2.314739090520255171, 5.000000000000000000, 24.41998608380890090 ) ) ;
#2247 = ORIENTED_EDGE ( 'NONE', *, *, #1262, .T. ) ;
#2248 = VERTEX_POINT ( 'NONE', #685 ) ;
#2249 = EDGE_CURVE ( 'NONE', #4355, #568, #5088, .T. ) ;
#2250 = DIRECTION ( 'NONE',  ( 0.8353422826144927260, -0.000000000000000000, 0.5497301800669207594 ) ) ;
#2251 = VECTOR ( 'NONE', #4257, 1000.000000000000000 ) ;
#2252 = PLANE ( 'NONE',  #8895 ) ;
#2253 = DIRECTION ( 'NONE',  ( 1.000000000000000000, 0.000000000000000000, -0.000000000000000000 ) ) ;
#2254 = VERTEX_POINT ( 'NONE', #2263 ) ;
#2255 = CARTESIAN_POINT ( 'NONE',  ( -28.42613503919162810, 3.000000000000000000, 12.84143546401479696 ) ) ;
#2256 = ORIENTED_EDGE ( 'NONE', *, *, #6950, .F. ) ;
#2257 = EDGE_CURVE ( 'NONE', #8030, #7840, #3316, .T. ) ;
#2258 = CARTESIAN_POINT ( 'NONE',  ( 12.68402592597218970, 5.000000000000000000, 22.65529802223259637 ) ) ;
#2259 = ADVANCED_FACE ( 'NONE', ( #2200 ), #13482, .T. ) ;
#2260 = ORIENTED_EDGE ( 'NONE', *, *, #9885, .F. ) ;
#2261 = CARTESIAN_POINT ( 'NONE',  ( 15.63761515268221203, 5.000000000000000000, 2.094365924542642254 ) ) ;
#2262 = VERTEX_POINT ( 'NONE', #1799 ) ;
#2263 = CARTESIAN_POINT ( 'NONE',  ( -4.589937621240017781E-13, 3.000000000000000000, -45.54033533331417516 ) ) ;
#2264 = VERTEX_POINT ( 'NONE', #12514 ) ;
#2265 = VECTOR ( 'NONE', #2706, 1000.000000000000000 ) ;
#2266 = LINE ( 'NONE', #6541, #1039 ) ;
#2267 = VECTOR ( 'NONE', #9862, 1000.000000000000000 ) ;
#2268 = ORIENTED_EDGE ( 'NONE', *, *, #11626, .T. ) ;
#2269 = ADVANCED_FACE ( 'NONE', ( #2911 ), #9366, .T. ) ;
#2270 = LINE ( 'NONE', #7394, #2708 ) ;
#2271 = CARTESIAN_POINT ( 'NONE',  ( -12.51312749519162004, 5.000000000000000000, 30.97480026401478881 ) ) ;
#2272 = DIRECTION ( 'NONE',  ( -0.000000000000000000, 1.000000000000000000, -0.000000000000000000 ) ) ;
#2273 = CARTESIAN_POINT ( 'NONE',  ( -49.69399090319159740, 3.000000000000000000, 29.09524192001479292 ) ) ;
#2274 = VECTOR ( 'NONE', #2574, 1000.000000000000114 ) ;
#2275 = EDGE_CURVE ( 'NONE', #3360, #10313, #10417, .T. ) ;
#2276 = AXIS2_PLACEMENT_3D ( 'NONE', #872, #2958, #11382 ) ;
#2277 = ORIENTED_EDGE ( 'NONE', *, *, #6508, .F. ) ;
#2278 = DIRECTION ( 'NONE',  ( -0.8298422876552166150, 0.000000000000000000, -0.5579980086157626529 ) ) ;
#2279 = ORIENTED_EDGE ( 'NONE', *, *, #7516, .T. ) ;
#2280 = VERTEX_POINT ( 'NONE', #4033 ) ;
#2281 = ORIENTED_EDGE ( 'NONE', *, *, #4990, .F. ) ;
#2282 = FACE_OUTER_BOUND ( 'NONE', #10862, .T. ) ;
#2283 = CARTESIAN_POINT ( 'NONE',  ( -0.6064483434420907537, 5.000000000000000000, 1.479064790565691290 ) ) ;
#2284 = DIRECTION ( 'NONE',  ( -0.8602552328567079076, 0.000000000000000000, -0.5098636428915590546 ) ) ;
#2285 = AXIS2_PLACEMENT_3D ( 'NONE', #5268, #3161, #2048 ) ;
#2286 = AXIS2_PLACEMENT_3D ( 'NONE', #713, #1899, #5115 ) ;
#2287 = EDGE_CURVE ( 'NONE', #4622, #12901, #5151, .T. ) ;
#2288 = EDGE_CURVE ( 'NONE', #1987, #7361, #4105, .T. ) ;
#2289 = CARTESIAN_POINT ( 'NONE',  ( 13.40203873371506660, 3.000000000000000000, -21.87587052901554685 ) ) ;
#2290 = CARTESIAN_POINT ( 'NONE',  ( 38.47138724880836946, 5.000000000000000000, 0.000000000000000000 ) ) ;
#2291 = LINE ( 'NONE', #5436, #11307 ) ;
#2292 = PLANE ( 'NONE',  #13443 ) ;
#2293 = PLANE ( 'NONE',  #5666 ) ;
#2294 = PERSON_AND_ORGANIZATION ( #10936, #10382 ) ;
#2295 = DIRECTION ( 'NONE',  ( 1.000000000000000000, 0.000000000000000000, -0.000000000000000000 ) ) ;
#2296 = ORIENTED_EDGE ( 'NONE', *, *, #2070, .F. ) ;
#2297 = VECTOR ( 'NONE', #10429, 1000.000000000000000 ) ;
#2298 = CARTESIAN_POINT ( 'NONE',  ( 43.44528636880837524, 5.000000000000000000, 20.04613835201479688 ) ) ;
#2299 = EDGE_LOOP ( 'NONE', ( #5774, #8709, #9212, #3508 ) ) ;
#2300 = ORIENTED_EDGE ( 'NONE', *, *, #12354, .F. ) ;
#2301 = DIRECTION ( 'NONE',  ( -0.6025711794240211638, 0.000000000000000000, 0.7980651437868616638 ) ) ;
#2302 = EDGE_LOOP ( 'NONE', ( #3584, #10968, #13820, #9092 ) ) ;
#2303 = CARTESIAN_POINT ( 'NONE',  ( -46.54790201512244607, 5.000000000000000000, 33.47054655011517355 ) ) ;
#2304 = CARTESIAN_POINT ( 'NONE',  ( 15.64057794480836883, 5.000000000000000000, 31.04875896801478774 ) ) ;
#2305 = ORIENTED_EDGE ( 'NONE', *, *, #4508, .F. ) ;
#2306 = DIRECTION ( 'NONE',  ( -0.7296046392874412367, 0.000000000000000000, 0.6838691909497333077 ) ) ;
#2307 = EDGE_LOOP ( 'NONE', ( #6974, #3218, #6406, #12915 ) ) ;
#2308 = ADVANCED_FACE ( 'NONE', ( #3053 ), #11803, .T. ) ;
#2309 = VECTOR ( 'NONE', #2960, 1000.000000000000114 ) ;
#2310 = CARTESIAN_POINT ( 'NONE',  ( 4.988413355718220643, 5.000000000000000000, -0.8850800809166778915 ) ) ;
#2311 = DIRECTION ( 'NONE',  ( 0.7255525523205630378, 0.000000000000000000, -0.6881667630895266230 ) ) ;
#2312 = CARTESIAN_POINT ( 'NONE',  ( 7.147081088808363347, 3.000000000000000000, 12.63718593601479512 ) ) ;
#2313 = ORIENTED_EDGE ( 'NONE', *, *, #10784, .T. ) ;
#2314 = DIRECTION ( 'NONE',  ( -0.2988038448905470101, 0.000000000000000000, 0.9543145510148243194 ) ) ;
#2315 = ORIENTED_EDGE ( 'NONE', *, *, #6281, .F. ) ;
#2316 = LINE ( 'NONE', #11008, #6621 ) ;
#2317 = VECTOR ( 'NONE', #9672, 1000.000000000000000 ) ;
#2318 = LINE ( 'NONE', #5814, #9720 ) ;
#2319 = DIRECTION ( 'NONE',  ( 0.3270941141397885610, 0.000000000000000000, -0.9449917674218685226 ) ) ;
#2320 = ORIENTED_EDGE ( 'NONE', *, *, #3905, .F. ) ;
#2321 = ORIENTED_EDGE ( 'NONE', *, *, #12284, .F. ) ;
#2322 = EDGE_CURVE ( 'NONE', #5697, #7225, #1361, .T. ) ;
#2323 = EDGE_CURVE ( 'NONE', #5278, #1152, #7949, .T. ) ;
#2324 = DIRECTION ( 'NONE',  ( 0.9995958952948115206, 0.000000000000000000, -0.02842615186345285802 ) ) ;
#2325 = FACE_OUTER_BOUND ( 'NONE', #11093, .T. ) ;
#2326 = VECTOR ( 'NONE', #4047, 1000.000000000000114 ) ;
#2327 = CARTESIAN_POINT ( 'NONE',  ( 24.77086092880837143, 5.000000000000000000, 0.000000000000000000 ) ) ;
#2328 = DIRECTION ( 'NONE',  ( -0.6616217079879811447, 0.000000000000000000, -0.7498377928052617492 ) ) ;
#2329 = VECTOR ( 'NONE', #12110, 1000.000000000000000 ) ;
#2330 = VERTEX_POINT ( 'NONE', #7880 ) ;
#2331 = FACE_OUTER_BOUND ( 'NONE', #5152, .T. ) ;
#2332 = EDGE_LOOP ( 'NONE', ( #4233, #9412, #887, #12444 ) ) ;
#2333 = DIRECTION ( 'NONE',  ( 0.3826848932557257998, 0.000000000000000000, 0.9238789273892189513 ) ) ;
#2334 = ORIENTED_EDGE ( 'NONE', *, *, #6479, .F. ) ;
#2335 = CARTESIAN_POINT ( 'NONE',  ( 0.000000000000000000, 3.000000000000000000, 30.81720240801479704 ) ) ;
#2336 = ORIENTED_EDGE ( 'NONE', *, *, #8110, .F. ) ;
#2337 = ORIENTED_EDGE ( 'NONE', *, *, #1763, .T. ) ;
#2338 = CARTESIAN_POINT ( 'NONE',  ( 0.000000000000000000, 5.000000000000000000, 21.44784446401479627 ) ) ;
#2339 = ORIENTED_EDGE ( 'NONE', *, *, #6695, .T. ) ;
#2340 = VECTOR ( 'NONE', #673, 1000.000000000000000 ) ;
#2341 = CARTESIAN_POINT ( 'NONE',  ( 19.67878720059907849, 5.000000000000000000, 13.31336794379032895 ) ) ;
#2342 = VERTEX_POINT ( 'NONE', #2415 ) ;
#2343 = VECTOR ( 'NONE', #1017, 1000.000000000000000 ) ;
#2344 = EDGE_CURVE ( 'NONE', #7909, #7895, #12147, .T. ) ;
#2345 = EDGE_CURVE ( 'NONE', #10581, #11781, #5484, .T. ) ;
#2346 = DIRECTION ( 'NONE',  ( -0.000000000000000000, -1.000000000000000000, -0.000000000000000000 ) ) ;
#2347 = DIRECTION ( 'NONE',  ( 0.000000000000000000, 0.000000000000000000, -1.000000000000000000 ) ) ;
#2348 = CARTESIAN_POINT ( 'NONE',  ( 7.713186128808370512, 3.000000000000000000, 16.57775514401479100 ) ) ;
#2349 = DIRECTION ( 'NONE',  ( -0.000000000000000000, -1.000000000000000000, -0.000000000000000000 ) ) ;
#2350 = VECTOR ( 'NONE', #1108, 1000.000000000000000 ) ;
#2351 = ORIENTED_EDGE ( 'NONE', *, *, #3805, .T. ) ;
#2352 = VECTOR ( 'NONE', #12383, 1000.000000000000000 ) ;
#2353 = DIRECTION ( 'NONE',  ( -0.000000000000000000, -1.000000000000000000, -0.000000000000000000 ) ) ;
#2354 = ORIENTED_EDGE ( 'NONE', *, *, #3381, .F. ) ;
#2355 = ORIENTED_EDGE ( 'NONE', *, *, #13117, .F. ) ;
#2356 = EDGE_CURVE ( 'NONE', #12343, #4773, #6823, .T. ) ;
#2357 = ORIENTED_EDGE ( 'NONE', *, *, #11343, .T. ) ;
#2358 = DIRECTION ( 'NONE',  ( -0.000000000000000000, -1.000000000000000000, -0.000000000000000000 ) ) ;
#2359 = DIRECTION ( 'NONE',  ( 0.7915149266413793461, 0.000000000000000000, -0.6111498350682030845 ) ) ;
#2360 = AXIS2_PLACEMENT_3D ( 'NONE', #11125, #271, #12309 ) ;
#2361 = DIRECTION ( 'NONE',  ( -0.08668667503242519223, 0.000000000000000000, -0.9962356249260627683 ) ) ;
#2362 = EDGE_CURVE ( 'NONE', #12732, #1091, #2482, .T. ) ;
#2363 = EDGE_CURVE ( 'NONE', #3803, #4614, #3664, .T. ) ;
#2364 = VECTOR ( 'NONE', #1990, 1000.000000000000000 ) ;
#2365 = CARTESIAN_POINT ( 'NONE',  ( 0.000000000000000000, 5.000000000000000000, -6.924750047985199330 ) ) ;
#2366 = FACE_OUTER_BOUND ( 'NONE', #9122, .T. ) ;
#2367 = CARTESIAN_POINT ( 'NONE',  ( 32.30305211280835920, 5.000000000000000000, 12.78022552801479073 ) ) ;
#2368 = DIRECTION ( 'NONE',  ( -0.000000000000000000, -1.000000000000000000, -0.000000000000000000 ) ) ;
#2369 = FACE_OUTER_BOUND ( 'NONE', #6153, .T. ) ;
#2370 = CARTESIAN_POINT ( 'NONE',  ( -32.57209409182055282, 5.000000000000000000, 26.26779876545939274 ) ) ;
#2371 = ORIENTED_EDGE ( 'NONE', *, *, #5848, .F. ) ;
#2372 = DIRECTION ( 'NONE',  ( -0.000000000000000000, -1.000000000000000000, -0.000000000000000000 ) ) ;
#2373 = ORIENTED_EDGE ( 'NONE', *, *, #5382, .F. ) ;
#2374 = EDGE_CURVE ( 'NONE', #5656, #8049, #6750, .T. ) ;
#2375 = VECTOR ( 'NONE', #7283, 1000.000000000000000 ) ;
#2376 = LINE ( 'NONE', #3280, #5956 ) ;
#2377 = ORIENTED_EDGE ( 'NONE', *, *, #13655, .F. ) ;
#2378 = AXIS2_PLACEMENT_3D ( 'NONE', #8397, #2017, #7199 ) ;
#2379 = DIRECTION ( 'NONE',  ( -0.5837998310125535051, 0.000000000000000000, -0.8118976273581011149 ) ) ;
#2380 = LINE ( 'NONE', #4479, #8374 ) ;
#2381 = VERTEX_POINT ( 'NONE', #7673 ) ;
#2382 = CARTESIAN_POINT ( 'NONE',  ( 18.68943036880838093, 5.000000000000000000, 20.35022004001479701 ) ) ;
#2383 = VERTEX_POINT ( 'NONE', #391 ) ;
#2384 = VECTOR ( 'NONE', #9432, 1000.000000000000000 ) ;
#2385 = VECTOR ( 'NONE', #4132, 1000.000000000000227 ) ;
#2386 = DIRECTION ( 'NONE',  ( 0.000000000000000000, 0.000000000000000000, -1.000000000000000000 ) ) ;
#2387 = DIRECTION ( 'NONE',  ( -0.000000000000000000, -1.000000000000000000, -0.000000000000000000 ) ) ;
#2388 = CARTESIAN_POINT ( 'NONE',  ( 20.25924180880836900, 5.000000000000000000, 23.93974804001479129 ) ) ;
#2389 = CARTESIAN_POINT ( 'NONE',  ( -2.627152608230681530, 5.000000000000000000, -1.948471767704772262 ) ) ;
#2390 = ORIENTED_EDGE ( 'NONE', *, *, #2441, .F. ) ;
#2391 = DIRECTION ( 'NONE',  ( -0.1976663333700899305, 0.000000000000000000, -0.9802693612737390927 ) ) ;
#2392 = ORIENTED_EDGE ( 'NONE', *, *, #8365, .T. ) ;
#2393 = EDGE_CURVE ( 'NONE', #7877, #865, #13131, .T. ) ;
#2394 = CARTESIAN_POINT ( 'NONE',  ( -34.08111160383584348, 5.000000000000000000, 16.34890247753867243 ) ) ;
#2395 = ORIENTED_EDGE ( 'NONE', *, *, #11876, .F. ) ;
#2396 = ADVANCED_FACE ( 'NONE', ( #12014 ), #1433, .T. ) ;
#2397 = CARTESIAN_POINT ( 'NONE',  ( 11.34732695584693829, 5.000000000000000000, -7.639095889918696258 ) ) ;
#2398 = CARTESIAN_POINT ( 'NONE',  ( -27.49730174319163112, 5.000000000000000000, 12.10815067201479955 ) ) ;
#2399 = VERTEX_POINT ( 'NONE', #7819 ) ;
#2400 = VECTOR ( 'NONE', #8056, 1000.000000000000000 ) ;
#2401 = VECTOR ( 'NONE', #852, 1000.000000000000000 ) ;
#2402 = VERTEX_POINT ( 'NONE', #12219 ) ;
#2403 = DIRECTION ( 'NONE',  ( 0.5497301800669206484, 0.000000000000000000, -0.8353422826144926150 ) ) ;
#2404 = DIRECTION ( 'NONE',  ( 0.002103358651976024868, 0.000000000000000000, -0.9999977879387439428 ) ) ;
#2405 = CARTESIAN_POINT ( 'NONE',  ( 2.462753730532094565, 3.000000000000000000, -12.38153293204384653 ) ) ;
#2406 = DIRECTION ( 'NONE',  ( 0.3739086408200443246, 0.000000000000000000, 0.9274655402332244725 ) ) ;
#2407 = DIRECTION ( 'NONE',  ( 0.000000000000000000, 0.000000000000000000, 1.000000000000000000 ) ) ;
#2408 = ORIENTED_EDGE ( 'NONE', *, *, #2813, .F. ) ;
#2409 = VECTOR ( 'NONE', #3944, 1000.000000000000114 ) ;
#2410 = CARTESIAN_POINT ( 'NONE',  ( 12.04192958736022234, 5.000000000000000000, 16.45074564705222286 ) ) ;
#2411 = ORIENTED_EDGE ( 'NONE', *, *, #8058, .F. ) ;
#2412 = LINE ( 'NONE', #3378, #11763 ) ;
#2413 = EDGE_CURVE ( 'NONE', #2444, #6627, #9772, .T. ) ;
#2414 = ORIENTED_EDGE ( 'NONE', *, *, #5343, .F. ) ;
#2415 = CARTESIAN_POINT ( 'NONE',  ( -8.887138303191617794, 5.000000000000000000, 30.43649501601479912 ) ) ;
#2416 = EDGE_CURVE ( 'NONE', #8386, #4615, #9982, .T. ) ;
#2417 = EDGE_LOOP ( 'NONE', ( #7315, #11507, #8972, #5878 ) ) ;
#2418 = PLANE ( 'NONE',  #9535 ) ;
#2419 = ORIENTED_EDGE ( 'NONE', *, *, #7555, .T. ) ;
#2420 = VECTOR ( 'NONE', #5507, 1000.000000000000000 ) ;
#2421 = DIRECTION ( 'NONE',  ( 0.7415456929710986245, -0.000000000000000000, 0.6709023663961941608 ) ) ;
#2422 = CARTESIAN_POINT ( 'NONE',  ( 32.60998164880837180, 3.000000000000000000, 0.000000000000000000 ) ) ;
#2423 = PLANE ( 'NONE',  #3613 ) ;
#2424 = DIRECTION ( 'NONE',  ( -1.000000000000000000, 0.000000000000000000, 0.000000000000000000 ) ) ;
#2425 = ORIENTED_EDGE ( 'NONE', *, *, #8006, .T. ) ;
#2426 = EDGE_CURVE ( 'NONE', #6173, #3398, #454, .T. ) ;
#2427 = DIRECTION ( 'NONE',  ( -0.9963459802029173140, 0.000000000000000000, -0.08540894410708982365 ) ) ;
#2428 = VERTEX_POINT ( 'NONE', #247 ) ;
#2429 = ORIENTED_EDGE ( 'NONE', *, *, #6435, .T. ) ;
#2430 = ORIENTED_EDGE ( 'NONE', *, *, #2613, .F. ) ;
#2431 = CARTESIAN_POINT ( 'NONE',  ( 0.000000000000000000, 5.000000000000000000, 32.03596146401479672 ) ) ;
#2432 = FACE_OUTER_BOUND ( 'NONE', #1087, .T. ) ;
#2433 = VECTOR ( 'NONE', #1803, 1000.000000000000000 ) ;
#2434 = CARTESIAN_POINT ( 'NONE',  ( -3.632035779176051360, 3.000000000000000000, 31.98333919953596904 ) ) ;
#2435 = LINE ( 'NONE', #10975, #4205 ) ;
#2436 = LINE ( 'NONE', #341, #2265 ) ;
#2437 = EDGE_CURVE ( 'NONE', #10849, #194, #7747, .T. ) ;
#2438 = CARTESIAN_POINT ( 'NONE',  ( 31.78104655280836965, 5.000000000000000000, 20.19586627201479700 ) ) ;
#2439 = LINE ( 'NONE', #10979, #5157 ) ;
#2440 = ORIENTED_EDGE ( 'NONE', *, *, #5134, .F. ) ;
#2441 = EDGE_CURVE ( 'NONE', #4387, #8272, #4512, .T. ) ;
#2442 = LINE ( 'NONE', #6710, #10387 ) ;
#2443 = EDGE_CURVE ( 'NONE', #12349, #11288, #8935, .T. ) ;
#2444 = VERTEX_POINT ( 'NONE', #12982 ) ;
#2445 = ORIENTED_EDGE ( 'NONE', *, *, #12920, .F. ) ;
#2446 = DIRECTION ( 'NONE',  ( 0.000000000000000000, 0.000000000000000000, -1.000000000000000000 ) ) ;
#2447 = ORIENTED_EDGE ( 'NONE', *, *, #12534, .T. ) ;
#2448 = VERTEX_POINT ( 'NONE', #11939 ) ;
#2449 = LINE ( 'NONE', #1328, #2118 ) ;
#2450 = CARTESIAN_POINT ( 'NONE',  ( -77.00000000000001421, 3.000000000000000000, 29.04999999999999716 ) ) ;
#2451 = VERTEX_POINT ( 'NONE', #10888 ) ;
#2452 = LINE ( 'NONE', #5736, #13130 ) ;
#2453 = VERTEX_POINT ( 'NONE', #1299 ) ;
#2454 = ADVANCED_FACE ( 'NONE', ( #12544 ), #8153, .T. ) ;
#2455 = CARTESIAN_POINT ( 'NONE',  ( -4.012692836706363231, 5.000000000000000000, 35.75300741965818929 ) ) ;
#2456 = DIRECTION ( 'NONE',  ( 0.000000000000000000, 1.000000000000000000, 0.000000000000000000 ) ) ;
#2457 = CARTESIAN_POINT ( 'NONE',  ( 5.791640664071779909, 5.000000000000000000, -5.493212856911061870 ) ) ;
#2458 = LINE ( 'NONE', #6393, #3674 ) ;
#2459 = CARTESIAN_POINT ( 'NONE',  ( 18.14062780880837522, 5.000000000000000000, 30.80978662401479085 ) ) ;
#2460 = ORIENTED_EDGE ( 'NONE', *, *, #1445, .T. ) ;
#2461 = CARTESIAN_POINT ( 'NONE',  ( -6.492681319191631495, 3.000000000000000000, 21.75276841601480982 ) ) ;
#2462 = EDGE_LOOP ( 'NONE', ( #9321, #1583, #323, #296 ) ) ;
#2463 = EDGE_LOOP ( 'NONE', ( #9563, #1864, #1838, #2908, #5536, #11951, #10982, #8957, #11864, #6119, #9455, #11769, #4513, #7014, #11072, #7393, #5483, #12627, #249, #821, #10937, #13381, #735, #11562, #8025, #10054, #10414, #4899, #1437, #4490, #10531, #825 ) ) ;
#2464 = ORIENTED_EDGE ( 'NONE', *, *, #11267, .F. ) ;
#2465 = DIRECTION ( 'NONE',  ( -0.9238814843844340707, 0.000000000000000000, 0.3826787200924746668 ) ) ;
#2466 = DIRECTION ( 'NONE',  ( 0.000000000000000000, 1.000000000000000000, -0.000000000000000000 ) ) ;
#2467 = PLANE ( 'NONE',  #5005 ) ;
#2468 = ORIENTED_EDGE ( 'NONE', *, *, #2554, .T. ) ;
#2469 = VERTEX_POINT ( 'NONE', #12418 ) ;
#2470 = CARTESIAN_POINT ( 'NONE',  ( 27.95794629746357884, 5.000000000000000000, -13.74664113089746564 ) ) ;
#2471 = EDGE_CURVE ( 'NONE', #8821, #7491, #7163, .T. ) ;
#2472 = CARTESIAN_POINT ( 'NONE',  ( -4.296364244655543452, 3.000000000000000000, 15.05449634477602316 ) ) ;
#2473 = EDGE_CURVE ( 'NONE', #4661, #10985, #10312, .T. ) ;
#2474 = LINE ( 'NONE', #3587, #3518 ) ;
#2475 = LINE ( 'NONE', #2542, #3178 ) ;
#2476 = CARTESIAN_POINT ( 'NONE',  ( -4.193459777031235625, 5.000000000000000000, 7.422950048193965422 ) ) ;
#2477 = ORIENTED_EDGE ( 'NONE', *, *, #12576, .F. ) ;
#2478 = CARTESIAN_POINT ( 'NONE',  ( 24.61909496285495180, 3.000000000000000000, 26.79806359715655617 ) ) ;
#2479 = ORIENTED_EDGE ( 'NONE', *, *, #12612, .T. ) ;
#2480 = CARTESIAN_POINT ( 'NONE',  ( -27.67035092719162037, 5.000000000000000000, 20.22908540801479660 ) ) ;
#2481 = ORIENTED_EDGE ( 'NONE', *, *, #6836, .F. ) ;
#2482 = LINE ( 'NONE', #3382, #4392 ) ;
#2483 = ORIENTED_EDGE ( 'NONE', *, *, #8187, .F. ) ;
#2484 = LINE ( 'NONE', #10298, #1933 ) ;
#2485 = VERTEX_POINT ( 'NONE', #1836 ) ;
#2486 = DIRECTION ( 'NONE',  ( -0.000000000000000000, -1.000000000000000000, -0.000000000000000000 ) ) ;
#2487 = EDGE_CURVE ( 'NONE', #1296, #3723, #11233, .T. ) ;
#2488 = DIRECTION ( 'NONE',  ( 0.08540894410708982365, 0.000000000000000000, -0.9963459802029173140 ) ) ;
#2489 = DIRECTION ( 'NONE',  ( -0.9770274695141077936, 0.000000000000000000, 0.2131134059951631798 ) ) ;
#2490 = CARTESIAN_POINT ( 'NONE',  ( -1.843502798063829662, 5.000000000000000000, -0.7877362443306773487 ) ) ;
#2491 = VECTOR ( 'NONE', #13156, 1000.000000000000114 ) ;
#2492 = LINE ( 'NONE', #259, #8615 ) ;
#2493 = ORIENTED_EDGE ( 'NONE', *, *, #9892, .F. ) ;
#2494 = ORIENTED_EDGE ( 'NONE', *, *, #4280, .T. ) ;
#2495 = VERTEX_POINT ( 'NONE', #3801 ) ;
#2496 = CARTESIAN_POINT ( 'NONE',  ( -27.49730174319163467, 3.000000000000000000, 12.10815067201479600 ) ) ;
#2497 = ADVANCED_FACE ( 'NONE', ( #1637 ), #2685, .T. ) ;
#2498 = AXIS2_PLACEMENT_3D ( 'NONE', #1247, #7696, #11964 ) ;
#2500 = DIRECTION ( 'NONE',  ( 0.000000000000000000, 0.000000000000000000, -1.000000000000000000 ) ) ;
#2499 = VECTOR ( 'NONE', #25, 1000.000000000000000 ) ;
#2501 = EDGE_CURVE ( 'NONE', #4963, #9864, #9337, .T. ) ;
#2502 = LINE ( 'NONE', #5792, #12134 ) ;
#2503 = CARTESIAN_POINT ( 'NONE',  ( 9.818735174412854150, 5.000000000000000000, 22.14118325321707914 ) ) ;
#2504 = CARTESIAN_POINT ( 'NONE',  ( 8.886133436991933365, 3.000000000000000000, -3.661531631442475287 ) ) ;
#2505 = VERTEX_POINT ( 'NONE', #4983 ) ;
#2506 = DIRECTION ( 'NONE',  ( -0.000000000000000000, -1.000000000000000000, -0.000000000000000000 ) ) ;
#2507 = ORIENTED_EDGE ( 'NONE', *, *, #7290, .F. ) ;
#2508 = ORIENTED_EDGE ( 'NONE', *, *, #13180, .T. ) ;
#2509 = CARTESIAN_POINT ( 'NONE',  ( 11.08428121530102395, 5.000000000000000000, 11.61389432426031831 ) ) ;
#2510 = VERTEX_POINT ( 'NONE', #2821 ) ;
#2511 = VECTOR ( 'NONE', #1306, 1000.000000000000114 ) ;
#2512 = LINE ( 'NONE', #282, #10402 ) ;
#2513 = VECTOR ( 'NONE', #383, 1000.000000000000000 ) ;
#2514 = CARTESIAN_POINT ( 'NONE',  ( 11.59690708880837384, 3.000000000000000000, 28.75297692001479177 ) ) ;
#2515 = ADVANCED_FACE ( 'NONE', ( #5900 ), #660, .T. ) ;
#2516 = ORIENTED_EDGE ( 'NONE', *, *, #3183, .T. ) ;
#2517 = LINE ( 'NONE', #4623, #12021 ) ;
#2518 = VECTOR ( 'NONE', #9083, 1000.000000000000114 ) ;
#2519 = EDGE_CURVE ( 'NONE', #9673, #3525, #6104, .T. ) ;
#2520 = ADVANCED_FACE ( 'NONE', ( #592 ), #13452, .T. ) ;
#2521 = LINE ( 'NONE', #3837, #6363 ) ;
#2522 = VECTOR ( 'NONE', #3309, 1000.000000000000000 ) ;
#2523 = CARTESIAN_POINT ( 'NONE',  ( 1.505476653631192541, 5.000000000000000000, 18.34353413503012220 ) ) ;
#2524 = FACE_OUTER_BOUND ( 'NONE', #9192, .T. ) ;
#2525 = FACE_OUTER_BOUND ( 'NONE', #5828, .T. ) ;
#2526 = FACE_OUTER_BOUND ( 'NONE', #10097, .T. ) ;
#2527 = ORIENTED_EDGE ( 'NONE', *, *, #4765, .T. ) ;
#2528 = DIRECTION ( 'NONE',  ( -0.000000000000000000, -1.000000000000000000, -0.000000000000000000 ) ) ;
#2529 = EDGE_LOOP ( 'NONE', ( #13129, #2277, #4055, #13681 ) ) ;
#2530 = CARTESIAN_POINT ( 'NONE',  ( -19.53705451919162783, 5.000000000000000000, 20.27605610401479197 ) ) ;
#2531 = ORIENTED_EDGE ( 'NONE', *, *, #2931, .T. ) ;
#2532 = CARTESIAN_POINT ( 'NONE',  ( 44.44157596880837247, 5.000000000000000000, 0.000000000000000000 ) ) ;
#2533 = CARTESIAN_POINT ( 'NONE',  ( -5.304963878787379628, 5.000000000000000000, -1.836230240618473619 ) ) ;
#2534 = ADVANCED_FACE ( 'NONE', ( #3867 ), #9193, .T. ) ;
#2535 = VERTEX_POINT ( 'NONE', #7100 ) ;
#2536 = VECTOR ( 'NONE', #4554, 1000.000000000000114 ) ;
#2537 = VERTEX_POINT ( 'NONE', #13396 ) ;
#2538 = EDGE_CURVE ( 'NONE', #5700, #2744, #11373, .T. ) ;
#2539 = CARTESIAN_POINT ( 'NONE',  ( -12.27991197094070763, 5.000000000000000000, -1.328005308141339436 ) ) ;
#2540 = CARTESIAN_POINT ( 'NONE',  ( 1.048233672680117579, 3.000000000000000000, 24.32547271212534312 ) ) ;
#2541 = CARTESIAN_POINT ( 'NONE',  ( -51.66480839919162804, 5.000000000000000000, 0.000000000000000000 ) ) ;
#2542 = CARTESIAN_POINT ( 'NONE',  ( -7.267896431191635642, 5.000000000000000000, 23.30935458401479465 ) ) ;
#2543 = CARTESIAN_POINT ( 'NONE',  ( 18.83888803280838076, 3.000000000000000000, 30.41470283201480385 ) ) ;
#2544 = ORIENTED_EDGE ( 'NONE', *, *, #6202, .T. ) ;
#2545 = VECTOR ( 'NONE', #5896, 1000.000000000000114 ) ;
#2546 = CARTESIAN_POINT ( 'NONE',  ( 0.000000000000000000, 3.000000000000000000, 12.62729720801479871 ) ) ;
#2547 = VERTEX_POINT ( 'NONE', #9064 ) ;
#2548 = PLANE ( 'NONE',  #1468 ) ;
#2549 = ORIENTED_EDGE ( 'NONE', *, *, #1480, .T. ) ;
#2550 = CARTESIAN_POINT ( 'NONE',  ( -5.597821945068156779, 5.000000000000000000, 22.19958573645001820 ) ) ;
#2551 = VERTEX_POINT ( 'NONE', #3938 ) ;
#2552 = ADVANCED_FACE ( 'NONE', ( #3742 ), #13329, .T. ) ;
#2553 = ORIENTED_EDGE ( 'NONE', *, *, #9663, .T. ) ;
#2554 = EDGE_CURVE ( 'NONE', #3557, #4066, #2750, .T. ) ;
#2555 = CARTESIAN_POINT ( 'NONE',  ( -11.74738861519163180, 5.000000000000000000, -6.413025391985203605 ) ) ;
#2556 = VERTEX_POINT ( 'NONE', #6035 ) ;
#2557 = AXIS2_PLACEMENT_3D ( 'NONE', #2242, #2108, #6379 ) ;
#2558 = DIRECTION ( 'NONE',  ( 0.7360834251059450439, 0.000000000000000000, 0.6768908267101132470 ) ) ;
#2559 = VECTOR ( 'NONE', #9825, 1000.000000000000000 ) ;
#2560 = VECTOR ( 'NONE', #7313, 1000.000000000000114 ) ;
#2561 = LINE ( 'NONE', #4667, #1533 ) ;
#2562 = DIRECTION ( 'NONE',  ( 1.000000000000000000, -0.000000000000000000, 0.000000000000000000 ) ) ;
#2563 = LINE ( 'NONE', #6834, #7973 ) ;
#2564 = VECTOR ( 'NONE', #3343, 999.9999999999998863 ) ;
#2565 = DIRECTION ( 'NONE',  ( -0.8049612762679674294, 0.000000000000000000, 0.5933273495373738715 ) ) ;
#2566 = ORIENTED_EDGE ( 'NONE', *, *, #5547, .F. ) ;
#2567 = ORIENTED_EDGE ( 'NONE', *, *, #8659, .T. ) ;
#2568 = ADVANCED_FACE ( 'NONE', ( #720 ), #9263, .T. ) ;
#2569 = ORIENTED_EDGE ( 'NONE', *, *, #11448, .T. ) ;
#2570 = ADVANCED_FACE ( 'NONE', ( #863 ), #3017, .T. ) ;
#2571 = FACE_OUTER_BOUND ( 'NONE', #2641, .T. ) ;
#2572 = VECTOR ( 'NONE', #4870, 1000.000000000000000 ) ;
#2573 = DIRECTION ( 'NONE',  ( -0.000000000000000000, -1.000000000000000000, -0.000000000000000000 ) ) ;
#2574 = DIRECTION ( 'NONE',  ( 0.9985679609952021751, 0.000000000000000000, -0.05349791840702060319 ) ) ;
#2575 = VECTOR ( 'NONE', #6503, 1000.000000000000000 ) ;
#2576 = FACE_OUTER_BOUND ( 'NONE', #10570, .T. ) ;
#2577 = PLANE ( 'NONE',  #13068 ) ;
#2578 = EDGE_LOOP ( 'NONE', ( #11152, #10781, #4224, #5540 ) ) ;
#2579 = DIRECTION ( 'NONE',  ( 0.7681255708988555808, 0.000000000000000000, -0.6402992326493194275 ) ) ;
#2580 = VERTEX_POINT ( 'NONE', #10593 ) ;
#2581 = ADVANCED_FACE ( 'NONE', ( #999 ), #5258, .T. ) ;
#2582 = CIRCLE ( 'NONE', #12420, 2.000000000000001776 ) ;
#2583 = LINE ( 'NONE', #1394, #3906 ) ;
#2584 = CARTESIAN_POINT ( 'NONE',  ( 3.535614600808365982, 5.000000000000000000, -7.871801239985202869 ) ) ;
#2585 = AXIS2_PLACEMENT_3D ( 'NONE', #8506, #5206, #7387 ) ;
#2586 = ADVANCED_FACE ( 'NONE', ( #13652 ), #9546, .T. ) ;
#2587 = EDGE_LOOP ( 'NONE', ( #1702, #4181, #3451, #7591, #7208, #8619, #3377, #10047, #12143, #5593, #3155, #8705, #8759, #1978, #13654, #7003, #11006, #7595, #6719, #2544, #4697, #10315, #10970, #4753, #979, #9905 ) ) ;
#2588 = LINE ( 'NONE', #12455, #12243 ) ;
#2589 = PLANE ( 'NONE',  #5914 ) ;
#2590 = VECTOR ( 'NONE', #10468, 1000.000000000000000 ) ;
#2591 = CARTESIAN_POINT ( 'NONE',  ( -1.639037272184118432, 3.000000000000000000, -24.61109390234270222 ) ) ;
#2592 = LINE ( 'NONE', #9878, #11700 ) ;
#2593 = CARTESIAN_POINT ( 'NONE',  ( 11.38397926299177065, 5.000000000000000000, -11.68932937623404200 ) ) ;
#2594 = VECTOR ( 'NONE', #12048, 999.9999999999998863 ) ;
#2595 = CARTESIAN_POINT ( 'NONE',  ( -46.54114783119162979, 5.000000000000000000, 32.27463307201478671 ) ) ;
#2596 = ORIENTED_EDGE ( 'NONE', *, *, #9697, .T. ) ;
#2597 = DIRECTION ( 'NONE',  ( 0.000000000000000000, 0.000000000000000000, 1.000000000000000000 ) ) ;
#2598 = AXIS2_PLACEMENT_3D ( 'NONE', #492, #2660, #1807 ) ;
#2599 = ORIENTED_EDGE ( 'NONE', *, *, #8289, .T. ) ;
#2600 = ORIENTED_EDGE ( 'NONE', *, *, #10170, .T. ) ;
#2601 = LINE ( 'NONE', #5813, #3711 ) ;
#2602 = EDGE_CURVE ( 'NONE', #5886, #2799, #7301, .T. ) ;
#2603 = PLANE ( 'NONE',  #8160 ) ;
#2604 = DIRECTION ( 'NONE',  ( -0.000000000000000000, -1.000000000000000000, -0.000000000000000000 ) ) ;
#2605 = ORIENTED_EDGE ( 'NONE', *, *, #952, .F. ) ;
#2606 = EDGE_LOOP ( 'NONE', ( #10903, #9839, #5622, #11843 ) ) ;
#2607 = VECTOR ( 'NONE', #13591, 1000.000000000000000 ) ;
#2608 = VECTOR ( 'NONE', #915, 1000.000000000000000 ) ;
#2609 = LINE ( 'NONE', #12205, #2842 ) ;
#2610 = CARTESIAN_POINT ( 'NONE',  ( 42.41690132880839315, 5.000000000000000000, 19.92748276001480079 ) ) ;
#2611 = LINE ( 'NONE', #6885, #12900 ) ;
#2612 = LINE ( 'NONE', #1423, #11911 ) ;
#2613 = EDGE_CURVE ( 'NONE', #3329, #13725, #11577, .T. ) ;
#2614 = DIRECTION ( 'NONE',  ( -0.8706693720387359559, 0.000000000000000000, -0.4918687269929581385 ) ) ;
#2615 = ORIENTED_EDGE ( 'NONE', *, *, #8077, .F. ) ;
#2616 = CARTESIAN_POINT ( 'NONE',  ( -51.61042191919162292, 5.000000000000000000, 26.73572212801479253 ) ) ;
#2617 = ORIENTED_EDGE ( 'NONE', *, *, #8273, .F. ) ;
#2618 = AXIS2_PLACEMENT_3D ( 'NONE', #13803, #5190, #1905 ) ;
#2619 = ORIENTED_EDGE ( 'NONE', *, *, #8869, .F. ) ;
#2620 = CARTESIAN_POINT ( 'NONE',  ( -43.01236647119163337, 5.000000000000000000, 30.87900568801480361 ) ) ;
#2621 = ADVANCED_FACE ( 'NONE', ( #9612 ), #10457, .T. ) ;
#2622 = ORIENTED_EDGE ( 'NONE', *, *, #3407, .F. ) ;
#2623 = VECTOR ( 'NONE', #4317, 1000.000000000000000 ) ;
#2624 = EDGE_CURVE ( 'NONE', #1691, #11831, #927, .T. ) ;
#2625 = DIRECTION ( 'NONE',  ( -0.000000000000000000, -1.000000000000000000, -0.000000000000000000 ) ) ;
#2626 = VECTOR ( 'NONE', #13660, 1000.000000000000000 ) ;
#2627 = ORIENTED_EDGE ( 'NONE', *, *, #6772, .F. ) ;
#2628 = DIRECTION ( 'NONE',  ( -0.5561341862445448037, 0.000000000000000000, 0.8310925140380689413 ) ) ;
#2629 = ORIENTED_EDGE ( 'NONE', *, *, #10064, .F. ) ;
#2630 = LINE ( 'NONE', #6905, #11003 ) ;
#2631 = VECTOR ( 'NONE', #6279, 1000.000000000000227 ) ;
#2632 = PLANE ( 'NONE',  #415 ) ;
#2633 = AXIS2_PLACEMENT_3D ( 'NONE', #7348, #4798, #6909 ) ;
#2634 = DIRECTION ( 'NONE',  ( -0.000000000000000000, -1.000000000000000000, -0.000000000000000000 ) ) ;
#2635 = EDGE_CURVE ( 'NONE', #9475, #6766, #85, .T. ) ;
#2636 = LINE ( 'NONE', #13065, #4605 ) ;
#2637 = CARTESIAN_POINT ( 'NONE',  ( -12.29436428993312269, 5.000000000000000000, -5.092515205682841106 ) ) ;
#2638 = CARTESIAN_POINT ( 'NONE',  ( 10.83247867067769121, 5.000000000000000000, 4.501977534480521292 ) ) ;
#2639 = DIRECTION ( 'NONE',  ( -0.000000000000000000, -1.000000000000000000, -0.000000000000000000 ) ) ;
#2640 = ORIENTED_EDGE ( 'NONE', *, *, #10885, .F. ) ;
#2641 = EDGE_LOOP ( 'NONE', ( #286, #11430, #6454, #13191 ) ) ;
#2642 = ORIENTED_EDGE ( 'NONE', *, *, #6912, .T. ) ;
#2643 = AXIS2_PLACEMENT_3D ( 'NONE', #3615, #2500, #1454 ) ;
#2644 = CARTESIAN_POINT ( 'NONE',  ( -12.99334091119161450, 3.000000000000000000, 21.66291845601478983 ) ) ;
#2645 = DIRECTION ( 'NONE',  ( 0.6694230884220477851, 0.000000000000000000, -0.7428813691885717274 ) ) ;
#2646 = CARTESIAN_POINT ( 'NONE',  ( -2.482024315948405668, 5.000000000000000000, -29.53787603221626412 ) ) ;
#2647 = ADVANCED_FACE ( 'NONE', ( #4071 ), #12615, .T. ) ;
#2648 = CARTESIAN_POINT ( 'NONE',  ( 0.000000000000000000, 3.000000000000000000, -6.932171927985203652 ) ) ;
#2649 = EDGE_CURVE ( 'NONE', #12719, #1987, #11710, .T. ) ;
#2650 = DIRECTION ( 'NONE',  ( 0.7915814488744231658, 0.000000000000000000, -0.6110636708215183566 ) ) ;
#2651 = ORIENTED_EDGE ( 'NONE', *, *, #6630, .F. ) ;
#2652 = PLANE ( 'NONE',  #13777 ) ;
#2653 = ORIENTED_EDGE ( 'NONE', *, *, #5262, .T. ) ;
#2654 = CYLINDRICAL_SURFACE ( 'NONE', #4598, 2.000000000000001776 ) ;
#2655 = DIRECTION ( 'NONE',  ( -0.000000000000000000, -1.000000000000000000, -0.000000000000000000 ) ) ;
#2656 = VERTEX_POINT ( 'NONE', #6382 ) ;
#2657 = CARTESIAN_POINT ( 'NONE',  ( -13.30219639994500369, 3.000000000000000000, 5.611953901922611010 ) ) ;
#2658 = CARTESIAN_POINT ( 'NONE',  ( 24.77086092880836787, 3.000000000000000000, 15.35652314401480467 ) ) ;
#2659 = EDGE_CURVE ( 'NONE', #6162, #3398, #13726, .T. ) ;
#2660 = DIRECTION ( 'NONE',  ( 0.9243391643239747824, 0.000000000000000000, -0.3815718926976358061 ) ) ;
#2661 = DIRECTION ( 'NONE',  ( -0.1868648078520736833, 0.000000000000000000, 0.9823856389353456953 ) ) ;
#2662 = LINE ( 'NONE', #1607, #13693 ) ;
#2663 = EDGE_CURVE ( 'NONE', #8721, #8842, #1976, .T. ) ;
#2664 = CARTESIAN_POINT ( 'NONE',  ( -6.880334515338524248, 3.000000000000000000, -16.61058762576102765 ) ) ;
#2665 = ORIENTED_EDGE ( 'NONE', *, *, #10724, .F. ) ;
#2666 = CARTESIAN_POINT ( 'NONE',  ( -12.01781574888649473, 5.000000000000000000, -8.102627039983357093 ) ) ;
#2667 = ORIENTED_EDGE ( 'NONE', *, *, #10492, .F. ) ;
#2668 = DIRECTION ( 'NONE',  ( -0.000000000000000000, -1.000000000000000000, -0.000000000000000000 ) ) ;
#2669 = CARTESIAN_POINT ( 'NONE',  ( -1.397147279592723557, 5.000000000000000000, 1.516102229121410128 ) ) ;
#2670 = DIRECTION ( 'NONE',  ( -0.000000000000000000, -1.000000000000000000, -0.000000000000000000 ) ) ;
#2671 = ORIENTED_EDGE ( 'NONE', *, *, #794, .T. ) ;
#2672 = VERTEX_POINT ( 'NONE', #4148 ) ;
#2673 = CARTESIAN_POINT ( 'NONE',  ( 4.469600943213549726, 5.000000000000000000, 28.67522577427740060 ) ) ;
#2674 = LINE ( 'NONE', #11681, #4283 ) ;
#2675 = EDGE_CURVE ( 'NONE', #13144, #13605, #1072, .T. ) ;
#2676 = CARTESIAN_POINT ( 'NONE',  ( 51.65894736080837646, 5.000000000000000000, 22.87364298401479346 ) ) ;
#2677 = EDGE_CURVE ( 'NONE', #1259, #6654, #3087, .T. ) ;
#2678 = DIRECTION ( 'NONE',  ( 0.3788488605086208216, 0.000000000000000000, -0.9254585570901159297 ) ) ;
#2679 = DIRECTION ( 'NONE',  ( -0.000000000000000000, -1.000000000000000000, -0.000000000000000000 ) ) ;
#2680 = ORIENTED_EDGE ( 'NONE', *, *, #13504, .F. ) ;
#2681 = CARTESIAN_POINT ( 'NONE',  ( -20.90166850319163316, 3.000000000000000000, 22.69132178401480360 ) ) ;
#2682 = ORIENTED_EDGE ( 'NONE', *, *, #5007, .T. ) ;
#2683 = DIRECTION ( 'NONE',  ( -0.000000000000000000, -1.000000000000000000, -0.000000000000000000 ) ) ;
#2684 = ORIENTED_EDGE ( 'NONE', *, *, #9490, .F. ) ;
#2685 = PLANE ( 'NONE',  #814 ) ;
#2686 = ORIENTED_EDGE ( 'NONE', *, *, #3466, .F. ) ;
#2687 = VERTEX_POINT ( 'NONE', #11642 ) ;
#2688 = ORIENTED_EDGE ( 'NONE', *, *, #10865, .F. ) ;
#2689 = EDGE_CURVE ( 'NONE', #2930, #294, #5330, .T. ) ;
#2690 = CARTESIAN_POINT ( 'NONE',  ( -17.99527990622507190, 3.000000000000000000, -8.997639953101643329 ) ) ;
#2691 = EDGE_CURVE ( 'NONE', #11266, #5296, #2041, .T. ) ;
#2692 = EDGE_CURVE ( 'NONE', #11450, #1958, #1279, .T. ) ;
#2693 = CARTESIAN_POINT ( 'NONE',  ( 19.73994706890089290, 5.000000000000000000, 32.84761149053716878 ) ) ;
#2694 = CARTESIAN_POINT ( 'NONE',  ( 12.12840801678785319, 3.000000000000000000, 21.57997281681006996 ) ) ;
#2695 = CARTESIAN_POINT ( 'NONE',  ( 46.51162313680837457, 5.000000000000000000, 22.52847019201478673 ) ) ;
#2696 = LINE ( 'NONE', #13270, #6073 ) ;
#2697 = CARTESIAN_POINT ( 'NONE',  ( 3.398235570793327387, 5.000000000000000000, 22.77912909834097732 ) ) ;
#2698 = PLANE ( 'NONE',  #11740 ) ;
#2699 = ORIENTED_EDGE ( 'NONE', *, *, #6526, .F. ) ;
#2700 = ORIENTED_EDGE ( 'NONE', *, *, #399, .F. ) ;
#2701 = ORIENTED_EDGE ( 'NONE', *, *, #12535, .T. ) ;
#2702 = CARTESIAN_POINT ( 'NONE',  ( 7.274672369924116033, 5.000000000000000000, 9.213959372768281142 ) ) ;
#2703 = EDGE_CURVE ( 'NONE', #5703, #578, #1874, .T. ) ;
#2704 = ADVANCED_FACE ( 'NONE', ( #6803 ), #9753, .T. ) ;
#2705 = CARTESIAN_POINT ( 'NONE',  ( 45.67764156880837589, 5.000000000000000000, 32.04090532001479374 ) ) ;
#2706 = DIRECTION ( 'NONE',  ( 0.9313481964236184352, 0.000000000000000000, -0.3641298353863262616 ) ) ;
#2707 = DIRECTION ( 'NONE',  ( -0.7393017768804095446, 0.000000000000000000, -0.6733742515878291535 ) ) ;
#2708 = VECTOR ( 'NONE', #4302, 1000.000000000000000 ) ;
#2709 = DIRECTION ( 'NONE',  ( -0.9987760663606686240, 0.000000000000000000, 0.04946078512427074664 ) ) ;
#2710 = ORIENTED_EDGE ( 'NONE', *, *, #9084, .T. ) ;
#2711 = LINE ( 'NONE', #12107, #4172 ) ;
#2712 = VERTEX_POINT ( 'NONE', #8921 ) ;
#2713 = FACE_OUTER_BOUND ( 'NONE', #6324, .T. ) ;
#2714 = DIRECTION ( 'NONE',  ( 0.000000000000000000, -0.000000000000000000, 1.000000000000000000 ) ) ;
#2715 = EDGE_CURVE ( 'NONE', #10731, #12080, #3439, .T. ) ;
#2716 = ADVANCED_FACE ( 'NONE', ( #4494 ), #160, .T. ) ;
#2717 = CARTESIAN_POINT ( 'NONE',  ( -14.77326419919162248, 5.000000000000000000, 21.77169243201479532 ) ) ;
#2718 = AXIS2_PLACEMENT_3D ( 'NONE', #1950, #5888, #2740 ) ;
#2719 = VECTOR ( 'NONE', #1321, 1000.000000000000000 ) ;
#2720 = LINE ( 'NONE', #11273, #778 ) ;
#2721 = DIRECTION ( 'NONE',  ( 0.5555733586812512392, 0.000000000000000000, -0.8314675237937040331 ) ) ;
#2722 = CARTESIAN_POINT ( 'NONE',  ( 44.44157596880837247, 5.000000000000000000, 0.000000000000000000 ) ) ;
#2723 = DIRECTION ( 'NONE',  ( -0.1540101329385353546, 0.000000000000000000, -0.9880692682966385476 ) ) ;
#2724 = FACE_OUTER_BOUND ( 'NONE', #11289, .T. ) ;
#2725 = ORIENTED_EDGE ( 'NONE', *, *, #11091, .T. ) ;
#2726 = VECTOR ( 'NONE', #4594, 1000.000000000000114 ) ;
#2727 = CARTESIAN_POINT ( 'NONE',  ( -2.520400008491090027, 5.000000000000000000, 29.49697514035441159 ) ) ;
#2728 = ORIENTED_EDGE ( 'NONE', *, *, #1241, .T. ) ;
#2729 = VERTEX_POINT ( 'NONE', #5680 ) ;
#2730 = CARTESIAN_POINT ( 'NONE',  ( -5.714495958659363772, 5.000000000000000000, 3.922222939107000705 ) ) ;
#2731 = ORIENTED_EDGE ( 'NONE', *, *, #1589, .T. ) ;
#2732 = LINE ( 'NONE', #11488, #11733 ) ;
#2733 = DIRECTION ( 'NONE',  ( -0.1327460070386447255, 0.000000000000000000, 0.9911500883394481765 ) ) ;
#2734 = ORIENTED_EDGE ( 'NONE', *, *, #2034, .T. ) ;
#2735 = ADVANCED_FACE ( 'NONE', ( #4431 ), #11082, .T. ) ;
#2736 = ORIENTED_EDGE ( 'NONE', *, *, #1188, .F. ) ;
#2737 = AXIS2_PLACEMENT_3D ( 'NONE', #6953, #10175, #12341 ) ;
#2738 = VECTOR ( 'NONE', #1609, 999.9999999999998863 ) ;
#2739 = PLANE ( 'NONE',  #1526 ) ;
#2740 = DIRECTION ( 'NONE',  ( 0.000000000000000000, -0.000000000000000000, 1.000000000000000000 ) ) ;
#2741 = CARTESIAN_POINT ( 'NONE',  ( 8.978918928808372613, 5.000000000000000000, 0.000000000000000000 ) ) ;
#2742 = CARTESIAN_POINT ( 'NONE',  ( -45.24469627119162141, 5.000000000000000000, 32.34003299201478399 ) ) ;
#2743 = LINE ( 'NONE', #4064, #1171 ) ;
#2744 = VERTEX_POINT ( 'NONE', #8773 ) ;
#2745 = FACE_OUTER_BOUND ( 'NONE', #2578, .T. ) ;
#2746 = ORIENTED_EDGE ( 'NONE', *, *, #3231, .F. ) ;
#2747 = DIRECTION ( 'NONE',  ( -0.9003997897255637817, 0.000000000000000000, 0.4350634650969448236 ) ) ;
#2748 = VECTOR ( 'NONE', #6008, 1000.000000000000000 ) ;
#2749 = ORIENTED_EDGE ( 'NONE', *, *, #8123, .T. ) ;
#2750 = LINE ( 'NONE', #7027, #823 ) ;
#2751 = ORIENTED_EDGE ( 'NONE', *, *, #4176, .F. ) ;
#2752 = ORIENTED_EDGE ( 'NONE', *, *, #4344, .T. ) ;
#2753 = EDGE_CURVE ( 'NONE', #13219, #5522, #13723, .T. ) ;
#2754 = EDGE_CURVE ( 'NONE', #10925, #6914, #3301, .T. ) ;
#2755 = ORIENTED_EDGE ( 'NONE', *, *, #9975, .F. ) ;
#2756 = CARTESIAN_POINT ( 'NONE',  ( -14.98016785489369340, 3.000000000000000000, 22.16508499598263171 ) ) ;
#2757 = VECTOR ( 'NONE', #6532, 1000.000000000000000 ) ;
#2758 = DIRECTION ( 'NONE',  ( 0.1018983968980210347, 0.000000000000000000, 0.9947948113604199172 ) ) ;
#2759 = LINE ( 'NONE', #12495, #10347 ) ;
#2760 = CARTESIAN_POINT ( 'NONE',  ( 13.43203372080836466, 3.000000000000000000, 20.84730718401478811 ) ) ;
#2761 = CARTESIAN_POINT ( 'NONE',  ( -18.60753440719163265, 5.000000000000000000, 19.99423396001479603 ) ) ;
#2762 = CARTESIAN_POINT ( 'NONE',  ( 0.000000000000000000, 5.000000000000000000, 32.03596146401479672 ) ) ;
#2763 = ORIENTED_EDGE ( 'NONE', *, *, #2904, .F. ) ;
#2764 = ORIENTED_EDGE ( 'NONE', *, *, #11314, .T. ) ;
#2765 = CARTESIAN_POINT ( 'NONE',  ( 8.713256738517836563E-14, 3.000000000000000000, -43.00033533384725359 ) ) ;
#2766 = ORIENTED_EDGE ( 'NONE', *, *, #6547, .F. ) ;
#2767 = ORIENTED_EDGE ( 'NONE', *, *, #12115, .F. ) ;
#2768 = ORIENTED_EDGE ( 'NONE', *, *, #12646, .T. ) ;
#2769 = ORIENTED_EDGE ( 'NONE', *, *, #4012, .F. ) ;
#2770 = EDGE_CURVE ( 'NONE', #3287, #7648, #3514, .T. ) ;
#2771 = VECTOR ( 'NONE', #8556, 1000.000000000000000 ) ;
#2772 = PLANE ( 'NONE',  #5565 ) ;
#2773 = CARTESIAN_POINT ( 'NONE',  ( -14.32581271919161914, 5.000000000000000000, 28.89883286401480333 ) ) ;
#2774 = CARTESIAN_POINT ( 'NONE',  ( 19.47197919857834592, 5.000000000000000000, -9.735989599289924357 ) ) ;
#2775 = CARTESIAN_POINT ( 'NONE',  ( 8.702048768808374746, 5.000000000000000000, -6.405603511985212606 ) ) ;
#2776 = CIRCLE ( 'NONE', #13292, 2.000000000000001776 ) ;
#2777 = ADVANCED_FACE ( 'NONE', ( #7587 ), #2467, .T. ) ;
#2778 = VECTOR ( 'NONE', #9889, 1000.000000000000000 ) ;
#2779 = DIRECTION ( 'NONE',  ( 0.000000000000000000, 0.000000000000000000, 1.000000000000000000 ) ) ;
#2780 = VERTEX_POINT ( 'NONE', #10869 ) ;
#2781 = LINE ( 'NONE', #8898, #10665 ) ;
#2782 = ORIENTED_EDGE ( 'NONE', *, *, #8287, .F. ) ;
#2783 = EDGE_CURVE ( 'NONE', #1461, #4214, #7652, .T. ) ;
#2784 = CARTESIAN_POINT ( 'NONE',  ( 14.33849164880836469, 5.000000000000000000, 20.33785836801478908 ) ) ;
#2785 = EDGE_CURVE ( 'NONE', #12970, #5973, #7804, .T. ) ;
#2786 = LINE ( 'NONE', #9228, #11188 ) ;
#2787 = VECTOR ( 'NONE', #6343, 1000.000000000000000 ) ;
#2788 = DIRECTION ( 'NONE',  ( 0.5837998310125535051, 0.000000000000000000, 0.8118976273581011149 ) ) ;
#2789 = VECTOR ( 'NONE', #13310, 1000.000000000000000 ) ;
#2790 = LINE ( 'NONE', #12520, #1015 ) ;
#2791 = LINE ( 'NONE', #11345, #9985 ) ;
#2792 = DIRECTION ( 'NONE',  ( 0.09643493243974646245, 0.000000000000000000, -0.9953392907975358028 ) ) ;
#2793 = CARTESIAN_POINT ( 'NONE',  ( -8.405070687191626533, 5.000000000000000000, 31.41792968001479025 ) ) ;
#2794 = EDGE_CURVE ( 'NONE', #7167, #12765, #12069, .T. ) ;
#2795 = CARTESIAN_POINT ( 'NONE',  ( 8.084819329623730511, 5.000000000000000000, -10.70780137037823110 ) ) ;
#2796 = EDGE_LOOP ( 'NONE', ( #9708, #1586, #11084, #5381 ) ) ;
#2797 = VECTOR ( 'NONE', #2707, 1000.000000000000114 ) ;
#2798 = CARTESIAN_POINT ( 'NONE',  ( 0.000000000000000000, 3.000000000000000000, 21.45031537601479243 ) ) ;
#2799 = VERTEX_POINT ( 'NONE', #7729 ) ;
#2800 = ORIENTED_EDGE ( 'NONE', *, *, #4434, .T. ) ;
#2801 = VECTOR ( 'NONE', #7986, 1000.000000000000000 ) ;
#2802 = PLANE ( 'NONE',  #5043 ) ;
#2803 = DIRECTION ( 'NONE',  ( 1.000000000000000000, 0.000000000000000000, -0.000000000000000000 ) ) ;
#2804 = LINE ( 'NONE', #11357, #13284 ) ;
#2805 = ORIENTED_EDGE ( 'NONE', *, *, #3465, .F. ) ;
#2806 = ORIENTED_EDGE ( 'NONE', *, *, #220, .F. ) ;
#2807 = VECTOR ( 'NONE', #4867, 1000.000000000000000 ) ;
#2808 = DIRECTION ( 'NONE',  ( 0.1335620088326546773, 0.000000000000000000, 0.9910404582036931309 ) ) ;
#2809 = AXIS2_PLACEMENT_3D ( 'NONE', #9564, #10535, #1923 ) ;
#2810 = FACE_OUTER_BOUND ( 'NONE', #4335, .T. ) ;
#2811 = DIRECTION ( 'NONE',  ( 0.000000000000000000, 1.000000000000000000, 0.000000000000000000 ) ) ;
#2812 = FACE_OUTER_BOUND ( 'NONE', #12541, .T. ) ;
#2813 = EDGE_CURVE ( 'NONE', #6395, #3738, #11996, .T. ) ;
#2814 = EDGE_CURVE ( 'NONE', #1152, #11462, #1414, .T. ) ;
#2815 = CARTESIAN_POINT ( 'NONE',  ( -13.56603166319162668, 5.000000000000000000, 27.10688420001479315 ) ) ;
#2816 = ORIENTED_EDGE ( 'NONE', *, *, #8383, .T. ) ;
#2817 = CARTESIAN_POINT ( 'NONE',  ( 25.42678138480835770, 5.000000000000000000, 13.27491999201479800 ) ) ;
#2818 = ORIENTED_EDGE ( 'NONE', *, *, #3119, .T. ) ;
#2819 = FACE_OUTER_BOUND ( 'NONE', #11940, .T. ) ;
#2820 = ORIENTED_EDGE ( 'NONE', *, *, #5596, .T. ) ;
#2821 = CARTESIAN_POINT ( 'NONE',  ( 13.53999692880837102, 5.000000000000000000, 22.38725127201480092 ) ) ;
#2822 = VECTOR ( 'NONE', #12735, 1000.000000000000000 ) ;
#2823 = ORIENTED_EDGE ( 'NONE', *, *, #3214, .T. ) ;
#2824 = VECTOR ( 'NONE', #8938, 1000.000000000000000 ) ;
#2825 = ORIENTED_EDGE ( 'NONE', *, *, #7044, .F. ) ;
#2826 = CARTESIAN_POINT ( 'NONE',  ( -4.847872230911146829, 5.000000000000000000, 21.04637584422136243 ) ) ;
#2827 = CARTESIAN_POINT ( 'NONE',  ( -28.90641449519162975, 5.000000000000000000, 17.13645557601479297 ) ) ;
#2828 = LINE ( 'NONE', #13597, #1170 ) ;
#2829 = VECTOR ( 'NONE', #1390, 1000.000000000000000 ) ;
#2830 = CARTESIAN_POINT ( 'NONE',  ( -12.03909237519162900, 5.000000000000000000, 13.67547900801479521 ) ) ;
#2831 = EDGE_CURVE ( 'NONE', #1550, #4622, #4567, .T. ) ;
#2832 = CARTESIAN_POINT ( 'NONE',  ( 19.59994213680836594, 3.000000000000000000, 31.40910572001478940 ) ) ;
#2833 = AXIS2_PLACEMENT_3D ( 'NONE', #3191, #2985, #2151 ) ;
#2834 = PLANE ( 'NONE',  #5437 ) ;
#2835 = EDGE_LOOP ( 'NONE', ( #2445, #3861, #4146, #8327 ) ) ;
#2836 = EDGE_CURVE ( 'NONE', #5973, #8930, #373, .T. ) ;
#2837 = CARTESIAN_POINT ( 'NONE',  ( -13.01311125519163170, 5.000000000000000000, 26.72088954401479555 ) ) ;
#2838 = EDGE_LOOP ( 'NONE', ( #10870, #9187, #11555, #2203 ) ) ;
#2839 = PLANE ( 'NONE',  #5918 ) ;
#2840 = ORIENTED_EDGE ( 'NONE', *, *, #5364, .T. ) ;
#2841 = LINE ( 'NONE', #9284, #3264 ) ;
#2842 = VECTOR ( 'NONE', #647, 999.9999999999998863 ) ;
#2843 = VECTOR ( 'NONE', #4222, 1000.000000000000000 ) ;
#2844 = DIRECTION ( 'NONE',  ( -1.000000000000000000, 0.000000000000000000, 0.000000000000000000 ) ) ;
#2845 = DIRECTION ( 'NONE',  ( -1.000000000000000000, 0.000000000000000000, 0.000000000000000000 ) ) ;
#2846 = DIRECTION ( 'NONE',  ( 0.000000000000000000, 0.000000000000000000, -1.000000000000000000 ) ) ;
#2847 = EDGE_CURVE ( 'NONE', #1902, #10925, #13380, .T. ) ;
#2848 = UNCERTAINTY_MEASURE_WITH_UNIT (LENGTH_MEASURE( 1.000000000000000082E-05 ), #2991, 'distance_accuracy_value', 'NONE');
#2849 = ORIENTED_EDGE ( 'NONE', *, *, #8089, .T. ) ;
#2850 = DIRECTION ( 'NONE',  ( 0.1992729084265697226, -0.000000000000000000, 0.9799440330790406550 ) ) ;
#2851 = AXIS2_PLACEMENT_3D ( 'NONE', #7123, #6128, #10271 ) ;
#2852 = ORIENTED_EDGE ( 'NONE', *, *, #6258, .F. ) ;
#2853 = DIRECTION ( 'NONE',  ( 0.000000000000000000, 0.000000000000000000, -1.000000000000000000 ) ) ;
#2854 = EDGE_LOOP ( 'NONE', ( #3798, #3171, #455, #7207 ) ) ;
#2855 = CARTESIAN_POINT ( 'NONE',  ( 0.000000000000000000, 5.000000000000000000, 21.44784446401479627 ) ) ;
#2856 = LINE ( 'NONE', #1671, #4707 ) ;
#2857 = FACE_OUTER_BOUND ( 'NONE', #10045, .T. ) ;
#2858 = EDGE_CURVE ( 'NONE', #3449, #3083, #6878, .T. ) ;
#2859 = DIRECTION ( 'NONE',  ( 0.8262222383003908766, -0.000000000000000000, 0.5633443111791331948 ) ) ;
#2860 = EDGE_CURVE ( 'NONE', #13714, #8356, #1620, .T. ) ;
#2861 = DIRECTION ( 'NONE',  ( 0.000000000000000000, 0.000000000000000000, 1.000000000000000000 ) ) ;
#2862 = EDGE_CURVE ( 'NONE', #13022, #3375, #9047, .T. ) ;
#2863 = CARTESIAN_POINT ( 'NONE',  ( -41.01551499119162258, 5.000000000000000000, 31.26682000001479622 ) ) ;
#2864 = DIRECTION ( 'NONE',  ( -0.000000000000000000, -1.000000000000000000, -0.000000000000000000 ) ) ;
#2865 = DIRECTION ( 'NONE',  ( -1.000000000000000000, 0.000000000000000000, 0.000000000000000000 ) ) ;
#2866 = ORIENTED_EDGE ( 'NONE', *, *, #7360, .F. ) ;
#2867 = LINE ( 'NONE', #8265, #6131 ) ;
#2868 = ORIENTED_EDGE ( 'NONE', *, *, #7732, .F. ) ;
#2869 = ORIENTED_EDGE ( 'NONE', *, *, #6932, .T. ) ;
#2870 = FACE_OUTER_BOUND ( 'NONE', #12985, .T. ) ;
#2871 = PLANE ( 'NONE',  #11965 ) ;
#2872 = LINE ( 'NONE', #507, #9494 ) ;
#2873 = ORIENTED_EDGE ( 'NONE', *, *, #8884, .T. ) ;
#2874 = CARTESIAN_POINT ( 'NONE',  ( 37.23533180880836824, 3.000000000000000000, 0.000000000000000000 ) ) ;
#2875 = ORIENTED_EDGE ( 'NONE', *, *, #6933, .T. ) ;
#2876 = EDGE_CURVE ( 'NONE', #10814, #294, #642, .T. ) ;
#2877 = DIRECTION ( 'NONE',  ( 0.9569817088502330371, 0.000000000000000000, -0.2901482533569481048 ) ) ;
#2878 = EDGE_CURVE ( 'NONE', #10521, #2451, #9246, .T. ) ;
#2879 = DIRECTION ( 'NONE',  ( -0.000000000000000000, -1.000000000000000000, -0.000000000000000000 ) ) ;
#2880 = LINE ( 'NONE', #12280, #511 ) ;
#2881 = ORIENTED_EDGE ( 'NONE', *, *, #8034, .F. ) ;
#2882 = LINE ( 'NONE', #2817, #2986 ) ;
#2883 = ORIENTED_EDGE ( 'NONE', *, *, #7434, .F. ) ;
#2884 = DIRECTION ( 'NONE',  ( -0.001119048162977703690, 0.000000000000000000, -0.9999993738654083808 ) ) ;
#2885 = VERTEX_POINT ( 'NONE', #4904 ) ;
#2886 = CARTESIAN_POINT ( 'NONE',  ( 13.14973185760559993, 5.000000000000000000, -8.743795329294746566 ) ) ;
#2887 = VERTEX_POINT ( 'NONE', #12273 ) ;
#2888 = ORIENTED_EDGE ( 'NONE', *, *, #11045, .T. ) ;
#2889 = EDGE_CURVE ( 'NONE', #11855, #5656, #2804, .T. ) ;
#2890 = ADVANCED_FACE ( 'NONE', ( #10165 ), #10365, .T. ) ;
#2891 = LINE ( 'NONE', #600, #2409 ) ;
#2892 = DIRECTION ( 'NONE',  ( 0.7031125815071944674, -0.000000000000000000, 0.7110785453986703253 ) ) ;
#2893 = CARTESIAN_POINT ( 'NONE',  ( 26.33387527096416747, 3.000000000000000000, -5.238165447407880038 ) ) ;
#2894 = LINE ( 'NONE', #9273, #8635 ) ;
#2895 = DIRECTION ( 'NONE',  ( 0.000000000000000000, 0.000000000000000000, 1.000000000000000000 ) ) ;
#2896 = CARTESIAN_POINT ( 'NONE',  ( -9.476379576781148728, 5.000000000000000000, 10.26617368710208389 ) ) ;
#2897 = VERTEX_POINT ( 'NONE', #7081 ) ;
#2898 = ORIENTED_EDGE ( 'NONE', *, *, #1774, .F. ) ;
#2899 = ORIENTED_EDGE ( 'NONE', *, *, #4524, .T. ) ;
#2900 = CARTESIAN_POINT ( 'NONE',  ( 7.769904328808364014, 5.000000000000000000, -7.117228199985206061 ) ) ;
#2901 = ORIENTED_EDGE ( 'NONE', *, *, #2847, .T. ) ;
#2902 = DIRECTION ( 'NONE',  ( 0.7223999833020824379, 0.000000000000000000, -0.6914754255395856308 ) ) ;
#2903 = VERTEX_POINT ( 'NONE', #771 ) ;
#2904 = EDGE_CURVE ( 'NONE', #10590, #2505, #1556, .T. ) ;
#2905 = FACE_OUTER_BOUND ( 'NONE', #1632, .T. ) ;
#2906 = FACE_OUTER_BOUND ( 'NONE', #3948, .T. ) ;
#2907 = CARTESIAN_POINT ( 'NONE',  ( -7.927946927191626969, 3.000000000000000000, 29.75913289601479050 ) ) ;
#2908 = ORIENTED_EDGE ( 'NONE', *, *, #9678, .F. ) ;
#2909 = LINE ( 'NONE', #7056, #3680 ) ;
#2910 = ORIENTED_EDGE ( 'NONE', *, *, #1930, .T. ) ;
#2911 = FACE_OUTER_BOUND ( 'NONE', #4900, .T. ) ;
#2912 = ORIENTED_EDGE ( 'NONE', *, *, #3636, .F. ) ;
#2913 = DIRECTION ( 'NONE',  ( 0.8565467574900692549, 0.000000000000000000, -0.5160694257880895641 ) ) ;
#2914 = DIRECTION ( 'NONE',  ( 0.3910582461686524236, 0.000000000000000000, 0.9203659316290980774 ) ) ;
#2915 = EDGE_CURVE ( 'NONE', #11623, #13633, #5952, .T. ) ;
#2916 = CARTESIAN_POINT ( 'NONE',  ( -27.56157796719163855, 5.000000000000000000, 29.93959786401479661 ) ) ;
#2917 = EDGE_CURVE ( 'NONE', #1031, #10985, #1757, .T. ) ;
#2918 = CARTESIAN_POINT ( 'NONE',  ( -4.055870234502160443, 3.000000000000000000, 13.53381158869189527 ) ) ;
#2919 = FACE_OUTER_BOUND ( 'NONE', #9397, .T. ) ;
#2920 = CARTESIAN_POINT ( 'NONE',  ( -13.67063495919163252, 5.000000000000000000, 22.33262501601479855 ) ) ;
#2921 = CALENDAR_DATE ( 2025, 8, 7 ) ;
#2922 = LINE ( 'NONE', #2795, #11905 ) ;
#2923 = ORIENTED_EDGE ( 'NONE', *, *, #6318, .T. ) ;
#2924 = CARTESIAN_POINT ( 'NONE',  ( 15.66163640451633654, 5.000000000000000000, 27.46996339315762015 ) ) ;
#2925 = ORIENTED_EDGE ( 'NONE', *, *, #5677, .F. ) ;
#2926 = CARTESIAN_POINT ( 'NONE',  ( 0.000000000000000000, 5.000000000000000000, 30.98283580801479431 ) ) ;
#2927 = AXIS2_PLACEMENT_3D ( 'NONE', #1041, #1173, #3193 ) ;
#2928 = DIRECTION ( 'NONE',  ( 0.9744822533593152647, 0.000000000000000000, 0.2244645581996220218 ) ) ;
#2929 = FACE_BOUND ( 'NONE', #11501, .T. ) ;
#2930 = VERTEX_POINT ( 'NONE', #8137 ) ;
#2931 = EDGE_CURVE ( 'NONE', #11818, #233, #2872, .T. ) ;
#2932 = DIRECTION ( 'NONE',  ( 0.9964895797033225255, 0.000000000000000000, -0.08371688923207534772 ) ) ;
#2933 = EDGE_CURVE ( 'NONE', #2495, #2656, #7148, .T. ) ;
#2934 = ORIENTED_EDGE ( 'NONE', *, *, #11015, .T. ) ;
#2935 = AXIS2_PLACEMENT_3D ( 'NONE', #9781, #40, #8454 ) ;
#2936 = DIRECTION ( 'NONE',  ( 0.1212309411059864228, 0.000000000000000000, 0.9926243291993990248 ) ) ;
#2937 = VECTOR ( 'NONE', #11514, 1000.000000000000000 ) ;
#2938 = CARTESIAN_POINT ( 'NONE',  ( 12.71183500880837869, 5.000000000000000000, 23.93974804001479484 ) ) ;
#2939 = CARTESIAN_POINT ( 'NONE',  ( 25.02796988880836793, 3.000000000000000000, 0.000000000000000000 ) ) ;
#2940 = VERTEX_POINT ( 'NONE', #13436 ) ;
#2941 = CARTESIAN_POINT ( 'NONE',  ( 26.01434332880836919, 5.000000000000000000, 21.98429449601479391 ) ) ;
#2942 = ADVANCED_FACE ( 'NONE', ( #10233 ), #4838, .T. ) ;
#2943 = ORIENTED_EDGE ( 'NONE', *, *, #12492, .F. ) ;
#2944 = FACE_OUTER_BOUND ( 'NONE', #7094, .T. ) ;
#2945 = VERTEX_POINT ( 'NONE', #6018 ) ;
#2946 = DIRECTION ( 'NONE',  ( 0.8725542995138969582, 0.000000000000000000, 0.4885171382866855261 ) ) ;
#2947 = ORIENTED_EDGE ( 'NONE', *, *, #3756, .T. ) ;
#2948 = ORIENTED_EDGE ( 'NONE', *, *, #6722, .T. ) ;
#2949 = EDGE_CURVE ( 'NONE', #13580, #6629, #10296, .T. ) ;
#2950 = VECTOR ( 'NONE', #9832, 1000.000000000000114 ) ;
#2951 = EDGE_CURVE ( 'NONE', #11639, #6529, #5815, .T. ) ;
#2952 = VECTOR ( 'NONE', #12745, 1000.000000000000000 ) ;
#2953 = ORIENTED_EDGE ( 'NONE', *, *, #7716, .T. ) ;
#2954 = LINE ( 'NONE', #11177, #4864 ) ;
#2955 = CARTESIAN_POINT ( 'NONE',  ( -20.07350658319162306, 5.000000000000000000, 21.91507340001479776 ) ) ;
#2956 = DIRECTION ( 'NONE',  ( -0.3826848932556902172, 0.000000000000000000, 0.9238789273892338283 ) ) ;
#2957 = DIRECTION ( 'NONE',  ( -0.000000000000000000, -1.000000000000000000, -0.000000000000000000 ) ) ;
#2958 = DIRECTION ( 'NONE',  ( 0.000000000000000000, 1.000000000000000000, -0.000000000000000000 ) ) ;
#2959 = VECTOR ( 'NONE', #9950, 1000.000000000000000 ) ;
#2960 = DIRECTION ( 'NONE',  ( -0.9238814843844389557, 0.000000000000000000, 0.3826787200924629540 ) ) ;
#2961 = EDGE_CURVE ( 'NONE', #6299, #1691, #7011, .T. ) ;
#2962 = VERTEX_POINT ( 'NONE', #11418 ) ;
#2963 = PLANE ( 'NONE',  #11531 ) ;
#2964 = EDGE_CURVE ( 'NONE', #4019, #2063, #13311, .T. ) ;
#2965 =( GEOMETRIC_REPRESENTATION_CONTEXT ( 3 ) GLOBAL_UNCERTAINTY_ASSIGNED_CONTEXT ( ( #2848 ) ) GLOBAL_UNIT_ASSIGNED_CONTEXT ( ( #2991, #13701, #7140 ) ) REPRESENTATION_CONTEXT ( 'NONE', 'WORKASPACE' ) );
#2966 = VERTEX_POINT ( 'NONE', #13637 ) ;
#2967 = CARTESIAN_POINT ( 'NONE',  ( -51.66480839919162094, 5.000000000000000000, 25.04478824801478964 ) ) ;
#2968 = ORIENTED_EDGE ( 'NONE', *, *, #13641, .F. ) ;
#2969 = CARTESIAN_POINT ( 'NONE',  ( -11.74738861519163180, 5.000000000000000000, -6.413025391985203605 ) ) ;
#2970 = ORIENTED_EDGE ( 'NONE', *, *, #7930, .F. ) ;
#2971 = VECTOR ( 'NONE', #8647, 999.9999999999998863 ) ;
#2972 = CARTESIAN_POINT ( 'NONE',  ( 6.999513445761330388, 5.000000000000000000, -36.42795787642680949 ) ) ;
#2973 = LINE ( 'NONE', #10481, #10116 ) ;
#2974 = CARTESIAN_POINT ( 'NONE',  ( -7.374071136392290171, 5.000000000000000000, -10.93711989654776140 ) ) ;
#2975 = ORIENTED_EDGE ( 'NONE', *, *, #7657, .T. ) ;
#2976 = ADVANCED_FACE ( 'NONE', ( #8269 ), #4264, .T. ) ;
#2977 = EDGE_CURVE ( 'NONE', #6497, #10161, #6232, .T. ) ;
#2978 = AXIS2_PLACEMENT_3D ( 'NONE', #9331, #923, #7297 ) ;
#2979 = CARTESIAN_POINT ( 'NONE',  ( -13.40203873371501331, 3.000000000000000000, -21.87587052901555396 ) ) ;
#2980 = ORIENTED_EDGE ( 'NONE', *, *, #8337, .F. ) ;
#2981 = CARTESIAN_POINT ( 'NONE',  ( -8.721896958352740370, 3.000000000000000000, 0.5573866314207713835 ) ) ;
#2982 = ORIENTED_EDGE ( 'NONE', *, *, #6694, .T. ) ;
#2983 = FACE_OUTER_BOUND ( 'NONE', #7584, .T. ) ;
#2984 = LINE ( 'NONE', #12723, #5789 ) ;
#2985 = DIRECTION ( 'NONE',  ( -0.5351955873187346224, 0.000000000000000000, -0.8447281712566206968 ) ) ;
#2986 = VECTOR ( 'NONE', #6030, 1000.000000000000000 ) ;
#2987 = VECTOR ( 'NONE', #10988, 1000.000000000000000 ) ;
#2988 = DIRECTION ( 'NONE',  ( 0.9579094897302741218, 0.000000000000000000, 0.2870703911668456842 ) ) ;
#2989 = PLANE ( 'NONE',  #6881 ) ;
#2990 = DIRECTION ( 'NONE',  ( -1.000000000000000000, 0.000000000000000000, 0.000000000000000000 ) ) ;
#2991 =( LENGTH_UNIT ( ) NAMED_UNIT ( * ) SI_UNIT ( .MILLI., .METRE. ) );
#2992 = DIRECTION ( 'NONE',  ( -0.000000000000000000, -1.000000000000000000, -0.000000000000000000 ) ) ;
#2993 = EDGE_LOOP ( 'NONE', ( #13096, #10880, #11645, #2185 ) ) ;
#2994 = ADVANCED_FACE ( 'NONE', ( #10578, #2929, #5107, #4202, #11767, #2, #9320, #10716, #7212, #12737, #8411, #2168, #1889, #4053, #982, #6437, #9386 ), #5036, .T. ) ;
#2995 = DIRECTION ( 'NONE',  ( -0.000000000000000000, -1.000000000000000000, -0.000000000000000000 ) ) ;
#2996 = ORIENTED_EDGE ( 'NONE', *, *, #10207, .T. ) ;
#2997 = CARTESIAN_POINT ( 'NONE',  ( -39.49091961519163618, 5.000000000000000000, 29.32694986401480364 ) ) ;
#2998 = EDGE_CURVE ( 'NONE', #5675, #2448, #6159, .T. ) ;
#2999 = VECTOR ( 'NONE', #8404, 1000.000000000000000 ) ;
#3000 = CARTESIAN_POINT ( 'NONE',  ( -1.002496034125272439, 5.000000000000000000, -1.500351518372184945 ) ) ;
#3001 = CARTESIAN_POINT ( 'NONE',  ( -53.87083707455159498, 5.000000000000000000, 22.30043935439872271 ) ) ;
#3002 = AXIS2_PLACEMENT_3D ( 'NONE', #2532, #1487, #6670 ) ;
#3003 = VERTEX_POINT ( 'NONE', #8335 ) ;
#3004 = LINE ( 'NONE', #9456, #7305 ) ;
#3005 = ORIENTED_EDGE ( 'NONE', *, *, #2323, .T. ) ;
#3006 = VECTOR ( 'NONE', #10128, 1000.000000000000000 ) ;
#3007 = LINE ( 'NONE', #7292, #4419 ) ;
#3008 = DIRECTION ( 'NONE',  ( -0.000000000000000000, -1.000000000000000000, -0.000000000000000000 ) ) ;
#3009 = AXIS2_PLACEMENT_3D ( 'NONE', #11612, #10420, #5153 ) ;
#3010 = DIRECTION ( 'NONE',  ( 0.000000000000000000, 0.000000000000000000, 1.000000000000000000 ) ) ;
#3011 = VERTEX_POINT ( 'NONE', #10440 ) ;
#3012 = EDGE_CURVE ( 'NONE', #1725, #12720, #11630, .T. ) ;
#3013 = PLANE ( 'NONE',  #3884 ) ;
#3014 = ORIENTED_EDGE ( 'NONE', *, *, #7798, .F. ) ;
#3015 = CARTESIAN_POINT ( 'NONE',  ( -76.50000000000001421, 0.000000000000000000, 45.29999999999999005 ) ) ;
#3016 = ORIENTED_EDGE ( 'NONE', *, *, #906, .T. ) ;
#3017 = PLANE ( 'NONE',  #5514 ) ;
#3018 = EDGE_LOOP ( 'NONE', ( #8819, #3825, #13470, #10384 ) ) ;
#3019 = ORIENTED_EDGE ( 'NONE', *, *, #9138, .T. ) ;
#3020 = VECTOR ( 'NONE', #7978, 1000.000000000000114 ) ;
#3021 = EDGE_LOOP ( 'NONE', ( #13672, #3474, #11469, #12275 ) ) ;
#3022 = VECTOR ( 'NONE', #4583, 1000.000000000000000 ) ;
#3023 = EDGE_CURVE ( 'NONE', #1622, #8721, #847, .T. ) ;
#3024 = DIRECTION ( 'NONE',  ( 0.001119048162977703906, 0.000000000000000000, 0.9999993738654083808 ) ) ;
#3025 = CARTESIAN_POINT ( 'NONE',  ( 0.000000000000000000, 5.000000000000000000, 32.03596146401479672 ) ) ;
#3026 = DIRECTION ( 'NONE',  ( 1.000000000000000000, 0.000000000000000000, 0.000000000000000000 ) ) ;
#3027 = CARTESIAN_POINT ( 'NONE',  ( 28.48562682680307390, 5.000000000000000000, 11.98690623556278112 ) ) ;
#3028 = LINE ( 'NONE', #7112, #2937 ) ;
#3029 = ORIENTED_EDGE ( 'NONE', *, *, #6871, .F. ) ;
#3030 = EDGE_CURVE ( 'NONE', #9221, #12970, #913, .T. ) ;
#3031 = CARTESIAN_POINT ( 'NONE',  ( -4.095164778750270962, 3.000000000000000000, -9.886744979382484644 ) ) ;
#3032 = EDGE_CURVE ( 'NONE', #6991, #3441, #7285, .T. ) ;
#3033 = VECTOR ( 'NONE', #7209, 1000.000000000000000 ) ;
#3034 = VERTEX_POINT ( 'NONE', #11559 ) ;
#3035 = DIRECTION ( 'NONE',  ( 0.000000000000000000, 1.000000000000000000, 0.000000000000000000 ) ) ;
#3036 = ORIENTED_EDGE ( 'NONE', *, *, #11806, .F. ) ;
#3037 = AXIS2_PLACEMENT_3D ( 'NONE', #4194, #8323, #11477 ) ;
#3038 = CARTESIAN_POINT ( 'NONE',  ( -0.1874818688705127967, 5.000000000000000000, 0.2788188856503864277 ) ) ;
#3039 = ORIENTED_EDGE ( 'NONE', *, *, #4417, .T. ) ;
#3040 = CARTESIAN_POINT ( 'NONE',  ( -22.79778967919162369, 3.000000000000000000, -0.000000000000000000 ) ) ;
#3041 = VERTEX_POINT ( 'NONE', #1961 ) ;
#3042 = EDGE_CURVE ( 'NONE', #194, #184, #12529, .T. ) ;
#3043 = CARTESIAN_POINT ( 'NONE',  ( -17.31708740719160744, 3.000000000000000000, 19.94973316001479091 ) ) ;
#3044 = CIRCLE ( 'NONE', #11550, 1.699999999999999289 ) ;
#3045 = VECTOR ( 'NONE', #7392, 1000.000000000000000 ) ;
#3046 = CARTESIAN_POINT ( 'NONE',  ( 76.49999999999998579, 0.000000000000000000, -3.300000000000005151 ) ) ;
#3047 = CARTESIAN_POINT ( 'NONE',  ( 20.99903509680835967, 3.000000000000000000, 29.77800712801479577 ) ) ;
#3048 = DIRECTION ( 'NONE',  ( 1.000000000000000000, -0.000000000000000000, 0.000000000000000000 ) ) ;
#3049 = ORIENTED_EDGE ( 'NONE', *, *, #4012, .T. ) ;
#3050 = DIRECTION ( 'NONE',  ( -0.6981011568676802614, 0.000000000000000000, 0.7159991443989346394 ) ) ;
#3051 = EDGE_LOOP ( 'NONE', ( #8492, #8509, #12632, #9694 ) ) ;
#3052 = EDGE_LOOP ( 'NONE', ( #8578, #12531, #10288, #5948 ) ) ;
#3053 = FACE_OUTER_BOUND ( 'NONE', #333, .T. ) ;
#3054 = ORIENTED_EDGE ( 'NONE', *, *, #7290, .T. ) ;
#3055 = VECTOR ( 'NONE', #6788, 1000.000000000000000 ) ;
#3056 = CARTESIAN_POINT ( 'NONE',  ( 1.531762529494007414E-13, 5.000000000000000000, -18.19994799644572225 ) ) ;
#3057 = FACE_OUTER_BOUND ( 'NONE', #9207, .T. ) ;
#3058 = AXIS2_PLACEMENT_3D ( 'NONE', #6250, #9553, #936 ) ;
#3059 = FACE_OUTER_BOUND ( 'NONE', #7439, .T. ) ;
#3060 = ADVANCED_FACE ( 'NONE', ( #9453 ), #3074, .T. ) ;
#3061 = CARTESIAN_POINT ( 'NONE',  ( 3.231109406639177450, 5.000000000000000000, 2.389077848170297003 ) ) ;
#3062 = DIRECTION ( 'NONE',  ( -0.000000000000000000, -1.000000000000000000, -0.000000000000000000 ) ) ;
#3063 = CARTESIAN_POINT ( 'NONE',  ( -11.10215647919162230, 3.000000000000000000, 13.18104870401479545 ) ) ;
#3064 = VECTOR ( 'NONE', #3368, 1000.000000000000000 ) ;
#3065 = CARTESIAN_POINT ( 'NONE',  ( -28.90641449519162975, 5.000000000000000000, 28.66892527201479268 ) ) ;
#3066 = FACE_OUTER_BOUND ( 'NONE', #1568, .T. ) ;
#3067 = PERSON_AND_ORGANIZATION ( #10936, #10382 ) ;
#3068 = DIRECTION ( 'NONE',  ( 0.9015231061562143378, 0.000000000000000000, -0.4327309661515466588 ) ) ;
#3069 = ORIENTED_EDGE ( 'NONE', *, *, #1529, .T. ) ;
#3070 = PLANE ( 'NONE',  #12180 ) ;
#3071 = ORIENTED_EDGE ( 'NONE', *, *, #53, .T. ) ;
#3072 = LINE ( 'NONE', #8477, #13537 ) ;
#3073 = FACE_OUTER_BOUND ( 'NONE', #9353, .T. ) ;
#3074 = PLANE ( 'NONE',  #11719 ) ;
#3075 = VERTEX_POINT ( 'NONE', #1054 ) ;
#3076 = DIRECTION ( 'NONE',  ( -0.000000000000000000, -1.000000000000000000, -0.000000000000000000 ) ) ;
#3077 = VECTOR ( 'NONE', #7479, 1000.000000000000000 ) ;
#3078 = ORIENTED_EDGE ( 'NONE', *, *, #6614, .T. ) ;
#3079 = EDGE_CURVE ( 'NONE', #12287, #12913, #9599, .T. ) ;
#3080 = CARTESIAN_POINT ( 'NONE',  ( -82.00000000000001421, 3.000000000000000000, -53.00000000000000711 ) ) ;
#3081 = LINE ( 'NONE', #919, #9016 ) ;
#3082 = LINE ( 'NONE', #12683, #12792 ) ;
#3083 = VERTEX_POINT ( 'NONE', #6365 ) ;
#3084 = FACE_OUTER_BOUND ( 'NONE', #7189, .T. ) ;
#3085 = VERTEX_POINT ( 'NONE', #6575 ) ;
#3086 = DIRECTION ( 'NONE',  ( 0.9213619334886569145, 0.000000000000000000, -0.3887057852901650845 ) ) ;
#3087 = LINE ( 'NONE', #3224, #11563 ) ;
#3088 = ORIENTED_EDGE ( 'NONE', *, *, #4719, .F. ) ;
#3089 = VERTEX_POINT ( 'NONE', #2304 ) ;
#3090 = ORIENTED_EDGE ( 'NONE', *, *, #2831, .F. ) ;
#3091 = ADVANCED_FACE ( 'NONE', ( #4548 ), #12951, .T. ) ;
#3092 = ADVANCED_FACE ( 'NONE', ( #6653 ), #5449, .T. ) ;
#3093 = CARTESIAN_POINT ( 'NONE',  ( 7.147081088808366900, 5.000000000000000000, 12.63718593601479689 ) ) ;
#3094 = DIRECTION ( 'NONE',  ( -0.4472135954999855723, 0.000000000000000000, -0.8944271909999020886 ) ) ;
#3095 = CARTESIAN_POINT ( 'NONE',  ( 19.25384849147917521, 5.000000000000000000, 7.808270046742937787 ) ) ;
#3096 = VECTOR ( 'NONE', #5576, 1000.000000000000114 ) ;
#3097 = CARTESIAN_POINT ( 'NONE',  ( -27.70135619919162906, 5.000000000000000000, 13.56753002401479691 ) ) ;
#3098 = CARTESIAN_POINT ( 'NONE',  ( -7.819220144426005881, 5.000000000000000000, -2.262417897434033875 ) ) ;
#3099 = ORIENTED_EDGE ( 'NONE', *, *, #280, .F. ) ;
#3100 = DIRECTION ( 'NONE',  ( -0.000000000000000000, 1.000000000000000000, -0.000000000000000000 ) ) ;
#3101 = VERTEX_POINT ( 'NONE', #12053 ) ;
#3102 = CARTESIAN_POINT ( 'NONE',  ( -10.72392406319161928, 5.000000000000000000, 32.26339712801480175 ) ) ;
#3103 = ORIENTED_EDGE ( 'NONE', *, *, #36, .T. ) ;
#3104 = LINE ( 'NONE', #13671, #6815 ) ;
#3105 = EDGE_CURVE ( 'NONE', #924, #8072, #7634, .T. ) ;
#3106 = VERTEX_POINT ( 'NONE', #9735 ) ;
#3107 = PLANE ( 'NONE',  #1710 ) ;
#3108 = ORIENTED_EDGE ( 'NONE', *, *, #13206, .F. ) ;
#3109 = EDGE_CURVE ( 'NONE', #10290, #13028, #3350, .T. ) ;
#3110 = ADVANCED_FACE ( 'NONE', ( #10852 ), #11906, .T. ) ;
#3111 = CARTESIAN_POINT ( 'NONE',  ( 8.886133436991933365, 5.000000000000000000, -3.661531631442475287 ) ) ;
#3112 = DIRECTION ( 'NONE',  ( -0.9890547258545988596, 0.000000000000000000, 0.1475491418635986596 ) ) ;
#3113 = DIRECTION ( 'NONE',  ( 0.3837797321477059431, 0.000000000000000000, 0.9234246678493243099 ) ) ;
#3114 = LINE ( 'NONE', #2208, #13534 ) ;
#3115 = ORIENTED_EDGE ( 'NONE', *, *, #742, .T. ) ;
#3116 = LINE ( 'NONE', #5148, #1887 ) ;
#3117 = ORIENTED_EDGE ( 'NONE', *, *, #10739, .T. ) ;
#3118 = ORIENTED_EDGE ( 'NONE', *, *, #2961, .T. ) ;
#3119 = EDGE_CURVE ( 'NONE', #12571, #7723, #5378, .T. ) ;
#3120 = ORIENTED_EDGE ( 'NONE', *, *, #9364, .T. ) ;
#3121 = LINE ( 'NONE', #13689, #1234 ) ;
#3122 = DIRECTION ( 'NONE',  ( -0.9015231061562143378, 0.000000000000000000, 0.4327309661515466588 ) ) ;
#3123 = LINE ( 'NONE', #12518, #5287 ) ;
#3124 = EDGE_CURVE ( 'NONE', #13478, #8218, #7848, .T. ) ;
#3125 = CARTESIAN_POINT ( 'NONE',  ( 39.29334445680835586, 5.000000000000000000, 22.53316817601480082 ) ) ;
#3126 = CARTESIAN_POINT ( 'NONE',  ( 0.000000000000000000, 3.000000000000000000, 21.44784446401479627 ) ) ;
#3127 = DIRECTION ( 'NONE',  ( 0.000000000000000000, 0.000000000000000000, -1.000000000000000000 ) ) ;
#3128 = FACE_OUTER_BOUND ( 'NONE', #11723, .T. ) ;
#3129 = CARTESIAN_POINT ( 'NONE',  ( 49.17187107591850292, 3.000000000000000000, -4.472140770711734881 ) ) ;
#3130 = PERSON_AND_ORGANIZATION ( #10936, #10382 ) ;
#3131 = FACE_OUTER_BOUND ( 'NONE', #11593, .T. ) ;
#3132 = EDGE_LOOP ( 'NONE', ( #8282, #10397 ) ) ;
#3133 = DIRECTION ( 'NONE',  ( -0.1978980661722990197, 0.000000000000000000, 0.9802226050266665824 ) ) ;
#3134 = EDGE_LOOP ( 'NONE', ( #10249, #3734, #193, #6057 ) ) ;
#3135 = ORIENTED_EDGE ( 'NONE', *, *, #10370, .F. ) ;
#3136 = EDGE_CURVE ( 'NONE', #10731, #367, #4413, .T. ) ;
#3137 = DIRECTION ( 'NONE',  ( -1.000000000000000000, 0.000000000000000000, 0.000000000000000000 ) ) ;
#3138 = EDGE_CURVE ( 'NONE', #367, #5818, #1263, .T. ) ;
#3139 = CARTESIAN_POINT ( 'NONE',  ( 1.880904370442123108, 5.000000000000000000, 21.22220897356597646 ) ) ;
#3140 = CARTESIAN_POINT ( 'NONE',  ( -0.8816894322631911862, 3.000000000000000000, -0.6514566630515006285 ) ) ;
#3141 = ORIENTED_EDGE ( 'NONE', *, *, #10093, .T. ) ;
#3142 = CARTESIAN_POINT ( 'NONE',  ( -4.012692836706363231, 3.000000000000000000, 35.75300741965818929 ) ) ;
#3143 = ORIENTED_EDGE ( 'NONE', *, *, #13815, .F. ) ;
#3144 = FACE_OUTER_BOUND ( 'NONE', #1498, .T. ) ;
#3145 = CARTESIAN_POINT ( 'NONE',  ( 3.610983513933003319, 5.000000000000000000, 8.717811139678648402 ) ) ;
#3146 = CARTESIAN_POINT ( 'NONE',  ( 9.218725408808372990, 3.000000000000000000, -6.924750047985199330 ) ) ;
#3147 = ORIENTED_EDGE ( 'NONE', *, *, #1660, .T. ) ;
#3148 = VECTOR ( 'NONE', #7462, 1000.000000000000000 ) ;
#3149 = CARTESIAN_POINT ( 'NONE',  ( 8.978918928808372613, 5.000000000000000000, 15.35652416001479637 ) ) ;
#3150 = VERTEX_POINT ( 'NONE', #5527 ) ;
#3151 = LINE ( 'NONE', #8424, #3243 ) ;
#3152 = EDGE_CURVE ( 'NONE', #2053, #6214, #9660, .T. ) ;
#3153 = CARTESIAN_POINT ( 'NONE',  ( -12.78320569519163463, 5.000000000000000000, 0.000000000000000000 ) ) ;
#3154 = VERTEX_POINT ( 'NONE', #2450 ) ;
#3155 = ORIENTED_EDGE ( 'NONE', *, *, #6469, .T. ) ;
#3156 = EDGE_LOOP ( 'NONE', ( #5612, #35, #11850, #9908 ) ) ;
#3157 = VECTOR ( 'NONE', #8741, 1000.000000000000000 ) ;
#3158 = VECTOR ( 'NONE', #5583, 1000.000000000000000 ) ;
#3159 = LINE ( 'NONE', #9476, #10456 ) ;
#3160 = DIRECTION ( 'NONE',  ( 0.3815757523362386938, 0.000000000000000000, -0.9243375710361627640 ) ) ;
#3161 = DIRECTION ( 'NONE',  ( 0.9320951599036239044, 0.000000000000000000, -0.3622134907540549009 ) ) ;
#3162 = ORIENTED_EDGE ( 'NONE', *, *, #2413, .T. ) ;
#3163 = LINE ( 'NONE', #6660, #3420 ) ;
#3164 = CARTESIAN_POINT ( 'NONE',  ( 20.25924180880837255, 5.000000000000000000, 28.29563366401479385 ) ) ;
#3165 = ORIENTED_EDGE ( 'NONE', *, *, #2814, .F. ) ;
#3166 = LINE ( 'NONE', #6606, #2757 ) ;
#3167 = ORIENTED_EDGE ( 'NONE', *, *, #13206, .T. ) ;
#3168 = LINE ( 'NONE', #2127, #7964 ) ;
#3169 = EDGE_CURVE ( 'NONE', #9000, #2453, #7572, .T. ) ;
#3170 = VECTOR ( 'NONE', #1578, 1000.000000000000000 ) ;
#3171 = ORIENTED_EDGE ( 'NONE', *, *, #5463, .F. ) ;
#3172 = VECTOR ( 'NONE', #8486, 1000.000000000000114 ) ;
#3173 = EDGE_CURVE ( 'NONE', #2485, #10731, #2380, .T. ) ;
#3174 = EDGE_LOOP ( 'NONE', ( #3695, #4720, #10277, #4227 ) ) ;
#3175 = CARTESIAN_POINT ( 'NONE',  ( -50.42874584719162812, 5.000000000000000000, 0.000000000000000000 ) ) ;
#3176 = VERTEX_POINT ( 'NONE', #11839 ) ;
#3177 = CARTESIAN_POINT ( 'NONE',  ( 7.514016600808373525, 3.000000000000000000, 12.48672852801480104 ) ) ;
#3178 = VECTOR ( 'NONE', #11090, 1000.000000000000000 ) ;
#3179 = DIRECTION ( 'NONE',  ( -0.000000000000000000, -1.000000000000000000, -0.000000000000000000 ) ) ;
#3180 = CYLINDRICAL_SURFACE ( 'NONE', #1160, 1.700000000000000178 ) ;
#3181 = CARTESIAN_POINT ( 'NONE',  ( 13.53999692880836925, 3.000000000000000000, 22.38725127201480802 ) ) ;
#3182 = APPROVAL_PERSON_ORGANIZATION ( #10357, #10976, #4957 ) ;
#3183 = EDGE_CURVE ( 'NONE', #13090, #9147, #13019, .T. ) ;
#3184 = DIRECTION ( 'NONE',  ( 0.9987300578365099213, 0.000000000000000000, 0.05038126213069146764 ) ) ;
#3185 = ORIENTED_EDGE ( 'NONE', *, *, #2783, .F. ) ;
#3186 = ORIENTED_EDGE ( 'NONE', *, *, #12476, .F. ) ;
#3187 = ORIENTED_EDGE ( 'NONE', *, *, #10339, .T. ) ;
#3188 = AXIS2_PLACEMENT_3D ( 'NONE', #10449, #4910, #10302 ) ;
#3189 = DIRECTION ( 'NONE',  ( -0.000000000000000000, -1.000000000000000000, -0.000000000000000000 ) ) ;
#3190 = CARTESIAN_POINT ( 'NONE',  ( 76.49999999999998579, 3.000000000000000000, 46.99999999999999289 ) ) ;
#3191 = CARTESIAN_POINT ( 'NONE',  ( 22.84188873491316230, 5.000000000000000000, 36.05258966307431479 ) ) ;
#3192 = CARTESIAN_POINT ( 'NONE',  ( 5.371392843576383136, 5.000000000000000000, 12.41017483809493349 ) ) ;
#3193 = DIRECTION ( 'NONE',  ( 0.8285237802757252634, 0.000000000000000000, 0.5599538780271298144 ) ) ;
#3194 = ADVANCED_FACE ( 'NONE', ( #5591 ), #3496, .T. ) ;
#3195 = DIRECTION ( 'NONE',  ( 0.3837788242531887106, 0.000000000000000000, 0.9234250451741278232 ) ) ;
#3196 = VECTOR ( 'NONE', #7242, 1000.000000000000000 ) ;
#3197 = CARTESIAN_POINT ( 'NONE',  ( -47.34741925177519306, 5.000000000000000000, 34.54428516956821227 ) ) ;
#3198 = PLANE ( 'NONE',  #5213 ) ;
#3199 = CARTESIAN_POINT ( 'NONE',  ( -34.53050078319161997, 5.000000000000000000, 0.000000000000000000 ) ) ;
#3200 = VERTEX_POINT ( 'NONE', #2514 ) ;
#3201 = ADVANCED_FACE ( 'NONE', ( #12879 ), #6785, .T. ) ;
#3202 = CARTESIAN_POINT ( 'NONE',  ( -2.054159117139437107, 5.000000000000000000, -38.16759156801381891 ) ) ;
#3203 = ADVANCED_FACE ( 'NONE', ( #284 ), #3902, .T. ) ;
#3204 = ORIENTED_EDGE ( 'NONE', *, *, #1063, .F. ) ;
#3205 = ORIENTED_EDGE ( 'NONE', *, *, #2794, .F. ) ;
#3206 = PLANE ( 'NONE',  #151 ) ;
#3207 = DIRECTION ( 'NONE',  ( 0.000000000000000000, 0.000000000000000000, 1.000000000000000000 ) ) ;
#3208 = CARTESIAN_POINT ( 'NONE',  ( 81.99999999999998579, 3.000000000000000000, 50.99999999999999289 ) ) ;
#3209 = ORIENTED_EDGE ( 'NONE', *, *, #136, .F. ) ;
#3210 = VECTOR ( 'NONE', #5461, 1000.000000000000114 ) ;
#3211 = CARTESIAN_POINT ( 'NONE',  ( -1.806073111061042846, 5.000000000000000000, 22.42419137657041617 ) ) ;
#3212 = ORIENTED_EDGE ( 'NONE', *, *, #2287, .F. ) ;
#3213 = VECTOR ( 'NONE', #11922, 1000.000000000000114 ) ;
#3214 = EDGE_CURVE ( 'NONE', #11673, #714, #4949, .T. ) ;
#3215 = CARTESIAN_POINT ( 'NONE',  ( -17.56429646319163496, 5.000000000000000000, 19.92748276001479724 ) ) ;
#3216 = LINE ( 'NONE', #11777, #7905 ) ;
#3217 = CARTESIAN_POINT ( 'NONE',  ( -18.19133063664763128, 5.000000000000000000, 1.754341383465332971 ) ) ;
#3218 = ORIENTED_EDGE ( 'NONE', *, *, #12248, .F. ) ;
#3219 = VECTOR ( 'NONE', #6226, 1000.000000000000000 ) ;
#3220 = LINE ( 'NONE', #10030, #8590 ) ;
#3221 = EDGE_LOOP ( 'NONE', ( #11024, #3779, #10385, #8503 ) ) ;
#3222 = VECTOR ( 'NONE', #9178, 1000.000000000000000 ) ;
#3223 = LINE ( 'NONE', #4277, #1476 ) ;
#3224 = CARTESIAN_POINT ( 'NONE',  ( 27.95794629746357884, 3.000000000000000000, -13.74664113089746564 ) ) ;
#3225 = ORIENTED_EDGE ( 'NONE', *, *, #9714, .F. ) ;
#3226 = EDGE_LOOP ( 'NONE', ( #3185, #7761, #6246, #11133 ) ) ;
#3227 = VECTOR ( 'NONE', #12994, 1000.000000000000114 ) ;
#3228 = PLANE ( 'NONE',  #8010 ) ;
#3229 = EDGE_CURVE ( 'NONE', #12094, #5237, #6019, .T. ) ;
#3230 = AXIS2_PLACEMENT_3D ( 'NONE', #1741, #7062, #9027 ) ;
#3231 = EDGE_CURVE ( 'NONE', #790, #8001, #2786, .T. ) ;
#3232 = CARTESIAN_POINT ( 'NONE',  ( 0.000000000000000000, 5.000000000000000000, 30.81720240801479704 ) ) ;
#3233 = CARTESIAN_POINT ( 'NONE',  ( -9.025570335191620330, 3.000000000000000000, 25.95947476001479615 ) ) ;
#3234 = LINE ( 'NONE', #1009, #2560 ) ;
#3235 = LINE ( 'NONE', #1082, #6975 ) ;
#3236 = ORIENTED_EDGE ( 'NONE', *, *, #9603, .T. ) ;
#3237 = DIRECTION ( 'NONE',  ( 0.7971419792268318316, 0.000000000000000000, 0.6037919053401836766 ) ) ;
#3238 = ORIENTED_EDGE ( 'NONE', *, *, #7256, .T. ) ;
#3239 = DIRECTION ( 'NONE',  ( 0.8314675237937054764, 0.000000000000000000, -0.5555733586812492408 ) ) ;
#3240 = AXIS2_PLACEMENT_3D ( 'NONE', #1457, #414, #9930 ) ;
#3241 = ORIENTED_EDGE ( 'NONE', *, *, #10669, .T. ) ;
#3242 = ORIENTED_EDGE ( 'NONE', *, *, #13395, .T. ) ;
#3243 = VECTOR ( 'NONE', #860, 1000.000000000000114 ) ;
#3244 = ORIENTED_EDGE ( 'NONE', *, *, #11946, .T. ) ;
#3245 = LINE ( 'NONE', #12918, #13116 ) ;
#3246 = ORIENTED_EDGE ( 'NONE', *, *, #9530, .F. ) ;
#3247 = FACE_OUTER_BOUND ( 'NONE', #8456, .T. ) ;
#3248 = ADVANCED_FACE ( 'NONE', ( #625 ), #8121, .T. ) ;
#3249 = VECTOR ( 'NONE', #403, 1000.000000000000000 ) ;
#3250 = LINE ( 'NONE', #6266, #4876 ) ;
#3251 = DIRECTION ( 'NONE',  ( -0.000000000000000000, -1.000000000000000000, -0.000000000000000000 ) ) ;
#3252 = AXIS2_PLACEMENT_3D ( 'NONE', #1133, #10866, #13178 ) ;
#3253 = ADVANCED_FACE ( 'NONE', ( #12316 ), #11339, .T. ) ;
#3254 = CARTESIAN_POINT ( 'NONE',  ( -10.08904513150130455, 5.000000000000000000, 4.179038015415429186 ) ) ;
#3255 = VECTOR ( 'NONE', #10428, 999.9999999999998863 ) ;
#3256 = PLANE ( 'NONE',  #3903 ) ;
#3257 = ORIENTED_EDGE ( 'NONE', *, *, #9086, .T. ) ;
#3258 = ORIENTED_EDGE ( 'NONE', *, *, #457, .F. ) ;
#3259 = ORIENTED_EDGE ( 'NONE', *, *, #3985, .F. ) ;
#3260 = LINE ( 'NONE', #9854, #5711 ) ;
#3261 = DIRECTION ( 'NONE',  ( 0.8706693720387359559, 0.000000000000000000, 0.4918687269929581385 ) ) ;
#3262 = AXIS2_PLACEMENT_3D ( 'NONE', #10383, #8027, #788 ) ;
#3263 = CARTESIAN_POINT ( 'NONE',  ( -6.880334515338524248, 5.000000000000000000, -16.61058762576102765 ) ) ;
#3264 = VECTOR ( 'NONE', #11455, 999.9999999999998863 ) ;
#3265 = ADVANCED_FACE ( 'NONE', ( #10217 ), #13423, .T. ) ;
#3266 = DIRECTION ( 'NONE',  ( -0.9968242903681796552, 0.000000000000000000, 0.07963249419662236928 ) ) ;
#3267 = EDGE_CURVE ( 'NONE', #10088, #6507, #10280, .T. ) ;
#3268 = CARTESIAN_POINT ( 'NONE',  ( 32.46412468880836144, 3.000000000000000000, 22.90392588001478913 ) ) ;
#3269 = PLANE ( 'NONE',  #6609 ) ;
#3270 = DIRECTION ( 'NONE',  ( -0.000000000000000000, -1.000000000000000000, -0.000000000000000000 ) ) ;
#3271 = CARTESIAN_POINT ( 'NONE',  ( -47.81570865519163505, 5.000000000000000000, 32.02854466401480238 ) ) ;
#3272 = AXIS2_PLACEMENT_3D ( 'NONE', #4278, #8426, #2946 ) ;
#3273 = LINE ( 'NONE', #9651, #258 ) ;
#3274 = EDGE_LOOP ( 'NONE', ( #8099, #10980 ) ) ;
#3275 = DIRECTION ( 'NONE',  ( 0.000000000000000000, 1.000000000000000000, 0.000000000000000000 ) ) ;
#3276 = AXIS2_PLACEMENT_3D ( 'NONE', #1316, #2361, #5431 ) ;
#3277 = AXIS2_PLACEMENT_3D ( 'NONE', #90, #4360, #10672 ) ;
#3278 = ORIENTED_EDGE ( 'NONE', *, *, #7154, .F. ) ;
#3279 = ORIENTED_EDGE ( 'NONE', *, *, #1804, .F. ) ;
#3280 = CARTESIAN_POINT ( 'NONE',  ( 3.029603789851120776, 5.000000000000000000, -23.71402972987378277 ) ) ;
#3281 = ORIENTED_EDGE ( 'NONE', *, *, #8987, .T. ) ;
#3282 = PLANE ( 'NONE',  #8603 ) ;
#3283 = CARTESIAN_POINT ( 'NONE',  ( -24.40996265885857142, 5.000000000000000000, 17.99229214333718474 ) ) ;
#3284 = EDGE_CURVE ( 'NONE', #2448, #7573, #2856, .T. ) ;
#3285 = ORIENTED_EDGE ( 'NONE', *, *, #2675, .T. ) ;
#3286 = CARTESIAN_POINT ( 'NONE',  ( -17.30472573519162793, 5.000000000000000000, 21.17591003201479438 ) ) ;
#3287 = VERTEX_POINT ( 'NONE', #5799 ) ;
#3288 = EDGE_CURVE ( 'NONE', #11497, #10013, #11061, .T. ) ;
#3289 = AXIS2_PLACEMENT_3D ( 'NONE', #10802, #6810, #1493 ) ;
#3290 = EDGE_CURVE ( 'NONE', #13291, #10554, #1539, .T. ) ;
#3291 = AXIS2_PLACEMENT_3D ( 'NONE', #8260, #13774, #10637 ) ;
#3292 = DIRECTION ( 'NONE',  ( -0.000000000000000000, -1.000000000000000000, -0.000000000000000000 ) ) ;
#3293 = CARTESIAN_POINT ( 'NONE',  ( 30.17493444880837927, 3.000000000000000000, 19.92748580801479719 ) ) ;
#3294 = LINE ( 'NONE', #9539, #6763 ) ;
#3295 = ORIENTED_EDGE ( 'NONE', *, *, #535, .T. ) ;
#3296 = LINE ( 'NONE', #1198, #4565 ) ;
#3297 = ORIENTED_EDGE ( 'NONE', *, *, #13691, .T. ) ;
#3298 = DIRECTION ( 'NONE',  ( 0.000000000000000000, 0.000000000000000000, -1.000000000000000000 ) ) ;
#3299 = EDGE_LOOP ( 'NONE', ( #12472, #12591, #5133, #6207 ) ) ;
#3300 = VECTOR ( 'NONE', #6773, 1000.000000000000000 ) ;
#3301 = LINE ( 'NONE', #5543, #1440 ) ;
#3302 = ADVANCED_FACE ( 'NONE', ( #422 ), #1742, .T. ) ;
#3303 = ORIENTED_EDGE ( 'NONE', *, *, #3968, .F. ) ;
#3304 = VERTEX_POINT ( 'NONE', #4689 ) ;
#3305 = EDGE_CURVE ( 'NONE', #2744, #12007, #3831, .T. ) ;
#3306 = LINE ( 'NONE', #1350, #3064 ) ;
#3307 = VECTOR ( 'NONE', #6184, 999.9999999999998863 ) ;
#3308 = CARTESIAN_POINT ( 'NONE',  ( 32.30658474480837583, 5.000000000000000000, 13.51906276001479235 ) ) ;
#3309 = DIRECTION ( 'NONE',  ( -0.000000000000000000, -1.000000000000000000, -0.000000000000000000 ) ) ;
#3310 = CARTESIAN_POINT ( 'NONE',  ( -12.83851673519162517, 5.000000000000000000, 25.37481857601479973 ) ) ;
#3311 = VERTEX_POINT ( 'NONE', #3627 ) ;
#3312 = FACE_OUTER_BOUND ( 'NONE', #5056, .T. ) ;
#3313 = ORIENTED_EDGE ( 'NONE', *, *, #12115, .T. ) ;
#3314 = LINE ( 'NONE', #8719, #6387 ) ;
#3315 = VERTEX_POINT ( 'NONE', #2584 ) ;
#3316 = LINE ( 'NONE', #10489, #13126 ) ;
#3317 = EDGE_CURVE ( 'NONE', #7355, #4803, #6859, .T. ) ;
#3318 = ORIENTED_EDGE ( 'NONE', *, *, #10694, .F. ) ;
#3319 = EDGE_CURVE ( 'NONE', #11146, #432, #3700, .T. ) ;
#3320 = CARTESIAN_POINT ( 'NONE',  ( 35.72959727646468053, 3.000000000000000000, 32.81465580644665891 ) ) ;
#3321 = VERTEX_POINT ( 'NONE', #9098 ) ;
#3322 = DIRECTION ( 'NONE',  ( -0.000000000000000000, 1.000000000000000000, -0.000000000000000000 ) ) ;
#3323 = CIRCLE ( 'NONE', #11169, 1.700000000000000178 ) ;
#3324 = CYLINDRICAL_SURFACE ( 'NONE', #3978, 2.540000000227228494 ) ;
#3325 = CARTESIAN_POINT ( 'NONE',  ( -13.33448932719163160, 5.000000000000000000, 32.10518154401479052 ) ) ;
#3326 = DIRECTION ( 'NONE',  ( 0.8314713530511933515, 0.000000000000000000, 0.5555676277963088605 ) ) ;
#3327 = CARTESIAN_POINT ( 'NONE',  ( -1.843502798063829662, 5.000000000000000000, -0.7877362443306773487 ) ) ;
#3328 = ORIENTED_EDGE ( 'NONE', *, *, #10567, .F. ) ;
#3329 = VERTEX_POINT ( 'NONE', #6930 ) ;
#3330 = ORIENTED_EDGE ( 'NONE', *, *, #1962, .F. ) ;
#3331 = EDGE_CURVE ( 'NONE', #9040, #8386, #1600, .T. ) ;
#3332 = CARTESIAN_POINT ( 'NONE',  ( 15.64057794480837238, 3.000000000000000000, 31.04875896801478419 ) ) ;
#3333 = FACE_OUTER_BOUND ( 'NONE', #7653, .T. ) ;
#3334 = CARTESIAN_POINT ( 'NONE',  ( 0.000000000000000000, 5.000000000000000000, 32.04090532001479374 ) ) ;
#3335 = CARTESIAN_POINT ( 'NONE',  ( 7.769904328808364014, 5.000000000000000000, -7.117228199985206061 ) ) ;
#3336 = LINE ( 'NONE', #5303, #3157 ) ;
#3337 = AXIS2_PLACEMENT_3D ( 'NONE', #12177, #688, #8962 ) ;
#3338 = CARTESIAN_POINT ( 'NONE',  ( -2.640075359191627058, 5.000000000000000000, 0.000000000000000000 ) ) ;
#3339 = CARTESIAN_POINT ( 'NONE',  ( 10.68276669981201898, 5.000000000000000000, 22.25577037670078440 ) ) ;
#3340 = DIRECTION ( 'NONE',  ( 0.000000000000000000, 1.000000000000000000, 0.000000000000000000 ) ) ;
#3341 = CARTESIAN_POINT ( 'NONE',  ( 0.000000000000000000, 5.000000000000000000, 32.03596146401479672 ) ) ;
#3342 = EDGE_LOOP ( 'NONE', ( #13545, #6359, #6460, #5192 ) ) ;
#3343 = DIRECTION ( 'NONE',  ( 0.7288886501414183483, 0.000000000000000000, -0.6846322631128488601 ) ) ;
#3344 = EDGE_LOOP ( 'NONE', ( #418, #4076, #7703, #6154 ) ) ;
#3345 = ORIENTED_EDGE ( 'NONE', *, *, #2443, .T. ) ;
#3346 = CARTESIAN_POINT ( 'NONE',  ( 9.955597793216586666, 5.000000000000000000, 34.44713312906422686 ) ) ;
#3347 = ORIENTED_EDGE ( 'NONE', *, *, #2196, .T. ) ;
#3348 = EDGE_CURVE ( 'NONE', #9428, #1503, #3772, .T. ) ;
#3349 = LINE ( 'NONE', #212, #5704 ) ;
#3350 = LINE ( 'NONE', #8827, #10829 ) ;
#3351 = ADVANCED_FACE ( 'NONE', ( #3057 ), #7342, .T. ) ;
#3352 = ORIENTED_EDGE ( 'NONE', *, *, #1204, .F. ) ;
#3353 = CARTESIAN_POINT ( 'NONE',  ( -6.370511383191630017, 3.000000000000000000, 13.15633247201478184 ) ) ;
#3354 = VERTEX_POINT ( 'NONE', #12517 ) ;
#3355 = DIRECTION ( 'NONE',  ( 0.000000000000000000, 1.000000000000000000, -0.000000000000000000 ) ) ;
#3356 = CARTESIAN_POINT ( 'NONE',  ( 6.876882028605662001, 5.000000000000000000, 27.92970820370275931 ) ) ;
#3357 = CARTESIAN_POINT ( 'NONE',  ( -1.367263896786801602, 5.000000000000000000, 2.571595015642087034 ) ) ;
#3358 = ORIENTED_EDGE ( 'NONE', *, *, #7343, .F. ) ;
#3359 = LINE ( 'NONE', #4275, #4101 ) ;
#3360 = VERTEX_POINT ( 'NONE', #9370 ) ;
#3361 = DIRECTION ( 'NONE',  ( 0.000000000000000000, 0.000000000000000000, -1.000000000000000000 ) ) ;
#3362 = EDGE_CURVE ( 'NONE', #2780, #3311, #10628, .T. ) ;
#3363 = EDGE_CURVE ( 'NONE', #11580, #8106, #5299, .T. ) ;
#3364 = DIRECTION ( 'NONE',  ( -0.3826787200924747223, 0.000000000000000000, 0.9238814843844341818 ) ) ;
#3365 = DIRECTION ( 'NONE',  ( -0.000000000000000000, -1.000000000000000000, -0.000000000000000000 ) ) ;
#3366 = VERTEX_POINT ( 'NONE', #6348 ) ;
#3367 = ORIENTED_EDGE ( 'NONE', *, *, #10320, .T. ) ;
#3368 = DIRECTION ( 'NONE',  ( -0.9003997897255637817, 0.000000000000000000, 0.4350634650969448236 ) ) ;
#3369 = PLANE ( 'NONE',  #13657 ) ;
#3370 = VECTOR ( 'NONE', #764, 1000.000000000000000 ) ;
#3371 = CARTESIAN_POINT ( 'NONE',  ( -46.54114783119162979, 5.000000000000000000, 32.27463307201478671 ) ) ;
#3372 = CARTESIAN_POINT ( 'NONE',  ( 5.538858592943390668, 3.000000000000000000, -7.287992851975891639 ) ) ;
#3373 = EDGE_CURVE ( 'NONE', #8270, #8539, #828, .T. ) ;
#3374 = CARTESIAN_POINT ( 'NONE',  ( -11.93032449519163762, 3.000000000000000000, 12.56795976001480142 ) ) ;
#3375 = VERTEX_POINT ( 'NONE', #1871 ) ;
#3376 = DIRECTION ( 'NONE',  ( -0.3793831742491023395, 0.000000000000000000, -0.9252396484677228861 ) ) ;
#3377 = ORIENTED_EDGE ( 'NONE', *, *, #4384, .T. ) ;
#3378 = CARTESIAN_POINT ( 'NONE',  ( -84.00000000000001421, 0.000000000000000000, 50.99999999999999289 ) ) ;
#3379 = EDGE_CURVE ( 'NONE', #8842, #1725, #13690, .T. ) ;
#3380 = ORIENTED_EDGE ( 'NONE', *, *, #8710, .T. ) ;
#3381 = EDGE_CURVE ( 'NONE', #7047, #8198, #2078, .T. ) ;
#3382 = CARTESIAN_POINT ( 'NONE',  ( 3.759521180155791065, 3.000000000000000000, 6.239869125476879219 ) ) ;
#3383 = ORIENTED_EDGE ( 'NONE', *, *, #13459, .F. ) ;
#3384 = AXIS2_PLACEMENT_3D ( 'NONE', #3521, #4436, #4572 ) ;
#3385 = DIRECTION ( 'NONE',  ( -0.7360834251059341637, 0.000000000000000000, 0.6768908267101251264 ) ) ;
#3386 = AXIS2_PLACEMENT_3D ( 'NONE', #9621, #3656, #7811 ) ;
#3387 = ORIENTED_EDGE ( 'NONE', *, *, #12165, .F. ) ;
#3388 = CARTESIAN_POINT ( 'NONE',  ( -17.51642984931670100, 5.000000000000000000, 0.1765914570343140866 ) ) ;
#3389 = CARTESIAN_POINT ( 'NONE',  ( -10.43857099298051949, 3.000000000000000000, -11.87441862534524262 ) ) ;
#3390 = CARTESIAN_POINT ( 'NONE',  ( 16.95074314274644323, 5.000000000000000000, 33.52174097693607990 ) ) ;
#3391 = EDGE_CURVE ( 'NONE', #9710, #10324, #2984, .T. ) ;
#3392 = DIRECTION ( 'NONE',  ( 1.000000000000000000, -0.000000000000000000, 0.000000000000000000 ) ) ;
#3393 = AXIS2_PLACEMENT_3D ( 'NONE', #9497, #679, #7184 ) ;
#3394 = AXIS2_PLACEMENT_3D ( 'NONE', #8971, #13232, #5671 ) ;
#3395 = ORIENTED_EDGE ( 'NONE', *, *, #9632, .F. ) ;
#3396 = LINE ( 'NONE', #12158, #4587 ) ;
#3397 = ORIENTED_EDGE ( 'NONE', *, *, #6828, .F. ) ;
#3398 = VERTEX_POINT ( 'NONE', #10495 ) ;
#3399 = ORIENTED_EDGE ( 'NONE', *, *, #328, .F. ) ;
#3400 = CARTESIAN_POINT ( 'NONE',  ( -12.76825271724433364, 5.000000000000000000, -25.82667583754604834 ) ) ;
#3401 = CARTESIAN_POINT ( 'NONE',  ( 76.49999999999998579, 0.000000000000000000, 48.69999999999999574 ) ) ;
#3402 = PLANE ( 'NONE',  #3276 ) ;
#3403 = CIRCLE ( 'NONE', #9447, 2.540000001119351758 ) ;
#3404 = VECTOR ( 'NONE', #9495, 1000.000000000000000 ) ;
#3405 = DIRECTION ( 'NONE',  ( -0.000000000000000000, -1.000000000000000000, -0.000000000000000000 ) ) ;
#3406 = FACE_OUTER_BOUND ( 'NONE', #11999, .T. ) ;
#3407 = EDGE_CURVE ( 'NONE', #3449, #2687, #896, .T. ) ;
#3408 = LINE ( 'NONE', #5510, #8849 ) ;
#3409 = EDGE_CURVE ( 'NONE', #1975, #3176, #8254, .T. ) ;
#3410 = DIRECTION ( 'NONE',  ( -0.000000000000000000, -1.000000000000000000, -0.000000000000000000 ) ) ;
#3411 = PLANE ( 'NONE',  #972 ) ;
#3412 = DIRECTION ( 'NONE',  ( -0.6277521753278587635, 0.000000000000000000, -0.7784132619445415235 ) ) ;
#3413 = ORIENTED_EDGE ( 'NONE', *, *, #4489, .T. ) ;
#3414 = VECTOR ( 'NONE', #8262, 999.9999999999998863 ) ;
#3415 = LINE ( 'NONE', #9803, #11284 ) ;
#3416 = ORIENTED_EDGE ( 'NONE', *, *, #3542, .F. ) ;
#3417 = ORIENTED_EDGE ( 'NONE', *, *, #9084, .F. ) ;
#3418 = CARTESIAN_POINT ( 'NONE',  ( 25.03665291654233727, 3.000000000000000000, 24.41080621654272420 ) ) ;
#3419 = VERTEX_POINT ( 'NONE', #11676 ) ;
#3420 = VECTOR ( 'NONE', #2050, 1000.000000000000227 ) ;
#3421 = DIRECTION ( 'NONE',  ( 0.8314713530512023443, 0.000000000000000000, -0.5555676277962953158 ) ) ;
#3422 = CARTESIAN_POINT ( 'NONE',  ( -3.121441861021246655, 5.000000000000000000, -0.5997748858307169195 ) ) ;
#3423 = EDGE_LOOP ( 'NONE', ( #676, #12345, #7118, #7565 ) ) ;
#3424 = DIRECTION ( 'NONE',  ( -0.000000000000000000, -1.000000000000000000, -0.000000000000000000 ) ) ;
#3425 = VERTEX_POINT ( 'NONE', #9435 ) ;
#3426 = VECTOR ( 'NONE', #4084, 1000.000000000000114 ) ;
#3427 = EDGE_CURVE ( 'NONE', #11732, #11973, #11540, .T. ) ;
#3428 = CARTESIAN_POINT ( 'NONE',  ( -4.589937621240017781E-13, 3.000000000000000000, -43.00033533308694444 ) ) ;
#3429 = FACE_OUTER_BOUND ( 'NONE', #12200, .T. ) ;
#3430 = ADVANCED_FACE ( 'NONE', ( #13838 ), #4036, .T. ) ;
#3431 = DIRECTION ( 'NONE',  ( -0.8829586124968413774, 0.000000000000000000, -0.4694508372744184421 ) ) ;
#3432 = VERTEX_POINT ( 'NONE', #13562 ) ;
#3433 = CARTESIAN_POINT ( 'NONE',  ( -29.80370647707420773, 3.000000000000000000, 6.009765899963235292 ) ) ;
#3434 = ORIENTED_EDGE ( 'NONE', *, *, #3105, .F. ) ;
#3435 = CARTESIAN_POINT ( 'NONE',  ( 4.448416434693861277, 3.000000000000000000, 27.28225084361222130 ) ) ;
#3436 = VERTEX_POINT ( 'NONE', #7194 ) ;
#3437 = AXIS2_PLACEMENT_3D ( 'NONE', #13235, #1409, #500 ) ;
#3438 = CARTESIAN_POINT ( 'NONE',  ( 5.070459137921515591, 5.000000000000000000, 4.108854884201798896 ) ) ;
#3439 = LINE ( 'NONE', #5467, #13072 ) ;
#3440 = ORIENTED_EDGE ( 'NONE', *, *, #6559, .T. ) ;
#3441 = VERTEX_POINT ( 'NONE', #10421 ) ;
#3442 = CARTESIAN_POINT ( 'NONE',  ( 0.000000000000000000, 3.000000000000000000, 15.35652314401480112 ) ) ;
#3443 = CARTESIAN_POINT ( 'NONE',  ( -13.56208096088929516, 3.000000000000000000, -2.738061315530600393 ) ) ;
#3444 = EDGE_CURVE ( 'NONE', #8720, #809, #13767, .T. ) ;
#3445 = VECTOR ( 'NONE', #137, 1000.000000000000000 ) ;
#3446 = CARTESIAN_POINT ( 'NONE',  ( 0.6376673270572599250, 3.000000000000000000, 0.6679567183690814369 ) ) ;
#3447 = CARTESIAN_POINT ( 'NONE',  ( 0.000000000000000000, 3.000000000000000000, 20.23155835201480102 ) ) ;
#3448 = VECTOR ( 'NONE', #3992, 1000.000000000000000 ) ;
#3449 = VERTEX_POINT ( 'NONE', #4249 ) ;
#3450 = DIRECTION ( 'NONE',  ( -0.9270179315409917686, 0.000000000000000000, 0.3750170057496873821 ) ) ;
#3451 = ORIENTED_EDGE ( 'NONE', *, *, #12284, .T. ) ;
#3452 = PLANE ( 'NONE',  #13489 ) ;
#3453 = ORIENTED_EDGE ( 'NONE', *, *, #7327, .T. ) ;
#3454 = FACE_OUTER_BOUND ( 'NONE', #2529, .T. ) ;
#3455 = VERTEX_POINT ( 'NONE', #10349 ) ;
#3456 = DIRECTION ( 'NONE',  ( -0.4899443130649595579, 0.000000000000000000, -0.8717537324814302879 ) ) ;
#3457 = VERTEX_POINT ( 'NONE', #6070 ) ;
#3458 = VECTOR ( 'NONE', #3815, 1000.000000000000114 ) ;
#3459 = FACE_OUTER_BOUND ( 'NONE', #2463, .T. ) ;
#3460 = ORIENTED_EDGE ( 'NONE', *, *, #1893, .F. ) ;
#3461 = EDGE_CURVE ( 'NONE', #11325, #11954, #754, .T. ) ;
#3462 = VECTOR ( 'NONE', #7928, 1000.000000000000000 ) ;
#3463 = APPLICATION_CONTEXT ( 'configuration controlled 3d designs of mechanical parts and assemblies' ) ;
#3464 = CARTESIAN_POINT ( 'NONE',  ( 36.78429829406522344, 5.000000000000000000, 33.28004330095095042 ) ) ;
#3465 = EDGE_CURVE ( 'NONE', #11083, #7248, #7267, .T. ) ;
#3466 = EDGE_CURVE ( 'NONE', #13243, #2262, #12579, .T. ) ;
#3467 = DIRECTION ( 'NONE',  ( 0.5043302127971984739, 0.000000000000000000, -0.8635108780206143253 ) ) ;
#3468 = CARTESIAN_POINT ( 'NONE',  ( 49.70967820880836285, 5.000000000000000000, 19.92748072801479609 ) ) ;
#3469 = FACE_OUTER_BOUND ( 'NONE', #1552, .T. ) ;
#3470 = VECTOR ( 'NONE', #9157, 1000.000000000000114 ) ;
#3471 = ORIENTED_EDGE ( 'NONE', *, *, #8155, .F. ) ;
#3472 = CIRCLE ( 'NONE', #5023, 2.000000000000001776 ) ;
#3473 = DIRECTION ( 'NONE',  ( -0.3929344914093342300, 0.000000000000000000, 0.9195664660376039468 ) ) ;
#3474 = ORIENTED_EDGE ( 'NONE', *, *, #5628, .F. ) ;
#3475 = VERTEX_POINT ( 'NONE', #6485 ) ;
#3476 = ORIENTED_EDGE ( 'NONE', *, *, #12806, .T. ) ;
#3477 = PLANE ( 'NONE',  #3482 ) ;
#3478 = CARTESIAN_POINT ( 'NONE',  ( 3.826975366187873817, 3.000000000000000000, 25.10958960394145834 ) ) ;
#3479 = EDGE_CURVE ( 'NONE', #10305, #262, #5645, .T. ) ;
#3480 = VECTOR ( 'NONE', #2349, 1000.000000000000000 ) ;
#3481 = DIRECTION ( 'NONE',  ( 0.000000000000000000, -0.000000000000000000, 1.000000000000000000 ) ) ;
#3482 = AXIS2_PLACEMENT_3D ( 'NONE', #2431, #9790, #4462 ) ;
#3483 = DIRECTION ( 'NONE',  ( 0.000000000000000000, 0.000000000000000000, -1.000000000000000000 ) ) ;
#3484 = LINE ( 'NONE', #9587, #3833 ) ;
#3485 = DIRECTION ( 'NONE',  ( -0.5952142837632172778, 0.000000000000000000, -0.8035670204807064954 ) ) ;
#3486 = DATE_AND_TIME ( #6642, #12582 ) ;
#3487 = CARTESIAN_POINT ( 'NONE',  ( -40.12230976719163067, 5.000000000000000000, 26.55543496001479298 ) ) ;
#3488 = ORIENTED_EDGE ( 'NONE', *, *, #2344, .T. ) ;
#3489 = DIRECTION ( 'NONE',  ( 0.2877425631966570863, 0.000000000000000000, 0.9577077932882334110 ) ) ;
#3490 = ORIENTED_EDGE ( 'NONE', *, *, #813, .T. ) ;
#3491 = AXIS2_PLACEMENT_3D ( 'NONE', #8267, #2094, #9384 ) ;
#3492 = CARTESIAN_POINT ( 'NONE',  ( -1.092279314348618469, 5.000000000000000000, -2.610586530578613562 ) ) ;
#3493 = ORIENTED_EDGE ( 'NONE', *, *, #7040, .F. ) ;
#3494 = VECTOR ( 'NONE', #6615, 1000.000000000000000 ) ;
#3495 = CARTESIAN_POINT ( 'NONE',  ( 27.21998339380656518, 5.000000000000000000, 18.21453455374431130 ) ) ;
#3496 = PLANE ( 'NONE',  #10166 ) ;
#3497 = EDGE_CURVE ( 'NONE', #13411, #7706, #7553, .T. ) ;
#3498 = VERTEX_POINT ( 'NONE', #6701 ) ;
#3499 = EDGE_CURVE ( 'NONE', #12686, #7989, #9791, .T. ) ;
#3500 = CARTESIAN_POINT ( 'NONE',  ( 7.666216448808373940, 5.000000000000000000, -6.595957207985201798 ) ) ;
#3501 = EDGE_LOOP ( 'NONE', ( #7951, #7302, #13391, #1630 ) ) ;
#3502 = AXIS2_PLACEMENT_3D ( 'NONE', #2338, #1220, #12083 ) ;
#3503 = AXIS2_PLACEMENT_3D ( 'NONE', #3904, #627, #1743 ) ;
#3504 = CARTESIAN_POINT ( 'NONE',  ( -4.402502577700100339, 5.000000000000000000, 2.932961316521570883 ) ) ;
#3505 = CARTESIAN_POINT ( 'NONE',  ( -6.218455807191620721, 5.000000000000000000, 13.52342546401479773 ) ) ;
#3506 = FACE_OUTER_BOUND ( 'NONE', #8828, .T. ) ;
#3507 = CARTESIAN_POINT ( 'NONE',  ( -1.367263896786801602, 5.000000000000000000, 2.571595015642087034 ) ) ;
#3508 = ORIENTED_EDGE ( 'NONE', *, *, #1787, .T. ) ;
#3509 = LINE ( 'NONE', #6796, #10150 ) ;
#3510 = ORIENTED_EDGE ( 'NONE', *, *, #12624, .F. ) ;
#3511 = ORIENTED_EDGE ( 'NONE', *, *, #7258, .T. ) ;
#3512 = FACE_OUTER_BOUND ( 'NONE', #3628, .T. ) ;
#3513 = CARTESIAN_POINT ( 'NONE',  ( 13.04539390480837291, 5.000000000000000000, 29.12301326401479074 ) ) ;
#3514 = LINE ( 'NONE', #7864, #11052 ) ;
#3515 = VERTEX_POINT ( 'NONE', #265 ) ;
#3516 = EDGE_CURVE ( 'NONE', #6124, #6315, #10832, .T. ) ;
#3517 = AXIS2_PLACEMENT_3D ( 'NONE', #7713, #6655, #558 ) ;
#3518 = VECTOR ( 'NONE', #3522, 1000.000000000000114 ) ;
#3519 = ORIENTED_EDGE ( 'NONE', *, *, #11420, .T. ) ;
#3520 = FACE_OUTER_BOUND ( 'NONE', #13071, .T. ) ;
#3521 = CARTESIAN_POINT ( 'NONE',  ( 30.43386808546647160, 5.000000000000000000, -3.716941405690038280 ) ) ;
#3522 = DIRECTION ( 'NONE',  ( 0.3904133835278661979, 0.000000000000000000, -0.9206396634744362650 ) ) ;
#3523 = PLANE ( 'NONE',  #5193 ) ;
#3524 = DIRECTION ( 'NONE',  ( -0.9942031774718835813, 0.000000000000000000, -0.1075176353200278517 ) ) ;
#3525 = VERTEX_POINT ( 'NONE', #4463 ) ;
#3526 = VECTOR ( 'NONE', #3855, 1000.000000000000000 ) ;
#3527 = FACE_OUTER_BOUND ( 'NONE', #6386, .T. ) ;
#3528 = ORIENTED_EDGE ( 'NONE', *, *, #3563, .F. ) ;
#3529 = CARTESIAN_POINT ( 'NONE',  ( -27.67035092719162392, 3.000000000000000000, 17.13645557601479297 ) ) ;
#3530 = EDGE_LOOP ( 'NONE', ( #1255, #9150, #4582, #172 ) ) ;
#3531 = DIRECTION ( 'NONE',  ( 0.3826848932557274097, 0.000000000000000000, -0.9238789273892182852 ) ) ;
#3532 = EDGE_LOOP ( 'NONE', ( #7364, #6570, #6368, #11917 ) ) ;
#3533 = EDGE_CURVE ( 'NONE', #7419, #6315, #3323, .T. ) ;
#3534 = DIRECTION ( 'NONE',  ( 0.9968242903681796552, 0.000000000000000000, -0.07963249419662236928 ) ) ;
#3535 = EDGE_CURVE ( 'NONE', #9210, #1259, #8810, .T. ) ;
#3536 = EDGE_LOOP ( 'NONE', ( #1831, #1449, #7182, #13542 ) ) ;
#3537 = VECTOR ( 'NONE', #269, 1000.000000000000000 ) ;
#3538 = CARTESIAN_POINT ( 'NONE',  ( -46.54790201512244607, 3.000000000000000000, 33.47054655011517355 ) ) ;
#3539 = CARTESIAN_POINT ( 'NONE',  ( 1.711072476898105599, 5.000000000000000000, 0.1466768536696527181 ) ) ;
#3540 = PLANE ( 'NONE',  #11678 ) ;
#3541 = FACE_OUTER_BOUND ( 'NONE', #11175, .T. ) ;
#3542 = EDGE_CURVE ( 'NONE', #1788, #6628, #5430, .T. ) ;
#3543 = PLANE ( 'NONE',  #1232 ) ;
#3544 = ORIENTED_EDGE ( 'NONE', *, *, #1912, .F. ) ;
#3545 = ORIENTED_EDGE ( 'NONE', *, *, #3535, .T. ) ;
#3546 = ORIENTED_EDGE ( 'NONE', *, *, #2153, .T. ) ;
#3547 = EDGE_CURVE ( 'NONE', #4963, #593, #12999, .T. ) ;
#3548 = CARTESIAN_POINT ( 'NONE',  ( -1.719451991859131335, 5.000000000000000000, -1.268867807905585732 ) ) ;
#3549 = EDGE_CURVE ( 'NONE', #3311, #8892, #7765, .T. ) ;
#3550 = FACE_OUTER_BOUND ( 'NONE', #10342, .T. ) ;
#3551 = DIRECTION ( 'NONE',  ( 0.1950914675743609106, 0.000000000000000000, -0.9807850525368349004 ) ) ;
#3552 = DIRECTION ( 'NONE',  ( -0.000000000000000000, -1.000000000000000000, -0.000000000000000000 ) ) ;
#3553 = CARTESIAN_POINT ( 'NONE',  ( 44.44157596880837247, 5.000000000000000000, 24.32787121601479896 ) ) ;
#3554 = EDGE_CURVE ( 'NONE', #4121, #5725, #50, .T. ) ;
#3555 = AXIS2_PLACEMENT_3D ( 'NONE', #10701, #9715, #6558 ) ;
#3556 = DIRECTION ( 'NONE',  ( 0.2264934342386245303, 0.000000000000000000, -0.9740126920357834450 ) ) ;
#3557 = VERTEX_POINT ( 'NONE', #6633 ) ;
#3558 = LINE ( 'NONE', #7776, #7031 ) ;
#3559 = VERTEX_POINT ( 'NONE', #2216 ) ;
#3560 = PLANE ( 'NONE',  #10212 ) ;
#3561 = ORIENTED_EDGE ( 'NONE', *, *, #7122, .F. ) ;
#3562 = DIRECTION ( 'NONE',  ( -0.000000000000000000, -1.000000000000000000, -0.000000000000000000 ) ) ;
#3563 = EDGE_CURVE ( 'NONE', #10106, #9040, #8883, .T. ) ;
#3564 = DIRECTION ( 'NONE',  ( -0.8672230934154036008, 0.000000000000000000, -0.4979197789273067665 ) ) ;
#3565 = ORIENTED_EDGE ( 'NONE', *, *, #9967, .T. ) ;
#3566 = LINE ( 'NONE', #1331, #8439 ) ;
#3567 = ORIENTED_EDGE ( 'NONE', *, *, #2635, .F. ) ;
#3568 = PLANE ( 'NONE',  #4357 ) ;
#3569 = DIRECTION ( 'NONE',  ( -0.9966490741344997684, 0.000000000000000000, 0.08179622868350661102 ) ) ;
#3570 = CARTESIAN_POINT ( 'NONE',  ( 25.66482612080836390, 5.000000000000000000, -7.559139431985202329 ) ) ;
#3571 = DIRECTION ( 'NONE',  ( 0.7304253190171671184, 0.000000000000000000, -0.6829925719498488590 ) ) ;
#3572 = ADVANCED_FACE ( 'NONE', ( #1167 ), #6420, .T. ) ;
#3573 = ORIENTED_EDGE ( 'NONE', *, *, #7828, .F. ) ;
#3574 = ADVANCED_FACE ( 'NONE', ( #2432 ), #7617, .T. ) ;
#3575 = CARTESIAN_POINT ( 'NONE',  ( -42.10015188719164314, 5.000000000000000000, 31.84560776801480131 ) ) ;
#3576 = ORIENTED_EDGE ( 'NONE', *, *, #2230, .F. ) ;
#3577 = PLANE ( 'NONE',  #11944 ) ;
#3578 = ORIENTED_EDGE ( 'NONE', *, *, #6508, .T. ) ;
#3579 = VERTEX_POINT ( 'NONE', #4531 ) ;
#3580 = PLANE ( 'NONE',  #6397 ) ;
#3581 = CARTESIAN_POINT ( 'NONE',  ( -19.13657068719162169, 5.000000000000000000, 21.35884591201479310 ) ) ;
#3582 = DIRECTION ( 'NONE',  ( -0.09436572921872461717, 0.000000000000000000, -0.9955375980589675766 ) ) ;
#3583 = ORIENTED_EDGE ( 'NONE', *, *, #4954, .F. ) ;
#3584 = ORIENTED_EDGE ( 'NONE', *, *, #13457, .F. ) ;
#3585 = LINE ( 'NONE', #12072, #3962 ) ;
#3586 = FACE_OUTER_BOUND ( 'NONE', #7885, .T. ) ;
#3587 = CARTESIAN_POINT ( 'NONE',  ( 18.27311201509036920, 3.000000000000000000, 7.749033386712466331 ) ) ;
#3588 = CARTESIAN_POINT ( 'NONE',  ( -76.50000000000001421, 3.000000000000000000, -3.300000000000005151 ) ) ;
#3589 = EDGE_CURVE ( 'NONE', #12467, #8206, #8672, .T. ) ;
#3590 = EDGE_CURVE ( 'NONE', #948, #4457, #1103, .T. ) ;
#3591 = CARTESIAN_POINT ( 'NONE',  ( 18.27311201509036920, 5.000000000000000000, 7.749033386712466331 ) ) ;
#3592 = ORIENTED_EDGE ( 'NONE', *, *, #2878, .F. ) ;
#3593 = CARTESIAN_POINT ( 'NONE',  ( -13.74609012345874071, 5.000000000000000000, -9.603181923691836985 ) ) ;
#3594 = ORIENTED_EDGE ( 'NONE', *, *, #4839, .F. ) ;
#3595 = CARTESIAN_POINT ( 'NONE',  ( 1.917952699917324422, 5.000000000000000000, -8.247966563461638145 ) ) ;
#3596 = VERTEX_POINT ( 'NONE', #8597 ) ;
#3597 = CARTESIAN_POINT ( 'NONE',  ( 19.59994213680836594, 5.000000000000000000, 31.40910572001478940 ) ) ;
#3598 = VERTEX_POINT ( 'NONE', #1315 ) ;
#3599 = DIRECTION ( 'NONE',  ( -0.9377558891340873615, 0.000000000000000000, 0.3472951085090851264 ) ) ;
#3600 = EDGE_LOOP ( 'NONE', ( #13087, #3881, #4088, #5386 ) ) ;
#3601 = PLANE ( 'NONE',  #6972 ) ;
#3602 = DIRECTION ( 'NONE',  ( 0.8635108780206144363, -0.000000000000000000, 0.5043302127971985849 ) ) ;
#3603 = CARTESIAN_POINT ( 'NONE',  ( -6.180157687191625726, 5.000000000000000000, 22.49355332001479724 ) ) ;
#3604 = DIRECTION ( 'NONE',  ( 0.3826787200924630095, -0.000000000000000000, 0.9238814843844390667 ) ) ;
#3605 = EDGE_CURVE ( 'NONE', #1073, #10088, #12857, .T. ) ;
#3606 = ADVANCED_FACE ( 'NONE', ( #3333 ), #1242, .T. ) ;
#3607 = AXIS2_PLACEMENT_3D ( 'NONE', #7886, #11035, #2558 ) ;
#3608 = CARTESIAN_POINT ( 'NONE',  ( -12.03909237519162900, 3.000000000000000000, 13.67547900801479521 ) ) ;
#3609 = ORIENTED_EDGE ( 'NONE', *, *, #3955, .T. ) ;
#3610 = ORIENTED_EDGE ( 'NONE', *, *, #7378, .T. ) ;
#3611 = ORIENTED_EDGE ( 'NONE', *, *, #13330, .T. ) ;
#3612 = LINE ( 'NONE', #9153, #658 ) ;
#3613 = AXIS2_PLACEMENT_3D ( 'NONE', #6692, #1369, #4668 ) ;
#3615 = CARTESIAN_POINT ( 'NONE',  ( 0.000000000000000000, 5.000000000000000000, 20.23155835201480102 ) ) ;
#3614 = AXIS2_PLACEMENT_3D ( 'NONE', #5438, #272, #5840 ) ;
#3616 = DIRECTION ( 'NONE',  ( 0.9959703591651423160, 0.000000000000000000, -0.08968301770378568627 ) ) ;
#3617 = CARTESIAN_POINT ( 'NONE',  ( 14.82303220880837102, 5.000000000000000000, 30.80978662401479440 ) ) ;
#3618 = EDGE_CURVE ( 'NONE', #2897, #451, #612, .T. ) ;
#3619 = ORIENTED_EDGE ( 'NONE', *, *, #6142, .T. ) ;
#3620 = DIRECTION ( 'NONE',  ( 0.5561341862445449147, 0.000000000000000000, -0.8310925140380689413 ) ) ;
#3621 = EDGE_LOOP ( 'NONE', ( #252, #9504, #8669, #13394 ) ) ;
#3622 = CARTESIAN_POINT ( 'NONE',  ( 27.19210037549588677, 5.000000000000000000, 32.62060386742049189 ) ) ;
#3623 = ORIENTED_EDGE ( 'NONE', *, *, #5263, .T. ) ;
#3624 = AXIS2_PLACEMENT_3D ( 'NONE', #463, #4725, #5838 ) ;
#3625 = DIRECTION ( 'NONE',  ( -0.1619471572864612796, 0.000000000000000000, 0.9867994316206482042 ) ) ;
#3626 = VECTOR ( 'NONE', #4696, 1000.000000000000000 ) ;
#3627 = CARTESIAN_POINT ( 'NONE',  ( -10.00206622319163507, 3.000000000000000000, 30.93092125601479125 ) ) ;
#3628 = EDGE_LOOP ( 'NONE', ( #2755, #13165, #9853, #119 ) ) ;
#3629 = CARTESIAN_POINT ( 'NONE',  ( -32.57209409182055282, 5.000000000000000000, 26.26779876545939274 ) ) ;
#3630 = ADVANCED_FACE ( 'NONE', ( #2571 ), #5716, .T. ) ;
#3631 = PRODUCT ( 'housing_cover', 'housing_cover', '', ( #11409 ) ) ;
#3632 = FACE_OUTER_BOUND ( 'NONE', #1524, .T. ) ;
#3633 = EDGE_CURVE ( 'NONE', #11156, #13347, #4805, .T. ) ;
#3634 = VECTOR ( 'NONE', #8016, 1000.000000000000114 ) ;
#3635 = LINE ( 'NONE', #2310, #2142 ) ;
#3636 = EDGE_CURVE ( 'NONE', #12192, #2129, #3612, .T. ) ;
#3637 = LINE ( 'NONE', #5743, #11476 ) ;
#3638 = DIRECTION ( 'NONE',  ( -0.1327459462044933147, 0.000000000000000000, -0.9911500964870425534 ) ) ;
#3639 = ORIENTED_EDGE ( 'NONE', *, *, #8675, .F. ) ;
#3640 = CARTESIAN_POINT ( 'NONE',  ( -76.50000000000001421, 0.000000000000000000, -6.700000000000003730 ) ) ;
#3641 = EDGE_LOOP ( 'NONE', ( #13551, #3995, #4862, #297 ) ) ;
#3642 = AXIS2_PLACEMENT_3D ( 'NONE', #13171, #2723, #13429 ) ;
#3643 = LINE ( 'NONE', #12191, #5219 ) ;
#3644 = ORIENTED_EDGE ( 'NONE', *, *, #1378, .F. ) ;
#3645 = LINE ( 'NONE', #2530, #11103 ) ;
#3646 = CARTESIAN_POINT ( 'NONE',  ( 21.43349396880838142, 5.000000000000000000, 23.51454188001479650 ) ) ;
#3647 = CARTESIAN_POINT ( 'NONE',  ( 53.02727380880837416, 5.000000000000000000, 32.03596146401479672 ) ) ;
#3648 = ORIENTED_EDGE ( 'NONE', *, *, #2362, .F. ) ;
#3649 = VECTOR ( 'NONE', #2879, 1000.000000000000000 ) ;
#3650 = ORIENTED_EDGE ( 'NONE', *, *, #9678, .T. ) ;
#3651 = EDGE_CURVE ( 'NONE', #9533, #11279, #409, .T. ) ;
#3652 = DIRECTION ( 'NONE',  ( 1.000000000000000000, -0.000000000000000000, 0.000000000000000000 ) ) ;
#3653 = CARTESIAN_POINT ( 'NONE',  ( -6.370511383191637123, 5.000000000000000000, 13.15633247201479250 ) ) ;
#3654 = CARTESIAN_POINT ( 'NONE',  ( 76.49999999999998579, 3.000000000000000000, 48.69999999999999574 ) ) ;
#3655 = CARTESIAN_POINT ( 'NONE',  ( 27.27220612180396486, 5.000000000000000000, 11.16424299461698055 ) ) ;
#3656 = DIRECTION ( 'NONE',  ( -0.2744305430583381389, 0.000000000000000000, 0.9616069243909933784 ) ) ;
#3657 = VERTEX_POINT ( 'NONE', #11119 ) ;
#3658 = VECTOR ( 'NONE', #1144, 1000.000000000000000 ) ;
#3659 = LINE ( 'NONE', #12008, #13283 ) ;
#3660 = ORIENTED_EDGE ( 'NONE', *, *, #11277, .T. ) ;
#3661 = ORIENTED_EDGE ( 'NONE', *, *, #5566, .T. ) ;
#3662 = CARTESIAN_POINT ( 'NONE',  ( -0.6432302484134458931, 3.000000000000000000, -31.82107295075226006 ) ) ;
#3663 = ORIENTED_EDGE ( 'NONE', *, *, #4677, .F. ) ;
#3664 = LINE ( 'NONE', #11101, #6408 ) ;
#3665 = ORIENTED_EDGE ( 'NONE', *, *, #8179, .F. ) ;
#3666 = ORIENTED_EDGE ( 'NONE', *, *, #8233, .F. ) ;
#3667 = DIRECTION ( 'NONE',  ( -0.8310925140380690523, 0.000000000000000000, -0.5561341862445449147 ) ) ;
#3668 = VERTEX_POINT ( 'NONE', #5850 ) ;
#3669 = ADVANCED_FACE ( 'NONE', ( #10133 ), #2772, .T. ) ;
#3670 = EDGE_CURVE ( 'NONE', #3770, #7877, #3762, .T. ) ;
#3671 = VECTOR ( 'NONE', #11094, 1000.000000000000000 ) ;
#3672 = CARTESIAN_POINT ( 'NONE',  ( 5.371392843576383136, 3.000000000000000000, 12.41017483809493349 ) ) ;
#3673 = VECTOR ( 'NONE', #13164, 1000.000000000000000 ) ;
#3674 = VECTOR ( 'NONE', #363, 1000.000000000000000 ) ;
#3675 = FACE_OUTER_BOUND ( 'NONE', #959, .T. ) ;
#3676 = LINE ( 'NONE', #2694, #4737 ) ;
#3677 = FACE_OUTER_BOUND ( 'NONE', #13146, .T. ) ;
#3678 = FACE_OUTER_BOUND ( 'NONE', #9786, .T. ) ;
#3679 = CARTESIAN_POINT ( 'NONE',  ( 5.538858592943390668, 5.000000000000000000, -7.287992851975891639 ) ) ;
#3680 = VECTOR ( 'NONE', #3826, 1000.000000000000000 ) ;
#3681 = DIRECTION ( 'NONE',  ( 0.000000000000000000, 0.000000000000000000, 1.000000000000000000 ) ) ;
#3682 = EDGE_LOOP ( 'NONE', ( #9095, #3880, #11596, #13037, #10180, #12748, #4168 ) ) ;
#3683 = VERTEX_POINT ( 'NONE', #11255 ) ;
#3684 = VECTOR ( 'NONE', #13748, 1000.000000000000000 ) ;
#3685 = VERTEX_POINT ( 'NONE', #13349 ) ;
#3686 = DIRECTION ( 'NONE',  ( 1.000000000000000000, 0.000000000000000000, 0.000000000000000000 ) ) ;
#3687 = EDGE_CURVE ( 'NONE', #7281, #1987, #13412, .T. ) ;
#3688 = EDGE_CURVE ( 'NONE', #13020, #5725, #8107, .T. ) ;
#3689 = AXIS2_PLACEMENT_3D ( 'NONE', #2455, #7992, #12260 ) ;
#3690 = DIRECTION ( 'NONE',  ( 0.5681063008746252141, 0.000000000000000000, 0.8229551815904374568 ) ) ;
#3691 = DIRECTION ( 'NONE',  ( 0.000000000000000000, 0.000000000000000000, 1.000000000000000000 ) ) ;
#3692 = VECTOR ( 'NONE', #9227, 1000.000000000000114 ) ;
#3693 = CARTESIAN_POINT ( 'NONE',  ( 0.000000000000000000, 3.000000000000000000, 32.03596146401479672 ) ) ;
#3694 = PLANE ( 'NONE',  #1446 ) ;
#3695 = ORIENTED_EDGE ( 'NONE', *, *, #9783, .F. ) ;
#3696 = LINE ( 'NONE', #1463, #7766 ) ;
#3697 = VERTEX_POINT ( 'NONE', #1527 ) ;
#3698 = VECTOR ( 'NONE', #5144, 1000.000000000000000 ) ;
#3699 = CARTESIAN_POINT ( 'NONE',  ( 20.56084039280836961, 5.000000000000000000, 26.11769034401479317 ) ) ;
#3700 = LINE ( 'NONE', #4820, #6040 ) ;
#3701 = VECTOR ( 'NONE', #12034, 1000.000000000000114 ) ;
#3702 = ORIENTED_EDGE ( 'NONE', *, *, #7400, .T. ) ;
#3703 = ADVANCED_FACE ( 'NONE', ( #11190 ), #4935, .T. ) ;
#3704 = LINE ( 'NONE', #1601, #1282 ) ;
#3705 = EDGE_CURVE ( 'NONE', #8775, #11919, #473, .T. ) ;
#3706 = PLANE ( 'NONE',  #3689 ) ;
#3707 = VECTOR ( 'NONE', #4669, 1000.000000000000114 ) ;
#3708 = LINE ( 'NONE', #8059, #5496 ) ;
#3709 = DIRECTION ( 'NONE',  ( -0.000000000000000000, -1.000000000000000000, -0.000000000000000000 ) ) ;
#3710 = DIRECTION ( 'NONE',  ( 0.8042750342726747714, -0.000000000000000000, 0.5942572416434551696 ) ) ;
#3711 = VECTOR ( 'NONE', #6016, 1000.000000000000114 ) ;
#3712 = CARTESIAN_POINT ( 'NONE',  ( 7.342376608808366178, 5.000000000000000000, 13.67547900801479521 ) ) ;
#3713 = VERTEX_POINT ( 'NONE', #7972 ) ;
#3714 = DIRECTION ( 'NONE',  ( -0.000000000000000000, 1.000000000000000000, -0.000000000000000000 ) ) ;
#3715 = VECTOR ( 'NONE', #3908, 1000.000000000000114 ) ;
#3716 = ORIENTED_EDGE ( 'NONE', *, *, #3229, .T. ) ;
#3717 = EDGE_CURVE ( 'NONE', #5317, #9652, #4675, .T. ) ;
#3718 = ORIENTED_EDGE ( 'NONE', *, *, #2356, .T. ) ;
#3719 = DIRECTION ( 'NONE',  ( 0.9579094897302741218, 0.000000000000000000, 0.2870703911668456842 ) ) ;
#3720 = EDGE_LOOP ( 'NONE', ( #7625, #9523, #234, #1327 ) ) ;
#3721 = CARTESIAN_POINT ( 'NONE',  ( 26.01434332880836919, 3.000000000000000000, 21.98429449601479391 ) ) ;
#3722 = CARTESIAN_POINT ( 'NONE',  ( 8.634483653915644652, 5.000000000000000000, -4.385954962759712750 ) ) ;
#3723 = VERTEX_POINT ( 'NONE', #2644 ) ;
#3724 = EDGE_CURVE ( 'NONE', #5277, #12785, #8042, .T. ) ;
#3725 = EDGE_CURVE ( 'NONE', #3498, #12127, #1587, .T. ) ;
#3726 = ORIENTED_EDGE ( 'NONE', *, *, #9844, .F. ) ;
#3727 = VECTOR ( 'NONE', #9693, 1000.000000000000000 ) ;
#3728 = VECTOR ( 'NONE', #1891, 1000.000000000000000 ) ;
#3729 = DIRECTION ( 'NONE',  ( -0.000000000000000000, -1.000000000000000000, -0.000000000000000000 ) ) ;
#3730 = DIRECTION ( 'NONE',  ( 0.7164018381303216554, 0.000000000000000000, 0.6976879003705713789 ) ) ;
#3731 = PLANE ( 'NONE',  #4859 ) ;
#3732 = LINE ( 'NONE', #4575, #13677 ) ;
#3733 = DIRECTION ( 'NONE',  ( -0.07139984160443874073, 0.000000000000000000, -0.9974477743816270170 ) ) ;
#3734 = ORIENTED_EDGE ( 'NONE', *, *, #2080, .F. ) ;
#3735 = CARTESIAN_POINT ( 'NONE',  ( 42.26720812400313321, 3.000000000000000000, -3.323665488039508897 ) ) ;
#3736 = ADVANCED_FACE ( 'NONE', ( #3550 ), #6917, .F. ) ;
#3737 = VECTOR ( 'NONE', #6245, 1000.000000000000000 ) ;
#3738 = VERTEX_POINT ( 'NONE', #2496 ) ;
#3739 = LINE ( 'NONE', #4916, #9983 ) ;
#3740 = EDGE_LOOP ( 'NONE', ( #856, #11055, #6825, #4106 ) ) ;
#3741 = VECTOR ( 'NONE', #13488, 1000.000000000000000 ) ;
#3742 = FACE_OUTER_BOUND ( 'NONE', #11578, .T. ) ;
#3743 = EDGE_LOOP ( 'NONE', ( #11693, #7306 ) ) ;
#3744 = VECTOR ( 'NONE', #11379, 999.9999999999998863 ) ;
#3745 = ORIENTED_EDGE ( 'NONE', *, *, #9021, .F. ) ;
#3746 = EDGE_CURVE ( 'NONE', #8824, #2930, #6768, .T. ) ;
#3747 = VERTEX_POINT ( 'NONE', #3960 ) ;
#3748 = LINE ( 'NONE', #7032, #4193 ) ;
#3749 = VECTOR ( 'NONE', #9403, 1000.000000000000000 ) ;
#3750 = LINE ( 'NONE', #1778, #5095 ) ;
#3751 = DIRECTION ( 'NONE',  ( 0.06637766628597294161, -0.000000000000000000, 0.9977945707501258976 ) ) ;
#3752 = LINE ( 'NONE', #5782, #3926 ) ;
#3753 = PLANE ( 'NONE',  #5631 ) ;
#3754 = PLANE ( 'NONE',  #2085 ) ;
#3755 = EDGE_CURVE ( 'NONE', #5108, #4018, #9418, .T. ) ;
#3756 = EDGE_CURVE ( 'NONE', #13833, #11672, #1790, .T. ) ;
#3757 = PLANE ( 'NONE',  #8379 ) ;
#3758 = VERTEX_POINT ( 'NONE', #13673 ) ;
#3759 = ORIENTED_EDGE ( 'NONE', *, *, #12027, .F. ) ;
#3760 = VERTEX_POINT ( 'NONE', #882 ) ;
#3761 = VECTOR ( 'NONE', #127, 1000.000000000000000 ) ;
#3762 = LINE ( 'NONE', #8951, #4891 ) ;
#3763 = CARTESIAN_POINT ( 'NONE',  ( -11.13019366857498404, 3.000000000000000000, -19.85094799644551244 ) ) ;
#3764 = CARTESIAN_POINT ( 'NONE',  ( 81.99999999999998579, 3.000000000000000000, -51.00000000000000711 ) ) ;
#3765 = DIRECTION ( 'NONE',  ( -0.000000000000000000, -1.000000000000000000, -0.000000000000000000 ) ) ;
#3766 = EDGE_CURVE ( 'NONE', #4766, #5728, #2841, .T. ) ;
#3767 = CARTESIAN_POINT ( 'NONE',  ( -14.50132976719160993, 3.000000000000000000, 31.43523520801481297 ) ) ;
#3768 = ORIENTED_EDGE ( 'NONE', *, *, #7009, .F. ) ;
#3769 = LINE ( 'NONE', #6067, #1491 ) ;
#3770 = VERTEX_POINT ( 'NONE', #1928 ) ;
#3771 = LINE ( 'NONE', #3830, #4138 ) ;
#3772 = LINE ( 'NONE', #11472, #13635 ) ;
#3773 = CARTESIAN_POINT ( 'NONE',  ( -10.43857099298051949, 5.000000000000000000, -11.87441862534524262 ) ) ;
#3774 = PLANE ( 'NONE',  #1004 ) ;
#3775 = DIRECTION ( 'NONE',  ( -0.000000000000000000, -1.000000000000000000, -0.000000000000000000 ) ) ;
#3776 = PLANE ( 'NONE',  #8341 ) ;
#3777 = CARTESIAN_POINT ( 'NONE',  ( -34.18104609495201629, 3.000000000000000000, -5.078389367770445695 ) ) ;
#3778 = LINE ( 'NONE', #9239, #7672 ) ;
#3779 = ORIENTED_EDGE ( 'NONE', *, *, #12268, .F. ) ;
#3780 = ADVANCED_FACE ( 'NONE', ( #5076 ), #8173, .T. ) ;
#3781 = PLANE ( 'NONE',  #8148 ) ;
#3782 = EDGE_CURVE ( 'NONE', #529, #2887, #12437, .T. ) ;
#3783 = VERTEX_POINT ( 'NONE', #7181 ) ;
#3784 = LINE ( 'NONE', #1554, #9992 ) ;
#3785 = CARTESIAN_POINT ( 'NONE',  ( -34.76964751677159882, 3.000000000000000000, 10.44651361097268172 ) ) ;
#3786 = CARTESIAN_POINT ( 'NONE',  ( 6.117407319725599812, 5.000000000000000000, -14.62082174508852717 ) ) ;
#3787 = VECTOR ( 'NONE', #5361, 1000.000000000000000 ) ;
#3788 = ORIENTED_EDGE ( 'NONE', *, *, #7610, .T. ) ;
#3789 = ORIENTED_EDGE ( 'NONE', *, *, #3835, .T. ) ;
#3790 = DIRECTION ( 'NONE',  ( 1.000000000000000000, 0.000000000000000000, 0.000000000000000000 ) ) ;
#3791 = CARTESIAN_POINT ( 'NONE',  ( 23.64318323390569176, 3.000000000000000000, -9.760141438357754495 ) ) ;
#3792 = FACE_BOUND ( 'NONE', #3132, .T. ) ;
#3793 = LINE ( 'NONE', #1766, #62 ) ;
#3794 = LINE ( 'NONE', #10177, #1395 ) ;
#3795 = EDGE_LOOP ( 'NONE', ( #2925, #8734, #13728, #9378 ) ) ;
#3796 = ADVANCED_FACE ( 'NONE', ( #1995 ), #3107, .T. ) ;
#3797 = LINE ( 'NONE', #1901, #7698 ) ;
#3798 = ORIENTED_EDGE ( 'NONE', *, *, #5037, .F. ) ;
#3799 = CARTESIAN_POINT ( 'NONE',  ( 4.046923322466862594, 3.000000000000000000, 4.453219643477475564 ) ) ;
#3800 = VERTEX_POINT ( 'NONE', #1856 ) ;
#3801 = CARTESIAN_POINT ( 'NONE',  ( 53.02727380880837416, 5.000000000000000000, 32.03596146401479672 ) ) ;
#3802 = ORIENTED_EDGE ( 'NONE', *, *, #167, .T. ) ;
#3803 = VERTEX_POINT ( 'NONE', #10404 ) ;
#3804 = ORIENTED_EDGE ( 'NONE', *, *, #10828, .T. ) ;
#3805 = EDGE_CURVE ( 'NONE', #1775, #8708, #10478, .T. ) ;
#3806 = CARTESIAN_POINT ( 'NONE',  ( -26.97815520719163018, 5.000000000000000000, 12.62482528001480198 ) ) ;
#3807 = LINE ( 'NONE', #7034, #5070 ) ;
#3808 = LINE ( 'NONE', #11441, #11026 ) ;
#3809 = DIRECTION ( 'NONE',  ( -0.9041311938695197892, 0.000000000000000000, 0.4272549406058130383 ) ) ;
#3810 = CARTESIAN_POINT ( 'NONE',  ( 43.44528636880837524, 5.000000000000000000, 20.04613835201479688 ) ) ;
#3811 = ADVANCED_FACE ( 'NONE', ( #9356 ), #7120, .T. ) ;
#3812 = DIRECTION ( 'NONE',  ( -0.000000000000000000, -1.000000000000000000, -0.000000000000000000 ) ) ;
#3813 = EDGE_CURVE ( 'NONE', #11909, #1003, #13607, .T. ) ;
#3814 = ORIENTED_EDGE ( 'NONE', *, *, #13278, .F. ) ;
#3815 = DIRECTION ( 'NONE',  ( 0.9955375980589674656, 0.000000000000000000, -0.09436572921872460329 ) ) ;
#3816 = ORIENTED_EDGE ( 'NONE', *, *, #13643, .T. ) ;
#3817 = ORIENTED_EDGE ( 'NONE', *, *, #13603, .T. ) ;
#3818 = ORIENTED_EDGE ( 'NONE', *, *, #11876, .T. ) ;
#3819 = CARTESIAN_POINT ( 'NONE',  ( 8.702048768808374746, 5.000000000000000000, 0.000000000000000000 ) ) ;
#3820 = ADVANCED_FACE ( 'NONE', ( #4023 ), #11661, .T. ) ;
#3821 = PLANE ( 'NONE',  #6209 ) ;
#3822 = LINE ( 'NONE', #8953, #4730 ) ;
#3823 = DIRECTION ( 'NONE',  ( -1.000000000000000000, 0.000000000000000000, 0.000000000000000000 ) ) ;
#3824 = VECTOR ( 'NONE', #2136, 1000.000000000000000 ) ;
#3825 = ORIENTED_EDGE ( 'NONE', *, *, #1168, .F. ) ;
#3826 = DIRECTION ( 'NONE',  ( -0.000000000000000000, -1.000000000000000000, -0.000000000000000000 ) ) ;
#3827 = VERTEX_POINT ( 'NONE', #12708 ) ;
#3828 = CARTESIAN_POINT ( 'NONE',  ( 25.02796988880837148, 3.000000000000000000, -6.405603511985207277 ) ) ;
#3829 = VERTEX_POINT ( 'NONE', #4169 ) ;
#3830 = CARTESIAN_POINT ( 'NONE',  ( 45.67764156880837589, 3.000000000000000000, -0.000000000000000000 ) ) ;
#3831 = LINE ( 'NONE', #4752, #10966 ) ;
#3832 = LINE ( 'NONE', #11204, #9550 ) ;
#3833 = VECTOR ( 'NONE', #10766, 1000.000000000000000 ) ;
#3834 = VECTOR ( 'NONE', #6188, 1000.000000000000000 ) ;
#3835 = EDGE_CURVE ( 'NONE', #568, #2556, #2062, .T. ) ;
#3836 = EDGE_CURVE ( 'NONE', #4001, #10901, #1022, .T. ) ;
#3837 = CARTESIAN_POINT ( 'NONE',  ( 7.593915941565462013, 3.000000000000000000, 15.09742551459751603 ) ) ;
#3838 = DIRECTION ( 'NONE',  ( -0.000000000000000000, -1.000000000000000000, -0.000000000000000000 ) ) ;
#3839 = DIRECTION ( 'NONE',  ( 0.9003997897255637817, 0.000000000000000000, -0.4350634650969448236 ) ) ;
#3840 = LINE ( 'NONE', #1475, #1878 ) ;
#3841 = PLANE ( 'NONE',  #10573 ) ;
#3842 = ORIENTED_EDGE ( 'NONE', *, *, #3782, .T. ) ;
#3843 = VECTOR ( 'NONE', #11875, 1000.000000000000000 ) ;
#3844 = FACE_OUTER_BOUND ( 'NONE', #1339, .T. ) ;
#3845 = CIRCLE ( 'NONE', #13670, 0.8890000000004241176 ) ;
#3846 = EDGE_LOOP ( 'NONE', ( #7858, #3644, #2710, #6132 ) ) ;
#3847 = ORIENTED_EDGE ( 'NONE', *, *, #7272, .F. ) ;
#3848 = DIRECTION ( 'NONE',  ( 0.000000000000000000, 0.000000000000000000, -1.000000000000000000 ) ) ;
#3849 = CARTESIAN_POINT ( 'NONE',  ( -14.59668488270627940, 5.000000000000000000, 10.81198595305716736 ) ) ;
#3850 = CARTESIAN_POINT ( 'NONE',  ( 23.09221198781117224, 3.000000000000000000, -9.532582167724559241 ) ) ;
#3851 = ORIENTED_EDGE ( 'NONE', *, *, #3288, .T. ) ;
#3852 = VERTEX_POINT ( 'NONE', #13471 ) ;
#3853 = EDGE_CURVE ( 'NONE', #5786, #6947, #3885, .T. ) ;
#3854 = AXIS2_PLACEMENT_3D ( 'NONE', #4155, #8569, #2253 ) ;
#3855 = DIRECTION ( 'NONE',  ( -0.000000000000000000, -1.000000000000000000, -0.000000000000000000 ) ) ;
#3856 = EDGE_CURVE ( 'NONE', #1047, #6395, #739, .T. ) ;
#3857 = PLANE ( 'NONE',  #42 ) ;
#3858 = DIRECTION ( 'NONE',  ( -0.9985679609952021751, 0.000000000000000000, 0.05349791840702060319 ) ) ;
#3859 = CARTESIAN_POINT ( 'NONE',  ( -40.05817578319162919, 5.000000000000000000, 15.35652416001479637 ) ) ;
#3860 = CARTESIAN_POINT ( 'NONE',  ( -0.7860838043862209412, 5.000000000000000000, -0.3256080292053943892 ) ) ;
#3861 = ORIENTED_EDGE ( 'NONE', *, *, #1634, .F. ) ;
#3862 = CARTESIAN_POINT ( 'NONE',  ( -8.137960223191631925, 3.000000000000000000, 21.72616852001479870 ) ) ;
#3863 = ORIENTED_EDGE ( 'NONE', *, *, #6200, .F. ) ;
#3864 = CARTESIAN_POINT ( 'NONE',  ( -82.00000000000001421, 0.000000000000000000, -53.00000000000000711 ) ) ;
#3865 = AXIS2_PLACEMENT_3D ( 'NONE', #10500, #7349, #1044 ) ;
#3866 = ORIENTED_EDGE ( 'NONE', *, *, #6258, .T. ) ;
#3867 = FACE_OUTER_BOUND ( 'NONE', #7005, .T. ) ;
#3868 = ORIENTED_EDGE ( 'NONE', *, *, #12092, .F. ) ;
#3869 = EDGE_LOOP ( 'NONE', ( #9687, #7223, #6749, #805 ) ) ;
#3870 = EDGE_CURVE ( 'NONE', #6361, #11197, #5002, .T. ) ;
#3871 = DIRECTION ( 'NONE',  ( -0.000000000000000000, -1.000000000000000000, -0.000000000000000000 ) ) ;
#3872 = AXIS2_PLACEMENT_3D ( 'NONE', #12764, #4507, #2333 ) ;
#3873 = CARTESIAN_POINT ( 'NONE',  ( 52.96622909670956147, 5.000000000000000000, -0.1006114812452373053 ) ) ;
#3874 = DIRECTION ( 'NONE',  ( 0.9820357469730577327, 0.000000000000000000, 0.1886949699039924266 ) ) ;
#3875 = CARTESIAN_POINT ( 'NONE',  ( -27.67035092719162392, 3.000000000000000000, 20.22908540801479660 ) ) ;
#3876 = DIRECTION ( 'NONE',  ( 0.000000000000000000, 1.000000000000000000, 0.000000000000000000 ) ) ;
#3877 = LINE ( 'NONE', #7317, #7915 ) ;
#3878 = VERTEX_POINT ( 'NONE', #2132 ) ;
#3879 = CARTESIAN_POINT ( 'NONE',  ( -28.90641449519162975, 5.000000000000000000, 0.000000000000000000 ) ) ;
#3880 = ORIENTED_EDGE ( 'NONE', *, *, #13675, .F. ) ;
#3881 = ORIENTED_EDGE ( 'NONE', *, *, #7089, .F. ) ;
#3882 = EDGE_CURVE ( 'NONE', #3852, #6914, #4234, .T. ) ;
#3883 = VERTEX_POINT ( 'NONE', #7604 ) ;
#3884 = AXIS2_PLACEMENT_3D ( 'NONE', #7022, #9130, #10248 ) ;
#3885 = LINE ( 'NONE', #8303, #5957 ) ;
#3886 = VECTOR ( 'NONE', #11489, 1000.000000000000114 ) ;
#3887 = EDGE_CURVE ( 'NONE', #8749, #13032, #11807, .T. ) ;
#3888 = EDGE_CURVE ( 'NONE', #1065, #3883, #8512, .T. ) ;
#3889 = CARTESIAN_POINT ( 'NONE',  ( 26.00692652880836064, 5.000000000000000000, 0.000000000000000000 ) ) ;
#3890 = CARTESIAN_POINT ( 'NONE',  ( 11.13019367575657270, 5.000000000000000000, -19.85094799644561903 ) ) ;
#3891 = FACE_OUTER_BOUND ( 'NONE', #5347, .T. ) ;
#3892 = VECTOR ( 'NONE', #10142, 1000.000000000000000 ) ;
#3893 = VERTEX_POINT ( 'NONE', #12773 ) ;
#3894 = VECTOR ( 'NONE', #3921, 1000.000000000000114 ) ;
#3895 = LINE ( 'NONE', #6208, #105 ) ;
#3896 = EDGE_LOOP ( 'NONE', ( #2912, #4612, #8847, #8631 ) ) ;
#3897 = ORIENTED_EDGE ( 'NONE', *, *, #7210, .F. ) ;
#3898 = ADVANCED_FACE ( 'NONE', ( #12017 ), #9842, .T. ) ;
#3899 = LINE ( 'NONE', #12450, #8427 ) ;
#3900 = VERTEX_POINT ( 'NONE', #10815 ) ;
#3901 = LINE ( 'NONE', #9163, #13513 ) ;
#3902 = PLANE ( 'NONE',  #5906 ) ;
#3903 = AXIS2_PLACEMENT_3D ( 'NONE', #7401, #9501, #8457 ) ;
#3904 = CARTESIAN_POINT ( 'NONE',  ( 0.000000000000000000, 5.000000000000000000, 0.000000000000000000 ) ) ;
#3905 = EDGE_CURVE ( 'NONE', #2036, #4231, #5562, .T. ) ;
#3906 = VECTOR ( 'NONE', #10923, 1000.000000000000000 ) ;
#3907 = FACE_OUTER_BOUND ( 'NONE', #7805, .T. ) ;
#3908 = DIRECTION ( 'NONE',  ( -0.06377648243116733340, 0.000000000000000000, -0.9979642079196562321 ) ) ;
#3909 = DIRECTION ( 'NONE',  ( 1.000000000000000000, -0.000000000000000000, 0.000000000000000000 ) ) ;
#3910 = PERSON_AND_ORGANIZATION_ROLE ( 'classification_officer' ) ;
#3911 = DIRECTION ( 'NONE',  ( 0.2776478580158125431, -0.000000000000000000, 0.9606829169602378871 ) ) ;
#3912 = ORIENTED_EDGE ( 'NONE', *, *, #3905, .T. ) ;
#3913 = VECTOR ( 'NONE', #7054, 1000.000000000000114 ) ;
#3914 = LINE ( 'NONE', #11211, #9491 ) ;
#3915 = ORIENTED_EDGE ( 'NONE', *, *, #4238, .T. ) ;
#3916 = ORIENTED_EDGE ( 'NONE', *, *, #3331, .T. ) ;
#3917 = ADVANCED_FACE ( 'NONE', ( #11941, #3459 ), #2418, .T. ) ;
#3918 = VECTOR ( 'NONE', #9906, 1000.000000000000114 ) ;
#3919 = DIRECTION ( 'NONE',  ( -0.1746986879099474421, 0.000000000000000000, -0.9846219418855862715 ) ) ;
#3920 = EDGE_CURVE ( 'NONE', #13022, #2510, #10891, .T. ) ;
#3921 = DIRECTION ( 'NONE',  ( 0.07139978715268657794, 0.000000000000000000, -0.9974477782794198832 ) ) ;
#3922 = CARTESIAN_POINT ( 'NONE',  ( 9.028367648808366397, 5.000000000000000000, -7.958098247985205376 ) ) ;
#3923 = ORIENTED_EDGE ( 'NONE', *, *, #599, .F. ) ;
#3924 = DIRECTION ( 'NONE',  ( -0.2131134059951636794, 0.000000000000000000, 0.9770274695141075716 ) ) ;
#3925 = ORIENTED_EDGE ( 'NONE', *, *, #10492, .T. ) ;
#3926 = VECTOR ( 'NONE', #2424, 1000.000000000000000 ) ;
#3927 = AXIS2_PLACEMENT_3D ( 'NONE', #943, #13667, #10473 ) ;
#3928 = VECTOR ( 'NONE', #4955, 1000.000000000000114 ) ;
#3929 = CARTESIAN_POINT ( 'NONE',  ( 3.029603789851120776, 5.000000000000000000, -23.71402972987378277 ) ) ;
#3930 = DIRECTION ( 'NONE',  ( 1.000000000000000000, 0.000000000000000000, 0.000000000000000000 ) ) ;
#3931 = DIRECTION ( 'NONE',  ( 0.4983194247650259978, 0.000000000000000000, -0.8669935126065555497 ) ) ;
#3932 = ORIENTED_EDGE ( 'NONE', *, *, #7870, .T. ) ;
#3933 = DIRECTION ( 'NONE',  ( 0.2115579632480348860, 0.000000000000000000, 0.9773654527280689619 ) ) ;
#3934 = ORIENTED_EDGE ( 'NONE', *, *, #8887, .F. ) ;
#3935 = DIRECTION ( 'NONE',  ( -0.7360834251059450439, 0.000000000000000000, -0.6768908267101132470 ) ) ;
#3936 = EDGE_CURVE ( 'NONE', #593, #13263, #8796, .T. ) ;
#3937 = ORIENTED_EDGE ( 'NONE', *, *, #13061, .F. ) ;
#3938 = CARTESIAN_POINT ( 'NONE',  ( -28.53312187119163568, 5.000000000000000000, 12.31086502401479699 ) ) ;
#3939 = VERTEX_POINT ( 'NONE', #8655 ) ;
#3940 = AXIS2_PLACEMENT_3D ( 'NONE', #4768, #11283, #3848 ) ;
#3941 = ORIENTED_EDGE ( 'NONE', *, *, #7066, .T. ) ;
#3942 = VECTOR ( 'NONE', #2932, 1000.000000000000114 ) ;
#3943 = VERTEX_POINT ( 'NONE', #5283 ) ;
#3944 = DIRECTION ( 'NONE',  ( -0.5658925211636305352, 0.000000000000000000, -0.8244790200430026639 ) ) ;
#3945 = DIRECTION ( 'NONE',  ( -0.000000000000000000, -1.000000000000000000, -0.000000000000000000 ) ) ;
#3946 = LINE ( 'NONE', #728, #1623 ) ;
#3947 = AXIS2_PLACEMENT_3D ( 'NONE', #6611, #3456, #1507 ) ;
#3948 = EDGE_LOOP ( 'NONE', ( #750, #3358, #13765, #13106 ) ) ;
#3949 = DIRECTION ( 'NONE',  ( 0.7285199132161075397, 0.000000000000000000, -0.6850246244096594994 ) ) ;
#3950 = CARTESIAN_POINT ( 'NONE',  ( -82.00000000000001421, 3.000000000000000000, 52.99999999999999289 ) ) ;
#3951 = AXIS2_PLACEMENT_3D ( 'NONE', #13839, #7196, #12725 ) ;
#3952 = LINE ( 'NONE', #5983, #11262 ) ;
#3953 = VECTOR ( 'NONE', #2119, 1000.000000000000000 ) ;
#3954 = ORIENTED_EDGE ( 'NONE', *, *, #1138, .T. ) ;
#3955 = EDGE_CURVE ( 'NONE', #2556, #9389, #8726, .T. ) ;
#3956 = ORIENTED_EDGE ( 'NONE', *, *, #12398, .F. ) ;
#3957 = EDGE_CURVE ( 'NONE', #2510, #274, #9569, .T. ) ;
#3958 = DIRECTION ( 'NONE',  ( -0.3270941141397885610, 0.000000000000000000, 0.9449917674218685226 ) ) ;
#3959 = ORIENTED_EDGE ( 'NONE', *, *, #4028, .F. ) ;
#3960 = CARTESIAN_POINT ( 'NONE',  ( 81.99999999999998579, 3.000000000000000000, 52.99999999999999289 ) ) ;
#3961 = ORIENTED_EDGE ( 'NONE', *, *, #11346, .F. ) ;
#3962 = VECTOR ( 'NONE', #6525, 999.9999999999998863 ) ;
#3963 = VECTOR ( 'NONE', #2877, 1000.000000000000114 ) ;
#3964 = DIRECTION ( 'NONE',  ( -0.1622667137302338802, 0.000000000000000000, 0.9867469349408644064 ) ) ;
#3965 = LINE ( 'NONE', #5994, #13234 ) ;
#3966 = LINE ( 'NONE', #8246, #9740 ) ;
#3967 = ORIENTED_EDGE ( 'NONE', *, *, #11011, .T. ) ;
#3968 = EDGE_CURVE ( 'NONE', #12629, #10757, #1151, .T. ) ;
#3969 = CARTESIAN_POINT ( 'NONE',  ( 81.99999999999998579, 0.000000000000000000, 52.99999999999999289 ) ) ;
#3970 = VECTOR ( 'NONE', #6984, 1000.000000000000000 ) ;
#3971 = EDGE_CURVE ( 'NONE', #4762, #5329, #11731, .T. ) ;
#3972 = ORIENTED_EDGE ( 'NONE', *, *, #3670, .T. ) ;
#3973 = CARTESIAN_POINT ( 'NONE',  ( 2.043291180114500616, 3.000000000000000000, 25.05685108096374591 ) ) ;
#3974 = ORIENTED_EDGE ( 'NONE', *, *, #4280, .F. ) ;
#3975 = DIRECTION ( 'NONE',  ( -0.9969225633805324227, 0.000000000000000000, 0.07839261842028519278 ) ) ;
#3976 = DIRECTION ( 'NONE',  ( -0.9959703591651422050, 0.000000000000000000, 0.08968301770378565851 ) ) ;
#3977 = DIRECTION ( 'NONE',  ( -0.8602552328567079076, 0.000000000000000000, -0.5098636428915590546 ) ) ;
#3978 = AXIS2_PLACEMENT_3D ( 'NONE', #7607, #1229, #188 ) ;
#3979 = ADVANCED_FACE ( 'NONE', ( #5413 ), #4448, .T. ) ;
#3980 = CARTESIAN_POINT ( 'NONE',  ( 0.000000000000000000, 5.000000000000000000, 13.67547900801479521 ) ) ;
#3981 = CARTESIAN_POINT ( 'NONE',  ( 19.42366308880836812, 5.000000000000000000, 22.38725127201479381 ) ) ;
#3982 = DIRECTION ( 'NONE',  ( 0.000000000000000000, 0.000000000000000000, -1.000000000000000000 ) ) ;
#3983 = CARTESIAN_POINT ( 'NONE',  ( -11.74738861519163358, 5.000000000000000000, 0.000000000000000000 ) ) ;
#3984 = ORIENTED_EDGE ( 'NONE', *, *, #4809, .F. ) ;
#3985 = EDGE_CURVE ( 'NONE', #10314, #1264, #3245, .T. ) ;
#3986 = DIRECTION ( 'NONE',  ( -1.000000000000000000, 0.000000000000000000, 0.000000000000000000 ) ) ;
#3987 = EDGE_CURVE ( 'NONE', #11608, #8152, #7535, .T. ) ;
#3988 = ORIENTED_EDGE ( 'NONE', *, *, #3554, .T. ) ;
#3989 = ORIENTED_EDGE ( 'NONE', *, *, #5689, .T. ) ;
#3990 = CARTESIAN_POINT ( 'NONE',  ( 5.843804798327555616, 5.000000000000000000, 19.88424986008754303 ) ) ;
#3991 = LINE ( 'NONE', #641, #7724 ) ;
#3992 = DIRECTION ( 'NONE',  ( -0.3824844415231389849, 0.000000000000000000, -0.9239619321123205831 ) ) ;
#3993 = ORIENTED_EDGE ( 'NONE', *, *, #1713, .T. ) ;
#3994 = CARTESIAN_POINT ( 'NONE',  ( -17.51642984931670100, 5.000000000000000000, 0.1765914570343140866 ) ) ;
#3995 = ORIENTED_EDGE ( 'NONE', *, *, #10372, .F. ) ;
#3996 = EDGE_CURVE ( 'NONE', #6654, #1112, #4374, .T. ) ;
#3997 = EDGE_CURVE ( 'NONE', #5280, #5831, #2266, .T. ) ;
#3998 = DIRECTION ( 'NONE',  ( 0.000000000000000000, 0.000000000000000000, 1.000000000000000000 ) ) ;
#3999 = DIRECTION ( 'NONE',  ( 0.9955375980589674656, 0.000000000000000000, -0.09436572921872460329 ) ) ;
#4000 = CARTESIAN_POINT ( 'NONE',  ( 12.03196438480836328, 3.000000000000000000, 22.46637735201479558 ) ) ;
#4001 = VERTEX_POINT ( 'NONE', #2555 ) ;
#4002 = CARTESIAN_POINT ( 'NONE',  ( 9.218725408808374766, 5.000000000000000000, -6.924750047985199330 ) ) ;
#4003 = EDGE_LOOP ( 'NONE', ( #5603, #1557, #3313, #5674 ) ) ;
#4004 = CARTESIAN_POINT ( 'NONE',  ( -13.30219639994500369, 5.000000000000000000, 5.611953901922611010 ) ) ;
#4005 = ORIENTED_EDGE ( 'NONE', *, *, #4524, .F. ) ;
#4006 = DIRECTION ( 'NONE',  ( -0.7002596150919100371, 0.000000000000000000, -0.7138882766030900662 ) ) ;
#4007 = ORIENTED_EDGE ( 'NONE', *, *, #10494, .F. ) ;
#4008 = EDGE_LOOP ( 'NONE', ( #12842, #5259, #5468, #9654 ) ) ;
#4009 = VERTEX_POINT ( 'NONE', #4969 ) ;
#4010 = LINE ( 'NONE', #13458, #4418 ) ;
#4011 = EDGE_CURVE ( 'NONE', #6991, #10012, #8877, .T. ) ;
#4012 = EDGE_CURVE ( 'NONE', #3943, #1940, #5773, .T. ) ;
#4013 = CARTESIAN_POINT ( 'NONE',  ( 9.295352128808378467, 5.000000000000000000, 30.81720240801479704 ) ) ;
#4014 = CARTESIAN_POINT ( 'NONE',  ( 0.000000000000000000, 5.000000000000000000, 17.13645557601479297 ) ) ;
#4015 = CARTESIAN_POINT ( 'NONE',  ( 12.71183500880837869, 5.000000000000000000, 28.29563366401479740 ) ) ;
#4016 = CARTESIAN_POINT ( 'NONE',  ( 21.43349396880837787, 3.000000000000000000, 23.51454188001479650 ) ) ;
#4017 = LINE ( 'NONE', #6255, #3196 ) ;
#4018 = VERTEX_POINT ( 'NONE', #6753 ) ;
#4019 = VERTEX_POINT ( 'NONE', #7822 ) ;
#4020 = ORIENTED_EDGE ( 'NONE', *, *, #11670, .F. ) ;
#4021 = LINE ( 'NONE', #10537, #9057 ) ;
#4022 = ORIENTED_EDGE ( 'NONE', *, *, #5861, .T. ) ;
#4023 = FACE_OUTER_BOUND ( 'NONE', #7613, .T. ) ;
#4024 = EDGE_LOOP ( 'NONE', ( #12175, #3246, #5375, #12606 ) ) ;
#4025 = EDGE_CURVE ( 'NONE', #839, #6507, #6022, .T. ) ;
#4026 = CARTESIAN_POINT ( 'NONE',  ( 26.21599494480836867, 5.000000000000000000, 12.47684284801479571 ) ) ;
#4027 = CARTESIAN_POINT ( 'NONE',  ( 40.23649420880835947, 5.000000000000000000, 21.74697112001480548 ) ) ;
#4028 = EDGE_CURVE ( 'NONE', #10579, #10157, #12085, .T. ) ;
#4029 = DIRECTION ( 'NONE',  ( -0.7288886501414304497, 0.000000000000000000, -0.6846322631128358704 ) ) ;
#4030 = EDGE_LOOP ( 'NONE', ( #10916, #8299, #1117, #4217 ) ) ;
#4031 = CARTESIAN_POINT ( 'NONE',  ( -2.520400008491090027, 3.000000000000000000, 29.49697514035441159 ) ) ;
#4032 = ORIENTED_EDGE ( 'NONE', *, *, #644, .T. ) ;
#4033 = CARTESIAN_POINT ( 'NONE',  ( 52.18798160880835724, 5.000000000000000000, 21.00100156801478946 ) ) ;
#4034 = ORIENTED_EDGE ( 'NONE', *, *, #12398, .T. ) ;
#4035 = DIRECTION ( 'NONE',  ( 0.9799092182948470064, 0.000000000000000000, 0.1994440370148520270 ) ) ;
#4036 = PLANE ( 'NONE',  #11829 ) ;
#4037 = AXIS2_PLACEMENT_3D ( 'NONE', #5018, #11613, #2012 ) ;
#4038 = CARTESIAN_POINT ( 'NONE',  ( -40.12230976719163067, 3.000000000000000000, 26.55543496001479298 ) ) ;
#4039 = EDGE_CURVE ( 'NONE', #527, #1032, #5630, .T. ) ;
#4040 = CIRCLE ( 'NONE', #9875, 1.700000000000000178 ) ;
#4041 = DIRECTION ( 'NONE',  ( 0.5633443111791331948, 0.000000000000000000, -0.8262222383003908766 ) ) ;
#4042 = DIRECTION ( 'NONE',  ( 0.9991327497503432742, -0.000000000000000000, 0.04163830419599156424 ) ) ;
#4043 = CARTESIAN_POINT ( 'NONE',  ( 19.25384849147917521, 3.000000000000000000, 7.808270046742937787 ) ) ;
#4044 = DATE_AND_TIME ( #837, #4763 ) ;
#4045 = CARTESIAN_POINT ( 'NONE',  ( 10.68276669981201898, 5.000000000000000000, 22.25577037670078440 ) ) ;
#4046 = VERTEX_POINT ( 'NONE', #1821 ) ;
#4047 = DIRECTION ( 'NONE',  ( 0.9963693548102062758, 0.000000000000000000, 0.08513582556769692944 ) ) ;
#4048 = ORIENTED_EDGE ( 'NONE', *, *, #5363, .T. ) ;
#4049 = CARTESIAN_POINT ( 'NONE',  ( -13.67063495919163252, 5.000000000000000000, 22.33262501601479855 ) ) ;
#4050 = AXIS2_PLACEMENT_3D ( 'NONE', #9794, #10838, #10704 ) ;
#4051 = CARTESIAN_POINT ( 'NONE',  ( -2.271845065139749487, 5.000000000000000000, -44.13625786616599811 ) ) ;
#4052 = VECTOR ( 'NONE', #2368, 1000.000000000000000 ) ;
#4053 = FACE_BOUND ( 'NONE', #6247, .T. ) ;
#4054 = ADVANCED_FACE ( 'NONE', ( #9249 ), #12149, .T. ) ;
#4055 = ORIENTED_EDGE ( 'NONE', *, *, #6260, .T. ) ;
#4056 = LINE ( 'NONE', #4337, #6857 ) ;
#4057 = ORIENTED_EDGE ( 'NONE', *, *, #13150, .T. ) ;
#4058 = EDGE_CURVE ( 'NONE', #2547, #3723, #2484, .T. ) ;
#4059 = ADVANCED_FACE ( 'NONE', ( #11421 ), #6901, .T. ) ;
#4060 = VECTOR ( 'NONE', #7681, 1000.000000000000000 ) ;
#4061 = FACE_OUTER_BOUND ( 'NONE', #10698, .T. ) ;
#4062 = VECTOR ( 'NONE', #6663, 1000.000000000000000 ) ;
#4063 = CARTESIAN_POINT ( 'NONE',  ( 35.72959727646468053, 5.000000000000000000, 32.81465580644665891 ) ) ;
#4064 = CARTESIAN_POINT ( 'NONE',  ( 8.853228552808367624, 5.000000000000000000, -6.771824775985201939 ) ) ;
#4065 = ORIENTED_EDGE ( 'NONE', *, *, #2288, .F. ) ;
#4066 = VERTEX_POINT ( 'NONE', #1435 ) ;
#4067 = CARTESIAN_POINT ( 'NONE',  ( -7.169005087191634651, 5.000000000000000000, 25.95947476001479615 ) ) ;
#4068 = ORIENTED_EDGE ( 'NONE', *, *, #2084, .T. ) ;
#4069 = PLANE ( 'NONE',  #9302 ) ;
#4070 = ORIENTED_EDGE ( 'NONE', *, *, #9119, .F. ) ;
#4071 = FACE_OUTER_BOUND ( 'NONE', #5538, .T. ) ;
#4072 = ADVANCED_FACE ( 'NONE', ( #7883 ), #322, .T. ) ;
#4073 = ORIENTED_EDGE ( 'NONE', *, *, #11929, .T. ) ;
#4074 = VECTOR ( 'NONE', #4503, 999.9999999999998863 ) ;
#4075 = VECTOR ( 'NONE', #7998, 999.9999999999998863 ) ;
#4076 = ORIENTED_EDGE ( 'NONE', *, *, #8611, .F. ) ;
#4077 = CARTESIAN_POINT ( 'NONE',  ( 7.482139136021496384, 3.000000000000000000, 26.21953830571650101 ) ) ;
#4078 = LINE ( 'NONE', #6319, #6866 ) ;
#4079 = CARTESIAN_POINT ( 'NONE',  ( -7.698041367191631679, 5.000000000000000000, 22.17464920801479167 ) ) ;
#4080 = DIRECTION ( 'NONE',  ( -0.000000000000000000, -1.000000000000000000, -0.000000000000000000 ) ) ;
#4081 = LINE ( 'NONE', #1847, #43 ) ;
#4082 = ORIENTED_EDGE ( 'NONE', *, *, #5060, .F. ) ;
#4083 = VECTOR ( 'NONE', #9107, 1000.000000000000114 ) ;
#4084 = DIRECTION ( 'NONE',  ( -0.7364117514812725807, 0.000000000000000000, 0.6765336150408820526 ) ) ;
#4085 = ORIENTED_EDGE ( 'NONE', *, *, #6402, .T. ) ;
#4086 = CARTESIAN_POINT ( 'NONE',  ( 17.35817773960571486, 5.000000000000000000, 18.87611180412445933 ) ) ;
#4087 = VECTOR ( 'NONE', #8194, 1000.000000000000000 ) ;
#4088 = ORIENTED_EDGE ( 'NONE', *, *, #9763, .T. ) ;
#4089 = LINE ( 'NONE', #4232, #3684 ) ;
#4090 = EDGE_CURVE ( 'NONE', #1570, #3829, #12224, .T. ) ;
#4091 = VERTEX_POINT ( 'NONE', #6091 ) ;
#4092 = EDGE_CURVE ( 'NONE', #12078, #9921, #11033, .T. ) ;
#4093 = CARTESIAN_POINT ( 'NONE',  ( 13.48877470192123340, 5.000000000000000000, 28.54413329379553588 ) ) ;
#4094 = ORIENTED_EDGE ( 'NONE', *, *, #5019, .F. ) ;
#4095 = AXIS2_PLACEMENT_3D ( 'NONE', #3593, #10179, #588 ) ;
#4096 = LINE ( 'NONE', #6474, #7637 ) ;
#4097 = LINE ( 'NONE', #3889, #5990 ) ;
#4098 = CARTESIAN_POINT ( 'NONE',  ( 16.48924172880835570, 5.000000000000000000, 31.12127393601479497 ) ) ;
#4099 = CARTESIAN_POINT ( 'NONE',  ( 0.000000000000000000, 5.000000000000000000, 24.74071773601479407 ) ) ;
#4100 = ORIENTED_EDGE ( 'NONE', *, *, #906, .F. ) ;
#4101 = VECTOR ( 'NONE', #7645, 1000.000000000000114 ) ;
#4102 = DIRECTION ( 'NONE',  ( 0.000000000000000000, 0.000000000000000000, 1.000000000000000000 ) ) ;
#4103 = ORIENTED_EDGE ( 'NONE', *, *, #6350, .T. ) ;
#4104 = ORIENTED_EDGE ( 'NONE', *, *, #12978, .T. ) ;
#4105 = LINE ( 'NONE', #8387, #9767 ) ;
#4106 = ORIENTED_EDGE ( 'NONE', *, *, #2501, .T. ) ;
#4107 = EDGE_CURVE ( 'NONE', #8977, #1073, #11106, .T. ) ;
#4108 = FACE_OUTER_BOUND ( 'NONE', #3846, .T. ) ;
#4109 = CARTESIAN_POINT ( 'NONE',  ( 26.00692652880835709, 5.000000000000000000, 23.41565663201480163 ) ) ;
#4110 = EDGE_CURVE ( 'NONE', #11336, #12343, #9986, .T. ) ;
#4111 = CARTESIAN_POINT ( 'NONE',  ( 8.702048768808374746, 5.000000000000000000, 12.29850436801480029 ) ) ;
#4112 = VECTOR ( 'NONE', #6152, 1000.000000000000000 ) ;
#4113 = CARTESIAN_POINT ( 'NONE',  ( -27.67035092719162037, 5.000000000000000000, 17.13645557601479297 ) ) ;
#4114 = DIRECTION ( 'NONE',  ( -0.9832059221644678937, 0.000000000000000000, -0.1824996290974810476 ) ) ;
#4115 = VECTOR ( 'NONE', #1346, 1000.000000000000000 ) ;
#4116 = CARTESIAN_POINT ( 'NONE',  ( 26.06379204880836298, 5.000000000000000000, 12.11062260001478919 ) ) ;
#4117 = CARTESIAN_POINT ( 'NONE',  ( 2.043291180114500616, 5.000000000000000000, 25.05685108096374591 ) ) ;
#4118 = PLANE ( 'NONE',  #9022 ) ;
#4119 = APPROVAL_DATE_TIME ( #4044, #10976 ) ;
#4120 = DIRECTION ( 'NONE',  ( 0.7818572825625396128, 0.000000000000000000, 0.6234574481902683818 ) ) ;
#4121 = VERTEX_POINT ( 'NONE', #9322 ) ;
#4122 = CARTESIAN_POINT ( 'NONE',  ( 12.71183500880838935, 3.000000000000000000, 23.93974804001479484 ) ) ;
#4123 = EDGE_LOOP ( 'NONE', ( #12044, #10519, #4103, #9596 ) ) ;
#4124 = DIRECTION ( 'NONE',  ( -0.9452002409823898610, 0.000000000000000000, 0.3264912011782739043 ) ) ;
#4125 = ADVANCED_FACE ( 'NONE', ( #4662 ), #8271, .T. ) ;
#4126 = VECTOR ( 'NONE', #4308, 1000.000000000000000 ) ;
#4127 = DIRECTION ( 'NONE',  ( -0.8672230934154036008, 0.000000000000000000, -0.4979197789273067665 ) ) ;
#4128 = DIRECTION ( 'NONE',  ( 0.000000000000000000, 0.000000000000000000, -1.000000000000000000 ) ) ;
#4129 = ADVANCED_FACE ( 'NONE', ( #12532 ), #10053, .T. ) ;
#4130 = VECTOR ( 'NONE', #1756, 1000.000000000000000 ) ;
#4131 = ORIENTED_EDGE ( 'NONE', *, *, #5181, .T. ) ;
#4132 = DIRECTION ( 'NONE',  ( 0.9937606799076039721, 0.000000000000000000, 0.1115334526927976022 ) ) ;
#4133 = EDGE_LOOP ( 'NONE', ( #4082, #637, #4996, #4362 ) ) ;
#4134 = VECTOR ( 'NONE', #12728, 1000.000000000000000 ) ;
#4135 = PLANE ( 'NONE',  #13793 ) ;
#4136 = CARTESIAN_POINT ( 'NONE',  ( -4.817281611030923116, 5.000000000000000000, 8.604283150466546459 ) ) ;
#4137 = EDGE_CURVE ( 'NONE', #13273, #505, #13790, .T. ) ;
#4138 = VECTOR ( 'NONE', #9300, 1000.000000000000000 ) ;
#4139 = DIRECTION ( 'NONE',  ( -0.09599296999206906322, 0.000000000000000000, -0.9953820119492323704 ) ) ;
#4140 = ORIENTED_EDGE ( 'NONE', *, *, #3651, .F. ) ;
#4141 = CARTESIAN_POINT ( 'NONE',  ( -12.29436428993312269, 5.000000000000000000, -5.092515205682841106 ) ) ;
#4142 = VERTEX_POINT ( 'NONE', #6440 ) ;
#4143 = ORIENTED_EDGE ( 'NONE', *, *, #10172, .T. ) ;
#4144 = DIRECTION ( 'NONE',  ( 0.4188446617514607340, 0.000000000000000000, 0.9080578997631728599 ) ) ;
#4145 = EDGE_CURVE ( 'NONE', #4046, #1788, #5380, .T. ) ;
#4146 = ORIENTED_EDGE ( 'NONE', *, *, #9286, .T. ) ;
#4147 = EDGE_CURVE ( 'NONE', #9652, #505, #3004, .T. ) ;
#4148 = CARTESIAN_POINT ( 'NONE',  ( 8.713256738517836563E-14, 3.000000000000000000, -43.88933533369861806 ) ) ;
#4149 = ORIENTED_EDGE ( 'NONE', *, *, #5415, .T. ) ;
#4150 = VECTOR ( 'NONE', #5600, 999.9999999999998863 ) ;
#4151 = ORIENTED_EDGE ( 'NONE', *, *, #10494, .T. ) ;
#4152 = AXIS2_PLACEMENT_3D ( 'NONE', #8861, #5623, #13128 ) ;
#4153 = DIRECTION ( 'NONE',  ( -0.000000000000000000, -1.000000000000000000, -0.000000000000000000 ) ) ;
#4154 = PLANE ( 'NONE',  #4644 ) ;
#4155 = CARTESIAN_POINT ( 'NONE',  ( 0.000000000000000000, 5.000000000000000000, 32.03596146401479672 ) ) ;
#4156 = ADVANCED_FACE ( 'NONE', ( #1965 ), #11698, .T. ) ;
#4157 = CARTESIAN_POINT ( 'NONE',  ( 76.49999999999998579, 0.000000000000000000, 46.99999999999999289 ) ) ;
#4158 = CARTESIAN_POINT ( 'NONE',  ( 49.17187107591850292, 5.000000000000000000, -4.472140770711734881 ) ) ;
#4159 = ORIENTED_EDGE ( 'NONE', *, *, #11446, .F. ) ;
#4160 = DIRECTION ( 'NONE',  ( -0.1745256299051917148, 0.000000000000000000, 0.9846526313914952810 ) ) ;
#4161 = AXIS2_PLACEMENT_3D ( 'NONE', #13239, #7926, #3919 ) ;
#4162 = EDGE_LOOP ( 'NONE', ( #13407, #9433, #7510, #3380 ) ) ;
#4163 = DIRECTION ( 'NONE',  ( -0.7603145504814728950, 0.000000000000000000, 0.6495550664309807098 ) ) ;
#4164 = ORIENTED_EDGE ( 'NONE', *, *, #559, .F. ) ;
#4165 = AXIS2_PLACEMENT_3D ( 'NONE', #2523, #361, #3569 ) ;
#4166 = EDGE_CURVE ( 'NONE', #5357, #5672, #4056, .T. ) ;
#4167 = DIRECTION ( 'NONE',  ( -0.1327460070386447255, 0.000000000000000000, 0.9911500883394481765 ) ) ;
#4168 = ORIENTED_EDGE ( 'NONE', *, *, #11277, .F. ) ;
#4169 = CARTESIAN_POINT ( 'NONE',  ( -27.34509884719162898, 3.000000000000000000, 12.47437193601479066 ) ) ;
#4170 = ORIENTED_EDGE ( 'NONE', *, *, #12298, .F. ) ;
#4171 = DIRECTION ( 'NONE',  ( -0.9957356910248242876, 0.000000000000000000, -0.09225201146487578552 ) ) ;
#4172 = VECTOR ( 'NONE', #4747, 1000.000000000000000 ) ;
#4173 = AXIS2_PLACEMENT_3D ( 'NONE', #7215, #13578, #13262 ) ;
#4174 = LINE ( 'NONE', #6548, #7108 ) ;
#4175 = DIRECTION ( 'NONE',  ( -0.002103358651976024868, 0.000000000000000000, 0.9999977879387439428 ) ) ;
#4176 = EDGE_CURVE ( 'NONE', #2399, #9739, #4204, .T. ) ;
#4177 = CARTESIAN_POINT ( 'NONE',  ( 0.000000000000000000, 5.000000000000000000, 32.03596146401479672 ) ) ;
#4178 = EDGE_CURVE ( 'NONE', #1147, #5389, #7363, .T. ) ;
#4179 = ORIENTED_EDGE ( 'NONE', *, *, #8853, .F. ) ;
#4180 = CARTESIAN_POINT ( 'NONE',  ( 14.82303220880837280, 5.000000000000000000, 21.45773217601479388 ) ) ;
#4181 = ORIENTED_EDGE ( 'NONE', *, *, #6290, .T. ) ;
#4182 = VERTEX_POINT ( 'NONE', #13712 ) ;
#4183 = ORIENTED_EDGE ( 'NONE', *, *, #10390, .F. ) ;
#4184 = VECTOR ( 'NONE', #7787, 1000.000000000000114 ) ;
#4185 = DIRECTION ( 'NONE',  ( 0.2988038448905470101, 0.000000000000000000, -0.9543145510148243194 ) ) ;
#4186 = CARTESIAN_POINT ( 'NONE',  ( -0.9620971593450666770, 5.000000000000000000, -1.246315727342231838 ) ) ;
#4187 = VECTOR ( 'NONE', #8342, 999.9999999999998863 ) ;
#4188 = DIRECTION ( 'NONE',  ( 0.000000000000000000, 0.000000000000000000, 1.000000000000000000 ) ) ;
#4189 = LINE ( 'NONE', #3125, #5541 ) ;
#4190 = DIRECTION ( 'NONE',  ( -0.5942572416434551696, 0.000000000000000000, 0.8042750342726747714 ) ) ;
#4191 = CARTESIAN_POINT ( 'NONE',  ( -0.6064483434420907537, 3.000000000000000000, 1.479064790565691290 ) ) ;
#4192 = ADVANCED_FACE ( 'NONE', ( #10652 ), #4, .T. ) ;
#4193 = VECTOR ( 'NONE', #10317, 999.9999999999998863 ) ;
#4194 = CARTESIAN_POINT ( 'NONE',  ( 5.047974942500699669, 5.000000000000000000, 19.86401191028937419 ) ) ;
#4195 = CARTESIAN_POINT ( 'NONE',  ( -11.59533303919163494, 3.000000000000000000, -6.780118383985223929 ) ) ;
#4196 = DIRECTION ( 'NONE',  ( 0.3565883230318261377, 0.000000000000000000, -0.9342616163994696965 ) ) ;
#4197 = ORIENTED_EDGE ( 'NONE', *, *, #11600, .F. ) ;
#4198 = CARTESIAN_POINT ( 'NONE',  ( 32.89071348403275152, 5.000000000000000000, 29.63838361559036372 ) ) ;
#4199 = ORIENTED_EDGE ( 'NONE', *, *, #6625, .T. ) ;
#4200 = CARTESIAN_POINT ( 'NONE',  ( -53.42173749467491461, 5.000000000000000000, 9.690893238624269657 ) ) ;
#4201 = DIRECTION ( 'NONE',  ( 0.3622134907540549009, 0.000000000000000000, 0.9320951599036239044 ) ) ;
#4202 = FACE_BOUND ( 'NONE', #928, .T. ) ;
#4203 = ORIENTED_EDGE ( 'NONE', *, *, #13348, .F. ) ;
#4204 = LINE ( 'NONE', #11770, #815 ) ;
#4205 = VECTOR ( 'NONE', #1383, 1000.000000000000000 ) ;
#4206 = EDGE_LOOP ( 'NONE', ( #13685, #4549, #5764, #13046 ) ) ;
#4207 = EDGE_CURVE ( 'NONE', #4766, #9629, #10510, .T. ) ;
#4208 = CARTESIAN_POINT ( 'NONE',  ( 0.2620839266953569058, 5.000000000000000000, -0.6263652623294461153 ) ) ;
#4209 = EDGE_CURVE ( 'NONE', #3685, #5831, #9664, .T. ) ;
#4210 = DIRECTION ( 'NONE',  ( 0.000000000000000000, 0.000000000000000000, 1.000000000000000000 ) ) ;
#4211 = DIRECTION ( 'NONE',  ( 1.000000000000000000, 0.000000000000000000, 0.000000000000000000 ) ) ;
#4212 = ORIENTED_EDGE ( 'NONE', *, *, #8431, .T. ) ;
#4213 = DIRECTION ( 'NONE',  ( -0.3826848932556902172, 0.000000000000000000, 0.9238789273892338283 ) ) ;
#4214 = VERTEX_POINT ( 'NONE', #8338 ) ;
#4215 = PLANE ( 'NONE',  #9291 ) ;
#4216 = DIRECTION ( 'NONE',  ( 0.9080578997631729710, 0.000000000000000000, -0.4188446617514606785 ) ) ;
#4217 = ORIENTED_EDGE ( 'NONE', *, *, #5350, .T. ) ;
#4218 = ORIENTED_EDGE ( 'NONE', *, *, #5146, .F. ) ;
#4219 = ORIENTED_EDGE ( 'NONE', *, *, #6479, .T. ) ;
#4220 = FACE_OUTER_BOUND ( 'NONE', #12751, .T. ) ;
#4221 = EDGE_CURVE ( 'NONE', #8340, #1885, #6369, .T. ) ;
#4222 = DIRECTION ( 'NONE',  ( 0.9820357469730580657, 0.000000000000000000, 0.1886949699039905393 ) ) ;
#4223 = DIRECTION ( 'NONE',  ( 0.6765336150408820526, -0.000000000000000000, 0.7364117514812725807 ) ) ;
#4224 = ORIENTED_EDGE ( 'NONE', *, *, #6981, .T. ) ;
#4225 = DIRECTION ( 'NONE',  ( -0.000000000000000000, 1.000000000000000000, -0.000000000000000000 ) ) ;
#4226 = FACE_OUTER_BOUND ( 'NONE', #13674, .T. ) ;
#4227 = ORIENTED_EDGE ( 'NONE', *, *, #989, .T. ) ;
#4228 = CARTESIAN_POINT ( 'NONE',  ( -4.817281611030923116, 3.000000000000000000, 8.604283150466546459 ) ) ;
#4229 = EDGE_LOOP ( 'NONE', ( #8480, #2617, #9247, #7674 ) ) ;
#4230 = DIRECTION ( 'NONE',  ( -0.9977945707501258976, 0.000000000000000000, 0.06637766628597294161 ) ) ;
#4231 = VERTEX_POINT ( 'NONE', #5318 ) ;
#4232 = CARTESIAN_POINT ( 'NONE',  ( -2.482024315948405668, 5.000000000000000000, -29.53787603221626412 ) ) ;
#4233 = ORIENTED_EDGE ( 'NONE', *, *, #12740, .F. ) ;
#4234 = LINE ( 'NONE', #9628, #10215 ) ;
#4235 = ORIENTED_EDGE ( 'NONE', *, *, #9530, .T. ) ;
#4236 = EDGE_CURVE ( 'NONE', #5136, #9886, #12741, .T. ) ;
#4237 = LINE ( 'NONE', #12020, #1371 ) ;
#4238 = EDGE_CURVE ( 'NONE', #4970, #7573, #5176, .T. ) ;
#4239 = ADVANCED_FACE ( 'NONE', ( #10718 ), #2171, .T. ) ;
#4240 = CARTESIAN_POINT ( 'NONE',  ( 2.864622253084919024, 3.000000000000000000, 25.78155318550275155 ) ) ;
#4241 = DIRECTION ( 'NONE',  ( 0.000000000000000000, 0.000000000000000000, -1.000000000000000000 ) ) ;
#4242 = DIRECTION ( 'NONE',  ( 0.000000000000000000, -0.000000000000000000, 1.000000000000000000 ) ) ;
#4243 = DIRECTION ( 'NONE',  ( -0.05038126213069147458, 0.000000000000000000, 0.9987300578365100323 ) ) ;
#4244 = ORIENTED_EDGE ( 'NONE', *, *, #2624, .F. ) ;
#4245 = ORIENTED_EDGE ( 'NONE', *, *, #11420, .F. ) ;
#4246 = VERTEX_POINT ( 'NONE', #12809 ) ;
#4247 = ORIENTED_EDGE ( 'NONE', *, *, #3853, .F. ) ;
#4248 = FACE_OUTER_BOUND ( 'NONE', #1505, .T. ) ;
#4249 = CARTESIAN_POINT ( 'NONE',  ( -12.46368283919162501, 5.000000000000000000, 20.12958243201480002 ) ) ;
#4250 = ADVANCED_FACE ( 'NONE', ( #6161 ), #8413, .T. ) ;
#4251 = DIRECTION ( 'NONE',  ( -0.000000000000000000, -1.000000000000000000, -0.000000000000000000 ) ) ;
#4252 = CARTESIAN_POINT ( 'NONE',  ( 11.38441826952666069, 5.000000000000000000, 16.12111971201863980 ) ) ;
#4253 = PLANE ( 'NONE',  #10764 ) ;
#4254 = CARTESIAN_POINT ( 'NONE',  ( -38.82211221519163047, 5.000000000000000000, 0.000000000000000000 ) ) ;
#4255 = PLANE ( 'NONE',  #8673 ) ;
#4256 = DIRECTION ( 'NONE',  ( -0.000000000000000000, -1.000000000000000000, -0.000000000000000000 ) ) ;
#4257 = DIRECTION ( 'NONE',  ( -0.000000000000000000, -1.000000000000000000, -0.000000000000000000 ) ) ;
#4258 = ORIENTED_EDGE ( 'NONE', *, *, #5549, .T. ) ;
#4259 = LINE ( 'NONE', #1957, #7712 ) ;
#4260 = ORIENTED_EDGE ( 'NONE', *, *, #1138, .F. ) ;
#4261 = ORIENTED_EDGE ( 'NONE', *, *, #9506, .F. ) ;
#4262 = LINE ( 'NONE', #7357, #4380 ) ;
#4263 = CARTESIAN_POINT ( 'NONE',  ( -7.169005087191634651, 3.000000000000000000, -0.000000000000000000 ) ) ;
#4264 = PLANE ( 'NONE',  #1910 ) ;
#4265 = ADVANCED_FACE ( 'NONE', ( #12600 ), #10580, .T. ) ;
#4266 = ORIENTED_EDGE ( 'NONE', *, *, #5245, .T. ) ;
#4267 = EDGE_CURVE ( 'NONE', #257, #4291, #7499, .T. ) ;
#4268 = DIRECTION ( 'NONE',  ( -0.08028131410896158227, 0.000000000000000000, 0.9967722461048653670 ) ) ;
#4269 = EDGE_LOOP ( 'NONE', ( #2805, #2097, #2823, #12486 ) ) ;
#4270 = LINE ( 'NONE', #8551, #8011 ) ;
#4271 = CARTESIAN_POINT ( 'NONE',  ( 6.858902638616195091, 5.000000000000000000, 19.85669568888273417 ) ) ;
#4272 = LINE ( 'NONE', #11636, #5638 ) ;
#4273 = ORIENTED_EDGE ( 'NONE', *, *, #2287, .T. ) ;
#4274 = AXIS2_PLACEMENT_3D ( 'NONE', #4326, #9377, #2223 ) ;
#4275 = CARTESIAN_POINT ( 'NONE',  ( 16.62528479379694701, 3.000000000000000000, -2.302247558714849429 ) ) ;
#4276 = ORIENTED_EDGE ( 'NONE', *, *, #3348, .T. ) ;
#4277 = CARTESIAN_POINT ( 'NONE',  ( 1.813823850571896878, 3.000000000000000000, -2.683785669499867410 ) ) ;
#4278 = CARTESIAN_POINT ( 'NONE',  ( -4.817281611030923116, 5.000000000000000000, 8.604283150466546459 ) ) ;
#4279 = ORIENTED_EDGE ( 'NONE', *, *, #13236, .T. ) ;
#4280 = EDGE_CURVE ( 'NONE', #87, #10958, #3566, .T. ) ;
#4281 = ORIENTED_EDGE ( 'NONE', *, *, #484, .T. ) ;
#4282 = EDGE_CURVE ( 'NONE', #12686, #7749, #8906, .T. ) ;
#4283 = VECTOR ( 'NONE', #4190, 1000.000000000000000 ) ;
#4284 = AXIS2_PLACEMENT_3D ( 'NONE', #1718, #10322, #9347 ) ;
#4285 = LINE ( 'NONE', #8567, #13566 ) ;
#4286 = CARTESIAN_POINT ( 'NONE',  ( 0.000000000000000000, 5.000000000000000000, 20.22908540801479660 ) ) ;
#4287 = PLANE ( 'NONE',  #2285 ) ;
#4288 = ORIENTED_EDGE ( 'NONE', *, *, #12442, .T. ) ;
#4289 = CARTESIAN_POINT ( 'NONE',  ( 2.187994232808367912, 5.000000000000000000, -6.932171927985202764 ) ) ;
#4290 = CARTESIAN_POINT ( 'NONE',  ( 7.342376608808348415, 3.000000000000000000, 13.67547900801479521 ) ) ;
#4291 = VERTEX_POINT ( 'NONE', #13021 ) ;
#4292 = CARTESIAN_POINT ( 'NONE',  ( 49.39571388880837333, 5.000000000000000000, 21.15118872001479389 ) ) ;
#4293 = ORIENTED_EDGE ( 'NONE', *, *, #83, .F. ) ;
#4294 = DIRECTION ( 'NONE',  ( 0.000000000000000000, 0.000000000000000000, 1.000000000000000000 ) ) ;
#4295 = VECTOR ( 'NONE', #4454, 1000.000000000000000 ) ;
#4296 = ORIENTED_EDGE ( 'NONE', *, *, #1001, .F. ) ;
#4297 = AXIS2_PLACEMENT_3D ( 'NONE', #6096, #11227, #1828 ) ;
#4298 = ORIENTED_EDGE ( 'NONE', *, *, #7009, .T. ) ;
#4299 = EDGE_CURVE ( 'NONE', #4905, #178, #2517, .T. ) ;
#4300 = DIRECTION ( 'NONE',  ( -0.5957077070093449445, 0.000000000000000000, 0.8032012996812619710 ) ) ;
#4301 = ORIENTED_EDGE ( 'NONE', *, *, #8696, .F. ) ;
#4302 = DIRECTION ( 'NONE',  ( -1.000000000000000000, -0.000000000000000000, -0.000000000000000000 ) ) ;
#4303 = VECTOR ( 'NONE', #6743, 1000.000000000000000 ) ;
#4304 = DIRECTION ( 'NONE',  ( -0.000000000000000000, -1.000000000000000000, -0.000000000000000000 ) ) ;
#4305 = LINE ( 'NONE', #8518, #4960 ) ;
#4306 = LINE ( 'NONE', #10753, #9980 ) ;
#4307 = ADVANCED_FACE ( 'NONE', ( #10991 ), #9811, .T. ) ;
#4308 = DIRECTION ( 'NONE',  ( 1.000000000000000000, -0.000000000000000000, 0.000000000000000000 ) ) ;
#4309 = ORIENTED_EDGE ( 'NONE', *, *, #1616, .T. ) ;
#4310 = ORIENTED_EDGE ( 'NONE', *, *, #12936, .T. ) ;
#4311 = ORIENTED_EDGE ( 'NONE', *, *, #9318, .T. ) ;
#4312 = EDGE_CURVE ( 'NONE', #10314, #3101, #2452, .T. ) ;
#4313 = VECTOR ( 'NONE', #9537, 1000.000000000000000 ) ;
#4314 = DIRECTION ( 'NONE',  ( -0.9313481964236184352, 0.000000000000000000, 0.3641298353863262061 ) ) ;
#4315 = EDGE_CURVE ( 'NONE', #7944, #12629, #11908, .T. ) ;
#4316 = CARTESIAN_POINT ( 'NONE',  ( -3.862935806429702801, 3.000000000000000000, -1.513955130950037420 ) ) ;
#4317 = DIRECTION ( 'NONE',  ( 0.000000000000000000, 0.000000000000000000, -1.000000000000000000 ) ) ;
#4318 = DIRECTION ( 'NONE',  ( -0.000000000000000000, -1.000000000000000000, -0.000000000000000000 ) ) ;
#4319 = DIRECTION ( 'NONE',  ( -1.000000000000000000, 0.000000000000000000, 0.000000000000000000 ) ) ;
#4320 = CARTESIAN_POINT ( 'NONE',  ( 5.070459137921515591, 5.000000000000000000, 4.108854884201798896 ) ) ;
#4321 = AXIS2_PLACEMENT_3D ( 'NONE', #2410, #4713, #8991 ) ;
#4322 = FACE_OUTER_BOUND ( 'NONE', #7335, .T. ) ;
#4323 = PLANE ( 'NONE',  #8799 ) ;
#4324 = SHAPE_DEFINITION_REPRESENTATION ( #6893, #9946 ) ;
#4325 = EDGE_CURVE ( 'NONE', #3354, #13243, #4415, .T. ) ;
#4326 = CARTESIAN_POINT ( 'NONE',  ( 4.502204598913178479, 5.000000000000000000, -23.43107428125284386 ) ) ;
#4327 = ORIENTED_EDGE ( 'NONE', *, *, #10834, .F. ) ;
#4328 = DIRECTION ( 'NONE',  ( -0.8285237802757252634, 0.000000000000000000, -0.5599538780271298144 ) ) ;
#4329 = VERTEX_POINT ( 'NONE', #12112 ) ;
#4330 = EDGE_LOOP ( 'NONE', ( #8797, #13104, #3054, #3147 ) ) ;
#4331 = DIRECTION ( 'NONE',  ( 0.000000000000000000, 0.000000000000000000, 1.000000000000000000 ) ) ;
#4332 = LINE ( 'NONE', #4263, #7497 ) ;
#4333 = ADVANCED_FACE ( 'NONE', ( #5529 ), #5664, .T. ) ;
#4334 = DIRECTION ( 'NONE',  ( -1.000000000000000000, 0.000000000000000000, 0.000000000000000000 ) ) ;
#4335 = EDGE_LOOP ( 'NONE', ( #9728, #11669, #7821, #10199 ) ) ;
#4336 = AXIS2_PLACEMENT_3D ( 'NONE', #4698, #6940, #11147 ) ;
#4337 = CARTESIAN_POINT ( 'NONE',  ( 11.13019366857526116, 5.000000000000000000, -18.19994799644562988 ) ) ;
#4338 = ORIENTED_EDGE ( 'NONE', *, *, #4625, .F. ) ;
#4339 = VECTOR ( 'NONE', #5883, 999.9999999999998863 ) ;
#4340 = CC_DESIGN_APPROVAL ( #10976, ( #1483 ) ) ;
#4341 = CARTESIAN_POINT ( 'NONE',  ( 12.71183500880837869, 5.000000000000000000, 28.29563366401479740 ) ) ;
#4342 = CARTESIAN_POINT ( 'NONE',  ( 4.046923322466862594, 5.000000000000000000, 4.453219643477475564 ) ) ;
#4343 = ADVANCED_FACE ( 'NONE', ( #4550 ), #8830, .T. ) ;
#4344 = EDGE_CURVE ( 'NONE', #6766, #11240, #13095, .T. ) ;
#4345 = LINE ( 'NONE', #8554, #2952 ) ;
#4346 = ORIENTED_EDGE ( 'NONE', *, *, #12545, .F. ) ;
#4347 = VECTOR ( 'NONE', #11333, 1000.000000000000000 ) ;
#4348 = DIRECTION ( 'NONE',  ( -0.9606829169602389973, 0.000000000000000000, -0.2776478580158083798 ) ) ;
#4349 = ORIENTED_EDGE ( 'NONE', *, *, #10269, .F. ) ;
#4350 = ORIENTED_EDGE ( 'NONE', *, *, #2080, .T. ) ;
#4351 = VECTOR ( 'NONE', #6330, 999.9999999999998863 ) ;
#4352 = DIRECTION ( 'NONE',  ( -0.7223999833020824379, 0.000000000000000000, 0.6914754255395856308 ) ) ;
#4353 = VERTEX_POINT ( 'NONE', #6718 ) ;
#4354 = CARTESIAN_POINT ( 'NONE',  ( -54.50003190573397660, 5.000000000000000000, 8.761791919398385531 ) ) ;
#4355 = VERTEX_POINT ( 'NONE', #10019 ) ;
#4356 = ORIENTED_EDGE ( 'NONE', *, *, #7837, .T. ) ;
#4357 = AXIS2_PLACEMENT_3D ( 'NONE', #12116, #10081, #11067 ) ;
#4358 = CARTESIAN_POINT ( 'NONE',  ( 12.04192958736022234, 3.000000000000000000, 16.45074564705222286 ) ) ;
#4359 = VECTOR ( 'NONE', #12516, 1000.000000000000000 ) ;
#4360 = DIRECTION ( 'NONE',  ( 0.5602478574788759547, -0.000000000000000000, 0.8283250196573378465 ) ) ;
#4361 = DIRECTION ( 'NONE',  ( -0.7961630348195800622, 0.000000000000000000, -0.6050821613523869047 ) ) ;
#4362 = ORIENTED_EDGE ( 'NONE', *, *, #2949, .T. ) ;
#4363 = EDGE_CURVE ( 'NONE', #929, #13783, #5452, .T. ) ;
#4364 = DIRECTION ( 'NONE',  ( -0.4924492093481970256, 0.000000000000000000, -0.8703411837965244757 ) ) ;
#4365 = EDGE_LOOP ( 'NONE', ( #12693, #312, #5847, #8718 ) ) ;
#4366 = CARTESIAN_POINT ( 'NONE',  ( -29.80370647707420773, 5.000000000000000000, 6.009765899963235292 ) ) ;
#4367 = ORIENTED_EDGE ( 'NONE', *, *, #11735, .T. ) ;
#4368 = CARTESIAN_POINT ( 'NONE',  ( 21.80802306480837061, 5.000000000000000000, 26.13005201601479754 ) ) ;
#4369 = VECTOR ( 'NONE', #13154, 1000.000000000000000 ) ;
#4370 = VERTEX_POINT ( 'NONE', #9738 ) ;
#4371 = DIRECTION ( 'NONE',  ( -0.000000000000000000, -1.000000000000000000, -0.000000000000000000 ) ) ;
#4372 = VECTOR ( 'NONE', #11096, 1000.000000000000114 ) ;
#4373 = ORIENTED_EDGE ( 'NONE', *, *, #12133, .F. ) ;
#4374 = LINE ( 'NONE', #3320, #6636 ) ;
#4375 = VERTEX_POINT ( 'NONE', #11065 ) ;
#4376 = DIRECTION ( 'NONE',  ( 0.9820357469730575106, 0.000000000000000000, 0.1886949699039933426 ) ) ;
#4377 = VECTOR ( 'NONE', #12926, 1000.000000000000000 ) ;
#4378 = CARTESIAN_POINT ( 'NONE',  ( -13.87588727919164455, 3.000000000000000000, 20.74081514401479609 ) ) ;
#4379 = FACE_OUTER_BOUND ( 'NONE', #4564, .T. ) ;
#4380 = VECTOR ( 'NONE', #10647, 999.9999999999998863 ) ;
#4381 = CARTESIAN_POINT ( 'NONE',  ( -9.610360866512278832, 5.000000000000000000, 16.98508738463154799 ) ) ;
#4382 = EDGE_CURVE ( 'NONE', #6392, #3498, #4691, .T. ) ;
#4383 = VECTOR ( 'NONE', #5321, 1000.000000000000114 ) ;
#4384 = EDGE_CURVE ( 'NONE', #12833, #11288, #8964, .T. ) ;
#4385 = ORIENTED_EDGE ( 'NONE', *, *, #13561, .F. ) ;
#4386 = LINE ( 'NONE', #6764, #339 ) ;
#4387 = VERTEX_POINT ( 'NONE', #3353 ) ;
#4388 = VERTEX_POINT ( 'NONE', #6579 ) ;
#4389 = ORIENTED_EDGE ( 'NONE', *, *, #7485, .T. ) ;
#4390 = CARTESIAN_POINT ( 'NONE',  ( -25.71984428719162352, 3.000000000000000000, 20.22908540801479660 ) ) ;
#4391 = DIRECTION ( 'NONE',  ( 0.000000000000000000, 1.000000000000000000, 0.000000000000000000 ) ) ;
#4392 = VECTOR ( 'NONE', #8794, 1000.000000000000114 ) ;
#4393 = CARTESIAN_POINT ( 'NONE',  ( 26.00692652880836064, 5.000000000000000000, 32.03596146401479672 ) ) ;
#4394 = AXIS2_PLACEMENT_3D ( 'NONE', #7325, #6263, #810 ) ;
#4395 = FACE_OUTER_BOUND ( 'NONE', #9707, .T. ) ;
#4396 = CARTESIAN_POINT ( 'NONE',  ( 11.59690708880837740, 5.000000000000000000, 28.75297692001479177 ) ) ;
#4397 = FACE_OUTER_BOUND ( 'NONE', #4584, .T. ) ;
#4398 = ADVANCED_FACE ( 'NONE', ( #148 ), #12954, .T. ) ;
#4399 = LINE ( 'NONE', #7562, #8999 ) ;
#4400 = ADVANCED_FACE ( 'NONE', ( #7636 ), #4482, .T. ) ;
#4401 = LINE ( 'NONE', #7963, #747 ) ;
#4402 = VECTOR ( 'NONE', #8633, 1000.000000000000000 ) ;
#4403 = CARTESIAN_POINT ( 'NONE',  ( -22.46218960580909041, 3.000000000000000000, 35.34629060307533166 ) ) ;
#4404 = ORIENTED_EDGE ( 'NONE', *, *, #3497, .F. ) ;
#4405 = DIRECTION ( 'NONE',  ( -0.000000000000000000, -1.000000000000000000, -0.000000000000000000 ) ) ;
#4406 = VECTOR ( 'NONE', #426, 1000.000000000000000 ) ;
#4407 = VECTOR ( 'NONE', #3094, 1000.000000000000000 ) ;
#4408 = ORIENTED_EDGE ( 'NONE', *, *, #8872, .F. ) ;
#4409 = ORIENTED_EDGE ( 'NONE', *, *, #1529, .F. ) ;
#4410 = DIRECTION ( 'NONE',  ( -1.000000000000000000, 0.000000000000000000, -0.000000000000000000 ) ) ;
#4411 = ORIENTED_EDGE ( 'NONE', *, *, #9892, .T. ) ;
#4412 = DIRECTION ( 'NONE',  ( -0.9616069243909919351, 0.000000000000000000, 0.2744305430583430239 ) ) ;
#4413 = LINE ( 'NONE', #3283, #13490 ) ;
#4414 = EDGE_LOOP ( 'NONE', ( #1681, #1216, #3816, #13532 ) ) ;
#4415 = LINE ( 'NONE', #9874, #7993 ) ;
#4416 = ORIENTED_EDGE ( 'NONE', *, *, #3971, .T. ) ;
#4417 = EDGE_CURVE ( 'NONE', #4329, #1289, #9165, .T. ) ;
#4418 = VECTOR ( 'NONE', #6966, 1000.000000000000114 ) ;
#4419 = VECTOR ( 'NONE', #11568, 999.9999999999998863 ) ;
#4420 = ADVANCED_FACE ( 'NONE', ( #2857 ), #10080, .F. ) ;
#4421 = DIRECTION ( 'NONE',  ( -0.2988038448905470101, 0.000000000000000000, 0.9543145510148243194 ) ) ;
#4422 = EDGE_CURVE ( 'NONE', #6272, #10305, #4890, .T. ) ;
#4423 = LINE ( 'NONE', #4342, #741 ) ;
#4424 = PLANE ( 'NONE',  #12135 ) ;
#4425 = ORIENTED_EDGE ( 'NONE', *, *, #7360, .T. ) ;
#4426 = DIRECTION ( 'NONE',  ( -0.000000000000000000, -1.000000000000000000, -0.000000000000000000 ) ) ;
#4427 = ORIENTED_EDGE ( 'NONE', *, *, #12052, .T. ) ;
#4428 = ORIENTED_EDGE ( 'NONE', *, *, #6738, .F. ) ;
#4429 = PLANE ( 'NONE',  #12221 ) ;
#4430 = VECTOR ( 'NONE', #4937, 1000.000000000000000 ) ;
#4431 = FACE_OUTER_BOUND ( 'NONE', #4933, .T. ) ;
#4432 = ORIENTED_EDGE ( 'NONE', *, *, #4422, .T. ) ;
#4433 = ORIENTED_EDGE ( 'NONE', *, *, #1575, .T. ) ;
#4434 = EDGE_CURVE ( 'NONE', #13618, #451, #9100, .T. ) ;
#4435 = PLANE ( 'NONE',  #11129 ) ;
#4436 = DIRECTION ( 'NONE',  ( 0.9926243291993990248, 0.000000000000000000, -0.1212309411059864228 ) ) ;
#4437 = LINE ( 'NONE', #8854, #11566 ) ;
#4438 = FACE_OUTER_BOUND ( 'NONE', #6346, .T. ) ;
#4439 = VERTEX_POINT ( 'NONE', #8190 ) ;
#4440 = CARTESIAN_POINT ( 'NONE',  ( -3.215663894541334056, 5.000000000000000000, 33.19001257387542836 ) ) ;
#4441 = VERTEX_POINT ( 'NONE', #7990 ) ;
#4442 = DIRECTION ( 'NONE',  ( -0.4472135954999590379, 0.000000000000000000, -0.8944271909999153003 ) ) ;
#4443 = ORIENTED_EDGE ( 'NONE', *, *, #5910, .F. ) ;
#4444 = DIRECTION ( 'NONE',  ( -0.6905166987910825727, 0.000000000000000000, -0.7233164512788751166 ) ) ;
#4445 = ORIENTED_EDGE ( 'NONE', *, *, #3853, .T. ) ;
#4446 = CARTESIAN_POINT ( 'NONE',  ( -7.680177885982168995, 3.000000000000000000, 39.77779341326842655 ) ) ;
#4447 = ORIENTED_EDGE ( 'NONE', *, *, #80, .F. ) ;
#4448 = PLANE ( 'NONE',  #7985 ) ;
#4449 = ORIENTED_EDGE ( 'NONE', *, *, #3724, .F. ) ;
#4450 = EDGE_CURVE ( 'NONE', #12448, #3304, #4822, .T. ) ;
#4451 = EDGE_CURVE ( 'NONE', #8428, #6894, #9303, .T. ) ;
#4452 = PLANE ( 'NONE',  #3607 ) ;
#4453 = DIRECTION ( 'NONE',  ( -1.000000000000000000, 0.000000000000000000, 0.000000000000000000 ) ) ;
#4454 = DIRECTION ( 'NONE',  ( -0.000000000000000000, -1.000000000000000000, -0.000000000000000000 ) ) ;
#4455 = CARTESIAN_POINT ( 'NONE',  ( 20.99903509680835256, 5.000000000000000000, 29.77800712801479577 ) ) ;
#4456 = ORIENTED_EDGE ( 'NONE', *, *, #3138, .T. ) ;
#4457 = VERTEX_POINT ( 'NONE', #13293 ) ;
#4458 = DIRECTION ( 'NONE',  ( -0.7304253190171671184, 0.000000000000000000, 0.6829925719498488590 ) ) ;
#4459 = ORIENTED_EDGE ( 'NONE', *, *, #9633, .T. ) ;
#4460 = ORIENTED_EDGE ( 'NONE', *, *, #12713, .T. ) ;
#4461 = VERTEX_POINT ( 'NONE', #9229 ) ;
#4462 = DIRECTION ( 'NONE',  ( 1.000000000000000000, 0.000000000000000000, -0.000000000000000000 ) ) ;
#4463 = CARTESIAN_POINT ( 'NONE',  ( -8.137960223191619491, 5.000000000000000000, 21.72616852001479160 ) ) ;
#4464 = EDGE_CURVE ( 'NONE', #11579, #2966, #13424, .T. ) ;
#4465 = CARTESIAN_POINT ( 'NONE',  ( -27.17098083119162411, 5.000000000000000000, 13.67547900801479521 ) ) ;
#4466 = EDGE_CURVE ( 'NONE', #13478, #11954, #1673, .T. ) ;
#4467 = LINE ( 'NONE', #4252, #10247 ) ;
#4468 = LINE ( 'NONE', #6424, #9882 ) ;
#4469 = CARTESIAN_POINT ( 'NONE',  ( 31.78104655280836965, 3.000000000000000000, 20.19586627201478990 ) ) ;
#4470 = LINE ( 'NONE', #7699, #8766 ) ;
#4471 = DIRECTION ( 'NONE',  ( 0.6881667630895266230, 0.000000000000000000, 0.7255525523205630378 ) ) ;
#4472 = DIRECTION ( 'NONE',  ( -0.000000000000000000, -1.000000000000000000, -0.000000000000000000 ) ) ;
#4473 = ORIENTED_EDGE ( 'NONE', *, *, #410, .T. ) ;
#4474 = PLANE ( 'NONE',  #8829 ) ;
#4475 = EDGE_LOOP ( 'NONE', ( #8522, #13399, #4861, #3141 ) ) ;
#4476 = CARTESIAN_POINT ( 'NONE',  ( 52.18798160880837855, 3.000000000000000000, 21.00100156801478946 ) ) ;
#4477 = ORIENTED_EDGE ( 'NONE', *, *, #3687, .T. ) ;
#4478 = LINE ( 'NONE', #7910, #9511 ) ;
#4479 = CARTESIAN_POINT ( 'NONE',  ( -17.16920052205704650, 5.000000000000000000, 29.90346601672446170 ) ) ;
#4480 = ORIENTED_EDGE ( 'NONE', *, *, #3124, .F. ) ;
#4481 = EDGE_CURVE ( 'NONE', #593, #1469, #3832, .T. ) ;
#4482 = PLANE ( 'NONE',  #3517 ) ;
#4483 = EDGE_LOOP ( 'NONE', ( #13806, #6946, #4979, #3863 ) ) ;
#4484 = DIRECTION ( 'NONE',  ( -0.9818660923417412700, 0.000000000000000000, -0.1895757809150719619 ) ) ;
#4485 = DIRECTION ( 'NONE',  ( 0.9874952958460295749, 0.000000000000000000, -0.1576484718668804408 ) ) ;
#4486 = LINE ( 'NONE', #13372, #4751 ) ;
#4487 = ORIENTED_EDGE ( 'NONE', *, *, #10353, .F. ) ;
#4488 = CARTESIAN_POINT ( 'NONE',  ( 19.92161180080837113, 5.000000000000000000, 23.12035724801479475 ) ) ;
#4489 = EDGE_CURVE ( 'NONE', #7355, #6321, #3704, .T. ) ;
#4490 = ORIENTED_EDGE ( 'NONE', *, *, #3499, .F. ) ;
#4491 = PLANE ( 'NONE',  #141 ) ;
#4492 = ORIENTED_EDGE ( 'NONE', *, *, #12117, .T. ) ;
#4493 = PLANE ( 'NONE',  #10622 ) ;
#4494 = FACE_OUTER_BOUND ( 'NONE', #961, .T. ) ;
#4495 = ORIENTED_EDGE ( 'NONE', *, *, #8256, .F. ) ;
#4496 = ADVANCED_FACE ( 'NONE', ( #7065 ), #6071, .T. ) ;
#4497 = ADVANCED_FACE ( 'NONE', ( #6004 ), #11340, .T. ) ;
#4498 = ORIENTED_EDGE ( 'NONE', *, *, #7664, .T. ) ;
#4499 = FACE_OUTER_BOUND ( 'NONE', #8169, .T. ) ;
#4500 = PLANE ( 'NONE',  #1823 ) ;
#4501 = AXIS2_PLACEMENT_3D ( 'NONE', #8063, #6149, #497 ) ;
#4502 = DIRECTION ( 'NONE',  ( 0.000000000000000000, 0.000000000000000000, -1.000000000000000000 ) ) ;
#4503 = DIRECTION ( 'NONE',  ( -0.8964324551663571672, 0.000000000000000000, 0.4431803846340868769 ) ) ;
#4504 = EDGE_LOOP ( 'NONE', ( #7628, #8489, #5487, #13632 ) ) ;
#4505 = CARTESIAN_POINT ( 'NONE',  ( 11.34732695584693829, 3.000000000000000000, -7.639095889918696258 ) ) ;
#4506 = ORIENTED_EDGE ( 'NONE', *, *, #13474, .F. ) ;
#4507 = DIRECTION ( 'NONE',  ( -0.9238789273892190623, 0.000000000000000000, 0.3826848932557258554 ) ) ;
#4508 = EDGE_CURVE ( 'NONE', #5149, #9505, #6996, .T. ) ;
#4509 = VERTEX_POINT ( 'NONE', #7913 ) ;
#4510 = DIRECTION ( 'NONE',  ( 0.000000000000000000, 0.000000000000000000, -1.000000000000000000 ) ) ;
#4511 = ORIENTED_EDGE ( 'NONE', *, *, #5273, .F. ) ;
#4512 = LINE ( 'NONE', #8995, #1502 ) ;
#4513 = ORIENTED_EDGE ( 'NONE', *, *, #6919, .F. ) ;
#4514 = VECTOR ( 'NONE', #11291, 1000.000000000000000 ) ;
#4515 = CARTESIAN_POINT ( 'NONE',  ( -9.610360866512278832, 5.000000000000000000, 16.98508738463154799 ) ) ;
#4516 = VECTOR ( 'NONE', #13600, 1000.000000000000000 ) ;
#4517 = ORIENTED_EDGE ( 'NONE', *, *, #12318, .T. ) ;
#4518 = LINE ( 'NONE', #5490, #7424 ) ;
#4519 = CARTESIAN_POINT ( 'NONE',  ( -34.53050078319161997, 5.000000000000000000, 32.03596146401479672 ) ) ;
#4520 = PLANE ( 'NONE',  #3624 ) ;
#4521 = DIRECTION ( 'NONE',  ( 0.9195664660376039468, -0.000000000000000000, 0.3929344914093342300 ) ) ;
#4522 = VECTOR ( 'NONE', #10192, 1000.000000000000227 ) ;
#4523 = VECTOR ( 'NONE', #3010, 1000.000000000000000 ) ;
#4524 = EDGE_CURVE ( 'NONE', #367, #10505, #2588, .T. ) ;
#4525 = ADVANCED_FACE ( 'NONE', ( #11137 ), #1541, .T. ) ;
#4526 = DIRECTION ( 'NONE',  ( -0.6829925719498489700, 0.000000000000000000, -0.7304253190171672294 ) ) ;
#4527 = ORIENTED_EDGE ( 'NONE', *, *, #8515, .F. ) ;
#4528 = ORIENTED_EDGE ( 'NONE', *, *, #5775, .F. ) ;
#4529 = VERTEX_POINT ( 'NONE', #10149 ) ;
#4530 = LINE ( 'NONE', #9925, #3701 ) ;
#4531 = CARTESIAN_POINT ( 'NONE',  ( 14.82303220880837280, 5.000000000000000000, 21.45773217601479388 ) ) ;
#4532 = CARTESIAN_POINT ( 'NONE',  ( 49.76758154206476803, 3.000000000000000000, -5.443684590945589541 ) ) ;
#4533 = VECTOR ( 'NONE', #4849, 1000.000000000000000 ) ;
#4534 = VECTOR ( 'NONE', #4376, 1000.000000000000000 ) ;
#4535 = LINE ( 'NONE', #5791, #12696 ) ;
#4536 = FACE_OUTER_BOUND ( 'NONE', #8897, .T. ) ;
#4537 = CARTESIAN_POINT ( 'NONE',  ( -3.638808439191620892, 5.000000000000000000, 32.03596146401479672 ) ) ;
#4538 = DIRECTION ( 'NONE',  ( 0.9234200574215858381, 0.000000000000000000, -0.3837908252570857992 ) ) ;
#4539 = EDGE_LOOP ( 'NONE', ( #8082, #5585, #11423, #621 ) ) ;
#4540 = EDGE_CURVE ( 'NONE', #6500, #1902, #13366, .T. ) ;
#4541 = VECTOR ( 'NONE', #7274, 1000.000000000000000 ) ;
#4542 = FACE_OUTER_BOUND ( 'NONE', #10816, .T. ) ;
#4543 = VERTEX_POINT ( 'NONE', #2717 ) ;
#4544 = ORIENTED_EDGE ( 'NONE', *, *, #3535, .F. ) ;
#4545 = DIRECTION ( 'NONE',  ( -0.000000000000000000, -1.000000000000000000, -0.000000000000000000 ) ) ;
#4546 = EDGE_LOOP ( 'NONE', ( #10325, #6777, #11771, #571 ) ) ;
#4547 = LINE ( 'NONE', #12109, #7956 ) ;
#4548 = FACE_OUTER_BOUND ( 'NONE', #2302, .T. ) ;
#4549 = ORIENTED_EDGE ( 'NONE', *, *, #6318, .F. ) ;
#4550 = FACE_OUTER_BOUND ( 'NONE', #9671, .T. ) ;
#4551 = ORIENTED_EDGE ( 'NONE', *, *, #5547, .T. ) ;
#4552 = VECTOR ( 'NONE', #802, 1000.000000000000000 ) ;
#4553 = DIRECTION ( 'NONE',  ( 1.000000000000000000, 0.000000000000000000, -0.000000000000000000 ) ) ;
#4554 = DIRECTION ( 'NONE',  ( -0.3693887080512763821, 0.000000000000000000, -0.9292749767233640101 ) ) ;
#4555 = LINE ( 'NONE', #11794, #5876 ) ;
#4556 = LINE ( 'NONE', #3507, #9009 ) ;
#4557 = ORIENTED_EDGE ( 'NONE', *, *, #83, .T. ) ;
#4558 = EDGE_CURVE ( 'NONE', #11591, #5930, #3123, .T. ) ;
#4559 = CARTESIAN_POINT ( 'NONE',  ( 24.77086092880837143, 5.000000000000000000, 32.03596146401479672 ) ) ;
#4560 = CC_DESIGN_PERSON_AND_ORGANIZATION_ASSIGNMENT ( #3130, #1809, ( #3631 ) ) ;
#4561 = VERTEX_POINT ( 'NONE', #6141 ) ;
#4562 = ORIENTED_EDGE ( 'NONE', *, *, #5592, .T. ) ;
#4563 = CARTESIAN_POINT ( 'NONE',  ( -84.00000000000001421, 0.000000000000000000, 25.54999999999999005 ) ) ;
#4564 = EDGE_LOOP ( 'NONE', ( #8009, #11490, #10098, #13649 ) ) ;
#4565 = VECTOR ( 'NONE', #9541, 1000.000000000000227 ) ;
#4566 = DIRECTION ( 'NONE',  ( -1.000000000000000000, 0.000000000000000000, -0.000000000000000000 ) ) ;
#4567 = LINE ( 'NONE', #6735, #7252 ) ;
#4568 = ORIENTED_EDGE ( 'NONE', *, *, #4315, .F. ) ;
#4569 = ORIENTED_EDGE ( 'NONE', *, *, #1618, .F. ) ;
#4570 = EDGE_CURVE ( 'NONE', #11973, #5329, #967, .T. ) ;
#4571 = CARTESIAN_POINT ( 'NONE',  ( -27.67035092719162392, 3.000000000000000000, 21.44784446401479627 ) ) ;
#4572 = DIRECTION ( 'NONE',  ( -0.1212309411059864228, 0.000000000000000000, -0.9926243291993990248 ) ) ;
#4573 = AXIS2_PLACEMENT_3D ( 'NONE', #698, #4832, #9173 ) ;
#4574 = CARTESIAN_POINT ( 'NONE',  ( -2.627152608230681530, 3.000000000000000000, -1.948471767704772262 ) ) ;
#4575 = CARTESIAN_POINT ( 'NONE',  ( 9.955597793216586666, 3.000000000000000000, 34.44713312906422686 ) ) ;
#4576 = VECTOR ( 'NONE', #6945, 1000.000000000000000 ) ;
#4577 = DIRECTION ( 'NONE',  ( -0.9206396634744362650, 0.000000000000000000, -0.3904133835278661424 ) ) ;
#4578 = EDGE_LOOP ( 'NONE', ( #8412, #13421, #2460, #3851 ) ) ;
#4579 = EDGE_CURVE ( 'NONE', #5700, #6684, #13769, .T. ) ;
#4580 = LINE ( 'NONE', #3735, #9705 ) ;
#4581 = ADVANCED_FACE ( 'NONE', ( #6217 ), #8527, .T. ) ;
#4582 = ORIENTED_EDGE ( 'NONE', *, *, #1512, .T. ) ;
#4583 = DIRECTION ( 'NONE',  ( 0.3815718926976358061, 0.000000000000000000, 0.9243391643239747824 ) ) ;
#4584 = EDGE_LOOP ( 'NONE', ( #9998, #12565, #1323, #7390 ) ) ;
#4585 = CARTESIAN_POINT ( 'NONE',  ( -11.87593598319162780, 5.000000000000000000, 32.34003400801479700 ) ) ;
#4586 = ORIENTED_EDGE ( 'NONE', *, *, #12373, .T. ) ;
#4587 = VECTOR ( 'NONE', #6552, 1000.000000000000000 ) ;
#4588 = DIRECTION ( 'NONE',  ( -0.09599296999206906322, 0.000000000000000000, -0.9953820119492323704 ) ) ;
#4589 = ORIENTED_EDGE ( 'NONE', *, *, #3409, .F. ) ;
#4590 = VECTOR ( 'NONE', #1619, 1000.000000000000000 ) ;
#4591 = EDGE_CURVE ( 'NONE', #1885, #1572, #13692, .T. ) ;
#4592 = CARTESIAN_POINT ( 'NONE',  ( -12.22233675662311292, 5.000000000000000000, -24.72243746901373740 ) ) ;
#4593 = DIRECTION ( 'NONE',  ( 1.000000000000000000, 0.000000000000000000, 0.000000000000000000 ) ) ;
#4594 = DIRECTION ( 'NONE',  ( 0.9966490741344997684, 0.000000000000000000, -0.08179622868350659715 ) ) ;
#4595 = LINE ( 'NONE', #10059, #1472 ) ;
#4596 = CIRCLE ( 'NONE', #5030, 1.699999999999999289 ) ;
#4597 = ADVANCED_FACE ( 'NONE', ( #10631 ), #12581, .T. ) ;
#4598 = AXIS2_PLACEMENT_3D ( 'NONE', #6929, #3189, #11471 ) ;
#4599 = DIRECTION ( 'NONE',  ( -0.1886949699039869310, 0.000000000000000000, 0.9820357469730587319 ) ) ;
#4600 = ORIENTED_EDGE ( 'NONE', *, *, #7752, .F. ) ;
#4601 = VERTEX_POINT ( 'NONE', #4111 ) ;
#4602 = ORIENTED_EDGE ( 'NONE', *, *, #9724, .F. ) ;
#4603 = FACE_OUTER_BOUND ( 'NONE', #3018, .T. ) ;
#4604 = DIRECTION ( 'NONE',  ( -0.000000000000000000, 1.000000000000000000, -0.000000000000000000 ) ) ;
#4605 = VECTOR ( 'NONE', #13205, 1000.000000000000000 ) ;
#4606 = AXIS2_PLACEMENT_3D ( 'NONE', #718, #5898, #4980 ) ;
#4607 = EDGE_CURVE ( 'NONE', #6704, #8508, #11749, .T. ) ;
#4608 = DIRECTION ( 'NONE',  ( -1.000000000000000000, 0.000000000000000000, 0.000000000000000000 ) ) ;
#4609 = CARTESIAN_POINT ( 'NONE',  ( 76.49999999999998579, 0.000000000000000000, -5.000000000000004441 ) ) ;
#4610 = CARTESIAN_POINT ( 'NONE',  ( -51.34096043119163255, 5.000000000000000000, 28.41182444001479723 ) ) ;
#4611 = CARTESIAN_POINT ( 'NONE',  ( 11.31227570480836953, 3.000000000000000000, 27.44807224001478829 ) ) ;
#4612 = ORIENTED_EDGE ( 'NONE', *, *, #10093, .F. ) ;
#4613 = CARTESIAN_POINT ( 'NONE',  ( -8.314097521229390608, 5.000000000000000000, 20.27741708256545650 ) ) ;
#4614 = VERTEX_POINT ( 'NONE', #7269 ) ;
#4615 = VERTEX_POINT ( 'NONE', #10558 ) ;
#4616 = VECTOR ( 'NONE', #6943, 1000.000000000000000 ) ;
#4617 = CARTESIAN_POINT ( 'NONE',  ( -1.711773009259218492, 5.000000000000000000, 14.83589374024591301 ) ) ;
#4618 = ORIENTED_EDGE ( 'NONE', *, *, #12885, .F. ) ;
#4619 = VECTOR ( 'NONE', #707, 1000.000000000000114 ) ;
#4620 = DIRECTION ( 'NONE',  ( -0.000000000000000000, -1.000000000000000000, -0.000000000000000000 ) ) ;
#4621 = DIRECTION ( 'NONE',  ( -0.6850246244096596104, 0.000000000000000000, -0.7285199132161076507 ) ) ;
#4622 = VERTEX_POINT ( 'NONE', #5301 ) ;
#4623 = CARTESIAN_POINT ( 'NONE',  ( 0.000000000000000000, 5.000000000000000000, 12.62482528001480020 ) ) ;
#4624 = EDGE_LOOP ( 'NONE', ( #577, #9395, #5374, #405 ) ) ;
#4625 = EDGE_CURVE ( 'NONE', #12314, #11228, #6422, .T. ) ;
#4626 = EDGE_CURVE ( 'NONE', #3596, #4963, #5362, .T. ) ;
#4627 = AXIS2_PLACEMENT_3D ( 'NONE', #2509, #13287, #6782 ) ;
#4628 = CARTESIAN_POINT ( 'NONE',  ( -34.33674145268113875, 3.000000000000000000, -6.086046225715334934 ) ) ;
#4629 = VECTOR ( 'NONE', #8255, 1000.000000000000000 ) ;
#4630 = CARTESIAN_POINT ( 'NONE',  ( -17.56429646319163140, 3.000000000000000000, 19.92748276001479724 ) ) ;
#4631 = CARTESIAN_POINT ( 'NONE',  ( 13.53999692880837102, 5.000000000000000000, 29.86543392801479868 ) ) ;
#4632 = CARTESIAN_POINT ( 'NONE',  ( 23.10255744158626001, 5.000000000000000000, 24.70699328575151199 ) ) ;
#4633 = DIRECTION ( 'NONE',  ( -0.000000000000000000, -1.000000000000000000, -0.000000000000000000 ) ) ;
#4634 = ORIENTED_EDGE ( 'NONE', *, *, #8559, .F. ) ;
#4635 = LINE ( 'NONE', #8915, #13060 ) ;
#4636 = VERTEX_POINT ( 'NONE', #11542 ) ;
#4637 = EDGE_LOOP ( 'NONE', ( #10307, #5441, #2494, #9081 ) ) ;
#4638 = ORIENTED_EDGE ( 'NONE', *, *, #2691, .F. ) ;
#4639 = CARTESIAN_POINT ( 'NONE',  ( -11.22823801519162501, 5.000000000000000000, -6.932171927985203652 ) ) ;
#4640 = PLANE ( 'NONE',  #10389 ) ;
#4641 = DIRECTION ( 'NONE',  ( -0.1587285709353788987, 0.000000000000000000, -0.9873222578108994396 ) ) ;
#4642 = EDGE_LOOP ( 'NONE', ( #9493, #13345, #10491, #3609, #11662, #10756, #7629, #7775, #1598, #2247 ) ) ;
#4643 = VECTOR ( 'NONE', #6883, 1000.000000000000227 ) ;
#4644 = AXIS2_PLACEMENT_3D ( 'NONE', #10734, #9617, #5400 ) ;
#4645 = EDGE_LOOP ( 'NONE', ( #9503, #6225, #12823, #7142 ) ) ;
#4646 = EDGE_CURVE ( 'NONE', #11781, #2399, #830, .T. ) ;
#4647 = CARTESIAN_POINT ( 'NONE',  ( 18.83888803280838431, 5.000000000000000000, 30.41470283201479319 ) ) ;
#4648 = EDGE_CURVE ( 'NONE', #6976, #9335, #897, .T. ) ;
#4649 = FACE_OUTER_BOUND ( 'NONE', #9619, .T. ) ;
#4650 = LINE ( 'NONE', #7940, #1508 ) ;
#4651 = CARTESIAN_POINT ( 'NONE',  ( 52.80693795280836156, 3.000000000000000000, 22.34290287201478975 ) ) ;
#4652 = LINE ( 'NONE', #12140, #11016 ) ;
#4653 = ORIENTED_EDGE ( 'NONE', *, *, #13507, .F. ) ;
#4654 = VECTOR ( 'NONE', #12924, 1000.000000000000000 ) ;
#4655 = CARTESIAN_POINT ( 'NONE',  ( 25.42678138480835770, 5.000000000000000000, 13.27491999201479800 ) ) ;
#4656 = EDGE_LOOP ( 'NONE', ( #2039, #11099, #11598, #3488 ) ) ;
#4657 = ORIENTED_EDGE ( 'NONE', *, *, #12092, .T. ) ;
#4658 = CARTESIAN_POINT ( 'NONE',  ( 19.67878720059907849, 3.000000000000000000, 13.31336794379032895 ) ) ;
#4659 = ORIENTED_EDGE ( 'NONE', *, *, #11715, .F. ) ;
#4660 = DIRECTION ( 'NONE',  ( -0.000000000000000000, -1.000000000000000000, -0.000000000000000000 ) ) ;
#4661 = VERTEX_POINT ( 'NONE', #2916 ) ;
#4662 = FACE_OUTER_BOUND ( 'NONE', #2854, .T. ) ;
#4663 = ORIENTED_EDGE ( 'NONE', *, *, #12179, .F. ) ;
#4664 = ADVANCED_FACE ( 'NONE', ( #9436 ), #12656, .T. ) ;
#4665 = AXIS2_PLACEMENT_3D ( 'NONE', #7754, #7825, #1515 ) ;
#4666 = DIRECTION ( 'NONE',  ( -0.8964324551663571672, 0.000000000000000000, 0.4431803846340868769 ) ) ;
#4667 = CARTESIAN_POINT ( 'NONE',  ( -1.719451991859131335, 5.000000000000000000, -1.268867807905585732 ) ) ;
#4668 = DIRECTION ( 'NONE',  ( -0.7915814488744231658, 0.000000000000000000, 0.6110636708215183566 ) ) ;
#4669 = DIRECTION ( 'NONE',  ( -0.7603145504814728950, 0.000000000000000000, 0.6495550664309807098 ) ) ;
#4670 = FACE_OUTER_BOUND ( 'NONE', #11504, .T. ) ;
#4671 = VERTEX_POINT ( 'NONE', #4038 ) ;
#4672 = ORIENTED_EDGE ( 'NONE', *, *, #3836, .T. ) ;
#4673 = ADVANCED_FACE ( 'NONE', ( #3059 ), #5227, .T. ) ;
#4674 = ORIENTED_EDGE ( 'NONE', *, *, #4282, .T. ) ;
#4675 = LINE ( 'NONE', #544, #10551 ) ;
#4676 = EDGE_CURVE ( 'NONE', #2903, #6593, #11787, .T. ) ;
#4677 = EDGE_CURVE ( 'NONE', #8226, #12448, #9371, .T. ) ;
#4678 = LINE ( 'NONE', #545, #6426 ) ;
#4679 = CARTESIAN_POINT ( 'NONE',  ( 25.42678138480836125, 3.000000000000000000, 13.27491999201479977 ) ) ;
#4680 = CARTESIAN_POINT ( 'NONE',  ( -14.59668488270627940, 5.000000000000000000, 10.81198595305716736 ) ) ;
#4681 = AXIS2_PLACEMENT_3D ( 'NONE', #2283, #13277, #10202 ) ;
#4682 = ORIENTED_EDGE ( 'NONE', *, *, #6511, .T. ) ;
#4683 = DIRECTION ( 'NONE',  ( -0.8295378979889783677, 0.000000000000000000, 0.5584504237620626643 ) ) ;
#4684 = ORIENTED_EDGE ( 'NONE', *, *, #7066, .F. ) ;
#4685 = EDGE_CURVE ( 'NONE', #3441, #2672, #7316, .T. ) ;
#4686 = CARTESIAN_POINT ( 'NONE',  ( -9.025570335191623883, 5.000000000000000000, 25.95947476001479615 ) ) ;
#4687 = ORIENTED_EDGE ( 'NONE', *, *, #150, .T. ) ;
#4688 = DIRECTION ( 'NONE',  ( -0.1868648078520736833, 0.000000000000000000, 0.9823856389353456953 ) ) ;
#4689 = CARTESIAN_POINT ( 'NONE',  ( 8.507095640808371328, 3.000000000000000000, -7.854414431985190959 ) ) ;
#4690 = EDGE_LOOP ( 'NONE', ( #1181, #4551, #11526, #9662 ) ) ;
#4691 = LINE ( 'NONE', #1470, #4406 ) ;
#4692 = DIRECTION ( 'NONE',  ( -0.8199625269142671868, 0.000000000000000000, 0.5724172031450220910 ) ) ;
#4693 = CARTESIAN_POINT ( 'NONE',  ( 6.858902638616195091, 5.000000000000000000, 19.85669568888273417 ) ) ;
#4694 = CARTESIAN_POINT ( 'NONE',  ( -9.579329959191612787, 3.000000000000000000, 31.98157396801479280 ) ) ;
#4695 = DIRECTION ( 'NONE',  ( -1.000000000000000000, 0.000000000000000000, -0.000000000000000000 ) ) ;
#4696 = DIRECTION ( 'NONE',  ( -0.000000000000000000, 1.000000000000000000, -0.000000000000000000 ) ) ;
#4697 = ORIENTED_EDGE ( 'NONE', *, *, #2659, .T. ) ;
#4698 = CARTESIAN_POINT ( 'NONE',  ( -52.41611410427548634, 5.000000000000000000, 1.685889658447186301 ) ) ;
#4699 = ORIENTED_EDGE ( 'NONE', *, *, #5832, .T. ) ;
#4700 = CARTESIAN_POINT ( 'NONE',  ( -21.56172611119163207, 5.000000000000000000, 21.86068895201479734 ) ) ;
#4701 = ADVANCED_FACE ( 'NONE', ( #10833 ), #10761, .T. ) ;
#4702 = LINE ( 'NONE', #2397, #13082 ) ;
#4703 = DIRECTION ( 'NONE',  ( -0.000000000000000000, -1.000000000000000000, -0.000000000000000000 ) ) ;
#4704 = ORIENTED_EDGE ( 'NONE', *, *, #5196, .F. ) ;
#4705 = ORIENTED_EDGE ( 'NONE', *, *, #3317, .T. ) ;
#4706 = CARTESIAN_POINT ( 'NONE',  ( -43.64939135919163249, 5.000000000000000000, 32.23931081601480031 ) ) ;
#4707 = VECTOR ( 'NONE', #12454, 999.9999999999998863 ) ;
#4708 = DIRECTION ( 'NONE',  ( 0.000000000000000000, 1.000000000000000000, -0.000000000000000000 ) ) ;
#4709 = DIRECTION ( 'NONE',  ( 0.9305283590510228242, 0.000000000000000000, 0.3662198424468707247 ) ) ;
#4710 = LINE ( 'NONE', #3447, #11470 ) ;
#4711 = CARTESIAN_POINT ( 'NONE',  ( 1.771595405530974832, 5.000000000000000000, 20.06410459089091347 ) ) ;
#4712 = ORIENTED_EDGE ( 'NONE', *, *, #10207, .F. ) ;
#4713 = DIRECTION ( 'NONE',  ( 0.5906632831508634718, -0.000000000000000000, 0.8069181407909000736 ) ) ;
#4714 = ORIENTED_EDGE ( 'NONE', *, *, #1893, .T. ) ;
#4715 = DIRECTION ( 'NONE',  ( 0.000000000000000000, 0.000000000000000000, 1.000000000000000000 ) ) ;
#4716 = EDGE_CURVE ( 'NONE', #10049, #1391, #51, .T. ) ;
#4717 = VERTEX_POINT ( 'NONE', #338 ) ;
#4718 = CARTESIAN_POINT ( 'NONE',  ( 26.88858186480837276, 5.000000000000000000, 22.51139732801480164 ) ) ;
#4719 = EDGE_CURVE ( 'NONE', #7404, #3154, #1244, .T. ) ;
#4720 = ORIENTED_EDGE ( 'NONE', *, *, #6614, .F. ) ;
#4721 = DIRECTION ( 'NONE',  ( -0.3693887080512763821, 0.000000000000000000, -0.9292749767233640101 ) ) ;
#4722 = EDGE_LOOP ( 'NONE', ( #9365, #7671, #4997, #5083 ) ) ;
#4723 = DIRECTION ( 'NONE',  ( 0.000000000000000000, 1.000000000000000000, 0.000000000000000000 ) ) ;
#4724 = CARTESIAN_POINT ( 'NONE',  ( 20.36801476880835082, 5.000000000000000000, 30.70348559201479688 ) ) ;
#4725 = DIRECTION ( 'NONE',  ( 0.09225201146487579940, -0.000000000000000000, 0.9957356910248243986 ) ) ;
#4726 = DIRECTION ( 'NONE',  ( 0.5618752646636155923, 0.000000000000000000, 0.8272219695820415275 ) ) ;
#4727 = DIRECTION ( 'NONE',  ( 0.3921865056741485334, 0.000000000000000000, 0.9198857237543699439 ) ) ;
#4728 = CARTESIAN_POINT ( 'NONE',  ( -14.50132976719162414, 5.000000000000000000, 31.43523520801479876 ) ) ;
#4729 = EDGE_CURVE ( 'NONE', #1391, #8977, #11886, .T. ) ;
#4730 = VECTOR ( 'NONE', #3691, 1000.000000000000000 ) ;
#4731 = DIRECTION ( 'NONE',  ( 1.000000000000000000, 0.000000000000000000, -0.000000000000000000 ) ) ;
#4732 = ORIENTED_EDGE ( 'NONE', *, *, #11297, .T. ) ;
#4733 = ADVANCED_FACE ( 'NONE', ( #9792 ), #3402, .T. ) ;
#4734 = VERTEX_POINT ( 'NONE', #4465 ) ;
#4735 = ORIENTED_EDGE ( 'NONE', *, *, #3813, .T. ) ;
#4736 = DIRECTION ( 'NONE',  ( 0.1371697224134747484, 0.000000000000000000, 0.9905475593089966280 ) ) ;
#4737 = VECTOR ( 'NONE', #7755, 1000.000000000000000 ) ;
#4739 = LINE ( 'NONE', #13279, #10465 ) ;
#4738 = VECTOR ( 'NONE', #12359, 1000.000000000000000 ) ;
#4740 = LINE ( 'NONE', #9019, #13668 ) ;
#4741 = ADVANCED_FACE ( 'NONE', ( #198 ), #7618, .T. ) ;
#4742 = CARTESIAN_POINT ( 'NONE',  ( 53.01243004880836907, 5.000000000000000000, 24.22156510401480034 ) ) ;
#4743 = EDGE_CURVE ( 'NONE', #9680, #6959, #1379, .T. ) ;
#4744 = CARTESIAN_POINT ( 'NONE',  ( -12.27991197094070763, 3.000000000000000000, -1.328005308141339436 ) ) ;
#4745 = EDGE_CURVE ( 'NONE', #10132, #4329, #11961, .T. ) ;
#4746 = ORIENTED_EDGE ( 'NONE', *, *, #7007, .F. ) ;
#4747 = DIRECTION ( 'NONE',  ( -0.000000000000000000, 1.000000000000000000, -0.000000000000000000 ) ) ;
#4748 = VERTEX_POINT ( 'NONE', #13000 ) ;
#4749 = VECTOR ( 'NONE', #11931, 1000.000000000000114 ) ;
#4750 = DIRECTION ( 'NONE',  ( -1.000000000000000000, 0.000000000000000000, 0.000000000000000000 ) ) ;
#4751 = VECTOR ( 'NONE', #8263, 1000.000000000000114 ) ;
#4752 = CARTESIAN_POINT ( 'NONE',  ( 26.58293756880837577, 5.000000000000000000, 12.62729720801479871 ) ) ;
#4753 = ORIENTED_EDGE ( 'NONE', *, *, #2114, .T. ) ;
#4754 = DIRECTION ( 'NONE',  ( -0.000000000000000000, -1.000000000000000000, -0.000000000000000000 ) ) ;
#4755 = EDGE_CURVE ( 'NONE', #8238, #10773, #5577, .T. ) ;
#4756 = CARTESIAN_POINT ( 'NONE',  ( 2.599264164035895774, 3.000000000000000000, 4.971667412557167154 ) ) ;
#4757 = AXIS2_PLACEMENT_3D ( 'NONE', #12461, #7000, #3839 ) ;
#4758 = DIRECTION ( 'NONE',  ( -0.7348065996507560094, 0.000000000000000000, -0.6782766847752423889 ) ) ;
#4759 = CARTESIAN_POINT ( 'NONE',  ( 37.23533180880836824, 5.000000000000000000, 20.23155835201480102 ) ) ;
#4760 = PLANE ( 'NONE',  #1641 ) ;
#4761 = CARTESIAN_POINT ( 'NONE',  ( -84.00000000000001421, 0.000000000000000000, 29.04999999999999361 ) ) ;
#4762 = VERTEX_POINT ( 'NONE', #4393 ) ;
#4763 = LOCAL_TIME ( 15, 13, 8.000000000000000000, #1880 ) ;
#4764 = DIRECTION ( 'NONE',  ( 0.5726983836130417060, 0.000000000000000000, -0.8197661626384741274 ) ) ;
#4765 = EDGE_CURVE ( 'NONE', #8152, #11976, #8674, .T. ) ;
#4766 = VERTEX_POINT ( 'NONE', #6702 ) ;
#4767 = ORIENTED_EDGE ( 'NONE', *, *, #7195, .F. ) ;
#4768 = CARTESIAN_POINT ( 'NONE',  ( 38.47138724880836946, 5.000000000000000000, 0.000000000000000000 ) ) ;
#4769 = CARTESIAN_POINT ( 'NONE',  ( -13.33448932719162627, 3.000000000000000000, 32.10518154401479052 ) ) ;
#4770 = CARTESIAN_POINT ( 'NONE',  ( 8.978918928808372613, 5.000000000000000000, 0.000000000000000000 ) ) ;
#4771 = ORIENTED_EDGE ( 'NONE', *, *, #5509, .T. ) ;
#4772 = VECTOR ( 'NONE', #8717, 1000.000000000000000 ) ;
#4773 = VERTEX_POINT ( 'NONE', #9857 ) ;
#4774 = CARTESIAN_POINT ( 'NONE',  ( 15.66163640451633654, 5.000000000000000000, 27.46996339315762015 ) ) ;
#4775 = EDGE_CURVE ( 'NONE', #4803, #13233, #12859, .T. ) ;
#4776 = CARTESIAN_POINT ( 'NONE',  ( -39.11382308719162637, 5.000000000000000000, 28.12258549601479984 ) ) ;
#4777 = EDGE_CURVE ( 'NONE', #10013, #8100, #6635, .T. ) ;
#4778 = DIRECTION ( 'NONE',  ( 0.9962356249260626573, 0.000000000000000000, -0.08668667503242517836 ) ) ;
#4779 = CARTESIAN_POINT ( 'NONE',  ( -27.73834840556819969, 5.000000000000000000, 11.52815899183988790 ) ) ;
#4780 = CARTESIAN_POINT ( 'NONE',  ( -12.27991197094070763, 5.000000000000000000, -1.328005308141339436 ) ) ;
#4781 = ORIENTED_EDGE ( 'NONE', *, *, #8675, .T. ) ;
#4782 = VECTOR ( 'NONE', #10377, 1000.000000000000114 ) ;
#4783 = CARTESIAN_POINT ( 'NONE',  ( 0.000000000000000000, 5.000000000000000000, 12.62729720801479871 ) ) ;
#4784 = ORIENTED_EDGE ( 'NONE', *, *, #9251, .F. ) ;
#4785 = DIRECTION ( 'NONE',  ( -0.002103358651976024868, 0.000000000000000000, 0.9999977879387439428 ) ) ;
#4786 = ORIENTED_EDGE ( 'NONE', *, *, #2186, .F. ) ;
#4787 = CARTESIAN_POINT ( 'NONE',  ( 17.60425357960489023, 3.000000000000000000, 31.11327342896386838 ) ) ;
#4788 = VERTEX_POINT ( 'NONE', #7556 ) ;
#4789 = ORIENTED_EDGE ( 'NONE', *, *, #10090, .T. ) ;
#4790 = ORIENTED_EDGE ( 'NONE', *, *, #1410, .T. ) ;
#4791 = VECTOR ( 'NONE', #7704, 1000.000000000000114 ) ;
#4792 = PLANE ( 'NONE',  #1059 ) ;
#4793 = VECTOR ( 'NONE', #4641, 1000.000000000000114 ) ;
#4794 = EDGE_CURVE ( 'NONE', #8508, #1788, #11822, .T. ) ;
#4795 = LINE ( 'NONE', #3539, #8919 ) ;
#4796 = DIRECTION ( 'NONE',  ( -0.000000000000000000, -1.000000000000000000, -0.000000000000000000 ) ) ;
#4797 = CARTESIAN_POINT ( 'NONE',  ( 4.469600943213549726, 3.000000000000000000, 28.67522577427740060 ) ) ;
#4798 = DIRECTION ( 'NONE',  ( 0.000000000000000000, 1.000000000000000000, -0.000000000000000000 ) ) ;
#4799 = LINE ( 'NONE', #10060, #8140 ) ;
#4800 = VECTOR ( 'NONE', #7128, 999.9999999999998863 ) ;
#4801 = CARTESIAN_POINT ( 'NONE',  ( 0.000000000000000000, 5.000000000000000000, 32.03596146401479672 ) ) ;
#4802 = ORIENTED_EDGE ( 'NONE', *, *, #4685, .T. ) ;
#4803 = VERTEX_POINT ( 'NONE', #1169 ) ;
#4804 = ORIENTED_EDGE ( 'NONE', *, *, #12117, .F. ) ;
#4805 = LINE ( 'NONE', #6979, #12505 ) ;
#4806 = ADVANCED_FACE ( 'NONE', ( #124 ), #5905, .T. ) ;
#4807 = VECTOR ( 'NONE', #6480, 1000.000000000000000 ) ;
#4808 = CARTESIAN_POINT ( 'NONE',  ( 11.92533944137425017, 5.000000000000000000, -21.13752088284508801 ) ) ;
#4809 = EDGE_CURVE ( 'NONE', #6957, #2248, #10189, .T. ) ;
#4810 = CARTESIAN_POINT ( 'NONE',  ( 2.666459740120496136, 5.000000000000000000, 29.61223800294913744 ) ) ;
#4811 = VECTOR ( 'NONE', #4620, 1000.000000000000000 ) ;
#4812 = CYLINDRICAL_SURFACE ( 'NONE', #7502, 2.000000000000001776 ) ;
#4813 = CARTESIAN_POINT ( 'NONE',  ( 20.93252928890449382, 5.000000000000000000, 27.11022474983857222 ) ) ;
#4814 = ORIENTED_EDGE ( 'NONE', *, *, #167, .F. ) ;
#4815 = EDGE_LOOP ( 'NONE', ( #7296, #7688, #8763, #3915 ) ) ;
#4816 = DIRECTION ( 'NONE',  ( -0.000000000000000000, -1.000000000000000000, -0.000000000000000000 ) ) ;
#4817 = ORIENTED_EDGE ( 'NONE', *, *, #5341, .F. ) ;
#4818 = AXIS2_PLACEMENT_3D ( 'NONE', #12795, #7413, #11892 ) ;
#4819 = FACE_OUTER_BOUND ( 'NONE', #13274, .T. ) ;
#4820 = CARTESIAN_POINT ( 'NONE',  ( 31.93756236880837562, 5.000000000000000000, 12.62729720801479871 ) ) ;
#4821 = VECTOR ( 'NONE', #5257, 1000.000000000000000 ) ;
#4822 = LINE ( 'NONE', #12181, #9778 ) ;
#4823 = EDGE_CURVE ( 'NONE', #5412, #2580, #4863, .T. ) ;
#4824 = EDGE_CURVE ( 'NONE', #12123, #3657, #4010, .T. ) ;
#4825 = DIRECTION ( 'NONE',  ( 0.08795456370900253673, -0.000000000000000000, 0.9961244875630550499 ) ) ;
#4826 = FACE_OUTER_BOUND ( 'NONE', #10366, .T. ) ;
#4827 = CARTESIAN_POINT ( 'NONE',  ( -11.42106871919162892, 5.000000000000000000, -7.958103327985199371 ) ) ;
#4828 = LINE ( 'NONE', #3777, #7218 ) ;
#4829 = VECTOR ( 'NONE', #3137, 1000.000000000000000 ) ;
#4830 = LINE ( 'NONE', #3712, #12567 ) ;
#4831 = ORIENTED_EDGE ( 'NONE', *, *, #12864, .T. ) ;
#4832 = DIRECTION ( 'NONE',  ( -0.6725401063957643366, 0.000000000000000000, -0.7400606767618274073 ) ) ;
#4833 = VECTOR ( 'NONE', #10656, 1000.000000000000000 ) ;
#4834 = ORIENTED_EDGE ( 'NONE', *, *, #3012, .T. ) ;
#4835 = ORIENTED_EDGE ( 'NONE', *, *, #3705, .F. ) ;
#4836 = CARTESIAN_POINT ( 'NONE',  ( 16.50295297960343177, 5.000000000000000000, 18.03767474210377841 ) ) ;
#4837 = LINE ( 'NONE', #8204, #2789 ) ;
#4838 = PLANE ( 'NONE',  #11287 ) ;
#4839 = EDGE_CURVE ( 'NONE', #5756, #9457, #1712, .T. ) ;
#4840 = ORIENTED_EDGE ( 'NONE', *, *, #12815, .F. ) ;
#4841 = EDGE_LOOP ( 'NONE', ( #2256, #6175, #4022, #7029 ) ) ;
#4842 = VECTOR ( 'NONE', #181, 1000.000000000000000 ) ;
#4843 = ADVANCED_FACE ( 'NONE', ( #796 ), #8290, .T. ) ;
#4844 = VECTOR ( 'NONE', #2202, 1000.000000000000114 ) ;
#4845 = EDGE_CURVE ( 'NONE', #13273, #8270, #2891, .T. ) ;
#4846 = CARTESIAN_POINT ( 'NONE',  ( 76.49999999999998579, 3.000000000000000000, -3.300000000000005151 ) ) ;
#4847 = CARTESIAN_POINT ( 'NONE',  ( 20.99903509680835256, 5.000000000000000000, 29.77800712801479577 ) ) ;
#4848 = FACE_BOUND ( 'NONE', #11789, .T. ) ;
#4849 = DIRECTION ( 'NONE',  ( -0.000000000000000000, -1.000000000000000000, -0.000000000000000000 ) ) ;
#4850 = LINE ( 'NONE', #2939, #723 ) ;
#4851 = ORIENTED_EDGE ( 'NONE', *, *, #7246, .F. ) ;
#4852 = DIRECTION ( 'NONE',  ( 0.000000000000000000, 0.000000000000000000, 1.000000000000000000 ) ) ;
#4853 = ORIENTED_EDGE ( 'NONE', *, *, #12633, .F. ) ;
#4854 = DIRECTION ( 'NONE',  ( 0.9960954332223639351, 0.000000000000000000, -0.08828299900632675945 ) ) ;
#4855 = VERTEX_POINT ( 'NONE', #11310 ) ;
#4856 = VECTOR ( 'NONE', #7692, 999.9999999999998863 ) ;
#4857 = DIRECTION ( 'NONE',  ( 1.000000000000000000, 0.000000000000000000, -0.000000000000000000 ) ) ;
#4858 = ORIENTED_EDGE ( 'NONE', *, *, #11615, .F. ) ;
#4859 = AXIS2_PLACEMENT_3D ( 'NONE', #13511, #13442, #3858 ) ;
#4860 = EDGE_CURVE ( 'NONE', #8686, #1461, #2954, .T. ) ;
#4861 = ORIENTED_EDGE ( 'NONE', *, *, #13280, .T. ) ;
#4862 = ORIENTED_EDGE ( 'NONE', *, *, #3590, .T. ) ;
#4863 = LINE ( 'NONE', #13595, #6880 ) ;
#4864 = VECTOR ( 'NONE', #3871, 1000.000000000000000 ) ;
#4865 = LINE ( 'NONE', #13596, #8662 ) ;
#4866 = CARTESIAN_POINT ( 'NONE',  ( -8.405070687191622980, 3.000000000000000000, 31.41792968001478314 ) ) ;
#4867 = DIRECTION ( 'NONE',  ( -0.000000000000000000, -1.000000000000000000, -0.000000000000000000 ) ) ;
#4868 = DIRECTION ( 'NONE',  ( 0.9225052960901936050, 0.000000000000000000, 0.3859844280350495649 ) ) ;
#4869 = PLANE ( 'NONE',  #9469 ) ;
#4870 = DIRECTION ( 'NONE',  ( 0.000000000000000000, 0.000000000000000000, -1.000000000000000000 ) ) ;
#4871 = ORIENTED_EDGE ( 'NONE', *, *, #6720, .T. ) ;
#4872 = ORIENTED_EDGE ( 'NONE', *, *, #11772, .T. ) ;
#4873 = ADVANCED_FACE ( 'NONE', ( #9140 ), #4792, .T. ) ;
#4874 = ORIENTED_EDGE ( 'NONE', *, *, #12119, .T. ) ;
#4875 = ADVANCED_FACE ( 'NONE', ( #7168 ), #4987, .T. ) ;
#4876 = VECTOR ( 'NONE', #6475, 1000.000000000000000 ) ;
#4877 = CARTESIAN_POINT ( 'NONE',  ( -84.00000000000001421, 3.000000000000000000, 50.99999999999999289 ) ) ;
#4878 = LINE ( 'NONE', #2972, #4430 ) ;
#4879 = CARTESIAN_POINT ( 'NONE',  ( -52.41611410427548634, 3.000000000000000000, 1.685889658447186301 ) ) ;
#4880 = CARTESIAN_POINT ( 'NONE',  ( -7.927946927191625193, 5.000000000000000000, 29.75913289601479406 ) ) ;
#4881 = LINE ( 'NONE', #6987, #4800 ) ;
#4882 = ORIENTED_EDGE ( 'NONE', *, *, #8409, .T. ) ;
#4883 = LINE ( 'NONE', #10213, #8209 ) ;
#4884 = VECTOR ( 'NONE', #5503, 999.9999999999998863 ) ;
#4885 = EDGE_LOOP ( 'NONE', ( #2680, #3135, #8899, #9833 ) ) ;
#4886 = ADVANCED_FACE ( 'NONE', ( #13400 ), #1576, .T. ) ;
#4887 = CARTESIAN_POINT ( 'NONE',  ( -27.75687450319162153, 5.000000000000000000, 31.98157498401479870 ) ) ;
#4888 = DIRECTION ( 'NONE',  ( 1.000000000000000000, 0.000000000000000000, -0.000000000000000000 ) ) ;
#4889 = EDGE_CURVE ( 'NONE', #13722, #9475, #9269, .T. ) ;
#4890 = LINE ( 'NONE', #12258, #7777 ) ;
#4891 = VECTOR ( 'NONE', #7048, 1000.000000000000000 ) ;
#4892 = DIRECTION ( 'NONE',  ( 0.9961244875630550499, 0.000000000000000000, -0.08795456370900253673 ) ) ;
#4893 = CARTESIAN_POINT ( 'NONE',  ( 51.15556203280835490, 5.000000000000000000, 20.19586119201479946 ) ) ;
#4894 = DIRECTION ( 'NONE',  ( -0.000000000000000000, -1.000000000000000000, -0.000000000000000000 ) ) ;
#4895 = DIRECTION ( 'NONE',  ( 0.000000000000000000, 0.000000000000000000, 1.000000000000000000 ) ) ;
#4896 = CARTESIAN_POINT ( 'NONE',  ( 53.01243004880836196, 3.000000000000000000, 24.22156510401480389 ) ) ;
#4897 = ORIENTED_EDGE ( 'NONE', *, *, #8923, .T. ) ;
#4898 = LINE ( 'NONE', #7143, #7259 ) ;
#4899 = ORIENTED_EDGE ( 'NONE', *, *, #5592, .F. ) ;
#4900 = EDGE_LOOP ( 'NONE', ( #8825, #1489, #5544, #7686 ) ) ;
#4901 = PLANE ( 'NONE',  #13114 ) ;
#4902 = EDGE_CURVE ( 'NONE', #13306, #13219, #13335, .T. ) ;
#4903 = LINE ( 'NONE', #12330, #3222 ) ;
#4904 = CARTESIAN_POINT ( 'NONE',  ( -21.56172611119162852, 3.000000000000000000, 21.86068895201479734 ) ) ;
#4905 = VERTEX_POINT ( 'NONE', #3806 ) ;
#4906 = ORIENTED_EDGE ( 'NONE', *, *, #8441, .F. ) ;
#4907 = LINE ( 'NONE', #2673, #2631 ) ;
#4908 = CARTESIAN_POINT ( 'NONE',  ( -51.61042191919158739, 3.000000000000000000, 26.73572212801479608 ) ) ;
#4909 = DIRECTION ( 'NONE',  ( -0.000000000000000000, -1.000000000000000000, -0.000000000000000000 ) ) ;
#4910 = DIRECTION ( 'NONE',  ( 0.000000000000000000, -0.000000000000000000, 1.000000000000000000 ) ) ;
#4911 = EDGE_CURVE ( 'NONE', #3101, #13722, #3748, .T. ) ;
#4912 = CARTESIAN_POINT ( 'NONE',  ( -38.88651543919161213, 3.000000000000000000, 26.59264900801479214 ) ) ;
#4913 = ORIENTED_EDGE ( 'NONE', *, *, #1713, .F. ) ;
#4914 = CARTESIAN_POINT ( 'NONE',  ( 15.61211120721260670, 5.000000000000000000, -3.379356657001329811 ) ) ;
#4915 = ORIENTED_EDGE ( 'NONE', *, *, #4824, .F. ) ;
#4916 = CARTESIAN_POINT ( 'NONE',  ( 17.50835901739438327, 5.000000000000000000, 36.23499567859320081 ) ) ;
#4917 = EDGE_CURVE ( 'NONE', #2780, #2342, #8031, .T. ) ;
#4918 = VERTEX_POINT ( 'NONE', #4923 ) ;
#4919 = ADVANCED_FACE ( 'NONE', ( #8091 ), #12293, .T. ) ;
#4920 = CARTESIAN_POINT ( 'NONE',  ( 35.72959727646468053, 5.000000000000000000, 32.81465580644665891 ) ) ;
#4921 = ORIENTED_EDGE ( 'NONE', *, *, #8987, .F. ) ;
#4922 = ORIENTED_EDGE ( 'NONE', *, *, #5610, .F. ) ;
#4923 = CARTESIAN_POINT ( 'NONE',  ( -17.79420202319161959, 5.000000000000000000, 19.92748276001480079 ) ) ;
#4924 = DIRECTION ( 'NONE',  ( -0.000000000000000000, -1.000000000000000000, -0.000000000000000000 ) ) ;
#4925 = FACE_OUTER_BOUND ( 'NONE', #1375, .T. ) ;
#4926 = ADVANCED_FACE ( 'NONE', ( #1777 ), #6041, .T. ) ;
#4927 = LINE ( 'NONE', #7171, #12217 ) ;
#4928 = CARTESIAN_POINT ( 'NONE',  ( 9.295352128808378467, 5.000000000000000000, 30.81720240801479704 ) ) ;
#4929 = PLANE ( 'NONE',  #8808 ) ;
#4930 = ORIENTED_EDGE ( 'NONE', *, *, #1827, .F. ) ;
#4931 = CARTESIAN_POINT ( 'NONE',  ( -42.13172205519162361, 5.000000000000000000, 30.53469954401479569 ) ) ;
#4932 = ORIENTED_EDGE ( 'NONE', *, *, #731, .T. ) ;
#4933 = EDGE_LOOP ( 'NONE', ( #5340, #8703, #12810, #12573 ) ) ;
#4934 = ORIENTED_EDGE ( 'NONE', *, *, #9405, .T. ) ;
#4935 = PLANE ( 'NONE',  #440 ) ;
#4936 = VECTOR ( 'NONE', #1036, 1000.000000000000000 ) ;
#4937 = DIRECTION ( 'NONE',  ( 0.9820357469730580657, 0.000000000000000000, 0.1886949699039905393 ) ) ;
#4938 = DIRECTION ( 'NONE',  ( 0.000000000000000000, 0.000000000000000000, 1.000000000000000000 ) ) ;
#4939 = EDGE_CURVE ( 'NONE', #6629, #374, #1137, .T. ) ;
#4940 = DIRECTION ( 'NONE',  ( -0.7223999833020824379, 0.000000000000000000, 0.6914754255395856308 ) ) ;
#4941 = ADVANCED_FACE ( 'NONE', ( #10599 ), #11646, .T. ) ;
#4942 = VECTOR ( 'NONE', #12324, 1000.000000000000000 ) ;
#4943 = ORIENTED_EDGE ( 'NONE', *, *, #6388, .T. ) ;
#4944 = FACE_OUTER_BOUND ( 'NONE', #8286, .T. ) ;
#4945 = ORIENTED_EDGE ( 'NONE', *, *, #3363, .T. ) ;
#4946 = DIRECTION ( 'NONE',  ( -1.000000000000000000, 0.000000000000000000, 0.000000000000000000 ) ) ;
#4947 = ORIENTED_EDGE ( 'NONE', *, *, #12152, .T. ) ;
#4948 = DIRECTION ( 'NONE',  ( 0.000000000000000000, 0.000000000000000000, -1.000000000000000000 ) ) ;
#4949 = LINE ( 'NONE', #1467, #229 ) ;
#4950 = DIRECTION ( 'NONE',  ( -0.000000000000000000, -1.000000000000000000, -0.000000000000000000 ) ) ;
#4951 = AXIS2_PLACEMENT_3D ( 'NONE', #7808, #4708, #6600 ) ;
#4952 = AXIS2_PLACEMENT_3D ( 'NONE', #2637, #13340, #7622 ) ;
#4953 = CARTESIAN_POINT ( 'NONE',  ( -49.06907571919159494, 3.000000000000000000, 29.96431917601480421 ) ) ;
#4954 = EDGE_CURVE ( 'NONE', #5459, #12983, #3159, .T. ) ;
#4955 = DIRECTION ( 'NONE',  ( -0.9894149587662085521, 0.000000000000000000, -0.1451138841381547639 ) ) ;
#4956 = LINE ( 'NONE', #10154, #4083 ) ;
#4957 = APPROVAL_ROLE ( '' ) ;
#4958 = CARTESIAN_POINT ( 'NONE',  ( -76.50000000000001421, 0.000000000000000000, 48.69999999999999574 ) ) ;
#4959 = ORIENTED_EDGE ( 'NONE', *, *, #3856, .F. ) ;
#4960 = VECTOR ( 'NONE', #7396, 1000.000000000000114 ) ;
#4961 = CARTESIAN_POINT ( 'NONE',  ( 16.50295297960343177, 3.000000000000000000, 18.03767474210377841 ) ) ;
#4962 = AXIS2_PLACEMENT_3D ( 'NONE', #8079, #13645, #6170 ) ;
#4963 = VERTEX_POINT ( 'NONE', #6249 ) ;
#4964 = VERTEX_POINT ( 'NONE', #13733 ) ;
#4965 = DIRECTION ( 'NONE',  ( -0.6750223570725547573, 0.000000000000000000, -0.7377972739528200208 ) ) ;
#4966 = LINE ( 'NONE', #704, #4590 ) ;
#4967 = DIRECTION ( 'NONE',  ( 1.000000000000000000, 0.000000000000000000, 0.000000000000000000 ) ) ;
#4968 = EDGE_LOOP ( 'NONE', ( #11725, #7727, #4871, #11867 ) ) ;
#4969 = CARTESIAN_POINT ( 'NONE',  ( -25.71984428719162352, 3.000000000000000000, 21.44784446401479627 ) ) ;
#4970 = VERTEX_POINT ( 'NONE', #867 ) ;
#4971 = VECTOR ( 'NONE', #2406, 1000.000000000000114 ) ;
#4972 = ADVANCED_FACE ( 'NONE', ( #1075 ), #1911, .T. ) ;
#4973 = CARTESIAN_POINT ( 'NONE',  ( 14.33849164880836291, 3.000000000000000000, 20.33785836801478908 ) ) ;
#4974 = EDGE_CURVE ( 'NONE', #13538, #4734, #5124, .T. ) ;
#4975 = LINE ( 'NONE', #13512, #13038 ) ;
#4976 = PLANE ( 'NONE',  #4297 ) ;
#4977 = VERTEX_POINT ( 'NONE', #6183 ) ;
#4978 = DIRECTION ( 'NONE',  ( -0.000000000000000000, -1.000000000000000000, -0.000000000000000000 ) ) ;
#4979 = ORIENTED_EDGE ( 'NONE', *, *, #8185, .F. ) ;
#4980 = DIRECTION ( 'NONE',  ( 0.9984316082420015004, 0.000000000000000000, 0.05598503070723784975 ) ) ;
#4981 = AXIS2_PLACEMENT_3D ( 'NONE', #12889, #12603, #75 ) ;
#4982 = VERTEX_POINT ( 'NONE', #7520 ) ;
#4983 = CARTESIAN_POINT ( 'NONE',  ( 11.21739756080834738, 3.000000000000000000, 26.12263521601479610 ) ) ;
#4984 = ORIENTED_EDGE ( 'NONE', *, *, #11295, .F. ) ;
#4985 = ORIENTED_EDGE ( 'NONE', *, *, #12713, .F. ) ;
#4986 = ADVANCED_FACE ( 'NONE', ( #4220 ), #3228, .T. ) ;
#4987 = PLANE ( 'NONE',  #175 ) ;
#4988 = EDGE_CURVE ( 'NONE', #10313, #10579, #5399, .T. ) ;
#4989 = VECTOR ( 'NONE', #12911, 1000.000000000000000 ) ;
#4990 = EDGE_CURVE ( 'NONE', #2165, #9750, #12757, .T. ) ;
#4991 = DIRECTION ( 'NONE',  ( -0.9905475680033821728, 0.000000000000000000, -0.1371696596284507907 ) ) ;
#4992 = LINE ( 'NONE', #13461, #9679 ) ;
#4993 = CARTESIAN_POINT ( 'NONE',  ( 18.19746350053448936, 5.000000000000000000, 32.20165970716819714 ) ) ;
#4994 = CARTESIAN_POINT ( 'NONE',  ( 15.39325001680836813, 5.000000000000000000, 20.02462252001479470 ) ) ;
#4995 = LINE ( 'NONE', #10471, #12821 ) ;
#4996 = ORIENTED_EDGE ( 'NONE', *, *, #5698, .T. ) ;
#4997 = ORIENTED_EDGE ( 'NONE', *, *, #13694, .T. ) ;
#4998 = ORIENTED_EDGE ( 'NONE', *, *, #496, .F. ) ;
#4999 = DIRECTION ( 'NONE',  ( -0.7360834251059450439, 0.000000000000000000, -0.6768908267101132470 ) ) ;
#5000 = VERTEX_POINT ( 'NONE', #11713 ) ;
#5001 = AXIS2_PLACEMENT_3D ( 'NONE', #1130, #12892, #10863 ) ;
#5002 = LINE ( 'NONE', #7250, #13782 ) ;
#5003 = ORIENTED_EDGE ( 'NONE', *, *, #613, .T. ) ;
#5004 = ADVANCED_FACE ( 'NONE', ( #13659 ), #8432, .T. ) ;
#5005 = AXIS2_PLACEMENT_3D ( 'NONE', #2246, #3582, #13036 ) ;
#5006 = AXIS2_PLACEMENT_3D ( 'NONE', #6868, #3710, #633 ) ;
#5007 = EDGE_CURVE ( 'NONE', #6799, #9710, #933, .T. ) ;
#5008 = FACE_OUTER_BOUND ( 'NONE', #13159, .T. ) ;
#5009 = DIRECTION ( 'NONE',  ( 0.000000000000000000, 0.000000000000000000, 1.000000000000000000 ) ) ;
#5010 = CARTESIAN_POINT ( 'NONE',  ( 1.771595405530974832, 3.000000000000000000, 20.06410459089091347 ) ) ;
#5011 = VECTOR ( 'NONE', #8115, 1000.000000000000000 ) ;
#5012 = EDGE_LOOP ( 'NONE', ( #242, #6482, #883, #3069 ) ) ;
#5013 = CARTESIAN_POINT ( 'NONE',  ( 25.22291285680838158, 5.000000000000000000, -7.854414431985205169 ) ) ;
#5014 = ORIENTED_EDGE ( 'NONE', *, *, #3547, .T. ) ;
#5015 = CARTESIAN_POINT ( 'NONE',  ( 2.089596377569113539, 3.000000000000000000, 31.41098561095684261 ) ) ;
#5016 = EDGE_LOOP ( 'NONE', ( #10265, #7164, #8118, #12898 ) ) ;
#5017 = CARTESIAN_POINT ( 'NONE',  ( 21.43349396880838142, 5.000000000000000000, 23.51454188001479650 ) ) ;
#5018 = CARTESIAN_POINT ( 'NONE',  ( -3.753500488011892511, 5.000000000000000000, 18.44171319498056150 ) ) ;
#5019 = EDGE_CURVE ( 'NONE', #10015, #2036, #8639, .T. ) ;
#5020 = ADVANCED_FACE ( 'NONE', ( #10671 ), #9615, .T. ) ;
#5021 = AXIS2_PLACEMENT_3D ( 'NONE', #12927, #4526, #4458 ) ;
#5022 = DIRECTION ( 'NONE',  ( 0.000000000000000000, 0.000000000000000000, -1.000000000000000000 ) ) ;
#5023 = AXIS2_PLACEMENT_3D ( 'NONE', #145, #9870, #7709 ) ;
#5024 = DIRECTION ( 'NONE',  ( -0.9974477782794199943, 0.000000000000000000, -0.07139978715268659182 ) ) ;
#5025 = LINE ( 'NONE', #8192, #3715 ) ;
#5026 = FACE_OUTER_BOUND ( 'NONE', #7912, .T. ) ;
#5027 = DIRECTION ( 'NONE',  ( 0.000000000000000000, 0.000000000000000000, 1.000000000000000000 ) ) ;
#5028 = DIRECTION ( 'NONE',  ( 0.9238794569645282229, 0.000000000000000000, -0.3826836147510478958 ) ) ;
#5029 = VERTEX_POINT ( 'NONE', #3093 ) ;
#5030 = AXIS2_PLACEMENT_3D ( 'NONE', #5096, #6282, #8191 ) ;
#5031 = CARTESIAN_POINT ( 'NONE',  ( -25.71984428719163063, 5.000000000000000000, 0.000000000000000000 ) ) ;
#5032 = VERTEX_POINT ( 'NONE', #11791 ) ;
#5033 = VECTOR ( 'NONE', #2110, 1000.000000000000000 ) ;
#5034 = DIRECTION ( 'NONE',  ( -0.000000000000000000, -1.000000000000000000, -0.000000000000000000 ) ) ;
#5035 = DIRECTION ( 'NONE',  ( -0.2877425631966570863, 0.000000000000000000, -0.9577077932882334110 ) ) ;
#5036 = PLANE ( 'NONE',  #12170 ) ;
#5037 = EDGE_CURVE ( 'NONE', #2264, #13653, #4285, .T. ) ;
#5038 = ORIENTED_EDGE ( 'NONE', *, *, #3363, .F. ) ;
#5039 = ADVANCED_FACE ( 'NONE', ( #12825 ), #7379, .T. ) ;
#5040 = CARTESIAN_POINT ( 'NONE',  ( -27.34509884719162898, 5.000000000000000000, 12.47437193601479066 ) ) ;
#5041 = VERTEX_POINT ( 'NONE', #13186 ) ;
#5042 = VECTOR ( 'NONE', #5495, 1000.000000000000000 ) ;
#5043 = AXIS2_PLACEMENT_3D ( 'NONE', #2730, #11355, #7008 ) ;
#5044 = VECTOR ( 'NONE', #12796, 1000.000000000000114 ) ;
#5045 = DIRECTION ( 'NONE',  ( -0.000000000000000000, -1.000000000000000000, -0.000000000000000000 ) ) ;
#5046 = DIRECTION ( 'NONE',  ( -0.000000000000000000, -1.000000000000000000, -0.000000000000000000 ) ) ;
#5047 = CARTESIAN_POINT ( 'NONE',  ( -5.932947615191627833, 3.000000000000000000, 32.03596146401479672 ) ) ;
#5048 = ORIENTED_EDGE ( 'NONE', *, *, #3589, .F. ) ;
#5049 = FACE_OUTER_BOUND ( 'NONE', #4229, .T. ) ;
#5050 = ORIENTED_EDGE ( 'NONE', *, *, #1639, .F. ) ;
#5051 = DIRECTION ( 'NONE',  ( -0.2555419724000399517, 0.000000000000000000, 0.9667979625246927444 ) ) ;
#5052 = VERTEX_POINT ( 'NONE', #378 ) ;
#5053 = CARTESIAN_POINT ( 'NONE',  ( -12.99334091119162160, 5.000000000000000000, 21.66291845601479338 ) ) ;
#5054 = ORIENTED_EDGE ( 'NONE', *, *, #4716, .F. ) ;
#5055 = VECTOR ( 'NONE', #8222, 1000.000000000000000 ) ;
#5056 = EDGE_LOOP ( 'NONE', ( #1791, #5753, #6736, #11743 ) ) ;
#5057 = EDGE_CURVE ( 'NONE', #7402, #98, #10236, .T. ) ;
#5058 = VECTOR ( 'NONE', #10368, 1000.000000000000000 ) ;
#5059 = ORIENTED_EDGE ( 'NONE', *, *, #2951, .F. ) ;
#5060 = EDGE_CURVE ( 'NONE', #12539, #6629, #9829, .T. ) ;
#5061 = CARTESIAN_POINT ( 'NONE',  ( 11.41344492979289882, 5.000000000000000000, -17.08154331524432124 ) ) ;
#5062 = FACE_OUTER_BOUND ( 'NONE', #9242, .T. ) ;
#5063 = CARTESIAN_POINT ( 'NONE',  ( -16.67471611236465279, 5.000000000000000000, -9.738803921681435938 ) ) ;
#5064 = AXIS2_PLACEMENT_3D ( 'NONE', #12288, #12348, #5970 ) ;
#5065 = CARTESIAN_POINT ( 'NONE',  ( -28.18217718319162302, 5.000000000000000000, 31.71129968001479327 ) ) ;
#5066 = DIRECTION ( 'NONE',  ( -0.9691941309195430954, 0.000000000000000000, 0.2462980645297712101 ) ) ;
#5067 = VECTOR ( 'NONE', #12317, 1000.000000000000114 ) ;
#5068 = CARTESIAN_POINT ( 'NONE',  ( 24.61909496285495180, 5.000000000000000000, 26.79806359715655617 ) ) ;
#5069 = ORIENTED_EDGE ( 'NONE', *, *, #7716, .F. ) ;
#5070 = VECTOR ( 'NONE', #12550, 1000.000000000000114 ) ;
#5071 = ORIENTED_EDGE ( 'NONE', *, *, #12902, .T. ) ;
#5072 = ORIENTED_EDGE ( 'NONE', *, *, #6038, .T. ) ;
#5073 = DIRECTION ( 'NONE',  ( -1.000000000000000000, 0.000000000000000000, -0.000000000000000000 ) ) ;
#5074 = ORIENTED_EDGE ( 'NONE', *, *, #116, .T. ) ;
#5075 = EDGE_CURVE ( 'NONE', #13669, #277, #444, .T. ) ;
#5076 = FACE_OUTER_BOUND ( 'NONE', #5632, .T. ) ;
#5077 = ORIENTED_EDGE ( 'NONE', *, *, #12786, .T. ) ;
#5078 = AXIS2_PLACEMENT_3D ( 'NONE', #2826, #7105, #11378 ) ;
#5079 = VECTOR ( 'NONE', #12729, 1000.000000000000000 ) ;
#5080 = CARTESIAN_POINT ( 'NONE',  ( 3.231109406639177450, 3.000000000000000000, 2.389077848170297003 ) ) ;
#5081 = DIRECTION ( 'NONE',  ( -0.9959703591651422050, 0.000000000000000000, 0.08968301770378565851 ) ) ;
#5082 = CARTESIAN_POINT ( 'NONE',  ( -7.632395077703248987, 3.000000000000000000, -3.129399903357408697 ) ) ;
#5083 = ORIENTED_EDGE ( 'NONE', *, *, #8853, .T. ) ;
#5084 = EDGE_CURVE ( 'NONE', #11855, #3697, #3585, .T. ) ;
#5085 = LINE ( 'NONE', #13285, #5686 ) ;
#5086 = AXIS2_PLACEMENT_3D ( 'NONE', #6352, #1246, #10703 ) ;
#5087 = VERTEX_POINT ( 'NONE', #7658 ) ;
#5088 = LINE ( 'NONE', #7532, #9093 ) ;
#5089 = ORIENTED_EDGE ( 'NONE', *, *, #10529, .F. ) ;
#5090 = EDGE_CURVE ( 'NONE', #1711, #11325, #3306, .T. ) ;
#5091 = CARTESIAN_POINT ( 'NONE',  ( -1.622951455939739107, 5.000000000000000000, 7.973891404945663730 ) ) ;
#5092 = EDGE_CURVE ( 'NONE', #8001, #11651, #11927, .T. ) ;
#5093 = CARTESIAN_POINT ( 'NONE',  ( 9.692467629963596565, 3.000000000000000000, -4.118274332157130679 ) ) ;
#5094 = DIRECTION ( 'NONE',  ( 0.000000000000000000, 1.000000000000000000, -0.000000000000000000 ) ) ;
#5095 = VECTOR ( 'NONE', #13401, 1000.000000000000114 ) ;
#5096 = CARTESIAN_POINT ( 'NONE',  ( -76.50000000000001421, 0.000000000000000000, -5.000000000000004441 ) ) ;
#5097 = CARTESIAN_POINT ( 'NONE',  ( -12.78320569519162575, 3.000000000000000000, 6.906791504014798022 ) ) ;
#5098 = DIRECTION ( 'NONE',  ( -1.000000000000000000, 0.000000000000000000, 0.000000000000000000 ) ) ;
#5099 = ADVANCED_FACE ( 'NONE', ( #3520 ), #5614, .T. ) ;
#5100 = CARTESIAN_POINT ( 'NONE',  ( 32.60998164880837180, 5.000000000000000000, 32.03596146401479672 ) ) ;
#5101 = VERTEX_POINT ( 'NONE', #4571 ) ;
#5102 = LINE ( 'NONE', #5031, #12619 ) ;
#5103 = ORIENTED_EDGE ( 'NONE', *, *, #9967, .F. ) ;
#5104 = ORIENTED_EDGE ( 'NONE', *, *, #10799, .F. ) ;
#5105 = CARTESIAN_POINT ( 'NONE',  ( -14.77326419919163314, 3.000000000000000000, 21.77169243201479532 ) ) ;
#5106 = DIRECTION ( 'NONE',  ( 0.000000000000000000, 0.000000000000000000, 1.000000000000000000 ) ) ;
#5107 = FACE_BOUND ( 'NONE', #3274, .T. ) ;
#5108 = VERTEX_POINT ( 'NONE', #4706 ) ;
#5109 = DIRECTION ( 'NONE',  ( -0.9938837125343852330, 0.000000000000000000, 0.1104317253277669469 ) ) ;
#5110 = ORIENTED_EDGE ( 'NONE', *, *, #12373, .F. ) ;
#5111 = CARTESIAN_POINT ( 'NONE',  ( 11.92533944137430169, 3.000000000000000000, -21.13752088284511288 ) ) ;
#5112 = LINE ( 'NONE', #2938, #4533 ) ;
#5113 = EDGE_CURVE ( 'NONE', #13334, #6239, #8925, .T. ) ;
#5114 = EDGE_CURVE ( 'NONE', #5309, #2381, #7592, .T. ) ;
#5115 = DIRECTION ( 'NONE',  ( 0.000000000000000000, 0.000000000000000000, -1.000000000000000000 ) ) ;
#5116 = VERTEX_POINT ( 'NONE', #4647 ) ;
#5117 = DIRECTION ( 'NONE',  ( -0.9980128220225691349, 0.000000000000000000, 0.06301116630048836376 ) ) ;
#5118 = ORIENTED_EDGE ( 'NONE', *, *, #13280, .F. ) ;
#5119 = LINE ( 'NONE', #9398, #11087 ) ;
#5120 = ORIENTED_EDGE ( 'NONE', *, *, #8589, .T. ) ;
#5121 = CARTESIAN_POINT ( 'NONE',  ( 1.854093896789336782, 5.000000000000000000, 29.36637410273116444 ) ) ;
#5122 = ORIENTED_EDGE ( 'NONE', *, *, #1459, .F. ) ;
#5123 = EDGE_LOOP ( 'NONE', ( #719, #10086, #9903, #11699 ) ) ;
#5124 = LINE ( 'NONE', #1005, #5297 ) ;
#5125 = AXIS2_PLACEMENT_3D ( 'NONE', #6995, #7063, #13363 ) ;
#5126 = FACE_OUTER_BOUND ( 'NONE', #10776, .T. ) ;
#5127 = DIRECTION ( 'NONE',  ( -0.000000000000000000, -1.000000000000000000, -0.000000000000000000 ) ) ;
#5128 = DIRECTION ( 'NONE',  ( 0.7233164512788751166, 0.000000000000000000, -0.6905166987910825727 ) ) ;
#5129 = ADVANCED_FACE ( 'NONE', ( #12002 ), #4435, .T. ) ;
#5130 = CARTESIAN_POINT ( 'NONE',  ( 12.03710839280835998, 3.000000000000000000, 29.78548285601478085 ) ) ;
#5131 = ORIENTED_EDGE ( 'NONE', *, *, #103, .F. ) ;
#5132 = CARTESIAN_POINT ( 'NONE',  ( -34.33674145268113875, 5.000000000000000000, -6.086046225715334934 ) ) ;
#5133 = ORIENTED_EDGE ( 'NONE', *, *, #136, .T. ) ;
#5134 = EDGE_CURVE ( 'NONE', #6468, #7638, #8982, .T. ) ;
#5135 = CARTESIAN_POINT ( 'NONE',  ( -27.49730174319163467, 5.000000000000000000, -7.337595551985202746 ) ) ;
#5136 = VERTEX_POINT ( 'NONE', #13118 ) ;
#5137 = LINE ( 'NONE', #11594, #6589 ) ;
#5138 = VERTEX_POINT ( 'NONE', #13042 ) ;
#5139 = CARTESIAN_POINT ( 'NONE',  ( 21.66464741182484843, 5.000000000000000000, -4.368566015453120066 ) ) ;
#5140 = EDGE_LOOP ( 'NONE', ( #12, #7603, #8656, #6066 ) ) ;
#5141 = CARTESIAN_POINT ( 'NONE',  ( -11.35987503919162656, 5.000000000000000000, 26.14982845601479511 ) ) ;
#5142 = CARTESIAN_POINT ( 'NONE',  ( -19.72490781395982751, 5.000000000000000000, 4.335614861754015337 ) ) ;
#5143 = CARTESIAN_POINT ( 'NONE',  ( 0.000000000000000000, 3.000000000000000000, 12.63718593601479689 ) ) ;
#5144 = DIRECTION ( 'NONE',  ( -0.000000000000000000, -1.000000000000000000, -0.000000000000000000 ) ) ;
#5145 = ADVANCED_FACE ( 'NONE', ( #5471 ), #236, .T. ) ;
#5146 = EDGE_CURVE ( 'NONE', #4375, #4091, #10874, .T. ) ;
#5147 = ORIENTED_EDGE ( 'NONE', *, *, #3267, .F. ) ;
#5148 = CARTESIAN_POINT ( 'NONE',  ( -11.15697229682256264, 3.000000000000000000, 20.04587063293077165 ) ) ;
#5149 = VERTEX_POINT ( 'NONE', #1285 ) ;
#5150 = ORIENTED_EDGE ( 'NONE', *, *, #4363, .F. ) ;
#5151 = LINE ( 'NONE', #2981, #10882 ) ;
#5152 = EDGE_LOOP ( 'NONE', ( #118, #10952, #9837, #11711 ) ) ;
#5153 = DIRECTION ( 'NONE',  ( -0.8933547143928027845, 0.000000000000000000, 0.4493521495132226651 ) ) ;
#5154 = DIRECTION ( 'NONE',  ( 0.7915814488744231658, 0.000000000000000000, -0.6110636708215183566 ) ) ;
#5155 = CARTESIAN_POINT ( 'NONE',  ( 19.42366308880836812, 5.000000000000000000, 22.38725127201479381 ) ) ;
#5156 = ADVANCED_FACE ( 'NONE', ( #4499 ), #5684, .T. ) ;
#5157 = VECTOR ( 'NONE', #10915, 1000.000000000000114 ) ;
#5158 = CARTESIAN_POINT ( 'NONE',  ( 47.59848100880838473, 5.000000000000000000, 20.36752150401479611 ) ) ;
#5159 = DIRECTION ( 'NONE',  ( -0.9867469349408642953, 0.000000000000000000, -0.1622667137302338802 ) ) ;
#5160 = LINE ( 'NONE', #2918, #10407 ) ;
#5161 = EDGE_CURVE ( 'NONE', #7458, #11720, #7807, .T. ) ;
#5162 = DIRECTION ( 'NONE',  ( -0.8078440317134557569, 0.000000000000000000, 0.5893963186387826125 ) ) ;
#5163 = EDGE_CURVE ( 'NONE', #12238, #8181, #9968, .T. ) ;
#5164 = LINE ( 'NONE', #6357, #10583 ) ;
#5165 = DIRECTION ( 'NONE',  ( 1.000000000000000000, 0.000000000000000000, 0.000000000000000000 ) ) ;
#5166 = DIRECTION ( 'NONE',  ( 0.9593610758068138455, 0.000000000000000000, -0.2821813711547821457 ) ) ;
#5167 = VERTEX_POINT ( 'NONE', #7345 ) ;
#5168 = LINE ( 'NONE', #13781, #12840 ) ;
#5169 = ORIENTED_EDGE ( 'NONE', *, *, #13249, .T. ) ;
#5170 = CARTESIAN_POINT ( 'NONE',  ( -26.97815520719163018, 3.000000000000000000, 12.62482528001481619 ) ) ;
#5171 = VECTOR ( 'NONE', #3062, 1000.000000000000000 ) ;
#5172 = DIRECTION ( 'NONE',  ( -0.000000000000000000, -1.000000000000000000, -0.000000000000000000 ) ) ;
#5173 = AXIS2_PLACEMENT_3D ( 'NONE', #4780, #3524, #448 ) ;
#5174 = DIRECTION ( 'NONE',  ( -0.9872834441880232736, 0.000000000000000000, -0.1589698110718959223 ) ) ;
#5175 = ORIENTED_EDGE ( 'NONE', *, *, #1616, .F. ) ;
#5176 = LINE ( 'NONE', #12881, #5506 ) ;
#5177 = ORIENTED_EDGE ( 'NONE', *, *, #7770, .F. ) ;
#5178 = EDGE_CURVE ( 'NONE', #3075, #12265, #8142, .T. ) ;
#5179 = VECTOR ( 'NONE', #8874, 1000.000000000000000 ) ;
#5180 = CARTESIAN_POINT ( 'NONE',  ( 28.48562682680307390, 5.000000000000000000, 11.98690623556278112 ) ) ;
#5181 = EDGE_CURVE ( 'NONE', #12270, #12448, #2609, .T. ) ;
#5182 = VECTOR ( 'NONE', #5028, 1000.000000000000000 ) ;
#5183 = DIRECTION ( 'NONE',  ( 0.3264912011782739043, -0.000000000000000000, 0.9452002409823898610 ) ) ;
#5184 = LINE ( 'NONE', #8627, #13455 ) ;
#5185 = ORIENTED_EDGE ( 'NONE', *, *, #1429, .F. ) ;
#5186 = DIRECTION ( 'NONE',  ( -0.8725542995139026203, 0.000000000000000000, 0.4885171382866753675 ) ) ;
#5187 = ORIENTED_EDGE ( 'NONE', *, *, #9632, .T. ) ;
#5188 = LINE ( 'NONE', #9468, #8196 ) ;
#5189 = ORIENTED_EDGE ( 'NONE', *, *, #2345, .T. ) ;
#5190 = DIRECTION ( 'NONE',  ( 0.1950837463037299879, 0.000000000000000000, -0.9807865883708350996 ) ) ;
#5191 = ORIENTED_EDGE ( 'NONE', *, *, #12903, .F. ) ;
#5192 = ORIENTED_EDGE ( 'NONE', *, *, #2813, .T. ) ;
#5193 = AXIS2_PLACEMENT_3D ( 'NONE', #7810, #10104, #12075 ) ;
#5194 = VECTOR ( 'NONE', #5633, 1000.000000000000000 ) ;
#5195 = ORIENTED_EDGE ( 'NONE', *, *, #7213, .F. ) ;
#5196 = EDGE_CURVE ( 'NONE', #4231, #3596, #11616, .T. ) ;
#5197 = DIRECTION ( 'NONE',  ( 1.000000000000000000, -0.000000000000000000, 0.000000000000000000 ) ) ;
#5198 = FACE_OUTER_BOUND ( 'NONE', #5012, .T. ) ;
#5199 = DIRECTION ( 'NONE',  ( -0.9606829169602389973, 0.000000000000000000, -0.2776478580158083798 ) ) ;
#5200 = CARTESIAN_POINT ( 'NONE',  ( -4.589937621240017781E-13, 5.000000000000000000, -43.00033533308694444 ) ) ;
#5201 = CARTESIAN_POINT ( 'NONE',  ( -1.991058312253142670, 3.000000000000000000, -9.861955092580458881 ) ) ;
#5202 = ORIENTED_EDGE ( 'NONE', *, *, #12991, .T. ) ;
#5203 = AXIS2_PLACEMENT_3D ( 'NONE', #10513, #8418, #991 ) ;
#5204 = CARTESIAN_POINT ( 'NONE',  ( -52.41611410427548634, 5.000000000000000000, 1.685889658447186301 ) ) ;
#5205 = EDGE_LOOP ( 'NONE', ( #7058, #12891, #10008, #12382, #9953, #1484, #5059, #12366, #10830, #12855, #7116, #773, #12819, #6439, #10699, #2980, #4349, #4447, #3726, #10445, #7369, #13683, #8748, #1199, #11303, #4663, #11007, #8934 ) ) ;
#5206 = DIRECTION ( 'NONE',  ( -0.9245851893489507312, 0.000000000000000000, 0.3809753635559194329 ) ) ;
#5207 = ORIENTED_EDGE ( 'NONE', *, *, #1018, .F. ) ;
#5208 = LINE ( 'NONE', #6195, #13294 ) ;
#5209 = ORIENTED_EDGE ( 'NONE', *, *, #10546, .F. ) ;
#5210 = CARTESIAN_POINT ( 'NONE',  ( -2.861541279222644452, 3.000000000000000000, 30.51915291675149433 ) ) ;
#5211 = ORIENTED_EDGE ( 'NONE', *, *, #3746, .F. ) ;
#5212 = EDGE_CURVE ( 'NONE', #2744, #11146, #9182, .T. ) ;
#5213 = AXIS2_PLACEMENT_3D ( 'NONE', #7486, #2990, #6494 ) ;
#5214 = DIRECTION ( 'NONE',  ( 0.9863246135902004053, 0.000000000000000000, 0.1648143095308830797 ) ) ;
#5215 = CARTESIAN_POINT ( 'NONE',  ( -6.492681319191629719, 5.000000000000000000, 21.75276841601479916 ) ) ;
#5216 = CARTESIAN_POINT ( 'NONE',  ( -8.137960223191619491, 5.000000000000000000, 21.72616852001479160 ) ) ;
#5217 = DIRECTION ( 'NONE',  ( -1.000000000000000000, 0.000000000000000000, 0.000000000000000000 ) ) ;
#5218 = EDGE_LOOP ( 'NONE', ( #10486, #10185, #9024, #2752 ) ) ;
#5219 = VECTOR ( 'NONE', #9820, 1000.000000000000000 ) ;
#5220 = LINE ( 'NONE', #8591, #7721 ) ;
#5221 = ORIENTED_EDGE ( 'NONE', *, *, #2977, .F. ) ;
#5222 = ORIENTED_EDGE ( 'NONE', *, *, #2624, .T. ) ;
#5223 = ORIENTED_EDGE ( 'NONE', *, *, #4451, .T. ) ;
#5224 = DIRECTION ( 'NONE',  ( -0.000000000000000000, 1.000000000000000000, -0.000000000000000000 ) ) ;
#5225 = CARTESIAN_POINT ( 'NONE',  ( -1.920335351411956326, 5.000000000000000000, 21.33553956001112795 ) ) ;
#5226 = EDGE_CURVE ( 'NONE', #5930, #921, #5230, .T. ) ;
#5227 = PLANE ( 'NONE',  #3951 ) ;
#5228 = EDGE_CURVE ( 'NONE', #6978, #2780, #4907, .T. ) ;
#5229 = VECTOR ( 'NONE', #10844, 1000.000000000000114 ) ;
#5230 = LINE ( 'NONE', #12405, #10010 ) ;
#5231 = CARTESIAN_POINT ( 'NONE',  ( -82.00000000000001421, 0.000000000000000000, 52.99999999999999289 ) ) ;
#5232 = VECTOR ( 'NONE', #11696, 1000.000000000000114 ) ;
#5233 = DIRECTION ( 'NONE',  ( -0.4863215306767507129, 0.000000000000000000, 0.8737799315618448581 ) ) ;
#5234 = PLANE ( 'NONE',  #3037 ) ;
#5235 = CARTESIAN_POINT ( 'NONE',  ( 11.21739756080837047, 5.000000000000000000, 26.12263521601479610 ) ) ;
#5236 = DIRECTION ( 'NONE',  ( 0.4327309661515466588, -0.000000000000000000, 0.9015231061562143378 ) ) ;
#5237 = VERTEX_POINT ( 'NONE', #4846 ) ;
#5238 = DIRECTION ( 'NONE',  ( 0.000000000000000000, 0.000000000000000000, 1.000000000000000000 ) ) ;
#5239 = EDGE_LOOP ( 'NONE', ( #5195, #4070, #8459, #10878 ) ) ;
#5240 = CARTESIAN_POINT ( 'NONE',  ( -84.00000000000001421, 0.000000000000000000, 29.04999999999999361 ) ) ;
#5241 = VECTOR ( 'NONE', #7547, 1000.000000000000000 ) ;
#5242 = CARTESIAN_POINT ( 'NONE',  ( 21.66279585522150342, 5.000000000000000000, -8.418192952556006858 ) ) ;
#5243 = DIRECTION ( 'NONE',  ( -0.3750170057496874376, 0.000000000000000000, -0.9270179315409917686 ) ) ;
#5244 = ORIENTED_EDGE ( 'NONE', *, *, #2473, .F. ) ;
#5245 = EDGE_CURVE ( 'NONE', #2966, #13709, #7086, .T. ) ;
#5246 = DIRECTION ( 'NONE',  ( 0.9974853508007088809, -0.000000000000000000, 0.07087294926829956765 ) ) ;
#5247 = ORIENTED_EDGE ( 'NONE', *, *, #7405, .T. ) ;
#5248 = VECTOR ( 'NONE', #6425, 1000.000000000000000 ) ;
#5249 = CARTESIAN_POINT ( 'NONE',  ( 10.31126350198869446, 5.000000000000000000, 32.27872189754711485 ) ) ;
#5250 = CARTESIAN_POINT ( 'NONE',  ( -1.622951455939739107, 5.000000000000000000, 7.973891404945663730 ) ) ;
#5251 = VECTOR ( 'NONE', #6651, 999.9999999999998863 ) ;
#5252 = LINE ( 'NONE', #11570, #8777 ) ;
#5253 = ORIENTED_EDGE ( 'NONE', *, *, #5739, .F. ) ;
#5254 = CARTESIAN_POINT ( 'NONE',  ( -2.084662443747562044, 5.000000000000000000, 12.70256143472906629 ) ) ;
#5255 = ADVANCED_FACE ( 'NONE', ( #10169 ), #969, .T. ) ;
#5256 = VERTEX_POINT ( 'NONE', #13439 ) ;
#5257 = DIRECTION ( 'NONE',  ( -0.000000000000000000, 1.000000000000000000, -0.000000000000000000 ) ) ;
#5258 = PLANE ( 'NONE',  #8658 ) ;
#5259 = ORIENTED_EDGE ( 'NONE', *, *, #6594, .F. ) ;
#5260 = EDGE_LOOP ( 'NONE', ( #5642, #5692, #8593, #4048 ) ) ;
#5261 = VECTOR ( 'NONE', #3392, 1000.000000000000000 ) ;
#5262 = EDGE_CURVE ( 'NONE', #12880, #12917, #6949, .T. ) ;
#5263 = EDGE_CURVE ( 'NONE', #277, #12467, #12276, .T. ) ;
#5264 = ORIENTED_EDGE ( 'NONE', *, *, #5113, .F. ) ;
#5265 = VECTOR ( 'NONE', #4510, 1000.000000000000000 ) ;
#5266 = DIRECTION ( 'NONE',  ( -0.5579980086157626529, 0.000000000000000000, 0.8298422876552166150 ) ) ;
#5267 = CARTESIAN_POINT ( 'NONE',  ( -25.95222279119163389, 5.000000000000000000, 32.18923217601479791 ) ) ;
#5268 = CARTESIAN_POINT ( 'NONE',  ( 21.66279585522150342, 5.000000000000000000, -8.418192952556006858 ) ) ;
#5269 = CARTESIAN_POINT ( 'NONE',  ( 29.14103016343274533, 5.000000000000000000, 36.42531548004449604 ) ) ;
#5270 = CARTESIAN_POINT ( 'NONE',  ( 0.000000000000000000, 5.000000000000000000, 17.13645557601479297 ) ) ;
#5271 = ORIENTED_EDGE ( 'NONE', *, *, #10724, .T. ) ;
#5272 = PLANE ( 'NONE',  #1426 ) ;
#5273 = EDGE_CURVE ( 'NONE', #8437, #1226, #11221, .T. ) ;
#5274 = VECTOR ( 'NONE', #8844, 1000.000000000000000 ) ;
#5275 = EDGE_LOOP ( 'NONE', ( #10956, #8348, #11997, #2199 ) ) ;
#5276 = CARTESIAN_POINT ( 'NONE',  ( -14.24274760719161215, 3.000000000000000000, 28.22964446401480387 ) ) ;
#5277 = VERTEX_POINT ( 'NONE', #12658 ) ;
#5278 = VERTEX_POINT ( 'NONE', #8073 ) ;
#5279 = VECTOR ( 'NONE', #4300, 1000.000000000000000 ) ;
#5280 = VERTEX_POINT ( 'NONE', #13318 ) ;
#5281 = FACE_OUTER_BOUND ( 'NONE', #11445, .T. ) ;
#5282 = ORIENTED_EDGE ( 'NONE', *, *, #10835, .T. ) ;
#5283 = CARTESIAN_POINT ( 'NONE',  ( -15.49468922319163156, 3.000000000000000000, 29.71668441601480737 ) ) ;
#5284 = ORIENTED_EDGE ( 'NONE', *, *, #10172, .F. ) ;
#5285 = CARTESIAN_POINT ( 'NONE',  ( 5.047974942500699669, 5.000000000000000000, 19.86401191028937419 ) ) ;
#5286 = AXIS2_PLACEMENT_3D ( 'NONE', #102, #1868, #10345 ) ;
#5287 = VECTOR ( 'NONE', #1038, 999.9999999999998863 ) ;
#5288 = DIRECTION ( 'NONE',  ( -0.000000000000000000, -1.000000000000000000, -0.000000000000000000 ) ) ;
#5289 = LINE ( 'NONE', #12715, #10777 ) ;
#5290 = FACE_OUTER_BOUND ( 'NONE', #9180, .T. ) ;
#5291 = ADVANCED_FACE ( 'NONE', ( #11362 ), #6025, .T. ) ;
#5292 = EDGE_CURVE ( 'NONE', #4046, #4353, #5887, .T. ) ;
#5293 = PLANE ( 'NONE',  #7268 ) ;
#5294 = ORIENTED_EDGE ( 'NONE', *, *, #5532, .T. ) ;
#5295 = ORIENTED_EDGE ( 'NONE', *, *, #645, .T. ) ;
#5296 = VERTEX_POINT ( 'NONE', #581 ) ;
#5297 = VECTOR ( 'NONE', #2117, 1000.000000000000000 ) ;
#5298 = PLANE ( 'NONE',  #9960 ) ;
#5299 = LINE ( 'NONE', #6276, #5830 ) ;
#5300 = VECTOR ( 'NONE', #6527, 1000.000000000000227 ) ;
#5301 = CARTESIAN_POINT ( 'NONE',  ( -7.176422903191620684, 3.000000000000000000, 24.74071773601479407 ) ) ;
#5302 = DIRECTION ( 'NONE',  ( -0.000000000000000000, -1.000000000000000000, -0.000000000000000000 ) ) ;
#5303 = CARTESIAN_POINT ( 'NONE',  ( 0.000000000000000000, 3.000000000000000000, 15.35652416001479637 ) ) ;
#5304 = LINE ( 'NONE', #9588, #2350 ) ;
#5305 = AXIS2_PLACEMENT_3D ( 'NONE', #2046, #6316, #11086 ) ;
#5306 = DIRECTION ( 'NONE',  ( 0.000000000000000000, 0.000000000000000000, 1.000000000000000000 ) ) ;
#5307 = CARTESIAN_POINT ( 'NONE',  ( -38.82211221519163757, 3.000000000000000000, 25.04726017601479526 ) ) ;
#5308 = CARTESIAN_POINT ( 'NONE',  ( -15.11917460719163309, 3.000000000000000000, 27.20692768801479033 ) ) ;
#5309 = VERTEX_POINT ( 'NONE', #5158 ) ;
#5310 = ADVANCED_FACE ( 'NONE', ( #9123 ), #2739, .T. ) ;
#5311 = CARTESIAN_POINT ( 'NONE',  ( -13.56208096088929516, 5.000000000000000000, -2.738061315530600393 ) ) ;
#5312 = ORIENTED_EDGE ( 'NONE', *, *, #13710, .F. ) ;
#5313 = LINE ( 'NONE', #3990, #1708 ) ;
#5314 = ADVANCED_FACE ( 'NONE', ( #8394 ), #12335, .T. ) ;
#5315 = CYLINDRICAL_SURFACE ( 'NONE', #13308, 1.700000000000000178 ) ;
#5316 = CARTESIAN_POINT ( 'NONE',  ( -5.375833688374383357, 3.000000000000000000, 33.38666356494505294 ) ) ;
#5317 = VERTEX_POINT ( 'NONE', #1694 ) ;
#5318 = CARTESIAN_POINT ( 'NONE',  ( -50.42874584719162812, 5.000000000000000000, 24.99781755201479427 ) ) ;
#5319 = VECTOR ( 'NONE', #5302, 1000.000000000000000 ) ;
#5320 = ORIENTED_EDGE ( 'NONE', *, *, #12594, .F. ) ;
#5321 = DIRECTION ( 'NONE',  ( -0.8706030761706156085, 0.000000000000000000, 0.4919860605365372064 ) ) ;
#5322 = FACE_OUTER_BOUND ( 'NONE', #2417, .T. ) ;
#5323 = DIRECTION ( 'NONE',  ( -0.000000000000000000, -1.000000000000000000, -0.000000000000000000 ) ) ;
#5324 = ORIENTED_EDGE ( 'NONE', *, *, #12724, .T. ) ;
#5325 = EDGE_CURVE ( 'NONE', #3432, #8340, #12937, .T. ) ;
#5326 = LINE ( 'NONE', #11638, #1656 ) ;
#5327 = EDGE_LOOP ( 'NONE', ( #10253, #9581, #13590, #3789 ) ) ;
#5328 = CARTESIAN_POINT ( 'NONE',  ( 32.92826904880836736, 3.000000000000000000, 21.00100664801480477 ) ) ;
#5329 = VERTEX_POINT ( 'NONE', #1172 ) ;
#5330 = LINE ( 'NONE', #8562, #9324 ) ;
#5331 = ORIENTED_EDGE ( 'NONE', *, *, #12883, .F. ) ;
#5332 = VERTEX_POINT ( 'NONE', #3335 ) ;
#5333 = ADVANCED_FACE ( 'NONE', ( #11752 ), #7558, .T. ) ;
#5334 = CARTESIAN_POINT ( 'NONE',  ( 0.000000000000000000, 5.000000000000000000, 0.000000000000000000 ) ) ;
#5335 = DIRECTION ( 'NONE',  ( -0.9963693548102062758, 0.000000000000000000, -0.08513582556769692944 ) ) ;
#5336 = DIRECTION ( 'NONE',  ( 0.4885171382866753675, -0.000000000000000000, 0.8725542995139026203 ) ) ;
#5337 = ORIENTED_EDGE ( 'NONE', *, *, #5643, .T. ) ;
#5338 = CARTESIAN_POINT ( 'NONE',  ( -13.56603166319162668, 5.000000000000000000, 27.10688420001479315 ) ) ;
#5339 = PLANE ( 'NONE',  #3386 ) ;
#5340 = ORIENTED_EDGE ( 'NONE', *, *, #3461, .F. ) ;
#5341 = EDGE_CURVE ( 'NONE', #2962, #10524, #11963, .T. ) ;
#5342 = CARTESIAN_POINT ( 'NONE',  ( 17.99527990623743889, 3.000000000000000000, -8.997639953118749645 ) ) ;
#5343 = EDGE_CURVE ( 'NONE', #2342, #12078, #4467, .T. ) ;
#5344 = ORIENTED_EDGE ( 'NONE', *, *, #10995, .T. ) ;
#5345 = CARTESIAN_POINT ( 'NONE',  ( 35.04517938703008184, 3.000000000000000000, -16.16470305495730742 ) ) ;
#5346 = ORIENTED_EDGE ( 'NONE', *, *, #13825, .F. ) ;
#5347 = EDGE_LOOP ( 'NONE', ( #1558, #2145, #1085, #11518 ) ) ;
#5348 = DIRECTION ( 'NONE',  ( -0.000000000000000000, -1.000000000000000000, -0.000000000000000000 ) ) ;
#5349 = ORIENTED_EDGE ( 'NONE', *, *, #2964, .T. ) ;
#5350 = EDGE_CURVE ( 'NONE', #1908, #8924, #5365, .T. ) ;
#5351 = DIRECTION ( 'NONE',  ( -0.3809753635559193774, 0.000000000000000000, -0.9245851893489506201 ) ) ;
#5352 = PLANE ( 'NONE',  #10912 ) ;
#5353 = CARTESIAN_POINT ( 'NONE',  ( 51.72345421680835642, 5.000000000000000000, 20.53133626401479361 ) ) ;
#5354 = CARTESIAN_POINT ( 'NONE',  ( -11.95127441519161948, 5.000000000000000000, -7.851058583985199846 ) ) ;
#5355 = EDGE_CURVE ( 'NONE', #233, #3329, #9586, .T. ) ;
#5356 = LINE ( 'NONE', #960, #4126 ) ;
#5357 = VERTEX_POINT ( 'NONE', #9512 ) ;
#5358 = ORIENTED_EDGE ( 'NONE', *, *, #1733, .F. ) ;
#5359 = ORIENTED_EDGE ( 'NONE', *, *, #3288, .F. ) ;
#5360 = FACE_OUTER_BOUND ( 'NONE', #1924, .T. ) ;
#5361 = DIRECTION ( 'NONE',  ( 1.000000000000000000, -0.000000000000000000, 0.000000000000000000 ) ) ;
#5362 = LINE ( 'NONE', #13564, #10894 ) ;
#5363 = EDGE_CURVE ( 'NONE', #98, #6333, #10837, .T. ) ;
#5364 = EDGE_CURVE ( 'NONE', #5747, #9627, #12793, .T. ) ;
#5365 = LINE ( 'NONE', #6488, #9797 ) ;
#5366 = DIRECTION ( 'NONE',  ( -1.000000000000000000, 0.000000000000000000, 0.000000000000000000 ) ) ;
#5367 = DIRECTION ( 'NONE',  ( 0.000000000000000000, 0.000000000000000000, 1.000000000000000000 ) ) ;
#5368 = PLANE ( 'NONE',  #2378 ) ;
#5369 = DIRECTION ( 'NONE',  ( -0.1589698110718959223, 0.000000000000000000, 0.9872834441880232736 ) ) ;
#5370 = ORIENTED_EDGE ( 'NONE', *, *, #1155, .T. ) ;
#5371 = CARTESIAN_POINT ( 'NONE',  ( 8.065182376808371245, 5.000000000000000000, -7.559139431985200552 ) ) ;
#5372 = ORIENTED_EDGE ( 'NONE', *, *, #37, .T. ) ;
#5373 = LINE ( 'NONE', #9653, #2999 ) ;
#5374 = ORIENTED_EDGE ( 'NONE', *, *, #12179, .T. ) ;
#5375 = ORIENTED_EDGE ( 'NONE', *, *, #13561, .T. ) ;
#5376 = DIRECTION ( 'NONE',  ( 1.000000000000000000, -0.000000000000000000, 0.000000000000000000 ) ) ;
#5377 = DIRECTION ( 'NONE',  ( -0.08828299900632675945, 0.000000000000000000, -0.9960954332223639351 ) ) ;
#5378 = LINE ( 'NONE', #2233, #7033 ) ;
#5379 = EDGE_LOOP ( 'NONE', ( #11991, #1129, #4945, #3511 ) ) ;
#5380 = LINE ( 'NONE', #3286, #5732 ) ;
#5381 = ORIENTED_EDGE ( 'NONE', *, *, #3870, .T. ) ;
#5382 = EDGE_CURVE ( 'NONE', #3498, #13057, #9646, .T. ) ;
#5383 = LINE ( 'NONE', #3215, #12223 ) ;
#5384 = CARTESIAN_POINT ( 'NONE',  ( -37.71278348003515646, 3.000000000000000000, -1.571659372602533633 ) ) ;
#5385 = DIRECTION ( 'NONE',  ( -0.000000000000000000, -1.000000000000000000, -0.000000000000000000 ) ) ;
#5386 = ORIENTED_EDGE ( 'NONE', *, *, #3497, .T. ) ;
#5387 = VECTOR ( 'NONE', #9124, 1000.000000000000114 ) ;
#5388 = CARTESIAN_POINT ( 'NONE',  ( 12.68402592597218970, 3.000000000000000000, 22.65529802223259637 ) ) ;
#5389 = VERTEX_POINT ( 'NONE', #2289 ) ;
#5390 = CARTESIAN_POINT ( 'NONE',  ( -14.38390658319161552, 3.000000000000000000, 21.20248452801478578 ) ) ;
#5391 = ORIENTED_EDGE ( 'NONE', *, *, #8110, .T. ) ;
#5392 = CARTESIAN_POINT ( 'NONE',  ( -34.53050078319161997, 5.000000000000000000, 32.03596146401479672 ) ) ;
#5393 = EDGE_LOOP ( 'NONE', ( #1811, #639, #453, #13594 ) ) ;
#5394 = ORIENTED_EDGE ( 'NONE', *, *, #12164, .T. ) ;
#5395 = ADVANCED_FACE ( 'NONE', ( #2154 ), #6561, .T. ) ;
#5396 = VECTOR ( 'NONE', #5081, 1000.000000000000227 ) ;
#5397 = VECTOR ( 'NONE', #12211, 1000.000000000000000 ) ;
#5398 = ADVANCED_FACE ( 'NONE', ( #4395 ), #8676, .T. ) ;
#5399 = LINE ( 'NONE', #4077, #3749 ) ;
#5400 = DIRECTION ( 'NONE',  ( 0.9379835119174023683, 0.000000000000000000, 0.3466798687133368362 ) ) ;
#5401 = DIRECTION ( 'NONE',  ( 0.3837797321477059431, 0.000000000000000000, 0.9234246678493243099 ) ) ;
#5402 = ORIENTED_EDGE ( 'NONE', *, *, #8792, .T. ) ;
#5403 = DIRECTION ( 'NONE',  ( -0.9605984008074308633, 0.000000000000000000, -0.2779401237068993558 ) ) ;
#5404 = VERTEX_POINT ( 'NONE', #200 ) ;
#5405 = LINE ( 'NONE', #6326, #6556 ) ;
#5406 = ORIENTED_EDGE ( 'NONE', *, *, #11361, .T. ) ;
#5407 = DIRECTION ( 'NONE',  ( 0.4188446617514607340, 0.000000000000000000, 0.9080578997631728599 ) ) ;
#5408 = VECTOR ( 'NONE', #667, 1000.000000000000114 ) ;
#5409 = EDGE_LOOP ( 'NONE', ( #4065, #7800, #2447, #7444 ) ) ;
#5410 = VECTOR ( 'NONE', #9880, 1000.000000000000000 ) ;
#5411 = DIRECTION ( 'NONE',  ( 1.000000000000000000, -0.000000000000000000, 0.000000000000000000 ) ) ;
#5412 = VERTEX_POINT ( 'NONE', #6637 ) ;
#5413 = FACE_OUTER_BOUND ( 'NONE', #1430, .T. ) ;
#5414 = ORIENTED_EDGE ( 'NONE', *, *, #8833, .T. ) ;
#5415 = EDGE_CURVE ( 'NONE', #8420, #9000, #13003, .T. ) ;
#5416 = EDGE_CURVE ( 'NONE', #13605, #5296, #7695, .T. ) ;
#5417 = DIRECTION ( 'NONE',  ( 0.000000000000000000, 1.000000000000000000, -0.000000000000000000 ) ) ;
#5418 = VECTOR ( 'NONE', #13661, 1000.000000000000000 ) ;
#5419 = DIRECTION ( 'NONE',  ( 0.9938837125343852330, 0.000000000000000000, -0.1104317253277669469 ) ) ;
#5420 = CARTESIAN_POINT ( 'NONE',  ( -6.492681319191629719, 5.000000000000000000, 21.75276841601479916 ) ) ;
#5421 = LINE ( 'NONE', #8588, #2137 ) ;
#5422 = APPROVAL_PERSON_ORGANIZATION ( #694, #19, #6148 ) ;
#5423 = PLANE ( 'NONE',  #5021 ) ;
#5424 = ORIENTED_EDGE ( 'NONE', *, *, #9813, .T. ) ;
#5425 = VERTEX_POINT ( 'NONE', #1317 ) ;
#5426 = EDGE_CURVE ( 'NONE', #1692, #11623, #4189, .T. ) ;
#5427 = VERTEX_POINT ( 'NONE', #8600 ) ;
#5428 = VECTOR ( 'NONE', #5806, 1000.000000000000000 ) ;
#5429 = LINE ( 'NONE', #13074, #7064 ) ;
#5430 = LINE ( 'NONE', #337, #7351 ) ;
#5431 = DIRECTION ( 'NONE',  ( -0.9962356249260626573, 0.000000000000000000, 0.08668667503242517836 ) ) ;
#5432 = ADVANCED_FACE ( 'NONE', ( #8467 ), #11680, .T. ) ;
#5433 = EDGE_CURVE ( 'NONE', #4636, #2061, #10634, .T. ) ;
#5434 = CARTESIAN_POINT ( 'NONE',  ( 0.000000000000000000, 5.000000000000000000, 20.23155835201480102 ) ) ;
#5435 = DIRECTION ( 'NONE',  ( 0.3859804195161828932, -0.000000000000000000, 0.9225069732799375810 ) ) ;
#5436 = CARTESIAN_POINT ( 'NONE',  ( -27.73834840556819969, 3.000000000000000000, 11.52815899183988790 ) ) ;
#5437 = AXIS2_PLACEMENT_3D ( 'NONE', #13536, #10532, #1920 ) ;
#5438 = CARTESIAN_POINT ( 'NONE',  ( -1.802202772349250415, 5.000000000000000000, 19.45234141127950878 ) ) ;
#5439 = LINE ( 'NONE', #1520, #7689 ) ;
#5440 = DIRECTION ( 'NONE',  ( 0.000000000000000000, 1.000000000000000000, 0.000000000000000000 ) ) ;
#5441 = ORIENTED_EDGE ( 'NONE', *, *, #395, .F. ) ;
#5442 = LINE ( 'NONE', #1180, #9717 ) ;
#5443 = ORIENTED_EDGE ( 'NONE', *, *, #12864, .F. ) ;
#5444 = ADVANCED_FACE ( 'NONE', ( #12098 ), #5648, .T. ) ;
#5445 = DIRECTION ( 'NONE',  ( 0.3758148874564765096, 0.000000000000000000, -0.9266947557670086599 ) ) ;
#5446 = EDGE_CURVE ( 'NONE', #8218, #11413, #474, .T. ) ;
#5447 = EDGE_LOOP ( 'NONE', ( #554, #13585, #6882, #11805 ) ) ;
#5448 = CARTESIAN_POINT ( 'NONE',  ( -49.69399090319161161, 5.000000000000000000, 29.09524192001479648 ) ) ;
#5449 = PLANE ( 'NONE',  #5681 ) ;
#5450 = ORIENTED_EDGE ( 'NONE', *, *, #9350, .T. ) ;
#5451 = VECTOR ( 'NONE', #4978, 1000.000000000000000 ) ;
#5452 = LINE ( 'NONE', #3500, #3055 ) ;
#5453 = ORIENTED_EDGE ( 'NONE', *, *, #10341, .T. ) ;
#5454 = AXIS2_PLACEMENT_3D ( 'NONE', #8706, #439, #12130 ) ;
#5455 = LOCAL_TIME ( 15, 13, 8.000000000000000000, #7201 ) ;
#5456 = PLANE ( 'NONE',  #1516 ) ;
#5457 = DIRECTION ( 'NONE',  ( 0.9238814843844341818, 0.000000000000000000, -0.3826787200924746668 ) ) ;
#5458 = DIRECTION ( 'NONE',  ( 0.9960884411663328830, 0.000000000000000000, 0.08836185474979989241 ) ) ;
#5459 = VERTEX_POINT ( 'NONE', #340 ) ;
#5460 = VECTOR ( 'NONE', #9313, 1000.000000000000000 ) ;
#5461 = DIRECTION ( 'NONE',  ( -0.9867994316206480931, 0.000000000000000000, -0.1619471572864612519 ) ) ;
#5462 = ORIENTED_EDGE ( 'NONE', *, *, #1071, .F. ) ;
#5463 = EDGE_CURVE ( 'NONE', #2053, #2264, #12166, .T. ) ;
#5464 = AXIS2_PLACEMENT_3D ( 'NONE', #3000, #13787, #11629 ) ;
#5465 = CARTESIAN_POINT ( 'NONE',  ( 25.13495672080835774, 5.000000000000000000, 12.84143546401479341 ) ) ;
#5466 = EDGE_CURVE ( 'NONE', #5000, #9673, #12307, .T. ) ;
#5467 = CARTESIAN_POINT ( 'NONE',  ( -14.50132976719162414, 5.000000000000000000, 31.43523520801479876 ) ) ;
#5468 = ORIENTED_EDGE ( 'NONE', *, *, #3409, .T. ) ;
#5469 = ORIENTED_EDGE ( 'NONE', *, *, #10020, .T. ) ;
#5470 = AXIS2_PLACEMENT_3D ( 'NONE', #5667, #5868, #10152 ) ;
#5471 = FACE_OUTER_BOUND ( 'NONE', #5574, .T. ) ;
#5472 = AXIS2_PLACEMENT_3D ( 'NONE', #6069, #3975, #10348 ) ;
#5473 = LINE ( 'NONE', #11717, #2626 ) ;
#5474 = FACE_OUTER_BOUND ( 'NONE', #8733, .T. ) ;
#5475 = VERTEX_POINT ( 'NONE', #11048 ) ;
#5476 = DIRECTION ( 'NONE',  ( -1.000000000000000000, 0.000000000000000000, 0.000000000000000000 ) ) ;
#5477 = ORIENTED_EDGE ( 'NONE', *, *, #2689, .F. ) ;
#5478 = PLANE ( 'NONE',  #9248 ) ;
#5479 = ORIENTED_EDGE ( 'NONE', *, *, #9904, .F. ) ;
#5480 = CARTESIAN_POINT ( 'NONE',  ( -11.89783992719162420, 3.000000000000000000, 7.273732096014799531 ) ) ;
#5481 = EDGE_CURVE ( 'NONE', #7948, #11855, #8812, .T. ) ;
#5482 = VECTOR ( 'NONE', #1319, 1000.000000000000000 ) ;
#5483 = ORIENTED_EDGE ( 'NONE', *, *, #8006, .F. ) ;
#5484 = LINE ( 'NONE', #6685, #8885 ) ;
#5485 = CIRCLE ( 'NONE', #9525, 1.699999999999999289 ) ;
#5486 = ADVANCED_FACE ( 'NONE', ( #13152 ), #8952, .T. ) ;
#5487 = ORIENTED_EDGE ( 'NONE', *, *, #11682, .T. ) ;
#5488 = CARTESIAN_POINT ( 'NONE',  ( -2.277850786730551302, 5.000000000000000000, 13.85165343149621364 ) ) ;
#5489 = ORIENTED_EDGE ( 'NONE', *, *, #8092, .T. ) ;
#5490 = CARTESIAN_POINT ( 'NONE',  ( -37.71278348003515646, 5.000000000000000000, -1.571659372602533633 ) ) ;
#5491 = VECTOR ( 'NONE', #6045, 999.9999999999998863 ) ;
#5492 = DIRECTION ( 'NONE',  ( -0.3837797321477059431, 0.000000000000000000, -0.9234246678493243099 ) ) ;
#5493 = FACE_OUTER_BOUND ( 'NONE', #9171, .T. ) ;
#5494 = VECTOR ( 'NONE', #768, 1000.000000000000000 ) ;
#5495 = DIRECTION ( 'NONE',  ( -0.000000000000000000, -1.000000000000000000, -0.000000000000000000 ) ) ;
#5496 = VECTOR ( 'NONE', #6999, 1000.000000000000000 ) ;
#5497 = EDGE_CURVE ( 'NONE', #929, #5332, #11193, .T. ) ;
#5498 = PLANE ( 'NONE',  #11073 ) ;
#5499 = EDGE_LOOP ( 'NONE', ( #8493, #12325, #1754, #6287 ) ) ;
#5500 = ORIENTED_EDGE ( 'NONE', *, *, #3319, .T. ) ;
#5501 = ORIENTED_EDGE ( 'NONE', *, *, #9281, .T. ) ;
#5502 = CARTESIAN_POINT ( 'NONE',  ( 41.11219476880837931, 5.000000000000000000, 21.30416072801479643 ) ) ;
#5503 = DIRECTION ( 'NONE',  ( 0.3630851823906605658, 0.000000000000000000, 0.9317559499827950953 ) ) ;
#5504 = AXIS2_PLACEMENT_3D ( 'NONE', #13556, #7131, #11399 ) ;
#5505 = CARTESIAN_POINT ( 'NONE',  ( 5.070459137921515591, 3.000000000000000000, 4.108854884201798896 ) ) ;
#5506 = VECTOR ( 'NONE', #7287, 1000.000000000000000 ) ;
#5507 = DIRECTION ( 'NONE',  ( -1.000000000000000000, 0.000000000000000000, 0.000000000000000000 ) ) ;
#5508 = DIRECTION ( 'NONE',  ( -0.000000000000000000, -1.000000000000000000, -0.000000000000000000 ) ) ;
#5509 = EDGE_CURVE ( 'NONE', #11413, #4855, #13212, .T. ) ;
#5510 = CARTESIAN_POINT ( 'NONE',  ( -33.29443721519162835, 3.000000000000000000, 0.000000000000000000 ) ) ;
#5511 = LINE ( 'NONE', #12940, #3158 ) ;
#5512 = FACE_OUTER_BOUND ( 'NONE', #5123, .T. ) ;
#5513 = COORDINATED_UNIVERSAL_TIME_OFFSET ( 1, 0, .AHEAD. ) ;
#5514 = AXIS2_PLACEMENT_3D ( 'NONE', #5121, #9676, #9471 ) ;
#5515 = DIRECTION ( 'NONE',  ( -0.8439955644044224714, 0.000000000000000000, -0.5363501535989901869 ) ) ;
#5516 = EDGE_LOOP ( 'NONE', ( #8332, #4767, #4411, #6817 ) ) ;
#5517 = ADVANCED_FACE ( 'NONE', ( #11258 ), #7900, .T. ) ;
#5518 = CARTESIAN_POINT ( 'NONE',  ( 27.88821308880836014, 5.000000000000000000, 21.73955533601479218 ) ) ;
#5519 = VECTOR ( 'NONE', #4950, 1000.000000000000000 ) ;
#5520 = ADVANCED_FACE ( 'NONE', ( #5853 ), #10005, .T. ) ;
#5521 = VECTOR ( 'NONE', #4909, 1000.000000000000000 ) ;
#5522 = VERTEX_POINT ( 'NONE', #3763 ) ;
#5523 = ORIENTED_EDGE ( 'NONE', *, *, #13395, .F. ) ;
#5524 = CARTESIAN_POINT ( 'NONE',  ( 8.084819329623730511, 5.000000000000000000, -10.70780137037823110 ) ) ;
#5525 = ORIENTED_EDGE ( 'NONE', *, *, #6050, .F. ) ;
#5526 = DIRECTION ( 'NONE',  ( -0.000000000000000000, -1.000000000000000000, -0.000000000000000000 ) ) ;
#5527 = CARTESIAN_POINT ( 'NONE',  ( -21.56172611119162852, 3.000000000000000000, 20.23155835201480102 ) ) ;
#5528 = VERTEX_POINT ( 'NONE', #1530 ) ;
#5529 = FACE_OUTER_BOUND ( 'NONE', #13506, .T. ) ;
#5530 = ORIENTED_EDGE ( 'NONE', *, *, #8339, .T. ) ;
#5531 = VECTOR ( 'NONE', #6486, 1000.000000000000114 ) ;
#5532 = EDGE_CURVE ( 'NONE', #13067, #4529, #12245, .T. ) ;
#5533 = CARTESIAN_POINT ( 'NONE',  ( 40.23649420880835947, 5.000000000000000000, 21.74697112001480548 ) ) ;
#5534 = LINE ( 'NONE', #3356, #7217 ) ;
#5535 = CARTESIAN_POINT ( 'NONE',  ( -30.25195076116317239, 5.000000000000000000, 1.498118834224834162 ) ) ;
#5536 = ORIENTED_EDGE ( 'NONE', *, *, #11657, .F. ) ;
#5537 = DIRECTION ( 'NONE',  ( 0.3101841417870022100, 0.000000000000000000, 0.9506764950201835873 ) ) ;
#5538 = EDGE_LOOP ( 'NONE', ( #8231, #10442, #8634, #6505 ) ) ;
#5539 = CARTESIAN_POINT ( 'NONE',  ( -15.56187933519164091, 5.000000000000000000, 29.01996851201479188 ) ) ;
#5540 = ORIENTED_EDGE ( 'NONE', *, *, #3032, .T. ) ;
#5541 = VECTOR ( 'NONE', #4318, 1000.000000000000000 ) ;
#5542 = LINE ( 'NONE', #8978, #12843 ) ;
#5543 = CARTESIAN_POINT ( 'NONE',  ( -1.639037272184123539, 5.000000000000000000, -24.61109390234270577 ) ) ;
#5544 = ORIENTED_EDGE ( 'NONE', *, *, #5161, .T. ) ;
#5545 = ORIENTED_EDGE ( 'NONE', *, *, #1833, .F. ) ;
#5546 = DIRECTION ( 'NONE',  ( 0.000000000000000000, 0.000000000000000000, -1.000000000000000000 ) ) ;
#5547 = EDGE_CURVE ( 'NONE', #1203, #2799, #12038, .T. ) ;
#5548 = FACE_OUTER_BOUND ( 'NONE', #11575, .T. ) ;
#5549 = EDGE_CURVE ( 'NONE', #3321, #587, #4535, .T. ) ;
#5550 = CARTESIAN_POINT ( 'NONE',  ( 49.76758154206476803, 5.000000000000000000, -5.443684590945589541 ) ) ;
#5551 = LINE ( 'NONE', #515, #4971 ) ;
#5552 = EDGE_LOOP ( 'NONE', ( #4449, #13358, #12015, #6000 ) ) ;
#5553 = CARTESIAN_POINT ( 'NONE',  ( -3.936847924096960494, 3.000000000000000000, -0.1951907004045583538 ) ) ;
#5554 = VERTEX_POINT ( 'NONE', #4808 ) ;
#5555 = CARTESIAN_POINT ( 'NONE',  ( -12.63115011919161645, 5.000000000000000000, 7.273884496014799694 ) ) ;
#5556 = ORIENTED_EDGE ( 'NONE', *, *, #12661, .F. ) ;
#5557 = CARTESIAN_POINT ( 'NONE',  ( 45.67764156880837589, 3.000000000000000000, 23.45026667201479498 ) ) ;
#5558 = VECTOR ( 'NONE', #6216, 1000.000000000000000 ) ;
#5559 = ORIENTED_EDGE ( 'NONE', *, *, #8528, .F. ) ;
#5560 = DIRECTION ( 'NONE',  ( -0.9225069732799374700, 0.000000000000000000, 0.3859804195161828377 ) ) ;
#5561 = EDGE_LOOP ( 'NONE', ( #9805, #10796, #6308, #1595 ) ) ;
#5562 = LINE ( 'NONE', #3175, #1719 ) ;
#5563 = EDGE_LOOP ( 'NONE', ( #12178, #4527, #2567, #5372 ) ) ;
#5564 = FACE_OUTER_BOUND ( 'NONE', #12332, .T. ) ;
#5565 = AXIS2_PLACEMENT_3D ( 'NONE', #11326, #10270, #4736 ) ;
#5566 = EDGE_CURVE ( 'NONE', #5404, #13522, #4678, .T. ) ;
#5567 = CARTESIAN_POINT ( 'NONE',  ( -51.34096043119163966, 3.000000000000000000, 28.41182444001479013 ) ) ;
#5568 = CARTESIAN_POINT ( 'NONE',  ( -14.24274760719162991, 5.000000000000000000, 28.22964446401480032 ) ) ;
#5569 = PLANE ( 'NONE',  #5931 ) ;
#5570 = ORIENTED_EDGE ( 'NONE', *, *, #9146, .F. ) ;
#5571 = CARTESIAN_POINT ( 'NONE',  ( 5.843804798327555616, 5.000000000000000000, 19.88424986008754303 ) ) ;
#5572 = EDGE_LOOP ( 'NONE', ( #5655, #7823, #3187, #8996 ) ) ;
#5573 = EDGE_LOOP ( 'NONE', ( #13705, #240, #8563, #4456 ) ) ;
#5574 = EDGE_LOOP ( 'NONE', ( #656, #375, #6306, #10771 ) ) ;
#5575 = DIRECTION ( 'NONE',  ( -0.3815757523362386938, 0.000000000000000000, 0.9243375710361627640 ) ) ;
#5576 = DIRECTION ( 'NONE',  ( -0.1231827809125627532, 0.000000000000000000, 0.9923839995116040535 ) ) ;
#5577 = LINE ( 'NONE', #9716, #12677 ) ;
#5578 = EDGE_CURVE ( 'NONE', #505, #7300, #6703, .T. ) ;
#5579 = CARTESIAN_POINT ( 'NONE',  ( -9.047278184824188330, 5.000000000000000000, 1.219296991187629020 ) ) ;
#5580 = EDGE_CURVE ( 'NONE', #6416, #2547, #2435, .T. ) ;
#5581 = DIRECTION ( 'NONE',  ( -0.8861933879638894673, 0.000000000000000000, 0.4633155286940889850 ) ) ;
#5582 = DIRECTION ( 'NONE',  ( 0.000000000000000000, 0.000000000000000000, 1.000000000000000000 ) ) ;
#5583 = DIRECTION ( 'NONE',  ( -0.9377558891340873615, 0.000000000000000000, 0.3472951085090851264 ) ) ;
#5584 = CARTESIAN_POINT ( 'NONE',  ( -4.296364244655543452, 5.000000000000000000, 15.05449634477602316 ) ) ;
#5585 = ORIENTED_EDGE ( 'NONE', *, *, #3362, .F. ) ;
#5586 = PLANE ( 'NONE',  #12607 ) ;
#5587 = ORIENTED_EDGE ( 'NONE', *, *, #10567, .T. ) ;
#5588 = DIRECTION ( 'NONE',  ( 0.000000000000000000, 0.000000000000000000, -1.000000000000000000 ) ) ;
#5589 = ORIENTED_EDGE ( 'NONE', *, *, #7272, .T. ) ;
#5590 = DIRECTION ( 'NONE',  ( 1.000000000000000000, -0.000000000000000000, 0.000000000000000000 ) ) ;
#5591 = FACE_OUTER_BOUND ( 'NONE', #6588, .T. ) ;
#5592 = EDGE_CURVE ( 'NONE', #2444, #11673, #4739, .T. ) ;
#5593 = ORIENTED_EDGE ( 'NONE', *, *, #12035, .T. ) ;
#5594 = DIRECTION ( 'NONE',  ( 1.000000000000000000, -0.000000000000000000, 0.000000000000000000 ) ) ;
#5595 = ORIENTED_EDGE ( 'NONE', *, *, #8528, .T. ) ;
#5596 = EDGE_CURVE ( 'NONE', #12676, #10108, #616, .T. ) ;
#5597 = ADVANCED_FACE ( 'NONE', ( #2905 ), #7183, .T. ) ;
#5598 = CARTESIAN_POINT ( 'NONE',  ( -30.42677213519162649, 5.000000000000000000, 0.000000000000000000 ) ) ;
#5599 = DIRECTION ( 'NONE',  ( -0.9709997323189784035, 0.000000000000000000, 0.2390805718507303668 ) ) ;
#5600 = DIRECTION ( 'NONE',  ( -0.9238814843844341818, 0.000000000000000000, -0.3826787200924746668 ) ) ;
#5601 = VECTOR ( 'NONE', #8188, 1000.000000000000114 ) ;
#5602 = LINE ( 'NONE', #5746, #1613 ) ;
#5603 = ORIENTED_EDGE ( 'NONE', *, *, #5007, .F. ) ;
#5604 = LINE ( 'NONE', #13305, #10600 ) ;
#5605 = ORIENTED_EDGE ( 'NONE', *, *, #5416, .T. ) ;
#5606 = ORIENTED_EDGE ( 'NONE', *, *, #5466, .F. ) ;
#5607 = DIRECTION ( 'NONE',  ( 0.000000000000000000, 1.000000000000000000, -0.000000000000000000 ) ) ;
#5608 = CARTESIAN_POINT ( 'NONE',  ( -26.71116666319161936, 5.000000000000000000, 30.91361572801480051 ) ) ;
#5609 = CARTESIAN_POINT ( 'NONE',  ( -9.572363247191635338, 5.000000000000000000, 21.19736998401479511 ) ) ;
#5610 = EDGE_CURVE ( 'NONE', #9864, #13263, #8376, .T. ) ;
#5611 = ORIENTED_EDGE ( 'NONE', *, *, #12235, .F. ) ;
#5612 = ORIENTED_EDGE ( 'NONE', *, *, #1380, .F. ) ;
#5613 = EDGE_CURVE ( 'NONE', #12146, #1614, #5922, .T. ) ;
#5614 = PLANE ( 'NONE',  #3289 ) ;
#5615 = CARTESIAN_POINT ( 'NONE',  ( -22.79778967919162014, 3.000000000000000000, 20.23155835201480102 ) ) ;
#5616 = VECTOR ( 'NONE', #8375, 1000.000000000000114 ) ;
#5617 = LINE ( 'NONE', #1563, #9326 ) ;
#5618 = CARTESIAN_POINT ( 'NONE',  ( 18.14062780880837167, 5.000000000000000000, 21.45773217601479388 ) ) ;
#5619 = LINE ( 'NONE', #8784, #6303 ) ;
#5620 = ORIENTED_EDGE ( 'NONE', *, *, #12282, .F. ) ;
#5621 = CARTESIAN_POINT ( 'NONE',  ( 31.93756236880837562, 5.000000000000000000, 12.62729720801479871 ) ) ;
#5622 = ORIENTED_EDGE ( 'NONE', *, *, #10311, .T. ) ;
#5623 = DIRECTION ( 'NONE',  ( 0.000000000000000000, 1.000000000000000000, -0.000000000000000000 ) ) ;
#5624 = ORIENTED_EDGE ( 'NONE', *, *, #9488, .T. ) ;
#5625 = CARTESIAN_POINT ( 'NONE',  ( 17.33050395280837819, 5.000000000000000000, 31.04807215201479309 ) ) ;
#5626 = EDGE_CURVE ( 'NONE', #11732, #4762, #4097, .T. ) ;
#5627 = ORIENTED_EDGE ( 'NONE', *, *, #5481, .T. ) ;
#5628 = EDGE_CURVE ( 'NONE', #4918, #12785, #816, .T. ) ;
#5629 = VECTOR ( 'NONE', #8941, 1000.000000000000114 ) ;
#5630 = LINE ( 'NONE', #2874, #11114 ) ;
#5631 = AXIS2_PLACEMENT_3D ( 'NONE', #6493, #12297, #4727 ) ;
#5632 = EDGE_LOOP ( 'NONE', ( #12436, #11301, #9338, #10297 ) ) ;
#5633 = DIRECTION ( 'NONE',  ( -0.000000000000000000, -1.000000000000000000, -0.000000000000000000 ) ) ;
#5634 = FACE_OUTER_BOUND ( 'NONE', #12084, .T. ) ;
#5635 = CARTESIAN_POINT ( 'NONE',  ( -16.67471611236465279, 3.000000000000000000, -9.738803921681435938 ) ) ;
#5636 = FACE_OUTER_BOUND ( 'NONE', #11900, .T. ) ;
#5637 = VECTOR ( 'NONE', #8377, 1000.000000000000000 ) ;
#5638 = VECTOR ( 'NONE', #9746, 1000.000000000000114 ) ;
#5639 = LINE ( 'NONE', #6051, #3006 ) ;
#5640 = ORIENTED_EDGE ( 'NONE', *, *, #11657, .T. ) ;
#5641 = ORIENTED_EDGE ( 'NONE', *, *, #5433, .T. ) ;
#5642 = ORIENTED_EDGE ( 'NONE', *, *, #1233, .T. ) ;
#5643 = EDGE_CURVE ( 'NONE', #1343, #10132, #4878, .T. ) ;
#5644 = CARTESIAN_POINT ( 'NONE',  ( -50.36168070319165224, 3.000000000000000000, 26.55967371201479921 ) ) ;
#5645 = LINE ( 'NONE', #3478, #5999 ) ;
#5646 = DIRECTION ( 'NONE',  ( 0.1087336054244275596, 0.000000000000000000, 0.9940709245579033571 ) ) ;
#5647 = AXIS2_PLACEMENT_3D ( 'NONE', #239, #382, #7941 ) ;
#5648 = PLANE ( 'NONE',  #12474 ) ;
#5649 = DIRECTION ( 'NONE',  ( 0.000000000000000000, 1.000000000000000000, 0.000000000000000000 ) ) ;
#5650 = DIRECTION ( 'NONE',  ( -0.5584504237620580014, 0.000000000000000000, -0.8295378979889813653 ) ) ;
#5651 = LINE ( 'NONE', #2370, #6741 ) ;
#5652 = EDGE_LOOP ( 'NONE', ( #5054, #12770, #13438, #3297 ) ) ;
#5653 = VECTOR ( 'NONE', #6444, 1000.000000000000114 ) ;
#5654 = CARTESIAN_POINT ( 'NONE',  ( -1.920335351411956326, 5.000000000000000000, 21.33553956001112795 ) ) ;
#5655 = ORIENTED_EDGE ( 'NONE', *, *, #12214, .F. ) ;
#5656 = VERTEX_POINT ( 'NONE', #8244 ) ;
#5657 = FACE_OUTER_BOUND ( 'NONE', #13410, .T. ) ;
#5658 = ORIENTED_EDGE ( 'NONE', *, *, #4823, .F. ) ;
#5659 = EDGE_CURVE ( 'NONE', #1114, #10088, #9422, .T. ) ;
#5660 = DIRECTION ( 'NONE',  ( -0.000000000000000000, -1.000000000000000000, -0.000000000000000000 ) ) ;
#5661 = CARTESIAN_POINT ( 'NONE',  ( 36.78429829406522344, 5.000000000000000000, 33.28004330095095042 ) ) ;
#5662 = EDGE_CURVE ( 'NONE', #2383, #12238, #11529, .T. ) ;
#5663 = ORIENTED_EDGE ( 'NONE', *, *, #8466, .T. ) ;
#5664 = PLANE ( 'NONE',  #10221 ) ;
#5665 = VERTEX_POINT ( 'NONE', #9218 ) ;
#5666 = AXIS2_PLACEMENT_3D ( 'NONE', #11247, #13007, #5783 ) ;
#5667 = CARTESIAN_POINT ( 'NONE',  ( 49.76758154206476803, 5.000000000000000000, -5.443684590945589541 ) ) ;
#5668 = CARTESIAN_POINT ( 'NONE',  ( 0.000000000000000000, 5.000000000000000000, 16.57775514401479100 ) ) ;
#5669 = CARTESIAN_POINT ( 'NONE',  ( 30.42495823815725942, 5.000000000000000000, -12.09398326395759504 ) ) ;
#5670 = DIRECTION ( 'NONE',  ( 0.2146792440636553778, 0.000000000000000000, 0.9766846073161270514 ) ) ;
#5671 = DIRECTION ( 'NONE',  ( -1.000000000000000000, 0.000000000000000000, -0.000000000000000000 ) ) ;
#5672 = VERTEX_POINT ( 'NONE', #7254 ) ;
#5673 = DIRECTION ( 'NONE',  ( -0.001899536769857405969, 0.000000000000000000, -0.9999981958784025515 ) ) ;
#5674 = ORIENTED_EDGE ( 'NONE', *, *, #8903, .T. ) ;
#5675 = VERTEX_POINT ( 'NONE', #1792 ) ;
#5676 = DIRECTION ( 'NONE',  ( 0.1609265137203549356, -0.000000000000000000, 0.9869663911105649445 ) ) ;
#5677 = EDGE_CURVE ( 'NONE', #8206, #11484, #9358, .T. ) ;
#5678 = VECTOR ( 'NONE', #9396, 1000.000000000000000 ) ;
#5679 = CARTESIAN_POINT ( 'NONE',  ( 12.42014039280836357, 3.000000000000000000, 26.11769034401479317 ) ) ;
#5680 = CARTESIAN_POINT ( 'NONE',  ( 31.98947996880836797, 5.000000000000000000, 21.91507543201479891 ) ) ;
#5681 = AXIS2_PLACEMENT_3D ( 'NONE', #8902, #1120, #69 ) ;
#5682 = ORIENTED_EDGE ( 'NONE', *, *, #795, .T. ) ;
#5683 = ORIENTED_EDGE ( 'NONE', *, *, #3589, .T. ) ;
#5684 = PLANE ( 'NONE',  #9571 ) ;
#5685 = DIRECTION ( 'NONE',  ( -0.2445053099887669890, 0.000000000000000000, 0.9696479533249667826 ) ) ;
#5686 = VECTOR ( 'NONE', #7979, 1000.000000000000000 ) ;
#5687 = LINE ( 'NONE', #2405, #10896 ) ;
#5688 = DIRECTION ( 'NONE',  ( -0.9872834441880232736, 0.000000000000000000, -0.1589698110718959223 ) ) ;
#5689 = EDGE_CURVE ( 'NONE', #4461, #9933, #1730, .T. ) ;
#5690 = VECTOR ( 'NONE', #10475, 1000.000000000000000 ) ;
#5691 = PLANE ( 'NONE',  #283 ) ;
#5692 = ORIENTED_EDGE ( 'NONE', *, *, #11595, .T. ) ;
#5693 = CARTESIAN_POINT ( 'NONE',  ( -27.24020091119163922, 5.000000000000000000, 30.60954420001479903 ) ) ;
#5694 = EDGE_LOOP ( 'NONE', ( #13521, #9826, #12995, #1829 ) ) ;
#5695 = DIRECTION ( 'NONE',  ( -0.7233164512788751166, 0.000000000000000000, 0.6905166987910825727 ) ) ;
#5696 = ADVANCED_FACE ( 'NONE', ( #12507 ), #3821, .T. ) ;
#5697 = VERTEX_POINT ( 'NONE', #13678 ) ;
#5698 = EDGE_CURVE ( 'NONE', #9050, #13580, #8306, .T. ) ;
#5699 = DIRECTION ( 'NONE',  ( -0.9696479533249666716, 0.000000000000000000, -0.2445053099887669890 ) ) ;
#5700 = VERTEX_POINT ( 'NONE', #4026 ) ;
#5701 = VECTOR ( 'NONE', #8057, 1000.000000000000000 ) ;
#5702 = CARTESIAN_POINT ( 'NONE',  ( -17.16920052205704650, 5.000000000000000000, 29.90346601672446170 ) ) ;
#5703 = VERTEX_POINT ( 'NONE', #3046 ) ;
#5704 = VECTOR ( 'NONE', #4688, 1000.000000000000114 ) ;
#5705 = CARTESIAN_POINT ( 'NONE',  ( 32.55251449301193389, 3.000000000000000000, 12.89839387925311698 ) ) ;
#5706 = LINE ( 'NONE', #7888, #5776 ) ;
#5707 = CARTESIAN_POINT ( 'NONE',  ( 53.01243004880836907, 5.000000000000000000, 24.22156510401480034 ) ) ;
#5708 = EDGE_CURVE ( 'NONE', #6180, #5973, #11392, .T. ) ;
#5709 = CARTESIAN_POINT ( 'NONE',  ( 1.825432346670802009, 5.000000000000000000, 2.136697634766004050 ) ) ;
#5710 = VECTOR ( 'NONE', #9648, 1000.000000000000000 ) ;
#5711 = VECTOR ( 'NONE', #5575, 1000.000000000000114 ) ;
#5712 = CARTESIAN_POINT ( 'NONE',  ( 3.826975366187873817, 5.000000000000000000, 25.10958960394145834 ) ) ;
#5713 = ORIENTED_EDGE ( 'NONE', *, *, #5677, .T. ) ;
#5714 = ORIENTED_EDGE ( 'NONE', *, *, #2257, .F. ) ;
#5715 = ORIENTED_EDGE ( 'NONE', *, *, #4312, .F. ) ;
#5716 = PLANE ( 'NONE',  #11610 ) ;
#5717 = VECTOR ( 'NONE', #5217, 1000.000000000000000 ) ;
#5718 = VECTOR ( 'NONE', #8408, 999.9999999999998863 ) ;
#5719 = VECTOR ( 'NONE', #12812, 1000.000000000000000 ) ;
#5720 = DIRECTION ( 'NONE',  ( 0.7428813691885718384, -0.000000000000000000, 0.6694230884220478961 ) ) ;
#5721 = DIRECTION ( 'NONE',  ( 0.000000000000000000, 0.000000000000000000, -1.000000000000000000 ) ) ;
#5722 = ADVANCED_FACE ( 'NONE', ( #7332 ), #1658, .T. ) ;
#5723 = LINE ( 'NONE', #7838, #3020 ) ;
#5724 = ADVANCED_FACE ( 'NONE', ( #5008 ), #884, .T. ) ;
#5725 = VERTEX_POINT ( 'NONE', #11329 ) ;
#5726 = CARTESIAN_POINT ( 'NONE',  ( 6.712389115646180571, 5.000000000000000000, 22.60261280503285874 ) ) ;
#5727 = EDGE_LOOP ( 'NONE', ( #11387, #7534, #7605, #9225 ) ) ;
#5728 = VERTEX_POINT ( 'NONE', #2271 ) ;
#5729 = VECTOR ( 'NONE', #9044, 1000.000000000000000 ) ;
#5730 = DIRECTION ( 'NONE',  ( -0.8923961784954330678, 0.000000000000000000, 0.4512527679768258970 ) ) ;
#5731 = ORIENTED_EDGE ( 'NONE', *, *, #11910, .T. ) ;
#5732 = VECTOR ( 'NONE', #7429, 1000.000000000000000 ) ;
#5733 = DIRECTION ( 'NONE',  ( 0.8118976273581011149, 0.000000000000000000, -0.5837998310125535051 ) ) ;
#5734 = CARTESIAN_POINT ( 'NONE',  ( -1.991058312253142670, 5.000000000000000000, -9.861955092580458881 ) ) ;
#5735 = ORIENTED_EDGE ( 'NONE', *, *, #10269, .T. ) ;
#5736 = CARTESIAN_POINT ( 'NONE',  ( 0.8253146539617295385, 5.000000000000000000, 1.985748629195887460 ) ) ;
#5737 = VECTOR ( 'NONE', #5998, 1000.000000000000000 ) ;
#5738 = CARTESIAN_POINT ( 'NONE',  ( 41.58132260880835673, 5.000000000000000000, 19.99423396001479603 ) ) ;
#5739 = EDGE_CURVE ( 'NONE', #3713, #3852, #1157, .T. ) ;
#5740 = AXIS2_PLACEMENT_3D ( 'NONE', #6277, #5094, #1872 ) ;
#5741 = LINE ( 'NONE', #8698, #6167 ) ;
#5742 = VECTOR ( 'NONE', #11161, 1000.000000000000000 ) ;
#5743 = CARTESIAN_POINT ( 'NONE',  ( 49.39571388880837333, 5.000000000000000000, 21.15118872001479389 ) ) ;
#5744 = DIRECTION ( 'NONE',  ( -0.3815757523362350301, 0.000000000000000000, -0.9243375710361643183 ) ) ;
#5745 = EDGE_CURVE ( 'NONE', #6781, #6957, #9634, .T. ) ;
#5746 = CARTESIAN_POINT ( 'NONE',  ( 7.666216448808371275, 5.000000000000000000, 12.12051132801479625 ) ) ;
#5747 = VERTEX_POINT ( 'NONE', #12987 ) ;
#5748 = CARTESIAN_POINT ( 'NONE',  ( -84.00000000000001421, 0.000000000000000000, 25.54999999999999005 ) ) ;
#5749 = ORIENTED_EDGE ( 'NONE', *, *, #12866, .F. ) ;
#5750 = LINE ( 'NONE', #4700, #7974 ) ;
#5751 = DIRECTION ( 'NONE',  ( -0.5584504237620626643, 0.000000000000000000, -0.8295378979889783677 ) ) ;
#5752 = DIRECTION ( 'NONE',  ( 0.6247052142672272490, -0.000000000000000000, 0.7808606759642450212 ) ) ;
#5753 = ORIENTED_EDGE ( 'NONE', *, *, #13426, .F. ) ;
#5754 = AXIS2_PLACEMENT_3D ( 'NONE', #4774, #10300, #1625 ) ;
#5755 = AXIS2_PLACEMENT_3D ( 'NONE', #3504, #1194, #6658 ) ;
#5756 = VERTEX_POINT ( 'NONE', #2206 ) ;
#5757 = CARTESIAN_POINT ( 'NONE',  ( -2.640075359191627058, 5.000000000000000000, 16.57775514401479100 ) ) ;
#5758 = LINE ( 'NONE', #3443, #8101 ) ;
#5759 = EDGE_CURVE ( 'NONE', #9886, #3598, #11874, .T. ) ;
#5760 = DIRECTION ( 'NONE',  ( 0.7304253190171671184, 0.000000000000000000, -0.6829925719498488590 ) ) ;
#5761 = ADVANCED_FACE ( 'NONE', ( #9573 ), #5352, .T. ) ;
#5762 = DIRECTION ( 'NONE',  ( 0.000000000000000000, 1.000000000000000000, -0.000000000000000000 ) ) ;
#5763 = DIRECTION ( 'NONE',  ( -0.000000000000000000, -1.000000000000000000, -0.000000000000000000 ) ) ;
#5764 = ORIENTED_EDGE ( 'NONE', *, *, #6787, .T. ) ;
#5765 = AXIS2_PLACEMENT_3D ( 'NONE', #12861, #2081, #3266 ) ;
#5766 = FACE_OUTER_BOUND ( 'NONE', #8724, .T. ) ;
#5767 = VERTEX_POINT ( 'NONE', #7542 ) ;
#5768 = DIRECTION ( 'NONE',  ( -0.9653199166134026621, 0.000000000000000000, 0.2610698346984829943 ) ) ;
#5769 = EDGE_LOOP ( 'NONE', ( #5919, #8521, #2996, #6248, #1904, #2479, #8557 ) ) ;
#5770 = DIRECTION ( 'NONE',  ( -0.9379835119174022573, 0.000000000000000000, -0.3466798687133368362 ) ) ;
#5771 = ORIENTED_EDGE ( 'NONE', *, *, #11126, .T. ) ;
#5772 = ORIENTED_EDGE ( 'NONE', *, *, #11840, .T. ) ;
#5773 = LINE ( 'NONE', #8207, #13547 ) ;
#5774 = ORIENTED_EDGE ( 'NONE', *, *, #5578, .F. ) ;
#5775 = EDGE_CURVE ( 'NONE', #4734, #7160, #9701, .T. ) ;
#5776 = VECTOR ( 'NONE', #13336, 1000.000000000000000 ) ;
#5777 = CARTESIAN_POINT ( 'NONE',  ( 8.713256738517836563E-14, 5.000000000000000000, -43.00033533384725359 ) ) ;
#5778 = EDGE_CURVE ( 'NONE', #9807, #3304, #3250, .T. ) ;
#5779 = EDGE_CURVE ( 'NONE', #2656, #7339, #955, .T. ) ;
#5780 = PLANE ( 'NONE',  #4665 ) ;
#5781 = CARTESIAN_POINT ( 'NONE',  ( -0.6432302484134511111, 5.000000000000000000, -31.82107295075225295 ) ) ;
#5782 = CARTESIAN_POINT ( 'NONE',  ( 0.000000000000000000, 5.000000000000000000, 25.95947476001479615 ) ) ;
#5783 = DIRECTION ( 'NONE',  ( 0.000000000000000000, 0.000000000000000000, -1.000000000000000000 ) ) ;
#5784 = FACE_OUTER_BOUND ( 'NONE', #8425, .T. ) ;
#5785 = ORIENTED_EDGE ( 'NONE', *, *, #6218, .F. ) ;
#5786 = VERTEX_POINT ( 'NONE', #5215 ) ;
#5787 = VERTEX_POINT ( 'NONE', #39 ) ;
#5788 = DIRECTION ( 'NONE',  ( -0.000000000000000000, -1.000000000000000000, -0.000000000000000000 ) ) ;
#5789 = VECTOR ( 'NONE', #3122, 1000.000000000000000 ) ;
#5790 = ADVANCED_FACE ( 'NONE', ( #10618 ), #11602, .T. ) ;
#5791 = CARTESIAN_POINT ( 'NONE',  ( 11.89125266726336783, 5.000000000000000000, 7.825511297639813790 ) ) ;
#5792 = CARTESIAN_POINT ( 'NONE',  ( 0.1171494077378525817, 5.000000000000000000, -21.15374759811403393 ) ) ;
#5793 = FACE_OUTER_BOUND ( 'NONE', #13747, .T. ) ;
#5794 = LINE ( 'NONE', #480, #7939 ) ;
#5795 = ORIENTED_EDGE ( 'NONE', *, *, #1934, .T. ) ;
#5796 = CARTESIAN_POINT ( 'NONE',  ( -8.686888767191632610, 3.000000000000000000, 21.42065020801479847 ) ) ;
#5797 = ORIENTED_EDGE ( 'NONE', *, *, #6243, .T. ) ;
#5798 = CARTESIAN_POINT ( 'NONE',  ( 6.778927461222658657, 5.000000000000000000, 23.75341867566872622 ) ) ;
#5799 = CARTESIAN_POINT ( 'NONE',  ( -38.88651543919162634, 5.000000000000000000, 26.59264900801479214 ) ) ;
#5800 = ADVANCED_FACE ( 'NONE', ( #1026 ), #13755, .T. ) ;
#5801 = VERTEX_POINT ( 'NONE', #7395 ) ;
#5802 = EDGE_CURVE ( 'NONE', #1737, #6900, #110, .T. ) ;
#5803 = CARTESIAN_POINT ( 'NONE',  ( -18.19133063664763128, 5.000000000000000000, 1.754341383465332971 ) ) ;
#5804 = LINE ( 'NONE', #1676, #11962 ) ;
#5805 = CARTESIAN_POINT ( 'NONE',  ( -50.71056799119162406, 5.000000000000000000, 29.93465400801479603 ) ) ;
#5806 = DIRECTION ( 'NONE',  ( -0.000000000000000000, -1.000000000000000000, -0.000000000000000000 ) ) ;
#5807 = LINE ( 'NONE', #494, #11474 ) ;
#5808 = LINE ( 'NONE', #293, #6983 ) ;
#5809 = EDGE_LOOP ( 'NONE', ( #12131, #9486, #1971, #13515 ) ) ;
#5810 = CARTESIAN_POINT ( 'NONE',  ( 1.581575151099927856, 3.000000000000000000, 29.52096681180924165 ) ) ;
#5811 = ORIENTED_EDGE ( 'NONE', *, *, #11446, .T. ) ;
#5812 = EDGE_LOOP ( 'NONE', ( #3318, #11251, #5370, #6097 ) ) ;
#5813 = CARTESIAN_POINT ( 'NONE',  ( 5.083329268364244591, 5.000000000000000000, -1.108797498513282243 ) ) ;
#5814 = CARTESIAN_POINT ( 'NONE',  ( 7.482139136021496384, 5.000000000000000000, 26.21953830571650101 ) ) ;
#5815 = LINE ( 'NONE', #10096, #126 ) ;
#5816 = ORIENTED_EDGE ( 'NONE', *, *, #1994, .F. ) ;
#5817 = EDGE_CURVE ( 'NONE', #9050, #12539, #4174, .T. ) ;
#5818 = VERTEX_POINT ( 'NONE', #13828 ) ;
#5819 = DIRECTION ( 'NONE',  ( -0.000000000000000000, -1.000000000000000000, -0.000000000000000000 ) ) ;
#5820 = DIRECTION ( 'NONE',  ( -0.000000000000000000, -1.000000000000000000, -0.000000000000000000 ) ) ;
#5821 = DIRECTION ( 'NONE',  ( -0.000000000000000000, 1.000000000000000000, -0.000000000000000000 ) ) ;
#5822 = CARTESIAN_POINT ( 'NONE',  ( -7.169005087191632875, 5.000000000000000000, 29.03480008001480073 ) ) ;
#5823 = CARTESIAN_POINT ( 'NONE',  ( -84.00000000000001421, 3.000000000000000000, 29.04999999999999361 ) ) ;
#5824 = ORIENTED_EDGE ( 'NONE', *, *, #3755, .T. ) ;
#5825 = DIRECTION ( 'NONE',  ( -1.000000000000000000, 0.000000000000000000, -0.000000000000000000 ) ) ;
#5826 = VERTEX_POINT ( 'NONE', #4378 ) ;
#5827 = FACE_OUTER_BOUND ( 'NONE', #5809, .T. ) ;
#5828 = EDGE_LOOP ( 'NONE', ( #4544, #1770, #775, #12946 ) ) ;
#5829 = CARTESIAN_POINT ( 'NONE',  ( -27.56157796719163855, 5.000000000000000000, 29.93959786401479661 ) ) ;
#5830 = VECTOR ( 'NONE', #7408, 1000.000000000000114 ) ;
#5831 = VERTEX_POINT ( 'NONE', #11736 ) ;
#5832 = EDGE_CURVE ( 'NONE', #9240, #4441, #12776, .T. ) ;
#5833 = EDGE_CURVE ( 'NONE', #8198, #13324, #8453, .T. ) ;
#5834 = ORIENTED_EDGE ( 'NONE', *, *, #12319, .F. ) ;
#5835 = AXIS2_PLACEMENT_3D ( 'NONE', #2204, #12639, #13826 ) ;
#5836 = DIRECTION ( 'NONE',  ( 0.8285237802757231540, 0.000000000000000000, 0.5599538780271329230 ) ) ;
#5837 = DIRECTION ( 'NONE',  ( 0.7288886501414183483, 0.000000000000000000, -0.6846322631128488601 ) ) ;
#5838 = DIRECTION ( 'NONE',  ( 0.9957356910248242876, 0.000000000000000000, -0.09225201146487578552 ) ) ;
#5839 = CARTESIAN_POINT ( 'NONE',  ( 0.000000000000000000, 5.000000000000000000, 32.03596146401479672 ) ) ;
#5840 = DIRECTION ( 'NONE',  ( 0.9957356910248242876, 0.000000000000000000, 0.09225201146487578552 ) ) ;
#5841 = LINE ( 'NONE', #941, #4552 ) ;
#5842 = VECTOR ( 'NONE', #4666, 999.9999999999998863 ) ;
#5843 = DIRECTION ( 'NONE',  ( 0.000000000000000000, 1.000000000000000000, -0.000000000000000000 ) ) ;
#5844 = EDGE_LOOP ( 'NONE', ( #10089, #2825, #5271, #12546 ) ) ;
#5845 = VECTOR ( 'NONE', #9481, 1000.000000000000114 ) ;
#5846 = ORIENTED_EDGE ( 'NONE', *, *, #1666, .F. ) ;
#5847 = ORIENTED_EDGE ( 'NONE', *, *, #4176, .T. ) ;
#5848 = EDGE_CURVE ( 'NONE', #10730, #6664, #1093, .T. ) ;
#5849 = ADVANCED_FACE ( 'NONE', ( #8661 ), #3324, .T. ) ;
#5850 = CARTESIAN_POINT ( 'NONE',  ( 1.380762737891782166, 5.000000000000000000, -24.03084916708360552 ) ) ;
#5851 = VECTOR ( 'NONE', #13281, 1000.000000000000114 ) ;
#5853 = FACE_OUTER_BOUND ( 'NONE', #4024, .T. ) ;
#5852 = AXIS2_PLACEMENT_3D ( 'NONE', #1750, #9109, #11480 ) ;
#5854 = PLANE ( 'NONE',  #8309 ) ;
#5855 = FACE_OUTER_BOUND ( 'NONE', #406, .T. ) ;
#5856 = EDGE_CURVE ( 'NONE', #6914, #13243, #8729, .T. ) ;
#5857 = CARTESIAN_POINT ( 'NONE',  ( -28.90641449519162975, 3.000000000000000000, 17.13645557601479297 ) ) ;
#5858 = EDGE_LOOP ( 'NONE', ( #13836, #4921, #5479, #5663 ) ) ;
#5859 = PLANE ( 'NONE',  #10431 ) ;
#5860 = EDGE_LOOP ( 'NONE', ( #611, #3257 ) ) ;
#5861 = EDGE_CURVE ( 'NONE', #3559, #13850, #2561, .T. ) ;
#5862 = VECTOR ( 'NONE', #2678, 1000.000000000000114 ) ;
#5863 = FACE_OUTER_BOUND ( 'NONE', #4330, .T. ) ;
#5864 = ADVANCED_FACE ( 'NONE', ( #13203 ), #5780, .T. ) ;
#5865 = VECTOR ( 'NONE', #1998, 1000.000000000000000 ) ;
#5866 = CARTESIAN_POINT ( 'NONE',  ( -1.742105848901883691, 3.000000000000000000, 34.53453529444600889 ) ) ;
#5867 = DIRECTION ( 'NONE',  ( 0.09599296999206904935, 0.000000000000000000, 0.9953820119492323704 ) ) ;
#5868 = DIRECTION ( 'NONE',  ( 0.9940709245579034681, 0.000000000000000000, -0.1087336054244275874 ) ) ;
#5869 = VECTOR ( 'NONE', #5457, 999.9999999999998863 ) ;
#5870 = LINE ( 'NONE', #4893, #9758 ) ;
#5871 = CARTESIAN_POINT ( 'NONE',  ( 32.30305211280835920, 3.000000000000000000, 12.78022552801479073 ) ) ;
#5872 = DIRECTION ( 'NONE',  ( 0.000000000000000000, 0.000000000000000000, -1.000000000000000000 ) ) ;
#5873 = EDGE_CURVE ( 'NONE', #7840, #6331, #9072, .T. ) ;
#5874 = CARTESIAN_POINT ( 'NONE',  ( -18.60753440719163265, 5.000000000000000000, 19.99423396001479603 ) ) ;
#5875 = ORIENTED_EDGE ( 'NONE', *, *, #4685, .F. ) ;
#5876 = VECTOR ( 'NONE', #12830, 1000.000000000000000 ) ;
#5877 = CARTESIAN_POINT ( 'NONE',  ( 45.57875428880837632, 5.000000000000000000, 22.09059349601479738 ) ) ;
#5878 = ORIENTED_EDGE ( 'NONE', *, *, #2785, .T. ) ;
#5879 = ORIENTED_EDGE ( 'NONE', *, *, #1336, .F. ) ;
#5880 = CARTESIAN_POINT ( 'NONE',  ( 9.028367648808362844, 3.000000000000000000, -7.958098247985200047 ) ) ;
#5881 = ORIENTED_EDGE ( 'NONE', *, *, #10090, .F. ) ;
#5882 = DIRECTION ( 'NONE',  ( -0.3270941141397885610, 0.000000000000000000, 0.9449917674218685226 ) ) ;
#5883 = DIRECTION ( 'NONE',  ( -0.1976663333700529879, 0.000000000000000000, -0.9802693612737466422 ) ) ;
#5884 = VERTEX_POINT ( 'NONE', #254 ) ;
#5885 = VECTOR ( 'NONE', #12234, 1000.000000000000000 ) ;
#5886 = VERTEX_POINT ( 'NONE', #4519 ) ;
#5887 = LINE ( 'NONE', #1764, #9336 ) ;
#5888 = DIRECTION ( 'NONE',  ( 0.000000000000000000, 1.000000000000000000, 0.000000000000000000 ) ) ;
#5889 = LINE ( 'NONE', #8015, #5521 ) ;
#5890 = DIRECTION ( 'NONE',  ( -0.1231827809125627532, 0.000000000000000000, 0.9923839995116040535 ) ) ;
#5891 = ADVANCED_FACE ( 'NONE', ( #5634 ), #7958, .F. ) ;
#5892 = EDGE_CURVE ( 'NONE', #6729, #1477, #5706, .T. ) ;
#5893 = CARTESIAN_POINT ( 'NONE',  ( -15.19599843119161520, 5.000000000000000000, 23.23271872001479466 ) ) ;
#5894 = ORIENTED_EDGE ( 'NONE', *, *, #13346, .T. ) ;
#5895 = VECTOR ( 'NONE', #78, 1000.000000000000000 ) ;
#5896 = DIRECTION ( 'NONE',  ( -0.7364117514812725807, 0.000000000000000000, 0.6765336150408820526 ) ) ;
#5897 = ORIENTED_EDGE ( 'NONE', *, *, #6300, .T. ) ;
#5898 = DIRECTION ( 'NONE',  ( -0.05598503070723785668, 0.000000000000000000, 0.9984316082420016114 ) ) ;
#5899 = ORIENTED_EDGE ( 'NONE', *, *, #6372, .T. ) ;
#5900 = FACE_OUTER_BOUND ( 'NONE', #3501, .T. ) ;
#5901 = ORIENTED_EDGE ( 'NONE', *, *, #12530, .T. ) ;
#5902 = ORIENTED_EDGE ( 'NONE', *, *, #47, .F. ) ;
#5903 = ORIENTED_EDGE ( 'NONE', *, *, #1309, .F. ) ;
#5904 = VECTOR ( 'NONE', #2995, 1000.000000000000000 ) ;
#5905 = PLANE ( 'NONE',  #7789 ) ;
#5906 = AXIS2_PLACEMENT_3D ( 'NONE', #7911, #11270, #12256 ) ;
#5907 = PLANE ( 'NONE',  #857 ) ;
#5908 = CARTESIAN_POINT ( 'NONE',  ( -1.625197029826753958, 5.000000000000000000, 18.32057487489477765 ) ) ;
#5909 = CARTESIAN_POINT ( 'NONE',  ( 29.02438641690035936, 3.000000000000000000, 30.86727501484084968 ) ) ;
#5910 = EDGE_CURVE ( 'NONE', #2551, #7355, #13063, .T. ) ;
#5911 = LINE ( 'NONE', #8036, #2267 ) ;
#5912 = CARTESIAN_POINT ( 'NONE',  ( -5.932947615191626056, 5.000000000000000000, 32.03596146401479672 ) ) ;
#5913 = EDGE_CURVE ( 'NONE', #7491, #6900, #7680, .T. ) ;
#5914 = AXIS2_PLACEMENT_3D ( 'NONE', #6863, #11139, #1545 ) ;
#5915 = CARTESIAN_POINT ( 'NONE',  ( 2.083891038176894472, 5.000000000000000000, 1.392422806754083142 ) ) ;
#5916 = ORIENTED_EDGE ( 'NONE', *, *, #8213, .F. ) ;
#5917 = VERTEX_POINT ( 'NONE', #6691 ) ;
#5918 = AXIS2_PLACEMENT_3D ( 'NONE', #10331, #9415, #5073 ) ;
#5919 = ORIENTED_EDGE ( 'NONE', *, *, #6218, .T. ) ;
#5920 = CARTESIAN_POINT ( 'NONE',  ( 1.505476653631192541, 3.000000000000000000, 18.34353413503012220 ) ) ;
#5921 = VECTOR ( 'NONE', #3048, 1000.000000000000000 ) ;
#5922 = LINE ( 'NONE', #11459, #8680 ) ;
#5923 = CARTESIAN_POINT ( 'NONE',  ( 1.581575151099927856, 5.000000000000000000, 29.52096681180924165 ) ) ;
#5924 = AXIS2_PLACEMENT_3D ( 'NONE', #8410, #9658, #68 ) ;
#5925 = LINE ( 'NONE', #4742, #10857 ) ;
#5926 = ADVANCED_FACE ( 'NONE', ( #10895 ), #2632, .T. ) ;
#5927 = CARTESIAN_POINT ( 'NONE',  ( -6.971240687191625263, 5.000000000000000000, 21.10669096801479938 ) ) ;
#5928 = ORIENTED_EDGE ( 'NONE', *, *, #8816, .F. ) ;
#5929 = FACE_OUTER_BOUND ( 'NONE', #3156, .T. ) ;
#5930 = VERTEX_POINT ( 'NONE', #10057 ) ;
#5931 = AXIS2_PLACEMENT_3D ( 'NONE', #9004, #3604, #13269 ) ;
#5932 = PLANE ( 'NONE',  #11523 ) ;
#5933 = DIRECTION ( 'NONE',  ( -0.000000000000000000, -1.000000000000000000, -0.000000000000000000 ) ) ;
#5934 = AXIS2_PLACEMENT_3D ( 'NONE', #12914, #7600, #11865 ) ;
#5935 = DIRECTION ( 'NONE',  ( 0.6277521753278587635, 0.000000000000000000, 0.7784132619445415235 ) ) ;
#5936 = EDGE_CURVE ( 'NONE', #1958, #6717, #532, .T. ) ;
#5937 = LINE ( 'NONE', #491, #1453 ) ;
#5938 = ADVANCED_FACE ( 'NONE', ( #3675 ), #13138, .T. ) ;
#5939 = DIRECTION ( 'NONE',  ( 0.2870703911668457398, 0.000000000000000000, -0.9579094897302742329 ) ) ;
#5940 = ADVANCED_FACE ( 'NONE', ( #1305 ), #326, .T. ) ;
#5941 = CARTESIAN_POINT ( 'NONE',  ( -15.49468922319162445, 5.000000000000000000, 29.71668441601479671 ) ) ;
#5942 = CARTESIAN_POINT ( 'NONE',  ( 7.666216448808368611, 3.000000000000000000, -6.595957207985198245 ) ) ;
#5943 = VECTOR ( 'NONE', #12542, 1000.000000000000114 ) ;
#5944 = DIRECTION ( 'NONE',  ( -0.000000000000000000, -1.000000000000000000, -0.000000000000000000 ) ) ;
#5945 = VERTEX_POINT ( 'NONE', #462 ) ;
#5946 = LINE ( 'NONE', #1883, #11716 ) ;
#5947 = VECTOR ( 'NONE', #6075, 1000.000000000000000 ) ;
#5948 = ORIENTED_EDGE ( 'NONE', *, *, #7239, .T. ) ;
#5949 = EDGE_LOOP ( 'NONE', ( #11400, #5523, #8947, #11729 ) ) ;
#5950 = CARTESIAN_POINT ( 'NONE',  ( -4.055870234502160443, 5.000000000000000000, 13.53381158869189527 ) ) ;
#5951 = LINE ( 'NONE', #10232, #7046 ) ;
#5952 = LINE ( 'NONE', #12471, #758 ) ;
#5953 = ORIENTED_EDGE ( 'NONE', *, *, #13049, .T. ) ;
#5954 = ORIENTED_EDGE ( 'NONE', *, *, #9439, .T. ) ;
#5955 = EDGE_CURVE ( 'NONE', #5087, #6627, #11180, .T. ) ;
#5956 = VECTOR ( 'NONE', #2229, 1000.000000000000000 ) ;
#5957 = VECTOR ( 'NONE', #10333, 1000.000000000000000 ) ;
#5958 = CARTESIAN_POINT ( 'NONE',  ( -9.047278184824188330, 3.000000000000000000, 1.219296991187629020 ) ) ;
#5959 = LINE ( 'NONE', #11222, #7186 ) ;
#5960 = CARTESIAN_POINT ( 'NONE',  ( 76.49999999999998579, 0.000000000000000000, -5.000000000000004441 ) ) ;
#5961 = CARTESIAN_POINT ( 'NONE',  ( -14.32581271919161736, 3.000000000000000000, 28.89883286401480333 ) ) ;
#5962 = LINE ( 'NONE', #3860, #7892 ) ;
#5963 = VERTEX_POINT ( 'NONE', #1577 ) ;
#5964 = EDGE_LOOP ( 'NONE', ( #11761, #7457, #4840, #519 ) ) ;
#5965 = CARTESIAN_POINT ( 'NONE',  ( 47.48229124880837304, 3.000000000000000000, 21.75191497601479540 ) ) ;
#5966 = ORIENTED_EDGE ( 'NONE', *, *, #5802, .F. ) ;
#5967 = LINE ( 'NONE', #13327, #12644 ) ;
#5968 = ORIENTED_EDGE ( 'NONE', *, *, #11403, .T. ) ;
#5969 = AXIS2_PLACEMENT_3D ( 'NONE', #3629, #755, #5935 ) ;
#5970 = DIRECTION ( 'NONE',  ( 0.7603145504814728950, 0.000000000000000000, -0.6495550664309807098 ) ) ;
#5971 = VERTEX_POINT ( 'NONE', #4724 ) ;
#5972 = VECTOR ( 'NONE', #12887, 999.9999999999998863 ) ;
#5973 = VERTEX_POINT ( 'NONE', #5567 ) ;
#5974 = ORIENTED_EDGE ( 'NONE', *, *, #2889, .F. ) ;
#5975 = EDGE_CURVE ( 'NONE', #6032, #10650, #9002, .T. ) ;
#5976 = EDGE_CURVE ( 'NONE', #13850, #4182, #4795, .T. ) ;
#5977 = CARTESIAN_POINT ( 'NONE',  ( 1.813823850571896878, 5.000000000000000000, -2.683785669499867410 ) ) ;
#5978 = VECTOR ( 'NONE', #1207, 1000.000000000000000 ) ;
#5979 = DIRECTION ( 'NONE',  ( -0.3630851823906605103, 0.000000000000000000, -0.9317559499827949843 ) ) ;
#5980 = DIRECTION ( 'NONE',  ( 0.9606829169602389973, 0.000000000000000000, 0.2776478580158083798 ) ) ;
#5981 = CARTESIAN_POINT ( 'NONE',  ( -40.05817578319162209, 3.000000000000000000, 15.35652416001479637 ) ) ;
#5982 = LINE ( 'NONE', #12626, #6754 ) ;
#5983 = CARTESIAN_POINT ( 'NONE',  ( -11.92533737084683132, 5.000000000000000000, -21.13752502387281851 ) ) ;
#5984 = ORIENTED_EDGE ( 'NONE', *, *, #9934, .F. ) ;
#5985 = CARTESIAN_POINT ( 'NONE',  ( 12.42014039280837601, 5.000000000000000000, 26.11769034401479317 ) ) ;
#5986 = ORIENTED_EDGE ( 'NONE', *, *, #8431, .F. ) ;
#5987 = EDGE_LOOP ( 'NONE', ( #12674, #2002, #6879, #12218 ) ) ;
#5988 = ORIENTED_EDGE ( 'NONE', *, *, #11915, .T. ) ;
#5989 = ORIENTED_EDGE ( 'NONE', *, *, #3547, .F. ) ;
#5990 = VECTOR ( 'NONE', #12568, 1000.000000000000000 ) ;
#5991 = DIRECTION ( 'NONE',  ( 0.8933547143928027845, 0.000000000000000000, -0.4493521495132226651 ) ) ;
#5992 = EDGE_CURVE ( 'NONE', #9629, #9680, #6759, .T. ) ;
#5993 = DIRECTION ( 'NONE',  ( 1.000000000000000000, -0.000000000000000000, 0.000000000000000000 ) ) ;
#5994 = CARTESIAN_POINT ( 'NONE',  ( -33.29443721519162835, 5.000000000000000000, 0.000000000000000000 ) ) ;
#5995 = CARTESIAN_POINT ( 'NONE',  ( -10.08904513150130455, 3.000000000000000000, 4.179038015415429186 ) ) ;
#5996 = PLANE ( 'NONE',  #994 ) ;
#5997 = VERTEX_POINT ( 'NONE', #10392 ) ;
#5998 = DIRECTION ( 'NONE',  ( -0.000000000000000000, -0.000000000000000000, 1.000000000000000000 ) ) ;
#5999 = VECTOR ( 'NONE', #9926, 1000.000000000000114 ) ;
#6000 = ORIENTED_EDGE ( 'NONE', *, *, #5628, .T. ) ;
#6001 = CARTESIAN_POINT ( 'NONE',  ( -12.01781574888649473, 3.000000000000000000, -8.102627039983357093 ) ) ;
#6002 = DIRECTION ( 'NONE',  ( -0.9254585570901160407, 0.000000000000000000, -0.3788488605086208216 ) ) ;
#6003 = EDGE_CURVE ( 'NONE', #6555, #10666, #6042, .T. ) ;
#6004 = FACE_OUTER_BOUND ( 'NONE', #10118, .T. ) ;
#6005 = CC_DESIGN_DATE_AND_TIME_ASSIGNMENT ( #8399, #13776, ( #1483 ) ) ;
#6006 = CARTESIAN_POINT ( 'NONE',  ( -17.79420202319162314, 3.000000000000000000, 19.92748276001479368 ) ) ;
#6007 = DIRECTION ( 'NONE',  ( -0.000000000000000000, -1.000000000000000000, -0.000000000000000000 ) ) ;
#6008 = DIRECTION ( 'NONE',  ( -0.000000000000000000, -1.000000000000000000, -0.000000000000000000 ) ) ;
#6009 = LINE ( 'NONE', #10286, #13261 ) ;
#6010 = CARTESIAN_POINT ( 'NONE',  ( -27.17098083119162411, 5.000000000000000000, 13.67547900801479521 ) ) ;
#6011 = ORIENTED_EDGE ( 'NONE', *, *, #697, .T. ) ;
#6012 = LINE ( 'NONE', #4961, #5460 ) ;
#6013 = ORIENTED_EDGE ( 'NONE', *, *, #6806, .F. ) ;
#6014 = EDGE_CURVE ( 'NONE', #7989, #2444, #3750, .T. ) ;
#6015 = ORIENTED_EDGE ( 'NONE', *, *, #13278, .T. ) ;
#6016 = DIRECTION ( 'NONE',  ( -0.2131134059951631521, 0.000000000000000000, -0.9770274695141076826 ) ) ;
#6017 = CARTESIAN_POINT ( 'NONE',  ( -4.492400819137851720, 5.000000000000000000, -0.8632001838799879812 ) ) ;
#6018 = CARTESIAN_POINT ( 'NONE',  ( 51.26216684880835572, 3.000000000000000000, 21.89282706401479572 ) ) ;
#6019 = CIRCLE ( 'NONE', #3337, 1.699999999999999289 ) ;
#6020 = ORIENTED_EDGE ( 'NONE', *, *, #2437, .T. ) ;
#6021 = ADVANCED_FACE ( 'NONE', ( #5062 ), #11440, .T. ) ;
#6022 = LINE ( 'NONE', #1363, #2824 ) ;
#6023 = ADVANCED_FACE ( 'NONE', ( #8032 ), #5907, .T. ) ;
#6024 = ORIENTED_EDGE ( 'NONE', *, *, #2917, .F. ) ;
#6025 = PLANE ( 'NONE',  #5754 ) ;
#6026 = PLANE ( 'NONE',  #1728 ) ;
#6027 = LINE ( 'NONE', #13582, #1417 ) ;
#6028 = FACE_OUTER_BOUND ( 'NONE', #5260, .T. ) ;
#6029 = EDGE_LOOP ( 'NONE', ( #11902, #4506, #143, #7045 ) ) ;
#6030 = DIRECTION ( 'NONE',  ( -0.000000000000000000, -1.000000000000000000, -0.000000000000000000 ) ) ;
#6031 = ADVANCED_FACE ( 'NONE', ( #8229 ), #9141, .T. ) ;
#6032 = VERTEX_POINT ( 'NONE', #1843 ) ;
#6033 = DIRECTION ( 'NONE',  ( 0.9999993738654084918, 0.000000000000000000, -0.001119048162977703906 ) ) ;
#6034 = ORIENTED_EDGE ( 'NONE', *, *, #6098, .F. ) ;
#6035 = CARTESIAN_POINT ( 'NONE',  ( -3.638808439191620892, 3.000000000000000000, 30.42166243201479858 ) ) ;
#6036 = ORIENTED_EDGE ( 'NONE', *, *, #6904, .T. ) ;
#6037 = VERTEX_POINT ( 'NONE', #13530 ) ;
#6038 = EDGE_CURVE ( 'NONE', #7944, #12314, #8094, .T. ) ;
#6039 = ORIENTED_EDGE ( 'NONE', *, *, #4917, .F. ) ;
#6040 = VECTOR ( 'NONE', #2655, 1000.000000000000000 ) ;
#6041 = PLANE ( 'NONE',  #12689 ) ;
#6042 = LINE ( 'NONE', #8161, #11153 ) ;
#6043 = DIRECTION ( 'NONE',  ( -0.2776478580158084353, 0.000000000000000000, 0.9606829169602391083 ) ) ;
#6044 = ORIENTED_EDGE ( 'NONE', *, *, #9158, .F. ) ;
#6045 = DIRECTION ( 'NONE',  ( 0.6616217079879812557, 0.000000000000000000, 0.7498377928052617492 ) ) ;
#6046 = DIRECTION ( 'NONE',  ( 0.8861933879638894673, 0.000000000000000000, -0.4633155286940889850 ) ) ;
#6047 = PLANE ( 'NONE',  #9032 ) ;
#6048 = ADVANCED_FACE ( 'NONE', ( #601 ), #10318, .T. ) ;
#6049 = EDGE_LOOP ( 'NONE', ( #1205, #6450, #11644, #4789 ) ) ;
#6050 = EDGE_CURVE ( 'NONE', #1795, #12403, #1914, .T. ) ;
#6051 = CARTESIAN_POINT ( 'NONE',  ( 8.702048768808374746, 5.000000000000000000, 12.29850436801480029 ) ) ;
#6052 = ORIENTED_EDGE ( 'NONE', *, *, #9146, .T. ) ;
#6053 = ORIENTED_EDGE ( 'NONE', *, *, #7107, .T. ) ;
#6054 = DIRECTION ( 'NONE',  ( -0.9956331021264480663, 0.000000000000000000, 0.09335269653344582808 ) ) ;
#6055 = ORIENTED_EDGE ( 'NONE', *, *, #11314, .F. ) ;
#6056 = CARTESIAN_POINT ( 'NONE',  ( -12.99827229602544598, 5.000000000000000000, 16.30070165153739481 ) ) ;
#6057 = ORIENTED_EDGE ( 'NONE', *, *, #1585, .T. ) ;
#6058 = DIRECTION ( 'NONE',  ( -0.000000000000000000, -1.000000000000000000, -0.000000000000000000 ) ) ;
#6059 = DIRECTION ( 'NONE',  ( -0.8944271909999020886, 0.000000000000000000, 0.4472135954999856278 ) ) ;
#6060 = PLANE ( 'NONE',  #7961 ) ;
#6061 = VECTOR ( 'NONE', #5166, 1000.000000000000000 ) ;
#6062 = ORIENTED_EDGE ( 'NONE', *, *, #6695, .F. ) ;
#6063 = ADVANCED_FACE ( 'NONE', ( #7237 ), #12494, .T. ) ;
#6064 = EDGE_CURVE ( 'NONE', #587, #12719, #797, .T. ) ;
#6065 = DIRECTION ( 'NONE',  ( 0.000000000000000000, 1.000000000000000000, -0.000000000000000000 ) ) ;
#6066 = ORIENTED_EDGE ( 'NONE', *, *, #3563, .T. ) ;
#6067 = CARTESIAN_POINT ( 'NONE',  ( 0.000000000000000000, 5.000000000000000000, 20.23155835201480102 ) ) ;
#6068 = EDGE_LOOP ( 'NONE', ( #10605, #3916, #7741, #1640, #7234, #4104, #5402, #10229, #12464, #1573, #12030, #3347, #9484, #4735, #12895, #8716, #7513, #10827, #9354, #8131, #7489, #335, #4657, #10455, #10674, #12907, #357, #3661, #1553, #147, #13731, #13703, #9638, #7743, #2731, #13094, #6605 ) ) ;
#6069 = CARTESIAN_POINT ( 'NONE',  ( 42.26720812400313321, 5.000000000000000000, -3.323665488039508897 ) ) ;
#6070 = CARTESIAN_POINT ( 'NONE',  ( 16.48183000880835891, 3.000000000000000000, 21.14630379201479826 ) ) ;
#6071 = PLANE ( 'NONE',  #5969 ) ;
#6072 = VECTOR ( 'NONE', #7957, 1000.000000000000000 ) ;
#6073 = VECTOR ( 'NONE', #3270, 1000.000000000000000 ) ;
#6074 = LINE ( 'NONE', #13491, #7733 ) ;
#6075 = DIRECTION ( 'NONE',  ( -0.000000000000000000, -1.000000000000000000, -0.000000000000000000 ) ) ;
#6076 = DIRECTION ( 'NONE',  ( 1.000000000000000000, -0.000000000000000000, 0.000000000000000000 ) ) ;
#6077 = LINE ( 'NONE', #7002, #11913 ) ;
#6078 = ORIENTED_EDGE ( 'NONE', *, *, #12695, .T. ) ;
#6079 = ADVANCED_FACE ( 'NONE', ( #5126 ), #9344, .T. ) ;
#6080 = VECTOR ( 'NONE', #413, 1000.000000000000000 ) ;
#6081 = LINE ( 'NONE', #8199, #324 ) ;
#6082 = VECTOR ( 'NONE', #1478, 1000.000000000000000 ) ;
#6083 = CC_DESIGN_PERSON_AND_ORGANIZATION_ASSIGNMENT ( #13628, #8325, ( #1408 ) ) ;
#6084 = ORIENTED_EDGE ( 'NONE', *, *, #8602, .F. ) ;
#6085 = ORIENTED_EDGE ( 'NONE', *, *, #11860, .F. ) ;
#6086 = DIRECTION ( 'NONE',  ( 0.9594243092007439522, 0.000000000000000000, -0.2819663010266922343 ) ) ;
#6087 = EDGE_CURVE ( 'NONE', #9112, #6361, #4865, .T. ) ;
#6088 = DIRECTION ( 'NONE',  ( -0.9966915990134757042, 0.000000000000000000, 0.08127642004887247751 ) ) ;
#6089 = DIRECTION ( 'NONE',  ( -0.3859804195161828932, 0.000000000000000000, 0.9225069732799375810 ) ) ;
#6090 = VERTEX_POINT ( 'NONE', #2827 ) ;
#6091 = CARTESIAN_POINT ( 'NONE',  ( -51.66480839919162804, 3.000000000000000000, 15.35652416001479637 ) ) ;
#6092 = ORIENTED_EDGE ( 'NONE', *, *, #11545, .F. ) ;
#6093 = VECTOR ( 'NONE', #12210, 1000.000000000000000 ) ;
#6094 = CARTESIAN_POINT ( 'NONE',  ( -14.56418765519161873, 5.000000000000000000, 26.45633533601479570 ) ) ;
#6095 = LINE ( 'NONE', #1628, #10785 ) ;
#6096 = CARTESIAN_POINT ( 'NONE',  ( -17.99527990622507190, 5.000000000000000000, -8.997639953101643329 ) ) ;
#6097 = ORIENTED_EDGE ( 'NONE', *, *, #682, .T. ) ;
#6098 = EDGE_CURVE ( 'NONE', #1929, #924, #3807, .T. ) ;
#6099 = CARTESIAN_POINT ( 'NONE',  ( -4.589937621240017781E-13, 3.000000000000000000, -43.00033533308694444 ) ) ;
#6100 = EDGE_LOOP ( 'NONE', ( #2074, #3165, #6274, #2516 ) ) ;
#6101 = DIRECTION ( 'NONE',  ( 0.9974853546635599200, 0.000000000000000000, -0.07087289490145046167 ) ) ;
#6102 = CIRCLE ( 'NONE', #4981, 1.700000000000000178 ) ;
#6103 = ORIENTED_EDGE ( 'NONE', *, *, #2649, .T. ) ;
#6104 = LINE ( 'NONE', #1707, #1280 ) ;
#6105 = ORIENTED_EDGE ( 'NONE', *, *, #3379, .F. ) ;
#6106 = VERTEX_POINT ( 'NONE', #4013 ) ;
#6107 = ORIENTED_EDGE ( 'NONE', *, *, #9281, .F. ) ;
#6108 = EDGE_CURVE ( 'NONE', #541, #7846, #11311, .T. ) ;
#6109 = DIRECTION ( 'NONE',  ( 0.000000000000000000, 0.000000000000000000, 1.000000000000000000 ) ) ;
#6110 = VECTOR ( 'NONE', #8471, 1000.000000000000000 ) ;
#6111 = DIRECTION ( 'NONE',  ( -0.8571314614376858154, 0.000000000000000000, 0.5150977167622634578 ) ) ;
#6112 = CARTESIAN_POINT ( 'NONE',  ( -13.49517887119163007, 3.000000000000000000, 30.53538026401479044 ) ) ;
#6113 = CARTESIAN_POINT ( 'NONE',  ( -7.169005087191631098, 5.000000000000000000, 30.51313088001478846 ) ) ;
#6114 = CARTESIAN_POINT ( 'NONE',  ( -8.314097521229390608, 3.000000000000000000, 20.27741708256545650 ) ) ;
#6115 = EDGE_CURVE ( 'NONE', #9487, #2495, #13460, .T. ) ;
#6116 = PLANE ( 'NONE',  #8350 ) ;
#6117 = ADVANCED_FACE ( 'NONE', ( #727 ), #7593, .T. ) ;
#6118 = ORIENTED_EDGE ( 'NONE', *, *, #11860, .T. ) ;
#6119 = ORIENTED_EDGE ( 'NONE', *, *, #1731, .F. ) ;
#6120 = CARTESIAN_POINT ( 'NONE',  ( 42.08069676880835175, 5.000000000000000000, 21.14624486401479686 ) ) ;
#6121 = ORIENTED_EDGE ( 'NONE', *, *, #9068, .F. ) ;
#6122 = AXIS2_PLACEMENT_3D ( 'NONE', #1551, #13105, #5673 ) ;
#6123 = DIRECTION ( 'NONE',  ( 0.4272549406058130383, -0.000000000000000000, 0.9041311938695197892 ) ) ;
#6124 = VERTEX_POINT ( 'NONE', #11858 ) ;
#6125 = VECTOR ( 'NONE', #8546, 1000.000000000000000 ) ;
#6126 = VECTOR ( 'NONE', #12625, 1000.000000000000000 ) ;
#6127 = EDGE_CURVE ( 'NONE', #13067, #4561, #2047, .T. ) ;
#6128 = DIRECTION ( 'NONE',  ( 0.9823856389353458063, -0.000000000000000000, 0.1868648078520737388 ) ) ;
#6129 = DIRECTION ( 'NONE',  ( -0.000000000000000000, -1.000000000000000000, -0.000000000000000000 ) ) ;
#6130 = CARTESIAN_POINT ( 'NONE',  ( -27.64848051119162875, 5.000000000000000000, -7.703815799985202162 ) ) ;
#6131 = VECTOR ( 'NONE', #10360, 1000.000000000000000 ) ;
#6132 = ORIENTED_EDGE ( 'NONE', *, *, #12466, .T. ) ;
#6133 = AXIS2_PLACEMENT_3D ( 'NONE', #8268, #10295, #2803 ) ;
#6134 = LINE ( 'NONE', #12512, #6812 ) ;
#6135 = ORIENTED_EDGE ( 'NONE', *, *, #7154, .T. ) ;
#6136 = DIRECTION ( 'NONE',  ( -0.4412377587568079851, 0.000000000000000000, -0.8973902385513611302 ) ) ;
#6137 = ORIENTED_EDGE ( 'NONE', *, *, #12661, .T. ) ;
#6138 = PLANE ( 'NONE',  #3009 ) ;
#6139 = DIRECTION ( 'NONE',  ( 0.1976663333700529879, 0.000000000000000000, 0.9802693612737465312 ) ) ;
#6140 = VECTOR ( 'NONE', #8965, 1000.000000000000114 ) ;
#6141 = CARTESIAN_POINT ( 'NONE',  ( -7.625962263191627954, 5.000000000000000000, 20.58461225601479327 ) ) ;
#6142 = EDGE_CURVE ( 'NONE', #7896, #4329, #9684, .T. ) ;
#6143 = VECTOR ( 'NONE', #9369, 1000.000000000000000 ) ;
#6144 = ADVANCED_FACE ( 'NONE', ( #8642 ), #2252, .T. ) ;
#6145 = DIRECTION ( 'NONE',  ( -0.000000000000000000, -1.000000000000000000, -0.000000000000000000 ) ) ;
#6146 = LINE ( 'NONE', #8470, #11130 ) ;
#6147 = LINE ( 'NONE', #13300, #964 ) ;
#6148 = APPROVAL_ROLE ( '' ) ;
#6149 = DIRECTION ( 'NONE',  ( -0.000000000000000000, -1.000000000000000000, -0.000000000000000000 ) ) ;
#6150 = ORIENTED_EDGE ( 'NONE', *, *, #7828, .T. ) ;
#6151 = VECTOR ( 'NONE', #7773, 1000.000000000000000 ) ;
#6152 = DIRECTION ( 'NONE',  ( -0.000000000000000000, -1.000000000000000000, -0.000000000000000000 ) ) ;
#6153 = EDGE_LOOP ( 'NONE', ( #2146, #10792, #2749, #13743 ) ) ;
#6154 = ORIENTED_EDGE ( 'NONE', *, *, #8381, .T. ) ;
#6155 = VECTOR ( 'NONE', #1504, 1000.000000000000000 ) ;
#6156 = PLANE ( 'NONE',  #6845 ) ;
#6157 = AXIS2_PLACEMENT_3D ( 'NONE', #12966, #5752, #1202 ) ;
#6158 = CARTESIAN_POINT ( 'NONE',  ( 25.02796988880838569, 3.000000000000000000, 12.31086502401480054 ) ) ;
#6159 = LINE ( 'NONE', #10649, #3886 ) ;
#6160 = EDGE_LOOP ( 'NONE', ( #8549, #456, #708, #6610 ) ) ;
#6161 = FACE_OUTER_BOUND ( 'NONE', #3532, .T. ) ;
#6162 = VERTEX_POINT ( 'NONE', #7521 ) ;
#6163 = ADVANCED_FACE ( 'NONE', ( #12622 ), #4154, .T. ) ;
#6164 = AXIS2_PLACEMENT_3D ( 'NONE', #1159, #4242, #8455 ) ;
#6165 = AXIS2_PLACEMENT_3D ( 'NONE', #12963, #5607, #3361 ) ;
#6166 = EDGE_CURVE ( 'NONE', #8208, #3, #1209, .T. ) ;
#6167 = VECTOR ( 'NONE', #10786, 1000.000000000000000 ) ;
#6168 = CARTESIAN_POINT ( 'NONE',  ( 0.2620839266953569058, 5.000000000000000000, -0.6263652623294461153 ) ) ;
#6169 = LINE ( 'NONE', #9328, #3649 ) ;
#6170 = DIRECTION ( 'NONE',  ( 1.000000000000000000, 0.000000000000000000, -0.000000000000000000 ) ) ;
#6171 = EDGE_LOOP ( 'NONE', ( #12930, #4804, #8280, #2800 ) ) ;
#6172 = FACE_OUTER_BOUND ( 'NONE', #1013, .T. ) ;
#6173 = VERTEX_POINT ( 'NONE', #7380 ) ;
#6174 = CARTESIAN_POINT ( 'NONE',  ( 35.04517938703008184, 5.000000000000000000, -16.16470305495730742 ) ) ;
#6175 = ORIENTED_EDGE ( 'NONE', *, *, #1320, .F. ) ;
#6176 = DIRECTION ( 'NONE',  ( -0.7915149266413793461, 0.000000000000000000, 0.6111498350682031955 ) ) ;
#6177 = ORIENTED_EDGE ( 'NONE', *, *, #1271, .F. ) ;
#6178 = VECTOR ( 'NONE', #6539, 1000.000000000000000 ) ;
#6179 = ORIENTED_EDGE ( 'NONE', *, *, #891, .T. ) ;
#6180 = VERTEX_POINT ( 'NONE', #21 ) ;
#6181 = EDGE_CURVE ( 'NONE', #12853, #1725, #5473, .T. ) ;
#6182 = EDGE_CURVE ( 'NONE', #13431, #6321, #4078, .T. ) ;
#6183 = CARTESIAN_POINT ( 'NONE',  ( -38.82211221519163047, 5.000000000000000000, 15.35652416001479637 ) ) ;
#6184 = DIRECTION ( 'NONE',  ( 0.9127901068464037149, 0.000000000000000000, 0.4084289667045309380 ) ) ;
#6185 = CARTESIAN_POINT ( 'NONE',  ( -50.42874584719162812, 5.000000000000000000, 0.000000000000000000 ) ) ;
#6186 = VECTOR ( 'NONE', #1134, 1000.000000000000000 ) ;
#6187 = CARTESIAN_POINT ( 'NONE',  ( 18.69190940880836038, 5.000000000000000000, 31.92224363201479775 ) ) ;
#6188 = DIRECTION ( 'NONE',  ( -0.000000000000000000, -1.000000000000000000, -0.000000000000000000 ) ) ;
#6189 = ORIENTED_EDGE ( 'NONE', *, *, #4889, .F. ) ;
#6190 = VECTOR ( 'NONE', #4754, 1000.000000000000000 ) ;
#6191 = CARTESIAN_POINT ( 'NONE',  ( -27.24020091119163922, 3.000000000000000000, 30.60954420001479193 ) ) ;
#6192 = VERTEX_POINT ( 'NONE', #8359 ) ;
#6193 = CARTESIAN_POINT ( 'NONE',  ( -25.71984428719163063, 5.000000000000000000, 20.22908540801479660 ) ) ;
#6194 = VERTEX_POINT ( 'NONE', #11647 ) ;
#6195 = CARTESIAN_POINT ( 'NONE',  ( 15.63761515268221203, 5.000000000000000000, 2.094365924542642254 ) ) ;
#6196 = EDGE_CURVE ( 'NONE', #1503, #5041, #8498, .T. ) ;
#6197 = EDGE_LOOP ( 'NONE', ( #3592, #488, #11079, #13376 ) ) ;
#6198 = CARTESIAN_POINT ( 'NONE',  ( -27.49730174319163112, 5.000000000000000000, 0.000000000000000000 ) ) ;
#6199 = ORIENTED_EDGE ( 'NONE', *, *, #12848, .F. ) ;
#6200 = EDGE_CURVE ( 'NONE', #9162, #5886, #8568, .T. ) ;
#6201 = AXIS2_PLACEMENT_3D ( 'NONE', #5977, #11241, #5836 ) ;
#6202 = EDGE_CURVE ( 'NONE', #262, #6162, #12697, .T. ) ;
#6203 = VECTOR ( 'NONE', #74, 1000.000000000000114 ) ;
#6204 = DIRECTION ( 'NONE',  ( -0.3824844415231389849, 0.000000000000000000, -0.9239619321123205831 ) ) ;
#6205 = CARTESIAN_POINT ( 'NONE',  ( 2.666459740120496136, 3.000000000000000000, 29.61223800294913744 ) ) ;
#6206 = LINE ( 'NONE', #5995, #3470 ) ;
#6207 = ORIENTED_EDGE ( 'NONE', *, *, #5426, .T. ) ;
#6208 = CARTESIAN_POINT ( 'NONE',  ( 17.60425357960489023, 5.000000000000000000, 31.11327342896386838 ) ) ;
#6209 = AXIS2_PLACEMENT_3D ( 'NONE', #12641, #2844, #13609 ) ;
#6210 = ORIENTED_EDGE ( 'NONE', *, *, #1291, .T. ) ;
#6211 = ORIENTED_EDGE ( 'NONE', *, *, #4591, .T. ) ;
#6212 = ADVANCED_FACE ( 'NONE', ( #11585 ), #1983, .T. ) ;
#6213 = PLANE ( 'NONE',  #7303 ) ;
#6214 = VERTEX_POINT ( 'NONE', #10601 ) ;
#6215 = DIRECTION ( 'NONE',  ( -1.000000000000000000, 0.000000000000000000, -8.416301682802313590E-15 ) ) ;
#6216 = DIRECTION ( 'NONE',  ( 0.1886949699039874861, 0.000000000000000000, -0.9820357469730586208 ) ) ;
#6217 = FACE_OUTER_BOUND ( 'NONE', #11707, .T. ) ;
#6218 = EDGE_CURVE ( 'NONE', #1147, #7667, #2191, .T. ) ;
#6219 = CARTESIAN_POINT ( 'NONE',  ( 3.864397280808366641, 3.000000000000000000, -7.220164239985199295 ) ) ;
#6220 = DIRECTION ( 'NONE',  ( -0.1469601115001182845, 0.000000000000000000, 0.9891424192844390229 ) ) ;
#6221 = CARTESIAN_POINT ( 'NONE',  ( -4.589937621240017781E-13, 5.000000000000000000, -43.00033533308694444 ) ) ;
#6222 = LINE ( 'NONE', #836, #13698 ) ;
#6223 = LINE ( 'NONE', #11621, #4087 ) ;
#6224 = FACE_OUTER_BOUND ( 'NONE', #8414, .T. ) ;
#6225 = ORIENTED_EDGE ( 'NONE', *, *, #11320, .F. ) ;
#6226 = DIRECTION ( 'NONE',  ( -1.000000000000000000, 0.000000000000000000, 0.000000000000000000 ) ) ;
#6227 = VERTEX_POINT ( 'NONE', #3308 ) ;
#6228 = ADVANCED_FACE ( 'NONE', ( #1007 ), #10526, .T. ) ;
#6229 = PLANE ( 'NONE',  #3491 ) ;
#6230 = ADVANCED_FACE ( 'NONE', ( #5198 ), #9478, .T. ) ;
#6231 = CARTESIAN_POINT ( 'NONE',  ( 44.44157596880837247, 5.000000000000000000, 32.04090532001479374 ) ) ;
#6232 = LINE ( 'NONE', #2096, #9747 ) ;
#6233 = ORIENTED_EDGE ( 'NONE', *, *, #12445, .T. ) ;
#6234 = DIRECTION ( 'NONE',  ( -0.7393017768804095446, 0.000000000000000000, -0.6733742515878291535 ) ) ;
#6235 = ORIENTED_EDGE ( 'NONE', *, *, #6366, .F. ) ;
#6236 = CARTESIAN_POINT ( 'NONE',  ( -38.82211221519163047, 5.000000000000000000, 25.04726017601479526 ) ) ;
#6237 = DIRECTION ( 'NONE',  ( 0.9452002409823898610, 0.000000000000000000, -0.3264912011782739043 ) ) ;
#6238 = PLANE ( 'NONE',  #12352 ) ;
#6239 = VERTEX_POINT ( 'NONE', #1287 ) ;
#6240 = DIRECTION ( 'NONE',  ( 0.7288886501414303387, 0.000000000000000000, 0.6846322631128359815 ) ) ;
#6241 = ORIENTED_EDGE ( 'NONE', *, *, #4325, .F. ) ;
#6242 = CARTESIAN_POINT ( 'NONE',  ( -21.56172611119163207, 5.000000000000000000, 21.86068895201479734 ) ) ;
#6243 = EDGE_CURVE ( 'NONE', #12880, #6729, #4650, .T. ) ;
#6244 = ORIENTED_EDGE ( 'NONE', *, *, #6722, .F. ) ;
#6245 = DIRECTION ( 'NONE',  ( 0.1746986879099474421, 0.000000000000000000, 0.9846219418855862715 ) ) ;
#6246 = ORIENTED_EDGE ( 'NONE', *, *, #6404, .T. ) ;
#6247 = EDGE_LOOP ( 'NONE', ( #7030, #7386, #10509, #9175, #940, #8980, #13764, #9640, #10511, #13238, #2527, #6052, #1131, #6015, #8649, #3295, #4311, #10416, #139, #9770, #9912, #12430, #7043, #6465, #371 ) ) ;
#6248 = ORIENTED_EDGE ( 'NONE', *, *, #47, .T. ) ;
#6249 = CARTESIAN_POINT ( 'NONE',  ( -50.08264747919162829, 5.000000000000000000, 28.09786418401479580 ) ) ;
#6250 = CARTESIAN_POINT ( 'NONE',  ( -2.407943358848358528, 5.000000000000000000, 16.41783068006168733 ) ) ;
#6251 = DIRECTION ( 'NONE',  ( -0.5043302127971985849, 0.000000000000000000, 0.8635108780206143253 ) ) ;
#6252 = DIRECTION ( 'NONE',  ( 0.000000000000000000, 0.000000000000000000, 1.000000000000000000 ) ) ;
#6253 = LINE ( 'NONE', #4158, #8320 ) ;
#6254 = ORIENTED_EDGE ( 'NONE', *, *, #457, .T. ) ;
#6255 = CARTESIAN_POINT ( 'NONE',  ( 10.83247867067769121, 5.000000000000000000, 4.501977534480521292 ) ) ;
#6256 = ORIENTED_EDGE ( 'NONE', *, *, #10328, .F. ) ;
#6257 = CARTESIAN_POINT ( 'NONE',  ( -19.53705451919162428, 3.000000000000000000, 20.27605610401479908 ) ) ;
#6258 = EDGE_CURVE ( 'NONE', #11228, #1266, #9971, .T. ) ;
#6259 = ORIENTED_EDGE ( 'NONE', *, *, #4540, .F. ) ;
#6260 = EDGE_CURVE ( 'NONE', #436, #4509, #12004, .T. ) ;
#6261 = DIRECTION ( 'NONE',  ( 0.4325153727304008044, 0.000000000000000000, 0.9016265592538201812 ) ) ;
#6262 = EDGE_LOOP ( 'NONE', ( #10687, #1387, #332, #12451 ) ) ;
#6263 = DIRECTION ( 'NONE',  ( -0.2901482533569481603, 0.000000000000000000, -0.9569817088502331481 ) ) ;
#6264 = ORIENTED_EDGE ( 'NONE', *, *, #8515, .T. ) ;
#6265 = PLANE ( 'NONE',  #5835 ) ;
#6266 = CARTESIAN_POINT ( 'NONE',  ( 8.507095640808373105, 5.000000000000000000, -7.854414431985205169 ) ) ;
#6267 = CARTESIAN_POINT ( 'NONE',  ( 17.61829814480837086, 5.000000000000000000, 32.23252901601479437 ) ) ;
#6268 = DIRECTION ( 'NONE',  ( -4.956352788505159323E-16, 0.000000000000000000, 1.000000000000000000 ) ) ;
#6269 = VERTEX_POINT ( 'NONE', #13188 ) ;
#6270 = EDGE_CURVE ( 'NONE', #3668, #6500, #2611, .T. ) ;
#6271 = FACE_OUTER_BOUND ( 'NONE', #13107, .T. ) ;
#6272 = VERTEX_POINT ( 'NONE', #11930 ) ;
#6273 = ORIENTED_EDGE ( 'NONE', *, *, #169, .F. ) ;
#6274 = ORIENTED_EDGE ( 'NONE', *, *, #13135, .T. ) ;
#6275 = DIRECTION ( 'NONE',  ( 8.416301682802313590E-15, 0.000000000000000000, -1.000000000000000000 ) ) ;
#6276 = CARTESIAN_POINT ( 'NONE',  ( 3.985236332099760581, 5.000000000000000000, 13.14430892187046140 ) ) ;
#6277 = CARTESIAN_POINT ( 'NONE',  ( 11.13019366910973140, 3.000000000000000000, -20.73994799611524442 ) ) ;
#6278 = VECTOR ( 'NONE', #5214, 1000.000000000000114 ) ;
#6279 = DIRECTION ( 'NONE',  ( 0.9880692682966384366, 0.000000000000000000, -0.1540101329385353268 ) ) ;
#6280 = DIRECTION ( 'NONE',  ( -0.3815757523362350301, 0.000000000000000000, -0.9243375710361643183 ) ) ;
#6281 = EDGE_CURVE ( 'NONE', #11831, #1276, #5687, .T. ) ;
#6282 = DIRECTION ( 'NONE',  ( 0.000000000000000000, 1.000000000000000000, 0.000000000000000000 ) ) ;
#6283 = DIRECTION ( 'NONE',  ( 0.000000000000000000, 1.000000000000000000, -0.000000000000000000 ) ) ;
#6284 = LINE ( 'NONE', #13700, #8126 ) ;
#6285 = APPLICATION_PROTOCOL_DEFINITION ( 'international standard', 'config_control_design', 1994, #3463 ) ;
#6286 = CARTESIAN_POINT ( 'NONE',  ( -6.370511383191637123, 5.000000000000000000, 13.15633247201479250 ) ) ;
#6287 = ORIENTED_EDGE ( 'NONE', *, *, #5975, .T. ) ;
#6288 = EDGE_CURVE ( 'NONE', #13653, #7706, #2474, .T. ) ;
#6289 = LINE ( 'NONE', #8685, #3219 ) ;
#6290 = EDGE_CURVE ( 'NONE', #374, #4439, #7872, .T. ) ;
#6291 = ORIENTED_EDGE ( 'NONE', *, *, #5075, .T. ) ;
#6292 = CARTESIAN_POINT ( 'NONE',  ( 31.93756236880837562, 5.000000000000000000, 13.67547900801479521 ) ) ;
#6293 = VECTOR ( 'NONE', #11088, 1000.000000000000114 ) ;
#6294 = DIRECTION ( 'NONE',  ( -0.000000000000000000, 1.000000000000000000, -0.000000000000000000 ) ) ;
#6295 = VECTOR ( 'NONE', #3733, 1000.000000000000000 ) ;
#6296 = CARTESIAN_POINT ( 'NONE',  ( 26.06379204880835587, 5.000000000000000000, -6.595957207985201798 ) ) ;
#6297 = ORIENTED_EDGE ( 'NONE', *, *, #8409, .F. ) ;
#6298 = CARTESIAN_POINT ( 'NONE',  ( 2.864622253084919024, 5.000000000000000000, 25.78155318550275155 ) ) ;
#6299 = VERTEX_POINT ( 'NONE', #8927 ) ;
#6300 = EDGE_CURVE ( 'NONE', #443, #9533, #1352, .T. ) ;
#6301 = VECTOR ( 'NONE', #9219, 1000.000000000000000 ) ;
#6302 = DIRECTION ( 'NONE',  ( 0.1745256299051917148, 0.000000000000000000, -0.9846526313914952810 ) ) ;
#6303 = VECTOR ( 'NONE', #5763, 1000.000000000000000 ) ;
#6304 = LINE ( 'NONE', #5384, #11036 ) ;
#6305 = PLANE ( 'NONE',  #7206 ) ;
#6306 = ORIENTED_EDGE ( 'NONE', *, *, #10534, .T. ) ;
#6307 = PLANE ( 'NONE',  #7021 ) ;
#6308 = ORIENTED_EDGE ( 'NONE', *, *, #7518, .T. ) ;
#6309 = CARTESIAN_POINT ( 'NONE',  ( -8.462859622108968694, 5.000000000000000000, -2.236884978874940089 ) ) ;
#6310 = CARTESIAN_POINT ( 'NONE',  ( -7.169005087191634651, 5.000000000000000000, 25.95947476001479615 ) ) ;
#6311 = EDGE_LOOP ( 'NONE', ( #7549, #6329, #10594, #6020 ) ) ;
#6312 = ORIENTED_EDGE ( 'NONE', *, *, #3590, .F. ) ;
#6313 = VECTOR ( 'NONE', #5401, 1000.000000000000114 ) ;
#6314 = AXIS2_PLACEMENT_3D ( 'NONE', #10770, #9932, #4538 ) ;
#6315 = VERTEX_POINT ( 'NONE', #3654 ) ;
#6316 = DIRECTION ( 'NONE',  ( 0.9203659316290980774, 0.000000000000000000, -0.3910582461686524236 ) ) ;
#6317 = EDGE_CURVE ( 'NONE', #86, #10015, #12209, .T. ) ;
#6318 = EDGE_CURVE ( 'NONE', #7970, #8386, #6676, .T. ) ;
#6319 = CARTESIAN_POINT ( 'NONE',  ( -28.53312187119163923, 3.000000000000000000, -0.000000000000000000 ) ) ;
#6320 = DIRECTION ( 'NONE',  ( 0.000000000000000000, 0.000000000000000000, 1.000000000000000000 ) ) ;
#6321 = VERTEX_POINT ( 'NONE', #1495 ) ;
#6322 = CARTESIAN_POINT ( 'NONE',  ( 26.39011092880837239, 3.000000000000000000, 13.67547900801479521 ) ) ;
#6323 = CARTESIAN_POINT ( 'NONE',  ( -5.597821945068156779, 3.000000000000000000, 22.19958573645001820 ) ) ;
#6324 = EDGE_LOOP ( 'NONE', ( #6613, #6688, #11573, #11833 ) ) ;
#6325 = AXIS2_PLACEMENT_3D ( 'NONE', #11756, #5369, #9650 ) ;
#6326 = CARTESIAN_POINT ( 'NONE',  ( 23.54573884873349598, 5.000000000000000000, 1.672962869651532403 ) ) ;
#6327 = ORIENTED_EDGE ( 'NONE', *, *, #10441, .T. ) ;
#6328 = FACE_OUTER_BOUND ( 'NONE', #3896, .T. ) ;
#6329 = ORIENTED_EDGE ( 'NONE', *, *, #6989, .F. ) ;
#6330 = DIRECTION ( 'NONE',  ( 0.8669935126065556608, 0.000000000000000000, 0.4983194247650259978 ) ) ;
#6331 = VERTEX_POINT ( 'NONE', #10042 ) ;
#6332 = CARTESIAN_POINT ( 'NONE',  ( -43.64939135919163249, 5.000000000000000000, 32.23931081601480031 ) ) ;
#6333 = VERTEX_POINT ( 'NONE', #446 ) ;
#6334 = AXIS2_PLACEMENT_3D ( 'NONE', #6464, #7598, #10740 ) ;
#6335 = LINE ( 'NONE', #10617, #11879 ) ;
#6336 = EDGE_CURVE ( 'NONE', #9675, #6344, #5617, .T. ) ;
#6337 = CARTESIAN_POINT ( 'NONE',  ( 3.398235570793327387, 5.000000000000000000, 22.77912909834097732 ) ) ;
#6338 = LINE ( 'NONE', #6476, #1393 ) ;
#6339 = EDGE_CURVE ( 'NONE', #2495, #3455, #8985, .T. ) ;
#6340 = DIRECTION ( 'NONE',  ( -0.3826848932557257998, 0.000000000000000000, -0.9238789273892189513 ) ) ;
#6341 = ORIENTED_EDGE ( 'NONE', *, *, #10055, .F. ) ;
#6342 = VECTOR ( 'NONE', #2391, 1000.000000000000114 ) ;
#6343 = DIRECTION ( 'NONE',  ( -1.000000000000000000, 0.000000000000000000, 0.000000000000000000 ) ) ;
#6344 = VERTEX_POINT ( 'NONE', #6601 ) ;
#6345 = ORIENTED_EDGE ( 'NONE', *, *, #13198, .T. ) ;
#6346 = EDGE_LOOP ( 'NONE', ( #2566, #9190, #10843, #12838 ) ) ;
#6347 = CARTESIAN_POINT ( 'NONE',  ( -18.12052598319162300, 3.000000000000000000, 21.14624283201479216 ) ) ;
#6348 = CARTESIAN_POINT ( 'NONE',  ( -11.74738861519163180, 3.000000000000000000, 6.906791504014798022 ) ) ;
#6349 = DIRECTION ( 'NONE',  ( 0.000000000000000000, 0.000000000000000000, 1.000000000000000000 ) ) ;
#6350 = EDGE_CURVE ( 'NONE', #11136, #8775, #9760, .T. ) ;
#6351 = VECTOR ( 'NONE', #4328, 999.9999999999998863 ) ;
#6352 = CARTESIAN_POINT ( 'NONE',  ( 4.389521338086534108, 5.000000000000000000, -7.430581487141216357 ) ) ;
#6353 = DIRECTION ( 'NONE',  ( 0.000000000000000000, 0.000000000000000000, -1.000000000000000000 ) ) ;
#6354 = VECTOR ( 'NONE', #3365, 1000.000000000000000 ) ;
#6355 = DIRECTION ( 'NONE',  ( 0.000000000000000000, 0.000000000000000000, -1.000000000000000000 ) ) ;
#6356 = CARTESIAN_POINT ( 'NONE',  ( -10.72392406319161928, 5.000000000000000000, 32.26339712801480175 ) ) ;
#6357 = CARTESIAN_POINT ( 'NONE',  ( 3.895979852809159372, 5.000000000000000000, 7.300989633957577496 ) ) ;
#6358 = CARTESIAN_POINT ( 'NONE',  ( -30.42677213519162649, 3.000000000000000000, 21.45031537601479243 ) ) ;
#6359 = ORIENTED_EDGE ( 'NONE', *, *, #6435, .F. ) ;
#6360 = DIRECTION ( 'NONE',  ( 1.000000000000000000, -0.000000000000000000, 0.000000000000000000 ) ) ;
#6361 = VERTEX_POINT ( 'NONE', #308 ) ;
#6362 = CARTESIAN_POINT ( 'NONE',  ( 15.88114220370727026, 3.000000000000000000, -15.70741016430195636 ) ) ;
#6363 = VECTOR ( 'NONE', #12057, 1000.000000000000114 ) ;
#6364 = CARTESIAN_POINT ( 'NONE',  ( 37.23533180880836824, 5.000000000000000000, 0.000000000000000000 ) ) ;
#6365 = CARTESIAN_POINT ( 'NONE',  ( -12.46368283919162323, 3.000000000000000000, 20.12958243201481778 ) ) ;
#6366 = EDGE_CURVE ( 'NONE', #13783, #12270, #4437, .T. ) ;
#6367 = VECTOR ( 'NONE', #5035, 1000.000000000000114 ) ;
#6368 = ORIENTED_EDGE ( 'NONE', *, *, #3444, .T. ) ;
#6369 = LINE ( 'NONE', #1057, #11554 ) ;
#6370 = EDGE_LOOP ( 'NONE', ( #3759, #18, #6737, #7533 ) ) ;
#6371 = EDGE_CURVE ( 'NONE', #8100, #2656, #8780, .T. ) ;
#6372 = EDGE_CURVE ( 'NONE', #5032, #9050, #7660, .T. ) ;
#6373 = VECTOR ( 'NONE', #6220, 999.9999999999998863 ) ;
#6374 = CARTESIAN_POINT ( 'NONE',  ( -82.00000000000001421, 3.000000000000000000, 52.99999999999999289 ) ) ;
#6375 = DIRECTION ( 'NONE',  ( 0.8229551815904374568, 0.000000000000000000, -0.5681063008746252141 ) ) ;
#6376 = VECTOR ( 'NONE', #5106, 1000.000000000000000 ) ;
#6377 = CARTESIAN_POINT ( 'NONE',  ( -21.56172611119163207, 5.000000000000000000, 0.000000000000000000 ) ) ;
#6378 = ORIENTED_EDGE ( 'NONE', *, *, #5626, .F. ) ;
#6379 = DIRECTION ( 'NONE',  ( -0.3739086408200443246, 0.000000000000000000, -0.9274655402332244725 ) ) ;
#6380 = ORIENTED_EDGE ( 'NONE', *, *, #11641, .T. ) ;
#6381 = CARTESIAN_POINT ( 'NONE',  ( -30.09105301960536849, 5.000000000000000000, 2.805083063941296917 ) ) ;
#6382 = CARTESIAN_POINT ( 'NONE',  ( 53.02727380880837416, 3.000000000000000000, 32.03596146401479672 ) ) ;
#6383 = EDGE_CURVE ( 'NONE', #11497, #9487, #10876, .T. ) ;
#6384 = EDGE_LOOP ( 'NONE', ( #3984, #11234, #7132, #4874 ) ) ;
#6385 = AXIS2_PLACEMENT_3D ( 'NONE', #4993, #6969, #1647 ) ;
#6386 = EDGE_LOOP ( 'NONE', ( #12688, #9450, #7815, #5500 ) ) ;
#6387 = VECTOR ( 'NONE', #1217, 1000.000000000000000 ) ;
#6388 = EDGE_CURVE ( 'NONE', #2885, #12732, #1422, .T. ) ;
#6389 = DIRECTION ( 'NONE',  ( 0.000000000000000000, 0.000000000000000000, 1.000000000000000000 ) ) ;
#6390 = DIRECTION ( 'NONE',  ( -0.9041311938695197892, 0.000000000000000000, 0.4272549406058130383 ) ) ;
#6391 = CARTESIAN_POINT ( 'NONE',  ( 24.61909496285495180, 5.000000000000000000, 26.79806359715655617 ) ) ;
#6392 = VERTEX_POINT ( 'NONE', #6094 ) ;
#6393 = CARTESIAN_POINT ( 'NONE',  ( 5.371392843576383136, 5.000000000000000000, 12.41017483809493349 ) ) ;
#6394 = CARTESIAN_POINT ( 'NONE',  ( -28.49851183119164233, 5.000000000000000000, 31.31904443201478827 ) ) ;
#6395 = VERTEX_POINT ( 'NONE', #11293 ) ;
#6396 = CARTESIAN_POINT ( 'NONE',  ( 20.99706913680835640, 3.000000000000000000, 22.48740448801480341 ) ) ;
#6397 = AXIS2_PLACEMENT_3D ( 'NONE', #7862, #2245, #2465 ) ;
#6398 = ORIENTED_EDGE ( 'NONE', *, *, #5228, .F. ) ;
#6399 = CARTESIAN_POINT ( 'NONE',  ( 21.23495377711075349, 5.000000000000000000, -14.18885795750885315 ) ) ;
#6400 = ORIENTED_EDGE ( 'NONE', *, *, #6181, .F. ) ;
#6401 = VECTOR ( 'NONE', #8448, 1000.000000000000114 ) ;
#6402 = EDGE_CURVE ( 'NONE', #1276, #12192, #8211, .T. ) ;
#6403 = EDGE_LOOP ( 'NONE', ( #9524, #12617, #2112, #6531 ) ) ;
#6404 = EDGE_CURVE ( 'NONE', #8686, #10051, #10301, .T. ) ;
#6405 = DIRECTION ( 'NONE',  ( -0.4528806816413769032, 0.000000000000000000, -0.8915711346808182780 ) ) ;
#6406 = ORIENTED_EDGE ( 'NONE', *, *, #10021, .T. ) ;
#6407 = CARTESIAN_POINT ( 'NONE',  ( -46.54114783119163690, 3.000000000000000000, 32.27463307201478671 ) ) ;
#6408 = VECTOR ( 'NONE', #11028, 1000.000000000000000 ) ;
#6409 = AXIS2_PLACEMENT_3D ( 'NONE', #8464, #9510, #11473 ) ;
#6410 = CARTESIAN_POINT ( 'NONE',  ( -12.99827229602544598, 3.000000000000000000, 16.30070165153739481 ) ) ;
#6411 = PLANE ( 'NONE',  #9216 ) ;
#6412 = LINE ( 'NONE', #7398, #5261 ) ;
#6413 = CARTESIAN_POINT ( 'NONE',  ( -11.10215647919162052, 5.000000000000000000, 13.18104870401479367 ) ) ;
#6414 = ORIENTED_EDGE ( 'NONE', *, *, #11946, .F. ) ;
#6415 = ORIENTED_EDGE ( 'NONE', *, *, #2977, .T. ) ;
#6416 = VERTEX_POINT ( 'NONE', #514 ) ;
#6417 = EDGE_CURVE ( 'NONE', #1091, #5277, #10174, .T. ) ;
#6418 = VECTOR ( 'NONE', #2808, 999.9999999999998863 ) ;
#6419 = DIRECTION ( 'NONE',  ( 0.9543145510148244304, -0.000000000000000000, 0.2988038448905470656 ) ) ;
#6420 = PLANE ( 'NONE',  #218 ) ;
#6421 = VECTOR ( 'NONE', #9898, 1000.000000000000114 ) ;
#6422 = LINE ( 'NONE', #10702, #8210 ) ;
#6423 = DIRECTION ( 'NONE',  ( 0.3472951085090851819, -0.000000000000000000, 0.9377558891340874725 ) ) ;
#6424 = CARTESIAN_POINT ( 'NONE',  ( 0.000000000000000000, 5.000000000000000000, 23.23271872001479466 ) ) ;
#6425 = DIRECTION ( 'NONE',  ( 0.1886949699039874861, 0.000000000000000000, -0.9820357469730586208 ) ) ;
#6426 = VECTOR ( 'NONE', #3483, 1000.000000000000000 ) ;
#6427 = PLANE ( 'NONE',  #11105 ) ;
#6428 = DIRECTION ( 'NONE',  ( -0.7138882766030901772, 0.000000000000000000, 0.7002596150919099260 ) ) ;
#6429 = LINE ( 'NONE', #4403, #10316 ) ;
#6430 = ORIENTED_EDGE ( 'NONE', *, *, #1835, .F. ) ;
#6431 = PLANE ( 'NONE',  #9268 ) ;
#6432 = EDGE_LOOP ( 'NONE', ( #9852, #9059, #7788, #11117 ) ) ;
#6433 = ORIENTED_EDGE ( 'NONE', *, *, #12201, .F. ) ;
#6434 = LINE ( 'NONE', #10713, #2594 ) ;
#6435 = EDGE_CURVE ( 'NONE', #1047, #13162, #13385, .T. ) ;
#6436 = DIRECTION ( 'NONE',  ( -0.000000000000000000, -1.000000000000000000, -0.000000000000000000 ) ) ;
#6437 = FACE_BOUND ( 'NONE', #6068, .T. ) ;
#6438 = ADVANCED_FACE ( 'NONE', ( #9055 ), #584, .T. ) ;
#6439 = ORIENTED_EDGE ( 'NONE', *, *, #3079, .F. ) ;
#6440 = CARTESIAN_POINT ( 'NONE',  ( 51.15556203280835490, 5.000000000000000000, 20.19586119201479946 ) ) ;
#6441 = VECTOR ( 'NONE', #5837, 999.9999999999998863 ) ;
#6442 = ORIENTED_EDGE ( 'NONE', *, *, #4676, .F. ) ;
#6443 = CARTESIAN_POINT ( 'NONE',  ( 26.00692652880835709, 3.000000000000000000, 15.35652314401479757 ) ) ;
#6444 = DIRECTION ( 'NONE',  ( 0.9962356249260626573, 0.000000000000000000, -0.08668667503242517836 ) ) ;
#6445 = DIRECTION ( 'NONE',  ( 0.4431803846340868769, -0.000000000000000000, 0.8964324551663571672 ) ) ;
#6446 = ORIENTED_EDGE ( 'NONE', *, *, #756, .T. ) ;
#6447 = DIRECTION ( 'NONE',  ( -0.000000000000000000, -1.000000000000000000, -0.000000000000000000 ) ) ;
#6448 = VERTEX_POINT ( 'NONE', #7219 ) ;
#6449 = FACE_OUTER_BOUND ( 'NONE', #1164, .T. ) ;
#6450 = ORIENTED_EDGE ( 'NONE', *, *, #13840, .F. ) ;
#6451 = ADVANCED_FACE ( 'NONE', ( #12478 ), #10371, .F. ) ;
#6452 = ADVANCED_FACE ( 'NONE', ( #4848, #9327, #9125, #3792, #10102 ), #6026, .F. ) ;
#6453 = DIRECTION ( 'NONE',  ( -0.4188446617514606785, 0.000000000000000000, -0.9080578997631729710 ) ) ;
#6454 = ORIENTED_EDGE ( 'NONE', *, *, #4382, .T. ) ;
#6455 = ORIENTED_EDGE ( 'NONE', *, *, #11692, .T. ) ;
#6456 = DIRECTION ( 'NONE',  ( 0.3544665224129460723, 0.000000000000000000, 0.9350687057582839357 ) ) ;
#6457 = CARTESIAN_POINT ( 'NONE',  ( -2.520400008491090027, 5.000000000000000000, 29.49697514035441159 ) ) ;
#6458 = CARTESIAN_POINT ( 'NONE',  ( -22.73663072977303656, 5.000000000000000000, 20.06173682050091855 ) ) ;
#6459 = EDGE_CURVE ( 'NONE', #11450, #5412, #1627, .T. ) ;
#6460 = ORIENTED_EDGE ( 'NONE', *, *, #3856, .T. ) ;
#6461 = VECTOR ( 'NONE', #12305, 1000.000000000000000 ) ;
#6462 = PLANE ( 'NONE',  #9211 ) ;
#6463 = VERTEX_POINT ( 'NONE', #12339 ) ;
#6464 = CARTESIAN_POINT ( 'NONE',  ( 1.546697728155256302, 5.000000000000000000, 1.650136974982350457 ) ) ;
#6465 = ORIENTED_EDGE ( 'NONE', *, *, #9589, .T. ) ;
#6466 = CARTESIAN_POINT ( 'NONE',  ( -14.08060902124482361, 3.000000000000000000, 5.337687468825648374 ) ) ;
#6467 = EDGE_CURVE ( 'NONE', #12265, #3457, #12536, .T. ) ;
#6468 = VERTEX_POINT ( 'NONE', #4973 ) ;
#6469 = EDGE_CURVE ( 'NONE', #5997, #4748, #9253, .T. ) ;
#6470 = CARTESIAN_POINT ( 'NONE',  ( 32.60998164880837180, 5.000000000000000000, 0.000000000000000000 ) ) ;
#6471 = ORIENTED_EDGE ( 'NONE', *, *, #9362, .F. ) ;
#6472 = DIRECTION ( 'NONE',  ( 0.000000000000000000, 1.000000000000000000, -0.000000000000000000 ) ) ;
#6473 = ORIENTED_EDGE ( 'NONE', *, *, #235, .F. ) ;
#6474 = CARTESIAN_POINT ( 'NONE',  ( -1.802202772349250415, 5.000000000000000000, 19.45234141127950878 ) ) ;
#6475 = DIRECTION ( 'NONE',  ( -0.000000000000000000, -1.000000000000000000, -0.000000000000000000 ) ) ;
#6476 = CARTESIAN_POINT ( 'NONE',  ( -2.640075359191627058, 3.000000000000000000, -0.000000000000000000 ) ) ;
#6477 = EDGE_CURVE ( 'NONE', #12468, #7895, #10242, .T. ) ;
#6478 = CARTESIAN_POINT ( 'NONE',  ( 32.30305211280835920, 5.000000000000000000, 12.78022552801479073 ) ) ;
#6479 = EDGE_CURVE ( 'NONE', #916, #13614, #5889, .T. ) ;
#6480 = DIRECTION ( 'NONE',  ( -0.000000000000000000, -1.000000000000000000, -0.000000000000000000 ) ) ;
#6481 = EDGE_LOOP ( 'NONE', ( #4245, #12967, #4714, #6656 ) ) ;
#6482 = ORIENTED_EDGE ( 'NONE', *, *, #7626, .F. ) ;
#6483 = ORIENTED_EDGE ( 'NONE', *, *, #3636, .T. ) ;
#6484 = PLANE ( 'NONE',  #8626 ) ;
#6485 = CARTESIAN_POINT ( 'NONE',  ( -25.71984428719163063, 5.000000000000000000, 21.44784446401479627 ) ) ;
#6486 = DIRECTION ( 'NONE',  ( 0.01008096314144696880, 0.000000000000000000, 0.9999491858000288946 ) ) ;
#6487 = VECTOR ( 'NONE', #5933, 1000.000000000000000 ) ;
#6488 = CARTESIAN_POINT ( 'NONE',  ( -25.42813341519162051, 5.000000000000000000, 30.96800220801480208 ) ) ;
#6489 = DIRECTION ( 'NONE',  ( -0.000000000000000000, -1.000000000000000000, -0.000000000000000000 ) ) ;
#6490 = ADVANCED_FACE ( 'NONE', ( #13321 ), #3731, .T. ) ;
#6491 = LINE ( 'NONE', #2083, #5710 ) ;
#6492 = EDGE_CURVE ( 'NONE', #3034, #5787, #8144, .T. ) ;
#6493 = CARTESIAN_POINT ( 'NONE',  ( -0.5599346932840427726, 5.000000000000000000, 0.2387240339686287627 ) ) ;
#6494 = DIRECTION ( 'NONE',  ( 0.000000000000000000, 0.000000000000000000, 1.000000000000000000 ) ) ;
#6495 = ORIENTED_EDGE ( 'NONE', *, *, #10003, .F. ) ;
#6496 = DIRECTION ( 'NONE',  ( -0.3826848932557266880, 0.000000000000000000, -0.9238789273892186182 ) ) ;
#6497 = VERTEX_POINT ( 'NONE', #2676 ) ;
#6498 = LINE ( 'NONE', #3202, #8599 ) ;
#6499 = ORIENTED_EDGE ( 'NONE', *, *, #10515, .T. ) ;
#6500 = VERTEX_POINT ( 'NONE', #3929 ) ;
#6501 = PLANE ( 'NONE',  #7527 ) ;
#6502 = ORIENTED_EDGE ( 'NONE', *, *, #5861, .F. ) ;
#6503 = DIRECTION ( 'NONE',  ( -0.000000000000000000, -1.000000000000000000, -0.000000000000000000 ) ) ;
#6504 = CARTESIAN_POINT ( 'NONE',  ( -15.27757611919163772, 5.000000000000000000, 30.38210955201479990 ) ) ;
#6505 = ORIENTED_EDGE ( 'NONE', *, *, #538, .T. ) ;
#6506 = DIRECTION ( 'NONE',  ( -0.04951962448429150093, 0.000000000000000000, 0.9987731508160072602 ) ) ;
#6507 = VERTEX_POINT ( 'NONE', #6952 ) ;
#6508 = EDGE_CURVE ( 'NONE', #436, #881, #11224, .T. ) ;
#6509 = CARTESIAN_POINT ( 'NONE',  ( 50.52547947280835672, 5.000000000000000000, 21.33659856001479582 ) ) ;
#6510 = CARTESIAN_POINT ( 'NONE',  ( -7.169005087191631098, 5.000000000000000000, 30.51313088001478846 ) ) ;
#6511 = EDGE_CURVE ( 'NONE', #10211, #3803, #11776, .T. ) ;
#6512 = DIRECTION ( 'NONE',  ( 0.9832059221644678937, 0.000000000000000000, 0.1824996290974810753 ) ) ;
#6513 = ORIENTED_EDGE ( 'NONE', *, *, #1729, .T. ) ;
#6514 = VECTOR ( 'NONE', #12039, 1000.000000000000000 ) ;
#6515 = LINE ( 'NONE', #4141, #1438 ) ;
#6516 = ORIENTED_EDGE ( 'NONE', *, *, #103, .T. ) ;
#6517 = ORIENTED_EDGE ( 'NONE', *, *, #6625, .F. ) ;
#6518 = PLANE ( 'NONE',  #376 ) ;
#6519 = ORIENTED_EDGE ( 'NONE', *, *, #1930, .F. ) ;
#6520 = CARTESIAN_POINT ( 'NONE',  ( 13.14973185760559993, 3.000000000000000000, -8.743795329294746566 ) ) ;
#6521 = ORIENTED_EDGE ( 'NONE', *, *, #250, .T. ) ;
#6522 = ORIENTED_EDGE ( 'NONE', *, *, #9206, .T. ) ;
#6523 = AXIS2_PLACEMENT_3D ( 'NONE', #9290, #9359, #11530 ) ;
#6524 = VECTOR ( 'NONE', #12427, 1000.000000000000114 ) ;
#6525 = DIRECTION ( 'NONE',  ( -0.9238814843844341818, 0.000000000000000000, -0.3826787200924746668 ) ) ;
#6526 = EDGE_CURVE ( 'NONE', #6507, #9629, #7366, .T. ) ;
#6527 = DIRECTION ( 'NONE',  ( 0.9067769724085803507, 0.000000000000000000, 0.4216106287909834327 ) ) ;
#6528 = LINE ( 'NONE', #13811, #2522 ) ;
#6529 = VERTEX_POINT ( 'NONE', #4341 ) ;
#6530 = DIRECTION ( 'NONE',  ( -0.09057533132655028185, 0.000000000000000000, -0.9958896070122861266 ) ) ;
#6531 = ORIENTED_EDGE ( 'NONE', *, *, #13474, .T. ) ;
#6532 = DIRECTION ( 'NONE',  ( -0.000000000000000000, -1.000000000000000000, -0.000000000000000000 ) ) ;
#6533 = ORIENTED_EDGE ( 'NONE', *, *, #1852, .F. ) ;
#6534 = LINE ( 'NONE', #2335, #13757 ) ;
#6535 = AXIS2_PLACEMENT_3D ( 'NONE', #6391, #4223, #10735 ) ;
#6536 = ORIENTED_EDGE ( 'NONE', *, *, #8887, .T. ) ;
#6537 = ORIENTED_EDGE ( 'NONE', *, *, #11947, .F. ) ;
#6538 = VECTOR ( 'NONE', #2865, 1000.000000000000000 ) ;
#6539 = DIRECTION ( 'NONE',  ( -0.000000000000000000, -1.000000000000000000, -0.000000000000000000 ) ) ;
#6540 = ORIENTED_EDGE ( 'NONE', *, *, #9783, .T. ) ;
#6541 = CARTESIAN_POINT ( 'NONE',  ( 30.42495823815725942, 3.000000000000000000, -12.09398326395759504 ) ) ;
#6542 = ORIENTED_EDGE ( 'NONE', *, *, #9490, .T. ) ;
#6543 = EDGE_CURVE ( 'NONE', #5052, #12257, #10584, .T. ) ;
#6544 = CARTESIAN_POINT ( 'NONE',  ( -76.50000000000001421, 0.000000000000000000, 46.99999999999999289 ) ) ;
#6545 = ADVANCED_FACE ( 'NONE', ( #4061 ), #4135, .T. ) ;
#6546 = VECTOR ( 'NONE', #8967, 1000.000000000000000 ) ;
#6547 = EDGE_CURVE ( 'NONE', #7225, #11095, #918, .T. ) ;
#6548 = CARTESIAN_POINT ( 'NONE',  ( 24.77086092880837143, 5.000000000000000000, 15.35652314401480112 ) ) ;
#6549 = CARTESIAN_POINT ( 'NONE',  ( -22.46218960580909041, 5.000000000000000000, 35.34629060307533166 ) ) ;
#6550 = PLANE ( 'NONE',  #11097 ) ;
#6551 = APPROVAL_PERSON_ORGANIZATION ( #2294, #10461, #11969 ) ;
#6552 = DIRECTION ( 'NONE',  ( 1.000000000000000000, -0.000000000000000000, 0.000000000000000000 ) ) ;
#6553 = ORIENTED_EDGE ( 'NONE', *, *, #13214, .F. ) ;
#6554 = EDGE_LOOP ( 'NONE', ( #13496, #1753, #9402, #11235 ) ) ;
#6555 = VERTEX_POINT ( 'NONE', #6236 ) ;
#6556 = VECTOR ( 'NONE', #10606, 999.9999999999998863 ) ;
#6557 = DIRECTION ( 'NONE',  ( -0.1895757809150719897, 0.000000000000000000, 0.9818660923417412700 ) ) ;
#6558 = DIRECTION ( 'NONE',  ( 0.3965497603255000447, 0.000000000000000000, -0.9180132284372531926 ) ) ;
#6559 = EDGE_CURVE ( 'NONE', #2469, #5945, #9604, .T. ) ;
#6560 = DIRECTION ( 'NONE',  ( 0.9238794569645282229, 0.000000000000000000, -0.3826836147510478958 ) ) ;
#6561 = PLANE ( 'NONE',  #5086 ) ;
#6562 = CARTESIAN_POINT ( 'NONE',  ( -20.90572213801597101, 5.000000000000000000, 8.630056186777412819 ) ) ;
#6563 = DIRECTION ( 'NONE',  ( 0.000000000000000000, 0.000000000000000000, 1.000000000000000000 ) ) ;
#6564 = VECTOR ( 'NONE', #11500, 1000.000000000000000 ) ;
#6565 = CARTESIAN_POINT ( 'NONE',  ( 24.87679010480837860, 5.000000000000000000, -6.771824775985201939 ) ) ;
#6566 = CARTESIAN_POINT ( 'NONE',  ( 25.13495672080835774, 3.000000000000000000, 12.84143546401480407 ) ) ;
#6567 = CARTESIAN_POINT ( 'NONE',  ( -28.13431037519163169, 5.000000000000000000, 13.27491999201479089 ) ) ;
#6568 = ORIENTED_EDGE ( 'NONE', *, *, #5178, .T. ) ;
#6569 = CARTESIAN_POINT ( 'NONE',  ( -30.42677213519162649, 3.000000000000000000, 20.23155835201480102 ) ) ;
#6570 = ORIENTED_EDGE ( 'NONE', *, *, #8354, .F. ) ;
#6571 = ORIENTED_EDGE ( 'NONE', *, *, #7376, .T. ) ;
#6572 = LINE ( 'NONE', #7493, #8637 ) ;
#6573 = EDGE_LOOP ( 'NONE', ( #6024, #10327, #13509, #10934 ) ) ;
#6574 = CARTESIAN_POINT ( 'NONE',  ( -30.09105301960536849, 5.000000000000000000, 2.805083063941296917 ) ) ;
#6575 = CARTESIAN_POINT ( 'NONE',  ( 33.84604724880837523, 5.000000000000000000, 24.22157018401479434 ) ) ;
#6576 = ORIENTED_EDGE ( 'NONE', *, *, #2180, .F. ) ;
#6577 = ADVANCED_FACE ( 'NONE', ( #10512 ), #9667, .T. ) ;
#6578 = VECTOR ( 'NONE', #11691, 1000.000000000000000 ) ;
#6579 = CARTESIAN_POINT ( 'NONE',  ( -27.67035092719162037, 5.000000000000000000, 28.77275437601479524 ) ) ;
#6580 = ORIENTED_EDGE ( 'NONE', *, *, #10749, .F. ) ;
#6581 = AXIS2_PLACEMENT_3D ( 'NONE', #4770, #4967, #13241 ) ;
#6582 = LINE ( 'NONE', #2237, #10426 ) ;
#6583 = DIRECTION ( 'NONE',  ( -0.6881667630895266230, 0.000000000000000000, -0.7255525523205630378 ) ) ;
#6584 = FACE_OUTER_BOUND ( 'NONE', #13791, .T. ) ;
#6585 = ORIENTED_EDGE ( 'NONE', *, *, #7952, .F. ) ;
#6586 = VECTOR ( 'NONE', #2639, 1000.000000000000000 ) ;
#6587 = LINE ( 'NONE', #8488, #7249 ) ;
#6588 = EDGE_LOOP ( 'NONE', ( #6537, #1067, #4517, #10263 ) ) ;
#6589 = VECTOR ( 'NONE', #6261, 1000.000000000000227 ) ;
#6590 = DIRECTION ( 'NONE',  ( -0.000000000000000000, -1.000000000000000000, -0.000000000000000000 ) ) ;
#6591 = DIRECTION ( 'NONE',  ( 0.9616126141846673692, 0.000000000000000000, -0.2744106051903427712 ) ) ;
#6592 = DIRECTION ( 'NONE',  ( -0.000000000000000000, -1.000000000000000000, -0.000000000000000000 ) ) ;
#6593 = VERTEX_POINT ( 'NONE', #5111 ) ;
#6594 = EDGE_CURVE ( 'NONE', #1975, #6704, #5383, .T. ) ;
#6595 = EDGE_LOOP ( 'NONE', ( #8296, #4409, #5077, #4288 ) ) ;
#6596 = EDGE_CURVE ( 'NONE', #7402, #1298, #8417, .T. ) ;
#6597 = VECTOR ( 'NONE', #7966, 1000.000000000000000 ) ;
#6598 = DIRECTION ( 'NONE',  ( -0.000000000000000000, -1.000000000000000000, -0.000000000000000000 ) ) ;
#6599 = AXIS2_PLACEMENT_3D ( 'NONE', #3056, #6275, #6215 ) ;
#6600 = DIRECTION ( 'NONE',  ( 0.000000000000000000, 0.000000000000000000, 1.000000000000000000 ) ) ;
#6601 = CARTESIAN_POINT ( 'NONE',  ( 37.23533180880836824, 5.000000000000000000, 20.23155835201480102 ) ) ;
#6602 = CARTESIAN_POINT ( 'NONE',  ( -41.01551499119162258, 5.000000000000000000, 31.26682000001479622 ) ) ;
#6603 = EDGE_LOOP ( 'NONE', ( #8946, #8170, #7783, #3345 ) ) ;
#6604 = PLANE ( 'NONE',  #1161 ) ;
#6605 = ORIENTED_EDGE ( 'NONE', *, *, #7309, .T. ) ;
#6606 = CARTESIAN_POINT ( 'NONE',  ( -7.698041367191631679, 5.000000000000000000, 22.17464920801479167 ) ) ;
#6607 = ORIENTED_EDGE ( 'NONE', *, *, #4570, .F. ) ;
#6608 = CARTESIAN_POINT ( 'NONE',  ( 23.09221198781117224, 5.000000000000000000, -9.532582167724559241 ) ) ;
#6609 = AXIS2_PLACEMENT_3D ( 'NONE', #4320, #12863, #7560 ) ;
#6610 = ORIENTED_EDGE ( 'NONE', *, *, #10372, .T. ) ;
#6611 = CARTESIAN_POINT ( 'NONE',  ( 12.12840801678785319, 5.000000000000000000, 21.57997281681006996 ) ) ;
#6612 = VECTOR ( 'NONE', #1314, 1000.000000000000000 ) ;
#6613 = ORIENTED_EDGE ( 'NONE', *, *, #4765, .F. ) ;
#6614 = EDGE_CURVE ( 'NONE', #8807, #11672, #4270, .T. ) ;
#6615 = DIRECTION ( 'NONE',  ( 0.6340792739854783644, 0.000000000000000000, -0.7732680481579777831 ) ) ;
#6616 = EDGE_CURVE ( 'NONE', #11288, #1461, #13642, .T. ) ;
#6617 = ORIENTED_EDGE ( 'NONE', *, *, #9606, .F. ) ;
#6618 = LINE ( 'NONE', #253, #5629 ) ;
#6619 = CARTESIAN_POINT ( 'NONE',  ( -28.53312187119163923, 5.000000000000000000, 0.000000000000000000 ) ) ;
#6620 = CARTESIAN_POINT ( 'NONE',  ( -25.43060331119162143, 5.000000000000000000, 32.14226249601478713 ) ) ;
#6621 = VECTOR ( 'NONE', #6590, 1000.000000000000000 ) ;
#6622 = PLANE ( 'NONE',  #6844 ) ;
#6623 = CIRCLE ( 'NONE', #835, 2.540000000227228494 ) ;
#6624 = EDGE_LOOP ( 'NONE', ( #11745, #6585, #2849, #3578 ) ) ;
#6625 = EDGE_CURVE ( 'NONE', #11146, #13242, #7, .T. ) ;
#6626 = LINE ( 'NONE', #3327, #7953 ) ;
#6627 = VERTEX_POINT ( 'NONE', #12680 ) ;
#6628 = VERTEX_POINT ( 'NONE', #10448 ) ;
#6629 = VERTEX_POINT ( 'NONE', #6443 ) ;
#6630 = EDGE_CURVE ( 'NONE', #8272, #3436, #3007, .T. ) ;
#6631 = CARTESIAN_POINT ( 'NONE',  ( 7.666216448808373940, 5.000000000000000000, -6.595957207985201798 ) ) ;
#6632 = EDGE_CURVE ( 'NONE', #12148, #4441, #11634, .T. ) ;
#6633 = CARTESIAN_POINT ( 'NONE',  ( -12.38424484719164198, 3.000000000000000000, -7.559139431985200552 ) ) ;
#6634 = VECTOR ( 'NONE', #10957, 1000.000000000000000 ) ;
#6635 = LINE ( 'NONE', #4532, #9120 ) ;
#6636 = VECTOR ( 'NONE', #11871, 1000.000000000000114 ) ;
#6637 = CARTESIAN_POINT ( 'NONE',  ( 8.978918928808372613, 5.000000000000000000, 16.98812770401479000 ) ) ;
#6638 = CARTESIAN_POINT ( 'NONE',  ( -2.407943358848358528, 3.000000000000000000, 16.41783068006168733 ) ) ;
#6639 = CARTESIAN_POINT ( 'NONE',  ( -7.267896431191635642, 3.000000000000000000, 23.30935458401479110 ) ) ;
#6640 = LINE ( 'NONE', #7962, #1825 ) ;
#6641 = LINE ( 'NONE', #2697, #11046 ) ;
#6642 = CALENDAR_DATE ( 2025, 8, 7 ) ;
#6643 = ADVANCED_FACE ( 'NONE', ( #3144 ), #2031, .T. ) ;
#6644 = DIRECTION ( 'NONE',  ( -0.9616069243909932673, 0.000000000000000000, -0.2744305430583380834 ) ) ;
#6645 = VERTEX_POINT ( 'NONE', #7431 ) ;
#6646 = CARTESIAN_POINT ( 'NONE',  ( -7.130120740826861869, 5.000000000000000000, 24.39277998138588188 ) ) ;
#6647 = AXIS2_PLACEMENT_3D ( 'NONE', #5803, #6931, #5867 ) ;
#6648 = ORIENTED_EDGE ( 'NONE', *, *, #10529, .T. ) ;
#6649 = FACE_OUTER_BOUND ( 'NONE', #6049, .T. ) ;
#6650 = ORIENTED_EDGE ( 'NONE', *, *, #10801, .F. ) ;
#6651 = DIRECTION ( 'NONE',  ( 0.9936137372156853553, 0.000000000000000000, 0.1128350176863508747 ) ) ;
#6652 = EDGE_CURVE ( 'NONE', #7251, #8896, #2102, .T. ) ;
#6653 = FACE_OUTER_BOUND ( 'NONE', #9923, .T. ) ;
#6654 = VERTEX_POINT ( 'NONE', #1061 ) ;
#6655 = DIRECTION ( 'NONE',  ( -0.5160694257880895641, 0.000000000000000000, -0.8565467574900692549 ) ) ;
#6656 = ORIENTED_EDGE ( 'NONE', *, *, #9119, .T. ) ;
#6657 = AXIS2_PLACEMENT_3D ( 'NONE', #13808, #10464, #6456 ) ;
#6658 = DIRECTION ( 'NONE',  ( -0.5544331390885391952, 0.000000000000000000, -0.8322282705366530475 ) ) ;
#6659 = DIRECTION ( 'NONE',  ( 0.000000000000000000, 1.000000000000000000, -0.000000000000000000 ) ) ;
#6660 = CARTESIAN_POINT ( 'NONE',  ( -4.012692836706363231, 5.000000000000000000, 35.75300741965818929 ) ) ;
#6661 = EDGE_CURVE ( 'NONE', #11148, #10922, #5741, .T. ) ;
#6662 = EDGE_CURVE ( 'NONE', #11608, #2962, #7854, .T. ) ;
#6663 = DIRECTION ( 'NONE',  ( -0.000000000000000000, -1.000000000000000000, -0.000000000000000000 ) ) ;
#6664 = VERTEX_POINT ( 'NONE', #1403 ) ;
#6665 = LINE ( 'NONE', #4559, #1873 ) ;
#6666 = ORIENTED_EDGE ( 'NONE', *, *, #12466, .F. ) ;
#6667 = DIRECTION ( 'NONE',  ( 0.9869663911105649445, 0.000000000000000000, -0.1609265137203549356 ) ) ;
#6668 = ORIENTED_EDGE ( 'NONE', *, *, #11436, .F. ) ;
#6669 = VECTOR ( 'NONE', #8530, 1000.000000000000000 ) ;
#6670 = DIRECTION ( 'NONE',  ( 0.000000000000000000, 0.000000000000000000, 1.000000000000000000 ) ) ;
#6671 = DIRECTION ( 'NONE',  ( -1.000000000000000000, 0.000000000000000000, -0.000000000000000000 ) ) ;
#6672 = ORIENTED_EDGE ( 'NONE', *, *, #11910, .F. ) ;
#6673 = ORIENTED_EDGE ( 'NONE', *, *, #10534, .F. ) ;
#6674 = CARTESIAN_POINT ( 'NONE',  ( 0.8936756472653736294, 5.000000000000000000, 31.42579808278320996 ) ) ;
#6675 = CARTESIAN_POINT ( 'NONE',  ( 14.12477198480838325, 5.000000000000000000, 30.41470283201479319 ) ) ;
#6676 = LINE ( 'NONE', #3371, #12460 ) ;
#6677 = LINE ( 'NONE', #10877, #4303 ) ;
#6678 = ADVANCED_FACE ( 'NONE', ( #11987 ), #9877, .T. ) ;
#6679 = DIRECTION ( 'NONE',  ( -0.5584504237620626643, 0.000000000000000000, -0.8295378979889783677 ) ) ;
#6680 = ORIENTED_EDGE ( 'NONE', *, *, #1845, .T. ) ;
#6681 = DIRECTION ( 'NONE',  ( 0.9852953065597072069, 0.000000000000000000, 0.1708600563953215912 ) ) ;
#6682 = ORIENTED_EDGE ( 'NONE', *, *, #395, .T. ) ;
#6683 = FACE_OUTER_BOUND ( 'NONE', #384, .T. ) ;
#6684 = VERTEX_POINT ( 'NONE', #8834 ) ;
#6685 = CARTESIAN_POINT ( 'NONE',  ( -16.16186547300566900, 5.000000000000000000, 43.72784434172503865 ) ) ;
#6686 = EDGE_LOOP ( 'NONE', ( #11758, #10871, #509, #9851, #552, #318, #3619, #3039, #643, #2181, #4212 ) ) ;
#6687 = CARTESIAN_POINT ( 'NONE',  ( -49.69399090319161161, 5.000000000000000000, 29.09524192001479648 ) ) ;
#6688 = ORIENTED_EDGE ( 'NONE', *, *, #3987, .F. ) ;
#6689 = LINE ( 'NONE', #10961, #8543 ) ;
#6690 = VECTOR ( 'NONE', #1657, 1000.000000000000000 ) ;
#6691 = CARTESIAN_POINT ( 'NONE',  ( 24.77086092880836787, 3.000000000000000000, 32.03596146401479672 ) ) ;
#6692 = CARTESIAN_POINT ( 'NONE',  ( -0.9620971593450666770, 5.000000000000000000, -1.246315727342231838 ) ) ;
#6693 = DIRECTION ( 'NONE',  ( 0.000000000000000000, -0.000000000000000000, 1.000000000000000000 ) ) ;
#6694 = EDGE_CURVE ( 'NONE', #2535, #2897, #6582, .T. ) ;
#6695 = EDGE_CURVE ( 'NONE', #260, #13727, #13024, .T. ) ;
#6696 = CARTESIAN_POINT ( 'NONE',  ( 1.711072476898105599, 5.000000000000000000, 0.1466768536696527181 ) ) ;
#6697 = ORIENTED_EDGE ( 'NONE', *, *, #13195, .T. ) ;
#6698 = ORIENTED_EDGE ( 'NONE', *, *, #10020, .F. ) ;
#6699 = ORIENTED_EDGE ( 'NONE', *, *, #65, .T. ) ;
#6700 = CARTESIAN_POINT ( 'NONE',  ( 2.886043527338129078, 3.000000000000000000, -1.960291832642146570 ) ) ;
#6701 = CARTESIAN_POINT ( 'NONE',  ( -13.81902277519163746, 5.000000000000000000, 25.86800732801479441 ) ) ;
#6702 = CARTESIAN_POINT ( 'NONE',  ( -13.49517887119161941, 5.000000000000000000, 30.53538026401479755 ) ) ;
#6703 = LINE ( 'NONE', #10069, #2183 ) ;
#6704 = VERTEX_POINT ( 'NONE', #4630 ) ;
#6705 = LINE ( 'NONE', #5923, #2274 ) ;
#6706 = LINE ( 'NONE', #10978, #1243 ) ;
#6707 = EDGE_CURVE ( 'NONE', #11305, #2254, #6623, .T. ) ;
#6708 = CARTESIAN_POINT ( 'NONE',  ( -6.218455807191613616, 3.000000000000000000, 12.78923948001479616 ) ) ;
#6709 = ORIENTED_EDGE ( 'NONE', *, *, #4988, .F. ) ;
#6710 = CARTESIAN_POINT ( 'NONE',  ( 47.59848100880838473, 5.000000000000000000, 20.36752150401479611 ) ) ;
#6711 = ORIENTED_EDGE ( 'NONE', *, *, #9663, .F. ) ;
#6712 = ORIENTED_EDGE ( 'NONE', *, *, #11261, .T. ) ;
#6713 = CARTESIAN_POINT ( 'NONE',  ( -17.56429646319163496, 5.000000000000000000, 19.92748276001479724 ) ) ;
#6714 = EDGE_LOOP ( 'NONE', ( #416, #6902, #6897, #7428 ) ) ;
#6715 = LINE ( 'NONE', #9733, #7736 ) ;
#6716 = DIRECTION ( 'NONE',  ( 0.9820357469730587319, -0.000000000000000000, 0.1886949699039869033 ) ) ;
#6717 = VERTEX_POINT ( 'NONE', #12118 ) ;
#6718 = CARTESIAN_POINT ( 'NONE',  ( -17.67307348719162974, 5.000000000000000000, 21.14624283201479216 ) ) ;
#6719 = ORIENTED_EDGE ( 'NONE', *, *, #3479, .T. ) ;
#6720 = EDGE_CURVE ( 'NONE', #1622, #48, #3635, .T. ) ;
#6721 = CARTESIAN_POINT ( 'NONE',  ( 0.8253146539617295385, 3.000000000000000000, 1.985748629195887460 ) ) ;
#6722 = EDGE_CURVE ( 'NONE', #13573, #9132, #10024, .T. ) ;
#6723 = FACE_OUTER_BOUND ( 'NONE', #5552, .T. ) ;
#6724 = ADVANCED_FACE ( 'NONE', ( #1269 ), #12956, .T. ) ;
#6725 = DIRECTION ( 'NONE',  ( -0.000000000000000000, -1.000000000000000000, -0.000000000000000000 ) ) ;
#6726 = LINE ( 'NONE', #3097, #11986 ) ;
#6727 = ORIENTED_EDGE ( 'NONE', *, *, #7256, .F. ) ;
#6728 = CARTESIAN_POINT ( 'NONE',  ( 17.33050395280837819, 5.000000000000000000, 31.04807215201479309 ) ) ;
#6729 = VERTEX_POINT ( 'NONE', #9949 ) ;
#6730 = PLANE ( 'NONE',  #9045 ) ;
#6731 = ORIENTED_EDGE ( 'NONE', *, *, #6372, .F. ) ;
#6732 = ORIENTED_EDGE ( 'NONE', *, *, #3888, .F. ) ;
#6733 = CARTESIAN_POINT ( 'NONE',  ( -3.992627812063448189, 3.000000000000000000, -4.171188386796757186 ) ) ;
#6734 = DIRECTION ( 'NONE',  ( 0.000000000000000000, 0.000000000000000000, 1.000000000000000000 ) ) ;
#6735 = CARTESIAN_POINT ( 'NONE',  ( -7.176422903191622460, 5.000000000000000000, 24.74071773601479407 ) ) ;
#6736 = ORIENTED_EDGE ( 'NONE', *, *, #12151, .T. ) ;
#6737 = ORIENTED_EDGE ( 'NONE', *, *, #8185, .T. ) ;
#6738 = EDGE_CURVE ( 'NONE', #4142, #11883, #7790, .T. ) ;
#6739 = DIRECTION ( 'NONE',  ( 0.000000000000000000, 0.000000000000000000, -1.000000000000000000 ) ) ;
#6740 = CARTESIAN_POINT ( 'NONE',  ( -21.56172611119163207, 5.000000000000000000, 32.03596146401479672 ) ) ;
#6741 = VECTOR ( 'NONE', #3412, 999.9999999999998863 ) ;
#6742 = DIRECTION ( 'NONE',  ( 0.000000000000000000, 0.000000000000000000, -1.000000000000000000 ) ) ;
#6743 = DIRECTION ( 'NONE',  ( 0.000000000000000000, 0.000000000000000000, 1.000000000000000000 ) ) ;
#6744 = DIRECTION ( 'NONE',  ( 0.000000000000000000, -0.000000000000000000, 1.000000000000000000 ) ) ;
#6745 = ORIENTED_EDGE ( 'NONE', *, *, #6467, .T. ) ;
#6746 = FACE_OUTER_BOUND ( 'NONE', #4003, .T. ) ;
#6747 = ORIENTED_EDGE ( 'NONE', *, *, #7076, .F. ) ;
#6748 = LINE ( 'NONE', #11025, #6155 ) ;
#6749 = ORIENTED_EDGE ( 'NONE', *, *, #31, .T. ) ;
#6750 = LINE ( 'NONE', #9840, #2159 ) ;
#6751 = ORIENTED_EDGE ( 'NONE', *, *, #8273, .T. ) ;
#6752 = VECTOR ( 'NONE', #13772, 1000.000000000000000 ) ;
#6753 = CARTESIAN_POINT ( 'NONE',  ( -43.64939135919164670, 3.000000000000000000, 32.23931081601480741 ) ) ;
#6754 = VECTOR ( 'NONE', #9409, 1000.000000000000000 ) ;
#6755 = VERTEX_POINT ( 'NONE', #5533 ) ;
#6756 = ADVANCED_FACE ( 'NONE', ( #11845, #9815 ), #5456, .T. ) ;
#6757 = ADVANCED_FACE ( 'NONE', ( #6723 ), #10997, .T. ) ;
#6758 = DIRECTION ( 'NONE',  ( 0.000000000000000000, 0.000000000000000000, -1.000000000000000000 ) ) ;
#6759 = LINE ( 'NONE', #11037, #3307 ) ;
#6760 = CARTESIAN_POINT ( 'NONE',  ( 2.089596377569113539, 5.000000000000000000, 31.41098561095684261 ) ) ;
#6761 = LINE ( 'NONE', #12157, #3249 ) ;
#6762 = VECTOR ( 'NONE', #6129, 1000.000000000000000 ) ;
#6763 = VECTOR ( 'NONE', #7580, 1000.000000000000000 ) ;
#6764 = CARTESIAN_POINT ( 'NONE',  ( -3.121441861021246655, 5.000000000000000000, -0.5997748858307169195 ) ) ;
#6765 = EDGE_LOOP ( 'NONE', ( #12159, #2873, #10960, #7389, #7760, #10184, #8304, #8538, #12817, #5489, #3490, #1419, #8116, #1020, #13481, #6137, #9547, #2982, #2161, #5953, #5282, #5187, #2268, #6697, #1458, #10774, #8141, #9298, #7187, #305, #2468, #5247, #11374, #3842, #8156, #1428, #8868, #4834, #542 ) ) ;
#6766 = VERTEX_POINT ( 'NONE', #6791 ) ;
#6767 = ORIENTED_EDGE ( 'NONE', *, *, #8869, .T. ) ;
#6768 = LINE ( 'NONE', #5139, #12439 ) ;
#6769 = EDGE_CURVE ( 'NONE', #6766, #12676, #153, .T. ) ;
#6770 = VECTOR ( 'NONE', #5688, 1000.000000000000114 ) ;
#6771 = PRODUCT_RELATED_PRODUCT_CATEGORY ( 'detail', '', ( #3631 ) ) ;
#6772 = EDGE_CURVE ( 'NONE', #8475, #9593, #9741, .T. ) ;
#6773 = DIRECTION ( 'NONE',  ( 0.000000000000000000, 0.000000000000000000, 1.000000000000000000 ) ) ;
#6774 = DIRECTION ( 'NONE',  ( -0.000000000000000000, -1.000000000000000000, -0.000000000000000000 ) ) ;
#6775 = DIRECTION ( 'NONE',  ( -0.000000000000000000, -1.000000000000000000, -0.000000000000000000 ) ) ;
#6776 = PLANE ( 'NONE',  #2037 ) ;
#6777 = ORIENTED_EDGE ( 'NONE', *, *, #4466, .F. ) ;
#6778 = CIRCLE ( 'NONE', #13688, 2.540000000227228494 ) ;
#6779 = DIRECTION ( 'NONE',  ( -0.9959738687365716769, 0.000000000000000000, -0.08964403378868063266 ) ) ;
#6780 = ORIENTED_EDGE ( 'NONE', *, *, #3756, .F. ) ;
#6781 = VERTEX_POINT ( 'NONE', #7639 ) ;
#6782 = DIRECTION ( 'NONE',  ( -0.7234087041818630937, 0.000000000000000000, 0.6904200509211169123 ) ) ;
#6783 = ORIENTED_EDGE ( 'NONE', *, *, #13487, .F. ) ;
#6784 = CARTESIAN_POINT ( 'NONE',  ( -2.084662443747562044, 5.000000000000000000, 12.70256143472906629 ) ) ;
#6785 = PLANE ( 'NONE',  #997 ) ;
#6786 = EDGE_LOOP ( 'NONE', ( #6709, #10, #9259, #10346 ) ) ;
#6787 = EDGE_CURVE ( 'NONE', #7970, #10581, #11912, .T. ) ;
#6788 = DIRECTION ( 'NONE',  ( -0.000000000000000000, -1.000000000000000000, -0.000000000000000000 ) ) ;
#6789 = VECTOR ( 'NONE', #3237, 1000.000000000000000 ) ;
#6790 = LINE ( 'NONE', #6721, #8167 ) ;
#6791 = CARTESIAN_POINT ( 'NONE',  ( -12.78320569519163463, 5.000000000000000000, -6.595962287985205563 ) ) ;
#6792 = FACE_OUTER_BOUND ( 'NONE', #1584, .T. ) ;
#6793 = PLANE ( 'NONE',  #10135 ) ;
#6794 = DIRECTION ( 'NONE',  ( 0.8032012996812619710, -0.000000000000000000, 0.5957077070093449445 ) ) ;
#6795 = ORIENTED_EDGE ( 'NONE', *, *, #7178, .F. ) ;
#6796 = CARTESIAN_POINT ( 'NONE',  ( -13.74609012345874071, 3.000000000000000000, -9.603181923691836985 ) ) ;
#6797 = ORIENTED_EDGE ( 'NONE', *, *, #13177, .F. ) ;
#6798 = ADVANCED_FACE ( 'NONE', ( #10930 ), #1335, .T. ) ;
#6799 = VERTEX_POINT ( 'NONE', #10355 ) ;
#6800 = LINE ( 'NONE', #1486, #8875 ) ;
#6801 = VECTOR ( 'NONE', #5186, 1000.000000000000000 ) ;
#6802 = DIRECTION ( 'NONE',  ( -0.000000000000000000, -1.000000000000000000, -0.000000000000000000 ) ) ;
#6803 = FACE_OUTER_BOUND ( 'NONE', #8684, .T. ) ;
#6804 = VECTOR ( 'NONE', #8205, 1000.000000000000000 ) ;
#6805 = EDGE_LOOP ( 'NONE', ( #1143, #12650, #2414, #6039, #6398, #11170, #9987, #2234, #1813, #7471, #3956, #11150, #4346, #2627, #3399, #4203 ) ) ;
#6806 = EDGE_CURVE ( 'NONE', #1298, #6333, #12001, .T. ) ;
#6807 = VECTOR ( 'NONE', #13812, 1000.000000000000000 ) ;
#6808 = EDGE_CURVE ( 'NONE', #13324, #1000, #13369, .T. ) ;
#6809 = ORIENTED_EDGE ( 'NONE', *, *, #2070, .T. ) ;
#6810 = DIRECTION ( 'NONE',  ( 0.9296792728511473758, -0.000000000000000000, 0.3683699901335094617 ) ) ;
#6811 = DIRECTION ( 'NONE',  ( 0.9990728301167681735, 0.000000000000000000, -0.04305206292933407008 ) ) ;
#6812 = VECTOR ( 'NONE', #9091, 1000.000000000000000 ) ;
#6813 = CARTESIAN_POINT ( 'NONE',  ( -84.00000000000001421, 3.000000000000000000, 50.99999999999999289 ) ) ;
#6814 = DIRECTION ( 'NONE',  ( -0.000000000000000000, -1.000000000000000000, -0.000000000000000000 ) ) ;
#6815 = VECTOR ( 'NONE', #6054, 1000.000000000000114 ) ;
#6816 = FACE_OUTER_BOUND ( 'NONE', #652, .T. ) ;
#6817 = ORIENTED_EDGE ( 'NONE', *, *, #9021, .T. ) ;
#6818 = PLANE ( 'NONE',  #13711 ) ;
#6819 = ADVANCED_FACE ( 'NONE', ( #4826 ), #7994, .T. ) ;
#6820 = ORIENTED_EDGE ( 'NONE', *, *, #13416, .F. ) ;
#6821 = LINE ( 'NONE', #4658, #4372 ) ;
#6822 = ORIENTED_EDGE ( 'NONE', *, *, #10714, .F. ) ;
#6823 = LINE ( 'NONE', #8864, #6634 ) ;
#6824 = ORIENTED_EDGE ( 'NONE', *, *, #13729, .T. ) ;
#6825 = ORIENTED_EDGE ( 'NONE', *, *, #4626, .T. ) ;
#6826 = VECTOR ( 'NONE', #10264, 999.9999999999998863 ) ;
#6827 = DIRECTION ( 'NONE',  ( 0.9999491858000290057, 0.000000000000000000, -0.01008096314144697053 ) ) ;
#6828 = EDGE_CURVE ( 'NONE', #1956, #8420, #7138, .T. ) ;
#6829 = VERTEX_POINT ( 'NONE', #13427 ) ;
#6830 = VECTOR ( 'NONE', #2913, 1000.000000000000114 ) ;
#6831 = LINE ( 'NONE', #7753, #12362 ) ;
#6832 = DIRECTION ( 'NONE',  ( 0.000000000000000000, 0.000000000000000000, 1.000000000000000000 ) ) ;
#6833 = CARTESIAN_POINT ( 'NONE',  ( 1.505476653631192541, 5.000000000000000000, 18.34353413503012220 ) ) ;
#6834 = CARTESIAN_POINT ( 'NONE',  ( 22.84188873491316230, 5.000000000000000000, 36.05258966307431479 ) ) ;
#6835 = VECTOR ( 'NONE', #10352, 1000.000000000000000 ) ;
#6836 = EDGE_CURVE ( 'NONE', #4142, #7851, #5870, .T. ) ;
#6837 = VECTOR ( 'NONE', #7244, 999.9999999999998863 ) ;
#6838 = ADVANCED_FACE ( 'NONE', ( #7068 ), #9105, .T. ) ;
#6839 = CARTESIAN_POINT ( 'NONE',  ( 42.41690132880839315, 3.000000000000000000, 19.92748276001479368 ) ) ;
#6840 = VERTEX_POINT ( 'NONE', #13492 ) ;
#6841 = ORIENTED_EDGE ( 'NONE', *, *, #12788, .F. ) ;
#6842 = VERTEX_POINT ( 'NONE', #13567 ) ;
#6843 = DIRECTION ( 'NONE',  ( -0.7848623030600215822, 0.000000000000000000, 0.6196702068320848467 ) ) ;
#6844 = AXIS2_PLACEMENT_3D ( 'NONE', #1370, #8876, #7890 ) ;
#6845 = AXIS2_PLACEMENT_3D ( 'NONE', #4200, #9526, #10438 ) ;
#6846 = VECTOR ( 'NONE', #902, 1000.000000000000000 ) ;
#6847 = CARTESIAN_POINT ( 'NONE',  ( 0.000000000000000000, 5.000000000000000000, 13.67547900801479521 ) ) ;
#6848 = DIRECTION ( 'NONE',  ( -0.000000000000000000, -1.000000000000000000, -0.000000000000000000 ) ) ;
#6849 = CARTESIAN_POINT ( 'NONE',  ( 12.74034219102754584, 5.000000000000000000, 10.44707193845270687 ) ) ;
#6850 = ORIENTED_EDGE ( 'NONE', *, *, #7213, .T. ) ;
#6851 = EDGE_CURVE ( 'NONE', #4353, #6628, #2791, .T. ) ;
#6852 = DIRECTION ( 'NONE',  ( -0.9586209608320951370, 0.000000000000000000, 0.2846855343240165537 ) ) ;
#6853 = EDGE_LOOP ( 'NONE', ( #7473, #9265, #11034, #9876 ) ) ;
#6854 = VECTOR ( 'NONE', #6960, 1000.000000000000000 ) ;
#6855 = FACE_OUTER_BOUND ( 'NONE', #3051, .T. ) ;
#6856 = ORIENTED_EDGE ( 'NONE', *, *, #9188, .F. ) ;
#6857 = VECTOR ( 'NONE', #2099, 1000.000000000000000 ) ;
#6858 = CARTESIAN_POINT ( 'NONE',  ( 76.49999999999998579, 0.000000000000000000, -6.700000000000003730 ) ) ;
#6859 = LINE ( 'NONE', #9028, #10293 ) ;
#6860 = ORIENTED_EDGE ( 'NONE', *, *, #1863, .T. ) ;
#6861 = DIRECTION ( 'NONE',  ( -0.3101841417870022100, 0.000000000000000000, -0.9506764950201835873 ) ) ;
#6862 = AXIS2_PLACEMENT_3D ( 'NONE', #12487, #4216, #6453 ) ;
#6863 = CARTESIAN_POINT ( 'NONE',  ( -51.40735237026694193, 5.000000000000000000, 2.207400129196634087 ) ) ;
#6864 = AXIS2_PLACEMENT_3D ( 'NONE', #10425, #12790, #4188 ) ;
#6865 = DIRECTION ( 'NONE',  ( -0.8295378979889814763, 0.000000000000000000, 0.5584504237620581124 ) ) ;
#6866 = VECTOR ( 'NONE', #1077, 1000.000000000000000 ) ;
#6867 = DIRECTION ( 'NONE',  ( 0.09335269653344582808, -0.000000000000000000, 0.9956331021264481773 ) ) ;
#6868 = CARTESIAN_POINT ( 'NONE',  ( -0.8816894322631911862, 5.000000000000000000, -0.6514566630515006285 ) ) ;
#6869 = DIRECTION ( 'NONE',  ( 0.1371696596284507907, 0.000000000000000000, -0.9905475680033821728 ) ) ;
#6870 = EDGE_LOOP ( 'NONE', ( #4922, #2124, #5014, #10344 ) ) ;
#6871 = EDGE_CURVE ( 'NONE', #916, #6272, #692, .T. ) ;
#6872 = PLANE ( 'NONE',  #3437 ) ;
#6873 = EDGE_CURVE ( 'NONE', #165, #6269, #12185, .T. ) ;
#6874 = ORIENTED_EDGE ( 'NONE', *, *, #7590, .F. ) ;
#6875 = VERTEX_POINT ( 'NONE', #10284 ) ;
#6876 = DIRECTION ( 'NONE',  ( -0.9874952958460295749, 0.000000000000000000, 0.1576484718668804130 ) ) ;
#6877 = DIRECTION ( 'NONE',  ( 0.9238814843844340707, 0.000000000000000000, 0.3826787200924746668 ) ) ;
#6878 = LINE ( 'NONE', #11217, #1211 ) ;
#6879 = ORIENTED_EDGE ( 'NONE', *, *, #7684, .T. ) ;
#6880 = VECTOR ( 'NONE', #10388, 999.9999999999998863 ) ;
#6881 = AXIS2_PLACEMENT_3D ( 'NONE', #13625, #4042, #7414 ) ;
#6882 = ORIENTED_EDGE ( 'NONE', *, *, #7936, .T. ) ;
#6883 = DIRECTION ( 'NONE',  ( 0.04289985469393602091, 0.000000000000000000, 0.9990793774606895328 ) ) ;
#6884 = CARTESIAN_POINT ( 'NONE',  ( -5.597821945068156779, 5.000000000000000000, 22.19958573645001820 ) ) ;
#6885 = CARTESIAN_POINT ( 'NONE',  ( 4.502204598913178479, 5.000000000000000000, -23.43107428125284386 ) ) ;
#6886 = CARTESIAN_POINT ( 'NONE',  ( 81.99999999999998579, 3.000000000000000000, -53.00000000000000711 ) ) ;
#6887 = FACE_OUTER_BOUND ( 'NONE', #7806, .T. ) ;
#6888 = ORIENTED_EDGE ( 'NONE', *, *, #813, .F. ) ;
#6889 = EDGE_CURVE ( 'NONE', #1002, #3366, #12459, .T. ) ;
#6890 = AXIS2_PLACEMENT_3D ( 'NONE', #5579, #13080, #11123 ) ;
#6891 = CARTESIAN_POINT ( 'NONE',  ( 12.12840801678785319, 5.000000000000000000, 21.57997281681006996 ) ) ;
#6892 = EDGE_CURVE ( 'NONE', #5332, #8226, #11141, .T. ) ;
#6893 = PRODUCT_DEFINITION_SHAPE ( 'NONE', 'NONE',  #1483 ) ;
#6894 = VERTEX_POINT ( 'NONE', #760 ) ;
#6895 = ORIENTED_EDGE ( 'NONE', *, *, #1789, .T. ) ;
#6896 = CARTESIAN_POINT ( 'NONE',  ( -12.99334091119162160, 5.000000000000000000, 21.66291845601479338 ) ) ;
#6897 = ORIENTED_EDGE ( 'NONE', *, *, #8970, .T. ) ;
#6898 = DIRECTION ( 'NONE',  ( 0.000000000000000000, -0.000000000000000000, 1.000000000000000000 ) ) ;
#6899 = ORIENTED_EDGE ( 'NONE', *, *, #13119, .F. ) ;
#6900 = VERTEX_POINT ( 'NONE', #12261 ) ;
#6901 = PLANE ( 'NONE',  #7531 ) ;
#6902 = ORIENTED_EDGE ( 'NONE', *, *, #13393, .F. ) ;
#6903 = AXIS2_PLACEMENT_3D ( 'NONE', #2693, #7169, #6111 ) ;
#6904 = EDGE_CURVE ( 'NONE', #1550, #5000, #5025, .T. ) ;
#6905 = CARTESIAN_POINT ( 'NONE',  ( -12.76825271724433364, 5.000000000000000000, -25.82667583754604834 ) ) ;
#6906 = CARTESIAN_POINT ( 'NONE',  ( 45.67764156880837589, 5.000000000000000000, 0.000000000000000000 ) ) ;
#6907 = FACE_OUTER_BOUND ( 'NONE', #6311, .T. ) ;
#6908 = CARTESIAN_POINT ( 'NONE',  ( -2.640075359191627058, 5.000000000000000000, 15.35652416001479637 ) ) ;
#6909 = DIRECTION ( 'NONE',  ( 0.000000000000000000, 0.000000000000000000, 1.000000000000000000 ) ) ;
#6910 = EDGE_CURVE ( 'NONE', #182, #12803, #9087, .T. ) ;
#6911 = LINE ( 'NONE', #5912, #11491 ) ;
#6912 = EDGE_CURVE ( 'NONE', #9221, #6180, #10153, .T. ) ;
#6913 = FACE_OUTER_BOUND ( 'NONE', #12504, .T. ) ;
#6914 = VERTEX_POINT ( 'NONE', #2591 ) ;
#6915 = ORIENTED_EDGE ( 'NONE', *, *, #6787, .F. ) ;
#6916 = ORIENTED_EDGE ( 'NONE', *, *, #7434, .T. ) ;
#6917 = CYLINDRICAL_SURFACE ( 'NONE', #9096, 0.8889999996698205731 ) ;
#6918 = VECTOR ( 'NONE', #11959, 1000.000000000000114 ) ;
#6919 = EDGE_CURVE ( 'NONE', #72, #13273, #1546, .T. ) ;
#6920 = CARTESIAN_POINT ( 'NONE',  ( 24.77086092880837143, 5.000000000000000000, 0.000000000000000000 ) ) ;
#6921 = LINE ( 'NONE', #9929, #13017 ) ;
#6922 = PLANE ( 'NONE',  #3240 ) ;
#6923 = DESIGN_CONTEXT ( 'detailed design', #13297, 'design' ) ;
#6924 = VECTOR ( 'NONE', #122, 1000.000000000000000 ) ;
#6925 = CARTESIAN_POINT ( 'NONE',  ( -11.35987503919162656, 5.000000000000000000, 26.14982845601479511 ) ) ;
#6926 = EDGE_LOOP ( 'NONE', ( #355, #10381, #2231, #8668 ) ) ;
#6927 = CARTESIAN_POINT ( 'NONE',  ( 26.06379204880835587, 3.000000000000000000, -6.595957207985198245 ) ) ;
#6928 = ORIENTED_EDGE ( 'NONE', *, *, #8339, .F. ) ;
#6929 = CARTESIAN_POINT ( 'NONE',  ( 81.99999999999998579, 3.000000000000000000, -51.00000000000000711 ) ) ;
#6930 = CARTESIAN_POINT ( 'NONE',  ( 12.71183500880836803, 3.000000000000000000, 28.29563366401480096 ) ) ;
#6931 = DIRECTION ( 'NONE',  ( -0.9953820119492323704, 0.000000000000000000, 0.09599296999206904935 ) ) ;
#6932 = EDGE_CURVE ( 'NONE', #9475, #7006, #3708, .T. ) ;
#6933 = EDGE_CURVE ( 'NONE', #3106, #12719, #11274, .T. ) ;
#6934 = CARTESIAN_POINT ( 'NONE',  ( 8.277839293488513661, 5.000000000000000000, 11.85764157189285761 ) ) ;
#6935 = CARTESIAN_POINT ( 'NONE',  ( -76.50000000000001421, 0.000000000000000000, 46.99999999999999289 ) ) ;
#6936 = LINE ( 'NONE', #4759, #7679 ) ;
#6937 = CARTESIAN_POINT ( 'NONE',  ( 9.299820242509255763, 5.000000000000000000, -0.6657047209078869043 ) ) ;
#6938 = DIRECTION ( 'NONE',  ( 0.7971419792268318316, 0.000000000000000000, 0.6037919053401836766 ) ) ;
#6939 = ORIENTED_EDGE ( 'NONE', *, *, #3782, .F. ) ;
#6940 = DIRECTION ( 'NONE',  ( -0.9994831531685810511, 0.000000000000000000, 0.03214695214465836809 ) ) ;
#6941 = ORIENTED_EDGE ( 'NONE', *, *, #11261, .F. ) ;
#6942 = ORIENTED_EDGE ( 'NONE', *, *, #8155, .T. ) ;
#6943 = DIRECTION ( 'NONE',  ( -0.000000000000000000, -1.000000000000000000, -0.000000000000000000 ) ) ;
#6944 = LINE ( 'NONE', #12400, #3894 ) ;
#6945 = DIRECTION ( 'NONE',  ( -0.4528806816413769032, 0.000000000000000000, -0.8915711346808182780 ) ) ;
#6946 = ORIENTED_EDGE ( 'NONE', *, *, #6108, .F. ) ;
#6947 = VERTEX_POINT ( 'NONE', #1877 ) ;
#6948 = ADVANCED_FACE ( 'NONE', ( #1110 ), #5368, .T. ) ;
#6949 = LINE ( 'NONE', #10562, #8221 ) ;
#6950 = EDGE_CURVE ( 'NONE', #7455, #2535, #11619, .T. ) ;
#6951 = CARTESIAN_POINT ( 'NONE',  ( 20.56084039280837672, 3.000000000000000000, 26.11769034401479317 ) ) ;
#6952 = CARTESIAN_POINT ( 'NONE',  ( -14.12232112719164334, 3.000000000000000000, 29.82461917601479584 ) ) ;
#6953 = CARTESIAN_POINT ( 'NONE',  ( 3.826975366187873817, 5.000000000000000000, 25.10958960394145834 ) ) ;
#6954 = CARTESIAN_POINT ( 'NONE',  ( -26.97815520719163018, 5.000000000000000000, 12.62482528001480198 ) ) ;
#6955 = EDGE_LOOP ( 'NONE', ( #4244, #12226, #5772, #1706 ) ) ;
#6956 = FACE_OUTER_BOUND ( 'NONE', #11535, .T. ) ;
#6957 = VERTEX_POINT ( 'NONE', #9649 ) ;
#6958 = LINE ( 'NONE', #7024, #1696 ) ;
#6959 = VERTEX_POINT ( 'NONE', #11548 ) ;
#6960 = DIRECTION ( 'NONE',  ( -0.000000000000000000, -1.000000000000000000, -0.000000000000000000 ) ) ;
#6961 = EDGE_LOOP ( 'NONE', ( #696, #13651, #2899, #3117 ) ) ;
#6962 = ORIENTED_EDGE ( 'NONE', *, *, #4508, .T. ) ;
#6963 = ORIENTED_EDGE ( 'NONE', *, *, #12368, .T. ) ;
#6964 = ADVANCED_FACE ( 'NONE', ( #2086 ), #6427, .T. ) ;
#6965 = VECTOR ( 'NONE', #9519, 1000.000000000000114 ) ;
#6966 = DIRECTION ( 'NONE',  ( 0.9807865883708349886, 0.000000000000000000, 0.1950837463037299602 ) ) ;
#6967 = CARTESIAN_POINT ( 'NONE',  ( 23.72266842138339982, 5.000000000000000000, 3.285082370550677311 ) ) ;
#6968 = DIRECTION ( 'NONE',  ( -0.000000000000000000, -1.000000000000000000, -0.000000000000000000 ) ) ;
#6969 = DIRECTION ( 'NONE',  ( 0.4919860605365372064, -0.000000000000000000, 0.8706030761706156085 ) ) ;
#6970 = DIRECTION ( 'NONE',  ( -0.9015231061562143378, 0.000000000000000000, 0.4327309661515466588 ) ) ;
#6971 = DIRECTION ( 'NONE',  ( 0.9890547258545988596, 0.000000000000000000, -0.1475491418635986596 ) ) ;
#6972 = AXIS2_PLACEMENT_3D ( 'NONE', #3464, #2421, #461 ) ;
#6973 = CARTESIAN_POINT ( 'NONE',  ( -15.45979978319160963, 3.000000000000000000, 28.07605066401479377 ) ) ;
#6974 = ORIENTED_EDGE ( 'NONE', *, *, #12530, .F. ) ;
#6975 = VECTOR ( 'NONE', #1010, 1000.000000000000000 ) ;
#6976 = VERTEX_POINT ( 'NONE', #3981 ) ;
#6977 = ADVANCED_FACE ( 'NONE', ( #12662 ), #9515, .F. ) ;
#6978 = VERTEX_POINT ( 'NONE', #12521 ) ;
#6979 = CARTESIAN_POINT ( 'NONE',  ( 3.247195835403338116, 5.000000000000000000, -33.74443094418466416 ) ) ;
#6980 = ADVANCED_FACE ( 'NONE', ( #2919 ), #5234, .T. ) ;
#6981 = EDGE_CURVE ( 'NONE', #5554, #6991, #6146, .T. ) ;
#6982 = VECTOR ( 'NONE', #9423, 1000.000000000000000 ) ;
#6984 = DIRECTION ( 'NONE',  ( -0.000000000000000000, -1.000000000000000000, -0.000000000000000000 ) ) ;
#6983 = VECTOR ( 'NONE', #6869, 1000.000000000000000 ) ;
#6985 = CARTESIAN_POINT ( 'NONE',  ( 13.53999692880837102, 5.000000000000000000, 22.38725127201480092 ) ) ;
#6986 = PLANE ( 'NONE',  #2360 ) ;
#6987 = CARTESIAN_POINT ( 'NONE',  ( 8.084819329623730511, 3.000000000000000000, -10.70780137037823110 ) ) ;
#6988 = ORIENTED_EDGE ( 'NONE', *, *, #3533, .F. ) ;
#6989 = EDGE_CURVE ( 'NONE', #1056, #8423, #834, .T. ) ;
#6990 = DIRECTION ( 'NONE',  ( 0.8282590506510937312, -0.000000000000000000, 0.5603453801135056533 ) ) ;
#6991 = VERTEX_POINT ( 'NONE', #2157 ) ;
#6992 = VECTOR ( 'NONE', #1897, 1000.000000000000114 ) ;
#6993 = DIRECTION ( 'NONE',  ( -0.000000000000000000, -1.000000000000000000, -0.000000000000000000 ) ) ;
#6994 = AXIS2_PLACEMENT_3D ( 'NONE', #5777, #12087, #6758 ) ;
#6995 = CARTESIAN_POINT ( 'NONE',  ( -32.31091392155467190, 5.000000000000000000, 42.65771973134423689 ) ) ;
#6996 = LINE ( 'NONE', #689, #5519 ) ;
#6997 = CARTESIAN_POINT ( 'NONE',  ( 1.531762529494007414E-13, 5.000000000000000000, -18.19994799644572225 ) ) ;
#6998 = AXIS2_PLACEMENT_3D ( 'NONE', #2104, #6375, #10657 ) ;
#6999 = DIRECTION ( 'NONE',  ( -0.000000000000000000, -1.000000000000000000, -0.000000000000000000 ) ) ;
#7000 = DIRECTION ( 'NONE',  ( 0.4350634650969448236, -0.000000000000000000, 0.9003997897255637817 ) ) ;
#7001 = CARTESIAN_POINT ( 'NONE',  ( 16.51520052880836431, 3.000000000000000000, 32.33595781601479757 ) ) ;
#7002 = CARTESIAN_POINT ( 'NONE',  ( -9.428186751191613979, 5.000000000000000000, 19.99133531201479386 ) ) ;
#7003 = ORIENTED_EDGE ( 'NONE', *, *, #3169, .T. ) ;
#7004 = CARTESIAN_POINT ( 'NONE',  ( 26.00692652880835709, 5.000000000000000000, 23.41565663201480163 ) ) ;
#7005 = EDGE_LOOP ( 'NONE', ( #12670, #10625, #9614, #7166 ) ) ;
#7006 = VERTEX_POINT ( 'NONE', #5097 ) ;
#7007 = EDGE_CURVE ( 'NONE', #9196, #8072, #9374, .T. ) ;
#7008 = DIRECTION ( 'NONE',  ( 0.5658925211636305352, 0.000000000000000000, 0.8244790200430026639 ) ) ;
#7009 = EDGE_CURVE ( 'NONE', #736, #924, #8533, .T. ) ;
#7010 = CARTESIAN_POINT ( 'NONE',  ( -21.56172611119163207, 3.000000000000000000, 0.000000000000000000 ) ) ;
#7011 = LINE ( 'NONE', #3922, #9260 ) ;
#7012 = ORIENTED_EDGE ( 'NONE', *, *, #6366, .T. ) ;
#7013 = AXIS2_PLACEMENT_3D ( 'NONE', #5132, #670, #4160 ) ;
#7014 = ORIENTED_EDGE ( 'NONE', *, *, #1519, .F. ) ;
#7015 = DIRECTION ( 'NONE',  ( -0.8040730528593038606, 0.000000000000000000, -0.5945305086078588319 ) ) ;
#7016 = DIRECTION ( 'NONE',  ( -0.000000000000000000, -1.000000000000000000, -0.000000000000000000 ) ) ;
#7017 = CARTESIAN_POINT ( 'NONE',  ( 30.43386808546647160, 3.000000000000000000, -3.716941405690038280 ) ) ;
#7018 = FACE_OUTER_BOUND ( 'NONE', #7028, .T. ) ;
#7019 = CARTESIAN_POINT ( 'NONE',  ( -38.82211221519163047, 5.000000000000000000, 15.35652416001479637 ) ) ;
#7020 = ORIENTED_EDGE ( 'NONE', *, *, #564, .T. ) ;
#7021 = AXIS2_PLACEMENT_3D ( 'NONE', #8629, #7509, #10791 ) ;
#7022 = CARTESIAN_POINT ( 'NONE',  ( 17.99527990623743889, 5.000000000000000000, -8.997639953118749645 ) ) ;
#7023 = ORIENTED_EDGE ( 'NONE', *, *, #822, .T. ) ;
#7024 = CARTESIAN_POINT ( 'NONE',  ( 8.713256738517836563E-14, 5.000000000000000000, -43.88933533369861806 ) ) ;
#7025 = ADVANCED_FACE ( 'NONE', ( #3128 ), #2989, .T. ) ;
#7026 = EDGE_LOOP ( 'NONE', ( #2430, #8860, #2126, #11022 ) ) ;
#7027 = CARTESIAN_POINT ( 'NONE',  ( -7.374071136392290171, 3.000000000000000000, -10.93711989654776140 ) ) ;
#7028 = EDGE_LOOP ( 'NONE', ( #2390, #9293, #10738, #12490 ) ) ;
#7029 = ORIENTED_EDGE ( 'NONE', *, *, #10865, .T. ) ;
#7030 = ORIENTED_EDGE ( 'NONE', *, *, #1398, .T. ) ;
#7031 = VECTOR ( 'NONE', #12045, 1000.000000000000000 ) ;
#7032 = CARTESIAN_POINT ( 'NONE',  ( -4.421423844544701609, 5.000000000000000000, 10.67441540413738466 ) ) ;
#7033 = VECTOR ( 'NONE', #8617, 1000.000000000000000 ) ;
#7034 = CARTESIAN_POINT ( 'NONE',  ( -30.25195076116317239, 3.000000000000000000, 1.498118834224834162 ) ) ;
#7035 = LINE ( 'NONE', #12623, #8119 ) ;
#7036 = PLANE ( 'NONE',  #9755 ) ;
#7037 = FACE_OUTER_BOUND ( 'NONE', #276, .T. ) ;
#7038 = CARTESIAN_POINT ( 'NONE',  ( 5.791640664071779909, 3.000000000000000000, -5.493212856911061870 ) ) ;
#7039 = EDGE_LOOP ( 'NONE', ( #2279, #3088, #6430, #6809 ) ) ;
#7040 = EDGE_CURVE ( 'NONE', #12765, #3770, #11684, .T. ) ;
#7041 = AXIS2_PLACEMENT_3D ( 'NONE', #6696, #2427, #1372 ) ;
#7042 = DIRECTION ( 'NONE',  ( -0.9956331021264480663, 0.000000000000000000, -0.09335269653344568930 ) ) ;
#7043 = ORIENTED_EDGE ( 'NONE', *, *, #12193, .T. ) ;
#7044 = EDGE_CURVE ( 'NONE', #7667, #8336, #12877, .T. ) ;
#7045 = ORIENTED_EDGE ( 'NONE', *, *, #11436, .T. ) ;
#7046 = VECTOR ( 'NONE', #6088, 1000.000000000000114 ) ;
#7047 = VERTEX_POINT ( 'NONE', #10499 ) ;
#7048 = DIRECTION ( 'NONE',  ( -1.000000000000000000, 0.000000000000000000, 0.000000000000000000 ) ) ;
#7049 = VECTOR ( 'NONE', #130, 1000.000000000000227 ) ;
#7050 = DIRECTION ( 'NONE',  ( -0.2146792440636554056, 0.000000000000000000, -0.9766846073161270514 ) ) ;
#7051 = CARTESIAN_POINT ( 'NONE',  ( 0.08128320133054051100, 5.000000000000000000, 0.05560048142076833011 ) ) ;
#7052 = ADVANCED_FACE ( 'NONE', ( #9590 ), #4255, .T. ) ;
#7053 = VECTOR ( 'NONE', #1261, 1000.000000000000227 ) ;
#7054 = DIRECTION ( 'NONE',  ( -0.2877425631966570863, 0.000000000000000000, -0.9577077932882334110 ) ) ;
#7055 = ADVANCED_FACE ( 'NONE', ( #13699 ), #7484, .T. ) ;
#7056 = CARTESIAN_POINT ( 'NONE',  ( 38.47138724880836946, 5.000000000000000000, 21.98429449601479391 ) ) ;
#7057 = ADVANCED_FACE ( 'NONE', ( #3678 ), #2292, .T. ) ;
#7058 = ORIENTED_EDGE ( 'NONE', *, *, #11692, .F. ) ;
#7059 = DIRECTION ( 'NONE',  ( -0.9995958952948116316, 0.000000000000000000, 0.02842615186345286496 ) ) ;
#7060 = EDGE_LOOP ( 'NONE', ( #11189, #3573, #12369, #12769 ) ) ;
#7061 = VECTOR ( 'NONE', #4080, 1000.000000000000000 ) ;
#7062 = DIRECTION ( 'NONE',  ( -1.000000000000000000, 0.000000000000000000, 0.000000000000000000 ) ) ;
#7063 = DIRECTION ( 'NONE',  ( 0.6037919053401836766, 0.000000000000000000, -0.7971419792268318316 ) ) ;
#7064 = VECTOR ( 'NONE', #336, 1000.000000000000000 ) ;
#7065 = FACE_OUTER_BOUND ( 'NONE', #7999, .T. ) ;
#7066 = EDGE_CURVE ( 'NONE', #6416, #1296, #5511, .T. ) ;
#7067 = CARTESIAN_POINT ( 'NONE',  ( -20.52590496719162161, 3.000000000000000000, 20.87183850401480711 ) ) ;
#7068 = FACE_OUTER_BOUND ( 'NONE', #11395, .T. ) ;
#7069 = CARTESIAN_POINT ( 'NONE',  ( -3.215663894541334056, 5.000000000000000000, 33.19001257387542836 ) ) ;
#7070 = DIRECTION ( 'NONE',  ( 0.3902565570241961490, -0.000000000000000000, 0.9207061527434365900 ) ) ;
#7071 = AXIS2_PLACEMENT_3D ( 'NONE', #11920, #12128, #3298 ) ;
#7072 = CARTESIAN_POINT ( 'NONE',  ( 0.000000000000000000, 5.000000000000000000, 32.03596146401479672 ) ) ;
#7073 = VERTEX_POINT ( 'NONE', #9076 ) ;
#7074 = LINE ( 'NONE', #2924, #9931 ) ;
#7075 = VECTOR ( 'NONE', #106, 1000.000000000000000 ) ;
#7076 = EDGE_CURVE ( 'NONE', #13797, #1415, #10913, .T. ) ;
#7077 = ORIENTED_EDGE ( 'NONE', *, *, #4450, .F. ) ;
#7078 = ORIENTED_EDGE ( 'NONE', *, *, #4777, .T. ) ;
#7079 = CARTESIAN_POINT ( 'NONE',  ( 18.65292815219114431, 5.000000000000000000, 12.87153124687862338 ) ) ;
#7080 = PLANE ( 'NONE',  #13734 ) ;
#7081 = CARTESIAN_POINT ( 'NONE',  ( 2.311539832808379824, 3.000000000000000000, -6.858130927985206071 ) ) ;
#7082 = ORIENTED_EDGE ( 'NONE', *, *, #4207, .T. ) ;
#7083 = ORIENTED_EDGE ( 'NONE', *, *, #9813, .F. ) ;
#7084 = VECTOR ( 'NONE', #5699, 1000.000000000000114 ) ;
#7085 = VECTOR ( 'NONE', #4251, 1000.000000000000000 ) ;
#7086 = LINE ( 'NONE', #5958, #6418 ) ;
#7087 = EDGE_CURVE ( 'NONE', #9389, #11651, #5911, .T. ) ;
#7088 = DIRECTION ( 'NONE',  ( 0.1824996290974810753, 0.000000000000000000, -0.9832059221644680047 ) ) ;
#7089 = EDGE_CURVE ( 'NONE', #6214, #13653, #4470, .T. ) ;
#7090 = DIRECTION ( 'NONE',  ( -0.000000000000000000, -1.000000000000000000, -0.000000000000000000 ) ) ;
#7091 = DIRECTION ( 'NONE',  ( -0.3826848932557274097, 0.000000000000000000, 0.9238789273892182852 ) ) ;
#7092 = CARTESIAN_POINT ( 'NONE',  ( 0.000000000000000000, 5.000000000000000000, 21.14624283201479216 ) ) ;
#7093 = ORIENTED_EDGE ( 'NONE', *, *, #795, .F. ) ;
#7094 = EDGE_LOOP ( 'NONE', ( #7498, #984, #12150, #13640 ) ) ;
#7095 = CARTESIAN_POINT ( 'NONE',  ( 11.31227570480836775, 5.000000000000000000, 27.44807224001478829 ) ) ;
#7096 = ORIENTED_EDGE ( 'NONE', *, *, #9404, .F. ) ;
#7097 = DIRECTION ( 'NONE',  ( -0.000000000000000000, -1.000000000000000000, -0.000000000000000000 ) ) ;
#7098 = ORIENTED_EDGE ( 'NONE', *, *, #4464, .T. ) ;
#7099 = VECTOR ( 'NONE', #6560, 1000.000000000000000 ) ;
#7100 = CARTESIAN_POINT ( 'NONE',  ( 2.299238104808364991, 3.000000000000000000, -6.714623975985205107 ) ) ;
#7101 = ORIENTED_EDGE ( 'NONE', *, *, #1653, .T. ) ;
#7102 = VECTOR ( 'NONE', #5760, 1000.000000000000114 ) ;
#7103 = ORIENTED_EDGE ( 'NONE', *, *, #6596, .F. ) ;
#7104 = ORIENTED_EDGE ( 'NONE', *, *, #4450, .T. ) ;
#7105 = DIRECTION ( 'NONE',  ( 0.2244645581996220218, 0.000000000000000000, -0.9744822533593152647 ) ) ;
#7106 = ADVANCED_FACE ( 'NONE', ( #12232 ), #1249, .T. ) ;
#7107 = EDGE_CURVE ( 'NONE', #7851, #11447, #1580, .T. ) ;
#7108 = VECTOR ( 'NONE', #4304, 1000.000000000000000 ) ;
#7109 = DIRECTION ( 'NONE',  ( 1.000000000000000000, -0.000000000000000000, 0.000000000000000000 ) ) ;
#7110 = CARTESIAN_POINT ( 'NONE',  ( 4.388764105825505801, 3.000000000000000000, 7.392641892995094999 ) ) ;
#7111 = CARTESIAN_POINT ( 'NONE',  ( 32.30658474480837583, 5.000000000000000000, 13.51906276001479235 ) ) ;
#7112 = CARTESIAN_POINT ( 'NONE',  ( -27.67035092719162037, 5.000000000000000000, 21.44784446401479627 ) ) ;
#7113 = CARTESIAN_POINT ( 'NONE',  ( -28.53312187119163568, 5.000000000000000000, 12.31086502401479699 ) ) ;
#7114 = ORIENTED_EDGE ( 'NONE', *, *, #3888, .T. ) ;
#7115 = DIRECTION ( 'NONE',  ( 0.000000000000000000, 1.000000000000000000, -0.000000000000000000 ) ) ;
#7116 = ORIENTED_EDGE ( 'NONE', *, *, #3920, .F. ) ;
#7117 = FACE_OUTER_BOUND ( 'NONE', #4133, .T. ) ;
#7118 = ORIENTED_EDGE ( 'NONE', *, *, #13613, .T. ) ;
#7119 = VECTOR ( 'NONE', #2066, 1000.000000000000114 ) ;
#7120 = PLANE ( 'NONE',  #4394 ) ;
#7121 = EDGE_LOOP ( 'NONE', ( #95, #4159, #6415, #5 ) ) ;
#7122 = EDGE_CURVE ( 'NONE', #541, #9752, #6640, .T. ) ;
#7123 = CARTESIAN_POINT ( 'NONE',  ( 10.65586373503357542, 5.000000000000000000, 2.026908629795205474 ) ) ;
#7124 = DIRECTION ( 'NONE',  ( 0.5645847261759636693, 0.000000000000000000, -0.8253751189421765222 ) ) ;
#7125 = EDGE_CURVE ( 'NONE', #72, #9652, #2221, .T. ) ;
#7126 = CARTESIAN_POINT ( 'NONE',  ( 1.384656010206708476, 5.000000000000000000, -31.44949454215126394 ) ) ;
#7127 = ORIENTED_EDGE ( 'NONE', *, *, #4794, .T. ) ;
#7128 = DIRECTION ( 'NONE',  ( -0.7980651437868616638, 0.000000000000000000, -0.6025711794240211638 ) ) ;
#7129 = ORIENTED_EDGE ( 'NONE', *, *, #7780, .T. ) ;
#7130 = ORIENTED_EDGE ( 'NONE', *, *, #12786, .F. ) ;
#7131 = DIRECTION ( 'NONE',  ( 0.000000000000000000, 0.000000000000000000, -1.000000000000000000 ) ) ;
#7132 = ORIENTED_EDGE ( 'NONE', *, *, #8950, .T. ) ;
#7133 = DIRECTION ( 'NONE',  ( -1.000000000000000000, 0.000000000000000000, 0.000000000000000000 ) ) ;
#7134 = DIRECTION ( 'NONE',  ( 0.9947643450217273919, 0.000000000000000000, -0.1021953906665737238 ) ) ;
#7135 = DIRECTION ( 'NONE',  ( -0.000000000000000000, -1.000000000000000000, -0.000000000000000000 ) ) ;
#7136 = ADVANCED_FACE ( 'NONE', ( #9798 ), #12865, .T. ) ;
#7137 = CARTESIAN_POINT ( 'NONE',  ( -3.632035779176051360, 5.000000000000000000, 31.98333919953596904 ) ) ;
#7138 = LINE ( 'NONE', #9035, #7291 ) ;
#7139 = CARTESIAN_POINT ( 'NONE',  ( 0.8936756472653736294, 5.000000000000000000, 31.42579808278320996 ) ) ;
#7140 =( NAMED_UNIT ( * ) SI_UNIT ( $, .STERADIAN. ) SOLID_ANGLE_UNIT ( ) );
#7141 = LINE ( 'NONE', #3983, #10094 ) ;
#7142 = ORIENTED_EDGE ( 'NONE', *, *, #7626, .T. ) ;
#7143 = CARTESIAN_POINT ( 'NONE',  ( -4.193459777031235625, 3.000000000000000000, 7.422950048193965422 ) ) ;
#7144 = ORIENTED_EDGE ( 'NONE', *, *, #5292, .T. ) ;
#7145 = ORIENTED_EDGE ( 'NONE', *, *, #1309, .T. ) ;
#7146 = CARTESIAN_POINT ( 'NONE',  ( 12.03710839280837419, 5.000000000000000000, 29.78548285601479151 ) ) ;
#7147 = FACE_OUTER_BOUND ( 'NONE', #156, .T. ) ;
#7148 = LINE ( 'NONE', #3647, #8832 ) ;
#7149 = ADVANCED_FACE ( 'NONE', ( #4322 ), #3753, .T. ) ;
#7150 = ORIENTED_EDGE ( 'NONE', *, *, #13236, .F. ) ;
#7151 = DIRECTION ( 'NONE',  ( 0.000000000000000000, 0.000000000000000000, -1.000000000000000000 ) ) ;
#7152 = ORIENTED_EDGE ( 'NONE', *, *, #11429, .F. ) ;
#7153 = EDGE_CURVE ( 'NONE', #6392, #11484, #204, .T. ) ;
#7154 = EDGE_CURVE ( 'NONE', #10554, #4964, #2696, .T. ) ;
#7155 = CARTESIAN_POINT ( 'NONE',  ( -82.00000000000001421, 3.000000000000000000, 50.99999999999999289 ) ) ;
#7156 = CARTESIAN_POINT ( 'NONE',  ( -1.179068263067517330, 5.000000000000000000, -5.927784149633032129 ) ) ;
#7157 = LINE ( 'NONE', #13514, #1840 ) ;
#7158 = ORIENTED_EDGE ( 'NONE', *, *, #9873, .T. ) ;
#7159 = DIRECTION ( 'NONE',  ( -0.8923961784954330678, 0.000000000000000000, 0.4512527679768258970 ) ) ;
#7160 = VERTEX_POINT ( 'NONE', #11245 ) ;
#7161 = CARTESIAN_POINT ( 'NONE',  ( 25.22291285680838868, 3.000000000000000000, -7.854414431985205169 ) ) ;
#7162 = ORIENTED_EDGE ( 'NONE', *, *, #1333, .T. ) ;
#7163 = LINE ( 'NONE', #4787, #11112 ) ;
#7164 = ORIENTED_EDGE ( 'NONE', *, *, #4267, .F. ) ;
#7165 = EDGE_CURVE ( 'NONE', #3457, #11104, #4399, .T. ) ;
#7166 = ORIENTED_EDGE ( 'NONE', *, *, #11515, .T. ) ;
#7167 = VERTEX_POINT ( 'NONE', #6565 ) ;
#7168 = FACE_OUTER_BOUND ( 'NONE', #11157, .T. ) ;
#7169 = DIRECTION ( 'NONE',  ( -0.5150977167622634578, 0.000000000000000000, -0.8571314614376858154 ) ) ;
#7170 = LINE ( 'NONE', #869, #7898 ) ;
#7171 = CARTESIAN_POINT ( 'NONE',  ( 0.6376673270572599250, 5.000000000000000000, 0.6679567183690814369 ) ) ;
#7172 = LINE ( 'NONE', #2761, #12340 ) ;
#7173 = DIRECTION ( 'NONE',  ( -0.9958896070122861266, 0.000000000000000000, 0.09057533132655028185 ) ) ;
#7174 = ORIENTED_EDGE ( 'NONE', *, *, #11376, .T. ) ;
#7175 = EDGE_LOOP ( 'NONE', ( #2686, #6241, #10697, #6264 ) ) ;
#7176 = ORIENTED_EDGE ( 'NONE', *, *, #8884, .F. ) ;
#7177 = LINE ( 'NONE', #737, #1450 ) ;
#7178 = EDGE_CURVE ( 'NONE', #12123, #11831, #11826, .T. ) ;
#7179 = EDGE_LOOP ( 'NONE', ( #13314, #7861, #11533, #4771 ) ) ;
#7180 = EDGE_CURVE ( 'NONE', #4615, #8238, #1175, .T. ) ;
#7181 = CARTESIAN_POINT ( 'NONE',  ( 21.43349396880838853, 5.000000000000000000, 28.74556113601479268 ) ) ;
#7182 = ORIENTED_EDGE ( 'NONE', *, *, #7752, .T. ) ;
#7183 = PLANE ( 'NONE',  #2851 ) ;
#7184 = DIRECTION ( 'NONE',  ( 0.000000000000000000, 0.000000000000000000, -1.000000000000000000 ) ) ;
#7185 = DIRECTION ( 'NONE',  ( -0.5590308792946586669, 0.000000000000000000, -0.8291468362087868194 ) ) ;
#7186 = VECTOR ( 'NONE', #3730, 1000.000000000000114 ) ;
#7187 = ORIENTED_EDGE ( 'NONE', *, *, #8736, .T. ) ;
#7188 = CARTESIAN_POINT ( 'NONE',  ( 24.70164084880837052, 5.000000000000000000, -7.958098247985205376 ) ) ;
#7189 = EDGE_LOOP ( 'NONE', ( #12082, #13593, #9984, #13835 ) ) ;
#7190 = CARTESIAN_POINT ( 'NONE',  ( 27.95794629746357884, 5.000000000000000000, -13.74664113089746564 ) ) ;
#7191 = ORIENTED_EDGE ( 'NONE', *, *, #13316, .F. ) ;
#7192 = EDGE_CURVE ( 'NONE', #587, #7281, #11894, .T. ) ;
#7193 = LINE ( 'NONE', #2147, #9969 ) ;
#7194 = CARTESIAN_POINT ( 'NONE',  ( -5.851360783191629444, 3.000000000000000000, 12.63718593601480578 ) ) ;
#7195 = EDGE_CURVE ( 'NONE', #1841, #12414, #13463, .T. ) ;
#7196 = DIRECTION ( 'NONE',  ( 0.3859844280350496759, 0.000000000000000000, -0.9225052960901936050 ) ) ;
#7197 = AXIS2_PLACEMENT_3D ( 'NONE', #2774, #6059, #817 ) ;
#7198 = LINE ( 'NONE', #10283, #791 ) ;
#7199 = DIRECTION ( 'NONE',  ( -0.9067769724085803507, 0.000000000000000000, -0.4216106287909834882 ) ) ;
#7200 = CARTESIAN_POINT ( 'NONE',  ( -28.90641449519162975, 5.000000000000000000, 20.23155835201480102 ) ) ;
#7201 = COORDINATED_UNIVERSAL_TIME_OFFSET ( 1, 0, .AHEAD. ) ;
#7202 = PLANE ( 'NONE',  #5852 ) ;
#7203 = ORIENTED_EDGE ( 'NONE', *, *, #10889, .T. ) ;
#7204 = VECTOR ( 'NONE', #5199, 1000.000000000000114 ) ;
#7205 = DIRECTION ( 'NONE',  ( -0.2744106051903427712, 0.000000000000000000, -0.9616126141846673692 ) ) ;
#7206 = AXIS2_PLACEMENT_3D ( 'NONE', #12890, #4211, #10587 ) ;
#7207 = ORIENTED_EDGE ( 'NONE', *, *, #7089, .T. ) ;
#7208 = ORIENTED_EDGE ( 'NONE', *, *, #4028, .T. ) ;
#7209 = DIRECTION ( 'NONE',  ( -0.000000000000000000, -1.000000000000000000, -0.000000000000000000 ) ) ;
#7210 = EDGE_CURVE ( 'NONE', #13727, #5427, #12553, .T. ) ;
#7211 = CARTESIAN_POINT ( 'NONE',  ( -15.27757611919163772, 5.000000000000000000, 30.38210955201479990 ) ) ;
#7212 = FACE_BOUND ( 'NONE', #2587, .T. ) ;
#7213 = EDGE_CURVE ( 'NONE', #10418, #12783, #5982, .T. ) ;
#7214 = ORIENTED_EDGE ( 'NONE', *, *, #11866, .T. ) ;
#7215 = CARTESIAN_POINT ( 'NONE',  ( 8.713256738517836563E-14, 5.000000000000000000, -43.00033533384725359 ) ) ;
#7216 = ORIENTED_EDGE ( 'NONE', *, *, #6404, .F. ) ;
#7217 = VECTOR ( 'NONE', #5599, 1000.000000000000000 ) ;
#7218 = VECTOR ( 'NONE', #12323, 999.9999999999998863 ) ;
#7219 = CARTESIAN_POINT ( 'NONE',  ( 8.702048768808367640, 3.000000000000000000, 12.29850436801480029 ) ) ;
#7220 = FACE_OUTER_BOUND ( 'NONE', #572, .T. ) ;
#7221 = EDGE_CURVE ( 'NONE', #8218, #1214, #10261, .T. ) ;
#7222 = LINE ( 'NONE', #7092, #10787 ) ;
#7223 = ORIENTED_EDGE ( 'NONE', *, *, #9252, .F. ) ;
#7224 = CARTESIAN_POINT ( 'NONE',  ( 17.35817773960571486, 3.000000000000000000, 18.87611180412445933 ) ) ;
#7225 = VERTEX_POINT ( 'NONE', #2832 ) ;
#7226 = DIRECTION ( 'NONE',  ( 0.9252468875554515915, -0.000000000000000000, 0.3793655190827832646 ) ) ;
#7227 = EDGE_CURVE ( 'NONE', #6106, #2712, #1986, .T. ) ;
#7228 = VECTOR ( 'NONE', #10721, 1000.000000000000114 ) ;
#7229 = ORIENTED_EDGE ( 'NONE', *, *, #4677, .T. ) ;
#7230 = EDGE_CURVE ( 'NONE', #11862, #5101, #3028, .T. ) ;
#7231 = DIRECTION ( 'NONE',  ( -0.9873222578108995506, 0.000000000000000000, 0.1587285709353789265 ) ) ;
#7232 = ORIENTED_EDGE ( 'NONE', *, *, #5802, .T. ) ;
#7233 = ORIENTED_EDGE ( 'NONE', *, *, #1153, .F. ) ;
#7234 = ORIENTED_EDGE ( 'NONE', *, *, #4755, .T. ) ;
#7235 = DIRECTION ( 'NONE',  ( 0.2131134059951636517, 0.000000000000000000, -0.9770274695141075716 ) ) ;
#7236 = AXIS2_PLACEMENT_3D ( 'NONE', #7623, #3340, #9008 ) ;
#7237 = FACE_OUTER_BOUND ( 'NONE', #4414, .T. ) ;
#7238 = DIRECTION ( 'NONE',  ( 0.000000000000000000, 0.000000000000000000, -1.000000000000000000 ) ) ;
#7239 = EDGE_CURVE ( 'NONE', #5237, #12094, #10329, .T. ) ;
#7240 = DIRECTION ( 'NONE',  ( 1.000000000000000000, 0.000000000000000000, -0.000000000000000000 ) ) ;
#7241 = CARTESIAN_POINT ( 'NONE',  ( 31.93756236880837562, 5.000000000000000000, 13.67547900801479521 ) ) ;
#7242 = DIRECTION ( 'NONE',  ( 0.3837759022392077668, 0.000000000000000000, -0.9234262595683977448 ) ) ;
#7243 = ORIENTED_EDGE ( 'NONE', *, *, #7936, .F. ) ;
#7244 = DIRECTION ( 'NONE',  ( 0.9170333846916153275, 0.000000000000000000, 0.3988104454011203726 ) ) ;
#7245 = ORIENTED_EDGE ( 'NONE', *, *, #9919, .T. ) ;
#7246 = EDGE_CURVE ( 'NONE', #7338, #7638, #10195, .T. ) ;
#7247 = LINE ( 'NONE', #13541, #1006 ) ;
#7248 = VERTEX_POINT ( 'NONE', #4016 ) ;
#7249 = VECTOR ( 'NONE', #7370, 999.9999999999998863 ) ;
#7250 = CARTESIAN_POINT ( 'NONE',  ( 83.99999999999998579, 3.000000000000000000, -51.00000000000000711 ) ) ;
#7251 = VERTEX_POINT ( 'NONE', #3950 ) ;
#7252 = VECTOR ( 'NONE', #8846, 1000.000000000000000 ) ;
#7253 = CC_DESIGN_APPROVAL ( #19, ( #1408 ) ) ;
#7254 = CARTESIAN_POINT ( 'NONE',  ( 11.13019366853257885, 3.000000000000000000, -18.19994799641360572 ) ) ;
#7255 = CARTESIAN_POINT ( 'NONE',  ( -28.90641449519162975, 5.000000000000000000, 21.45031537601479243 ) ) ;
#7256 = EDGE_CURVE ( 'NONE', #10012, #87, #711, .T. ) ;
#7257 = DIRECTION ( 'NONE',  ( -0.8291468362087868194, 0.000000000000000000, 0.5590308792946586669 ) ) ;
#7258 = EDGE_CURVE ( 'NONE', #8106, #5277, #7172, .T. ) ;
#7259 = VECTOR ( 'NONE', #13497, 1000.000000000000000 ) ;
#7260 = ORIENTED_EDGE ( 'NONE', *, *, #8317, .T. ) ;
#7261 = CLOSED_SHELL ( 'NONE', ( #4420, #13612, #6977, #7801, #13626, #9334, #7693, #471, #13216, #808, #7694, #13052, #8988, #6438, #2019, #2994, #6452, #1650, #9828, #13312, #2570, #6980, #8542, #3780, #5938, #843, #10667, #7025, #11364, #9204, #5255, #11332, #10928, #4873, #11144, #9577, #861, #4250, #12580, #1251, #3248, #638, #6031, #1861, #12679, #9630, #13761, #5864, #11517, #2647, #10254, #7052, #3265, #11582, #6163, #957, #12266, #10391, #11414, #13365, #10681, #9784, #7055, #8692, #6490, #7935, #10477, #7677, #1561, #1501, #2454, #2308, #5310, #1542, #725, #7450, #3203, #5517, #663, #9352, #248, #12062, #12032, #4496, #1308, #11162, #5145, #9070, #9172, #4072, #11943, #201, #6757, #3811, #4400, #1190, #9287, #1964, #9231, #13317, #7852, #7969, #11100, #12968, #5790, #10138, #4265, #10598, #4664, #8707, #4875, #5520, #1444, #12953, #3820, #6948, #4919, #1528, #2241, #5398, #11738, #12396, #7417, #3253, #2716, #6063, #5333, #12561, #1366, #8697, #12712, #10565, #4941, #8937, #2520, #10974, #5761, #12431, #879, #3630, #5314, #3979, #7538, #4525, #11564, #12416, #4054, #10585, #9460, #776, #8172, #10597, #2150, #10817, #13031, #13730, #12738, #3201, #9816, #5724, #1416, #13403, #12921, #4398, #10159, #6964, #11790, #11160, #7537, #8802, #1559, #6212, #4741, #2890, #7057, #5004, #6678, #13041, #8969, #988, #13780, #411, #12018, #2396, #1698, #1664, #7477, #4125, #12771, #13817, #9545, #7149, #1744, #10945, #6048, #9681, #5156, #10309, #8122, #13486, #9814, #12710, #6577, #9954, #4156, #1334, #187, #5039, #10281, #300, #7501, #6838, #6144, #11960, #13296, #13097, #6724, #11463, #13721, #1239, #2009, #2051, #1034, #9856, #4239, #9566, #7106, #7467, #2586, #8577, #13387, #1127, #3669, #6023, #3302, #4129, #9527, #7407, #8770, #4733, #4059, #3917, #11178, #1349, #6, #5444, #2534, #10899, #232, #3572, #3796, #10068, #6228, #4926, #3110, #6079, #5696, #8355, #11080, #8755, #9734, #2497, #12643, #7887, #1124, #4192, #11628, #5291, #12371, #8677, #11527, #12597, #2568, #3092, #5395, #8814, #2777, #6545, #4597, #2515, #2269, #13807, #1499, #2134, #5432, #1052, #6021, #3091, #1762, #3060, #486, #12506, #2087, #5486, #2135, #9381, #1596, #5722, #10732, #11377, #777, #129, #4701, #5940, #8580, #2735, #10443, #10409, #517, #2003, #7574, #10947, #13160, #12300, #12447, #13760, #5099, #6798, #6643, #11179, #3606, #5800, #13029, #4843, #1069, #4806, #2621, #2976, #10114, #442, #12519, #671, #8451, #10763, #11111, #12992, #1543, #10067, #10994, #12831, #7504, #12091, #6117, #5129, #5597, #3703, #6230, #9036, #13528, #2942, #1896, #11176, #3430, #11980, #4886, #888, #12753, #4581, #10754, #2552, #13742, #3574, #1695, #10408, #8321, #2704, #4986, #13115, #11509, #11878, #5926, #8062, #199, #8347, #1521, #10741, #7136, #13378, #13265, #5020, #12434, #1021, #9005, #4307, #12016, #12934, #1109, #8961, #4673, #11768, #845, #7362, #9424, #6819, #9034, #3351, #310, #4497, #8483, #425, #6451, #2225, #9305, #5849, #5891, #8075, #908, #8540, #11341, #3736, #2259, #8782, #7611, #7331, #12061, #6756, #3898, #8139, #3194, #934, #2581, #4343, #4333, #7841, #317, #917, #7901, #4972 ) ) ;
#7262 = CARTESIAN_POINT ( 'NONE',  ( 24.51129324880836791, 5.000000000000000000, -6.924750047985203771 ) ) ;
#7263 = ORIENTED_EDGE ( 'NONE', *, *, #4315, .T. ) ;
#7264 = DIRECTION ( 'NONE',  ( -0.9947643450217273919, 0.000000000000000000, 0.1021953906665737377 ) ) ;
#7265 = ORIENTED_EDGE ( 'NONE', *, *, #7557, .F. ) ;
#7266 = PLANE ( 'NONE',  #2130 ) ;
#7267 = LINE ( 'NONE', #5093, #12942 ) ;
#7268 = AXIS2_PLACEMENT_3D ( 'NONE', #9578, #4243, #3184 ) ;
#7269 = CARTESIAN_POINT ( 'NONE',  ( -40.05817578319162209, 5.000000000000000000, 24.99781755201479427 ) ) ;
#7270 = VECTOR ( 'NONE', #13766, 1000.000000000000114 ) ;
#7271 = FACE_OUTER_BOUND ( 'NONE', #5393, .T. ) ;
#7272 = EDGE_CURVE ( 'NONE', #13233, #13185, #8234, .T. ) ;
#7273 = CARTESIAN_POINT ( 'NONE',  ( 11.89125266726336783, 3.000000000000000000, 7.825511297639813790 ) ) ;
#7274 = DIRECTION ( 'NONE',  ( -0.000000000000000000, -1.000000000000000000, -0.000000000000000000 ) ) ;
#7275 = CARTESIAN_POINT ( 'NONE',  ( 2.299238104808374761, 5.000000000000000000, -6.714623975985205107 ) ) ;
#7276 = CARTESIAN_POINT ( 'NONE',  ( -25.89978490060553540, 5.000000000000000000, -9.885411861598964123 ) ) ;
#7277 = ORIENTED_EDGE ( 'NONE', *, *, #2659, .F. ) ;
#7278 = AXIS2_PLACEMENT_3D ( 'NONE', #4680, #12168, #3485 ) ;
#7279 = LINE ( 'NONE', #7490, #6578 ) ;
#7280 = VERTEX_POINT ( 'NONE', #9203 ) ;
#7281 = VERTEX_POINT ( 'NONE', #10469 ) ;
#7282 = VECTOR ( 'NONE', #2683, 1000.000000000000000 ) ;
#7283 = DIRECTION ( 'NONE',  ( -0.000000000000000000, -1.000000000000000000, -0.000000000000000000 ) ) ;
#7284 = CARTESIAN_POINT ( 'NONE',  ( -28.18217718319162302, 5.000000000000000000, 31.71129968001479327 ) ) ;
#7285 = LINE ( 'NONE', #7427, #550 ) ;
#7286 = ORIENTED_EDGE ( 'NONE', *, *, #6388, .F. ) ;
#7287 = DIRECTION ( 'NONE',  ( -0.000000000000000000, -1.000000000000000000, -0.000000000000000000 ) ) ;
#7288 = ORIENTED_EDGE ( 'NONE', *, *, #5114, .F. ) ;
#7289 = VECTOR ( 'NONE', #11694, 1000.000000000000114 ) ;
#7290 = EDGE_CURVE ( 'NONE', #13020, #13059, #4081, .T. ) ;
#7291 = VECTOR ( 'NONE', #13299, 999.9999999999998863 ) ;
#7292 = CARTESIAN_POINT ( 'NONE',  ( 3.610983513933003319, 3.000000000000000000, 8.717811139678648402 ) ) ;
#7293 = EDGE_CURVE ( 'NONE', #3829, #1795, #11443, .T. ) ;
#7294 = LINE ( 'NONE', #3145, #5869 ) ;
#7295 = CARTESIAN_POINT ( 'NONE',  ( 27.88821308880836014, 5.000000000000000000, 21.73955533601479218 ) ) ;
#7296 = ORIENTED_EDGE ( 'NONE', *, *, #3284, .F. ) ;
#7297 = DIRECTION ( 'NONE',  ( -0.04113955615027989343, 0.000000000000000000, 0.9991534101026517956 ) ) ;
#7298 = ORIENTED_EDGE ( 'NONE', *, *, #5363, .F. ) ;
#7299 = LINE ( 'NONE', #3015, #4821 ) ;
#7300 = VERTEX_POINT ( 'NONE', #5130 ) ;
#7301 = LINE ( 'NONE', #5392, #1941 ) ;
#7302 = ORIENTED_EDGE ( 'NONE', *, *, #9643, .F. ) ;
#7303 = AXIS2_PLACEMENT_3D ( 'NONE', #9224, #893, #7264 ) ;
#7304 = ORIENTED_EDGE ( 'NONE', *, *, #8034, .T. ) ;
#7305 = VECTOR ( 'NONE', #9388, 1000.000000000000114 ) ;
#7306 = ORIENTED_EDGE ( 'NONE', *, *, #10799, .T. ) ;
#7307 = CARTESIAN_POINT ( 'NONE',  ( -9.025570335191623883, 5.000000000000000000, 25.95947476001479615 ) ) ;
#7308 = EDGE_CURVE ( 'NONE', #5672, #5389, #11005, .T. ) ;
#7309 = EDGE_CURVE ( 'NONE', #8628, #4018, #801, .T. ) ;
#7310 = CARTESIAN_POINT ( 'NONE',  ( 13.48877470192123340, 3.000000000000000000, 28.54413329379553588 ) ) ;
#7311 = CARTESIAN_POINT ( 'NONE',  ( -12.51312749519162182, 3.000000000000000000, 30.97480026401478526 ) ) ;
#7312 = VECTOR ( 'NONE', #12750, 1000.000000000000114 ) ;
#7313 = DIRECTION ( 'NONE',  ( -0.7110785453986703253, 0.000000000000000000, 0.7031125815071944674 ) ) ;
#7314 = LINE ( 'NONE', #3810, #11668 ) ;
#7315 = ORIENTED_EDGE ( 'NONE', *, *, #5708, .F. ) ;
#7316 = CIRCLE ( 'NONE', #13559, 0.8889999998513629098 ) ;
#7317 = CARTESIAN_POINT ( 'NONE',  ( 2.299238104808374761, 5.000000000000000000, -6.714623975985205107 ) ) ;
#7318 = VECTOR ( 'NONE', #7109, 1000.000000000000000 ) ;
#7319 = ORIENTED_EDGE ( 'NONE', *, *, #11267, .T. ) ;
#7320 = PLANE ( 'NONE',  #3927 ) ;
#7321 = ORIENTED_EDGE ( 'NONE', *, *, #8237, .F. ) ;
#7322 = LINE ( 'NONE', #12501, #11296 ) ;
#7323 = ORIENTED_EDGE ( 'NONE', *, *, #13552, .T. ) ;
#7324 = EDGE_LOOP ( 'NONE', ( #5331, #2408, #2212, #10645 ) ) ;
#7325 = CARTESIAN_POINT ( 'NONE',  ( 3.985236332099760581, 5.000000000000000000, 13.14430892187046140 ) ) ;
#7326 = ORIENTED_EDGE ( 'NONE', *, *, #5613, .F. ) ;
#7327 = EDGE_CURVE ( 'NONE', #178, #3559, #12497, .T. ) ;
#7328 = VECTOR ( 'NONE', #5197, 1000.000000000000000 ) ;
#7329 = CARTESIAN_POINT ( 'NONE',  ( 20.25924180880837611, 3.000000000000000000, 23.93974804001479484 ) ) ;
#7330 = EDGE_CURVE ( 'NONE', #11919, #4773, #7314, .T. ) ;
#7331 = ADVANCED_FACE ( 'NONE', ( #7037 ), #11316, .T. ) ;
#7332 = FACE_OUTER_BOUND ( 'NONE', #9549, .T. ) ;
#7333 = DIRECTION ( 'NONE',  ( -0.000000000000000000, -1.000000000000000000, -0.000000000000000000 ) ) ;
#7334 = PLANE ( 'NONE',  #2128 ) ;
#7335 = EDGE_LOOP ( 'NONE', ( #5089, #13800, #10237, #7601 ) ) ;
#7336 = LINE ( 'NONE', #44, #13732 ) ;
#7337 = VECTOR ( 'NONE', #10136, 1000.000000000000000 ) ;
#7338 = VERTEX_POINT ( 'NONE', #4994 ) ;
#7339 = VERTEX_POINT ( 'NONE', #9274 ) ;
#7340 = VERTEX_POINT ( 'NONE', #6394 ) ;
#7341 = LINE ( 'NONE', #9434, #11741 ) ;
#7342 = PLANE ( 'NONE',  #4037 ) ;
#7343 = EDGE_CURVE ( 'NONE', #4457, #3150, #7451, .T. ) ;
#7344 = CARTESIAN_POINT ( 'NONE',  ( 26.21599494480836867, 5.000000000000000000, 12.47684284801479571 ) ) ;
#7345 = CARTESIAN_POINT ( 'NONE',  ( -25.70501068719163129, 5.000000000000000000, 30.98283580801479431 ) ) ;
#7346 = DIRECTION ( 'NONE',  ( 0.5681063008746252141, 0.000000000000000000, 0.8229551815904374568 ) ) ;
#7347 = PLANE ( 'NONE',  #11748 ) ;
#7348 = CARTESIAN_POINT ( 'NONE',  ( 0.000000000000000000, 5.000000000000000000, 0.000000000000000000 ) ) ;
#7349 = DIRECTION ( 'NONE',  ( -1.000000000000000000, 0.000000000000000000, 0.000000000000000000 ) ) ;
#7350 = APPROVAL_STATUS ( 'not_yet_approved' ) ;
#7351 = VECTOR ( 'NONE', #11821, 1000.000000000000227 ) ;
#7352 = CARTESIAN_POINT ( 'NONE',  ( 45.67764156880838300, 5.000000000000000000, 23.45026667201479498 ) ) ;
#7353 = ORIENTED_EDGE ( 'NONE', *, *, #12225, .F. ) ;
#7354 = DIRECTION ( 'NONE',  ( -0.7681255708988555808, 0.000000000000000000, 0.6402992326493194275 ) ) ;
#7355 = VERTEX_POINT ( 'NONE', #8715 ) ;
#7356 = ORIENTED_EDGE ( 'NONE', *, *, #13825, .T. ) ;
#7357 = CARTESIAN_POINT ( 'NONE',  ( -32.57209409182055282, 3.000000000000000000, 26.26779876545939274 ) ) ;
#7358 = CARTESIAN_POINT ( 'NONE',  ( 12.67228212880836757, 3.000000000000000000, 30.71090137601482084 ) ) ;
#7359 = DIRECTION ( 'NONE',  ( -1.000000000000000000, 0.000000000000000000, -0.000000000000000000 ) ) ;
#7360 = EDGE_CURVE ( 'NONE', #11933, #6497, #6253, .T. ) ;
#7361 = VERTEX_POINT ( 'NONE', #4290 ) ;
#7362 = ADVANCED_FACE ( 'NONE', ( #7662 ), #10806, .T. ) ;
#7363 = LINE ( 'NONE', #11492, #8652 ) ;
#7364 = ORIENTED_EDGE ( 'NONE', *, *, #5759, .F. ) ;
#7365 = VECTOR ( 'NONE', #11747, 1000.000000000000000 ) ;
#7366 = LINE ( 'NONE', #8624, #4187 ) ;
#7367 = DIRECTION ( 'NONE',  ( -0.04163830419599155730, 0.000000000000000000, 0.9991327497503433852 ) ) ;
#7368 = CARTESIAN_POINT ( 'NONE',  ( 76.49999999999998579, 0.000000000000000000, -5.000000000000004441 ) ) ;
#7369 = ORIENTED_EDGE ( 'NONE', *, *, #8664, .F. ) ;
#7370 = DIRECTION ( 'NONE',  ( -0.9869663911105649445, 0.000000000000000000, 0.1609265137203549079 ) ) ;
#7371 = ORIENTED_EDGE ( 'NONE', *, *, #6808, .T. ) ;
#7372 = PLANE ( 'NONE',  #10423 ) ;
#7373 = DIRECTION ( 'NONE',  ( 0.4412377587568079851, 0.000000000000000000, 0.8973902385513611302 ) ) ;
#7374 = EDGE_LOOP ( 'NONE', ( #3395, #12601, #7174, #4672 ) ) ;
#7375 = EDGE_LOOP ( 'NONE', ( #12558, #4170, #12684, #2768 ) ) ;
#7376 = EDGE_CURVE ( 'NONE', #5475, #1929, #10676, .T. ) ;
#7377 = ORIENTED_EDGE ( 'NONE', *, *, #9745, .T. ) ;
#7378 = EDGE_CURVE ( 'NONE', #7422, #13602, #1142, .T. ) ;
#7379 = PLANE ( 'NONE',  #5305 ) ;
#7380 = CARTESIAN_POINT ( 'NONE',  ( 26.88858186480837276, 5.000000000000000000, 22.51139732801480164 ) ) ;
#7381 = LINE ( 'NONE', #10527, #7204 ) ;
#7382 = CARTESIAN_POINT ( 'NONE',  ( 17.44991907322574676, 5.000000000000000000, -8.375899479325431329 ) ) ;
#7383 = CARTESIAN_POINT ( 'NONE',  ( -77.00000000000000000, 0.000000000000000000, 29.04999999999999716 ) ) ;
#7384 = ORIENTED_EDGE ( 'NONE', *, *, #10867, .T. ) ;
#7385 = FACE_OUTER_BOUND ( 'NONE', #7470, .T. ) ;
#7386 = ORIENTED_EDGE ( 'NONE', *, *, #9188, .T. ) ;
#7387 = DIRECTION ( 'NONE',  ( 0.3809753635559193774, 0.000000000000000000, 0.9245851893489506201 ) ) ;
#7388 = VERTEX_POINT ( 'NONE', #2255 ) ;
#7389 = ORIENTED_EDGE ( 'NONE', *, *, #4839, .T. ) ;
#7390 = ORIENTED_EDGE ( 'NONE', *, *, #11689, .T. ) ;
#7391 = EDGE_CURVE ( 'NONE', #12127, #2330, #1213, .T. ) ;
#7392 = DIRECTION ( 'NONE',  ( 0.9740126920357834450, 0.000000000000000000, 0.2264934342386245580 ) ) ;
#7393 = ORIENTED_EDGE ( 'NONE', *, *, #12509, .F. ) ;
#7394 = CARTESIAN_POINT ( 'NONE',  ( -82.00000000000001421, 3.000000000000000000, -53.00000000000000711 ) ) ;
#7395 = CARTESIAN_POINT ( 'NONE',  ( 26.01434332880836919, 5.000000000000000000, 21.98429449601479391 ) ) ;
#7396 = DIRECTION ( 'NONE',  ( -0.9987300578365099213, 0.000000000000000000, -0.05038126213069146764 ) ) ;
#7397 = VECTOR ( 'NONE', #10017, 999.9999999999998863 ) ;
#7398 = CARTESIAN_POINT ( 'NONE',  ( 0.000000000000000000, 3.000000000000000000, 17.13645557601479297 ) ) ;
#7399 = EDGE_LOOP ( 'NONE', ( #13089, #7663, #288, #12734 ) ) ;
#7400 = EDGE_CURVE ( 'NONE', #5767, #1132, #3235, .T. ) ;
#7401 = CARTESIAN_POINT ( 'NONE',  ( 0.000000000000000000, 5.000000000000000000, 32.03596146401479672 ) ) ;
#7402 = VERTEX_POINT ( 'NONE', #11795 ) ;
#7403 = ORIENTED_EDGE ( 'NONE', *, *, #579, .F. ) ;
#7404 = VERTEX_POINT ( 'NONE', #7383 ) ;
#7405 = EDGE_CURVE ( 'NONE', #4066, #4964, #11650, .T. ) ;
#7406 = DIRECTION ( 'NONE',  ( 0.3815744657993927480, 0.000000000000000000, 0.9243381021303341827 ) ) ;
#7407 = ADVANCED_FACE ( 'NONE', ( #13738 ), #2193, .T. ) ;
#7408 = DIRECTION ( 'NONE',  ( 0.9569817088502330371, 0.000000000000000000, -0.2901482533569481048 ) ) ;
#7409 = DIRECTION ( 'NONE',  ( -0.000000000000000000, -1.000000000000000000, -0.000000000000000000 ) ) ;
#7410 = VECTOR ( 'NONE', #10569, 1000.000000000000000 ) ;
#7411 = CARTESIAN_POINT ( 'NONE',  ( 32.46412468880836855, 5.000000000000000000, 22.90392588001479623 ) ) ;
#7412 = DIRECTION ( 'NONE',  ( 0.7288886501414303387, 0.000000000000000000, 0.6846322631128359815 ) ) ;
#7413 = DIRECTION ( 'NONE',  ( -0.3826787200924747223, 0.000000000000000000, 0.9238814843844341818 ) ) ;
#7414 = DIRECTION ( 'NONE',  ( 0.04163830419599156424, 0.000000000000000000, -0.9991327497503432742 ) ) ;
#7415 = FACE_OUTER_BOUND ( 'NONE', #8992, .T. ) ;
#7416 = APPLICATION_PROTOCOL_DEFINITION ( 'international standard', 'config_control_design', 1994, #13297 ) ;
#7417 = ADVANCED_FACE ( 'NONE', ( #4226 ), #6462, .T. ) ;
#7418 = CARTESIAN_POINT ( 'NONE',  ( 9.785106695425943357, 3.000000000000000000, 33.26743522363523908 ) ) ;
#7419 = VERTEX_POINT ( 'NONE', #10604 ) ;
#7420 = DIRECTION ( 'NONE',  ( -0.000000000000000000, -1.000000000000000000, -0.000000000000000000 ) ) ;
#7421 = ORIENTED_EDGE ( 'NONE', *, *, #1206, .F. ) ;
#7422 = VERTEX_POINT ( 'NONE', #173 ) ;
#7423 = LINE ( 'NONE', #8333, #12438 ) ;
#7424 = VECTOR ( 'NONE', #9776, 999.9999999999998863 ) ;
#7425 = CARTESIAN_POINT ( 'NONE',  ( -17.16920052205704650, 3.000000000000000000, 29.90346601672446170 ) ) ;
#7426 = AXIS2_PLACEMENT_3D ( 'NONE', #12700, #5476, #10737 ) ;
#7427 = CARTESIAN_POINT ( 'NONE',  ( 0.7951457725149623235, 5.000000000000000000, -43.39790822056359332 ) ) ;
#7428 = ORIENTED_EDGE ( 'NONE', *, *, #1852, .T. ) ;
#7429 = DIRECTION ( 'NONE',  ( -0.000000000000000000, -1.000000000000000000, -0.000000000000000000 ) ) ;
#7430 = ORIENTED_EDGE ( 'NONE', *, *, #6371, .T. ) ;
#7431 = CARTESIAN_POINT ( 'NONE',  ( -39.11382308719160505, 3.000000000000000000, 28.12258549601480340 ) ) ;
#7432 = VECTOR ( 'NONE', #7436, 1000.000000000000114 ) ;
#7433 = CARTESIAN_POINT ( 'NONE',  ( 51.26216684880836993, 5.000000000000000000, 21.89282706401479572 ) ) ;
#7434 = EDGE_CURVE ( 'NONE', #4773, #9210, #9686, .T. ) ;
#7435 = EDGE_CURVE ( 'NONE', #2055, #11462, #2052, .T. ) ;
#7436 = DIRECTION ( 'NONE',  ( 0.7285199132161075397, 0.000000000000000000, -0.6850246244096594994 ) ) ;
#7437 = EDGE_LOOP ( 'NONE', ( #13759, #13746 ) ) ;
#7438 = FACE_OUTER_BOUND ( 'NONE', #2835, .T. ) ;
#7439 = EDGE_LOOP ( 'NONE', ( #10062, #11456, #5589, #5003 ) ) ;
#7440 = LINE ( 'NONE', #8560, #5033 ) ;
#7441 = DIRECTION ( 'NONE',  ( 0.1587285709353788987, 0.000000000000000000, 0.9873222578108994396 ) ) ;
#7442 = ORIENTED_EDGE ( 'NONE', *, *, #5433, .F. ) ;
#7443 = AXIS2_PLACEMENT_3D ( 'NONE', #6185, #3026, #7238 ) ;
#7444 = ORIENTED_EDGE ( 'NONE', *, *, #8017, .T. ) ;
#7445 = DIRECTION ( 'NONE',  ( -0.000000000000000000, -1.000000000000000000, -0.000000000000000000 ) ) ;
#7446 = CARTESIAN_POINT ( 'NONE',  ( 6.999513445761330388, 3.000000000000000000, -36.42795787642680949 ) ) ;
#7447 = LINE ( 'NONE', #7522, #4749 ) ;
#7448 = VERTEX_POINT ( 'NONE', #12908 ) ;
#7449 = CARTESIAN_POINT ( 'NONE',  ( -25.99672155919163075, 5.000000000000000000, 30.98283580801480142 ) ) ;
#7450 = ADVANCED_FACE ( 'NONE', ( #12975 ), #11932, .T. ) ;
#7451 = LINE ( 'NONE', #939, #2499 ) ;
#7452 = EDGE_LOOP ( 'NONE', ( #11299, #10334, #5074, #3802 ) ) ;
#7453 = AXIS2_PLACEMENT_3D ( 'NONE', #8699, #6867, #291 ) ;
#7454 = LINE ( 'NONE', #8786, #10141 ) ;
#7455 = VERTEX_POINT ( 'NONE', #3374 ) ;
#7456 = LINE ( 'NONE', #6466, #7506 ) ;
#7457 = ORIENTED_EDGE ( 'NONE', *, *, #6652, .F. ) ;
#7458 = VERTEX_POINT ( 'NONE', #10530 ) ;
#7459 = CARTESIAN_POINT ( 'NONE',  ( 12.74034219102754584, 3.000000000000000000, 10.44707193845270687 ) ) ;
#7460 = ORIENTED_EDGE ( 'NONE', *, *, #6290, .F. ) ;
#7461 = VECTOR ( 'NONE', #8682, 1000.000000000000000 ) ;
#7462 = DIRECTION ( 'NONE',  ( -0.000000000000000000, -1.000000000000000000, -0.000000000000000000 ) ) ;
#7463 = DIRECTION ( 'NONE',  ( 0.9788017192891083074, 0.000000000000000000, -0.2048101421235911379 ) ) ;
#7464 = CARTESIAN_POINT ( 'NONE',  ( -6.218455807191619833, 5.000000000000000000, 12.78923948001479616 ) ) ;
#7465 = CARTESIAN_POINT ( 'NONE',  ( -8.686888767191636163, 5.000000000000000000, 21.42065020801479847 ) ) ;
#7466 = EDGE_CURVE ( 'NONE', #13453, #4788, #13813, .T. ) ;
#7467 = ADVANCED_FACE ( 'NONE', ( #2123 ), #5339, .T. ) ;
#7468 = VECTOR ( 'NONE', #5117, 1000.000000000000000 ) ;
#7469 = LINE ( 'NONE', #7262, #13510 ) ;
#7470 = EDGE_LOOP ( 'NONE', ( #2007, #4183, #3167, #10810 ) ) ;
#7471 = ORIENTED_EDGE ( 'NONE', *, *, #10040, .F. ) ;
#7472 = VECTOR ( 'NONE', #13093, 1000.000000000000000 ) ;
#7473 = ORIENTED_EDGE ( 'NONE', *, *, #13599, .F. ) ;
#7474 = CARTESIAN_POINT ( 'NONE',  ( 10.31126350198869446, 3.000000000000000000, 32.27872189754711485 ) ) ;
#7475 = CARTESIAN_POINT ( 'NONE',  ( 44.44157596880837247, 3.000000000000000000, 0.000000000000000000 ) ) ;
#7476 = DIRECTION ( 'NONE',  ( 0.000000000000000000, 0.000000000000000000, 1.000000000000000000 ) ) ;
#7477 = ADVANCED_FACE ( 'NONE', ( #12077 ), #6604, .T. ) ;
#7478 = VECTOR ( 'NONE', #12590, 1000.000000000000114 ) ;
#7479 = DIRECTION ( 'NONE',  ( 0.000000000000000000, 0.000000000000000000, -1.000000000000000000 ) ) ;
#7480 = DIRECTION ( 'NONE',  ( 0.9225069732799374700, 0.000000000000000000, -0.3859804195161828377 ) ) ;
#7481 = VECTOR ( 'NONE', #1854, 1000.000000000000114 ) ;
#7482 = CARTESIAN_POINT ( 'NONE',  ( 3.713297760808363268, 5.000000000000000000, -6.870368647985202415 ) ) ;
#7483 = EDGE_CURVE ( 'NONE', #10146, #7896, #1292, .T. ) ;
#7484 = PLANE ( 'NONE',  #2633 ) ;
#7485 = EDGE_CURVE ( 'NONE', #4970, #3783, #8856, .T. ) ;
#7486 = CARTESIAN_POINT ( 'NONE',  ( -34.53050078319161997, 5.000000000000000000, 0.000000000000000000 ) ) ;
#7487 = DATE_TIME_ROLE ( 'classification_date' ) ;
#7488 = PLANE ( 'NONE',  #4274 ) ;
#7489 = ORIENTED_EDGE ( 'NONE', *, *, #5759, .T. ) ;
#7490 = CARTESIAN_POINT ( 'NONE',  ( -14.77326419919162248, 5.000000000000000000, 21.77169243201479532 ) ) ;
#7491 = VERTEX_POINT ( 'NONE', #2543 ) ;
#7492 = ORIENTED_EDGE ( 'NONE', *, *, #3427, .T. ) ;
#7493 = CARTESIAN_POINT ( 'NONE',  ( 51.79120820880836362, 5.000000000000000000, 0.000000000000000000 ) ) ;
#7494 = VECTOR ( 'NONE', #2353, 1000.000000000000000 ) ;
#7495 = DIRECTION ( 'NONE',  ( 1.000000000000000000, -0.000000000000000000, 0.000000000000000000 ) ) ;
#7496 = DIRECTION ( 'NONE',  ( -0.000000000000000000, -1.000000000000000000, -0.000000000000000000 ) ) ;
#7497 = VECTOR ( 'NONE', #11695, 1000.000000000000000 ) ;
#7498 = ORIENTED_EDGE ( 'NONE', *, *, #13195, .F. ) ;
#7499 = LINE ( 'NONE', #287, #9104 ) ;
#7500 = ORIENTED_EDGE ( 'NONE', *, *, #12042, .T. ) ;
#7501 = ADVANCED_FACE ( 'NONE', ( #2331 ), #7943, .T. ) ;
#7502 = AXIS2_PLACEMENT_3D ( 'NONE', #9090, #3765, #2846 ) ;
#7503 = DIRECTION ( 'NONE',  ( 0.9225015595500919430, 0.000000000000000000, 0.3859933582688286346 ) ) ;
#7504 = ADVANCED_FACE ( 'NONE', ( #6887 ), #9834, .T. ) ;
#7505 = CARTESIAN_POINT ( 'NONE',  ( 2.811553950093696130, 5.000000000000000000, 32.31142739570100986 ) ) ;
#7506 = VECTOR ( 'NONE', #11519, 1000.000000000000114 ) ;
#7507 = DIRECTION ( 'NONE',  ( -0.000000000000000000, -1.000000000000000000, -0.000000000000000000 ) ) ;
#7508 = VERTEX_POINT ( 'NONE', #13123 ) ;
#7509 = DIRECTION ( 'NONE',  ( -0.9292749767233641212, 0.000000000000000000, 0.3693887080512764931 ) ) ;
#7510 = ORIENTED_EDGE ( 'NONE', *, *, #399, .T. ) ;
#7511 = CARTESIAN_POINT ( 'NONE',  ( -25.95222279119163389, 5.000000000000000000, 32.18923217601479791 ) ) ;
#7512 = CARTESIAN_POINT ( 'NONE',  ( -8.462859622108968694, 5.000000000000000000, -2.236884978874940089 ) ) ;
#7513 = ORIENTED_EDGE ( 'NONE', *, *, #8609, .T. ) ;
#7514 = VECTOR ( 'NONE', #1579, 1000.000000000000227 ) ;
#7515 = ORIENTED_EDGE ( 'NONE', *, *, #3549, .T. ) ;
#7516 = EDGE_CURVE ( 'NONE', #443, #3154, #9058, .T. ) ;
#7517 = AXIS2_PLACEMENT_3D ( 'NONE', #10520, #8349, #925 ) ;
#7518 = EDGE_CURVE ( 'NONE', #11358, #10590, #8929, .T. ) ;
#7519 = AXIS2_PLACEMENT_3D ( 'NONE', #4208, #8484, #12743 ) ;
#7520 = CARTESIAN_POINT ( 'NONE',  ( -0.6432302484134511111, 5.000000000000000000, -31.82107295075225295 ) ) ;
#7521 = CARTESIAN_POINT ( 'NONE',  ( 27.88821308880836014, 3.000000000000000000, 21.73955533601479928 ) ) ;
#7522 = CARTESIAN_POINT ( 'NONE',  ( 18.27311201509036920, 5.000000000000000000, 7.749033386712466331 ) ) ;
#7523 = LINE ( 'NONE', #3027, #9713 ) ;
#7524 = DIRECTION ( 'NONE',  ( -0.2779401237068993558, 0.000000000000000000, 0.9605984008074308633 ) ) ;
#7525 = ORIENTED_EDGE ( 'NONE', *, *, #3968, .T. ) ;
#7526 = PLANE ( 'NONE',  #3872 ) ;
#7527 = AXIS2_PLACEMENT_3D ( 'NONE', #10921, #1326, #5445 ) ;
#7528 = ORIENTED_EDGE ( 'NONE', *, *, #5019, .T. ) ;
#7529 = DIRECTION ( 'NONE',  ( 0.7360834251059341637, 0.000000000000000000, -0.6768908267101251264 ) ) ;
#7530 = ORIENTED_EDGE ( 'NONE', *, *, #1733, .T. ) ;
#7531 = AXIS2_PLACEMENT_3D ( 'NONE', #9911, #1760, #7954 ) ;
#7532 = CARTESIAN_POINT ( 'NONE',  ( -3.638808439191620892, 5.000000000000000000, 0.000000000000000000 ) ) ;
#7533 = ORIENTED_EDGE ( 'NONE', *, *, #7122, .T. ) ;
#7534 = ORIENTED_EDGE ( 'NONE', *, *, #9010, .F. ) ;
#7535 = LINE ( 'NONE', #9696, #7075 ) ;
#7536 = ORIENTED_EDGE ( 'NONE', *, *, #9918, .T. ) ;
#7537 = ADVANCED_FACE ( 'NONE', ( #8018, #11021 ), #7874, .T. ) ;
#7538 = ADVANCED_FACE ( 'NONE', ( #6816 ), #11092, .T. ) ;
#7539 = CARTESIAN_POINT ( 'NONE',  ( 32.46412468880836855, 5.000000000000000000, 22.90392588001479623 ) ) ;
#7540 = VECTOR ( 'NONE', #2625, 1000.000000000000000 ) ;
#7541 = VECTOR ( 'NONE', #12935, 1000.000000000000114 ) ;
#7542 = CARTESIAN_POINT ( 'NONE',  ( 39.63081596880838475, 5.000000000000000000, 20.89408788801480554 ) ) ;
#7543 = AXIS2_PLACEMENT_3D ( 'NONE', #3232, #11792, #8433 ) ;
#7544 = LINE ( 'NONE', #5568, #8109 ) ;
#7545 = DIRECTION ( 'NONE',  ( 0.000000000000000000, 0.000000000000000000, 1.000000000000000000 ) ) ;
#7546 = ORIENTED_EDGE ( 'NONE', *, *, #10514, .F. ) ;
#7547 = DIRECTION ( 'NONE',  ( -0.000000000000000000, -1.000000000000000000, -0.000000000000000000 ) ) ;
#7548 = ORIENTED_EDGE ( 'NONE', *, *, #891, .F. ) ;
#7549 = ORIENTED_EDGE ( 'NONE', *, *, #2243, .F. ) ;
#7550 = ORIENTED_EDGE ( 'NONE', *, *, #1981, .T. ) ;
#7551 = VECTOR ( 'NONE', #8357, 1000.000000000000000 ) ;
#7552 = LINE ( 'NONE', #7690, #781 ) ;
#7553 = LINE ( 'NONE', #1377, #1544 ) ;
#7554 = AXIS2_PLACEMENT_3D ( 'NONE', #1677, #5939, #9307 ) ;
#7555 = EDGE_CURVE ( 'NONE', #9067, #10814, #13323, .T. ) ;
#7556 = CARTESIAN_POINT ( 'NONE',  ( 20.25924180880835834, 3.000000000000000000, 28.29563366401479385 ) ) ;
#7557 = EDGE_CURVE ( 'NONE', #12555, #1636, #5619, .T. ) ;
#7558 = PLANE ( 'NONE',  #11584 ) ;
#7559 = PLANE ( 'NONE',  #9645 ) ;
#7560 = DIRECTION ( 'NONE',  ( 0.6295866936947176473, 0.000000000000000000, -0.7769302382598799461 ) ) ;
#7561 = AXIS2_PLACEMENT_3D ( 'NONE', #10206, #3964, #10480 ) ;
#7562 = CARTESIAN_POINT ( 'NONE',  ( 2.082737812778864051, 3.000000000000000000, 22.48033774331845080 ) ) ;
#7563 = DIRECTION ( 'NONE',  ( 0.000000000000000000, 0.000000000000000000, 1.000000000000000000 ) ) ;
#7564 = DIRECTION ( 'NONE',  ( 0.000000000000000000, 0.000000000000000000, -1.000000000000000000 ) ) ;
#7565 = ORIENTED_EDGE ( 'NONE', *, *, #11031, .T. ) ;
#7566 = FACE_OUTER_BOUND ( 'NONE', #13592, .T. ) ;
#7567 = ORIENTED_EDGE ( 'NONE', *, *, #319, .F. ) ;
#7568 = ORIENTED_EDGE ( 'NONE', *, *, #5481, .F. ) ;
#7569 = PLANE ( 'NONE',  #10001 ) ;
#7570 = ORIENTED_EDGE ( 'NONE', *, *, #13441, .F. ) ;
#7571 = DIRECTION ( 'NONE',  ( -1.000000000000000000, 0.000000000000000000, 0.000000000000000000 ) ) ;
#7572 = LINE ( 'NONE', #9942, #3673 ) ;
#7573 = VERTEX_POINT ( 'NONE', #9900 ) ;
#7574 = ADVANCED_FACE ( 'NONE', ( #13047 ), #5691, .T. ) ;
#7575 = DIRECTION ( 'NONE',  ( -0.000000000000000000, -1.000000000000000000, -0.000000000000000000 ) ) ;
#7576 = VECTOR ( 'NONE', #8873, 1000.000000000000114 ) ;
#7577 = EDGE_LOOP ( 'NONE', ( #4784, #1638, #10986, #8879, #12435, #8369, #10246, #4197, #9416, #12106, #12616, #6121, #11013, #7421, #4817, #9692, #8373, #12526, #2970, #6899, #2782, #1178, #45, #6673, #13013 ) ) ;
#7578 = DIRECTION ( 'NONE',  ( -0.000000000000000000, -1.000000000000000000, -0.000000000000000000 ) ) ;
#7579 = CARTESIAN_POINT ( 'NONE',  ( -2.482024315948412774, 3.000000000000000000, -29.53787603221622859 ) ) ;
#7580 = DIRECTION ( 'NONE',  ( -0.000000000000000000, -1.000000000000000000, -0.000000000000000000 ) ) ;
#7581 = ORIENTED_EDGE ( 'NONE', *, *, #11429, .T. ) ;
#7582 = CARTESIAN_POINT ( 'NONE',  ( 51.72345421680836353, 3.000000000000000000, 20.53133626401479717 ) ) ;
#7583 = EDGE_CURVE ( 'NONE', #1000, #11187, #311, .T. ) ;
#7584 = EDGE_LOOP ( 'NONE', ( #1083, #10553, #2236, #3281 ) ) ;
#7585 = LINE ( 'NONE', #5465, #1921 ) ;
#7586 = ORIENTED_EDGE ( 'NONE', *, *, #12695, .F. ) ;
#7587 = FACE_OUTER_BOUND ( 'NONE', #2307, .T. ) ;
#7588 = EDGE_LOOP ( 'NONE', ( #2178, #2483, #7779, #12634 ) ) ;
#7589 = EDGE_CURVE ( 'NONE', #3176, #8508, #4652, .T. ) ;
#7590 = EDGE_CURVE ( 'NONE', #13090, #6416, #10044, .T. ) ;
#7591 = ORIENTED_EDGE ( 'NONE', *, *, #4988, .T. ) ;
#7592 = LINE ( 'NONE', #8850, #13137 ) ;
#7593 = PLANE ( 'NONE',  #3277 ) ;
#7594 = CARTESIAN_POINT ( 'NONE',  ( -50.21380393519162766, 5.000000000000000000, 30.61553352001479666 ) ) ;
#7595 = ORIENTED_EDGE ( 'NONE', *, *, #8939, .T. ) ;
#7596 = DIRECTION ( 'NONE',  ( 0.000000000000000000, 0.000000000000000000, -1.000000000000000000 ) ) ;
#7597 = ORIENTED_EDGE ( 'NONE', *, *, #11773, .T. ) ;
#7598 = DIRECTION ( 'NONE',  ( 0.6838691909497333077, -0.000000000000000000, 0.7296046392874412367 ) ) ;
#7599 = EDGE_LOOP ( 'NONE', ( #11856, #3238, #6682, #3186 ) ) ;
#7600 = DIRECTION ( 'NONE',  ( 0.3662198424468707247, 0.000000000000000000, -0.9305283590510228242 ) ) ;
#7601 = ORIENTED_EDGE ( 'NONE', *, *, #9010, .T. ) ;
#7602 = DIRECTION ( 'NONE',  ( -0.9966915990134757042, 0.000000000000000000, 0.08127642004887247751 ) ) ;
#7603 = ORIENTED_EDGE ( 'NONE', *, *, #3755, .F. ) ;
#7604 = CARTESIAN_POINT ( 'NONE',  ( 42.08069676880835175, 5.000000000000000000, 21.14624486401479686 ) ) ;
#7605 = ORIENTED_EDGE ( 'NONE', *, *, #1731, .T. ) ;
#7606 = CARTESIAN_POINT ( 'NONE',  ( 45.12741254480836517, 5.000000000000000000, 21.17265375201478506 ) ) ;
#7607 = CARTESIAN_POINT ( 'NONE',  ( -4.589937621240017781E-13, 5.000000000000000000, -43.00033533308694444 ) ) ;
#7608 = CARTESIAN_POINT ( 'NONE',  ( 48.39486549680836447, 5.000000000000000000, 21.31096894401479602 ) ) ;
#7609 = CARTESIAN_POINT ( 'NONE',  ( -0.7951457727989018620, 3.000000000000000000, -43.39790821999562809 ) ) ;
#7610 = EDGE_CURVE ( 'NONE', #4977, #909, #13252, .T. ) ;
#7611 = ADVANCED_FACE ( 'NONE', ( #12342 ), #4976, .T. ) ;
#7612 = CARTESIAN_POINT ( 'NONE',  ( 31.93756236880837562, 3.000000000000000000, 13.67547900801479521 ) ) ;
#7613 = EDGE_LOOP ( 'NONE', ( #950, #12488, #9595, #1392 ) ) ;
#7614 = ORIENTED_EDGE ( 'NONE', *, *, #4745, .T. ) ;
#7615 = VERTEX_POINT ( 'NONE', #10244 ) ;
#7616 = DIRECTION ( 'NONE',  ( -0.8046303130026136730, 0.000000000000000000, -0.5937761020766295639 ) ) ;
#7617 = PLANE ( 'NONE',  #3555 ) ;
#7618 = PLANE ( 'NONE',  #11121 ) ;
#7619 = CARTESIAN_POINT ( 'NONE',  ( 5.487959255178094686, 5.000000000000000000, 14.81842382682608772 ) ) ;
#7620 = LINE ( 'NONE', #2290, #6514 ) ;
#7621 = CARTESIAN_POINT ( 'NONE',  ( -77.00000000000001421, 0.000000000000000000, 25.54999999999998650 ) ) ;
#7622 = DIRECTION ( 'NONE',  ( 0.3826848932556902172, 0.000000000000000000, -0.9238789273892338283 ) ) ;
#7623 = CARTESIAN_POINT ( 'NONE',  ( 76.49999999999998579, 0.000000000000000000, 46.99999999999999289 ) ) ;
#7624 = DIRECTION ( 'NONE',  ( 0.000000000000000000, -0.000000000000000000, 1.000000000000000000 ) ) ;
#7625 = ORIENTED_EDGE ( 'NONE', *, *, #8275, .F. ) ;
#7626 = EDGE_CURVE ( 'NONE', #8252, #865, #2743, .T. ) ;
#7627 = FACE_OUTER_BOUND ( 'NONE', #9012, .T. ) ;
#7628 = ORIENTED_EDGE ( 'NONE', *, *, #9318, .F. ) ;
#7629 = ORIENTED_EDGE ( 'NONE', *, *, #12292, .T. ) ;
#7630 = DIRECTION ( 'NONE',  ( -0.9606829169602377760, 0.000000000000000000, 0.2776478580158124876 ) ) ;
#7631 = EDGE_CURVE ( 'NONE', #8154, #8918, #5962, .T. ) ;
#7632 = VERTEX_POINT ( 'NONE', #2815 ) ;
#7633 = LINE ( 'NONE', #6574, #7053 ) ;
#7634 = LINE ( 'NONE', #353, #2987 ) ;
#7635 = ORIENTED_EDGE ( 'NONE', *, *, #5355, .F. ) ;
#7636 = FACE_OUTER_BOUND ( 'NONE', #8769, .T. ) ;
#7637 = VECTOR ( 'NONE', #4171, 1000.000000000000114 ) ;
#7638 = VERTEX_POINT ( 'NONE', #12480 ) ;
#7639 = CARTESIAN_POINT ( 'NONE',  ( 38.47138724880836946, 5.000000000000000000, 20.23155835201480102 ) ) ;
#7640 = LINE ( 'NONE', #10998, #8573 ) ;
#7641 = PLANE ( 'NONE',  #54 ) ;
#7642 = ORIENTED_EDGE ( 'NONE', *, *, #2374, .T. ) ;
#7643 = EDGE_CURVE ( 'NONE', #13028, #2556, #13584, .T. ) ;
#7644 = VECTOR ( 'NONE', #5159, 1000.000000000000114 ) ;
#7645 = DIRECTION ( 'NONE',  ( -0.1371697224134747484, 0.000000000000000000, -0.9905475593089966280 ) ) ;
#7646 = VECTOR ( 'NONE', #12762, 999.9999999999998863 ) ;
#7647 = EDGE_CURVE ( 'NONE', #10051, #4214, #2880, .T. ) ;
#7648 = VERTEX_POINT ( 'NONE', #4912 ) ;
#7649 = CARTESIAN_POINT ( 'NONE',  ( 3.797830992808374884, 5.000000000000000000, -7.595339511985203629 ) ) ;
#7650 = ORIENTED_EDGE ( 'NONE', *, *, #4809, .T. ) ;
#7651 = FACE_OUTER_BOUND ( 'NONE', #3021, .T. ) ;
#7652 = LINE ( 'NONE', #6520, #3213 ) ;
#7653 = EDGE_LOOP ( 'NONE', ( #6199, #12667, #12364, #1425 ) ) ;
#7654 = EDGE_LOOP ( 'NONE', ( #7191, #10746, #10726, #1219 ) ) ;
#7655 = VECTOR ( 'NONE', #12441, 1000.000000000000000 ) ;
#7656 = AXIS2_PLACEMENT_3D ( 'NONE', #7368, #2035, #10658 ) ;
#7657 = EDGE_CURVE ( 'NONE', #294, #2061, #4850, .T. ) ;
#7658 = CARTESIAN_POINT ( 'NONE',  ( 19.59674173680836518, 3.000000000000000000, 20.86278899201479575 ) ) ;
#7659 = LINE ( 'NONE', #11018, #6293 ) ;
#7660 = LINE ( 'NONE', #2327, #2174 ) ;
#7661 = FACE_OUTER_BOUND ( 'NONE', #3221, .T. ) ;
#7662 = FACE_OUTER_BOUND ( 'NONE', #12533, .T. ) ;
#7663 = ORIENTED_EDGE ( 'NONE', *, *, #459, .F. ) ;
#7664 = EDGE_CURVE ( 'NONE', #13453, #3760, #1767, .T. ) ;
#7665 = DIRECTION ( 'NONE',  ( -0.9252396484677227750, 0.000000000000000000, 0.3793831742491022840 ) ) ;
#7666 = EDGE_CURVE ( 'NONE', #10230, #11252, #7157, .T. ) ;
#7667 = VERTEX_POINT ( 'NONE', #13446 ) ;
#7668 = DIRECTION ( 'NONE',  ( 0.9911500883394482875, -0.000000000000000000, 0.1327460070386447533 ) ) ;
#7669 = VECTOR ( 'NONE', #5127, 1000.000000000000000 ) ;
#7670 = ORIENTED_EDGE ( 'NONE', *, *, #3119, .F. ) ;
#7671 = ORIENTED_EDGE ( 'NONE', *, *, #13624, .F. ) ;
#7672 = VECTOR ( 'NONE', #5944, 1000.000000000000000 ) ;
#7673 = CARTESIAN_POINT ( 'NONE',  ( 48.66643924880836636, 5.000000000000000000, 20.02636800801478856 ) ) ;
#7674 = ORIENTED_EDGE ( 'NONE', *, *, #9252, .T. ) ;
#7675 = DIRECTION ( 'NONE',  ( -0.000000000000000000, -1.000000000000000000, -0.000000000000000000 ) ) ;
#7676 = EDGE_LOOP ( 'NONE', ( #13763, #11607, #9812, #12543 ) ) ;
#7677 = ADVANCED_FACE ( 'NONE', ( #11366 ), #10374, .T. ) ;
#7678 = LINE ( 'NONE', #10893, #1593 ) ;
#7679 = VECTOR ( 'NONE', #693, 1000.000000000000000 ) ;
#7680 = LINE ( 'NONE', #12155, #6441 ) ;
#7681 = DIRECTION ( 'NONE',  ( 0.000000000000000000, 0.000000000000000000, -1.000000000000000000 ) ) ;
#7682 = DIRECTION ( 'NONE',  ( 0.8669935126065556608, 0.000000000000000000, 0.4983194247650259978 ) ) ;
#7683 = VECTOR ( 'NONE', #10528, 1000.000000000000000 ) ;
#7684 = EDGE_CURVE ( 'NONE', #4353, #6842, #7222, .T. ) ;
#7685 = FACE_OUTER_BOUND ( 'NONE', #174, .T. ) ;
#7686 = ORIENTED_EDGE ( 'NONE', *, *, #9643, .T. ) ;
#7687 = ORIENTED_EDGE ( 'NONE', *, *, #7762, .F. ) ;
#7688 = ORIENTED_EDGE ( 'NONE', *, *, #644, .F. ) ;
#7689 = VECTOR ( 'NONE', #3812, 1000.000000000000000 ) ;
#7690 = CARTESIAN_POINT ( 'NONE',  ( -28.13431037519163169, 5.000000000000000000, 13.27491999201479089 ) ) ;
#7691 = CARTESIAN_POINT ( 'NONE',  ( -52.98590743828774663, 5.000000000000000000, 20.64746446397321122 ) ) ;
#7692 = DIRECTION ( 'NONE',  ( 0.9936137372156853553, 0.000000000000000000, 0.1128350176863508747 ) ) ;
#7693 = ADVANCED_FACE ( 'NONE', ( #6028 ), #10304, .F. ) ;
#7694 = ADVANCED_FACE ( 'NONE', ( #9394 ), #8215, .F. ) ;
#7695 = LINE ( 'NONE', #10908, #3077 ) ;
#7696 = DIRECTION ( 'NONE',  ( 1.000000000000000000, -0.000000000000000000, 0.000000000000000000 ) ) ;
#7697 = LINE ( 'NONE', #2367, #8403 ) ;
#7698 = VECTOR ( 'NONE', #716, 1000.000000000000114 ) ;
#7699 = CARTESIAN_POINT ( 'NONE',  ( 11.59690708880838095, 5.000000000000000000, 23.49229249601479808 ) ) ;
#7700 = CARTESIAN_POINT ( 'NONE',  ( 11.38441826952666069, 5.000000000000000000, 16.12111971201863980 ) ) ;
#7701 = APPROVAL_STATUS ( 'not_yet_approved' ) ;
#7702 = DIRECTION ( 'NONE',  ( 0.000000000000000000, 0.000000000000000000, 1.000000000000000000 ) ) ;
#7703 = ORIENTED_EDGE ( 'NONE', *, *, #4775, .T. ) ;
#7704 = DIRECTION ( 'NONE',  ( -0.1886949699039869310, 0.000000000000000000, 0.9820357469730587319 ) ) ;
#7705 = VERTEX_POINT ( 'NONE', #5047 ) ;
#7706 = VERTEX_POINT ( 'NONE', #4000 ) ;
#7707 = LINE ( 'NONE', #3492, #11785 ) ;
#7708 = VERTEX_POINT ( 'NONE', #8277 ) ;
#7709 = DIRECTION ( 'NONE',  ( 0.000000000000000000, 0.000000000000000000, -1.000000000000000000 ) ) ;
#7710 = CARTESIAN_POINT ( 'NONE',  ( 29.02438641690035936, 5.000000000000000000, 30.86727501484084968 ) ) ;
#7711 = ORIENTED_EDGE ( 'NONE', *, *, #3725, .T. ) ;
#7712 = VECTOR ( 'NONE', #7354, 1000.000000000000000 ) ;
#7713 = CARTESIAN_POINT ( 'NONE',  ( 3.759521180155791065, 5.000000000000000000, 6.239869125476879219 ) ) ;
#7714 = ORIENTED_EDGE ( 'NONE', *, *, #13227, .F. ) ;
#7715 = VECTOR ( 'NONE', #1819, 1000.000000000000114 ) ;
#7716 = EDGE_CURVE ( 'NONE', #4905, #1795, #12538, .T. ) ;
#7717 = DIRECTION ( 'NONE',  ( 0.1746986879099474421, 0.000000000000000000, 0.9846219418855862715 ) ) ;
#7718 = CARTESIAN_POINT ( 'NONE',  ( 29.83131308880835419, 3.000000000000000000, 21.14624486401479331 ) ) ;
#7719 = FACE_OUTER_BOUND ( 'NONE', #9690, .T. ) ;
#7720 = ORIENTED_EDGE ( 'NONE', *, *, #7930, .T. ) ;
#7721 = VECTOR ( 'NONE', #12852, 1000.000000000000000 ) ;
#7722 = DIRECTION ( 'NONE',  ( -0.8291492479507225344, 0.000000000000000000, -0.5590273022158680494 ) ) ;
#7723 = VERTEX_POINT ( 'NONE', #854 ) ;
#7724 = VECTOR ( 'NONE', #2928, 999.9999999999998863 ) ;
#7725 = DIRECTION ( 'NONE',  ( 0.9305283590510228242, 0.000000000000000000, 0.3662198424468707247 ) ) ;
#7726 = ORIENTED_EDGE ( 'NONE', *, *, #10143, .F. ) ;
#7727 = ORIENTED_EDGE ( 'NONE', *, *, #3023, .F. ) ;
#7728 = FACE_OUTER_BOUND ( 'NONE', #6853, .T. ) ;
#7729 = CARTESIAN_POINT ( 'NONE',  ( -34.53050078319161287, 3.000000000000000000, 32.03596146401479672 ) ) ;
#7730 = EDGE_LOOP ( 'NONE', ( #12638, #12929, #8473, #6150 ) ) ;
#7731 = VERTEX_POINT ( 'NONE', #5893 ) ;
#7732 = EDGE_CURVE ( 'NONE', #5108, #10106, #3794, .T. ) ;
#7733 = VECTOR ( 'NONE', #12387, 1000.000000000000000 ) ;
#7734 = EDGE_CURVE ( 'NONE', #5116, #7491, #9127, .T. ) ;
#7735 = DIRECTION ( 'NONE',  ( 0.9525775992158900252, 0.000000000000000000, -0.3042957730105548264 ) ) ;
#7736 = VECTOR ( 'NONE', #5660, 1000.000000000000000 ) ;
#7737 = DIRECTION ( 'NONE',  ( 0.1978980661722990475, 0.000000000000000000, -0.9802226050266665824 ) ) ;
#7738 = DIRECTION ( 'NONE',  ( 0.7233164512788751166, 0.000000000000000000, -0.6905166987910825727 ) ) ;
#7739 = CARTESIAN_POINT ( 'NONE',  ( 8.713256738517836563E-14, 5.000000000000000000, -43.88933533369861806 ) ) ;
#7740 = DIRECTION ( 'NONE',  ( 0.3750170057496873821, 0.000000000000000000, 0.9270179315409917686 ) ) ;
#7741 = ORIENTED_EDGE ( 'NONE', *, *, #2416, .T. ) ;
#7742 = DIRECTION ( 'NONE',  ( 0.8168531569463852726, 0.000000000000000000, -0.5768456639229629923 ) ) ;
#7743 = ORIENTED_EDGE ( 'NONE', *, *, #9555, .T. ) ;
#7744 = DIRECTION ( 'NONE',  ( 1.000000000000000000, -0.000000000000000000, 0.000000000000000000 ) ) ;
#7745 = VECTOR ( 'NONE', #12231, 1000.000000000000000 ) ;
#7746 = VERTEX_POINT ( 'NONE', #7295 ) ;
#7747 = LINE ( 'NONE', #4585, #7540 ) ;
#7748 = VECTOR ( 'NONE', #3935, 1000.000000000000114 ) ;
#7749 = VERTEX_POINT ( 'NONE', #10789 ) ;
#7750 = DIRECTION ( 'NONE',  ( 0.6602386467690931626, -0.000000000000000000, 0.7510558762918486675 ) ) ;
#7751 = ORIENTED_EDGE ( 'NONE', *, *, #11689, .F. ) ;
#7752 = EDGE_CURVE ( 'NONE', #10958, #10730, #3845, .T. ) ;
#7753 = CARTESIAN_POINT ( 'NONE',  ( -7.632395077703248987, 5.000000000000000000, -3.129399903357408697 ) ) ;
#7754 = CARTESIAN_POINT ( 'NONE',  ( -51.66480839919162804, 5.000000000000000000, 0.000000000000000000 ) ) ;
#7755 = DIRECTION ( 'NONE',  ( 0.8717537324814302879, 0.000000000000000000, -0.4899443130649595579 ) ) ;
#7756 = VECTOR ( 'NONE', #5034, 1000.000000000000000 ) ;
#7757 = CARTESIAN_POINT ( 'NONE',  ( 3.247195835403345221, 3.000000000000000000, -33.74443094418467837 ) ) ;
#7758 = VECTOR ( 'NONE', #3385, 1000.000000000000000 ) ;
#7759 = PLANE ( 'NONE',  #7041 ) ;
#7760 = ORIENTED_EDGE ( 'NONE', *, *, #13713, .T. ) ;
#7761 = ORIENTED_EDGE ( 'NONE', *, *, #4860, .F. ) ;
#7762 = EDGE_CURVE ( 'NONE', #10015, #4091, #12605, .T. ) ;
#7763 = ORIENTED_EDGE ( 'NONE', *, *, #7516, .F. ) ;
#7764 = FACE_OUTER_BOUND ( 'NONE', #4206, .T. ) ;
#7765 = LINE ( 'NONE', #9855, #6918 ) ;
#7766 = VECTOR ( 'NONE', #5730, 1000.000000000000114 ) ;
#7767 = CARTESIAN_POINT ( 'NONE',  ( 8.277839293488513661, 3.000000000000000000, 11.85764157189285761 ) ) ;
#7768 = EDGE_CURVE ( 'NONE', #5787, #9505, #5252, .T. ) ;
#7769 = VECTOR ( 'NONE', #9214, 1000.000000000000000 ) ;
#7770 = EDGE_CURVE ( 'NONE', #5029, #7924, #2105, .T. ) ;
#7771 = DIRECTION ( 'NONE',  ( -0.5658925211636305352, 0.000000000000000000, -0.8244790200430026639 ) ) ;
#7772 = FACE_OUTER_BOUND ( 'NONE', #9262, .T. ) ;
#7773 = DIRECTION ( 'NONE',  ( -1.000000000000000000, 0.000000000000000000, 0.000000000000000000 ) ) ;
#7774 = CARTESIAN_POINT ( 'NONE',  ( -13.35306154759006070, 3.000000000000000000, 5.531043929551459293 ) ) ;
#7775 = ORIENTED_EDGE ( 'NONE', *, *, #5936, .T. ) ;
#7776 = CARTESIAN_POINT ( 'NONE',  ( 21.66279585522150342, 3.000000000000000000, -8.418192952556006858 ) ) ;
#7777 = VECTOR ( 'NONE', #11404, 1000.000000000000000 ) ;
#7778 = VECTOR ( 'NONE', #5045, 1000.000000000000000 ) ;
#7779 = ORIENTED_EDGE ( 'NONE', *, *, #5343, .T. ) ;
#7780 = EDGE_CURVE ( 'NONE', #11063, #180, #4272, .T. ) ;
#7781 = CARTESIAN_POINT ( 'NONE',  ( -18.12052598319162655, 5.000000000000000000, 21.14624283201479216 ) ) ;
#7782 = ORIENTED_EDGE ( 'NONE', *, *, #11346, .T. ) ;
#7783 = ORIENTED_EDGE ( 'NONE', *, *, #7988, .T. ) ;
#7784 = CARTESIAN_POINT ( 'NONE',  ( 0.000000000000000000, 3.000000000000000000, 20.22908540801479660 ) ) ;
#7785 = CARTESIAN_POINT ( 'NONE',  ( -13.63508042674226139, 5.000000000000000000, 30.47278115459705816 ) ) ;
#7786 = ORIENTED_EDGE ( 'NONE', *, *, #12535, .F. ) ;
#7787 = DIRECTION ( 'NONE',  ( 0.8829586124968413774, 0.000000000000000000, 0.4694508372744184421 ) ) ;
#7788 = ORIENTED_EDGE ( 'NONE', *, *, #3746, .T. ) ;
#7789 = AXIS2_PLACEMENT_3D ( 'NONE', #5061, #11439, #1842 ) ;
#7790 = LINE ( 'NONE', #8966, #1482 ) ;
#7791 = LINE ( 'NONE', #12059, #5428 ) ;
#7792 = CYLINDRICAL_SURFACE ( 'NONE', #12835, 1.700000000000000178 ) ;
#7793 = CARTESIAN_POINT ( 'NONE',  ( 16.48924172880835570, 5.000000000000000000, 31.12127393601479497 ) ) ;
#7794 = ORIENTED_EDGE ( 'NONE', *, *, #13622, .T. ) ;
#7795 = FACE_OUTER_BOUND ( 'NONE', #6961, .T. ) ;
#7796 = ORIENTED_EDGE ( 'NONE', *, *, #10847, .T. ) ;
#7797 = ORIENTED_EDGE ( 'NONE', *, *, #6281, .T. ) ;
#7798 = EDGE_CURVE ( 'NONE', #5029, #1535, #3082, .T. ) ;
#7799 = LINE ( 'NONE', #5539, #10203 ) ;
#7800 = ORIENTED_EDGE ( 'NONE', *, *, #3687, .F. ) ;
#7801 = ADVANCED_FACE ( 'NONE', ( #155 ), #9670, .F. ) ;
#7802 = VECTOR ( 'NONE', #6204, 1000.000000000000000 ) ;
#7803 = CARTESIAN_POINT ( 'NONE',  ( -25.43060331119162143, 5.000000000000000000, 32.14226249601478713 ) ) ;
#7804 = LINE ( 'NONE', #10941, #12402 ) ;
#7805 = EDGE_LOOP ( 'NONE', ( #7830, #11899, #9775, #7020 ) ) ;
#7806 = EDGE_LOOP ( 'NONE', ( #6297, #8003, #5627, #11386 ) ) ;
#7807 = LINE ( 'NONE', #2470, #8670 ) ;
#7808 = CARTESIAN_POINT ( 'NONE',  ( 0.000000000000000000, 5.000000000000000000, 0.000000000000000000 ) ) ;
#7809 = DIRECTION ( 'NONE',  ( 0.1950914675743609106, 0.000000000000000000, -0.9807850525368349004 ) ) ;
#7810 = CARTESIAN_POINT ( 'NONE',  ( 26.41790367882060764, 5.000000000000000000, 5.718350162647949375 ) ) ;
#7811 = DIRECTION ( 'NONE',  ( 0.9616069243909932673, 0.000000000000000000, 0.2744305430583380834 ) ) ;
#7812 = ORIENTED_EDGE ( 'NONE', *, *, #5113, .T. ) ;
#7813 = FACE_OUTER_BOUND ( 'NONE', #5812, .T. ) ;
#7814 = EDGE_LOOP ( 'NONE', ( #10503, #12417, #1212, #5391 ) ) ;
#7815 = ORIENTED_EDGE ( 'NONE', *, *, #5212, .T. ) ;
#7816 = FACE_OUTER_BOUND ( 'NONE', #914, .T. ) ;
#7817 = EDGE_CURVE ( 'NONE', #4370, #7851, #8344, .T. ) ;
#7818 = ORIENTED_EDGE ( 'NONE', *, *, #13583, .T. ) ;
#7819 = CARTESIAN_POINT ( 'NONE',  ( -49.59069418319162281, 5.000000000000000000, 31.18307721601480509 ) ) ;
#7820 = EDGE_CURVE ( 'NONE', #4457, #1523, #2239, .T. ) ;
#7821 = ORIENTED_EDGE ( 'NONE', *, *, #13061, .T. ) ;
#7822 = CARTESIAN_POINT ( 'NONE',  ( 26.06379204880835587, 5.000000000000000000, -6.595957207985201798 ) ) ;
#7823 = ORIENTED_EDGE ( 'NONE', *, *, #5509, .F. ) ;
#7824 = DIRECTION ( 'NONE',  ( 0.001119048162977703906, 0.000000000000000000, 0.9999993738654083808 ) ) ;
#7825 = DIRECTION ( 'NONE',  ( -1.000000000000000000, 0.000000000000000000, 0.000000000000000000 ) ) ;
#7826 = CARTESIAN_POINT ( 'NONE',  ( 24.00775463661567954, 5.000000000000000000, 25.55967752738640186 ) ) ;
#7827 = DIRECTION ( 'NONE',  ( -0.000000000000000000, -1.000000000000000000, -0.000000000000000000 ) ) ;
#7828 = EDGE_CURVE ( 'NONE', #790, #9389, #4345, .T. ) ;
#7829 = CARTESIAN_POINT ( 'NONE',  ( 0.08128320133054051100, 5.000000000000000000, 0.05560048142076833011 ) ) ;
#7830 = ORIENTED_EDGE ( 'NONE', *, *, #4743, .F. ) ;
#7831 = ORIENTED_EDGE ( 'NONE', *, *, #10190, .F. ) ;
#7832 = ORIENTED_EDGE ( 'NONE', *, *, #7657, .F. ) ;
#7833 = DIRECTION ( 'NONE',  ( -0.5937761020766295639, 0.000000000000000000, 0.8046303130026136730 ) ) ;
#7834 = DIRECTION ( 'NONE',  ( -0.000000000000000000, -1.000000000000000000, -0.000000000000000000 ) ) ;
#7835 = DIRECTION ( 'NONE',  ( -1.000000000000000000, 0.000000000000000000, 0.000000000000000000 ) ) ;
#7836 = CARTESIAN_POINT ( 'NONE',  ( -28.90641449519162975, 5.000000000000000000, 17.13645557601479297 ) ) ;
#7837 = EDGE_CURVE ( 'NONE', #10505, #13669, #1970, .T. ) ;
#7838 = CARTESIAN_POINT ( 'NONE',  ( 19.85122655222131627, 5.000000000000000000, -1.410460701525787730 ) ) ;
#7839 = DIRECTION ( 'NONE',  ( -0.000000000000000000, -1.000000000000000000, -0.000000000000000000 ) ) ;
#7840 = VERTEX_POINT ( 'NONE', #11778 ) ;
#7841 = ADVANCED_FACE ( 'NONE', ( #2177 ), #6238, .T. ) ;
#7842 = PLANE ( 'NONE',  #11508 ) ;
#7843 = EDGE_CURVE ( 'NONE', #13288, #4019, #5184, .T. ) ;
#7844 = ORIENTED_EDGE ( 'NONE', *, *, #8789, .F. ) ;
#7845 = PLANE ( 'NONE',  #4627 ) ;
#7846 = VERTEX_POINT ( 'NONE', #11704 ) ;
#7847 = DIRECTION ( 'NONE',  ( 0.9867994316206480931, 0.000000000000000000, 0.1619471572864612519 ) ) ;
#7848 = LINE ( 'NONE', #5661, #12610 ) ;
#7849 = EDGE_LOOP ( 'NONE', ( #13175, #11324, #64, #16 ) ) ;
#7850 = CARTESIAN_POINT ( 'NONE',  ( 1.546697728155256302, 5.000000000000000000, 1.650136974982350457 ) ) ;
#7851 = VERTEX_POINT ( 'NONE', #8419 ) ;
#7852 = ADVANCED_FACE ( 'NONE', ( #1128 ), #6305, .T. ) ;
#7853 = DIRECTION ( 'NONE',  ( -0.000000000000000000, -1.000000000000000000, -0.000000000000000000 ) ) ;
#7854 = LINE ( 'NONE', #5598, #12657 ) ;
#7855 = CARTESIAN_POINT ( 'NONE',  ( 0.000000000000000000, 5.000000000000000000, 0.000000000000000000 ) ) ;
#7856 = FACE_OUTER_BOUND ( 'NONE', #7654, .T. ) ;
#7857 = LINE ( 'NONE', #12122, #5410 ) ;
#7858 = ORIENTED_EDGE ( 'NONE', *, *, #8026, .F. ) ;
#7859 = LINE ( 'NONE', #3433, #6342 ) ;
#7860 = EDGE_CURVE ( 'NONE', #7073, #5767, #76, .T. ) ;
#7861 = ORIENTED_EDGE ( 'NONE', *, *, #7221, .F. ) ;
#7862 = CARTESIAN_POINT ( 'NONE',  ( 3.610983513933003319, 5.000000000000000000, 8.717811139678648402 ) ) ;
#7863 = DIRECTION ( 'NONE',  ( -0.000000000000000000, -1.000000000000000000, -0.000000000000000000 ) ) ;
#7864 = CARTESIAN_POINT ( 'NONE',  ( -38.88651543919162634, 5.000000000000000000, 26.59264900801479214 ) ) ;
#7865 = ORIENTED_EDGE ( 'NONE', *, *, #9616, .F. ) ;
#7866 = ORIENTED_EDGE ( 'NONE', *, *, #6108, .T. ) ;
#7867 = CARTESIAN_POINT ( 'NONE',  ( 11.89125266726336783, 5.000000000000000000, 7.825511297639813790 ) ) ;
#7868 = EDGE_CURVE ( 'NONE', #10330, #3011, #3294, .T. ) ;
#7869 = LINE ( 'NONE', #6740, #10547 ) ;
#7870 = EDGE_CURVE ( 'NONE', #5945, #11336, #11847, .T. ) ;
#7871 = VECTOR ( 'NONE', #12986, 1000.000000000000000 ) ;
#7872 = LINE ( 'NONE', #238, #7102 ) ;
#7873 = FACE_OUTER_BOUND ( 'NONE', #9959, .T. ) ;
#7874 = PLANE ( 'NONE',  #268 ) ;
#7875 = ORIENTED_EDGE ( 'NONE', *, *, #4775, .F. ) ;
#7876 = LINE ( 'NONE', #12142, #3671 ) ;
#7877 = VERTEX_POINT ( 'NONE', #3146 ) ;
#7878 = CARTESIAN_POINT ( 'NONE',  ( 0.6376673270572599250, 5.000000000000000000, 0.6679567183690814369 ) ) ;
#7879 = ORIENTED_EDGE ( 'NONE', *, *, #1519, .T. ) ;
#7880 = CARTESIAN_POINT ( 'NONE',  ( -12.83851673519162340, 3.000000000000000000, 25.37481857601479263 ) ) ;
#7881 = VERTEX_POINT ( 'NONE', #13027 ) ;
#7882 = VECTOR ( 'NONE', #7016, 1000.000000000000000 ) ;
#7883 = FACE_OUTER_BOUND ( 'NONE', #5275, .T. ) ;
#7884 = VECTOR ( 'NONE', #5066, 1000.000000000000114 ) ;
#7885 = EDGE_LOOP ( 'NONE', ( #13848, #1389, #1655, #13824 ) ) ;
#7886 = CARTESIAN_POINT ( 'NONE',  ( -2.254848723643160469, 5.000000000000000000, 2.452030233090804590 ) ) ;
#7887 = ADVANCED_FACE ( 'NONE', ( #433 ), #4424, .T. ) ;
#7888 = CARTESIAN_POINT ( 'NONE',  ( -84.00000000000001421, 3.000000000000000000, 25.54999999999999005 ) ) ;
#7889 = CARTESIAN_POINT ( 'NONE',  ( 0.000000000000000000, 3.000000000000000000, 30.98283580801479431 ) ) ;
#7890 = DIRECTION ( 'NONE',  ( -1.000000000000000000, 0.000000000000000000, -0.000000000000000000 ) ) ;
#7891 = AXIS2_PLACEMENT_3D ( 'NONE', #6760, #3751, #13268 ) ;
#7892 = VECTOR ( 'NONE', #11496, 999.9999999999998863 ) ;
#7893 = CARTESIAN_POINT ( 'NONE',  ( 1.916210579425698501, 3.000000000000000000, 18.65228900768404685 ) ) ;
#7894 = ORIENTED_EDGE ( 'NONE', *, *, #1418, .F. ) ;
#7895 = VERTEX_POINT ( 'NONE', #11001 ) ;
#7896 = VERTEX_POINT ( 'NONE', #8762 ) ;
#7897 = DIRECTION ( 'NONE',  ( 0.5555733586812491298, 0.000000000000000000, 0.8314675237937053653 ) ) ;
#7898 = VECTOR ( 'NONE', #3874, 1000.000000000000000 ) ;
#7899 = EDGE_CURVE ( 'NONE', #699, #8821, #11071, .T. ) ;
#7900 = PLANE ( 'NONE',  #2643 ) ;
#7901 = ADVANCED_FACE ( 'NONE', ( #2526 ), #7641, .T. ) ;
#7902 = CARTESIAN_POINT ( 'NONE',  ( -21.56172611119163207, 5.000000000000000000, 32.03596146401479672 ) ) ;
#7903 = DIRECTION ( 'NONE',  ( -0.7732680481579778942, 0.000000000000000000, -0.6340792739854783644 ) ) ;
#7904 = ORIENTED_EDGE ( 'NONE', *, *, #7768, .F. ) ;
#7905 = VECTOR ( 'NONE', #13795, 1000.000000000000114 ) ;
#7906 = DIRECTION ( 'NONE',  ( -0.000000000000000000, -1.000000000000000000, -0.000000000000000000 ) ) ;
#7907 = VERTEX_POINT ( 'NONE', #11916 ) ;
#7908 = LINE ( 'NONE', #1668, #5737 ) ;
#7909 = VERTEX_POINT ( 'NONE', #6728 ) ;
#7910 = CARTESIAN_POINT ( 'NONE',  ( -11.22329517519162501, 5.000000000000000000, 31.12127393601480208 ) ) ;
#7911 = CARTESIAN_POINT ( 'NONE',  ( -28.90641449519162975, 5.000000000000000000, 0.000000000000000000 ) ) ;
#7912 = EDGE_LOOP ( 'NONE', ( #12990, #1341, #7145, #2888 ) ) ;
#7913 = CARTESIAN_POINT ( 'NONE',  ( -47.43994410319163535, 5.000000000000000000, 30.87900568801479295 ) ) ;
#7914 = EDGE_CURVE ( 'NONE', #3893, #3003, #10933, .T. ) ;
#7915 = VECTOR ( 'NONE', #13601, 1000.000000000000000 ) ;
#7916 = EDGE_CURVE ( 'NONE', #13664, #6894, #5602, .T. ) ;
#7917 = CARTESIAN_POINT ( 'NONE',  ( 9.295352128808378467, 5.000000000000000000, 32.03596146401479672 ) ) ;
#7918 = DIRECTION ( 'NONE',  ( -0.000000000000000000, -1.000000000000000000, -0.000000000000000000 ) ) ;
#7919 = CARTESIAN_POINT ( 'NONE',  ( -22.79778967919162369, 5.000000000000000000, 20.23155835201480102 ) ) ;
#7920 = DIRECTION ( 'NONE',  ( 0.000000000000000000, 1.000000000000000000, -0.000000000000000000 ) ) ;
#7921 = CARTESIAN_POINT ( 'NONE',  ( 47.59848100880838473, 3.000000000000000000, 20.36752150401479255 ) ) ;
#7922 = EDGE_LOOP ( 'NONE', ( #3959, #6553, #9565, #6680 ) ) ;
#7923 = FACE_OUTER_BOUND ( 'NONE', #7399, .T. ) ;
#7924 = VERTEX_POINT ( 'NONE', #2312 ) ;
#7925 = ORIENTED_EDGE ( 'NONE', *, *, #10651, .T. ) ;
#7926 = DIRECTION ( 'NONE',  ( 0.9846219418855862715, 0.000000000000000000, -0.1746986879099474421 ) ) ;
#7927 = VECTOR ( 'NONE', #314, 1000.000000000000000 ) ;
#7928 = DIRECTION ( 'NONE',  ( -0.6295866936947176473, 0.000000000000000000, 0.7769302382598799461 ) ) ;
#7929 = DIRECTION ( 'NONE',  ( 0.9225069732799374700, 0.000000000000000000, 0.3859804195161828377 ) ) ;
#7930 = EDGE_CURVE ( 'NONE', #5475, #736, #11145, .T. ) ;
#7931 = AXIS2_PLACEMENT_3D ( 'NONE', #213, #1396, #146 ) ;
#7932 = ORIENTED_EDGE ( 'NONE', *, *, #3554, .F. ) ;
#7933 = LOCAL_TIME ( 15, 13, 8.000000000000000000, #763 ) ;
#7934 = ORIENTED_EDGE ( 'NONE', *, *, #1845, .F. ) ;
#7935 = ADVANCED_FACE ( 'NONE', ( #6584 ), #12188, .T. ) ;
#7936 = EDGE_CURVE ( 'NONE', #12349, #8686, #366, .T. ) ;
#7937 = CARTESIAN_POINT ( 'NONE',  ( -8.588006567191630580, 5.000000000000000000, 24.74071773601479407 ) ) ;
#7938 = CARTESIAN_POINT ( 'NONE',  ( 0.000000000000000000, 5.000000000000000000, 32.03596146401479672 ) ) ;
#7939 = VECTOR ( 'NONE', #208, 1000.000000000000000 ) ;
#7940 = CARTESIAN_POINT ( 'NONE',  ( -77.00000000000001421, 0.000000000000000000, 25.54999999999998650 ) ) ;
#7941 = DIRECTION ( 'NONE',  ( 0.000000000000000000, 0.000000000000000000, 1.000000000000000000 ) ) ;
#7942 = VECTOR ( 'NONE', #1413, 1000.000000000000000 ) ;
#7943 = PLANE ( 'NONE',  #10779 ) ;
#7944 = VERTEX_POINT ( 'NONE', #13103 ) ;
#7945 = DIRECTION ( 'NONE',  ( -0.07839261842028516503, 0.000000000000000000, -0.9969225633805323117 ) ) ;
#7946 = VERTEX_POINT ( 'NONE', #7793 ) ;
#7947 = LINE ( 'NONE', #8993, #9744 ) ;
#7948 = VERTEX_POINT ( 'NONE', #12063 ) ;
#7949 = LINE ( 'NONE', #2550, #7084 ) ;
#7950 = EDGE_CURVE ( 'NONE', #5425, #8628, #13172, .T. ) ;
#7951 = ORIENTED_EDGE ( 'NONE', *, *, #3996, .F. ) ;
#7952 = EDGE_CURVE ( 'NONE', #1469, #12703, #7857, .T. ) ;
#7953 = VECTOR ( 'NONE', #3473, 1000.000000000000114 ) ;
#7954 = DIRECTION ( 'NONE',  ( -0.9960884411663328830, 0.000000000000000000, -0.08836185474979990628 ) ) ;
#7955 = ORIENTED_EDGE ( 'NONE', *, *, #10463, .T. ) ;
#7956 = VECTOR ( 'NONE', #4412, 1000.000000000000000 ) ;
#7957 = DIRECTION ( 'NONE',  ( 0.9177268442936070691, 0.000000000000000000, -0.3972120834804721001 ) ) ;
#7958 = PLANE ( 'NONE',  #12482 ) ;
#7959 = CARTESIAN_POINT ( 'NONE',  ( -12.78320569519163463, 5.000000000000000000, 6.906791504014798910 ) ) ;
#7960 = CARTESIAN_POINT ( 'NONE',  ( 12.03196438480835795, 5.000000000000000000, 22.46637735201479558 ) ) ;
#7962 = CARTESIAN_POINT ( 'NONE',  ( -34.53050078319161997, 5.000000000000000000, 15.35652416001479637 ) ) ;
#7961 = AXIS2_PLACEMENT_3D ( 'NONE', #12570, #3823, #8114 ) ;
#7963 = CARTESIAN_POINT ( 'NONE',  ( -15.49468922319162445, 5.000000000000000000, 29.71668441601479671 ) ) ;
#7964 = VECTOR ( 'NONE', #4163, 1000.000000000000114 ) ;
#7965 = VECTOR ( 'NONE', #8008, 1000.000000000000000 ) ;
#7966 = DIRECTION ( 'NONE',  ( 0.000000000000000000, 0.000000000000000000, -1.000000000000000000 ) ) ;
#7967 = ORIENTED_EDGE ( 'NONE', *, *, #4092, .T. ) ;
#7968 = VERTEX_POINT ( 'NONE', #7921 ) ;
#7969 = ADVANCED_FACE ( 'NONE', ( #7719 ), #1549, .T. ) ;
#7970 = VERTEX_POINT ( 'NONE', #2595 ) ;
#7971 = EDGE_CURVE ( 'NONE', #4788, #8839, #5808, .T. ) ;
#7972 = CARTESIAN_POINT ( 'NONE',  ( 3.029603789851120776, 3.000000000000000000, -23.71402972987378632 ) ) ;
#7973 = VECTOR ( 'NONE', #9202, 1000.000000000000000 ) ;
#7974 = VECTOR ( 'NONE', #13434, 1000.000000000000000 ) ;
#7975 = VECTOR ( 'NONE', #290, 1000.000000000000000 ) ;
#7976 = DIRECTION ( 'NONE',  ( -0.5497301800669206484, 0.000000000000000000, 0.8353422826144926150 ) ) ;
#7977 = LINE ( 'NONE', #13213, #490 ) ;
#7978 = DIRECTION ( 'NONE',  ( 0.07087289490145044779, 0.000000000000000000, 0.9974853546635598089 ) ) ;
#7979 = DIRECTION ( 'NONE',  ( 0.000000000000000000, 0.000000000000000000, 1.000000000000000000 ) ) ;
#7980 = ORIENTED_EDGE ( 'NONE', *, *, #8949, .F. ) ;
#7981 = VECTOR ( 'NONE', #10813, 1000.000000000000000 ) ;
#7982 = DIRECTION ( 'NONE',  ( -0.000000000000000000, -1.000000000000000000, -0.000000000000000000 ) ) ;
#7983 = ORIENTED_EDGE ( 'NONE', *, *, #10867, .F. ) ;
#7984 = EDGE_CURVE ( 'NONE', #700, #7338, #8700, .T. ) ;
#7985 = AXIS2_PLACEMENT_3D ( 'NONE', #12984, #12841, #1090 ) ;
#7986 = DIRECTION ( 'NONE',  ( -0.000000000000000000, -1.000000000000000000, -0.000000000000000000 ) ) ;
#7987 = DIRECTION ( 'NONE',  ( 0.3910582461686524236, 0.000000000000000000, 0.9203659316290980774 ) ) ;
#7988 = EDGE_CURVE ( 'NONE', #12955, #12349, #4556, .T. ) ;
#7989 = VERTEX_POINT ( 'NONE', #9818 ) ;
#7990 = CARTESIAN_POINT ( 'NONE',  ( -6.971240687191626151, 3.000000000000000000, 21.10669096801480293 ) ) ;
#7991 = AXIS2_PLACEMENT_3D ( 'NONE', #4920, #8283, #11304 ) ;
#7992 = DIRECTION ( 'NONE',  ( 0.1115334526927976161, 0.000000000000000000, -0.9937606799076040831 ) ) ;
#7993 = VECTOR ( 'NONE', #8757, 1000.000000000000000 ) ;
#7994 = PLANE ( 'NONE',  #8638 ) ;
#7995 = VECTOR ( 'NONE', #4778, 1000.000000000000114 ) ;
#7996 = CARTESIAN_POINT ( 'NONE',  ( 0.000000000000000000, 5.000000000000000000, 15.35652416001479637 ) ) ;
#7997 = DIRECTION ( 'NONE',  ( 0.07139984160443874073, 0.000000000000000000, 0.9974477743816270170 ) ) ;
#7998 = DIRECTION ( 'NONE',  ( -0.5933273495373738715, 0.000000000000000000, -0.8049612762679674294 ) ) ;
#7999 = EDGE_LOOP ( 'NONE', ( #3279, #10235, #9997, #7023 ) ) ;
#8000 = CARTESIAN_POINT ( 'NONE',  ( -30.42677213519162649, 5.000000000000000000, 21.45031537601479243 ) ) ;
#8001 = VERTEX_POINT ( 'NONE', #223 ) ;
#8002 = ORIENTED_EDGE ( 'NONE', *, *, #11361, .F. ) ;
#8003 = ORIENTED_EDGE ( 'NONE', *, *, #8017, .F. ) ;
#8004 = FACE_OUTER_BOUND ( 'NONE', #4968, .T. ) ;
#8005 = EDGE_LOOP ( 'NONE', ( #1906, #11728, #653, #10063 ) ) ;
#8006 = EDGE_CURVE ( 'NONE', #9266, #9540, #4486, .T. ) ;
#8007 = CARTESIAN_POINT ( 'NONE',  ( -11.51497048719163097, 5.000000000000000000, 13.53372567201479093 ) ) ;
#8008 = DIRECTION ( 'NONE',  ( -0.000000000000000000, -1.000000000000000000, -0.000000000000000000 ) ) ;
#8009 = ORIENTED_EDGE ( 'NONE', *, *, #2153, .F. ) ;
#8010 = AXIS2_PLACEMENT_3D ( 'NONE', #12620, #11510, #8497 ) ;
#8011 = VECTOR ( 'NONE', #7578, 1000.000000000000000 ) ;
#8012 = ORIENTED_EDGE ( 'NONE', *, *, #11487, .T. ) ;
#8013 = DIRECTION ( 'NONE',  ( -1.000000000000000000, -0.000000000000000000, 4.956352788505159323E-16 ) ) ;
#8014 = CARTESIAN_POINT ( 'NONE',  ( -6.218455807191619833, 5.000000000000000000, 12.78923948001479616 ) ) ;
#8015 = CARTESIAN_POINT ( 'NONE',  ( 31.12918196880837129, 5.000000000000000000, 21.33659856001479582 ) ) ;
#8016 = DIRECTION ( 'NONE',  ( 0.3788488605086208216, 0.000000000000000000, -0.9254585570901159297 ) ) ;
#8017 = EDGE_CURVE ( 'NONE', #7948, #7361, #4830, .T. ) ;
#8018 = FACE_BOUND ( 'NONE', #6805, .T. ) ;
#8019 = ORIENTED_EDGE ( 'NONE', *, *, #11191, .T. ) ;
#8020 = VECTOR ( 'NONE', #6058, 1000.000000000000000 ) ;
#8021 = PLANE ( 'NONE',  #12826 ) ;
#8022 = ORIENTED_EDGE ( 'NONE', *, *, #11029, .T. ) ;
#8023 = CARTESIAN_POINT ( 'NONE',  ( -11.63984603119163097, 5.000000000000000000, 25.02253988001480067 ) ) ;
#8024 = EDGE_CURVE ( 'NONE', #7723, #12555, #13302, .T. ) ;
#8025 = ORIENTED_EDGE ( 'NONE', *, *, #12991, .F. ) ;
#8026 = EDGE_CURVE ( 'NONE', #3598, #3878, #11410, .T. ) ;
#8027 = DIRECTION ( 'NONE',  ( 1.000000000000000000, 0.000000000000000000, 0.000000000000000000 ) ) ;
#8028 = ORIENTED_EDGE ( 'NONE', *, *, #7308, .T. ) ;
#8029 = ORIENTED_EDGE ( 'NONE', *, *, #7227, .T. ) ;
#8030 = VERTEX_POINT ( 'NONE', #13430 ) ;
#8031 = LINE ( 'NONE', #665, #9789 ) ;
#8032 = FACE_OUTER_BOUND ( 'NONE', #10626, .T. ) ;
#8033 = LINE ( 'NONE', #5635, #9666 ) ;
#8034 = EDGE_CURVE ( 'NONE', #5665, #180, #6077, .T. ) ;
#8035 = CARTESIAN_POINT ( 'NONE',  ( 31.78104655280836965, 5.000000000000000000, 20.19586627201479700 ) ) ;
#8036 = CARTESIAN_POINT ( 'NONE',  ( 0.000000000000000000, 3.000000000000000000, 16.57775514401479100 ) ) ;
#8037 = DIRECTION ( 'NONE',  ( -0.9234262595683978558, 0.000000000000000000, -0.3837759022392078223 ) ) ;
#8038 = DIRECTION ( 'NONE',  ( -0.8314675237937040331, 0.000000000000000000, -0.5555733586812512392 ) ) ;
#8039 = ORIENTED_EDGE ( 'NONE', *, *, #2322, .T. ) ;
#8040 = ORIENTED_EDGE ( 'NONE', *, *, #2170, .F. ) ;
#8041 = ORIENTED_EDGE ( 'NONE', *, *, #5446, .F. ) ;
#8042 = LINE ( 'NONE', #5920, #2518 ) ;
#8043 = VECTOR ( 'NONE', #5154, 1000.000000000000114 ) ;
#8044 = CARTESIAN_POINT ( 'NONE',  ( 32.89071348403275152, 5.000000000000000000, 29.63838361559036372 ) ) ;
#8045 = DIRECTION ( 'NONE',  ( 0.000000000000000000, 1.000000000000000000, -0.000000000000000000 ) ) ;
#8046 = EDGE_CURVE ( 'NONE', #7881, #9382, #12523, .T. ) ;
#8047 = DIRECTION ( 'NONE',  ( -0.000000000000000000, -1.000000000000000000, -0.000000000000000000 ) ) ;
#8048 = EDGE_CURVE ( 'NONE', #12080, #5818, #11350, .T. ) ;
#8049 = VERTEX_POINT ( 'NONE', #8130 ) ;
#8050 = CARTESIAN_POINT ( 'NONE',  ( -7.927946927191625193, 5.000000000000000000, 29.75913289601479406 ) ) ;
#8051 = ORIENTED_EDGE ( 'NONE', *, *, #1365, .T. ) ;
#8052 = CARTESIAN_POINT ( 'NONE',  ( 19.67878720059907849, 5.000000000000000000, 13.31336794379032895 ) ) ;
#8053 = ORIENTED_EDGE ( 'NONE', *, *, #10406, .F. ) ;
#8054 = PLANE ( 'NONE',  #3230 ) ;
#8055 = DIRECTION ( 'NONE',  ( -1.000000000000000000, 0.000000000000000000, 0.000000000000000000 ) ) ;
#8056 = DIRECTION ( 'NONE',  ( -0.000000000000000000, -1.000000000000000000, -0.000000000000000000 ) ) ;
#8057 = DIRECTION ( 'NONE',  ( 1.000000000000000000, 0.000000000000000000, 8.416301682802313590E-15 ) ) ;
#8058 = EDGE_CURVE ( 'NONE', #10161, #260, #2922, .T. ) ;
#8059 = CARTESIAN_POINT ( 'NONE',  ( -12.78320569519163463, 5.000000000000000000, 6.906791504014798910 ) ) ;
#8060 = LINE ( 'NONE', #2920, #2748 ) ;
#8061 = PLANE ( 'NONE',  #5006 ) ;
#8062 = ADVANCED_FACE ( 'NONE', ( #9170 ), #7202, .T. ) ;
#8063 = CARTESIAN_POINT ( 'NONE',  ( -11.13019366746295447, 5.000000000000000000, -20.73994799615027418 ) ) ;
#8064 = ORIENTED_EDGE ( 'NONE', *, *, #7914, .T. ) ;
#8065 = CARTESIAN_POINT ( 'NONE',  ( -2.640075359191626614, 3.000000000000000000, 16.57775514401479100 ) ) ;
#8066 = ORIENTED_EDGE ( 'NONE', *, *, #5181, .F. ) ;
#8067 = ORIENTED_EDGE ( 'NONE', *, *, #3870, .F. ) ;
#8068 = LINE ( 'NONE', #5950, #11541 ) ;
#8069 = DIRECTION ( 'NONE',  ( -0.000000000000000000, -1.000000000000000000, -0.000000000000000000 ) ) ;
#8070 = CARTESIAN_POINT ( 'NONE',  ( 26.00692652880836064, 5.000000000000000000, 15.35652314401480112 ) ) ;
#8071 = ORIENTED_EDGE ( 'NONE', *, *, #6181, .T. ) ;
#8072 = VERTEX_POINT ( 'NONE', #10358 ) ;
#8073 = CARTESIAN_POINT ( 'NONE',  ( -8.686888767191636163, 5.000000000000000000, 21.42065020801479847 ) ) ;
#8074 = CARTESIAN_POINT ( 'NONE',  ( 15.41210291280837374, 5.000000000000000000, 32.23252901601479437 ) ) ;
#8075 = ADVANCED_FACE ( 'NONE', ( #634 ), #13570, .T. ) ;
#8076 = DIRECTION ( 'NONE',  ( 0.8314713530511933515, 0.000000000000000000, 0.5555676277963088605 ) ) ;
#8077 = EDGE_CURVE ( 'NONE', #4734, #12160, #11278, .T. ) ;
#8078 = DIRECTION ( 'NONE',  ( -0.000000000000000000, -1.000000000000000000, -0.000000000000000000 ) ) ;
#8079 = CARTESIAN_POINT ( 'NONE',  ( -82.00000000000001421, 3.000000000000000000, -53.00000000000000711 ) ) ;
#8080 = VERTEX_POINT ( 'NONE', #4761 ) ;
#8081 = CARTESIAN_POINT ( 'NONE',  ( 32.41201912880838165, 3.000000000000000000, 20.53134134401480182 ) ) ;
#8082 = ORIENTED_EDGE ( 'NONE', *, *, #3549, .F. ) ;
#8083 = FACE_OUTER_BOUND ( 'NONE', #10483, .T. ) ;
#8084 = ORIENTED_EDGE ( 'NONE', *, *, #4299, .T. ) ;
#8085 = CARTESIAN_POINT ( 'NONE',  ( -0.6064483434420907537, 5.000000000000000000, 1.479064790565691290 ) ) ;
#8086 = ORIENTED_EDGE ( 'NONE', *, *, #13523, .T. ) ;
#8087 = ORIENTED_EDGE ( 'NONE', *, *, #13569, .F. ) ;
#8088 = ORIENTED_EDGE ( 'NONE', *, *, #9051, .F. ) ;
#8089 = EDGE_CURVE ( 'NONE', #1469, #436, #12264, .T. ) ;
#8090 = VECTOR ( 'NONE', #1881, 1000.000000000000000 ) ;
#8091 = FACE_OUTER_BOUND ( 'NONE', #11688, .T. ) ;
#8092 = EDGE_CURVE ( 'NONE', #9382, #1525, #1680, .T. ) ;
#8093 = EDGE_CURVE ( 'NONE', #12803, #9901, #10287, .T. ) ;
#8094 = LINE ( 'NONE', #2955, #401 ) ;
#8095 = LINE ( 'NONE', #11512, #732 ) ;
#8096 = LINE ( 'NONE', #1846, #1917 ) ;
#8097 = DIRECTION ( 'NONE',  ( -0.000000000000000000, -1.000000000000000000, -0.000000000000000000 ) ) ;
#8098 = CARTESIAN_POINT ( 'NONE',  ( 0.000000000000000000, 5.000000000000000000, 15.35652416001479637 ) ) ;
#8099 = ORIENTED_EDGE ( 'NONE', *, *, #7239, .F. ) ;
#8100 = VERTEX_POINT ( 'NONE', #4896 ) ;
#8101 = VECTOR ( 'NONE', #7737, 1000.000000000000114 ) ;
#8102 = LINE ( 'NONE', #11321, #6826 ) ;
#8103 = EDGE_LOOP ( 'NONE', ( #3330, #6273, #13328, #11308 ) ) ;
#8104 = VECTOR ( 'NONE', #6679, 1000.000000000000000 ) ;
#8105 = ORIENTED_EDGE ( 'NONE', *, *, #9101, .T. ) ;
#8106 = VERTEX_POINT ( 'NONE', #5874 ) ;
#8107 = LINE ( 'NONE', #9015, #6461 ) ;
#8108 = EDGE_CURVE ( 'NONE', #8150, #2402, #567, .T. ) ;
#8109 = VECTOR ( 'NONE', #1027, 1000.000000000000000 ) ;
#8110 = EDGE_CURVE ( 'NONE', #86, #4375, #3778, .T. ) ;
#8112 = DIRECTION ( 'NONE',  ( 0.9766846073161271624, 0.000000000000000000, -0.2146792440636554333 ) ) ;
#8111 = VECTOR ( 'NONE', #12411, 1000.000000000000000 ) ;
#8113 = LINE ( 'NONE', #12167, #12557 ) ;
#8114 = DIRECTION ( 'NONE',  ( 0.000000000000000000, 0.000000000000000000, 1.000000000000000000 ) ) ;
#8115 = DIRECTION ( 'NONE',  ( -0.7915149266413793461, 0.000000000000000000, 0.6111498350682031955 ) ) ;
#8116 = ORIENTED_EDGE ( 'NONE', *, *, #12883, .T. ) ;
#8117 = CARTESIAN_POINT ( 'NONE',  ( -47.81570865519163505, 5.000000000000000000, 32.02854466401480238 ) ) ;
#8118 = ORIENTED_EDGE ( 'NONE', *, *, #1156, .T. ) ;
#8119 = VECTOR ( 'NONE', #11586, 1000.000000000000000 ) ;
#8120 = LINE ( 'NONE', #753, #6830 ) ;
#8121 = PLANE ( 'NONE',  #5125 ) ;
#8122 = ADVANCED_FACE ( 'NONE', ( #2724 ), #3841, .T. ) ;
#8123 = EDGE_CURVE ( 'NONE', #4001, #1002, #7141, .T. ) ;
#8124 = DIRECTION ( 'NONE',  ( -0.2555419724000399517, 0.000000000000000000, 0.9667979625246927444 ) ) ;
#8125 = DIRECTION ( 'NONE',  ( 0.000000000000000000, 0.000000000000000000, -1.000000000000000000 ) ) ;
#8126 = VECTOR ( 'NONE', #10638, 1000.000000000000000 ) ;
#8127 = DIRECTION ( 'NONE',  ( 0.000000000000000000, 1.000000000000000000, -0.000000000000000000 ) ) ;
#8128 = CARTESIAN_POINT ( 'NONE',  ( -22.79778967919162369, 5.000000000000000000, 32.03596146401479672 ) ) ;
#8129 = FACE_OUTER_BOUND ( 'NONE', #8613, .T. ) ;
#8130 = CARTESIAN_POINT ( 'NONE',  ( -6.218455807191617168, 3.000000000000000000, 13.52342546401480483 ) ) ;
#8131 = ORIENTED_EDGE ( 'NONE', *, *, #4236, .T. ) ;
#8132 = LINE ( 'NONE', #570, #549 ) ;
#8133 = ORIENTED_EDGE ( 'NONE', *, *, #5833, .T. ) ;
#8134 = EDGE_LOOP ( 'NONE', ( #9049, #2481, #8524, #5954 ) ) ;
#8135 = LINE ( 'NONE', #13500, #9085 ) ;
#8136 = LINE ( 'NONE', #9598, #772 ) ;
#8137 = CARTESIAN_POINT ( 'NONE',  ( 25.02796988880837148, 5.000000000000000000, 12.31086502401479699 ) ) ;
#8138 = ORIENTED_EDGE ( 'NONE', *, *, #4676, .T. ) ;
#8139 = ADVANCED_FACE ( 'NONE', ( #6224 ), #7488, .T. ) ;
#8140 = VECTOR ( 'NONE', #11184, 1000.000000000000000 ) ;
#8141 = ORIENTED_EDGE ( 'NONE', *, *, #8305, .T. ) ;
#8142 = LINE ( 'NONE', #10240, #8894 ) ;
#8143 = DIRECTION ( 'NONE',  ( -0.9616069243909932673, 0.000000000000000000, -0.2744305430583380834 ) ) ;
#8144 = LINE ( 'NONE', #12278, #12678 ) ;
#8145 = CARTESIAN_POINT ( 'NONE',  ( 0.8849947871026886403, 5.000000000000000000, -37.60284271929458555 ) ) ;
#8146 = CARTESIAN_POINT ( 'NONE',  ( -19.98888650894402730, 5.000000000000000000, 34.77736180092708906 ) ) ;
#8147 = VERTEX_POINT ( 'NONE', #8472 ) ;
#8148 = AXIS2_PLACEMENT_3D ( 'NONE', #9241, #7205, #840 ) ;
#8149 = LINE ( 'NONE', #12344, #10376 ) ;
#8150 = VERTEX_POINT ( 'NONE', #12869 ) ;
#8151 = CARTESIAN_POINT ( 'NONE',  ( 19.85122655222131627, 5.000000000000000000, -1.410460701525787730 ) ) ;
#8152 = VERTEX_POINT ( 'NONE', #6358 ) ;
#8153 = PLANE ( 'NONE',  #3262 ) ;
#8154 = VERTEX_POINT ( 'NONE', #6286 ) ;
#8155 = EDGE_CURVE ( 'NONE', #7924, #8428, #3273, .T. ) ;
#8156 = ORIENTED_EDGE ( 'NONE', *, *, #10917, .T. ) ;
#8157 = EDGE_CURVE ( 'NONE', #3455, #7339, #12731, .T. ) ;
#8158 = AXIS2_PLACEMENT_3D ( 'NONE', #10009, #13086, #3489 ) ;
#8159 = DIRECTION ( 'NONE',  ( -0.9342616163994698075, 0.000000000000000000, -0.3565883230318260821 ) ) ;
#8160 = AXIS2_PLACEMENT_3D ( 'NONE', #230, #11081, #9888 ) ;
#8161 = CARTESIAN_POINT ( 'NONE',  ( -38.82211221519163047, 5.000000000000000000, 25.04726017601479526 ) ) ;
#8162 = CARTESIAN_POINT ( 'NONE',  ( 13.43432480080838154, 3.000000000000000000, 31.41431881601479503 ) ) ;
#8163 = LINE ( 'NONE', #6113, #2590 ) ;
#8164 = DIRECTION ( 'NONE',  ( 0.000000000000000000, 0.000000000000000000, 1.000000000000000000 ) ) ;
#8165 = FACE_OUTER_BOUND ( 'NONE', #11044, .T. ) ;
#8166 = EDGE_LOOP ( 'NONE', ( #4858, #5358, #8022, #7203 ) ) ;
#8167 = VECTOR ( 'NONE', #10996, 1000.000000000000114 ) ;
#8168 = DIRECTION ( 'NONE',  ( -0.000000000000000000, -1.000000000000000000, -0.000000000000000000 ) ) ;
#8169 = EDGE_LOOP ( 'NONE', ( #6780, #1197, #11149, #3078 ) ) ;
#8170 = ORIENTED_EDGE ( 'NONE', *, *, #13346, .F. ) ;
#8171 = ORIENTED_EDGE ( 'NONE', *, *, #10422, .T. ) ;
#8172 = ADVANCED_FACE ( 'NONE', ( #3131 ), #11757, .T. ) ;
#8173 = PLANE ( 'NONE',  #10435 ) ;
#8174 = DIRECTION ( 'NONE',  ( 0.5590273022158679384, 0.000000000000000000, -0.8291492479507224234 ) ) ;
#8175 = CARTESIAN_POINT ( 'NONE',  ( -7.625962263191635060, 3.000000000000000000, 20.58461225601478617 ) ) ;
#8176 = VECTOR ( 'NONE', #3421, 999.9999999999998863 ) ;
#8177 = DIRECTION ( 'NONE',  ( 0.000000000000000000, 0.000000000000000000, -1.000000000000000000 ) ) ;
#8178 = ORIENTED_EDGE ( 'NONE', *, *, #9544, .F. ) ;
#8179 = EDGE_CURVE ( 'NONE', #7895, #8821, #11830, .T. ) ;
#8180 = CARTESIAN_POINT ( 'NONE',  ( -5.932947615191626056, 3.000000000000000000, 0.000000000000000000 ) ) ;
#8181 = VERTEX_POINT ( 'NONE', #904 ) ;
#8182 = CARTESIAN_POINT ( 'NONE',  ( 33.61660295280837119, 5.000000000000000000, 22.34290795201479796 ) ) ;
#8183 = ORIENTED_EDGE ( 'NONE', *, *, #13078, .F. ) ;
#8184 = VECTOR ( 'NONE', #9360, 1000.000000000000114 ) ;
#8185 = EDGE_CURVE ( 'NONE', #5886, #541, #12799, .T. ) ;
#8186 = LINE ( 'NONE', #11200, #10188 ) ;
#8187 = EDGE_CURVE ( 'NONE', #2342, #8892, #10432, .T. ) ;
#8188 = DIRECTION ( 'NONE',  ( 0.2146792440636553778, 0.000000000000000000, 0.9766846073161270514 ) ) ;
#8189 = VECTOR ( 'NONE', #8219, 1000.000000000000000 ) ;
#8190 = CARTESIAN_POINT ( 'NONE',  ( 27.15646956880837237, 3.000000000000000000, 20.91633625601479807 ) ) ;
#8191 = DIRECTION ( 'NONE',  ( 0.000000000000000000, 0.000000000000000000, 1.000000000000000000 ) ) ;
#8192 = CARTESIAN_POINT ( 'NONE',  ( -8.721896958352740370, 5.000000000000000000, 0.5573866314207713835 ) ) ;
#8193 = LINE ( 'NONE', #7996, #10797 ) ;
#8194 = DIRECTION ( 'NONE',  ( 0.5544331390885391952, 0.000000000000000000, 0.8322282705366530475 ) ) ;
#8195 = EDGE_CURVE ( 'NONE', #4561, #12148, #13847, .T. ) ;
#8196 = VECTOR ( 'NONE', #13724, 1000.000000000000000 ) ;
#8197 = DIRECTION ( 'NONE',  ( 0.9606829169602377760, 0.000000000000000000, -0.2776478580158124876 ) ) ;
#8198 = VERTEX_POINT ( 'NONE', #13702 ) ;
#8199 = CARTESIAN_POINT ( 'NONE',  ( -11.74738861519163358, 3.000000000000000000, 0.000000000000000000 ) ) ;
#8200 = AXIS2_PLACEMENT_3D ( 'NONE', #3994, #6827, #13508 ) ;
#8201 = ORIENTED_EDGE ( 'NONE', *, *, #8710, .F. ) ;
#8202 = ORIENTED_EDGE ( 'NONE', *, *, #4558, .T. ) ;
#8203 = DIRECTION ( 'NONE',  ( -0.000000000000000000, -0.000000000000000000, 1.000000000000000000 ) ) ;
#8204 = CARTESIAN_POINT ( 'NONE',  ( -21.56172611119163207, 3.000000000000000000, 0.000000000000000000 ) ) ;
#8205 = DIRECTION ( 'NONE',  ( -0.000000000000000000, -1.000000000000000000, -0.000000000000000000 ) ) ;
#8206 = VERTEX_POINT ( 'NONE', #5308 ) ;
#8207 = CARTESIAN_POINT ( 'NONE',  ( -18.19133063664763128, 3.000000000000000000, 1.754341383465332971 ) ) ;
#8208 = VERTEX_POINT ( 'NONE', #11687 ) ;
#8209 = VECTOR ( 'NONE', #553, 1000.000000000000000 ) ;
#8210 = VECTOR ( 'NONE', #1104, 1000.000000000000114 ) ;
#8211 = LINE ( 'NONE', #9184, #10011 ) ;
#8212 = DIRECTION ( 'NONE',  ( 0.000000000000000000, 0.000000000000000000, -1.000000000000000000 ) ) ;
#8213 = EDGE_CURVE ( 'NONE', #12290, #1112, #8607, .T. ) ;
#8214 = EDGE_CURVE ( 'NONE', #13185, #1047, #12588, .T. ) ;
#8215 = PLANE ( 'NONE',  #4962 ) ;
#8216 = ORIENTED_EDGE ( 'NONE', *, *, #5325, .T. ) ;
#8217 = DIRECTION ( 'NONE',  ( -0.000000000000000000, -1.000000000000000000, -0.000000000000000000 ) ) ;
#8218 = VERTEX_POINT ( 'NONE', #7352 ) ;
#8219 = DIRECTION ( 'NONE',  ( 0.04113955615027988649, 0.000000000000000000, -0.9991534101026517956 ) ) ;
#8220 = ORIENTED_EDGE ( 'NONE', *, *, #1932, .F. ) ;
#8221 = VECTOR ( 'NONE', #8013, 1000.000000000000000 ) ;
#8222 = DIRECTION ( 'NONE',  ( -0.000000000000000000, -1.000000000000000000, -0.000000000000000000 ) ) ;
#8223 = ORIENTED_EDGE ( 'NONE', *, *, #10127, .T. ) ;
#8224 = VECTOR ( 'NONE', #12074, 999.9999999999998863 ) ;
#8225 = ORIENTED_EDGE ( 'NONE', *, *, #12902, .F. ) ;
#8226 = VERTEX_POINT ( 'NONE', #5371 ) ;
#8227 = CARTESIAN_POINT ( 'NONE',  ( -25.89978490060553540, 5.000000000000000000, -9.885411861598964123 ) ) ;
#8228 = VECTOR ( 'NONE', #10690, 1000.000000000000000 ) ;
#8229 = FACE_OUTER_BOUND ( 'NONE', #6870, .T. ) ;
#8230 = PLANE ( 'NONE',  #8328 ) ;
#8231 = ORIENTED_EDGE ( 'NONE', *, *, #2836, .F. ) ;
#8232 = LINE ( 'NONE', #5909, #11759 ) ;
#8233 = EDGE_CURVE ( 'NONE', #873, #6269, #1113, .T. ) ;
#8234 = LINE ( 'NONE', #10395, #2045 ) ;
#8235 = CARTESIAN_POINT ( 'NONE',  ( -11.74738861519163180, 3.000000000000000000, -6.413025391985203605 ) ) ;
#8236 = ORIENTED_EDGE ( 'NONE', *, *, #3391, .T. ) ;
#8237 = EDGE_CURVE ( 'NONE', #5138, #7840, #838, .T. ) ;
#8238 = VERTEX_POINT ( 'NONE', #13778 ) ;
#8239 = CARTESIAN_POINT ( 'NONE',  ( -84.00000000000001421, 3.000000000000000000, -51.00000000000000711 ) ) ;
#8240 = ORIENTED_EDGE ( 'NONE', *, *, #1835, .T. ) ;
#8241 = AXIS2_PLACEMENT_3D ( 'NONE', #11948, #3602, #3467 ) ;
#8242 = DIRECTION ( 'NONE',  ( 0.000000000000000000, 0.000000000000000000, -1.000000000000000000 ) ) ;
#8243 = ORIENTED_EDGE ( 'NONE', *, *, #8871, .T. ) ;
#8244 = CARTESIAN_POINT ( 'NONE',  ( -5.851360783191622339, 3.000000000000000000, 13.67547900801479521 ) ) ;
#8245 = LINE ( 'NONE', #4098, #5637 ) ;
#8246 = CARTESIAN_POINT ( 'NONE',  ( 9.299820242509255763, 3.000000000000000000, -0.6657047209078869043 ) ) ;
#8247 = EDGE_CURVE ( 'NONE', #13324, #10211, #8326, .T. ) ;
#8248 = VERTEX_POINT ( 'NONE', #2090 ) ;
#8249 = LINE ( 'NONE', #6925, #11064 ) ;
#8250 = EDGE_LOOP ( 'NONE', ( #11173, #4653, #9243, #4073 ) ) ;
#8251 = CYLINDRICAL_SURFACE ( 'NONE', #5286, 1.699999999999999289 ) ;
#8252 = VERTEX_POINT ( 'NONE', #10640 ) ;
#8253 = LINE ( 'NONE', #1538, #11077 ) ;
#8254 = LINE ( 'NONE', #5225, #2205 ) ;
#8255 = DIRECTION ( 'NONE',  ( -0.000000000000000000, -1.000000000000000000, -0.000000000000000000 ) ) ;
#8256 = EDGE_CURVE ( 'NONE', #6321, #7881, #1046, .T. ) ;
#8257 = VECTOR ( 'NONE', #13149, 1000.000000000000000 ) ;
#8258 = CARTESIAN_POINT ( 'NONE',  ( -26.71116666319160871, 3.000000000000000000, 30.91361572801480051 ) ) ;
#8259 = EDGE_CURVE ( 'NONE', #8775, #12343, #1955, .T. ) ;
#8260 = CARTESIAN_POINT ( 'NONE',  ( -76.50000000000001421, 0.000000000000000000, -5.000000000000004441 ) ) ;
#8261 = EDGE_CURVE ( 'NONE', #589, #3900, #6429, .T. ) ;
#8262 = DIRECTION ( 'NONE',  ( -0.9995958952948116316, 0.000000000000000000, 0.02842615186345286496 ) ) ;
#8263 = DIRECTION ( 'NONE',  ( -0.9956331021264480663, 0.000000000000000000, 0.09335269653344582808 ) ) ;
#8264 = ORIENTED_EDGE ( 'NONE', *, *, #8495, .T. ) ;
#8265 = CARTESIAN_POINT ( 'NONE',  ( 14.33849164880836469, 5.000000000000000000, 20.33785836801478908 ) ) ;
#8266 = ORIENTED_EDGE ( 'NONE', *, *, #2363, .F. ) ;
#8267 = CARTESIAN_POINT ( 'NONE',  ( 23.64318323390569176, 5.000000000000000000, -9.760141438357754495 ) ) ;
#8268 = CARTESIAN_POINT ( 'NONE',  ( 0.000000000000000000, 5.000000000000000000, 13.67547900801479521 ) ) ;
#8269 = FACE_OUTER_BOUND ( 'NONE', #6955, .T. ) ;
#8270 = VERTEX_POINT ( 'NONE', #12102 ) ;
#8271 = PLANE ( 'NONE',  #9994 ) ;
#8272 = VERTEX_POINT ( 'NONE', #6708 ) ;
#8273 = EDGE_CURVE ( 'NONE', #3803, #4671, #1252, .T. ) ;
#8274 = CARTESIAN_POINT ( 'NONE',  ( -1.802202772349250415, 3.000000000000000000, 19.45234141127950878 ) ) ;
#8275 = EDGE_CURVE ( 'NONE', #8385, #5256, #8683, .T. ) ;
#8276 = DIRECTION ( 'NONE',  ( -0.9807865883708339894, 0.000000000000000000, 0.1950837463037356223 ) ) ;
#8277 = CARTESIAN_POINT ( 'NONE',  ( -50.42874584719162101, 3.000000000000000000, 15.35652416001479637 ) ) ;
#8278 = VERTEX_POINT ( 'NONE', #344 ) ;
#8279 = CARTESIAN_POINT ( 'NONE',  ( 41.58132260880835673, 3.000000000000000000, 19.99423396001480313 ) ) ;
#8280 = ORIENTED_EDGE ( 'NONE', *, *, #9158, .T. ) ;
#8281 = CARTESIAN_POINT ( 'NONE',  ( -10.19157975758167467, 5.000000000000000000, 18.14222943096580565 ) ) ;
#8282 = ORIENTED_EDGE ( 'NONE', *, *, #9885, .T. ) ;
#8283 = DIRECTION ( 'NONE',  ( -0.7365118102879651962, 0.000000000000000000, -0.6764246841344160321 ) ) ;
#8284 = ORIENTED_EDGE ( 'NONE', *, *, #935, .T. ) ;
#8285 = EDGE_LOOP ( 'NONE', ( #8904, #8689, #5899, #9613 ) ) ;
#8286 = EDGE_LOOP ( 'NONE', ( #6034, #1511, #7720, #4298 ) ) ;
#8287 = EDGE_CURVE ( 'NONE', #470, #7340, #5651, .T. ) ;
#8288 = VECTOR ( 'NONE', #10148, 1000.000000000000114 ) ;
#8289 = EDGE_CURVE ( 'NONE', #6315, #7419, #4040, .T. ) ;
#8290 = PLANE ( 'NONE',  #13357 ) ;
#8291 = DIRECTION ( 'NONE',  ( 1.000000000000000000, -0.000000000000000000, 0.000000000000000000 ) ) ;
#8292 = DIRECTION ( 'NONE',  ( -0.8598862481892427523, 0.000000000000000000, 0.5104856904703871656 ) ) ;
#8293 = LINE ( 'NONE', #5065, #2807 ) ;
#8294 = CARTESIAN_POINT ( 'NONE',  ( 11.13019366853257885, 3.000000000000000000, -20.73994799652949439 ) ) ;
#8295 = LINE ( 'NONE', #874, #13050 ) ;
#8296 = ORIENTED_EDGE ( 'NONE', *, *, #12888, .F. ) ;
#8297 = ORIENTED_EDGE ( 'NONE', *, *, #397, .F. ) ;
#8298 = CARTESIAN_POINT ( 'NONE',  ( 37.23533180880836824, 3.000000000000000000, 20.23155835201480102 ) ) ;
#8299 = ORIENTED_EDGE ( 'NONE', *, *, #11219, .F. ) ;
#8300 = LINE ( 'NONE', #3038, #2343 ) ;
#8301 = VERTEX_POINT ( 'NONE', #4611 ) ;
#8302 = VECTOR ( 'NONE', #7564, 1000.000000000000000 ) ;
#8303 = CARTESIAN_POINT ( 'NONE',  ( -13.30219639994500369, 5.000000000000000000, 5.611953901922611010 ) ) ;
#8304 = ORIENTED_EDGE ( 'NONE', *, *, #6182, .T. ) ;
#8305 = EDGE_CURVE ( 'NONE', #3683, #7006, #9801, .T. ) ;
#8306 = LINE ( 'NONE', #13548, #10688 ) ;
#8307 = DIRECTION ( 'NONE',  ( 0.000000000000000000, 0.000000000000000000, 1.000000000000000000 ) ) ;
#8308 = LINE ( 'NONE', #818, #9966 ) ;
#8309 = AXIS2_PLACEMENT_3D ( 'NONE', #4810, #10006, #3616 ) ;
#8310 = VERTEX_POINT ( 'NONE', #6567 ) ;
#8311 = DIRECTION ( 'NONE',  ( 0.8703411837965245867, 0.000000000000000000, -0.4924492093481970256 ) ) ;
#8312 = ORIENTED_EDGE ( 'NONE', *, *, #2753, .T. ) ;
#8313 = FACE_OUTER_BOUND ( 'NONE', #9181, .T. ) ;
#8314 = ORIENTED_EDGE ( 'NONE', *, *, #11236, .T. ) ;
#8315 = DIRECTION ( 'NONE',  ( -0.1018983968980210347, 0.000000000000000000, -0.9947948113604199172 ) ) ;
#8316 = CARTESIAN_POINT ( 'NONE',  ( 29.14103016343274533, 3.000000000000000000, 36.42531548004449604 ) ) ;
#8317 = EDGE_CURVE ( 'NONE', #48, #12853, #9725, .T. ) ;
#8318 = CARTESIAN_POINT ( 'NONE',  ( 26.00692652880836064, 3.000000000000000000, -0.000000000000000000 ) ) ;
#8319 = CIRCLE ( 'NONE', #8997, 2.000000000000001776 ) ;
#8320 = VECTOR ( 'NONE', #6530, 1000.000000000000000 ) ;
#8321 = ADVANCED_FACE ( 'NONE', ( #273 ), #8745, .T. ) ;
#8322 = CARTESIAN_POINT ( 'NONE',  ( 1.880904370442123108, 5.000000000000000000, 21.22220897356597646 ) ) ;
#8323 = DIRECTION ( 'NONE',  ( 0.2462980645297711824, -0.000000000000000000, 0.9691941309195432064 ) ) ;
#8324 = LINE ( 'NONE', #2088, #13479 ) ;
#8325 = PERSON_AND_ORGANIZATION_ROLE ( 'creator' ) ;
#8326 = LINE ( 'NONE', #7276, #11215 ) ;
#8327 = ORIENTED_EDGE ( 'NONE', *, *, #9704, .T. ) ;
#8328 = AXIS2_PLACEMENT_3D ( 'NONE', #1779, #6043, #5980 ) ;
#8329 = LINE ( 'NONE', #10289, #5904 ) ;
#8330 = VECTOR ( 'NONE', #2679, 1000.000000000000000 ) ;
#8331 = ORIENTED_EDGE ( 'NONE', *, *, #11641, .F. ) ;
#8332 = ORIENTED_EDGE ( 'NONE', *, *, #10294, .F. ) ;
#8333 = CARTESIAN_POINT ( 'NONE',  ( -15.19599843119161520, 5.000000000000000000, 23.23271872001479466 ) ) ;
#8334 = CARTESIAN_POINT ( 'NONE',  ( 38.47138724880836946, 5.000000000000000000, 23.44532180001479560 ) ) ;
#8335 = CARTESIAN_POINT ( 'NONE',  ( -76.50000000000001421, 3.000000000000000000, -6.700000000000003730 ) ) ;
#8336 = VERTEX_POINT ( 'NONE', #12043 ) ;
#8337 = EDGE_CURVE ( 'NONE', #9872, #3075, #9863, .T. ) ;
#8338 = CARTESIAN_POINT ( 'NONE',  ( 33.32979732880836110, 3.000000000000000000, 21.60486218401479164 ) ) ;
#8339 = EDGE_CURVE ( 'NONE', #9739, #9221, #2439, .T. ) ;
#8340 = VERTEX_POINT ( 'NONE', #133 ) ;
#8341 = AXIS2_PLACEMENT_3D ( 'NONE', #7069, #2792, #13370 ) ;
#8342 = DIRECTION ( 'NONE',  ( 0.6616217079879812557, 0.000000000000000000, 0.7498377928052617492 ) ) ;
#8343 = DIRECTION ( 'NONE',  ( 0.6764246841344160321, 0.000000000000000000, -0.7365118102879650852 ) ) ;
#8344 = LINE ( 'NONE', #12816, #10560 ) ;
#8345 = ORIENTED_EDGE ( 'NONE', *, *, #6317, .F. ) ;
#8346 = CARTESIAN_POINT ( 'NONE',  ( 1.854093896789336782, 3.000000000000000000, 29.36637410273116444 ) ) ;
#8347 = ADVANCED_FACE ( 'NONE', ( #1386 ), #1322, .T. ) ;
#8348 = ORIENTED_EDGE ( 'NONE', *, *, #7589, .F. ) ;
#8349 = DIRECTION ( 'NONE',  ( 0.05966100545617261663, 0.000000000000000000, -0.9982186956914594900 ) ) ;
#8350 = AXIS2_PLACEMENT_3D ( 'NONE', #10396, #9348, #9689 ) ;
#8351 = ORIENTED_EDGE ( 'NONE', *, *, #4591, .F. ) ;
#8352 = CARTESIAN_POINT ( 'NONE',  ( 4.988413355718220643, 3.000000000000000000, -0.8850800809166778915 ) ) ;
#8353 = ORIENTED_EDGE ( 'NONE', *, *, #479, .T. ) ;
#8354 = EDGE_CURVE ( 'NONE', #8720, #9886, #8891, .T. ) ;
#8355 = ADVANCED_FACE ( 'NONE', ( #8818 ), #6776, .T. ) ;
#8356 = VERTEX_POINT ( 'NONE', #10842 ) ;
#8357 = DIRECTION ( 'NONE',  ( -0.8069181407909000736, 0.000000000000000000, 0.5906632831508634718 ) ) ;
#8358 = AXIS2_PLACEMENT_3D ( 'NONE', #858, #12685, #11780 ) ;
#8359 = CARTESIAN_POINT ( 'NONE',  ( -13.98269935919161355, 5.000000000000000000, 27.62106554401479741 ) ) ;
#8360 = DIRECTION ( 'NONE',  ( 0.7377972739528200208, 0.000000000000000000, -0.6750223570725547573 ) ) ;
#8361 = LINE ( 'NONE', #5338, #6126 ) ;
#8362 = DIRECTION ( 'NONE',  ( -0.000000000000000000, -1.000000000000000000, -0.000000000000000000 ) ) ;
#8363 = ORIENTED_EDGE ( 'NONE', *, *, #10917, .F. ) ;
#8364 = CARTESIAN_POINT ( 'NONE',  ( 49.17187107591850292, 5.000000000000000000, -4.472140770711734881 ) ) ;
#8365 = EDGE_CURVE ( 'NONE', #13199, #5971, #13084, .T. ) ;
#8366 = ORIENTED_EDGE ( 'NONE', *, *, #8640, .T. ) ;
#8367 = CARTESIAN_POINT ( 'NONE',  ( 12.74034219102754584, 5.000000000000000000, 10.44707193845270687 ) ) ;
#8368 = ORIENTED_EDGE ( 'NONE', *, *, #37, .F. ) ;
#8369 = ORIENTED_EDGE ( 'NONE', *, *, #10130, .F. ) ;
#8370 = ORIENTED_EDGE ( 'NONE', *, *, #9538, .T. ) ;
#8371 = VECTOR ( 'NONE', #3986, 1000.000000000000000 ) ;
#8372 = DIRECTION ( 'NONE',  ( 0.9041311938695197892, 0.000000000000000000, -0.4272549406058130383 ) ) ;
#8373 = ORIENTED_EDGE ( 'NONE', *, *, #794, .F. ) ;
#8374 = VECTOR ( 'NONE', #3564, 1000.000000000000114 ) ;
#8375 = DIRECTION ( 'NONE',  ( -0.9691941309195430954, 0.000000000000000000, 0.2462980645297712101 ) ) ;
#8376 = LINE ( 'NONE', #13475, #12259 ) ;
#8377 = DIRECTION ( 'NONE',  ( -0.000000000000000000, -1.000000000000000000, -0.000000000000000000 ) ) ;
#8378 = CARTESIAN_POINT ( 'NONE',  ( -8.385291199191621914, 5.000000000000000000, 20.23155835201479746 ) ) ;
#8379 = AXIS2_PLACEMENT_3D ( 'NONE', #5915, #8038, #9011 ) ;
#8380 = ORIENTED_EDGE ( 'NONE', *, *, #12534, .F. ) ;
#8381 = EDGE_CURVE ( 'NONE', #13233, #9382, #38, .T. ) ;
#8382 = AXIS2_PLACEMENT_3D ( 'NONE', #438, #3364, #6877 ) ;
#8383 = EDGE_CURVE ( 'NONE', #3075, #12287, #4096, .T. ) ;
#8384 = CARTESIAN_POINT ( 'NONE',  ( 1.380762737891788161, 3.000000000000000000, -24.03084916708359842 ) ) ;
#8385 = VERTEX_POINT ( 'NONE', #7329 ) ;
#8386 = VERTEX_POINT ( 'NONE', #6407 ) ;
#8387 = CARTESIAN_POINT ( 'NONE',  ( 2.962060422063804488, 3.000000000000000000, 14.56622206771580252 ) ) ;
#8388 = EDGE_LOOP ( 'NONE', ( #9762, #2688, #1332, #4492 ) ) ;
#8389 = DIRECTION ( 'NONE',  ( -0.1994440370148520547, 0.000000000000000000, 0.9799092182948471175 ) ) ;
#8390 = CARTESIAN_POINT ( 'NONE',  ( 21.66464741182484843, 5.000000000000000000, -4.368566015453120066 ) ) ;
#8391 = AXIS2_PLACEMENT_3D ( 'NONE', #2503, #13215, #10139 ) ;
#8392 = CARTESIAN_POINT ( 'NONE',  ( -1.920335351411956326, 3.000000000000000000, 21.33553956001112795 ) ) ;
#8393 = VECTOR ( 'NONE', #5172, 1000.000000000000000 ) ;
#8394 = FACE_OUTER_BOUND ( 'NONE', #3795, .T. ) ;
#8395 = CARTESIAN_POINT ( 'NONE',  ( -12.67616196719162147, 3.000000000000000000, -7.126167983985208565 ) ) ;
#8396 = CARTESIAN_POINT ( 'NONE',  ( 28.19495012622513386, 5.000000000000000000, 19.22420387795654761 ) ) ;
#8397 = CARTESIAN_POINT ( 'NONE',  ( -9.225194341811373988, 5.000000000000000000, 19.84104105519500649 ) ) ;
#8398 = DIRECTION ( 'NONE',  ( 0.000000000000000000, 1.000000000000000000, -0.000000000000000000 ) ) ;
#8399 = DATE_AND_TIME ( #2921, #7933 ) ;
#8400 = CARTESIAN_POINT ( 'NONE',  ( 46.55277316880838612, 5.000000000000000000, 21.03005205601479588 ) ) ;
#8401 = EDGE_LOOP ( 'NONE', ( #635, #211, #3716, #9823 ) ) ;
#8402 = EDGE_CURVE ( 'NONE', #5425, #5108, #1092, .T. ) ;
#8403 = VECTOR ( 'NONE', #8047, 1000.000000000000000 ) ;
#8404 = DIRECTION ( 'NONE',  ( -0.9984316082420015004, 0.000000000000000000, -0.05598503070723784975 ) ) ;
#8405 = CC_DESIGN_PERSON_AND_ORGANIZATION_ASSIGNMENT ( #13494, #3910, ( #9230 ) ) ;
#8406 = ORIENTED_EDGE ( 'NONE', *, *, #11376, .F. ) ;
#8407 = AXIS2_PLACEMENT_3D ( 'NONE', #7878, #4444, #5695 ) ;
#8408 = DIRECTION ( 'NONE',  ( 0.7032071704676161605, 0.000000000000000000, 0.7109850036413771779 ) ) ;
#8409 = EDGE_CURVE ( 'NONE', #7361, #5656, #10750, .T. ) ;
#8410 = CARTESIAN_POINT ( 'NONE',  ( 81.99999999999998579, 3.000000000000000000, 50.99999999999999289 ) ) ;
#8411 = FACE_BOUND ( 'NONE', #4642, .T. ) ;
#8412 = ORIENTED_EDGE ( 'NONE', *, *, #1055, .F. ) ;
#8413 = PLANE ( 'NONE',  #13792 ) ;
#8414 = EDGE_LOOP ( 'NONE', ( #5986, #4659, #11674, #7550 ) ) ;
#8415 = VECTOR ( 'NONE', #2668, 1000.000000000000000 ) ;
#8416 = VECTOR ( 'NONE', #4758, 1000.000000000000114 ) ;
#8417 = LINE ( 'NONE', #3080, #12912 ) ;
#8418 = DIRECTION ( 'NONE',  ( -0.9239619321123205831, 0.000000000000000000, 0.3824844415231389294 ) ) ;
#8419 = CARTESIAN_POINT ( 'NONE',  ( 51.15556203280835490, 3.000000000000000000, 20.19586119201480301 ) ) ;
#8420 = VERTEX_POINT ( 'NONE', #7539 ) ;
#8421 = EDGE_CURVE ( 'NONE', #13687, #11605, #11873, .T. ) ;
#8422 = LINE ( 'NONE', #11706, #5895 ) ;
#8423 = VERTEX_POINT ( 'NONE', #12775 ) ;
#8424 = CARTESIAN_POINT ( 'NONE',  ( -14.59668488270627940, 3.000000000000000000, 10.81198595305716736 ) ) ;
#8425 = EDGE_LOOP ( 'NONE', ( #11633, #10555, #10275, #3099, #4428, #3937, #1922, #7288, #1685, #2629, #12547, #1145, #5462, #4835, #13258, #5834, #13616, #12931, #13181, #6576, #11938, #8505, #8088, #11397, #3209, #4984, #7152, #6732, #2605, #4487, #2507, #1355, #503, #8041, #4480, #2377, #5903, #10459, #8907, #2411, #5221, #2866, #6519, #23 ) ) ;
#8426 = DIRECTION ( 'NONE',  ( -0.4885171382866855261, 0.000000000000000000, 0.8725542995138969582 ) ) ;
#8427 = VECTOR ( 'NONE', #4371, 1000.000000000000000 ) ;
#8428 = VERTEX_POINT ( 'NONE', #3177 ) ;
#8429 = VECTOR ( 'NONE', #10540, 1000.000000000000227 ) ;
#8430 = ORIENTED_EDGE ( 'NONE', *, *, #6720, .F. ) ;
#8431 = EDGE_CURVE ( 'NONE', #12212, #3713, #11601, .T. ) ;
#8432 = PLANE ( 'NONE',  #1736 ) ;
#8433 = DIRECTION ( 'NONE',  ( -1.000000000000000000, 0.000000000000000000, -0.000000000000000000 ) ) ;
#8434 = PLANE ( 'NONE',  #953 ) ;
#8435 = LINE ( 'NONE', #12699, #9017 ) ;
#8436 = CARTESIAN_POINT ( 'NONE',  ( 17.60425357960489023, 5.000000000000000000, 31.11327342896386838 ) ) ;
#8437 = VERTEX_POINT ( 'NONE', #9631 ) ;
#8438 = EDGE_CURVE ( 'NONE', #9470, #9210, #109, .T. ) ;
#8439 = VECTOR ( 'NONE', #11984, 1000.000000000000000 ) ;
#8440 = FACE_OUTER_BOUND ( 'NONE', #10113, .T. ) ;
#8441 = EDGE_CURVE ( 'NONE', #10758, #7402, #2270, .T. ) ;
#8442 = VECTOR ( 'NONE', #710, 1000.000000000000114 ) ;
#8443 = EDGE_LOOP ( 'NONE', ( #13466, #1033, #4682, #6751 ) ) ;
#8444 = DIRECTION ( 'NONE',  ( -0.9563306770081583252, 0.000000000000000000, 0.2922869073583650446 ) ) ;
#8445 = ORIENTED_EDGE ( 'NONE', *, *, #8622, .F. ) ;
#8446 = ORIENTED_EDGE ( 'NONE', *, *, #6260, .F. ) ;
#8447 = VERTEX_POINT ( 'NONE', #11663 ) ;
#8448 = DIRECTION ( 'NONE',  ( -0.9956331021264480663, 0.000000000000000000, -0.09335269653344568930 ) ) ;
#8449 = ORIENTED_EDGE ( 'NONE', *, *, #8354, .T. ) ;
#8450 = VECTOR ( 'NONE', #10039, 1000.000000000000000 ) ;
#8451 = ADVANCED_FACE ( 'NONE', ( #9572 ), #6265, .T. ) ;
#8452 = CARTESIAN_POINT ( 'NONE',  ( 0.000000000000000000, 3.000000000000000000, 13.67547900801479521 ) ) ;
#8453 = LINE ( 'NONE', #11811, #8228 ) ;
#8454 = DIRECTION ( 'NONE',  ( 1.000000000000000000, 0.000000000000000000, -0.000000000000000000 ) ) ;
#8455 = DIRECTION ( 'NONE',  ( 1.000000000000000000, 0.000000000000000000, -0.000000000000000000 ) ) ;
#8456 = EDGE_LOOP ( 'NONE', ( #5122, #2260, #13048, #3476 ) ) ;
#8457 = DIRECTION ( 'NONE',  ( 1.000000000000000000, 0.000000000000000000, -0.000000000000000000 ) ) ;
#8458 = VECTOR ( 'NONE', #4453, 1000.000000000000000 ) ;
#8459 = ORIENTED_EDGE ( 'NONE', *, *, #10714, .T. ) ;
#8460 = ORIENTED_EDGE ( 'NONE', *, *, #6127, .F. ) ;
#8461 = ORIENTED_EDGE ( 'NONE', *, *, #12236, .F. ) ;
#8462 = CARTESIAN_POINT ( 'NONE',  ( 8.853228552808358742, 3.000000000000000000, -6.771824775985209044 ) ) ;
#8463 = DIRECTION ( 'NONE',  ( -0.7808606759642450212, 0.000000000000000000, 0.6247052142672272490 ) ) ;
#8464 = CARTESIAN_POINT ( 'NONE',  ( -7.169005087191634651, 5.000000000000000000, 0.000000000000000000 ) ) ;
#8465 = EDGE_CURVE ( 'NONE', #12257, #8447, #10539, .T. ) ;
#8466 = EDGE_CURVE ( 'NONE', #6037, #12257, #10542, .T. ) ;
#8467 = FACE_OUTER_BOUND ( 'NONE', #4123, .T. ) ;
#8468 = LINE ( 'NONE', #3791, #10101 ) ;
#8469 = CARTESIAN_POINT ( 'NONE',  ( 3.864397280808358648, 5.000000000000000000, -7.220164239985200183 ) ) ;
#8470 = CARTESIAN_POINT ( 'NONE',  ( 17.99527990623743889, 5.000000000000000000, -8.997639953118749645 ) ) ;
#8471 = DIRECTION ( 'NONE',  ( -0.09057533132655028185, 0.000000000000000000, -0.9958896070122861266 ) ) ;
#8472 = CARTESIAN_POINT ( 'NONE',  ( -11.35987503919162833, 3.000000000000000000, 26.14982845601478800 ) ) ;
#8473 = ORIENTED_EDGE ( 'NONE', *, *, #1063, .T. ) ;
#8474 = CARTESIAN_POINT ( 'NONE',  ( 0.000000000000000000, 5.000000000000000000, 19.92748276001479724 ) ) ;
#8475 = VERTEX_POINT ( 'NONE', #5141 ) ;
#8476 = ORIENTED_EDGE ( 'NONE', *, *, #5955, .F. ) ;
#8477 = CARTESIAN_POINT ( 'NONE',  ( 6.858902638616195091, 3.000000000000000000, 19.85669568888273417 ) ) ;
#8478 = CARTESIAN_POINT ( 'NONE',  ( -48.74156303919163946, 5.000000000000000000, 31.68634773601479537 ) ) ;
#8479 = DIRECTION ( 'NONE',  ( 0.000000000000000000, -0.000000000000000000, 1.000000000000000000 ) ) ;
#8480 = ORIENTED_EDGE ( 'NONE', *, *, #1272, .F. ) ;
#8481 = CARTESIAN_POINT ( 'NONE',  ( 43.93478500880837601, 5.000000000000000000, 21.89282706401478862 ) ) ;
#8482 = ORIENTED_EDGE ( 'NONE', *, *, #2471, .T. ) ;
#8483 = ADVANCED_FACE ( 'NONE', ( #3247 ), #8657, .F. ) ;
#8484 = DIRECTION ( 'NONE',  ( 0.3859933582688286346, 0.000000000000000000, -0.9225015595500918320 ) ) ;
#8485 = DIRECTION ( 'NONE',  ( 0.7400606767618274073, 0.000000000000000000, -0.6725401063957643366 ) ) ;
#8486 = DIRECTION ( 'NONE',  ( 0.9563306770081583252, 0.000000000000000000, -0.2922869073583650446 ) ) ;
#8487 = EDGE_LOOP ( 'NONE', ( #5605, #6860, #10794, #6895, #8948, #785, #217, #8572, #13127, #10201, #10902, #2006, #93, #7515, #8019, #3285 ) ) ;
#8488 = CARTESIAN_POINT ( 'NONE',  ( 4.448416434693861277, 5.000000000000000000, 27.28225084361222130 ) ) ;
#8489 = ORIENTED_EDGE ( 'NONE', *, *, #1107, .F. ) ;
#8490 = FACE_OUTER_BOUND ( 'NONE', #10883, .T. ) ;
#8491 = CARTESIAN_POINT ( 'NONE',  ( 0.000000000000000000, 3.000000000000000000, -7.958098247985205376 ) ) ;
#8492 = ORIENTED_EDGE ( 'NONE', *, *, #2356, .F. ) ;
#8493 = ORIENTED_EDGE ( 'NONE', *, *, #10835, .F. ) ;
#8494 = ORIENTED_EDGE ( 'NONE', *, *, #8640, .F. ) ;
#8495 = EDGE_CURVE ( 'NONE', #3425, #12955, #9420, .T. ) ;
#8496 = CC_DESIGN_PERSON_AND_ORGANIZATION_ASSIGNMENT ( #12587, #11479, ( #1483 ) ) ;
#8497 = DIRECTION ( 'NONE',  ( -0.9802222406570884061, 0.000000000000000000, 0.1978998709479038998 ) ) ;
#8498 = LINE ( 'NONE', #5267, #3953 ) ;
#8499 = CARTESIAN_POINT ( 'NONE',  ( 2.886043527338129078, 5.000000000000000000, -1.960291832642146570 ) ) ;
#8500 = ORIENTED_EDGE ( 'NONE', *, *, #5092, .F. ) ;
#8501 = FACE_OUTER_BOUND ( 'NONE', #10129, .T. ) ;
#8502 = CARTESIAN_POINT ( 'NONE',  ( -28.82977761519162385, 5.000000000000000000, 30.21647615201479553 ) ) ;
#8503 = ORIENTED_EDGE ( 'NONE', *, *, #2862, .T. ) ;
#8504 = DIRECTION ( 'NONE',  ( -0.8725542995138969582, 0.000000000000000000, -0.4885171382866855261 ) ) ;
#8505 = ORIENTED_EDGE ( 'NONE', *, *, #11253, .F. ) ;
#8506 = CARTESIAN_POINT ( 'NONE',  ( 8.886133436991933365, 5.000000000000000000, -3.661531631442475287 ) ) ;
#8507 = EDGE_LOOP ( 'NONE', ( #12475, #12609, #8831, #9768 ) ) ;
#8508 = VERTEX_POINT ( 'NONE', #3043 ) ;
#8509 = ORIENTED_EDGE ( 'NONE', *, *, #8259, .F. ) ;
#8510 = EDGE_CURVE ( 'NONE', #7458, #1259, #12923, .T. ) ;
#8511 = ORIENTED_EDGE ( 'NONE', *, *, #2249, .F. ) ;
#8512 = LINE ( 'NONE', #5488, #4844 ) ;
#8513 = ORIENTED_EDGE ( 'NONE', *, *, #8048, .T. ) ;
#8514 = EDGE_CURVE ( 'NONE', #1540, #13519, #10820, .T. ) ;
#8515 = EDGE_CURVE ( 'NONE', #13134, #2262, #6335, .T. ) ;
#8516 = DIRECTION ( 'NONE',  ( 0.000000000000000000, 0.000000000000000000, 1.000000000000000000 ) ) ;
#8517 = DIRECTION ( 'NONE',  ( -0.1475491418635986596, 0.000000000000000000, -0.9890547258545988596 ) ) ;
#8518 = CARTESIAN_POINT ( 'NONE',  ( -1.742105848901883691, 5.000000000000000000, 34.53453529444600889 ) ) ;
#8519 = CARTESIAN_POINT ( 'NONE',  ( 25.96010416880837468, 5.000000000000000000, -7.117228199985208725 ) ) ;
#8520 = CARTESIAN_POINT ( 'NONE',  ( 7.769904328808356908, 3.000000000000000000, -7.117228199985205173 ) ) ;
#8521 = ORIENTED_EDGE ( 'NONE', *, *, #7044, .T. ) ;
#8522 = ORIENTED_EDGE ( 'NONE', *, *, #6402, .F. ) ;
#8523 = EDGE_CURVE ( 'NONE', #11358, #8301, #4237, .T. ) ;
#8524 = ORIENTED_EDGE ( 'NONE', *, *, #6738, .T. ) ;
#8525 = LINE ( 'NONE', #2010, #6143 ) ;
#8526 = DIRECTION ( 'NONE',  ( -0.3965497603255000447, 0.000000000000000000, 0.9180132284372531926 ) ) ;
#8527 = PLANE ( 'NONE',  #6864 ) ;
#8528 = EDGE_CURVE ( 'NONE', #13580, #5801, #7678, .T. ) ;
#8529 = VECTOR ( 'NONE', #11810, 1000.000000000000000 ) ;
#8530 = DIRECTION ( 'NONE',  ( -1.000000000000000000, 0.000000000000000000, 0.000000000000000000 ) ) ;
#8531 = CARTESIAN_POINT ( 'NONE',  ( -1.092279314348618469, 5.000000000000000000, -2.610586530578613562 ) ) ;
#8532 = CARTESIAN_POINT ( 'NONE',  ( -84.00000000000001421, 0.000000000000000000, 25.54999999999999005 ) ) ;
#8533 = LINE ( 'NONE', #3065, #6846 ) ;
#8534 = CARTESIAN_POINT ( 'NONE',  ( 4.520389923644648533, 5.000000000000000000, 28.31530006049283799 ) ) ;
#8535 = CARTESIAN_POINT ( 'NONE',  ( 42.41690132880839315, 5.000000000000000000, 19.92748276001480079 ) ) ;
#8536 = EDGE_LOOP ( 'NONE', ( #12613, #8592, #1358, #4477 ) ) ;
#8537 = LINE ( 'NONE', #4198, #769 ) ;
#8538 = ORIENTED_EDGE ( 'NONE', *, *, #8256, .T. ) ;
#8539 = VERTEX_POINT ( 'NONE', #8728 ) ;
#8540 = ADVANCED_FACE ( 'NONE', ( #8870 ), #1513, .F. ) ;
#8541 = CARTESIAN_POINT ( 'NONE',  ( 41.11219476880838641, 3.000000000000000000, 21.30416072801479288 ) ) ;
#8542 = ADVANCED_FACE ( 'NONE', ( #5564 ), #1367, .T. ) ;
#8543 = VECTOR ( 'NONE', #2346, 1000.000000000000000 ) ;
#8544 = FACE_OUTER_BOUND ( 'NONE', #1050, .T. ) ;
#8545 = AXIS2_PLACEMENT_3D ( 'NONE', #8294, #1781, #2895 ) ;
#8546 = DIRECTION ( 'NONE',  ( -0.000000000000000000, -1.000000000000000000, -0.000000000000000000 ) ) ;
#8547 = ORIENTED_EDGE ( 'NONE', *, *, #516, .F. ) ;
#8548 = DIRECTION ( 'NONE',  ( 0.9967722461048652560, 0.000000000000000000, 0.08028131410896156839 ) ) ;
#8549 = ORIENTED_EDGE ( 'NONE', *, *, #3805, .F. ) ;
#8550 = VECTOR ( 'NONE', #3251, 1000.000000000000000 ) ;
#8551 = CARTESIAN_POINT ( 'NONE',  ( 15.41210291280837374, 5.000000000000000000, 32.23252901601479437 ) ) ;
#8552 = VECTOR ( 'NONE', #11298, 1000.000000000000000 ) ;
#8553 = DIRECTION ( 'NONE',  ( 0.000000000000000000, 1.000000000000000000, -0.000000000000000000 ) ) ;
#8554 = CARTESIAN_POINT ( 'NONE',  ( 7.713186128808364295, 5.000000000000000000, 16.57775514401479100 ) ) ;
#8555 = ORIENTED_EDGE ( 'NONE', *, *, #7076, .T. ) ;
#8556 = DIRECTION ( 'NONE',  ( 1.000000000000000000, -0.000000000000000000, 0.000000000000000000 ) ) ;
#8557 = ORIENTED_EDGE ( 'NONE', *, *, #1204, .T. ) ;
#8558 = ORIENTED_EDGE ( 'NONE', *, *, #11998, .T. ) ;
#8559 = EDGE_CURVE ( 'NONE', #5971, #6875, #11108, .T. ) ;
#8560 = CARTESIAN_POINT ( 'NONE',  ( -50.42874584719162812, 5.000000000000000000, 24.99781755201479427 ) ) ;
#8561 = EDGE_CURVE ( 'NONE', #1002, #10314, #6831, .T. ) ;
#8562 = CARTESIAN_POINT ( 'NONE',  ( 25.02796988880837148, 5.000000000000000000, 12.31086502401479699 ) ) ;
#8563 = ORIENTED_EDGE ( 'NONE', *, *, #3136, .T. ) ;
#8564 = VECTOR ( 'NONE', #8212, 1000.000000000000000 ) ;
#8565 = ORIENTED_EDGE ( 'NONE', *, *, #822, .F. ) ;
#8566 = AXIS2_PLACEMENT_3D ( 'NONE', #13231, #1749, #4695 ) ;
#8567 = CARTESIAN_POINT ( 'NONE',  ( 15.96171658273045857, 3.000000000000000000, 3.481637817375671684 ) ) ;
#8568 = LINE ( 'NONE', #3025, #9562 ) ;
#8569 = DIRECTION ( 'NONE',  ( 0.000000000000000000, -0.000000000000000000, 1.000000000000000000 ) ) ;
#8570 = CARTESIAN_POINT ( 'NONE',  ( 21.43349396880838853, 5.000000000000000000, 28.74556113601479268 ) ) ;
#8571 = DIRECTION ( 'NONE',  ( -0.000000000000000000, -1.000000000000000000, -0.000000000000000000 ) ) ;
#8572 = ORIENTED_EDGE ( 'NONE', *, *, #3605, .T. ) ;
#8573 = VECTOR ( 'NONE', #13100, 1000.000000000000000 ) ;
#8574 = LINE ( 'NONE', #12834, #6789 ) ;
#8575 = VERTEX_POINT ( 'NONE', #8798 ) ;
#8576 = LINE ( 'NONE', #6193, #2140 ) ;
#8577 = ADVANCED_FACE ( 'NONE', ( #13062 ), #4452, .T. ) ;
#8578 = ORIENTED_EDGE ( 'NONE', *, *, #877, .F. ) ;
#8579 = ORIENTED_EDGE ( 'NONE', *, *, #6300, .F. ) ;
#8580 = ADVANCED_FACE ( 'NONE', ( #10056 ), #3601, .T. ) ;
#8581 = EDGE_LOOP ( 'NONE', ( #7353, #11388, #6455, #6522 ) ) ;
#8582 = DIRECTION ( 'NONE',  ( -0.000000000000000000, -1.000000000000000000, -0.000000000000000000 ) ) ;
#8583 = EDGE_LOOP ( 'NONE', ( #2440, #4020, #10538, #10405 ) ) ;
#8584 = AXIS2_PLACEMENT_3D ( 'NONE', #13846, #12586, #13627 ) ;
#8585 = CARTESIAN_POINT ( 'NONE',  ( -11.13019366746295447, 3.000000000000000000, -20.73994799615027418 ) ) ;
#8586 = CARTESIAN_POINT ( 'NONE',  ( 38.47138724880836946, 5.000000000000000000, 20.23155835201480102 ) ) ;
#8587 = DIRECTION ( 'NONE',  ( -0.000000000000000000, -1.000000000000000000, -0.000000000000000000 ) ) ;
#8588 = CARTESIAN_POINT ( 'NONE',  ( -19.98888650894402730, 3.000000000000000000, 34.77736180092708906 ) ) ;
#8589 = EDGE_CURVE ( 'NONE', #3747, #9112, #267, .T. ) ;
#8590 = VECTOR ( 'NONE', #1275, 1000.000000000000000 ) ;
#8591 = CARTESIAN_POINT ( 'NONE',  ( 40.65923148880836635, 5.000000000000000000, 20.27605610401480263 ) ) ;
#8592 = ORIENTED_EDGE ( 'NONE', *, *, #6064, .F. ) ;
#8593 = ORIENTED_EDGE ( 'NONE', *, *, #2101, .F. ) ;
#8594 = VECTOR ( 'NONE', #2604, 1000.000000000000000 ) ;
#8595 = ORIENTED_EDGE ( 'NONE', *, *, #9379, .F. ) ;
#8596 = FACE_OUTER_BOUND ( 'NONE', #1785, .T. ) ;
#8597 = CARTESIAN_POINT ( 'NONE',  ( -50.36168070319163803, 5.000000000000000000, 26.55967371201479921 ) ) ;
#8598 = DIRECTION ( 'NONE',  ( -0.000000000000000000, 1.000000000000000000, -0.000000000000000000 ) ) ;
#8599 = VECTOR ( 'NONE', #12945, 1000.000000000000000 ) ;
#8600 = CARTESIAN_POINT ( 'NONE',  ( 49.39571388880836622, 3.000000000000000000, 21.15118872001479744 ) ) ;
#8601 = CARTESIAN_POINT ( 'NONE',  ( -13.98269935919161178, 3.000000000000000000, 27.62106554401479741 ) ) ;
#8602 = EDGE_CURVE ( 'NONE', #5826, #3083, #9913, .T. ) ;
#8603 = AXIS2_PLACEMENT_3D ( 'NONE', #3139, #5377, #12736 ) ;
#8604 = LINE ( 'NONE', #13844, #9075 ) ;
#8605 = CARTESIAN_POINT ( 'NONE',  ( -14.56418765519161873, 5.000000000000000000, 26.45633533601479570 ) ) ;
#8606 = LINE ( 'NONE', #11685, #1201 ) ;
#8607 = LINE ( 'NONE', #8400, #2251 ) ;
#8608 = ORIENTED_EDGE ( 'NONE', *, *, #3284, .T. ) ;
#8609 = EDGE_CURVE ( 'NONE', #13263, #12703, #12227, .T. ) ;
#8610 = CARTESIAN_POINT ( 'NONE',  ( -14.98016785489369340, 5.000000000000000000, 22.16508499598263171 ) ) ;
#8611 = EDGE_CURVE ( 'NONE', #4803, #7881, #6689, .T. ) ;
#8612 = ORIENTED_EDGE ( 'NONE', *, *, #1981, .F. ) ;
#8613 = EDGE_LOOP ( 'NONE', ( #209, #6400, #5414, #12870 ) ) ;
#8614 = CARTESIAN_POINT ( 'NONE',  ( -28.82977761519162740, 3.000000000000000000, 30.21647615201479553 ) ) ;
#8615 = VECTOR ( 'NONE', #331, 1000.000000000000000 ) ;
#8616 = LINE ( 'NONE', #12805, #8618 ) ;
#8617 = DIRECTION ( 'NONE',  ( 0.000000000000000000, 0.000000000000000000, 1.000000000000000000 ) ) ;
#8618 = VECTOR ( 'NONE', #11558, 1000.000000000000114 ) ;
#8619 = ORIENTED_EDGE ( 'NONE', *, *, #831, .T. ) ;
#8620 = CARTESIAN_POINT ( 'NONE',  ( 6.778927461222658657, 5.000000000000000000, 23.75341867566872622 ) ) ;
#8621 = ORIENTED_EDGE ( 'NONE', *, *, #12101, .T. ) ;
#8622 = EDGE_CURVE ( 'NONE', #4982, #11156, #2630, .T. ) ;
#8623 = VECTOR ( 'NONE', #6563, 1000.000000000000000 ) ;
#8624 = CARTESIAN_POINT ( 'NONE',  ( -22.73663072977303656, 3.000000000000000000, 20.06173682050091855 ) ) ;
#8625 = LINE ( 'NONE', #5250, #7228 ) ;
#8626 = AXIS2_PLACEMENT_3D ( 'NONE', #10905, #6557, #11820 ) ;
#8627 = CARTESIAN_POINT ( 'NONE',  ( 26.33387527096416747, 5.000000000000000000, -5.238165447407880038 ) ) ;
#8628 = VERTEX_POINT ( 'NONE', #1439 ) ;
#8629 = CARTESIAN_POINT ( 'NONE',  ( 30.42495823815725942, 5.000000000000000000, -12.09398326395759504 ) ) ;
#8630 = EDGE_LOOP ( 'NONE', ( #10251, #1302, #12836, #8449 ) ) ;
#8631 = ORIENTED_EDGE ( 'NONE', *, *, #13066, .T. ) ;
#8632 = CARTESIAN_POINT ( 'NONE',  ( 4.448416434693861277, 5.000000000000000000, 27.28225084361222130 ) ) ;
#8633 = DIRECTION ( 'NONE',  ( 0.000000000000000000, 0.000000000000000000, -1.000000000000000000 ) ) ;
#8634 = ORIENTED_EDGE ( 'NONE', *, *, #9362, .T. ) ;
#8635 = VECTOR ( 'NONE', #3809, 999.9999999999998863 ) ;
#8636 = ORIENTED_EDGE ( 'NONE', *, *, #9198, .F. ) ;
#8637 = VECTOR ( 'NONE', #2446, 1000.000000000000000 ) ;
#8638 = AXIS2_PLACEMENT_3D ( 'NONE', #10082, #6865, #9167 ) ;
#8639 = LINE ( 'NONE', #10733, #7328 ) ;
#8640 = EDGE_CURVE ( 'NONE', #2451, #3419, #396, .T. ) ;
#8641 = EDGE_CURVE ( 'NONE', #3176, #4046, #325, .T. ) ;
#8642 = FACE_OUTER_BOUND ( 'NONE', #8581, .T. ) ;
#8643 = DIRECTION ( 'NONE',  ( -0.3758148874564765096, 0.000000000000000000, 0.9266947557670086599 ) ) ;
#8644 = ORIENTED_EDGE ( 'NONE', *, *, #2860, .F. ) ;
#8645 = DIRECTION ( 'NONE',  ( -0.9696479533249666716, 0.000000000000000000, -0.2445053099887669890 ) ) ;
#8646 = ORIENTED_EDGE ( 'NONE', *, *, #12755, .T. ) ;
#8647 = DIRECTION ( 'NONE',  ( -0.3101841417870022100, 0.000000000000000000, -0.9506764950201835873 ) ) ;
#8648 = VECTOR ( 'NONE', #7982, 1000.000000000000000 ) ;
#8649 = ORIENTED_EDGE ( 'NONE', *, *, #12165, .T. ) ;
#8650 = LINE ( 'NONE', #9979, #5265 ) ;
#8651 = ORIENTED_EDGE ( 'NONE', *, *, #7583, .F. ) ;
#8652 = VECTOR ( 'NONE', #11561, 1000.000000000000000 ) ;
#8653 = LINE ( 'NONE', #12574, #6178 ) ;
#8654 = ORIENTED_EDGE ( 'NONE', *, *, #12781, .T. ) ;
#8655 = CARTESIAN_POINT ( 'NONE',  ( -14.38390658319162618, 5.000000000000000000, 21.20248452801478933 ) ) ;
#8656 = ORIENTED_EDGE ( 'NONE', *, *, #7732, .T. ) ;
#8657 = CYLINDRICAL_SURFACE ( 'NONE', #13025, 1.700000000000000178 ) ;
#8658 = AXIS2_PLACEMENT_3D ( 'NONE', #7512, #9400, #2184 ) ;
#8659 = EDGE_CURVE ( 'NONE', #13134, #9114, #9989, .T. ) ;
#8660 = VECTOR ( 'NONE', #8739, 1000.000000000000000 ) ;
#8661 = FACE_OUTER_BOUND ( 'NONE', #5844, .T. ) ;
#8662 = VECTOR ( 'NONE', #9406, 1000.000000000000000 ) ;
#8663 = CARTESIAN_POINT ( 'NONE',  ( 5.083329268364244591, 3.000000000000000000, -1.108797498513282243 ) ) ;
#8664 = EDGE_CURVE ( 'NONE', #3760, #13687, #6618, .T. ) ;
#8665 = DIRECTION ( 'NONE',  ( 0.4924492093482080723, 0.000000000000000000, -0.8703411837965182585 ) ) ;
#8666 = LINE ( 'NONE', #5712, #3227 ) ;
#8667 = ORIENTED_EDGE ( 'NONE', *, *, #6459, .F. ) ;
#8668 = ORIENTED_EDGE ( 'NONE', *, *, #10582, .T. ) ;
#8669 = ORIENTED_EDGE ( 'NONE', *, *, #4481, .T. ) ;
#8670 = VECTOR ( 'NONE', #1420, 1000.000000000000114 ) ;
#8671 = FACE_OUTER_BOUND ( 'NONE', #2838, .T. ) ;
#8672 = LINE ( 'NONE', #4316, #1997 ) ;
#8673 = AXIS2_PLACEMENT_3D ( 'NONE', #3197, #5162, #973 ) ;
#8674 = LINE ( 'NONE', #13076, #2623 ) ;
#8675 = EDGE_CURVE ( 'NONE', #6555, #3287, #4518, .T. ) ;
#8676 = PLANE ( 'NONE',  #9579 ) ;
#8677 = ADVANCED_FACE ( 'NONE', ( #4649 ), #1421, .T. ) ;
#8678 = PLANE ( 'NONE',  #12338 ) ;
#8679 = DIRECTION ( 'NONE',  ( 0.9234250451741278232, 0.000000000000000000, -0.3837788242531887661 ) ) ;
#8680 = VECTOR ( 'NONE', #12374, 1000.000000000000000 ) ;
#8681 = DIRECTION ( 'NONE',  ( -0.9379835119174022573, 0.000000000000000000, -0.3466798687133368362 ) ) ;
#8682 = DIRECTION ( 'NONE',  ( 1.000000000000000000, -0.000000000000000000, 0.000000000000000000 ) ) ;
#8683 = LINE ( 'NONE', #2504, #2491 ) ;
#8684 = EDGE_LOOP ( 'NONE', ( #848, #3278, #6254, #3804 ) ) ;
#8685 = CARTESIAN_POINT ( 'NONE',  ( 0.000000000000000000, 3.000000000000000000, 32.03596146401479672 ) ) ;
#8686 = VERTEX_POINT ( 'NONE', #8926 ) ;
#8687 = ORIENTED_EDGE ( 'NONE', *, *, #4166, .T. ) ;
#8688 = LINE ( 'NONE', #3346, #13338 ) ;
#8689 = ORIENTED_EDGE ( 'NONE', *, *, #11515, .F. ) ;
#8690 = LINE ( 'NONE', #3495, #11309 ) ;
#8691 = DIRECTION ( 'NONE',  ( -0.5933273495373738715, 0.000000000000000000, -0.8049612762679674294 ) ) ;
#8692 = ADVANCED_FACE ( 'NONE', ( #3586 ), #3369, .T. ) ;
#8693 = ORIENTED_EDGE ( 'NONE', *, *, #11983, .T. ) ;
#8694 = CARTESIAN_POINT ( 'NONE',  ( -3.936847924096960494, 5.000000000000000000, -0.1951907004045583538 ) ) ;
#8695 = ORIENTED_EDGE ( 'NONE', *, *, #13348, .T. ) ;
#8696 = EDGE_CURVE ( 'NONE', #1289, #13347, #7659, .T. ) ;
#8697 = ADVANCED_FACE ( 'NONE', ( #5548 ), #1494, .T. ) ;
#8698 = CARTESIAN_POINT ( 'NONE',  ( -27.24020091119163922, 5.000000000000000000, 30.60954420001479903 ) ) ;
#8699 = CARTESIAN_POINT ( 'NONE',  ( 3.149392172460536710, 5.000000000000000000, 33.58916469387919790 ) ) ;
#8700 = LINE ( 'NONE', #11990, #13245 ) ;
#8701 = ORIENTED_EDGE ( 'NONE', *, *, #9695, .T. ) ;
#8702 = LINE ( 'NONE', #5388, #6801 ) ;
#8703 = ORIENTED_EDGE ( 'NONE', *, *, #11045, .F. ) ;
#8704 = LINE ( 'NONE', #3435, #1037 ) ;
#8705 = ORIENTED_EDGE ( 'NONE', *, *, #138, .T. ) ;
#8706 = CARTESIAN_POINT ( 'NONE',  ( 76.49999999999998579, 0.000000000000000000, -5.000000000000004441 ) ) ;
#8707 = ADVANCED_FACE ( 'NONE', ( #13187 ), #4500, .T. ) ;
#8708 = VERTEX_POINT ( 'NONE', #5615 ) ;
#8709 = ORIENTED_EDGE ( 'NONE', *, *, #4137, .F. ) ;
#8710 = EDGE_CURVE ( 'NONE', #9118, #12500, #7869, .T. ) ;
#8711 = CARTESIAN_POINT ( 'NONE',  ( -51.66480839919162804, 3.000000000000000000, -0.000000000000000000 ) ) ;
#8712 = CARTESIAN_POINT ( 'NONE',  ( -11.13019366857498404, 5.000000000000000000, -20.73994799644593812 ) ) ;
#8713 = CARTESIAN_POINT ( 'NONE',  ( 52.96622909670956147, 3.000000000000000000, -0.1006114812452373053 ) ) ;
#8714 = PLANE ( 'NONE',  #6535 ) ;
#8715 = CARTESIAN_POINT ( 'NONE',  ( -28.53312187119163923, 5.000000000000000000, -7.337595551985202746 ) ) ;
#8716 = ORIENTED_EDGE ( 'NONE', *, *, #5610, .T. ) ;
#8717 = DIRECTION ( 'NONE',  ( -0.000000000000000000, -1.000000000000000000, -0.000000000000000000 ) ) ;
#8718 = ORIENTED_EDGE ( 'NONE', *, *, #13569, .T. ) ;
#8719 = CARTESIAN_POINT ( 'NONE',  ( 9.295352128808378467, 5.000000000000000000, 32.03596146401479672 ) ) ;
#8720 = VERTEX_POINT ( 'NONE', #237 ) ;
#8721 = VERTEX_POINT ( 'NONE', #9970 ) ;
#8722 = DIRECTION ( 'NONE',  ( -0.9818660923417412700, 0.000000000000000000, -0.1895757809150719619 ) ) ;
#8723 = EDGE_CURVE ( 'NONE', #7731, #4543, #8779, .T. ) ;
#8724 = EDGE_LOOP ( 'NONE', ( #6092, #5749, #8133, #7371 ) ) ;
#8725 = EDGE_CURVE ( 'NONE', #12783, #8181, #13043, .T. ) ;
#8726 = LINE ( 'NONE', #7459, #3494 ) ;
#8727 = ORIENTED_EDGE ( 'NONE', *, *, #6661, .T. ) ;
#8728 = CARTESIAN_POINT ( 'NONE',  ( 11.59690708880837740, 5.000000000000000000, 28.75297692001479177 ) ) ;
#8729 = LINE ( 'NONE', #400, #11815 ) ;
#8730 = CARTESIAN_POINT ( 'NONE',  ( -22.79778967919162369, 5.000000000000000000, 0.000000000000000000 ) ) ;
#8731 = CARTESIAN_POINT ( 'NONE',  ( 83.99999999999998579, 3.000000000000000000, 50.99999999999999289 ) ) ;
#8732 = CARTESIAN_POINT ( 'NONE',  ( 9.141207405843188027, 5.000000000000000000, 29.90902721613752391 ) ) ;
#8733 = EDGE_LOOP ( 'NONE', ( #5469, #12050, #5346, #11808 ) ) ;
#8734 = ORIENTED_EDGE ( 'NONE', *, *, #10422, .F. ) ;
#8735 = ORIENTED_EDGE ( 'NONE', *, *, #1979, .F. ) ;
#8736 = EDGE_CURVE ( 'NONE', #11240, #8822, #5758, .T. ) ;
#8737 = LINE ( 'NONE', #6700, #12860 ) ;
#8738 = DIRECTION ( 'NONE',  ( 0.7164018381303216554, 0.000000000000000000, 0.6976879003705713789 ) ) ;
#8739 = DIRECTION ( 'NONE',  ( -0.000000000000000000, -1.000000000000000000, -0.000000000000000000 ) ) ;
#8740 = CARTESIAN_POINT ( 'NONE',  ( 8.764944312970003537, 3.000000000000000000, -1.173899725559989005 ) ) ;
#8741 = DIRECTION ( 'NONE',  ( 1.000000000000000000, -0.000000000000000000, 0.000000000000000000 ) ) ;
#8742 = LINE ( 'NONE', #13005, #5248 ) ;
#8743 = DIRECTION ( 'NONE',  ( -0.9957356910248242876, 0.000000000000000000, 0.09225201146487578552 ) ) ;
#8744 = PLANE ( 'NONE',  #11709 ) ;
#8745 = PLANE ( 'NONE',  #13647 ) ;
#8746 = ORIENTED_EDGE ( 'NONE', *, *, #219, .F. ) ;
#8747 = DIRECTION ( 'NONE',  ( -0.9598352561504095437, 0.000000000000000000, -0.2805642191204673619 ) ) ;
#8748 = ORIENTED_EDGE ( 'NONE', *, *, #9873, .F. ) ;
#8749 = VERTEX_POINT ( 'NONE', #6675 ) ;
#8750 = CARTESIAN_POINT ( 'NONE',  ( 32.60998164880837180, 5.000000000000000000, 24.32787121601479896 ) ) ;
#8751 = ORIENTED_EDGE ( 'NONE', *, *, #1639, .T. ) ;
#8752 = EDGE_CURVE ( 'NONE', #8154, #4387, #10041, .T. ) ;
#8753 = CARTESIAN_POINT ( 'NONE',  ( 37.23533180880836824, 3.000000000000000000, 32.03596146401479672 ) ) ;
#8754 = CARTESIAN_POINT ( 'NONE',  ( -10.48412367919162413, 5.000000000000000000, 21.14624486401479686 ) ) ;
#8755 = ADVANCED_FACE ( 'NONE', ( #2325 ), #445, .T. ) ;
#8756 = ORIENTED_EDGE ( 'NONE', *, *, #4363, .T. ) ;
#8757 = DIRECTION ( 'NONE',  ( -0.000000000000000000, -1.000000000000000000, -0.000000000000000000 ) ) ;
#8758 = VECTOR ( 'NONE', #5351, 1000.000000000000114 ) ;
#8759 = ORIENTED_EDGE ( 'NONE', *, *, #2257, .T. ) ;
#8760 = DIRECTION ( 'NONE',  ( 0.000000000000000000, -0.000000000000000000, 1.000000000000000000 ) ) ;
#8761 = CARTESIAN_POINT ( 'NONE',  ( -11.63984603119162742, 3.000000000000000000, 25.02253988001480067 ) ) ;
#8762 = CARTESIAN_POINT ( 'NONE',  ( -2.054159117139445545, 3.000000000000000000, -38.16759156801382602 ) ) ;
#8763 = ORIENTED_EDGE ( 'NONE', *, *, #11062, .T. ) ;
#8764 = VECTOR ( 'NONE', #12003, 1000.000000000000000 ) ;
#8765 = CARTESIAN_POINT ( 'NONE',  ( -19.53705451919162783, 5.000000000000000000, 20.27605610401479197 ) ) ;
#8766 = VECTOR ( 'NONE', #1648, 1000.000000000000000 ) ;
#8767 = ORIENTED_EDGE ( 'NONE', *, *, #11126, .F. ) ;
#8768 = FACE_OUTER_BOUND ( 'NONE', #9295, .T. ) ;
#8769 = EDGE_LOOP ( 'NONE', ( #3648, #6617, #4932, #6513 ) ) ;
#8770 = ADVANCED_FACE ( 'NONE', ( #10946 ), #8983, .T. ) ;
#8771 = EDGE_CURVE ( 'NONE', #2580, #6106, #1351, .T. ) ;
#8772 = FACE_OUTER_BOUND ( 'NONE', #2008, .T. ) ;
#8773 = CARTESIAN_POINT ( 'NONE',  ( 26.58293756880837577, 5.000000000000000000, 12.62729720801479871 ) ) ;
#8774 = ORIENTED_EDGE ( 'NONE', *, *, #13798, .T. ) ;
#8775 = VERTEX_POINT ( 'NONE', #2610 ) ;
#8776 = VECTOR ( 'NONE', #11038, 1000.000000000000114 ) ;
#8777 = VECTOR ( 'NONE', #5458, 1000.000000000000227 ) ;
#8778 = DIRECTION ( 'NONE',  ( -0.09335269653344568930, 0.000000000000000000, 0.9956331021264481773 ) ) ;
#8779 = LINE ( 'NONE', #379, #8764 ) ;
#8780 = LINE ( 'NONE', #8713, #8224 ) ;
#8781 = DIRECTION ( 'NONE',  ( -0.000000000000000000, -1.000000000000000000, -0.000000000000000000 ) ) ;
#8782 = ADVANCED_FACE ( 'NONE', ( #11159 ), #307, .F. ) ;
#8783 = ORIENTED_EDGE ( 'NONE', *, *, #6087, .F. ) ;
#8784 = CARTESIAN_POINT ( 'NONE',  ( -7.169005087191634651, 5.000000000000000000, 32.03596146401479672 ) ) ;
#8785 = ORIENTED_EDGE ( 'NONE', *, *, #4434, .F. ) ;
#8786 = CARTESIAN_POINT ( 'NONE',  ( 76.49999999999998579, 0.000000000000000000, -3.300000000000005151 ) ) ;
#8787 = ORIENTED_EDGE ( 'NONE', *, *, #8589, .F. ) ;
#8788 = LINE ( 'NONE', #12011, #12206 ) ;
#8789 = EDGE_CURVE ( 'NONE', #11589, #12265, #13120, .T. ) ;
#8790 = VECTOR ( 'NONE', #8343, 1000.000000000000114 ) ;
#8791 = ORIENTED_EDGE ( 'NONE', *, *, #13361, .T. ) ;
#8792 = EDGE_CURVE ( 'NONE', #623, #6180, #10171, .T. ) ;
#8793 = AXIS2_PLACEMENT_3D ( 'NONE', #4045, #5236, #3068 ) ;
#8794 = DIRECTION ( 'NONE',  ( 0.8565467574900692549, 0.000000000000000000, -0.5160694257880895641 ) ) ;
#8795 = ORIENTED_EDGE ( 'NONE', *, *, #3542, .T. ) ;
#8796 = LINE ( 'NONE', #6687, #9314 ) ;
#8797 = ORIENTED_EDGE ( 'NONE', *, *, #11203, .F. ) ;
#8798 = CARTESIAN_POINT ( 'NONE',  ( -27.75687450319162153, 5.000000000000000000, 31.98157498401479870 ) ) ;
#8799 = AXIS2_PLACEMENT_3D ( 'NONE', #903, #6428, #10568 ) ;
#8800 = DIRECTION ( 'NONE',  ( -0.000000000000000000, -1.000000000000000000, -0.000000000000000000 ) ) ;
#8801 = LINE ( 'NONE', #9073, #8776 ) ;
#8802 = ADVANCED_FACE ( 'NONE', ( #10100 ), #513, .T. ) ;
#8803 = DIRECTION ( 'NONE',  ( 1.000000000000000000, 0.000000000000000000, -0.000000000000000000 ) ) ;
#8804 = DIRECTION ( 'NONE',  ( -0.2819663010266922898, 0.000000000000000000, -0.9594243092007439522 ) ) ;
#8805 = ORIENTED_EDGE ( 'NONE', *, *, #5578, .T. ) ;
#8806 = ORIENTED_EDGE ( 'NONE', *, *, #11422, .T. ) ;
#8807 = VERTEX_POINT ( 'NONE', #8074 ) ;
#8808 = AXIS2_PLACEMENT_3D ( 'NONE', #8364, #7173, #9205 ) ;
#8809 = CARTESIAN_POINT ( 'NONE',  ( 4.502204598913156275, 5.000000000000000000, -23.43107428125285097 ) ) ;
#8810 = LINE ( 'NONE', #10972, #10929 ) ;
#8811 = DIRECTION ( 'NONE',  ( 0.6351454721939683301, 0.000000000000000000, -0.7723925356653189578 ) ) ;
#8812 = LINE ( 'NONE', #6847, #13367 ) ;
#8813 = CARTESIAN_POINT ( 'NONE',  ( 26.39011092880837239, 5.000000000000000000, 13.67547900801479521 ) ) ;
#8814 = ADVANCED_FACE ( 'NONE', ( #2810 ), #3857, .T. ) ;
#8815 = FACE_OUTER_BOUND ( 'NONE', #2606, .T. ) ;
#8816 = EDGE_CURVE ( 'NONE', #2023, #3758, #899, .T. ) ;
#8817 = VECTOR ( 'NONE', #225, 1000.000000000000000 ) ;
#8818 = FACE_OUTER_BOUND ( 'NONE', #9110, .T. ) ;
#8819 = ORIENTED_EDGE ( 'NONE', *, *, #3109, .F. ) ;
#8820 = PLANE ( 'NONE',  #8158 ) ;
#8821 = VERTEX_POINT ( 'NONE', #9053 ) ;
#8822 = VERTEX_POINT ( 'NONE', #8395 ) ;
#8823 = DIRECTION ( 'NONE',  ( -0.000000000000000000, -1.000000000000000000, -0.000000000000000000 ) ) ;
#8824 = VERTEX_POINT ( 'NONE', #13320 ) ;
#8825 = ORIENTED_EDGE ( 'NONE', *, *, #2677, .F. ) ;
#8826 = LINE ( 'NONE', #7784, #1019 ) ;
#8827 = CARTESIAN_POINT ( 'NONE',  ( 0.000000000000000000, 3.000000000000000000, 32.03596146401479672 ) ) ;
#8828 = EDGE_LOOP ( 'NONE', ( #5104, #11744, #10927, #1330 ) ) ;
#8829 = AXIS2_PLACEMENT_3D ( 'NONE', #5726, #13158, #6852 ) ;
#8830 = PLANE ( 'NONE',  #1944 ) ;
#8831 = ORIENTED_EDGE ( 'NONE', *, *, #5196, .T. ) ;
#8832 = VECTOR ( 'NONE', #9179, 1000.000000000000000 ) ;
#8833 = EDGE_CURVE ( 'NONE', #12853, #12269, #2674, .T. ) ;
#8834 = CARTESIAN_POINT ( 'NONE',  ( 26.21599494480836157, 3.000000000000000000, 12.47684284801479215 ) ) ;
#8835 = DIRECTION ( 'NONE',  ( -0.000000000000000000, -1.000000000000000000, -0.000000000000000000 ) ) ;
#8836 = CARTESIAN_POINT ( 'NONE',  ( -15.56187933519164091, 5.000000000000000000, 29.01996851201479188 ) ) ;
#8837 = EDGE_CURVE ( 'NONE', #4009, #5101, #12406, .T. ) ;
#8838 = DIRECTION ( 'NONE',  ( 0.4694508372744184976, 0.000000000000000000, -0.8829586124968414884 ) ) ;
#8839 = VERTEX_POINT ( 'NONE', #6951 ) ;
#8840 = VECTOR ( 'NONE', #1447, 1000.000000000000000 ) ;
#8841 = LINE ( 'NONE', #5810, #11499 ) ;
#8842 = VERTEX_POINT ( 'NONE', #6219 ) ;
#8843 = VECTOR ( 'NONE', #10401, 1000.000000000000000 ) ;
#8844 = DIRECTION ( 'NONE',  ( -0.000000000000000000, -1.000000000000000000, -0.000000000000000000 ) ) ;
#8845 = DIRECTION ( 'NONE',  ( -0.7110785453986703253, 0.000000000000000000, 0.7031125815071944674 ) ) ;
#8846 = DIRECTION ( 'NONE',  ( -0.000000000000000000, -1.000000000000000000, -0.000000000000000000 ) ) ;
#8847 = ORIENTED_EDGE ( 'NONE', *, *, #9113, .T. ) ;
#8848 = ORIENTED_EDGE ( 'NONE', *, *, #10151, .F. ) ;
#8849 = VECTOR ( 'NONE', #5367, 1000.000000000000000 ) ;
#8850 = CARTESIAN_POINT ( 'NONE',  ( 10.31126350198869446, 5.000000000000000000, 32.27872189754711485 ) ) ;
#8851 = AXIS2_PLACEMENT_3D ( 'NONE', #10279, #624, #1802 ) ;
#8852 = DIRECTION ( 'NONE',  ( -0.000000000000000000, -1.000000000000000000, -0.000000000000000000 ) ) ;
#8853 = EDGE_CURVE ( 'NONE', #13199, #9233, #10497, .T. ) ;
#8854 = CARTESIAN_POINT ( 'NONE',  ( 6.112346142531160709, 3.000000000000000000, 1.215828663155633871 ) ) ;
#8855 = CARTESIAN_POINT ( 'NONE',  ( -4.847872230911146829, 5.000000000000000000, 21.04637584422136243 ) ) ;
#8856 = LINE ( 'NONE', #1565, #5397 ) ;
#8857 = VERTEX_POINT ( 'NONE', #2082 ) ;
#8858 = DIRECTION ( 'NONE',  ( -1.000000000000000000, 0.000000000000000000, 0.000000000000000000 ) ) ;
#8859 = ORIENTED_EDGE ( 'NONE', *, *, #9031, .F. ) ;
#8860 = ORIENTED_EDGE ( 'NONE', *, *, #13552, .F. ) ;
#8861 = CARTESIAN_POINT ( 'NONE',  ( 11.13019366853257885, 5.000000000000000000, -20.73994799652949439 ) ) ;
#8862 = AXIS2_PLACEMENT_3D ( 'NONE', #2490, #4521, #9993 ) ;
#8863 = ORIENTED_EDGE ( 'NONE', *, *, #8514, .F. ) ;
#8864 = CARTESIAN_POINT ( 'NONE',  ( -1.711773009259218492, 3.000000000000000000, 14.83589374024591301 ) ) ;
#8865 = AXIS2_PLACEMENT_3D ( 'NONE', #9261, #6033, #2884 ) ;
#8866 = EDGE_LOOP ( 'NONE', ( #8476, #1608, #9731, #3162 ) ) ;
#8867 = DIRECTION ( 'NONE',  ( -0.000000000000000000, -1.000000000000000000, -0.000000000000000000 ) ) ;
#8868 = ORIENTED_EDGE ( 'NONE', *, *, #3379, .T. ) ;
#8869 = EDGE_CURVE ( 'NONE', #2036, #7708, #12337, .T. ) ;
#8870 = FACE_OUTER_BOUND ( 'NONE', #7599, .T. ) ;
#8871 = EDGE_CURVE ( 'NONE', #13573, #6645, #9441, .T. ) ;
#8872 = EDGE_CURVE ( 'NONE', #6627, #11083, #13696, .T. ) ;
#8873 = DIRECTION ( 'NONE',  ( 0.7353668658178819095, 0.000000000000000000, 0.6776692206801083751 ) ) ;
#8874 = DIRECTION ( 'NONE',  ( -0.000000000000000000, -1.000000000000000000, -0.000000000000000000 ) ) ;
#8875 = VECTOR ( 'NONE', #6876, 1000.000000000000000 ) ;
#8876 = DIRECTION ( 'NONE',  ( 0.000000000000000000, 0.000000000000000000, -1.000000000000000000 ) ) ;
#8877 = CIRCLE ( 'NONE', #4173, 0.8889999998513629098 ) ;
#8878 = CARTESIAN_POINT ( 'NONE',  ( 32.41201912880838165, 5.000000000000000000, 20.53134134401479827 ) ) ;
#8879 = ORIENTED_EDGE ( 'NONE', *, *, #7378, .F. ) ;
#8880 = ORIENTED_EDGE ( 'NONE', *, *, #8923, .F. ) ;
#8881 = EDGE_LOOP ( 'NONE', ( #5453, #8067, #8783, #591 ) ) ;
#8882 = CARTESIAN_POINT ( 'NONE',  ( 14.33849164880836646, 5.000000000000000000, 31.92224363201479065 ) ) ;
#8883 = LINE ( 'NONE', #2148, #6924 ) ;
#8884 = EDGE_CURVE ( 'NONE', #12404, #12160, #13384, .T. ) ;
#8885 = VECTOR ( 'NONE', #5770, 1000.000000000000114 ) ;
#8886 = VECTOR ( 'NONE', #2013, 1000.000000000000114 ) ;
#8887 = EDGE_CURVE ( 'NONE', #2061, #12765, #8468, .T. ) ;
#8888 = DIRECTION ( 'NONE',  ( 0.000000000000000000, 0.000000000000000000, 1.000000000000000000 ) ) ;
#8889 = LINE ( 'NONE', #6985, #10335 ) ;
#8890 = LINE ( 'NONE', #4537, #4369 ) ;
#8891 = LINE ( 'NONE', #11896, #11660 ) ;
#8892 = VERTEX_POINT ( 'NONE', #970 ) ;
#8893 = CARTESIAN_POINT ( 'NONE',  ( 27.21998339380656518, 3.000000000000000000, 18.21453455374431130 ) ) ;
#8894 = VECTOR ( 'NONE', #3729, 1000.000000000000000 ) ;
#8895 = AXIS2_PLACEMENT_3D ( 'NONE', #6457, #10803, #5335 ) ;
#8896 = VERTEX_POINT ( 'NONE', #5231 ) ;
#8897 = EDGE_LOOP ( 'NONE', ( #6888, #70, #13375, #2429 ) ) ;
#8898 = CARTESIAN_POINT ( 'NONE',  ( 0.8936756472653736294, 3.000000000000000000, 31.42579808278320996 ) ) ;
#8899 = ORIENTED_EDGE ( 'NONE', *, *, #13841, .T. ) ;
#8900 = ORIENTED_EDGE ( 'NONE', *, *, #3465, .T. ) ;
#8901 = CARTESIAN_POINT ( 'NONE',  ( -3.638808439191620892, 5.000000000000000000, 30.42166243201479858 ) ) ;
#8902 = CARTESIAN_POINT ( 'NONE',  ( 15.88114220370727026, 5.000000000000000000, -15.70741016430195636 ) ) ;
#8903 = EDGE_CURVE ( 'NONE', #13797, #9710, #9513, .T. ) ;
#8904 = ORIENTED_EDGE ( 'NONE', *, *, #9296, .F. ) ;
#8905 = EDGE_CURVE ( 'NONE', #9470, #7458, #5959, .T. ) ;
#8906 = LINE ( 'NONE', #2382, #10002 ) ;
#8907 = ORIENTED_EDGE ( 'NONE', *, *, #11403, .F. ) ;
#8908 = VECTOR ( 'NONE', #9928, 1000.000000000000114 ) ;
#8909 = DIRECTION ( 'NONE',  ( -0.2115579632480343308, 0.000000000000000000, 0.9773654527280690729 ) ) ;
#8910 = CARTESIAN_POINT ( 'NONE',  ( 81.99999999999998579, 3.000000000000000000, 50.99999999999999289 ) ) ;
#8911 = LINE ( 'NONE', #3505, #12154 ) ;
#8912 = FACE_OUTER_BOUND ( 'NONE', #12959, .T. ) ;
#8913 = DIRECTION ( 'NONE',  ( 0.7396924151211460297, 0.000000000000000000, 0.6729451173849514412 ) ) ;
#8914 = ORIENTED_EDGE ( 'NONE', *, *, #3633, .T. ) ;
#8915 = CARTESIAN_POINT ( 'NONE',  ( -27.67035092719162037, 5.000000000000000000, 0.000000000000000000 ) ) ;
#8916 = EDGE_LOOP ( 'NONE', ( #4802, #12105, #11319, #8312, #3925, #8138, #3967 ) ) ;
#8917 = CARTESIAN_POINT ( 'NONE',  ( 7.514016600808375301, 5.000000000000000000, 12.48672852801479749 ) ) ;
#8918 = VERTEX_POINT ( 'NONE', #8014 ) ;
#8919 = VECTOR ( 'NONE', #2488, 999.9999999999998863 ) ;
#8920 = LINE ( 'NONE', #10095, #7942 ) ;
#8921 = CARTESIAN_POINT ( 'NONE',  ( 9.295352128808373138, 3.000000000000000000, 30.81720240801479704 ) ) ;
#8922 = ORIENTED_EDGE ( 'NONE', *, *, #11773, .F. ) ;
#8923 = EDGE_CURVE ( 'NONE', #3011, #11591, #10241, .T. ) ;
#8924 = VERTEX_POINT ( 'NONE', #1626 ) ;
#8925 = LINE ( 'NONE', #12136, #12033 ) ;
#8926 = CARTESIAN_POINT ( 'NONE',  ( 32.92826904880836736, 5.000000000000000000, 21.00100664801479766 ) ) ;
#8927 = CARTESIAN_POINT ( 'NONE',  ( 9.028367648808366397, 5.000000000000000000, -7.958098247985205376 ) ) ;
#8928 = DIRECTION ( 'NONE',  ( 0.9744822533593152647, 0.000000000000000000, 0.2244645581996220218 ) ) ;
#8929 = LINE ( 'NONE', #10105, #6295 ) ;
#8930 = VERTEX_POINT ( 'NONE', #4908 ) ;
#8931 = CARTESIAN_POINT ( 'NONE',  ( 81.99999999999998579, 3.000000000000000000, 50.99999999999999289 ) ) ;
#8932 = ORIENTED_EDGE ( 'NONE', *, *, #235, .T. ) ;
#8933 = CARTESIAN_POINT ( 'NONE',  ( -33.29443721519162835, 3.000000000000000000, 32.03596146401479672 ) ) ;
#8934 = ORIENTED_EDGE ( 'NONE', *, *, #10219, .F. ) ;
#8935 = LINE ( 'NONE', #13197, #9310 ) ;
#8936 = ORIENTED_EDGE ( 'NONE', *, *, #2413, .F. ) ;
#8937 = ADVANCED_FACE ( 'NONE', ( #9183 ), #13440, .T. ) ;
#8938 = DIRECTION ( 'NONE',  ( -0.000000000000000000, -1.000000000000000000, -0.000000000000000000 ) ) ;
#8939 = EDGE_CURVE ( 'NONE', #13614, #10305, #12938, .T. ) ;
#8940 = ORIENTED_EDGE ( 'NONE', *, *, #5698, .F. ) ;
#8941 = DIRECTION ( 'NONE',  ( -0.1371697224134747484, 0.000000000000000000, -0.9905475593089966280 ) ) ;
#8942 = DIRECTION ( 'NONE',  ( 0.4472135954999592045, 0.000000000000000000, -0.8944271909999153003 ) ) ;
#8943 = DIRECTION ( 'NONE',  ( 0.2131134059951631521, 0.000000000000000000, 0.9770274695141076826 ) ) ;
#8944 = DIRECTION ( 'NONE',  ( 1.000000000000000000, 0.000000000000000000, 4.956352788505159323E-16 ) ) ;
#8945 = CARTESIAN_POINT ( 'NONE',  ( 3.164480976808370816, 5.000000000000000000, -7.958103327985199371 ) ) ;
#8946 = ORIENTED_EDGE ( 'NONE', *, *, #4384, .F. ) ;
#8947 = ORIENTED_EDGE ( 'NONE', *, *, #6336, .T. ) ;
#8948 = ORIENTED_EDGE ( 'NONE', *, *, #4716, .T. ) ;
#8949 = EDGE_CURVE ( 'NONE', #13522, #909, #3336, .T. ) ;
#8950 = EDGE_CURVE ( 'NONE', #6781, #7073, #7620, .T. ) ;
#8951 = CARTESIAN_POINT ( 'NONE',  ( 0.000000000000000000, 3.000000000000000000, -6.924750047985199330 ) ) ;
#8952 = PLANE ( 'NONE',  #11138 ) ;
#8953 = CARTESIAN_POINT ( 'NONE',  ( 38.47138724880836946, 5.000000000000000000, 0.000000000000000000 ) ) ;
#8954 = FACE_OUTER_BOUND ( 'NONE', #4539, .T. ) ;
#8955 = EDGE_CURVE ( 'NONE', #6894, #13783, #56, .T. ) ;
#8956 = CARTESIAN_POINT ( 'NONE',  ( 11.34732695584693829, 5.000000000000000000, -7.639095889918696258 ) ) ;
#8957 = ORIENTED_EDGE ( 'NONE', *, *, #11297, .F. ) ;
#8958 = CARTESIAN_POINT ( 'NONE',  ( -76.50000000000001421, 3.000000000000000000, -5.000000000000004441 ) ) ;
#8959 = ORIENTED_EDGE ( 'NONE', *, *, #9796, .T. ) ;
#8960 = CARTESIAN_POINT ( 'NONE',  ( -27.75687450319161442, 3.000000000000000000, 31.98157498401479870 ) ) ;
#8961 = ADVANCED_FACE ( 'NONE', ( #4536 ), #11890, .T. ) ;
#8962 = DIRECTION ( 'NONE',  ( 0.000000000000000000, 0.000000000000000000, 1.000000000000000000 ) ) ;
#8963 = ORIENTED_EDGE ( 'NONE', *, *, #8871, .F. ) ;
#8964 = LINE ( 'NONE', #13225, #4184 ) ;
#8965 = DIRECTION ( 'NONE',  ( 0.8861933879638894673, 0.000000000000000000, -0.4633155286940889850 ) ) ;
#8966 = CARTESIAN_POINT ( 'NONE',  ( 4.389521338086534108, 5.000000000000000000, -7.430581487141216357 ) ) ;
#8967 = DIRECTION ( 'NONE',  ( -0.000000000000000000, -1.000000000000000000, -0.000000000000000000 ) ) ;
#8968 = LINE ( 'NONE', #4632, #761 ) ;
#8969 = ADVANCED_FACE ( 'NONE', ( #13081 ), #8678, .T. ) ;
#8970 = EDGE_CURVE ( 'NONE', #5528, #7731, #4468, .T. ) ;
#8971 = CARTESIAN_POINT ( 'NONE',  ( 0.000000000000000000, 5.000000000000000000, 30.98283580801479431 ) ) ;
#8972 = ORIENTED_EDGE ( 'NONE', *, *, #3030, .T. ) ;
#8973 = DIRECTION ( 'NONE',  ( -0.9506764950201835873, 0.000000000000000000, 0.3101841417870022100 ) ) ;
#8974 = ORIENTED_EDGE ( 'NONE', *, *, #13840, .T. ) ;
#8975 = ORIENTED_EDGE ( 'NONE', *, *, #4625, .T. ) ;
#8976 = PLANE ( 'NONE',  #4161 ) ;
#8977 = VERTEX_POINT ( 'NONE', #8601 ) ;
#8978 = CARTESIAN_POINT ( 'NONE',  ( 33.84604724880837523, 3.000000000000000000, -0.000000000000000000 ) ) ;
#8979 = DIRECTION ( 'NONE',  ( -0.6694230884220477851, 0.000000000000000000, 0.7428813691885717274 ) ) ;
#8980 = ORIENTED_EDGE ( 'NONE', *, *, #1804, .T. ) ;
#8981 = EDGE_LOOP ( 'NONE', ( #9176, #5974, #12197, #1121 ) ) ;
#8982 = LINE ( 'NONE', #166, #5978 ) ;
#8983 = PLANE ( 'NONE',  #12779 ) ;
#8984 = VECTOR ( 'NONE', #12794, 1000.000000000000000 ) ;
#8985 = LINE ( 'NONE', #13250, #10680 ) ;
#8986 = CARTESIAN_POINT ( 'NONE',  ( -51.66480839919162804, 5.000000000000000000, 15.35652416001479637 ) ) ;
#8987 = EDGE_CURVE ( 'NONE', #13571, #8447, #1318, .T. ) ;
#8988 = ADVANCED_FACE ( 'NONE', ( #3406 ), #9647, .F. ) ;
#8989 = DIRECTION ( 'NONE',  ( -0.9961244875630550499, 0.000000000000000000, 0.08795456370900253673 ) ) ;
#8990 = ORIENTED_EDGE ( 'NONE', *, *, #8561, .F. ) ;
#8991 = DIRECTION ( 'NONE',  ( 0.8069181407909000736, 0.000000000000000000, -0.5906632831508634718 ) ) ;
#8992 = EDGE_LOOP ( 'NONE', ( #424, #244, #12964, #9974 ) ) ;
#8993 = CARTESIAN_POINT ( 'NONE',  ( -12.67616196719162147, 5.000000000000000000, -7.126167983985205012 ) ) ;
#8994 = ORIENTED_EDGE ( 'NONE', *, *, #2170, .T. ) ;
#8995 = CARTESIAN_POINT ( 'NONE',  ( -0.7860838043862209412, 3.000000000000000000, -0.3256080292053943892 ) ) ;
#8996 = ORIENTED_EDGE ( 'NONE', *, *, #496, .T. ) ;
#8997 = AXIS2_PLACEMENT_3D ( 'NONE', #3764, #1455, #5721 ) ;
#8998 = DIRECTION ( 'NONE',  ( -0.9770274695141076826, 0.000000000000000000, -0.2131134059951637072 ) ) ;
#8999 = VECTOR ( 'NONE', #8743, 1000.000000000000114 ) ;
#9000 = VERTEX_POINT ( 'NONE', #3268 ) ;
#9001 = DIRECTION ( 'NONE',  ( 0.4707875499612846903, -0.000000000000000000, 0.8822466111022760904 ) ) ;
#9002 = LINE ( 'NONE', #10120, #9355 ) ;
#9003 = CARTESIAN_POINT ( 'NONE',  ( 32.45422884880836278, 5.000000000000000000, 13.14644374401478899 ) ) ;
#9004 = CARTESIAN_POINT ( 'NONE',  ( -4.095164778750270962, 5.000000000000000000, -9.886744979382484644 ) ) ;
#9005 = ADVANCED_FACE ( 'NONE', ( #2366 ), #7559, .T. ) ;
#9006 = DIRECTION ( 'NONE',  ( 0.000000000000000000, 0.000000000000000000, -1.000000000000000000 ) ) ;
#9007 = AXIS2_PLACEMENT_3D ( 'NONE', #12974, #10673, #937 ) ;
#9008 = DIRECTION ( 'NONE',  ( 0.000000000000000000, 0.000000000000000000, 1.000000000000000000 ) ) ;
#9009 = VECTOR ( 'NONE', #10861, 1000.000000000000114 ) ;
#9010 = EDGE_CURVE ( 'NONE', #8539, #3200, #9860, .T. ) ;
#9011 = DIRECTION ( 'NONE',  ( -0.5555733586812512392, 0.000000000000000000, 0.8314675237937040331 ) ) ;
#9012 = EDGE_LOOP ( 'NONE', ( #12304, #6055, #4687, #4433 ) ) ;
#9013 = ORIENTED_EDGE ( 'NONE', *, *, #13729, .F. ) ;
#9014 = ORIENTED_EDGE ( 'NONE', *, *, #11998, .F. ) ;
#9015 = CARTESIAN_POINT ( 'NONE',  ( 44.44157596880837247, 5.000000000000000000, 24.32787121601479896 ) ) ;
#9016 = VECTOR ( 'NONE', #11635, 1000.000000000000114 ) ;
#9017 = VECTOR ( 'NONE', #11587, 1000.000000000000000 ) ;
#9018 = CARTESIAN_POINT ( 'NONE',  ( 45.67764156880837589, 5.000000000000000000, 0.000000000000000000 ) ) ;
#9019 = CARTESIAN_POINT ( 'NONE',  ( 3.634814934055550228, 5.000000000000000000, -6.065090853944242077 ) ) ;
#9020 = CARTESIAN_POINT ( 'NONE',  ( -39.49091961519163618, 3.000000000000000000, 29.32694986401480364 ) ) ;
#9021 = EDGE_CURVE ( 'NONE', #8248, #13714, #270, .T. ) ;
#9022 = AXIS2_PLACEMENT_3D ( 'NONE', #59, #8398, #7563 ) ;
#9023 = CARTESIAN_POINT ( 'NONE',  ( -3.121441861021246655, 3.000000000000000000, -0.5997748858307169195 ) ) ;
#9024 = ORIENTED_EDGE ( 'NONE', *, *, #2635, .T. ) ;
#9025 = PLANE ( 'NONE',  #12665 ) ;
#9026 = ORIENTED_EDGE ( 'NONE', *, *, #8659, .F. ) ;
#9027 = DIRECTION ( 'NONE',  ( 0.000000000000000000, 0.000000000000000000, 1.000000000000000000 ) ) ;
#9028 = CARTESIAN_POINT ( 'NONE',  ( -26.94877174484260962, 5.000000000000000000, -11.16255297882787545 ) ) ;
#9029 = ORIENTED_EDGE ( 'NONE', *, *, #3030, .F. ) ;
#9030 = DIRECTION ( 'NONE',  ( -0.000000000000000000, -1.000000000000000000, -0.000000000000000000 ) ) ;
#9031 = EDGE_CURVE ( 'NONE', #1834, #5826, #3484, .T. ) ;
#9032 = AXIS2_PLACEMENT_3D ( 'NONE', #2896, #12428, #11590 ) ;
#9033 = LINE ( 'NONE', #4628, #12407 ) ;
#9034 = ADVANCED_FACE ( 'NONE', ( #7772 ), #10635, .T. ) ;
#9035 = CARTESIAN_POINT ( 'NONE',  ( 29.80531540648815891, 5.000000000000000000, -3.053005327608878439 ) ) ;
#9036 = ADVANCED_FACE ( 'NONE', ( #13843 ), #4253, .T. ) ;
#9037 = CARTESIAN_POINT ( 'NONE',  ( 8.702048768808364088, 3.000000000000000000, -6.405603511985210829 ) ) ;
#9038 = PLANE ( 'NONE',  #8566 ) ;
#9039 = CARTESIAN_POINT ( 'NONE',  ( -32.31091392155467190, 5.000000000000000000, 42.65771973134423689 ) ) ;
#9040 = VERTEX_POINT ( 'NONE', #11753 ) ;
#9041 = LINE ( 'NONE', #5748, #11272 ) ;
#9042 = ORIENTED_EDGE ( 'NONE', *, *, #7666, .F. ) ;
#9043 = ORIENTED_EDGE ( 'NONE', *, *, #3920, .T. ) ;
#9044 = DIRECTION ( 'NONE',  ( -0.000000000000000000, -1.000000000000000000, -0.000000000000000000 ) ) ;
#9045 = AXIS2_PLACEMENT_3D ( 'NONE', #2666, #7722, #295 ) ;
#9046 = CARTESIAN_POINT ( 'NONE',  ( 50.52547947280835672, 5.000000000000000000, 21.33659856001479582 ) ) ;
#9047 = LINE ( 'NONE', #11155, #7965 ) ;
#9048 = AXIS2_PLACEMENT_3D ( 'NONE', #7710, #4621, #1187 ) ;
#9049 = ORIENTED_EDGE ( 'NONE', *, *, #7107, .F. ) ;
#9050 = VERTEX_POINT ( 'NONE', #2155 ) ;
#9051 = EDGE_CURVE ( 'NONE', #1798, #9151, #3822, .T. ) ;
#9052 = CARTESIAN_POINT ( 'NONE',  ( -40.05817578319162919, 5.000000000000000000, 0.000000000000000000 ) ) ;
#9053 = CARTESIAN_POINT ( 'NONE',  ( 18.14062780880838233, 3.000000000000000000, 30.80978662401479440 ) ) ;
#9054 = VECTOR ( 'NONE', #6360, 1000.000000000000000 ) ;
#9055 = FACE_OUTER_BOUND ( 'NONE', #5964, .T. ) ;
#9056 = LINE ( 'NONE', #8855, #12145 ) ;
#9057 = VECTOR ( 'NONE', #1786, 1000.000000000000000 ) ;
#9058 = LINE ( 'NONE', #5823, #11225 ) ;
#9059 = ORIENTED_EDGE ( 'NONE', *, *, #1575, .F. ) ;
#9060 = PLANE ( 'NONE',  #985 ) ;
#9061 = ORIENTED_EDGE ( 'NONE', *, *, #516, .T. ) ;
#9062 = CARTESIAN_POINT ( 'NONE',  ( -38.96285031310559077, 3.000000000000000000, -1.604272529146726578 ) ) ;
#9063 = ORIENTED_EDGE ( 'NONE', *, *, #9995, .T. ) ;
#9064 = CARTESIAN_POINT ( 'NONE',  ( -11.94701026319162906, 3.000000000000000000, 21.27541300801479807 ) ) ;
#9065 = ORIENTED_EDGE ( 'NONE', *, *, #13457, .T. ) ;
#9066 = AXIS2_PLACEMENT_3D ( 'NONE', #1235, #2565, #1310 ) ;
#9067 = VERTEX_POINT ( 'NONE', #4679 ) ;
#9068 = EDGE_CURVE ( 'NONE', #8437, #8208, #7977, .T. ) ;
#9069 = AXIS2_PLACEMENT_3D ( 'NONE', #13619, #6419, #4185 ) ;
#9070 = ADVANCED_FACE ( 'NONE', ( #11259 ), #5854, .T. ) ;
#9071 = DIRECTION ( 'NONE',  ( -0.3826848932557266880, 0.000000000000000000, -0.9238789273892186182 ) ) ;
#9072 = LINE ( 'NONE', #2422, #12928 ) ;
#9073 = CARTESIAN_POINT ( 'NONE',  ( 30.43386808546647160, 5.000000000000000000, -3.716941405690038280 ) ) ;
#9074 = CARTESIAN_POINT ( 'NONE',  ( -28.53312187119162147, 3.000000000000000000, 12.31086502401480054 ) ) ;
#9076 = CARTESIAN_POINT ( 'NONE',  ( 38.47138724880836946, 5.000000000000000000, 21.98429449601479391 ) ) ;
#9075 = VECTOR ( 'NONE', #5582, 1000.000000000000000 ) ;
#9077 = CARTESIAN_POINT ( 'NONE',  ( -12.03909237519162900, 5.000000000000000000, 12.62482528001480020 ) ) ;
#9078 = VECTOR ( 'NONE', #4144, 1000.000000000000114 ) ;
#9079 = CARTESIAN_POINT ( 'NONE',  ( -5.932947615191626056, 5.000000000000000000, 24.32787121601479896 ) ) ;
#9080 = ORIENTED_EDGE ( 'NONE', *, *, #11091, .F. ) ;
#9081 = ORIENTED_EDGE ( 'NONE', *, *, #10919, .T. ) ;
#9082 = ORIENTED_EDGE ( 'NONE', *, *, #1512, .F. ) ;
#9083 = DIRECTION ( 'NONE',  ( 0.9966490741344997684, 0.000000000000000000, -0.08179622868350659715 ) ) ;
#9084 = EDGE_CURVE ( 'NONE', #809, #7047, #2436, .T. ) ;
#9085 = VECTOR ( 'NONE', #8203, 1000.000000000000000 ) ;
#9086 = EDGE_CURVE ( 'NONE', #578, #5703, #11237, .T. ) ;
#9087 = CIRCLE ( 'NONE', #9339, 1.700000000000000178 ) ;
#9088 = CARTESIAN_POINT ( 'NONE',  ( 11.31227570480836597, 5.000000000000000000, 24.79719717601479445 ) ) ;
#9089 = CARTESIAN_POINT ( 'NONE',  ( 0.000000000000000000, 5.000000000000000000, 0.000000000000000000 ) ) ;
#9090 = CARTESIAN_POINT ( 'NONE',  ( -82.00000000000001421, 3.000000000000000000, -51.00000000000000711 ) ) ;
#9091 = DIRECTION ( 'NONE',  ( -0.8069181407909000736, 0.000000000000000000, 0.5906632831508634718 ) ) ;
#9092 = ORIENTED_EDGE ( 'NONE', *, *, #10546, .T. ) ;
#9093 = VECTOR ( 'NONE', #2853, 1000.000000000000000 ) ;
#9094 = FACE_OUTER_BOUND ( 'NONE', #10659, .T. ) ;
#9095 = ORIENTED_EDGE ( 'NONE', *, *, #6707, .F. ) ;
#9096 = AXIS2_PLACEMENT_3D ( 'NONE', #677, #7834, #13211 ) ;
#9097 = DIRECTION ( 'NONE',  ( -0.1950914675743609106, 0.000000000000000000, 0.9807850525368349004 ) ) ;
#9098 = CARTESIAN_POINT ( 'NONE',  ( 8.602210512808385445, 5.000000000000000000, 12.82337403201479908 ) ) ;
#9099 = EDGE_CURVE ( 'NONE', #6090, #12161, #13354, .T. ) ;
#9100 = LINE ( 'NONE', #10350, #6190 ) ;
#9101 = EDGE_CURVE ( 'NONE', #2510, #13208, #8889, .T. ) ;
#9102 = VECTOR ( 'NONE', #2111, 1000.000000000000000 ) ;
#9103 = LINE ( 'NONE', #6997, #5701 ) ;
#9104 = VECTOR ( 'NONE', #9945, 1000.000000000000000 ) ;
#9105 = PLANE ( 'NONE',  #7554 ) ;
#9106 = AXIS2_PLACEMENT_3D ( 'NONE', #5960, #5821, #11363 ) ;
#9107 = DIRECTION ( 'NONE',  ( -0.3921865056741485334, 0.000000000000000000, -0.9198857237543699439 ) ) ;
#9108 = CARTESIAN_POINT ( 'NONE',  ( -12.63115011919161645, 5.000000000000000000, 7.273884496014799694 ) ) ;
#9109 = DIRECTION ( 'NONE',  ( -0.9238789273892186182, 0.000000000000000000, 0.3826848932557267435 ) ) ;
#9110 = EDGE_LOOP ( 'NONE', ( #5714, #5545, #9489, #13070 ) ) ;
#9111 = CARTESIAN_POINT ( 'NONE',  ( -6.880334515338524248, 5.000000000000000000, -16.61058762576102765 ) ) ;
#9112 = VERTEX_POINT ( 'NONE', #11049 ) ;
#9113 = EDGE_CURVE ( 'NONE', #10400, #13288, #1659, .T. ) ;
#9114 = VERTEX_POINT ( 'NONE', #2646 ) ;
#9115 = CARTESIAN_POINT ( 'NONE',  ( -82.00000000000001421, 0.000000000000000000, -53.00000000000000711 ) ) ;
#9116 = LINE ( 'NONE', #13379, #13505 ) ;
#9117 = CARTESIAN_POINT ( 'NONE',  ( -1.622951455939739107, 3.000000000000000000, 7.973891404945663730 ) ) ;
#9118 = VERTEX_POINT ( 'NONE', #7902 ) ;
#9119 = EDGE_CURVE ( 'NONE', #1313, #10418, #6921, .T. ) ;
#9120 = VECTOR ( 'NONE', #5646, 1000.000000000000114 ) ;
#9121 = EDGE_CURVE ( 'NONE', #12160, #5756, #8113, .T. ) ;
#9122 = EDGE_LOOP ( 'NONE', ( #5556, #6580, #3453, #2144 ) ) ;
#9123 = FACE_OUTER_BOUND ( 'NONE', #4504, .T. ) ;
#9124 = DIRECTION ( 'NONE',  ( -0.5893963186387826125, 0.000000000000000000, -0.8078440317134556459 ) ) ;
#9125 = FACE_BOUND ( 'NONE', #3743, .T. ) ;
#9126 = LINE ( 'NONE', #12537, #6992 ) ;
#9127 = LINE ( 'NONE', #13388, #9895 ) ;
#9128 = ORIENTED_EDGE ( 'NONE', *, *, #5833, .F. ) ;
#9129 = VECTOR ( 'NONE', #5419, 1000.000000000000114 ) ;
#9130 = DIRECTION ( 'NONE',  ( -0.8944271909999154113, 0.000000000000000000, 0.4472135954999590379 ) ) ;
#9131 = EDGE_CURVE ( 'NONE', #5167, #1908, #6705, .T. ) ;
#9132 = VERTEX_POINT ( 'NONE', #10977 ) ;
#9133 = DIRECTION ( 'NONE',  ( -0.000000000000000000, -1.000000000000000000, -0.000000000000000000 ) ) ;
#9134 = ORIENTED_EDGE ( 'NONE', *, *, #5848, .T. ) ;
#9135 = CARTESIAN_POINT ( 'NONE',  ( 0.000000000000000000, 5.000000000000000000, 24.74071773601479407 ) ) ;
#9136 = EDGE_LOOP ( 'NONE', ( #10541, #2682, #8236, #5731, #1490, #10709, #2109, #8513, #2934, #3049, #8558, #5683, #5713, #11834, #11802, #3519, #6850, #9465, #11643, #4273, #13517, #841, #13822, #13604, #13419, #12705, #894, #13224, #1281, #8216, #9602, #6211, #4790, #1165, #4586, #7129, #11264, #77, #4699, #12742, #7098, #4266, #659, #10160 ) ) ;
#9137 = ORIENTED_EDGE ( 'NONE', *, *, #6772, .T. ) ;
#9138 = EDGE_CURVE ( 'NONE', #6361, #10758, #8319, .T. ) ;
#9139 = EDGE_LOOP ( 'NONE', ( #3868, #6666, #609, #12086 ) ) ;
#9140 = FACE_OUTER_BOUND ( 'NONE', #13638, .T. ) ;
#9141 = PLANE ( 'NONE',  #1076 ) ;
#9142 = LINE ( 'NONE', #11312, #9907 ) ;
#9143 = CARTESIAN_POINT ( 'NONE',  ( 13.04429459280838977, 3.000000000000000000, 23.11995999201479890 ) ) ;
#9144 = DIRECTION ( 'NONE',  ( 0.9252461951942886342, 0.000000000000000000, 0.3793672077005238452 ) ) ;
#9145 = DIRECTION ( 'NONE',  ( -0.5768456639229629923, 0.000000000000000000, -0.8168531569463852726 ) ) ;
#9146 = EDGE_CURVE ( 'NONE', #11976, #9264, #1591, .T. ) ;
#9147 = VERTEX_POINT ( 'NONE', #1531 ) ;
#9148 = EDGE_CURVE ( 'NONE', #1902, #3852, #2502, .T. ) ;
#9149 = DIRECTION ( 'NONE',  ( -0.000000000000000000, -1.000000000000000000, -0.000000000000000000 ) ) ;
#9150 = ORIENTED_EDGE ( 'NONE', *, *, #4745, .F. ) ;
#9151 = VERTEX_POINT ( 'NONE', #10070 ) ;
#9152 = VERTEX_POINT ( 'NONE', #475 ) ;
#9153 = CARTESIAN_POINT ( 'NONE',  ( 21.23495377711075349, 3.000000000000000000, -14.18885795750885315 ) ) ;
#9154 = VECTOR ( 'NONE', #11047, 1000.000000000000000 ) ;
#9155 = DIRECTION ( 'NONE',  ( -0.000000000000000000, -1.000000000000000000, -0.000000000000000000 ) ) ;
#9156 = DIRECTION ( 'NONE',  ( 0.000000000000000000, 0.000000000000000000, 1.000000000000000000 ) ) ;
#9157 = DIRECTION ( 'NONE',  ( -0.3826848932557257998, 0.000000000000000000, -0.9238789273892189513 ) ) ;
#9158 = EDGE_CURVE ( 'NONE', #4182, #13618, #4740, .T. ) ;
#9159 = CARTESIAN_POINT ( 'NONE',  ( -12.83851673519162517, 5.000000000000000000, 25.37481857601479973 ) ) ;
#9160 = ORIENTED_EDGE ( 'NONE', *, *, #8837, .F. ) ;
#9161 = CARTESIAN_POINT ( 'NONE',  ( 27.15646956880837237, 5.000000000000000000, 20.91633625601479096 ) ) ;
#9162 = VERTEX_POINT ( 'NONE', #10208 ) ;
#9163 = CARTESIAN_POINT ( 'NONE',  ( 17.61829814480837086, 5.000000000000000000, 32.23252901601479437 ) ) ;
#9164 = CARTESIAN_POINT ( 'NONE',  ( 52.80693795280836866, 5.000000000000000000, 22.34290287201479330 ) ) ;
#9165 = LINE ( 'NONE', #10282, #10668 ) ;
#9166 = FACE_OUTER_BOUND ( 'NONE', #8630, .T. ) ;
#9167 = DIRECTION ( 'NONE',  ( 0.5584504237620580014, 0.000000000000000000, 0.8295378979889813653 ) ) ;
#9168 = DIRECTION ( 'NONE',  ( -0.000000000000000000, 1.000000000000000000, -0.000000000000000000 ) ) ;
#9169 = DIRECTION ( 'NONE',  ( 0.000000000000000000, 0.000000000000000000, -1.000000000000000000 ) ) ;
#9170 = FACE_OUTER_BOUND ( 'NONE', #859, .T. ) ;
#9171 = EDGE_LOOP ( 'NONE', ( #12433, #4746, #2671, #13132 ) ) ;
#9172 = ADVANCED_FACE ( 'NONE', ( #617 ), #546, .T. ) ;
#9173 = DIRECTION ( 'NONE',  ( -0.7400606767618274073, 0.000000000000000000, 0.6725401063957643366 ) ) ;
#9174 = EDGE_CURVE ( 'NONE', #8930, #4375, #12308, .T. ) ;
#9175 = ORIENTED_EDGE ( 'NONE', *, *, #10694, .T. ) ;
#9176 = ORIENTED_EDGE ( 'NONE', *, *, #2374, .F. ) ;
#9177 = DIRECTION ( 'NONE',  ( -0.8230592656813858765, 0.000000000000000000, -0.5679554957705910123 ) ) ;
#9178 = DIRECTION ( 'NONE',  ( -1.000000000000000000, 0.000000000000000000, 0.000000000000000000 ) ) ;
#9179 = DIRECTION ( 'NONE',  ( -0.000000000000000000, -1.000000000000000000, -0.000000000000000000 ) ) ;
#9180 = EDGE_LOOP ( 'NONE', ( #10092, #8785, #6179, #7101 ) ) ;
#9181 = EDGE_LOOP ( 'NONE', ( #11435, #9947, #3989, #8994 ) ) ;
#9182 = LINE ( 'NONE', #13246, #12458 ) ;
#9183 = FACE_OUTER_BOUND ( 'NONE', #11786, .T. ) ;
#9184 = CARTESIAN_POINT ( 'NONE',  ( 11.41344492979289882, 3.000000000000000000, -17.08154331524432124 ) ) ;
#9185 = LINE ( 'NONE', #9254, #9235 ) ;
#9186 = CARTESIAN_POINT ( 'NONE',  ( 23.72266842138339982, 5.000000000000000000, 3.285082370550677311 ) ) ;
#9187 = ORIENTED_EDGE ( 'NONE', *, *, #2754, .F. ) ;
#9188 = EDGE_CURVE ( 'NONE', #2940, #5041, #12569, .T. ) ;
#9189 = CARTESIAN_POINT ( 'NONE',  ( -12.78320569519163286, 3.000000000000000000, -6.595962287985202011 ) ) ;
#9190 = ORIENTED_EDGE ( 'NONE', *, *, #9704, .F. ) ;
#9191 = DIRECTION ( 'NONE',  ( -0.000000000000000000, -1.000000000000000000, -0.000000000000000000 ) ) ;
#9192 = EDGE_LOOP ( 'NONE', ( #2868, #1374, #3328, #2355, #12592, #6244, #2043, #3639, #8225, #12111, #9665, #8266, #13073, #11354, #9128, #2354, #3417, #11897, #5312, #8446, #101, #11370, #5989, #10826, #4704, #2320, #4094, #8345, #13684, #6471, #9029, #6928, #2751, #10685, #1669, #6915, #1347 ) ) ;
#9193 = PLANE ( 'NONE',  #12897 ) ;
#9194 = ORIENTED_EDGE ( 'NONE', *, *, #6632, .F. ) ;
#9195 = ORIENTED_EDGE ( 'NONE', *, *, #65, .F. ) ;
#9196 = VERTEX_POINT ( 'NONE', #7255 ) ;
#9197 = VECTOR ( 'NONE', #12711, 1000.000000000000000 ) ;
#9198 = EDGE_CURVE ( 'NONE', #6664, #2903, #11603, .T. ) ;
#9199 = DIRECTION ( 'NONE',  ( -0.8285237802757252634, 0.000000000000000000, -0.5599538780271298144 ) ) ;
#9200 = CARTESIAN_POINT ( 'NONE',  ( 29.80531540648815891, 5.000000000000000000, -3.053005327608878439 ) ) ;
#9201 = CARTESIAN_POINT ( 'NONE',  ( -13.01311125519163170, 5.000000000000000000, 26.72088954401479555 ) ) ;
#9202 = DIRECTION ( 'NONE',  ( 0.8447281712566206968, 0.000000000000000000, -0.5351955873187346224 ) ) ;
#9203 = CARTESIAN_POINT ( 'NONE',  ( -33.29443721519162125, 3.000000000000000000, 15.35652416001479637 ) ) ;
#9204 = ADVANCED_FACE ( 'NONE', ( #11460 ), #1936, .T. ) ;
#9205 = DIRECTION ( 'NONE',  ( 0.09057533132655028185, 0.000000000000000000, 0.9958896070122861266 ) ) ;
#9206 = EDGE_CURVE ( 'NONE', #7946, #12468, #8245, .T. ) ;
#9207 = EDGE_LOOP ( 'NONE', ( #9213, #2615, #15, #3817 ) ) ;
#9208 = VECTOR ( 'NONE', #7412, 1000.000000000000000 ) ;
#9209 = LINE ( 'NONE', #539, #9278 ) ;
#9210 = VERTEX_POINT ( 'NONE', #13679 ) ;
#9211 = AXIS2_PLACEMENT_3D ( 'NONE', #3098, #5403, #7524 ) ;
#9212 = ORIENTED_EDGE ( 'NONE', *, *, #4845, .T. ) ;
#9213 = ORIENTED_EDGE ( 'NONE', *, *, #9121, .F. ) ;
#9214 = DIRECTION ( 'NONE',  ( -0.000000000000000000, -1.000000000000000000, -0.000000000000000000 ) ) ;
#9215 = EDGE_CURVE ( 'NONE', #6755, #7907, #10411, .T. ) ;
#9216 = AXIS2_PLACEMENT_3D ( 'NONE', #12925, #9574, #10822 ) ;
#9218 = CARTESIAN_POINT ( 'NONE',  ( -9.428186751191613979, 5.000000000000000000, 19.99133531201479386 ) ) ;
#9217 = VECTOR ( 'NONE', #5385, 1000.000000000000000 ) ;
#9219 = DIRECTION ( 'NONE',  ( 0.000000000000000000, 0.000000000000000000, -1.000000000000000000 ) ) ;
#9220 = LINE ( 'NONE', #11604, #3913 ) ;
#9221 = VERTEX_POINT ( 'NONE', #11330 ) ;
#9222 = CARTESIAN_POINT ( 'NONE',  ( -0.9620971593450666770, 3.000000000000000000, -1.246315727342231838 ) ) ;
#9223 = ORIENTED_EDGE ( 'NONE', *, *, #5114, .T. ) ;
#9224 = CARTESIAN_POINT ( 'NONE',  ( 1.916210579425698501, 5.000000000000000000, 18.65228900768404685 ) ) ;
#9225 = ORIENTED_EDGE ( 'NONE', *, *, #8523, .T. ) ;
#9226 = VECTOR ( 'NONE', #6814, 1000.000000000000000 ) ;
#9227 = DIRECTION ( 'NONE',  ( 0.5590273022158679384, 0.000000000000000000, -0.8291492479507224234 ) ) ;
#9228 = CARTESIAN_POINT ( 'NONE',  ( 0.000000000000000000, 5.000000000000000000, 16.57775514401479100 ) ) ;
#9229 = CARTESIAN_POINT ( 'NONE',  ( -76.50000000000001421, 0.000000000000000000, -3.300000000000005151 ) ) ;
#9230 = SECURITY_CLASSIFICATION ( '', '', #11686 ) ;
#9231 = ADVANCED_FACE ( 'NONE', ( #13610 ), #1793, .T. ) ;
#9232 = EDGE_CURVE ( 'NONE', #3436, #7924, #885, .T. ) ;
#9233 = VERTEX_POINT ( 'NONE', #3047 ) ;
#9234 = DIRECTION ( 'NONE',  ( 0.8737799315618448581, 0.000000000000000000, 0.4863215306767507129 ) ) ;
#9235 = VECTOR ( 'NONE', #853, 1000.000000000000227 ) ;
#9236 = CARTESIAN_POINT ( 'NONE',  ( 2.083891038176894472, 5.000000000000000000, 1.392422806754083142 ) ) ;
#9237 = LINE ( 'NONE', #7139, #3414 ) ;
#9238 = APPROVAL_STATUS ( 'not_yet_approved' ) ;
#9239 = CARTESIAN_POINT ( 'NONE',  ( -51.66480839919162094, 5.000000000000000000, 25.04478824801478964 ) ) ;
#9240 = VERTEX_POINT ( 'NONE', #8175 ) ;
#9241 = CARTESIAN_POINT ( 'NONE',  ( 7.482139136021496384, 5.000000000000000000, 26.21953830571650101 ) ) ;
#9242 = EDGE_LOOP ( 'NONE', ( #9869, #5209, #3702, #11056 ) ) ;
#9243 = ORIENTED_EDGE ( 'NONE', *, *, #13459, .T. ) ;
#9244 = PLANE ( 'NONE',  #3940 ) ;
#9245 = CARTESIAN_POINT ( 'NONE',  ( -15.45979978319161674, 5.000000000000000000, 28.07605066401479377 ) ) ;
#9246 = LINE ( 'NONE', #3850, #12829 ) ;
#9247 = ORIENTED_EDGE ( 'NONE', *, *, #2363, .T. ) ;
#9248 = AXIS2_PLACEMENT_3D ( 'NONE', #9766, #3376, #7665 ) ;
#9249 = FACE_OUTER_BOUND ( 'NONE', #8005, .T. ) ;
#9250 = EDGE_LOOP ( 'NONE', ( #10036, #4404, #5640, #10744 ) ) ;
#9251 = EDGE_CURVE ( 'NONE', #1908, #9428, #2973, .T. ) ;
#9252 = EDGE_CURVE ( 'NONE', #4614, #5404, #13549, .T. ) ;
#9253 = LINE ( 'NONE', #7017, #164 ) ;
#9254 = CARTESIAN_POINT ( 'NONE',  ( -34.08111160383584348, 5.000000000000000000, 16.34890247753867243 ) ) ;
#9255 = DIRECTION ( 'NONE',  ( 0.000000000000000000, 0.000000000000000000, -1.000000000000000000 ) ) ;
#9256 = EDGE_LOOP ( 'NONE', ( #7430, #1397, #9361, #7925, #6233, #12962, #246, #11232, #9881, #10472, #7796, #6011, #9315, #3988, #10969, #1141, #46, #9357, #4309, #3546, #10712, #9943, #977, #11000, #10245, #1293, #7650, #9065, #3440, #3932, #10268, #3718, #6916, #3545, #12754, #926, #4279, #3016, #5901, #12502, #6053, #10641, #11836, #7078 ) ) ;
#9257 = CIRCLE ( 'NONE', #543, 2.540000000227228494 ) ;
#9258 = LINE ( 'NONE', #7224, #6564 ) ;
#9259 = ORIENTED_EDGE ( 'NONE', *, *, #220, .T. ) ;
#9260 = VECTOR ( 'NONE', #11286, 1000.000000000000000 ) ;
#9261 = CARTESIAN_POINT ( 'NONE',  ( 25.98970928289181614, 5.000000000000000000, -0.02908375463968950261 ) ) ;
#9262 = EDGE_LOOP ( 'NONE', ( #3594, #9276, #3818, #8284 ) ) ;
#9263 = PLANE ( 'NONE',  #6862 ) ;
#9264 = VERTEX_POINT ( 'NONE', #2000 ) ;
#9265 = ORIENTED_EDGE ( 'NONE', *, *, #13198, .F. ) ;
#9266 = VERTEX_POINT ( 'NONE', #6267 ) ;
#9267 = EDGE_CURVE ( 'NONE', #3525, #11252, #10544, .T. ) ;
#9268 = AXIS2_PLACEMENT_3D ( 'NONE', #10504, #9727, #12802 ) ;
#9269 = LINE ( 'NONE', #1643, #620 ) ;
#9270 = AXIS2_PLACEMENT_3D ( 'NONE', #372, #2466, #6734 ) ;
#9271 = DIRECTION ( 'NONE',  ( 0.9317559499827949843, 0.000000000000000000, -0.3630851823906605103 ) ) ;
#9272 = DIRECTION ( 'NONE',  ( -0.000000000000000000, -1.000000000000000000, -0.000000000000000000 ) ) ;
#9273 = CARTESIAN_POINT ( 'NONE',  ( 13.48877470192123340, 5.000000000000000000, 28.54413329379553588 ) ) ;
#9274 = CARTESIAN_POINT ( 'NONE',  ( 51.79120820880836362, 3.000000000000000000, 32.03596146401479672 ) ) ;
#9275 = LINE ( 'NONE', #7113, #10367 ) ;
#9276 = ORIENTED_EDGE ( 'NONE', *, *, #13603, .F. ) ;
#9277 = VERTEX_POINT ( 'NONE', #10272 ) ;
#9278 = VECTOR ( 'NONE', #10198, 1000.000000000000000 ) ;
#9279 = ORIENTED_EDGE ( 'NONE', *, *, #10239, .T. ) ;
#9280 = CARTESIAN_POINT ( 'NONE',  ( 18.65292815219114431, 3.000000000000000000, 12.87153124687862338 ) ) ;
#9281 = EDGE_CURVE ( 'NONE', #4543, #3939, #1732, .T. ) ;
#9282 = AXIS2_PLACEMENT_3D ( 'NONE', #8809, #12932, #196 ) ;
#9283 = EDGE_LOOP ( 'NONE', ( #13666, #13739, #9137, #11993 ) ) ;
#9284 = CARTESIAN_POINT ( 'NONE',  ( -13.63508042674226139, 5.000000000000000000, 30.47278115459705816 ) ) ;
#9285 = ORIENTED_EDGE ( 'NONE', *, *, #13507, .T. ) ;
#9286 = EDGE_CURVE ( 'NONE', #7846, #9162, #3965, .T. ) ;
#9287 = ADVANCED_FACE ( 'NONE', ( #2906 ), #13476, .T. ) ;
#9288 = VECTOR ( 'NONE', #3127, 1000.000000000000000 ) ;
#9289 = CARTESIAN_POINT ( 'NONE',  ( 1.048233672680117579, 5.000000000000000000, 24.32547271212534312 ) ) ;
#9290 = CARTESIAN_POINT ( 'NONE',  ( 0.000000000000000000, 5.000000000000000000, 15.35652416001479637 ) ) ;
#9291 = AXIS2_PLACEMENT_3D ( 'NONE', #9333, #13801, #12749 ) ;
#9292 = LINE ( 'NONE', #12645, #11977 ) ;
#9293 = ORIENTED_EDGE ( 'NONE', *, *, #8752, .F. ) ;
#9294 = LINE ( 'NONE', #9222, #9944 ) ;
#9295 = EDGE_LOOP ( 'NONE', ( #10864, #4260, #12379, #10812 ) ) ;
#9296 = EDGE_CURVE ( 'NONE', #5917, #12539, #12508, .T. ) ;
#9297 = LINE ( 'NONE', #5015, #1716 ) ;
#9298 = ORIENTED_EDGE ( 'NONE', *, *, #2011, .T. ) ;
#9299 = AXIS2_PLACEMENT_3D ( 'NONE', #9849, #464, #4726 ) ;
#9300 = DIRECTION ( 'NONE',  ( 0.000000000000000000, 0.000000000000000000, 1.000000000000000000 ) ) ;
#9301 = DIRECTION ( 'NONE',  ( 0.9938837125343852330, 0.000000000000000000, -0.1104317253277669469 ) ) ;
#9302 = AXIS2_PLACEMENT_3D ( 'NONE', #10591, #7226, #1974 ) ;
#9303 = LINE ( 'NONE', #12385, #3741 ) ;
#9304 = VECTOR ( 'NONE', #10706, 1000.000000000000114 ) ;
#9305 = ADVANCED_FACE ( 'NONE', ( #11393 ), #12375, .F. ) ;
#9306 = DIRECTION ( 'NONE',  ( -0.07139978715268657794, 0.000000000000000000, 0.9974477782794198832 ) ) ;
#9307 = DIRECTION ( 'NONE',  ( -0.9579094897302741218, 0.000000000000000000, -0.2870703911668456842 ) ) ;
#9308 = LINE ( 'NONE', #11478, #304 ) ;
#9309 = CARTESIAN_POINT ( 'NONE',  ( 13.04429459280838088, 5.000000000000000000, 23.11995999201479890 ) ) ;
#9310 = VECTOR ( 'NONE', #13259, 1000.000000000000000 ) ;
#9311 = CARTESIAN_POINT ( 'NONE',  ( -40.12739484719162419, 5.000000000000000000, 30.41671857601479445 ) ) ;
#9312 = EDGE_LOOP ( 'NONE', ( #5175, #5131, #7581, #540 ) ) ;
#9313 = DIRECTION ( 'NONE',  ( 0.7377972739528200208, 0.000000000000000000, -0.6750223570725547573 ) ) ;
#9314 = VECTOR ( 'NONE', #5348, 1000.000000000000000 ) ;
#9315 = ORIENTED_EDGE ( 'NONE', *, *, #12214, .T. ) ;
#9316 = ORIENTED_EDGE ( 'NONE', *, *, #4990, .T. ) ;
#9317 = LINE ( 'NONE', #1959, #13768 ) ;
#9318 = EDGE_CURVE ( 'NONE', #1016, #4009, #10338, .T. ) ;
#9319 = CARTESIAN_POINT ( 'NONE',  ( 13.04429459280838088, 5.000000000000000000, 23.11995999201479890 ) ) ;
#9320 = FACE_BOUND ( 'NONE', #1236, .T. ) ;
#9321 = ORIENTED_EDGE ( 'NONE', *, *, #5779, .F. ) ;
#9322 = CARTESIAN_POINT ( 'NONE',  ( 44.44157596880837247, 3.000000000000000000, 32.04090532001479374 ) ) ;
#9323 = ORIENTED_EDGE ( 'NONE', *, *, #10130, .T. ) ;
#9324 = VECTOR ( 'NONE', #11783, 1000.000000000000000 ) ;
#9325 = VECTOR ( 'NONE', #8598, 1000.000000000000000 ) ;
#9326 = VECTOR ( 'NONE', #4502, 1000.000000000000000 ) ;
#9327 = FACE_BOUND ( 'NONE', #5860, .T. ) ;
#9328 = CARTESIAN_POINT ( 'NONE',  ( -11.95127441519161948, 5.000000000000000000, -7.851058583985199846 ) ) ;
#9329 = DIRECTION ( 'NONE',  ( -0.000000000000000000, -1.000000000000000000, -0.000000000000000000 ) ) ;
#9330 = ORIENTED_EDGE ( 'NONE', *, *, #11498, .F. ) ;
#9331 = CARTESIAN_POINT ( 'NONE',  ( -38.96285031310559077, 5.000000000000000000, -1.604272529146726578 ) ) ;
#9332 = ORIENTED_EDGE ( 'NONE', *, *, #1480, .F. ) ;
#9333 = CARTESIAN_POINT ( 'NONE',  ( -10.57570600779292391, 5.000000000000000000, -1.312742725391348175 ) ) ;
#9334 = ADVANCED_FACE ( 'NONE', ( #9635 ), #3180, .F. ) ;
#9335 = VERTEX_POINT ( 'NONE', #12988 ) ;
#9336 = VECTOR ( 'NONE', #898, 1000.000000000000227 ) ;
#9337 = LINE ( 'NONE', #1571, #2607 ) ;
#9338 = ORIENTED_EDGE ( 'NONE', *, *, #13117, .T. ) ;
#9339 = AXIS2_PLACEMENT_3D ( 'NONE', #6935, #11206, #2861 ) ;
#9340 = ORIENTED_EDGE ( 'NONE', *, *, #1222, .F. ) ;
#9341 = ORIENTED_EDGE ( 'NONE', *, *, #11853, .F. ) ;
#9342 = CARTESIAN_POINT ( 'NONE',  ( 38.47138724880836946, 3.000000000000000000, -0.000000000000000000 ) ) ;
#9343 = VECTOR ( 'NONE', #11889, 1000.000000000000000 ) ;
#9344 = PLANE ( 'NONE',  #10447 ) ;
#9345 = LINE ( 'NONE', #7110, #11457 ) ;
#9346 = CARTESIAN_POINT ( 'NONE',  ( 0.000000000000000000, 5.000000000000000000, -6.924750047985199330 ) ) ;
#9347 = DIRECTION ( 'NONE',  ( 0.000000000000000000, 0.000000000000000000, -1.000000000000000000 ) ) ;
#9348 = DIRECTION ( 'NONE',  ( -0.04305206292933406315, 0.000000000000000000, -0.9990728301167681735 ) ) ;
#9349 = ORIENTED_EDGE ( 'NONE', *, *, #12225, .T. ) ;
#9350 = EDGE_CURVE ( 'NONE', #10106, #7970, #4305, .T. ) ;
#9351 = VERTEX_POINT ( 'NONE', #2207 ) ;
#9352 = ADVANCED_FACE ( 'NONE', ( #5493 ), #10752, .T. ) ;
#9353 = EDGE_LOOP ( 'NONE', ( #10375, #4851, #11779, #1325 ) ) ;
#9354 = ORIENTED_EDGE ( 'NONE', *, *, #1588, .T. ) ;
#9355 = VECTOR ( 'NONE', #8800, 1000.000000000000000 ) ;
#9356 = FACE_OUTER_BOUND ( 'NONE', #5379, .T. ) ;
#9357 = ORIENTED_EDGE ( 'NONE', *, *, #8816, .T. ) ;
#9358 = LINE ( 'NONE', #5080, #11809 ) ;
#9359 = DIRECTION ( 'NONE',  ( 0.000000000000000000, 0.000000000000000000, -1.000000000000000000 ) ) ;
#9360 = DIRECTION ( 'NONE',  ( -0.3793655190827832091, 0.000000000000000000, 0.9252468875554514804 ) ) ;
#9361 = ORIENTED_EDGE ( 'NONE', *, *, #13815, .T. ) ;
#9362 = EDGE_CURVE ( 'NONE', #12970, #11218, #1230, .T. ) ;
#9363 = CARTESIAN_POINT ( 'NONE',  ( 25.03665291654233727, 5.000000000000000000, 24.41080621654272420 ) ) ;
#9364 = EDGE_CURVE ( 'NONE', #9277, #6684, #5289, .T. ) ;
#9365 = ORIENTED_EDGE ( 'NONE', *, *, #11609, .F. ) ;
#9366 = PLANE ( 'NONE',  #12449 ) ;
#9367 = VECTOR ( 'NONE', #4604, 1000.000000000000000 ) ;
#9368 = ORIENTED_EDGE ( 'NONE', *, *, #11983, .F. ) ;
#9369 = DIRECTION ( 'NONE',  ( -1.000000000000000000, 0.000000000000000000, 0.000000000000000000 ) ) ;
#9370 = CARTESIAN_POINT ( 'NONE',  ( 28.24914708880838532, 5.000000000000000000, 20.29336061601479813 ) ) ;
#9371 = LINE ( 'NONE', #13621, #826 ) ;
#9372 = EDGE_CURVE ( 'NONE', #2485, #184, #1158, .T. ) ;
#9373 = DIRECTION ( 'NONE',  ( -0.9936137372156852443, 0.000000000000000000, -0.1128350176863508747 ) ) ;
#9374 = LINE ( 'NONE', #12585, #5079 ) ;
#9375 = LINE ( 'NONE', #9723, #11934 ) ;
#9376 = APPROVAL_DATE_TIME ( #12664, #19 ) ;
#9377 = DIRECTION ( 'NONE',  ( 0.1886949699039933981, 0.000000000000000000, -0.9820357469730575106 ) ) ;
#9378 = ORIENTED_EDGE ( 'NONE', *, *, #7153, .T. ) ;
#9379 = EDGE_CURVE ( 'NONE', #8918, #8272, #255, .T. ) ;
#9380 = CARTESIAN_POINT ( 'NONE',  ( -13.98269935919161355, 5.000000000000000000, 27.62106554401479741 ) ) ;
#9381 = ADVANCED_FACE ( 'NONE', ( #4379 ), #12846, .T. ) ;
#9382 = VERTEX_POINT ( 'NONE', #11737 ) ;
#9383 = VERTEX_POINT ( 'NONE', #7608 ) ;
#9384 = DIRECTION ( 'NONE',  ( 0.3815757523362350301, 0.000000000000000000, 0.9243375710361644293 ) ) ;
#9385 = CARTESIAN_POINT ( 'NONE',  ( 2.187994232808368356, 3.000000000000000000, -6.932171927985210758 ) ) ;
#9386 = FACE_OUTER_BOUND ( 'NONE', #9655, .T. ) ;
#9387 = ORIENTED_EDGE ( 'NONE', *, *, #9724, .T. ) ;
#9388 = DIRECTION ( 'NONE',  ( -0.7348065996507560094, 0.000000000000000000, -0.6782766847752423889 ) ) ;
#9389 = VERTEX_POINT ( 'NONE', #2348 ) ;
#9390 = EDGE_CURVE ( 'NONE', #5786, #11579, #11812, .T. ) ;
#9391 = EDGE_CURVE ( 'NONE', #8575, #470, #1094, .T. ) ;
#9392 = DIRECTION ( 'NONE',  ( -0.000000000000000000, -1.000000000000000000, -0.000000000000000000 ) ) ;
#9393 = CARTESIAN_POINT ( 'NONE',  ( -13.01311125519162637, 3.000000000000000000, 26.72088954401479555 ) ) ;
#9394 = FACE_OUTER_BOUND ( 'NONE', #10037, .T. ) ;
#9395 = ORIENTED_EDGE ( 'NONE', *, *, #7899, .F. ) ;
#9396 = DIRECTION ( 'NONE',  ( -1.000000000000000000, 0.000000000000000000, 0.000000000000000000 ) ) ;
#9397 = EDGE_LOOP ( 'NONE', ( #9754, #13718, #10200, #5824 ) ) ;
#9398 = CARTESIAN_POINT ( 'NONE',  ( 9.777854930785519372, 5.000000000000000000, 23.06823814583290755 ) ) ;
#9399 = ORIENTED_EDGE ( 'NONE', *, *, #7768, .T. ) ;
#9400 = DIRECTION ( 'NONE',  ( 0.9667979625246927444, -0.000000000000000000, 0.2555419724000399517 ) ) ;
#9401 = ORIENTED_EDGE ( 'NONE', *, *, #11804, .F. ) ;
#9402 = ORIENTED_EDGE ( 'NONE', *, *, #10238, .T. ) ;
#9403 = DIRECTION ( 'NONE',  ( 0.9616126141846673692, 0.000000000000000000, -0.2744106051903427712 ) ) ;
#9404 = EDGE_CURVE ( 'NONE', #3800, #1073, #7544, .T. ) ;
#9405 = EDGE_CURVE ( 'NONE', #3200, #8301, #9702, .T. ) ;
#9406 = DIRECTION ( 'NONE',  ( 0.000000000000000000, 0.000000000000000000, -1.000000000000000000 ) ) ;
#9407 = PLANE ( 'NONE',  #7443 ) ;
#9408 = LINE ( 'NONE', #13662, #7061 ) ;
#9409 = DIRECTION ( 'NONE',  ( 0.9890547258545988596, 0.000000000000000000, -0.1475491418635986596 ) ) ;
#9410 = ORIENTED_EDGE ( 'NONE', *, *, #2487, .T. ) ;
#9411 = FACE_OUTER_BOUND ( 'NONE', #10310, .T. ) ;
#9412 = ORIENTED_EDGE ( 'NONE', *, *, #13361, .F. ) ;
#9413 = LINE ( 'NONE', #9485, #6837 ) ;
#9414 = ORIENTED_EDGE ( 'NONE', *, *, #6892, .F. ) ;
#9415 = DIRECTION ( 'NONE',  ( 0.000000000000000000, 0.000000000000000000, -1.000000000000000000 ) ) ;
#9416 = ORIENTED_EDGE ( 'NONE', *, *, #756, .F. ) ;
#9417 = VECTOR ( 'NONE', #2020, 1000.000000000000000 ) ;
#9418 = LINE ( 'NONE', #6332, #1492 ) ;
#9419 = ORIENTED_EDGE ( 'NONE', *, *, #10633, .T. ) ;
#9420 = LINE ( 'NONE', #2064, #6278 ) ;
#9421 = EDGE_CURVE ( 'NONE', #11651, #6239, #6338, .T. ) ;
#9422 = LINE ( 'NONE', #2773, #1303 ) ;
#9423 = DIRECTION ( 'NONE',  ( -0.000000000000000000, -1.000000000000000000, -0.000000000000000000 ) ) ;
#9424 = ADVANCED_FACE ( 'NONE', ( #10619 ), #6411, .T. ) ;
#9425 = CARTESIAN_POINT ( 'NONE',  ( 0.000000000000000000, 3.000000000000000000, 15.35652416001479637 ) ) ;
#9426 = VECTOR ( 'NONE', #9897, 1000.000000000000000 ) ;
#9427 = VECTOR ( 'NONE', #11722, 1000.000000000000000 ) ;
#9428 = VERTEX_POINT ( 'NONE', #6620 ) ;
#9429 = DIRECTION ( 'NONE',  ( -0.000000000000000000, -1.000000000000000000, -0.000000000000000000 ) ) ;
#9430 = EDGE_LOOP ( 'NONE', ( #4327, #9965, #12285, #4281 ) ) ;
#9431 = ORIENTED_EDGE ( 'NONE', *, *, #12633, .T. ) ;
#9432 = DIRECTION ( 'NONE',  ( 0.000000000000000000, 0.000000000000000000, -1.000000000000000000 ) ) ;
#9433 = ORIENTED_EDGE ( 'NONE', *, *, #10463, .F. ) ;
#9434 = CARTESIAN_POINT ( 'NONE',  ( 0.000000000000000000, 5.000000000000000000, 32.03596146401479672 ) ) ;
#9435 = CARTESIAN_POINT ( 'NONE',  ( 30.17493444880838283, 5.000000000000000000, 19.92748580801479719 ) ) ;
#9436 = FACE_OUTER_BOUND ( 'NONE', #9551, .T. ) ;
#9437 = VECTOR ( 'NONE', #13414, 999.9999999999998863 ) ;
#9438 = VECTOR ( 'NONE', #1406, 1000.000000000000114 ) ;
#9439 = EDGE_CURVE ( 'NONE', #11883, #11447, #9848, .T. ) ;
#9440 = DIRECTION ( 'NONE',  ( -1.000000000000000000, 0.000000000000000000, 0.000000000000000000 ) ) ;
#9441 = LINE ( 'NONE', #4776, #5171 ) ;
#9442 = FACE_OUTER_BOUND ( 'NONE', #2133, .T. ) ;
#9443 = DIRECTION ( 'NONE',  ( -0.4472135954999590379, 0.000000000000000000, -0.8944271909999153003 ) ) ;
#9444 = PLANE ( 'NONE',  #6325 ) ;
#9445 = CARTESIAN_POINT ( 'NONE',  ( -12.99827229602544598, 5.000000000000000000, 16.30070165153739481 ) ) ;
#9446 = ORIENTED_EDGE ( 'NONE', *, *, #11581, .F. ) ;
#9447 = AXIS2_PLACEMENT_3D ( 'NONE', #13189, #5762, #309 ) ;
#9448 = LINE ( 'NONE', #8610, #6351 ) ;
#9449 = VECTOR ( 'NONE', #6496, 1000.000000000000114 ) ;
#9450 = ORIENTED_EDGE ( 'NONE', *, *, #3305, .F. ) ;
#9451 = LINE ( 'NONE', #13706, #9757 ) ;
#9452 = DIRECTION ( 'NONE',  ( 0.000000000000000000, 0.000000000000000000, 1.000000000000000000 ) ) ;
#9453 = FACE_OUTER_BOUND ( 'NONE', #5694, .T. ) ;
#9454 = EDGE_CURVE ( 'NONE', #11923, #948, #13829, .T. ) ;
#9455 = ORIENTED_EDGE ( 'NONE', *, *, #3373, .F. ) ;
#9456 = CARTESIAN_POINT ( 'NONE',  ( -9.476379576781148728, 3.000000000000000000, 10.26617368710208389 ) ) ;
#9457 = VERTEX_POINT ( 'NONE', #11949 ) ;
#9458 = EDGE_CURVE ( 'NONE', #6194, #2451, #2139, .T. ) ;
#9459 = VECTOR ( 'NONE', #3982, 1000.000000000000000 ) ;
#9460 = ADVANCED_FACE ( 'NONE', ( #6907 ), #327, .T. ) ;
#9461 = AXIS2_PLACEMENT_3D ( 'NONE', #5200, #9480, #10603 ) ;
#9462 = DIRECTION ( 'NONE',  ( 0.3878634473750072753, 0.000000000000000000, -0.9217168470796087698 ) ) ;
#9463 = DIRECTION ( 'NONE',  ( -0.000000000000000000, -1.000000000000000000, -0.000000000000000000 ) ) ;
#9464 = DIRECTION ( 'NONE',  ( 0.1950914675743609106, 0.000000000000000000, 0.9807850525368349004 ) ) ;
#9465 = ORIENTED_EDGE ( 'NONE', *, *, #8725, .T. ) ;
#9466 = LINE ( 'NONE', #12960, #2317 ) ;
#9467 = ORIENTED_EDGE ( 'NONE', *, *, #9439, .F. ) ;
#9468 = CARTESIAN_POINT ( 'NONE',  ( 8.702048768808374746, 5.000000000000000000, -6.405603511985212606 ) ) ;
#9469 = AXIS2_PLACEMENT_3D ( 'NONE', #7700, #9145, #10914 ) ;
#9470 = VERTEX_POINT ( 'NONE', #10964 ) ;
#9471 = DIRECTION ( 'NONE',  ( 0.9980128220225691349, 0.000000000000000000, -0.06301116630048836376 ) ) ;
#9472 = ORIENTED_EDGE ( 'NONE', *, *, #5463, .T. ) ;
#9473 = EDGE_CURVE ( 'NONE', #8106, #4918, #12295, .T. ) ;
#9474 = ORIENTED_EDGE ( 'NONE', *, *, #2101, .T. ) ;
#9475 = VERTEX_POINT ( 'NONE', #7959 ) ;
#9476 = CARTESIAN_POINT ( 'NONE',  ( 12.66486532880836968, 5.000000000000000000, 21.54920164001479677 ) ) ;
#9477 = VECTOR ( 'NONE', #11369, 1000.000000000000000 ) ;
#9478 = PLANE ( 'NONE',  #11347 ) ;
#9479 = CARTESIAN_POINT ( 'NONE',  ( 8.507095640808373105, 5.000000000000000000, -7.854414431985205169 ) ) ;
#9480 = DIRECTION ( 'NONE',  ( -0.000000000000000000, -1.000000000000000000, -0.000000000000000000 ) ) ;
#9481 = DIRECTION ( 'NONE',  ( 0.9953392907975358028, 0.000000000000000000, 0.09643493243974647633 ) ) ;
#9482 = ORIENTED_EDGE ( 'NONE', *, *, #3407, .T. ) ;
#9483 = DIRECTION ( 'NONE',  ( -0.000000000000000000, -1.000000000000000000, -0.000000000000000000 ) ) ;
#9484 = ORIENTED_EDGE ( 'NONE', *, *, #1684, .T. ) ;
#9485 = CARTESIAN_POINT ( 'NONE',  ( -0.4213608213604713160, 5.000000000000000000, 0.9688862080831209811 ) ) ;
#9486 = ORIENTED_EDGE ( 'NONE', *, *, #682, .F. ) ;
#9487 = VERTEX_POINT ( 'NONE', #5707 ) ;
#9488 = EDGE_CURVE ( 'NONE', #13519, #6468, #3676, .T. ) ;
#9489 = ORIENTED_EDGE ( 'NONE', *, *, #10710, .T. ) ;
#9490 = EDGE_CURVE ( 'NONE', #2209, #3085, #8801, .T. ) ;
#9491 = VECTOR ( 'NONE', #1612, 1000.000000000000000 ) ;
#9492 = DIRECTION ( 'NONE',  ( -0.1976663333700529879, 0.000000000000000000, -0.9802693612737466422 ) ) ;
#9493 = ORIENTED_EDGE ( 'NONE', *, *, #9975, .T. ) ;
#9494 = VECTOR ( 'NONE', #2733, 1000.000000000000227 ) ;
#9495 = DIRECTION ( 'NONE',  ( -0.000000000000000000, -1.000000000000000000, -0.000000000000000000 ) ) ;
#9496 = CARTESIAN_POINT ( 'NONE',  ( 17.93303357542494680, 5.000000000000000000, -7.453054983035603875 ) ) ;
#9497 = CARTESIAN_POINT ( 'NONE',  ( -21.56172611119163207, 5.000000000000000000, 0.000000000000000000 ) ) ;
#9498 = DIRECTION ( 'NONE',  ( -1.000000000000000000, 0.000000000000000000, 0.000000000000000000 ) ) ;
#9499 = VECTOR ( 'NONE', #9149, 1000.000000000000000 ) ;
#9500 = ORIENTED_EDGE ( 'NONE', *, *, #12076, .F. ) ;
#9501 = DIRECTION ( 'NONE',  ( 0.000000000000000000, -0.000000000000000000, 1.000000000000000000 ) ) ;
#9502 = ORIENTED_EDGE ( 'NONE', *, *, #13624, .T. ) ;
#9503 = ORIENTED_EDGE ( 'NONE', *, *, #2393, .F. ) ;
#9504 = ORIENTED_EDGE ( 'NONE', *, *, #3936, .F. ) ;
#9505 = VERTEX_POINT ( 'NONE', #11110 ) ;
#9506 = EDGE_CURVE ( 'NONE', #2209, #5997, #13337, .T. ) ;
#9507 = DIRECTION ( 'NONE',  ( -1.000000000000000000, 0.000000000000000000, 0.000000000000000000 ) ) ;
#9508 = DIRECTION ( 'NONE',  ( -0.9802693612737466422, 0.000000000000000000, 0.1976663333700530156 ) ) ;
#9509 = VECTOR ( 'NONE', #10482, 1000.000000000000000 ) ;
#9510 = DIRECTION ( 'NONE',  ( -1.000000000000000000, 0.000000000000000000, 0.000000000000000000 ) ) ;
#9511 = VECTOR ( 'NONE', #5526, 1000.000000000000000 ) ;
#9512 = CARTESIAN_POINT ( 'NONE',  ( 11.13019366857526116, 5.000000000000000000, -18.19994799644562988 ) ) ;
#9513 = LINE ( 'NONE', #1697, #6752 ) ;
#9514 = CARTESIAN_POINT ( 'NONE',  ( 8.308500152808393935, 3.000000000000000000, 13.26968149601479929 ) ) ;
#9515 = CYLINDRICAL_SURFACE ( 'NONE', #3291, 1.699999999999999289 ) ;
#9516 = MANIFOLD_SOLID_BREP ( 'Aufsatz-Linear austragen3', #7261 ) ;
#9517 = DIRECTION ( 'NONE',  ( 0.9252461951942886342, 0.000000000000000000, 0.3793672077005238452 ) ) ;
#9518 = CARTESIAN_POINT ( 'NONE',  ( 0.000000000000000000, 0.000000000000000000, 0.000000000000000000 ) ) ;
#9519 = DIRECTION ( 'NONE',  ( -0.9788017192891083074, 0.000000000000000000, 0.2048101421235911379 ) ) ;
#9520 = ORIENTED_EDGE ( 'NONE', *, *, #8664, .T. ) ;
#9521 = VECTOR ( 'NONE', #12425, 1000.000000000000000 ) ;
#9522 = CARTESIAN_POINT ( 'NONE',  ( 51.72345421680835642, 5.000000000000000000, 20.53133626401479361 ) ) ;
#9523 = ORIENTED_EDGE ( 'NONE', *, *, #13798, .F. ) ;
#9524 = ORIENTED_EDGE ( 'NONE', *, *, #5936, .F. ) ;
#9525 = AXIS2_PLACEMENT_3D ( 'NONE', #12767, #3035, #4294 ) ;
#9526 = DIRECTION ( 'NONE',  ( 0.9839416328527620381, 0.000000000000000000, -0.1784905127423875582 ) ) ;
#9527 = ADVANCED_FACE ( 'NONE', ( #13064 ), #3540, .T. ) ;
#9528 = LINE ( 'NONE', #2095, #2575 ) ;
#9529 = CARTESIAN_POINT ( 'NONE',  ( 0.000000000000000000, 5.000000000000000000, -7.958098247985205376 ) ) ;
#9530 = EDGE_CURVE ( 'NONE', #6947, #2966, #9991, .T. ) ;
#9531 = VERTEX_POINT ( 'NONE', #3468 ) ;
#9532 = DIRECTION ( 'NONE',  ( 0.07087294926829956765, 0.000000000000000000, -0.9974853508007088809 ) ) ;
#9533 = VERTEX_POINT ( 'NONE', #10058 ) ;
#9534 = VECTOR ( 'NONE', #5051, 1000.000000000000000 ) ;
#9535 = AXIS2_PLACEMENT_3D ( 'NONE', #1224, #6472, #9774 ) ;
#9536 = CARTESIAN_POINT ( 'NONE',  ( -34.33674145268113875, 5.000000000000000000, -6.086046225715334934 ) ) ;
#9537 = DIRECTION ( 'NONE',  ( -0.8725542995138969582, 0.000000000000000000, -0.4885171382866855261 ) ) ;
#9538 = EDGE_CURVE ( 'NONE', #3034, #5149, #11243, .T. ) ;
#9539 = CARTESIAN_POINT ( 'NONE',  ( 13.53999692880837102, 5.000000000000000000, 29.86543392801479868 ) ) ;
#9540 = VERTEX_POINT ( 'NONE', #11181 ) ;
#9541 = DIRECTION ( 'NONE',  ( 0.9594243092007439522, 0.000000000000000000, -0.2819663010266922343 ) ) ;
#9542 = ORIENTED_EDGE ( 'NONE', *, *, #5037, .T. ) ;
#9543 = PLANE ( 'NONE',  #7517 ) ;
#9544 = EDGE_CURVE ( 'NONE', #4982, #1289, #12024, .T. ) ;
#9545 = ADVANCED_FACE ( 'NONE', ( #402 ), #9916, .T. ) ;
#9546 = PLANE ( 'NONE',  #3272 ) ;
#9547 = ORIENTED_EDGE ( 'NONE', *, *, #6950, .T. ) ;
#9548 = VECTOR ( 'NONE', #13617, 1000.000000000000000 ) ;
#9549 = EDGE_LOOP ( 'NONE', ( #5928, #394, #7114, #6516 ) ) ;
#9550 = VECTOR ( 'NONE', #2788, 999.9999999999998863 ) ;
#9551 = EDGE_LOOP ( 'NONE', ( #134, #7265, #1927, #8086 ) ) ;
#9552 = CARTESIAN_POINT ( 'NONE',  ( 25.98970928289181614, 3.000000000000000000, -0.02908375463968950261 ) ) ;
#9553 = DIRECTION ( 'NONE',  ( -0.1451138841381547917, 0.000000000000000000, 0.9894149587662086631 ) ) ;
#9554 = CARTESIAN_POINT ( 'NONE',  ( -12.51312749519162004, 5.000000000000000000, 30.97480026401478881 ) ) ;
#9555 = EDGE_CURVE ( 'NONE', #12981, #2402, #8033, .T. ) ;
#9556 = ORIENTED_EDGE ( 'NONE', *, *, #8955, .F. ) ;
#9557 = CARTESIAN_POINT ( 'NONE',  ( -19.72490781395982751, 5.000000000000000000, 4.335614861754015337 ) ) ;
#9558 = DIRECTION ( 'NONE',  ( -1.000000000000000000, 0.000000000000000000, -0.000000000000000000 ) ) ;
#9559 = ORIENTED_EDGE ( 'NONE', *, *, #6919, .T. ) ;
#9560 = AXIS2_PLACEMENT_3D ( 'NONE', #3211, #4268, #8548 ) ;
#9561 = DIRECTION ( 'NONE',  ( 1.000000000000000000, 0.000000000000000000, 0.000000000000000000 ) ) ;
#9562 = VECTOR ( 'NONE', #12827, 1000.000000000000000 ) ;
#9563 = ORIENTED_EDGE ( 'NONE', *, *, #12798, .F. ) ;
#9564 = CARTESIAN_POINT ( 'NONE',  ( -27.49730174319163112, 5.000000000000000000, 0.000000000000000000 ) ) ;
#9565 = ORIENTED_EDGE ( 'NONE', *, *, #10055, .T. ) ;
#9566 = ADVANCED_FACE ( 'NONE', ( #1646 ), #4520, .T. ) ;
#9567 = CARTESIAN_POINT ( 'NONE',  ( -25.71984428719163063, 5.000000000000000000, 20.22908540801479660 ) ) ;
#9568 = ORIENTED_EDGE ( 'NONE', *, *, #3183, .F. ) ;
#9569 = LINE ( 'NONE', #2341, #11328 ) ;
#9570 = ORIENTED_EDGE ( 'NONE', *, *, #2186, .T. ) ;
#9571 = AXIS2_PLACEMENT_3D ( 'NONE', #11017, #8778, #10944 ) ;
#9572 = FACE_OUTER_BOUND ( 'NONE', #12800, .T. ) ;
#9573 = FACE_OUTER_BOUND ( 'NONE', #5239, .T. ) ;
#9574 = DIRECTION ( 'NONE',  ( -0.9802693612737390927, 0.000000000000000000, 0.1976663333700899305 ) ) ;
#9575 = EDGE_CURVE ( 'NONE', #7508, #12141, #13204, .T. ) ;
#9576 = CARTESIAN_POINT ( 'NONE',  ( -7.130120740826861869, 5.000000000000000000, 24.39277998138588188 ) ) ;
#9577 = ADVANCED_FACE ( 'NONE', ( #1442 ), #2423, .T. ) ;
#9578 = CARTESIAN_POINT ( 'NONE',  ( -1.742105848901883691, 5.000000000000000000, 34.53453529444600889 ) ) ;
#9579 = AXIS2_PLACEMENT_3D ( 'NONE', #3192, #12726, #9793 ) ;
#9580 = ORIENTED_EDGE ( 'NONE', *, *, #17, .F. ) ;
#9581 = ORIENTED_EDGE ( 'NONE', *, *, #12969, .F. ) ;
#9582 = ORIENTED_EDGE ( 'NONE', *, *, #263, .T. ) ;
#9583 = LINE ( 'NONE', #7474, #10853 ) ;
#9584 = CARTESIAN_POINT ( 'NONE',  ( 0.6283005777251369217, 3.000000000000000000, 0.2714039795847080772 ) ) ;
#9585 = CARTESIAN_POINT ( 'NONE',  ( -26.56894208919894496, 5.000000000000000000, 44.82781187157797831 ) ) ;
#9586 = LINE ( 'NONE', #8740, #9343 ) ;
#9587 = CARTESIAN_POINT ( 'NONE',  ( -13.87588727919164278, 5.000000000000000000, 20.74081514401479609 ) ) ;
#9588 = CARTESIAN_POINT ( 'NONE',  ( -3.936847924096960494, 5.000000000000000000, -0.1951907004045583538 ) ) ;
#9589 = EDGE_CURVE ( 'NONE', #387, #1373, #12089, .T. ) ;
#9590 = FACE_OUTER_BOUND ( 'NONE', #13539, .T. ) ;
#9591 = PLANE ( 'NONE',  #8584 ) ;
#9592 = DIRECTION ( 'NONE',  ( 0.3826836147510478958, 0.000000000000000000, -0.9238794569645282229 ) ) ;
#9593 = VERTEX_POINT ( 'NONE', #9201 ) ;
#9594 = DIRECTION ( 'NONE',  ( -0.000000000000000000, -1.000000000000000000, -0.000000000000000000 ) ) ;
#9595 = ORIENTED_EDGE ( 'NONE', *, *, #8195, .T. ) ;
#9596 = ORIENTED_EDGE ( 'NONE', *, *, #8259, .T. ) ;
#9597 = CARTESIAN_POINT ( 'NONE',  ( 0.1171494077378525817, 5.000000000000000000, -21.15374759811403393 ) ) ;
#9598 = CARTESIAN_POINT ( 'NONE',  ( -21.56172611119163207, 5.000000000000000000, 0.000000000000000000 ) ) ;
#9599 = LINE ( 'NONE', #2027, #5232 ) ;
#9600 = ORIENTED_EDGE ( 'NONE', *, *, #9799, .T. ) ;
#9601 = DIRECTION ( 'NONE',  ( 0.9616069243909919351, 0.000000000000000000, -0.2744305430583430239 ) ) ;
#9602 = ORIENTED_EDGE ( 'NONE', *, *, #4221, .T. ) ;
#9603 = EDGE_CURVE ( 'NONE', #865, #10470, #4992, .T. ) ;
#9604 = LINE ( 'NONE', #1125, #5719 ) ;
#9605 = CARTESIAN_POINT ( 'NONE',  ( 83.99999999999998579, 3.000000000000000000, 50.99999999999999289 ) ) ;
#9606 = EDGE_CURVE ( 'NONE', #315, #12732, #1844, .T. ) ;
#9607 = CARTESIAN_POINT ( 'NONE',  ( -51.66480839919162804, 5.000000000000000000, 15.35652416001479637 ) ) ;
#9608 = ORIENTED_EDGE ( 'NONE', *, *, #6492, .F. ) ;
#9609 = CARTESIAN_POINT ( 'NONE',  ( -7.409339235356175557, 5.000000000000000000, 25.63688292154819948 ) ) ;
#9610 = EDGE_LOOP ( 'NONE', ( #10684, #7096, #2164, #11571 ) ) ;
#9611 = LINE ( 'NONE', #6174, #9078 ) ;
#9612 = FACE_OUTER_BOUND ( 'NONE', #10433, .T. ) ;
#9613 = ORIENTED_EDGE ( 'NONE', *, *, #5817, .T. ) ;
#9614 = ORIENTED_EDGE ( 'NONE', *, *, #812, .T. ) ;
#9615 = PLANE ( 'NONE',  #1952 ) ;
#9616 = EDGE_CURVE ( 'NONE', #10925, #3354, #7170, .T. ) ;
#9617 = DIRECTION ( 'NONE',  ( -0.3466798687133368362, 0.000000000000000000, 0.9379835119174023683 ) ) ;
#9618 = DIRECTION ( 'NONE',  ( 0.8725542995139026203, 0.000000000000000000, -0.4885171382866753675 ) ) ;
#9619 = EDGE_LOOP ( 'NONE', ( #5559, #8940, #6731, #9624, #6378, #8461, #9910, #3383, #114, #3029, #12064, #9821, #3397, #4786, #12499, #13176, #2684, #8547, #7216, #7243, #12194, #1364, #6341, #2806, #8331, #1892 ) ) ;
#9620 = DIRECTION ( 'NONE',  ( -0.000000000000000000, -1.000000000000000000, -0.000000000000000000 ) ) ;
#9621 = CARTESIAN_POINT ( 'NONE',  ( -4.296364244655543452, 5.000000000000000000, 15.05449634477602316 ) ) ;
#9622 = ORIENTED_EDGE ( 'NONE', *, *, #2876, .T. ) ;
#9623 = CARTESIAN_POINT ( 'NONE',  ( 21.43349396880838498, 3.000000000000000000, 28.74556113601479268 ) ) ;
#9624 = ORIENTED_EDGE ( 'NONE', *, *, #812, .F. ) ;
#9625 = CARTESIAN_POINT ( 'NONE',  ( 46.55277316880837901, 3.000000000000000000, 21.03005205601479588 ) ) ;
#9626 = EDGE_LOOP ( 'NONE', ( #5110, #12513, #9482, #13398 ) ) ;
#9627 = VERTEX_POINT ( 'NONE', #13402 ) ;
#9628 = CARTESIAN_POINT ( 'NONE',  ( 8.634483653915644652, 3.000000000000000000, -4.385954962759712750 ) ) ;
#9629 = VERTEX_POINT ( 'NONE', #6112 ) ;
#9630 = ADVANCED_FACE ( 'NONE', ( #10259 ), #9407, .T. ) ;
#9631 = CARTESIAN_POINT ( 'NONE',  ( -27.67035092719162037, 5.000000000000000000, 17.13645557601479297 ) ) ;
#9632 = EDGE_CURVE ( 'NONE', #10650, #10901, #3808, .T. ) ;
#9633 = EDGE_CURVE ( 'NONE', #6090, #8437, #10393, .T. ) ;
#9634 = LINE ( 'NONE', #8586, #629 ) ;
#9635 = FACE_OUTER_BOUND ( 'NONE', #6554, .T. ) ;
#9636 = DIRECTION ( 'NONE',  ( -0.000000000000000000, -1.000000000000000000, -0.000000000000000000 ) ) ;
#9637 = LINE ( 'NONE', #1939, #2787 ) ;
#9638 = ORIENTED_EDGE ( 'NONE', *, *, #11464, .T. ) ;
#9639 = EDGE_LOOP ( 'NONE', ( #3416, #10790, #7144, #369 ) ) ;
#9640 = ORIENTED_EDGE ( 'NONE', *, *, #6098, .T. ) ;
#9641 = CARTESIAN_POINT ( 'NONE',  ( 4.769015857599291586, 5.000000000000000000, 12.19788626487684624 ) ) ;
#9642 = DIRECTION ( 'NONE',  ( 0.000000000000000000, 0.000000000000000000, 1.000000000000000000 ) ) ;
#9643 = EDGE_CURVE ( 'NONE', #11720, #6654, #2828, .T. ) ;
#9644 = CARTESIAN_POINT ( 'NONE',  ( 0.8849947871026886403, 5.000000000000000000, -37.60284271929458555 ) ) ;
#9645 = AXIS2_PLACEMENT_3D ( 'NONE', #10909, #11824, #5581 ) ;
#9646 = LINE ( 'NONE', #10765, #3761 ) ;
#9647 = PLANE ( 'NONE',  #2498 ) ;
#9648 = DIRECTION ( 'NONE',  ( -0.000000000000000000, -1.000000000000000000, -0.000000000000000000 ) ) ;
#9649 = CARTESIAN_POINT ( 'NONE',  ( 38.47138724880836946, 3.000000000000000000, 20.23155835201480102 ) ) ;
#9650 = DIRECTION ( 'NONE',  ( 0.9872834441880232736, 0.000000000000000000, 0.1589698110718959223 ) ) ;
#9651 = CARTESIAN_POINT ( 'NONE',  ( 5.464600256361820563, 3.000000000000000000, 13.32706657384082405 ) ) ;
#9652 = VERTEX_POINT ( 'NONE', #8162 ) ;
#9653 = CARTESIAN_POINT ( 'NONE',  ( -1.214877028071899900, 3.000000000000000000, 21.66599910067165169 ) ) ;
#9654 = ORIENTED_EDGE ( 'NONE', *, *, #7589, .T. ) ;
#9655 = EDGE_LOOP ( 'NONE', ( #1189, #6698, #7763, #5897, #10993, #2093, #5120, #9939, #3019, #449, #10596, #9474 ) ) ;
#9656 = CARTESIAN_POINT ( 'NONE',  ( -38.82211221519163047, 3.000000000000000000, 0.000000000000000000 ) ) ;
#9657 = VECTOR ( 'NONE', #4796, 1000.000000000000000 ) ;
#9658 = DIRECTION ( 'NONE',  ( -0.000000000000000000, -1.000000000000000000, -0.000000000000000000 ) ) ;
#9659 = VECTOR ( 'NONE', #8645, 1000.000000000000114 ) ;
#9660 = LINE ( 'NONE', #10924, #9709 ) ;
#9661 = EDGE_CURVE ( 'NONE', #9132, #8150, #798, .T. ) ;
#9662 = ORIENTED_EDGE ( 'NONE', *, *, #13077, .T. ) ;
#9663 = EDGE_CURVE ( 'NONE', #6269, #12314, #9345, .T. ) ;
#9664 = LINE ( 'NONE', #8481, #3728 ) ;
#9665 = ORIENTED_EDGE ( 'NONE', *, *, #31, .F. ) ;
#9666 = VECTOR ( 'NONE', #13140, 1000.000000000000114 ) ;
#9667 = PLANE ( 'NONE',  #13770 ) ;
#9668 = VECTOR ( 'NONE', #4139, 1000.000000000000114 ) ;
#9669 = CARTESIAN_POINT ( 'NONE',  ( -7.698041367191630791, 3.000000000000000000, 22.17464920801479167 ) ) ;
#9670 = CYLINDRICAL_SURFACE ( 'NONE', #7656, 1.699999999999999289 ) ;
#9671 = EDGE_LOOP ( 'NONE', ( #299, #9401, #5337, #7614 ) ) ;
#9672 = DIRECTION ( 'NONE',  ( -0.000000000000000000, -1.000000000000000000, -0.000000000000000000 ) ) ;
#9673 = VERTEX_POINT ( 'NONE', #4079 ) ;
#9674 = LINE ( 'NONE', #13033, #5274 ) ;
#9675 = VERTEX_POINT ( 'NONE', #12551 ) ;
#9676 = DIRECTION ( 'NONE',  ( 0.06301116630048836376, -0.000000000000000000, 0.9980128220225691349 ) ) ;
#9677 = ORIENTED_EDGE ( 'NONE', *, *, #459, .T. ) ;
#9678 = EDGE_CURVE ( 'NONE', #5459, #1540, #1984, .T. ) ;
#9679 = VECTOR ( 'NONE', #12424, 1000.000000000000114 ) ;
#9680 = VERTEX_POINT ( 'NONE', #7311 ) ;
#9681 = ADVANCED_FACE ( 'NONE', ( #11380 ), #8230, .T. ) ;
#9682 = AXIS2_PLACEMENT_3D ( 'NONE', #11070, #10026, #3638 ) ;
#9683 = CARTESIAN_POINT ( 'NONE',  ( -2.640075359191627058, 5.000000000000000000, 0.000000000000000000 ) ) ;
#9684 = LINE ( 'NONE', #7446, #2843 ) ;
#9685 = LINE ( 'NONE', #8499, #1848 ) ;
#9686 = LINE ( 'NONE', #94, #7646 ) ;
#9687 = ORIENTED_EDGE ( 'NONE', *, *, #5566, .F. ) ;
#9688 = VECTOR ( 'NONE', #1337, 1000.000000000000000 ) ;
#9689 = DIRECTION ( 'NONE',  ( -0.9990728301167681735, 0.000000000000000000, 0.04305206292933406315 ) ) ;
#9690 = EDGE_LOOP ( 'NONE', ( #2852, #389, #7525, #7955 ) ) ;
#9691 = DIRECTION ( 'NONE',  ( 0.6768908267101251264, -0.000000000000000000, 0.7360834251059341637 ) ) ;
#9692 = ORIENTED_EDGE ( 'NONE', *, *, #6662, .F. ) ;
#9693 = DIRECTION ( 'NONE',  ( 1.000000000000000000, -0.000000000000000000, 0.000000000000000000 ) ) ;
#9694 = ORIENTED_EDGE ( 'NONE', *, *, #7330, .T. ) ;
#9695 = EDGE_CURVE ( 'NONE', #432, #10521, #8095, .T. ) ;
#9696 = CARTESIAN_POINT ( 'NONE',  ( -30.42677213519162649, 5.000000000000000000, 21.45031537601479243 ) ) ;
#9697 = EDGE_CURVE ( 'NONE', #11673, #11083, #7035, .T. ) ;
#9698 = ORIENTED_EDGE ( 'NONE', *, *, #7734, .F. ) ;
#9699 = VECTOR ( 'NONE', #8504, 1000.000000000000000 ) ;
#9700 = CARTESIAN_POINT ( 'NONE',  ( -13.40203873371501331, 5.000000000000000000, -21.87587052901555396 ) ) ;
#9701 = LINE ( 'NONE', #10543, #4654 ) ;
#9702 = LINE ( 'NONE', #8663, #12351 ) ;
#9703 = FACE_OUTER_BOUND ( 'NONE', #7676, .T. ) ;
#9704 = EDGE_CURVE ( 'NONE', #9162, #1203, #3946, .T. ) ;
#9705 = VECTOR ( 'NONE', #7945, 1000.000000000000114 ) ;
#9706 = DIRECTION ( 'NONE',  ( -0.8253751189421766332, 0.000000000000000000, -0.5645847261759636693 ) ) ;
#9707 = EDGE_LOOP ( 'NONE', ( #6084, #8859, #7794, #12489 ) ) ;
#9708 = ORIENTED_EDGE ( 'NONE', *, *, #1618, .T. ) ;
#9709 = VECTOR ( 'NONE', #9809, 1000.000000000000227 ) ;
#9710 = VERTEX_POINT ( 'NONE', #4866 ) ;
#9711 = EDGE_CURVE ( 'NONE', #4019, #12774, #9142, .T. ) ;
#9712 = CARTESIAN_POINT ( 'NONE',  ( -28.90641449519162975, 3.000000000000000000, 28.66892527201478913 ) ) ;
#9713 = VECTOR ( 'NONE', #1985, 1000.000000000000000 ) ;
#9714 = EDGE_CURVE ( 'NONE', #684, #6392, #2759, .T. ) ;
#9715 = DIRECTION ( 'NONE',  ( 0.9180132284372531926, -0.000000000000000000, 0.3965497603255000447 ) ) ;
#9716 = CARTESIAN_POINT ( 'NONE',  ( -26.56894208919894496, 3.000000000000000000, 44.82781187157797831 ) ) ;
#9717 = VECTOR ( 'NONE', #13704, 1000.000000000000000 ) ;
#9718 = DIRECTION ( 'NONE',  ( -0.000000000000000000, -1.000000000000000000, -0.000000000000000000 ) ) ;
#9719 = DIRECTION ( 'NONE',  ( -0.3815744657993927480, 0.000000000000000000, -0.9243381021303341827 ) ) ;
#9720 = VECTOR ( 'NONE', #6591, 1000.000000000000000 ) ;
#9721 = FACE_OUTER_BOUND ( 'NONE', #8981, .T. ) ;
#9722 = CARTESIAN_POINT ( 'NONE',  ( -16.16186547300566900, 3.000000000000000000, 43.72784434172503865 ) ) ;
#9723 = CARTESIAN_POINT ( 'NONE',  ( -6.194332612344698674, 3.000000000000000000, 35.72073531388625156 ) ) ;
#9724 = EDGE_CURVE ( 'NONE', #2129, #2063, #1715, .T. ) ;
#9725 = LINE ( 'NONE', #12943, #33 ) ;
#9726 = EDGE_LOOP ( 'NONE', ( #6672, #11974, #12707, #10644 ) ) ;
#9727 = DIRECTION ( 'NONE',  ( 0.000000000000000000, -0.000000000000000000, 1.000000000000000000 ) ) ;
#9728 = ORIENTED_EDGE ( 'NONE', *, *, #7817, .F. ) ;
#9729 = ORIENTED_EDGE ( 'NONE', *, *, #7466, .T. ) ;
#9730 = CARTESIAN_POINT ( 'NONE',  ( -12.78320569519163463, 3.000000000000000000, -0.000000000000000000 ) ) ;
#9731 = ORIENTED_EDGE ( 'NONE', *, *, #6014, .T. ) ;
#9732 = CIRCLE ( 'NONE', #10850, 0.8889999998513629098 ) ;
#9733 = CARTESIAN_POINT ( 'NONE',  ( -51.61042191919162292, 5.000000000000000000, 26.73572212801479253 ) ) ;
#9734 = ADVANCED_FACE ( 'NONE', ( #4925 ), #4287, .T. ) ;
#9735 = CARTESIAN_POINT ( 'NONE',  ( 8.602210512808381893, 3.000000000000000000, 12.82337403201479908 ) ) ;
#9736 = VECTOR ( 'NONE', #7495, 1000.000000000000000 ) ;
#9737 = ORIENTED_EDGE ( 'NONE', *, *, #4011, .T. ) ;
#9738 = CARTESIAN_POINT ( 'NONE',  ( 49.70967820880836996, 3.000000000000000000, 19.92748072801478898 ) ) ;
#9739 = VERTEX_POINT ( 'NONE', #7594 ) ;
#9740 = VECTOR ( 'NONE', #12510, 1000.000000000000000 ) ;
#9741 = LINE ( 'NONE', #4693, #12251 ) ;
#9742 = PLANE ( 'NONE',  #11924 ) ;
#9743 = EDGE_CURVE ( 'NONE', #6106, #12647, #9761, .T. ) ;
#9744 = VECTOR ( 'NONE', #7097, 1000.000000000000000 ) ;
#9745 = EDGE_CURVE ( 'NONE', #4461, #3893, #289, .T. ) ;
#9746 = DIRECTION ( 'NONE',  ( 0.9982186956914593789, 0.000000000000000000, 0.05966100545617260970 ) ) ;
#9747 = VECTOR ( 'NONE', #5243, 1000.000000000000000 ) ;
#9748 = ORIENTED_EDGE ( 'NONE', *, *, #3023, .T. ) ;
#9749 = LINE ( 'NONE', #9609, #757 ) ;
#9750 = VERTEX_POINT ( 'NONE', #3233 ) ;
#9751 = PLANE ( 'NONE',  #7071 ) ;
#9752 = VERTEX_POINT ( 'NONE', #12759 ) ;
#9753 = PLANE ( 'NONE',  #11502 ) ;
#9754 = ORIENTED_EDGE ( 'NONE', *, *, #7309, .F. ) ;
#9755 = AXIS2_PLACEMENT_3D ( 'NONE', #9346, #12552, #7240 ) ;
#9756 = ORIENTED_EDGE ( 'NONE', *, *, #598, .T. ) ;
#9757 = VECTOR ( 'NONE', #12527, 1000.000000000000000 ) ;
#9758 = VECTOR ( 'NONE', #11407, 1000.000000000000000 ) ;
#9759 = DIRECTION ( 'NONE',  ( 0.02842615186345286149, -0.000000000000000000, 0.9995958952948116316 ) ) ;
#9760 = LINE ( 'NONE', #170, #6421 ) ;
#9761 = LINE ( 'NONE', #11648, #12801 ) ;
#9762 = ORIENTED_EDGE ( 'NONE', *, *, #6694, .F. ) ;
#9763 = EDGE_CURVE ( 'NONE', #6214, #13411, #7447, .T. ) ;
#9764 = DIRECTION ( 'NONE',  ( -0.8703411837965244757, 0.000000000000000000, 0.4924492093481970256 ) ) ;
#9765 = ORIENTED_EDGE ( 'NONE', *, *, #4422, .F. ) ;
#9766 = CARTESIAN_POINT ( 'NONE',  ( 5.464600256361820563, 5.000000000000000000, 13.32706657384082405 ) ) ;
#9767 = VECTOR ( 'NONE', #12651, 999.9999999999998863 ) ;
#9768 = ORIENTED_EDGE ( 'NONE', *, *, #12202, .T. ) ;
#9769 = CARTESIAN_POINT ( 'NONE',  ( -21.56172611119164273, 3.000000000000000000, 23.58128698401479184 ) ) ;
#9770 = ORIENTED_EDGE ( 'NONE', *, *, #2917, .T. ) ;
#9771 = AXIS2_PLACEMENT_3D ( 'NONE', #12675, #5246, #9532 ) ;
#9772 = LINE ( 'NONE', #10050, #1931 ) ;
#9773 = ORIENTED_EDGE ( 'NONE', *, *, #628, .T. ) ;
#9774 = DIRECTION ( 'NONE',  ( 0.000000000000000000, 0.000000000000000000, 1.000000000000000000 ) ) ;
#9775 = ORIENTED_EDGE ( 'NONE', *, *, #548, .T. ) ;
#9776 = DIRECTION ( 'NONE',  ( -0.04163830419599155730, 0.000000000000000000, 0.9991327497503433852 ) ) ;
#9777 = VECTOR ( 'NONE', #6176, 1000.000000000000000 ) ;
#9778 = VECTOR ( 'NONE', #11271, 999.9999999999998863 ) ;
#9779 = DIRECTION ( 'NONE',  ( 0.2048101421235911379, -0.000000000000000000, 0.9788017192891083074 ) ) ;
#9780 = VECTOR ( 'NONE', #10949, 1000.000000000000000 ) ;
#9781 = CARTESIAN_POINT ( 'NONE',  ( 0.000000000000000000, 5.000000000000000000, 21.45031537601479243 ) ) ;
#9782 = FACE_OUTER_BOUND ( 'NONE', #8881, .T. ) ;
#9783 = EDGE_CURVE ( 'NONE', #11672, #5317, #7381, .T. ) ;
#9784 = ADVANCED_FACE ( 'NONE', ( #4438 ), #1008, .T. ) ;
#9785 = LINE ( 'NONE', #7893, #12849 ) ;
#9786 = EDGE_LOOP ( 'NONE', ( #2073, #5264, #2113, #11415 ) ) ;
#9787 = ORIENTED_EDGE ( 'NONE', *, *, #9101, .F. ) ;
#9788 = ORIENTED_EDGE ( 'NONE', *, *, #5226, .T. ) ;
#9789 = VECTOR ( 'NONE', #12355, 1000.000000000000114 ) ;
#9790 = DIRECTION ( 'NONE',  ( 0.000000000000000000, -0.000000000000000000, 1.000000000000000000 ) ) ;
#9791 = LINE ( 'NONE', #197, #13827 ) ;
#9792 = FACE_OUTER_BOUND ( 'NONE', #4656, .T. ) ;
#9793 = DIRECTION ( 'NONE',  ( -0.9177268442936069581, 0.000000000000000000, 0.3972120834804721001 ) ) ;
#9794 = CARTESIAN_POINT ( 'NONE',  ( -8.721896958352740370, 5.000000000000000000, 0.5573866314207713835 ) ) ;
#9795 = FACE_OUTER_BOUND ( 'NONE', #7324, .T. ) ;
#9796 = EDGE_CURVE ( 'NONE', #5728, #9680, #2120, .T. ) ;
#9797 = VECTOR ( 'NONE', #9718, 1000.000000000000000 ) ;
#9798 = FACE_OUTER_BOUND ( 'NONE', #7374, .T. ) ;
#9799 = EDGE_CURVE ( 'NONE', #13588, #11095, #6528, .T. ) ;
#9800 = DIRECTION ( 'NONE',  ( -0.000000000000000000, -1.000000000000000000, -0.000000000000000000 ) ) ;
#9801 = LINE ( 'NONE', #7774, #9449 ) ;
#9802 = ORIENTED_EDGE ( 'NONE', *, *, #7631, .F. ) ;
#9803 = CARTESIAN_POINT ( 'NONE',  ( 18.83656952080835367, 5.000000000000000000, 21.84736919201479921 ) ) ;
#9804 = ORIENTED_EDGE ( 'NONE', *, *, #13444, .T. ) ;
#9805 = ORIENTED_EDGE ( 'NONE', *, *, #13180, .F. ) ;
#9806 = DIRECTION ( 'NONE',  ( 0.000000000000000000, 0.000000000000000000, 1.000000000000000000 ) ) ;
#9807 = VERTEX_POINT ( 'NONE', #9479 ) ;
#9808 = LINE ( 'NONE', #421, #354 ) ;
#9809 = DIRECTION ( 'NONE',  ( 0.2131134059951636517, 0.000000000000000000, -0.9770274695141075716 ) ) ;
#9810 = ORIENTED_EDGE ( 'NONE', *, *, #4299, .F. ) ;
#9811 = PLANE ( 'NONE',  #1049 ) ;
#9812 = ORIENTED_EDGE ( 'NONE', *, *, #3887, .T. ) ;
#9813 = EDGE_CURVE ( 'NONE', #12774, #5700, #11718, .T. ) ;
#9814 = ADVANCED_FACE ( 'NONE', ( #1210 ), #8714, .T. ) ;
#9815 = FACE_OUTER_BOUND ( 'NONE', #8916, .T. ) ;
#9816 = ADVANCED_FACE ( 'NONE', ( #10804 ), #12828, .T. ) ;
#9817 = CARTESIAN_POINT ( 'NONE',  ( 4.520389923644648533, 5.000000000000000000, 28.31530006049283799 ) ) ;
#9818 = CARTESIAN_POINT ( 'NONE',  ( 19.59674173680836518, 5.000000000000000000, 20.86278899201479575 ) ) ;
#9819 = ORIENTED_EDGE ( 'NONE', *, *, #1365, .F. ) ;
#9820 = DIRECTION ( 'NONE',  ( -0.000000000000000000, -1.000000000000000000, -0.000000000000000000 ) ) ;
#9821 = ORIENTED_EDGE ( 'NONE', *, *, #13613, .F. ) ;
#9822 = DIRECTION ( 'NONE',  ( -0.000000000000000000, -1.000000000000000000, -0.000000000000000000 ) ) ;
#9823 = ORIENTED_EDGE ( 'NONE', *, *, #10989, .F. ) ;
#9824 = FACE_OUTER_BOUND ( 'NONE', #11712, .T. ) ;
#9825 = DIRECTION ( 'NONE',  ( -0.000000000000000000, -1.000000000000000000, -0.000000000000000000 ) ) ;
#9826 = ORIENTED_EDGE ( 'NONE', *, *, #10501, .F. ) ;
#9827 = ORIENTED_EDGE ( 'NONE', *, *, #11253, .T. ) ;
#9828 = ADVANCED_FACE ( 'NONE', ( #5474 ), #1140, .F. ) ;
#9829 = LINE ( 'NONE', #3442, #8450 ) ;
#9830 = DIRECTION ( 'NONE',  ( 0.9999977879387440538, -0.000000000000000000, 0.002103358651976025302 ) ) ;
#9831 = CARTESIAN_POINT ( 'NONE',  ( -16.88538592937518956, 5.000000000000000000, 42.90409377008070635 ) ) ;
#9832 = DIRECTION ( 'NONE',  ( 0.3837788242531887106, 0.000000000000000000, 0.9234250451741278232 ) ) ;
#9833 = ORIENTED_EDGE ( 'NONE', *, *, #7868, .T. ) ;
#9834 = PLANE ( 'NONE',  #13237 ) ;
#9835 = ORIENTED_EDGE ( 'NONE', *, *, #4221, .F. ) ;
#9836 = LINE ( 'NONE', #2258, #12377 ) ;
#9837 = ORIENTED_EDGE ( 'NONE', *, *, #3499, .T. ) ;
#9838 = CARTESIAN_POINT ( 'NONE',  ( 40.65923148880836635, 5.000000000000000000, 20.27605610401480263 ) ) ;
#9839 = ORIENTED_EDGE ( 'NONE', *, *, #10629, .F. ) ;
#9840 = CARTESIAN_POINT ( 'NONE',  ( -5.691853492476596443, 3.000000000000000000, 13.74154813797134800 ) ) ;
#9841 = ORIENTED_EDGE ( 'NONE', *, *, #3290, .T. ) ;
#9842 = PLANE ( 'NONE',  #152 ) ;
#9843 = ORIENTED_EDGE ( 'NONE', *, *, #11140, .T. ) ;
#9844 = EDGE_CURVE ( 'NONE', #11605, #6976, #9685, .T. ) ;
#9845 = EDGE_CURVE ( 'NONE', #5831, #2023, #1078, .T. ) ;
#9846 = CARTESIAN_POINT ( 'NONE',  ( 81.99999999999998579, 3.000000000000000000, 50.99999999999999289 ) ) ;
#9847 = DIRECTION ( 'NONE',  ( 0.000000000000000000, 0.000000000000000000, -1.000000000000000000 ) ) ;
#9848 = LINE ( 'NONE', #5353, #4295 ) ;
#9849 = CARTESIAN_POINT ( 'NONE',  ( 2.886043527338129078, 5.000000000000000000, -1.960291832642146570 ) ) ;
#9850 = CARTESIAN_POINT ( 'NONE',  ( 27.15646956880837237, 5.000000000000000000, 20.91633625601479096 ) ) ;
#9851 = ORIENTED_EDGE ( 'NONE', *, *, #3466, .T. ) ;
#9852 = ORIENTED_EDGE ( 'NONE', *, *, #2876, .F. ) ;
#9853 = ORIENTED_EDGE ( 'NONE', *, *, #9743, .T. ) ;
#9854 = CARTESIAN_POINT ( 'NONE',  ( 5.175742859736382151, 5.000000000000000000, 2.136598183917767901 ) ) ;
#9855 = CARTESIAN_POINT ( 'NONE',  ( 9.818735174412854150, 3.000000000000000000, 22.14118325321707914 ) ) ;
#9856 = ADVANCED_FACE ( 'NONE', ( #7661 ), #8434, .T. ) ;
#9857 = CARTESIAN_POINT ( 'NONE',  ( 43.44528636880838235, 3.000000000000000000, 20.04613835201479333 ) ) ;
#9858 = EDGE_CURVE ( 'NONE', #274, #2537, #22, .T. ) ;
#9859 = CARTESIAN_POINT ( 'NONE',  ( 0.000000000000000000, 3.000000000000000000, 32.03596146401479672 ) ) ;
#9860 = LINE ( 'NONE', #4396, #1150 ) ;
#9861 = DIRECTION ( 'NONE',  ( 0.9960954332223639351, 0.000000000000000000, -0.08828299900632675945 ) ) ;
#9862 = DIRECTION ( 'NONE',  ( -1.000000000000000000, 0.000000000000000000, 0.000000000000000000 ) ) ;
#9863 = LINE ( 'NONE', #5584, #703 ) ;
#9864 = VERTEX_POINT ( 'NONE', #12906 ) ;
#9865 = DIRECTION ( 'NONE',  ( 0.5584504237620626643, 0.000000000000000000, 0.8295378979889783677 ) ) ;
#9866 = ORIENTED_EDGE ( 'NONE', *, *, #6652, .T. ) ;
#9867 = ORIENTED_EDGE ( 'NONE', *, *, #9390, .T. ) ;
#9868 = CARTESIAN_POINT ( 'NONE',  ( 43.19314564880837537, 3.000000000000000000, 21.32918277601479673 ) ) ;
#9869 = ORIENTED_EDGE ( 'NONE', *, *, #6559, .F. ) ;
#9870 = DIRECTION ( 'NONE',  ( 0.000000000000000000, 1.000000000000000000, -0.000000000000000000 ) ) ;
#9871 = DIRECTION ( 'NONE',  ( -0.9127901068464037149, 0.000000000000000000, -0.4084289667045309380 ) ) ;
#9872 = VERTEX_POINT ( 'NONE', #5618 ) ;
#9873 = EDGE_CURVE ( 'NONE', #12146, #13453, #9899, .T. ) ;
#9874 = CARTESIAN_POINT ( 'NONE',  ( 0.009803779775191534540, 5.000000000000000000, -24.29427446513288302 ) ) ;
#9875 = AXIS2_PLACEMENT_3D ( 'NONE', #1177, #5440, #7702 ) ;
#9876 = ORIENTED_EDGE ( 'NONE', *, *, #11043, .T. ) ;
#9877 = PLANE ( 'NONE',  #144 ) ;
#9878 = CARTESIAN_POINT ( 'NONE',  ( 0.000000000000000000, 5.000000000000000000, 32.04090532001479374 ) ) ;
#9879 = DIRECTION ( 'NONE',  ( -0.7808606759642450212, 0.000000000000000000, 0.6247052142672272490 ) ) ;
#9880 = DIRECTION ( 'NONE',  ( -0.000000000000000000, -1.000000000000000000, -0.000000000000000000 ) ) ;
#9881 = ORIENTED_EDGE ( 'NONE', *, *, #5090, .T. ) ;
#9882 = VECTOR ( 'NONE', #4319, 1000.000000000000000 ) ;
#9883 = FACE_OUTER_BOUND ( 'NONE', #11872, .T. ) ;
#9884 = VECTOR ( 'NONE', #6970, 1000.000000000000000 ) ;
#9885 = EDGE_CURVE ( 'NONE', #12803, #182, #510, .T. ) ;
#9886 = VERTEX_POINT ( 'NONE', #13122 ) ;
#9887 = DIRECTION ( 'NONE',  ( 0.9016265592538201812, 0.000000000000000000, -0.4325153727304008044 ) ) ;
#9888 = DIRECTION ( 'NONE',  ( -0.2115579632480349137, 0.000000000000000000, -0.9773654527280689619 ) ) ;
#9889 = DIRECTION ( 'NONE',  ( -0.000000000000000000, -1.000000000000000000, -0.000000000000000000 ) ) ;
#9890 = EDGE_LOOP ( 'NONE', ( #5320, #3259, #10031, #6345 ) ) ;
#9891 = EDGE_CURVE ( 'NONE', #6395, #1570, #1496, .T. ) ;
#9892 = EDGE_CURVE ( 'NONE', #1841, #8248, #1353, .T. ) ;
#9893 = ORIENTED_EDGE ( 'NONE', *, *, #7557, .T. ) ;
#9894 = VECTOR ( 'NONE', #11124, 1000.000000000000000 ) ;
#9895 = VECTOR ( 'NONE', #5323, 1000.000000000000000 ) ;
#9896 = DIRECTION ( 'NONE',  ( 0.000000000000000000, 1.000000000000000000, -0.000000000000000000 ) ) ;
#9897 = DIRECTION ( 'NONE',  ( 1.000000000000000000, -0.000000000000000000, 0.000000000000000000 ) ) ;
#9898 = DIRECTION ( 'NONE',  ( 0.9968242903681796552, 0.000000000000000000, -0.07963249419662236928 ) ) ;
#9899 = LINE ( 'NONE', #3655, #3634 ) ;
#9900 = CARTESIAN_POINT ( 'NONE',  ( 21.71439053680837361, 3.000000000000000000, 27.44786192801480240 ) ) ;
#9901 = VERTEX_POINT ( 'NONE', #12279 ) ;
#9902 = LINE ( 'NONE', #13051, #12599 ) ;
#9903 = ORIENTED_EDGE ( 'NONE', *, *, #952, .T. ) ;
#9904 = EDGE_CURVE ( 'NONE', #6037, #13571, #3403, .T. ) ;
#9905 = ORIENTED_EDGE ( 'NONE', *, *, #5060, .T. ) ;
#9906 = DIRECTION ( 'NONE',  ( -0.9852953065597072069, 0.000000000000000000, -0.1708600563953215912 ) ) ;
#9907 = VECTOR ( 'NONE', #12357, 1000.000000000000000 ) ;
#9908 = ORIENTED_EDGE ( 'NONE', *, *, #10406, .T. ) ;
#9909 = DIRECTION ( 'NONE',  ( -0.9238814843844341818, 0.000000000000000000, -0.3826787200924746668 ) ) ;
#9910 = ORIENTED_EDGE ( 'NONE', *, *, #12164, .F. ) ;
#9911 = CARTESIAN_POINT ( 'NONE',  ( -1.625197029826753958, 5.000000000000000000, 18.32057487489477765 ) ) ;
#9912 = ORIENTED_EDGE ( 'NONE', *, *, #17, .T. ) ;
#9913 = LINE ( 'NONE', #3672, #6072 ) ;
#9914 = AXIS2_PLACEMENT_3D ( 'NONE', #7156, #1700, #8276 ) ;
#9915 = CARTESIAN_POINT ( 'NONE',  ( 8.978918928808372613, 3.000000000000000000, -0.000000000000000000 ) ) ;
#9916 = PLANE ( 'NONE',  #11014 ) ;
#9917 = PLANE ( 'NONE',  #12871 ) ;
#9918 = EDGE_CURVE ( 'NONE', #10758, #2213, #13322, .T. ) ;
#9919 = EDGE_CURVE ( 'NONE', #5665, #13067, #9056, .T. ) ;
#9920 = FACE_OUTER_BOUND ( 'NONE', #6481, .T. ) ;
#9921 = VERTEX_POINT ( 'NONE', #5822 ) ;
#9922 = ORIENTED_EDGE ( 'NONE', *, *, #1079, .T. ) ;
#9923 = EDGE_LOOP ( 'NONE', ( #4930, #9467, #10451, #4068 ) ) ;
#9924 = VECTOR ( 'NONE', #733, 1000.000000000000227 ) ;
#9925 = CARTESIAN_POINT ( 'NONE',  ( 5.538858592943390668, 5.000000000000000000, -7.287992851975891639 ) ) ;
#9926 = DIRECTION ( 'NONE',  ( -0.9885839649156902276, 0.000000000000000000, 0.1506709803232634259 ) ) ;
#9927 = CARTESIAN_POINT ( 'NONE',  ( 13.69079854138398566, 5.000000000000000000, 11.25806931418571821 ) ) ;
#9928 = DIRECTION ( 'NONE',  ( -0.3544665224129461278, 0.000000000000000000, -0.9350687057582839357 ) ) ;
#9929 = CARTESIAN_POINT ( 'NONE',  ( -11.63984603119163097, 5.000000000000000000, 25.02253988001480067 ) ) ;
#9930 = DIRECTION ( 'NONE',  ( 0.000000000000000000, 0.000000000000000000, -1.000000000000000000 ) ) ;
#9931 = VECTOR ( 'NONE', #11483, 1000.000000000000114 ) ;
#9932 = DIRECTION ( 'NONE',  ( 0.3837908252570858547, -0.000000000000000000, 0.9234200574215859492 ) ) ;
#9933 = VERTEX_POINT ( 'NONE', #3588 ) ;
#9934 = EDGE_CURVE ( 'NONE', #11095, #8857, #3732, .T. ) ;
#9935 = PLANE ( 'NONE',  #1223 ) ;
#9936 = ORIENTED_EDGE ( 'NONE', *, *, #12888, .T. ) ;
#9937 = VERTEX_POINT ( 'NONE', #6602 ) ;
#9938 = LINE ( 'NONE', #13014, #11774 ) ;
#9939 = ORIENTED_EDGE ( 'NONE', *, *, #6087, .T. ) ;
#9940 = ORIENTED_EDGE ( 'NONE', *, *, #13077, .F. ) ;
#9941 = DIRECTION ( 'NONE',  ( -0.000000000000000000, -1.000000000000000000, -0.000000000000000000 ) ) ;
#9942 = CARTESIAN_POINT ( 'NONE',  ( 17.44991907322574676, 3.000000000000000000, -8.375899479325431329 ) ) ;
#9943 = ORIENTED_EDGE ( 'NONE', *, *, #2915, .T. ) ;
#9944 = VECTOR ( 'NONE', #2650, 1000.000000000000114 ) ;
#9945 = DIRECTION ( 'NONE',  ( -0.000000000000000000, -1.000000000000000000, -0.000000000000000000 ) ) ;
#9946 = ADVANCED_BREP_SHAPE_REPRESENTATION ( 'housing_cover', ( #9516, #13040 ), #2965 ) ;
#9947 = ORIENTED_EDGE ( 'NONE', *, *, #9745, .F. ) ;
#9948 = LINE ( 'NONE', #13368, #2116 ) ;
#9949 = CARTESIAN_POINT ( 'NONE',  ( -77.00000000000001421, 3.000000000000000000, 25.54999999999998650 ) ) ;
#9950 = DIRECTION ( 'NONE',  ( 1.000000000000000000, -0.000000000000000000, 0.000000000000000000 ) ) ;
#9951 = LINE ( 'NONE', #7382, #7683 ) ;
#9952 = DIRECTION ( 'NONE',  ( 0.4528806816413769032, 0.000000000000000000, 0.8915711346808182780 ) ) ;
#9953 = ORIENTED_EDGE ( 'NONE', *, *, #13841, .F. ) ;
#9954 = ADVANCED_FACE ( 'NONE', ( #7873 ), #3523, .T. ) ;
#9955 = VECTOR ( 'NONE', #12648, 1000.000000000000114 ) ;
#9956 = CARTESIAN_POINT ( 'NONE',  ( 18.14062780880836812, 3.000000000000000000, 21.45773217601479388 ) ) ;
#9957 = EDGE_CURVE ( 'NONE', #2262, #10146, #447, .T. ) ;
#9958 = ORIENTED_EDGE ( 'NONE', *, *, #7230, .F. ) ;
#9959 = EDGE_LOOP ( 'NONE', ( #3510, #11653, #4389, #9502 ) ) ;
#9960 = AXIS2_PLACEMENT_3D ( 'NONE', #5091, #8389, #4035 ) ;
#9961 = LINE ( 'NONE', #4639, #5729 ) ;
#9962 = PLANE ( 'NONE',  #8382 ) ;
#9963 = CARTESIAN_POINT ( 'NONE',  ( 24.87679010480837860, 5.000000000000000000, -6.771824775985201939 ) ) ;
#9964 = ORIENTED_EDGE ( 'NONE', *, *, #5613, .T. ) ;
#9965 = ORIENTED_EDGE ( 'NONE', *, *, #5532, .F. ) ;
#9966 = VECTOR ( 'NONE', #4940, 1000.000000000000114 ) ;
#9967 = EDGE_CURVE ( 'NONE', #5000, #12901, #2475, .T. ) ;
#9968 = LINE ( 'NONE', #7937, #3526 ) ;
#9969 = VECTOR ( 'NONE', #5224, 1000.000000000000000 ) ;
#9970 = CARTESIAN_POINT ( 'NONE',  ( 3.797830992808379325, 3.000000000000000000, -7.595339511985210734 ) ) ;
#9971 = LINE ( 'NONE', #4574, #9780 ) ;
#9972 = DIRECTION ( 'NONE',  ( 1.000000000000000000, -0.000000000000000000, 0.000000000000000000 ) ) ;
#9973 = CARTESIAN_POINT ( 'NONE',  ( -25.89978490060553540, 3.000000000000000000, -9.885411861598964123 ) ) ;
#9974 = ORIENTED_EDGE ( 'NONE', *, *, #9372, .T. ) ;
#9975 = EDGE_CURVE ( 'NONE', #2712, #10290, #6677, .T. ) ;
#9976 = CARTESIAN_POINT ( 'NONE',  ( -6.194332612344698674, 5.000000000000000000, 35.72073531388625156 ) ) ;
#9977 = EDGE_CURVE ( 'NONE', #165, #7944, #1288, .T. ) ;
#9978 = ORIENTED_EDGE ( 'NONE', *, *, #10267, .F. ) ;
#9979 = CARTESIAN_POINT ( 'NONE',  ( -28.90641449519162975, 5.000000000000000000, 0.000000000000000000 ) ) ;
#9980 = VECTOR ( 'NONE', #3326, 999.9999999999998863 ) ;
#9981 = ORIENTED_EDGE ( 'NONE', *, *, #6477, .T. ) ;
#9982 = LINE ( 'NONE', #4446, #13555 ) ;
#9983 = VECTOR ( 'NONE', #2747, 1000.000000000000000 ) ;
#9984 = ORIENTED_EDGE ( 'NONE', *, *, #10353, .T. ) ;
#9985 = VECTOR ( 'NONE', #3775, 1000.000000000000000 ) ;
#9986 = LINE ( 'NONE', #13200, #13341 ) ;
#9987 = ORIENTED_EDGE ( 'NONE', *, *, #3766, .F. ) ;
#9988 = EDGE_CURVE ( 'NONE', #6529, #228, #5551, .T. ) ;
#9989 = LINE ( 'NONE', #4592, #5842 ) ;
#9990 = DIRECTION ( 'NONE',  ( -1.000000000000000000, 0.000000000000000000, 0.000000000000000000 ) ) ;
#9991 = LINE ( 'NONE', #3603, #1839 ) ;
#9992 = VECTOR ( 'NONE', #10292, 1000.000000000000000 ) ;
#9993 = DIRECTION ( 'NONE',  ( 0.3929344914093342300, 0.000000000000000000, -0.9195664660376039468 ) ) ;
#9994 = AXIS2_PLACEMENT_3D ( 'NONE', #1510, #8998, #3924 ) ;
#9995 = EDGE_CURVE ( 'NONE', #3315, #2887, #2612, .T. ) ;
#9996 = CARTESIAN_POINT ( 'NONE',  ( -20.07350658319162306, 3.000000000000000000, 21.91507340001479065 ) ) ;
#9997 = ORIENTED_EDGE ( 'NONE', *, *, #8287, .T. ) ;
#9998 = ORIENTED_EDGE ( 'NONE', *, *, #4729, .F. ) ;
#9999 = ORIENTED_EDGE ( 'NONE', *, *, #702, .F. ) ;
#10000 = CARTESIAN_POINT ( 'NONE',  ( -1.711773009259218492, 5.000000000000000000, 14.83589374024591301 ) ) ;
#10001 = AXIS2_PLACEMENT_3D ( 'NONE', #5524, #2301, #11835 ) ;
#10002 = VECTOR ( 'NONE', #7575, 1000.000000000000000 ) ;
#10003 = EDGE_CURVE ( 'NONE', #10849, #2485, #11163, .T. ) ;
#10004 = EDGE_CURVE ( 'NONE', #1032, #6957, #4710, .T. ) ;
#10005 = PLANE ( 'NONE',  #6890 ) ;
#10006 = DIRECTION ( 'NONE',  ( 0.08968301770378568627, -0.000000000000000000, 0.9959703591651423160 ) ) ;
#10007 = DIRECTION ( 'NONE',  ( 0.000000000000000000, 0.000000000000000000, -1.000000000000000000 ) ) ;
#10008 = ORIENTED_EDGE ( 'NONE', *, *, #3887, .F. ) ;
#10009 = CARTESIAN_POINT ( 'NONE',  ( -34.76964751677159882, 5.000000000000000000, 10.44651361097268172 ) ) ;
#10010 = VECTOR ( 'NONE', #2014, 1000.000000000000000 ) ;
#10011 = VECTOR ( 'NONE', #8076, 999.9999999999998863 ) ;
#10012 = VERTEX_POINT ( 'NONE', #7739 ) ;
#10013 = VERTEX_POINT ( 'NONE', #4651 ) ;
#10014 = CARTESIAN_POINT ( 'NONE',  ( 48.66643924880836636, 3.000000000000000000, 20.02636800801478856 ) ) ;
#10015 = VERTEX_POINT ( 'NONE', #8986 ) ;
#10016 = PLANE ( 'NONE',  #11981 ) ;
#10017 = DIRECTION ( 'NONE',  ( 0.9802222406570885171, 0.000000000000000000, -0.1978998709479038720 ) ) ;
#10018 = ORIENTED_EDGE ( 'NONE', *, *, #5662, .T. ) ;
#10019 = CARTESIAN_POINT ( 'NONE',  ( -3.638808439191620892, 5.000000000000000000, 32.03596146401479672 ) ) ;
#10020 = EDGE_CURVE ( 'NONE', #3154, #6729, #13251, .T. ) ;
#10021 = EDGE_CURVE ( 'NONE', #2381, #9531, #6095, .T. ) ;
#10022 = VECTOR ( 'NONE', #12440, 1000.000000000000000 ) ;
#10023 = DIRECTION ( 'NONE',  ( -0.000000000000000000, -1.000000000000000000, -0.000000000000000000 ) ) ;
#10024 = LINE ( 'NONE', #429, #10873 ) ;
#10025 = PLANE ( 'NONE',  #13266 ) ;
#10026 = DIRECTION ( 'NONE',  ( 0.9911500964870425534, 0.000000000000000000, -0.1327459462044933147 ) ) ;
#10027 = ORIENTED_EDGE ( 'NONE', *, *, #3290, .F. ) ;
#10028 = DIRECTION ( 'NONE',  ( 0.5957077070093449445, 0.000000000000000000, -0.8032012996812619710 ) ) ;
#10029 = ORIENTED_EDGE ( 'NONE', *, *, #10170, .F. ) ;
#10030 = CARTESIAN_POINT ( 'NONE',  ( -1.179068263067517330, 5.000000000000000000, -5.927784149633032129 ) ) ;
#10031 = ORIENTED_EDGE ( 'NONE', *, *, #4312, .T. ) ;
#10032 = CARTESIAN_POINT ( 'NONE',  ( 44.32785508880837000, 5.000000000000000000, 22.88167751201479305 ) ) ;
#10033 = VECTOR ( 'NONE', #13267, 1000.000000000000000 ) ;
#10034 = CARTESIAN_POINT ( 'NONE',  ( -11.87593598319162957, 3.000000000000000000, 32.34003400801480410 ) ) ;
#10035 = CARTESIAN_POINT ( 'NONE',  ( -11.13019366857498404, 3.000000000000000000, -20.73994799644593812 ) ) ;
#10036 = ORIENTED_EDGE ( 'NONE', *, *, #67, .F. ) ;
#10037 = EDGE_LOOP ( 'NONE', ( #3993, #7103, #4906, #7536 ) ) ;
#10038 = EDGE_CURVE ( 'NONE', #1614, #4788, #650, .T. ) ;
#10039 = DIRECTION ( 'NONE',  ( 1.000000000000000000, -0.000000000000000000, 0.000000000000000000 ) ) ;
#10040 = EDGE_CURVE ( 'NONE', #3800, #1114, #712, .T. ) ;
#10041 = LINE ( 'NONE', #3653, #12548 ) ;
#10042 = CARTESIAN_POINT ( 'NONE',  ( 32.60998164880837180, 3.000000000000000000, 24.32787121601479896 ) ) ;
#10043 = DIRECTION ( 'NONE',  ( -0.9606829169602377760, 0.000000000000000000, 0.2776478580158124876 ) ) ;
#10044 = LINE ( 'NONE', #4711, #2059 ) ;
#10045 = EDGE_LOOP ( 'NONE', ( #9737, #7162, #5875, #11212 ) ) ;
#10046 = LINE ( 'NONE', #2478, #2545 ) ;
#10047 = ORIENTED_EDGE ( 'NONE', *, *, #6616, .T. ) ;
#10048 = LINE ( 'NONE', #12144, #3918 ) ;
#10049 = VERTEX_POINT ( 'NONE', #9393 ) ;
#10050 = CARTESIAN_POINT ( 'NONE',  ( 20.36305668880836350, 5.000000000000000000, 21.56897808001479788 ) ) ;
#10051 = VERTEX_POINT ( 'NONE', #11425 ) ;
#10052 = ORIENTED_EDGE ( 'NONE', *, *, #6808, .F. ) ;
#10053 = PLANE ( 'NONE',  #1268 ) ;
#10054 = ORIENTED_EDGE ( 'NONE', *, *, #11254, .F. ) ;
#10055 = EDGE_CURVE ( 'NONE', #9351, #3425, #9126, .T. ) ;
#10056 = FACE_OUTER_BOUND ( 'NONE', #4546, .T. ) ;
#10057 = CARTESIAN_POINT ( 'NONE',  ( 14.82303220880837280, 3.000000000000000000, 30.80978662401478374 ) ) ;
#10058 = CARTESIAN_POINT ( 'NONE',  ( -84.00000000000001421, 3.000000000000000000, 50.99999999999999289 ) ) ;
#10059 = CARTESIAN_POINT ( 'NONE',  ( -28.90641449519162975, 5.000000000000000000, 20.23155835201480102 ) ) ;
#10060 = CARTESIAN_POINT ( 'NONE',  ( -53.42173749467491461, 3.000000000000000000, 9.690893238624269657 ) ) ;
#10061 = LINE ( 'NONE', #1582, #6597 ) ;
#10062 = ORIENTED_EDGE ( 'NONE', *, *, #8092, .F. ) ;
#10063 = ORIENTED_EDGE ( 'NONE', *, *, #2715, .T. ) ;
#10064 = EDGE_CURVE ( 'NONE', #11720, #12290, #13644, .T. ) ;
#10065 = ORIENTED_EDGE ( 'NONE', *, *, #7327, .F. ) ;
#10066 = CARTESIAN_POINT ( 'NONE',  ( 7.865941728808377498, 5.000000000000000000, 13.56901135201479747 ) ) ;
#10067 = ADVANCED_FACE ( 'NONE', ( #7018 ), #13386, .T. ) ;
#10068 = ADVANCED_FACE ( 'NONE', ( #7220 ), #11365, .T. ) ;
#10069 = CARTESIAN_POINT ( 'NONE',  ( -5.714495958659363772, 3.000000000000000000, 3.922222939107000705 ) ) ;
#10070 = CARTESIAN_POINT ( 'NONE',  ( 38.47138724880836946, 5.000000000000000000, 32.03596146401479672 ) ) ;
#10071 = DIRECTION ( 'NONE',  ( -0.6340792739854782534, 0.000000000000000000, 0.7732680481579777831 ) ) ;
#10072 = LINE ( 'NONE', #4744, #5229 ) ;
#10073 = VERTEX_POINT ( 'NONE', #3859 ) ;
#10074 = EDGE_CURVE ( 'NONE', #10488, #5675, #10373, .T. ) ;
#10075 = LINE ( 'NONE', #11265, #386 ) ;
#10076 = EDGE_LOOP ( 'NONE', ( #2769, #11437, #4356, #8751 ) ) ;
#10077 = PLANE ( 'NONE',  #12635 ) ;
#10078 = CARTESIAN_POINT ( 'NONE',  ( 27.27220612180396486, 5.000000000000000000, 11.16424299461698055 ) ) ;
#10079 = ORIENTED_EDGE ( 'NONE', *, *, #13247, .F. ) ;
#10080 = CYLINDRICAL_SURFACE ( 'NONE', #163, 0.8889999998513629098 ) ;
#10081 = DIRECTION ( 'NONE',  ( 0.6729451173849515522, 0.000000000000000000, -0.7396924151211461407 ) ) ;
#10082 = CARTESIAN_POINT ( 'NONE',  ( -25.50983445252338200, 5.000000000000000000, 17.17339002189970643 ) ) ;
#10083 = LINE ( 'NONE', #13170, #9688 ) ;
#10084 = PLANE ( 'NONE',  #10800 ) ;
#10085 = CARTESIAN_POINT ( 'NONE',  ( 8.634483653915644652, 5.000000000000000000, -4.385954962759712750 ) ) ;
#10086 = ORIENTED_EDGE ( 'NONE', *, *, #4209, .F. ) ;
#10087 = FACE_OUTER_BOUND ( 'NONE', #7814, .T. ) ;
#10088 = VERTEX_POINT ( 'NONE', #5961 ) ;
#10089 = ORIENTED_EDGE ( 'NONE', *, *, #13330, .F. ) ;
#10090 = EDGE_CURVE ( 'NONE', #2537, #11818, #5112, .T. ) ;
#10091 = FACE_OUTER_BOUND ( 'NONE', #6384, .T. ) ;
#10092 = ORIENTED_EDGE ( 'NONE', *, *, #13049, .F. ) ;
#10093 = EDGE_CURVE ( 'NONE', #10400, #12192, #3793, .T. ) ;
#10094 = VECTOR ( 'NONE', #11622, 1000.000000000000000 ) ;
#10095 = CARTESIAN_POINT ( 'NONE',  ( 27.19210037549588677, 5.000000000000000000, 32.62060386742049189 ) ) ;
#10096 = CARTESIAN_POINT ( 'NONE',  ( 8.764944312970003537, 5.000000000000000000, -1.173899725559989005 ) ) ;
#10097 = EDGE_LOOP ( 'NONE', ( #1253, #11625, #2901, #13326 ) ) ;
#10098 = ORIENTED_EDGE ( 'NONE', *, *, #11295, .T. ) ;
#10099 = CARTESIAN_POINT ( 'NONE',  ( -51.40735237026694193, 5.000000000000000000, 2.207400129196634087 ) ) ;
#10100 = FACE_OUTER_BOUND ( 'NONE', #8487, .T. ) ;
#10101 = VECTOR ( 'NONE', #6280, 999.9999999999998863 ) ;
#10102 = FACE_OUTER_BOUND ( 'NONE', #11127, .T. ) ;
#10103 = VECTOR ( 'NONE', #12832, 1000.000000000000000 ) ;
#10104 = DIRECTION ( 'NONE',  ( 0.9773654527280690729, -0.000000000000000000, 0.2115579632480343586 ) ) ;
#10105 = CARTESIAN_POINT ( 'NONE',  ( 9.299820242509255763, 5.000000000000000000, -0.6657047209078869043 ) ) ;
#10106 = VERTEX_POINT ( 'NONE', #2742 ) ;
#10107 = DIRECTION ( 'NONE',  ( 0.8717537324814302879, 0.000000000000000000, -0.4899443130649595579 ) ) ;
#10108 = VERTEX_POINT ( 'NONE', #11495 ) ;
#10109 = CARTESIAN_POINT ( 'NONE',  ( -25.36288424684654785, 3.000000000000000000, -0.05334736002729935367 ) ) ;
#10110 = EDGE_CURVE ( 'NONE', #13291, #4066, #6169, .T. ) ;
#10111 = ORIENTED_EDGE ( 'NONE', *, *, #10074, .F. ) ;
#10112 = DIRECTION ( 'NONE',  ( 0.000000000000000000, 0.000000000000000000, -1.000000000000000000 ) ) ;
#10113 = EDGE_LOOP ( 'NONE', ( #2169, #12096, #4425, #5811 ) ) ;
#10114 = ADVANCED_FACE ( 'NONE', ( #2812 ), #780, .T. ) ;
#10115 = ORIENTED_EDGE ( 'NONE', *, *, #7843, .T. ) ;
#10116 = VECTOR ( 'NONE', #4175, 1000.000000000000114 ) ;
#10117 = AXIS2_PLACEMENT_3D ( 'NONE', #669, #3876, #8164 ) ;
#10118 = EDGE_LOOP ( 'NONE', ( #892, #7570, #261, #10624, #8430, #11907, #149, #3258, #10027, #7831, #10990, #11481, #3567, #6189, #1080, #5715, #8990, #12240, #8406, #13053, #7548, #6044, #724, #6502, #10065, #9810, #11762, #862, #4959, #13034, #3847, #7875, #10854, #4443, #721, #10805, #2395, #4528, #12976 ) ) ;
#10119 = CARTESIAN_POINT ( 'NONE',  ( -5.932947615191626056, 5.000000000000000000, 0.000000000000000000 ) ) ;
#10120 = CARTESIAN_POINT ( 'NONE',  ( -11.59533303919163316, 5.000000000000000000, -6.780118383985204389 ) ) ;
#10121 = CARTESIAN_POINT ( 'NONE',  ( -26.47384125519162978, 5.000000000000000000, 32.20406577601480080 ) ) ;
#10122 = CARTESIAN_POINT ( 'NONE',  ( 37.23533180880836824, 5.000000000000000000, 32.03596146401479672 ) ) ;
#10123 = DIRECTION ( 'NONE',  ( 0.8609913184333675140, 0.000000000000000000, 0.5086196511956371236 ) ) ;
#10124 = VECTOR ( 'NONE', #6251, 1000.000000000000114 ) ;
#10125 = FACE_OUTER_BOUND ( 'NONE', #5016, .T. ) ;
#10126 = AXIS2_PLACEMENT_3D ( 'NONE', #2389, #6794, #10028 ) ;
#10127 = EDGE_CURVE ( 'NONE', #1956, #6331, #6027, .T. ) ;
#10128 = DIRECTION ( 'NONE',  ( -0.000000000000000000, -1.000000000000000000, -0.000000000000000000 ) ) ;
#10129 = EDGE_LOOP ( 'NONE', ( #7635, #7786, #11552, #7323 ) ) ;
#10130 = EDGE_CURVE ( 'NONE', #4661, #11148, #9185, .T. ) ;
#10131 = ORIENTED_EDGE ( 'NONE', *, *, #7780, .F. ) ;
#10132 = VERTEX_POINT ( 'NONE', #8145 ) ;
#10133 = FACE_OUTER_BOUND ( 'NONE', #1776, .T. ) ;
#10134 = VECTOR ( 'NONE', #3909, 1000.000000000000000 ) ;
#10135 = AXIS2_PLACEMENT_3D ( 'NONE', #2593, #11143, #11208 ) ;
#10136 = DIRECTION ( 'NONE',  ( -0.000000000000000000, -1.000000000000000000, -0.000000000000000000 ) ) ;
#10137 = DIRECTION ( 'NONE',  ( -0.8577573345826228213, 0.000000000000000000, -0.5140548170863826760 ) ) ;
#10138 = ADVANCED_FACE ( 'NONE', ( #10243 ), #12409, .T. ) ;
#10139 = DIRECTION ( 'NONE',  ( -0.9141451399298767821, 0.000000000000000000, 0.4053870534965144379 ) ) ;
#10140 = EDGE_CURVE ( 'NONE', #7251, #3747, #4975, .T. ) ;
#10141 = VECTOR ( 'NONE', #3100, 1000.000000000000000 ) ;
#10142 = DIRECTION ( 'NONE',  ( -0.000000000000000000, -1.000000000000000000, -0.000000000000000000 ) ) ;
#10143 = EDGE_CURVE ( 'NONE', #9112, #10144, #10586, .T. ) ;
#10144 = VERTEX_POINT ( 'NONE', #1195 ) ;
#10145 = LINE ( 'NONE', #482, #603 ) ;
#10146 = VERTEX_POINT ( 'NONE', #7579 ) ;
#10147 = CARTESIAN_POINT ( 'NONE',  ( -27.67035092719162037, 5.000000000000000000, 0.000000000000000000 ) ) ;
#10148 = DIRECTION ( 'NONE',  ( -0.9987300578365099213, 0.000000000000000000, -0.05038126213069146764 ) ) ;
#10149 = CARTESIAN_POINT ( 'NONE',  ( -8.385291199191623690, 3.000000000000000000, 20.23155835201479391 ) ) ;
#10150 = VECTOR ( 'NONE', #4764, 1000.000000000000000 ) ;
#10151 = EDGE_CURVE ( 'NONE', #8918, #2428, #7294, .T. ) ;
#10152 = DIRECTION ( 'NONE',  ( -0.1087336054244275735, 0.000000000000000000, -0.9940709245579033571 ) ) ;
#10153 = LINE ( 'NONE', #5805, #11543 ) ;
#10154 = CARTESIAN_POINT ( 'NONE',  ( -0.5599346932840427726, 3.000000000000000000, 0.2387240339686287627 ) ) ;
#10155 = FACE_OUTER_BOUND ( 'NONE', #1721, .T. ) ;
#10156 = DIRECTION ( 'NONE',  ( -0.7980651437868616638, 0.000000000000000000, -0.6025711794240211638 ) ) ;
#10157 = VERTEX_POINT ( 'NONE', #3293 ) ;
#10158 = CARTESIAN_POINT ( 'NONE',  ( 20.99706913680837062, 5.000000000000000000, 22.48740448801479630 ) ) ;
#10159 = ADVANCED_FACE ( 'NONE', ( #8 ), #9742, .T. ) ;
#10160 = ORIENTED_EDGE ( 'NONE', *, *, #13010, .T. ) ;
#10161 = VERTEX_POINT ( 'NONE', #7433 ) ;
#10162 = CARTESIAN_POINT ( 'NONE',  ( -11.10215647919162052, 5.000000000000000000, 13.18104870401479367 ) ) ;
#10163 = AXIS2_PLACEMENT_3D ( 'NONE', #9111, #1752, #13374 ) ;
#10164 = CARTESIAN_POINT ( 'NONE',  ( -25.99672155919160943, 3.000000000000000000, 30.98283580801480142 ) ) ;
#10165 = FACE_OUTER_BOUND ( 'NONE', #6403, .T. ) ;
#10166 = AXIS2_PLACEMENT_3D ( 'NONE', #3422, #6716, #11979 ) ;
#10167 = ORIENTED_EDGE ( 'NONE', *, *, #6288, .T. ) ;
#10168 = ORIENTED_EDGE ( 'NONE', *, *, #6547, .T. ) ;
#10169 = FACE_OUTER_BOUND ( 'NONE', #3869, .T. ) ;
#10170 = EDGE_CURVE ( 'NONE', #3939, #1834, #4423, .T. ) ;
#10171 = LINE ( 'NONE', #12277, #5387 ) ;
#10172 = EDGE_CURVE ( 'NONE', #13602, #387, #12682, .T. ) ;
#10173 = VECTOR ( 'NONE', #4692, 1000.000000000000114 ) ;
#10174 = LINE ( 'NONE', #11494, #3963 ) ;
#10175 = DIRECTION ( 'NONE',  ( 0.1506709803232634537, -0.000000000000000000, 0.9885839649156903386 ) ) ;
#10176 = CIRCLE ( 'NONE', #9270, 0.8889999996698205731 ) ;
#10177 = CARTESIAN_POINT ( 'NONE',  ( 1.854093896789336782, 5.000000000000000000, 29.36637410273116444 ) ) ;
#10178 = ORIENTED_EDGE ( 'NONE', *, *, #8611, .T. ) ;
#10179 = DIRECTION ( 'NONE',  ( -0.8197661626384742384, 0.000000000000000000, -0.5726983836130418171 ) ) ;
#10180 = ORIENTED_EDGE ( 'NONE', *, *, #8465, .F. ) ;
#10181 = PLANE ( 'NONE',  #8865 ) ;
#10182 = ORIENTED_EDGE ( 'NONE', *, *, #7590, .T. ) ;
#10183 = CARTESIAN_POINT ( 'NONE',  ( 0.000000000000000000, 5.000000000000000000, 32.03596146401479672 ) ) ;
#10184 = ORIENTED_EDGE ( 'NONE', *, *, #11615, .T. ) ;
#10185 = ORIENTED_EDGE ( 'NONE', *, *, #6932, .F. ) ;
#10186 = AXIS2_PLACEMENT_3D ( 'NONE', #1385, #10007, #12040 ) ;
#10187 = VERTEX_POINT ( 'NONE', #6510 ) ;
#10188 = VECTOR ( 'NONE', #6993, 1000.000000000000000 ) ;
#10189 = LINE ( 'NONE', #9342, #10678 ) ;
#10190 = EDGE_CURVE ( 'NONE', #10108, #13291, #3081, .T. ) ;
#10191 = CARTESIAN_POINT ( 'NONE',  ( 0.000000000000000000, 3.000000000000000000, 12.62482528001480020 ) ) ;
#10192 = DIRECTION ( 'NONE',  ( 0.9960884411663328830, 0.000000000000000000, 0.08836185474979989241 ) ) ;
#10193 = LINE ( 'NONE', #604, #800 ) ;
#10195 = LINE ( 'NONE', #1918, #3834 ) ;
#10194 = VECTOR ( 'NONE', #2141, 1000.000000000000000 ) ;
#10196 = FACE_OUTER_BOUND ( 'NONE', #740, .T. ) ;
#10197 = VECTOR ( 'NONE', #5407, 1000.000000000000114 ) ;
#10198 = DIRECTION ( 'NONE',  ( -0.3750170057496874376, 0.000000000000000000, -0.9270179315409917686 ) ) ;
#10199 = ORIENTED_EDGE ( 'NONE', *, *, #6836, .T. ) ;
#10200 = ORIENTED_EDGE ( 'NONE', *, *, #8402, .T. ) ;
#10201 = ORIENTED_EDGE ( 'NONE', *, *, #6526, .T. ) ;
#10202 = DIRECTION ( 'NONE',  ( -0.9252449272632036203, 0.000000000000000000, -0.3793703000680322401 ) ) ;
#10203 = VECTOR ( 'NONE', #9822, 1000.000000000000000 ) ;
#10204 = EDGE_CURVE ( 'NONE', #8248, #9152, #8625, .T. ) ;
#10205 = VECTOR ( 'NONE', #4484, 999.9999999999998863 ) ;
#10206 = CARTESIAN_POINT ( 'NONE',  ( -2.277850786730551302, 5.000000000000000000, 13.85165343149621364 ) ) ;
#10207 = EDGE_CURVE ( 'NONE', #8336, #407, #6778, .T. ) ;
#10208 = CARTESIAN_POINT ( 'NONE',  ( -33.29443721519162835, 5.000000000000000000, 32.03596146401479672 ) ) ;
#10209 = CARTESIAN_POINT ( 'NONE',  ( -13.81902277519164102, 3.000000000000000000, 25.86800732801478730 ) ) ;
#10210 = CARTESIAN_POINT ( 'NONE',  ( 2.962060422063804488, 5.000000000000000000, 14.56622206771580252 ) ) ;
#10211 = VERTEX_POINT ( 'NONE', #1126 ) ;
#10212 = AXIS2_PLACEMENT_3D ( 'NONE', #8052, #6990, #12174 ) ;
#10213 = CARTESIAN_POINT ( 'NONE',  ( 0.000000000000000000, 3.000000000000000000, 32.03596146401479672 ) ) ;
#10214 = EDGE_LOOP ( 'NONE', ( #8767, #4634, #1761, #8039 ) ) ;
#10215 = VECTOR ( 'NONE', #6405, 1000.000000000000000 ) ;
#10216 = CARTESIAN_POINT ( 'NONE',  ( -28.90641449519162975, 5.000000000000000000, 28.66892527201479268 ) ) ;
#10217 = FACE_OUTER_BOUND ( 'NONE', #4365, .T. ) ;
#10218 = CARTESIAN_POINT ( 'NONE',  ( 46.51162313680837457, 5.000000000000000000, 22.52847019201478673 ) ) ;
#10219 = EDGE_CURVE ( 'NONE', #7946, #7909, #1062, .T. ) ;
#10220 = DIRECTION ( 'NONE',  ( 0.1745256299051917148, 0.000000000000000000, -0.9846526313914952810 ) ) ;
#10221 = AXIS2_PLACEMENT_3D ( 'NONE', #8694, #13166, #6506 ) ;
#10222 = CARTESIAN_POINT ( 'NONE',  ( -40.77382891119162878, 5.000000000000000000, 29.08459220801479006 ) ) ;
#10223 = VECTOR ( 'NONE', #6302, 1000.000000000000114 ) ;
#10224 = CARTESIAN_POINT ( 'NONE',  ( -82.00000000000001421, 0.000000000000000000, 52.99999999999999289 ) ) ;
#10225 = CARTESIAN_POINT ( 'NONE',  ( 9.777854930785519372, 5.000000000000000000, 23.06823814583290755 ) ) ;
#10226 = CARTESIAN_POINT ( 'NONE',  ( 4.769015857599291586, 3.000000000000000000, 12.19788626487684624 ) ) ;
#10227 = ORIENTED_EDGE ( 'NONE', *, *, #1233, .F. ) ;
#10228 = DIRECTION ( 'NONE',  ( -0.000000000000000000, -1.000000000000000000, -0.000000000000000000 ) ) ;
#10229 = ORIENTED_EDGE ( 'NONE', *, *, #5708, .T. ) ;
#10230 = VERTEX_POINT ( 'NONE', #9669 ) ;
#10231 = CARTESIAN_POINT ( 'NONE',  ( 3.713297760808378811, 3.000000000000000000, -6.870368647985201527 ) ) ;
#10232 = CARTESIAN_POINT ( 'NONE',  ( 2.043291180114500616, 5.000000000000000000, 25.05685108096374591 ) ) ;
#10233 = FACE_OUTER_BOUND ( 'NONE', #13039, .T. ) ;
#10234 = EDGE_CURVE ( 'NONE', #10666, #7648, #6304, .T. ) ;
#10235 = ORIENTED_EDGE ( 'NONE', *, *, #13543, .F. ) ;
#10236 = CIRCLE ( 'NONE', #1514, 2.000000000000001776 ) ;
#10237 = ORIENTED_EDGE ( 'NONE', *, *, #3373, .T. ) ;
#10238 = EDGE_CURVE ( 'NONE', #6463, #9901, #6102, .T. ) ;
#10239 = EDGE_CURVE ( 'NONE', #10211, #11187, #11569, .T. ) ;
#10240 = CARTESIAN_POINT ( 'NONE',  ( 17.32219205680836893, 5.000000000000000000, 21.22416088801479361 ) ) ;
#10241 = LINE ( 'NONE', #648, #9208 ) ;
#10242 = LINE ( 'NONE', #649, #7995 ) ;
#10243 = FACE_OUTER_BOUND ( 'NONE', #5987, .T. ) ;
#10244 = CARTESIAN_POINT ( 'NONE',  ( 14.82303220880837280, 3.000000000000000000, 21.45773217601479388 ) ) ;
#10245 = ORIENTED_EDGE ( 'NONE', *, *, #4039, .T. ) ;
#10246 = ORIENTED_EDGE ( 'NONE', *, *, #655, .F. ) ;
#10247 = VECTOR ( 'NONE', #11823, 1000.000000000000000 ) ;
#10248 = DIRECTION ( 'NONE',  ( 0.4472135954999589824, 0.000000000000000000, 0.8944271909999153003 ) ) ;
#10249 = ORIENTED_EDGE ( 'NONE', *, *, #7165, .F. ) ;
#10250 = DIRECTION ( 'NONE',  ( -0.5363501535989901869, 0.000000000000000000, 0.8439955644044224714 ) ) ;
#10251 = ORIENTED_EDGE ( 'NONE', *, *, #4236, .F. ) ;
#10252 = DIRECTION ( 'NONE',  ( 0.8291468362087868194, 0.000000000000000000, -0.5590308792946586669 ) ) ;
#10253 = ORIENTED_EDGE ( 'NONE', *, *, #7643, .F. ) ;
#10254 = ADVANCED_FACE ( 'NONE', ( #5322 ), #1969, .T. ) ;
#10255 = ORIENTED_EDGE ( 'NONE', *, *, #2323, .F. ) ;
#10256 = ORIENTED_EDGE ( 'NONE', *, *, #11819, .F. ) ;
#10257 = DIRECTION ( 'NONE',  ( -0.4472135954995247742, 0.000000000000000000, 0.8944271910001324599 ) ) ;
#10258 = CARTESIAN_POINT ( 'NONE',  ( -10.19157975758167467, 5.000000000000000000, 18.14222943096580565 ) ) ;
#10259 = FACE_OUTER_BOUND ( 'NONE', #12274, .T. ) ;
#10260 = LINE ( 'NONE', #11442, #1693 ) ;
#10261 = LINE ( 'NONE', #13663, #4516 ) ;
#10262 = LINE ( 'NONE', #7038, #1644 ) ;
#10263 = ORIENTED_EDGE ( 'NONE', *, *, #11715, .T. ) ;
#10264 = DIRECTION ( 'NONE',  ( -0.9799440330790407661, 0.000000000000000000, 0.1992729084265697503 ) ) ;
#10265 = ORIENTED_EDGE ( 'NONE', *, *, #11269, .F. ) ;
#10266 = ORIENTED_EDGE ( 'NONE', *, *, #9977, .F. ) ;
#10267 = EDGE_CURVE ( 'NONE', #2383, #12783, #10788, .T. ) ;
#10268 = ORIENTED_EDGE ( 'NONE', *, *, #4110, .T. ) ;
#10269 = EDGE_CURVE ( 'NONE', #13344, #9872, #13716, .T. ) ;
#10270 = DIRECTION ( 'NONE',  ( -0.9905475593089966280, 0.000000000000000000, 0.1371697224134747484 ) ) ;
#10271 = DIRECTION ( 'NONE',  ( 0.1868648078520737110, 0.000000000000000000, -0.9823856389353456953 ) ) ;
#10272 = CARTESIAN_POINT ( 'NONE',  ( 26.06379204880836298, 3.000000000000000000, 12.11062260001478919 ) ) ;
#10273 = CARTESIAN_POINT ( 'NONE',  ( 44.32785508880837000, 5.000000000000000000, 22.88167751201479305 ) ) ;
#10274 = CARTESIAN_POINT ( 'NONE',  ( 0.000000000000000000, 5.000000000000000000, 0.000000000000000000 ) ) ;
#10275 = ORIENTED_EDGE ( 'NONE', *, *, #1445, .F. ) ;
#10276 = CARTESIAN_POINT ( 'NONE',  ( -20.90166850319162606, 5.000000000000000000, 22.69132178401480004 ) ) ;
#10277 = ORIENTED_EDGE ( 'NONE', *, *, #11482, .T. ) ;
#10278 = EDGE_CURVE ( 'NONE', #7167, #5747, #3216, .T. ) ;
#10279 = CARTESIAN_POINT ( 'NONE',  ( 6.876882028605662001, 5.000000000000000000, 27.92970820370275931 ) ) ;
#10280 = LINE ( 'NONE', #12384, #5601 ) ;
#10281 = ADVANCED_FACE ( 'NONE', ( #12744 ), #11703, .T. ) ;
#10282 = CARTESIAN_POINT ( 'NONE',  ( -8.462859622108968694, 3.000000000000000000, -2.236884978874940089 ) ) ;
#10283 = CARTESIAN_POINT ( 'NONE',  ( 8.702048768808374746, 5.000000000000000000, 0.000000000000000000 ) ) ;
#10284 = CARTESIAN_POINT ( 'NONE',  ( 20.36801476880836148, 3.000000000000000000, 30.70348559201480043 ) ) ;
#10285 = LINE ( 'NONE', #10356, #523 ) ;
#10286 = CARTESIAN_POINT ( 'NONE',  ( 20.25924180880836900, 5.000000000000000000, 23.93974804001479129 ) ) ;
#10287 = LINE ( 'NONE', #4958, #3370 ) ;
#10288 = ORIENTED_EDGE ( 'NONE', *, *, #10989, .T. ) ;
#10289 = CARTESIAN_POINT ( 'NONE',  ( 43.19314564880837537, 5.000000000000000000, 21.32918277601479673 ) ) ;
#10290 = VERTEX_POINT ( 'NONE', #10859 ) ;
#10291 = EDGE_LOOP ( 'NONE', ( #6856, #8746, #4276, #672 ) ) ;
#10292 = DIRECTION ( 'NONE',  ( 0.000000000000000000, 0.000000000000000000, 1.000000000000000000 ) ) ;
#10293 = VECTOR ( 'NONE', #13290, 1000.000000000000000 ) ;
#10294 = EDGE_CURVE ( 'NONE', #12414, #13714, #10083, .T. ) ;
#10295 = DIRECTION ( 'NONE',  ( 0.000000000000000000, -0.000000000000000000, 1.000000000000000000 ) ) ;
#10296 = LINE ( 'NONE', #8070, #8594 ) ;
#10297 = ORIENTED_EDGE ( 'NONE', *, *, #10484, .T. ) ;
#10298 = CARTESIAN_POINT ( 'NONE',  ( 5.487959255178094686, 3.000000000000000000, 14.81842382682608772 ) ) ;
#10299 = ORIENTED_EDGE ( 'NONE', *, *, #8179, .T. ) ;
#10300 = DIRECTION ( 'NONE',  ( -0.4952927252049896256, 0.000000000000000000, -0.8687261457784120067 ) ) ;
#10301 = LINE ( 'NONE', #779, #12244 ) ;
#10302 = DIRECTION ( 'NONE',  ( 1.000000000000000000, 0.000000000000000000, -0.000000000000000000 ) ) ;
#10303 = EDGE_CURVE ( 'NONE', #1415, #1056, #5534, .T. ) ;
#10304 = PLANE ( 'NONE',  #2286 ) ;
#10305 = VERTEX_POINT ( 'NONE', #7718 ) ;
#10306 = LINE ( 'NONE', #13587, #2098 ) ;
#10307 = ORIENTED_EDGE ( 'NONE', *, *, #4902, .F. ) ;
#10308 = DIRECTION ( 'NONE',  ( -0.07087289490145044779, 0.000000000000000000, -0.9974853546635598089 ) ) ;
#10309 = ADVANCED_FACE ( 'NONE', ( #3429 ), #493, .T. ) ;
#10310 = EDGE_LOOP ( 'NONE', ( #6607, #13016, #10332, #4416 ) ) ;
#10311 = EDGE_CURVE ( 'NONE', #2428, #5029, #11142, .T. ) ;
#10312 = LINE ( 'NONE', #5829, #5055 ) ;
#10313 = VERTEX_POINT ( 'NONE', #430 ) ;
#10314 = VERTEX_POINT ( 'NONE', #1474 ) ;
#10315 = ORIENTED_EDGE ( 'NONE', *, *, #1979, .T. ) ;
#10316 = VECTOR ( 'NONE', #5515, 1000.000000000000114 ) ;
#10317 = DIRECTION ( 'NONE',  ( -0.9238814843844341818, 0.000000000000000000, -0.3826787200924746668 ) ) ;
#10318 = PLANE ( 'NONE',  #13352 ) ;
#10319 = DIRECTION ( 'NONE',  ( 0.9225015595500919430, 0.000000000000000000, 0.3859933582688286346 ) ) ;
#10320 = EDGE_CURVE ( 'NONE', #9921, #13605, #13026, .T. ) ;
#10321 = LINE ( 'NONE', #13462, #12426 ) ;
#10322 = DIRECTION ( 'NONE',  ( -0.000000000000000000, -1.000000000000000000, -0.000000000000000000 ) ) ;
#10323 = CARTESIAN_POINT ( 'NONE',  ( -11.87593598319162780, 5.000000000000000000, 32.34003400801479700 ) ) ;
#10324 = VERTEX_POINT ( 'NONE', #4694 ) ;
#10325 = ORIENTED_EDGE ( 'NONE', *, *, #10847, .F. ) ;
#10326 = VECTOR ( 'NONE', #2015, 1000.000000000000000 ) ;
#10327 = ORIENTED_EDGE ( 'NONE', *, *, #742, .F. ) ;
#10328 = EDGE_CURVE ( 'NONE', #11030, #5427, #3637, .T. ) ;
#10329 = CIRCLE ( 'NONE', #10117, 1.699999999999999289 ) ;
#10330 = VERTEX_POINT ( 'NONE', #4631 ) ;
#10331 = CARTESIAN_POINT ( 'NONE',  ( 0.000000000000000000, 5.000000000000000000, 15.35652314401480112 ) ) ;
#10332 = ORIENTED_EDGE ( 'NONE', *, *, #5626, .T. ) ;
#10333 = DIRECTION ( 'NONE',  ( 0.3887057852901650845, 0.000000000000000000, 0.9213619334886569145 ) ) ;
#10334 = ORIENTED_EDGE ( 'NONE', *, *, #6661, .F. ) ;
#10335 = VECTOR ( 'NONE', #3552, 1000.000000000000000 ) ;
#10337 = DIRECTION ( 'NONE',  ( 0.9990728301167681735, 0.000000000000000000, -0.04305206292933407008 ) ) ;
#10336 = VECTOR ( 'NONE', #10450, 1000.000000000000000 ) ;
#10338 = LINE ( 'NONE', #744, #13454 ) ;
#10339 = EDGE_CURVE ( 'NONE', #11413, #7448, #2592, .T. ) ;
#10340 = LINE ( 'NONE', #4099, #5921 ) ;
#10341 = EDGE_CURVE ( 'NONE', #10144, #11197, #7640, .T. ) ;
#10342 = EDGE_LOOP ( 'NONE', ( #6442, #8636, #8932, #13789 ) ) ;
#10343 = FACE_OUTER_BOUND ( 'NONE', #5769, .T. ) ;
#10344 = ORIENTED_EDGE ( 'NONE', *, *, #3936, .T. ) ;
#10345 = DIRECTION ( 'NONE',  ( 0.000000000000000000, 0.000000000000000000, 1.000000000000000000 ) ) ;
#10346 = ORIENTED_EDGE ( 'NONE', *, *, #13214, .T. ) ;
#10347 = VECTOR ( 'NONE', #13531, 1000.000000000000000 ) ;
#10348 = DIRECTION ( 'NONE',  ( 0.07839261842028517890, 0.000000000000000000, 0.9969225633805323117 ) ) ;
#10349 = CARTESIAN_POINT ( 'NONE',  ( 51.79120820880836362, 5.000000000000000000, 32.03596146401479672 ) ) ;
#10350 = CARTESIAN_POINT ( 'NONE',  ( 2.187994232808367912, 5.000000000000000000, -6.932171927985202764 ) ) ;
#10351 = CC_DESIGN_APPROVAL ( #10461, ( #9230 ) ) ;
#10352 = DIRECTION ( 'NONE',  ( -0.000000000000000000, -1.000000000000000000, -0.000000000000000000 ) ) ;
#10353 = EDGE_CURVE ( 'NONE', #13059, #3685, #1404, .T. ) ;
#10354 = VECTOR ( 'NONE', #8835, 1000.000000000000000 ) ;
#10355 = CARTESIAN_POINT ( 'NONE',  ( -7.169005087191631098, 3.000000000000000000, 30.51313088001478846 ) ) ;
#10356 = CARTESIAN_POINT ( 'NONE',  ( -21.56172611119162852, 5.000000000000000000, 23.58128698401479184 ) ) ;
#10357 = PERSON_AND_ORGANIZATION ( #10936, #10382 ) ;
#10358 = CARTESIAN_POINT ( 'NONE',  ( -28.90641449519162975, 3.000000000000000000, 21.45031537601479243 ) ) ;
#10359 = ORIENTED_EDGE ( 'NONE', *, *, #11031, .F. ) ;
#10360 = DIRECTION ( 'NONE',  ( -0.000000000000000000, -1.000000000000000000, -0.000000000000000000 ) ) ;
#10361 = ORIENTED_EDGE ( 'NONE', *, *, #2426, .T. ) ;
#10362 = ORIENTED_EDGE ( 'NONE', *, *, #10294, .T. ) ;
#10363 = CARTESIAN_POINT ( 'NONE',  ( -22.79778967919162014, 3.000000000000000000, 32.03596146401479672 ) ) ;
#10364 = FACE_OUTER_BOUND ( 'NONE', #8866, .T. ) ;
#10365 = PLANE ( 'NONE',  #6581 ) ;
#10366 = EDGE_LOOP ( 'NONE', ( #12367, #717, #1882, #7530 ) ) ;
#10367 = VECTOR ( 'NONE', #1988, 1000.000000000000000 ) ;
#10368 = DIRECTION ( 'NONE',  ( 0.7234087041818630937, 0.000000000000000000, -0.6904200509211169123 ) ) ;
#10369 = EDGE_LOOP ( 'NONE', ( #4408, #8936, #4562, #2596 ) ) ;
#10370 = EDGE_CURVE ( 'NONE', #228, #13725, #12120, .T. ) ;
#10371 = CYLINDRICAL_SURFACE ( 'NONE', #9106, 1.699999999999999289 ) ;
#10372 = EDGE_CURVE ( 'NONE', #948, #8708, #12957, .T. ) ;
#10373 = LINE ( 'NONE', #585, #10571 ) ;
#10374 = PLANE ( 'NONE',  #946 ) ;
#10375 = ORIENTED_EDGE ( 'NONE', *, *, #1291, .F. ) ;
#10376 = VECTOR ( 'NONE', #7159, 1000.000000000000114 ) ;
#10377 = DIRECTION ( 'NONE',  ( 0.07139978715268657794, 0.000000000000000000, -0.9974477782794198832 ) ) ;
#10378 = EDGE_LOOP ( 'NONE', ( #12049, #2968, #5424, #11485 ) ) ;
#10379 = VECTOR ( 'NONE', #7496, 1000.000000000000000 ) ;
#10380 = DIRECTION ( 'NONE',  ( 0.9956831455872426906, 0.000000000000000000, -0.09281742074359616845 ) ) ;
#10381 = ORIENTED_EDGE ( 'NONE', *, *, #1948, .F. ) ;
#10382 = ORGANIZATION ( 'UNSPECIFIED', 'UNSPECIFIED', '' ) ;
#10383 = CARTESIAN_POINT ( 'NONE',  ( -27.67035092719162037, 5.000000000000000000, 0.000000000000000000 ) ) ;
#10384 = ORIENTED_EDGE ( 'NONE', *, *, #12969, .T. ) ;
#10385 = ORIENTED_EDGE ( 'NONE', *, *, #11059, .T. ) ;
#10386 = ORIENTED_EDGE ( 'NONE', *, *, #4607, .T. ) ;
#10387 = VECTOR ( 'NONE', #2506, 1000.000000000000000 ) ;
#10388 = DIRECTION ( 'NONE',  ( -0.6351454721939684411, 0.000000000000000000, 0.7723925356653189578 ) ) ;
#10389 = AXIS2_PLACEMENT_3D ( 'NONE', #10868, #1278, #12068 ) ;
#10390 = EDGE_CURVE ( 'NONE', #3697, #8049, #8911, .T. ) ;
#10391 = ADVANCED_FACE ( 'NONE', ( #2524 ), #12186, .T. ) ;
#10392 = CARTESIAN_POINT ( 'NONE',  ( 33.61660295280837119, 3.000000000000000000, 22.34290795201479440 ) ) ;
#10393 = LINE ( 'NONE', #4014, #5418 ) ;
#10394 = FACE_OUTER_BOUND ( 'NONE', #12709, .T. ) ;
#10395 = CARTESIAN_POINT ( 'NONE',  ( -1.376062300199316857, 5.000000000000000000, 3.288797856810567577 ) ) ;
#10396 = CARTESIAN_POINT ( 'NONE',  ( 1.048233672680117579, 5.000000000000000000, 24.32547271212534312 ) ) ;
#10397 = ORIENTED_EDGE ( 'NONE', *, *, #6910, .T. ) ;
#10398 = ORIENTED_EDGE ( 'NONE', *, *, #13135, .F. ) ;
#10399 = VECTOR ( 'NONE', #7042, 1000.000000000000114 ) ;
#10400 = VERTEX_POINT ( 'NONE', #3570 ) ;
#10401 = DIRECTION ( 'NONE',  ( -0.000000000000000000, -1.000000000000000000, -0.000000000000000000 ) ) ;
#10402 = VECTOR ( 'NONE', #1186, 1000.000000000000000 ) ;
#10403 = EDGE_LOOP ( 'NONE', ( #3666, #8220, #12026, #1850 ) ) ;
#10404 = CARTESIAN_POINT ( 'NONE',  ( -40.12230976719163067, 5.000000000000000000, 26.55543496001479298 ) ) ;
#10405 = ORIENTED_EDGE ( 'NONE', *, *, #7246, .T. ) ;
#10406 = EDGE_CURVE ( 'NONE', #9151, #11390, #7791, .T. ) ;
#10407 = VECTOR ( 'NONE', #2988, 1000.000000000000000 ) ;
#10408 = ADVANCED_FACE ( 'NONE', ( #6792 ), #10025, .T. ) ;
#10409 = ADVANCED_FACE ( 'NONE', ( #10931 ), #1270, .T. ) ;
#10410 = DIRECTION ( 'NONE',  ( 0.3630851823906605658, 0.000000000000000000, 0.9317559499827950953 ) ) ;
#10411 = LINE ( 'NONE', #4027, #6982 ) ;
#10412 = AXIS2_PLACEMENT_3D ( 'NONE', #3548, #7616, #7833 ) ;
#10413 = LINE ( 'NONE', #5082, #8184 ) ;
#10414 = ORIENTED_EDGE ( 'NONE', *, *, #3214, .F. ) ;
#10415 = CARTESIAN_POINT ( 'NONE',  ( 2.311539832808371386, 5.000000000000000000, -6.858130927985206071 ) ) ;
#10416 = ORIENTED_EDGE ( 'NONE', *, *, #8837, .T. ) ;
#10417 = LINE ( 'NONE', #824, #9548 ) ;
#10418 = VERTEX_POINT ( 'NONE', #8761 ) ;
#10419 = AXIS2_PLACEMENT_3D ( 'NONE', #2068, #6268, #8944 ) ;
#10420 = DIRECTION ( 'NONE',  ( -0.4493521495132227206, 0.000000000000000000, -0.8933547143928028955 ) ) ;
#10421 = CARTESIAN_POINT ( 'NONE',  ( 0.7951457725149588818, 3.000000000000000000, -43.39790822056359332 ) ) ;
#10422 = EDGE_CURVE ( 'NONE', #684, #8206, #12522, .T. ) ;
#10423 = AXIS2_PLACEMENT_3D ( 'NONE', #10663, #11640, #1068 ) ;
#10424 = EDGE_CURVE ( 'NONE', #13209, #7419, #762, .T. ) ;
#10425 = CARTESIAN_POINT ( 'NONE',  ( 0.000000000000000000, 5.000000000000000000, 0.000000000000000000 ) ) ;
#10426 = VECTOR ( 'NONE', #10858, 999.9999999999998863 ) ;
#10427 = CARTESIAN_POINT ( 'NONE',  ( 24.87679010480836794, 3.000000000000000000, -6.771824775985201939 ) ) ;
#10428 = DIRECTION ( 'NONE',  ( 0.5937761020766295639, 0.000000000000000000, -0.8046303130026136730 ) ) ;
#10429 = DIRECTION ( 'NONE',  ( -0.000000000000000000, -1.000000000000000000, -0.000000000000000000 ) ) ;
#10430 = CALENDAR_DATE ( 2025, 8, 7 ) ;
#10431 = AXIS2_PLACEMENT_3D ( 'NONE', #3622, #13161, #2579 ) ;
#10432 = LINE ( 'NONE', #2160, #7410 ) ;
#10433 = EDGE_LOOP ( 'NONE', ( #2315, #6795, #11210, #4427 ) ) ;
#10434 = FACE_OUTER_BOUND ( 'NONE', #6786, .T. ) ;
#10435 = AXIS2_PLACEMENT_3D ( 'NONE', #12637, #11597, #2902 ) ;
#10436 = ORIENTED_EDGE ( 'NONE', *, *, #479, .F. ) ;
#10437 = ORIENTED_EDGE ( 'NONE', *, *, #3136, .F. ) ;
#10438 = DIRECTION ( 'NONE',  ( -0.1784905127423875582, 0.000000000000000000, -0.9839416328527620381 ) ) ;
#10439 = PLANE ( 'NONE',  #6133 ) ;
#10440 = CARTESIAN_POINT ( 'NONE',  ( 13.53999692880837635, 3.000000000000000000, 29.86543392801480934 ) ) ;
#10441 = EDGE_CURVE ( 'NONE', #10073, #4977, #8193, .T. ) ;
#10442 = ORIENTED_EDGE ( 'NONE', *, *, #2785, .F. ) ;
#10443 = ADVANCED_FACE ( 'NONE', ( #5026 ), #13493, .T. ) ;
#10444 = CARTESIAN_POINT ( 'NONE',  ( 12.67228212880835869, 5.000000000000000000, 30.71090137601480308 ) ) ;
#10445 = ORIENTED_EDGE ( 'NONE', *, *, #8421, .F. ) ;
#10446 = AXIS2_PLACEMENT_3D ( 'NONE', #9135, #10112, #525 ) ;
#10447 = AXIS2_PLACEMENT_3D ( 'NONE', #9200, #868, #2758 ) ;
#10448 = CARTESIAN_POINT ( 'NONE',  ( -17.67307348719163329, 3.000000000000000000, 21.14624283201479216 ) ) ;
#10449 = CARTESIAN_POINT ( 'NONE',  ( 0.000000000000000000, 5.000000000000000000, 21.14624283201479216 ) ) ;
#10450 = DIRECTION ( 'NONE',  ( -0.000000000000000000, -1.000000000000000000, -0.000000000000000000 ) ) ;
#10451 = ORIENTED_EDGE ( 'NONE', *, *, #280, .T. ) ;
#10452 = PLANE ( 'NONE',  #8358 ) ;
#10453 = ORIENTED_EDGE ( 'NONE', *, *, #11670, .T. ) ;
#10454 = CARTESIAN_POINT ( 'NONE',  ( -9.579329959191621668, 5.000000000000000000, 31.98157396801479280 ) ) ;
#10455 = ORIENTED_EDGE ( 'NONE', *, *, #11545, .T. ) ;
#10456 = VECTOR ( 'NONE', #7445, 1000.000000000000000 ) ;
#10457 = PLANE ( 'NONE',  #2618 ) ;
#10458 = VECTOR ( 'NONE', #10566, 1000.000000000000000 ) ;
#10459 = ORIENTED_EDGE ( 'NONE', *, *, #10669, .F. ) ;
#10460 = EDGE_CURVE ( 'NONE', #8896, #12054, #1808, .T. ) ;
#10461 = APPROVAL ( #7701, 'UNSPECIFIED' ) ;
#10462 = ORIENTED_EDGE ( 'NONE', *, *, #6115, .T. ) ;
#10463 = EDGE_CURVE ( 'NONE', #10757, #1266, #10285, .T. ) ;
#10464 = DIRECTION ( 'NONE',  ( -0.9350687057582840467, 0.000000000000000000, 0.3544665224129461278 ) ) ;
#10465 = VECTOR ( 'NONE', #3690, 1000.000000000000000 ) ;
#10466 = CARTESIAN_POINT ( 'NONE',  ( 4.407289006852130875, 5.000000000000000000, 4.457221700436739376 ) ) ;
#10467 = CARTESIAN_POINT ( 'NONE',  ( -20.52590496719162871, 5.000000000000000000, 20.87183850401479646 ) ) ;
#10468 = DIRECTION ( 'NONE',  ( -0.000000000000000000, -1.000000000000000000, -0.000000000000000000 ) ) ;
#10469 = CARTESIAN_POINT ( 'NONE',  ( 7.865941728808377498, 5.000000000000000000, 13.56901135201479747 ) ) ;
#10470 = VERTEX_POINT ( 'NONE', #9037 ) ;
#10471 = CARTESIAN_POINT ( 'NONE',  ( -25.71984428719163063, 5.000000000000000000, 21.44784446401479627 ) ) ;
#10472 = ORIENTED_EDGE ( 'NONE', *, *, #3461, .T. ) ;
#10473 = DIRECTION ( 'NONE',  ( -0.9863246135902004053, 0.000000000000000000, -0.1648143095308830519 ) ) ;
#10474 = ORIENTED_EDGE ( 'NONE', *, *, #2275, .T. ) ;
#10475 = DIRECTION ( 'NONE',  ( -0.000000000000000000, -1.000000000000000000, -0.000000000000000000 ) ) ;
#10476 = ORIENTED_EDGE ( 'NONE', *, *, #10424, .F. ) ;
#10477 = ADVANCED_FACE ( 'NONE', ( #11348 ), #3776, .T. ) ;
#10478 = LINE ( 'NONE', #3040, #11775 ) ;
#10479 = ORIENTED_EDGE ( 'NONE', *, *, #10889, .F. ) ;
#10480 = DIRECTION ( 'NONE',  ( 0.9867469349408642953, 0.000000000000000000, 0.1622667137302338525 ) ) ;
#10481 = CARTESIAN_POINT ( 'NONE',  ( -25.36288424684654785, 5.000000000000000000, -0.05334736002729935367 ) ) ;
#10482 = DIRECTION ( 'NONE',  ( -0.000000000000000000, -1.000000000000000000, -0.000000000000000000 ) ) ;
#10483 = EDGE_LOOP ( 'NONE', ( #2100, #10111, #5202, #4032 ) ) ;
#10484 = EDGE_CURVE ( 'NONE', #9937, #11282, #12322, .T. ) ;
#10485 = LINE ( 'NONE', #11814, #1672 ) ;
#10486 = ORIENTED_EDGE ( 'NONE', *, *, #2011, .F. ) ;
#10487 = EDGE_LOOP ( 'NONE', ( #3143, #11848, #2910, #224 ) ) ;
#10488 = VERTEX_POINT ( 'NONE', #11275 ) ;
#10489 = CARTESIAN_POINT ( 'NONE',  ( 0.000000000000000000, 3.000000000000000000, 32.03596146401479672 ) ) ;
#10490 = VECTOR ( 'NONE', #8463, 1000.000000000000000 ) ;
#10491 = ORIENTED_EDGE ( 'NONE', *, *, #7643, .T. ) ;
#10492 = EDGE_CURVE ( 'NONE', #5522, #2903, #13568, .T. ) ;
#10493 = CARTESIAN_POINT ( 'NONE',  ( -38.82211221519163757, 3.000000000000000000, 15.35652416001479637 ) ) ;
#10494 = EDGE_CURVE ( 'NONE', #4601, #3321, #9308, .T. ) ;
#10495 = CARTESIAN_POINT ( 'NONE',  ( 26.88858186480836920, 3.000000000000000000, 22.51139732801480875 ) ) ;
#10496 = DIRECTION ( 'NONE',  ( 0.9959738687365716769, 0.000000000000000000, 0.08964403378868063266 ) ) ;
#10497 = LINE ( 'NONE', #4847, #7882 ) ;
#10498 = CARTESIAN_POINT ( 'NONE',  ( -10.22300863119163239, 3.000000000000000000, 24.81117327201479839 ) ) ;
#10499 = CARTESIAN_POINT ( 'NONE',  ( -42.13172205519162361, 5.000000000000000000, 30.53469954401479569 ) ) ;
#10500 = CARTESIAN_POINT ( 'NONE',  ( -7.169005087191634651, 5.000000000000000000, 0.000000000000000000 ) ) ;
#10501 = EDGE_CURVE ( 'NONE', #6344, #1032, #6936, .T. ) ;
#10502 = DIRECTION ( 'NONE',  ( 0.9252396484677227750, 0.000000000000000000, -0.3793831742491022840 ) ) ;
#10503 = ORIENTED_EDGE ( 'NONE', *, *, #9174, .F. ) ;
#10504 = CARTESIAN_POINT ( 'NONE',  ( 0.000000000000000000, 5.000000000000000000, 25.95947476001479615 ) ) ;
#10505 = VERTEX_POINT ( 'NONE', #5941 ) ;
#10506 = CARTESIAN_POINT ( 'NONE',  ( -25.42813341519162051, 5.000000000000000000, 30.96800220801480208 ) ) ;
#10507 = CARTESIAN_POINT ( 'NONE',  ( -48.31739929519163468, 5.000000000000000000, 30.53367338401478293 ) ) ;
#10508 = DIRECTION ( 'NONE',  ( 0.000000000000000000, 1.000000000000000000, 0.000000000000000000 ) ) ;
#10509 = ORIENTED_EDGE ( 'NONE', *, *, #2115, .T. ) ;
#10510 = LINE ( 'NONE', #13639, #2608 ) ;
#10511 = ORIENTED_EDGE ( 'NONE', *, *, #3105, .T. ) ;
#10512 = FACE_OUTER_BOUND ( 'NONE', #4722, .T. ) ;
#10513 = CARTESIAN_POINT ( 'NONE',  ( -53.87083707455159498, 5.000000000000000000, 22.30043935439872271 ) ) ;
#10514 = EDGE_CURVE ( 'NONE', #1900, #3827, #8060, .T. ) ;
#10515 = EDGE_CURVE ( 'NONE', #7448, #13020, #11207, .T. ) ;
#10516 = CARTESIAN_POINT ( 'NONE',  ( -12.22233675662311292, 5.000000000000000000, -24.72243746901373740 ) ) ;
#10517 = ORIENTED_EDGE ( 'NONE', *, *, #11837, .T. ) ;
#10518 = LINE ( 'NONE', #4002, #5451 ) ;
#10519 = ORIENTED_EDGE ( 'NONE', *, *, #12646, .F. ) ;
#10520 = CARTESIAN_POINT ( 'NONE',  ( -1.224137621141482946, 5.000000000000000000, 20.48167056822995136 ) ) ;
#10521 = VERTEX_POINT ( 'NONE', #5871 ) ;
#10522 = CARTESIAN_POINT ( 'NONE',  ( 8.765878097828945670, 3.000000000000000000, 12.96032827394036779 ) ) ;
#10523 = EDGE_LOOP ( 'NONE', ( #9042, #207, #478, #866 ) ) ;
#10524 = VERTEX_POINT ( 'NONE', #7200 ) ;
#10525 = DIRECTION ( 'NONE',  ( -1.000000000000000000, 0.000000000000000000, 0.000000000000000000 ) ) ;
#10526 = PLANE ( 'NONE',  #3058 ) ;
#10527 = CARTESIAN_POINT ( 'NONE',  ( -7.409339235356175557, 3.000000000000000000, 25.63688292154819948 ) ) ;
#10528 = DIRECTION ( 'NONE',  ( -0.4327284778639396423, 0.000000000000000000, -0.9015243005296961210 ) ) ;
#10529 = EDGE_CURVE ( 'NONE', #7300, #3200, #4956, .T. ) ;
#10530 = CARTESIAN_POINT ( 'NONE',  ( 45.12741254480836517, 5.000000000000000000, 21.17265375201478506 ) ) ;
#10531 = ORIENTED_EDGE ( 'NONE', *, *, #1675, .F. ) ;
#10532 = DIRECTION ( 'NONE',  ( 1.000000000000000000, 0.000000000000000000, 0.000000000000000000 ) ) ;
#10533 = ORIENTED_EDGE ( 'NONE', *, *, #10749, .T. ) ;
#10534 = EDGE_CURVE ( 'NONE', #1503, #7508, #9237, .T. ) ;
#10535 = DIRECTION ( 'NONE',  ( 1.000000000000000000, 0.000000000000000000, 0.000000000000000000 ) ) ;
#10536 = VERTEX_POINT ( 'NONE', #11408 ) ;
#10537 = CARTESIAN_POINT ( 'NONE',  ( -40.05817578319162919, 5.000000000000000000, 0.000000000000000000 ) ) ;
#10538 = ORIENTED_EDGE ( 'NONE', *, *, #7984, .T. ) ;
#10539 = CIRCLE ( 'NONE', #1624, 2.540000001119351758 ) ;
#10540 = DIRECTION ( 'NONE',  ( 0.04289985469393602091, 0.000000000000000000, 0.9990793774606895328 ) ) ;
#10541 = ORIENTED_EDGE ( 'NONE', *, *, #472, .T. ) ;
#10542 = LINE ( 'NONE', #9700, #477 ) ;
#10543 = CARTESIAN_POINT ( 'NONE',  ( -3.753500488011892511, 5.000000000000000000, 18.44171319498056150 ) ) ;
#10544 = LINE ( 'NONE', #5216, #7655 ) ;
#10545 = CARTESIAN_POINT ( 'NONE',  ( 14.12477198480838325, 5.000000000000000000, 30.41470283201479319 ) ) ;
#10546 = EDGE_CURVE ( 'NONE', #5767, #2469, #1879, .T. ) ;
#10547 = VECTOR ( 'NONE', #12137, 1000.000000000000000 ) ;
#10548 = VECTOR ( 'NONE', #10123, 999.9999999999998863 ) ;
#10549 = EDGE_CURVE ( 'NONE', #11390, #527, #6147, .T. ) ;
#10550 = ORIENTED_EDGE ( 'NONE', *, *, #6873, .F. ) ;
#10551 = VECTOR ( 'NONE', #12241, 1000.000000000000114 ) ;
#10552 = DIRECTION ( 'NONE',  ( 0.8687261457784118956, 0.000000000000000000, -0.4952927252049895701 ) ) ;
#10553 = ORIENTED_EDGE ( 'NONE', *, *, #4166, .F. ) ;
#10554 = VERTEX_POINT ( 'NONE', #4827 ) ;
#10555 = ORIENTED_EDGE ( 'NONE', *, *, #6383, .F. ) ;
#10556 = CARTESIAN_POINT ( 'NONE',  ( 31.12918196880837129, 5.000000000000000000, 21.33659856001479582 ) ) ;
#10557 = CARTESIAN_POINT ( 'NONE',  ( -0.5599346932840427726, 5.000000000000000000, 0.2387240339686287627 ) ) ;
#10558 = CARTESIAN_POINT ( 'NONE',  ( -47.81570865519167768, 3.000000000000000000, 32.02854466401479527 ) ) ;
#10559 = VECTOR ( 'NONE', #6968, 1000.000000000000000 ) ;
#10560 = VECTOR ( 'NONE', #6512, 1000.000000000000114 ) ;
#10561 = EDGE_CURVE ( 'NONE', #11923, #1775, #13428, .T. ) ;
#10562 = CARTESIAN_POINT ( 'NONE',  ( -84.00000000000001421, 0.000000000000000000, 25.54999999999999005 ) ) ;
#10563 = CARTESIAN_POINT ( 'NONE',  ( -1.920045607265658649, 5.000000000000000000, 10.34413177289861885 ) ) ;
#10564 = CARTESIAN_POINT ( 'NONE',  ( -11.15697229682256264, 5.000000000000000000, 20.04587063293077165 ) ) ;
#10565 = ADVANCED_FACE ( 'NONE', ( #2158 ), #4323, .T. ) ;
#10566 = DIRECTION ( 'NONE',  ( -0.000000000000000000, -1.000000000000000000, -0.000000000000000000 ) ) ;
#10567 = EDGE_CURVE ( 'NONE', #9937, #5425, #5164, .T. ) ;
#10568 = DIRECTION ( 'NONE',  ( 0.7002596150919099260, 0.000000000000000000, 0.7138882766030901772 ) ) ;
#10569 = DIRECTION ( 'NONE',  ( -0.000000000000000000, -1.000000000000000000, -0.000000000000000000 ) ) ;
#10570 = EDGE_LOOP ( 'NONE', ( #6711, #10550, #1783, #5072 ) ) ;
#10571 = VECTOR ( 'NONE', #11294, 1000.000000000000000 ) ;
#10572 = CARTESIAN_POINT ( 'NONE',  ( -11.13019367649628677, 5.000000000000000000, -19.85094799644561903 ) ) ;
#10573 = AXIS2_PLACEMENT_3D ( 'NONE', #13495, #3911, #8197 ) ;
#10574 = ORIENTED_EDGE ( 'NONE', *, *, #4147, .T. ) ;
#10575 = ORIENTED_EDGE ( 'NONE', *, *, #3670, .F. ) ;
#10576 = DIRECTION ( 'NONE',  ( -0.000000000000000000, -1.000000000000000000, -0.000000000000000000 ) ) ;
#10577 = DIRECTION ( 'NONE',  ( -0.000000000000000000, -1.000000000000000000, -0.000000000000000000 ) ) ;
#10578 = FACE_BOUND ( 'NONE', #3682, .T. ) ;
#10579 = VERTEX_POINT ( 'NONE', #12730 ) ;
#10580 = PLANE ( 'NONE',  #9560 ) ;
#10581 = VERTEX_POINT ( 'NONE', #3271 ) ;
#10582 = EDGE_CURVE ( 'NONE', #3089, #921, #6284, .T. ) ;
#10583 = VECTOR ( 'NONE', #1111, 1000.000000000000000 ) ;
#10584 = LINE ( 'NONE', #990, #5972 ) ;
#10585 = ADVANCED_FACE ( 'NONE', ( #7415 ), #9444, .T. ) ;
#10586 = LINE ( 'NONE', #9605, #2076 ) ;
#10587 = DIRECTION ( 'NONE',  ( 0.000000000000000000, 0.000000000000000000, -1.000000000000000000 ) ) ;
#10588 = ORIENTED_EDGE ( 'NONE', *, *, #9099, .F. ) ;
#10589 = LINE ( 'NONE', #5254, #3210 ) ;
#10590 = VERTEX_POINT ( 'NONE', #5235 ) ;
#10591 = CARTESIAN_POINT ( 'NONE',  ( -7.632395077703248987, 5.000000000000000000, -3.129399903357408697 ) ) ;
#10592 = VECTOR ( 'NONE', #11724, 1000.000000000000114 ) ;
#10593 = CARTESIAN_POINT ( 'NONE',  ( -2.392856143191629315, 5.000000000000000000, 30.81720240801479704 ) ) ;
#10594 = ORIENTED_EDGE ( 'NONE', *, *, #1088, .T. ) ;
#10595 = ORIENTED_EDGE ( 'NONE', *, *, #5913, .T. ) ;
#10596 = ORIENTED_EDGE ( 'NONE', *, *, #5057, .T. ) ;
#10597 = ADVANCED_FACE ( 'NONE', ( #11620 ), #2222, .T. ) ;
#10598 = ADVANCED_FACE ( 'NONE', ( #3066 ), #4118, .T. ) ;
#10599 = FACE_OUTER_BOUND ( 'NONE', #1797, .T. ) ;
#10600 = VECTOR ( 'NONE', #11004, 1000.000000000000114 ) ;
#10601 = CARTESIAN_POINT ( 'NONE',  ( 11.59690708880838095, 5.000000000000000000, 23.49229249601479808 ) ) ;
#10602 = DIRECTION ( 'NONE',  ( 0.000000000000000000, 1.000000000000000000, 0.000000000000000000 ) ) ;
#10603 = DIRECTION ( 'NONE',  ( 0.000000000000000000, 0.000000000000000000, -1.000000000000000000 ) ) ;
#10604 = CARTESIAN_POINT ( 'NONE',  ( 76.49999999999998579, 3.000000000000000000, 45.29999999999999005 ) ) ;
#10605 = ORIENTED_EDGE ( 'NONE', *, *, #11239, .T. ) ;
#10606 = DIRECTION ( 'NONE',  ( -0.07087294926829956765, 0.000000000000000000, 0.9974853508007088809 ) ) ;
#10607 = EDGE_LOOP ( 'NONE', ( #104, #7326, #7158, #9729 ) ) ;
#10608 = CARTESIAN_POINT ( 'NONE',  ( 2.089596377569113539, 5.000000000000000000, 31.41098561095684261 ) ) ;
#10609 = ORIENTED_EDGE ( 'NONE', *, *, #731, .F. ) ;
#10610 = DIRECTION ( 'NONE',  ( -0.4472135954999592600, 0.000000000000000000, 0.8944271909999153003 ) ) ;
#10611 = ORIENTED_EDGE ( 'NONE', *, *, #1336, .T. ) ;
#10612 = VECTOR ( 'NONE', #907, 1000.000000000000000 ) ;
#10613 = DIRECTION ( 'NONE',  ( -0.000000000000000000, -1.000000000000000000, -0.000000000000000000 ) ) ;
#10614 = ORIENTED_EDGE ( 'NONE', *, *, #10278, .F. ) ;
#10615 = AXIS2_PLACEMENT_3D ( 'NONE', #10035, #11854, #12896 ) ;
#10616 = EDGE_CURVE ( 'NONE', #13557, #11818, #2018, .T. ) ;
#10617 = CARTESIAN_POINT ( 'NONE',  ( 1.384656010206708476, 5.000000000000000000, -31.44949454215126394 ) ) ;
#10618 = FACE_OUTER_BOUND ( 'NONE', #10403, .T. ) ;
#10619 = FACE_OUTER_BOUND ( 'NONE', #8166, .T. ) ;
#10620 = CARTESIAN_POINT ( 'NONE',  ( 76.49999999999998579, 0.000000000000000000, 45.29999999999999005 ) ) ;
#10621 = VECTOR ( 'NONE', #9429, 1000.000000000000000 ) ;
#10622 = AXIS2_PLACEMENT_3D ( 'NONE', #11009, #770, #11356 ) ;
#10623 = CARTESIAN_POINT ( 'NONE',  ( 48.66643924880836636, 5.000000000000000000, 20.02636800801478856 ) ) ;
#10624 = ORIENTED_EDGE ( 'NONE', *, *, #8317, .F. ) ;
#10625 = ORIENTED_EDGE ( 'NONE', *, *, #3971, .F. ) ;
#10626 = EDGE_LOOP ( 'NONE', ( #1980, #12289, #4498, #5682 ) ) ;
#10627 = CARTESIAN_POINT ( 'NONE',  ( -43.01236647119163337, 5.000000000000000000, 30.87900568801480361 ) ) ;
#10628 = LINE ( 'NONE', #11402, #4936 ) ;
#10629 = EDGE_CURVE ( 'NONE', #2428, #3436, #974, .T. ) ;
#10630 = AXIS2_PLACEMENT_3D ( 'NONE', #3980, #11547, #1951 ) ;
#10631 = FACE_OUTER_BOUND ( 'NONE', #13526, .T. ) ;
#10632 = VECTOR ( 'NONE', #1102, 1000.000000000000000 ) ;
#10633 = EDGE_CURVE ( 'NONE', #1570, #4905, #8324, .T. ) ;
#10634 = LINE ( 'NONE', #1040, #5319 ) ;
#10635 = PLANE ( 'NONE',  #2927 ) ;
#10636 = CARTESIAN_POINT ( 'NONE',  ( -76.50000000000001421, 3.000000000000000000, 46.99999999999999289 ) ) ;
#10637 = DIRECTION ( 'NONE',  ( 0.000000000000000000, 0.000000000000000000, 1.000000000000000000 ) ) ;
#10638 = DIRECTION ( 'NONE',  ( -0.000000000000000000, -1.000000000000000000, -0.000000000000000000 ) ) ;
#10639 = CALENDAR_DATE ( 2025, 8, 7 ) ;
#10640 = CARTESIAN_POINT ( 'NONE',  ( 8.853228552808367624, 5.000000000000000000, -6.771824775985201939 ) ) ;
#10641 = ORIENTED_EDGE ( 'NONE', *, *, #1827, .T. ) ;
#10642 = VECTOR ( 'NONE', #6340, 1000.000000000000114 ) ;
#10643 = LINE ( 'NONE', #1048, #11952 ) ;
#10644 = ORIENTED_EDGE ( 'NONE', *, *, #6989, .T. ) ;
#10645 = ORIENTED_EDGE ( 'NONE', *, *, #4090, .T. ) ;
#10646 = VECTOR ( 'NONE', #12980, 1000.000000000000000 ) ;
#10647 = DIRECTION ( 'NONE',  ( -0.6277521753278587635, 0.000000000000000000, -0.7784132619445415235 ) ) ;
#10648 = CARTESIAN_POINT ( 'NONE',  ( 0.000000000000000000, 5.000000000000000000, -7.958103327985199371 ) ) ;
#10649 = CARTESIAN_POINT ( 'NONE',  ( 19.85122655222131627, 3.000000000000000000, -1.410460701525787730 ) ) ;
#10650 = VERTEX_POINT ( 'NONE', #4195 ) ;
#10651 = EDGE_CURVE ( 'NONE', #8278, #1100, #12663, .T. ) ;
#10652 = FACE_OUTER_BOUND ( 'NONE', #7922, .T. ) ;
#10653 = ORIENTED_EDGE ( 'NONE', *, *, #1816, .F. ) ;
#10654 = VECTOR ( 'NONE', #4545, 1000.000000000000000 ) ;
#10655 = AXIS2_PLACEMENT_3D ( 'NONE', #5702, #12473, #11174 ) ;
#10656 = DIRECTION ( 'NONE',  ( -0.000000000000000000, -1.000000000000000000, -0.000000000000000000 ) ) ;
#10657 = DIRECTION ( 'NONE',  ( -0.5681063008746252141, 0.000000000000000000, -0.8229551815904374568 ) ) ;
#10658 = DIRECTION ( 'NONE',  ( 0.000000000000000000, 0.000000000000000000, 1.000000000000000000 ) ) ;
#10659 = EDGE_LOOP ( 'NONE', ( #11334, #13360, #7967, #3367 ) ) ;
#10660 = CARTESIAN_POINT ( 'NONE',  ( 16.51520052880837142, 5.000000000000000000, 32.33595781601479757 ) ) ;
#10661 = EDGE_CURVE ( 'NONE', #277, #684, #8606, .T. ) ;
#10662 = ORIENTED_EDGE ( 'NONE', *, *, #10801, .T. ) ;
#10663 = CARTESIAN_POINT ( 'NONE',  ( -0.4213608213604713160, 5.000000000000000000, 0.9688862080831209811 ) ) ;
#10664 = CARTESIAN_POINT ( 'NONE',  ( 20.93252928890449382, 3.000000000000000000, 27.11022474983857222 ) ) ;
#10665 = VECTOR ( 'NONE', #7059, 999.9999999999998863 ) ;
#10666 = VERTEX_POINT ( 'NONE', #5307 ) ;
#10667 = ADVANCED_FACE ( 'NONE', ( #1954 ), #9591, .T. ) ;
#10668 = VECTOR ( 'NONE', #8124, 1000.000000000000000 ) ;
#10669 = EDGE_CURVE ( 'NONE', #11030, #9383, #12867, .T. ) ;
#10670 = ORIENTED_EDGE ( 'NONE', *, *, #12282, .T. ) ;
#10671 = FACE_OUTER_BOUND ( 'NONE', #6171, .T. ) ;
#10672 = DIRECTION ( 'NONE',  ( 0.8283250196573378465, 0.000000000000000000, -0.5602478574788759547 ) ) ;
#10673 = DIRECTION ( 'NONE',  ( 1.000000000000000000, 0.000000000000000000, 0.000000000000000000 ) ) ;
#10674 = ORIENTED_EDGE ( 'NONE', *, *, #7583, .T. ) ;
#10675 = CARTESIAN_POINT ( 'NONE',  ( -7.169005087191634651, 3.000000000000000000, 29.03480008001477941 ) ) ;
#10676 = LINE ( 'NONE', #8502, #11888 ) ;
#10677 = ORIENTED_EDGE ( 'NONE', *, *, #7916, .T. ) ;
#10678 = VECTOR ( 'NONE', #6109, 1000.000000000000000 ) ;
#10679 = CARTESIAN_POINT ( 'NONE',  ( 33.84604724880837523, 5.000000000000000000, 0.000000000000000000 ) ) ;
#10680 = VECTOR ( 'NONE', #13044, 1000.000000000000000 ) ;
#10681 = ADVANCED_FACE ( 'NONE', ( #11827 ), #3198, .T. ) ;
#10682 = ORIENTED_EDGE ( 'NONE', *, *, #1758, .F. ) ;
#10683 = PLANE ( 'NONE',  #11318 ) ;
#10684 = ORIENTED_EDGE ( 'NONE', *, *, #3605, .F. ) ;
#10685 = ORIENTED_EDGE ( 'NONE', *, *, #4646, .F. ) ;
#10686 = CARTESIAN_POINT ( 'NONE',  ( 26.00692652880836064, 5.000000000000000000, 32.03596146401479672 ) ) ;
#10687 = ORIENTED_EDGE ( 'NONE', *, *, #5416, .F. ) ;
#10688 = VECTOR ( 'NONE', #5993, 1000.000000000000000 ) ;
#10689 = CARTESIAN_POINT ( 'NONE',  ( -28.01397533519163829, 5.000000000000000000, -7.856742087985201906 ) ) ;
#10690 = DIRECTION ( 'NONE',  ( 0.5726983836130417060, 0.000000000000000000, -0.8197661626384741274 ) ) ;
#10691 = DIRECTION ( 'NONE',  ( 0.000000000000000000, 0.000000000000000000, 1.000000000000000000 ) ) ;
#10692 = CARTESIAN_POINT ( 'NONE',  ( 29.26271884880837248, 5.000000000000000000, 20.00412268801479243 ) ) ;
#10693 = EDGE_CURVE ( 'NONE', #6628, #873, #6222, .T. ) ;
#10694 = EDGE_CURVE ( 'NONE', #12141, #589, #9375, .T. ) ;
#10695 = LINE ( 'NONE', #1098, #113 ) ;
#10696 = VECTOR ( 'NONE', #10751, 1000.000000000000000 ) ;
#10697 = ORIENTED_EDGE ( 'NONE', *, *, #12903, .T. ) ;
#10698 = EDGE_LOOP ( 'NONE', ( #4100, #12252, #9223, #12019 ) ) ;
#10699 = ORIENTED_EDGE ( 'NONE', *, *, #8383, .F. ) ;
#10700 = LINE ( 'NONE', #1870, #10632 ) ;
#10701 = CARTESIAN_POINT ( 'NONE',  ( 0.6283005777251369217, 5.000000000000000000, 0.2714039795847080772 ) ) ;
#10702 = CARTESIAN_POINT ( 'NONE',  ( 1.546697728155256302, 3.000000000000000000, 1.650136974982350457 ) ) ;
#10703 = DIRECTION ( 'NONE',  ( -0.8609913184333675140, 0.000000000000000000, -0.5086196511956371236 ) ) ;
#10704 = DIRECTION ( 'NONE',  ( 0.06377648243116733340, 0.000000000000000000, 0.9979642079196562321 ) ) ;
#10705 = LINE ( 'NONE', #3338, #5482 ) ;
#10706 = DIRECTION ( 'NONE',  ( -0.5497301800669206484, 0.000000000000000000, 0.8353422826144926150 ) ) ;
#10707 = DIRECTION ( 'NONE',  ( 0.3648949911690694825, 0.000000000000000000, -0.9310486804779462000 ) ) ;
#10708 = CARTESIAN_POINT ( 'NONE',  ( -20.90572213801597101, 5.000000000000000000, 8.630056186777412819 ) ) ;
#10709 = ORIENTED_EDGE ( 'NONE', *, *, #3042, .T. ) ;
#10710 = EDGE_CURVE ( 'NONE', #6829, #5138, #11968, .T. ) ;
#10711 = LINE ( 'NONE', #10572, #12399 ) ;
#10712 = ORIENTED_EDGE ( 'NONE', *, *, #11784, .T. ) ;
#10713 = CARTESIAN_POINT ( 'NONE',  ( 15.61211120721260670, 3.000000000000000000, -3.379356657001329811 ) ) ;
#10714 = EDGE_CURVE ( 'NONE', #1313, #2383, #6641, .T. ) ;
#10715 = CARTESIAN_POINT ( 'NONE',  ( 76.49999999999998579, 0.000000000000000000, 46.99999999999999289 ) ) ;
#10716 = FACE_BOUND ( 'NONE', #9256, .T. ) ;
#10717 = EDGE_LOOP ( 'NONE', ( #2667, #9341, #9134, #749 ) ) ;
#10718 = FACE_OUTER_BOUND ( 'NONE', #508, .T. ) ;
#10719 = ORIENTED_EDGE ( 'NONE', *, *, #6038, .F. ) ;
#10720 = CARTESIAN_POINT ( 'NONE',  ( -6.971240687191625263, 5.000000000000000000, 21.10669096801479938 ) ) ;
#10721 = DIRECTION ( 'NONE',  ( -0.9799092182948470064, 0.000000000000000000, -0.1994440370148520547 ) ) ;
#10722 = DIRECTION ( 'NONE',  ( 0.8964324551663570562, 0.000000000000000000, -0.4431803846340868214 ) ) ;
#10723 = ORIENTED_EDGE ( 'NONE', *, *, #8233, .T. ) ;
#10724 = EDGE_CURVE ( 'NONE', #7667, #11305, #5439, .T. ) ;
#10725 = PLANE ( 'NONE',  #5001 ) ;
#10726 = ORIENTED_EDGE ( 'NONE', *, *, #5228, .T. ) ;
#10727 = DIRECTION ( 'NONE',  ( -0.000000000000000000, -1.000000000000000000, -0.000000000000000000 ) ) ;
#10728 = EDGE_LOOP ( 'NONE', ( #996, #7934, #8264, #5894 ) ) ;
#10729 = CARTESIAN_POINT ( 'NONE',  ( 1.122054302226759503, 3.000000000000000000, -0.4523572907801944321 ) ) ;
#10730 = VERTEX_POINT ( 'NONE', #132 ) ;
#10731 = VERTEX_POINT ( 'NONE', #4728 ) ;
#10732 = ADVANCED_FACE ( 'NONE', ( #5512 ), #8744, .T. ) ;
#10733 = CARTESIAN_POINT ( 'NONE',  ( 0.000000000000000000, 5.000000000000000000, 15.35652416001479637 ) ) ;
#10734 = CARTESIAN_POINT ( 'NONE',  ( -16.16186547300566900, 5.000000000000000000, 43.72784434172503865 ) ) ;
#10735 = DIRECTION ( 'NONE',  ( 0.7364117514812725807, 0.000000000000000000, -0.6765336150408820526 ) ) ;
#10736 = ORIENTED_EDGE ( 'NONE', *, *, #3319, .F. ) ;
#10737 = DIRECTION ( 'NONE',  ( 0.000000000000000000, 0.000000000000000000, 1.000000000000000000 ) ) ;
#10738 = ORIENTED_EDGE ( 'NONE', *, *, #7631, .T. ) ;
#10739 = EDGE_CURVE ( 'NONE', #10505, #3943, #4401, .T. ) ;
#10740 = DIRECTION ( 'NONE',  ( 0.7296046392874412367, 0.000000000000000000, -0.6838691909497333077 ) ) ;
#10741 = ADVANCED_FACE ( 'NONE', ( #2369 ), #2293, .T. ) ;
#10742 = EDGE_LOOP ( 'NONE', ( #3665, #140, #1284, #441 ) ) ;
#10743 = DIRECTION ( 'NONE',  ( -0.2922869073583651001, 0.000000000000000000, -0.9563306770081584363 ) ) ;
#10744 = ORIENTED_EDGE ( 'NONE', *, *, #4954, .T. ) ;
#10745 = CARTESIAN_POINT ( 'NONE',  ( 0.000000000000000000, 3.000000000000000000, 15.35652416001479637 ) ) ;
#10746 = ORIENTED_EDGE ( 'NONE', *, *, #564, .F. ) ;
#10747 = CARTESIAN_POINT ( 'NONE',  ( 17.35817773960571486, 5.000000000000000000, 18.87611180412445933 ) ) ;
#10748 = ORIENTED_EDGE ( 'NONE', *, *, #13119, .T. ) ;
#10749 = EDGE_CURVE ( 'NONE', #178, #12403, #10769, .T. ) ;
#10750 = LINE ( 'NONE', #8452, #8529 ) ;
#10751 = DIRECTION ( 'NONE',  ( 1.000000000000000000, -0.000000000000000000, 0.000000000000000000 ) ) ;
#10752 = PLANE ( 'NONE',  #2935 ) ;
#10753 = CARTESIAN_POINT ( 'NONE',  ( 11.41344492979289882, 5.000000000000000000, -17.08154331524432124 ) ) ;
#10754 = ADVANCED_FACE ( 'NONE', ( #10125 ), #3411, .T. ) ;
#10755 = CARTESIAN_POINT ( 'NONE',  ( 16.48183000880836246, 5.000000000000000000, 21.14630379201480537 ) ) ;
#10756 = ORIENTED_EDGE ( 'NONE', *, *, #9421, .T. ) ;
#10757 = VERTEX_POINT ( 'NONE', #12941 ) ;
#10758 = VERTEX_POINT ( 'NONE', #13271 ) ;
#10759 = LINE ( 'NONE', #5502, #6612 ) ;
#10760 = DIRECTION ( 'NONE',  ( -0.000000000000000000, -1.000000000000000000, -0.000000000000000000 ) ) ;
#10761 = PLANE ( 'NONE',  #1506 ) ;
#10762 = EDGE_CURVE ( 'NONE', #13334, #11450, #1649, .T. ) ;
#10763 = ADVANCED_FACE ( 'NONE', ( #10196 ), #3754, .T. ) ;
#10764 = AXIS2_PLACEMENT_3D ( 'NONE', #8531, #5435, #7480 ) ;
#10765 = CARTESIAN_POINT ( 'NONE',  ( -13.81902277519163746, 5.000000000000000000, 25.86800732801479441 ) ) ;
#10766 = DIRECTION ( 'NONE',  ( -0.000000000000000000, -1.000000000000000000, -0.000000000000000000 ) ) ;
#10767 = DIRECTION ( 'NONE',  ( 0.000000000000000000, 0.000000000000000000, 1.000000000000000000 ) ) ;
#10768 = CARTESIAN_POINT ( 'NONE',  ( 24.70164084880837052, 5.000000000000000000, -7.958098247985205376 ) ) ;
#10769 = LINE ( 'NONE', #9077, #5885 ) ;
#10770 = CARTESIAN_POINT ( 'NONE',  ( 0.8253146539617295385, 5.000000000000000000, 1.985748629195887460 ) ) ;
#10771 = ORIENTED_EDGE ( 'NONE', *, *, #9575, .T. ) ;
#10772 = DIRECTION ( 'NONE',  ( -0.9709997323189784035, 0.000000000000000000, 0.2390805718507303668 ) ) ;
#10773 = VERTEX_POINT ( 'NONE', #205 ) ;
#10774 = ORIENTED_EDGE ( 'NONE', *, *, #13599, .T. ) ;
#10775 = LINE ( 'NONE', #9730, #2829 ) ;
#10776 = EDGE_LOOP ( 'NONE', ( #789, #30, #12706, #4149 ) ) ;
#10777 = VECTOR ( 'NONE', #3113, 1000.000000000000114 ) ;
#10778 = CARTESIAN_POINT ( 'NONE',  ( -27.67035092719162037, 3.000000000000000000, 0.000000000000000000 ) ) ;
#10779 = AXIS2_PLACEMENT_3D ( 'NONE', #2476, #11164, #2614 ) ;
#10780 = DIRECTION ( 'NONE',  ( 0.4084289667045309380, 0.000000000000000000, -0.9127901068464037149 ) ) ;
#10781 = ORIENTED_EDGE ( 'NONE', *, *, #2187, .F. ) ;
#10782 = DIRECTION ( 'NONE',  ( -0.9234200574215858381, 0.000000000000000000, 0.3837908252570857992 ) ) ;
#10783 = ORIENTED_EDGE ( 'NONE', *, *, #5075, .F. ) ;
#10784 = EDGE_CURVE ( 'NONE', #3315, #1622, #537, .T. ) ;
#10785 = VECTOR ( 'NONE', #3999, 1000.000000000000114 ) ;
#10786 = DIRECTION ( 'NONE',  ( -0.000000000000000000, -1.000000000000000000, -0.000000000000000000 ) ) ;
#10787 = VECTOR ( 'NONE', #782, 1000.000000000000000 ) ;
#10788 = LINE ( 'NONE', #12813, #12811 ) ;
#10789 = CARTESIAN_POINT ( 'NONE',  ( 18.68943036880838093, 3.000000000000000000, 20.35022004001479345 ) ) ;
#10790 = ORIENTED_EDGE ( 'NONE', *, *, #4145, .F. ) ;
#10791 = DIRECTION ( 'NONE',  ( 0.3693887080512764376, 0.000000000000000000, 0.9292749767233640101 ) ) ;
#10792 = ORIENTED_EDGE ( 'NONE', *, *, #3836, .F. ) ;
#10793 = CARTESIAN_POINT ( 'NONE',  ( 13.43203372080836289, 5.000000000000000000, 20.84730718401479166 ) ) ;
#10794 = ORIENTED_EDGE ( 'NONE', *, *, #2230, .T. ) ;
#10795 = DIRECTION ( 'NONE',  ( 0.9449917674218686336, -0.000000000000000000, 0.3270941141397886165 ) ) ;
#10796 = ORIENTED_EDGE ( 'NONE', *, *, #8523, .F. ) ;
#10797 = VECTOR ( 'NONE', #6076, 1000.000000000000000 ) ;
#10798 = ORIENTED_EDGE ( 'NONE', *, *, #9458, .F. ) ;
#10799 = EDGE_CURVE ( 'NONE', #13209, #6124, #84, .T. ) ;
#10800 = AXIS2_PLACEMENT_3D ( 'NONE', #13371, #7920, #4895 ) ;
#10801 = EDGE_CURVE ( 'NONE', #7723, #7705, #6911, .T. ) ;
#10802 = CARTESIAN_POINT ( 'NONE',  ( 32.55251449301193389, 5.000000000000000000, 12.89839387925311698 ) ) ;
#10803 = DIRECTION ( 'NONE',  ( 0.08513582556769692944, 0.000000000000000000, -0.9963693548102062758 ) ) ;
#10804 = FACE_OUTER_BOUND ( 'NONE', #1149, .T. ) ;
#10805 = ORIENTED_EDGE ( 'NONE', *, *, #13015, .F. ) ;
#10806 = PLANE ( 'NONE',  #7426 ) ;
#10807 = ORIENTED_EDGE ( 'NONE', *, *, #8792, .F. ) ;
#10808 = VECTOR ( 'NONE', #11549, 1000.000000000000000 ) ;
#10809 = LINE ( 'NONE', #2054, #4772 ) ;
#10810 = ORIENTED_EDGE ( 'NONE', *, *, #8752, .T. ) ;
#10811 = CARTESIAN_POINT ( 'NONE',  ( -9.572363247191635338, 5.000000000000000000, 21.19736998401479511 ) ) ;
#10812 = ORIENTED_EDGE ( 'NONE', *, *, #1107, .T. ) ;
#10813 = DIRECTION ( 'NONE',  ( -0.000000000000000000, -1.000000000000000000, -0.000000000000000000 ) ) ;
#10814 = VERTEX_POINT ( 'NONE', #6566 ) ;
#10815 = CARTESIAN_POINT ( 'NONE',  ( -28.18217718319161591, 3.000000000000000000, 31.71129968001479327 ) ) ;
#10816 = EDGE_LOOP ( 'NONE', ( #930, #13255, #9419, #2953 ) ) ;
#10817 = ADVANCED_FACE ( 'NONE', ( #11895 ), #4869, .T. ) ;
#10818 = VECTOR ( 'NONE', #3933, 999.9999999999998863 ) ;
#10819 = EDGE_CURVE ( 'NONE', #1003, #9864, #4799, .T. ) ;
#10820 = LINE ( 'NONE', #13676, #3404 ) ;
#10821 = DIRECTION ( 'NONE',  ( 0.7818572825625396128, 0.000000000000000000, 0.6234574481902683818 ) ) ;
#10822 = DIRECTION ( 'NONE',  ( 0.1976663333700899305, 0.000000000000000000, 0.9802693612737390927 ) ) ;
#10823 = LINE ( 'NONE', #4177, #5717 ) ;
#10824 = VECTOR ( 'NONE', #10107, 1000.000000000000000 ) ;
#10825 = FACE_OUTER_BOUND ( 'NONE', #5573, .T. ) ;
#10826 = ORIENTED_EDGE ( 'NONE', *, *, #4626, .F. ) ;
#10827 = ORIENTED_EDGE ( 'NONE', *, *, #11098, .T. ) ;
#10828 = EDGE_CURVE ( 'NONE', #12395, #529, #5841, .T. ) ;
#10829 = VECTOR ( 'NONE', #4334, 1000.000000000000000 ) ;
#10830 = ORIENTED_EDGE ( 'NONE', *, *, #9858, .F. ) ;
#10831 = CARTESIAN_POINT ( 'NONE',  ( -22.79778967919162369, 5.000000000000000000, 20.23155835201480102 ) ) ;
#10832 = LINE ( 'NONE', #3401, #9367 ) ;
#10833 = FACE_OUTER_BOUND ( 'NONE', #5572, .T. ) ;
#10834 = EDGE_CURVE ( 'NONE', #4529, #9240, #12702, .T. ) ;
#10835 = EDGE_CURVE ( 'NONE', #5963, #10650, #12554, .T. ) ;
#10836 = VECTOR ( 'NONE', #13553, 1000.000000000000000 ) ;
#10837 = LINE ( 'NONE', #55, #13579 ) ;
#10838 = DIRECTION ( 'NONE',  ( -0.9979642079196563431, 0.000000000000000000, 0.06377648243116734728 ) ) ;
#10839 = DIRECTION ( 'NONE',  ( -0.3837788242531887661, 0.000000000000000000, -0.9234250451741278232 ) ) ;
#10840 = CARTESIAN_POINT ( 'NONE',  ( 8.765878097828945670, 5.000000000000000000, 12.96032827394036779 ) ) ;
#10841 = DIRECTION ( 'NONE',  ( -1.000000000000000000, 0.000000000000000000, 0.000000000000000000 ) ) ;
#10842 = CARTESIAN_POINT ( 'NONE',  ( 25.85973556080835323, 3.000000000000000000, 13.56753002401479336 ) ) ;
#10843 = ORIENTED_EDGE ( 'NONE', *, *, #6200, .T. ) ;
#10844 = DIRECTION ( 'NONE',  ( 0.1075176353200278517, 0.000000000000000000, -0.9942031774718834702 ) ) ;
#10845 = ORIENTED_EDGE ( 'NONE', *, *, #6769, .T. ) ;
#10846 = ORIENTED_EDGE ( 'NONE', *, *, #8077, .T. ) ;
#10847 = EDGE_CURVE ( 'NONE', #11954, #1214, #8295, .T. ) ;
#10848 = LINE ( 'NONE', #3418, #10872 ) ;
#10849 = VERTEX_POINT ( 'NONE', #10323 ) ;
#10850 = AXIS2_PLACEMENT_3D ( 'NONE', #2765, #5843, #13467 ) ;
#10851 = FACE_OUTER_BOUND ( 'NONE', #842, .T. ) ;
#10852 = FACE_OUTER_BOUND ( 'NONE', #3423, .T. ) ;
#10853 = VECTOR ( 'NONE', #895, 1000.000000000000114 ) ;
#10854 = ORIENTED_EDGE ( 'NONE', *, *, #3317, .F. ) ;
#10855 = CARTESIAN_POINT ( 'NONE',  ( 8.277839293488513661, 5.000000000000000000, 11.85764157189285761 ) ) ;
#10856 = EDGE_LOOP ( 'NONE', ( #5570, #3923, #1621, #8791 ) ) ;
#10857 = VECTOR ( 'NONE', #6775, 1000.000000000000000 ) ;
#10858 = DIRECTION ( 'NONE',  ( 0.08540894410708982365, 0.000000000000000000, -0.9963459802029173140 ) ) ;
#10859 = CARTESIAN_POINT ( 'NONE',  ( 9.295352128808378467, 3.000000000000000000, 32.03596146401479672 ) ) ;
#10860 = AXIS2_PLACEMENT_3D ( 'NONE', #4086, #9691, #7529 ) ;
#10861 = DIRECTION ( 'NONE',  ( 0.8829586124968413774, 0.000000000000000000, 0.4694508372744184421 ) ) ;
#10862 = EDGE_LOOP ( 'NONE', ( #4301, #8178, #11697, #8914 ) ) ;
#10863 = DIRECTION ( 'NONE',  ( 0.000000000000000000, 0.000000000000000000, -1.000000000000000000 ) ) ;
#10864 = ORIENTED_EDGE ( 'NONE', *, *, #535, .F. ) ;
#10865 = EDGE_CURVE ( 'NONE', #13850, #2535, #3877, .T. ) ;
#10866 = DIRECTION ( 'NONE',  ( 0.000000000000000000, 0.000000000000000000, -1.000000000000000000 ) ) ;
#10867 = EDGE_CURVE ( 'NONE', #1535, #13664, #4017, .T. ) ;
#10868 = CARTESIAN_POINT ( 'NONE',  ( 25.03665291654233727, 5.000000000000000000, 24.41080621654272420 ) ) ;
#10869 = CARTESIAN_POINT ( 'NONE',  ( -10.00206622319163863, 5.000000000000000000, 30.93092125601479481 ) ) ;
#10870 = ORIENTED_EDGE ( 'NONE', *, *, #5856, .F. ) ;
#10871 = ORIENTED_EDGE ( 'NONE', *, *, #3882, .T. ) ;
#10872 = VECTOR ( 'NONE', #11975, 1000.000000000000000 ) ;
#10873 = VECTOR ( 'NONE', #4421, 1000.000000000000114 ) ;
#10874 = LINE ( 'NONE', #8711, #13802 ) ;
#10875 = DIRECTION ( 'NONE',  ( -0.9593610758068138455, 0.000000000000000000, 0.2821813711547821457 ) ) ;
#10876 = LINE ( 'NONE', #5550, #11788 ) ;
#10877 = CARTESIAN_POINT ( 'NONE',  ( 9.295352128808378467, 3.000000000000000000, -0.000000000000000000 ) ) ;
#10878 = ORIENTED_EDGE ( 'NONE', *, *, #10267, .T. ) ;
#10879 = DIRECTION ( 'NONE',  ( -0.3904133835278661424, 0.000000000000000000, 0.9206396634744362650 ) ) ;
#10880 = ORIENTED_EDGE ( 'NONE', *, *, #13558, .F. ) ;
#10881 = LINE ( 'NONE', #5342, #1193 ) ;
#10882 = VECTOR ( 'NONE', #13686, 1000.000000000000114 ) ;
#10883 = EDGE_LOOP ( 'NONE', ( #2883, #13752, #993, #12132 ) ) ;
#10884 = DIRECTION ( 'NONE',  ( -0.000000000000000000, -0.000000000000000000, 1.000000000000000000 ) ) ;
#10885 = EDGE_CURVE ( 'NONE', #3475, #4009, #4995, .T. ) ;
#10886 = ORIENTED_EDGE ( 'NONE', *, *, #67, .T. ) ;
#10887 = VECTOR ( 'NONE', #12564, 1000.000000000000000 ) ;
#10888 = CARTESIAN_POINT ( 'NONE',  ( 32.45422884880835568, 3.000000000000000000, 13.14644374401479432 ) ) ;
#10889 = EDGE_CURVE ( 'NONE', #2551, #13431, #9275, .T. ) ;
#10890 = ORIENTED_EDGE ( 'NONE', *, *, #5057, .F. ) ;
#10891 = LINE ( 'NONE', #10747, #7758 ) ;
#10892 = ORIENTED_EDGE ( 'NONE', *, *, #3717, .F. ) ;
#10893 = CARTESIAN_POINT ( 'NONE',  ( 25.98970928289181614, 5.000000000000000000, -0.02908375463968950261 ) ) ;
#10894 = VECTOR ( 'NONE', #11614, 1000.000000000000000 ) ;
#10895 = FACE_OUTER_BOUND ( 'NONE', #5218, .T. ) ;
#10896 = VECTOR ( 'NONE', #381, 1000.000000000000114 ) ;
#10897 = DIRECTION ( 'NONE',  ( 0.8923961784954330678, 0.000000000000000000, -0.4512527679768259525 ) ) ;
#10898 = LINE ( 'NONE', #10122, #1025 ) ;
#10899 = ADVANCED_FACE ( 'NONE', ( #9411 ), #2834, .T. ) ;
#10900 = PLANE ( 'NONE',  #9066 ) ;
#10901 = VERTEX_POINT ( 'NONE', #8235 ) ;
#10902 = ORIENTED_EDGE ( 'NONE', *, *, #5992, .T. ) ;
#10903 = ORIENTED_EDGE ( 'NONE', *, *, #9232, .F. ) ;
#10904 = VECTOR ( 'NONE', #11857, 1000.000000000000000 ) ;
#10905 = CARTESIAN_POINT ( 'NONE',  ( -7.680177885982168995, 5.000000000000000000, 39.77779341326842655 ) ) ;
#10906 = DIRECTION ( 'NONE',  ( 0.3648949911690694825, 0.000000000000000000, -0.9310486804779462000 ) ) ;
#10907 = DIRECTION ( 'NONE',  ( -0.6295866936947176473, 0.000000000000000000, 0.7769302382598799461 ) ) ;
#10908 = CARTESIAN_POINT ( 'NONE',  ( -7.169005087191634651, 3.000000000000000000, -0.000000000000000000 ) ) ;
#10909 = CARTESIAN_POINT ( 'NONE',  ( 2.599264164035895774, 5.000000000000000000, 4.971667412557167154 ) ) ;
#10910 = EDGE_CURVE ( 'NONE', #5971, #5697, #13665, .T. ) ;
#10911 = CARTESIAN_POINT ( 'NONE',  ( 25.02796988880836793, 5.000000000000000000, 0.000000000000000000 ) ) ;
#10912 = AXIS2_PLACEMENT_3D ( 'NONE', #6337, #8517, #3112 ) ;
#10913 = LINE ( 'NONE', #3339, #9884 ) ;
#10914 = DIRECTION ( 'NONE',  ( -0.8168531569463852726, 0.000000000000000000, 0.5768456639229629923 ) ) ;
#10915 = DIRECTION ( 'NONE',  ( -0.5893963186387826125, 0.000000000000000000, -0.8078440317134556459 ) ) ;
#10916 = ORIENTED_EDGE ( 'NONE', *, *, #11544, .F. ) ;
#10917 = EDGE_CURVE ( 'NONE', #2887, #8721, #10262, .T. ) ;
#10918 = FACE_OUTER_BOUND ( 'NONE', #4008, .T. ) ;
#10919 = EDGE_CURVE ( 'NONE', #10958, #13219, #3952, .T. ) ;
#10920 = ORIENTED_EDGE ( 'NONE', *, *, #13426, .T. ) ;
#10921 = CARTESIAN_POINT ( 'NONE',  ( 19.25384849147917521, 5.000000000000000000, 7.808270046742937787 ) ) ;
#10922 = VERTEX_POINT ( 'NONE', #6191 ) ;
#10923 = DIRECTION ( 'NONE',  ( -0.000000000000000000, -1.000000000000000000, -0.000000000000000000 ) ) ;
#10924 = CARTESIAN_POINT ( 'NONE',  ( 15.96171658273045857, 5.000000000000000000, 3.481637817375671684 ) ) ;
#10925 = VERTEX_POINT ( 'NONE', #13740 ) ;
#10926 = CARTESIAN_POINT ( 'NONE',  ( 0.000000000000000000, 5.000000000000000000, 12.62482528001480020 ) ) ;
#10927 = ORIENTED_EDGE ( 'NONE', *, *, #3533, .T. ) ;
#10928 = ADVANCED_FACE ( 'NONE', ( #1849 ), #12498, .T. ) ;
#10929 = VECTOR ( 'NONE', #8738, 1000.000000000000114 ) ;
#10930 = FACE_OUTER_BOUND ( 'NONE', #6197, .T. ) ;
#10931 = FACE_OUTER_BOUND ( 'NONE', #11199, .T. ) ;
#10932 = LINE ( 'NONE', #1338, #97 ) ;
#10933 = LINE ( 'NONE', #3640, #3626 ) ;
#10934 = ORIENTED_EDGE ( 'NONE', *, *, #2473, .T. ) ;
#10935 = PLANE ( 'NONE',  #6122 ) ;
#10936 = PERSON ( 'UNSPECIFIED', 'UNSPECIFIED', 'UNSPECIFIED', ('UNSPECIFIED'), ('UNSPECIFIED'), ('UNSPECIFIED') ) ;
#10937 = ORIENTED_EDGE ( 'NONE', *, *, #8365, .F. ) ;
#10938 = DIRECTION ( 'NONE',  ( -0.4325153727304008044, 0.000000000000000000, -0.9016265592538201812 ) ) ;
#10939 = ORIENTED_EDGE ( 'NONE', *, *, #1436, .T. ) ;
#10940 = DIRECTION ( 'NONE',  ( 0.000000000000000000, 0.000000000000000000, -1.000000000000000000 ) ) ;
#10941 = CARTESIAN_POINT ( 'NONE',  ( -51.34096043119163255, 5.000000000000000000, 28.41182444001479723 ) ) ;
#10942 = EDGE_LOOP ( 'NONE', ( #13834, #6650, #1855, #9893 ) ) ;
#10943 = ORIENTED_EDGE ( 'NONE', *, *, #2538, .F. ) ;
#10944 = DIRECTION ( 'NONE',  ( 0.9956331021264480663, 0.000000000000000000, 0.09335269653344567542 ) ) ;
#10945 = ADVANCED_FACE ( 'NONE', ( #1720 ), #6047, .T. ) ;
#10946 = FACE_OUTER_BOUND ( 'NONE', #10742, .T. ) ;
#10947 = ADVANCED_FACE ( 'NONE', ( #8440 ), #4929, .T. ) ;
#10948 = ORIENTED_EDGE ( 'NONE', *, *, #8195, .F. ) ;
#10949 = DIRECTION ( 'NONE',  ( -0.5957077070093449445, 0.000000000000000000, 0.8032012996812619710 ) ) ;
#10950 = CARTESIAN_POINT ( 'NONE',  ( 0.000000000000000000, 5.000000000000000000, 13.67547900801479521 ) ) ;
#10951 = DIRECTION ( 'NONE',  ( 0.04951962448429150787, 0.000000000000000000, -0.9987731508160072602 ) ) ;
#10952 = ORIENTED_EDGE ( 'NONE', *, *, #4282, .F. ) ;
#10953 = LINE ( 'NONE', #1356, #7927 ) ;
#10954 = EDGE_LOOP ( 'NONE', ( #12839, #9958, #1800, #3115 ) ) ;
#10955 = PLANE ( 'NONE',  #8407 ) ;
#10956 = ORIENTED_EDGE ( 'NONE', *, *, #4794, .F. ) ;
#10957 = DIRECTION ( 'NONE',  ( 0.9934094000795792301, 0.000000000000000000, 0.1146200847737016693 ) ) ;
#10958 = VERTEX_POINT ( 'NONE', #11444 ) ;
#10959 = DIRECTION ( 'NONE',  ( 0.7510558762918485565, 0.000000000000000000, -0.6602386467690930516 ) ) ;
#10960 = ORIENTED_EDGE ( 'NONE', *, *, #9121, .T. ) ;
#10961 = CARTESIAN_POINT ( 'NONE',  ( -28.38106731119163584, 5.000000000000000000, -7.704687527985198514 ) ) ;
#10962 = EDGE_CURVE ( 'NONE', #11218, #86, #12628, .T. ) ;
#10963 = CARTESIAN_POINT ( 'NONE',  ( -12.78320569519163463, 5.000000000000000000, 0.000000000000000000 ) ) ;
#10964 = CARTESIAN_POINT ( 'NONE',  ( 44.39460628880835458, 5.000000000000000000, 20.45898995201480020 ) ) ;
#10965 = LINE ( 'NONE', #8035, #3480 ) ;
#10966 = VECTOR ( 'NONE', #13223, 1000.000000000000000 ) ;
#10967 = CARTESIAN_POINT ( 'NONE',  ( -0.1874818688705127967, 3.000000000000000000, 0.2788188856503864277 ) ) ;
#10968 = ORIENTED_EDGE ( 'NONE', *, *, #12119, .F. ) ;
#10969 = ORIENTED_EDGE ( 'NONE', *, *, #11203, .T. ) ;
#10970 = ORIENTED_EDGE ( 'NONE', *, *, #4570, .T. ) ;
#10971 = PLANE ( 'NONE',  #12851 ) ;
#10972 = CARTESIAN_POINT ( 'NONE',  ( 11.38397926299177065, 3.000000000000000000, -11.68932937623404200 ) ) ;
#10973 = DIRECTION ( 'NONE',  ( 1.000000000000000000, 0.000000000000000000, -0.000000000000000000 ) ) ;
#10974 = ADVANCED_FACE ( 'NONE', ( #8165 ), #6116, .T. ) ;
#10975 = CARTESIAN_POINT ( 'NONE',  ( -11.94701026319162018, 5.000000000000000000, 21.27541300801479807 ) ) ;
#10976 = APPROVAL ( #9238, 'UNSPECIFIED' ) ;
#10977 = CARTESIAN_POINT ( 'NONE',  ( -39.49091961519163618, 5.000000000000000000, 29.32694986401480364 ) ) ;
#10978 = CARTESIAN_POINT ( 'NONE',  ( -25.50983445252338200, 5.000000000000000000, 17.17339002189970643 ) ) ;
#10979 = CARTESIAN_POINT ( 'NONE',  ( -47.34741925177519306, 5.000000000000000000, 34.54428516956821227 ) ) ;
#10980 = ORIENTED_EDGE ( 'NONE', *, *, #3229, .F. ) ;
#10981 = LINE ( 'NONE', #8893, #2107 ) ;
#10982 = ORIENTED_EDGE ( 'NONE', *, *, #3152, .F. ) ;
#10983 = ORIENTED_EDGE ( 'NONE', *, *, #7610, .F. ) ;
#10984 = DIRECTION ( 'NONE',  ( -0.9225069732799374700, 0.000000000000000000, 0.3859804195161828377 ) ) ;
#10985 = VERTEX_POINT ( 'NONE', #27 ) ;
#10986 = ORIENTED_EDGE ( 'NONE', *, *, #1801, .F. ) ;
#10987 = CARTESIAN_POINT ( 'NONE',  ( -3.632035779176051360, 5.000000000000000000, 31.98333919953596904 ) ) ;
#10988 = DIRECTION ( 'NONE',  ( 0.000000000000000000, 0.000000000000000000, -1.000000000000000000 ) ) ;
#10989 = EDGE_CURVE ( 'NONE', #5703, #5237, #7454, .T. ) ;
#10990 = ORIENTED_EDGE ( 'NONE', *, *, #5596, .F. ) ;
#10991 = FACE_OUTER_BOUND ( 'NONE', #1851, .T. ) ;
#10992 = VECTOR ( 'NONE', #2992, 1000.000000000000000 ) ;
#10993 = ORIENTED_EDGE ( 'NONE', *, *, #12815, .T. ) ;
#10994 = ADVANCED_FACE ( 'NONE', ( #7385 ), #7526, .T. ) ;
#10995 = EDGE_CURVE ( 'NONE', #9673, #10230, #3166, .T. ) ;
#10996 = DIRECTION ( 'NONE',  ( -0.9234200574215858381, 0.000000000000000000, 0.3837908252570857992 ) ) ;
#10997 = PLANE ( 'NONE',  #4165 ) ;
#10998 = CARTESIAN_POINT ( 'NONE',  ( 83.99999999999998579, 0.000000000000000000, 50.99999999999999289 ) ) ;
#10999 = LINE ( 'NONE', #8570, #6807 ) ;
#11000 = ORIENTED_EDGE ( 'NONE', *, *, #10549, .T. ) ;
#11001 = CARTESIAN_POINT ( 'NONE',  ( 17.33050395280837108, 3.000000000000000000, 31.04807215201479664 ) ) ;
#11002 = VERTEX_POINT ( 'NONE', #9623 ) ;
#11003 = VECTOR ( 'NONE', #1228, 1000.000000000000114 ) ;
#11004 = DIRECTION ( 'NONE',  ( -0.9788017192891083074, 0.000000000000000000, 0.2048101421235911379 ) ) ;
#11005 = CIRCLE ( 'NONE', #8545, 2.540000000115890444 ) ;
#11006 = ORIENTED_EDGE ( 'NONE', *, *, #12354, .T. ) ;
#11007 = ORIENTED_EDGE ( 'NONE', *, *, #12604, .F. ) ;
#11008 = CARTESIAN_POINT ( 'NONE',  ( -33.29443721519162835, 5.000000000000000000, 15.35652416001479637 ) ) ;
#11009 = CARTESIAN_POINT ( 'NONE',  ( -28.90641449519162975, 5.000000000000000000, 0.000000000000000000 ) ) ;
#11010 = CARTESIAN_POINT ( 'NONE',  ( -54.50003190573397660, 3.000000000000000000, 8.761791919398385531 ) ) ;
#11011 = EDGE_CURVE ( 'NONE', #6593, #3441, #10881, .T. ) ;
#11012 = ORIENTED_EDGE ( 'NONE', *, *, #5292, .F. ) ;
#11013 = ORIENTED_EDGE ( 'NONE', *, *, #9633, .F. ) ;
#11014 = AXIS2_PLACEMENT_3D ( 'NONE', #533, #2489, #8943 ) ;
#11015 = EDGE_CURVE ( 'NONE', #5818, #3943, #11652, .T. ) ;
#11016 = VECTOR ( 'NONE', #13190, 1000.000000000000000 ) ;
#11017 = CARTESIAN_POINT ( 'NONE',  ( -2.861541279222644452, 5.000000000000000000, 30.51915291675149433 ) ) ;
#11018 = CARTESIAN_POINT ( 'NONE',  ( -12.76825271724433364, 3.000000000000000000, -25.82667583754604834 ) ) ;
#11019 = DIRECTION ( 'NONE',  ( 0.1087336054244275596, 0.000000000000000000, 0.9940709245579033571 ) ) ;
#11020 = CARTESIAN_POINT ( 'NONE',  ( 4.388764105825505801, 5.000000000000000000, 7.392641892995094999 ) ) ;
#11021 = FACE_OUTER_BOUND ( 'NONE', #12029, .T. ) ;
#11022 = ORIENTED_EDGE ( 'NONE', *, *, #10370, .T. ) ;
#11023 = PLANE ( 'NONE',  #4095 ) ;
#11024 = ORIENTED_EDGE ( 'NONE', *, *, #11422, .F. ) ;
#11025 = CARTESIAN_POINT ( 'NONE',  ( 48.39486549680836447, 5.000000000000000000, 21.31096894401479602 ) ) ;
#11026 = VECTOR ( 'NONE', #2956, 999.9999999999998863 ) ;
#11027 = ORIENTED_EDGE ( 'NONE', *, *, #4344, .F. ) ;
#11028 = DIRECTION ( 'NONE',  ( 0.04113955615027988649, 0.000000000000000000, -0.9991534101026517956 ) ) ;
#11029 = EDGE_CURVE ( 'NONE', #12363, #2551, #96, .T. ) ;
#11030 = VERTEX_POINT ( 'NONE', #4292 ) ;
#11031 = EDGE_CURVE ( 'NONE', #2729, #2453, #11935, .T. ) ;
#11032 = CC_DESIGN_SECURITY_CLASSIFICATION ( #9230, ( #1408 ) ) ;
#11033 = LINE ( 'NONE', #13133, #5058 ) ;
#11034 = ORIENTED_EDGE ( 'NONE', *, *, #4911, .T. ) ;
#11035 = DIRECTION ( 'NONE',  ( -0.6768908267101132470, 0.000000000000000000, 0.7360834251059450439 ) ) ;
#11036 = VECTOR ( 'NONE', #7367, 999.9999999999998863 ) ;
#11037 = CARTESIAN_POINT ( 'NONE',  ( -13.63508042674226139, 3.000000000000000000, 30.47278115459705816 ) ) ;
#11038 = DIRECTION ( 'NONE',  ( 0.1212309411059864228, 0.000000000000000000, 0.9926243291993990248 ) ) ;
#11039 = LINE ( 'NONE', #1443, #7745 ) ;
#11040 = LINE ( 'NONE', #8732, #11520 ) ;
#11041 = ORIENTED_EDGE ( 'NONE', *, *, #10549, .F. ) ;
#11042 = ORIENTED_EDGE ( 'NONE', *, *, #6003, .F. ) ;
#11043 = EDGE_CURVE ( 'NONE', #13722, #3683, #2125, .T. ) ;
#11044 = EDGE_LOOP ( 'NONE', ( #13606, #9978, #10018, #12649 ) ) ;
#11045 = EDGE_CURVE ( 'NONE', #3515, #11325, #10809, .T. ) ;
#11046 = VECTOR ( 'NONE', #6971, 1000.000000000000000 ) ;
#11047 = DIRECTION ( 'NONE',  ( -0.000000000000000000, -1.000000000000000000, -0.000000000000000000 ) ) ;
#11048 = CARTESIAN_POINT ( 'NONE',  ( -28.82977761519162385, 5.000000000000000000, 30.21647615201479553 ) ) ;
#11049 = CARTESIAN_POINT ( 'NONE',  ( 83.99999999999998579, 3.000000000000000000, 50.99999999999999289 ) ) ;
#11050 = LINE ( 'NONE', #13083, #2797 ) ;
#11051 = VECTOR ( 'NONE', #4426, 1000.000000000000000 ) ;
#11052 = VECTOR ( 'NONE', #13183, 1000.000000000000000 ) ;
#11053 = ORIENTED_EDGE ( 'NONE', *, *, #5273, .T. ) ;
#11054 = LINE ( 'NONE', #9023, #4791 ) ;
#11055 = ORIENTED_EDGE ( 'NONE', *, *, #12202, .F. ) ;
#11056 = ORIENTED_EDGE ( 'NONE', *, *, #12298, .T. ) ;
#11057 = CARTESIAN_POINT ( 'NONE',  ( 38.47138724880836946, 5.000000000000000000, 0.000000000000000000 ) ) ;
#11058 = ORIENTED_EDGE ( 'NONE', *, *, #3957, .T. ) ;
#11059 = EDGE_CURVE ( 'NONE', #3579, #13022, #9836, .T. ) ;
#11060 = FACE_OUTER_BOUND ( 'NONE', #3621, .T. ) ;
#11061 = LINE ( 'NONE', #9164, #6487 ) ;
#11062 = EDGE_CURVE ( 'NONE', #1163, #4970, #5405, .T. ) ;
#11063 = VERTEX_POINT ( 'NONE', #1012 ) ;
#11064 = VECTOR ( 'NONE', #12249, 1000.000000000000000 ) ;
#11065 = CARTESIAN_POINT ( 'NONE',  ( -51.66480839919164936, 3.000000000000000000, 25.04478824801478609 ) ) ;
#11066 = VECTOR ( 'NONE', #6436, 1000.000000000000000 ) ;
#11067 = DIRECTION ( 'NONE',  ( -0.7396924151211460297, 0.000000000000000000, -0.6729451173849514412 ) ) ;
#11068 = CARTESIAN_POINT ( 'NONE',  ( -13.56208096088929516, 5.000000000000000000, -2.738061315530600393 ) ) ;
#11069 = CARTESIAN_POINT ( 'NONE',  ( 13.04539390480837291, 5.000000000000000000, 29.12301326401479074 ) ) ;
#11070 = CARTESIAN_POINT ( 'NONE',  ( 8.764944312970003537, 5.000000000000000000, -1.173899725559989005 ) ) ;
#11071 = LINE ( 'NONE', #2459, #6082 ) ;
#11072 = ORIENTED_EDGE ( 'NONE', *, *, #11482, .F. ) ;
#11073 = AXIS2_PLACEMENT_3D ( 'NONE', #5571, #8804, #13069 ) ;
#11074 = CARTESIAN_POINT ( 'NONE',  ( -22.76687779734753292, 5.000000000000000000, 7.428314981732949462 ) ) ;
#11075 = ORIENTED_EDGE ( 'NONE', *, *, #10828, .F. ) ;
#11076 = EDGE_LOOP ( 'NONE', ( #12254, #811, #6473, #2371, #4600, #3974, #6727 ) ) ;
#11077 = VECTOR ( 'NONE', #4750, 1000.000000000000000 ) ;
#11078 = DIRECTION ( 'NONE',  ( -0.000000000000000000, -1.000000000000000000, -0.000000000000000000 ) ) ;
#11079 = ORIENTED_EDGE ( 'NONE', *, *, #1188, .T. ) ;
#11080 = ADVANCED_FACE ( 'NONE', ( #3312 ), #5272, .T. ) ;
#11081 = DIRECTION ( 'NONE',  ( 0.9773654527280689619, 0.000000000000000000, -0.2115579632480349137 ) ) ;
#11082 = PLANE ( 'NONE',  #6157 ) ;
#11083 = VERTEX_POINT ( 'NONE', #6396 ) ;
#11084 = ORIENTED_EDGE ( 'NONE', *, *, #9138, .F. ) ;
#11085 = AXIS2_PLACEMENT_3D ( 'NONE', #6849, #7903, #10071 ) ;
#11086 = DIRECTION ( 'NONE',  ( -0.3910582461686524236, 0.000000000000000000, -0.9203659316290980774 ) ) ;
#11087 = VECTOR ( 'NONE', #1903, 1000.000000000000114 ) ;
#11088 = DIRECTION ( 'NONE',  ( 0.8964324551663522822, 0.000000000000000000, -0.4431803846340966468 ) ) ;
#11089 = DIRECTION ( 'NONE',  ( -0.000000000000000000, -1.000000000000000000, -0.000000000000000000 ) ) ;
#11090 = DIRECTION ( 'NONE',  ( -0.000000000000000000, -1.000000000000000000, -0.000000000000000000 ) ) ;
#11091 = EDGE_CURVE ( 'NONE', #5884, #11589, #1084, .T. ) ;
#11092 = PLANE ( 'NONE',  #5173 ) ;
#11093 = EDGE_LOOP ( 'NONE', ( #13157, #4261, #6542, #10920 ) ) ;
#11094 = DIRECTION ( 'NONE',  ( -0.000000000000000000, -1.000000000000000000, -0.000000000000000000 ) ) ;
#11095 = VERTEX_POINT ( 'NONE', #12977 ) ;
#11096 = DIRECTION ( 'NONE',  ( -0.5603453801135055423, 0.000000000000000000, 0.8282590506510936201 ) ) ;
#11097 = AXIS2_PLACEMENT_3D ( 'NONE', #8731, #9498, #7545 ) ;
#11098 = EDGE_CURVE ( 'NONE', #12703, #881, #8574, .T. ) ;
#11099 = ORIENTED_EDGE ( 'NONE', *, *, #9206, .F. ) ;
#11100 = ADVANCED_FACE ( 'NONE', ( #11798 ), #2195, .T. ) ;
#11101 = CARTESIAN_POINT ( 'NONE',  ( -38.96285031310559077, 5.000000000000000000, -1.604272529146726578 ) ) ;
#11102 = ORIENTED_EDGE ( 'NONE', *, *, #626, .F. ) ;
#11103 = VECTOR ( 'NONE', #11078, 1000.000000000000000 ) ;
#11104 = VERTEX_POINT ( 'NONE', #11863 ) ;
#11105 = AXIS2_PLACEMENT_3D ( 'NONE', #4117, #1043, #11755 ) ;
#11106 = LINE ( 'NONE', #774, #4619 ) ;
#11107 = ORIENTED_EDGE ( 'NONE', *, *, #1876, .T. ) ;
#11108 = LINE ( 'NONE', #13136, #5194 ) ;
#11109 = DIRECTION ( 'NONE',  ( 0.9820357469730577327, 0.000000000000000000, 0.1886949699039924266 ) ) ;
#11110 = CARTESIAN_POINT ( 'NONE',  ( 17.61083054480837262, 3.000000000000000000, 20.02698065601478916 ) ) ;
#11111 = ADVANCED_FACE ( 'NONE', ( #1215 ), #5478, .T. ) ;
#11112 = VECTOR ( 'NONE', #11433, 999.9999999999998863 ) ;
#11113 = LINE ( 'NONE', #534, #13754 ) ;
#11114 = VECTOR ( 'NONE', #7151, 1000.000000000000000 ) ;
#11115 = CARTESIAN_POINT ( 'NONE',  ( -28.42613503919162810, 5.000000000000000000, 12.84143546401479341 ) ) ;
#11116 = ORIENTED_EDGE ( 'NONE', *, *, #10204, .F. ) ;
#11117 = ORIENTED_EDGE ( 'NONE', *, *, #2689, .T. ) ;
#11118 = VERTEX_POINT ( 'NONE', #4655 ) ;
#11119 = CARTESIAN_POINT ( 'NONE',  ( 25.22291285680838158, 5.000000000000000000, -7.854414431985205169 ) ) ;
#11120 = VECTOR ( 'NONE', #14, 1000.000000000000000 ) ;
#11121 = AXIS2_PLACEMENT_3D ( 'NONE', #9927, #12037, #8811 ) ;
#11122 = VECTOR ( 'NONE', #8291, 1000.000000000000000 ) ;
#11123 = DIRECTION ( 'NONE',  ( -0.1335620088326546773, 0.000000000000000000, -0.9910404582036931309 ) ) ;
#11124 = DIRECTION ( 'NONE',  ( -0.000000000000000000, -1.000000000000000000, -0.000000000000000000 ) ) ;
#11125 = CARTESIAN_POINT ( 'NONE',  ( 4.388764105825505801, 5.000000000000000000, 7.392641892995094999 ) ) ;
#11126 = EDGE_CURVE ( 'NONE', #6875, #7225, #10046, .T. ) ;
#11127 = EDGE_LOOP ( 'NONE', ( #7356, #2653, #10227, #6013, #4913, #4569, #345, #8922, #12636, #4164, #1991, #8240 ) ) ;
#11128 = LINE ( 'NONE', #5518, #1662 ) ;
#11129 = AXIS2_PLACEMENT_3D ( 'NONE', #7867, #2250, #2403 ) ;
#11130 = VECTOR ( 'NONE', #9443, 1000.000000000000114 ) ;
#11131 = ORIENTED_EDGE ( 'NONE', *, *, #9844, .T. ) ;
#11132 = LINE ( 'NONE', #8117, #12009 ) ;
#11133 = ORIENTED_EDGE ( 'NONE', *, *, #7647, .T. ) ;
#11134 = FACE_OUTER_BOUND ( 'NONE', #502, .T. ) ;
#11135 = CARTESIAN_POINT ( 'NONE',  ( 0.000000000000000000, 5.000000000000000000, 23.23271872001479466 ) ) ;
#11136 = VERTEX_POINT ( 'NONE', #450 ) ;
#11137 = FACE_OUTER_BOUND ( 'NONE', #10076, .T. ) ;
#11138 = AXIS2_PLACEMENT_3D ( 'NONE', #8044, #5720, #2645 ) ;
#11139 = DIRECTION ( 'NONE',  ( 0.9990793774606896438, 0.000000000000000000, -0.04289985469393602785 ) ) ;
#11140 = EDGE_CURVE ( 'NONE', #12007, #432, #1567, .T. ) ;
#11141 = LINE ( 'NONE', #9236, #1260 ) ;
#11142 = LINE ( 'NONE', #11988, #2959 ) ;
#11143 = DIRECTION ( 'NONE',  ( 0.6976879003705713789, 0.000000000000000000, -0.7164018381303216554 ) ) ;
#11144 = ADVANCED_FACE ( 'NONE', ( #5766 ), #11023, .T. ) ;
#11145 = LINE ( 'NONE', #5535, #9438 ) ;
#11146 = VERTEX_POINT ( 'NONE', #5621 ) ;
#11147 = DIRECTION ( 'NONE',  ( 0.03214695214465836809, 0.000000000000000000, 0.9994831531685810511 ) ) ;
#11148 = VERTEX_POINT ( 'NONE', #5693 ) ;
#11149 = ORIENTED_EDGE ( 'NONE', *, *, #12509, .T. ) ;
#11150 = ORIENTED_EDGE ( 'NONE', *, *, #190, .F. ) ;
#11151 = PLANE ( 'NONE',  #13546 ) ;
#11152 = ORIENTED_EDGE ( 'NONE', *, *, #11011, .F. ) ;
#11153 = VECTOR ( 'NONE', #12356, 1000.000000000000000 ) ;
#11154 = FACE_OUTER_BOUND ( 'NONE', #8103, .T. ) ;
#11155 = CARTESIAN_POINT ( 'NONE',  ( 14.12709049680836770, 5.000000000000000000, 21.84736919201479566 ) ) ;
#11156 = VERTEX_POINT ( 'NONE', #12283 ) ;
#11157 = EDGE_LOOP ( 'NONE', ( #4373, #2943, #2818, #10662 ) ) ;
#11158 = DIRECTION ( 'NONE',  ( 0.000000000000000000, 0.000000000000000000, 1.000000000000000000 ) ) ;
#11159 = FACE_OUTER_BOUND ( 'NONE', #3536, .T. ) ;
#11160 = ADVANCED_FACE ( 'NONE', ( #6746 ), #11229, .T. ) ;
#11161 = DIRECTION ( 'NONE',  ( 0.000000000000000000, 0.000000000000000000, -1.000000000000000000 ) ) ;
#11162 = ADVANCED_FACE ( 'NONE', ( #7813 ), #3452, .T. ) ;
#11163 = LINE ( 'NONE', #13045, #6770 ) ;
#11164 = DIRECTION ( 'NONE',  ( 0.4918687269929581385, 0.000000000000000000, -0.8706693720387359559 ) ) ;
#11165 = ORIENTED_EDGE ( 'NONE', *, *, #8771, .F. ) ;
#11166 = DIRECTION ( 'NONE',  ( 0.000000000000000000, 1.000000000000000000, 0.000000000000000000 ) ) ;
#11167 = EDGE_LOOP ( 'NONE', ( #661, #7321, #9570, #8223 ) ) ;
#11168 = LINE ( 'NONE', #12415, #1028 ) ;
#11169 = AXIS2_PLACEMENT_3D ( 'NONE', #3190, #4391, #9642 ) ;
#11170 = ORIENTED_EDGE ( 'NONE', *, *, #548, .F. ) ;
#11171 = DIRECTION ( 'NONE',  ( 0.8327129386556192392, 0.000000000000000000, -0.5537049410972626484 ) ) ;
#11172 = ORIENTED_EDGE ( 'NONE', *, *, #2033, .F. ) ;
#11173 = ORIENTED_EDGE ( 'NONE', *, *, #6202, .F. ) ;
#11174 = DIRECTION ( 'NONE',  ( 0.8672230934154036008, 0.000000000000000000, 0.4979197789273068220 ) ) ;
#11175 = EDGE_LOOP ( 'NONE', ( #9940, #3561, #7866, #12071 ) ) ;
#11176 = ADVANCED_FACE ( 'NONE', ( #385 ), #6818, .T. ) ;
#11177 = CARTESIAN_POINT ( 'NONE',  ( 32.92826904880836736, 5.000000000000000000, 21.00100664801479766 ) ) ;
#11178 = ADVANCED_FACE ( 'NONE', ( #6956 ), #9060, .T. ) ;
#11179 = ADVANCED_FACE ( 'NONE', ( #3527 ), #8021, .T. ) ;
#11180 = LINE ( 'NONE', #12088, #7576 ) ;
#11181 = CARTESIAN_POINT ( 'NONE',  ( 16.51520052880837142, 5.000000000000000000, 32.33595781601479757 ) ) ;
#11182 = PLANE ( 'NONE',  #9299 ) ;
#11183 = CARTESIAN_POINT ( 'NONE',  ( 0.000000000000000000, 5.000000000000000000, 15.35652416001479637 ) ) ;
#11184 = DIRECTION ( 'NONE',  ( 0.1784905127423875582, 0.000000000000000000, 0.9839416328527620381 ) ) ;
#11185 = CARTESIAN_POINT ( 'NONE',  ( 0.000000000000000000, 5.000000000000000000, 0.000000000000000000 ) ) ;
#11186 = ORIENTED_EDGE ( 'NONE', *, *, #10693, .T. ) ;
#11187 = VERTEX_POINT ( 'NONE', #13254 ) ;
#11188 = VECTOR ( 'NONE', #8055, 1000.000000000000000 ) ;
#11189 = ORIENTED_EDGE ( 'NONE', *, *, #7087, .F. ) ;
#11190 = FACE_OUTER_BOUND ( 'NONE', #6595, .T. ) ;
#11191 = EDGE_CURVE ( 'NONE', #8892, #13144, #9902, .T. ) ;
#11192 = EDGE_CURVE ( 'NONE', #6717, #6840, #3659, .T. ) ;
#11193 = LINE ( 'NONE', #1590, #850 ) ;
#11194 = DIRECTION ( 'NONE',  ( -0.9799092182948463403, 0.000000000000000000, -0.1994440370148558295 ) ) ;
#11195 = CARTESIAN_POINT ( 'NONE',  ( -3.638808439191620892, 3.000000000000000000, 32.03596146401479672 ) ) ;
#11196 = DIRECTION ( 'NONE',  ( 0.000000000000000000, 0.000000000000000000, 1.000000000000000000 ) ) ;
#11197 = VERTEX_POINT ( 'NONE', #13325 ) ;
#11198 = DIRECTION ( 'NONE',  ( -0.9934094000795792301, 0.000000000000000000, -0.1146200847737016693 ) ) ;
#11199 = EDGE_LOOP ( 'NONE', ( #2898, #6256, #3241, #392 ) ) ;
#11200 = CARTESIAN_POINT ( 'NONE',  ( -27.67035092719162037, 5.000000000000000000, 28.77275437601479524 ) ) ;
#11201 = DIRECTION ( 'NONE',  ( 0.7393017768804095446, 0.000000000000000000, 0.6733742515878291535 ) ) ;
#11202 = EDGE_CURVE ( 'NONE', #4964, #529, #10953, .T. ) ;
#11203 = EDGE_CURVE ( 'NONE', #5725, #5280, #4580, .T. ) ;
#11204 = CARTESIAN_POINT ( 'NONE',  ( -46.54790201512244607, 5.000000000000000000, 33.47054655011517355 ) ) ;
#11205 = PLANE ( 'NONE',  #5470 ) ;
#11206 = DIRECTION ( 'NONE',  ( 0.000000000000000000, 1.000000000000000000, 0.000000000000000000 ) ) ;
#11207 = LINE ( 'NONE', #2722, #9459 ) ;
#11208 = DIRECTION ( 'NONE',  ( -0.7164018381303216554, 0.000000000000000000, -0.6976879003705713789 ) ) ;
#11209 = CARTESIAN_POINT ( 'NONE',  ( -1.376062300199316857, 3.000000000000000000, 3.288797856810567577 ) ) ;
#11210 = ORIENTED_EDGE ( 'NONE', *, *, #4824, .T. ) ;
#11211 = CARTESIAN_POINT ( 'NONE',  ( 1.380762737891782166, 5.000000000000000000, -24.03084916708360552 ) ) ;
#11212 = ORIENTED_EDGE ( 'NONE', *, *, #3032, .F. ) ;
#11213 = ORIENTED_EDGE ( 'NONE', *, *, #8723, .T. ) ;
#11214 = DIRECTION ( 'NONE',  ( -0.7377972739528200208, 0.000000000000000000, 0.6750223570725547573 ) ) ;
#11215 = VECTOR ( 'NONE', #4196, 1000.000000000000000 ) ;
#11216 = LINE ( 'NONE', #7010, #4130 ) ;
#11217 = CARTESIAN_POINT ( 'NONE',  ( -12.46368283919162501, 5.000000000000000000, 20.12958243201480002 ) ) ;
#11218 = VERTEX_POINT ( 'NONE', #2616 ) ;
#11219 = EDGE_CURVE ( 'NONE', #5167, #1373, #7876, .T. ) ;
#11220 = EDGE_LOOP ( 'NONE', ( #3576, #2281, #12717, #8621 ) ) ;
#11221 = LINE ( 'NONE', #4113, #11797 ) ;
#11222 = CARTESIAN_POINT ( 'NONE',  ( 11.38397926299177065, 5.000000000000000000, -11.68932937623404200 ) ) ;
#11223 = VECTOR ( 'NONE', #11546, 1000.000000000000000 ) ;
#11224 = LINE ( 'NONE', #12602, #2401 ) ;
#11225 = VECTOR ( 'NONE', #12006, 1000.000000000000000 ) ;
#11226 = DIRECTION ( 'NONE',  ( -0.9238789273892182852, 0.000000000000000000, -0.3826848932557274097 ) ) ;
#11227 = DIRECTION ( 'NONE',  ( 0.8944271910001324599, -0.000000000000000000, 0.4472135954995247742 ) ) ;
#11228 = VERTEX_POINT ( 'NONE', #2681 ) ;
#11229 = PLANE ( 'NONE',  #4321 ) ;
#11230 = EDGE_LOOP ( 'NONE', ( #12392, #6668, #11556, #8029 ) ) ;
#11231 = DIRECTION ( 'NONE',  ( -0.5633443111791331948, 0.000000000000000000, 0.8262222383003908766 ) ) ;
#11232 = ORIENTED_EDGE ( 'NONE', *, *, #1774, .T. ) ;
#11233 = LINE ( 'NONE', #5053, #6854 ) ;
#11234 = ORIENTED_EDGE ( 'NONE', *, *, #5745, .F. ) ;
#11235 = ORIENTED_EDGE ( 'NONE', *, *, #8093, .F. ) ;
#11236 = EDGE_CURVE ( 'NONE', #1540, #700, #1500, .T. ) ;
#11237 = CIRCLE ( 'NONE', #499, 1.699999999999999289 ) ;
#11238 = VECTOR ( 'NONE', #1810, 1000.000000000000000 ) ;
#11239 = EDGE_CURVE ( 'NONE', #4018, #9040, #520, .T. ) ;
#11240 = VERTEX_POINT ( 'NONE', #9189 ) ;
#11241 = DIRECTION ( 'NONE',  ( -0.5599538780271329230, 0.000000000000000000, 0.8285237802757231540 ) ) ;
#11242 = DIRECTION ( 'NONE',  ( -0.4897710976011148132, 0.000000000000000000, 0.8718510606488928394 ) ) ;
#11243 = LINE ( 'NONE', #5908, #4522 ) ;
#11244 = DIRECTION ( 'NONE',  ( -0.000000000000000000, -1.000000000000000000, -0.000000000000000000 ) ) ;
#11245 = CARTESIAN_POINT ( 'NONE',  ( -27.70135619919162906, 5.000000000000000000, 13.56753002401479691 ) ) ;
#11246 = VECTOR ( 'NONE', #5890, 1000.000000000000114 ) ;
#11247 = CARTESIAN_POINT ( 'NONE',  ( -11.74738861519163358, 5.000000000000000000, 0.000000000000000000 ) ) ;
#11248 = AXIS2_PLACEMENT_3D ( 'NONE', #12153, #9001, #186 ) ;
#11249 = LINE ( 'NONE', #2837, #6586 ) ;
#11250 = ORIENTED_EDGE ( 'NONE', *, *, #8641, .F. ) ;
#11251 = ORIENTED_EDGE ( 'NONE', *, *, #9575, .F. ) ;
#11252 = VERTEX_POINT ( 'NONE', #3862 ) ;
#11253 = EDGE_CURVE ( 'NONE', #9151, #9675, #654, .T. ) ;
#11254 = EDGE_CURVE ( 'NONE', #714, #10488, #11428, .T. ) ;
#11255 = CARTESIAN_POINT ( 'NONE',  ( -12.63115011919160935, 3.000000000000000000, 7.273884496014799694 ) ) ;
#11256 = VECTOR ( 'NONE', #4894, 1000.000000000000000 ) ;
#11257 = VECTOR ( 'NONE', #2864, 1000.000000000000000 ) ;
#11258 = FACE_OUTER_BOUND ( 'NONE', #10856, .T. ) ;
#11259 = FACE_OUTER_BOUND ( 'NONE', #10291, .T. ) ;
#11260 = CARTESIAN_POINT ( 'NONE',  ( 12.66486532880836791, 3.000000000000000000, 21.54920164001479321 ) ) ;
#11261 = EDGE_CURVE ( 'NONE', #2687, #5665, #3797, .T. ) ;
#11262 = VECTOR ( 'NONE', #9483, 1000.000000000000000 ) ;
#11263 = FACE_OUTER_BOUND ( 'NONE', #5409, .T. ) ;
#11264 = ORIENTED_EDGE ( 'NONE', *, *, #365, .T. ) ;
#11265 = CARTESIAN_POINT ( 'NONE',  ( 16.48183000880836246, 5.000000000000000000, 21.14630379201480537 ) ) ;
#11266 = VERTEX_POINT ( 'NONE', #4067 ) ;
#11267 = EDGE_CURVE ( 'NONE', #3304, #1691, #13390, .T. ) ;
#11268 = LINE ( 'NONE', #2855, #1687 ) ;
#11269 = EDGE_CURVE ( 'NONE', #4291, #12404, #10306, .T. ) ;
#11270 = DIRECTION ( 'NONE',  ( -1.000000000000000000, 0.000000000000000000, 0.000000000000000000 ) ) ;
#11271 = DIRECTION ( 'NONE',  ( 0.8314713530512023443, 0.000000000000000000, -0.5555676277962953158 ) ) ;
#11272 = VECTOR ( 'NONE', #3714, 1000.000000000000000 ) ;
#11273 = CARTESIAN_POINT ( 'NONE',  ( 81.99999999999998579, 3.000000000000000000, 52.99999999999999289 ) ) ;
#11274 = LINE ( 'NONE', #7273, #9304 ) ;
#11275 = CARTESIAN_POINT ( 'NONE',  ( 21.71439053680837716, 5.000000000000000000, 24.81224108801479389 ) ) ;
#11276 = DIRECTION ( 'NONE',  ( 0.9207061527434364789, 0.000000000000000000, -0.3902565570241960935 ) ) ;
#11277 = EDGE_CURVE ( 'NONE', #2254, #5052, #9257, .T. ) ;
#11278 = LINE ( 'NONE', #6010, #8090 ) ;
#11279 = VERTEX_POINT ( 'NONE', #12540 ) ;
#11280 = DIRECTION ( 'NONE',  ( 0.000000000000000000, 0.000000000000000000, 1.000000000000000000 ) ) ;
#11281 = ORIENTED_EDGE ( 'NONE', *, *, #5778, .T. ) ;
#11282 = VERTEX_POINT ( 'NONE', #11572 ) ;
#11283 = DIRECTION ( 'NONE',  ( 1.000000000000000000, 0.000000000000000000, 0.000000000000000000 ) ) ;
#11284 = VECTOR ( 'NONE', #2372, 1000.000000000000000 ) ;
#11285 = CARTESIAN_POINT ( 'NONE',  ( 15.88114220370727026, 5.000000000000000000, -15.70741016430195636 ) ) ;
#11286 = DIRECTION ( 'NONE',  ( -0.000000000000000000, -1.000000000000000000, -0.000000000000000000 ) ) ;
#11287 = AXIS2_PLACEMENT_3D ( 'NONE', #3786, #6089, #7929 ) ;
#11288 = VERTEX_POINT ( 'NONE', #8081 ) ;
#11289 = EDGE_LOOP ( 'NONE', ( #5984, #12173, #2734, #12652 ) ) ;
#11290 = DIRECTION ( 'NONE',  ( -0.5945305086078588319, 0.000000000000000000, 0.8040730528593038606 ) ) ;
#11291 = DIRECTION ( 'NONE',  ( -0.000000000000000000, -1.000000000000000000, -0.000000000000000000 ) ) ;
#11292 = VECTOR ( 'NONE', #8168, 1000.000000000000000 ) ;
#11293 = CARTESIAN_POINT ( 'NONE',  ( -27.49730174319163112, 5.000000000000000000, 12.10815067201479955 ) ) ;
#11294 = DIRECTION ( 'NONE',  ( -0.000000000000000000, -1.000000000000000000, -0.000000000000000000 ) ) ;
#11295 = EDGE_CURVE ( 'NONE', #4717, #6755, #8149, .T. ) ;
#11296 = VECTOR ( 'NONE', #10610, 999.9999999999998863 ) ;
#11297 = EDGE_CURVE ( 'NONE', #10590, #2053, #12413, .T. ) ;
#11298 = DIRECTION ( 'NONE',  ( 0.000000000000000000, 0.000000000000000000, -1.000000000000000000 ) ) ;
#11299 = ORIENTED_EDGE ( 'NONE', *, *, #13295, .F. ) ;
#11300 = LINE ( 'NONE', #2941, #12169 ) ;
#11301 = ORIENTED_EDGE ( 'NONE', *, *, #8108, .F. ) ;
#11302 = CARTESIAN_POINT ( 'NONE',  ( -2.254848723643160469, 3.000000000000000000, 2.452030233090804590 ) ) ;
#11303 = ORIENTED_EDGE ( 'NONE', *, *, #11915, .F. ) ;
#11304 = DIRECTION ( 'NONE',  ( -0.6764246841344159211, 0.000000000000000000, 0.7365118102879650852 ) ) ;
#11305 = VERTEX_POINT ( 'NONE', #12483 ) ;
#11306 = ORIENTED_EDGE ( 'NONE', *, *, #7040, .T. ) ;
#11307 = VECTOR ( 'NONE', #3195, 1000.000000000000114 ) ;
#11308 = ORIENTED_EDGE ( 'NONE', *, *, #10074, .T. ) ;
#11309 = VECTOR ( 'NONE', #13092, 999.9999999999998863 ) ;
#11310 = CARTESIAN_POINT ( 'NONE',  ( 45.67764156880837589, 3.000000000000000000, 32.04090532001479374 ) ) ;
#11311 = LINE ( 'NONE', #1714, #7318 ) ;
#11312 = CARTESIAN_POINT ( 'NONE',  ( 26.06379204880836298, 5.000000000000000000, 0.000000000000000000 ) ) ;
#11313 = CARTESIAN_POINT ( 'NONE',  ( -11.13019366857572656, 5.000000000000000000, -18.19994799644581462 ) ) ;
#11314 = EDGE_CURVE ( 'NONE', #11118, #9067, #2882, .T. ) ;
#11316 = CYLINDRICAL_SURFACE ( 'NONE', #4284, 2.540000000115890444 ) ;
#11315 = VECTOR ( 'NONE', #2957, 1000.000000000000000 ) ;
#11317 = DIRECTION ( 'NONE',  ( -0.03214695214465836115, 0.000000000000000000, -0.9994831531685810511 ) ) ;
#11318 = AXIS2_PLACEMENT_3D ( 'NONE', #11654, #10743, #8444 ) ;
#11319 = ORIENTED_EDGE ( 'NONE', *, *, #4902, .T. ) ;
#11320 = EDGE_CURVE ( 'NONE', #9627, #7877, #10518, .T. ) ;
#11321 = CARTESIAN_POINT ( 'NONE',  ( 2.962060422063804488, 5.000000000000000000, 14.56622206771580252 ) ) ;
#11322 = EDGE_LOOP ( 'NONE', ( #11705, #4814, #3610, #4143 ) ) ;
#11323 = EDGE_LOOP ( 'NONE', ( #11398, #13012, #10462, #752 ) ) ;
#11324 = ORIENTED_EDGE ( 'NONE', *, *, #5163, .F. ) ;
#11325 = VERTEX_POINT ( 'NONE', #5965 ) ;
#11326 = CARTESIAN_POINT ( 'NONE',  ( 16.62528479379694701, 5.000000000000000000, -2.302247558714849429 ) ) ;
#11327 = VECTOR ( 'NONE', #437, 1000.000000000000000 ) ;
#11328 = VECTOR ( 'NONE', #183, 1000.000000000000114 ) ;
#11329 = CARTESIAN_POINT ( 'NONE',  ( 44.44157596880837247, 3.000000000000000000, 24.32787121601479896 ) ) ;
#11330 = CARTESIAN_POINT ( 'NONE',  ( -50.71056799119162406, 5.000000000000000000, 29.93465400801479603 ) ) ;
#11331 = DIRECTION ( 'NONE',  ( 0.9832059221644678937, 0.000000000000000000, 0.1824996290974810753 ) ) ;
#11332 = ADVANCED_FACE ( 'NONE', ( #5049 ), #1972, .T. ) ;
#11333 = DIRECTION ( 'NONE',  ( 0.000000000000000000, 0.000000000000000000, 1.000000000000000000 ) ) ;
#11334 = ORIENTED_EDGE ( 'NONE', *, *, #2675, .F. ) ;
#11335 = CARTESIAN_POINT ( 'NONE',  ( 11.31227570480836597, 5.000000000000000000, 24.79719717601479445 ) ) ;
#11336 = VERTEX_POINT ( 'NONE', #8279 ) ;
#11337 = VECTOR ( 'NONE', #7476, 1000.000000000000000 ) ;
#11338 = LINE ( 'NONE', #6001, #3692 ) ;
#11339 = PLANE ( 'NONE',  #911 ) ;
#11340 = PLANE ( 'NONE',  #3503 ) ;
#11341 = ADVANCED_FACE ( 'NONE', ( #2745 ), #3013, .T. ) ;
#11342 = PLANE ( 'NONE',  #10630 ) ;
#11343 = EDGE_CURVE ( 'NONE', #10330, #8749, #12608, .T. ) ;
#11344 = VECTOR ( 'NONE', #9199, 999.9999999999998863 ) ;
#11345 = CARTESIAN_POINT ( 'NONE',  ( -17.67307348719162974, 5.000000000000000000, 21.14624283201479216 ) ) ;
#11346 = EDGE_CURVE ( 'NONE', #5801, #374, #11300, .T. ) ;
#11347 = AXIS2_PLACEMENT_3D ( 'NONE', #12758, #13735, #3160 ) ;
#11348 = FACE_OUTER_BOUND ( 'NONE', #11322, .T. ) ;
#11349 = CARTESIAN_POINT ( 'NONE',  ( 13.04539390480836936, 3.000000000000000000, 29.12301326401479074 ) ) ;
#11350 = LINE ( 'NONE', #695, #4075 ) ;
#11351 = ORIENTED_EDGE ( 'NONE', *, *, #1675, .T. ) ;
#11352 = CARTESIAN_POINT ( 'NONE',  ( 18.65292815219114431, 5.000000000000000000, 12.87153124687862338 ) ) ;
#11353 = ORIENTED_EDGE ( 'NONE', *, *, #13393, .T. ) ;
#11354 = ORIENTED_EDGE ( 'NONE', *, *, #8247, .F. ) ;
#11355 = DIRECTION ( 'NONE',  ( -0.8244790200430026639, 0.000000000000000000, 0.5658925211636305352 ) ) ;
#11356 = DIRECTION ( 'NONE',  ( 0.000000000000000000, 0.000000000000000000, 1.000000000000000000 ) ) ;
#11357 = CARTESIAN_POINT ( 'NONE',  ( -5.851360783191629444, 5.000000000000000000, 13.67547900801479521 ) ) ;
#11358 = VERTEX_POINT ( 'NONE', #7095 ) ;
#11359 = VECTOR ( 'NONE', #4153, 1000.000000000000000 ) ;
#11360 = ORIENTED_EDGE ( 'NONE', *, *, #3724, .T. ) ;
#11361 = EDGE_CURVE ( 'NONE', #3375, #13208, #9258, .T. ) ;
#11362 = FACE_OUTER_BOUND ( 'NONE', #1709, .T. ) ;
#11363 = DIRECTION ( 'NONE',  ( 0.000000000000000000, 0.000000000000000000, 1.000000000000000000 ) ) ;
#11364 = ADVANCED_FACE ( 'NONE', ( #6172 ), #10452, .T. ) ;
#11365 = PLANE ( 'NONE',  #2737 ) ;
#11366 = FACE_OUTER_BOUND ( 'NONE', #7452, .T. ) ;
#11367 = ORIENTED_EDGE ( 'NONE', *, *, #6806, .T. ) ;
#11368 = VECTOR ( 'NONE', #3405, 1000.000000000000000 ) ;
#11369 = DIRECTION ( 'NONE',  ( 0.9807865883708339894, 0.000000000000000000, -0.1950837463037355668 ) ) ;
#11370 = ORIENTED_EDGE ( 'NONE', *, *, #4481, .F. ) ;
#11371 = PLANE ( 'NONE',  #13319 ) ;
#11372 = ORIENTED_EDGE ( 'NONE', *, *, #2288, .T. ) ;
#11373 = LINE ( 'NONE', #8085, #12242 ) ;
#11374 = ORIENTED_EDGE ( 'NONE', *, *, #11202, .T. ) ;
#11375 = ORIENTED_EDGE ( 'NONE', *, *, #13675, .T. ) ;
#11376 = EDGE_CURVE ( 'NONE', #6032, #4001, #6515, .T. ) ;
#11377 = ADVANCED_FACE ( 'NONE', ( #3084 ), #6307, .T. ) ;
#11378 = DIRECTION ( 'NONE',  ( -0.9744822533593152647, 0.000000000000000000, -0.2244645581996220218 ) ) ;
#11379 = DIRECTION ( 'NONE',  ( 0.001899536769857406403, 0.000000000000000000, 0.9999981958784026626 ) ) ;
#11380 = FACE_OUTER_BOUND ( 'NONE', #3174, .T. ) ;
#11381 = LINE ( 'NONE', #1780, #5491 ) ;
#11382 = DIRECTION ( 'NONE',  ( 0.000000000000000000, 0.000000000000000000, 1.000000000000000000 ) ) ;
#11383 = DIRECTION ( 'NONE',  ( -0.6709023663961941608, 0.000000000000000000, 0.7415456929710986245 ) ) ;
#11384 = ORIENTED_EDGE ( 'NONE', *, *, #626, .T. ) ;
#11385 = CARTESIAN_POINT ( 'NONE',  ( 8.065182376808365916, 3.000000000000000000, -7.559139431985199664 ) ) ;
#11386 = ORIENTED_EDGE ( 'NONE', *, *, #2889, .T. ) ;
#11387 = ORIENTED_EDGE ( 'NONE', *, *, #9405, .F. ) ;
#11388 = ORIENTED_EDGE ( 'NONE', *, *, #10582, .F. ) ;
#11389 = CARTESIAN_POINT ( 'NONE',  ( -51.40735237026694193, 3.000000000000000000, 2.207400129196634087 ) ) ;
#11390 = VERTEX_POINT ( 'NONE', #2179 ) ;
#11391 = EDGE_CURVE ( 'NONE', #9531, #4370, #157, .T. ) ;
#11392 = LINE ( 'NONE', #743, #7802 ) ;
#11393 = FACE_OUTER_BOUND ( 'NONE', #12511, .T. ) ;
#11394 = LINE ( 'NONE', #11461, #1465 ) ;
#11395 = EDGE_LOOP ( 'NONE', ( #7586, #2305, #11351, #4674 ) ) ;
#11396 = DIRECTION ( 'NONE',  ( 0.9799440330790406550, 0.000000000000000000, -0.1992729084265697226 ) ) ;
#11397 = ORIENTED_EDGE ( 'NONE', *, *, #11837, .F. ) ;
#11398 = ORIENTED_EDGE ( 'NONE', *, *, #6371, .F. ) ;
#11399 = DIRECTION ( 'NONE',  ( -1.000000000000000000, 0.000000000000000000, -0.000000000000000000 ) ) ;
#11400 = ORIENTED_EDGE ( 'NONE', *, *, #4039, .F. ) ;
#11401 = PLANE ( 'NONE',  #8851 ) ;
#11402 = CARTESIAN_POINT ( 'NONE',  ( -10.00206622319163863, 5.000000000000000000, 30.93092125601479481 ) ) ;
#11403 = EDGE_CURVE ( 'NONE', #260, #11030, #10589, .T. ) ;
#11404 = DIRECTION ( 'NONE',  ( -0.000000000000000000, -1.000000000000000000, -0.000000000000000000 ) ) ;
#11405 = EDGE_CURVE ( 'NONE', #9540, #13833, #13720, .T. ) ;
#11406 = PLANE ( 'NONE',  #12640 ) ;
#11407 = DIRECTION ( 'NONE',  ( -0.000000000000000000, -1.000000000000000000, -0.000000000000000000 ) ) ;
#11408 = CARTESIAN_POINT ( 'NONE',  ( 28.81641240080837107, 5.000000000000000000, 21.30092680001478911 ) ) ;
#11409 = MECHANICAL_CONTEXT ( 'NONE', #3463, 'mechanical' ) ;
#11410 = LINE ( 'NONE', #10226, #11238 ) ;
#11411 = EDGE_LOOP ( 'NONE', ( #12310, #8565, #10748, #6571 ) ) ;
#11412 = FACE_OUTER_BOUND ( 'NONE', #3344, .T. ) ;
#11413 = VERTEX_POINT ( 'NONE', #12747 ) ;
#11414 = ADVANCED_FACE ( 'NONE', ( #7438 ), #10725, .T. ) ;
#11415 = ORIENTED_EDGE ( 'NONE', *, *, #2692, .T. ) ;
#11416 = LINE ( 'NONE', #7146, #3033 ) ;
#11417 = DIRECTION ( 'NONE',  ( -0.7353668658178819095, 0.000000000000000000, -0.6776692206801083751 ) ) ;
#11418 = CARTESIAN_POINT ( 'NONE',  ( -30.42677213519162649, 5.000000000000000000, 20.23155835201480102 ) ) ;
#11419 = ORIENTED_EDGE ( 'NONE', *, *, #5580, .T. ) ;
#11420 = EDGE_CURVE ( 'NONE', #2330, #10418, #3296, .T. ) ;
#11421 = FACE_OUTER_BOUND ( 'NONE', #12763, .T. ) ;
#11422 = EDGE_CURVE ( 'NONE', #7615, #3375, #8702, .T. ) ;
#11423 = ORIENTED_EDGE ( 'NONE', *, *, #4917, .T. ) ;
#11424 = DIRECTION ( 'NONE',  ( 0.000000000000000000, 0.000000000000000000, -1.000000000000000000 ) ) ;
#11425 = CARTESIAN_POINT ( 'NONE',  ( 33.32979732880836821, 5.000000000000000000, 21.60486218401479519 ) ) ;
#11426 = DIRECTION ( 'NONE',  ( -0.8669935126065555497, 0.000000000000000000, -0.4983194247650259978 ) ) ;
#11427 = ORIENTED_EDGE ( 'NONE', *, *, #11609, .T. ) ;
#11428 = LINE ( 'NONE', #4914, #10818 ) ;
#11429 = EDGE_CURVE ( 'NONE', #3883, #4717, #6587, .T. ) ;
#11430 = ORIENTED_EDGE ( 'NONE', *, *, #7153, .F. ) ;
#11431 = CARTESIAN_POINT ( 'NONE',  ( -22.46218960580909041, 5.000000000000000000, 35.34629060307533166 ) ) ;
#11432 = ORIENTED_EDGE ( 'NONE', *, *, #2519, .F. ) ;
#11433 = DIRECTION ( 'NONE',  ( 0.8703411837965245867, 0.000000000000000000, -0.4924492093481970256 ) ) ;
#11434 = ORIENTED_EDGE ( 'NONE', *, *, #9589, .F. ) ;
#11435 = ORIENTED_EDGE ( 'NONE', *, *, #7914, .F. ) ;
#11436 = EDGE_CURVE ( 'NONE', #2580, #6840, #9466, .T. ) ;
#11437 = ORIENTED_EDGE ( 'NONE', *, *, #10739, .F. ) ;
#11438 = VECTOR ( 'NONE', #11945, 1000.000000000000114 ) ;
#11439 = DIRECTION ( 'NONE',  ( 0.5555676277963087495, 0.000000000000000000, -0.8314713530511933515 ) ) ;
#11440 = PLANE ( 'NONE',  #6903 ) ;
#11441 = CARTESIAN_POINT ( 'NONE',  ( -12.29436428993312269, 3.000000000000000000, -5.092515205682841106 ) ) ;
#11442 = CARTESIAN_POINT ( 'NONE',  ( 9.777854930785519372, 3.000000000000000000, 23.06823814583290755 ) ) ;
#11443 = LINE ( 'NONE', #6114, #932 ) ;
#11444 = CARTESIAN_POINT ( 'NONE',  ( -11.92533737084683132, 5.000000000000000000, -21.13752502387281851 ) ) ;
#11445 = EDGE_LOOP ( 'NONE', ( #7932, #4998, #6499, #12721 ) ) ;
#11446 = EDGE_CURVE ( 'NONE', #6497, #1100, #8422, .T. ) ;
#11447 = VERTEX_POINT ( 'NONE', #7582 ) ;
#11448 = EDGE_CURVE ( 'NONE', #8839, #8385, #3359, .T. ) ;
#11449 = VECTOR ( 'NONE', #2562, 1000.000000000000000 ) ;
#11450 = VERTEX_POINT ( 'NONE', #3149 ) ;
#11451 = VECTOR ( 'NONE', #10951, 1000.000000000000000 ) ;
#11452 = ORIENTED_EDGE ( 'NONE', *, *, #365, .F. ) ;
#11453 = LINE ( 'NONE', #6120, #8843 ) ;
#11454 = ORIENTED_EDGE ( 'NONE', *, *, #5549, .F. ) ;
#11455 = DIRECTION ( 'NONE',  ( 0.9127901068464037149, 0.000000000000000000, 0.4084289667045309380 ) ) ;
#11456 = ORIENTED_EDGE ( 'NONE', *, *, #8381, .F. ) ;
#11457 = VECTOR ( 'NONE', #8292, 1000.000000000000000 ) ;
#11459 = CARTESIAN_POINT ( 'NONE',  ( 19.92067098480837117, 5.000000000000000000, 29.12270033601479469 ) ) ;
#11458 = VECTOR ( 'NONE', #8913, 1000.000000000000114 ) ;
#11460 = FACE_OUTER_BOUND ( 'NONE', #1451, .T. ) ;
#11461 = CARTESIAN_POINT ( 'NONE',  ( -7.169005087191634651, 5.000000000000000000, 0.000000000000000000 ) ) ;
#11462 = VERTEX_POINT ( 'NONE', #1066 ) ;
#11463 = ADVANCED_FACE ( 'NONE', ( #11918 ), #11849, .T. ) ;
#11464 = EDGE_CURVE ( 'NONE', #6645, #12981, #5326, .T. ) ;
#11465 = LINE ( 'NONE', #8180, #11730 ) ;
#11466 = ORIENTED_EDGE ( 'NONE', *, *, #12334, .F. ) ;
#11467 = ORIENTED_EDGE ( 'NONE', *, *, #2860, .T. ) ;
#11468 = DIRECTION ( 'NONE',  ( 0.8973902385513612412, 0.000000000000000000, -0.4412377587568080406 ) ) ;
#11469 = ORIENTED_EDGE ( 'NONE', *, *, #11891, .T. ) ;
#11470 = VECTOR ( 'NONE', #9972, 1000.000000000000000 ) ;
#11471 = DIRECTION ( 'NONE',  ( 0.000000000000000000, 0.000000000000000000, -1.000000000000000000 ) ) ;
#11472 = CARTESIAN_POINT ( 'NONE',  ( 2.666459740120496136, 5.000000000000000000, 29.61223800294913744 ) ) ;
#11473 = DIRECTION ( 'NONE',  ( 0.000000000000000000, 0.000000000000000000, 1.000000000000000000 ) ) ;
#11474 = VECTOR ( 'NONE', #9169, 1000.000000000000000 ) ;
#11475 = LINE ( 'NONE', #1875, #13091 ) ;
#11476 = VECTOR ( 'NONE', #6725, 1000.000000000000000 ) ;
#11477 = DIRECTION ( 'NONE',  ( 0.9691941309195432064, 0.000000000000000000, -0.2462980645297711824 ) ) ;
#11478 = CARTESIAN_POINT ( 'NONE',  ( 10.65586373503357542, 5.000000000000000000, 2.026908629795205474 ) ) ;
#11479 = PERSON_AND_ORGANIZATION_ROLE ( 'creator' ) ;
#11480 = DIRECTION ( 'NONE',  ( 0.3826848932557267435, 0.000000000000000000, 0.9238789273892186182 ) ) ;
#11481 = ORIENTED_EDGE ( 'NONE', *, *, #6769, .F. ) ;
#11482 = EDGE_CURVE ( 'NONE', #8807, #12303, #9749, .T. ) ;
#11483 = DIRECTION ( 'NONE',  ( 0.8687261457784118956, 0.000000000000000000, -0.4952927252049895701 ) ) ;
#11484 = VERTEX_POINT ( 'NONE', #2038 ) ;
#11485 = ORIENTED_EDGE ( 'NONE', *, *, #4579, .T. ) ;
#11486 = CARTESIAN_POINT ( 'NONE',  ( -17.30472573519162793, 3.000000000000000000, 21.17591003201479438 ) ) ;
#11487 = EDGE_CURVE ( 'NONE', #12785, #6704, #995, .T. ) ;
#11488 = CARTESIAN_POINT ( 'NONE',  ( -5.304963878787379628, 3.000000000000000000, -1.836230240618473619 ) ) ;
#11489 = DIRECTION ( 'NONE',  ( 0.07087289490145044779, 0.000000000000000000, 0.9974853546635598089 ) ) ;
#11490 = ORIENTED_EDGE ( 'NONE', *, *, #968, .F. ) ;
#11491 = VECTOR ( 'NONE', #9800, 1000.000000000000000 ) ;
#11492 = CARTESIAN_POINT ( 'NONE',  ( 13.40203873371506660, 5.000000000000000000, -21.87587052901554685 ) ) ;
#11493 = ORIENTED_EDGE ( 'NONE', *, *, #8955, .T. ) ;
#11494 = CARTESIAN_POINT ( 'NONE',  ( 3.985236332099760581, 3.000000000000000000, 13.14430892187046140 ) ) ;
#11495 = CARTESIAN_POINT ( 'NONE',  ( -12.38424484719162955, 5.000000000000000000, -7.559139431985200552 ) ) ;
#11496 = DIRECTION ( 'NONE',  ( 0.3826848932557274097, 0.000000000000000000, -0.9238789273892182852 ) ) ;
#11497 = VERTEX_POINT ( 'NONE', #12818 ) ;
#11498 = EDGE_CURVE ( 'NONE', #9807, #6299, #3220, .T. ) ;
#11499 = VECTOR ( 'NONE', #368, 1000.000000000000114 ) ;
#11500 = DIRECTION ( 'NONE',  ( -0.7360834251059341637, 0.000000000000000000, 0.6768908267101251264 ) ) ;
#11501 = EDGE_LOOP ( 'NONE', ( #8040, #13055 ) ) ;
#11502 = AXIS2_PLACEMENT_3D ( 'NONE', #13111, #231, #6671 ) ;
#11503 = CARTESIAN_POINT ( 'NONE',  ( -27.64848051119163230, 3.000000000000000000, -7.703815799985205715 ) ) ;
#11504 = EDGE_LOOP ( 'NONE', ( #7460, #3961, #526, #32 ) ) ;
#11505 = DIRECTION ( 'NONE',  ( -0.000000000000000000, -1.000000000000000000, -0.000000000000000000 ) ) ;
#11506 = ORIENTED_EDGE ( 'NONE', *, *, #9711, .T. ) ;
#11507 = ORIENTED_EDGE ( 'NONE', *, *, #6912, .F. ) ;
#11508 = AXIS2_PLACEMENT_3D ( 'NONE', #6646, #13217, #8747 ) ;
#11509 = ADVANCED_FACE ( 'NONE', ( #9883 ), #6730, .T. ) ;
#11510 = DIRECTION ( 'NONE',  ( -0.1978998709479038998, 0.000000000000000000, -0.9802222406570884061 ) ) ;
#11511 = DIRECTION ( 'NONE',  ( -0.1371696596284507907, 0.000000000000000000, 0.9905475680033821728 ) ) ;
#11512 = CARTESIAN_POINT ( 'NONE',  ( 0.2620839266953569058, 3.000000000000000000, -0.6263652623294461153 ) ) ;
#11513 = DIRECTION ( 'NONE',  ( 0.1335620088326546773, 0.000000000000000000, 0.9910404582036931309 ) ) ;
#11514 = DIRECTION ( 'NONE',  ( -0.000000000000000000, -1.000000000000000000, -0.000000000000000000 ) ) ;
#11515 = EDGE_CURVE ( 'NONE', #5032, #5917, #6665, .T. ) ;
#11516 = DIRECTION ( 'NONE',  ( 0.6881667630895266230, 0.000000000000000000, 0.7255525523205630378 ) ) ;
#11517 = ADVANCED_FACE ( 'NONE', ( #10087 ), #12125, .T. ) ;
#11518 = ORIENTED_EDGE ( 'NONE', *, *, #10110, .T. ) ;
#11519 = DIRECTION ( 'NONE',  ( -0.3544665224129461278, 0.000000000000000000, -0.9350687057582839357 ) ) ;
#11520 = VECTOR ( 'NONE', #12093, 1000.000000000000114 ) ;
#11521 = ORIENTED_EDGE ( 'NONE', *, *, #11448, .F. ) ;
#11522 = CARTESIAN_POINT ( 'NONE',  ( 3.864397280808358648, 5.000000000000000000, -7.220164239985200183 ) ) ;
#11523 = AXIS2_PLACEMENT_3D ( 'NONE', #10147, #13422, #4948 ) ;
#11524 = EDGE_LOOP ( 'NONE', ( #3471, #5177, #963, #1963 ) ) ;
#11525 = DIRECTION ( 'NONE',  ( -0.000000000000000000, -1.000000000000000000, -0.000000000000000000 ) ) ;
#11526 = ORIENTED_EDGE ( 'NONE', *, *, #12027, .T. ) ;
#11527 = ADVANCED_FACE ( 'NONE', ( #435 ), #10935, .T. ) ;
#11528 = VECTOR ( 'NONE', #13680, 1000.000000000000000 ) ;
#11529 = LINE ( 'NONE', #9289, #13809 ) ;
#11530 = DIRECTION ( 'NONE',  ( -1.000000000000000000, 0.000000000000000000, -0.000000000000000000 ) ) ;
#11531 = AXIS2_PLACEMENT_3D ( 'NONE', #6399, #3239, #12630 ) ;
#11532 = LINE ( 'NONE', #9425, #11528 ) ;
#11533 = ORIENTED_EDGE ( 'NONE', *, *, #5446, .T. ) ;
#11534 = FACE_OUTER_BOUND ( 'NONE', #2462, .T. ) ;
#11535 = EDGE_LOOP ( 'NONE', ( #9349, #9981, #10299, #8482, #10595, #8693, #13303, #12997, #2569, #2028, #13193, #12353, #2725, #82, #6745, #12996, #11816, #8806, #5406, #12095, #13109, #2531, #942, #215, #597, #4897, #8202, #9788 ) ) ;
#11536 = LINE ( 'NONE', #3973, #1267 ) ;
#11537 = ORIENTED_EDGE ( 'NONE', *, *, #7950, .T. ) ;
#11538 = VECTOR ( 'NONE', #11513, 999.9999999999998863 ) ;
#11539 = PLANE ( 'NONE',  #6599 ) ;
#11540 = LINE ( 'NONE', #4109, #2433 ) ;
#11541 = VECTOR ( 'NONE', #3719, 1000.000000000000000 ) ;
#11542 = CARTESIAN_POINT ( 'NONE',  ( 25.02796988880836793, 5.000000000000000000, -6.405603511985210829 ) ) ;
#11543 = VECTOR ( 'NONE', #7918, 1000.000000000000000 ) ;
#11544 = EDGE_CURVE ( 'NONE', #1373, #8924, #8841, .T. ) ;
#11545 = EDGE_CURVE ( 'NONE', #3041, #1000, #3509, .T. ) ;
#11546 = DIRECTION ( 'NONE',  ( -1.000000000000000000, 0.000000000000000000, 0.000000000000000000 ) ) ;
#11547 = DIRECTION ( 'NONE',  ( 0.000000000000000000, -0.000000000000000000, 1.000000000000000000 ) ) ;
#11548 = CARTESIAN_POINT ( 'NONE',  ( -11.22329517519161968, 3.000000000000000000, 31.12127393601479852 ) ) ;
#11549 = DIRECTION ( 'NONE',  ( -0.3758148874564765096, 0.000000000000000000, 0.9266947557670086599 ) ) ;
#11550 = AXIS2_PLACEMENT_3D ( 'NONE', #8958, #13359, #12253 ) ;
#11551 = CARTESIAN_POINT ( 'NONE',  ( -26.94877174484260962, 3.000000000000000000, -11.16255297882787545 ) ) ;
#11552 = ORIENTED_EDGE ( 'NONE', *, *, #2951, .T. ) ;
#11553 = LINE ( 'NONE', #2162, #3445 ) ;
#11554 = VECTOR ( 'NONE', #2029, 1000.000000000000000 ) ;
#11555 = ORIENTED_EDGE ( 'NONE', *, *, #9616, .T. ) ;
#11556 = ORIENTED_EDGE ( 'NONE', *, *, #8771, .T. ) ;
#11557 = LINE ( 'NONE', #910, #803 ) ;
#11558 = DIRECTION ( 'NONE',  ( -0.8285237802757231540, 0.000000000000000000, -0.5599538780271329230 ) ) ;
#11559 = CARTESIAN_POINT ( 'NONE',  ( 16.48924172880835926, 5.000000000000000000, 19.92748580801480429 ) ) ;
#11560 = ORIENTED_EDGE ( 'NONE', *, *, #13643, .F. ) ;
#11561 = DIRECTION ( 'NONE',  ( -0.000000000000000000, -1.000000000000000000, -0.000000000000000000 ) ) ;
#11562 = ORIENTED_EDGE ( 'NONE', *, *, #11062, .F. ) ;
#11563 = VECTOR ( 'NONE', #7373, 1000.000000000000114 ) ;
#11564 = ADVANCED_FACE ( 'NONE', ( #7795 ), #3577, .T. ) ;
#11565 = AXIS2_PLACEMENT_3D ( 'NONE', #8620, #849, #9601 ) ;
#11566 = VECTOR ( 'NONE', #7809, 1000.000000000000114 ) ;
#11567 = EDGE_CURVE ( 'NONE', #2399, #10773, #13174, .T. ) ;
#11568 = DIRECTION ( 'NONE',  ( 0.9238814843844341818, 0.000000000000000000, -0.3826787200924746668 ) ) ;
#11569 = LINE ( 'NONE', #2032, #1858 ) ;
#11570 = CARTESIAN_POINT ( 'NONE',  ( -1.625197029826753958, 3.000000000000000000, 18.32057487489477765 ) ) ;
#11571 = ORIENTED_EDGE ( 'NONE', *, *, #5659, .T. ) ;
#11572 = CARTESIAN_POINT ( 'NONE',  ( -41.01551499119162258, 3.000000000000000000, 31.26682000001481398 ) ) ;
#11573 = ORIENTED_EDGE ( 'NONE', *, *, #6662, .T. ) ;
#11574 = CARTESIAN_POINT ( 'NONE',  ( -84.00000000000001421, 3.000000000000000000, 25.54999999999999005 ) ) ;
#11575 = EDGE_LOOP ( 'NONE', ( #13275, #7714, #3005, #11985 ) ) ;
#11576 = VECTOR ( 'NONE', #10257, 1000.000000000000000 ) ;
#11577 = LINE ( 'NONE', #10729, #7312 ) ;
#11578 = EDGE_LOOP ( 'NONE', ( #12481, #5846, #12070, #1448 ) ) ;
#11579 = VERTEX_POINT ( 'NONE', #2461 ) ;
#11580 = VERTEX_POINT ( 'NONE', #8765 ) ;
#11581 = EDGE_CURVE ( 'NONE', #6842, #165, #5604, .T. ) ;
#11582 = ADVANCED_FACE ( 'NONE', ( #7923 ), #6872, .T. ) ;
#11583 = DIRECTION ( 'NONE',  ( 0.8298422876552166150, 0.000000000000000000, 0.5579980086157626529 ) ) ;
#11584 = AXIS2_PLACEMENT_3D ( 'NONE', #7619, #6423, #2218 ) ;
#11585 = FACE_OUTER_BOUND ( 'NONE', #11230, .T. ) ;
#11586 = DIRECTION ( 'NONE',  ( -0.000000000000000000, -1.000000000000000000, -0.000000000000000000 ) ) ;
#11587 = DIRECTION ( 'NONE',  ( -0.4472135954999855723, 0.000000000000000000, -0.8944271909999020886 ) ) ;
#11588 = DIRECTION ( 'NONE',  ( -0.000000000000000000, -1.000000000000000000, -0.000000000000000000 ) ) ;
#11589 = VERTEX_POINT ( 'NONE', #9956 ) ;
#11590 = DIRECTION ( 'NONE',  ( 0.7348065996507560094, 0.000000000000000000, 0.6782766847752423889 ) ) ;
#11591 = VERTEX_POINT ( 'NONE', #1481 ) ;
#11592 = PLANE ( 'NONE',  #2585 ) ;
#11593 = EDGE_LOOP ( 'NONE', ( #13397, #1938, #8555, #5324 ) ) ;
#11594 = CARTESIAN_POINT ( 'NONE',  ( -34.08111160383584348, 3.000000000000000000, 16.34890247753867243 ) ) ;
#11595 = EDGE_CURVE ( 'NONE', #12917, #1477, #9041, .T. ) ;
#11596 = ORIENTED_EDGE ( 'NONE', *, *, #7308, .F. ) ;
#11597 = DIRECTION ( 'NONE',  ( 0.6914754255395856308, -0.000000000000000000, 0.7223999833020824379 ) ) ;
#11598 = ORIENTED_EDGE ( 'NONE', *, *, #10219, .T. ) ;
#11599 = EDGE_CURVE ( 'NONE', #13538, #12404, #3643, .T. ) ;
#11600 = EDGE_CURVE ( 'NONE', #11862, #4388, #4635, .T. ) ;
#11601 = LINE ( 'NONE', #1154, #4534 ) ;
#11602 = PLANE ( 'NONE',  #1745 ) ;
#11603 = LINE ( 'NONE', #3890, #6762 ) ;
#11604 = CARTESIAN_POINT ( 'NONE',  ( -34.76964751677159882, 5.000000000000000000, 10.44651361097268172 ) ) ;
#11605 = VERTEX_POINT ( 'NONE', #4488 ) ;
#11606 = DIRECTION ( 'NONE',  ( 0.9953392907975358028, 0.000000000000000000, 0.09643493243974647633 ) ) ;
#11607 = ORIENTED_EDGE ( 'NONE', *, *, #13249, .F. ) ;
#11608 = VERTEX_POINT ( 'NONE', #8000 ) ;
#11609 = EDGE_CURVE ( 'NONE', #11002, #9233, #12267, .T. ) ;
#11610 = AXIS2_PLACEMENT_3D ( 'NONE', #2702, #12370, #6843 ) ;
#11611 = ORIENTED_EDGE ( 'NONE', *, *, #12456, .T. ) ;
#11612 = CARTESIAN_POINT ( 'NONE',  ( 7.593915941565462013, 5.000000000000000000, 15.09742551459751603 ) ) ;
#11613 = DIRECTION ( 'NONE',  ( -0.1994440370148558572, 0.000000000000000000, 0.9799092182948463403 ) ) ;
#11614 = DIRECTION ( 'NONE',  ( 0.1784905127423875582, 0.000000000000000000, 0.9839416328527620381 ) ) ;
#11615 = EDGE_CURVE ( 'NONE', #7388, #13431, #7859, .T. ) ;
#11616 = LINE ( 'NONE', #10099, #4643 ) ;
#11617 = CARTESIAN_POINT ( 'NONE',  ( 0.000000000000000000, 3.000000000000000000, 13.67547900801479521 ) ) ;
#11618 = PLANE ( 'NONE',  #13524 ) ;
#11619 = LINE ( 'NONE', #1953, #3255 ) ;
#11620 = FACE_OUTER_BOUND ( 'NONE', #6262, .T. ) ;
#11621 = CARTESIAN_POINT ( 'NONE',  ( -4.402502577700100339, 5.000000000000000000, 2.932961316521570883 ) ) ;
#11622 = DIRECTION ( 'NONE',  ( 0.000000000000000000, 0.000000000000000000, 1.000000000000000000 ) ) ;
#11623 = VERTEX_POINT ( 'NONE', #1342 ) ;
#11624 = CARTESIAN_POINT ( 'NONE',  ( -48.74156303919163946, 5.000000000000000000, 31.68634773601479537 ) ) ;
#11625 = ORIENTED_EDGE ( 'NONE', *, *, #9148, .F. ) ;
#11626 = EDGE_CURVE ( 'NONE', #10901, #3366, #6081, .T. ) ;
#11627 = LINE ( 'NONE', #5240, #5494 ) ;
#11628 = ADVANCED_FACE ( 'NONE', ( #10434 ), #3781, .T. ) ;
#11629 = DIRECTION ( 'NONE',  ( -0.8314713530512023443, 0.000000000000000000, 0.5555676277962953158 ) ) ;
#11630 = LINE ( 'NONE', #3140, #11956 ) ;
#11631 = ORIENTED_EDGE ( 'NONE', *, *, #10110, .F. ) ;
#11632 = DIRECTION ( 'NONE',  ( -0.9964895797033225255, 0.000000000000000000, 0.08371688923207534772 ) ) ;
#11633 = ORIENTED_EDGE ( 'NONE', *, *, #6115, .F. ) ;
#11634 = LINE ( 'NONE', #10720, #13333 ) ;
#11635 = DIRECTION ( 'NONE',  ( 0.8291468362087868194, 0.000000000000000000, -0.5590308792946586669 ) ) ;
#11636 = CARTESIAN_POINT ( 'NONE',  ( -1.224137621141482946, 3.000000000000000000, 20.48167056822995136 ) ) ;
#11637 = ORIENTED_EDGE ( 'NONE', *, *, #12850, .F. ) ;
#11638 = CARTESIAN_POINT ( 'NONE',  ( -27.60235916277929746, 3.000000000000000000, -8.642528857091852146 ) ) ;
#11639 = VERTEX_POINT ( 'NONE', #12465 ) ;
#11640 = DIRECTION ( 'NONE',  ( 0.3988104454011203726, 0.000000000000000000, -0.9170333846916153275 ) ) ;
#11641 = EDGE_CURVE ( 'NONE', #2058, #3360, #7074, .T. ) ;
#11642 = CARTESIAN_POINT ( 'NONE',  ( -10.49648535119162851, 5.000000000000000000, 19.92748580801480429 ) ) ;
#11643 = ORIENTED_EDGE ( 'NONE', *, *, #12380, .T. ) ;
#11644 = ORIENTED_EDGE ( 'NONE', *, *, #9858, .T. ) ;
#11645 = ORIENTED_EDGE ( 'NONE', *, *, #1429, .T. ) ;
#11646 = PLANE ( 'NONE',  #6657 ) ;
#11647 = CARTESIAN_POINT ( 'NONE',  ( 32.45422884880836278, 5.000000000000000000, 13.14644374401478899 ) ) ;
#11648 = CARTESIAN_POINT ( 'NONE',  ( 9.295352128808378467, 5.000000000000000000, 0.000000000000000000 ) ) ;
#11649 = CARTESIAN_POINT ( 'NONE',  ( 11.59690708880836141, 3.000000000000000000, 23.49229249601479808 ) ) ;
#11650 = LINE ( 'NONE', #5201, #1382 ) ;
#11651 = VERTEX_POINT ( 'NONE', #8065 ) ;
#11652 = LINE ( 'NONE', #1295, #2971 ) ;
#11653 = ORIENTED_EDGE ( 'NONE', *, *, #4238, .F. ) ;
#11654 = CARTESIAN_POINT ( 'NONE',  ( 9.141207405843188027, 5.000000000000000000, 29.90902721613752391 ) ) ;
#11655 = EDGE_CURVE ( 'NONE', #4509, #5136, #5946, .T. ) ;
#11656 = ORIENTED_EDGE ( 'NONE', *, *, #13656, .T. ) ;
#11657 = EDGE_CURVE ( 'NONE', #13411, #5459, #1812, .T. ) ;
#11658 = LINE ( 'NONE', #2060, #4351 ) ;
#11659 = EDGE_LOOP ( 'NONE', ( #9332, #6820, #8353, #2764 ) ) ;
#11660 = VECTOR ( 'NONE', #7839, 1000.000000000000000 ) ;
#11661 = PLANE ( 'NONE',  #377 ) ;
#11662 = ORIENTED_EDGE ( 'NONE', *, *, #7087, .T. ) ;
#11663 = CARTESIAN_POINT ( 'NONE',  ( -11.13019366857572656, 3.000000000000000000, -18.19994799644581462 ) ) ;
#11664 = CARTESIAN_POINT ( 'NONE',  ( 19.42366308880837167, 5.000000000000000000, 29.86543392801479158 ) ) ;
#11665 = CARTESIAN_POINT ( 'NONE',  ( -76.50000000000001421, 0.000000000000000000, 46.99999999999999289 ) ) ;
#11666 = DIRECTION ( 'NONE',  ( -0.8703411837965181475, 0.000000000000000000, -0.4924492093482080168 ) ) ;
#11667 = AXIS2_PLACEMENT_3D ( 'NONE', #9846, #4723, #13264 ) ;
#11668 = VECTOR ( 'NONE', #8097, 1000.000000000000000 ) ;
#11669 = ORIENTED_EDGE ( 'NONE', *, *, #11391, .F. ) ;
#11670 = EDGE_CURVE ( 'NONE', #700, #6468, #2867, .T. ) ;
#11671 = DIRECTION ( 'NONE',  ( 0.000000000000000000, 1.000000000000000000, 0.000000000000000000 ) ) ;
#11672 = VERTEX_POINT ( 'NONE', #13631 ) ;
#11673 = VERTEX_POINT ( 'NONE', #10158 ) ;
#11674 = ORIENTED_EDGE ( 'NONE', *, *, #6270, .T. ) ;
#11675 = CARTESIAN_POINT ( 'NONE',  ( -14.12232112719163268, 5.000000000000000000, 29.82461917601479584 ) ) ;
#11676 = CARTESIAN_POINT ( 'NONE',  ( 32.30658474480836873, 3.000000000000000000, 13.51906276001478879 ) ) ;
#11677 = CARTESIAN_POINT ( 'NONE',  ( 8.713256738517836563E-14, 3.000000000000000000, -43.00033533384725359 ) ) ;
#11678 = AXIS2_PLACEMENT_3D ( 'NONE', #7826, #1517, #12156 ) ;
#11679 = VECTOR ( 'NONE', #7507, 1000.000000000000000 ) ;
#11680 = PLANE ( 'NONE',  #5765 ) ;
#11681 = CARTESIAN_POINT ( 'NONE',  ( -0.8816894322631911862, 5.000000000000000000, -0.6514566630515006285 ) ) ;
#11682 = EDGE_CURVE ( 'NONE', #3, #3475, #5102, .T. ) ;
#11683 = LINE ( 'NONE', #4191, #7049 ) ;
#11684 = LINE ( 'NONE', #13845, #5044 ) ;
#11685 = CARTESIAN_POINT ( 'NONE',  ( -3.862935806429702801, 5.000000000000000000, -1.513955130950037420 ) ) ;
#11686 = SECURITY_CLASSIFICATION_LEVEL ( 'unclassified' ) ;
#11687 = CARTESIAN_POINT ( 'NONE',  ( -27.67035092719162037, 5.000000000000000000, 20.22908540801479660 ) ) ;
#11688 = EDGE_LOOP ( 'NONE', ( #11452, #2881, #7245, #5294 ) ) ;
#11689 = EDGE_CURVE ( 'NONE', #6192, #8977, #636, .T. ) ;
#11690 = VECTOR ( 'NONE', #4361, 1000.000000000000114 ) ;
#11691 = DIRECTION ( 'NONE',  ( -0.000000000000000000, -1.000000000000000000, -0.000000000000000000 ) ) ;
#11692 = EDGE_CURVE ( 'NONE', #3089, #7946, #12525, .T. ) ;
#11693 = ORIENTED_EDGE ( 'NONE', *, *, #12201, .T. ) ;
#11694 = DIRECTION ( 'NONE',  ( -0.8706030761706156085, 0.000000000000000000, 0.4919860605365372064 ) ) ;
#11695 = DIRECTION ( 'NONE',  ( 0.000000000000000000, 0.000000000000000000, -1.000000000000000000 ) ) ;
#11696 = DIRECTION ( 'NONE',  ( -0.9957356910248242876, 0.000000000000000000, 0.09225201146487578552 ) ) ;
#11697 = ORIENTED_EDGE ( 'NONE', *, *, #8622, .T. ) ;
#11698 = PLANE ( 'NONE',  #9771 ) ;
#11699 = ORIENTED_EDGE ( 'NONE', *, *, #11714, .T. ) ;
#11700 = VECTOR ( 'NONE', #13230, 1000.000000000000000 ) ;
#11701 = EDGE_CURVE ( 'NONE', #7749, #5087, #4898, .T. ) ;
#11702 = DIRECTION ( 'NONE',  ( 0.9217168470796087698, -0.000000000000000000, 0.3878634473750072753 ) ) ;
#11703 = PLANE ( 'NONE',  #6998 ) ;
#11704 = CARTESIAN_POINT ( 'NONE',  ( -33.29443721519162835, 5.000000000000000000, 15.35652416001479637 ) ) ;
#11705 = ORIENTED_EDGE ( 'NONE', *, *, #12193, .F. ) ;
#11706 = CARTESIAN_POINT ( 'NONE',  ( 51.65894736080837646, 5.000000000000000000, 22.87364298401479346 ) ) ;
#11707 = EDGE_LOOP ( 'NONE', ( #5185, #1434, #2736, #6517, #1943, #10943, #7083, #13184, #1857, #61, #5118, #4915, #1432, #9330, #11102, #9414, #1116, #5207, #7983, #3014, #1462, #8848, #9802, #3108, #1973, #7568, #8380, #2224, #11454, #4007, #7130, #350, #5816, #347, #10614, #9013, #1759, #5211, #1089, #10436, #11116, #2493 ) ) ;
#11708 = FACE_OUTER_BOUND ( 'NONE', #9610, .T. ) ;
#11709 = AXIS2_PLACEMENT_3D ( 'NONE', #3679, #607, #1250 ) ;
#11710 = LINE ( 'NONE', #10522, #9102 ) ;
#11711 = ORIENTED_EDGE ( 'NONE', *, *, #11893, .T. ) ;
#11712 = EDGE_LOOP ( 'NONE', ( #3434, #3768, #11611, #1967 ) ) ;
#11713 = CARTESIAN_POINT ( 'NONE',  ( -7.267896431191635642, 5.000000000000000000, 23.30935458401479465 ) ) ;
#11714 = EDGE_CURVE ( 'NONE', #1065, #2023, #8329, .T. ) ;
#11715 = EDGE_CURVE ( 'NONE', #3668, #12212, #3914, .T. ) ;
#11716 = VECTOR ( 'NONE', #10228, 1000.000000000000000 ) ;
#11717 = CARTESIAN_POINT ( 'NONE',  ( 3.713297760808363268, 5.000000000000000000, -6.870368647985202415 ) ) ;
#11718 = LINE ( 'NONE', #11793, #6313 ) ;
#11719 = AXIS2_PLACEMENT_3D ( 'NONE', #13708, #4128, #7359 ) ;
#11720 = VERTEX_POINT ( 'NONE', #5877 ) ;
#11721 = CYLINDRICAL_SURFACE ( 'NONE', #9461, 2.540000000227228494 ) ;
#11722 = DIRECTION ( 'NONE',  ( -0.000000000000000000, -1.000000000000000000, -0.000000000000000000 ) ) ;
#11723 = EDGE_LOOP ( 'NONE', ( #765, #11042, #4781, #1724 ) ) ;
#11724 = DIRECTION ( 'NONE',  ( -0.1976663333700899305, 0.000000000000000000, -0.9802693612737390927 ) ) ;
#11725 = ORIENTED_EDGE ( 'NONE', *, *, #2663, .F. ) ;
#11726 = LINE ( 'NONE', #8367, #2364 ) ;
#11727 = EDGE_LOOP ( 'NONE', ( #7127, #8795, #11186, #10723, #2553, #8975, #3866, #460, #6118, #2351, #5795, #9582, #4943, #1740, #1479, #11360, #8012, #10386 ) ) ;
#11728 = ORIENTED_EDGE ( 'NONE', *, *, #9372, .F. ) ;
#11729 = ORIENTED_EDGE ( 'NONE', *, *, #10501, .T. ) ;
#11730 = VECTOR ( 'NONE', #11196, 1000.000000000000000 ) ;
#11731 = LINE ( 'NONE', #10686, #12669 ) ;
#11732 = VERTEX_POINT ( 'NONE', #7004 ) ;
#11733 = VECTOR ( 'NONE', #5882, 1000.000000000000114 ) ;
#11734 = CARTESIAN_POINT ( 'NONE',  ( 28.19495012622513386, 5.000000000000000000, 19.22420387795654761 ) ) ;
#11735 = EDGE_CURVE ( 'NONE', #2063, #9277, #8132, .T. ) ;
#11736 = CARTESIAN_POINT ( 'NONE',  ( 43.93478500880837601, 3.000000000000000000, 21.89282706401478151 ) ) ;
#11737 = CARTESIAN_POINT ( 'NONE',  ( -28.01397533519164185, 3.000000000000000000, -7.856742087985205458 ) ) ;
#11738 = ADVANCED_FACE ( 'NONE', ( #3844 ), #13432, .T. ) ;
#11739 = CARTESIAN_POINT ( 'NONE',  ( -12.26405509519162607, 5.000000000000000000, 7.425938040014797181 ) ) ;
#11740 = AXIS2_PLACEMENT_3D ( 'NONE', #11185, #7115, #3681 ) ;
#11741 = VECTOR ( 'NONE', #9507, 1000.000000000000000 ) ;
#11742 = CARTESIAN_POINT ( 'NONE',  ( 17.32219205680836538, 3.000000000000000000, 21.22416088801479717 ) ) ;
#11743 = ORIENTED_EDGE ( 'NONE', *, *, #1833, .T. ) ;
#11744 = ORIENTED_EDGE ( 'NONE', *, *, #10424, .T. ) ;
#11745 = ORIENTED_EDGE ( 'NONE', *, *, #11098, .F. ) ;
#11746 = PLANE ( 'NONE',  #9069 ) ;
#11747 = DIRECTION ( 'NONE',  ( 0.000000000000000000, 0.000000000000000000, -1.000000000000000000 ) ) ;
#11748 = AXIS2_PLACEMENT_3D ( 'NONE', #13697, #5024, #9306 ) ;
#11749 = LINE ( 'NONE', #8392, #13351 ) ;
#11750 = VECTOR ( 'NONE', #4715, 1000.000000000000000 ) ;
#11751 = EDGE_CURVE ( 'NONE', #8072, #8152, #12393, .T. ) ;
#11752 = FACE_OUTER_BOUND ( 'NONE', #12281, .T. ) ;
#11753 = CARTESIAN_POINT ( 'NONE',  ( -45.24469627119162141, 3.000000000000000000, 32.34003299201478399 ) ) ;
#11754 = LINE ( 'NONE', #4254, #8623 ) ;
#11755 = DIRECTION ( 'NONE',  ( 0.9966915990134757042, 0.000000000000000000, -0.08127642004887247751 ) ) ;
#11756 = CARTESIAN_POINT ( 'NONE',  ( -5.375833688374383357, 5.000000000000000000, 33.38666356494505294 ) ) ;
#11757 = PLANE ( 'NONE',  #8793 ) ;
#11758 = ORIENTED_EDGE ( 'NONE', *, *, #5739, .T. ) ;
#11759 = VECTOR ( 'NONE', #3949, 1000.000000000000114 ) ;
#11760 = DIRECTION ( 'NONE',  ( -0.6694230884220477851, 0.000000000000000000, 0.7428813691885717274 ) ) ;
#11761 = ORIENTED_EDGE ( 'NONE', *, *, #559, .T. ) ;
#11762 = ORIENTED_EDGE ( 'NONE', *, *, #10633, .F. ) ;
#11763 = VECTOR ( 'NONE', #10884, 1000.000000000000000 ) ;
#11764 = LINE ( 'NONE', #12876, #2149 ) ;
#11765 = VECTOR ( 'NONE', #6007, 1000.000000000000000 ) ;
#11766 = LINE ( 'NONE', #7425, #108 ) ;
#11767 = FACE_BOUND ( 'NONE', #7437, .T. ) ;
#11768 = ADVANCED_FACE ( 'NONE', ( #11412 ), #766, .T. ) ;
#11769 = ORIENTED_EDGE ( 'NONE', *, *, #4845, .F. ) ;
#11770 = CARTESIAN_POINT ( 'NONE',  ( -38.00982236155686422, 5.000000000000000000, 41.73122026056931588 ) ) ;
#11771 = ORIENTED_EDGE ( 'NONE', *, *, #3124, .T. ) ;
#11772 = EDGE_CURVE ( 'NONE', #12983, #13519, #6012, .T. ) ;
#11773 = EDGE_CURVE ( 'NONE', #12054, #10144, #2776, .T. ) ;
#11774 = VECTOR ( 'NONE', #8823, 1000.000000000000000 ) ;
#11775 = VECTOR ( 'NONE', #8242, 1000.000000000000000 ) ;
#11776 = LINE ( 'NONE', #9536, #10223 ) ;
#11777 = CARTESIAN_POINT ( 'NONE',  ( 6.117407319725599812, 5.000000000000000000, -14.62082174508852717 ) ) ;
#11778 = CARTESIAN_POINT ( 'NONE',  ( 32.60998164880837180, 3.000000000000000000, 32.03596146401479672 ) ) ;
#11779 = ORIENTED_EDGE ( 'NONE', *, *, #12798, .T. ) ;
#11780 = DIRECTION ( 'NONE',  ( 0.000000000000000000, 0.000000000000000000, -1.000000000000000000 ) ) ;
#11781 = VERTEX_POINT ( 'NONE', #11624 ) ;
#11782 = LINE ( 'NONE', #6309, #9534 ) ;
#11783 = DIRECTION ( 'NONE',  ( -0.000000000000000000, -1.000000000000000000, -0.000000000000000000 ) ) ;
#11784 = EDGE_CURVE ( 'NONE', #7907, #11623, #4259, .T. ) ;
#11785 = VECTOR ( 'NONE', #10984, 1000.000000000000114 ) ;
#11786 = EDGE_LOOP ( 'NONE', ( #3212, #3090, #6036, #3565 ) ) ;
#11787 = CIRCLE ( 'NONE', #5740, 0.8889999996698205731 ) ;
#11788 = VECTOR ( 'NONE', #11019, 1000.000000000000114 ) ;
#11789 = EDGE_LOOP ( 'NONE', ( #7377, #4460 ) ) ;
#11790 = ADVANCED_FACE ( 'NONE', ( #7566 ), #6431, .T. ) ;
#11791 = CARTESIAN_POINT ( 'NONE',  ( 24.77086092880837143, 5.000000000000000000, 32.03596146401479672 ) ) ;
#11792 = DIRECTION ( 'NONE',  ( 0.000000000000000000, 0.000000000000000000, -1.000000000000000000 ) ) ;
#11793 = CARTESIAN_POINT ( 'NONE',  ( 17.93303357542494680, 5.000000000000000000, -7.453054983035603875 ) ) ;
#11794 = CARTESIAN_POINT ( 'NONE',  ( 26.06379204880836298, 5.000000000000000000, 12.11062260001478919 ) ) ;
#11795 = CARTESIAN_POINT ( 'NONE',  ( -82.00000000000001421, 3.000000000000000000, -53.00000000000000711 ) ) ;
#11796 = ORIENTED_EDGE ( 'NONE', *, *, #9232, .T. ) ;
#11797 = VECTOR ( 'NONE', #512, 1000.000000000000000 ) ;
#11798 = FACE_OUTER_BOUND ( 'NONE', #13332, .T. ) ;
#11799 = AXIS2_PLACEMENT_3D ( 'NONE', #7155, #1765, #11424 ) ;
#11800 = ORIENTED_EDGE ( 'NONE', *, *, #4777, .F. ) ;
#11801 = LINE ( 'NONE', #5345, #10197 ) ;
#11802 = ORIENTED_EDGE ( 'NONE', *, *, #12576, .T. ) ;
#11803 = PLANE ( 'NONE',  #3502 ) ;
#11804 = EDGE_CURVE ( 'NONE', #1343, #7896, #6498, .T. ) ;
#11805 = ORIENTED_EDGE ( 'NONE', *, *, #4860, .T. ) ;
#11806 = EDGE_CURVE ( 'NONE', #3321, #3106, #5442, .T. ) ;
#11807 = LINE ( 'NONE', #4515, #12233 ) ;
#11808 = ORIENTED_EDGE ( 'NONE', *, *, #4719, .T. ) ;
#11809 = VECTOR ( 'NONE', #13413, 1000.000000000000000 ) ;
#11810 = DIRECTION ( 'NONE',  ( -1.000000000000000000, 0.000000000000000000, 0.000000000000000000 ) ) ;
#11811 = CARTESIAN_POINT ( 'NONE',  ( -13.74609012345874071, 5.000000000000000000, -9.603181923691836985 ) ) ;
#11812 = LINE ( 'NONE', #5420, #8550 ) ;
#11813 = PLANE ( 'NONE',  #6164 ) ;
#11814 = CARTESIAN_POINT ( 'NONE',  ( -3.215663894541334056, 3.000000000000000000, 33.19001257387542836 ) ) ;
#11815 = VECTOR ( 'NONE', #11109, 1000.000000000000000 ) ;
#11816 = ORIENTED_EDGE ( 'NONE', *, *, #579, .T. ) ;
#11817 = ORIENTED_EDGE ( 'NONE', *, *, #10303, .F. ) ;
#11818 = VERTEX_POINT ( 'NONE', #4122 ) ;
#11819 = EDGE_CURVE ( 'NONE', #4543, #1885, #7279, .T. ) ;
#11820 = DIRECTION ( 'NONE',  ( 0.9818660923417411590, 0.000000000000000000, 0.1895757809150719619 ) ) ;
#11821 = DIRECTION ( 'NONE',  ( -0.9967722461048652560, 0.000000000000000000, -0.08028131410896159614 ) ) ;
#11822 = LINE ( 'NONE', #2217, #5531 ) ;
#11823 = DIRECTION ( 'NONE',  ( 0.8168531569463852726, 0.000000000000000000, -0.5768456639229629923 ) ) ;
#11824 = DIRECTION ( 'NONE',  ( -0.4633155286940890405, 0.000000000000000000, -0.8861933879638895784 ) ) ;
#11825 = PLANE ( 'NONE',  #580 ) ;
#11826 = LINE ( 'NONE', #10768, #4052 ) ;
#11827 = FACE_OUTER_BOUND ( 'NONE', #6370, .T. ) ;
#11828 = APPROVAL_DATE_TIME ( #12868, #10461 ) ;
#11829 = AXIS2_PLACEMENT_3D ( 'NONE', #8390, #9508, #6139 ) ;
#11830 = LINE ( 'NONE', #7418, #6061 ) ;
#11831 = VERTEX_POINT ( 'NONE', #2022 ) ;
#11832 = CARTESIAN_POINT ( 'NONE',  ( -50.42874584719162101, 3.000000000000000000, 24.99781755201479427 ) ) ;
#11833 = ORIENTED_EDGE ( 'NONE', *, *, #599, .T. ) ;
#11834 = ORIENTED_EDGE ( 'NONE', *, *, #562, .T. ) ;
#11835 = DIRECTION ( 'NONE',  ( 0.7980651437868616638, 0.000000000000000000, 0.6025711794240211638 ) ) ;
#11836 = ORIENTED_EDGE ( 'NONE', *, *, #1055, .T. ) ;
#11837 = EDGE_CURVE ( 'NONE', #1692, #1798, #8537, .T. ) ;
#11838 = FACE_OUTER_BOUND ( 'NONE', #12949, .T. ) ;
#11839 = CARTESIAN_POINT ( 'NONE',  ( -17.31708740719162165, 5.000000000000000000, 19.94973316001479446 ) ) ;
#11840 = EDGE_CURVE ( 'NONE', #6299, #12123, #2092, .T. ) ;
#11841 = ORIENTED_EDGE ( 'NONE', *, *, #13416, .T. ) ;
#11842 = DIRECTION ( 'NONE',  ( 0.000000000000000000, 0.000000000000000000, -1.000000000000000000 ) ) ;
#11843 = ORIENTED_EDGE ( 'NONE', *, *, #7770, .T. ) ;
#11844 = VECTOR ( 'NONE', #12163, 1000.000000000000114 ) ;
#11845 = FACE_BOUND ( 'NONE', #6686, .T. ) ;
#11846 = CARTESIAN_POINT ( 'NONE',  ( -25.99672155919163075, 5.000000000000000000, 30.98283580801480142 ) ) ;
#11847 = LINE ( 'NONE', #13796, #3172 ) ;
#11848 = ORIENTED_EDGE ( 'NONE', *, *, #8157, .F. ) ;
#11849 = PLANE ( 'NONE',  #2557 ) ;
#11850 = ORIENTED_EDGE ( 'NONE', *, *, #9051, .T. ) ;
#11851 = FACE_OUTER_BOUND ( 'NONE', #9312, .T. ) ;
#11852 = EDGE_CURVE ( 'NONE', #10161, #2945, #11553, .T. ) ;
#11853 = EDGE_CURVE ( 'NONE', #10730, #5522, #10711, .T. ) ;
#11854 = DIRECTION ( 'NONE',  ( 0.000000000000000000, 1.000000000000000000, -0.000000000000000000 ) ) ;
#11855 = VERTEX_POINT ( 'NONE', #12733 ) ;
#11856 = ORIENTED_EDGE ( 'NONE', *, *, #1333, .F. ) ;
#11857 = DIRECTION ( 'NONE',  ( -0.000000000000000000, -1.000000000000000000, -0.000000000000000000 ) ) ;
#11858 = CARTESIAN_POINT ( 'NONE',  ( 76.49999999999998579, 0.000000000000000000, 48.69999999999999574 ) ) ;
#11859 = DIRECTION ( 'NONE',  ( 0.000000000000000000, 0.000000000000000000, 1.000000000000000000 ) ) ;
#11860 = EDGE_CURVE ( 'NONE', #12500, #1775, #6289, .T. ) ;
#11861 = DIRECTION ( 'NONE',  ( 0.9802222406570885171, 0.000000000000000000, -0.1978998709479038720 ) ) ;
#11862 = VERTEX_POINT ( 'NONE', #1115 ) ;
#11863 = CARTESIAN_POINT ( 'NONE',  ( 15.64146796080837021, 3.000000000000000000, 21.22416088801479361 ) ) ;
#11864 = ORIENTED_EDGE ( 'NONE', *, *, #7518, .F. ) ;
#11865 = DIRECTION ( 'NONE',  ( -0.9305283590510228242, 0.000000000000000000, -0.3662198424468707247 ) ) ;
#11866 = EDGE_CURVE ( 'NONE', #3939, #1572, #5168, .T. ) ;
#11867 = ORIENTED_EDGE ( 'NONE', *, *, #12850, .T. ) ;
#11868 = EDGE_CURVE ( 'NONE', #11462, #9147, #5373, .T. ) ;
#11869 = LINE ( 'NONE', #6470, #2384 ) ;
#11870 = EDGE_LOOP ( 'NONE', ( #2188, #3036, #4258, #12854 ) ) ;
#11871 = DIRECTION ( 'NONE',  ( 0.6764246841344160321, 0.000000000000000000, -0.7365118102879650852 ) ) ;
#11872 = EDGE_LOOP ( 'NONE', ( #9999, #9819, #2820, #9773 ) ) ;
#11873 = LINE ( 'NONE', #3111, #8758 ) ;
#11874 = LINE ( 'NONE', #4240, #9129 ) ;
#11875 = DIRECTION ( 'NONE',  ( -0.000000000000000000, -1.000000000000000000, -0.000000000000000000 ) ) ;
#11876 = EDGE_CURVE ( 'NONE', #7160, #8310, #9448, .T. ) ;
#11877 = LINE ( 'NONE', #9576, #4377 ) ;
#11878 = ADVANCED_FACE ( 'NONE', ( #12668 ), #3070, .T. ) ;
#11879 = VECTOR ( 'NONE', #1024, 1000.000000000000000 ) ;
#11880 = LINE ( 'NONE', #192, #8840 ) ;
#11881 = ORIENTED_EDGE ( 'NONE', *, *, #4974, .T. ) ;
#11882 = ORIENTED_EDGE ( 'NONE', *, *, #7762, .T. ) ;
#11883 = VERTEX_POINT ( 'NONE', #9522 ) ;
#11884 = LINE ( 'NONE', #8882, #364 ) ;
#11885 = CARTESIAN_POINT ( 'NONE',  ( 0.000000000000000000, 5.000000000000000000, 20.23155835201480102 ) ) ;
#11886 = LINE ( 'NONE', #5505, #614 ) ;
#11887 = VECTOR ( 'NONE', #6811, 1000.000000000000000 ) ;
#11889 = DIRECTION ( 'NONE',  ( 0.1327459462044933147, 0.000000000000000000, 0.9911500964870425534 ) ) ;
#11888 = VECTOR ( 'NONE', #8571, 1000.000000000000000 ) ;
#11890 = PLANE ( 'NONE',  #13226 ) ;
#11891 = EDGE_CURVE ( 'NONE', #4918, #1975, #12872, .T. ) ;
#11892 = DIRECTION ( 'NONE',  ( 0.9238814843844340707, 0.000000000000000000, 0.3826787200924746668 ) ) ;
#11893 = EDGE_CURVE ( 'NONE', #7989, #5087, #10643, .T. ) ;
#11894 = LINE ( 'NONE', #10840, #12559 ) ;
#11895 = FACE_OUTER_BOUND ( 'NONE', #7588, .T. ) ;
#11896 = CARTESIAN_POINT ( 'NONE',  ( -45.23728048719162587, 5.000000000000000000, 31.12621880801480501 ) ) ;
#11897 = ORIENTED_EDGE ( 'NONE', *, *, #3444, .F. ) ;
#11898 = CARTESIAN_POINT ( 'NONE',  ( -22.79778967919162369, 5.000000000000000000, 32.03596146401479672 ) ) ;
#11899 = ORIENTED_EDGE ( 'NONE', *, *, #9796, .F. ) ;
#11900 = EDGE_LOOP ( 'NONE', ( #13112, #7751, #4034, #107 ) ) ;
#11901 = CARTESIAN_POINT ( 'NONE',  ( -50.42874584719162812, 5.000000000000000000, 15.35652416001479637 ) ) ;
#11902 = ORIENTED_EDGE ( 'NONE', *, *, #11192, .F. ) ;
#11903 = VECTOR ( 'NONE', #956, 1000.000000000000000 ) ;
#11904 = CARTESIAN_POINT ( 'NONE',  ( -34.53050078319161997, 5.000000000000000000, 15.35652416001479637 ) ) ;
#11905 = VECTOR ( 'NONE', #10156, 999.9999999999998863 ) ;
#11906 = PLANE ( 'NONE',  #7931 ) ;
#11907 = ORIENTED_EDGE ( 'NONE', *, *, #10784, .F. ) ;
#11908 = LINE ( 'NONE', #7850, #12452 ) ;
#11909 = VERTEX_POINT ( 'NONE', #11832 ) ;
#11910 = EDGE_CURVE ( 'NONE', #10324, #8423, #2226, .T. ) ;
#11911 = VECTOR ( 'NONE', #8781, 1000.000000000000000 ) ;
#11912 = LINE ( 'NONE', #221, #10205 ) ;
#11913 = VECTOR ( 'NONE', #12463, 1000.000000000000000 ) ;
#11914 = DIRECTION ( 'NONE',  ( -0.000000000000000000, -1.000000000000000000, -0.000000000000000000 ) ) ;
#11915 = EDGE_CURVE ( 'NONE', #5116, #1737, #417, .T. ) ;
#11916 = CARTESIAN_POINT ( 'NONE',  ( 40.23649420880835947, 3.000000000000000000, 21.74697112001480193 ) ) ;
#11917 = ORIENTED_EDGE ( 'NONE', *, *, #1378, .T. ) ;
#11918 = FACE_OUTER_BOUND ( 'NONE', #7026, .T. ) ;
#11919 = VERTEX_POINT ( 'NONE', #2298 ) ;
#11920 = CARTESIAN_POINT ( 'NONE',  ( 9.295352128808378467, 5.000000000000000000, 0.000000000000000000 ) ) ;
#11921 = LINE ( 'NONE', #1555, #1674 ) ;
#11922 = DIRECTION ( 'NONE',  ( 0.5537049410972625374, 0.000000000000000000, 0.8327129386556191282 ) ) ;
#11923 = VERTEX_POINT ( 'NONE', #11898 ) ;
#11924 = AXIS2_PLACEMENT_3D ( 'NONE', #4271, #5183, #6237 ) ;
#11925 = ORIENTED_EDGE ( 'NONE', *, *, #4207, .F. ) ;
#11926 = VECTOR ( 'NONE', #9879, 1000.000000000000000 ) ;
#11927 = LINE ( 'NONE', #5757, #10904 ) ;
#11928 = DIRECTION ( 'NONE',  ( 1.000000000000000000, 0.000000000000000000, -0.000000000000000000 ) ) ;
#11929 = EDGE_CURVE ( 'NONE', #7746, #6162, #11128, .T. ) ;
#11930 = CARTESIAN_POINT ( 'NONE',  ( 29.83131308880836485, 5.000000000000000000, 21.14624486401479686 ) ) ;
#11931 = DIRECTION ( 'NONE',  ( 0.3904133835278661979, 0.000000000000000000, -0.9206396634744362650 ) ) ;
#11932 = PLANE ( 'NONE',  #1603 ) ;
#11933 = VERTEX_POINT ( 'NONE', #1324 ) ;
#11934 = VECTOR ( 'NONE', #13406, 1000.000000000000114 ) ;
#11935 = LINE ( 'NONE', #176, #3658 ) ;
#11936 = ORIENTED_EDGE ( 'NONE', *, *, #100, .T. ) ;
#11937 = CARTESIAN_POINT ( 'NONE',  ( 45.12741254480836517, 3.000000000000000000, 21.17265375201477795 ) ) ;
#11938 = ORIENTED_EDGE ( 'NONE', *, *, #6336, .F. ) ;
#11939 = CARTESIAN_POINT ( 'NONE',  ( 21.80802306480837061, 3.000000000000000000, 26.13005201601479754 ) ) ;
#11940 = EDGE_LOOP ( 'NONE', ( #13433, #1867, #5595, #7782 ) ) ;
#11941 = FACE_BOUND ( 'NONE', #5205, .T. ) ;
#11942 = ORIENTED_EDGE ( 'NONE', *, *, #6892, .T. ) ;
#11943 = ADVANCED_FACE ( 'NONE', ( #10918 ), #9935, .T. ) ;
#11944 = AXIS2_PLACEMENT_3D ( 'NONE', #11074, #8973, #5537 ) ;
#11945 = DIRECTION ( 'NONE',  ( 0.01008096314144696880, 0.000000000000000000, 0.9999491858000288946 ) ) ;
#11946 = EDGE_CURVE ( 'NONE', #13344, #5884, #3415, .T. ) ;
#11947 = EDGE_CURVE ( 'NONE', #13347, #12212, #11054, .T. ) ;
#11948 = CARTESIAN_POINT ( 'NONE',  ( -16.67471611236465279, 5.000000000000000000, -9.738803921681435938 ) ) ;
#11949 = CARTESIAN_POINT ( 'NONE',  ( -28.13431037519162459, 3.000000000000000000, 13.27491999201479977 ) ) ;
#11950 = PLANE ( 'NONE',  #10419 ) ;
#11951 = ORIENTED_EDGE ( 'NONE', *, *, #9763, .F. ) ;
#11952 = VECTOR ( 'NONE', #9594, 1000.000000000000000 ) ;
#11953 = DIRECTION ( 'NONE',  ( -0.5645847261759635582, 0.000000000000000000, 0.8253751189421765222 ) ) ;
#11954 = VERTEX_POINT ( 'NONE', #1534 ) ;
#11955 = EDGE_LOOP ( 'NONE', ( #11041, #8053, #9827, #3242 ) ) ;
#11956 = VECTOR ( 'NONE', #12673, 1000.000000000000000 ) ;
#11957 = ORIENTED_EDGE ( 'NONE', *, *, #11806, .T. ) ;
#11958 = DIRECTION ( 'NONE',  ( -0.8964324551663522822, 0.000000000000000000, 0.4431803846340966468 ) ) ;
#11959 = DIRECTION ( 'NONE',  ( 0.9141451399298767821, 0.000000000000000000, -0.4053870534965144379 ) ) ;
#11960 = ADVANCED_FACE ( 'NONE', ( #11972 ), #7842, .T. ) ;
#11961 = LINE ( 'NONE', #9644, #8660 ) ;
#11962 = VECTOR ( 'NONE', #8909, 1000.000000000000000 ) ;
#11963 = LINE ( 'NONE', #5434, #1070 ) ;
#11964 = DIRECTION ( 'NONE',  ( 0.000000000000000000, 0.000000000000000000, -1.000000000000000000 ) ) ;
#11965 = AXIS2_PLACEMENT_3D ( 'NONE', #2669, #12470, #11417 ) ;
#11966 = CARTESIAN_POINT ( 'NONE',  ( 15.64146796080835600, 5.000000000000000000, 21.22416088801480072 ) ) ;
#11967 = CARTESIAN_POINT ( 'NONE',  ( 4.389521338086534108, 3.000000000000000000, -7.430581487141216357 ) ) ;
#11968 = LINE ( 'NONE', #2762, #12584 ) ;
#11969 = APPROVAL_ROLE ( '' ) ;
#11970 = DIRECTION ( 'NONE',  ( -0.9740126920357834450, 0.000000000000000000, -0.2264934342386245303 ) ) ;
#11971 = ORIENTED_EDGE ( 'NONE', *, *, #5134, .T. ) ;
#11972 = FACE_OUTER_BOUND ( 'NONE', #6926, .T. ) ;
#11973 = VERTEX_POINT ( 'NONE', #1460 ) ;
#11974 = ORIENTED_EDGE ( 'NONE', *, *, #12724, .F. ) ;
#11975 = DIRECTION ( 'NONE',  ( -0.6981011568676802614, 0.000000000000000000, 0.7159991443989346394 ) ) ;
#11976 = VERTEX_POINT ( 'NONE', #6569 ) ;
#11977 = VECTOR ( 'NONE', #11331, 1000.000000000000114 ) ;
#11978 = CARTESIAN_POINT ( 'NONE',  ( -50.21380393519162766, 3.000000000000000000, 30.61553352001479666 ) ) ;
#11979 = DIRECTION ( 'NONE',  ( 0.1886949699039869033, 0.000000000000000000, -0.9820357469730587319 ) ) ;
#11980 = ADVANCED_FACE ( 'NONE', ( #7627 ), #5586, .T. ) ;
#11981 = AXIS2_PLACEMENT_3D ( 'NONE', #6784, #3625, #7847 ) ;
#11982 = EDGE_LOOP ( 'NONE', ( #12944, #12919, #10517, #4473 ) ) ;
#11983 = EDGE_CURVE ( 'NONE', #6900, #1614, #10981, .T. ) ;
#11984 = DIRECTION ( 'NONE',  ( -0.4472135954995247742, 0.000000000000000000, 0.8944271910001324599 ) ) ;
#11985 = ORIENTED_EDGE ( 'NONE', *, *, #2814, .T. ) ;
#11986 = VECTOR ( 'NONE', #9620, 1000.000000000000000 ) ;
#11987 = FACE_OUTER_BOUND ( 'NONE', #7060, .T. ) ;
#11988 = CARTESIAN_POINT ( 'NONE',  ( 0.000000000000000000, 5.000000000000000000, 12.63718593601479689 ) ) ;
#11989 = VECTOR ( 'NONE', #13194, 1000.000000000000000 ) ;
#11990 = CARTESIAN_POINT ( 'NONE',  ( 6.712389115646180571, 5.000000000000000000, 22.60261280503285874 ) ) ;
#11991 = ORIENTED_EDGE ( 'NONE', *, *, #6417, .F. ) ;
#11992 = DIRECTION ( 'NONE',  ( -0.3878634473750072753, 0.000000000000000000, 0.9217168470796087698 ) ) ;
#11993 = ORIENTED_EDGE ( 'NONE', *, *, #12493, .T. ) ;
#11994 = PLANE ( 'NONE',  #3252 ) ;
#11995 = CARTESIAN_POINT ( 'NONE',  ( 0.000000000000000000, 5.000000000000000000, 19.92748276001479724 ) ) ;
#11996 = LINE ( 'NONE', #2398, #4115 ) ;
#11997 = ORIENTED_EDGE ( 'NONE', *, *, #8641, .T. ) ;
#11998 = EDGE_CURVE ( 'NONE', #1940, #12467, #10072, .T. ) ;
#11999 = EDGE_LOOP ( 'NONE', ( #8579, #2296, #2337, #4140 ) ) ;
#12000 = AXIS2_PLACEMENT_3D ( 'NONE', #6381, #10380, #12820 ) ;
#12001 = CIRCLE ( 'NONE', #596, 2.000000000000001776 ) ;
#12002 = FACE_OUTER_BOUND ( 'NONE', #11870, .T. ) ;
#12003 = DIRECTION ( 'NONE',  ( 0.2779401237068993558, 0.000000000000000000, -0.9605984008074308633 ) ) ;
#12004 = LINE ( 'NONE', #9831, #13139 ) ;
#12005 = DIRECTION ( 'NONE',  ( -1.000000000000000000, 0.000000000000000000, 0.000000000000000000 ) ) ;
#12006 = DIRECTION ( 'NONE',  ( 1.000000000000000000, 0.000000000000000000, 4.956352788505159323E-16 ) ) ;
#12007 = VERTEX_POINT ( 'NONE', #275 ) ;
#12008 = CARTESIAN_POINT ( 'NONE',  ( 13.69079854138398566, 3.000000000000000000, 11.25806931418571821 ) ) ;
#12009 = VECTOR ( 'NONE', #622, 1000.000000000000000 ) ;
#12010 = ORIENTED_EDGE ( 'NONE', *, *, #13066, .F. ) ;
#12011 = CARTESIAN_POINT ( 'NONE',  ( 2.625883081148060239, 5.000000000000000000, 9.709345546787982784 ) ) ;
#12012 = EDGE_LOOP ( 'NONE', ( #10892, #12808, #7879, #12222 ) ) ;
#12013 = VECTOR ( 'NONE', #10613, 1000.000000000000000 ) ;
#12014 = FACE_OUTER_BOUND ( 'NONE', #1738, .T. ) ;
#12015 = ORIENTED_EDGE ( 'NONE', *, *, #9473, .T. ) ;
#12016 = ADVANCED_FACE ( 'NONE', ( #4542 ), #2577, .T. ) ;
#12017 = FACE_OUTER_BOUND ( 'NONE', #13173, .T. ) ;
#12018 = ADVANCED_FACE ( 'NONE', ( #1254 ), #4474, .T. ) ;
#12019 = ORIENTED_EDGE ( 'NONE', *, *, #12248, .T. ) ;
#12020 = CARTESIAN_POINT ( 'NONE',  ( 11.31227570480836775, 5.000000000000000000, 27.44807224001478829 ) ) ;
#12021 = VECTOR ( 'NONE', #5594, 1000.000000000000000 ) ;
#12022 = DIRECTION ( 'NONE',  ( 0.5937761020766295639, 0.000000000000000000, -0.8046303130026136730 ) ) ;
#12023 = VECTOR ( 'NONE', #12905, 1000.000000000000000 ) ;
#12024 = LINE ( 'NONE', #5781, #3170 ) ;
#12025 = LINE ( 'NONE', #4797, #7514 ) ;
#12026 = ORIENTED_EDGE ( 'NONE', *, *, #11581, .T. ) ;
#12027 = EDGE_CURVE ( 'NONE', #2799, #9752, #5794, .T. ) ;
#12028 = FACE_OUTER_BOUND ( 'NONE', #8388, .T. ) ;
#12029 = EDGE_LOOP ( 'NONE', ( #875, #13577, #7670, #4385, #4247, #7567, #10948, #8460, #1919, #6941, #2622, #1610, #10029, #6107, #662, #1357, #4293, #11560, #4684, #6874, #10398, #10255, #10653, #11432, #5606, #321, #8183, #1822, #6822, #3460, #1667, #2172, #3225, #12979, #10783, #13221, #4005, #10437, #1686, #6495, #1136, #11817, #6747, #2767 ) ) ;
#12030 = ORIENTED_EDGE ( 'NONE', *, *, #5146, .T. ) ;
#12031 = EDGE_LOOP ( 'NONE', ( #11800, #5359, #12784, #481 ) ) ;
#12032 = ADVANCED_FACE ( 'NONE', ( #13011 ), #8820, .T. ) ;
#12033 = VECTOR ( 'NONE', #6598, 1000.000000000000000 ) ;
#12034 = DIRECTION ( 'NONE',  ( -0.7961630348195800622, 0.000000000000000000, -0.6050821613523869047 ) ) ;
#12035 = EDGE_CURVE ( 'NONE', #4214, #5997, #3558, .T. ) ;
#12036 = CARTESIAN_POINT ( 'NONE',  ( 20.93252928890449382, 5.000000000000000000, 27.11022474983857222 ) ) ;
#12037 = DIRECTION ( 'NONE',  ( 0.7723925356653189578, -0.000000000000000000, 0.6351454721939683301 ) ) ;
#12038 = LINE ( 'NONE', #9859, #3537 ) ;
#12039 = DIRECTION ( 'NONE',  ( 0.000000000000000000, 0.000000000000000000, 1.000000000000000000 ) ) ;
#12040 = DIRECTION ( 'NONE',  ( -1.000000000000000000, 0.000000000000000000, -0.000000000000000000 ) ) ;
#12041 = VECTOR ( 'NONE', #8174, 1000.000000000000114 ) ;
#12042 = EDGE_CURVE ( 'NONE', #5309, #7968, #2442, .T. ) ;
#12043 = CARTESIAN_POINT ( 'NONE',  ( -4.589937621240017781E-13, 5.000000000000000000, -45.54033533331417516 ) ) ;
#12044 = ORIENTED_EDGE ( 'NONE', *, *, #4110, .F. ) ;
#12045 = DIRECTION ( 'NONE',  ( 0.3622134907540549009, 0.000000000000000000, 0.9320951599036239044 ) ) ;
#12046 = ORIENTED_EDGE ( 'NONE', *, *, #10629, .T. ) ;
#12047 = ORIENTED_EDGE ( 'NONE', *, *, #12885, .T. ) ;
#12048 = DIRECTION ( 'NONE',  ( 0.2115579632480348860, 0.000000000000000000, 0.9773654527280689619 ) ) ;
#12049 = ORIENTED_EDGE ( 'NONE', *, *, #9364, .F. ) ;
#12050 = ORIENTED_EDGE ( 'NONE', *, *, #6243, .F. ) ;
#12051 = CARTESIAN_POINT ( 'NONE',  ( -12.38424484719162955, 5.000000000000000000, -7.559139431985200552 ) ) ;
#12052 = EDGE_CURVE ( 'NONE', #3657, #1276, #12446, .T. ) ;
#12053 = CARTESIAN_POINT ( 'NONE',  ( -12.26405509519162607, 5.000000000000000000, 7.425938040014797181 ) ) ;
#12054 = VERTEX_POINT ( 'NONE', #3969 ) ;
#12055 = DIRECTION ( 'NONE',  ( 0.5724172031450222020, -0.000000000000000000, 0.8199625269142671868 ) ) ;
#12056 = ORIENTED_EDGE ( 'NONE', *, *, #5689, .F. ) ;
#12057 = DIRECTION ( 'NONE',  ( 0.8933547143928027845, 0.000000000000000000, -0.4493521495132226651 ) ) ;
#12058 = DIRECTION ( 'NONE',  ( 0.000000000000000000, 0.000000000000000000, 1.000000000000000000 ) ) ;
#12059 = CARTESIAN_POINT ( 'NONE',  ( 38.47138724880836946, 5.000000000000000000, 32.03596146401479672 ) ) ;
#12060 = LINE ( 'NONE', #9557, #12172 ) ;
#12061 = ADVANCED_FACE ( 'NONE', ( #1796, #10343 ), #5996, .T. ) ;
#12062 = ADVANCED_FACE ( 'NONE', ( #4944 ), #748, .T. ) ;
#12063 = CARTESIAN_POINT ( 'NONE',  ( 7.342376608808366178, 5.000000000000000000, 13.67547900801479521 ) ) ;
#12064 = ORIENTED_EDGE ( 'NONE', *, *, #53, .F. ) ;
#12065 = CARTESIAN_POINT ( 'NONE',  ( -49.59069418319162281, 5.000000000000000000, 31.18307721601480509 ) ) ;
#12066 = EDGE_LOOP ( 'NONE', ( #12768, #9698, #5988, #7232 ) ) ;
#12067 = DIRECTION ( 'NONE',  ( -4.956352788505159323E-16, 0.000000000000000000, -1.000000000000000000 ) ) ;
#12068 = DIRECTION ( 'NONE',  ( 0.6981011568676803725, 0.000000000000000000, -0.7159991443989345283 ) ) ;
#12069 = LINE ( 'NONE', #9963, #2559 ) ;
#12070 = ORIENTED_EDGE ( 'NONE', *, *, #13441, .T. ) ;
#12071 = ORIENTED_EDGE ( 'NONE', *, *, #1634, .T. ) ;
#12072 = CARTESIAN_POINT ( 'NONE',  ( -5.691853492476596443, 5.000000000000000000, 13.74154813797134800 ) ) ;
#12073 = CARTESIAN_POINT ( 'NONE',  ( 9.785106695425943357, 5.000000000000000000, 33.26743522363523908 ) ) ;
#12074 = DIRECTION ( 'NONE',  ( 0.001899536769857406403, 0.000000000000000000, 0.9999981958784026626 ) ) ;
#12075 = DIRECTION ( 'NONE',  ( 0.2115579632480343586, 0.000000000000000000, -0.9773654527280690729 ) ) ;
#12076 = EDGE_CURVE ( 'NONE', #2945, #13727, #4881, .T. ) ;
#12077 = FACE_OUTER_BOUND ( 'NONE', #3600, .T. ) ;
#12078 = VERTEX_POINT ( 'NONE', #8050 ) ;
#12079 = CARTESIAN_POINT ( 'NONE',  ( 25.02796988880836793, 5.000000000000000000, 0.000000000000000000 ) ) ;
#12080 = VERTEX_POINT ( 'NONE', #3767 ) ;
#12081 = LINE ( 'NONE', #3595, #125 ) ;
#12082 = ORIENTED_EDGE ( 'NONE', *, *, #3997, .F. ) ;
#12083 = DIRECTION ( 'NONE',  ( 1.000000000000000000, 0.000000000000000000, -0.000000000000000000 ) ) ;
#12084 = EDGE_LOOP ( 'NONE', ( #12189, #12752, #5902, #8646 ) ) ;
#12085 = LINE ( 'NONE', #393, #3942 ) ;
#12086 = ORIENTED_EDGE ( 'NONE', *, *, #12866, .T. ) ;
#12087 = DIRECTION ( 'NONE',  ( -0.000000000000000000, -1.000000000000000000, -0.000000000000000000 ) ) ;
#12088 = CARTESIAN_POINT ( 'NONE',  ( -1.397147279592723557, 3.000000000000000000, 1.516102229121410128 ) ) ;
#12089 = LINE ( 'NONE', #7889, #11449 ) ;
#12090 = PLANE ( 'NONE',  #8862 ) ;
#12091 = ADVANCED_FACE ( 'NONE', ( #11263 ), #3694, .T. ) ;
#12092 = EDGE_CURVE ( 'NONE', #3878, #3041, #9294, .T. ) ;
#12093 = DIRECTION ( 'NONE',  ( 0.9563306770081583252, 0.000000000000000000, -0.2922869073583650446 ) ) ;
#12094 = VERTEX_POINT ( 'NONE', #1866 ) ;
#12095 = ORIENTED_EDGE ( 'NONE', *, *, #1153, .T. ) ;
#12096 = ORIENTED_EDGE ( 'NONE', *, *, #2210, .F. ) ;
#12097 = CARTESIAN_POINT ( 'NONE',  ( 3.634814934055550228, 3.000000000000000000, -6.065090853944242077 ) ) ;
#12098 = FACE_OUTER_BOUND ( 'NONE', #8285, .T. ) ;
#12099 = CARTESIAN_POINT ( 'NONE',  ( 0.000000000000000000, 3.000000000000000000, 20.23155835201480102 ) ) ;
#12100 = LINE ( 'NONE', #3693, #6151 ) ;
#12101 = EDGE_CURVE ( 'NONE', #8475, #8147, #8249, .T. ) ;
#12102 = CARTESIAN_POINT ( 'NONE',  ( 12.03710839280837419, 5.000000000000000000, 29.78548285601479151 ) ) ;
#12103 = ORIENTED_EDGE ( 'NONE', *, *, #5659, .F. ) ;
#12104 = CARTESIAN_POINT ( 'NONE',  ( 24.00775463661567954, 5.000000000000000000, 25.55967752738640186 ) ) ;
#12105 = ORIENTED_EDGE ( 'NONE', *, *, #12476, .T. ) ;
#12106 = ORIENTED_EDGE ( 'NONE', *, *, #11682, .F. ) ;
#12107 = CARTESIAN_POINT ( 'NONE',  ( -84.00000000000001421, 0.000000000000000000, 29.04999999999999361 ) ) ;
#12108 = ORIENTED_EDGE ( 'NONE', *, *, #4489, .F. ) ;
#12109 = CARTESIAN_POINT ( 'NONE',  ( 6.778927461222658657, 3.000000000000000000, 23.75341867566872622 ) ) ;
#12110 = DIRECTION ( 'NONE',  ( -0.000000000000000000, -1.000000000000000000, -0.000000000000000000 ) ) ;
#12111 = ORIENTED_EDGE ( 'NONE', *, *, #10441, .F. ) ;
#12112 = CARTESIAN_POINT ( 'NONE',  ( 0.8849947871026886403, 3.000000000000000000, -37.60284271929458555 ) ) ;
#12113 = VECTOR ( 'NONE', #60, 1000.000000000000000 ) ;
#12114 = ORIENTED_EDGE ( 'NONE', *, *, #1585, .F. ) ;
#12115 = EDGE_CURVE ( 'NONE', #10187, #13797, #6134, .T. ) ;
#12116 = CARTESIAN_POINT ( 'NONE',  ( 4.458014130935589847, 5.000000000000000000, -4.900190452336112834 ) ) ;
#12117 = EDGE_CURVE ( 'NONE', #4182, #2897, #1665, .T. ) ;
#12118 = CARTESIAN_POINT ( 'NONE',  ( 8.978918928808365507, 3.000000000000000000, 16.98812770401479000 ) ) ;
#12119 = EDGE_CURVE ( 'NONE', #7073, #2248, #2909, .T. ) ;
#12120 = LINE ( 'NONE', #11069, #12372 ) ;
#12121 = CARTESIAN_POINT ( 'NONE',  ( -11.22823801519162501, 5.000000000000000000, -6.932171927985203652 ) ) ;
#12122 = CARTESIAN_POINT ( 'NONE',  ( -49.06907571919161626, 5.000000000000000000, 29.96431917601479711 ) ) ;
#12123 = VERTEX_POINT ( 'NONE', #7188 ) ;
#12124 = VECTOR ( 'NONE', #1106, 1000.000000000000114 ) ;
#12125 = PLANE ( 'NONE',  #4336 ) ;
#12126 = AXIS2_PLACEMENT_3D ( 'NONE', #8436, #4364, #9764 ) ;
#12127 = VERTEX_POINT ( 'NONE', #9159 ) ;
#12128 = DIRECTION ( 'NONE',  ( 1.000000000000000000, 0.000000000000000000, 0.000000000000000000 ) ) ;
#12129 = PLANE ( 'NONE',  #334 ) ;
#12130 = DIRECTION ( 'NONE',  ( 0.000000000000000000, 0.000000000000000000, 1.000000000000000000 ) ) ;
#12131 = ORIENTED_EDGE ( 'NONE', *, *, #8261, .F. ) ;
#12132 = ORIENTED_EDGE ( 'NONE', *, *, #8438, .T. ) ;
#12133 = EDGE_CURVE ( 'NONE', #13709, #7705, #11465, .T. ) ;
#12134 = VECTOR ( 'NONE', #6774, 1000.000000000000000 ) ;
#12135 = AXIS2_PLACEMENT_3D ( 'NONE', #3357, #8838, #3431 ) ;
#12136 = CARTESIAN_POINT ( 'NONE',  ( -2.640075359191627058, 5.000000000000000000, 15.35652416001479637 ) ) ;
#12137 = DIRECTION ( 'NONE',  ( -0.000000000000000000, -1.000000000000000000, -0.000000000000000000 ) ) ;
#12138 = DIRECTION ( 'NONE',  ( -0.000000000000000000, -0.000000000000000000, 1.000000000000000000 ) ) ;
#12139 = CARTESIAN_POINT ( 'NONE',  ( -12.22233675662311292, 3.000000000000000000, -24.72243746901373740 ) ) ;
#12140 = CARTESIAN_POINT ( 'NONE',  ( -17.31708740719162165, 5.000000000000000000, 19.94973316001479446 ) ) ;
#12141 = VERTEX_POINT ( 'NONE', #820 ) ;
#12142 = CARTESIAN_POINT ( 'NONE',  ( -25.70501068719163129, 5.000000000000000000, 30.98283580801479431 ) ) ;
#12143 = ORIENTED_EDGE ( 'NONE', *, *, #2783, .T. ) ;
#12144 = CARTESIAN_POINT ( 'NONE',  ( -6.194332612344698674, 5.000000000000000000, 35.72073531388625156 ) ) ;
#12145 = VECTOR ( 'NONE', #8928, 999.9999999999998863 ) ;
#12146 = VERTEX_POINT ( 'NONE', #13480 ) ;
#12147 = LINE ( 'NONE', #5625, #7981 ) ;
#12148 = VERTEX_POINT ( 'NONE', #5927 ) ;
#12149 = PLANE ( 'NONE',  #10655 ) ;
#12150 = ORIENTED_EDGE ( 'NONE', *, *, #8561, .T. ) ;
#12151 = EDGE_CURVE ( 'NONE', #3085, #6829, #5085, .T. ) ;
#12152 = EDGE_CURVE ( 'NONE', #9872, #11589, #551, .T. ) ;
#12153 = CARTESIAN_POINT ( 'NONE',  ( 3.895979852809159372, 5.000000000000000000, 7.300989633957577496 ) ) ;
#12154 = VECTOR ( 'NONE', #11914, 1000.000000000000000 ) ;
#12155 = CARTESIAN_POINT ( 'NONE',  ( 24.00775463661567954, 3.000000000000000000, 25.55967752738640186 ) ) ;
#12156 = DIRECTION ( 'NONE',  ( -0.7288886501414183483, 0.000000000000000000, 0.6846322631128488601 ) ) ;
#12157 = CARTESIAN_POINT ( 'NONE',  ( 25.85973556080835678, 5.000000000000000000, 13.56753002401479691 ) ) ;
#12158 = CARTESIAN_POINT ( 'NONE',  ( 0.000000000000000000, 3.000000000000000000, 24.74071773601479407 ) ) ;
#12159 = ORIENTED_EDGE ( 'NONE', *, *, #11269, .T. ) ;
#12160 = VERTEX_POINT ( 'NONE', #1594 ) ;
#12161 = VERTEX_POINT ( 'NONE', #5857 ) ;
#12162 = VECTOR ( 'NONE', #4256, 1000.000000000000000 ) ;
#12163 = DIRECTION ( 'NONE',  ( -0.8577573345826228213, 0.000000000000000000, -0.5140548170863826760 ) ) ;
#12164 = EDGE_CURVE ( 'NONE', #7746, #6173, #13417, .T. ) ;
#12165 = EDGE_CURVE ( 'NONE', #1226, #13449, #13356, .T. ) ;
#12166 = LINE ( 'NONE', #9088, #3970 ) ;
#12167 = CARTESIAN_POINT ( 'NONE',  ( -3.753500488011892511, 3.000000000000000000, 18.44171319498056150 ) ) ;
#12168 = DIRECTION ( 'NONE',  ( 0.8035670204807064954, 0.000000000000000000, -0.5952142837632172778 ) ) ;
#12169 = VECTOR ( 'NONE', #8217, 1000.000000000000000 ) ;
#12170 = AXIS2_PLACEMENT_3D ( 'NONE', #3208, #10508, #8479 ) ;
#12171 = DIRECTION ( 'NONE',  ( -0.9252461951942886342, 0.000000000000000000, -0.3793672077005238452 ) ) ;
#12172 = VECTOR ( 'NONE', #5670, 1000.000000000000114 ) ;
#12173 = ORIENTED_EDGE ( 'NONE', *, *, #9799, .F. ) ;
#12174 = DIRECTION ( 'NONE',  ( 0.5603453801135055423, 0.000000000000000000, -0.8282590506510936201 ) ) ;
#12175 = ORIENTED_EDGE ( 'NONE', *, *, #5245, .F. ) ;
#12176 = CARTESIAN_POINT ( 'NONE',  ( 8.308500152808376171, 5.000000000000000000, 13.26968149601479929 ) ) ;
#12177 = CARTESIAN_POINT ( 'NONE',  ( 76.49999999999998579, 3.000000000000000000, -5.000000000000004441 ) ) ;
#12178 = ORIENTED_EDGE ( 'NONE', *, *, #9957, .F. ) ;
#12179 = EDGE_CURVE ( 'NONE', #699, #5116, #3895, .T. ) ;
#12180 = AXIS2_PLACEMENT_3D ( 'NONE', #5311, #978, #3133 ) ;
#12181 = CARTESIAN_POINT ( 'NONE',  ( -1.002496034125272439, 3.000000000000000000, -1.500351518372184945 ) ) ;
#12182 = EDGE_CURVE ( 'NONE', #11252, #2055, #3116, .T. ) ;
#12183 = VECTOR ( 'NONE', #13110, 1000.000000000000000 ) ;
#12184 = FACE_OUTER_BOUND ( 'NONE', #8507, .T. ) ;
#12185 = LINE ( 'NONE', #1747, #11765 ) ;
#12186 = PLANE ( 'NONE',  #73 ) ;
#12187 = DIRECTION ( 'NONE',  ( -0.000000000000000000, -1.000000000000000000, -0.000000000000000000 ) ) ;
#12188 = PLANE ( 'NONE',  #3394 ) ;
#12189 = ORIENTED_EDGE ( 'NONE', *, *, #6543, .T. ) ;
#12190 = VECTOR ( 'NONE', #10023, 1000.000000000000000 ) ;
#12191 = CARTESIAN_POINT ( 'NONE',  ( -12.03909237519162900, 5.000000000000000000, 13.67547900801479521 ) ) ;
#12192 = VERTEX_POINT ( 'NONE', #1030 ) ;
#12193 = EDGE_CURVE ( 'NONE', #12760, #387, #10485, .T. ) ;
#12194 = ORIENTED_EDGE ( 'NONE', *, *, #7988, .F. ) ;
#12195 = AXIS2_PLACEMENT_3D ( 'NONE', #9641, #13837, #4314 ) ;
#12196 = DIRECTION ( 'NONE',  ( -1.000000000000000000, -0.000000000000000000, -0.000000000000000000 ) ) ;
#12197 = ORIENTED_EDGE ( 'NONE', *, *, #5084, .T. ) ;
#12198 = DIRECTION ( 'NONE',  ( 0.000000000000000000, 0.000000000000000000, 1.000000000000000000 ) ) ;
#12199 = DIRECTION ( 'NONE',  ( 0.3815718926976358061, 0.000000000000000000, 0.9243391643239747824 ) ) ;
#12200 = EDGE_LOOP ( 'NONE', ( #13201, #12327, #2425, #681 ) ) ;
#12201 = EDGE_CURVE ( 'NONE', #6124, #13209, #13304, .T. ) ;
#12202 = EDGE_CURVE ( 'NONE', #3596, #1003, #1162, .T. ) ;
#12203 = ORIENTED_EDGE ( 'NONE', *, *, #4025, .F. ) ;
#12204 = VECTOR ( 'NONE', #9861, 1000.000000000000114 ) ;
#12205 = CARTESIAN_POINT ( 'NONE',  ( 2.083891038176894472, 3.000000000000000000, 1.392422806754083142 ) ) ;
#12206 = VECTOR ( 'NONE', #5768, 1000.000000000000114 ) ;
#12207 = CARTESIAN_POINT ( 'NONE',  ( 0.000000000000000000, 5.000000000000000000, 30.81720240801479704 ) ) ;
#12208 = VECTOR ( 'NONE', #576, 1000.000000000000227 ) ;
#12209 = LINE ( 'NONE', #2541, #5742 ) ;
#12210 = DIRECTION ( 'NONE',  ( -0.8598862481892427523, 0.000000000000000000, 0.5104856904703871656 ) ) ;
#12211 = DIRECTION ( 'NONE',  ( -0.2115579632480343308, 0.000000000000000000, 0.9773654527280690729 ) ) ;
#12212 = VERTEX_POINT ( 'NONE', #8384 ) ;
#12213 = DIRECTION ( 'NONE',  ( -0.1708600563953216189, 0.000000000000000000, 0.9852953065597073179 ) ) ;
#12214 = EDGE_CURVE ( 'NONE', #4855, #4121, #9637, .T. ) ;
#12215 = ORIENTED_EDGE ( 'NONE', *, *, #645, .F. ) ;
#12216 = FACE_OUTER_BOUND ( 'NONE', #6100, .T. ) ;
#12217 = VECTOR ( 'NONE', #5128, 1000.000000000000000 ) ;
#12218 = ORIENTED_EDGE ( 'NONE', *, *, #1932, .T. ) ;
#12219 = CARTESIAN_POINT ( 'NONE',  ( -40.12739484719161709, 3.000000000000000000, 30.41671857601479445 ) ) ;
#12220 = ORIENTED_EDGE ( 'NONE', *, *, #2964, .F. ) ;
#12221 = AXIS2_PLACEMENT_3D ( 'NONE', #8632, #5676, #6667 ) ;
#12222 = ORIENTED_EDGE ( 'NONE', *, *, #7125, .T. ) ;
#12223 = VECTOR ( 'NONE', #3292, 1000.000000000000000 ) ;
#12224 = LINE ( 'NONE', #5040, #2152 ) ;
#12225 = EDGE_CURVE ( 'NONE', #921, #12468, #12572, .T. ) ;
#12226 = ORIENTED_EDGE ( 'NONE', *, *, #2961, .F. ) ;
#12227 = LINE ( 'NONE', #3538, #931 ) ;
#12228 = DIRECTION ( 'NONE',  ( 0.8944271909999153003, -0.000000000000000000, 0.4472135954999592045 ) ) ;
#12229 = CARTESIAN_POINT ( 'NONE',  ( 33.61660295280837119, 5.000000000000000000, 22.34290795201479796 ) ) ;
#12230 = VECTOR ( 'NONE', #5560, 1000.000000000000114 ) ;
#12231 = DIRECTION ( 'NONE',  ( -0.000000000000000000, -1.000000000000000000, -0.000000000000000000 ) ) ;
#12232 = FACE_OUTER_BOUND ( 'NONE', #646, .T. ) ;
#12233 = VECTOR ( 'NONE', #1301, 999.9999999999998863 ) ;
#12234 = DIRECTION ( 'NONE',  ( -0.000000000000000000, -1.000000000000000000, -0.000000000000000000 ) ) ;
#12235 = EDGE_CURVE ( 'NONE', #11282, #8628, #7336, .T. ) ;
#12236 = EDGE_CURVE ( 'NONE', #6173, #11732, #12782, .T. ) ;
#12237 = CARTESIAN_POINT ( 'NONE',  ( 16.48924172880835570, 3.000000000000000000, 31.12127393601479497 ) ) ;
#12238 = VERTEX_POINT ( 'NONE', #889 ) ;
#12239 = ORIENTED_EDGE ( 'NONE', *, *, #8872, .T. ) ;
#12240 = ORIENTED_EDGE ( 'NONE', *, *, #8123, .F. ) ;
#12241 = DIRECTION ( 'NONE',  ( -0.8718510606488927284, 0.000000000000000000, -0.4897710976011147577 ) ) ;
#12242 = VECTOR ( 'NONE', #1773, 1000.000000000000227 ) ;
#12243 = VECTOR ( 'NONE', #6861, 999.9999999999998863 ) ;
#12244 = VECTOR ( 'NONE', #1824, 1000.000000000000114 ) ;
#12245 = LINE ( 'NONE', #412, #7337 ) ;
#12246 = DIRECTION ( 'NONE',  ( 0.000000000000000000, 0.000000000000000000, 1.000000000000000000 ) ) ;
#12247 = PLANE ( 'NONE',  #8391 ) ;
#12248 = EDGE_CURVE ( 'NONE', #2381, #2071, #2072, .T. ) ;
#12249 = DIRECTION ( 'NONE',  ( -0.000000000000000000, -1.000000000000000000, -0.000000000000000000 ) ) ;
#12250 = VECTOR ( 'NONE', #3024, 1000.000000000000114 ) ;
#12251 = VECTOR ( 'NONE', #13229, 1000.000000000000227 ) ;
#12252 = ORIENTED_EDGE ( 'NONE', *, *, #12042, .F. ) ;
#12253 = DIRECTION ( 'NONE',  ( 0.000000000000000000, 0.000000000000000000, 1.000000000000000000 ) ) ;
#12254 = ORIENTED_EDGE ( 'NONE', *, *, #4011, .F. ) ;
#12255 = FACE_OUTER_BOUND ( 'NONE', #2796, .T. ) ;
#12256 = DIRECTION ( 'NONE',  ( 0.000000000000000000, 0.000000000000000000, 1.000000000000000000 ) ) ;
#12257 = VERTEX_POINT ( 'NONE', #2979 ) ;
#12258 = CARTESIAN_POINT ( 'NONE',  ( 29.83131308880836485, 5.000000000000000000, 21.14624486401479686 ) ) ;
#12259 = VECTOR ( 'NONE', #10410, 999.9999999999998863 ) ;
#12260 = DIRECTION ( 'NONE',  ( -0.9937606799076039721, 0.000000000000000000, -0.1115334526927976022 ) ) ;
#12261 = CARTESIAN_POINT ( 'NONE',  ( 19.42366308880837522, 3.000000000000000000, 29.86543392801480223 ) ) ;
#12262 = DIRECTION ( 'NONE',  ( -0.000000000000000000, -1.000000000000000000, -0.000000000000000000 ) ) ;
#12263 = DIRECTION ( 'NONE',  ( -0.9974477743816270170, 0.000000000000000000, 0.07139984160443874073 ) ) ;
#12264 = LINE ( 'NONE', #9039, #12993 ) ;
#12265 = VERTEX_POINT ( 'NONE', #11742 ) ;
#12266 = ADVANCED_FACE ( 'NONE', ( #6271 ), #5293, .T. ) ;
#12267 = LINE ( 'NONE', #13030, #12386 ) ;
#12268 = EDGE_CURVE ( 'NONE', #3579, #7615, #13762, .T. ) ;
#12269 = VERTEX_POINT ( 'NONE', #6413 ) ;
#12270 = VERTEX_POINT ( 'NONE', #8520 ) ;
#12271 = LINE ( 'NONE', #1617, #11327 ) ;
#12272 = CARTESIAN_POINT ( 'NONE',  ( 28.81641240080837107, 3.000000000000000000, 21.30092680001479266 ) ) ;
#12273 = CARTESIAN_POINT ( 'NONE',  ( 3.535614600808367758, 3.000000000000000000, -7.871801239985202869 ) ) ;
#12274 = EDGE_LOOP ( 'NONE', ( #498, #2619, #3912, #10939 ) ) ;
#12275 = ORIENTED_EDGE ( 'NONE', *, *, #6594, .T. ) ;
#12276 = LINE ( 'NONE', #1560, #2173 ) ;
#12277 = CARTESIAN_POINT ( 'NONE',  ( -47.34741925177519306, 3.000000000000000000, 34.54428516956821227 ) ) ;
#12278 = CARTESIAN_POINT ( 'NONE',  ( 16.48924172880835926, 5.000000000000000000, 19.92748580801480429 ) ) ;
#12279 = CARTESIAN_POINT ( 'NONE',  ( -76.50000000000001421, 3.000000000000000000, 48.69999999999999574 ) ) ;
#12280 = CARTESIAN_POINT ( 'NONE',  ( 33.32979732880836821, 5.000000000000000000, 21.60486218401479519 ) ) ;
#12281 = EDGE_LOOP ( 'NONE', ( #1218, #13210, #3941, #9410 ) ) ;
#12282 = EDGE_CURVE ( 'NONE', #5747, #3770, #7469, .T. ) ;
#12283 = CARTESIAN_POINT ( 'NONE',  ( 3.247195835403338116, 5.000000000000000000, -33.74443094418466416 ) ) ;
#12284 = EDGE_CURVE ( 'NONE', #4439, #10313, #10695, .T. ) ;
#12285 = ORIENTED_EDGE ( 'NONE', *, *, #6127, .T. ) ;
#12286 = LINE ( 'NONE', #11302, #7748 ) ;
#12287 = VERTEX_POINT ( 'NONE', #10755 ) ;
#12288 = CARTESIAN_POINT ( 'NONE',  ( 1.825432346670802009, 5.000000000000000000, 2.136697634766004050 ) ) ;
#12289 = ORIENTED_EDGE ( 'NONE', *, *, #7466, .F. ) ;
#12290 = VERTEX_POINT ( 'NONE', #13615 ) ;
#12291 = ORIENTED_EDGE ( 'NONE', *, *, #3331, .F. ) ;
#12292 = EDGE_CURVE ( 'NONE', #6239, #1958, #5356, .T. ) ;
#12293 = PLANE ( 'NONE',  #5078 ) ;
#12294 = CARTESIAN_POINT ( 'NONE',  ( -52.98590743828774663, 5.000000000000000000, 20.64746446397321122 ) ) ;
#12295 = LINE ( 'NONE', #6833, #2726 ) ;
#12296 = DIRECTION ( 'NONE',  ( -0.9207061527434364789, 0.000000000000000000, 0.3902565570241960935 ) ) ;
#12297 = DIRECTION ( 'NONE',  ( -0.9198857237543700549, 0.000000000000000000, 0.3921865056741485889 ) ) ;
#12298 = EDGE_CURVE ( 'NONE', #1132, #5945, #5220, .T. ) ;
#12299 = CARTESIAN_POINT ( 'NONE',  ( 5.791640664071779909, 5.000000000000000000, -5.493212856911061870 ) ) ;
#12300 = ADVANCED_FACE ( 'NONE', ( #11534 ), #3256, .T. ) ;
#12301 = LINE ( 'NONE', #13408, #3458 ) ;
#12302 = ORIENTED_EDGE ( 'NONE', *, *, #12848, .T. ) ;
#12303 = VERTEX_POINT ( 'NONE', #12718 ) ;
#12304 = ORIENTED_EDGE ( 'NONE', *, *, #7555, .F. ) ;
#12305 = DIRECTION ( 'NONE',  ( -0.000000000000000000, -1.000000000000000000, -0.000000000000000000 ) ) ;
#12306 = EDGE_CURVE ( 'NONE', #6194, #6227, #11880, .T. ) ;
#12307 = LINE ( 'NONE', #13353, #8908 ) ;
#12308 = LINE ( 'NONE', #4879, #9437 ) ;
#12309 = DIRECTION ( 'NONE',  ( 0.8598862481892427523, 0.000000000000000000, -0.5104856904703871656 ) ) ;
#12310 = ORIENTED_EDGE ( 'NONE', *, *, #359, .F. ) ;
#12311 = CARTESIAN_POINT ( 'NONE',  ( -30.25195076116317239, 5.000000000000000000, 1.498118834224834162 ) ) ;
#12312 = ORIENTED_EDGE ( 'NONE', *, *, #5466, .T. ) ;
#12313 = DIRECTION ( 'NONE',  ( 1.000000000000000000, 0.000000000000000000, 0.000000000000000000 ) ) ;
#12314 = VERTEX_POINT ( 'NONE', #9996 ) ;
#12315 = LINE ( 'NONE', #5798, #2352 ) ;
#12316 = FACE_OUTER_BOUND ( 'NONE', #6714, .T. ) ;
#12317 = DIRECTION ( 'NONE',  ( -0.7510558762918485565, 0.000000000000000000, 0.6602386467690930516 ) ) ;
#12318 = EDGE_CURVE ( 'NONE', #11156, #3668, #4386, .T. ) ;
#12319 = EDGE_CURVE ( 'NONE', #1132, #11136, #11040, .T. ) ;
#12320 = CARTESIAN_POINT ( 'NONE',  ( -20.90166850319162606, 5.000000000000000000, 22.69132178401480004 ) ) ;
#12321 = CARTESIAN_POINT ( 'NONE',  ( -11.74738861519163358, 5.000000000000000000, 6.906791504014798022 ) ) ;
#12322 = LINE ( 'NONE', #2863, #2297 ) ;
#12323 = DIRECTION ( 'NONE',  ( -0.1469601115001182845, 0.000000000000000000, 0.9891424192844390229 ) ) ;
#12324 = DIRECTION ( 'NONE',  ( -0.000000000000000000, -1.000000000000000000, -0.000000000000000000 ) ) ;
#12325 = ORIENTED_EDGE ( 'NONE', *, *, #1653, .F. ) ;
#12326 = DIRECTION ( 'NONE',  ( 0.000000000000000000, 0.000000000000000000, 1.000000000000000000 ) ) ;
#12327 = ORIENTED_EDGE ( 'NONE', *, *, #715, .F. ) ;
#12328 = CARTESIAN_POINT ( 'NONE',  ( 19.42366308880837167, 5.000000000000000000, 29.86543392801479158 ) ) ;
#12329 = VECTOR ( 'NONE', #4120, 1000.000000000000000 ) ;
#12330 = CARTESIAN_POINT ( 'NONE',  ( 0.000000000000000000, 5.000000000000000000, 32.03596146401479672 ) ) ;
#12331 = CARTESIAN_POINT ( 'NONE',  ( -30.09105301960536849, 3.000000000000000000, 2.805083063941296917 ) ) ;
#12332 = EDGE_LOOP ( 'NONE', ( #5611, #864, #5587, #11537 ) ) ;
#12333 = ORIENTED_EDGE ( 'NONE', *, *, #9661, .T. ) ;
#12334 = EDGE_CURVE ( 'NONE', #2058, #4439, #404, .T. ) ;
#12335 = PLANE ( 'NONE',  #1966 ) ;
#12336 = EDGE_CURVE ( 'NONE', #10073, #13522, #2492, .T. ) ;
#12337 = LINE ( 'NONE', #12727, #4514 ) ;
#12338 = AXIS2_PLACEMENT_3D ( 'NONE', #128, #5366, #12862 ) ;
#12339 = CARTESIAN_POINT ( 'NONE',  ( -76.50000000000001421, 3.000000000000000000, 45.29999999999999005 ) ) ;
#12340 = VECTOR ( 'NONE', #8362, 1000.000000000000000 ) ;
#12341 = DIRECTION ( 'NONE',  ( 0.9885839649156902276, 0.000000000000000000, -0.1506709803232634259 ) ) ;
#12342 = FACE_OUTER_BOUND ( 'NONE', #4637, .T. ) ;
#12343 = VERTEX_POINT ( 'NONE', #6839 ) ;
#12344 = CARTESIAN_POINT ( 'NONE',  ( 16.95074314274644323, 5.000000000000000000, 33.52174097693607990 ) ) ;
#12345 = ORIENTED_EDGE ( 'NONE', *, *, #5415, .F. ) ;
#12346 = DIRECTION ( 'NONE',  ( 0.7400606767618274073, 0.000000000000000000, -0.6725401063957643366 ) ) ;
#12347 = ORIENTED_EDGE ( 'NONE', *, *, #11929, .F. ) ;
#12348 = DIRECTION ( 'NONE',  ( 0.6495550664309807098, -0.000000000000000000, 0.7603145504814728950 ) ) ;
#12349 = VERTEX_POINT ( 'NONE', #8878 ) ;
#12350 = ORIENTED_EDGE ( 'NONE', *, *, #4137, .T. ) ;
#12351 = VECTOR ( 'NONE', #2067, 1000.000000000000114 ) ;
#12352 = AXIS2_PLACEMENT_3D ( 'NONE', #10516, #6445, #10722 ) ;
#12353 = ORIENTED_EDGE ( 'NONE', *, *, #1271, .T. ) ;
#12354 = EDGE_CURVE ( 'NONE', #2453, #13614, #13142, .T. ) ;
#12355 = DIRECTION ( 'NONE',  ( 0.9141451399298767821, 0.000000000000000000, -0.4053870534965144379 ) ) ;
#12356 = DIRECTION ( 'NONE',  ( -0.000000000000000000, -1.000000000000000000, -0.000000000000000000 ) ) ;
#12357 = DIRECTION ( 'NONE',  ( 0.000000000000000000, 0.000000000000000000, 1.000000000000000000 ) ) ;
#12358 = CARTESIAN_POINT ( 'NONE',  ( -9.047278184824188330, 5.000000000000000000, 1.219296991187629020 ) ) ;
#12359 = DIRECTION ( 'NONE',  ( -0.000000000000000000, -1.000000000000000000, -0.000000000000000000 ) ) ;
#12360 = VECTOR ( 'NONE', #2192, 1000.000000000000000 ) ;
#12361 = DIRECTION ( 'NONE',  ( 0.9653199166134026621, 0.000000000000000000, -0.2610698346984830498 ) ) ;
#12362 = VECTOR ( 'NONE', #13202, 1000.000000000000114 ) ;
#12363 = VERTEX_POINT ( 'NONE', #11115 ) ;
#12364 = ORIENTED_EDGE ( 'NONE', *, *, #2538, .T. ) ;
#12365 = LINE ( 'NONE', #1651, #10399 ) ;
#12366 = ORIENTED_EDGE ( 'NONE', *, *, #100, .F. ) ;
#12367 = ORIENTED_EDGE ( 'NONE', *, *, #13713, .F. ) ;
#12368 = EDGE_CURVE ( 'NONE', #6272, #10536, #8666, .T. ) ;
#12369 = ORIENTED_EDGE ( 'NONE', *, *, #3231, .T. ) ;
#12370 = DIRECTION ( 'NONE',  ( -0.6196702068320848467, 0.000000000000000000, -0.7848623030600215822 ) ) ;
#12371 = ADVANCED_FACE ( 'NONE', ( #4670 ), #5423, .T. ) ;
#12372 = VECTOR ( 'NONE', #2387, 1000.000000000000000 ) ;
#12373 = EDGE_CURVE ( 'NONE', #3083, #11063, #9785, .T. ) ;
#12374 = DIRECTION ( 'NONE',  ( -0.000000000000000000, -1.000000000000000000, -0.000000000000000000 ) ) ;
#12375 = PLANE ( 'NONE',  #7197 ) ;
#12376 = LINE ( 'NONE', #5010, #1907 ) ;
#12377 = VECTOR ( 'NONE', #243, 1000.000000000000000 ) ;
#12378 = CARTESIAN_POINT ( 'NONE',  ( -27.67035092719162037, 3.000000000000000000, 0.000000000000000000 ) ) ;
#12379 = ORIENTED_EDGE ( 'NONE', *, *, #6166, .T. ) ;
#12380 = EDGE_CURVE ( 'NONE', #8181, #4622, #3396, .T. ) ;
#12381 = DIRECTION ( 'NONE',  ( 0.000000000000000000, 0.000000000000000000, -1.000000000000000000 ) ) ;
#12382 = ORIENTED_EDGE ( 'NONE', *, *, #11343, .F. ) ;
#12383 = DIRECTION ( 'NONE',  ( -0.9616069243909919351, 0.000000000000000000, 0.2744305430583430239 ) ) ;
#12384 = CARTESIAN_POINT ( 'NONE',  ( -19.72490781395982751, 3.000000000000000000, 4.335614861754015337 ) ) ;
#12385 = CARTESIAN_POINT ( 'NONE',  ( 10.83247867067769121, 3.000000000000000000, 4.501977534480521292 ) ) ;
#12386 = VECTOR ( 'NONE', #11992, 1000.000000000000000 ) ;
#12387 = DIRECTION ( 'NONE',  ( -0.000000000000000000, -1.000000000000000000, -0.000000000000000000 ) ) ;
#12388 = CARTESIAN_POINT ( 'NONE',  ( -2.407943358848358528, 5.000000000000000000, 16.41783068006168733 ) ) ;
#12389 = CARTESIAN_POINT ( 'NONE',  ( 76.49999999999998579, 0.000000000000000000, 45.29999999999999005 ) ) ;
#12390 = PLANE ( 'NONE',  #1185 ) ;
#12391 = DIRECTION ( 'NONE',  ( -0.000000000000000000, -1.000000000000000000, -0.000000000000000000 ) ) ;
#12392 = ORIENTED_EDGE ( 'NONE', *, *, #1262, .F. ) ;
#12393 = LINE ( 'NONE', #2798, #8371 ) ;
#12394 = ORIENTED_EDGE ( 'NONE', *, *, #8305, .F. ) ;
#12395 = VERTEX_POINT ( 'NONE', #8945 ) ;
#12396 = ADVANCED_FACE ( 'NONE', ( #7685 ), #3543, .T. ) ;
#12397 = LINE ( 'NONE', #10162, #4616 ) ;
#12398 = EDGE_CURVE ( 'NONE', #6192, #3800, #6626, .T. ) ;
#12399 = VECTOR ( 'NONE', #4405, 1000.000000000000000 ) ;
#12400 = CARTESIAN_POINT ( 'NONE',  ( 13.02060237411886234, 3.000000000000000000, 0.9320470287833151346 ) ) ;
#12401 = CARTESIAN_POINT ( 'NONE',  ( 21.66464741182484843, 3.000000000000000000, -4.368566015453120066 ) ) ;
#12402 = VECTOR ( 'NONE', #6592, 1000.000000000000000 ) ;
#12403 = VERTEX_POINT ( 'NONE', #13207 ) ;
#12404 = VERTEX_POINT ( 'NONE', #3608 ) ;
#12405 = CARTESIAN_POINT ( 'NONE',  ( -7.130120740826861869, 3.000000000000000000, 24.39277998138588188 ) ) ;
#12406 = LINE ( 'NONE', #3126, #11223 ) ;
#12407 = VECTOR ( 'NONE', #10220, 1000.000000000000114 ) ;
#12408 = CARTESIAN_POINT ( 'NONE',  ( 81.99999999999998579, 0.000000000000000000, 50.99999999999999289 ) ) ;
#12409 = PLANE ( 'NONE',  #3188 ) ;
#12410 = VECTOR ( 'NONE', #12528, 1000.000000000000114 ) ;
#12411 = DIRECTION ( 'NONE',  ( 0.1371696596284507907, 0.000000000000000000, -0.9905475680033821728 ) ) ;
#12412 = ORIENTED_EDGE ( 'NONE', *, *, #4178, .F. ) ;
#12413 = LINE ( 'NONE', #1769, #4782 ) ;
#12414 = VERTEX_POINT ( 'NONE', #7612 ) ;
#12415 = CARTESIAN_POINT ( 'NONE',  ( 28.19495012622513386, 3.000000000000000000, 19.22420387795654761 ) ) ;
#12416 = ADVANCED_FACE ( 'NONE', ( #10825 ), #10900, .T. ) ;
#12417 = ORIENTED_EDGE ( 'NONE', *, *, #538, .F. ) ;
#12418 = CARTESIAN_POINT ( 'NONE',  ( 39.63081596880838475, 3.000000000000000000, 20.89408788801481265 ) ) ;
#12419 = ORIENTED_EDGE ( 'NONE', *, *, #9606, .T. ) ;
#12420 = AXIS2_PLACEMENT_3D ( 'NONE', #203, #57, #6355 ) ;
#12421 = ORIENTED_EDGE ( 'NONE', *, *, #2196, .F. ) ;
#12422 = DIRECTION ( 'NONE',  ( -0.1950914675743609106, 0.000000000000000000, -0.9807850525368349004 ) ) ;
#12423 = CARTESIAN_POINT ( 'NONE',  ( 8.308500152808376171, 5.000000000000000000, 13.26968149601479929 ) ) ;
#12424 = DIRECTION ( 'NONE',  ( -0.3815757523362386938, 0.000000000000000000, 0.9243375710361627640 ) ) ;
#12425 = DIRECTION ( 'NONE',  ( -0.000000000000000000, -1.000000000000000000, -0.000000000000000000 ) ) ;
#12427 = DIRECTION ( 'NONE',  ( -0.9867994316206480931, 0.000000000000000000, -0.1619471572864612519 ) ) ;
#12426 = VECTOR ( 'NONE', #11244, 1000.000000000000000 ) ;
#12428 = DIRECTION ( 'NONE',  ( -0.6782766847752423889, 0.000000000000000000, 0.7348065996507560094 ) ) ;
#12429 = VECTOR ( 'NONE', #4785, 1000.000000000000114 ) ;
#12430 = ORIENTED_EDGE ( 'NONE', *, *, #13295, .T. ) ;
#12431 = ADVANCED_FACE ( 'NONE', ( #9920 ), #5498, .T. ) ;
#12432 = DIRECTION ( 'NONE',  ( 0.000000000000000000, -0.000000000000000000, 1.000000000000000000 ) ) ;
#12433 = ORIENTED_EDGE ( 'NONE', *, *, #11751, .F. ) ;
#12434 = ADVANCED_FACE ( 'NONE', ( #12028 ), #7759, .T. ) ;
#12435 = ORIENTED_EDGE ( 'NONE', *, *, #116, .F. ) ;
#12436 = ORIENTED_EDGE ( 'NONE', *, *, #1589, .F. ) ;
#12437 = LINE ( 'NONE', #13544, #3045 ) ;
#12438 = VECTOR ( 'NONE', #10576, 1000.000000000000000 ) ;
#12439 = VECTOR ( 'NONE', #9492, 999.9999999999998863 ) ;
#12440 = DIRECTION ( 'NONE',  ( -0.000000000000000000, 1.000000000000000000, -0.000000000000000000 ) ) ;
#12441 = DIRECTION ( 'NONE',  ( -0.000000000000000000, -1.000000000000000000, -0.000000000000000000 ) ) ;
#12442 = EDGE_CURVE ( 'NONE', #4601, #6448, #5639, .T. ) ;
#12443 = LINE ( 'NONE', #680, #3698 ) ;
#12444 = ORIENTED_EDGE ( 'NONE', *, *, #9099, .T. ) ;
#12445 = EDGE_CURVE ( 'NONE', #1100, #2945, #9209, .T. ) ;
#12446 = LINE ( 'NONE', #5013, #10836 ) ;
#12447 = ADVANCED_FACE ( 'NONE', ( #5784 ), #2698, .T. ) ;
#12448 = VERTEX_POINT ( 'NONE', #11385 ) ;
#12449 = AXIS2_PLACEMENT_3D ( 'NONE', #7190, #11468, #6136 ) ;
#12450 = CARTESIAN_POINT ( 'NONE',  ( 51.79120820880836362, 5.000000000000000000, 24.32787121601479896 ) ) ;
#12451 = ORIENTED_EDGE ( 'NONE', *, *, #2691, .T. ) ;
#12452 = VECTOR ( 'NONE', #2306, 1000.000000000000114 ) ;
#12453 = FACE_OUTER_BOUND ( 'NONE', #9726, .T. ) ;
#12454 = DIRECTION ( 'NONE',  ( -0.07087294926829956765, 0.000000000000000000, 0.9974853508007088809 ) ) ;
#12455 = CARTESIAN_POINT ( 'NONE',  ( -22.76687779734753292, 5.000000000000000000, 7.428314981732949462 ) ) ;
#12456 = EDGE_CURVE ( 'NONE', #736, #9196, #608, .T. ) ;
#12457 = DIRECTION ( 'NONE',  ( -0.9238814843844389557, 0.000000000000000000, 0.3826787200924629540 ) ) ;
#12458 = VECTOR ( 'NONE', #3652, 1000.000000000000000 ) ;
#12459 = LINE ( 'NONE', #12321, #5947 ) ;
#12460 = VECTOR ( 'NONE', #11089, 1000.000000000000000 ) ;
#12461 = CARTESIAN_POINT ( 'NONE',  ( 17.50835901739438327, 5.000000000000000000, 36.23499567859320081 ) ) ;
#12462 = COORDINATED_UNIVERSAL_TIME_OFFSET ( 1, 0, .AHEAD. ) ;
#12463 = DIRECTION ( 'NONE',  ( -0.000000000000000000, -1.000000000000000000, -0.000000000000000000 ) ) ;
#12464 = ORIENTED_EDGE ( 'NONE', *, *, #2836, .T. ) ;
#12465 = CARTESIAN_POINT ( 'NONE',  ( 12.42014039280837601, 5.000000000000000000, 26.11769034401479317 ) ) ;
#12466 = EDGE_CURVE ( 'NONE', #7047, #3878, #13272, .T. ) ;
#12467 = VERTEX_POINT ( 'NONE', #6973 ) ;
#12468 = VERTEX_POINT ( 'NONE', #12237 ) ;
#12469 = LINE ( 'NONE', #6362, #5718 ) ;
#12470 = DIRECTION ( 'NONE',  ( 0.6776692206801083751, 0.000000000000000000, -0.7353668658178819095 ) ) ;
#12471 = CARTESIAN_POINT ( 'NONE',  ( 32.89071348403275152, 3.000000000000000000, 29.63838361559036372 ) ) ;
#12472 = ORIENTED_EDGE ( 'NONE', *, *, #11784, .F. ) ;
#12473 = DIRECTION ( 'NONE',  ( -0.4979197789273068220, 0.000000000000000000, 0.8672230934154036008 ) ) ;
#12474 = AXIS2_PLACEMENT_3D ( 'NONE', #6920, #4608, #8888 ) ;
#12475 = ORIENTED_EDGE ( 'NONE', *, *, #3813, .F. ) ;
#12476 = EDGE_CURVE ( 'NONE', #2672, #13306, #9732, .T. ) ;
#12477 = EDGE_CURVE ( 'NONE', #9921, #11266, #10061, .T. ) ;
#12478 = FACE_OUTER_BOUND ( 'NONE', #3052, .T. ) ;
#12479 = CARTESIAN_POINT ( 'NONE',  ( -0.7860838043862209412, 5.000000000000000000, -0.3256080292053943892 ) ) ;
#12480 = CARTESIAN_POINT ( 'NONE',  ( 15.39325001680836458, 3.000000000000000000, 20.02462252001480536 ) ) ;
#12481 = ORIENTED_EDGE ( 'NONE', *, *, #1095, .F. ) ;
#12482 = AXIS2_PLACEMENT_3D ( 'NONE', #1441, #12228, #8942 ) ;
#12483 = CARTESIAN_POINT ( 'NONE',  ( 2.271845065138972330, 3.000000000000000000, -44.13625786616601232 ) ) ;
#12484 = ORIENTED_EDGE ( 'NONE', *, *, #12306, .T. ) ;
#12485 = LINE ( 'NONE', #2620, #1245 ) ;
#12486 = ORIENTED_EDGE ( 'NONE', *, *, #169, .T. ) ;
#12487 = CARTESIAN_POINT ( 'NONE',  ( 35.04517938703008184, 5.000000000000000000, -16.16470305495730742 ) ) ;
#12488 = ORIENTED_EDGE ( 'NONE', *, *, #484, .F. ) ;
#12489 = ORIENTED_EDGE ( 'NONE', *, *, #2858, .T. ) ;
#12490 = ORIENTED_EDGE ( 'NONE', *, *, #9379, .T. ) ;
#12491 = DIRECTION ( 'NONE',  ( -0.3565883230318260821, 0.000000000000000000, 0.9342616163994698075 ) ) ;
#12492 = EDGE_CURVE ( 'NONE', #12571, #13709, #1784, .T. ) ;
#12493 = EDGE_CURVE ( 'NONE', #9593, #10049, #11249, .T. ) ;
#12494 = PLANE ( 'NONE',  #1060 ) ;
#12495 = CARTESIAN_POINT ( 'NONE',  ( 3.231109406639177450, 5.000000000000000000, 2.389077848170297003 ) ) ;
#12496 = DIRECTION ( 'NONE',  ( 0.5544331390885391952, 0.000000000000000000, 0.8322282705366530475 ) ) ;
#12497 = LINE ( 'NONE', #730, #13002 ) ;
#12498 = PLANE ( 'NONE',  #7013 ) ;
#12499 = ORIENTED_EDGE ( 'NONE', *, *, #10710, .F. ) ;
#12500 = VERTEX_POINT ( 'NONE', #1522 ) ;
#12501 = CARTESIAN_POINT ( 'NONE',  ( -19.47197919857823578, 5.000000000000000000, -9.735989599289151641 ) ) ;
#12502 = ORIENTED_EDGE ( 'NONE', *, *, #7817, .T. ) ;
#12503 = CARTESIAN_POINT ( 'NONE',  ( -3.638808439191620892, 5.000000000000000000, 30.42166243201479858 ) ) ;
#12504 = EDGE_LOOP ( 'NONE', ( #8066, #9195, #11942, #7229 ) ) ;
#12505 = VECTOR ( 'NONE', #5788, 1000.000000000000000 ) ;
#12506 = ADVANCED_FACE ( 'NONE', ( #13343 ), #467, .T. ) ;
#12507 = FACE_OUTER_BOUND ( 'NONE', #11167, .T. ) ;
#12508 = LINE ( 'NONE', #13756, #6301 ) ;
#12509 = EDGE_CURVE ( 'NONE', #9540, #8807, #12365, .T. ) ;
#12510 = DIRECTION ( 'NONE',  ( -0.07139984160443874073, 0.000000000000000000, -0.9974477743816270170 ) ) ;
#12511 = EDGE_LOOP ( 'NONE', ( #11375, #2665, #5785, #13554 ) ) ;
#12512 = CARTESIAN_POINT ( 'NONE',  ( 12.04192958736022234, 5.000000000000000000, 16.45074564705222286 ) ) ;
#12513 = ORIENTED_EDGE ( 'NONE', *, *, #2858, .F. ) ;
#12514 = CARTESIAN_POINT ( 'NONE',  ( 11.31227570480837663, 3.000000000000000000, 24.79719717601479090 ) ) ;
#12515 = ORIENTED_EDGE ( 'NONE', *, *, #11464, .F. ) ;
#12516 = DIRECTION ( 'NONE',  ( -0.000000000000000000, -1.000000000000000000, -0.000000000000000000 ) ) ;
#12517 = CARTESIAN_POINT ( 'NONE',  ( 0.009803779775191534540, 5.000000000000000000, -24.29427446513288302 ) ) ;
#12518 = CARTESIAN_POINT ( 'NONE',  ( -9.610360866512278832, 3.000000000000000000, 16.98508738463154799 ) ) ;
#12519 = ADVANCED_FACE ( 'NONE', ( #6913 ), #3757, .T. ) ;
#12520 = CARTESIAN_POINT ( 'NONE',  ( -28.90641449519162975, 3.000000000000000000, -0.000000000000000000 ) ) ;
#12521 = CARTESIAN_POINT ( 'NONE',  ( -11.22329517519162501, 5.000000000000000000, 31.12127393601480208 ) ) ;
#12522 = LINE ( 'NONE', #1606, #13473 ) ;
#12523 = LINE ( 'NONE', #2664, #5182 ) ;
#12524 = ORIENTED_EDGE ( 'NONE', *, *, #5892, .T. ) ;
#12525 = LINE ( 'NONE', #2727, #2326 ) ;
#12526 = ORIENTED_EDGE ( 'NONE', *, *, #12456, .F. ) ;
#12527 = DIRECTION ( 'NONE',  ( -0.8737799315618448581, 0.000000000000000000, -0.4863215306767507129 ) ) ;
#12528 = DIRECTION ( 'NONE',  ( 0.5952142837632172778, 0.000000000000000000, 0.8035670204807064954 ) ) ;
#12529 = LINE ( 'NONE', #5316, #92 ) ;
#12530 = EDGE_CURVE ( 'NONE', #2071, #4370, #12301, .T. ) ;
#12531 = ORIENTED_EDGE ( 'NONE', *, *, #2703, .F. ) ;
#12532 = FACE_OUTER_BOUND ( 'NONE', #792, .T. ) ;
#12533 = EDGE_LOOP ( 'NONE', ( #12692, #10479, #13447, #3413 ) ) ;
#12534 = EDGE_CURVE ( 'NONE', #7281, #7948, #8102, .T. ) ;
#12535 = EDGE_CURVE ( 'NONE', #11639, #233, #1722, .T. ) ;
#12536 = LINE ( 'NONE', #8274, #8442 ) ;
#12537 = CARTESIAN_POINT ( 'NONE',  ( 1.873892360731920004, 5.000000000000000000, 22.30510746497701646 ) ) ;
#12538 = LINE ( 'NONE', #6954, #10336 ) ;
#12539 = VERTEX_POINT ( 'NONE', #2658 ) ;
#12540 = CARTESIAN_POINT ( 'NONE',  ( -84.00000000000001421, 0.000000000000000000, 50.99999999999999289 ) ) ;
#12541 = EDGE_LOOP ( 'NONE', ( #2464, #13814, #2197, #3118 ) ) ;
#12542 = DIRECTION ( 'NONE',  ( -0.8718510606488927284, 0.000000000000000000, -0.4897710976011147577 ) ) ;
#12543 = ORIENTED_EDGE ( 'NONE', *, *, #1948, .T. ) ;
#12544 = FACE_OUTER_BOUND ( 'NONE', #10954, .T. ) ;
#12545 = EDGE_CURVE ( 'NONE', #9593, #7632, #13425, .T. ) ;
#12546 = ORIENTED_EDGE ( 'NONE', *, *, #6707, .T. ) ;
#12547 = ORIENTED_EDGE ( 'NONE', *, *, #5161, .F. ) ;
#12548 = VECTOR ( 'NONE', #5820, 1000.000000000000000 ) ;
#12549 = CARTESIAN_POINT ( 'NONE',  ( 26.33387527096416747, 5.000000000000000000, -5.238165447407880038 ) ) ;
#12550 = DIRECTION ( 'NONE',  ( -0.04946078512427073970, 0.000000000000000000, -0.9987760663606685130 ) ) ;
#12551 = CARTESIAN_POINT ( 'NONE',  ( 37.23533180880836824, 5.000000000000000000, 32.03596146401479672 ) ) ;
#12552 = DIRECTION ( 'NONE',  ( 0.000000000000000000, -0.000000000000000000, 1.000000000000000000 ) ) ;
#12553 = LINE ( 'NONE', #13535, #6524 ) ;
#12554 = LINE ( 'NONE', #3031, #2309 ) ;
#12555 = VERTEX_POINT ( 'NONE', #1604 ) ;
#12556 = PLANE ( 'NONE',  #2809 ) ;
#12557 = VECTOR ( 'NONE', #11194, 1000.000000000000000 ) ;
#12558 = ORIENTED_EDGE ( 'NONE', *, *, #7870, .F. ) ;
#12559 = VECTOR ( 'NONE', #13006, 1000.000000000000000 ) ;
#12560 = ORIENTED_EDGE ( 'NONE', *, *, #9555, .F. ) ;
#12561 = ADVANCED_FACE ( 'NONE', ( #3632 ), #3774, .T. ) ;
#12562 = ORIENTED_EDGE ( 'NONE', *, *, #319, .T. ) ;
#12563 = EDGE_CURVE ( 'NONE', #11187, #4671, #9033, .T. ) ;
#12564 = DIRECTION ( 'NONE',  ( 0.000000000000000000, 0.000000000000000000, 1.000000000000000000 ) ) ;
#12565 = ORIENTED_EDGE ( 'NONE', *, *, #13691, .F. ) ;
#12566 = VECTOR ( 'NONE', #8643, 1000.000000000000000 ) ;
#12568 = DIRECTION ( 'NONE',  ( 0.000000000000000000, 0.000000000000000000, 1.000000000000000000 ) ) ;
#12567 = VECTOR ( 'NONE', #12391, 1000.000000000000000 ) ;
#12569 = LINE ( 'NONE', #6205, #5396 ) ;
#12570 = CARTESIAN_POINT ( 'NONE',  ( 51.79120820880836362, 5.000000000000000000, 0.000000000000000000 ) ) ;
#12571 = VERTEX_POINT ( 'NONE', #13298 ) ;
#12572 = LINE ( 'NONE', #4031, #9955 ) ;
#12573 = ORIENTED_EDGE ( 'NONE', *, *, #4466, .T. ) ;
#12574 = CARTESIAN_POINT ( 'NONE',  ( 11.92533944137425017, 5.000000000000000000, -21.13752088284508801 ) ) ;
#12575 = ORIENTED_EDGE ( 'NONE', *, *, #7230, .T. ) ;
#12576 = EDGE_CURVE ( 'NONE', #13057, #2330, #2521, .T. ) ;
#12577 = VECTOR ( 'NONE', #1748, 1000.000000000000000 ) ;
#12578 = LINE ( 'NONE', #12653, #1456 ) ;
#12579 = LINE ( 'NONE', #1946, #5558 ) ;
#12580 = ADVANCED_FACE ( 'NONE', ( #9166 ), #3706, .T. ) ;
#12581 = PLANE ( 'NONE',  #2833 ) ;
#12582 = LOCAL_TIME ( 15, 13, 8.000000000000000000, #12462 ) ;
#12583 = LINE ( 'NONE', #759, #6373 ) ;
#12584 = VECTOR ( 'NONE', #10841, 1000.000000000000000 ) ;
#12585 = CARTESIAN_POINT ( 'NONE',  ( -28.90641449519162975, 5.000000000000000000, 21.45031537601479243 ) ) ;
#12586 = DIRECTION ( 'NONE',  ( 0.9891424192844390229, -0.000000000000000000, 0.1469601115001182845 ) ) ;
#12587 = PERSON_AND_ORGANIZATION ( #10936, #10382 ) ;
#12588 = LINE ( 'NONE', #10708, #12772 ) ;
#12589 = EDGE_LOOP ( 'NONE', ( #4712, #3611, #3660, #12598 ) ) ;
#12590 = DIRECTION ( 'NONE',  ( 0.5679554957705910123, 0.000000000000000000, -0.8230592656813858765 ) ) ;
#12591 = ORIENTED_EDGE ( 'NONE', *, *, #9215, .F. ) ;
#12592 = ORIENTED_EDGE ( 'NONE', *, *, #9661, .F. ) ;
#12593 = LINE ( 'NONE', #2997, #2375 ) ;
#12594 = EDGE_CURVE ( 'NONE', #1264, #819, #6790, .T. ) ;
#12595 = CARTESIAN_POINT ( 'NONE',  ( 31.93756236880837562, 3.000000000000000000, 12.62729720801479516 ) ) ;
#12596 = CARTESIAN_POINT ( 'NONE',  ( 3.797830992808374884, 5.000000000000000000, -7.595339511985203629 ) ) ;
#12597 = ADVANCED_FACE ( 'NONE', ( #1401 ), #11205, .T. ) ;
#12598 = ORIENTED_EDGE ( 'NONE', *, *, #12755, .F. ) ;
#12599 = VECTOR ( 'NONE', #7742, 1000.000000000000000 ) ;
#12600 = FACE_OUTER_BOUND ( 'NONE', #9639, .T. ) ;
#12601 = ORIENTED_EDGE ( 'NONE', *, *, #5975, .F. ) ;
#12602 = CARTESIAN_POINT ( 'NONE',  ( -48.31739929519163468, 5.000000000000000000, 30.53367338401478293 ) ) ;
#12603 = DIRECTION ( 'NONE',  ( 0.000000000000000000, 1.000000000000000000, 0.000000000000000000 ) ) ;
#12604 = EDGE_CURVE ( 'NONE', #7909, #699, #9948, .T. ) ;
#12605 = LINE ( 'NONE', #9607, #11679 ) ;
#12606 = ORIENTED_EDGE ( 'NONE', *, *, #12492, .T. ) ;
#12607 = AXIS2_PLACEMENT_3D ( 'NONE', #8956, #4683, #9865 ) ;
#12608 = LINE ( 'NONE', #13516, #1208 ) ;
#12609 = ORIENTED_EDGE ( 'NONE', *, *, #1436, .F. ) ;
#12610 = VECTOR ( 'NONE', #1329, 1000.000000000000000 ) ;
#12611 = DIRECTION ( 'NONE',  ( -0.3887057852901650845, 0.000000000000000000, -0.9213619334886569145 ) ) ;
#12612 = EDGE_CURVE ( 'NONE', #13571, #5357, #9103, .T. ) ;
#12613 = ORIENTED_EDGE ( 'NONE', *, *, #2649, .F. ) ;
#12614 = EDGE_CURVE ( 'NONE', #11605, #5256, #5937, .T. ) ;
#12615 = PLANE ( 'NONE',  #161 ) ;
#12616 = ORIENTED_EDGE ( 'NONE', *, *, #6166, .F. ) ;
#12617 = ORIENTED_EDGE ( 'NONE', *, *, #2692, .F. ) ;
#12618 = EDGE_LOOP ( 'NONE', ( #4985, #8064, #9922, #12056 ) ) ;
#12619 = VECTOR ( 'NONE', #12326, 1000.000000000000000 ) ;
#12620 = CARTESIAN_POINT ( 'NONE',  ( -1.991058312253142670, 5.000000000000000000, -9.861955092580458881 ) ) ;
#12621 = VECTOR ( 'NONE', #7863, 1000.000000000000000 ) ;
#12622 = FACE_OUTER_BOUND ( 'NONE', #962, .T. ) ;
#12623 = CARTESIAN_POINT ( 'NONE',  ( 20.99706913680837062, 5.000000000000000000, 22.48740448801479630 ) ) ;
#12624 = EDGE_CURVE ( 'NONE', #7573, #11002, #5804, .T. ) ;
#12625 = DIRECTION ( 'NONE',  ( -0.000000000000000000, -1.000000000000000000, -0.000000000000000000 ) ) ;
#12626 = CARTESIAN_POINT ( 'NONE',  ( 3.398235570793327387, 3.000000000000000000, 22.77912909834097732 ) ) ;
#12627 = ORIENTED_EDGE ( 'NONE', *, *, #2034, .F. ) ;
#12628 = LINE ( 'NONE', #5204, #1865 ) ;
#12629 = VERTEX_POINT ( 'NONE', #12320 ) ;
#12630 = DIRECTION ( 'NONE',  ( -0.5555733586812491298, 0.000000000000000000, -0.8314675237937053653 ) ) ;
#12631 = VECTOR ( 'NONE', #2278, 1000.000000000000000 ) ;
#12632 = ORIENTED_EDGE ( 'NONE', *, *, #3705, .T. ) ;
#12633 = EDGE_CURVE ( 'NONE', #3747, #12054, #2720, .T. ) ;
#12634 = ORIENTED_EDGE ( 'NONE', *, *, #13145, .T. ) ;
#12635 = AXIS2_PLACEMENT_3D ( 'NONE', #687, #13484, #9097 ) ;
#12636 = ORIENTED_EDGE ( 'NONE', *, *, #10460, .F. ) ;
#12637 = CARTESIAN_POINT ( 'NONE',  ( -3.992627812063448189, 5.000000000000000000, -4.171188386796757186 ) ) ;
#12638 = ORIENTED_EDGE ( 'NONE', *, *, #3955, .F. ) ;
#12639 = DIRECTION ( 'NONE',  ( -1.000000000000000000, 0.000000000000000000, 0.000000000000000000 ) ) ;
#12640 = AXIS2_PLACEMENT_3D ( 'NONE', #8396, #2859, #4041 ) ;
#12641 = CARTESIAN_POINT ( 'NONE',  ( 32.60998164880837180, 5.000000000000000000, 0.000000000000000000 ) ) ;
#12642 = CARTESIAN_POINT ( 'NONE',  ( -22.79778967919162369, 5.000000000000000000, 0.000000000000000000 ) ) ;
#12643 = ADVANCED_FACE ( 'NONE', ( #13168 ), #3568, .T. ) ;
#12644 = VECTOR ( 'NONE', #4854, 1000.000000000000114 ) ;
#12645 = CARTESIAN_POINT ( 'NONE',  ( -1.920045607265658649, 5.000000000000000000, 10.34413177289861885 ) ) ;
#12646 = EDGE_CURVE ( 'NONE', #11136, #11336, #1471, .T. ) ;
#12647 = VERTEX_POINT ( 'NONE', #7917 ) ;
#12648 = DIRECTION ( 'NONE',  ( 0.9963693548102062758, 0.000000000000000000, 0.08513582556769692944 ) ) ;
#12649 = ORIENTED_EDGE ( 'NONE', *, *, #5163, .T. ) ;
#12650 = ORIENTED_EDGE ( 'NONE', *, *, #4092, .F. ) ;
#12651 = DIRECTION ( 'NONE',  ( -0.9799440330790407661, 0.000000000000000000, 0.1992729084265697503 ) ) ;
#12652 = ORIENTED_EDGE ( 'NONE', *, *, #715, .T. ) ;
#12653 = CARTESIAN_POINT ( 'NONE',  ( 29.80531540648815891, 3.000000000000000000, -3.053005327608878439 ) ) ;
#12654 = CARTESIAN_POINT ( 'NONE',  ( 2.864622253084919024, 5.000000000000000000, 25.78155318550275155 ) ) ;
#12655 = VECTOR ( 'NONE', #4352, 1000.000000000000114 ) ;
#12656 = PLANE ( 'NONE',  #6409 ) ;
#12657 = VECTOR ( 'NONE', #2386, 1000.000000000000000 ) ;
#12658 = CARTESIAN_POINT ( 'NONE',  ( -18.60753440719163621, 3.000000000000000000, 19.99423396001479958 ) ) ;
#12659 = CARTESIAN_POINT ( 'NONE',  ( 3.706928096272267492, 3.000000000000000000, -2.558984080167707731 ) ) ;
#12660 = PLANE ( 'NONE',  #12858 ) ;
#12661 = EDGE_CURVE ( 'NONE', #12403, #7455, #428, .T. ) ;
#12662 = FACE_OUTER_BOUND ( 'NONE', #12618, .T. ) ;
#12663 = LINE ( 'NONE', #3129, #6110 ) ;
#12664 = DATE_AND_TIME ( #10430, #5455 ) ;
#12665 = AXIS2_PLACEMENT_3D ( 'NONE', #11057, #12313, #12381 ) ;
#12666 = DIRECTION ( 'NONE',  ( 0.3815744657993927480, 0.000000000000000000, 0.9243381021303341827 ) ) ;
#12667 = ORIENTED_EDGE ( 'NONE', *, *, #4579, .F. ) ;
#12668 = FACE_OUTER_BOUND ( 'NONE', #706, .T. ) ;
#12669 = VECTOR ( 'NONE', #8582, 1000.000000000000000 ) ;
#12670 = ORIENTED_EDGE ( 'NONE', *, *, #2114, .F. ) ;
#12671 = CARTESIAN_POINT ( 'NONE',  ( 30.17493444880838283, 5.000000000000000000, 19.92748580801479719 ) ) ;
#12672 = DIRECTION ( 'NONE',  ( 0.000000000000000000, 0.000000000000000000, 1.000000000000000000 ) ) ;
#12673 = DIRECTION ( 'NONE',  ( -0.5942572416434551696, 0.000000000000000000, 0.8042750342726747714 ) ) ;
#12674 = ORIENTED_EDGE ( 'NONE', *, *, #10693, .F. ) ;
#12675 = CARTESIAN_POINT ( 'NONE',  ( 23.54573884873349598, 5.000000000000000000, 1.672962869651532403 ) ) ;
#12676 = VERTEX_POINT ( 'NONE', #13228 ) ;
#12677 = VECTOR ( 'NONE', #2284, 1000.000000000000227 ) ;
#12678 = VECTOR ( 'NONE', #7090, 1000.000000000000000 ) ;
#12679 = ADVANCED_FACE ( 'NONE', ( #12184 ), #2589, .T. ) ;
#12680 = CARTESIAN_POINT ( 'NONE',  ( 20.36305668880836350, 3.000000000000000000, 21.56897808001480144 ) ) ;
#12681 = EDGE_CURVE ( 'NONE', #13804, #6032, #971, .T. ) ;
#12682 = LINE ( 'NONE', #11846, #1635 ) ;
#12683 = CARTESIAN_POINT ( 'NONE',  ( 5.464600256361820563, 5.000000000000000000, 13.32706657384082405 ) ) ;
#12684 = ORIENTED_EDGE ( 'NONE', *, *, #12319, .T. ) ;
#12685 = DIRECTION ( 'NONE',  ( 1.000000000000000000, 0.000000000000000000, 0.000000000000000000 ) ) ;
#12686 = VERTEX_POINT ( 'NONE', #13565 ) ;
#12687 = CARTESIAN_POINT ( 'NONE',  ( -49.06907571919161626, 5.000000000000000000, 29.96431917601479711 ) ) ;
#12688 = ORIENTED_EDGE ( 'NONE', *, *, #11140, .F. ) ;
#12689 = AXIS2_PLACEMENT_3D ( 'NONE', #88, #5266, #11583 ) ;
#12690 = CARTESIAN_POINT ( 'NONE',  ( 11.08428121530102395, 3.000000000000000000, 11.61389432426031831 ) ) ;
#12691 = ORIENTED_EDGE ( 'NONE', *, *, #8289, .F. ) ;
#12692 = ORIENTED_EDGE ( 'NONE', *, *, #6182, .F. ) ;
#12693 = ORIENTED_EDGE ( 'NONE', *, *, #12978, .F. ) ;
#12694 = DIRECTION ( 'NONE',  ( -0.5140548170863827870, 0.000000000000000000, 0.8577573345826229323 ) ) ;
#12695 = EDGE_CURVE ( 'NONE', #9505, #7749, #5160, .T. ) ;
#12696 = VECTOR ( 'NONE', #7976, 1000.000000000000114 ) ;
#12697 = LINE ( 'NONE', #7310, #1283 ) ;
#12698 = CARTESIAN_POINT ( 'NONE',  ( 12.68402592597218970, 5.000000000000000000, 22.65529802223259637 ) ) ;
#12699 = CARTESIAN_POINT ( 'NONE',  ( 19.47197919857834592, 3.000000000000000000, -9.735989599289924357 ) ) ;
#12700 = CARTESIAN_POINT ( 'NONE',  ( -28.53312187119163923, 5.000000000000000000, 0.000000000000000000 ) ) ;
#12701 = EDGE_LOOP ( 'NONE', ( #9080, #6414, #5735, #4947 ) ) ;
#12702 = LINE ( 'NONE', #13465, #9924 ) ;
#12703 = VERTEX_POINT ( 'NONE', #4953 ) ;
#12704 = PLANE ( 'NONE',  #10860 ) ;
#12705 = ORIENTED_EDGE ( 'NONE', *, *, #13177, .T. ) ;
#12706 = ORIENTED_EDGE ( 'NONE', *, *, #6828, .T. ) ;
#12707 = ORIENTED_EDGE ( 'NONE', *, *, #10303, .T. ) ;
#12708 = CARTESIAN_POINT ( 'NONE',  ( -13.67063495919163074, 3.000000000000000000, 22.33262501601480210 ) ) ;
#12709 = EDGE_LOOP ( 'NONE', ( #10575, #5620, #2840, #1099 ) ) ;
#12710 = ADVANCED_FACE ( 'NONE', ( #832 ), #11406, .T. ) ;
#12711 = DIRECTION ( 'NONE',  ( -0.000000000000000000, -1.000000000000000000, -0.000000000000000000 ) ) ;
#12712 = ADVANCED_FACE ( 'NONE', ( #7271 ), #11618, .T. ) ;
#12713 = EDGE_CURVE ( 'NONE', #3893, #4461, #4596, .T. ) ;
#12714 = CARTESIAN_POINT ( 'NONE',  ( 0.000000000000000000, 5.000000000000000000, -19.85094799644561903 ) ) ;
#12715 = CARTESIAN_POINT ( 'NONE',  ( 17.93303357542494680, 3.000000000000000000, -7.453054983035603875 ) ) ;
#12716 = CARTESIAN_POINT ( 'NONE',  ( 12.67228212880835869, 5.000000000000000000, 30.71090137601480308 ) ) ;
#12717 = ORIENTED_EDGE ( 'NONE', *, *, #328, .T. ) ;
#12718 = CARTESIAN_POINT ( 'NONE',  ( 14.33849164880836646, 5.000000000000000000, 31.92224363201479065 ) ) ;
#12719 = VERTEX_POINT ( 'NONE', #9514 ) ;
#12720 = VERTEX_POINT ( 'NONE', #3063 ) ;
#12721 = ORIENTED_EDGE ( 'NONE', *, *, #3688, .T. ) ;
#12722 = CARTESIAN_POINT ( 'NONE',  ( -26.94877174484260962, 5.000000000000000000, -11.16255297882787545 ) ) ;
#12723 = CARTESIAN_POINT ( 'NONE',  ( 10.68276669981201898, 3.000000000000000000, 22.25577037670078440 ) ) ;
#12724 = EDGE_CURVE ( 'NONE', #1415, #10324, #6074, .T. ) ;
#12725 = DIRECTION ( 'NONE',  ( -0.9225052960901934940, 0.000000000000000000, -0.3859844280350496204 ) ) ;
#12726 = DIRECTION ( 'NONE',  ( -0.3972120834804721556, 0.000000000000000000, -0.9177268442936070691 ) ) ;
#12727 = CARTESIAN_POINT ( 'NONE',  ( -50.42874584719162812, 5.000000000000000000, 15.35652416001479637 ) ) ;
#12728 = DIRECTION ( 'NONE',  ( -0.000000000000000000, -1.000000000000000000, -0.000000000000000000 ) ) ;
#12729 = DIRECTION ( 'NONE',  ( -0.000000000000000000, -1.000000000000000000, -0.000000000000000000 ) ) ;
#12730 = CARTESIAN_POINT ( 'NONE',  ( 29.26271884880837604, 3.000000000000000000, 20.00412268801479598 ) ) ;
#12731 = LINE ( 'NONE', #13629, #9417 ) ;
#12732 = VERTEX_POINT ( 'NONE', #7067 ) ;
#12733 = CARTESIAN_POINT ( 'NONE',  ( -5.851360783191629444, 5.000000000000000000, 13.67547900801479521 ) ) ;
#12734 = ORIENTED_EDGE ( 'NONE', *, *, #11567, .T. ) ;
#12735 = DIRECTION ( 'NONE',  ( 1.000000000000000000, -0.000000000000000000, 0.000000000000000000 ) ) ;
#12736 = DIRECTION ( 'NONE',  ( -0.9960954332223639351, 0.000000000000000000, 0.08828299900632675945 ) ) ;
#12737 = FACE_BOUND ( 'NONE', #1566, .T. ) ;
#12738 = ADVANCED_FACE ( 'NONE', ( #3907 ), #12660, .T. ) ;
#12739 = EDGE_LOOP ( 'NONE', ( #1884, #13418, #8654, #8243 ) ) ;
#12740 = EDGE_CURVE ( 'NONE', #9264, #12161, #2790, .T. ) ;
#12741 = LINE ( 'NONE', #3142, #2385 ) ;
#12742 = ORIENTED_EDGE ( 'NONE', *, *, #1418, .T. ) ;
#12743 = DIRECTION ( 'NONE',  ( -0.9225015595500918320, 0.000000000000000000, -0.3859933582688286346 ) ) ;
#12744 = FACE_OUTER_BOUND ( 'NONE', #10369, .T. ) ;
#12745 = DIRECTION ( 'NONE',  ( -0.000000000000000000, -1.000000000000000000, -0.000000000000000000 ) ) ;
#12746 = ORIENTED_EDGE ( 'NONE', *, *, #10140, .F. ) ;
#12747 = CARTESIAN_POINT ( 'NONE',  ( 45.67764156880837589, 5.000000000000000000, 32.04090532001479374 ) ) ;
#12748 = ORIENTED_EDGE ( 'NONE', *, *, #6543, .F. ) ;
#12749 = DIRECTION ( 'NONE',  ( 0.1231827809125627532, 0.000000000000000000, -0.9923839995116040535 ) ) ;
#12750 = DIRECTION ( 'NONE',  ( 0.3739086408200443246, 0.000000000000000000, 0.9274655402332244725 ) ) ;
#12751 = EDGE_LOOP ( 'NONE', ( #746, #11631, #9841, #6135 ) ) ;
#12752 = ORIENTED_EDGE ( 'NONE', *, *, #8466, .F. ) ;
#12753 = ADVANCED_FACE ( 'NONE', ( #1806 ), #11342, .T. ) ;
#12754 = ORIENTED_EDGE ( 'NONE', *, *, #2677, .T. ) ;
#12755 = EDGE_CURVE ( 'NONE', #407, #5052, #1746, .T. ) ;
#12756 = VECTOR ( 'NONE', #8526, 1000.000000000000000 ) ;
#12757 = LINE ( 'NONE', #7307, #11359 ) ;
#12758 = CARTESIAN_POINT ( 'NONE',  ( 5.175742859736382151, 5.000000000000000000, 2.136598183917767901 ) ) ;
#12759 = CARTESIAN_POINT ( 'NONE',  ( -34.53050078319161287, 3.000000000000000000, 15.35652416001479637 ) ) ;
#12760 = VERTEX_POINT ( 'NONE', #8258 ) ;
#12761 = FACE_OUTER_BOUND ( 'NONE', #12589, .T. ) ;
#12762 = DIRECTION ( 'NONE',  ( 0.9170333846916153275, 0.000000000000000000, 0.3988104454011203726 ) ) ;
#12763 = EDGE_LOOP ( 'NONE', ( #7904, #9608, #8370, #6962 ) ) ;
#12764 = CARTESIAN_POINT ( 'NONE',  ( -10.08904513150130455, 5.000000000000000000, 4.179038015415429186 ) ) ;
#12765 = VERTEX_POINT ( 'NONE', #10427 ) ;
#12767 = CARTESIAN_POINT ( 'NONE',  ( -76.50000000000001421, 3.000000000000000000, -5.000000000000004441 ) ) ;
#12766 = VECTOR ( 'NONE', #12789, 1000.000000000000114 ) ;
#12768 = ORIENTED_EDGE ( 'NONE', *, *, #5913, .F. ) ;
#12769 = ORIENTED_EDGE ( 'NONE', *, *, #5092, .T. ) ;
#12770 = ORIENTED_EDGE ( 'NONE', *, *, #12493, .F. ) ;
#12771 = ADVANCED_FACE ( 'NONE', ( #9442 ), #7347, .T. ) ;
#12772 = VECTOR ( 'NONE', #12666, 1000.000000000000000 ) ;
#12773 = CARTESIAN_POINT ( 'NONE',  ( -76.50000000000001421, 0.000000000000000000, -6.700000000000003730 ) ) ;
#12774 = VERTEX_POINT ( 'NONE', #4116 ) ;
#12775 = CARTESIAN_POINT ( 'NONE',  ( -10.72392406319161395, 3.000000000000000000, 32.26339712801480886 ) ) ;
#12776 = LINE ( 'NONE', #6410, #408 ) ;
#12777 = CARTESIAN_POINT ( 'NONE',  ( -54.50003190573397660, 5.000000000000000000, 8.761791919398385531 ) ) ;
#12778 = LINE ( 'NONE', #7465, #360 ) ;
#12779 = AXIS2_PLACEMENT_3D ( 'NONE', #12073, #13248, #10875 ) ;
#12780 = VECTOR ( 'NONE', #8681, 1000.000000000000114 ) ;
#12781 = EDGE_CURVE ( 'NONE', #3287, #13573, #12583, .T. ) ;
#12782 = LINE ( 'NONE', #9363, #569 ) ;
#12783 = VERTEX_POINT ( 'NONE', #10498 ) ;
#12784 = ORIENTED_EDGE ( 'NONE', *, *, #6383, .T. ) ;
#12785 = VERTEX_POINT ( 'NONE', #6006 ) ;
#12786 = EDGE_CURVE ( 'NONE', #13085, #4601, #7198, .T. ) ;
#12787 = PLANE ( 'NONE',  #12195 ) ;
#12788 = EDGE_CURVE ( 'NONE', #2687, #11063, #11475, .T. ) ;
#12789 = DIRECTION ( 'NONE',  ( -0.3921865056741485334, 0.000000000000000000, -0.9198857237543699439 ) ) ;
#12790 = DIRECTION ( 'NONE',  ( 0.000000000000000000, 1.000000000000000000, -0.000000000000000000 ) ) ;
#12791 = AXIS2_PLACEMENT_3D ( 'NONE', #3390, #189, #10897 ) ;
#12792 = VECTOR ( 'NONE', #13717, 1000.000000000000227 ) ;
#12793 = LINE ( 'NONE', #2365, #6669 ) ;
#12794 = DIRECTION ( 'NONE',  ( -0.000000000000000000, -1.000000000000000000, -0.000000000000000000 ) ) ;
#12795 = CARTESIAN_POINT ( 'NONE',  ( -5.691853492476596443, 5.000000000000000000, 13.74154813797134800 ) ) ;
#12796 = DIRECTION ( 'NONE',  ( -0.9225069732799374700, 0.000000000000000000, -0.3859804195161828377 ) ) ;
#12797 = DIRECTION ( 'NONE',  ( -0.9874952958460295749, 0.000000000000000000, 0.1576484718668804130 ) ) ;
#12798 = EDGE_CURVE ( 'NONE', #7338, #3034, #13623, .T. ) ;
#12799 = LINE ( 'NONE', #3199, #8302 ) ;
#12800 = EDGE_LOOP ( 'NONE', ( #9556, #1615, #1772, #8756 ) ) ;
#12801 = VECTOR ( 'NONE', #6320, 1000.000000000000000 ) ;
#12802 = DIRECTION ( 'NONE',  ( 1.000000000000000000, 0.000000000000000000, -0.000000000000000000 ) ) ;
#12803 = VERTEX_POINT ( 'NONE', #1174 ) ;
#12804 = DIRECTION ( 'NONE',  ( 0.000000000000000000, 0.000000000000000000, -1.000000000000000000 ) ) ;
#12805 = CARTESIAN_POINT ( 'NONE',  ( 1.813823850571896878, 5.000000000000000000, -2.683785669499867410 ) ) ;
#12806 = EDGE_CURVE ( 'NONE', #9901, #6463, #1682, .T. ) ;
#12807 = DIRECTION ( 'NONE',  ( -1.000000000000000000, 0.000000000000000000, -0.000000000000000000 ) ) ;
#12808 = ORIENTED_EDGE ( 'NONE', *, *, #989, .F. ) ;
#12809 = CARTESIAN_POINT ( 'NONE',  ( -28.49851183119166009, 3.000000000000000000, 31.31904443201478827 ) ) ;
#12810 = ORIENTED_EDGE ( 'NONE', *, *, #13655, .T. ) ;
#12811 = VECTOR ( 'NONE', #3008, 1000.000000000000000 ) ;
#12812 = DIRECTION ( 'NONE',  ( 0.8571314614376858154, 0.000000000000000000, -0.5150977167622634578 ) ) ;
#12813 = CARTESIAN_POINT ( 'NONE',  ( -10.22300863119163239, 5.000000000000000000, 24.81117327201480194 ) ) ;
#12814 = EDGE_CURVE ( 'NONE', #2930, #4636, #1248, .T. ) ;
#12815 = EDGE_CURVE ( 'NONE', #9533, #7251, #2582, .T. ) ;
#12816 = CARTESIAN_POINT ( 'NONE',  ( -1.920045607265658649, 3.000000000000000000, 10.34413177289861885 ) ) ;
#12817 = ORIENTED_EDGE ( 'NONE', *, *, #8046, .T. ) ;
#12818 = CARTESIAN_POINT ( 'NONE',  ( 52.80693795280836866, 5.000000000000000000, 22.34290287201479330 ) ) ;
#12819 = ORIENTED_EDGE ( 'NONE', *, *, #734, .F. ) ;
#12820 = DIRECTION ( 'NONE',  ( -0.09281742074359615458, 0.000000000000000000, -0.9956831455872425796 ) ) ;
#12821 = VECTOR ( 'NONE', #1782, 1000.000000000000000 ) ;
#12822 = DIRECTION ( 'NONE',  ( 0.7234087041818630937, 0.000000000000000000, -0.6904200509211169123 ) ) ;
#12823 = ORIENTED_EDGE ( 'NONE', *, *, #1994, .T. ) ;
#12824 = ORIENTED_EDGE ( 'NONE', *, *, #3516, .T. ) ;
#12825 = FACE_OUTER_BOUND ( 'NONE', #4269, .T. ) ;
#12826 = AXIS2_PLACEMENT_3D ( 'NONE', #4783, #1631, #5825 ) ;
#12827 = DIRECTION ( 'NONE',  ( -1.000000000000000000, 0.000000000000000000, 0.000000000000000000 ) ) ;
#12828 = PLANE ( 'NONE',  #13464 ) ;
#12829 = VECTOR ( 'NONE', #12199, 1000.000000000000000 ) ;
#12830 = DIRECTION ( 'NONE',  ( -0.000000000000000000, -1.000000000000000000, -0.000000000000000000 ) ) ;
#12831 = ADVANCED_FACE ( 'NONE', ( #9721 ), #12939, .T. ) ;
#12832 = DIRECTION ( 'NONE',  ( -0.000000000000000000, -1.000000000000000000, -0.000000000000000000 ) ) ;
#12833 = VERTEX_POINT ( 'NONE', #4469 ) ;
#12834 = CARTESIAN_POINT ( 'NONE',  ( -32.31091392155467190, 3.000000000000000000, 42.65771973134423689 ) ) ;
#12835 = AXIS2_PLACEMENT_3D ( 'NONE', #4157, #4225, #6252 ) ;
#12836 = ORIENTED_EDGE ( 'NONE', *, *, #13710, .T. ) ;
#12837 = DIRECTION ( 'NONE',  ( -0.000000000000000000, -1.000000000000000000, -0.000000000000000000 ) ) ;
#12838 = ORIENTED_EDGE ( 'NONE', *, *, #2602, .T. ) ;
#12839 = ORIENTED_EDGE ( 'NONE', *, *, #495, .F. ) ;
#12840 = VECTOR ( 'NONE', #7420, 1000.000000000000000 ) ;
#12841 = DIRECTION ( 'NONE',  ( -0.9310486804779462000, 0.000000000000000000, -0.3648949911690694825 ) ) ;
#12842 = ORIENTED_EDGE ( 'NONE', *, *, #4607, .F. ) ;
#12843 = VECTOR ( 'NONE', #12198, 1000.000000000000000 ) ;
#12844 = DIRECTION ( 'NONE',  ( -0.000000000000000000, -1.000000000000000000, -0.000000000000000000 ) ) ;
#12845 = DIRECTION ( 'NONE',  ( 0.9234246678493244209, 0.000000000000000000, -0.3837797321477059986 ) ) ;
#12846 = PLANE ( 'NONE',  #12791 ) ;
#12847 = LINE ( 'NONE', #3254, #10642 ) ;
#12848 = EDGE_CURVE ( 'NONE', #6684, #12007, #11683, .T. ) ;
#12849 = VECTOR ( 'NONE', #117, 1000.000000000000227 ) ;
#12850 = EDGE_CURVE ( 'NONE', #48, #8842, #1042, .T. ) ;
#12851 = AXIS2_PLACEMENT_3D ( 'NONE', #3400, #1376, #11958 ) ;
#12852 = DIRECTION ( 'NONE',  ( -0.000000000000000000, -1.000000000000000000, -0.000000000000000000 ) ) ;
#12853 = VERTEX_POINT ( 'NONE', #7482 ) ;
#12854 = ORIENTED_EDGE ( 'NONE', *, *, #6064, .T. ) ;
#12855 = ORIENTED_EDGE ( 'NONE', *, *, #3957, .F. ) ;
#12856 = CARTESIAN_POINT ( 'NONE',  ( -12.26405509519162784, 3.000000000000000000, 7.425938040014797181 ) ) ;
#12857 = LINE ( 'NONE', #12933, #3096 ) ;
#12858 = AXIS2_PLACEMENT_3D ( 'NONE', #7137, #13773, #9373 ) ;
#12859 = LINE ( 'NONE', #3263, #7099 ) ;
#12860 = VECTOR ( 'NONE', #12998, 1000.000000000000000 ) ;
#12861 = CARTESIAN_POINT ( 'NONE',  ( 1.850815444694170475, 5.000000000000000000, 23.16815278577557180 ) ) ;
#12862 = DIRECTION ( 'NONE',  ( 0.000000000000000000, 0.000000000000000000, 1.000000000000000000 ) ) ;
#12863 = DIRECTION ( 'NONE',  ( 0.7769302382598799461, -0.000000000000000000, 0.6295866936947176473 ) ) ;
#12864 = EDGE_CURVE ( 'NONE', #8001, #13334, #10705, .T. ) ;
#12865 = PLANE ( 'NONE',  #4952 ) ;
#12866 = EDGE_CURVE ( 'NONE', #8198, #3041, #6491, .T. ) ;
#12867 = LINE ( 'NONE', #8534, #13276 ) ;
#12868 = DATE_AND_TIME ( #10639, #528 ) ;
#12869 = CARTESIAN_POINT ( 'NONE',  ( -40.12739484719162419, 5.000000000000000000, 30.41671857601479445 ) ) ;
#12870 = ORIENTED_EDGE ( 'NONE', *, *, #1666, .T. ) ;
#12871 = AXIS2_PLACEMENT_3D ( 'NONE', #5839, #6693, #8803 ) ;
#12872 = LINE ( 'NONE', #8474, #9054 ) ;
#12873 = ORIENTED_EDGE ( 'NONE', *, *, #6003, .T. ) ;
#12874 = ORIENTED_EDGE ( 'NONE', *, *, #5643, .F. ) ;
#12875 = VECTOR ( 'NONE', #7725, 1000.000000000000000 ) ;
#12876 = CARTESIAN_POINT ( 'NONE',  ( 0.000000000000000000, 3.000000000000000000, 20.23155835201480102 ) ) ;
#12877 = CIRCLE ( 'NONE', #806, 2.540000000227228494 ) ;
#12878 = FACE_OUTER_BOUND ( 'NONE', #5949, .T. ) ;
#12879 = FACE_OUTER_BOUND ( 'NONE', #1820, .T. ) ;
#12880 = VERTEX_POINT ( 'NONE', #7621 ) ;
#12881 = CARTESIAN_POINT ( 'NONE',  ( 21.71439053680837006, 5.000000000000000000, 27.44786192801479885 ) ) ;
#12882 = ORIENTED_EDGE ( 'NONE', *, *, #4451, .F. ) ;
#12883 = EDGE_CURVE ( 'NONE', #3738, #3829, #2291, .T. ) ;
#12884 = VECTOR ( 'NONE', #4660, 1000.000000000000000 ) ;
#12885 = EDGE_CURVE ( 'NONE', #9114, #1343, #5304, .T. ) ;
#12886 = VECTOR ( 'NONE', #3076, 1000.000000000000000 ) ;
#12887 = DIRECTION ( 'NONE',  ( -0.4472135954999592600, 0.000000000000000000, 0.8944271909999153003 ) ) ;
#12888 = EDGE_CURVE ( 'NONE', #10470, #6448, #8604, .T. ) ;
#12889 = CARTESIAN_POINT ( 'NONE',  ( -76.50000000000001421, 3.000000000000000000, 46.99999999999999289 ) ) ;
#12890 = CARTESIAN_POINT ( 'NONE',  ( -21.56172611119163207, 5.000000000000000000, 0.000000000000000000 ) ) ;
#12891 = ORIENTED_EDGE ( 'NONE', *, *, #13218, .F. ) ;
#12892 = DIRECTION ( 'NONE',  ( 1.000000000000000000, 0.000000000000000000, 0.000000000000000000 ) ) ;
#12893 = EDGE_LOOP ( 'NONE', ( #8002, #13608, #9043, #8105 ) ) ;
#12894 = CARTESIAN_POINT ( 'NONE',  ( -7.176422903191622460, 5.000000000000000000, 24.74071773601479407 ) ) ;
#12895 = ORIENTED_EDGE ( 'NONE', *, *, #10819, .T. ) ;
#12896 = DIRECTION ( 'NONE',  ( 0.000000000000000000, 0.000000000000000000, 1.000000000000000000 ) ) ;
#12897 = AXIS2_PLACEMENT_3D ( 'NONE', #10183, #6898, #4857 ) ;
#12898 = ORIENTED_EDGE ( 'NONE', *, *, #11599, .T. ) ;
#12899 = VECTOR ( 'NONE', #3424, 1000.000000000000000 ) ;
#12900 = VECTOR ( 'NONE', #13121, 1000.000000000000000 ) ;
#12901 = VERTEX_POINT ( 'NONE', #6639 ) ;
#12902 = EDGE_CURVE ( 'NONE', #4977, #6555, #11754, .T. ) ;
#12903 = EDGE_CURVE ( 'NONE', #3354, #13134, #8742, .T. ) ;
#12904 = DIRECTION ( 'NONE',  ( 0.8577573345826228213, 0.000000000000000000, 0.5140548170863826760 ) ) ;
#12905 = DIRECTION ( 'NONE',  ( 1.000000000000000000, -0.000000000000000000, 0.000000000000000000 ) ) ;
#12906 = CARTESIAN_POINT ( 'NONE',  ( -50.08264747919161408, 3.000000000000000000, 28.09786418401480290 ) ) ;
#12907 = ORIENTED_EDGE ( 'NONE', *, *, #12563, .T. ) ;
#12908 = CARTESIAN_POINT ( 'NONE',  ( 44.44157596880837247, 5.000000000000000000, 32.04090532001479374 ) ) ;
#12909 = EDGE_LOOP ( 'NONE', ( #6259, #1837, #348, #8445, #9082, #12874, #4618, #9026, #5191, #7865, #303 ) ) ;
#12910 = AXIS2_PLACEMENT_3D ( 'NONE', #5334, #2189, #1982 ) ;
#12911 = DIRECTION ( 'NONE',  ( -0.000000000000000000, -1.000000000000000000, -0.000000000000000000 ) ) ;
#12912 = VECTOR ( 'NONE', #9392, 1000.000000000000000 ) ;
#12913 = VERTEX_POINT ( 'NONE', #11966 ) ;
#12914 = CARTESIAN_POINT ( 'NONE',  ( -16.88538592937518956, 5.000000000000000000, 42.90409377008070635 ) ) ;
#12915 = ORIENTED_EDGE ( 'NONE', *, *, #11391, .T. ) ;
#12916 = FACE_OUTER_BOUND ( 'NONE', #9626, .T. ) ;
#12917 = VERTEX_POINT ( 'NONE', #8532 ) ;
#12918 = CARTESIAN_POINT ( 'NONE',  ( -11.89783992719162420, 5.000000000000000000, 7.273732096014799531 ) ) ;
#12919 = ORIENTED_EDGE ( 'NONE', *, *, #5426, .F. ) ;
#12920 = EDGE_CURVE ( 'NONE', #7280, #1203, #3408, .T. ) ;
#12921 = ADVANCED_FACE ( 'NONE', ( #4397 ), #3269, .T. ) ;
#12922 = VECTOR ( 'NONE', #2573, 1000.000000000000000 ) ;
#12923 = LINE ( 'NONE', #7606, #9197 ) ;
#12924 = DIRECTION ( 'NONE',  ( -0.9799092182948463403, 0.000000000000000000, -0.1994440370148558295 ) ) ;
#12925 = CARTESIAN_POINT ( 'NONE',  ( -29.80370647707420773, 5.000000000000000000, 6.009765899963235292 ) ) ;
#12926 = DIRECTION ( 'NONE',  ( 0.9598352561504095437, 0.000000000000000000, 0.2805642191204673619 ) ) ;
#12927 = CARTESIAN_POINT ( 'NONE',  ( 23.10255744158626001, 5.000000000000000000, 24.70699328575151199 ) ) ;
#12928 = VECTOR ( 'NONE', #9847, 1000.000000000000000 ) ;
#12929 = ORIENTED_EDGE ( 'NONE', *, *, #3835, .F. ) ;
#12930 = ORIENTED_EDGE ( 'NONE', *, *, #3618, .F. ) ;
#12931 = ORIENTED_EDGE ( 'NONE', *, *, #7860, .F. ) ;
#12932 = DIRECTION ( 'NONE',  ( 0.1886949699039924544, 0.000000000000000000, -0.9820357469730577327 ) ) ;
#12933 = CARTESIAN_POINT ( 'NONE',  ( -10.57570600779292391, 3.000000000000000000, -1.312742725391348175 ) ) ;
#12934 = ADVANCED_FACE ( 'NONE', ( #9795 ), #11825, .T. ) ;
#12935 = DIRECTION ( 'NONE',  ( -0.8199625269142671868, 0.000000000000000000, 0.5724172031450220910 ) ) ;
#12936 = EDGE_CURVE ( 'NONE', #13242, #10521, #7697, .T. ) ;
#12937 = LINE ( 'NONE', #13842, #2420 ) ;
#12938 = LINE ( 'NONE', #6638, #12124 ) ;
#12939 = PLANE ( 'NONE',  #4818 ) ;
#12940 = CARTESIAN_POINT ( 'NONE',  ( 5.487959255178094686, 5.000000000000000000, 14.81842382682608772 ) ) ;
#12941 = CARTESIAN_POINT ( 'NONE',  ( -21.56172611119162852, 5.000000000000000000, 23.58128698401479184 ) ) ;
#12942 = VECTOR ( 'NONE', #2914, 1000.000000000000114 ) ;
#12943 = CARTESIAN_POINT ( 'NONE',  ( 0.6283005777251369217, 5.000000000000000000, 0.2714039795847080772 ) ) ;
#12944 = ORIENTED_EDGE ( 'NONE', *, *, #2915, .F. ) ;
#12945 = DIRECTION ( 'NONE',  ( -0.000000000000000000, -1.000000000000000000, -0.000000000000000000 ) ) ;
#12946 = ORIENTED_EDGE ( 'NONE', *, *, #8510, .T. ) ;
#12947 = ORIENTED_EDGE ( 'NONE', *, *, #12152, .F. ) ;
#12948 = FACE_OUTER_BOUND ( 'NONE', #420, .T. ) ;
#12949 = EDGE_LOOP ( 'NONE', ( #7077, #3663, #11384, #11281 ) ) ;
#12950 = CARTESIAN_POINT ( 'NONE',  ( -1.002496034125272439, 5.000000000000000000, -1.500351518372184945 ) ) ;
#12951 = PLANE ( 'NONE',  #9048 ) ;
#12952 = ORIENTED_EDGE ( 'NONE', *, *, #2794, .T. ) ;
#12953 = ADVANCED_FACE ( 'NONE', ( #5793 ), #1661, .T. ) ;
#12954 = PLANE ( 'NONE',  #2163 ) ;
#12955 = VERTEX_POINT ( 'NONE', #2438 ) ;
#12956 = PLANE ( 'NONE',  #5755 ) ;
#12957 = LINE ( 'NONE', #7919, #10354 ) ;
#12958 = DIRECTION ( 'NONE',  ( 0.9586209608320950259, 0.000000000000000000, -0.2846855343240165537 ) ) ;
#12959 = EDGE_LOOP ( 'NONE', ( #12421, #7687, #7528, #6767 ) ) ;
#12960 = CARTESIAN_POINT ( 'NONE',  ( -2.392856143191629315, 5.000000000000000000, 30.81720240801479704 ) ) ;
#12961 = EDGE_CURVE ( 'NONE', #9487, #8100, #5925, .T. ) ;
#12962 = ORIENTED_EDGE ( 'NONE', *, *, #12076, .T. ) ;
#12963 = CARTESIAN_POINT ( 'NONE',  ( 81.99999999999998579, 0.000000000000000000, -51.00000000000000711 ) ) ;
#12964 = ORIENTED_EDGE ( 'NONE', *, *, #10003, .T. ) ;
#12965 = CARTESIAN_POINT ( 'NONE',  ( -9.428186751191613979, 3.000000000000000000, 19.99133531201479030 ) ) ;
#12966 = CARTESIAN_POINT ( 'NONE',  ( 29.14103016343274533, 5.000000000000000000, 36.42531548004449604 ) ) ;
#12967 = ORIENTED_EDGE ( 'NONE', *, *, #7391, .F. ) ;
#12968 = ADVANCED_FACE ( 'NONE', ( #2576 ), #6986, .T. ) ;
#12969 = EDGE_CURVE ( 'NONE', #4355, #13028, #8890, .T. ) ;
#12970 = VERTEX_POINT ( 'NONE', #4610 ) ;
#12971 = DIRECTION ( 'NONE',  ( 0.1075176353200278517, 0.000000000000000000, -0.9942031774718834702 ) ) ;
#12972 = CARTESIAN_POINT ( 'NONE',  ( -25.36288424684654785, 5.000000000000000000, -0.05334736002729935367 ) ) ;
#12973 = DIRECTION ( 'NONE',  ( -0.000000000000000000, 1.000000000000000000, -0.000000000000000000 ) ) ;
#12974 = CARTESIAN_POINT ( 'NONE',  ( -77.00000000000001421, 0.000000000000000000, 29.04999999999999716 ) ) ;
#12975 = FACE_OUTER_BOUND ( 'NONE', #1400, .T. ) ;
#12976 = ORIENTED_EDGE ( 'NONE', *, *, #4974, .F. ) ;
#12977 = CARTESIAN_POINT ( 'NONE',  ( 18.69190940880836038, 3.000000000000000000, 31.92224363201479775 ) ) ;
#12978 = EDGE_CURVE ( 'NONE', #10773, #623, #11050, .T. ) ;
#12979 = ORIENTED_EDGE ( 'NONE', *, *, #10661, .F. ) ;
#12980 = DIRECTION ( 'NONE',  ( -0.000000000000000000, -1.000000000000000000, -0.000000000000000000 ) ) ;
#12981 = VERTEX_POINT ( 'NONE', #9020 ) ;
#12982 = CARTESIAN_POINT ( 'NONE',  ( 20.36305668880836350, 5.000000000000000000, 21.56897808001479788 ) ) ;
#12983 = VERTEX_POINT ( 'NONE', #11260 ) ;
#12984 = CARTESIAN_POINT ( 'NONE',  ( -3.862935806429702801, 5.000000000000000000, -1.513955130950037420 ) ) ;
#12985 = EDGE_LOOP ( 'NONE', ( #3934, #7442, #6824, #12952 ) ) ;
#12986 = DIRECTION ( 'NONE',  ( -0.3683699901335094617, 0.000000000000000000, 0.9296792728511473758 ) ) ;
#12987 = CARTESIAN_POINT ( 'NONE',  ( 24.51129324880836791, 5.000000000000000000, -6.924750047985203771 ) ) ;
#12988 = CARTESIAN_POINT ( 'NONE',  ( 19.42366308880835746, 3.000000000000000000, 22.38725127201479737 ) ) ;
#12989 = DIRECTION ( 'NONE',  ( -0.000000000000000000, -1.000000000000000000, -0.000000000000000000 ) ) ;
#12990 = ORIENTED_EDGE ( 'NONE', *, *, #5090, .F. ) ;
#12991 = EDGE_CURVE ( 'NONE', #10488, #1163, #5723, .T. ) ;
#12992 = ADVANCED_FACE ( 'NONE', ( #8815 ), #13355, .T. ) ;
#12993 = VECTOR ( 'NONE', #6938, 1000.000000000000000 ) ;
#12994 = DIRECTION ( 'NONE',  ( -0.9885839649156902276, 0.000000000000000000, 0.1506709803232634259 ) ) ;
#12995 = ORIENTED_EDGE ( 'NONE', *, *, #2180, .T. ) ;
#12996 = ORIENTED_EDGE ( 'NONE', *, *, #7165, .T. ) ;
#12997 = ORIENTED_EDGE ( 'NONE', *, *, #7971, .T. ) ;
#12998 = DIRECTION ( 'NONE',  ( -0.5618752646636155923, 0.000000000000000000, -0.8272219695820414165 ) ) ;
#12999 = LINE ( 'NONE', #7691, #4884 ) ;
#13000 = CARTESIAN_POINT ( 'NONE',  ( 33.84604724880837523, 3.000000000000000000, 24.22157018401479434 ) ) ;
#13001 = VECTOR ( 'NONE', #7346, 1000.000000000000000 ) ;
#13003 = LINE ( 'NONE', #7411, #11368 ) ;
#13002 = VECTOR ( 'NONE', #6046, 1000.000000000000114 ) ;
#13004 = DIRECTION ( 'NONE',  ( 0.9243381021303341827, 0.000000000000000000, -0.3815744657993927480 ) ) ;
#13005 = CARTESIAN_POINT ( 'NONE',  ( -4.492400819137851720, 5.000000000000000000, -0.8632001838799879812 ) ) ;
#13006 = DIRECTION ( 'NONE',  ( -0.8283250196573378465, 0.000000000000000000, 0.5602478574788759547 ) ) ;
#13007 = DIRECTION ( 'NONE',  ( 1.000000000000000000, 0.000000000000000000, 0.000000000000000000 ) ) ;
#13008 = CARTESIAN_POINT ( 'NONE',  ( 1.917952699917324422, 5.000000000000000000, -8.247966563461638145 ) ) ;
#13009 = ORIENTED_EDGE ( 'NONE', *, *, #5178, .F. ) ;
#13010 = EDGE_CURVE ( 'NONE', #7705, #1636, #12100, .T. ) ;
#13011 = FACE_OUTER_BOUND ( 'NONE', #11411, .T. ) ;
#13012 = ORIENTED_EDGE ( 'NONE', *, *, #12961, .F. ) ;
#13013 = ORIENTED_EDGE ( 'NONE', *, *, #3348, .F. ) ;
#13014 = CARTESIAN_POINT ( 'NONE',  ( 14.82303220880837102, 5.000000000000000000, 30.80978662401479440 ) ) ;
#13015 = EDGE_CURVE ( 'NONE', #8310, #12363, #6706, .T. ) ;
#13016 = ORIENTED_EDGE ( 'NONE', *, *, #3427, .F. ) ;
#13017 = VECTOR ( 'NONE', #6848, 1000.000000000000000 ) ;
#13018 = CARTESIAN_POINT ( 'NONE',  ( 3.164480976808367707, 3.000000000000000000, -7.958103327985202924 ) ) ;
#13019 = LINE ( 'NONE', #8754, #2329 ) ;
#13020 = VERTEX_POINT ( 'NONE', #3553 ) ;
#13021 = CARTESIAN_POINT ( 'NONE',  ( -11.51497048719162741, 3.000000000000000000, 13.53372567201478027 ) ) ;
#13022 = VERTEX_POINT ( 'NONE', #13282 ) ;
#13023 = VECTOR ( 'NONE', #8360, 1000.000000000000000 ) ;
#13024 = LINE ( 'NONE', #6509, #7975 ) ;
#13025 = AXIS2_PLACEMENT_3D ( 'NONE', #6544, #3322, #951 ) ;
#13026 = LINE ( 'NONE', #362, #6546 ) ;
#13027 = CARTESIAN_POINT ( 'NONE',  ( -28.38106731119162873, 3.000000000000000000, -7.704687527985198514 ) ) ;
#13028 = VERTEX_POINT ( 'NONE', #11195 ) ;
#13029 = ADVANCED_FACE ( 'NONE', ( #547 ), #6922, .T. ) ;
#13030 = CARTESIAN_POINT ( 'NONE',  ( 28.48562682680307390, 3.000000000000000000, 11.98690623556278112 ) ) ;
#13031 = ADVANCED_FACE ( 'NONE', ( #8954 ), #12247, .T. ) ;
#13032 = VERTEX_POINT ( 'NONE', #3617 ) ;
#13033 = CARTESIAN_POINT ( 'NONE',  ( 15.64146796080835600, 5.000000000000000000, 21.22416088801480072 ) ) ;
#13034 = ORIENTED_EDGE ( 'NONE', *, *, #8214, .F. ) ;
#13035 = CARTESIAN_POINT ( 'NONE',  ( -76.50000000000001421, 0.000000000000000000, 45.29999999999999005 ) ) ;
#13036 = DIRECTION ( 'NONE',  ( -0.9955375980589674656, 0.000000000000000000, 0.09436572921872460329 ) ) ;
#13037 = ORIENTED_EDGE ( 'NONE', *, *, #343, .F. ) ;
#13038 = VECTOR ( 'NONE', #3930, 1000.000000000000000 ) ;
#13039 = EDGE_LOOP ( 'NONE', ( #3493, #3205, #1751, #10670 ) ) ;
#13040 = AXIS2_PLACEMENT_3D ( 'NONE', #9518, #5027, #5165 ) ;
#13041 = ADVANCED_FACE ( 'NONE', ( #342 ), #1532, .T. ) ;
#13042 = CARTESIAN_POINT ( 'NONE',  ( 32.60998164880837180, 5.000000000000000000, 32.03596146401479672 ) ) ;
#13043 = LINE ( 'NONE', #2540, #11887 ) ;
#13044 = DIRECTION ( 'NONE',  ( -1.000000000000000000, 0.000000000000000000, 0.000000000000000000 ) ) ;
#13045 = CARTESIAN_POINT ( 'NONE',  ( -5.375833688374383357, 5.000000000000000000, 33.38666356494505294 ) ) ;
#13046 = ORIENTED_EDGE ( 'NONE', *, *, #2069, .T. ) ;
#13047 = FACE_OUTER_BOUND ( 'NONE', #7121, .T. ) ;
#13048 = ORIENTED_EDGE ( 'NONE', *, *, #8093, .T. ) ;
#13049 = EDGE_CURVE ( 'NONE', #451, #5963, #476, .T. ) ;
#13050 = VECTOR ( 'NONE', #11383, 1000.000000000000000 ) ;
#13051 = CARTESIAN_POINT ( 'NONE',  ( 11.38441826952666069, 3.000000000000000000, 16.12111971201863980 ) ) ;
#13052 = ADVANCED_FACE ( 'NONE', ( #5855 ), #4812, .T. ) ;
#13053 = ORIENTED_EDGE ( 'NONE', *, *, #12681, .F. ) ;
#13054 = DIRECTION ( 'NONE',  ( 0.1327460070386447255, 0.000000000000000000, -0.9911500883394481765 ) ) ;
#13055 = ORIENTED_EDGE ( 'NONE', *, *, #1079, .F. ) ;
#13056 = DIRECTION ( 'NONE',  ( -0.000000000000000000, -1.000000000000000000, -0.000000000000000000 ) ) ;
#13057 = VERTEX_POINT ( 'NONE', #10209 ) ;
#13058 = DIRECTION ( 'NONE',  ( -0.000000000000000000, -1.000000000000000000, -0.000000000000000000 ) ) ;
#13059 = VERTEX_POINT ( 'NONE', #10273 ) ;
#13060 = VECTOR ( 'NONE', #2597, 1000.000000000000000 ) ;
#13061 = EDGE_CURVE ( 'NONE', #9531, #4142, #9292, .T. ) ;
#13062 = FACE_OUTER_BOUND ( 'NONE', #1274, .T. ) ;
#13063 = LINE ( 'NONE', #6619, #10033 ) ;
#13064 = FACE_OUTER_BOUND ( 'NONE', #12066, .T. ) ;
#13065 = CARTESIAN_POINT ( 'NONE',  ( -4.589937621240017781E-13, 5.000000000000000000, -45.54033533331417516 ) ) ;
#13066 = EDGE_CURVE ( 'NONE', #13288, #2129, #12443, .T. ) ;
#13067 = VERTEX_POINT ( 'NONE', #8378 ) ;
#13068 = AXIS2_PLACEMENT_3D ( 'NONE', #4613, #1388, #12171 ) ;
#13069 = DIRECTION ( 'NONE',  ( -0.9594243092007439522, 0.000000000000000000, 0.2819663010266922898 ) ) ;
#13070 = ORIENTED_EDGE ( 'NONE', *, *, #8237, .T. ) ;
#13071 = EDGE_LOOP ( 'NONE', ( #8494, #10798, #12484, #13741 ) ) ;
#13072 = VECTOR ( 'NONE', #4703, 1000.000000000000000 ) ;
#13073 = ORIENTED_EDGE ( 'NONE', *, *, #6511, .F. ) ;
#13074 = CARTESIAN_POINT ( 'NONE',  ( 7.666216448808373940, 5.000000000000000000, 0.000000000000000000 ) ) ;
#13075 = DIRECTION ( 'NONE',  ( 0.6111498350682030845, -0.000000000000000000, 0.7915149266413793461 ) ) ;
#13076 = CARTESIAN_POINT ( 'NONE',  ( -30.42677213519162649, 3.000000000000000000, -0.000000000000000000 ) ) ;
#13077 = EDGE_CURVE ( 'NONE', #9752, #7280, #11532, .T. ) ;
#13078 = EDGE_CURVE ( 'NONE', #12238, #1550, #10340, .T. ) ;
#13079 = AXIS2_PLACEMENT_3D ( 'NONE', #13682, #11671, #4102 ) ;
#13080 = DIRECTION ( 'NONE',  ( 0.9910404582036931309, 0.000000000000000000, -0.1335620088326546773 ) ) ;
#13081 = FACE_OUTER_BOUND ( 'NONE', #5327, .T. ) ;
#13082 = VECTOR ( 'NONE', #5751, 1000.000000000000000 ) ;
#13083 = CARTESIAN_POINT ( 'NONE',  ( -38.00982236155686422, 3.000000000000000000, 41.73122026056931588 ) ) ;
#13084 = LINE ( 'NONE', #11734, #3824 ) ;
#13085 = VERTEX_POINT ( 'NONE', #2775 ) ;
#13086 = DIRECTION ( 'NONE',  ( -0.9577077932882335221, 0.000000000000000000, 0.2877425631966571418 ) ) ;
#13087 = ORIENTED_EDGE ( 'NONE', *, *, #6288, .F. ) ;
#13088 = PLANE ( 'NONE',  #1257 ) ;
#13089 = ORIENTED_EDGE ( 'NONE', *, *, #4755, .F. ) ;
#13090 = VERTEX_POINT ( 'NONE', #1937 ) ;
#13091 = VECTOR ( 'NONE', #6145, 1000.000000000000000 ) ;
#13092 = DIRECTION ( 'NONE',  ( 0.5561341862445449147, 0.000000000000000000, -0.8310925140380689413 ) ) ;
#13093 = DIRECTION ( 'NONE',  ( -0.000000000000000000, -1.000000000000000000, -0.000000000000000000 ) ) ;
#13094 = ORIENTED_EDGE ( 'NONE', *, *, #12235, .T. ) ;
#13095 = LINE ( 'NONE', #1191, #12899 ) ;
#13096 = ORIENTED_EDGE ( 'NONE', *, *, #13472, .F. ) ;
#13097 = ADVANCED_FACE ( 'NONE', ( #1734 ), #7334, .T. ) ;
#13098 = VECTOR ( 'NONE', #12989, 1000.000000000000000 ) ;
#13099 = DIRECTION ( 'NONE',  ( 0.8609913184333675140, 0.000000000000000000, 0.5086196511956371236 ) ) ;
#13100 = DIRECTION ( 'NONE',  ( 0.000000000000000000, 0.000000000000000000, -1.000000000000000000 ) ) ;
#13101 = CARTESIAN_POINT ( 'NONE',  ( 38.47138724880836236, 3.000000000000000000, 23.44532180001479560 ) ) ;
#13102 = AXIS2_PLACEMENT_3D ( 'NONE', #8151, #6101, #10308 ) ;
#13103 = CARTESIAN_POINT ( 'NONE',  ( -20.07350658319162306, 5.000000000000000000, 21.91507340001479776 ) ) ;
#13104 = ORIENTED_EDGE ( 'NONE', *, *, #3688, .F. ) ;
#13105 = DIRECTION ( 'NONE',  ( 0.9999981958784025515, 0.000000000000000000, -0.001899536769857405969 ) ) ;
#13106 = ORIENTED_EDGE ( 'NONE', *, *, #1758, .T. ) ;
#13107 = EDGE_LOOP ( 'NONE', ( #12291, #3528, #5450, #2923 ) ) ;
#13108 = FACE_OUTER_BOUND ( 'NONE', #469, .T. ) ;
#13109 = ORIENTED_EDGE ( 'NONE', *, *, #10616, .T. ) ;
#13110 = DIRECTION ( 'NONE',  ( -0.000000000000000000, -1.000000000000000000, -0.000000000000000000 ) ) ;
#13111 = CARTESIAN_POINT ( 'NONE',  ( 0.000000000000000000, 5.000000000000000000, -7.958103327985199371 ) ) ;
#13112 = ORIENTED_EDGE ( 'NONE', *, *, #4107, .F. ) ;
#13113 = ORIENTED_EDGE ( 'NONE', *, *, #10762, .F. ) ;
#13114 = AXIS2_PLACEMENT_3D ( 'NONE', #4836, #4965, #11214 ) ;
#13115 = ADVANCED_FACE ( 'NONE', ( #3891 ), #13415, .T. ) ;
#13116 = VECTOR ( 'NONE', #7675, 1000.000000000000000 ) ;
#13117 = EDGE_CURVE ( 'NONE', #8150, #9937, #8308, .T. ) ;
#13118 = CARTESIAN_POINT ( 'NONE',  ( -47.43994410319163535, 3.000000000000000000, 30.87900568801480006 ) ) ;
#13119 = EDGE_CURVE ( 'NONE', #7340, #5475, #9220, .T. ) ;
#13120 = LINE ( 'NONE', #2472, #1381 ) ;
#13121 = DIRECTION ( 'NONE',  ( 0.9820357469730575106, 0.000000000000000000, 0.1886949699039933426 ) ) ;
#13122 = CARTESIAN_POINT ( 'NONE',  ( -45.23728048719161166, 3.000000000000000000, 31.12621880801480501 ) ) ;
#13123 = CARTESIAN_POINT ( 'NONE',  ( -26.47384125519162978, 5.000000000000000000, 32.20406577601480080 ) ) ;
#13124 = ORIENTED_EDGE ( 'NONE', *, *, #7868, .F. ) ;
#13125 = DIRECTION ( 'NONE',  ( 0.000000000000000000, -0.000000000000000000, 1.000000000000000000 ) ) ;
#13126 = VECTOR ( 'NONE', #4946, 1000.000000000000000 ) ;
#13127 = ORIENTED_EDGE ( 'NONE', *, *, #3267, .T. ) ;
#13128 = DIRECTION ( 'NONE',  ( 0.000000000000000000, 0.000000000000000000, 1.000000000000000000 ) ) ;
#13129 = ORIENTED_EDGE ( 'NONE', *, *, #1588, .F. ) ;
#13130 = VECTOR ( 'NONE', #10782, 1000.000000000000114 ) ;
#13131 = LINE ( 'NONE', #320, #12230 ) ;
#13132 = ORIENTED_EDGE ( 'NONE', *, *, #3987, .T. ) ;
#13133 = CARTESIAN_POINT ( 'NONE',  ( 11.08428121530102395, 5.000000000000000000, 11.61389432426031831 ) ) ;
#13134 = VERTEX_POINT ( 'NONE', #7126 ) ;
#13135 = EDGE_CURVE ( 'NONE', #1152, #13090, #2001, .T. ) ;
#13136 = CARTESIAN_POINT ( 'NONE',  ( 20.36801476880835082, 5.000000000000000000, 30.70348559201479688 ) ) ;
#13137 = VECTOR ( 'NONE', #7735, 1000.000000000000114 ) ;
#13138 = PLANE ( 'NONE',  #8241 ) ;
#13139 = VECTOR ( 'NONE', #4709, 1000.000000000000000 ) ;
#13140 = DIRECTION ( 'NONE',  ( -0.5043302127971985849, 0.000000000000000000, 0.8635108780206143253 ) ) ;
#13141 = CARTESIAN_POINT ( 'NONE',  ( 18.83656952080835367, 5.000000000000000000, 21.84736919201479921 ) ) ;
#13142 = LINE ( 'NONE', #10967, #12631 ) ;
#13143 = ORIENTED_EDGE ( 'NONE', *, *, #8337, .T. ) ;
#13144 = VERTEX_POINT ( 'NONE', #2907 ) ;
#13145 = EDGE_CURVE ( 'NONE', #12078, #13144, #13477, .T. ) ;
#13146 = EDGE_LOOP ( 'NONE', ( #4296, #738, #11131, #1704 ) ) ;
#13147 = VECTOR ( 'NONE', #5288, 1000.000000000000000 ) ;
#13148 = PLANE ( 'NONE',  #10412 ) ;
#13149 = DIRECTION ( 'NONE',  ( 0.9934094000795792301, 0.000000000000000000, 0.1146200847737016693 ) ) ;
#13150 = EDGE_CURVE ( 'NONE', #8049, #4387, #6206, .T. ) ;
#13151 = EDGE_CURVE ( 'NONE', #12555, #10187, #11394, .T. ) ;
#13152 = FACE_OUTER_BOUND ( 'NONE', #11982, .T. ) ;
#13153 = CARTESIAN_POINT ( 'NONE',  ( 21.23495377711075349, 5.000000000000000000, -14.18885795750885315 ) ) ;
#13154 = DIRECTION ( 'NONE',  ( -0.000000000000000000, -1.000000000000000000, -0.000000000000000000 ) ) ;
#13155 = AXIS2_PLACEMENT_3D ( 'NONE', #9496, #12845, #5492 ) ;
#13156 = DIRECTION ( 'NONE',  ( -0.3809753635559193774, 0.000000000000000000, -0.9245851893489506201 ) ) ;
#13157 = ORIENTED_EDGE ( 'NONE', *, *, #6469, .F. ) ;
#13158 = DIRECTION ( 'NONE',  ( -0.2846855343240165537, 0.000000000000000000, -0.9586209608320951370 ) ) ;
#13159 = EDGE_LOOP ( 'NONE', ( #5147, #12103, #11656, #13313 ) ) ;
#13160 = ADVANCED_FACE ( 'NONE', ( #886 ), #6060, .T. ) ;
#13161 = DIRECTION ( 'NONE',  ( 0.6402992326493194275, -0.000000000000000000, 0.7681255708988555808 ) ) ;
#13162 = VERTEX_POINT ( 'NONE', #745 ) ;
#13163 = LINE ( 'NONE', #12051, #4811 ) ;
#13164 = DIRECTION ( 'NONE',  ( -0.4327284778639396423, 0.000000000000000000, -0.9015243005296961210 ) ) ;
#13165 = ORIENTED_EDGE ( 'NONE', *, *, #7227, .F. ) ;
#13166 = DIRECTION ( 'NONE',  ( -0.9987731508160072602, 0.000000000000000000, -0.04951962448429150093 ) ) ;
#13167 = ORIENTED_EDGE ( 'NONE', *, *, #10204, .T. ) ;
#13168 = FACE_OUTER_BOUND ( 'NONE', #5447, .T. ) ;
#13169 = DIRECTION ( 'NONE',  ( 0.000000000000000000, -0.000000000000000000, 1.000000000000000000 ) ) ;
#13170 = CARTESIAN_POINT ( 'NONE',  ( 0.000000000000000000, 3.000000000000000000, 13.67547900801479521 ) ) ;
#13171 = CARTESIAN_POINT ( 'NONE',  ( 4.469600943213549726, 5.000000000000000000, 28.67522577427740060 ) ) ;
#13172 = LINE ( 'NONE', #3575, #4062 ) ;
#13173 = EDGE_LOOP ( 'NONE', ( #5253, #8612, #1300, #13286 ) ) ;
#13174 = LINE ( 'NONE', #12065, #8817 ) ;
#13175 = ORIENTED_EDGE ( 'NONE', *, *, #12380, .F. ) ;
#13176 = ORIENTED_EDGE ( 'NONE', *, *, #12151, .F. ) ;
#13177 = EDGE_CURVE ( 'NONE', #9147, #2547, #12376, .T. ) ;
#13178 = DIRECTION ( 'NONE',  ( -1.000000000000000000, 0.000000000000000000, -0.000000000000000000 ) ) ;
#13179 = ORIENTED_EDGE ( 'NONE', *, *, #12442, .F. ) ;
#13180 = EDGE_CURVE ( 'NONE', #8301, #2505, #3966, .T. ) ;
#13181 = ORIENTED_EDGE ( 'NONE', *, *, #8950, .F. ) ;
#13182 = LINE ( 'NONE', #7803, #12183 ) ;
#13183 = DIRECTION ( 'NONE',  ( -0.000000000000000000, -1.000000000000000000, -0.000000000000000000 ) ) ;
#13184 = ORIENTED_EDGE ( 'NONE', *, *, #9711, .F. ) ;
#13185 = VERTEX_POINT ( 'NONE', #6130 ) ;
#13186 = CARTESIAN_POINT ( 'NONE',  ( -25.95222279119163744, 3.000000000000000000, 32.18923217601480502 ) ) ;
#13187 = FACE_OUTER_BOUND ( 'NONE', #10942, .T. ) ;
#13188 = CARTESIAN_POINT ( 'NONE',  ( -19.13657068719164300, 3.000000000000000000, 21.35884591201480021 ) ) ;
#13189 = CARTESIAN_POINT ( 'NONE',  ( -11.13019366746295447, 5.000000000000000000, -20.73994799615027418 ) ) ;
#13190 = DIRECTION ( 'NONE',  ( -0.000000000000000000, -1.000000000000000000, -0.000000000000000000 ) ) ;
#13191 = ORIENTED_EDGE ( 'NONE', *, *, #5382, .T. ) ;
#13192 = DIRECTION ( 'NONE',  ( -0.6351454721939684411, 0.000000000000000000, 0.7723925356653189578 ) ) ;
#13193 = ORIENTED_EDGE ( 'NONE', *, *, #1001, .T. ) ;
#13194 = DIRECTION ( 'NONE',  ( -0.000000000000000000, -1.000000000000000000, -0.000000000000000000 ) ) ;
#13195 = EDGE_CURVE ( 'NONE', #3366, #1264, #10413, .T. ) ;
#13196 = EDGE_LOOP ( 'NONE', ( #468, #3583, #3650, #162 ) ) ;
#13197 = CARTESIAN_POINT ( 'NONE',  ( 32.41201912880838165, 5.000000000000000000, 20.53134134401479827 ) ) ;
#13198 = EDGE_CURVE ( 'NONE', #3101, #819, #13830, .T. ) ;
#13199 = VERTEX_POINT ( 'NONE', #4455 ) ;
#13200 = CARTESIAN_POINT ( 'NONE',  ( 1.850815444694170475, 3.000000000000000000, 23.16815278577557180 ) ) ;
#13201 = ORIENTED_EDGE ( 'NONE', *, *, #36, .F. ) ;
#13202 = DIRECTION ( 'NONE',  ( -0.3793655190827832091, 0.000000000000000000, 0.9252468875554514804 ) ) ;
#13203 = FACE_OUTER_BOUND ( 'NONE', #1123, .T. ) ;
#13204 = LINE ( 'NONE', #10121, #9657 ) ;
#13205 = DIRECTION ( 'NONE',  ( -0.000000000000000000, -1.000000000000000000, -0.000000000000000000 ) ) ;
#13206 = EDGE_CURVE ( 'NONE', #3697, #8154, #12847, .T. ) ;
#13207 = CARTESIAN_POINT ( 'NONE',  ( -12.03909237519162900, 3.000000000000000000, 12.62482528001480198 ) ) ;
#13208 = VERTEX_POINT ( 'NONE', #3181 ) ;
#13209 = VERTEX_POINT ( 'NONE', #10620 ) ;
#13210 = ORIENTED_EDGE ( 'NONE', *, *, #5580, .F. ) ;
#13211 = DIRECTION ( 'NONE',  ( 0.000000000000000000, 0.000000000000000000, -1.000000000000000000 ) ) ;
#13212 = LINE ( 'NONE', #2705, #12922 ) ;
#13213 = CARTESIAN_POINT ( 'NONE',  ( -27.67035092719162037, 5.000000000000000000, 0.000000000000000000 ) ) ;
#13214 = EDGE_CURVE ( 'NONE', #9351, #10579, #958, .T. ) ;
#13215 = DIRECTION ( 'NONE',  ( -0.4053870534965144934, 0.000000000000000000, -0.9141451399298768932 ) ) ;
#13216 = ADVANCED_FACE ( 'NONE', ( #9782 ), #6550, .F. ) ;
#13217 = DIRECTION ( 'NONE',  ( 0.2805642191204674174, 0.000000000000000000, -0.9598352561504096547 ) ) ;
#13218 = EDGE_CURVE ( 'NONE', #13032, #3089, #11877, .T. ) ;
#13219 = VERTEX_POINT ( 'NONE', #13758 ) ;
#13220 = DIRECTION ( 'NONE',  ( -0.000000000000000000, -1.000000000000000000, -0.000000000000000000 ) ) ;
#13221 = ORIENTED_EDGE ( 'NONE', *, *, #7837, .F. ) ;
#13222 = LINE ( 'NONE', #10987, #5251 ) ;
#13223 = DIRECTION ( 'NONE',  ( -0.000000000000000000, -1.000000000000000000, -0.000000000000000000 ) ) ;
#13224 = ORIENTED_EDGE ( 'NONE', *, *, #214, .T. ) ;
#13225 = CARTESIAN_POINT ( 'NONE',  ( -1.367263896786801602, 3.000000000000000000, 2.571595015642087034 ) ) ;
#13226 = AXIS2_PLACEMENT_3D ( 'NONE', #6562, #13004, #9719 ) ;
#13227 = EDGE_CURVE ( 'NONE', #5278, #2055, #12778, .T. ) ;
#13228 = CARTESIAN_POINT ( 'NONE',  ( -12.67616196719162147, 5.000000000000000000, -7.126167983985205012 ) ) ;
#13229 = DIRECTION ( 'NONE',  ( -0.9452002409823898610, 0.000000000000000000, 0.3264912011782739043 ) ) ;
#13230 = DIRECTION ( 'NONE',  ( -1.000000000000000000, 0.000000000000000000, 0.000000000000000000 ) ) ;
#13231 = CARTESIAN_POINT ( 'NONE',  ( 0.000000000000000000, 5.000000000000000000, 15.35652416001479637 ) ) ;
#13232 = DIRECTION ( 'NONE',  ( 0.000000000000000000, 0.000000000000000000, -1.000000000000000000 ) ) ;
#13233 = VERTEX_POINT ( 'NONE', #1096 ) ;
#13234 = VECTOR ( 'NONE', #4938, 1000.000000000000000 ) ;
#13235 = CARTESIAN_POINT ( 'NONE',  ( -26.56894208919894496, 5.000000000000000000, 44.82781187157797831 ) ) ;
#13236 = EDGE_CURVE ( 'NONE', #1112, #7968, #3114, .T. ) ;
#13237 = AXIS2_PLACEMENT_3D ( 'NONE', #241, #6744, #1354 ) ;
#13238 = ORIENTED_EDGE ( 'NONE', *, *, #11751, .T. ) ;
#13239 = CARTESIAN_POINT ( 'NONE',  ( 4.988413355718220643, 5.000000000000000000, -0.8850800809166778915 ) ) ;
#13240 = LINE ( 'NONE', #5608, #560 ) ;
#13241 = DIRECTION ( 'NONE',  ( 0.000000000000000000, 0.000000000000000000, -1.000000000000000000 ) ) ;
#13242 = VERTEX_POINT ( 'NONE', #6478 ) ;
#13243 = VERTEX_POINT ( 'NONE', #1029 ) ;
#13244 = AXIS2_PLACEMENT_3D ( 'NONE', #12479, #11226, #7091 ) ;
#13245 = VECTOR ( 'NONE', #12958, 1000.000000000000000 ) ;
#13246 = CARTESIAN_POINT ( 'NONE',  ( 0.000000000000000000, 5.000000000000000000, 12.62729720801479871 ) ) ;
#13247 = EDGE_CURVE ( 'NONE', #9118, #11923, #10823, .T. ) ;
#13248 = DIRECTION ( 'NONE',  ( -0.2821813711547821457, 0.000000000000000000, -0.9593610758068138455 ) ) ;
#13249 = EDGE_CURVE ( 'NONE', #8749, #11591, #191, .T. ) ;
#13250 = CARTESIAN_POINT ( 'NONE',  ( 0.000000000000000000, 5.000000000000000000, 32.03596146401479672 ) ) ;
#13251 = LINE ( 'NONE', #1564, #8564 ) ;
#13252 = LINE ( 'NONE', #7019, #8330 ) ;
#13253 = ORIENTED_EDGE ( 'NONE', *, *, #11599, .F. ) ;
#13254 = CARTESIAN_POINT ( 'NONE',  ( -40.39438440719163026, 3.000000000000000000, 28.09044738401478725 ) ) ;
#13255 = ORIENTED_EDGE ( 'NONE', *, *, #4090, .F. ) ;
#13256 = LINE ( 'NONE', #1771, #7282 ) ;
#13257 = AXIS2_PLACEMENT_3D ( 'NONE', #9817, #222, #4485 ) ;
#13258 = ORIENTED_EDGE ( 'NONE', *, *, #6350, .F. ) ;
#13259 = DIRECTION ( 'NONE',  ( -0.000000000000000000, -1.000000000000000000, -0.000000000000000000 ) ) ;
#13260 = ORIENTED_EDGE ( 'NONE', *, *, #6630, .T. ) ;
#13261 = VECTOR ( 'NONE', #12187, 1000.000000000000000 ) ;
#13262 = DIRECTION ( 'NONE',  ( 0.000000000000000000, 0.000000000000000000, 1.000000000000000000 ) ) ;
#13263 = VERTEX_POINT ( 'NONE', #2273 ) ;
#13264 = DIRECTION ( 'NONE',  ( 0.000000000000000000, 0.000000000000000000, 1.000000000000000000 ) ) ;
#13265 = ADVANCED_FACE ( 'NONE', ( #5290 ), #11813, .T. ) ;
#13266 = AXIS2_PLACEMENT_3D ( 'NONE', #2457, #2311, #6583 ) ;
#13267 = DIRECTION ( 'NONE',  ( 0.000000000000000000, 0.000000000000000000, -1.000000000000000000 ) ) ;
#13268 = DIRECTION ( 'NONE',  ( 0.9977945707501258976, 0.000000000000000000, -0.06637766628597294161 ) ) ;
#13269 = DIRECTION ( 'NONE',  ( 0.9238814843844389557, 0.000000000000000000, -0.3826787200924629540 ) ) ;
#13270 = CARTESIAN_POINT ( 'NONE',  ( -11.42106871919162892, 5.000000000000000000, -7.958103327985199371 ) ) ;
#13271 = CARTESIAN_POINT ( 'NONE',  ( 81.99999999999998579, 3.000000000000000000, -53.00000000000000711 ) ) ;
#13272 = LINE ( 'NONE', #4931, #11292 ) ;
#13273 = VERTEX_POINT ( 'NONE', #12716 ) ;
#13274 = EDGE_LOOP ( 'NONE', ( #6235, #5150, #2240, #6699 ) ) ;
#13275 = ORIENTED_EDGE ( 'NONE', *, *, #7435, .F. ) ;
#13276 = VECTOR ( 'NONE', #12797, 1000.000000000000000 ) ;
#13277 = DIRECTION ( 'NONE',  ( 0.3793703000680322956, 0.000000000000000000, -0.9252449272632037314 ) ) ;
#13278 = EDGE_CURVE ( 'NONE', #12161, #1226, #6412, .T. ) ;
#13279 = CARTESIAN_POINT ( 'NONE',  ( 3.706928096272267492, 5.000000000000000000, -2.558984080167707731 ) ) ;
#13280 = EDGE_CURVE ( 'NONE', #3657, #10400, #4306, .T. ) ;
#13281 = DIRECTION ( 'NONE',  ( 0.5555733586812491298, 0.000000000000000000, 0.8314675237937053653 ) ) ;
#13282 = CARTESIAN_POINT ( 'NONE',  ( 14.12709049680836770, 5.000000000000000000, 21.84736919201479566 ) ) ;
#13283 = VECTOR ( 'NONE', #13192, 999.9999999999998863 ) ;
#13284 = VECTOR ( 'NONE', #2670, 1000.000000000000000 ) ;
#13285 = CARTESIAN_POINT ( 'NONE',  ( 33.84604724880837523, 5.000000000000000000, 0.000000000000000000 ) ) ;
#13286 = ORIENTED_EDGE ( 'NONE', *, *, #9148, .T. ) ;
#13287 = DIRECTION ( 'NONE',  ( -0.6904200509211169123, 0.000000000000000000, -0.7234087041818630937 ) ) ;
#13288 = VERTEX_POINT ( 'NONE', #8519 ) ;
#13289 = LINE ( 'NONE', #3699, #2801 ) ;
#13290 = DIRECTION ( 'NONE',  ( 0.3826836147510478958, 0.000000000000000000, -0.9238794569645282229 ) ) ;
#13291 = VERTEX_POINT ( 'NONE', #5354 ) ;
#13292 = AXIS2_PLACEMENT_3D ( 'NONE', #13572, #3275, #5238 ) ;
#13293 = CARTESIAN_POINT ( 'NONE',  ( -21.56172611119163207, 5.000000000000000000, 20.23155835201480102 ) ) ;
#13294 = VECTOR ( 'NONE', #4167, 1000.000000000000227 ) ;
#13295 = EDGE_CURVE ( 'NONE', #10922, #12760, #5421, .T. ) ;
#13296 = ADVANCED_FACE ( 'NONE', ( #9703 ), #112, .T. ) ;
#13297 = APPLICATION_CONTEXT ( 'configuration controlled 3d designs of mechanical parts and assemblies' ) ;
#13298 = CARTESIAN_POINT ( 'NONE',  ( -5.932947615191626056, 5.000000000000000000, 24.32787121601479896 ) ) ;
#13299 = DIRECTION ( 'NONE',  ( -0.1018983968980210347, 0.000000000000000000, -0.9947948113604199172 ) ) ;
#13300 = CARTESIAN_POINT ( 'NONE',  ( 0.000000000000000000, 3.000000000000000000, 32.03596146401479672 ) ) ;
#13301 = FACE_OUTER_BOUND ( 'NONE', #5561, .T. ) ;
#13302 = LINE ( 'NONE', #7072, #6538 ) ;
#13303 = ORIENTED_EDGE ( 'NONE', *, *, #10038, .T. ) ;
#13304 = CIRCLE ( 'NONE', #13079, 1.700000000000000178 ) ;
#13305 = CARTESIAN_POINT ( 'NONE',  ( 3.479050763452518957, 5.000000000000000000, 16.62662226320075121 ) ) ;
#13306 = VERTEX_POINT ( 'NONE', #7609 ) ;
#13307 = EDGE_LOOP ( 'NONE', ( #2049, #2334, #905, #4432 ) ) ;
#13308 = AXIS2_PLACEMENT_3D ( 'NONE', #10715, #6294, #3207 ) ;
#13309 = DIRECTION ( 'NONE',  ( -0.5679554957705910123, 0.000000000000000000, 0.8230592656813858765 ) ) ;
#13310 = DIRECTION ( 'NONE',  ( 0.000000000000000000, 0.000000000000000000, 1.000000000000000000 ) ) ;
#13311 = LINE ( 'NONE', #6296, #10379 ) ;
#13312 = ADVANCED_FACE ( 'NONE', ( #1231 ), #11950, .F. ) ;
#13313 = ORIENTED_EDGE ( 'NONE', *, *, #4025, .T. ) ;
#13314 = ORIENTED_EDGE ( 'NONE', *, *, #697, .F. ) ;
#13315 = AXIS2_PLACEMENT_3D ( 'NONE', #10636, #2156, #10767 ) ;
#13316 = EDGE_CURVE ( 'NONE', #6959, #3311, #12025, .T. ) ;
#13317 = ADVANCED_FACE ( 'NONE', ( #3469 ), #9917, .T. ) ;
#13318 = CARTESIAN_POINT ( 'NONE',  ( 44.32785508880837000, 3.000000000000000000, 22.88167751201479305 ) ) ;
#13319 = AXIS2_PLACEMENT_3D ( 'NONE', #11431, #10250, #657 ) ;
#13320 = CARTESIAN_POINT ( 'NONE',  ( 25.13495672080835774, 5.000000000000000000, 12.84143546401479341 ) ) ;
#13321 = FACE_OUTER_BOUND ( 'NONE', #4030, .T. ) ;
#13322 = LINE ( 'NONE', #6886, #9226 ) ;
#13323 = LINE ( 'NONE', #4505, #8104 ) ;
#13324 = VERTEX_POINT ( 'NONE', #1518 ) ;
#13325 = CARTESIAN_POINT ( 'NONE',  ( 83.99999999999998579, 0.000000000000000000, -51.00000000000000711 ) ) ;
#13326 = ORIENTED_EDGE ( 'NONE', *, *, #2754, .T. ) ;
#13327 = CARTESIAN_POINT ( 'NONE',  ( 1.880904370442123108, 3.000000000000000000, 21.22220897356597646 ) ) ;
#13328 = ORIENTED_EDGE ( 'NONE', *, *, #11254, .T. ) ;
#13329 = PLANE ( 'NONE',  #5064 ) ;
#13330 = EDGE_CURVE ( 'NONE', #8336, #2254, #2636, .T. ) ;
#13331 = CIRCLE ( 'NONE', #6165, 2.000000000000001776 ) ;
#13332 = EDGE_LOOP ( 'NONE', ( #4338, #10719, #7263, #1574 ) ) ;
#13333 = VECTOR ( 'NONE', #13794, 1000.000000000000000 ) ;
#13334 = VERTEX_POINT ( 'NONE', #6908 ) ;
#13335 = LINE ( 'NONE', #2690, #11576 ) ;
#13336 = DIRECTION ( 'NONE',  ( -1.000000000000000000, -0.000000000000000000, 4.956352788505159323E-16 ) ) ;
#13337 = LINE ( 'NONE', #12229, #10559 ) ;
#13338 = VECTOR ( 'NONE', #7630, 1000.000000000000114 ) ;
#13339 = LINE ( 'NONE', #5709, #3707 ) ;
#13340 = DIRECTION ( 'NONE',  ( 0.9238789273892338283, -0.000000000000000000, 0.3826848932556902172 ) ) ;
#13341 = VECTOR ( 'NONE', #3534, 1000.000000000000114 ) ;
#13342 = DIRECTION ( 'NONE',  ( -0.000000000000000000, -1.000000000000000000, -0.000000000000000000 ) ) ;
#13343 = FACE_OUTER_BOUND ( 'NONE', #11955, .T. ) ;
#13344 = VERTEX_POINT ( 'NONE', #13141 ) ;
#13345 = ORIENTED_EDGE ( 'NONE', *, *, #3109, .T. ) ;
#13346 = EDGE_CURVE ( 'NONE', #12955, #12833, #10965, .T. ) ;
#13347 = VERTEX_POINT ( 'NONE', #7757 ) ;
#13348 = EDGE_CURVE ( 'NONE', #11266, #2165, #3752, .T. ) ;
#13349 = CARTESIAN_POINT ( 'NONE',  ( 43.93478500880837601, 5.000000000000000000, 21.89282706401478862 ) ) ;
#13350 = VECTOR ( 'NONE', #12822, 1000.000000000000000 ) ;
#13351 = VECTOR ( 'NONE', #10496, 1000.000000000000227 ) ;
#13352 = AXIS2_PLACEMENT_3D ( 'NONE', #10258, #11242, #1645 ) ;
#13353 = CARTESIAN_POINT ( 'NONE',  ( -14.08060902124482361, 5.000000000000000000, 5.337687468825648374 ) ) ;
#13354 = LINE ( 'NONE', #7836, #9894 ) ;
#13355 = PLANE ( 'NONE',  #10186 ) ;
#13356 = LINE ( 'NONE', #12378, #4347 ) ;
#13357 = AXIS2_PLACEMENT_3D ( 'NONE', #12549, #530, #12422 ) ;
#13358 = ORIENTED_EDGE ( 'NONE', *, *, #7258, .F. ) ;
#13359 = DIRECTION ( 'NONE',  ( 0.000000000000000000, 1.000000000000000000, 0.000000000000000000 ) ) ;
#13360 = ORIENTED_EDGE ( 'NONE', *, *, #13145, .F. ) ;
#13361 = EDGE_CURVE ( 'NONE', #10524, #9264, #4595, .T. ) ;
#13362 = CARTESIAN_POINT ( 'NONE',  ( -15.11917460719162953, 5.000000000000000000, 27.20692768801479389 ) ) ;
#13363 = DIRECTION ( 'NONE',  ( -0.7971419792268318316, 0.000000000000000000, -0.6037919053401836766 ) ) ;
#13364 = CC_DESIGN_DATE_AND_TIME_ASSIGNMENT ( #3486, #7487, ( #9230 ) ) ;
#13365 = ADVANCED_FACE ( 'NONE', ( #3541 ), #6622, .T. ) ;
#13366 = LINE ( 'NONE', #3773, #5067 ) ;
#13367 = VECTOR ( 'NONE', #7835, 1000.000000000000000 ) ;
#13368 = CARTESIAN_POINT ( 'NONE',  ( 9.785106695425943357, 5.000000000000000000, 33.26743522363523908 ) ) ;
#13369 = LINE ( 'NONE', #10222, #1925 ) ;
#13370 = DIRECTION ( 'NONE',  ( -0.9953392907975358028, 0.000000000000000000, -0.09643493243974646245 ) ) ;
#13371 = CARTESIAN_POINT ( 'NONE',  ( 0.000000000000000000, 5.000000000000000000, 0.000000000000000000 ) ) ;
#13372 = CARTESIAN_POINT ( 'NONE',  ( 3.149392172460536710, 5.000000000000000000, 33.58916469387919790 ) ) ;
#13373 = ORIENTED_EDGE ( 'NONE', *, *, #7391, .T. ) ;
#13374 = DIRECTION ( 'NONE',  ( -0.9238794569645282229, 0.000000000000000000, 0.3826836147510478958 ) ) ;
#13375 = ORIENTED_EDGE ( 'NONE', *, *, #8214, .T. ) ;
#13376 = ORIENTED_EDGE ( 'NONE', *, *, #9458, .T. ) ;
#13377 = FACE_OUTER_BOUND ( 'NONE', #9250, .T. ) ;
#13378 = ADVANCED_FACE ( 'NONE', ( #329 ), #5569, .T. ) ;
#13379 = CARTESIAN_POINT ( 'NONE',  ( -0.7951457727989018620, 5.000000000000000000, -43.39790821999562809 ) ) ;
#13380 = LINE ( 'NONE', #3722, #4576 ) ;
#13381 = ORIENTED_EDGE ( 'NONE', *, *, #13694, .F. ) ;
#13382 = EDGE_LOOP ( 'NONE', ( #12524, #878, #13468, #5797 ) ) ;
#13383 = CARTESIAN_POINT ( 'NONE',  ( -25.71984428719163063, 5.000000000000000000, 0.000000000000000000 ) ) ;
#13384 = LINE ( 'NONE', #11617, #10326 ) ;
#13385 = LINE ( 'NONE', #1699, #7778 ) ;
#13386 = PLANE ( 'NONE',  #13244 ) ;
#13387 = ADVANCED_FACE ( 'NONE', ( #3677 ), #11182, .T. ) ;
#13388 = CARTESIAN_POINT ( 'NONE',  ( 18.83888803280838431, 5.000000000000000000, 30.41470283201479319 ) ) ;
#13389 = ORIENTED_EDGE ( 'NONE', *, *, #7684, .F. ) ;
#13390 = LINE ( 'NONE', #13648, #9477 ) ;
#13391 = ORIENTED_EDGE ( 'NONE', *, *, #10064, .T. ) ;
#13392 = CARTESIAN_POINT ( 'NONE',  ( 38.47138724880836946, 3.000000000000000000, -0.000000000000000000 ) ) ;
#13393 = EDGE_CURVE ( 'NONE', #5528, #3432, #11113, .T. ) ;
#13394 = ORIENTED_EDGE ( 'NONE', *, *, #7952, .T. ) ;
#13395 = EDGE_CURVE ( 'NONE', #9675, #527, #10898, .T. ) ;
#13396 = CARTESIAN_POINT ( 'NONE',  ( 12.71183500880837869, 5.000000000000000000, 23.93974804001479484 ) ) ;
#13397 = ORIENTED_EDGE ( 'NONE', *, *, #3391, .F. ) ;
#13398 = ORIENTED_EDGE ( 'NONE', *, *, #12788, .T. ) ;
#13399 = ORIENTED_EDGE ( 'NONE', *, *, #12052, .F. ) ;
#13400 = FACE_OUTER_BOUND ( 'NONE', #11659, .T. ) ;
#13401 = DIRECTION ( 'NONE',  ( 0.7353668658178819095, 0.000000000000000000, 0.6776692206801083751 ) ) ;
#13402 = CARTESIAN_POINT ( 'NONE',  ( 9.218725408808374766, 5.000000000000000000, -6.924750047985199330 ) ) ;
#13403 = ADVANCED_FACE ( 'NONE', ( #5636 ), #12090, .T. ) ;
#13404 = LINE ( 'NONE', #12358, #11538 ) ;
#13405 = CARTESIAN_POINT ( 'NONE',  ( 5.047974942500699669, 3.000000000000000000, 19.86401191028937419 ) ) ;
#13406 = DIRECTION ( 'NONE',  ( -0.9852953065597072069, 0.000000000000000000, -0.1708600563953215912 ) ) ;
#13407 = ORIENTED_EDGE ( 'NONE', *, *, #285, .F. ) ;
#13408 = CARTESIAN_POINT ( 'NONE',  ( 2.314739090520255171, 3.000000000000000000, 24.41998608380890090 ) ) ;
#13409 = EDGE_LOOP ( 'NONE', ( #7233, #9787, #11058, #8974 ) ) ;
#13410 = EDGE_LOOP ( 'NONE', ( #686, #4853, #12746, #9866 ) ) ;
#13411 = VERTEX_POINT ( 'NONE', #7960 ) ;
#13412 = LINE ( 'NONE', #10066, #6690 ) ;
#13413 = DIRECTION ( 'NONE',  ( 0.5945305086078588319, 0.000000000000000000, -0.8040730528593038606 ) ) ;
#13414 = DIRECTION ( 'NONE',  ( -0.03214695214465836115, 0.000000000000000000, -0.9994831531685810511 ) ) ;
#13415 = PLANE ( 'NONE',  #13745 ) ;
#13416 = EDGE_CURVE ( 'NONE', #9152, #8356, #6761, .T. ) ;
#13417 = LINE ( 'NONE', #4813, #5011 ) ;
#13418 = ORIENTED_EDGE ( 'NONE', *, *, #2770, .F. ) ;
#13419 = ORIENTED_EDGE ( 'NONE', *, *, #11868, .T. ) ;
#13420 = CARTESIAN_POINT ( 'NONE',  ( 25.96010416880837468, 3.000000000000000000, -7.117228199985198067 ) ) ;
#13421 = ORIENTED_EDGE ( 'NONE', *, *, #2084, .F. ) ;
#13422 = DIRECTION ( 'NONE',  ( 1.000000000000000000, 0.000000000000000000, 0.000000000000000000 ) ) ;
#13423 = PLANE ( 'NONE',  #2025 ) ;
#13424 = LINE ( 'NONE', #2657, #1727 ) ;
#13425 = LINE ( 'NONE', #6934, #10173 ) ;
#13426 = EDGE_CURVE ( 'NONE', #3085, #4748, #11039, .T. ) ;
#13427 = CARTESIAN_POINT ( 'NONE',  ( 33.84604724880837523, 5.000000000000000000, 32.03596146401479672 ) ) ;
#13428 = LINE ( 'NONE', #8128, #4541 ) ;
#13429 = DIRECTION ( 'NONE',  ( -0.9880692682966384366, 0.000000000000000000, 0.1540101329385353268 ) ) ;
#13430 = CARTESIAN_POINT ( 'NONE',  ( 33.84604724880837523, 3.000000000000000000, 32.03596146401479672 ) ) ;
#13431 = VERTEX_POINT ( 'NONE', #9074 ) ;
#13432 = PLANE ( 'NONE',  #4573 ) ;
#13433 = ORIENTED_EDGE ( 'NONE', *, *, #4939, .F. ) ;
#13434 = DIRECTION ( 'NONE',  ( -0.000000000000000000, -1.000000000000000000, -0.000000000000000000 ) ) ;
#13435 = DIRECTION ( 'NONE',  ( -0.1886949699039874861, 0.000000000000000000, 0.9820357469730586208 ) ) ;
#13436 = CARTESIAN_POINT ( 'NONE',  ( -25.43060331119162143, 3.000000000000000000, 32.14226249601478713 ) ) ;
#13437 = ORIENTED_EDGE ( 'NONE', *, *, #3717, .T. ) ;
#13438 = ORIENTED_EDGE ( 'NONE', *, *, #12545, .T. ) ;
#13439 = CARTESIAN_POINT ( 'NONE',  ( 19.92161180080837468, 3.000000000000000000, 23.12035724801479120 ) ) ;
#13440 = PLANE ( 'NONE',  #4050 ) ;
#13441 = EDGE_CURVE ( 'NONE', #12269, #257, #13339, .T. ) ;
#13442 = DIRECTION ( 'NONE',  ( -0.05349791840702061013, 0.000000000000000000, -0.9985679609952022862 ) ) ;
#13443 = AXIS2_PLACEMENT_3D ( 'NONE', #11183, #9006, #58 ) ;
#13444 = EDGE_CURVE ( 'NONE', #12290, #5309, #2563, .T. ) ;
#13445 = CARTESIAN_POINT ( 'NONE',  ( -10.57570600779292391, 5.000000000000000000, -1.312742725391348175 ) ) ;
#13446 = CARTESIAN_POINT ( 'NONE',  ( 2.271845065138972330, 5.000000000000000000, -44.13625786616601232 ) ) ;
#13447 = ORIENTED_EDGE ( 'NONE', *, *, #5910, .T. ) ;
#13448 = CARTESIAN_POINT ( 'NONE',  ( 0.000000000000000000, 5.000000000000000000, 32.03596146401479672 ) ) ;
#13449 = VERTEX_POINT ( 'NONE', #3875 ) ;
#13450 = PLANE ( 'NONE',  #13102 ) ;
#13451 = ORIENTED_EDGE ( 'NONE', *, *, #9031, .T. ) ;
#13452 = PLANE ( 'NONE',  #10446 ) ;
#13453 = VERTEX_POINT ( 'NONE', #13533 ) ;
#13454 = VECTOR ( 'NONE', #5009, 1000.000000000000000 ) ;
#13455 = VECTOR ( 'NONE', #9464, 1000.000000000000114 ) ;
#13456 = ORIENTED_EDGE ( 'NONE', *, *, #7125, .F. ) ;
#13457 = EDGE_CURVE ( 'NONE', #2248, #2469, #8232, .T. ) ;
#13458 = CARTESIAN_POINT ( 'NONE',  ( 2.462753730532094565, 5.000000000000000000, -12.38153293204384653 ) ) ;
#13459 = EDGE_CURVE ( 'NONE', #10536, #7746, #2894, .T. ) ;
#13460 = LINE ( 'NONE', #3873, #3744 ) ;
#13461 = CARTESIAN_POINT ( 'NONE',  ( 5.175742859736382151, 3.000000000000000000, 2.136598183917767901 ) ) ;
#13462 = CARTESIAN_POINT ( 'NONE',  ( 8.978918928808372613, 5.000000000000000000, 16.98812770401479000 ) ) ;
#13463 = LINE ( 'NONE', #7241, #501 ) ;
#13464 = AXIS2_PLACEMENT_3D ( 'NONE', #6458, #91, #2328 ) ;
#13465 = CARTESIAN_POINT ( 'NONE',  ( -9.225194341811373988, 3.000000000000000000, 19.84104105519500649 ) ) ;
#13466 = ORIENTED_EDGE ( 'NONE', *, *, #12563, .F. ) ;
#13467 = DIRECTION ( 'NONE',  ( 0.000000000000000000, 0.000000000000000000, 1.000000000000000000 ) ) ;
#13468 = ORIENTED_EDGE ( 'NONE', *, *, #5262, .F. ) ;
#13469 = ORIENTED_EDGE ( 'NONE', *, *, #2998, .T. ) ;
#13470 = ORIENTED_EDGE ( 'NONE', *, *, #397, .T. ) ;
#13471 = CARTESIAN_POINT ( 'NONE',  ( 0.1171494077378525817, 3.000000000000000000, -21.15374759811403393 ) ) ;
#13472 = EDGE_CURVE ( 'NONE', #3419, #12414, #10260, .T. ) ;
#13473 = VECTOR ( 'NONE', #3709, 1000.000000000000000 ) ;
#13474 = EDGE_CURVE ( 'NONE', #5412, #6717, #10321, .T. ) ;
#13475 = CARTESIAN_POINT ( 'NONE',  ( -52.98590743828774663, 3.000000000000000000, 20.64746446397321122 ) ) ;
#13476 = PLANE ( 'NONE',  #3393 ) ;
#13477 = LINE ( 'NONE', #4880, #9509 ) ;
#13478 = VERTEX_POINT ( 'NONE', #2695 ) ;
#13479 = VECTOR ( 'NONE', #9517, 1000.000000000000000 ) ;
#13480 = CARTESIAN_POINT ( 'NONE',  ( 19.92067098480837117, 5.000000000000000000, 29.12270033601479469 ) ) ;
#13481 = ORIENTED_EDGE ( 'NONE', *, *, #6050, .T. ) ;
#13482 = PLANE ( 'NONE',  #5504 ) ;
#13483 = ORIENTED_EDGE ( 'NONE', *, *, #9934, .T. ) ;
#13484 = DIRECTION ( 'NONE',  ( -0.9807850525368350114, 0.000000000000000000, -0.1950914675743609383 ) ) ;
#13485 = DIRECTION ( 'NONE',  ( -0.6733742515878292645, 0.000000000000000000, 0.7393017768804096557 ) ) ;
#13486 = ADVANCED_FACE ( 'NONE', ( #799 ), #871, .T. ) ;
#13487 = EDGE_CURVE ( 'NONE', #1523, #315, #4927, .T. ) ;
#13488 = DIRECTION ( 'NONE',  ( 0.3837759022392077668, 0.000000000000000000, -0.9234262595683977448 ) ) ;
#13489 = AXIS2_PLACEMENT_3D ( 'NONE', #9976, #12213, #6681 ) ;
#13490 = VECTOR ( 'NONE', #8691, 999.9999999999998863 ) ;
#13491 = CARTESIAN_POINT ( 'NONE',  ( -9.579329959191621668, 5.000000000000000000, 31.98157396801479280 ) ) ;
#13492 = CARTESIAN_POINT ( 'NONE',  ( -2.392856143191655072, 3.000000000000000000, 30.81720240801479704 ) ) ;
#13493 = PLANE ( 'NONE',  #4757 ) ;
#13494 = PERSON_AND_ORGANIZATION ( #10936, #10382 ) ;
#13495 = CARTESIAN_POINT ( 'NONE',  ( 9.955597793216586666, 5.000000000000000000, 34.44713312906422686 ) ) ;
#13496 = ORIENTED_EDGE ( 'NONE', *, *, #6910, .F. ) ;
#13497 = DIRECTION ( 'NONE',  ( 0.8706693720387359559, 0.000000000000000000, 0.4918687269929581385 ) ) ;
#13498 = ORIENTED_EDGE ( 'NONE', *, *, #8058, .T. ) ;
#13499 = ORIENTED_EDGE ( 'NONE', *, *, #734, .T. ) ;
#13500 = CARTESIAN_POINT ( 'NONE',  ( -84.00000000000001421, 0.000000000000000000, 50.99999999999999289 ) ) ;
#13501 = VECTOR ( 'NONE', #683, 1000.000000000000000 ) ;
#13502 = DIRECTION ( 'NONE',  ( 0.7032071704676161605, 0.000000000000000000, 0.7109850036413771779 ) ) ;
#13503 = CARTESIAN_POINT ( 'NONE',  ( 11.21739756080837047, 5.000000000000000000, 26.12263521601479610 ) ) ;
#13504 = EDGE_CURVE ( 'NONE', #13725, #3011, #10193, .T. ) ;
#13505 = VECTOR ( 'NONE', #8069, 1000.000000000000000 ) ;
#13506 = EDGE_LOOP ( 'NONE', ( #2131, #8368, #12047, #1464 ) ) ;
#13507 = EDGE_CURVE ( 'NONE', #10536, #262, #8096, .T. ) ;
#13508 = DIRECTION ( 'NONE',  ( -0.01008096314144696880, 0.000000000000000000, -0.9999491858000288946 ) ) ;
#13509 = ORIENTED_EDGE ( 'NONE', *, *, #655, .T. ) ;
#13510 = VECTOR ( 'NONE', #2143, 1000.000000000000000 ) ;
#13511 = CARTESIAN_POINT ( 'NONE',  ( 1.581575151099927856, 5.000000000000000000, 29.52096681180924165 ) ) ;
#13512 = CARTESIAN_POINT ( 'NONE',  ( -82.00000000000001421, 3.000000000000000000, 52.99999999999999289 ) ) ;
#13513 = VECTOR ( 'NONE', #1599, 1000.000000000000000 ) ;
#13514 = CARTESIAN_POINT ( 'NONE',  ( -15.00846787935467219, 3.000000000000000000, 14.72194499442590399 ) ) ;
#13515 = ORIENTED_EDGE ( 'NONE', *, *, #13543, .T. ) ;
#13516 = CARTESIAN_POINT ( 'NONE',  ( -8.556983883761999365, 5.000000000000000000, 9.110129288910400192 ) ) ;
#13517 = ORIENTED_EDGE ( 'NONE', *, *, #1097, .T. ) ;
#13518 = CARTESIAN_POINT ( 'NONE',  ( -25.70501068719163840, 3.000000000000000000, 30.98283580801479431 ) ) ;
#13519 = VERTEX_POINT ( 'NONE', #2760 ) ;
#13520 = DIRECTION ( 'NONE',  ( -0.5537049410972625374, 0.000000000000000000, -0.8327129386556191282 ) ) ;
#13521 = ORIENTED_EDGE ( 'NONE', *, *, #10004, .F. ) ;
#13522 = VERTEX_POINT ( 'NONE', #5981 ) ;
#13523 = EDGE_CURVE ( 'NONE', #10187, #6799, #8163, .T. ) ;
#13524 = AXIS2_PLACEMENT_3D ( 'NONE', #10564, #5233, #9234 ) ;
#13525 = CC_DESIGN_PERSON_AND_ORGANIZATION_ASSIGNMENT ( #3067, #975, ( #1408 ) ) ;
#13526 = EDGE_LOOP ( 'NONE', ( #7150, #5916, #9804, #7500 ) ) ;
#13527 = VECTOR ( 'NONE', #12346, 1000.000000000000000 ) ;
#13528 = ADVANCED_FACE ( 'NONE', ( #10394 ), #7036, .T. ) ;
#13529 = DIRECTION ( 'NONE',  ( 0.000000000000000000, 0.000000000000000000, -1.000000000000000000 ) ) ;
#13530 = CARTESIAN_POINT ( 'NONE',  ( -13.40203873371501331, 5.000000000000000000, -21.87587052901555396 ) ) ;
#13531 = DIRECTION ( 'NONE',  ( 0.5945305086078588319, 0.000000000000000000, -0.8040730528593038606 ) ) ;
#13532 = ORIENTED_EDGE ( 'NONE', *, *, #10514, .T. ) ;
#13533 = CARTESIAN_POINT ( 'NONE',  ( 20.25924180880837255, 5.000000000000000000, 28.29563366401479385 ) ) ;
#13535 = CARTESIAN_POINT ( 'NONE',  ( -2.084662443747562044, 3.000000000000000000, 12.70256143472906629 ) ) ;
#13534 = VECTOR ( 'NONE', #41, 1000.000000000000000 ) ;
#13536 = CARTESIAN_POINT ( 'NONE',  ( 26.00692652880836064, 5.000000000000000000, 0.000000000000000000 ) ) ;
#13537 = VECTOR ( 'NONE', #4124, 1000.000000000000227 ) ;
#13538 = VERTEX_POINT ( 'NONE', #2830 ) ;
#13539 = EDGE_LOOP ( 'NONE', ( #10807, #8087, #5530, #2642 ) ) ;
#13540 = VECTOR ( 'NONE', #7503, 1000.000000000000114 ) ;
#13541 = CARTESIAN_POINT ( 'NONE',  ( -5.304963878787379628, 5.000000000000000000, -1.836230240618473619 ) ) ;
#13542 = ORIENTED_EDGE ( 'NONE', *, *, #11853, .T. ) ;
#13543 = EDGE_CURVE ( 'NONE', #470, #3900, #8293, .T. ) ;
#13544 = CARTESIAN_POINT ( 'NONE',  ( 1.917952699917324422, 3.000000000000000000, -8.247966563461638145 ) ) ;
#13545 = ORIENTED_EDGE ( 'NONE', *, *, #1913, .F. ) ;
#13546 = AXIS2_PLACEMENT_3D ( 'NONE', #7079, #9177, #13309 ) ;
#13547 = VECTOR ( 'NONE', #4588, 1000.000000000000114 ) ;
#13548 = CARTESIAN_POINT ( 'NONE',  ( 0.000000000000000000, 5.000000000000000000, 15.35652314401480112 ) ) ;
#13549 = LINE ( 'NONE', #1860, #722 ) ;
#13550 = DIRECTION ( 'NONE',  ( -0.9961244875630550499, 0.000000000000000000, 0.08795456370900253673 ) ) ;
#13551 = ORIENTED_EDGE ( 'NONE', *, *, #1934, .F. ) ;
#13552 = EDGE_CURVE ( 'NONE', #6529, #3329, #13598, .T. ) ;
#13553 = DIRECTION ( 'NONE',  ( -0.000000000000000000, -1.000000000000000000, -0.000000000000000000 ) ) ;
#13554 = ORIENTED_EDGE ( 'NONE', *, *, #4178, .T. ) ;
#13555 = VECTOR ( 'NONE', #8722, 999.9999999999998863 ) ;
#13556 = CARTESIAN_POINT ( 'NONE',  ( 0.000000000000000000, 5.000000000000000000, -19.85094799644561903 ) ) ;
#13557 = VERTEX_POINT ( 'NONE', #9143 ) ;
#13558 = EDGE_CURVE ( 'NONE', #6227, #3419, #668, .T. ) ;
#13559 = AXIS2_PLACEMENT_3D ( 'NONE', #11677, #2079, #6349 ) ;
#13560 = CARTESIAN_POINT ( 'NONE',  ( 7.713186128808364295, 5.000000000000000000, 16.57775514401479100 ) ) ;
#13561 = EDGE_CURVE ( 'NONE', #6947, #12571, #13404, .T. ) ;
#13562 = CARTESIAN_POINT ( 'NONE',  ( -13.98218831119161010, 3.000000000000000000, 23.23271872001479821 ) ) ;
#13563 = VECTOR ( 'NONE', #12138, 1000.000000000000000 ) ;
#13564 = CARTESIAN_POINT ( 'NONE',  ( -53.42173749467491461, 5.000000000000000000, 9.690893238624269657 ) ) ;
#13565 = CARTESIAN_POINT ( 'NONE',  ( 18.68943036880838093, 5.000000000000000000, 20.35022004001479701 ) ) ;
#13566 = VECTOR ( 'NONE', #7235, 1000.000000000000227 ) ;
#13567 = CARTESIAN_POINT ( 'NONE',  ( -18.12052598319162655, 5.000000000000000000, 21.14624283201479216 ) ) ;
#13568 = LINE ( 'NONE', #632, #10134 ) ;
#13569 = EDGE_CURVE ( 'NONE', #9739, #623, #9408, .T. ) ;
#13570 = CYLINDRICAL_SURFACE ( 'NONE', #4501, 2.540000001119351758 ) ;
#13571 = VERTEX_POINT ( 'NONE', #11313 ) ;
#13572 = CARTESIAN_POINT ( 'NONE',  ( 81.99999999999998579, 0.000000000000000000, 50.99999999999999289 ) ) ;
#13573 = VERTEX_POINT ( 'NONE', #1916 ) ;
#13574 = CARTESIAN_POINT ( 'NONE',  ( 18.19746350053448936, 5.000000000000000000, 32.20165970716819714 ) ) ;
#13575 = LINE ( 'NONE', #3849, #12410 ) ;
#13576 = DIRECTION ( 'NONE',  ( -0.000000000000000000, -1.000000000000000000, -0.000000000000000000 ) ) ;
#13577 = ORIENTED_EDGE ( 'NONE', *, *, #8024, .F. ) ;
#13578 = DIRECTION ( 'NONE',  ( 0.000000000000000000, 1.000000000000000000, -0.000000000000000000 ) ) ;
#13579 = VECTOR ( 'NONE', #13771, 1000.000000000000000 ) ;
#13580 = VERTEX_POINT ( 'NONE', #1717 ) ;
#13581 = DIRECTION ( 'NONE',  ( 0.000000000000000000, -0.000000000000000000, 1.000000000000000000 ) ) ;
#13582 = CARTESIAN_POINT ( 'NONE',  ( 32.60998164880837180, 5.000000000000000000, 24.32787121601479896 ) ) ;
#13583 = EDGE_CURVE ( 'NONE', #839, #4766, #11381, .T. ) ;
#13584 = LINE ( 'NONE', #1629, #8552 ) ;
#13585 = ORIENTED_EDGE ( 'NONE', *, *, #2443, .F. ) ;
#13586 = VECTOR ( 'NONE', #6832, 1000.000000000000000 ) ;
#13587 = CARTESIAN_POINT ( 'NONE',  ( 2.625883081148060239, 3.000000000000000000, 9.709345546787982784 ) ) ;
#13588 = VERTEX_POINT ( 'NONE', #6187 ) ;
#13589 = LINE ( 'NONE', #8281, #5943 ) ;
#13590 = ORIENTED_EDGE ( 'NONE', *, *, #2249, .T. ) ;
#13591 = DIRECTION ( 'NONE',  ( -0.000000000000000000, -1.000000000000000000, -0.000000000000000000 ) ) ;
#13592 = EDGE_LOOP ( 'NONE', ( #2075, #4638, #8695, #9316 ) ) ;
#13593 = ORIENTED_EDGE ( 'NONE', *, *, #1660, .F. ) ;
#13594 = ORIENTED_EDGE ( 'NONE', *, *, #13227, .T. ) ;
#13595 = CARTESIAN_POINT ( 'NONE',  ( 13.69079854138398566, 5.000000000000000000, 11.25806931418571821 ) ) ;
#13596 = CARTESIAN_POINT ( 'NONE',  ( 83.99999999999998579, 3.000000000000000000, 50.99999999999999289 ) ) ;
#13597 = CARTESIAN_POINT ( 'NONE',  ( 45.57875428880837632, 5.000000000000000000, 22.09059349601479738 ) ) ;
#13598 = LINE ( 'NONE', #4015, #9521 ) ;
#13599 = EDGE_CURVE ( 'NONE', #819, #3683, #2122, .T. ) ;
#13600 = DIRECTION ( 'NONE',  ( -0.000000000000000000, -1.000000000000000000, -0.000000000000000000 ) ) ;
#13601 = DIRECTION ( 'NONE',  ( -0.000000000000000000, -1.000000000000000000, -0.000000000000000000 ) ) ;
#13602 = VERTEX_POINT ( 'NONE', #7449 ) ;
#13603 = EDGE_CURVE ( 'NONE', #7160, #5756, #6726, .T. ) ;
#13604 = ORIENTED_EDGE ( 'NONE', *, *, #7435, .T. ) ;
#13605 = VERTEX_POINT ( 'NONE', #10675 ) ;
#13606 = ORIENTED_EDGE ( 'NONE', *, *, #8725, .F. ) ;
#13607 = LINE ( 'NONE', #11389, #8429 ) ;
#13608 = ORIENTED_EDGE ( 'NONE', *, *, #2862, .F. ) ;
#13609 = DIRECTION ( 'NONE',  ( 0.000000000000000000, 0.000000000000000000, 1.000000000000000000 ) ) ;
#13610 = FACE_OUTER_BOUND ( 'NONE', #6160, .T. ) ;
#13611 = DIRECTION ( 'NONE',  ( 0.6846322631128358704, 0.000000000000000000, -0.7288886501414304497 ) ) ;
#13612 = ADVANCED_FACE ( 'NONE', ( #12761 ), #11721, .T. ) ;
#13613 = EDGE_CURVE ( 'NONE', #8420, #2729, #9951, .T. ) ;
#13614 = VERTEX_POINT ( 'NONE', #13737 ) ;
#13615 = CARTESIAN_POINT ( 'NONE',  ( 46.55277316880838612, 5.000000000000000000, 21.03005205601479588 ) ) ;
#13616 = ORIENTED_EDGE ( 'NONE', *, *, #7400, .F. ) ;
#13617 = DIRECTION ( 'NONE',  ( -0.000000000000000000, -1.000000000000000000, -0.000000000000000000 ) ) ;
#13618 = VERTEX_POINT ( 'NONE', #4289 ) ;
#13619 = CARTESIAN_POINT ( 'NONE',  ( -27.60235916277929746, 5.000000000000000000, -8.642528857091852146 ) ) ;
#13620 = DIRECTION ( 'NONE',  ( 0.9959738687365716769, 0.000000000000000000, 0.08964403378868063266 ) ) ;
#13621 = CARTESIAN_POINT ( 'NONE',  ( 8.065182376808371245, 5.000000000000000000, -7.559139431985200552 ) ) ;
#13622 = EDGE_CURVE ( 'NONE', #1834, #3449, #2458, .T. ) ;
#13623 = LINE ( 'NONE', #8322, #12204 ) ;
#13624 = EDGE_CURVE ( 'NONE', #3783, #11002, #10999, .T. ) ;
#13625 = CARTESIAN_POINT ( 'NONE',  ( -37.71278348003515646, 5.000000000000000000, -1.571659372602533633 ) ) ;
#13626 = ADVANCED_FACE ( 'NONE', ( #3506 ), #7792, .F. ) ;
#13627 = DIRECTION ( 'NONE',  ( 0.1469601115001182845, 0.000000000000000000, -0.9891424192844390229 ) ) ;
#13628 = PERSON_AND_ORGANIZATION ( #10936, #10382 ) ;
#13629 = CARTESIAN_POINT ( 'NONE',  ( 51.79120820880836362, 5.000000000000000000, 32.03596146401479672 ) ) ;
#13630 = EDGE_LOOP ( 'NONE', ( #10131, #6841, #6712, #7304 ) ) ;
#13631 = CARTESIAN_POINT ( 'NONE',  ( 15.41210291280836842, 3.000000000000000000, 32.23252901601479437 ) ) ;
#13632 = ORIENTED_EDGE ( 'NONE', *, *, #10885, .T. ) ;
#13633 = VERTEX_POINT ( 'NONE', #13101 ) ;
#13634 = DIRECTION ( 'NONE',  ( -0.000000000000000000, -1.000000000000000000, -0.000000000000000000 ) ) ;
#13635 = VECTOR ( 'NONE', #3976, 1000.000000000000227 ) ;
#13636 = LINE ( 'NONE', #6231, #8393 ) ;
#13637 = CARTESIAN_POINT ( 'NONE',  ( -6.180157687191624838, 3.000000000000000000, 22.49355332001479724 ) ) ;
#13638 = EDGE_LOOP ( 'NONE', ( #8651, #10052, #1058, #9279 ) ) ;
#13639 = CARTESIAN_POINT ( 'NONE',  ( -13.49517887119161941, 5.000000000000000000, 30.53538026401479755 ) ) ;
#13640 = ORIENTED_EDGE ( 'NONE', *, *, #3985, .T. ) ;
#13641 = EDGE_CURVE ( 'NONE', #12774, #9277, #4555, .T. ) ;
#13642 = LINE ( 'NONE', #13715, #6203 ) ;
#13643 = EDGE_CURVE ( 'NONE', #1296, #1900, #3234, .T. ) ;
#13644 = LINE ( 'NONE', #4063, #8790 ) ;
#13645 = DIRECTION ( 'NONE',  ( 0.000000000000000000, 0.000000000000000000, 1.000000000000000000 ) ) ;
#13646 = ORIENTED_EDGE ( 'NONE', *, *, #1097, .F. ) ;
#13647 = AXIS2_PLACEMENT_3D ( 'NONE', #13008, #3556, #11970 ) ;
#13648 = CARTESIAN_POINT ( 'NONE',  ( -1.179068263067517330, 3.000000000000000000, -5.927784149633032129 ) ) ;
#13649 = ORIENTED_EDGE ( 'NONE', *, *, #9215, .T. ) ;
#13650 = DIRECTION ( 'NONE',  ( -0.8285237802757231540, 0.000000000000000000, -0.5599538780271329230 ) ) ;
#13651 = ORIENTED_EDGE ( 'NONE', *, *, #3138, .F. ) ;
#13652 = FACE_OUTER_BOUND ( 'NONE', #12701, .T. ) ;
#13653 = VERTEX_POINT ( 'NONE', #11649 ) ;
#13654 = ORIENTED_EDGE ( 'NONE', *, *, #900, .T. ) ;
#13655 = EDGE_CURVE ( 'NONE', #3515, #13478, #1405, .T. ) ;
#13656 = EDGE_CURVE ( 'NONE', #1114, #839, #12060, .T. ) ;
#13657 = AXIS2_PLACEMENT_3D ( 'NONE', #12972, #9830, #2404 ) ;
#13658 = VECTOR ( 'NONE', #131, 1000.000000000000000 ) ;
#13659 = FACE_OUTER_BOUND ( 'NONE', #807, .T. ) ;
#13660 = DIRECTION ( 'NONE',  ( -0.000000000000000000, -1.000000000000000000, -0.000000000000000000 ) ) ;
#13661 = DIRECTION ( 'NONE',  ( 1.000000000000000000, -0.000000000000000000, 0.000000000000000000 ) ) ;
#13662 = CARTESIAN_POINT ( 'NONE',  ( -50.21380393519162766, 5.000000000000000000, 30.61553352001479666 ) ) ;
#13663 = CARTESIAN_POINT ( 'NONE',  ( 45.67764156880838300, 5.000000000000000000, 23.45026667201479498 ) ) ;
#13664 = VERTEX_POINT ( 'NONE', #1081 ) ;
#13665 = LINE ( 'NONE', #5068, #3426 ) ;
#13666 = ORIENTED_EDGE ( 'NONE', *, *, #1789, .F. ) ;
#13667 = DIRECTION ( 'NONE',  ( 0.1648143095308830797, 0.000000000000000000, -0.9863246135902005163 ) ) ;
#13668 = VECTOR ( 'NONE', #10137, 1000.000000000000114 ) ;
#13669 = VERTEX_POINT ( 'NONE', #8836 ) ;
#13670 = AXIS2_PLACEMENT_3D ( 'NONE', #920, #1196, #1064 ) ;
#13671 = CARTESIAN_POINT ( 'NONE',  ( 3.149392172460536710, 3.000000000000000000, 33.58916469387919790 ) ) ;
#13672 = ORIENTED_EDGE ( 'NONE', *, *, #11487, .F. ) ;
#13673 = CARTESIAN_POINT ( 'NONE',  ( 42.08069676880835175, 3.000000000000000000, 21.14624486401479331 ) ) ;
#13674 = EDGE_LOOP ( 'NONE', ( #9835, #6533, #11213, #1312 ) ) ;
#13675 = EDGE_CURVE ( 'NONE', #5389, #11305, #8435, .T. ) ;
#13676 = CARTESIAN_POINT ( 'NONE',  ( 13.43203372080836289, 5.000000000000000000, 20.84730718401479166 ) ) ;
#13677 = VECTOR ( 'NONE', #10043, 1000.000000000000114 ) ;
#13678 = CARTESIAN_POINT ( 'NONE',  ( 19.59994213680836594, 5.000000000000000000, 31.40910572001478940 ) ) ;
#13679 = CARTESIAN_POINT ( 'NONE',  ( 44.39460628880836168, 3.000000000000000000, 20.45898995201480730 ) ) ;
#13680 = DIRECTION ( 'NONE',  ( 1.000000000000000000, -0.000000000000000000, 0.000000000000000000 ) ) ;
#13681 = ORIENTED_EDGE ( 'NONE', *, *, #11655, .T. ) ;
#13682 = CARTESIAN_POINT ( 'NONE',  ( 76.49999999999998579, 0.000000000000000000, 46.99999999999999289 ) ) ;
#13683 = ORIENTED_EDGE ( 'NONE', *, *, #7664, .F. ) ;
#13684 = ORIENTED_EDGE ( 'NONE', *, *, #10962, .F. ) ;
#13685 = ORIENTED_EDGE ( 'NONE', *, *, #2416, .F. ) ;
#13686 = DIRECTION ( 'NONE',  ( -0.06377648243116733340, 0.000000000000000000, -0.9979642079196562321 ) ) ;
#13687 = VERTEX_POINT ( 'NONE', #2388 ) ;
#13688 = AXIS2_PLACEMENT_3D ( 'NONE', #154, #8553, #4210 ) ;
#13689 = CARTESIAN_POINT ( 'NONE',  ( -20.90572213801597101, 3.000000000000000000, 8.630056186777412819 ) ) ;
#13690 = LINE ( 'NONE', #9584, #12756 ) ;
#13691 = EDGE_CURVE ( 'NONE', #7632, #1391, #8361, .T. ) ;
#13692 = LINE ( 'NONE', #1949, #8886 ) ;
#13693 = VECTOR ( 'NONE', #5872, 1000.000000000000000 ) ;
#13694 = EDGE_CURVE ( 'NONE', #3783, #13199, #7523, .T. ) ;
#13695 = DIRECTION ( 'NONE',  ( 0.000000000000000000, 0.000000000000000000, -1.000000000000000000 ) ) ;
#13696 = LINE ( 'NONE', #12659, #13001 ) ;
#13697 = CARTESIAN_POINT ( 'NONE',  ( 13.02060237411886234, 5.000000000000000000, 0.9320470287833151346 ) ) ;
#13698 = VECTOR ( 'NONE', #5098, 1000.000000000000000 ) ;
#13699 = FACE_OUTER_BOUND ( 'NONE', #4483, .T. ) ;
#13700 = CARTESIAN_POINT ( 'NONE',  ( 15.64057794480836883, 5.000000000000000000, 31.04875896801478774 ) ) ;
#13701 =( NAMED_UNIT ( * ) PLANE_ANGLE_UNIT ( ) SI_UNIT ( $, .RADIAN. ) );
#13702 = CARTESIAN_POINT ( 'NONE',  ( -41.38323587119162994, 5.000000000000000000, 29.95690339201479446 ) ) ;
#13703 = ORIENTED_EDGE ( 'NONE', *, *, #13831, .T. ) ;
#13704 = DIRECTION ( 'NONE',  ( -0.000000000000000000, -1.000000000000000000, -0.000000000000000000 ) ) ;
#13705 = ORIENTED_EDGE ( 'NONE', *, *, #8048, .F. ) ;
#13706 = CARTESIAN_POINT ( 'NONE',  ( -11.15697229682256264, 5.000000000000000000, 20.04587063293077165 ) ) ;
#13707 = LINE ( 'NONE', #8334, #11066 ) ;
#13708 = CARTESIAN_POINT ( 'NONE',  ( 0.000000000000000000, 5.000000000000000000, 20.23155835201480102 ) ) ;
#13709 = VERTEX_POINT ( 'NONE', #938 ) ;
#13710 = EDGE_CURVE ( 'NONE', #4509, #8720, #3163, .T. ) ;
#13711 = AXIS2_PLACEMENT_3D ( 'NONE', #12079, #8858, #4852 ) ;
#13712 = CARTESIAN_POINT ( 'NONE',  ( 2.311539832808371386, 5.000000000000000000, -6.858130927985206071 ) ) ;
#13713 = EDGE_CURVE ( 'NONE', #9457, #7388, #10932, .T. ) ;
#13714 = VERTEX_POINT ( 'NONE', #6322 ) ;
#13715 = CARTESIAN_POINT ( 'NONE',  ( 4.458014130935589847, 3.000000000000000000, -4.900190452336112834 ) ) ;
#13716 = LINE ( 'NONE', #4136, #4313 ) ;
#13717 = DIRECTION ( 'NONE',  ( 0.9252396484677227750, 0.000000000000000000, -0.3793831742491022840 ) ) ;
#13718 = ORIENTED_EDGE ( 'NONE', *, *, #7950, .F. ) ;
#13719 = VECTOR ( 'NONE', #10772, 1000.000000000000000 ) ;
#13720 = LINE ( 'NONE', #10660, #11051 ) ;
#13721 = ADVANCED_FACE ( 'NONE', ( #8501 ), #1548, .T. ) ;
#13722 = VERTEX_POINT ( 'NONE', #9108 ) ;
#13723 = CIRCLE ( 'NONE', #10615, 0.8890000000004241176 ) ;
#13724 = DIRECTION ( 'NONE',  ( -0.000000000000000000, -1.000000000000000000, -0.000000000000000000 ) ) ;
#13725 = VERTEX_POINT ( 'NONE', #11349 ) ;
#13726 = LINE ( 'NONE', #10664, #9777 ) ;
#13727 = VERTEX_POINT ( 'NONE', #1679 ) ;
#13728 = ORIENTED_EDGE ( 'NONE', *, *, #9714, .T. ) ;
#13729 = EDGE_CURVE ( 'NONE', #4636, #7167, #3840, .T. ) ;
#13730 = ADVANCED_FACE ( 'NONE', ( #7856 ), #566, .T. ) ;
#13731 = ORIENTED_EDGE ( 'NONE', *, *, #10234, .T. ) ;
#13732 = VECTOR ( 'NONE', #2211, 1000.000000000000000 ) ;
#13733 = CARTESIAN_POINT ( 'NONE',  ( -11.42106871919161470, 3.000000000000000000, -7.958103327985199371 ) ) ;
#13734 = AXIS2_PLACEMENT_3D ( 'NONE', #6017, #846, #13435 ) ;
#13735 = DIRECTION ( 'NONE',  ( 0.9243375710361628750, -0.000000000000000000, 0.3815757523362387493 ) ) ;
#13736 = DIRECTION ( 'NONE',  ( -0.5618752646636155923, 0.000000000000000000, -0.8272219695820414165 ) ) ;
#13737 = CARTESIAN_POINT ( 'NONE',  ( 31.12918196880837129, 3.000000000000000000, 21.33659856001479582 ) ) ;
#13738 = FACE_OUTER_BOUND ( 'NONE', #4624, .T. ) ;
#13739 = ORIENTED_EDGE ( 'NONE', *, *, #12101, .F. ) ;
#13740 = CARTESIAN_POINT ( 'NONE',  ( -1.639037272184123539, 5.000000000000000000, -24.61109390234270577 ) ) ;
#13741 = ORIENTED_EDGE ( 'NONE', *, *, #13558, .T. ) ;
#13742 = ADVANCED_FACE ( 'NONE', ( #8129 ), #8061, .T. ) ;
#13743 = ORIENTED_EDGE ( 'NONE', *, *, #6889, .T. ) ;
#13744 = LINE ( 'NONE', #10608, #582 ) ;
#13745 = AXIS2_PLACEMENT_3D ( 'NONE', #2974, #7185, #7257 ) ;
#13746 = ORIENTED_EDGE ( 'NONE', *, *, #10238, .F. ) ;
#13747 = EDGE_LOOP ( 'NONE', ( #7894, #9194, #12562, #9867 ) ) ;
#13748 = DIRECTION ( 'NONE',  ( -0.000000000000000000, -1.000000000000000000, -0.000000000000000000 ) ) ;
#13749 = VECTOR ( 'NONE', #4201, 1000.000000000000000 ) ;
#13750 = ORIENTED_EDGE ( 'NONE', *, *, #12624, .T. ) ;
#13751 = DIRECTION ( 'NONE',  ( -0.7818572825625396128, 0.000000000000000000, -0.6234574481902683818 ) ) ;
#13752 = ORIENTED_EDGE ( 'NONE', *, *, #7330, .F. ) ;
#13753 = CARTESIAN_POINT ( 'NONE',  ( 44.39460628880835458, 5.000000000000000000, 20.45898995201480020 ) ) ;
#13754 = VECTOR ( 'NONE', #256, 1000.000000000000000 ) ;
#13755 = PLANE ( 'NONE',  #13155 ) ;
#13756 = CARTESIAN_POINT ( 'NONE',  ( 24.77086092880837143, 3.000000000000000000, 0.000000000000000000 ) ) ;
#13757 = VECTOR ( 'NONE', #7744, 1000.000000000000000 ) ;
#13758 = CARTESIAN_POINT ( 'NONE',  ( -11.92533737084683487, 3.000000000000000000, -21.13752502387281496 ) ) ;
#13759 = ORIENTED_EDGE ( 'NONE', *, *, #12806, .F. ) ;
#13760 = ADVANCED_FACE ( 'NONE', ( #431 ), #12390, .T. ) ;
#13761 = ADVANCED_FACE ( 'NONE', ( #8912 ), #9038, .T. ) ;
#13762 = LINE ( 'NONE', #4180, #4807 ) ;
#13763 = ORIENTED_EDGE ( 'NONE', *, *, #4558, .F. ) ;
#13764 = ORIENTED_EDGE ( 'NONE', *, *, #359, .T. ) ;
#13765 = ORIENTED_EDGE ( 'NONE', *, *, #7820, .T. ) ;
#13766 = DIRECTION ( 'NONE',  ( 0.9863246135902004053, 0.000000000000000000, 0.1648143095308830797 ) ) ;
#13767 = LINE ( 'NONE', #12654, #870 ) ;
#13768 = VECTOR ( 'NONE', #13634, 1000.000000000000000 ) ;
#13769 = LINE ( 'NONE', #7344, #7085 ) ;
#13770 = AXIS2_PLACEMENT_3D ( 'NONE', #5180, #11702, #9462 ) ;
#13771 = DIRECTION ( 'NONE',  ( -0.000000000000000000, -1.000000000000000000, -0.000000000000000000 ) ) ;
#13772 = DIRECTION ( 'NONE',  ( -0.000000000000000000, -1.000000000000000000, -0.000000000000000000 ) ) ;
#13773 = DIRECTION ( 'NONE',  ( 0.1128350176863508886, 0.000000000000000000, -0.9936137372156853553 ) ) ;
#13774 = DIRECTION ( 'NONE',  ( -0.000000000000000000, 1.000000000000000000, -0.000000000000000000 ) ) ;
#13775 = CARTESIAN_POINT ( 'NONE',  ( -5.851360783191629444, 5.000000000000000000, 12.63718593601479689 ) ) ;
#13776 = DATE_TIME_ROLE ( 'creation_date' ) ;
#13777 = AXIS2_PLACEMENT_3D ( 'NONE', #4617, #1536, #11198 ) ;
#13778 = CARTESIAN_POINT ( 'NONE',  ( -48.74156303919165367, 3.000000000000000000, 31.68634773601479537 ) ) ;
#13779 = EDGE_LOOP ( 'NONE', ( #2477, #2373, #7711, #13373 ) ) ;
#13780 = ADVANCED_FACE ( 'NONE', ( #10155 ), #10084, .T. ) ;
#13781 = CARTESIAN_POINT ( 'NONE',  ( -14.38390658319162618, 5.000000000000000000, 21.20248452801478933 ) ) ;
#13782 = VECTOR ( 'NONE', #13058, 1000.000000000000000 ) ;
#13783 = VERTEX_POINT ( 'NONE', #5942 ) ;
#13784 = EDGE_LOOP ( 'NONE', ( #1977, #1311, #4445, #4235 ) ) ;
#13785 = CARTESIAN_POINT ( 'NONE',  ( 38.47138724880836946, 5.000000000000000000, 23.44532180001479560 ) ) ;
#13786 = EDGE_CURVE ( 'NONE', #5801, #2058, #8968, .T. ) ;
#13787 = DIRECTION ( 'NONE',  ( -0.5555676277962953158, 0.000000000000000000, -0.8314713530512023443 ) ) ;
#13788 = DIRECTION ( 'NONE',  ( 0.000000000000000000, 0.000000000000000000, -1.000000000000000000 ) ) ;
#13789 = ORIENTED_EDGE ( 'NONE', *, *, #2187, .T. ) ;
#13790 = LINE ( 'NONE', #10444, #12886 ) ;
#13791 = EDGE_LOOP ( 'NONE', ( #11434, #5284, #1348, #1135 ) ) ;
#13792 = AXIS2_PLACEMENT_3D ( 'NONE', #6298, #1122, #5109 ) ;
#13793 = AXIS2_PLACEMENT_3D ( 'NONE', #5249, #2175, #1968 ) ;
#13794 = DIRECTION ( 'NONE',  ( -0.000000000000000000, -1.000000000000000000, -0.000000000000000000 ) ) ;
#13795 = DIRECTION ( 'NONE',  ( -0.9225069732799374700, 0.000000000000000000, -0.3859804195161828377 ) ) ;
#13796 = CARTESIAN_POINT ( 'NONE',  ( 9.141207405843188027, 3.000000000000000000, 29.90902721613752391 ) ) ;
#13797 = VERTEX_POINT ( 'NONE', #2793 ) ;
#13798 = EDGE_CURVE ( 'NONE', #13687, #8385, #6009, .T. ) ;
#13799 = CARTESIAN_POINT ( 'NONE',  ( 49.70967820880836285, 5.000000000000000000, 19.92748072801479609 ) ) ;
#13800 = ORIENTED_EDGE ( 'NONE', *, *, #1787, .F. ) ;
#13801 = DIRECTION ( 'NONE',  ( 0.9923839995116041646, -0.000000000000000000, 0.1231827809125627671 ) ) ;
#13802 = VECTOR ( 'NONE', #6739, 1000.000000000000000 ) ;
#13803 = CARTESIAN_POINT ( 'NONE',  ( 2.462753730532094565, 5.000000000000000000, -12.38153293204384653 ) ) ;
#13804 = VERTEX_POINT ( 'NONE', #12121 ) ;
#13805 = EDGE_LOOP ( 'NONE', ( #855, #12220, #11506, #783 ) ) ;
#13806 = ORIENTED_EDGE ( 'NONE', *, *, #9286, .F. ) ;
#13807 = ADVANCED_FACE ( 'NONE', ( #2525 ), #6793, .T. ) ;
#13808 = CARTESIAN_POINT ( 'NONE',  ( -14.08060902124482361, 5.000000000000000000, 5.337687468825648374 ) ) ;
#13809 = VECTOR ( 'NONE', #10337, 1000.000000000000000 ) ;
#13810 = CARTESIAN_POINT ( 'NONE',  ( -9.225194341811373988, 5.000000000000000000, 19.84104105519500649 ) ) ;
#13811 = CARTESIAN_POINT ( 'NONE',  ( 18.69190940880836038, 5.000000000000000000, 31.92224363201479775 ) ) ;
#13812 = DIRECTION ( 'NONE',  ( -0.000000000000000000, -1.000000000000000000, -0.000000000000000000 ) ) ;
#13813 = LINE ( 'NONE', #3164, #9427 ) ;
#13814 = ORIENTED_EDGE ( 'NONE', *, *, #5778, .F. ) ;
#13815 = EDGE_CURVE ( 'NONE', #7339, #8278, #5807, .T. ) ;
#13816 = DIRECTION ( 'NONE',  ( 0.000000000000000000, 0.000000000000000000, -1.000000000000000000 ) ) ;
#13817 = ADVANCED_FACE ( 'NONE', ( #13301 ), #4760, .T. ) ;
#13818 = ORIENTED_EDGE ( 'NONE', *, *, #8559, .T. ) ;
#13819 = FACE_OUTER_BOUND ( 'NONE', #3342, .T. ) ;
#13820 = ORIENTED_EDGE ( 'NONE', *, *, #7860, .T. ) ;
#13821 = PLANE ( 'NONE',  #3002 ) ;
#13822 = ORIENTED_EDGE ( 'NONE', *, *, #12182, .T. ) ;
#13823 = CARTESIAN_POINT ( 'NONE',  ( -2.627152608230681530, 5.000000000000000000, -1.948471767704772262 ) ) ;
#13824 = ORIENTED_EDGE ( 'NONE', *, *, #219, .T. ) ;
#13825 = EDGE_CURVE ( 'NONE', #7404, #12880, #2662, .T. ) ;
#13826 = DIRECTION ( 'NONE',  ( 0.000000000000000000, 0.000000000000000000, 1.000000000000000000 ) ) ;
#13827 = VECTOR ( 'NONE', #3261, 1000.000000000000000 ) ;
#13828 = CARTESIAN_POINT ( 'NONE',  ( -15.27757611919163594, 3.000000000000000000, 30.38210955201480701 ) ) ;
#13829 = LINE ( 'NONE', #8730, #4060 ) ;
#13830 = LINE ( 'NONE', #11739, #5042 ) ;
#13831 = EDGE_CURVE ( 'NONE', #7648, #6645, #4828, .T. ) ;
#13832 = CARTESIAN_POINT ( 'NONE',  ( -50.36168070319163803, 5.000000000000000000, 26.55967371201479921 ) ) ;
#13833 = VERTEX_POINT ( 'NONE', #7001 ) ;
#13834 = ORIENTED_EDGE ( 'NONE', *, *, #13010, .F. ) ;
#13835 = ORIENTED_EDGE ( 'NONE', *, *, #4209, .T. ) ;
#13836 = ORIENTED_EDGE ( 'NONE', *, *, #8465, .T. ) ;
#13837 = DIRECTION ( 'NONE',  ( -0.3641298353863262061, 0.000000000000000000, -0.9313481964236184352 ) ) ;
#13838 = FACE_OUTER_BOUND ( 'NONE', #6432, .T. ) ;
#13839 = CARTESIAN_POINT ( 'NONE',  ( -1.376062300199316857, 5.000000000000000000, 3.288797856810567577 ) ) ;
#13840 = EDGE_CURVE ( 'NONE', #274, #13557, #2089, .T. ) ;
#13841 = EDGE_CURVE ( 'NONE', #228, #10330, #6223, .T. ) ;
#13842 = CARTESIAN_POINT ( 'NONE',  ( 0.000000000000000000, 3.000000000000000000, 23.23271872001479466 ) ) ;
#13843 = FACE_OUTER_BOUND ( 'NONE', #4645, .T. ) ;
#13844 = CARTESIAN_POINT ( 'NONE',  ( 8.702048768808374746, 3.000000000000000000, -0.000000000000000000 ) ) ;
#13845 = CARTESIAN_POINT ( 'NONE',  ( 6.117407319725599812, 3.000000000000000000, -14.62082174508852717 ) ) ;
#13846 = CARTESIAN_POINT ( 'NONE',  ( -34.18104609495201629, 5.000000000000000000, -5.078389367770445695 ) ) ;
#13847 = LINE ( 'NONE', #9445, #12329 ) ;
#13848 = ORIENTED_EDGE ( 'NONE', *, *, #1398, .F. ) ;
#13849 = CARTESIAN_POINT ( 'NONE',  ( 6.876882028605662001, 3.000000000000000000, 27.92970820370275931 ) ) ;
#13850 = VERTEX_POINT ( 'NONE', #7275 ) ;
#13851 = LINE ( 'NONE', #12671, #7756 ) ;
ENDSEC;
END-ISO-10303-21;
