ISO-10303-21;
HEADER;
FILE_DESCRIPTION (( 'STEP AP203' ),
    '1' );
FILE_NAME ('housing_body.STEP',
    '2025-07-08T12:59:38',
    ( '' ),
    ( '' ),
    'SwSTEP 2.0',
    'SolidWorks 2023',
    '' );
FILE_SCHEMA (( 'CONFIG_CONTROL_DESIGN' ));
ENDSEC;

DATA;
#1 = CYLINDRICAL_SURFACE ( 'NONE', #3042, 4.500000000000003553 ) ;
#2 = APPROVAL_STATUS ( 'not_yet_approved' ) ;
#3 = ORIENTED_EDGE ( 'NONE', *, *, #1612, .F. ) ;
#4 = CARTESIAN_POINT ( 'NONE',  ( 6.000000000000005329, 3.399999999999999467, -160.5000000000000000 ) ) ;
#5 = DIRECTION ( 'NONE',  ( -0.000000000000000000, -1.000000000000000000, -0.000000000000000000 ) ) ;
#6 = ORIENTED_EDGE ( 'NONE', *, *, #2968, .T. ) ;
#7 = LINE ( 'NONE', #1167, #1607 ) ;
#8 = EDGE_CURVE ( 'NONE', #1632, #2636, #109, .T. ) ;
#9 = EDGE_LOOP ( 'NONE', ( #770, #1187, #455, #464 ) ) ;
#10 = EDGE_CURVE ( 'NONE', #839, #660, #2672, .T. ) ;
#11 = FACE_OUTER_BOUND ( 'NONE', #1769, .T. ) ;
#12 = FACE_OUTER_BOUND ( 'NONE', #887, .T. ) ;
#13 = ORIENTED_EDGE ( 'NONE', *, *, #1399, .T. ) ;
#14 = LINE ( 'NONE', #1928, #659 ) ;
#15 = ORIENTED_EDGE ( 'NONE', *, *, #2288, .F. ) ;
#16 = FACE_OUTER_BOUND ( 'NONE', #942, .T. ) ;
#17 = CARTESIAN_POINT ( 'NONE',  ( 96.00000000000000000, 24.11999999999999744, -75.94000000000001194 ) ) ;
#18 = FACE_BOUND ( 'NONE', #767, .T. ) ;
#19 = LINE ( 'NONE', #246, #3034 ) ;
#20 = VERTEX_POINT ( 'NONE', #1239 ) ;
#21 = LINE ( 'NONE', #2604, #81 ) ;
#22 = CIRCLE ( 'NONE', #1797, 4.500000000000003553 ) ;
#23 = VECTOR ( 'NONE', #2015, 1000.000000000000000 ) ;
#24 = VERTEX_POINT ( 'NONE', #1694 ) ;
#25 = LINE ( 'NONE', #2461, #1729 ) ;
#26 = DIRECTION ( 'NONE',  ( 0.000000000000000000, 0.000000000000000000, -1.000000000000000000 ) ) ;
#27 = AXIS2_PLACEMENT_3D ( 'NONE', #2115, #689, #2348 ) ;
#28 = EDGE_CURVE ( 'NONE', #1937, #2644, #1467, .T. ) ;
#29 = AXIS2_PLACEMENT_3D ( 'NONE', #1060, #1475, #1525 ) ;
#30 = ORIENTED_EDGE ( 'NONE', *, *, #1630, .T. ) ;
#31 = CARTESIAN_POINT ( 'NONE',  ( 106.0000000000000000, 0.000000000000000000, -165.9999999999999432 ) ) ;
#32 = ORIENTED_EDGE ( 'NONE', *, *, #1049, .F. ) ;
#33 = EDGE_CURVE ( 'NONE', #640, #2636, #2216, .T. ) ;
#34 = CARTESIAN_POINT ( 'NONE',  ( 104.0000000000000000, 24.11999999999999744, -35.93999999999999773 ) ) ;
#35 = VERTEX_POINT ( 'NONE', #2183 ) ;
#36 = DIRECTION ( 'NONE',  ( 0.000000000000000000, 0.000000000000000000, -1.000000000000000000 ) ) ;
#37 = DIRECTION ( 'NONE',  ( -0.000000000000000000, -1.000000000000000000, -0.000000000000000000 ) ) ;
#38 = DIRECTION ( 'NONE',  ( 0.000000000000000000, -0.000000000000000000, 1.000000000000000000 ) ) ;
#39 = ORIENTED_EDGE ( 'NONE', *, *, #495, .T. ) ;
#40 = DIRECTION ( 'NONE',  ( 0.000000000000000000, 0.000000000000000000, -1.000000000000000000 ) ) ;
#41 = ORIENTED_EDGE ( 'NONE', *, *, #1874, .F. ) ;
#42 = ORIENTED_EDGE ( 'NONE', *, *, #2169, .T. ) ;
#43 = FACE_OUTER_BOUND ( 'NONE', #1522, .T. ) ;
#44 = CARTESIAN_POINT ( 'NONE',  ( 6.000000000000005329, 0.000000000000000000, -160.5000000000000000 ) ) ;
#45 = ORIENTED_EDGE ( 'NONE', *, *, #1199, .T. ) ;
#46 = PLANE ( 'NONE',  #1358 ) ;
#47 = VECTOR ( 'NONE', #734, 1000.000000000000000 ) ;
#48 = VECTOR ( 'NONE', #620, 1000.000000000000000 ) ;
#49 = EDGE_CURVE ( 'NONE', #831, #2856, #1944, .T. ) ;
#50 = CARTESIAN_POINT ( 'NONE',  ( 96.00000000000000000, 24.11999999999999744, -115.9400000000000119 ) ) ;
#51 = ORIENTED_EDGE ( 'NONE', *, *, #395, .T. ) ;
#52 = CYLINDRICAL_SURFACE ( 'NONE', #2918, 4.500000000000012434 ) ;
#53 = DIRECTION ( 'NONE',  ( 1.000000000000000000, -0.000000000000000000, -0.000000000000000000 ) ) ;
#54 = ADVANCED_FACE ( 'NONE', ( #584, #2027, #2972, #1112, #876, #613, #2958, #2707, #1817 ), #601, .T. ) ;
#55 = LINE ( 'NONE', #2680, #1753 ) ;
#56 = ORIENTED_EDGE ( 'NONE', *, *, #2131, .T. ) ;
#57 = DIRECTION ( 'NONE',  ( -0.000000000000000000, -1.000000000000000000, -0.000000000000000000 ) ) ;
#58 = ORIENTED_EDGE ( 'NONE', *, *, #1482, .T. ) ;
#59 = CARTESIAN_POINT ( 'NONE',  ( 106.0000000000000000, 24.11999999999999744, -67.93999999999999773 ) ) ;
#60 = VERTEX_POINT ( 'NONE', #1318 ) ;
#61 = FACE_OUTER_BOUND ( 'NONE', #421, .T. ) ;
#62 = LINE ( 'NONE', #1682, #519 ) ;
#63 = EDGE_LOOP ( 'NONE', ( #2430, #1343, #2845, #1001 ) ) ;
#64 = CARTESIAN_POINT ( 'NONE',  ( 104.0000000000000000, 36.00000000000000711, 0.000000000000000000 ) ) ;
#65 = CYLINDRICAL_SURFACE ( 'NONE', #1820, 1.699999999999996625 ) ;
#66 = ADVANCED_FACE ( 'NONE', ( #387, #1532 ), #2763, .F. ) ;
#67 = EDGE_CURVE ( 'NONE', #2161, #60, #1331, .T. ) ;
#68 = LINE ( 'NONE', #557, #765 ) ;
#69 = ORIENTED_EDGE ( 'NONE', *, *, #2843, .T. ) ;
#70 = CARTESIAN_POINT ( 'NONE',  ( 57.99999999999999289, 3.399999999999998579, -9.199999999999999289 ) ) ;
#71 = ORIENTED_EDGE ( 'NONE', *, *, #994, .F. ) ;
#72 = EDGE_CURVE ( 'NONE', #2732, #2262, #1586, .T. ) ;
#73 = EDGE_LOOP ( 'NONE', ( #1061, #3010, #1734, #228 ) ) ;
#74 = LINE ( 'NONE', #1083, #1602 ) ;
#75 = AXIS2_PLACEMENT_3D ( 'NONE', #1320, #1272, #2708 ) ;
#76 = AXIS2_PLACEMENT_3D ( 'NONE', #825, #603, #1763 ) ;
#77 = AXIS2_PLACEMENT_3D ( 'NONE', #1345, #892, #1398 ) ;
#78 = LOCAL_TIME ( 14, 59, 38.00000000000000000, #457 ) ;
#79 = ORIENTED_EDGE ( 'NONE', *, *, #2902, .F. ) ;
#80 = CARTESIAN_POINT ( 'NONE',  ( 57.99999999999999289, 0.000000000000000000, -160.5000000000000000 ) ) ;
#81 = VECTOR ( 'NONE', #40, 1000.000000000000000 ) ;
#82 = FACE_BOUND ( 'NONE', #2608, .T. ) ;
#83 = ORIENTED_EDGE ( 'NONE', *, *, #2579, .T. ) ;
#84 = LINE ( 'NONE', #759, #338 ) ;
#85 = LINE ( 'NONE', #114, #1979 ) ;
#86 = CARTESIAN_POINT ( 'NONE',  ( 2.000000000000000000, 2.000000000000000000, -166.0000000000000000 ) ) ;
#87 = ORIENTED_EDGE ( 'NONE', *, *, #287, .T. ) ;
#88 = EDGE_CURVE ( 'NONE', #2442, #2103, #1205, .T. ) ;
#89 = CARTESIAN_POINT ( 'NONE',  ( 106.0000000000000000, 24.11999999999999744, -132.0599999999999739 ) ) ;
#90 = VERTEX_POINT ( 'NONE', #2986 ) ;
#91 = VERTEX_POINT ( 'NONE', #629 ) ;
#92 = EDGE_CURVE ( 'NONE', #2638, #20, #2821, .T. ) ;
#93 = FACE_OUTER_BOUND ( 'NONE', #645, .T. ) ;
#94 = ORIENTED_EDGE ( 'NONE', *, *, #2213, .T. ) ;
#95 = CARTESIAN_POINT ( 'NONE',  ( 96.00000000000000000, 10.71999999999999886, -115.9400000000000119 ) ) ;
#96 = DIRECTION ( 'NONE',  ( 1.000000000000000000, 0.000000000000000000, -0.000000000000000000 ) ) ;
#97 = ORIENTED_EDGE ( 'NONE', *, *, #899, .F. ) ;
#98 = CARTESIAN_POINT ( 'NONE',  ( 2.000000000000000000, 36.00000000000000711, 0.000000000000000000 ) ) ;
#99 = CARTESIAN_POINT ( 'NONE',  ( 96.00000000000000000, 10.71999999999999886, -132.0599999999999739 ) ) ;
#100 = AXIS2_PLACEMENT_3D ( 'NONE', #900, #871, #650 ) ;
#101 = DIRECTION ( 'NONE',  ( 0.000000000000000000, 0.000000000000000000, 1.000000000000000000 ) ) ;
#102 = DIRECTION ( 'NONE',  ( 0.000000000000000000, -1.000000000000000000, 0.000000000000000000 ) ) ;
#103 = CARTESIAN_POINT ( 'NONE',  ( 6.000000000000005329, 6.000000000000000000, -7.500000000000000000 ) ) ;
#104 = VERTEX_POINT ( 'NONE', #954 ) ;
#105 = ORIENTED_EDGE ( 'NONE', *, *, #957, .F. ) ;
#106 = DIRECTION ( 'NONE',  ( 0.000000000000000000, 0.000000000000000000, -1.000000000000000000 ) ) ;
#107 = EDGE_CURVE ( 'NONE', #1676, #703, #861, .T. ) ;
#108 = EDGE_CURVE ( 'NONE', #732, #1232, #1641, .T. ) ;
#109 = LINE ( 'NONE', #755, #1955 ) ;
#110 = LINE ( 'NONE', #1981, #909 ) ;
#111 = CARTESIAN_POINT ( 'NONE',  ( 106.0000000000000000, 10.71999999999999886, -27.94000000000000128 ) ) ;
#112 = ORIENTED_EDGE ( 'NONE', *, *, #1804, .T. ) ;
#113 = DIRECTION ( 'NONE',  ( -0.000000000000000000, -1.000000000000000000, -0.000000000000000000 ) ) ;
#114 = CARTESIAN_POINT ( 'NONE',  ( 106.0000000000000000, 36.00000000000000711, -2.000000000000000000 ) ) ;
#115 = DIRECTION ( 'NONE',  ( -0.000000000000000000, -1.000000000000000000, -0.000000000000000000 ) ) ;
#116 = VERTEX_POINT ( 'NONE', #2589 ) ;
#117 = CARTESIAN_POINT ( 'NONE',  ( 96.00000000000000000, 24.11999999999999744, -12.06000000000000050 ) ) ;
#118 = LINE ( 'NONE', #1972, #2507 ) ;
#119 = ORIENTED_EDGE ( 'NONE', *, *, #1031, .F. ) ;
#120 = CARTESIAN_POINT ( 'NONE',  ( 57.99999999999999289, 0.02500000000000006384, -7.500000000000000000 ) ) ;
#121 = ORIENTED_EDGE ( 'NONE', *, *, #2964, .F. ) ;
#122 = DIRECTION ( 'NONE',  ( -0.000000000000000000, 1.000000000000000000, -0.000000000000000000 ) ) ;
#123 = EDGE_CURVE ( 'NONE', #469, #2909, #467, .T. ) ;
#124 = FACE_OUTER_BOUND ( 'NONE', #1718, .T. ) ;
#125 = AXIS2_PLACEMENT_3D ( 'NONE', #288, #1006, #485 ) ;
#126 = VECTOR ( 'NONE', #222, 1000.000000000000000 ) ;
#127 = AXIS2_PLACEMENT_3D ( 'NONE', #888, #2773, #713 ) ;
#128 = FACE_OUTER_BOUND ( 'NONE', #2301, .T. ) ;
#129 = VERTEX_POINT ( 'NONE', #1877 ) ;
#130 = CARTESIAN_POINT ( 'NONE',  ( 106.0000000000000000, 36.00000000000000711, -1.999999999999999112 ) ) ;
#131 = CYLINDRICAL_SURFACE ( 'NONE', #242, 1.699999999999996625 ) ;
#132 = EDGE_CURVE ( 'NONE', #524, #1346, #688, .T. ) ;
#133 = VECTOR ( 'NONE', #2635, 1000.000000000000000 ) ;
#134 = AXIS2_PLACEMENT_3D ( 'NONE', #2727, #360, #2930 ) ;
#135 = AXIS2_PLACEMENT_3D ( 'NONE', #2628, #1882, #778 ) ;
#136 = CARTESIAN_POINT ( 'NONE',  ( 2.000000000000000000, 0.000000000000000000, -2.000000000000000000 ) ) ;
#137 = LINE ( 'NONE', #607, #2028 ) ;
#138 = ORIENTED_EDGE ( 'NONE', *, *, #2512, .F. ) ;
#139 = LINE ( 'NONE', #2888, #2303 ) ;
#140 = EDGE_LOOP ( 'NONE', ( #1218, #1097, #198, #79 ) ) ;
#141 = DIRECTION ( 'NONE',  ( 0.000000000000000000, -0.000000000000000000, -1.000000000000000000 ) ) ;
#142 = LINE ( 'NONE', #2973, #317 ) ;
#143 = EDGE_CURVE ( 'NONE', #129, #2143, #561, .T. ) ;
#144 = DIRECTION ( 'NONE',  ( 0.000000000000000000, 0.000000000000000000, 1.000000000000000000 ) ) ;
#145 = ORIENTED_EDGE ( 'NONE', *, *, #2324, .T. ) ;
#146 = DIRECTION ( 'NONE',  ( 0.000000000000000000, 0.000000000000000000, -1.000000000000000000 ) ) ;
#147 = EDGE_CURVE ( 'NONE', #2831, #1843, #2334, .T. ) ;
#148 = CARTESIAN_POINT ( 'NONE',  ( 106.0000000000000000, 10.71999999999999886, -75.94000000000001194 ) ) ;
#149 = ORIENTED_EDGE ( 'NONE', *, *, #1466, .F. ) ;
#150 = CIRCLE ( 'NONE', #1921, 1.699999999999997513 ) ;
#151 = ORIENTED_EDGE ( 'NONE', *, *, #2579, .F. ) ;
#152 = DIRECTION ( 'NONE',  ( -0.000000000000000000, -1.000000000000000000, -0.000000000000000000 ) ) ;
#153 = CARTESIAN_POINT ( 'NONE',  ( 57.99999999999999289, 0.000000000000000000, -160.5000000000000000 ) ) ;
#154 = DIRECTION ( 'NONE',  ( 0.000000000000000000, -1.000000000000000000, -1.294569758191647155E-16 ) ) ;
#155 = ORIENTED_EDGE ( 'NONE', *, *, #67, .T. ) ;
#156 = PLANE ( 'NONE',  #1995 ) ;
#157 = CARTESIAN_POINT ( 'NONE',  ( 96.00000000000000000, 10.71999999999999886, -132.0599999999999739 ) ) ;
#158 = CARTESIAN_POINT ( 'NONE',  ( 104.0000000000000000, 36.00000000000000711, -35.93999999999999773 ) ) ;
#159 = EDGE_CURVE ( 'NONE', #1923, #2597, #674, .T. ) ;
#160 = ORIENTED_EDGE ( 'NONE', *, *, #495, .F. ) ;
#161 = CARTESIAN_POINT ( 'NONE',  ( 106.0000000000000000, 24.11999999999999744, -147.9399999999999977 ) ) ;
#162 = ORIENTED_EDGE ( 'NONE', *, *, #439, .F. ) ;
#163 = CARTESIAN_POINT ( 'NONE',  ( 6.000000000000005329, 0.02500000000000006384, -157.2500000000000000 ) ) ;
#164 = EDGE_CURVE ( 'NONE', #2214, #2326, #1832, .T. ) ;
#165 = CARTESIAN_POINT ( 'NONE',  ( 96.00000000000000000, 10.71999999999999886, -107.9400000000000119 ) ) ;
#166 = VECTOR ( 'NONE', #2278, 1000.000000000000000 ) ;
#167 = EDGE_LOOP ( 'NONE', ( #315, #1553, #2219, #1005 ) ) ;
#168 = FACE_OUTER_BOUND ( 'NONE', #1298, .T. ) ;
#169 = VECTOR ( 'NONE', #2337, 1000.000000000000000 ) ;
#170 = VECTOR ( 'NONE', #838, 1000.000000000000000 ) ;
#171 = PERSON_AND_ORGANIZATION_ROLE ( 'design_owner' ) ;
#172 = VERTEX_POINT ( 'NONE', #451 ) ;
#173 = CARTESIAN_POINT ( 'NONE',  ( 6.000000000000000000, 2.000000000000000000, -160.5000000000000000 ) ) ;
#174 = AXIS2_PLACEMENT_3D ( 'NONE', #1057, #1751, #2949 ) ;
#175 = VERTEX_POINT ( 'NONE', #236 ) ;
#176 = AXIS2_PLACEMENT_3D ( 'NONE', #1016, #2900, #2241 ) ;
#177 = CC_DESIGN_PERSON_AND_ORGANIZATION_ASSIGNMENT ( #2328, #2314, ( #918 ) ) ;
#178 = ORIENTED_EDGE ( 'NONE', *, *, #2905, .F. ) ;
#179 = CYLINDRICAL_SURFACE ( 'NONE', #1317, 1.699999999999996625 ) ;
#180 = ADVANCED_FACE ( 'NONE', ( #11 ), #430, .F. ) ;
#181 = LINE ( 'NONE', #1357, #1360 ) ;
#182 = ORIENTED_EDGE ( 'NONE', *, *, #862, .F. ) ;
#183 = CARTESIAN_POINT ( 'NONE',  ( 2.000000000000000000, 5.999999999999998224, 0.000000000000000000 ) ) ;
#184 = CARTESIAN_POINT ( 'NONE',  ( 0.000000000000000000, 0.000000000000000000, 0.000000000000000000 ) ) ;
#185 = CARTESIAN_POINT ( 'NONE',  ( 10.00000000000000000, 22.01999999999999957, -57.50000000000000711 ) ) ;
#186 = CARTESIAN_POINT ( 'NONE',  ( 104.0000000000000000, 36.00000000000000711, -166.0000000000000000 ) ) ;
#187 = ORIENTED_EDGE ( 'NONE', *, *, #2883, .F. ) ;
#188 = CARTESIAN_POINT ( 'NONE',  ( 57.99999999999999289, 0.000000000000000000, -160.5000000000000000 ) ) ;
#189 = VECTOR ( 'NONE', #594, 1000.000000000000000 ) ;
#190 = DIRECTION ( 'NONE',  ( 1.734723475976805714E-15, 0.000000000000000000, -1.000000000000000000 ) ) ;
#191 = CARTESIAN_POINT ( 'NONE',  ( 104.0000000000000000, 36.00000000000000711, -92.06000000000000227 ) ) ;
#192 = EDGE_CURVE ( 'NONE', #703, #1676, #2095, .T. ) ;
#193 = EDGE_CURVE ( 'NONE', #1740, #2909, #510, .T. ) ;
#194 = ORIENTED_EDGE ( 'NONE', *, *, #3000, .T. ) ;
#195 = LINE ( 'NONE', #911, #2886 ) ;
#196 = EDGE_CURVE ( 'NONE', #2603, #978, #1796, .T. ) ;
#197 = PERSON_AND_ORGANIZATION ( #951, #566 ) ;
#198 = ORIENTED_EDGE ( 'NONE', *, *, #88, .T. ) ;
#199 = DIRECTION ( 'NONE',  ( 0.000000000000000000, 1.000000000000000000, 0.000000000000000000 ) ) ;
#200 = DIRECTION ( 'NONE',  ( -0.000000000000000000, -1.000000000000000000, -0.000000000000000000 ) ) ;
#201 = ORIENTED_EDGE ( 'NONE', *, *, #513, .F. ) ;
#202 = DIRECTION ( 'NONE',  ( 0.000000000000000000, -1.000000000000000000, 0.000000000000000000 ) ) ;
#203 = CARTESIAN_POINT ( 'NONE',  ( 96.00000000000000000, 24.11999999999999744, -67.93999999999999773 ) ) ;
#204 = FACE_OUTER_BOUND ( 'NONE', #2111, .T. ) ;
#205 = EDGE_CURVE ( 'NONE', #175, #2473, #1384, .T. ) ;
#206 = ORIENTED_EDGE ( 'NONE', *, *, #617, .T. ) ;
#207 = FACE_OUTER_BOUND ( 'NONE', #2970, .T. ) ;
#208 = CALENDAR_DATE ( 2025, 8, 7 ) ;
#209 = ORIENTED_EDGE ( 'NONE', *, *, #1631, .T. ) ;
#210 = EDGE_CURVE ( 'NONE', #453, #1843, #1558, .T. ) ;
#211 = FACE_BOUND ( 'NONE', #2295, .T. ) ;
#212 = VECTOR ( 'NONE', #2087, 1000.000000000000000 ) ;
#213 = VECTOR ( 'NONE', #477, 1000.000000000000000 ) ;
#214 = AXIS2_PLACEMENT_3D ( 'NONE', #2624, #268, #1644 ) ;
#215 = APPROVAL_PERSON_ORGANIZATION ( #3006, #2837, #2122 ) ;
#216 = LINE ( 'NONE', #1147, #2346 ) ;
#217 = DIRECTION ( 'NONE',  ( 0.000000000000000000, 1.000000000000000000, 0.000000000000000000 ) ) ;
#218 = AXIS2_PLACEMENT_3D ( 'NONE', #950, #1461, #766 ) ;
#219 = ORIENTED_EDGE ( 'NONE', *, *, #2396, .F. ) ;
#220 = AXIS2_PLACEMENT_3D ( 'NONE', #2234, #1053, #1997 ) ;
#221 = DIRECTION ( 'NONE',  ( 0.000000000000000000, 0.000000000000000000, 1.000000000000000000 ) ) ;
#222 = DIRECTION ( 'NONE',  ( 0.000000000000000000, 1.000000000000000000, 1.294569758191647155E-16 ) ) ;
#223 = ORIENTED_EDGE ( 'NONE', *, *, #252, .T. ) ;
#224 = LINE ( 'NONE', #677, #212 ) ;
#225 = VERTEX_POINT ( 'NONE', #1846 ) ;
#226 = CC_DESIGN_DATE_AND_TIME_ASSIGNMENT ( #2539, #2566, ( #973 ) ) ;
#227 = CARTESIAN_POINT ( 'NONE',  ( 104.0000000000000000, 10.71999999999999886, -20.06000000000000227 ) ) ;
#228 = ORIENTED_EDGE ( 'NONE', *, *, #108, .T. ) ;
#229 = DIRECTION ( 'NONE',  ( 0.000000000000000000, -1.000000000000000000, 0.000000000000000000 ) ) ;
#230 = EDGE_CURVE ( 'NONE', #261, #1255, #2068, .T. ) ;
#231 = EDGE_CURVE ( 'NONE', #116, #2814, #2563, .T. ) ;
#232 = DIRECTION ( 'NONE',  ( 0.000000000000000000, 0.000000000000000000, -1.000000000000000000 ) ) ;
#233 = ORIENTED_EDGE ( 'NONE', *, *, #2231, .F. ) ;
#234 = LINE ( 'NONE', #1182, #716 ) ;
#235 = ORIENTED_EDGE ( 'NONE', *, *, #1627, .T. ) ;
#236 = CARTESIAN_POINT ( 'NONE',  ( 98.99999999999998579, 5.999999999999998224, -166.0000000000000000 ) ) ;
#237 = DIRECTION ( 'NONE',  ( 0.000000000000000000, 0.000000000000000000, -1.000000000000000000 ) ) ;
#238 = AXIS2_PLACEMENT_3D ( 'NONE', #1671, #490, #1438 ) ;
#239 = EDGE_LOOP ( 'NONE', ( #247, #1689, #2610, #683 ) ) ;
#240 = DIRECTION ( 'NONE',  ( 0.000000000000000000, 1.000000000000000000, 1.294569758191647155E-16 ) ) ;
#241 = ORIENTED_EDGE ( 'NONE', *, *, #1994, .F. ) ;
#242 = AXIS2_PLACEMENT_3D ( 'NONE', #526, #2438, #294 ) ;
#243 = DIRECTION ( 'NONE',  ( 0.000000000000000000, 0.000000000000000000, -1.000000000000000000 ) ) ;
#244 = ORIENTED_EDGE ( 'NONE', *, *, #957, .T. ) ;
#245 = FACE_OUTER_BOUND ( 'NONE', #1168, .T. ) ;
#246 = CARTESIAN_POINT ( 'NONE',  ( 106.0000000000000000, 24.11999999999999744, -52.06000000000000227 ) ) ;
#247 = ORIENTED_EDGE ( 'NONE', *, *, #1963, .T. ) ;
#248 = ADVANCED_FACE ( 'NONE', ( #2561 ), #440, .F. ) ;
#249 = LINE ( 'NONE', #1196, #2746 ) ;
#250 = ORIENTED_EDGE ( 'NONE', *, *, #2416, .T. ) ;
#251 = DIRECTION ( 'NONE',  ( 0.000000000000000000, 0.000000000000000000, -1.000000000000000000 ) ) ;
#252 = EDGE_CURVE ( 'NONE', #721, #3051, #1862, .T. ) ;
#253 = LINE ( 'NONE', #1878, #965 ) ;
#254 = VERTEX_POINT ( 'NONE', #2223 ) ;
#255 = FACE_OUTER_BOUND ( 'NONE', #2552, .T. ) ;
#256 = ORIENTED_EDGE ( 'NONE', *, *, #108, .F. ) ;
#257 = DIRECTION ( 'NONE',  ( -0.000000000000000000, -1.000000000000000000, -0.000000000000000000 ) ) ;
#258 = DIRECTION ( 'NONE',  ( -0.000000000000000000, -1.000000000000000000, -0.000000000000000000 ) ) ;
#259 = CARTESIAN_POINT ( 'NONE',  ( 104.0000000000000000, 10.71999999999999886, -12.06000000000000227 ) ) ;
#260 = FACE_OUTER_BOUND ( 'NONE', #1448, .T. ) ;
#261 = VERTEX_POINT ( 'NONE', #1784 ) ;
#262 = VECTOR ( 'NONE', #2565, 1000.000000000000000 ) ;
#263 = CARTESIAN_POINT ( 'NONE',  ( 6.000000000000005329, 0.02500000000000006384, -4.250000000000000000 ) ) ;
#264 = ORIENTED_EDGE ( 'NONE', *, *, #593, .F. ) ;
#265 = CIRCLE ( 'NONE', #214, 3.250000000000002665 ) ;
#266 = ORIENTED_EDGE ( 'NONE', *, *, #1110, .T. ) ;
#267 = DIRECTION ( 'NONE',  ( 1.000000000000000000, -0.000000000000000000, -0.000000000000000000 ) ) ;
#268 = DIRECTION ( 'NONE',  ( -0.000000000000000000, -1.000000000000000000, -0.000000000000000000 ) ) ;
#269 = AXIS2_PLACEMENT_3D ( 'NONE', #2671, #1033, #2245 ) ;
#270 = EDGE_CURVE ( 'NONE', #261, #1991, #25, .T. ) ;
#271 = EDGE_CURVE ( 'NONE', #1881, #571, #1079, .T. ) ;
#272 = CIRCLE ( 'NONE', #2013, 1.700000000000007061 ) ;
#273 = EDGE_CURVE ( 'NONE', #2353, #640, #1678, .T. ) ;
#274 = ORIENTED_EDGE ( 'NONE', *, *, #333, .F. ) ;
#275 = DIRECTION ( 'NONE',  ( 0.000000000000000000, -1.000000000000000000, -1.294569758191647155E-16 ) ) ;
#276 = DIRECTION ( 'NONE',  ( 0.000000000000000000, 0.000000000000000000, -1.000000000000000000 ) ) ;
#277 = EDGE_LOOP ( 'NONE', ( #3061, #155, #69, #1252 ) ) ;
#278 = DIRECTION ( 'NONE',  ( -0.000000000000000000, -1.000000000000000000, -0.000000000000000000 ) ) ;
#279 = DIRECTION ( 'NONE',  ( -0.000000000000000000, -0.000000000000000000, 1.000000000000000000 ) ) ;
#280 = DIRECTION ( 'NONE',  ( -1.000000000000000000, 0.000000000000000000, 0.000000000000000000 ) ) ;
#281 = ORIENTED_EDGE ( 'NONE', *, *, #1576, .F. ) ;
#282 = CARTESIAN_POINT ( 'NONE',  ( 57.99999999999999289, 0.000000000000000000, -160.5000000000000000 ) ) ;
#283 = ORIENTED_EDGE ( 'NONE', *, *, #720, .F. ) ;
#284 = ORIENTED_EDGE ( 'NONE', *, *, #431, .F. ) ;
#285 = DIRECTION ( 'NONE',  ( -0.000000000000000000, -1.000000000000000000, -0.000000000000000000 ) ) ;
#286 = CARTESIAN_POINT ( 'NONE',  ( 96.00000000000000000, 10.71999999999999886, -12.06000000000000227 ) ) ;
#287 = EDGE_CURVE ( 'NONE', #1232, #1500, #1480, .T. ) ;
#288 = CARTESIAN_POINT ( 'NONE',  ( 6.000000000000005329, 0.000000000000000000, -160.5000000000000000 ) ) ;
#289 = ADVANCED_FACE ( 'NONE', ( #1221 ), #1552, .F. ) ;
#290 = VECTOR ( 'NONE', #2114, 1000.000000000000000 ) ;
#291 = DIRECTION ( 'NONE',  ( -1.000000000000000000, -0.000000000000000000, -0.000000000000000000 ) ) ;
#292 = ORIENTED_EDGE ( 'NONE', *, *, #309, .T. ) ;
#293 = DIRECTION ( 'NONE',  ( 0.000000000000000000, 0.000000000000000000, -1.000000000000000000 ) ) ;
#294 = DIRECTION ( 'NONE',  ( 0.000000000000000000, 0.000000000000000000, -1.000000000000000000 ) ) ;
#295 = ADVANCED_FACE ( 'NONE', ( #43 ), #2854, .F. ) ;
#296 = LINE ( 'NONE', #1721, #1603 ) ;
#297 = ORIENTED_EDGE ( 'NONE', *, *, #1581, .F. ) ;
#298 = PLANE ( 'NONE',  #1161 ) ;
#299 = EDGE_LOOP ( 'NONE', ( #1573, #2692, #2621, #826 ) ) ;
#300 = ORIENTED_EDGE ( 'NONE', *, *, #2338, .F. ) ;
#301 = PLANE ( 'NONE',  #1848 ) ;
#302 = EDGE_LOOP ( 'NONE', ( #121, #1569 ) ) ;
#303 = LINE ( 'NONE', #1203, #2542 ) ;
#304 = EDGE_CURVE ( 'NONE', #2943, #1889, #1279, .T. ) ;
#305 = DIRECTION ( 'NONE',  ( 0.000000000000000000, 0.000000000000000000, -1.000000000000000000 ) ) ;
#306 = EDGE_LOOP ( 'NONE', ( #1611, #946 ) ) ;
#307 = CARTESIAN_POINT ( 'NONE',  ( 6.000000000000005329, 3.399999999999999467, -4.250000000000000000 ) ) ;
#308 = DIRECTION ( 'NONE',  ( 0.000000000000000000, -1.000000000000000000, 0.000000000000000000 ) ) ;
#309 = EDGE_CURVE ( 'NONE', #1991, #2576, #972, .T. ) ;
#310 = DIRECTION ( 'NONE',  ( 0.000000000000000000, 1.000000000000000000, 0.000000000000000000 ) ) ;
#311 = ORIENTED_EDGE ( 'NONE', *, *, #1049, .T. ) ;
#312 = CARTESIAN_POINT ( 'NONE',  ( 104.0000000000000000, 24.11999999999999744, -140.0600000000000023 ) ) ;
#313 = ORIENTED_EDGE ( 'NONE', *, *, #1935, .F. ) ;
#314 = VECTOR ( 'NONE', #1628, 1000.000000000000000 ) ;
#315 = ORIENTED_EDGE ( 'NONE', *, *, #2357, .F. ) ;
#316 = DIRECTION ( 'NONE',  ( -0.000000000000000000, -1.000000000000000000, -0.000000000000000000 ) ) ;
#317 = VECTOR ( 'NONE', #1789, 1000.000000000000000 ) ;
#318 = CIRCLE ( 'NONE', #1798, 2.000000000000001776 ) ;
#319 = VECTOR ( 'NONE', #908, 1000.000000000000000 ) ;
#320 = AXIS2_PLACEMENT_3D ( 'NONE', #184, #2088, #445 ) ;
#321 = ORIENTED_EDGE ( 'NONE', *, *, #231, .T. ) ;
#322 = DIRECTION ( 'NONE',  ( 0.000000000000000000, -1.294569758191647155E-16, 1.000000000000000000 ) ) ;
#323 = CARTESIAN_POINT ( 'NONE',  ( 104.0000000000000000, 36.00000000000000711, -115.9400000000000119 ) ) ;
#324 = ORIENTED_EDGE ( 'NONE', *, *, #1836, .F. ) ;
#325 = DIRECTION ( 'NONE',  ( 0.000000000000000000, -1.000000000000000000, 0.000000000000000000 ) ) ;
#326 = DIRECTION ( 'NONE',  ( -0.000000000000000000, -1.000000000000000000, -0.000000000000000000 ) ) ;
#327 = CARTESIAN_POINT ( 'NONE',  ( 104.0000000000000000, 24.11999999999999744, -12.06000000000000050 ) ) ;
#328 = ORIENTED_EDGE ( 'NONE', *, *, #2324, .F. ) ;
#329 = CARTESIAN_POINT ( 'NONE',  ( 104.0000000000000000, 10.72000000000000064, -120.0000000000000000 ) ) ;
#330 = EDGE_CURVE ( 'NONE', #1743, #1050, #497, .T. ) ;
#331 = DIRECTION ( 'NONE',  ( 8.659560562354443518E-17, -0.7071067811865874297, 0.7071067811865076047 ) ) ;
#332 = ORIENTED_EDGE ( 'NONE', *, *, #920, .T. ) ;
#333 = EDGE_CURVE ( 'NONE', #2862, #544, #2240, .T. ) ;
#334 = ORIENTED_EDGE ( 'NONE', *, *, #442, .T. ) ;
#335 = CARTESIAN_POINT ( 'NONE',  ( 104.0000000000000000, 10.71999999999999886, -115.9400000000000119 ) ) ;
#336 = DIRECTION ( 'NONE',  ( 0.000000000000000000, -1.000000000000000000, -1.294569758191647155E-16 ) ) ;
#337 = CARTESIAN_POINT ( 'NONE',  ( 104.0000000000000000, 0.000000000000000000, -166.0000000000000000 ) ) ;
#338 = VECTOR ( 'NONE', #278, 1000.000000000000000 ) ;
#339 = CARTESIAN_POINT ( 'NONE',  ( 57.99999999999999289, 0.000000000000000000, -157.2249999999999943 ) ) ;
#340 = ORIENTED_EDGE ( 'NONE', *, *, #33, .F. ) ;
#341 = FACE_OUTER_BOUND ( 'NONE', #73, .T. ) ;
#342 = CYLINDRICAL_SURFACE ( 'NONE', #2368, 3.250000000000002665 ) ;
#343 = CIRCLE ( 'NONE', #2281, 3.249999999999999556 ) ;
#344 = CARTESIAN_POINT ( 'NONE',  ( 2.000000000000000000, 36.00000000000000711, 0.000000000000000000 ) ) ;
#345 = ORIENTED_EDGE ( 'NONE', *, *, #1387, .T. ) ;
#346 = DIRECTION ( 'NONE',  ( 1.000000000000000000, -0.000000000000000000, -0.000000000000000000 ) ) ;
#347 = DIRECTION ( 'NONE',  ( -0.000000000000000000, -1.000000000000000000, -0.000000000000000000 ) ) ;
#348 = ORIENTED_EDGE ( 'NONE', *, *, #2983, .F. ) ;
#349 = EDGE_CURVE ( 'NONE', #2943, #1632, #2729, .T. ) ;
#350 = DIRECTION ( 'NONE',  ( 0.000000000000000000, 1.000000000000000000, 1.294569758191647155E-16 ) ) ;
#351 = ORIENTED_EDGE ( 'NONE', *, *, #456, .T. ) ;
#352 = CARTESIAN_POINT ( 'NONE',  ( 58.00000000000000000, 2.000000000000000000, -7.500000000000000000 ) ) ;
#353 = ADVANCED_FACE ( 'NONE', ( #2022 ), #1738, .F. ) ;
#354 = DIRECTION ( 'NONE',  ( 1.000000000000000000, -0.000000000000000000, -0.000000000000000000 ) ) ;
#355 = CARTESIAN_POINT ( 'NONE',  ( 96.00000000000000000, 24.11999999999999744, -52.06000000000000227 ) ) ;
#356 = FACE_BOUND ( 'NONE', #302, .T. ) ;
#357 = ORIENTED_EDGE ( 'NONE', *, *, #700, .T. ) ;
#358 = LINE ( 'NONE', #1275, #901 ) ;
#359 = CYLINDRICAL_SURFACE ( 'NONE', #392, 1.700000000000007061 ) ;
#360 = DIRECTION ( 'NONE',  ( 0.000000000000000000, 1.000000000000000000, 0.000000000000000000 ) ) ;
#361 = VERTEX_POINT ( 'NONE', #2163 ) ;
#362 = CARTESIAN_POINT ( 'NONE',  ( 106.0000000000000000, 24.11999999999999744, -92.06000000000000227 ) ) ;
#363 = EDGE_LOOP ( 'NONE', ( #1022, #178, #1913, #1282 ) ) ;
#364 = DIRECTION ( 'NONE',  ( -1.000000000000000000, -0.000000000000000000, -0.000000000000000000 ) ) ;
#365 = ORIENTED_EDGE ( 'NONE', *, *, #2697, .F. ) ;
#366 = DIRECTION ( 'NONE',  ( -0.000000000000000000, 1.000000000000000000, -0.000000000000000000 ) ) ;
#367 = DIRECTION ( 'NONE',  ( -0.000000000000000000, -1.000000000000000000, -0.000000000000000000 ) ) ;
#368 = CARTESIAN_POINT ( 'NONE',  ( 106.0000000000000000, 24.11999999999999744, -107.9400000000000119 ) ) ;
#369 = AXIS2_PLACEMENT_3D ( 'NONE', #2987, #388, #1100 ) ;
#370 = AXIS2_PLACEMENT_3D ( 'NONE', #425, #5, #232 ) ;
#371 = EDGE_CURVE ( 'NONE', #1413, #2880, #137, .T. ) ;
#372 = EDGE_CURVE ( 'NONE', #1255, #2644, #989, .T. ) ;
#373 = VECTOR ( 'NONE', #1186, 1000.000000000000000 ) ;
#374 = PLANE ( 'NONE',  #220 ) ;
#375 = EDGE_LOOP ( 'NONE', ( #926, #579, #2066, #2927 ) ) ;
#376 = VECTOR ( 'NONE', #2417, 1000.000000000000000 ) ;
#377 = DIRECTION ( 'NONE',  ( -0.000000000000000000, -1.000000000000000000, -0.000000000000000000 ) ) ;
#378 = VECTOR ( 'NONE', #1831, 1000.000000000000000 ) ;
#379 = LOCAL_TIME ( 14, 59, 38.00000000000000000, #1391 ) ;
#380 = VECTOR ( 'NONE', #2926, 1000.000000000000000 ) ;
#381 = DIRECTION ( 'NONE',  ( -0.000000000000000000, -1.000000000000000000, -0.000000000000000000 ) ) ;
#382 = DIRECTION ( 'NONE',  ( -0.000000000000000000, -1.000000000000000000, -0.000000000000000000 ) ) ;
#383 = ORIENTED_EDGE ( 'NONE', *, *, #270, .F. ) ;
#384 = CARTESIAN_POINT ( 'NONE',  ( 104.0000000000000000, 24.11999999999999744, -92.06000000000000227 ) ) ;
#385 = ORIENTED_EDGE ( 'NONE', *, *, #164, .F. ) ;
#386 = DIRECTION ( 'NONE',  ( 0.000000000000000000, 0.000000000000000000, -1.000000000000000000 ) ) ;
#387 = FACE_BOUND ( 'NONE', #2274, .T. ) ;
#388 = DIRECTION ( 'NONE',  ( -0.000000000000000000, 1.000000000000000000, -0.000000000000000000 ) ) ;
#389 = EDGE_CURVE ( 'NONE', #35, #721, #538, .T. ) ;
#390 = VERTEX_POINT ( 'NONE', #2714 ) ;
#391 = DIRECTION ( 'NONE',  ( 0.000000000000000000, 0.000000000000000000, -1.000000000000000000 ) ) ;
#392 = AXIS2_PLACEMENT_3D ( 'NONE', #2945, #1736, #2454 ) ;
#393 =( LENGTH_UNIT ( ) NAMED_UNIT ( * ) SI_UNIT ( .MILLI., .METRE. ) );
#394 = ORIENTED_EDGE ( 'NONE', *, *, #2057, .F. ) ;
#395 = EDGE_CURVE ( 'NONE', #737, #1470, #2871, .T. ) ;
#396 = CARTESIAN_POINT ( 'NONE',  ( 57.99999999999999289, 0.02500000000000006384, -157.2500000000000000 ) ) ;
#397 = VECTOR ( 'NONE', #1310, 1000.000000000000000 ) ;
#398 = ORIENTED_EDGE ( 'NONE', *, *, #147, .F. ) ;
#399 = DIRECTION ( 'NONE',  ( 0.000000000000000000, 0.000000000000000000, -1.000000000000000000 ) ) ;
#400 = ORIENTED_EDGE ( 'NONE', *, *, #1351, .T. ) ;
#401 = DIRECTION ( 'NONE',  ( -0.000000000000000000, -1.000000000000000000, -0.000000000000000000 ) ) ;
#402 = ADVANCED_BREP_SHAPE_REPRESENTATION ( 'housing_body', ( #1908, #320 ), #712 ) ;
#403 = CARTESIAN_POINT ( 'NONE',  ( 96.00000000000000000, 24.11999999999999744, -132.0599999999999739 ) ) ;
#404 = ORIENTED_EDGE ( 'NONE', *, *, #2697, .T. ) ;
#405 = FACE_OUTER_BOUND ( 'NONE', #2197, .T. ) ;
#406 = EDGE_CURVE ( 'NONE', #845, #486, #2489, .T. ) ;
#407 = APPLICATION_PROTOCOL_DEFINITION ( 'international standard', 'config_control_design', 1994, #563 ) ;
#408 = ORIENTED_EDGE ( 'NONE', *, *, #2528, .T. ) ;
#409 = DIRECTION ( 'NONE',  ( -0.000000000000000000, 1.000000000000000000, -0.000000000000000000 ) ) ;
#410 = ORIENTED_EDGE ( 'NONE', *, *, #1370, .T. ) ;
#411 = ADVANCED_FACE ( 'NONE', ( #752, #435 ), #3007, .T. ) ;
#412 = CARTESIAN_POINT ( 'NONE',  ( 104.0000000000000000, 36.00000000000000711, -52.06000000000000227 ) ) ;
#413 = ORIENTED_EDGE ( 'NONE', *, *, #333, .T. ) ;
#414 = FACE_OUTER_BOUND ( 'NONE', #1323, .T. ) ;
#415 = CARTESIAN_POINT ( 'NONE',  ( 96.00000000000000000, 24.11999999999999744, -60.06000000000000227 ) ) ;
#416 = CARTESIAN_POINT ( 'NONE',  ( 96.00000000000000000, 10.71999999999999886, -20.06000000000000227 ) ) ;
#417 = ORIENTED_EDGE ( 'NONE', *, *, #2883, .T. ) ;
#418 = DIRECTION ( 'NONE',  ( 0.000000000000000000, -0.000000000000000000, 1.000000000000000000 ) ) ;
#419 = AXIS2_PLACEMENT_3D ( 'NONE', #1000, #2176, #1705 ) ;
#420 = COORDINATED_UNIVERSAL_TIME_OFFSET ( 1, 0, .AHEAD. ) ;
#421 = EDGE_LOOP ( 'NONE', ( #2835, #219, #1247, #546 ) ) ;
#422 = VECTOR ( 'NONE', #2084, 1000.000000000000000 ) ;
#423 = DIRECTION ( 'NONE',  ( 1.000000000000000000, 0.000000000000000000, 0.000000000000000000 ) ) ;
#424 = CONICAL_SURFACE ( 'NONE', #669, 3.275000000000000355, 0.7853981633973918797 ) ;
#425 = CARTESIAN_POINT ( 'NONE',  ( 57.99999999999999289, 0.02500000000000006384, -160.5000000000000000 ) ) ;
#426 = EDGE_LOOP ( 'NONE', ( #324, #187, #1432, #619 ) ) ;
#427 = EDGE_CURVE ( 'NONE', #2276, #20, #2120, .T. ) ;
#428 = LINE ( 'NONE', #3011, #2593 ) ;
#429 = ADVANCED_FACE ( 'NONE', ( #2063 ), #1974, .F. ) ;
#430 = PLANE ( 'NONE',  #2585 ) ;
#431 = EDGE_CURVE ( 'NONE', #2123, #1050, #885, .T. ) ;
#432 = LINE ( 'NONE', #1129, #709 ) ;
#433 = VERTEX_POINT ( 'NONE', #1827 ) ;
#434 = PLANE ( 'NONE',  #2784 ) ;
#435 = FACE_OUTER_BOUND ( 'NONE', #2133, .T. ) ;
#436 = LINE ( 'NONE', #1842, #1316 ) ;
#437 = ORIENTED_EDGE ( 'NONE', *, *, #1245, .F. ) ;
#438 = DIRECTION ( 'NONE',  ( -0.000000000000000000, -1.000000000000000000, -0.000000000000000000 ) ) ;
#439 = EDGE_CURVE ( 'NONE', #915, #816, #2611, .T. ) ;
#440 = PLANE ( 'NONE',  #1380 ) ;
#441 = DIRECTION ( 'NONE',  ( 0.000000000000000000, 1.000000000000000000, 0.000000000000000000 ) ) ;
#442 = EDGE_CURVE ( 'NONE', #2436, #1571, #2273, .T. ) ;
#443 = ORIENTED_EDGE ( 'NONE', *, *, #790, .T. ) ;
#444 = CARTESIAN_POINT ( 'NONE',  ( 104.0000000000000000, 36.00000000000000711, -27.94000000000000128 ) ) ;
#445 = DIRECTION ( 'NONE',  ( 1.000000000000000000, 0.000000000000000000, 0.000000000000000000 ) ) ;
#446 = ORIENTED_EDGE ( 'NONE', *, *, #1714, .F. ) ;
#447 = LINE ( 'NONE', #760, #936 ) ;
#448 = CARTESIAN_POINT ( 'NONE',  ( 96.00000000000000000, 24.11999999999999744, -27.94000000000000128 ) ) ;
#449 = EDGE_LOOP ( 'NONE', ( #2367, #256, #2684, #2086 ) ) ;
#450 = PLANE ( 'NONE',  #218 ) ;
#451 = CARTESIAN_POINT ( 'NONE',  ( 6.000000000000005329, 0.02500000000000006384, -10.75000000000000000 ) ) ;
#452 = CARTESIAN_POINT ( 'NONE',  ( 104.0000000000000000, 24.11999999999999744, -40.00000000000000000 ) ) ;
#453 = VERTEX_POINT ( 'NONE', #396 ) ;
#454 = DIRECTION ( 'NONE',  ( 0.000000000000000000, -1.000000000000000000, 0.000000000000000000 ) ) ;
#455 = ORIENTED_EDGE ( 'NONE', *, *, #10, .F. ) ;
#456 = EDGE_CURVE ( 'NONE', #958, #2597, #2540, .T. ) ;
#457 = COORDINATED_UNIVERSAL_TIME_OFFSET ( 1, 0, .AHEAD. ) ;
#458 = CARTESIAN_POINT ( 'NONE',  ( 104.0000000000000000, 10.71999999999999886, -52.06000000000000227 ) ) ;
#459 = AXIS2_PLACEMENT_3D ( 'NONE', #1606, #454, #3005 ) ;
#460 = VECTOR ( 'NONE', #305, 1000.000000000000000 ) ;
#461 = AXIS2_PLACEMENT_3D ( 'NONE', #2733, #2480, #2215 ) ;
#462 = LOCAL_TIME ( 14, 59, 38.00000000000000000, #1590 ) ;
#463 = LINE ( 'NONE', #1871, #1555 ) ;
#464 = ORIENTED_EDGE ( 'NONE', *, *, #2808, .F. ) ;
#465 = DIRECTION ( 'NONE',  ( 0.000000000000000000, -1.294569758191647155E-16, 1.000000000000000000 ) ) ;
#466 = VERTEX_POINT ( 'NONE', #2994 ) ;
#467 = LINE ( 'NONE', #2083, #314 ) ;
#468 = PLANE ( 'NONE',  #2504 ) ;
#469 = VERTEX_POINT ( 'NONE', #917 ) ;
#470 = CARTESIAN_POINT ( 'NONE',  ( 96.00000000000000000, 10.71999999999999886, -27.94000000000000128 ) ) ;
#471 = ORIENTED_EDGE ( 'NONE', *, *, #2190, .F. ) ;
#472 = ADVANCED_FACE ( 'NONE', ( #2783 ), #2316, .F. ) ;
#473 = CARTESIAN_POINT ( 'NONE',  ( 106.0000000000000000, 10.71999999999999886, -12.06000000000000227 ) ) ;
#474 = EDGE_LOOP ( 'NONE', ( #334, #3023, #1596, #365 ) ) ;
#475 = CARTESIAN_POINT ( 'NONE',  ( 96.00000000000000000, 10.71999999999999886, -67.93999999999999773 ) ) ;
#476 = EDGE_CURVE ( 'NONE', #2870, #2901, #2860, .T. ) ;
#477 = DIRECTION ( 'NONE',  ( 0.000000000000000000, 0.000000000000000000, 1.000000000000000000 ) ) ;
#478 = ORIENTED_EDGE ( 'NONE', *, *, #2634, .F. ) ;
#479 = PLANE ( 'NONE',  #2259 ) ;
#480 = ORIENTED_EDGE ( 'NONE', *, *, #107, .T. ) ;
#481 = CARTESIAN_POINT ( 'NONE',  ( 104.0000000000000000, 36.00000000000000711, 0.000000000000000000 ) ) ;
#482 = CARTESIAN_POINT ( 'NONE',  ( 58.00000000000000000, 2.000000000000000000, -165.0000000000000000 ) ) ;
#483 = AXIS2_PLACEMENT_3D ( 'NONE', #173, #409, #2078 ) ;
#484 = ORIENTED_EDGE ( 'NONE', *, *, #2396, .T. ) ;
#485 = DIRECTION ( 'NONE',  ( 0.000000000000000000, 0.000000000000000000, -1.000000000000000000 ) ) ;
#486 = VERTEX_POINT ( 'NONE', #1366 ) ;
#487 = CYLINDRICAL_SURFACE ( 'NONE', #135, 4.500000000000003553 ) ;
#488 = VERTEX_POINT ( 'NONE', #1379 ) ;
#489 = DIRECTION ( 'NONE',  ( -0.000000000000000000, 1.000000000000000000, -0.000000000000000000 ) ) ;
#490 = DIRECTION ( 'NONE',  ( 0.000000000000000000, 1.000000000000000000, 0.000000000000000000 ) ) ;
#491 = EDGE_CURVE ( 'NONE', #2638, #1699, #150, .T. ) ;
#492 = CARTESIAN_POINT ( 'NONE',  ( 57.99999999999999289, 0.000000000000000000, -163.7750000000000057 ) ) ;
#493 = CARTESIAN_POINT ( 'NONE',  ( 2.000000000000000000, 7.419999999999999929, -74.50000000000000000 ) ) ;
#494 = VERTEX_POINT ( 'NONE', #1134 ) ;
#495 = EDGE_CURVE ( 'NONE', #2517, #544, #591, .T. ) ;
#496 = ORIENTED_EDGE ( 'NONE', *, *, #647, .F. ) ;
#497 = LINE ( 'NONE', #1770, #2762 ) ;
#498 = DIRECTION ( 'NONE',  ( 0.000000000000000000, 0.000000000000000000, -1.000000000000000000 ) ) ;
#499 = ORIENTED_EDGE ( 'NONE', *, *, #537, .F. ) ;
#500 = DIRECTION ( 'NONE',  ( 0.000000000000000000, -0.000000000000000000, 1.000000000000000000 ) ) ;
#501 = CARTESIAN_POINT ( 'NONE',  ( 6.000000000000005329, 0.000000000000000000, -157.2249999999999943 ) ) ;
#502 = ORIENTED_EDGE ( 'NONE', *, *, #2048, .F. ) ;
#503 = DIRECTION ( 'NONE',  ( 0.000000000000000000, -0.000000000000000000, 1.000000000000000000 ) ) ;
#504 = LINE ( 'NONE', #2849, #1623 ) ;
#505 = AXIS2_PLACEMENT_3D ( 'NONE', #153, #2041, #1099 ) ;
#506 = DIRECTION ( 'NONE',  ( -0.000000000000000000, 0.000000000000000000, -1.000000000000000000 ) ) ;
#507 = ORIENTED_EDGE ( 'NONE', *, *, #673, .T. ) ;
#508 = AXIS2_PLACEMENT_3D ( 'NONE', #355, #322, #154 ) ;
#509 = CARTESIAN_POINT ( 'NONE',  ( 0.000000000000000000, 22.01999999999999957, -74.50000000000002842 ) ) ;
#510 = CIRCLE ( 'NONE', #1011, 4.500000000000003553 ) ;
#511 = VECTOR ( 'NONE', #787, 1000.000000000000000 ) ;
#512 = VECTOR ( 'NONE', #858, 1000.000000000000000 ) ;
#513 = EDGE_CURVE ( 'NONE', #1131, #2919, #1340, .T. ) ;
#514 = ORIENTED_EDGE ( 'NONE', *, *, #2090, .T. ) ;
#515 = EDGE_CURVE ( 'NONE', #1924, #703, #2034, .T. ) ;
#516 = DIRECTION ( 'NONE',  ( 0.000000000000000000, 0.000000000000000000, -1.000000000000000000 ) ) ;
#517 = AXIS2_PLACEMENT_3D ( 'NONE', #2805, #2081, #2792 ) ;
#518 = AXIS2_PLACEMENT_3D ( 'NONE', #136, #2021, #870 ) ;
#519 = VECTOR ( 'NONE', #291, 1000.000000000000000 ) ;
#520 = ADVANCED_FACE ( 'NONE', ( #2771 ), #2555, .T. ) ;
#521 = ORIENTED_EDGE ( 'NONE', *, *, #3049, .F. ) ;
#522 = DIRECTION ( 'NONE',  ( 0.000000000000000000, -1.294569758191647155E-16, 1.000000000000000000 ) ) ;
#523 = DIRECTION ( 'NONE',  ( 0.000000000000000000, 0.000000000000000000, -1.000000000000000000 ) ) ;
#524 = VERTEX_POINT ( 'NONE', #1570 ) ;
#525 = DIRECTION ( 'NONE',  ( -0.000000000000000000, -1.000000000000000000, -0.000000000000000000 ) ) ;
#526 = CARTESIAN_POINT ( 'NONE',  ( 6.000000000000005329, 0.000000000000000000, -7.500000000000000000 ) ) ;
#527 = CARTESIAN_POINT ( 'NONE',  ( 58.00000000000000000, 6.000000000000000000, -7.500000000000000000 ) ) ;
#528 = ORIENTED_EDGE ( 'NONE', *, *, #1594, .F. ) ;
#529 = CARTESIAN_POINT ( 'NONE',  ( 57.99999999999999289, 0.02500000000000006384, -7.500000000000000000 ) ) ;
#530 = ORIENTED_EDGE ( 'NONE', *, *, #1387, .F. ) ;
#531 = VERTEX_POINT ( 'NONE', #1840 ) ;
#532 = DIRECTION ( 'NONE',  ( 0.000000000000000000, 0.000000000000000000, -1.000000000000000000 ) ) ;
#533 = ADVANCED_FACE ( 'NONE', ( #2518 ), #2285, .T. ) ;
#534 = AXIS2_PLACEMENT_3D ( 'NONE', #1027, #1056, #1970 ) ;
#535 = CARTESIAN_POINT ( 'NONE',  ( 58.00000000000000000, 6.000000000000000000, -12.00000000000001243 ) ) ;
#536 = CARTESIAN_POINT ( 'NONE',  ( 6.000000000000005329, 0.000000000000000000, -7.500000000000000000 ) ) ;
#537 = EDGE_CURVE ( 'NONE', #671, #486, #1350, .T. ) ;
#538 = CIRCLE ( 'NONE', #1427, 3.250000000000002665 ) ;
#539 = CARTESIAN_POINT ( 'NONE',  ( 106.0000000000000000, 10.71999999999999886, -115.9400000000000119 ) ) ;
#540 = ORIENTED_EDGE ( 'NONE', *, *, #2399, .F. ) ;
#541 = CARTESIAN_POINT ( 'NONE',  ( 58.00000000000000000, 6.000000000000000000, -7.500000000000000000 ) ) ;
#542 = DIRECTION ( 'NONE',  ( -0.000000000000000000, -1.000000000000000000, -0.000000000000000000 ) ) ;
#543 = PLANE ( 'NONE',  #663 ) ;
#544 = VERTEX_POINT ( 'NONE', #3048 ) ;
#545 = DIRECTION ( 'NONE',  ( 0.000000000000000000, -0.7071067811865874297, -0.7071067811865076047 ) ) ;
#546 = ORIENTED_EDGE ( 'NONE', *, *, #193, .T. ) ;
#547 = ORIENTED_EDGE ( 'NONE', *, *, #1441, .F. ) ;
#548 = DIRECTION ( 'NONE',  ( 0.000000000000000000, 0.000000000000000000, -1.000000000000000000 ) ) ;
#549 = VERTEX_POINT ( 'NONE', #693 ) ;
#550 = LINE ( 'NONE', #1497, #2049 ) ;
#551 = ADVANCED_FACE ( 'NONE', ( #2615, #1230 ), #1685, .F. ) ;
#552 = LINE ( 'NONE', #2483, #2200 ) ;
#553 = ORIENTED_EDGE ( 'NONE', *, *, #1183, .T. ) ;
#554 = DIRECTION ( 'NONE',  ( -0.000000000000000000, -1.000000000000000000, -0.000000000000000000 ) ) ;
#555 = FACE_OUTER_BOUND ( 'NONE', #1365, .T. ) ;
#556 = EDGE_CURVE ( 'NONE', #2603, #2429, #930, .T. ) ;
#557 = CARTESIAN_POINT ( 'NONE',  ( 0.000000000000000000, 36.00000000000000711, -166.0000000000000000 ) ) ;
#558 = ORIENTED_EDGE ( 'NONE', *, *, #1728, .F. ) ;
#559 = CARTESIAN_POINT ( 'NONE',  ( 106.0000000000000000, 24.11999999999999744, -147.9399999999999977 ) ) ;
#560 = DIRECTION ( 'NONE',  ( -0.000000000000000000, -1.000000000000000000, -0.000000000000000000 ) ) ;
#561 = CIRCLE ( 'NONE', #2686, 3.275000000000000355 ) ;
#562 = ORIENTED_EDGE ( 'NONE', *, *, #2071, .T. ) ;
#563 = APPLICATION_CONTEXT ( 'configuration controlled 3d designs of mechanical parts and assemblies' ) ;
#564 = LINE ( 'NONE', #2904, #511 ) ;
#565 = AXIS2_PLACEMENT_3D ( 'NONE', #1775, #1992, #2936 ) ;
#566 = ORGANIZATION ( 'UNSPECIFIED', 'UNSPECIFIED', '' ) ;
#567 = ORIENTED_EDGE ( 'NONE', *, *, #1482, .F. ) ;
#568 = FACE_OUTER_BOUND ( 'NONE', #239, .T. ) ;
#569 = AXIS2_PLACEMENT_3D ( 'NONE', #103, #1960, #1280 ) ;
#570 = CARTESIAN_POINT ( 'NONE',  ( 6.000000000000005329, 0.02500000000000006384, -7.500000000000000000 ) ) ;
#571 = VERTEX_POINT ( 'NONE', #2157 ) ;
#572 = CARTESIAN_POINT ( 'NONE',  ( 6.000000000000000000, 6.000000000000000000, -165.0000000000000000 ) ) ;
#573 = LINE ( 'NONE', #1520, #789 ) ;
#574 = EDGE_CURVE ( 'NONE', #2812, #2980, #447, .T. ) ;
#575 = PLANE ( 'NONE',  #2548 ) ;
#576 = EDGE_LOOP ( 'NONE', ( #1958, #244, #332, #300 ) ) ;
#577 = DIRECTION ( 'NONE',  ( 0.000000000000000000, 0.000000000000000000, -1.000000000000000000 ) ) ;
#578 = LINE ( 'NONE', #1029, #2841 ) ;
#579 = ORIENTED_EDGE ( 'NONE', *, *, #2617, .T. ) ;
#580 = EDGE_CURVE ( 'NONE', #1413, #2595, #504, .T. ) ;
#581 = PLANE ( 'NONE',  #2502 ) ;
#582 = ORIENTED_EDGE ( 'NONE', *, *, #1337, .T. ) ;
#583 = LINE ( 'NONE', #2230, #1953 ) ;
#584 = FACE_BOUND ( 'NONE', #2194, .T. ) ;
#585 = DIRECTION ( 'NONE',  ( 0.000000000000000000, 0.000000000000000000, -1.000000000000000000 ) ) ;
#586 = AXIS2_PLACEMENT_3D ( 'NONE', #2665, #542, #2018 ) ;
#587 = CARTESIAN_POINT ( 'NONE',  ( 6.000000000000005329, 0.000000000000000000, -10.75000000000000000 ) ) ;
#588 = ORIENTED_EDGE ( 'NONE', *, *, #389, .T. ) ;
#589 = DIRECTION ( 'NONE',  ( -0.000000000000000000, 1.000000000000000000, -0.000000000000000000 ) ) ;
#590 = DIRECTION ( 'NONE',  ( -0.000000000000000000, -1.000000000000000000, -0.000000000000000000 ) ) ;
#591 = CIRCLE ( 'NONE', #483, 4.500000000000003553 ) ;
#592 = FACE_OUTER_BOUND ( 'NONE', #2421, .T. ) ;
#593 = EDGE_CURVE ( 'NONE', #1224, #1289, #2719, .T. ) ;
#594 = DIRECTION ( 'NONE',  ( -0.000000000000000000, 1.000000000000000000, -0.000000000000000000 ) ) ;
#595 = CARTESIAN_POINT ( 'NONE',  ( 96.00000000000000000, 10.71999999999999886, -107.9400000000000119 ) ) ;
#596 = ORIENTED_EDGE ( 'NONE', *, *, #2968, .F. ) ;
#597 = ORIENTED_EDGE ( 'NONE', *, *, #1075, .T. ) ;
#598 = EDGE_CURVE ( 'NONE', #494, #1915, #947, .T. ) ;
#599 = CARTESIAN_POINT ( 'NONE',  ( 106.0000000000000000, 36.00000000000000711, -166.0000000000000000 ) ) ;
#600 = EDGE_CURVE ( 'NONE', #390, #732, #1393, .T. ) ;
#601 = PLANE ( 'NONE',  #704 ) ;
#602 = DIRECTION ( 'NONE',  ( 0.000000000000000000, -1.000000000000000000, 0.000000000000000000 ) ) ;
#603 = DIRECTION ( 'NONE',  ( -0.000000000000000000, -1.000000000000000000, -0.000000000000000000 ) ) ;
#604 = ORIENTED_EDGE ( 'NONE', *, *, #2247, .T. ) ;
#605 = CARTESIAN_POINT ( 'NONE',  ( 106.0000000000000000, 10.71999999999999886, -132.0599999999999739 ) ) ;
#606 = DIRECTION ( 'NONE',  ( 0.000000000000000000, 0.000000000000000000, -1.000000000000000000 ) ) ;
#607 = CARTESIAN_POINT ( 'NONE',  ( 0.000000000000000000, 36.00000000000000711, -168.0000000000000000 ) ) ;
#608 = VERTEX_POINT ( 'NONE', #2108 ) ;
#609 = EDGE_LOOP ( 'NONE', ( #2470, #201, #1046, #2537 ) ) ;
#610 = PLANE ( 'NONE',  #2206 ) ;
#611 = EDGE_CURVE ( 'NONE', #915, #2232, #2390, .T. ) ;
#612 = ADVANCED_FACE ( 'NONE', ( #743, #18, #211, #998, #1409, #1932, #2359, #1918, #2173 ), #2631, .F. ) ;
#613 = FACE_BOUND ( 'NONE', #2286, .T. ) ;
#614 = DIRECTION ( 'NONE',  ( 0.000000000000000000, 0.000000000000000000, -1.000000000000000000 ) ) ;
#615 = AXIS2_PLACEMENT_3D ( 'NONE', #2538, #702, #1375 ) ;
#616 = VECTOR ( 'NONE', #1610, 1000.000000000000000 ) ;
#617 = EDGE_CURVE ( 'NONE', #1740, #104, #2829, .T. ) ;
#618 = CIRCLE ( 'NONE', #77, 1.700000000000007061 ) ;
#619 = ORIENTED_EDGE ( 'NONE', *, *, #1783, .T. ) ;
#620 = DIRECTION ( 'NONE',  ( 0.000000000000000000, 0.000000000000000000, -1.000000000000000000 ) ) ;
#621 = VECTOR ( 'NONE', #2875, 1000.000000000000000 ) ;
#622 = CIRCLE ( 'NONE', #1163, 3.275000000000000355 ) ;
#623 = CARTESIAN_POINT ( 'NONE',  ( 10.00000000000000000, 22.01999999999999957, -74.50000000000002842 ) ) ;
#624 = VERTEX_POINT ( 'NONE', #458 ) ;
#625 = CARTESIAN_POINT ( 'NONE',  ( 0.000000000000000000, 36.00000000000000711, -2.000000000000000000 ) ) ;
#626 = EDGE_LOOP ( 'NONE', ( #1780, #785, #1864, #2141 ) ) ;
#627 = ORIENTED_EDGE ( 'NONE', *, *, #940, .T. ) ;
#628 = CARTESIAN_POINT ( 'NONE',  ( 104.0000000000000000, 10.71999999999999886, -155.9399999999999977 ) ) ;
#629 = CARTESIAN_POINT ( 'NONE',  ( 106.0000000000000000, 10.71999999999999886, -115.9400000000000119 ) ) ;
#630 = ADVANCED_FACE ( 'NONE', ( #1657 ), #708, .F. ) ;
#631 = CARTESIAN_POINT ( 'NONE',  ( 96.00000000000000000, 24.11999999999999744, -132.0599999999999739 ) ) ;
#632 = EDGE_LOOP ( 'NONE', ( #484, #507, #2411, #1772 ) ) ;
#633 = FACE_OUTER_BOUND ( 'NONE', #884, .T. ) ;
#634 = ADVANCED_FACE ( 'NONE', ( #245 ), #1192, .F. ) ;
#635 = CARTESIAN_POINT ( 'NONE',  ( 6.000000000000005329, 0.000000000000000000, -163.7750000000000057 ) ) ;
#636 = DIRECTION ( 'NONE',  ( 0.000000000000000000, 0.000000000000000000, -1.000000000000000000 ) ) ;
#637 = AXIS2_PLACEMENT_3D ( 'NONE', #3055, #2382, #251 ) ;
#638 = ORIENTED_EDGE ( 'NONE', *, *, #2131, .F. ) ;
#639 = CARTESIAN_POINT ( 'NONE',  ( 104.0000000000000000, 0.000000000000000000, -168.0000000000000000 ) ) ;
#640 = VERTEX_POINT ( 'NONE', #259 ) ;
#641 = DIRECTION ( 'NONE',  ( -0.000000000000000000, -1.000000000000000000, -0.000000000000000000 ) ) ;
#642 = CARTESIAN_POINT ( 'NONE',  ( 59.69999999999999574, 3.399999999999999023, -160.5000000000000000 ) ) ;
#643 = DIRECTION ( 'NONE',  ( 0.000000000000000000, 0.000000000000000000, -1.000000000000000000 ) ) ;
#644 = APPROVAL ( #2, 'UNSPECIFIED' ) ;
#645 = EDGE_LOOP ( 'NONE', ( #58, #2583, #582, #2753 ) ) ;
#646 = CARTESIAN_POINT ( 'NONE',  ( 106.0000000000000000, 24.11999999999999744, -67.93999999999999773 ) ) ;
#647 = EDGE_CURVE ( 'NONE', #172, #2043, #343, .T. ) ;
#648 = ADVANCED_FACE ( 'NONE', ( #555 ), #359, .F. ) ;
#649 = PERSON_AND_ORGANIZATION ( #951, #566 ) ;
#650 = DIRECTION ( 'NONE',  ( -8.462065736472229849E-17, 0.000000000000000000, -1.000000000000000000 ) ) ;
#651 = ORIENTED_EDGE ( 'NONE', *, *, #2766, .T. ) ;
#652 = CARTESIAN_POINT ( 'NONE',  ( 2.000000000000000000, 36.00000000000000711, -166.0000000000000000 ) ) ;
#653 = EDGE_LOOP ( 'NONE', ( #1478, #1540, #707, #328 ) ) ;
#654 = AXIS2_PLACEMENT_3D ( 'NONE', #2711, #589, #1089 ) ;
#655 = FACE_OUTER_BOUND ( 'NONE', #996, .T. ) ;
#656 = DIRECTION ( 'NONE',  ( -0.000000000000000000, -1.000000000000000000, -0.000000000000000000 ) ) ;
#657 = LINE ( 'NONE', #2809, #1405 ) ;
#658 = AXIS2_PLACEMENT_3D ( 'NONE', #642, #2481, #1084 ) ;
#659 = VECTOR ( 'NONE', #2874, 1000.000000000000000 ) ;
#660 = VERTEX_POINT ( 'NONE', #1010 ) ;
#661 = CARTESIAN_POINT ( 'NONE',  ( 106.0000000000000000, 10.71999999999999886, -147.9399999999999977 ) ) ;
#662 = VECTOR ( 'NONE', #1479, 1000.000000000000000 ) ;
#663 = AXIS2_PLACEMENT_3D ( 'NONE', #2440, #310, #38 ) ;
#664 = PERSON_AND_ORGANIZATION ( #951, #566 ) ;
#665 = ORIENTED_EDGE ( 'NONE', *, *, #2541, .T. ) ;
#666 = AXIS2_PLACEMENT_3D ( 'NONE', #1801, #152, #2558 ) ;
#667 = CARTESIAN_POINT ( 'NONE',  ( 6.000000000000005329, 6.000000000000000000, -7.500000000000000000 ) ) ;
#668 = ADVANCED_FACE ( 'NONE', ( #2423 ), #342, .F. ) ;
#669 = AXIS2_PLACEMENT_3D ( 'NONE', #282, #2112, #1639 ) ;
#670 = CARTESIAN_POINT ( 'NONE',  ( 104.0000000000000000, 10.72000000000000064, -40.00000000000000000 ) ) ;
#671 = VERTEX_POINT ( 'NONE', #1472 ) ;
#672 = PLANE ( 'NONE',  #2948 ) ;
#673 = EDGE_CURVE ( 'NONE', #469, #2603, #2175, .T. ) ;
#674 = LINE ( 'NONE', #2130, #1946 ) ;
#675 = CARTESIAN_POINT ( 'NONE',  ( 106.0000000000000000, 10.71999999999999886, -52.06000000000000227 ) ) ;
#676 = ORIENTED_EDGE ( 'NONE', *, *, #1422, .F. ) ;
#677 = CARTESIAN_POINT ( 'NONE',  ( 104.0000000000000000, 36.00000000000000711, -140.0600000000000023 ) ) ;
#678 = DATE_AND_TIME ( #883, #462 ) ;
#679 = ORIENTED_EDGE ( 'NONE', *, *, #574, .F. ) ;
#680 = CARTESIAN_POINT ( 'NONE',  ( 0.000000000000000000, 2.000000000000000000, -2.000000000000000000 ) ) ;
#681 = CC_DESIGN_PERSON_AND_ORGANIZATION_ASSIGNMENT ( #2297, #171, ( #728 ) ) ;
#682 = DIRECTION ( 'NONE',  ( 1.000000000000000000, -0.000000000000000000, -0.000000000000000000 ) ) ;
#683 = ORIENTED_EDGE ( 'NONE', *, *, #1627, .F. ) ;
#684 = AXIS2_PLACEMENT_3D ( 'NONE', #2877, #258, #36 ) ;
#685 = DIRECTION ( 'NONE',  ( 1.000000000000000000, 0.000000000000000000, -0.000000000000000000 ) ) ;
#686 = AXIS2_PLACEMENT_3D ( 'NONE', #2682, #1059, #2505 ) ;
#687 = ADVANCED_FACE ( 'NONE', ( #2204 ), #2221, .F. ) ;
#688 = LINE ( 'NONE', #3024, #2445 ) ;
#689 = DIRECTION ( 'NONE',  ( 0.000000000000000000, 0.000000000000000000, -1.000000000000000000 ) ) ;
#690 = ORIENTED_EDGE ( 'NONE', *, *, #2673, .T. ) ;
#691 = CARTESIAN_POINT ( 'NONE',  ( 106.0000000000000000, 10.71999999999999886, -107.9400000000000119 ) ) ;
#692 = ORIENTED_EDGE ( 'NONE', *, *, #2559, .T. ) ;
#693 = CARTESIAN_POINT ( 'NONE',  ( 106.0000000000000000, 24.11999999999999744, -100.0600000000000165 ) ) ;
#694 = DIRECTION ( 'NONE',  ( 0.000000000000000000, -1.000000000000000000, 0.000000000000000000 ) ) ;
#695 = EDGE_LOOP ( 'NONE', ( #1593, #1476, #97, #2767 ) ) ;
#696 = DIRECTION ( 'NONE',  ( 0.000000000000000000, 0.000000000000000000, -1.000000000000000000 ) ) ;
#697 = ORIENTED_EDGE ( 'NONE', *, *, #2380, .T. ) ;
#698 = CARTESIAN_POINT ( 'NONE',  ( 0.000000000000000000, 36.00000000000000711, -2.000000000000000000 ) ) ;
#699 = LINE ( 'NONE', #3056, #373 ) ;
#700 = EDGE_CURVE ( 'NONE', #847, #741, #2117, .T. ) ;
#701 = ORIENTED_EDGE ( 'NONE', *, *, #1667, .T. ) ;
#702 = DIRECTION ( 'NONE',  ( -0.000000000000000000, 1.000000000000000000, -0.000000000000000000 ) ) ;
#703 = VERTEX_POINT ( 'NONE', #828 ) ;
#704 = AXIS2_PLACEMENT_3D ( 'NONE', #2937, #863, #2291 ) ;
#705 = ADVANCED_FACE ( 'NONE', ( #1291 ), #65, .F. ) ;
#706 = DIRECTION ( 'NONE',  ( -0.000000000000000000, -1.000000000000000000, -0.000000000000000000 ) ) ;
#707 = ORIENTED_EDGE ( 'NONE', *, *, #2464, .F. ) ;
#708 = PLANE ( 'NONE',  #2912 ) ;
#709 = VECTOR ( 'NONE', #3025, 1000.000000000000000 ) ;
#710 = AXIS2_PLACEMENT_3D ( 'NONE', #1971, #2425, #1919 ) ;
#711 = AXIS2_PLACEMENT_3D ( 'NONE', #352, #122, #386 ) ;
#712 =( GEOMETRIC_REPRESENTATION_CONTEXT ( 3 ) GLOBAL_UNCERTAINTY_ASSIGNED_CONTEXT ( ( #2293 ) ) GLOBAL_UNIT_ASSIGNED_CONTEXT ( ( #393, #854, #1339 ) ) REPRESENTATION_CONTEXT ( 'NONE', 'WORKASPACE' ) );
#713 = DIRECTION ( 'NONE',  ( 0.000000000000000000, 0.000000000000000000, -1.000000000000000000 ) ) ;
#714 = EDGE_LOOP ( 'NONE', ( #874, #297, #151, #1306 ) ) ;
#715 = LINE ( 'NONE', #509, #3041 ) ;
#716 = VECTOR ( 'NONE', #2142, 1000.000000000000000 ) ;
#717 = EDGE_LOOP ( 'NONE', ( #2159, #3015, #2791, #2998 ) ) ;
#718 = CARTESIAN_POINT ( 'NONE',  ( 6.000000000000000000, 6.000000000000000000, -7.500000000000000000 ) ) ;
#719 = FACE_OUTER_BOUND ( 'NONE', #1463, .T. ) ;
#720 = EDGE_CURVE ( 'NONE', #1983, #1638, #797, .T. ) ;
#721 = VERTEX_POINT ( 'NONE', #1244 ) ;
#722 = CARTESIAN_POINT ( 'NONE',  ( 6.000000000000000000, 6.000000000000000000, -7.500000000000000000 ) ) ;
#723 = ORIENTED_EDGE ( 'NONE', *, *, #491, .F. ) ;
#724 = CARTESIAN_POINT ( 'NONE',  ( 104.0000000000000000, 36.00000000000000711, 0.000000000000000000 ) ) ;
#725 = ADVANCED_FACE ( 'NONE', ( #1701 ), #1257, .T. ) ;
#726 = CARTESIAN_POINT ( 'NONE',  ( 6.000000000000005329, 0.000000000000000000, -160.5000000000000000 ) ) ;
#727 = DIRECTION ( 'NONE',  ( 0.000000000000000000, 0.000000000000000000, -1.000000000000000000 ) ) ;
#728 = PRODUCT ( 'housing_body', 'housing_body', '', ( #2769 ) ) ;
#729 = DIRECTION ( 'NONE',  ( -0.000000000000000000, -1.000000000000000000, 0.000000000000000000 ) ) ;
#730 = VERTEX_POINT ( 'NONE', #1308 ) ;
#731 = CARTESIAN_POINT ( 'NONE',  ( 104.0000000000000000, 24.11999999999999744, -60.06000000000000227 ) ) ;
#732 = VERTEX_POINT ( 'NONE', #2897 ) ;
#733 = EDGE_LOOP ( 'NONE', ( #1025, #2532, #553, #2717 ) ) ;
#734 = DIRECTION ( 'NONE',  ( -0.000000000000000000, -1.000000000000000000, -0.000000000000000000 ) ) ;
#735 = DIRECTION ( 'NONE',  ( 0.000000000000000000, -1.000000000000000000, -0.000000000000000000 ) ) ;
#736 = VECTOR ( 'NONE', #2144, 1000.000000000000000 ) ;
#737 = VERTEX_POINT ( 'NONE', #810 ) ;
#738 = DIRECTION ( 'NONE',  ( 0.000000000000000000, 0.000000000000000000, -1.000000000000000000 ) ) ;
#739 = ORIENTED_EDGE ( 'NONE', *, *, #2075, .F. ) ;
#740 = CARTESIAN_POINT ( 'NONE',  ( 2.000000000000000000, 2.000000000000000000, -9.561552812808836066 ) ) ;
#741 = VERTEX_POINT ( 'NONE', #1041 ) ;
#742 = FACE_OUTER_BOUND ( 'NONE', #1706, .T. ) ;
#743 = FACE_BOUND ( 'NONE', #609, .T. ) ;
#744 = ADVANCED_FACE ( 'NONE', ( #781 ), #131, .F. ) ;
#745 = ADVANCED_FACE ( 'NONE', ( #1074 ), #1749, .F. ) ;
#746 = CARTESIAN_POINT ( 'NONE',  ( 104.0000000000000000, 10.72000000000000064, -120.0000000000000000 ) ) ;
#747 = ORIENTED_EDGE ( 'NONE', *, *, #2985, .F. ) ;
#748 = CARTESIAN_POINT ( 'NONE',  ( 106.0000000000000000, 24.11999999999999744, -35.93999999999999773 ) ) ;
#749 = EDGE_LOOP ( 'NONE', ( #1105, #1481, #1411, #2406 ) ) ;
#750 = EDGE_CURVE ( 'NONE', #968, #2393, #85, .T. ) ;
#751 = EDGE_LOOP ( 'NONE', ( #417, #1879 ) ) ;
#752 = FACE_BOUND ( 'NONE', #2978, .T. ) ;
#753 = CARTESIAN_POINT ( 'NONE',  ( 6.000000000000000000, 2.000000000000000000, -7.500000000000000000 ) ) ;
#754 = AXIS2_PLACEMENT_3D ( 'NONE', #2989, #1809, #2032 ) ;
#755 = CARTESIAN_POINT ( 'NONE',  ( 106.0000000000000000, 24.11999999999999744, -12.06000000000000050 ) ) ;
#756 = FACE_OUTER_BOUND ( 'NONE', #3054, .T. ) ;
#757 = CARTESIAN_POINT ( 'NONE',  ( 106.0000000000000000, 24.11999999999999744, -92.06000000000000227 ) ) ;
#758 = ORIENTED_EDGE ( 'NONE', *, *, #999, .F. ) ;
#759 = CARTESIAN_POINT ( 'NONE',  ( 106.0000000000000000, 10.71999999999999886, -147.9399999999999977 ) ) ;
#760 = CARTESIAN_POINT ( 'NONE',  ( 6.000000000000005329, 0.000000000000000000, -163.7750000000000057 ) ) ;
#761 = CARTESIAN_POINT ( 'NONE',  ( 2.000000000000000000, 22.01999999999999957, -74.50000000000002842 ) ) ;
#762 = ORIENTED_EDGE ( 'NONE', *, *, #476, .F. ) ;
#763 = ADVANCED_FACE ( 'NONE', ( #2911 ), #2694, .F. ) ;
#764 = VECTOR ( 'NONE', #850, 1000.000000000000000 ) ;
#765 = VECTOR ( 'NONE', #729, 1000.000000000000000 ) ;
#766 = DIRECTION ( 'NONE',  ( 0.000000000000000000, -0.000000000000000000, 1.000000000000000000 ) ) ;
#767 = EDGE_LOOP ( 'NONE', ( #1030, #1420, #676, #2452 ) ) ;
#768 = AXIS2_PLACEMENT_3D ( 'NONE', #1760, #316, #1064 ) ;
#769 = LOCAL_TIME ( 14, 59, 38.00000000000000000, #420 ) ;
#770 = ORIENTED_EDGE ( 'NONE', *, *, #1108, .F. ) ;
#771 = CLOSED_SHELL ( 'NONE', ( #2823, #1672, #705, #1164, #1319, #648, #2085, #353, #1371, #1614, #1266, #744, #533, #2434, #2924, #956, #1825, #2394, #1818, #1052, #1710, #1283, #2284, #1841, #1563, #1386, #1524, #2479, #687, #2600, #1090, #2040, #745, #763, #520, #54, #2457, #1745, #1651, #551, #1018, #1034, #612, #1940, #2574, #1301, #2865, #811, #849, #2375, #2020, #1977, #411, #2718, #1070, #725, #2715, #2019, #1095, #1143, #1128, #1304, #66, #2001, #429, #879, #2035, #668, #1732, #1933, #2951, #857, #919, #289, #1892, #3053, #1390, #1488, #1690, #1278, #634, #2529, #295, #1259, #878, #472, #1356, #2921, #2616, #1338, #2070, #2516, #180, #630, #248 ) ) ;
#772 = EDGE_CURVE ( 'NONE', #524, #1311, #573, .T. ) ;
#773 = FACE_BOUND ( 'NONE', #804, .T. ) ;
#774 = VECTOR ( 'NONE', #815, 1000.000000000000000 ) ;
#775 = LINE ( 'NONE', #412, #2887 ) ;
#776 = ORIENTED_EDGE ( 'NONE', *, *, #537, .T. ) ;
#777 = PLANE ( 'NONE',  #1598 ) ;
#778 = DIRECTION ( 'NONE',  ( 0.000000000000000000, 0.000000000000000000, -1.000000000000000000 ) ) ;
#779 = ORIENTED_EDGE ( 'NONE', *, *, #2210, .T. ) ;
#780 = CARTESIAN_POINT ( 'NONE',  ( 2.000000000000000000, 7.419999999999999929, -57.49999999999999289 ) ) ;
#781 = FACE_OUTER_BOUND ( 'NONE', #880, .T. ) ;
#782 = CARTESIAN_POINT ( 'NONE',  ( 58.00000000000000000, 2.000000000000000000, -12.00000000000001243 ) ) ;
#783 = ORIENTED_EDGE ( 'NONE', *, *, #147, .T. ) ;
#784 = CARTESIAN_POINT ( 'NONE',  ( 106.0000000000000000, 10.71999999999999886, -107.9400000000000119 ) ) ;
#785 = ORIENTED_EDGE ( 'NONE', *, *, #1612, .T. ) ;
#786 = VERTEX_POINT ( 'NONE', #2000 ) ;
#787 = DIRECTION ( 'NONE',  ( -0.000000000000000000, -1.000000000000000000, -0.000000000000000000 ) ) ;
#788 = EDGE_CURVE ( 'NONE', #2980, #1726, #882, .T. ) ;
#789 = VECTOR ( 'NONE', #2472, 1000.000000000000000 ) ;
#790 = EDGE_CURVE ( 'NONE', #2644, #1184, #84, .T. ) ;
#791 = CARTESIAN_POINT ( 'NONE',  ( 104.0000000000000000, 36.00000000000000711, -132.0599999999999739 ) ) ;
#792 = AXIS2_PLACEMENT_3D ( 'NONE', #2757, #1582, #1123 ) ;
#793 = CYLINDRICAL_SURFACE ( 'NONE', #2586, 3.249999999999999556 ) ;
#794 = CARTESIAN_POINT ( 'NONE',  ( 2.000000000000000000, 22.01999999999999957, 0.000000000000000000 ) ) ;
#795 = ORIENTED_EDGE ( 'NONE', *, *, #2734, .F. ) ;
#796 = FACE_OUTER_BOUND ( 'NONE', #2235, .T. ) ;
#797 = LINE ( 'NONE', #1538, #2760 ) ;
#798 = CARTESIAN_POINT ( 'NONE',  ( 6.000000000000000888, 2.000000000000000000, -2.999999999999996447 ) ) ;
#799 = EDGE_LOOP ( 'NONE', ( #471, #385, #1035, #2426 ) ) ;
#800 = DIRECTION ( 'NONE',  ( 0.000000000000000000, 1.000000000000000000, 0.000000000000000000 ) ) ;
#801 = ORIENTED_EDGE ( 'NONE', *, *, #1075, .F. ) ;
#802 = ORIENTED_EDGE ( 'NONE', *, *, #33, .T. ) ;
#803 = CARTESIAN_POINT ( 'NONE',  ( 104.0000000000000000, 24.11999999999999744, -120.0000000000000000 ) ) ;
#804 = EDGE_LOOP ( 'NONE', ( #2377, #394 ) ) ;
#805 = EDGE_CURVE ( 'NONE', #24, #2214, #982, .T. ) ;
#806 = CARTESIAN_POINT ( 'NONE',  ( 104.0000000000000000, 36.00000000000000711, -168.0000000000000000 ) ) ;
#807 = PLANE ( 'NONE',  #2148 ) ;
#808 = ORIENTED_EDGE ( 'NONE', *, *, #1159, .F. ) ;
#809 = CARTESIAN_POINT ( 'NONE',  ( 2.000000000000000000, 6.000000000000000000, -9.561552812808836066 ) ) ;
#810 = CARTESIAN_POINT ( 'NONE',  ( 104.0000000000000000, 10.71999999999999886, -140.0600000000000023 ) ) ;
#811 = ADVANCED_FACE ( 'NONE', ( #2437 ), #52, .T. ) ;
#812 = CARTESIAN_POINT ( 'NONE',  ( 6.000000000000005329, 0.000000000000000000, -158.7999999999999829 ) ) ;
#813 = ORIENTED_EDGE ( 'NONE', *, *, #1446, .T. ) ;
#814 = DIRECTION ( 'NONE',  ( 0.000000000000000000, 0.000000000000000000, 1.000000000000000000 ) ) ;
#815 = DIRECTION ( 'NONE',  ( -1.000000000000000000, 0.000000000000000000, 0.000000000000000000 ) ) ;
#816 = VERTEX_POINT ( 'NONE', #2422 ) ;
#817 = ORIENTED_EDGE ( 'NONE', *, *, #1325, .F. ) ;
#818 = LINE ( 'NONE', #599, #1652 ) ;
#819 = CONICAL_SURFACE ( 'NONE', #2689, 3.275000000000000355, 0.7853981633974612686 ) ;
#820 = VECTOR ( 'NONE', #2261, 1000.000000000000000 ) ;
#821 = VECTOR ( 'NONE', #1447, 1000.000000000000000 ) ;
#822 = CIRCLE ( 'NONE', #1954, 4.500000000000012434 ) ;
#823 = LINE ( 'NONE', #95, #865 ) ;
#824 = VECTOR ( 'NONE', #57, 1000.000000000000000 ) ;
#825 = CARTESIAN_POINT ( 'NONE',  ( 6.000000000000005329, 0.000000000000000000, -160.5000000000000000 ) ) ;
#826 = ORIENTED_EDGE ( 'NONE', *, *, #1546, .F. ) ;
#827 = DIRECTION ( 'NONE',  ( -1.000000000000000000, 0.000000000000000000, -0.000000000000000000 ) ) ;
#828 = CARTESIAN_POINT ( 'NONE',  ( 6.000000000000005329, 3.399999999999998579, -162.2000000000000171 ) ) ;
#829 = EDGE_CURVE ( 'NONE', #2289, #2919, #2407, .T. ) ;
#830 = CARTESIAN_POINT ( 'NONE',  ( 6.000000000000005329, 0.000000000000000000, -7.500000000000000000 ) ) ;
#831 = VERTEX_POINT ( 'NONE', #2614 ) ;
#832 = DIRECTION ( 'NONE',  ( 0.000000000000000000, 0.000000000000000000, -1.000000000000000000 ) ) ;
#833 = CARTESIAN_POINT ( 'NONE',  ( 0.000000000000000000, 36.00000000000000711, -166.0000000000000000 ) ) ;
#834 = ORIENTED_EDGE ( 'NONE', *, *, #1807, .F. ) ;
#835 = EDGE_LOOP ( 'NONE', ( #348, #1208, #988, #1126 ) ) ;
#836 = PLANE ( 'NONE',  #2889 ) ;
#837 = DIRECTION ( 'NONE',  ( -0.000000000000000000, -1.000000000000000000, -0.000000000000000000 ) ) ;
#838 = DIRECTION ( 'NONE',  ( 0.000000000000000000, 0.000000000000000000, -1.000000000000000000 ) ) ;
#839 = VERTEX_POINT ( 'NONE', #997 ) ;
#840 = LINE ( 'NONE', #2236, #1822 ) ;
#841 = VECTOR ( 'NONE', #423, 1000.000000000000000 ) ;
#842 = DIRECTION ( 'NONE',  ( 0.000000000000000000, 0.000000000000000000, -1.000000000000000000 ) ) ;
#843 = CARTESIAN_POINT ( 'NONE',  ( 96.00000000000000000, 10.71999999999999886, -12.06000000000000227 ) ) ;
#844 = EDGE_CURVE ( 'NONE', #1470, #2732, #1951, .T. ) ;
#845 = VERTEX_POINT ( 'NONE', #1700 ) ;
#846 = EDGE_CURVE ( 'NONE', #2745, #2670, #1471, .T. ) ;
#847 = VERTEX_POINT ( 'NONE', #307 ) ;
#848 = DIRECTION ( 'NONE',  ( 0.000000000000000000, -0.000000000000000000, 1.000000000000000000 ) ) ;
#849 = ADVANCED_FACE ( 'NONE', ( #1256, #1931 ), #2172, .T. ) ;
#850 = DIRECTION ( 'NONE',  ( -0.000000000000000000, -0.000000000000000000, 1.000000000000000000 ) ) ;
#851 = CARTESIAN_POINT ( 'NONE',  ( 106.0000000000000000, 36.00000000000000711, 0.000000000000000000 ) ) ;
#852 = ORIENTED_EDGE ( 'NONE', *, *, #2546, .F. ) ;
#853 = CARTESIAN_POINT ( 'NONE',  ( 57.99999999999999289, 3.399999999999998579, -160.5000000000000000 ) ) ;
#854 =( NAMED_UNIT ( * ) PLANE_ANGLE_UNIT ( ) SI_UNIT ( $, .RADIAN. ) );
#855 = DIRECTION ( 'NONE',  ( 0.000000000000000000, -1.000000000000000000, 0.000000000000000000 ) ) ;
#856 = ORIENTED_EDGE ( 'NONE', *, *, #1498, .T. ) ;
#857 = ADVANCED_FACE ( 'NONE', ( #2664 ), #2138, .F. ) ;
#858 = DIRECTION ( 'NONE',  ( 0.000000000000000000, 0.000000000000000000, 1.000000000000000000 ) ) ;
#859 = VERTEX_POINT ( 'NONE', #780 ) ;
#860 = DIRECTION ( 'NONE',  ( -0.000000000000000000, -1.000000000000000000, -0.000000000000000000 ) ) ;
#861 = CIRCLE ( 'NONE', #1643, 1.700000000000007061 ) ;
#862 = EDGE_CURVE ( 'NONE', #2262, #971, #962, .T. ) ;
#863 = DIRECTION ( 'NONE',  ( -1.000000000000000000, 0.000000000000000000, 0.000000000000000000 ) ) ;
#864 = LINE ( 'NONE', #403, #1560 ) ;
#865 = VECTOR ( 'NONE', #1332, 1000.000000000000000 ) ;
#866 = VECTOR ( 'NONE', #3009, 1000.000000000000000 ) ;
#867 = VECTOR ( 'NONE', #2311, 1000.000000000000000 ) ;
#868 = EDGE_LOOP ( 'NONE', ( #1154, #1518, #1566, #1795 ) ) ;
#869 = CARTESIAN_POINT ( 'NONE',  ( 96.00000000000000000, 10.71999999999999886, -75.94000000000001194 ) ) ;
#870 = DIRECTION ( 'NONE',  ( 0.000000000000000000, 0.000000000000000000, -1.000000000000000000 ) ) ;
#871 = DIRECTION ( 'NONE',  ( 1.000000000000000000, 0.000000000000000000, -8.462065736472229849E-17 ) ) ;
#872 = ORIENTED_EDGE ( 'NONE', *, *, #2127, .T. ) ;
#873 = CARTESIAN_POINT ( 'NONE',  ( 96.00000000000000000, 24.11999999999999744, -52.06000000000000227 ) ) ;
#874 = ORIENTED_EDGE ( 'NONE', *, *, #1959, .F. ) ;
#875 = FACE_OUTER_BOUND ( 'NONE', #2758, .T. ) ;
#876 = FACE_OUTER_BOUND ( 'NONE', #1092, .T. ) ;
#877 = DIRECTION ( 'NONE',  ( 1.000000000000000000, -0.000000000000000000, -0.000000000000000000 ) ) ;
#878 = ADVANCED_FACE ( 'NONE', ( #796 ), #1684, .F. ) ;
#879 = ADVANCED_FACE ( 'NONE', ( #1735 ), #2155, .F. ) ;
#880 = EDGE_LOOP ( 'NONE', ( #1839, #42, #1588, #2700 ) ) ;
#881 = CARTESIAN_POINT ( 'NONE',  ( 106.0000000000000000, 10.71999999999999886, -75.94000000000001194 ) ) ;
#882 = CIRCLE ( 'NONE', #2522, 3.275000000000000355 ) ;
#883 = CALENDAR_DATE ( 2025, 8, 7 ) ;
#884 = EDGE_LOOP ( 'NONE', ( #2867, #1404, #1388, #2499 ) ) ;
#885 = LINE ( 'NONE', #680, #841 ) ;
#886 = VECTOR ( 'NONE', #1909, 1000.000000000000000 ) ;
#887 = EDGE_LOOP ( 'NONE', ( #313, #223, #949, #446 ) ) ;
#888 = CARTESIAN_POINT ( 'NONE',  ( 2.000000000000000000, 36.00000000000000711, -2.000000000000000000 ) ) ;
#889 = EDGE_LOOP ( 'NONE', ( #1032, #1017, #1402, #1407 ) ) ;
#890 = CARTESIAN_POINT ( 'NONE',  ( 104.0000000000000000, 24.11999999999999744, -20.06000000000000227 ) ) ;
#891 = DIRECTION ( 'NONE',  ( -0.000000000000000000, -1.000000000000000000, -0.000000000000000000 ) ) ;
#892 = DIRECTION ( 'NONE',  ( 0.000000000000000000, 1.000000000000000000, 0.000000000000000000 ) ) ;
#893 = EDGE_CURVE ( 'NONE', #1289, #2016, #1917, .T. ) ;
#894 = ORIENTED_EDGE ( 'NONE', *, *, #2819, .F. ) ;
#895 = CARTESIAN_POINT ( 'NONE',  ( 6.000000000000005329, 0.000000000000000000, -7.500000000000000000 ) ) ;
#896 = AXIS2_PLACEMENT_3D ( 'NONE', #1454, #2895, #1229 ) ;
#897 = DATE_AND_TIME ( #208, #379 ) ;
#898 = ORIENTED_EDGE ( 'NONE', *, *, #231, .F. ) ;
#899 = EDGE_CURVE ( 'NONE', #1341, #2745, #2650, .T. ) ;
#900 = CARTESIAN_POINT ( 'NONE',  ( 98.99999999999998579, 6.000000000000000000, -166.0000000000000000 ) ) ;
#901 = VECTOR ( 'NONE', #2044, 1000.000000000000000 ) ;
#902 = LINE ( 'NONE', #921, #866 ) ;
#903 = ORIENTED_EDGE ( 'NONE', *, *, #439, .T. ) ;
#904 = LINE ( 'NONE', #1344, #378 ) ;
#905 = ORIENTED_EDGE ( 'NONE', *, *, #1531, .F. ) ;
#906 = CARTESIAN_POINT ( 'NONE',  ( 6.000000000000005329, 3.399999999999998579, -160.5000000000000000 ) ) ;
#907 = VECTOR ( 'NONE', #891, 1000.000000000000000 ) ;
#908 = DIRECTION ( 'NONE',  ( -0.000000000000000000, -0.000000000000000000, 1.000000000000000000 ) ) ;
#909 = VECTOR ( 'NONE', #2674, 1000.000000000000000 ) ;
#910 = ORIENTED_EDGE ( 'NONE', *, *, #1916, .T. ) ;
#911 = CARTESIAN_POINT ( 'NONE',  ( 10.00000000000000000, 7.419999999999999929, -74.50000000000000000 ) ) ;
#912 = CIRCLE ( 'NONE', #1899, 4.500000000000003553 ) ;
#913 = AXIS2_PLACEMENT_3D ( 'NONE', #1936, #1012, #1686 ) ;
#914 = DATE_AND_TIME ( #1144, #1511 ) ;
#915 = VERTEX_POINT ( 'NONE', #1501 ) ;
#916 = CIRCLE ( 'NONE', #517, 3.250000000000002665 ) ;
#917 = CARTESIAN_POINT ( 'NONE',  ( 6.000000000000000888, 6.000000000000000000, -2.999999999999996447 ) ) ;
#918 = PRODUCT_DEFINITION_FORMATION_WITH_SPECIFIED_SOURCE ( 'ANY', '', #728, .NOT_KNOWN. ) ;
#919 = ADVANCED_FACE ( 'NONE', ( #742 ), #1493, .F. ) ;
#920 = EDGE_CURVE ( 'NONE', #1138, #1747, #1550, .T. ) ;
#921 = CARTESIAN_POINT ( 'NONE',  ( 2.000000000000000000, 2.000000000000000000, 0.000000000000000000 ) ) ;
#922 = ORIENTED_EDGE ( 'NONE', *, *, #2941, .F. ) ;
#923 = CARTESIAN_POINT ( 'NONE',  ( 0.000000000000000000, 36.00000000000000711, -168.0000000000000000 ) ) ;
#924 = DIRECTION ( 'NONE',  ( 0.000000000000000000, -0.000000000000000000, 1.000000000000000000 ) ) ;
#925 = DIRECTION ( 'NONE',  ( 0.000000000000000000, 0.000000000000000000, -1.000000000000000000 ) ) ;
#926 = ORIENTED_EDGE ( 'NONE', *, *, #2109, .T. ) ;
#927 = CARTESIAN_POINT ( 'NONE',  ( 6.000000000000005329, 0.000000000000000000, -160.5000000000000000 ) ) ;
#928 = SHAPE_DEFINITION_REPRESENTATION ( #2165, #402 ) ;
#929 = ORIENTED_EDGE ( 'NONE', *, *, #2546, .T. ) ;
#930 = LINE ( 'NONE', #1903, #1725 ) ;
#931 = DIRECTION ( 'NONE',  ( 1.000000000000000000, -0.000000000000000000, -0.000000000000000000 ) ) ;
#932 = ORIENTED_EDGE ( 'NONE', *, *, #2902, .T. ) ;
#933 = EDGE_CURVE ( 'NONE', #1500, #24, #1537, .T. ) ;
#934 = VECTOR ( 'NONE', #2962, 1000.000000000000000 ) ;
#935 = FACE_OUTER_BOUND ( 'NONE', #2052, .T. ) ;
#936 = VECTOR ( 'NONE', #1636, 1000.000000000000000 ) ;
#937 = AXIS2_PLACEMENT_3D ( 'NONE', #853, #113, #1324 ) ;
#938 = ORIENTED_EDGE ( 'NONE', *, *, #349, .F. ) ;
#939 = CARTESIAN_POINT ( 'NONE',  ( 6.000000000000005329, 0.000000000000000000, -9.199999999999995737 ) ) ;
#940 = EDGE_CURVE ( 'NONE', #816, #1536, #2485, .T. ) ;
#941 = LINE ( 'NONE', #1679, #821 ) ;
#942 = EDGE_LOOP ( 'NONE', ( #2873, #1655, #39, #2062 ) ) ;
#943 = CARTESIAN_POINT ( 'NONE',  ( 7.700000000000003730, 3.399999999999999023, -7.500000000000000000 ) ) ;
#944 = ORIENTED_EDGE ( 'NONE', *, *, #556, .F. ) ;
#945 = CARTESIAN_POINT ( 'NONE',  ( 58.00000000000000000, 6.000000000000000000, -160.5000000000000000 ) ) ;
#946 = ORIENTED_EDGE ( 'NONE', *, *, #2559, .F. ) ;
#947 = LINE ( 'NONE', #1176, #2811 ) ;
#948 = LINE ( 'NONE', #1886, #2940 ) ;
#949 = ORIENTED_EDGE ( 'NONE', *, *, #2639, .T. ) ;
#950 = CARTESIAN_POINT ( 'NONE',  ( 58.00000000000000000, 6.000000000000000000, -160.5000000000000000 ) ) ;
#951 = PERSON ( 'UNSPECIFIED', 'UNSPECIFIED', 'UNSPECIFIED', ('UNSPECIFIED'), ('UNSPECIFIED'), ('UNSPECIFIED') ) ;
#952 = EDGE_CURVE ( 'NONE', #571, #1632, #2251, .T. ) ;
#953 = ORIENTED_EDGE ( 'NONE', *, *, #2786, .F. ) ;
#954 = CARTESIAN_POINT ( 'NONE',  ( 2.000000000000000000, 6.000000000000000000, -5.438447187191163046 ) ) ;
#955 = CYLINDRICAL_SURFACE ( 'NONE', #1213, 3.250000000000002665 ) ;
#956 = ADVANCED_FACE ( 'NONE', ( #1307 ), #2944, .T. ) ;
#957 = EDGE_CURVE ( 'NONE', #608, #1138, #358, .T. ) ;
#958 = VERTEX_POINT ( 'NONE', #2220 ) ;
#959 = CARTESIAN_POINT ( 'NONE',  ( 96.00000000000000000, 24.11999999999999744, -12.06000000000000050 ) ) ;
#960 = ORIENTED_EDGE ( 'NONE', *, *, #3049, .T. ) ;
#961 = CARTESIAN_POINT ( 'NONE',  ( 6.000000000000000000, 6.000000000000000000, -160.5000000000000000 ) ) ;
#962 = LINE ( 'NONE', #2188, #1086 ) ;
#963 = CARTESIAN_POINT ( 'NONE',  ( 2.000000000000000000, 6.000000000000000000, -5.438447187191163046 ) ) ;
#964 = AXIS2_PLACEMENT_3D ( 'NONE', #120, #2747, #2520 ) ;
#965 = VECTOR ( 'NONE', #2590, 1000.000000000000000 ) ;
#966 = CC_DESIGN_SECURITY_CLASSIFICATION ( #1458, ( #918 ) ) ;
#967 = CARTESIAN_POINT ( 'NONE',  ( 58.00000000000000000, 6.000000000000000000, -7.500000000000000000 ) ) ;
#968 = VERTEX_POINT ( 'NONE', #130 ) ;
#969 = DIRECTION ( 'NONE',  ( 0.000000000000000000, 1.000000000000000000, 0.000000000000000000 ) ) ;
#970 = VECTOR ( 'NONE', #1190, 1000.000000000000000 ) ;
#971 = VERTEX_POINT ( 'NONE', #605 ) ;
#972 = LINE ( 'NONE', #329, #3057 ) ;
#973 = PRODUCT_DEFINITION ( 'UNKNOWN', '', #918, #1115 ) ;
#974 = CARTESIAN_POINT ( 'NONE',  ( 6.000000000000005329, 6.000000000000000000, -5.800000000000002487 ) ) ;
#975 = ORIENTED_EDGE ( 'NONE', *, *, #2804, .F. ) ;
#976 = EDGE_CURVE ( 'NONE', #2393, #2214, #1687, .T. ) ;
#977 = CARTESIAN_POINT ( 'NONE',  ( 6.000000000000000000, 6.000000000000000000, -160.5000000000000000 ) ) ;
#978 = VERTEX_POINT ( 'NONE', #809 ) ;
#979 = EDGE_CURVE ( 'NONE', #971, #1470, #1102, .T. ) ;
#980 = CARTESIAN_POINT ( 'NONE',  ( 104.0000000000000000, 24.11999999999999744, -80.00000000000000000 ) ) ;
#981 = ORIENTED_EDGE ( 'NONE', *, *, #1465, .T. ) ;
#982 = LINE ( 'NONE', #2848, #1178 ) ;
#983 = DIRECTION ( 'NONE',  ( 0.000000000000000000, 0.000000000000000000, -1.000000000000000000 ) ) ;
#984 = EDGE_CURVE ( 'NONE', #2814, #2517, #2693, .T. ) ;
#985 = PLANE ( 'NONE',  #1116 ) ;
#986 = DIRECTION ( 'NONE',  ( 0.000000000000000000, 0.000000000000000000, 1.000000000000000000 ) ) ;
#987 = EDGE_LOOP ( 'NONE', ( #1261, #2370, #692, #679 ) ) ;
#988 = ORIENTED_EDGE ( 'NONE', *, *, #2925, .F. ) ;
#989 = LINE ( 'NONE', #559, #736 ) ;
#990 = DIRECTION ( 'NONE',  ( -0.000000000000000000, -1.000000000000000000, -0.000000000000000000 ) ) ;
#991 = VECTOR ( 'NONE', #855, 1000.000000000000000 ) ;
#992 = ORIENTED_EDGE ( 'NONE', *, *, #940, .F. ) ;
#993 = CARTESIAN_POINT ( 'NONE',  ( 96.00000000000000000, 10.71999999999999886, -155.9399999999999977 ) ) ;
#994 = EDGE_CURVE ( 'NONE', #2599, #1131, #1040, .T. ) ;
#995 = CARTESIAN_POINT ( 'NONE',  ( 96.00000000000000000, 10.71999999999999886, -155.9399999999999977 ) ) ;
#996 = EDGE_LOOP ( 'NONE', ( #697, #701, #1785, #2212 ) ) ;
#997 = CARTESIAN_POINT ( 'NONE',  ( 104.0000000000000000, 10.71999999999999886, -132.0599999999999739 ) ) ;
#998 = FACE_BOUND ( 'NONE', #653, .T. ) ;
#999 = EDGE_CURVE ( 'NONE', #2531, #549, #840, .T. ) ;
#1000 = CARTESIAN_POINT ( 'NONE',  ( 58.00000000000000000, 6.000000000000000000, -160.5000000000000000 ) ) ;
#1001 = ORIENTED_EDGE ( 'NONE', *, *, #132, .F. ) ;
#1002 = CARTESIAN_POINT ( 'NONE',  ( 96.00000000000000000, 24.11999999999999744, -92.06000000000000227 ) ) ;
#1003 = ORIENTED_EDGE ( 'NONE', *, *, #1565, .F. ) ;
#1004 = CARTESIAN_POINT ( 'NONE',  ( 106.0000000000000000, 10.71999999999999886, -100.0600000000000165 ) ) ;
#1005 = ORIENTED_EDGE ( 'NONE', *, *, #788, .T. ) ;
#1006 = DIRECTION ( 'NONE',  ( -0.000000000000000000, -1.000000000000000000, -0.000000000000000000 ) ) ;
#1007 = CARTESIAN_POINT ( 'NONE',  ( 106.0000000000000000, 0.000000000000000000, -1.999999999999999112 ) ) ;
#1008 = ORIENTED_EDGE ( 'NONE', *, *, #1898, .F. ) ;
#1009 = DIRECTION ( 'NONE',  ( 0.000000000000000000, 0.000000000000000000, -1.000000000000000000 ) ) ;
#1010 = CARTESIAN_POINT ( 'NONE',  ( 104.0000000000000000, 24.11999999999999744, -132.0599999999999739 ) ) ;
#1011 = AXIS2_PLACEMENT_3D ( 'NONE', #1890, #2836, #190 ) ;
#1012 = DIRECTION ( 'NONE',  ( -0.000000000000000000, -1.000000000000000000, -0.000000000000000000 ) ) ;
#1013 = ORIENTED_EDGE ( 'NONE', *, *, #2305, .F. ) ;
#1014 = AXIS2_PLACEMENT_3D ( 'NONE', #959, #522, #275 ) ;
#1015 = VECTOR ( 'NONE', #364, 1000.000000000000000 ) ;
#1016 = CARTESIAN_POINT ( 'NONE',  ( 6.000000000000005329, 0.02500000000000006384, -160.5000000000000000 ) ) ;
#1017 = ORIENTED_EDGE ( 'NONE', *, *, #2497, .F. ) ;
#1018 = ADVANCED_FACE ( 'NONE', ( #2283, #341 ), #2500, .F. ) ;
#1019 = ORIENTED_EDGE ( 'NONE', *, *, #2227, .T. ) ;
#1020 = FACE_OUTER_BOUND ( 'NONE', #868, .T. ) ;
#1021 = AXIS2_PLACEMENT_3D ( 'NONE', #2749, #2319, #1127 ) ;
#1022 = ORIENTED_EDGE ( 'NONE', *, *, #1446, .F. ) ;
#1023 = DIRECTION ( 'NONE',  ( 0.000000000000000000, 0.000000000000000000, 1.000000000000000000 ) ) ;
#1024 = FACE_BOUND ( 'NONE', #306, .T. ) ;
#1025 = ORIENTED_EDGE ( 'NONE', *, *, #1959, .T. ) ;
#1026 = DIRECTION ( 'NONE',  ( -0.000000000000000000, -1.000000000000000000, -0.000000000000000000 ) ) ;
#1027 = CARTESIAN_POINT ( 'NONE',  ( 96.00000000000000000, 24.11999999999999744, -100.0600000000000165 ) ) ;
#1028 = CARTESIAN_POINT ( 'NONE',  ( 2.000000000000000000, 36.00000000000000711, -168.0000000000000000 ) ) ;
#1029 = CARTESIAN_POINT ( 'NONE',  ( 6.000000000000005329, 0.000000000000000000, -5.800000000000002487 ) ) ;
#1030 = ORIENTED_EDGE ( 'NONE', *, *, #2843, .F. ) ;
#1031 = EDGE_CURVE ( 'NONE', #2720, #2772, #1870, .T. ) ;
#1032 = ORIENTED_EDGE ( 'NONE', *, *, #1616, .F. ) ;
#1033 = DIRECTION ( 'NONE',  ( -0.000000000000000000, 1.000000000000000000, -0.000000000000000000 ) ) ;
#1034 = ADVANCED_FACE ( 'NONE', ( #633 ), #2269, .F. ) ;
#1035 = ORIENTED_EDGE ( 'NONE', *, *, #976, .F. ) ;
#1036 = AXIS2_PLACEMENT_3D ( 'NONE', #2300, #2530, #1592 ) ;
#1037 = LINE ( 'NONE', #1051, #1262 ) ;
#1038 = DIRECTION ( 'NONE',  ( -0.000000000000000000, 0.000000000000000000, 1.000000000000000000 ) ) ;
#1039 = ORIENTED_EDGE ( 'NONE', *, *, #2804, .T. ) ;
#1040 = LINE ( 'NONE', #869, #934 ) ;
#1041 = CARTESIAN_POINT ( 'NONE',  ( 6.000000000000005329, 3.399999999999999467, -10.75000000000000000 ) ) ;
#1042 = DIRECTION ( 'NONE',  ( -0.000000000000000000, -1.000000000000000000, -0.000000000000000000 ) ) ;
#1043 = ORIENTED_EDGE ( 'NONE', *, *, #8, .F. ) ;
#1044 = DIRECTION ( 'NONE',  ( 0.000000000000000000, 0.000000000000000000, -1.000000000000000000 ) ) ;
#1045 = LINE ( 'NONE', #980, #1561 ) ;
#1046 = ORIENTED_EDGE ( 'NONE', *, *, #2127, .F. ) ;
#1047 = ORIENTED_EDGE ( 'NONE', *, *, #994, .T. ) ;
#1048 = DIRECTION ( 'NONE',  ( 0.000000000000000000, 0.000000000000000000, -1.000000000000000000 ) ) ;
#1049 = EDGE_CURVE ( 'NONE', #1905, #1413, #2294, .T. ) ;
#1050 = VERTEX_POINT ( 'NONE', #2976 ) ;
#1051 = CARTESIAN_POINT ( 'NONE',  ( 104.0000000000000000, 24.11999999999999744, -120.0000000000000000 ) ) ;
#1052 = ADVANCED_FACE ( 'NONE', ( #2527 ), #156, .F. ) ;
#1053 = DIRECTION ( 'NONE',  ( 0.000000000000000000, -1.294569758191647155E-16, 1.000000000000000000 ) ) ;
#1054 = VERTEX_POINT ( 'NONE', #2515 ) ;
#1055 = CARTESIAN_POINT ( 'NONE',  ( 0.000000000000000000, 36.00000000000000711, 0.000000000000000000 ) ) ;
#1056 = DIRECTION ( 'NONE',  ( -0.000000000000000000, 0.000000000000000000, -1.000000000000000000 ) ) ;
#1057 = CARTESIAN_POINT ( 'NONE',  ( 57.99999999999999289, 6.000000000000000000, -7.500000000000000000 ) ) ;
#1058 = VERTEX_POINT ( 'NONE', #1335 ) ;
#1059 = DIRECTION ( 'NONE',  ( -0.000000000000000000, 1.000000000000000000, -0.000000000000000000 ) ) ;
#1060 = CARTESIAN_POINT ( 'NONE',  ( 104.0000000000000000, 36.00000000000000711, -2.000000000000000000 ) ) ;
#1061 = ORIENTED_EDGE ( 'NONE', *, *, #2575, .F. ) ;
#1062 = AXIS2_PLACEMENT_3D ( 'NONE', #1362, #1589, #2327 ) ;
#1063 = ORIENTED_EDGE ( 'NONE', *, *, #2213, .F. ) ;
#1064 = DIRECTION ( 'NONE',  ( 0.000000000000000000, 0.000000000000000000, -1.000000000000000000 ) ) ;
#1065 = AXIS2_PLACEMENT_3D ( 'NONE', #165, #1587, #1113 ) ;
#1066 = VECTOR ( 'NONE', #1330, 1000.000000000000000 ) ;
#1067 = VECTOR ( 'NONE', #115, 1000.000000000000000 ) ;
#1068 = LINE ( 'NONE', #2959, #1554 ) ;
#1069 = VECTOR ( 'NONE', #2358, 1000.000000000000000 ) ;
#1070 = ADVANCED_FACE ( 'NONE', ( #2296 ), #1835, .T. ) ;
#1071 = CARTESIAN_POINT ( 'NONE',  ( 104.0000000000000000, 24.11999999999999744, -100.0600000000000165 ) ) ;
#1072 = ORIENTED_EDGE ( 'NONE', *, *, #252, .F. ) ;
#1073 = DIRECTION ( 'NONE',  ( -0.000000000000000000, -1.000000000000000000, -0.000000000000000000 ) ) ;
#1074 = FACE_OUTER_BOUND ( 'NONE', #1378, .T. ) ;
#1075 = EDGE_CURVE ( 'NONE', #2909, #2429, #1505, .T. ) ;
#1076 = CARTESIAN_POINT ( 'NONE',  ( 57.99999999999999289, 0.000000000000000000, -160.5000000000000000 ) ) ;
#1077 = EDGE_LOOP ( 'NONE', ( #2982, #2633, #2828, #558 ) ) ;
#1078 = EDGE_CURVE ( 'NONE', #254, #2544, #1389, .T. ) ;
#1079 = LINE ( 'NONE', #1988, #189 ) ;
#1080 = ORIENTED_EDGE ( 'NONE', *, *, #270, .T. ) ;
#1081 = CARTESIAN_POINT ( 'NONE',  ( 6.000000000000000000, 6.000000000000000000, -12.00000000000000355 ) ) ;
#1082 = ORIENTED_EDGE ( 'NONE', *, *, #389, .F. ) ;
#1083 = CARTESIAN_POINT ( 'NONE',  ( 104.0000000000000000, 24.11999999999999744, 0.000000000000000000 ) ) ;
#1084 = DIRECTION ( 'NONE',  ( 0.000000000000000000, -0.000000000000000000, 1.000000000000000000 ) ) ;
#1085 = DIRECTION ( 'NONE',  ( 0.000000000000000000, -1.000000000000000000, 0.000000000000000000 ) ) ;
#1086 = VECTOR ( 'NONE', #1969, 1000.000000000000000 ) ;
#1087 = DIRECTION ( 'NONE',  ( -0.000000000000000000, 0.000000000000000000, -1.000000000000000000 ) ) ;
#1088 = ORIENTED_EDGE ( 'NONE', *, *, #1594, .T. ) ;
#1089 = DIRECTION ( 'NONE',  ( 0.000000000000000000, 0.000000000000000000, -1.000000000000000000 ) ) ;
#1090 = ADVANCED_FACE ( 'NONE', ( #168 ), #2768, .F. ) ;
#1091 = AXIS2_PLACEMENT_3D ( 'NONE', #1104, #199, #1146 ) ;
#1092 = EDGE_LOOP ( 'NONE', ( #2463, #528, #2950, #1281 ) ) ;
#1093 = DIRECTION ( 'NONE',  ( 0.000000000000000000, 1.000000000000000000, 0.000000000000000000 ) ) ;
#1094 = EDGE_LOOP ( 'NONE', ( #2226, #2116, #567, #478 ) ) ;
#1095 = ADVANCED_FACE ( 'NONE', ( #1347, #405 ), #434, .F. ) ;
#1096 = LINE ( 'NONE', #2981, #512 ) ;
#1097 = ORIENTED_EDGE ( 'NONE', *, *, #2287, .T. ) ;
#1098 = CARTESIAN_POINT ( 'NONE',  ( 57.99999999999999289, 0.000000000000000000, -158.7999999999999829 ) ) ;
#1099 = DIRECTION ( 'NONE',  ( 0.000000000000000000, 0.000000000000000000, -1.000000000000000000 ) ) ;
#1100 = DIRECTION ( 'NONE',  ( 0.000000000000000000, 0.000000000000000000, -1.000000000000000000 ) ) ;
#1101 = ORIENTED_EDGE ( 'NONE', *, *, #2231, .T. ) ;
#1102 = LINE ( 'NONE', #2017, #48 ) ;
#1103 = DIRECTION ( 'NONE',  ( 0.000000000000000000, 1.000000000000000000, 0.000000000000000000 ) ) ;
#1104 = CARTESIAN_POINT ( 'NONE',  ( 57.99999999999999289, 6.000000000000000000, -7.500000000000000000 ) ) ;
#1105 = ORIENTED_EDGE ( 'NONE', *, *, #196, .F. ) ;
#1106 = LINE ( 'NONE', #873, #820 ) ;
#1107 = VERTEX_POINT ( 'NONE', #1824 ) ;
#1108 = EDGE_CURVE ( 'NONE', #2192, #737, #224, .T. ) ;
#1109 = FACE_OUTER_BOUND ( 'NONE', #1354, .T. ) ;
#1110 = EDGE_CURVE ( 'NONE', #172, #730, #2577, .T. ) ;
#1111 = VECTOR ( 'NONE', #3043, 1000.000000000000000 ) ;
#1112 = FACE_BOUND ( 'NONE', #2024, .T. ) ;
#1113 = DIRECTION ( 'NONE',  ( 0.000000000000000000, 0.000000000000000000, -1.000000000000000000 ) ) ;
#1114 = VECTOR ( 'NONE', #240, 1000.000000000000000 ) ;
#1115 = DESIGN_CONTEXT ( 'detailed design', #563, 'design' ) ;
#1116 = AXIS2_PLACEMENT_3D ( 'NONE', #1246, #506, #280 ) ;
#1117 = CIRCLE ( 'NONE', #2350, 3.275000000000000355 ) ;
#1118 = ORIENTED_EDGE ( 'NONE', *, *, #1543, .T. ) ;
#1119 = DIRECTION ( 'NONE',  ( 0.000000000000000000, -0.000000000000000000, 1.000000000000000000 ) ) ;
#1120 = VECTOR ( 'NONE', #545, 1000.000000000000000 ) ;
#1121 = APPROVAL_STATUS ( 'not_yet_approved' ) ;
#1122 = ORIENTED_EDGE ( 'NONE', *, *, #2946, .T. ) ;
#1123 = DIRECTION ( 'NONE',  ( 0.000000000000000000, 0.000000000000000000, -1.000000000000000000 ) ) ;
#1124 = ORIENTED_EDGE ( 'NONE', *, *, #829, .T. ) ;
#1125 = DIRECTION ( 'NONE',  ( 0.000000000000000000, -1.000000000000000000, 0.000000000000000000 ) ) ;
#1126 = ORIENTED_EDGE ( 'NONE', *, *, #2735, .T. ) ;
#1127 = DIRECTION ( 'NONE',  ( 0.000000000000000000, 0.000000000000000000, 1.000000000000000000 ) ) ;
#1128 = ADVANCED_FACE ( 'NONE', ( #207 ), #1206, .F. ) ;
#1129 = CARTESIAN_POINT ( 'NONE',  ( 104.0000000000000000, 36.00000000000000711, -107.9400000000000119 ) ) ;
#1130 = EDGE_CURVE ( 'NONE', #978, #104, #2061, .T. ) ;
#1131 = VERTEX_POINT ( 'NONE', #881 ) ;
#1132 = DIRECTION ( 'NONE',  ( -0.000000000000000000, -1.000000000000000000, -0.000000000000000000 ) ) ;
#1133 = PERSON_AND_ORGANIZATION ( #951, #566 ) ;
#1134 = CARTESIAN_POINT ( 'NONE',  ( 0.000000000000000000, 22.01999999999999957, -74.50000000000002842 ) ) ;
#1135 = DIRECTION ( 'NONE',  ( 0.000000000000000000, 0.000000000000000000, -1.000000000000000000 ) ) ;
#1136 = EDGE_LOOP ( 'NONE', ( #2779, #1852, #2820, #3045 ) ) ;
#1137 = DIRECTION ( 'NONE',  ( 0.000000000000000000, 0.000000000000000000, -1.000000000000000000 ) ) ;
#1138 = VERTEX_POINT ( 'NONE', #646 ) ;
#1139 = DIRECTION ( 'NONE',  ( 0.000000000000000000, 1.000000000000000000, 0.000000000000000000 ) ) ;
#1140 = LINE ( 'NONE', #2534, #422 ) ;
#1141 = EDGE_LOOP ( 'NONE', ( #2443, #194, #1647, #1962 ) ) ;
#1142 = FACE_OUTER_BOUND ( 'NONE', #987, .T. ) ;
#1143 = ADVANCED_FACE ( 'NONE', ( #2798 ), #2553, .F. ) ;
#1144 = CALENDAR_DATE ( 2025, 8, 7 ) ;
#1145 = ORIENTED_EDGE ( 'NONE', *, *, #1963, .F. ) ;
#1146 = DIRECTION ( 'NONE',  ( 0.000000000000000000, 0.000000000000000000, 1.000000000000000000 ) ) ;
#1147 = CARTESIAN_POINT ( 'NONE',  ( 57.99999999999999289, 0.000000000000000000, -157.2500000000000000 ) ) ;
#1148 = ORIENTED_EDGE ( 'NONE', *, *, #1399, .F. ) ;
#1149 = CARTESIAN_POINT ( 'NONE',  ( 10.00000000000000000, 7.419999999999999929, -74.50000000000000000 ) ) ;
#1150 = DIRECTION ( 'NONE',  ( 0.000000000000000000, 1.000000000000000000, 0.000000000000000000 ) ) ;
#1151 = CARTESIAN_POINT ( 'NONE',  ( 2.000000000000000000, 35.99999999999995026, -57.50000000000002132 ) ) ;
#1152 = AXIS2_PLACEMENT_3D ( 'NONE', #337, #2014, #585 ) ;
#1153 = VECTOR ( 'NONE', #2410, 1000.000000000000000 ) ;
#1154 = ORIENTED_EDGE ( 'NONE', *, *, #1408, .T. ) ;
#1155 = DIRECTION ( 'NONE',  ( 0.000000000000000000, 0.000000000000000000, -1.000000000000000000 ) ) ;
#1156 = VECTOR ( 'NONE', #643, 1000.000000000000000 ) ;
#1157 = APPROVAL_PERSON_ORGANIZATION ( #664, #2106, #1634 ) ;
#1158 = EDGE_CURVE ( 'NONE', #2016, #2812, #2147, .T. ) ;
#1159 = EDGE_CURVE ( 'NONE', #2576, #1937, #2074, .T. ) ;
#1160 = ORIENTED_EDGE ( 'NONE', *, *, #1226, .F. ) ;
#1161 = AXIS2_PLACEMENT_3D ( 'NONE', #2462, #800, #2933 ) ;
#1162 = CARTESIAN_POINT ( 'NONE',  ( 106.0000000000000000, 36.00000000000000711, 0.000000000000000000 ) ) ;
#1163 = AXIS2_PLACEMENT_3D ( 'NONE', #2662, #1419, #2598 ) ;
#1164 = ADVANCED_FACE ( 'NONE', ( #1142 ), #819, .F. ) ;
#1165 = DIRECTION ( 'NONE',  ( -0.000000000000000000, -1.000000000000000000, 0.000000000000000000 ) ) ;
#1166 = ORIENTED_EDGE ( 'NONE', *, *, #192, .F. ) ;
#1167 = CARTESIAN_POINT ( 'NONE',  ( 106.0000000000000000, 24.11999999999999744, -100.0600000000000165 ) ) ;
#1168 = EDGE_LOOP ( 'NONE', ( #1895, #404, #1118, #975 ) ) ;
#1169 = DIRECTION ( 'NONE',  ( -0.000000000000000000, -1.000000000000000000, -0.000000000000000000 ) ) ;
#1170 = CARTESIAN_POINT ( 'NONE',  ( 106.0000000000000000, 24.11999999999999744, -27.94000000000000128 ) ) ;
#1171 = ORIENTED_EDGE ( 'NONE', *, *, #2210, .F. ) ;
#1172 = DIRECTION ( 'NONE',  ( -0.000000000000000000, -1.000000000000000000, -0.000000000000000000 ) ) ;
#1173 = VERTEX_POINT ( 'NONE', #691 ) ;
#1174 = LINE ( 'NONE', #501, #2651 ) ;
#1175 = ORIENTED_EDGE ( 'NONE', *, *, #1788, .F. ) ;
#1176 = CARTESIAN_POINT ( 'NONE',  ( 0.000000000000000000, 22.01999999999999957, -74.50000000000002842 ) ) ;
#1177 = EDGE_CURVE ( 'NONE', #2670, #175, #2825, .T. ) ;
#1178 = VECTOR ( 'NONE', #2630, 1000.000000000000000 ) ;
#1179 = CYLINDRICAL_SURFACE ( 'NONE', #127, 2.000000000000000000 ) ;
#1180 = ORIENTED_EDGE ( 'NONE', *, *, #673, .F. ) ;
#1181 = AXIS2_PLACEMENT_3D ( 'NONE', #1162, #2124, #1868 ) ;
#1182 = CARTESIAN_POINT ( 'NONE',  ( 2.000000000000000000, 35.99999999999986500, -74.50000000000005684 ) ) ;
#1183 = EDGE_CURVE ( 'NONE', #1436, #60, #3027, .T. ) ;
#1184 = VERTEX_POINT ( 'NONE', #661 ) ;
#1185 = CARTESIAN_POINT ( 'NONE',  ( 96.00000000000000000, 10.71999999999999886, -67.93999999999999773 ) ) ;
#1186 = DIRECTION ( 'NONE',  ( -0.000000000000000000, -1.000000000000000000, -0.000000000000000000 ) ) ;
#1187 = ORIENTED_EDGE ( 'NONE', *, *, #1857, .F. ) ;
#1188 = FACE_OUTER_BOUND ( 'NONE', #1920, .T. ) ;
#1189 = EDGE_LOOP ( 'NONE', ( #2869, #351, #2578, #2728 ) ) ;
#1190 = DIRECTION ( 'NONE',  ( -0.000000000000000000, -1.000000000000000000, -0.000000000000000000 ) ) ;
#1191 = ORIENTED_EDGE ( 'NONE', *, *, #1714, .T. ) ;
#1192 = PLANE ( 'NONE',  #238 ) ;
#1193 = CC_DESIGN_PERSON_AND_ORGANIZATION_ASSIGNMENT ( #649, #1621, ( #973 ) ) ;
#1194 = CARTESIAN_POINT ( 'NONE',  ( 96.00000000000000000, 10.71999999999999886, -147.9399999999999977 ) ) ;
#1195 = EDGE_LOOP ( 'NONE', ( #1774, #2967, #795, #2917 ) ) ;
#1196 = CARTESIAN_POINT ( 'NONE',  ( 0.000000000000000000, 2.000000000000000000, -166.0000000000000000 ) ) ;
#1197 = EDGE_CURVE ( 'NONE', #2166, #1915, #195, .T. ) ;
#1198 = VERTEX_POINT ( 'NONE', #31 ) ;
#1199 = EDGE_CURVE ( 'NONE', #640, #2943, #2369, .T. ) ;
#1200 = DIRECTION ( 'NONE',  ( -0.000000000000000000, -1.000000000000000000, -0.000000000000000000 ) ) ;
#1201 = FACE_OUTER_BOUND ( 'NONE', #1618, .T. ) ;
#1202 = ORIENTED_EDGE ( 'NONE', *, *, #2846, .T. ) ;
#1203 = CARTESIAN_POINT ( 'NONE',  ( 104.0000000000000000, 10.72000000000000064, 0.000000000000000000 ) ) ;
#1204 = EDGE_LOOP ( 'NONE', ( #1730, #1529, #2876, #2842 ) ) ;
#1205 = CIRCLE ( 'NONE', #505, 3.275000000000000355 ) ;
#1206 = CONICAL_SURFACE ( 'NONE', #2501, 3.275000000000000355, 0.7853981633974612686 ) ;
#1207 = DIRECTION ( 'NONE',  ( 0.000000000000000000, 0.000000000000000000, -1.000000000000000000 ) ) ;
#1208 = ORIENTED_EDGE ( 'NONE', *, *, #1804, .F. ) ;
#1209 = DIRECTION ( 'NONE',  ( 0.000000000000000000, -0.000000000000000000, 1.000000000000000000 ) ) ;
#1210 = CARTESIAN_POINT ( 'NONE',  ( 6.000000000000005329, 0.02500000000000006384, -7.500000000000000000 ) ) ;
#1211 = VECTOR ( 'NONE', #3046, 1000.000000000000000 ) ;
#1212 = CIRCLE ( 'NONE', #370, 3.250000000000002665 ) ;
#1213 = AXIS2_PLACEMENT_3D ( 'NONE', #2431, #1891, #532 ) ;
#1214 = AXIS2_PLACEMENT_3D ( 'NONE', #1076, #2965, #842 ) ;
#1215 = DIRECTION ( 'NONE',  ( 0.000000000000000000, 0.000000000000000000, 1.000000000000000000 ) ) ;
#1216 = EDGE_LOOP ( 'NONE', ( #2725, #56, #2413, #2619 ) ) ;
#1217 = CARTESIAN_POINT ( 'NONE',  ( 58.00000000000000000, 2.000000000000000000, -160.5000000000000000 ) ) ;
#1218 = ORIENTED_EDGE ( 'NONE', *, *, #210, .F. ) ;
#1219 = AXIS2_PLACEMENT_3D ( 'NONE', #188, #2290, #1137 ) ;
#1220 = ORIENTED_EDGE ( 'NONE', *, *, #513, .T. ) ;
#1221 = FACE_OUTER_BOUND ( 'NONE', #2318, .T. ) ;
#1222 = CARTESIAN_POINT ( 'NONE',  ( 96.00000000000000000, 24.11999999999999744, -140.0600000000000023 ) ) ;
#1223 = EDGE_CURVE ( 'NONE', #2814, #1993, #22, .T. ) ;
#1224 = VERTEX_POINT ( 'NONE', #1716 ) ;
#1225 = DIRECTION ( 'NONE',  ( 1.000000000000000000, 0.000000000000000000, -0.000000000000000000 ) ) ;
#1226 = EDGE_CURVE ( 'NONE', #1571, #254, #303, .T. ) ;
#1227 = LINE ( 'NONE', #587, #380 ) ;
#1228 = EDGE_LOOP ( 'NONE', ( #2082, #2956, #929, #1664 ) ) ;
#1229 = DIRECTION ( 'NONE',  ( 0.000000000000000000, 0.000000000000000000, -1.000000000000000000 ) ) ;
#1230 = FACE_BOUND ( 'NONE', #695, .T. ) ;
#1231 = CYLINDRICAL_SURFACE ( 'NONE', #419, 4.500000000000003553 ) ;
#1232 = VERTEX_POINT ( 'NONE', #1449 ) ;
#1233 = FACE_OUTER_BOUND ( 'NONE', #140, .T. ) ;
#1234 = ORIENTED_EDGE ( 'NONE', *, *, #2338, .T. ) ;
#1235 = VECTOR ( 'NONE', #489, 1000.000000000000000 ) ;
#1236 = ORIENTED_EDGE ( 'NONE', *, *, #2859, .F. ) ;
#1237 = DIRECTION ( 'NONE',  ( 0.000000000000000000, -1.000000000000000000, -0.000000000000000000 ) ) ;
#1238 = VECTOR ( 'NONE', #1044, 1000.000000000000000 ) ;
#1239 = CARTESIAN_POINT ( 'NONE',  ( 6.000000000000005329, 3.399999999999998579, -9.199999999999997513 ) ) ;
#1240 = CARTESIAN_POINT ( 'NONE',  ( 0.000000000000000000, 7.419999999999999929, -74.50000000000000000 ) ) ;
#1241 = LINE ( 'NONE', #539, #1805 ) ;
#1242 = EDGE_LOOP ( 'NONE', ( #723, #1674 ) ) ;
#1243 = DIRECTION ( 'NONE',  ( 0.000000000000000000, 0.000000000000000000, -1.000000000000000000 ) ) ;
#1244 = CARTESIAN_POINT ( 'NONE',  ( 57.99999999999999289, 3.399999999999999467, -4.249999999999996447 ) ) ;
#1245 = EDGE_CURVE ( 'NONE', #1443, #2517, #2345, .T. ) ;
#1246 = CARTESIAN_POINT ( 'NONE',  ( 96.00000000000000000, 24.11999999999999744, -60.06000000000000227 ) ) ;
#1247 = ORIENTED_EDGE ( 'NONE', *, *, #617, .F. ) ;
#1248 = DIRECTION ( 'NONE',  ( 0.000000000000000000, 0.000000000000000000, -1.000000000000000000 ) ) ;
#1249 = ORIENTED_EDGE ( 'NONE', *, *, #1110, .F. ) ;
#1250 = EDGE_LOOP ( 'NONE', ( #1145, #762 ) ) ;
#1251 = LINE ( 'NONE', #59, #662 ) ;
#1252 = ORIENTED_EDGE ( 'NONE', *, *, #2594, .F. ) ;
#1253 = LINE ( 'NONE', #1240, #1845 ) ;
#1254 = CARTESIAN_POINT ( 'NONE',  ( 0.000000000000000000, 36.00000000000000711, -166.0000000000000000 ) ) ;
#1255 = VERTEX_POINT ( 'NONE', #2403 ) ;
#1256 = FACE_BOUND ( 'NONE', #2564, .T. ) ;
#1257 = CYLINDRICAL_SURFACE ( 'NONE', #2224, 2.000000000000000000 ) ;
#1258 = VECTOR ( 'NONE', #367, 1000.000000000000000 ) ;
#1259 = ADVANCED_FACE ( 'NONE', ( #1188 ), #2168, .F. ) ;
#1260 = FACE_OUTER_BOUND ( 'NONE', #632, .T. ) ;
#1261 = ORIENTED_EDGE ( 'NONE', *, *, #1158, .F. ) ;
#1262 = VECTOR ( 'NONE', #614, 1000.000000000000000 ) ;
#1263 = VECTOR ( 'NONE', #694, 1000.000000000000000 ) ;
#1264 = DIRECTION ( 'NONE',  ( 1.000000000000000000, 0.000000000000000000, 0.000000000000000000 ) ) ;
#1265 = VERTEX_POINT ( 'NONE', #2857 ) ;
#1266 = ADVANCED_FACE ( 'NONE', ( #2184 ), #793, .F. ) ;
#1267 = AXIS2_PLACEMENT_3D ( 'NONE', #1284, #1314, #1048 ) ;
#1268 = ORIENTED_EDGE ( 'NONE', *, *, #143, .F. ) ;
#1269 = CARTESIAN_POINT ( 'NONE',  ( 6.000000000000000000, 6.000000000000000000, -7.500000000000000000 ) ) ;
#1270 = VECTOR ( 'NONE', #1412, 1000.000000000000000 ) ;
#1271 = ORIENTED_EDGE ( 'NONE', *, *, #2819, .T. ) ;
#1272 = DIRECTION ( 'NONE',  ( 0.000000000000000000, 1.000000000000000000, 0.000000000000000000 ) ) ;
#1273 = FACE_OUTER_BOUND ( 'NONE', #626, .T. ) ;
#1274 = ORIENTED_EDGE ( 'NONE', *, *, #3029, .F. ) ;
#1275 = CARTESIAN_POINT ( 'NONE',  ( 96.00000000000000000, 24.11999999999999744, -67.93999999999999773 ) ) ;
#1276 = DIRECTION ( 'NONE',  ( 0.000000000000000000, 0.000000000000000000, -1.000000000000000000 ) ) ;
#1277 = CARTESIAN_POINT ( 'NONE',  ( 58.00000000000000000, 6.000000000000000000, -156.0000000000000000 ) ) ;
#1278 = ADVANCED_FACE ( 'NONE', ( #2626 ), #777, .F. ) ;
#1279 = LINE ( 'NONE', #1445, #1238 ) ;
#1280 = DIRECTION ( 'NONE',  ( 0.000000000000000000, 0.000000000000000000, 1.000000000000000000 ) ) ;
#1281 = ORIENTED_EDGE ( 'NONE', *, *, #899, .T. ) ;
#1282 = ORIENTED_EDGE ( 'NONE', *, *, #1837, .T. ) ;
#1283 = ADVANCED_FACE ( 'NONE', ( #1896 ), #46, .F. ) ;
#1284 = CARTESIAN_POINT ( 'NONE',  ( 6.000000000000005329, 3.399999999999999467, -7.500000000000000000 ) ) ;
#1285 = ORIENTED_EDGE ( 'NONE', *, *, #2169, .F. ) ;
#1286 = VECTOR ( 'NONE', #3032, 1000.000000000000000 ) ;
#1287 = CARTESIAN_POINT ( 'NONE',  ( 104.0000000000000000, 36.00000000000000711, -2.000000000000000000 ) ) ;
#1288 = CARTESIAN_POINT ( 'NONE',  ( 96.00000000000000000, 24.11999999999999744, -20.06000000000000227 ) ) ;
#1289 = VERTEX_POINT ( 'NONE', #2134 ) ;
#1290 = DIRECTION ( 'NONE',  ( 0.000000000000000000, 0.000000000000000000, -1.000000000000000000 ) ) ;
#1291 = FACE_OUTER_BOUND ( 'NONE', #1329, .T. ) ;
#1292 = DIRECTION ( 'NONE',  ( 0.000000000000000000, 1.000000000000000000, 0.000000000000000000 ) ) ;
#1293 = ORIENTED_EDGE ( 'NONE', *, *, #1223, .T. ) ;
#1294 = DIRECTION ( 'NONE',  ( -1.000000000000000000, -0.000000000000000000, -0.000000000000000000 ) ) ;
#1295 = CARTESIAN_POINT ( 'NONE',  ( 104.0000000000000000, 0.000000000000000000, 0.000000000000000000 ) ) ;
#1296 = ORIENTED_EDGE ( 'NONE', *, *, #2594, .T. ) ;
#1297 = CARTESIAN_POINT ( 'NONE',  ( 0.000000000000000000, 22.01999999999999957, -57.50000000000000711 ) ) ;
#1298 = EDGE_LOOP ( 'NONE', ( #2107, #1867, #2739, #2663 ) ) ;
#1299 = CARTESIAN_POINT ( 'NONE',  ( 106.0000000000000000, 10.71999999999999886, -67.93999999999999773 ) ) ;
#1300 = EDGE_CURVE ( 'NONE', #1889, #2353, #14, .T. ) ;
#1301 = ADVANCED_FACE ( 'NONE', ( #61 ), #2844, .T. ) ;
#1302 = CARTESIAN_POINT ( 'NONE',  ( 106.0000000000000000, 24.11999999999999744, -132.0599999999999739 ) ) ;
#1303 = FACE_OUTER_BOUND ( 'NONE', #2089, .T. ) ;
#1304 = ADVANCED_FACE ( 'NONE', ( #756 ), #1695, .F. ) ;
#1305 = FACE_BOUND ( 'NONE', #1907, .T. ) ;
#1306 = ORIENTED_EDGE ( 'NONE', *, *, #2731, .F. ) ;
#1307 = FACE_OUTER_BOUND ( 'NONE', #1759, .T. ) ;
#1308 = CARTESIAN_POINT ( 'NONE',  ( 6.000000000000005329, 0.000000000000000000, -10.77500000000000036 ) ) ;
#1309 = DIRECTION ( 'NONE',  ( -0.000000000000000000, -1.000000000000000000, -0.000000000000000000 ) ) ;
#1310 = DIRECTION ( 'NONE',  ( 0.000000000000000000, -1.000000000000000000, -1.294569758191647155E-16 ) ) ;
#1311 = VERTEX_POINT ( 'NONE', #2645 ) ;
#1312 = AXIS2_PLACEMENT_3D ( 'NONE', #2447, #2938, #2923 ) ;
#1313 = ORIENTED_EDGE ( 'NONE', *, *, #92, .T. ) ;
#1314 = DIRECTION ( 'NONE',  ( -0.000000000000000000, -1.000000000000000000, -0.000000000000000000 ) ) ;
#1315 = CIRCLE ( 'NONE', #711, 4.500000000000012434 ) ;
#1316 = VECTOR ( 'NONE', #200, 1000.000000000000000 ) ;
#1317 = AXIS2_PLACEMENT_3D ( 'NONE', #1574, #2306, #3040 ) ;
#1318 = CARTESIAN_POINT ( 'NONE',  ( 106.0000000000000000, 24.11999999999999744, -60.06000000000000227 ) ) ;
#1319 = ADVANCED_FACE ( 'NONE', ( #2891 ), #2418, .F. ) ;
#1320 = CARTESIAN_POINT ( 'NONE',  ( 10.00000000000000000, 22.01999999999999957, -74.50000000000002842 ) ) ;
#1321 = AXIS2_PLACEMENT_3D ( 'NONE', #961, #257, #2153 ) ;
#1322 = LINE ( 'NONE', #2942, #170 ) ;
#1323 = EDGE_LOOP ( 'NONE', ( #1462, #1444 ) ) ;
#1324 = DIRECTION ( 'NONE',  ( 0.000000000000000000, 0.000000000000000000, -1.000000000000000000 ) ) ;
#1325 = EDGE_CURVE ( 'NONE', #1915, #1923, #1253, .T. ) ;
#1326 = CARTESIAN_POINT ( 'NONE',  ( 96.00000000000000000, 10.71999999999999886, -52.06000000000000227 ) ) ;
#1327 = DIRECTION ( 'NONE',  ( 0.000000000000000000, 0.000000000000000000, 1.000000000000000000 ) ) ;
#1328 = EDGE_LOOP ( 'NONE', ( #898, #2526, #2797, #2460 ) ) ;
#1329 = EDGE_LOOP ( 'NONE', ( #903, #627, #1271, #1813 ) ) ;
#1330 = DIRECTION ( 'NONE',  ( 0.000000000000000000, -1.000000000000000000, 0.000000000000000000 ) ) ;
#1331 = LINE ( 'NONE', #415, #2737 ) ;
#1332 = DIRECTION ( 'NONE',  ( 1.000000000000000000, -0.000000000000000000, -0.000000000000000000 ) ) ;
#1333 = PRODUCT_RELATED_PRODUCT_CATEGORY ( 'detail', '', ( #728 ) ) ;
#1334 = ORIENTED_EDGE ( 'NONE', *, *, #1158, .T. ) ;
#1335 = CARTESIAN_POINT ( 'NONE',  ( 2.000000000000000000, 36.00000000000000711, -166.0000000000000000 ) ) ;
#1336 = VECTOR ( 'NONE', #2815, 1000.000000000000000 ) ;
#1337 = EDGE_CURVE ( 'NONE', #1346, #1173, #1966, .T. ) ;
#1338 = ADVANCED_FACE ( 'NONE', ( #255 ), #2233, .F. ) ;
#1339 =( NAMED_UNIT ( * ) SI_UNIT ( $, .STERADIAN. ) SOLID_ANGLE_UNIT ( ) );
#1340 = LINE ( 'NONE', #148, #2325 ) ;
#1341 = VERTEX_POINT ( 'NONE', #1287 ) ;
#1342 = DIRECTION ( 'NONE',  ( -0.000000000000000000, 0.000000000000000000, -1.000000000000000000 ) ) ;
#1343 = ORIENTED_EDGE ( 'NONE', *, *, #2305, .T. ) ;
#1344 = CARTESIAN_POINT ( 'NONE',  ( 106.0000000000000000, 10.71999999999999886, -92.06000000000000227 ) ) ;
#1345 = CARTESIAN_POINT ( 'NONE',  ( 6.000000000000005329, 6.000000000000000000, -160.5000000000000000 ) ) ;
#1346 = VERTEX_POINT ( 'NONE', #1731 ) ;
#1347 = FACE_BOUND ( 'NONE', #1884, .T. ) ;
#1348 = DATE_AND_TIME ( #2781, #769 ) ;
#1349 = ORIENTED_EDGE ( 'NONE', *, *, #2419, .T. ) ;
#1350 = LINE ( 'NONE', #2139, #1577 ) ;
#1351 = EDGE_CURVE ( 'NONE', #3051, #2143, #110, .T. ) ;
#1352 = ORIENTED_EDGE ( 'NONE', *, *, #2360, .T. ) ;
#1353 = CARTESIAN_POINT ( 'NONE',  ( 10.00000000000000000, 22.01999999999999957, -74.50000000000002842 ) ) ;
#1354 = EDGE_LOOP ( 'NONE', ( #1285, #2239, #1313, #6 ) ) ;
#1355 = PLANE ( 'NONE',  #2308 ) ;
#1356 = ADVANCED_FACE ( 'NONE', ( #124 ), #1562, .F. ) ;
#1357 = CARTESIAN_POINT ( 'NONE',  ( 10.00000000000000000, 7.419999999999999929, -57.49999999999999289 ) ) ;
#1358 = AXIS2_PLACEMENT_3D ( 'NONE', #993, #1468, #2907 ) ;
#1359 = VECTOR ( 'NONE', #931, 1000.000000000000000 ) ;
#1360 = VECTOR ( 'NONE', #2562, 1000.000000000000000 ) ;
#1361 = ORIENTED_EDGE ( 'NONE', *, *, #1836, .T. ) ;
#1362 = CARTESIAN_POINT ( 'NONE',  ( 6.000000000000005329, 0.02500000000000006384, -160.5000000000000000 ) ) ;
#1363 = AXIS2_PLACEMENT_3D ( 'NONE', #1002, #465, #1873 ) ;
#1364 = APPROVAL_DATE_TIME ( #1348, #644 ) ;
#1365 = EDGE_LOOP ( 'NONE', ( #856, #1526, #480, #1764 ) ) ;
#1366 = CARTESIAN_POINT ( 'NONE',  ( 106.0000000000000000, 10.71999999999999886, -92.06000000000000227 ) ) ;
#1367 = CARTESIAN_POINT ( 'NONE',  ( 57.99999999999999289, 3.399999999999998579, -158.7999999999999829 ) ) ;
#1368 = ORIENTED_EDGE ( 'NONE', *, *, #1750, .T. ) ;
#1369 = LINE ( 'NONE', #1098, #1761 ) ;
#1370 = EDGE_CURVE ( 'NONE', #2289, #2599, #550, .T. ) ;
#1371 = ADVANCED_FACE ( 'NONE', ( #568 ), #2280, .F. ) ;
#1372 = DIRECTION ( 'NONE',  ( -0.000000000000000000, -1.000000000000000000, -0.000000000000000000 ) ) ;
#1373 = PLANE ( 'NONE',  #2642 ) ;
#1374 = EDGE_LOOP ( 'NONE', ( #2304, #51, #2036, #2890 ) ) ;
#1375 = DIRECTION ( 'NONE',  ( 0.000000000000000000, 0.000000000000000000, -1.000000000000000000 ) ) ;
#1376 = AXIS2_PLACEMENT_3D ( 'NONE', #99, #2252, #1985 ) ;
#1377 = COORDINATED_UNIVERSAL_TIME_OFFSET ( 1, 0, .AHEAD. ) ;
#1378 = EDGE_LOOP ( 'NONE', ( #1715, #776, #2312, #283 ) ) ;
#1379 = CARTESIAN_POINT ( 'NONE',  ( 106.0000000000000000, 24.11999999999999744, -27.94000000000000128 ) ) ;
#1380 = AXIS2_PLACEMENT_3D ( 'NONE', #203, #1150, #924 ) ;
#1381 = CARTESIAN_POINT ( 'NONE',  ( 104.0000000000000000, 5.999999999999998224, -166.0000000000000000 ) ) ;
#1382 = ORIENTED_EDGE ( 'NONE', *, *, #1773, .T. ) ;
#1383 = CARTESIAN_POINT ( 'NONE',  ( 0.000000000000000000, 7.419999999999999929, -57.49999999999999289 ) ) ;
#1384 = LINE ( 'NONE', #1430, #1111 ) ;
#1385 = DIRECTION ( 'NONE',  ( -0.000000000000000000, -1.000000000000000000, -0.000000000000000000 ) ) ;
#1386 = ADVANCED_FACE ( 'NONE', ( #1303 ), #2482, .F. ) ;
#1387 = EDGE_CURVE ( 'NONE', #1791, #2856, #1696, .T. ) ;
#1388 = ORIENTED_EDGE ( 'NONE', *, *, #2495, .F. ) ;
#1389 = LINE ( 'NONE', #444, #169 ) ;
#1390 = ADVANCED_FACE ( 'NONE', ( #2688 ), #1996, .F. ) ;
#1391 = COORDINATED_UNIVERSAL_TIME_OFFSET ( 1, 0, .AHEAD. ) ;
#1392 = ORIENTED_EDGE ( 'NONE', *, *, #1742, .F. ) ;
#1393 = LINE ( 'NONE', #1885, #2667 ) ;
#1394 = DIRECTION ( 'NONE',  ( 1.000000000000000000, -0.000000000000000000, -0.000000000000000000 ) ) ;
#1395 = ORIENTED_EDGE ( 'NONE', *, *, #205, .F. ) ;
#1396 = LINE ( 'NONE', #2832, #2996 ) ;
#1397 = DIRECTION ( 'NONE',  ( 0.000000000000000000, 0.000000000000000000, -1.000000000000000000 ) ) ;
#1398 = DIRECTION ( 'NONE',  ( 0.000000000000000000, 0.000000000000000000, 1.000000000000000000 ) ) ;
#1399 = EDGE_CURVE ( 'NONE', #1859, #91, #823, .T. ) ;
#1400 = AXIS2_PLACEMENT_3D ( 'NONE', #2513, #1085, #2736 ) ;
#1401 = VECTOR ( 'NONE', #2569, 1000.000000000000000 ) ;
#1402 = ORIENTED_EDGE ( 'NONE', *, *, #2109, .F. ) ;
#1403 = DIRECTION ( 'NONE',  ( 0.000000000000000000, 1.000000000000000000, 0.000000000000000000 ) ) ;
#1404 = ORIENTED_EDGE ( 'NONE', *, *, #164, .T. ) ;
#1405 = VECTOR ( 'NONE', #1601, 1000.000000000000000 ) ;
#1406 = AXIS2_PLACEMENT_3D ( 'NONE', #2755, #381, #2977 ) ;
#1407 = ORIENTED_EDGE ( 'NONE', *, *, #1773, .F. ) ;
#1408 = EDGE_CURVE ( 'NONE', #1937, #261, #1037, .T. ) ;
#1409 = FACE_OUTER_BOUND ( 'NONE', #2669, .T. ) ;
#1410 = LINE ( 'NONE', #3020, #616 ) ;
#1411 = ORIENTED_EDGE ( 'NONE', *, *, #1742, .T. ) ;
#1412 = DIRECTION ( 'NONE',  ( -0.000000000000000000, -1.000000000000000000, 0.000000000000000000 ) ) ;
#1413 = VERTEX_POINT ( 'NONE', #806 ) ;
#1414 = DIRECTION ( 'NONE',  ( 1.000000000000000000, -0.000000000000000000, -0.000000000000000000 ) ) ;
#1415 = CARTESIAN_POINT ( 'NONE',  ( 2.000000000000000000, 36.00000000000000711, 0.000000000000000000 ) ) ;
#1416 = ORIENTED_EDGE ( 'NONE', *, *, #2734, .T. ) ;
#1417 = DIRECTION ( 'NONE',  ( -0.000000000000000000, 1.000000000000000000, -0.000000000000000000 ) ) ;
#1418 = ORIENTED_EDGE ( 'NONE', *, *, #593, .T. ) ;
#1419 = DIRECTION ( 'NONE',  ( -0.000000000000000000, -1.000000000000000000, -0.000000000000000000 ) ) ;
#1420 = ORIENTED_EDGE ( 'NONE', *, *, #1183, .F. ) ;
#1421 = DIRECTION ( 'NONE',  ( 0.000000000000000000, -0.000000000000000000, 1.000000000000000000 ) ) ;
#1422 = EDGE_CURVE ( 'NONE', #1625, #1436, #2723, .T. ) ;
#1423 = VECTOR ( 'NONE', #1719, 1000.000000000000000 ) ;
#1424 = EDGE_CURVE ( 'NONE', #1452, #1346, #2042, .T. ) ;
#1425 = DIRECTION ( 'NONE',  ( 0.000000000000000000, 0.000000000000000000, -1.000000000000000000 ) ) ;
#1426 = EDGE_LOOP ( 'NONE', ( #1166, #2202 ) ) ;
#1427 = AXIS2_PLACEMENT_3D ( 'NONE', #2474, #1925, #832 ) ;
#1428 = PLANE ( 'NONE',  #2156 ) ;
#1429 = ORIENTED_EDGE ( 'NONE', *, *, #3029, .T. ) ;
#1430 = CARTESIAN_POINT ( 'NONE',  ( 98.99999999999998579, 6.000000000000000000, -166.0000000000000000 ) ) ;
#1431 = LINE ( 'NONE', #1222, #2005 ) ;
#1432 = ORIENTED_EDGE ( 'NONE', *, *, #49, .T. ) ;
#1433 = CARTESIAN_POINT ( 'NONE',  ( 106.0000000000000000, 10.71999999999999886, -107.9400000000000119 ) ) ;
#1434 = ORIENTED_EDGE ( 'NONE', *, *, #2560, .F. ) ;
#1435 = DIRECTION ( 'NONE',  ( 0.000000000000000000, 0.000000000000000000, 1.000000000000000000 ) ) ;
#1436 = VERTEX_POINT ( 'NONE', #2246 ) ;
#1437 = CARTESIAN_POINT ( 'NONE',  ( 104.0000000000000000, 36.00000000000000711, -166.0000000000000000 ) ) ;
#1438 = DIRECTION ( 'NONE',  ( 0.000000000000000000, -0.000000000000000000, 1.000000000000000000 ) ) ;
#1439 = DIRECTION ( 'NONE',  ( 0.000000000000000000, 0.000000000000000000, 1.000000000000000000 ) ) ;
#1440 = VERTEX_POINT ( 'NONE', #2468 ) ;
#1441 = EDGE_CURVE ( 'NONE', #2595, #1198, #2833, .T. ) ;
#1442 = LINE ( 'NONE', #2179, #824 ) ;
#1443 = VERTEX_POINT ( 'NONE', #1534 ) ;
#1444 = ORIENTED_EDGE ( 'NONE', *, *, #2751, .T. ) ;
#1445 = CARTESIAN_POINT ( 'NONE',  ( 104.0000000000000000, 24.11999999999999744, 0.000000000000000000 ) ) ;
#1446 = EDGE_CURVE ( 'NONE', #2961, #2521, #1068, .T. ) ;
#1447 = DIRECTION ( 'NONE',  ( 1.000000000000000000, -0.000000000000000000, -0.000000000000000000 ) ) ;
#1448 = EDGE_LOOP ( 'NONE', ( #2162, #400, #2476, #233 ) ) ;
#1449 = CARTESIAN_POINT ( 'NONE',  ( 0.000000000000000000, 36.00000000000000711, -1.999999999999999112 ) ) ;
#1450 = AXIS2_PLACEMENT_3D ( 'NONE', #80, #1945, #1665 ) ;
#1451 = CARTESIAN_POINT ( 'NONE',  ( 106.0000000000000000, 10.71999999999999886, -147.9399999999999977 ) ) ;
#1452 = VERTEX_POINT ( 'NONE', #1777 ) ;
#1453 = AXIS2_PLACEMENT_3D ( 'NONE', #2467, #1372, #2321 ) ;
#1454 = CARTESIAN_POINT ( 'NONE',  ( 57.99999999999999289, 0.000000000000000000, -7.500000000000000000 ) ) ;
#1455 = DIRECTION ( 'NONE',  ( -0.000000000000000000, -1.000000000000000000, -0.000000000000000000 ) ) ;
#1456 = CIRCLE ( 'NONE', #964, 3.250000000000002665 ) ;
#1457 = CIRCLE ( 'NONE', #2646, 1.700000000000007061 ) ;
#1458 = SECURITY_CLASSIFICATION ( '', '', #2076 ) ;
#1459 = DIRECTION ( 'NONE',  ( 0.000000000000000000, 1.000000000000000000, 0.000000000000000000 ) ) ;
#1460 = EDGE_LOOP ( 'NONE', ( #410, #1047, #1220, #2803 ) ) ;
#1461 = DIRECTION ( 'NONE',  ( 0.000000000000000000, 1.000000000000000000, 0.000000000000000000 ) ) ;
#1462 = ORIENTED_EDGE ( 'NONE', *, *, #2905, .T. ) ;
#1463 = EDGE_LOOP ( 'NONE', ( #292, #1202, #1509, #540 ) ) ;
#1464 = CARTESIAN_POINT ( 'NONE',  ( 99.00000000000000000, 2.000000000000000000, -166.0000000000000000 ) ) ;
#1465 = EDGE_CURVE ( 'NONE', #2232, #1536, #2990, .T. ) ;
#1466 = EDGE_CURVE ( 'NONE', #1571, #2730, #142, .T. ) ;
#1467 = LINE ( 'NONE', #2660, #376 ) ;
#1468 = DIRECTION ( 'NONE',  ( 0.000000000000000000, 0.000000000000000000, -1.000000000000000000 ) ) ;
#1469 = DIRECTION ( 'NONE',  ( 8.659560562355045024E-17, -0.7071067811865383579, 0.7071067811865566766 ) ) ;
#1470 = VERTEX_POINT ( 'NONE', #2551 ) ;
#1471 = LINE ( 'NONE', #1437, #1866 ) ;
#1472 = CARTESIAN_POINT ( 'NONE',  ( 104.0000000000000000, 10.71999999999999886, -92.06000000000000227 ) ) ;
#1473 = CARTESIAN_POINT ( 'NONE',  ( 57.99999999999999289, 3.399999999999999467, -163.7500000000000000 ) ) ;
#1474 = EDGE_LOOP ( 'NONE', ( #1072, #1082, #1191, #94 ) ) ;
#1475 = DIRECTION ( 'NONE',  ( -0.000000000000000000, 1.000000000000000000, -0.000000000000000000 ) ) ;
#1476 = ORIENTED_EDGE ( 'NONE', *, *, #2270, .F. ) ;
#1477 = AXIS2_PLACEMENT_3D ( 'NONE', #2910, #1026, #293 ) ;
#1478 = ORIENTED_EDGE ( 'NONE', *, *, #1543, .F. ) ;
#1479 = DIRECTION ( 'NONE',  ( -0.000000000000000000, -0.000000000000000000, 1.000000000000000000 ) ) ;
#1480 = CIRCLE ( 'NONE', #686, 2.000000000000000000 ) ;
#1481 = ORIENTED_EDGE ( 'NONE', *, *, #556, .T. ) ;
#1482 = EDGE_CURVE ( 'NONE', #1542, #524, #432, .T. ) ;
#1483 = DIRECTION ( 'NONE',  ( -0.000000000000000000, -1.000000000000000000, -0.000000000000000000 ) ) ;
#1484 = LINE ( 'NONE', #323, #23 ) ;
#1485 = ORIENTED_EDGE ( 'NONE', *, *, #2859, .T. ) ;
#1486 = DIRECTION ( 'NONE',  ( 0.000000000000000000, 0.000000000000000000, -1.000000000000000000 ) ) ;
#1487 = DIRECTION ( 'NONE',  ( 1.000000000000000000, -0.000000000000000000, -0.000000000000000000 ) ) ;
#1488 = ADVANCED_FACE ( 'NONE', ( #2778 ), #1806, .F. ) ;
#1489 = DIRECTION ( 'NONE',  ( -0.000000000000000000, -0.000000000000000000, 1.000000000000000000 ) ) ;
#1490 = ORIENTED_EDGE ( 'NONE', *, *, #2752, .F. ) ;
#1491 = CARTESIAN_POINT ( 'NONE',  ( 57.99999999999999289, 3.399999999999998579, -160.5000000000000000 ) ) ;
#1492 = ORIENTED_EDGE ( 'NONE', *, *, #2752, .T. ) ;
#1493 = CONICAL_SURFACE ( 'NONE', #896, 3.275000000000000355, 0.7853981633973918797 ) ;
#1494 = ORIENTED_EDGE ( 'NONE', *, *, #2634, .T. ) ;
#1495 = CARTESIAN_POINT ( 'NONE',  ( 96.00000000000000000, 24.11999999999999744, -147.9399999999999977 ) ) ;
#1496 = DIRECTION ( 'NONE',  ( 0.000000000000000000, 1.000000000000000000, 1.294569758191647155E-16 ) ) ;
#1497 = CARTESIAN_POINT ( 'NONE',  ( 104.0000000000000000, 36.00000000000000711, -75.94000000000001194 ) ) ;
#1498 = EDGE_CURVE ( 'NONE', #1924, #1975, #618, .T. ) ;
#1499 = DIRECTION ( 'NONE',  ( 1.000000000000000000, -0.000000000000000000, -0.000000000000000000 ) ) ;
#1500 = VERTEX_POINT ( 'NONE', #1833 ) ;
#1501 = CARTESIAN_POINT ( 'NONE',  ( 57.99999999999999289, 6.000000000000000000, -9.199999999999995737 ) ) ;
#1502 = DIRECTION ( 'NONE',  ( 0.000000000000000000, -1.000000000000000000, -0.000000000000000000 ) ) ;
#1503 = EDGE_CURVE ( 'NONE', #254, #1054, #2750, .T. ) ;
#1504 = CARTESIAN_POINT ( 'NONE',  ( 58.00000000000000000, 6.000000000000000000, -165.0000000000000000 ) ) ;
#1505 = CIRCLE ( 'NONE', #615, 4.500000000000003553 ) ;
#1506 = CARTESIAN_POINT ( 'NONE',  ( 96.00000000000000000, 10.71999999999999886, -140.0600000000000023 ) ) ;
#1507 = CONICAL_SURFACE ( 'NONE', #710, 3.275000000000000355, 0.7853981633973918797 ) ;
#1508 = LINE ( 'NONE', #784, #2458 ) ;
#1509 = ORIENTED_EDGE ( 'NONE', *, *, #2378, .T. ) ;
#1510 = CIRCLE ( 'NONE', #461, 4.500000000000003553 ) ;
#1511 = LOCAL_TIME ( 14, 59, 38.00000000000000000, #1377 ) ;
#1512 = ORIENTED_EDGE ( 'NONE', *, *, #2090, .F. ) ;
#1513 = LINE ( 'NONE', #803, #2591 ) ;
#1514 = AXIS2_PLACEMENT_3D ( 'NONE', #529, #347, #1754 ) ;
#1515 = ORIENTED_EDGE ( 'NONE', *, *, #1130, .F. ) ;
#1516 = DIRECTION ( 'NONE',  ( 0.000000000000000000, 0.000000000000000000, -1.000000000000000000 ) ) ;
#1517 = DIRECTION ( 'NONE',  ( 0.000000000000000000, 0.000000000000000000, -1.000000000000000000 ) ) ;
#1518 = ORIENTED_EDGE ( 'NONE', *, *, #230, .T. ) ;
#1519 = DIRECTION ( 'NONE',  ( 1.000000000000000000, -0.000000000000000000, -0.000000000000000000 ) ) ;
#1520 = CARTESIAN_POINT ( 'NONE',  ( 104.0000000000000000, 24.11999999999999744, -80.00000000000000000 ) ) ;
#1521 = DIRECTION ( 'NONE',  ( 0.000000000000000000, -1.901066822988282147E-15, -1.000000000000000000 ) ) ;
#1522 = EDGE_LOOP ( 'NONE', ( #2336, #802, #1349, #3 ) ) ;
#1523 = CARTESIAN_POINT ( 'NONE',  ( 104.0000000000000000, 10.72000000000000064, 0.000000000000000000 ) ) ;
#1524 = ADVANCED_FACE ( 'NONE', ( #1863 ), #1373, .F. ) ;
#1525 = DIRECTION ( 'NONE',  ( 0.000000000000000000, 0.000000000000000000, -1.000000000000000000 ) ) ;
#1526 = ORIENTED_EDGE ( 'NONE', *, *, #3017, .T. ) ;
#1527 = EDGE_CURVE ( 'NONE', #175, #1743, #1629, .T. ) ;
#1528 = DIRECTION ( 'NONE',  ( -0.000000000000000000, -0.000000000000000000, 1.000000000000000000 ) ) ;
#1529 = ORIENTED_EDGE ( 'NONE', *, *, #2378, .F. ) ;
#1530 = FACE_OUTER_BOUND ( 'NONE', #2038, .T. ) ;
#1531 = EDGE_CURVE ( 'NONE', #1993, #433, #657, .T. ) ;
#1532 = FACE_OUTER_BOUND ( 'NONE', #2373, .T. ) ;
#1533 = AXIS2_PLACEMENT_3D ( 'NONE', #2801, #2330, #1812 ) ;
#1534 = CARTESIAN_POINT ( 'NONE',  ( 6.000000000000000888, 2.000000000000000000, -156.0000000000000000 ) ) ;
#1535 = CARTESIAN_POINT ( 'NONE',  ( 104.0000000000000000, 24.11999999999999744, -40.00000000000000000 ) ) ;
#1536 = VERTEX_POINT ( 'NONE', #2069 ) ;
#1537 = LINE ( 'NONE', #98, #2681 ) ;
#1538 = CARTESIAN_POINT ( 'NONE',  ( 96.00000000000000000, 10.71999999999999886, -100.0600000000000165 ) ) ;
#1539 = LINE ( 'NONE', #2222, #2696 ) ;
#1540 = ORIENTED_EDGE ( 'NONE', *, *, #2266, .F. ) ;
#1541 = CARTESIAN_POINT ( 'NONE',  ( 2.000000000000000000, 2.000000000000000000, 0.000000000000000000 ) ) ;
#1542 = VERTEX_POINT ( 'NONE', #2525 ) ;
#1543 = EDGE_CURVE ( 'NONE', #2033, #488, #2322, .T. ) ;
#1544 = ORIENTED_EDGE ( 'NONE', *, *, #2770, .T. ) ;
#1545 = CYLINDRICAL_SURFACE ( 'NONE', #2743, 4.500000000000003553 ) ;
#1546 = EDGE_CURVE ( 'NONE', #660, #2262, #864, .T. ) ;
#1547 = CARTESIAN_POINT ( 'NONE',  ( 57.99999999999999289, 3.399999999999998579, -7.500000000000000000 ) ) ;
#1548 = LINE ( 'NONE', #851, #460 ) ;
#1549 = ORIENTED_EDGE ( 'NONE', *, *, #2925, .T. ) ;
#1550 = LINE ( 'NONE', #1984, #1934 ) ;
#1551 = FACE_OUTER_BOUND ( 'NONE', #375, .T. ) ;
#1552 = PLANE ( 'NONE',  #1776 ) ;
#1553 = ORIENTED_EDGE ( 'NONE', *, *, #2247, .F. ) ;
#1554 = VECTOR ( 'NONE', #837, 1000.000000000000000 ) ;
#1555 = VECTOR ( 'NONE', #682, 1000.000000000000000 ) ;
#1556 = DIRECTION ( 'NONE',  ( 0.000000000000000000, -1.000000000000000000, -0.000000000000000000 ) ) ;
#1557 = ORIENTED_EDGE ( 'NONE', *, *, #1465, .F. ) ;
#1558 = CIRCLE ( 'NONE', #637, 3.250000000000002665 ) ;
#1559 = CARTESIAN_POINT ( 'NONE',  ( 57.99999999999999289, 0.02500000000000006384, -163.7500000000000000 ) ) ;
#1560 = VECTOR ( 'NONE', #2292, 1000.000000000000000 ) ;
#1561 = VECTOR ( 'NONE', #1207, 1000.000000000000000 ) ;
#1562 = PLANE ( 'NONE',  #1400 ) ;
#1563 = ADVANCED_FACE ( 'NONE', ( #2573 ), #3044, .F. ) ;
#1564 = VECTOR ( 'NONE', #2691, 1000.000000000000000 ) ;
#1565 = EDGE_CURVE ( 'NONE', #859, #1923, #181, .T. ) ;
#1566 = ORIENTED_EDGE ( 'NONE', *, *, #372, .T. ) ;
#1567 = DIRECTION ( 'NONE',  ( 1.000000000000000000, 0.000000000000000000, -0.000000000000000000 ) ) ;
#1568 = LINE ( 'NONE', #1810, #1067 ) ;
#1569 = ORIENTED_EDGE ( 'NONE', *, *, #88, .F. ) ;
#1570 = CARTESIAN_POINT ( 'NONE',  ( 104.0000000000000000, 24.11999999999999744, -107.9400000000000119 ) ) ;
#1571 = VERTEX_POINT ( 'NONE', #2059 ) ;
#1572 = FACE_OUTER_BOUND ( 'NONE', #1374, .T. ) ;
#1573 = ORIENTED_EDGE ( 'NONE', *, *, #1857, .T. ) ;
#1574 = CARTESIAN_POINT ( 'NONE',  ( 57.99999999999999289, 0.000000000000000000, -7.500000000000000000 ) ) ;
#1575 = CARTESIAN_POINT ( 'NONE',  ( 98.99999999999998579, 6.000000000000000000, -166.0000000000000000 ) ) ;
#1576 = EDGE_CURVE ( 'NONE', #671, #2622, #3002, .T. ) ;
#1577 = VECTOR ( 'NONE', #53, 1000.000000000000000 ) ;
#1578 = ORIENTED_EDGE ( 'NONE', *, *, #210, .T. ) ;
#1579 = DIRECTION ( 'NONE',  ( -0.000000000000000000, -0.000000000000000000, 1.000000000000000000 ) ) ;
#1580 = CALENDAR_DATE ( 2025, 8, 7 ) ;
#1581 = EDGE_CURVE ( 'NONE', #2853, #2161, #1819, .T. ) ;
#1582 = DIRECTION ( 'NONE',  ( -0.000000000000000000, -1.000000000000000000, -0.000000000000000000 ) ) ;
#1583 = ORIENTED_EDGE ( 'NONE', *, *, #2307, .F. ) ;
#1584 = EDGE_LOOP ( 'NONE', ( #2492, #3021, #562, #758 ) ) ;
#1585 = DIRECTION ( 'NONE',  ( 0.000000000000000000, 0.000000000000000000, -1.000000000000000000 ) ) ;
#1586 = LINE ( 'NONE', #1302, #166 ) ;
#1587 = DIRECTION ( 'NONE',  ( 0.000000000000000000, -1.000000000000000000, -0.000000000000000000 ) ) ;
#1588 = ORIENTED_EDGE ( 'NONE', *, *, #427, .T. ) ;
#1589 = DIRECTION ( 'NONE',  ( -0.000000000000000000, -1.000000000000000000, -0.000000000000000000 ) ) ;
#1590 = COORDINATED_UNIVERSAL_TIME_OFFSET ( 1, 0, .AHEAD. ) ;
#1591 = ORIENTED_EDGE ( 'NONE', *, *, #600, .F. ) ;
#1592 = DIRECTION ( 'NONE',  ( 0.000000000000000000, -0.000000000000000000, 1.000000000000000000 ) ) ;
#1593 = ORIENTED_EDGE ( 'NONE', *, *, #3003, .F. ) ;
#1594 = EDGE_CURVE ( 'NONE', #1808, #2670, #1140, .T. ) ;
#1595 = DIRECTION ( 'NONE',  ( -0.000000000000000000, 1.000000000000000000, -0.000000000000000000 ) ) ;
#1596 = ORIENTED_EDGE ( 'NONE', *, *, #2266, .T. ) ;
#1597 = FACE_OUTER_BOUND ( 'NONE', #1640, .T. ) ;
#1598 = AXIS2_PLACEMENT_3D ( 'NONE', #470, #500, #1225 ) ;
#1599 = VECTOR ( 'NONE', #1662, 1000.000000000000000 ) ;
#1600 = CARTESIAN_POINT ( 'NONE',  ( 57.99999999999999289, 0.000000000000000000, -7.500000000000000000 ) ) ;
#1601 = DIRECTION ( 'NONE',  ( -0.000000000000000000, 0.000000000000000000, 1.000000000000000000 ) ) ;
#1602 = VECTOR ( 'NONE', #2025, 1000.000000000000000 ) ;
#1603 = VECTOR ( 'NONE', #2140, 1000.000000000000000 ) ;
#1604 = VECTOR ( 'NONE', #2822, 1000.000000000000000 ) ;
#1605 = ORIENTED_EDGE ( 'NONE', *, *, #1631, .F. ) ;
#1606 = CARTESIAN_POINT ( 'NONE',  ( 104.0000000000000000, 36.00000000000000711, -166.0000000000000000 ) ) ;
#1607 = VECTOR ( 'NONE', #2818, 1000.000000000000000 ) ;
#1608 = APPROVAL_DATE_TIME ( #678, #2837 ) ;
#1609 = CARTESIAN_POINT ( 'NONE',  ( 57.99999999999999289, 0.000000000000000000, -160.5000000000000000 ) ) ;
#1610 = DIRECTION ( 'NONE',  ( 0.000000000000000000, -1.000000000000000000, 0.000000000000000000 ) ) ;
#1611 = ORIENTED_EDGE ( 'NONE', *, *, #788, .F. ) ;
#1612 = EDGE_CURVE ( 'NONE', #2353, #1881, #2335, .T. ) ;
#1613 = CARTESIAN_POINT ( 'NONE',  ( 6.000000000000005329, 6.000000000000000000, -162.2000000000000171 ) ) ;
#1614 = ADVANCED_FACE ( 'NONE', ( #204 ), #2788, .F. ) ;
#1615 = DIRECTION ( 'NONE',  ( 0.000000000000000000, 0.000000000000000000, -1.000000000000000000 ) ) ;
#1616 = EDGE_CURVE ( 'NONE', #958, #859, #1847, .T. ) ;
#1617 = CARTESIAN_POINT ( 'NONE',  ( 96.00000000000000000, 10.71999999999999886, -27.94000000000000128 ) ) ;
#1618 = EDGE_LOOP ( 'NONE', ( #2906, #1826, #1659, #149 ) ) ;
#1619 = CARTESIAN_POINT ( 'NONE',  ( 6.000000000000005329, 0.000000000000000000, -7.500000000000000000 ) ) ;
#1620 = AXIS2_PLACEMENT_3D ( 'NONE', #2677, #2203, #1209 ) ;
#1621 = PERSON_AND_ORGANIZATION_ROLE ( 'creator' ) ;
#1622 = DIRECTION ( 'NONE',  ( 0.000000000000000000, 1.000000000000000000, 0.000000000000000000 ) ) ;
#1623 = VECTOR ( 'NONE', #2409, 1000.000000000000000 ) ;
#1624 = CARTESIAN_POINT ( 'NONE',  ( 106.0000000000000000, 10.71999999999999886, -35.93999999999999773 ) ) ;
#1625 = VERTEX_POINT ( 'NONE', #675 ) ;
#1626 = CARTESIAN_POINT ( 'NONE',  ( 104.0000000000000000, 36.00000000000000711, -60.06000000000000227 ) ) ;
#1627 = EDGE_CURVE ( 'NONE', #2901, #2772, #699, .T. ) ;
#1628 = DIRECTION ( 'NONE',  ( -0.000000000000000000, -1.000000000000000000, -0.000000000000000000 ) ) ;
#1629 = LINE ( 'NONE', #1575, #2400 ) ;
#1630 = EDGE_CURVE ( 'NONE', #2919, #1138, #1251, .T. ) ;
#1631 = EDGE_CURVE ( 'NONE', #2831, #225, #265, .T. ) ;
#1632 = VERTEX_POINT ( 'NONE', #2607 ) ;
#1633 = CARTESIAN_POINT ( 'NONE',  ( 104.0000000000000000, 6.000000000000000000, -166.0000000000000000 ) ) ;
#1634 = APPROVAL_ROLE ( '' ) ;
#1635 = ORIENTED_EDGE ( 'NONE', *, *, #2270, .T. ) ;
#1636 = DIRECTION ( 'NONE',  ( 0.000000000000000000, -0.7071067811865383579, -0.7071067811865566766 ) ) ;
#1637 = CARTESIAN_POINT ( 'NONE',  ( 106.0000000000000000, 24.11999999999999744, -140.0600000000000023 ) ) ;
#1638 = VERTEX_POINT ( 'NONE', #1004 ) ;
#1639 = DIRECTION ( 'NONE',  ( 0.000000000000000000, 0.000000000000000000, -1.000000000000000000 ) ) ;
#1640 = EDGE_LOOP ( 'NONE', ( #992, #1429, #2703, #981 ) ) ;
#1641 = LINE ( 'NONE', #698, #2637 ) ;
#1642 = CC_DESIGN_PERSON_AND_ORGANIZATION_ASSIGNMENT ( #197, #2799, ( #918 ) ) ;
#1643 = AXIS2_PLACEMENT_3D ( 'NONE', #906, #1169, #1615 ) ;
#1644 = DIRECTION ( 'NONE',  ( 0.000000000000000000, 0.000000000000000000, -1.000000000000000000 ) ) ;
#1645 = AXIS2_PLACEMENT_3D ( 'NONE', #1547, #2496, #2265 ) ;
#1646 = AXIS2_PLACEMENT_3D ( 'NONE', #570, #2974, #2724 ) ;
#1647 = ORIENTED_EDGE ( 'NONE', *, *, #979, .T. ) ;
#1648 = EDGE_CURVE ( 'NONE', #1107, #608, #253, .T. ) ;
#1649 = DIRECTION ( 'NONE',  ( 0.000000000000000000, 0.000000000000000000, -1.000000000000000000 ) ) ;
#1650 = ORIENTED_EDGE ( 'NONE', *, *, #2659, .F. ) ;
#1651 = ADVANCED_FACE ( 'NONE', ( #2415, #2383 ), #468, .T. ) ;
#1652 = VECTOR ( 'NONE', #366, 1000.000000000000000 ) ;
#1653 = VECTOR ( 'NONE', #2003, 1000.000000000000000 ) ;
#1654 = DIRECTION ( 'NONE',  ( 1.000000000000000000, -0.000000000000000000, -0.000000000000000000 ) ) ;
#1655 = ORIENTED_EDGE ( 'NONE', *, *, #984, .T. ) ;
#1656 = AXIS2_PLACEMENT_3D ( 'NONE', #2999, #641, #1585 ) ;
#1657 = FACE_OUTER_BOUND ( 'NONE', #576, .T. ) ;
#1658 = CARTESIAN_POINT ( 'NONE',  ( 57.99999999999999289, 3.399999999999998579, -162.2000000000000171 ) ) ;
#1659 = ORIENTED_EDGE ( 'NONE', *, *, #2464, .T. ) ;
#1660 = CARTESIAN_POINT ( 'NONE',  ( 57.99999999999999289, 0.000000000000000000, -163.7750000000000057 ) ) ;
#1661 = ORIENTED_EDGE ( 'NONE', *, *, #304, .T. ) ;
#1662 = DIRECTION ( 'NONE',  ( -0.000000000000000000, 1.000000000000000000, -0.000000000000000000 ) ) ;
#1663 = CARTESIAN_POINT ( 'NONE',  ( 57.99999999999999289, 0.000000000000000000, -10.75000000000000178 ) ) ;
#1664 = ORIENTED_EDGE ( 'NONE', *, *, #2439, .F. ) ;
#1665 = DIRECTION ( 'NONE',  ( 0.000000000000000000, 0.000000000000000000, -1.000000000000000000 ) ) ;
#1666 = ORIENTED_EDGE ( 'NONE', *, *, #123, .T. ) ;
#1667 = EDGE_CURVE ( 'NONE', #1440, #2880, #2398, .T. ) ;
#1668 = CARTESIAN_POINT ( 'NONE',  ( 106.0000000000000000, 10.71999999999999886, -27.94000000000000128 ) ) ;
#1669 = ORIENTED_EDGE ( 'NONE', *, *, #1861, .F. ) ;
#1670 = DIRECTION ( 'NONE',  ( 0.000000000000000000, 1.000000000000000000, 0.000000000000000000 ) ) ;
#1671 = CARTESIAN_POINT ( 'NONE',  ( 96.00000000000000000, 24.11999999999999744, -27.94000000000000128 ) ) ;
#1672 = ADVANCED_FACE ( 'NONE', ( #12 ), #955, .F. ) ;
#1673 = CARTESIAN_POINT ( 'NONE',  ( 6.000000000000000000, 6.000000000000000000, -165.0000000000000000 ) ) ;
#1674 = ORIENTED_EDGE ( 'NONE', *, *, #2248, .F. ) ;
#1675 = DIRECTION ( 'NONE',  ( -1.000000000000000000, 0.000000000000000000, 0.000000000000000000 ) ) ;
#1676 = VERTEX_POINT ( 'NONE', #2838 ) ;
#1677 = ORIENTED_EDGE ( 'NONE', *, *, #28, .T. ) ;
#1678 = LINE ( 'NONE', #1523, #886 ) ;
#1679 = CARTESIAN_POINT ( 'NONE',  ( 96.00000000000000000, 10.71999999999999886, -60.06000000000000227 ) ) ;
#1680 = ORIENTED_EDGE ( 'NONE', *, *, #893, .F. ) ;
#1681 = DIRECTION ( 'NONE',  ( 0.000000000000000000, 0.000000000000000000, -1.000000000000000000 ) ) ;
#1682 = CARTESIAN_POINT ( 'NONE',  ( 0.000000000000000000, 0.000000000000000000, -168.0000000000000000 ) ) ;
#1683 = EDGE_LOOP ( 'NONE', ( #1828, #1124, #30, #105 ) ) ;
#1684 = PLANE ( 'NONE',  #2026 ) ;
#1685 = PLANE ( 'NONE',  #2524 ) ;
#1686 = DIRECTION ( 'NONE',  ( 0.000000000000000000, 0.000000000000000000, -1.000000000000000000 ) ) ;
#1687 = CIRCLE ( 'NONE', #754, 2.000000000000000000 ) ;
#1688 = CARTESIAN_POINT ( 'NONE',  ( 57.99999999999999289, 0.000000000000000000, -4.224999999999999645 ) ) ;
#1689 = ORIENTED_EDGE ( 'NONE', *, *, #1978, .T. ) ;
#1690 = ADVANCED_FACE ( 'NONE', ( #1201 ), #2145, .F. ) ;
#1691 = EDGE_LOOP ( 'NONE', ( #2490, #813, #2478, #3008 ) ) ;
#1692 = DIRECTION ( 'NONE',  ( -0.000000000000000000, 1.000000000000000000, -0.000000000000000000 ) ) ;
#1693 = VECTOR ( 'NONE', #2446, 1000.000000000000000 ) ;
#1694 = CARTESIAN_POINT ( 'NONE',  ( 2.000000000000000000, 0.000000000000000000, 0.000000000000000000 ) ) ;
#1695 = CYLINDRICAL_SURFACE ( 'NONE', #1450, 1.700000000000007061 ) ;
#1696 = CIRCLE ( 'NONE', #369, 4.500000000000012434 ) ;
#1697 = AXIS2_PLACEMENT_3D ( 'NONE', #2125, #1595, #1425 ) ;
#1698 = FACE_OUTER_BOUND ( 'NONE', #363, .T. ) ;
#1699 = VERTEX_POINT ( 'NONE', #974 ) ;
#1700 = CARTESIAN_POINT ( 'NONE',  ( 106.0000000000000000, 24.11999999999999744, -92.06000000000000227 ) ) ;
#1701 = FACE_OUTER_BOUND ( 'NONE', #799, .T. ) ;
#1702 = CIRCLE ( 'NONE', #768, 3.275000000000000355 ) ;
#1703 = VECTOR ( 'NONE', #1394, 1000.000000000000000 ) ;
#1704 = CIRCLE ( 'NONE', #176, 3.250000000000002665 ) ;
#1705 = DIRECTION ( 'NONE',  ( 0.000000000000000000, 0.000000000000000000, -1.000000000000000000 ) ) ;
#1706 = EDGE_LOOP ( 'NONE', ( #1708, #1063, #1101, #1911 ) ) ;
#1707 = LINE ( 'NONE', #2851, #133 ) ;
#1708 = ORIENTED_EDGE ( 'NONE', *, *, #1351, .F. ) ;
#1709 = AXIS2_PLACEMENT_3D ( 'NONE', #2847, #2420, #243 ) ;
#1710 = ADVANCED_FACE ( 'NONE', ( #719 ), #2182, .F. ) ;
#1711 = ORIENTED_EDGE ( 'NONE', *, *, #2048, .T. ) ;
#1712 = EDGE_CURVE ( 'NONE', #2192, #2732, #1431, .T. ) ;
#1713 = CARTESIAN_POINT ( 'NONE',  ( 96.00000000000000000, 10.71999999999999886, -27.94000000000000128 ) ) ;
#1714 = EDGE_CURVE ( 'NONE', #35, #1265, #2855, .T. ) ;
#1715 = ORIENTED_EDGE ( 'NONE', *, *, #2056, .T. ) ;
#1716 = CARTESIAN_POINT ( 'NONE',  ( 6.000000000000005329, 3.399999999999999467, -163.7500000000000000 ) ) ;
#1717 = LINE ( 'NONE', #995, #2264 ) ;
#1718 = EDGE_LOOP ( 'NONE', ( #1088, #2080, #2332, #1485 ) ) ;
#1719 = DIRECTION ( 'NONE',  ( 1.000000000000000000, -0.000000000000000000, -0.000000000000000000 ) ) ;
#1720 = CARTESIAN_POINT ( 'NONE',  ( 6.000000000000000000, 6.000000000000000000, -7.500000000000000000 ) ) ;
#1721 = CARTESIAN_POINT ( 'NONE',  ( 104.0000000000000000, 6.000000000000000000, -2.000000000000000000 ) ) ;
#1722 = VERTEX_POINT ( 'NONE', #482 ) ;
#1723 = LINE ( 'NONE', #2193, #1120 ) ;
#1724 = ORIENTED_EDGE ( 'NONE', *, *, #2416, .F. ) ;
#1725 = VECTOR ( 'NONE', #1455, 1000.000000000000000 ) ;
#1726 = VERTEX_POINT ( 'NONE', #2640 ) ;
#1727 = CARTESIAN_POINT ( 'NONE',  ( 58.00000000000000000, 2.000000000000000000, -2.999999999999987121 ) ) ;
#1728 = EDGE_CURVE ( 'NONE', #786, #1436, #941, .T. ) ;
#1729 = VECTOR ( 'NONE', #102, 1000.000000000000000 ) ;
#1730 = ORIENTED_EDGE ( 'NONE', *, *, #3028, .F. ) ;
#1731 = CARTESIAN_POINT ( 'NONE',  ( 106.0000000000000000, 24.11999999999999744, -107.9400000000000119 ) ) ;
#1732 = ADVANCED_FACE ( 'NONE', ( #2164 ), #1802, .F. ) ;
#1733 = DIRECTION ( 'NONE',  ( 0.000000000000000000, 0.000000000000000000, -1.000000000000000000 ) ) ;
#1734 = ORIENTED_EDGE ( 'NONE', *, *, #600, .T. ) ;
#1735 = FACE_OUTER_BOUND ( 'NONE', #1216, .T. ) ;
#1736 = DIRECTION ( 'NONE',  ( -0.000000000000000000, -1.000000000000000000, -0.000000000000000000 ) ) ;
#1737 = FACE_OUTER_BOUND ( 'NONE', #1691, .T. ) ;
#1738 = CYLINDRICAL_SURFACE ( 'NONE', #2279, 3.250000000000002665 ) ;
#1739 = CARTESIAN_POINT ( 'NONE',  ( 57.99999999999999289, 0.000000000000000000, -157.2249999999999943 ) ) ;
#1740 = VERTEX_POINT ( 'NONE', #2872 ) ;
#1741 = DIRECTION ( 'NONE',  ( 0.000000000000000000, 1.000000000000000000, 0.000000000000000000 ) ) ;
#1742 = EDGE_CURVE ( 'NONE', #2429, #2340, #2547, .T. ) ;
#1743 = VERTEX_POINT ( 'NONE', #1464 ) ;
#1744 = CARTESIAN_POINT ( 'NONE',  ( 57.99999999999999289, 0.000000000000000000, -160.5000000000000000 ) ) ;
#1745 = ADVANCED_FACE ( 'NONE', ( #2885, #773, #2658 ), #301, .F. ) ;
#1746 = FACE_OUTER_BOUND ( 'NONE', #1460, .T. ) ;
#1747 = VERTEX_POINT ( 'NONE', #1299 ) ;
#1748 = DIRECTION ( 'NONE',  ( -0.000000000000000000, -1.000000000000000000, -0.000000000000000000 ) ) ;
#1749 = PLANE ( 'NONE',  #2323 ) ;
#1750 = EDGE_CURVE ( 'NONE', #1224, #2812, #564, .T. ) ;
#1751 = DIRECTION ( 'NONE',  ( 0.000000000000000000, 1.000000000000000000, 0.000000000000000000 ) ) ;
#1752 = DIRECTION ( 'NONE',  ( 8.462065736472229849E-17, 0.000000000000000000, 1.000000000000000000 ) ) ;
#1753 = VECTOR ( 'NONE', #2879, 1000.000000000000000 ) ;
#1754 = DIRECTION ( 'NONE',  ( 0.000000000000000000, 0.000000000000000000, -1.000000000000000000 ) ) ;
#1755 = ORIENTED_EDGE ( 'NONE', *, *, #2320, .T. ) ;
#1756 = AXIS2_PLACEMENT_3D ( 'NONE', #2099, #3014, #925 ) ;
#1757 = CC_DESIGN_APPROVAL ( #2106, ( #1458 ) ) ;
#1758 = FACE_OUTER_BOUND ( 'NONE', #1077, .T. ) ;
#1759 = EDGE_LOOP ( 'NONE', ( #922, #1361, #345, #1823 ) ) ;
#1760 = CARTESIAN_POINT ( 'NONE',  ( 57.99999999999999289, 0.000000000000000000, -7.500000000000000000 ) ) ;
#1761 = VECTOR ( 'NONE', #438, 1000.000000000000000 ) ;
#1762 = DIRECTION ( 'NONE',  ( 0.000000000000000000, 0.000000000000000000, -1.000000000000000000 ) ) ;
#1763 = DIRECTION ( 'NONE',  ( 0.000000000000000000, 0.000000000000000000, -1.000000000000000000 ) ) ;
#1764 = ORIENTED_EDGE ( 'NONE', *, *, #515, .F. ) ;
#1765 = CARTESIAN_POINT ( 'NONE',  ( 0.000000000000000000, 36.00000000000000711, 0.000000000000000000 ) ) ;
#1766 = DIRECTION ( 'NONE',  ( 0.000000000000000000, 0.000000000000000000, -1.000000000000000000 ) ) ;
#1767 = EDGE_CURVE ( 'NONE', #2880, #2268, #2947, .T. ) ;
#1768 = CARTESIAN_POINT ( 'NONE',  ( 106.0000000000000000, 10.71999999999999886, -155.9399999999999977 ) ) ;
#1769 = EDGE_LOOP ( 'NONE', ( #2386, #1234, #872, #71 ) ) ;
#1770 = CARTESIAN_POINT ( 'NONE',  ( 98.99999999999998579, 2.000000000000000000, -166.0000000000000000 ) ) ;
#1771 = DIRECTION ( 'NONE',  ( -0.000000000000000000, -1.000000000000000000, -0.000000000000000000 ) ) ;
#1772 = ORIENTED_EDGE ( 'NONE', *, *, #1130, .T. ) ;
#1773 = EDGE_CURVE ( 'NONE', #859, #2166, #2012, .T. ) ;
#1774 = ORIENTED_EDGE ( 'NONE', *, *, #1767, .F. ) ;
#1775 = CARTESIAN_POINT ( 'NONE',  ( 57.99999999999999289, 3.399999999999999467, -160.5000000000000000 ) ) ;
#1776 = AXIS2_PLACEMENT_3D ( 'NONE', #2006, #2952, #2623 ) ;
#1777 = CARTESIAN_POINT ( 'NONE',  ( 106.0000000000000000, 24.11999999999999744, -115.9400000000000119 ) ) ;
#1778 = VECTOR ( 'NONE', #1073, 1000.000000000000000 ) ;
#1779 = CARTESIAN_POINT ( 'NONE',  ( 96.00000000000000000, 10.71999999999999886, -75.94000000000001194 ) ) ;
#1780 = ORIENTED_EDGE ( 'NONE', *, *, #1300, .T. ) ;
#1781 = DIRECTION ( 'NONE',  ( 1.000000000000000000, -0.000000000000000000, 0.000000000000000000 ) ) ;
#1782 = LINE ( 'NONE', #344, #2055 ) ;
#1783 = EDGE_CURVE ( 'NONE', #2856, #1791, #1315, .T. ) ;
#1784 = CARTESIAN_POINT ( 'NONE',  ( 104.0000000000000000, 24.11999999999999744, -155.9399999999999977 ) ) ;
#1785 = ORIENTED_EDGE ( 'NONE', *, *, #371, .F. ) ;
#1786 = ORIENTED_EDGE ( 'NONE', *, *, #1441, .T. ) ;
#1787 = CARTESIAN_POINT ( 'NONE',  ( 2.000000000000000000, 36.00000000000000711, -2.000000000000000000 ) ) ;
#1788 = EDGE_CURVE ( 'NONE', #2544, #2436, #74, .T. ) ;
#1789 = DIRECTION ( 'NONE',  ( 1.000000000000000000, -0.000000000000000000, -0.000000000000000000 ) ) ;
#1790 = CARTESIAN_POINT ( 'NONE',  ( 0.000000000000000000, 36.00000000000000711, 0.000000000000000000 ) ) ;
#1791 = VERTEX_POINT ( 'NONE', #1727 ) ;
#1792 = CARTESIAN_POINT ( 'NONE',  ( 96.00000000000000000, 10.71999999999999886, -147.9399999999999977 ) ) ;
#1793 = LINE ( 'NONE', #1326, #1653 ) ;
#1794 = DIRECTION ( 'NONE',  ( 0.000000000000000000, 0.000000000000000000, -1.000000000000000000 ) ) ;
#1795 = ORIENTED_EDGE ( 'NONE', *, *, #28, .F. ) ;
#1796 = CIRCLE ( 'NONE', #2448, 4.500000000000003553 ) ;
#1797 = AXIS2_PLACEMENT_3D ( 'NONE', #977, #2661, #2609 ) ;
#1798 = AXIS2_PLACEMENT_3D ( 'NONE', #2317, #2361, #1135 ) ;
#1799 = CARTESIAN_POINT ( 'NONE',  ( 6.000000000000005329, 6.000000000000000000, -9.199999999999995737 ) ) ;
#1800 = ORIENTED_EDGE ( 'NONE', *, *, #2495, .T. ) ;
#1801 = CARTESIAN_POINT ( 'NONE',  ( 6.000000000000000000, 6.000000000000000000, -160.5000000000000000 ) ) ;
#1802 = CONICAL_SURFACE ( 'NONE', #2349, 3.275000000000000355, 0.7853981633974612686 ) ;
#1803 = VECTOR ( 'NONE', #1042, 1000.000000000000000 ) ;
#1804 = EDGE_CURVE ( 'NONE', #433, #116, #912, .T. ) ;
#1805 = VECTOR ( 'NONE', #2121, 1000.000000000000000 ) ;
#1806 = PLANE ( 'NONE',  #27 ) ;
#1807 = EDGE_CURVE ( 'NONE', #2143, #129, #1702, .T. ) ;
#1808 = VERTEX_POINT ( 'NONE', #2706 ) ;
#1809 = DIRECTION ( 'NONE',  ( 0.000000000000000000, -1.000000000000000000, 0.000000000000000000 ) ) ;
#1810 = CARTESIAN_POINT ( 'NONE',  ( 6.000000000000000888, 6.000000000000000000, -156.0000000000000000 ) ) ;
#1811 = ORIENTED_EDGE ( 'NONE', *, *, #1616, .T. ) ;
#1812 = DIRECTION ( 'NONE',  ( 0.000000000000000000, 0.000000000000000000, 1.000000000000000000 ) ) ;
#1813 = ORIENTED_EDGE ( 'NONE', *, *, #611, .F. ) ;
#1814 = LINE ( 'NONE', #1353, #1015 ) ;
#1815 = ORIENTED_EDGE ( 'NONE', *, *, #2167, .T. ) ;
#1816 = DIRECTION ( 'NONE',  ( 0.000000000000000000, -0.000000000000000000, -1.000000000000000000 ) ) ;
#1817 = FACE_BOUND ( 'NONE', #2137, .T. ) ;
#1818 = ADVANCED_FACE ( 'NONE', ( #1020 ), #836, .F. ) ;
#1819 = LINE ( 'NONE', #452, #1156 ) ;
#1820 = AXIS2_PLACEMENT_3D ( 'NONE', #1952, #590, #1766 ) ;
#1821 = VECTOR ( 'NONE', #346, 1000.000000000000000 ) ;
#1822 = VECTOR ( 'NONE', #1519, 1000.000000000000000 ) ;
#1823 = ORIENTED_EDGE ( 'NONE', *, *, #49, .F. ) ;
#1824 = CARTESIAN_POINT ( 'NONE',  ( 104.0000000000000000, 10.71999999999999886, -67.93999999999999773 ) ) ;
#1825 = ADVANCED_FACE ( 'NONE', ( #1530 ), #1545, .T. ) ;
#1826 = ORIENTED_EDGE ( 'NONE', *, *, #1503, .T. ) ;
#1827 = CARTESIAN_POINT ( 'NONE',  ( 2.000000000000000000, 6.000000000000000000, -158.4384471871911728 ) ) ;
#1828 = ORIENTED_EDGE ( 'NONE', *, *, #2494, .T. ) ;
#1829 = FACE_OUTER_BOUND ( 'NONE', #449, .T. ) ;
#1830 = VERTEX_POINT ( 'NONE', #1787 ) ;
#1831 = DIRECTION ( 'NONE',  ( 0.000000000000000000, 0.000000000000000000, -1.000000000000000000 ) ) ;
#1832 = LINE ( 'NONE', #481, #1599 ) ;
#1833 = CARTESIAN_POINT ( 'NONE',  ( 2.000000000000000000, 36.00000000000000711, 0.000000000000000000 ) ) ;
#1834 = EDGE_LOOP ( 'NONE', ( #2557, #1008, #2023, #1583 ) ) ;
#1835 = CYLINDRICAL_SURFACE ( 'NONE', #459, 2.000000000000001776 ) ;
#1836 = EDGE_CURVE ( 'NONE', #90, #1791, #583, .T. ) ;
#1837 = EDGE_CURVE ( 'NONE', #1722, #2521, #1510, .T. ) ;
#1838 = DATE_TIME_ROLE ( 'classification_date' ) ;
#1839 = ORIENTED_EDGE ( 'NONE', *, *, #491, .T. ) ;
#1840 = CARTESIAN_POINT ( 'NONE',  ( 106.0000000000000000, 10.71999999999999886, -155.9399999999999977 ) ) ;
#1841 = ADVANCED_FACE ( 'NONE', ( #93 ), #610, .F. ) ;
#1842 = CARTESIAN_POINT ( 'NONE',  ( 6.000000000000005329, 0.000000000000000000, -4.250000000000000000 ) ) ;
#1843 = VERTEX_POINT ( 'NONE', #1559 ) ;
#1844 = CARTESIAN_POINT ( 'NONE',  ( 0.000000000000000000, 7.419999999999999929, -74.50000000000000000 ) ) ;
#1845 = VECTOR ( 'NONE', #2198, 1000.000000000000000 ) ;
#1846 = CARTESIAN_POINT ( 'NONE',  ( 57.99999999999999289, 3.399999999999999467, -157.2500000000000000 ) ) ;
#1847 = LINE ( 'NONE', #1151, #2152 ) ;
#1848 = AXIS2_PLACEMENT_3D ( 'NONE', #2196, #2685, #141 ) ;
#1849 = VECTOR ( 'NONE', #1957, 1000.000000000000000 ) ;
#1850 = VECTOR ( 'NONE', #1264, 1000.000000000000000 ) ;
#1851 = CIRCLE ( 'NONE', #1214, 3.275000000000000355 ) ;
#1852 = ORIENTED_EDGE ( 'NONE', *, *, #304, .F. ) ;
#1853 = DIRECTION ( 'NONE',  ( -1.000000000000000000, -0.000000000000000000, -0.000000000000000000 ) ) ;
#1854 = CIRCLE ( 'NONE', #2511, 4.500000000000003553 ) ;
#1855 = APPROVAL_DATE_TIME ( #914, #2106 ) ;
#1856 = DIRECTION ( 'NONE',  ( 0.000000000000000000, 0.000000000000000000, -1.000000000000000000 ) ) ;
#1857 = EDGE_CURVE ( 'NONE', #660, #2192, #1513, .T. ) ;
#1858 = LINE ( 'NONE', #448, #1703 ) ;
#1859 = VERTEX_POINT ( 'NONE', #335 ) ;
#1860 = DIRECTION ( 'NONE',  ( 0.000000000000000000, 0.000000000000000000, 1.000000000000000000 ) ) ;
#1861 = EDGE_CURVE ( 'NONE', #741, #847, #2455, .T. ) ;
#1862 = LINE ( 'NONE', #2256, #47 ) ;
#1863 = FACE_OUTER_BOUND ( 'NONE', #299, .T. ) ;
#1864 = ORIENTED_EDGE ( 'NONE', *, *, #271, .T. ) ;
#1865 = DIRECTION ( 'NONE',  ( -0.000000000000000000, -1.000000000000000000, -0.000000000000000000 ) ) ;
#1866 = VECTOR ( 'NONE', #325, 1000.000000000000000 ) ;
#1867 = ORIENTED_EDGE ( 'NONE', *, *, #999, .T. ) ;
#1868 = DIRECTION ( 'NONE',  ( 0.000000000000000000, 0.000000000000000000, 1.000000000000000000 ) ) ;
#1869 = VECTOR ( 'NONE', #3019, 1000.000000000000000 ) ;
#1870 = CIRCLE ( 'NONE', #937, 1.700000000000007061 ) ;
#1871 = CARTESIAN_POINT ( 'NONE',  ( 96.00000000000000000, 24.11999999999999744, -35.93999999999999773 ) ) ;
#1872 = ORIENTED_EDGE ( 'NONE', *, *, #371, .T. ) ;
#1873 = DIRECTION ( 'NONE',  ( 0.000000000000000000, -1.000000000000000000, -1.294569758191647155E-16 ) ) ;
#1874 = EDGE_CURVE ( 'NONE', #225, #2831, #2993, .T. ) ;
#1875 = ORIENTED_EDGE ( 'NONE', *, *, #1498, .F. ) ;
#1876 = EDGE_CURVE ( 'NONE', #1198, #1905, #818, .T. ) ;
#1877 = CARTESIAN_POINT ( 'NONE',  ( 57.99999999999999289, 0.000000000000000000, -10.77500000000000036 ) ) ;
#1878 = CARTESIAN_POINT ( 'NONE',  ( 104.0000000000000000, 36.00000000000000711, -67.93999999999999773 ) ) ;
#1879 = ORIENTED_EDGE ( 'NONE', *, *, #2941, .T. ) ;
#1880 = CARTESIAN_POINT ( 'NONE',  ( 6.000000000000005329, 0.000000000000000000, -10.77500000000000036 ) ) ;
#1881 = VERTEX_POINT ( 'NONE', #2263 ) ;
#1882 = DIRECTION ( 'NONE',  ( -0.000000000000000000, -1.000000000000000000, -0.000000000000000000 ) ) ;
#1883 = APPLICATION_PROTOCOL_DEFINITION ( 'international standard', 'config_control_design', 1994, #3001 ) ;
#1884 = EDGE_LOOP ( 'NONE', ( #596, #2975 ) ) ;
#1885 = CARTESIAN_POINT ( 'NONE',  ( 0.000000000000000000, 0.000000000000000000, 0.000000000000000000 ) ) ;
#1886 = CARTESIAN_POINT ( 'NONE',  ( 6.000000000000005329, 0.000000000000000000, -4.224999999999999645 ) ) ;
#1887 = ORIENTED_EDGE ( 'NONE', *, *, #647, .T. ) ;
#1888 = LINE ( 'NONE', #2128, #1270 ) ;
#1889 = VERTEX_POINT ( 'NONE', #890 ) ;
#1890 = CARTESIAN_POINT ( 'NONE',  ( 6.000000000000000000, 2.000000000000000000, -7.500000000000000000 ) ) ;
#1891 = DIRECTION ( 'NONE',  ( -0.000000000000000000, -1.000000000000000000, -0.000000000000000000 ) ) ;
#1892 = ADVANCED_FACE ( 'NONE', ( #875 ), #1355, .F. ) ;
#1893 = VECTOR ( 'NONE', #656, 1000.000000000000000 ) ;
#1894 = VECTOR ( 'NONE', #2898, 1000.000000000000000 ) ;
#1895 = ORIENTED_EDGE ( 'NONE', *, *, #1788, .T. ) ;
#1896 = FACE_OUTER_BOUND ( 'NONE', #2171, .T. ) ;
#1897 = ORIENTED_EDGE ( 'NONE', *, *, #2560, .T. ) ;
#1898 = EDGE_CURVE ( 'NONE', #486, #1638, #904, .T. ) ;
#1899 = AXIS2_PLACEMENT_3D ( 'NONE', #2971, #1741, #2721 ) ;
#1900 = DIRECTION ( 'NONE',  ( -0.000000000000000000, -0.000000000000000000, 1.000000000000000000 ) ) ;
#1901 = DIRECTION ( 'NONE',  ( -0.000000000000000000, -1.000000000000000000, -0.000000000000000000 ) ) ;
#1902 = CIRCLE ( 'NONE', #569, 1.699999999999997513 ) ;
#1903 = CARTESIAN_POINT ( 'NONE',  ( 6.000000000000000000, 6.000000000000000000, -12.00000000000000355 ) ) ;
#1904 = LINE ( 'NONE', #492, #1153 ) ;
#1905 = VERTEX_POINT ( 'NONE', #2775 ) ;
#1906 = CARTESIAN_POINT ( 'NONE',  ( 2.000000000000000000, 2.000000000000000000, -2.000000000000000000 ) ) ;
#1907 = EDGE_LOOP ( 'NONE', ( #521, #1724 ) ) ;
#1908 = MANIFOLD_SOLID_BREP ( 'Lineares Muster1', #771 ) ;
#1909 = DIRECTION ( 'NONE',  ( 0.000000000000000000, 0.000000000000000000, 1.000000000000000000 ) ) ;
#1910 = CARTESIAN_POINT ( 'NONE',  ( 96.00000000000000000, 10.71999999999999886, -147.9399999999999977 ) ) ;
#1911 = ORIENTED_EDGE ( 'NONE', *, *, #143, .T. ) ;
#1912 = DIRECTION ( 'NONE',  ( -0.000000000000000000, -1.000000000000000000, -0.000000000000000000 ) ) ;
#1913 = ORIENTED_EDGE ( 'NONE', *, *, #2785, .T. ) ;
#1914 = DIRECTION ( 'NONE',  ( 1.000000000000000000, -0.000000000000000000, -0.000000000000000000 ) ) ;
#1915 = VERTEX_POINT ( 'NONE', #1844 ) ;
#1916 = EDGE_CURVE ( 'NONE', #1993, #544, #2333, .T. ) ;
#1917 = LINE ( 'NONE', #2863, #2424 ) ;
#1918 = FACE_BOUND ( 'NONE', #717, .T. ) ;
#1919 = DIRECTION ( 'NONE',  ( 0.000000000000000000, 0.000000000000000000, -1.000000000000000000 ) ) ;
#1920 = EDGE_LOOP ( 'NONE', ( #45, #2705, #2395, #340 ) ) ;
#1921 = AXIS2_PLACEMENT_3D ( 'NONE', #667, #1622, #1327 ) ;
#1922 = CARTESIAN_POINT ( 'NONE',  ( 7.700000000000003730, 3.399999999999999023, -160.5000000000000000 ) ) ;
#1923 = VERTEX_POINT ( 'NONE', #1383 ) ;
#1924 = VERTEX_POINT ( 'NONE', #1613 ) ;
#1925 = DIRECTION ( 'NONE',  ( -0.000000000000000000, -1.000000000000000000, -0.000000000000000000 ) ) ;
#1926 = DIRECTION ( 'NONE',  ( 0.000000000000000000, 0.000000000000000000, -1.000000000000000000 ) ) ;
#1927 = EDGE_LOOP ( 'NONE', ( #1557, #894 ) ) ;
#1928 = CARTESIAN_POINT ( 'NONE',  ( 104.0000000000000000, 36.00000000000000711, -20.06000000000000227 ) ) ;
#1929 = LINE ( 'NONE', #2372, #2698 ) ;
#1930 = ORIENTED_EDGE ( 'NONE', *, *, #846, .F. ) ;
#1931 = FACE_OUTER_BOUND ( 'NONE', #751, .T. ) ;
#1932 = FACE_BOUND ( 'NONE', #1834, .T. ) ;
#1933 = ADVANCED_FACE ( 'NONE', ( #1597 ), #179, .F. ) ;
#1934 = VECTOR ( 'NONE', #2726, 1000.000000000000000 ) ;
#1935 = EDGE_CURVE ( 'NONE', #721, #35, #916, .T. ) ;
#1936 = CARTESIAN_POINT ( 'NONE',  ( 57.99999999999999289, 3.399999999999998579, -7.500000000000000000 ) ) ;
#1937 = VERTEX_POINT ( 'NONE', #2067 ) ;
#1938 = CARTESIAN_POINT ( 'NONE',  ( 96.00000000000000000, 24.11999999999999744, -52.06000000000000227 ) ) ;
#1939 = ORIENTED_EDGE ( 'NONE', *, *, #1861, .T. ) ;
#1940 = ADVANCED_FACE ( 'NONE', ( #655 ), #672, .F. ) ;
#1941 = ORIENTED_EDGE ( 'NONE', *, *, #1503, .F. ) ;
#1942 = DIRECTION ( 'NONE',  ( 1.000000000000000000, -0.000000000000000000, -0.000000000000000000 ) ) ;
#1943 = CARTESIAN_POINT ( 'NONE',  ( 96.00000000000000000, 10.71999999999999886, -52.06000000000000227 ) ) ;
#1944 = LINE ( 'NONE', #535, #1258 ) ;
#1945 = DIRECTION ( 'NONE',  ( -0.000000000000000000, -1.000000000000000000, -0.000000000000000000 ) ) ;
#1946 = VECTOR ( 'NONE', #2365, 1000.000000000000000 ) ;
#1947 = AXIS2_PLACEMENT_3D ( 'NONE', #1619, #1132, #1155 ) ;
#1948 = AXIS2_PLACEMENT_3D ( 'NONE', #1943, #1556, #399 ) ;
#1949 = FACE_OUTER_BOUND ( 'NONE', #749, .T. ) ;
#1950 = ORIENTED_EDGE ( 'NONE', *, *, #2174, .T. ) ;
#1951 = LINE ( 'NONE', #2453, #1235 ) ;
#1952 = CARTESIAN_POINT ( 'NONE',  ( 57.99999999999999289, 0.000000000000000000, -7.500000000000000000 ) ) ;
#1953 = VECTOR ( 'NONE', #2957, 1000.000000000000000 ) ;
#1954 = AXIS2_PLACEMENT_3D ( 'NONE', #527, #1103, #2992 ) ;
#1955 = VECTOR ( 'NONE', #336, 1000.000000000000000 ) ;
#1956 = AXIS2_PLACEMENT_3D ( 'NONE', #1217, #2363, #696 ) ;
#1957 = DIRECTION ( 'NONE',  ( 0.000000000000000000, 0.000000000000000000, 1.000000000000000000 ) ) ;
#1958 = ORIENTED_EDGE ( 'NONE', *, *, #1648, .T. ) ;
#1959 = EDGE_CURVE ( 'NONE', #2161, #786, #2571, .T. ) ;
#1960 = DIRECTION ( 'NONE',  ( 0.000000000000000000, 1.000000000000000000, 0.000000000000000000 ) ) ;
#1961 = CIRCLE ( 'NONE', #1709, 3.250000000000002665 ) ;
#1962 = ORIENTED_EDGE ( 'NONE', *, *, #395, .F. ) ;
#1963 = EDGE_CURVE ( 'NONE', #2901, #2870, #2207, .T. ) ;
#1964 = DIRECTION ( 'NONE',  ( -0.000000000000000000, -1.000000000000000000, -0.000000000000000000 ) ) ;
#1965 = ORIENTED_EDGE ( 'NONE', *, *, #1576, .T. ) ;
#1966 = LINE ( 'NONE', #1433, #2641 ) ;
#1967 = LINE ( 'NONE', #1535, #2356 ) ;
#1968 = ORIENTED_EDGE ( 'NONE', *, *, #1531, .T. ) ;
#1969 = DIRECTION ( 'NONE',  ( 0.000000000000000000, -1.000000000000000000, -1.294569758191647155E-16 ) ) ;
#1970 = DIRECTION ( 'NONE',  ( -1.000000000000000000, 0.000000000000000000, 0.000000000000000000 ) ) ;
#1971 = CARTESIAN_POINT ( 'NONE',  ( 57.99999999999999289, 0.000000000000000000, -7.500000000000000000 ) ) ;
#1972 = CARTESIAN_POINT ( 'NONE',  ( 2.000000000000000000, 2.000000000000000000, 0.000000000000000000 ) ) ;
#1973 = ORIENTED_EDGE ( 'NONE', *, *, #10, .T. ) ;
#1974 = CONICAL_SURFACE ( 'NONE', #2178, 3.275000000000000355, 0.7853981633973918797 ) ;
#1975 = VERTEX_POINT ( 'NONE', #2523 ) ;
#1976 = DIRECTION ( 'NONE',  ( 0.000000000000000000, -0.000000000000000000, 1.000000000000000000 ) ) ;
#1977 = ADVANCED_FACE ( 'NONE', ( #2277 ), #3022, .T. ) ;
#1978 = EDGE_CURVE ( 'NONE', #2870, #2720, #1369, .T. ) ;
#1979 = VECTOR ( 'NONE', #308, 1000.000000000000000 ) ;
#1980 = ORIENTED_EDGE ( 'NONE', *, *, #952, .F. ) ;
#1981 = CARTESIAN_POINT ( 'NONE',  ( 57.99999999999999289, 0.000000000000000000, -4.224999999999999645 ) ) ;
#1982 = DIRECTION ( 'NONE',  ( -1.000000000000000000, 0.000000000000000000, -0.000000000000000000 ) ) ;
#1983 = VERTEX_POINT ( 'NONE', #2545 ) ;
#1984 = CARTESIAN_POINT ( 'NONE',  ( 106.0000000000000000, 10.71999999999999886, -67.93999999999999773 ) ) ;
#1985 = DIRECTION ( 'NONE',  ( 0.000000000000000000, 0.000000000000000000, -1.000000000000000000 ) ) ;
#1986 = DIRECTION ( 'NONE',  ( 0.000000000000000000, 0.000000000000000000, 1.000000000000000000 ) ) ;
#1987 = ORIENTED_EDGE ( 'NONE', *, *, #1527, .T. ) ;
#1988 = CARTESIAN_POINT ( 'NONE',  ( 106.0000000000000000, 24.11999999999999744, -20.06000000000000227 ) ) ;
#1989 = DIRECTION ( 'NONE',  ( 0.000000000000000000, 0.000000000000000000, 1.000000000000000000 ) ) ;
#1990 = ORIENTED_EDGE ( 'NONE', *, *, #1978, .F. ) ;
#1991 = VERTEX_POINT ( 'NONE', #628 ) ;
#1992 = DIRECTION ( 'NONE',  ( -0.000000000000000000, -1.000000000000000000, -0.000000000000000000 ) ) ;
#1993 = VERTEX_POINT ( 'NONE', #2039 ) ;
#1994 = EDGE_CURVE ( 'NONE', #2473, #1050, #428, .T. ) ;
#1995 = AXIS2_PLACEMENT_3D ( 'NONE', #1792, #2740, #1567 ) ;
#1996 = PLANE ( 'NONE',  #75 ) ;
#1997 = DIRECTION ( 'NONE',  ( 0.000000000000000000, -1.000000000000000000, -1.294569758191647155E-16 ) ) ;
#1998 = ORIENTED_EDGE ( 'NONE', *, *, #862, .T. ) ;
#1999 = CARTESIAN_POINT ( 'NONE',  ( 57.99999999999999289, 0.000000000000000000, -5.800000000000003375 ) ) ;
#2000 = CARTESIAN_POINT ( 'NONE',  ( 104.0000000000000000, 10.71999999999999886, -60.06000000000000227 ) ) ;
#2001 = ADVANCED_FACE ( 'NONE', ( #2984 ), #2761, .F. ) ;
#2002 = VECTOR ( 'NONE', #2780, 1000.000000000000000 ) ;
#2003 = DIRECTION ( 'NONE',  ( 1.000000000000000000, -0.000000000000000000, -0.000000000000000000 ) ) ;
#2004 = ORIENTED_EDGE ( 'NONE', *, *, #3035, .F. ) ;
#2005 = VECTOR ( 'NONE', #1942, 1000.000000000000000 ) ;
#2006 = CARTESIAN_POINT ( 'NONE',  ( 10.00000000000000000, 22.01999999999999957, -57.50000000000000711 ) ) ;
#2007 = AXIS2_PLACEMENT_3D ( 'NONE', #2830, #2790, #2376 ) ;
#2008 = LINE ( 'NONE', #2655, #1850 ) ;
#2009 = ORIENTED_EDGE ( 'NONE', *, *, #3003, .T. ) ;
#2010 = CIRCLE ( 'NONE', #29, 2.000000000000000000 ) ;
#2011 = EDGE_LOOP ( 'NONE', ( #2656, #530 ) ) ;
#2012 = LINE ( 'NONE', #2510, #2255 ) ;
#2013 = AXIS2_PLACEMENT_3D ( 'NONE', #1491, #1771, #1248 ) ;
#2014 = DIRECTION ( 'NONE',  ( 0.000000000000000000, -1.000000000000000000, 0.000000000000000000 ) ) ;
#2015 = DIRECTION ( 'NONE',  ( 0.000000000000000000, -1.000000000000000000, 0.000000000000000000 ) ) ;
#2016 = VERTEX_POINT ( 'NONE', #163 ) ;
#2017 = CARTESIAN_POINT ( 'NONE',  ( 106.0000000000000000, 10.71999999999999886, -132.0599999999999739 ) ) ;
#2018 = DIRECTION ( 'NONE',  ( 0.000000000000000000, 0.000000000000000000, -1.000000000000000000 ) ) ;
#2019 = ADVANCED_FACE ( 'NONE', ( #1109 ), #2053, .F. ) ;
#2020 = ADVANCED_FACE ( 'NONE', ( #2533, #414 ), #450, .T. ) ;
#2021 = DIRECTION ( 'NONE',  ( 0.000000000000000000, -1.000000000000000000, 0.000000000000000000 ) ) ;
#2022 = FACE_OUTER_BOUND ( 'NONE', #2315, .T. ) ;
#2023 = ORIENTED_EDGE ( 'NONE', *, *, #406, .F. ) ;
#2024 = EDGE_LOOP ( 'NONE', ( #2177, #1175, #2343, #1160 ) ) ;
#2025 = DIRECTION ( 'NONE',  ( 0.000000000000000000, 0.000000000000000000, -1.000000000000000000 ) ) ;
#2026 = AXIS2_PLACEMENT_3D ( 'NONE', #2389, #1670, #503 ) ;
#2027 = FACE_BOUND ( 'NONE', #714, .T. ) ;
#2028 = VECTOR ( 'NONE', #1294, 1000.000000000000000 ) ;
#2029 = CARTESIAN_POINT ( 'NONE',  ( 106.0000000000000000, 10.71999999999999886, -52.06000000000000227 ) ) ;
#2030 = DIRECTION ( 'NONE',  ( -1.000000000000000000, 0.000000000000000000, 0.000000000000000000 ) ) ;
#2031 = ORIENTED_EDGE ( 'NONE', *, *, #2512, .T. ) ;
#2032 = DIRECTION ( 'NONE',  ( 0.000000000000000000, 0.000000000000000000, -1.000000000000000000 ) ) ;
#2033 = VERTEX_POINT ( 'NONE', #748 ) ;
#2034 = LINE ( 'NONE', #2979, #1869 ) ;
#2035 = ADVANCED_FACE ( 'NONE', ( #2392, #935 ), #1428, .F. ) ;
#2036 = ORIENTED_EDGE ( 'NONE', *, *, #844, .T. ) ;
#2037 = DIRECTION ( 'NONE',  ( 0.000000000000000000, -1.000000000000000000, 0.000000000000000000 ) ) ;
#2038 = EDGE_LOOP ( 'NONE', ( #1180, #1666, #597, #944 ) ) ;
#2039 = CARTESIAN_POINT ( 'NONE',  ( 2.000000000000000000, 6.000000000000000000, -162.5615528128088556 ) ) ;
#2040 = ADVANCED_FACE ( 'NONE', ( #2379 ), #3052, .F. ) ;
#2041 = DIRECTION ( 'NONE',  ( -0.000000000000000000, -1.000000000000000000, -0.000000000000000000 ) ) ;
#2042 = LINE ( 'NONE', #368, #764 ) ;
#2043 = VERTEX_POINT ( 'NONE', #263 ) ;
#2044 = DIRECTION ( 'NONE',  ( 1.000000000000000000, -0.000000000000000000, -0.000000000000000000 ) ) ;
#2045 = FACE_BOUND ( 'NONE', #1927, .T. ) ;
#2046 = DIRECTION ( 'NONE',  ( -0.000000000000000000, -1.000000000000000000, -0.000000000000000000 ) ) ;
#2047 = ORIENTED_EDGE ( 'NONE', *, *, #2766, .F. ) ;
#2048 = EDGE_CURVE ( 'NONE', #1058, #2862, #1888, .T. ) ;
#2049 = VECTOR ( 'NONE', #602, 1000.000000000000000 ) ;
#2050 = CIRCLE ( 'NONE', #1697, 4.500000000000003553 ) ;
#2051 = DIRECTION ( 'NONE',  ( -1.000000000000000000, 0.000000000000000000, 0.000000000000000000 ) ) ;
#2052 = EDGE_LOOP ( 'NONE', ( #1418, #1352 ) ) ;
#2053 = CYLINDRICAL_SURFACE ( 'NONE', #1656, 1.699999999999996625 ) ;
#2054 = VECTOR ( 'NONE', #285, 1000.000000000000000 ) ;
#2055 = VECTOR ( 'NONE', #101, 1000.000000000000000 ) ;
#2056 = EDGE_CURVE ( 'NONE', #1983, #671, #1396, .T. ) ;
#2057 = EDGE_CURVE ( 'NONE', #2521, #1722, #2102, .T. ) ;
#2058 = VECTOR ( 'NONE', #860, 1000.000000000000000 ) ;
#2059 = CARTESIAN_POINT ( 'NONE',  ( 104.0000000000000000, 10.71999999999999886, -35.93999999999999773 ) ) ;
#2060 = ORIENTED_EDGE ( 'NONE', *, *, #72, .F. ) ;
#2061 = LINE ( 'NONE', #183, #262 ) ;
#2062 = ORIENTED_EDGE ( 'NONE', *, *, #1916, .F. ) ;
#2063 = FACE_OUTER_BOUND ( 'NONE', #2995, .T. ) ;
#2064 = ORIENTED_EDGE ( 'NONE', *, *, #1750, .F. ) ;
#2065 = CARTESIAN_POINT ( 'NONE',  ( 58.00000000000000000, 6.000000000000000000, -165.0000000000000000 ) ) ;
#2066 = ORIENTED_EDGE ( 'NONE', *, *, #598, .T. ) ;
#2067 = CARTESIAN_POINT ( 'NONE',  ( 104.0000000000000000, 24.11999999999999744, -147.9399999999999977 ) ) ;
#2068 = LINE ( 'NONE', #3013, #290 ) ;
#2069 = CARTESIAN_POINT ( 'NONE',  ( 57.99999999999999289, 3.399999999999998579, -5.799999999999999822 ) ) ;
#2070 = ADVANCED_FACE ( 'NONE', ( #2344 ), #479, .F. ) ;
#2071 = EDGE_CURVE ( 'NONE', #1638, #549, #7, .T. ) ;
#2072 = AXIS2_PLACEMENT_3D ( 'NONE', #2795, #2347, #221 ) ;
#2073 = ORIENTED_EDGE ( 'NONE', *, *, #2846, .F. ) ;
#2074 = LINE ( 'NONE', #2104, #1211 ) ;
#2075 = EDGE_CURVE ( 'NONE', #2597, #494, #715, .T. ) ;
#2076 = SECURITY_CLASSIFICATION_LEVEL ( 'unclassified' ) ;
#2077 = ORIENTED_EDGE ( 'NONE', *, *, #844, .F. ) ;
#2078 = DIRECTION ( 'NONE',  ( 0.000000000000000000, 0.000000000000000000, -1.000000000000000000 ) ) ;
#2079 = LINE ( 'NONE', #2065, #1401 ) ;
#2080 = ORIENTED_EDGE ( 'NONE', *, *, #1177, .T. ) ;
#2081 = DIRECTION ( 'NONE',  ( -0.000000000000000000, -1.000000000000000000, -0.000000000000000000 ) ) ;
#2082 = ORIENTED_EDGE ( 'NONE', *, *, #700, .F. ) ;
#2083 = CARTESIAN_POINT ( 'NONE',  ( 6.000000000000000888, 6.000000000000000000, -2.999999999999996447 ) ) ;
#2084 = DIRECTION ( 'NONE',  ( -0.000000000000000000, -0.000000000000000000, -1.000000000000000000 ) ) ;
#2085 = ADVANCED_FACE ( 'NONE', ( #1233 ), #424, .F. ) ;
#2086 = ORIENTED_EDGE ( 'NONE', *, *, #933, .F. ) ;
#2087 = DIRECTION ( 'NONE',  ( 0.000000000000000000, -1.000000000000000000, 0.000000000000000000 ) ) ;
#2088 = DIRECTION ( 'NONE',  ( 0.000000000000000000, 0.000000000000000000, 1.000000000000000000 ) ) ;
#2089 = EDGE_LOOP ( 'NONE', ( #665, #13, #1755, #1013 ) ) ;
#2090 = EDGE_CURVE ( 'NONE', #1743, #2862, #249, .T. ) ;
#2091 = CARTESIAN_POINT ( 'NONE',  ( 6.000000000000005329, 3.399999999999998579, -7.500000000000000000 ) ) ;
#2092 = LINE ( 'NONE', #670, #213 ) ;
#2093 = ORIENTED_EDGE ( 'NONE', *, *, #1159, .T. ) ;
#2094 = CARTESIAN_POINT ( 'NONE',  ( 2.000000000000000000, 6.000000000000000000, -162.5615528128088556 ) ) ;
#2095 = CIRCLE ( 'NONE', #1453, 1.700000000000007061 ) ;
#2096 = VECTOR ( 'NONE', #1516, 1000.000000000000000 ) ;
#2097 = CIRCLE ( 'NONE', #2007, 4.500000000000003553 ) ;
#2098 = DIRECTION ( 'NONE',  ( 0.000000000000000000, -1.000000000000000000, -0.000000000000000000 ) ) ;
#2099 = CARTESIAN_POINT ( 'NONE',  ( 6.000000000000005329, 0.000000000000000000, -7.500000000000000000 ) ) ;
#2100 = AXIS2_PLACEMENT_3D ( 'NONE', #1910, #735, #498 ) ;
#2101 = VECTOR ( 'NONE', #2713, 1000.000000000000000 ) ;
#2102 = CIRCLE ( 'NONE', #1956, 4.500000000000003553 ) ;
#2103 = VERTEX_POINT ( 'NONE', #1660 ) ;
#2104 = CARTESIAN_POINT ( 'NONE',  ( 104.0000000000000000, 36.00000000000000711, -147.9399999999999977 ) ) ;
#2105 = AXIS2_PLACEMENT_3D ( 'NONE', #1254, #144, #96 ) ;
#2106 = APPROVAL ( #2554, 'UNSPECIFIED' ) ;
#2107 = ORIENTED_EDGE ( 'NONE', *, *, #2288, .T. ) ;
#2108 = CARTESIAN_POINT ( 'NONE',  ( 104.0000000000000000, 24.11999999999999744, -67.93999999999999773 ) ) ;
#2109 = EDGE_CURVE ( 'NONE', #2166, #2935, #234, .T. ) ;
#2110 = LINE ( 'NONE', #2602, #1263 ) ;
#2111 = EDGE_LOOP ( 'NONE', ( #852, #1544, #250, #1249 ) ) ;
#2112 = DIRECTION ( 'NONE',  ( -0.000000000000000000, -1.000000000000000000, -0.000000000000000000 ) ) ;
#2113 = ORIENTED_EDGE ( 'NONE', *, *, #2722, .T. ) ;
#2114 = DIRECTION ( 'NONE',  ( 1.000000000000000000, -0.000000000000000000, -0.000000000000000000 ) ) ;
#2115 = CARTESIAN_POINT ( 'NONE',  ( 96.00000000000000000, 10.71999999999999886, -35.93999999999999773 ) ) ;
#2116 = ORIENTED_EDGE ( 'NONE', *, *, #772, .F. ) ;
#2117 = CIRCLE ( 'NONE', #586, 3.249999999999999556 ) ;
#2118 = DIRECTION ( 'NONE',  ( 0.000000000000000000, 0.000000000000000000, -1.000000000000000000 ) ) ;
#2119 = EDGE_LOOP ( 'NONE', ( #2756, #1039, #145, #1941 ) ) ;
#2120 = CIRCLE ( 'NONE', #2427, 1.699999999999998401 ) ;
#2121 = DIRECTION ( 'NONE',  ( 0.000000000000000000, 1.000000000000000000, 0.000000000000000000 ) ) ;
#2122 = APPROVAL_ROLE ( '' ) ;
#2123 = VERTEX_POINT ( 'NONE', #1906 ) ;
#2124 = DIRECTION ( 'NONE',  ( -1.000000000000000000, 0.000000000000000000, 0.000000000000000000 ) ) ;
#2125 = CARTESIAN_POINT ( 'NONE',  ( 6.000000000000000000, 2.000000000000000000, -160.5000000000000000 ) ) ;
#2126 = ORIENTED_EDGE ( 'NONE', *, *, #598, .F. ) ;
#2127 = EDGE_CURVE ( 'NONE', #1747, #1131, #21, .T. ) ;
#2128 = CARTESIAN_POINT ( 'NONE',  ( 2.000000000000000000, 36.00000000000000711, -166.0000000000000000 ) ) ;
#2129 = ORIENTED_EDGE ( 'NONE', *, *, #3028, .T. ) ;
#2130 = CARTESIAN_POINT ( 'NONE',  ( 0.000000000000000000, 22.01999999999999957, -57.50000000000000711 ) ) ;
#2131 = EDGE_CURVE ( 'NONE', #1975, #1924, #1457, .T. ) ;
#2132 = CARTESIAN_POINT ( 'NONE',  ( 2.000000000000000000, 36.00000000000000711, -168.0000000000000000 ) ) ;
#2133 = EDGE_LOOP ( 'NONE', ( #112, #321, #1293, #1968 ) ) ;
#2134 = CARTESIAN_POINT ( 'NONE',  ( 6.000000000000005329, 3.399999999999999467, -157.2500000000000000 ) ) ;
#2135 = ORIENTED_EDGE ( 'NONE', *, *, #1876, .T. ) ;
#2136 = LINE ( 'NONE', #1668, #970 ) ;
#2137 = EDGE_LOOP ( 'NONE', ( #383, #2894, #808, #2629 ) ) ;
#2138 = CYLINDRICAL_SURFACE ( 'NONE', #1477, 3.250000000000002665 ) ;
#2139 = CARTESIAN_POINT ( 'NONE',  ( 96.00000000000000000, 10.71999999999999886, -92.06000000000000227 ) ) ;
#2140 = DIRECTION ( 'NONE',  ( 1.000000000000000000, -0.000000000000000000, -0.000000000000000000 ) ) ;
#2141 = ORIENTED_EDGE ( 'NONE', *, *, #2528, .F. ) ;
#2142 = DIRECTION ( 'NONE',  ( 0.000000000000000000, 1.000000000000000000, -1.901066822988282147E-15 ) ) ;
#2143 = VERTEX_POINT ( 'NONE', #1688 ) ;
#2144 = DIRECTION ( 'NONE',  ( -0.000000000000000000, -0.000000000000000000, 1.000000000000000000 ) ) ;
#2145 = PLANE ( 'NONE',  #2695 ) ;
#2146 = EDGE_CURVE ( 'NONE', #3039, #1625, #1707, .T. ) ;
#2147 = CIRCLE ( 'NONE', #1062, 3.250000000000002665 ) ;
#2148 = AXIS2_PLACEMENT_3D ( 'NONE', #1779, #1517, #1982 ) ;
#2149 = ORIENTED_EDGE ( 'NONE', *, *, #952, .T. ) ;
#2150 = CARTESIAN_POINT ( 'NONE',  ( 104.0000000000000000, 36.00000000000000711, -12.05999999999999872 ) ) ;
#2151 = ORIENTED_EDGE ( 'NONE', *, *, #1370, .F. ) ;
#2152 = VECTOR ( 'NONE', #2796, 1000.000000000000000 ) ;
#2153 = DIRECTION ( 'NONE',  ( 0.000000000000000000, 0.000000000000000000, -1.000000000000000000 ) ) ;
#2154 = ORIENTED_EDGE ( 'NONE', *, *, #1876, .F. ) ;
#2155 = CYLINDRICAL_SURFACE ( 'NONE', #684, 1.700000000000007061 ) ;
#2156 = AXIS2_PLACEMENT_3D ( 'NONE', #1922, #217, #2620 ) ;
#2157 = CARTESIAN_POINT ( 'NONE',  ( 106.0000000000000000, 24.11999999999999744, -20.06000000000000227 ) ) ;
#2158 = FACE_OUTER_BOUND ( 'NONE', #733, .T. ) ;
#2159 = ORIENTED_EDGE ( 'NONE', *, *, #2320, .F. ) ;
#2160 = DIRECTION ( 'NONE',  ( -0.000000000000000000, -0.000000000000000000, -1.000000000000000000 ) ) ;
#2161 = VERTEX_POINT ( 'NONE', #731 ) ;
#2162 = ORIENTED_EDGE ( 'NONE', *, *, #2639, .F. ) ;
#2163 = CARTESIAN_POINT ( 'NONE',  ( 6.000000000000005329, 0.000000000000000000, -4.224999999999999645 ) ) ;
#2164 = FACE_OUTER_BOUND ( 'NONE', #167, .T. ) ;
#2165 = PRODUCT_DEFINITION_SHAPE ( 'NONE', 'NONE',  #973 ) ;
#2166 = VERTEX_POINT ( 'NONE', #493 ) ;
#2167 = EDGE_CURVE ( 'NONE', #978, #2340, #1442, .T. ) ;
#2168 = PLANE ( 'NONE',  #1014 ) ;
#2169 = EDGE_CURVE ( 'NONE', #1699, #2276, #578, .T. ) ;
#2170 = CARTESIAN_POINT ( 'NONE',  ( 6.000000000000000000, 2.000000000000000000, -12.00000000000000355 ) ) ;
#2171 = EDGE_LOOP ( 'NONE', ( #1080, #2414, #2129, #2922 ) ) ;
#2172 = PLANE ( 'NONE',  #1620 ) ;
#2173 = FACE_BOUND ( 'NONE', #1204, .T. ) ;
#2174 = EDGE_CURVE ( 'NONE', #1542, #1173, #2475, .T. ) ;
#2175 = CIRCLE ( 'NONE', #2765, 4.500000000000003553 ) ;
#2176 = DIRECTION ( 'NONE',  ( -0.000000000000000000, -1.000000000000000000, -0.000000000000000000 ) ) ;
#2177 = ORIENTED_EDGE ( 'NONE', *, *, #442, .F. ) ;
#2178 = AXIS2_PLACEMENT_3D ( 'NONE', #1609, #382, #636 ) ;
#2179 = CARTESIAN_POINT ( 'NONE',  ( 2.000000000000000000, 6.000000000000000000, -9.561552812808836066 ) ) ;
#2180 = ORIENTED_EDGE ( 'NONE', *, *, #580, .F. ) ;
#2181 = ORIENTED_EDGE ( 'NONE', *, *, #1565, .T. ) ;
#2182 = PLANE ( 'NONE',  #2100 ) ;
#2183 = CARTESIAN_POINT ( 'NONE',  ( 57.99999999999999289, 3.399999999999999467, -10.75000000000000178 ) ) ;
#2184 = FACE_OUTER_BOUND ( 'NONE', #1228, .T. ) ;
#2185 = EDGE_CURVE ( 'NONE', #1173, #91, #1508, .T. ) ;
#2186 = LINE ( 'NONE', #757, #2352 ) ;
#2187 = ORIENTED_EDGE ( 'NONE', *, *, #2360, .F. ) ;
#2188 = CARTESIAN_POINT ( 'NONE',  ( 106.0000000000000000, 24.11999999999999744, -132.0599999999999739 ) ) ;
#2189 = DIRECTION ( 'NONE',  ( 0.000000000000000000, 1.000000000000000000, 0.000000000000000000 ) ) ;
#2190 = EDGE_CURVE ( 'NONE', #2326, #968, #2010, .T. ) ;
#2191 = CARTESIAN_POINT ( 'NONE',  ( 6.000000000000005329, 0.02500000000000006384, -163.7500000000000000 ) ) ;
#2192 = VERTEX_POINT ( 'NONE', #312 ) ;
#2193 = CARTESIAN_POINT ( 'NONE',  ( 57.99999999999999289, 0.000000000000000000, -10.77500000000000036 ) ) ;
#2194 = EDGE_LOOP ( 'NONE', ( #2151, #2242, #2519, #747 ) ) ;
#2195 = ORIENTED_EDGE ( 'NONE', *, *, #805, .F. ) ;
#2196 = CARTESIAN_POINT ( 'NONE',  ( 0.000000000000000000, 2.000000000000000000, 0.000000000000000000 ) ) ;
#2197 = EDGE_LOOP ( 'NONE', ( #1939, #357 ) ) ;
#2198 = DIRECTION ( 'NONE',  ( 0.000000000000000000, 0.000000000000000000, 1.000000000000000000 ) ) ;
#2199 = AXIS2_PLACEMENT_3D ( 'NONE', #722, #1483, #2433 ) ;
#2200 = VECTOR ( 'NONE', #1499, 1000.000000000000000 ) ;
#2201 = CARTESIAN_POINT ( 'NONE',  ( 98.99999999999998579, 5.999999999999998224, -2.000000000000000000 ) ) ;
#2202 = ORIENTED_EDGE ( 'NONE', *, *, #107, .F. ) ;
#2203 = DIRECTION ( 'NONE',  ( 0.000000000000000000, 1.000000000000000000, 0.000000000000000000 ) ) ;
#2204 = FACE_OUTER_BOUND ( 'NONE', #1141, .T. ) ;
#2205 = CC_DESIGN_PERSON_AND_ORGANIZATION_ASSIGNMENT ( #3030, #3018, ( #1458 ) ) ;
#2206 = AXIS2_PLACEMENT_3D ( 'NONE', #2493, #1976, #2920 ) ;
#2207 = CIRCLE ( 'NONE', #1021, 1.700000000000007061 ) ;
#2208 = CARTESIAN_POINT ( 'NONE',  ( 57.99999999999999289, 6.000000000000000000, -158.7999999999999829 ) ) ;
#2209 = ORIENTED_EDGE ( 'NONE', *, *, #2673, .F. ) ;
#2210 = EDGE_CURVE ( 'NONE', #2772, #2720, #272, .T. ) ;
#2211 = DIRECTION ( 'NONE',  ( 1.000000000000000000, -0.000000000000000000, -0.000000000000000000 ) ) ;
#2212 = ORIENTED_EDGE ( 'NONE', *, *, #580, .T. ) ;
#2213 = EDGE_CURVE ( 'NONE', #1265, #3051, #2793, .T. ) ;
#2214 = VERTEX_POINT ( 'NONE', #1295 ) ;
#2215 = DIRECTION ( 'NONE',  ( 0.000000000000000000, 0.000000000000000000, -1.000000000000000000 ) ) ;
#2216 = LINE ( 'NONE', #286, #1693 ) ;
#2217 = DIRECTION ( 'NONE',  ( -0.000000000000000000, -1.000000000000000000, -0.000000000000000000 ) ) ;
#2218 = CARTESIAN_POINT ( 'NONE',  ( 104.0000000000000000, 24.11999999999999744, -27.94000000000000128 ) ) ;
#2219 = ORIENTED_EDGE ( 'NONE', *, *, #574, .T. ) ;
#2220 = CARTESIAN_POINT ( 'NONE',  ( 2.000000000000000000, 22.01999999999999957, -57.50000000000000711 ) ) ;
#2221 = PLANE ( 'NONE',  #1376 ) ;
#2222 = CARTESIAN_POINT ( 'NONE',  ( 104.0000000000000000, 10.72000000000000064, -40.00000000000000000 ) ) ;
#2223 = CARTESIAN_POINT ( 'NONE',  ( 104.0000000000000000, 10.71999999999999886, -27.94000000000000128 ) ) ;
#2224 = AXIS2_PLACEMENT_3D ( 'NONE', #2237, #2652, #2486 ) ;
#2225 = LINE ( 'NONE', #1739, #2892 ) ;
#2226 = ORIENTED_EDGE ( 'NONE', *, *, #2541, .F. ) ;
#2227 = EDGE_CURVE ( 'NONE', #1830, #1341, #2008, .T. ) ;
#2228 = AXIS2_PLACEMENT_3D ( 'NONE', #4, #2601, #727 ) ;
#2229 = ORIENTED_EDGE ( 'NONE', *, *, #1197, .T. ) ;
#2230 = CARTESIAN_POINT ( 'NONE',  ( 58.00000000000000000, 6.000000000000000000, -2.999999999999987121 ) ) ;
#2231 = EDGE_CURVE ( 'NONE', #1265, #129, #1723, .T. ) ;
#2232 = VERTEX_POINT ( 'NONE', #70 ) ;
#2233 = PLANE ( 'NONE',  #508 ) ;
#2234 = CARTESIAN_POINT ( 'NONE',  ( 96.00000000000000000, 24.11999999999999744, -132.0599999999999739 ) ) ;
#2235 = EDGE_LOOP ( 'NONE', ( #1661, #408, #2149, #938 ) ) ;
#2236 = CARTESIAN_POINT ( 'NONE',  ( 96.00000000000000000, 24.11999999999999744, -100.0600000000000165 ) ) ;
#2237 = CARTESIAN_POINT ( 'NONE',  ( 104.0000000000000000, 36.00000000000000711, -2.000000000000000000 ) ) ;
#2238 = LINE ( 'NONE', #1768, #2404 ) ;
#2239 = ORIENTED_EDGE ( 'NONE', *, *, #2248, .T. ) ;
#2240 = LINE ( 'NONE', #1541, #2371 ) ;
#2241 = DIRECTION ( 'NONE',  ( 0.000000000000000000, 0.000000000000000000, -1.000000000000000000 ) ) ;
#2242 = ORIENTED_EDGE ( 'NONE', *, *, #2494, .F. ) ;
#2243 = CARTESIAN_POINT ( 'NONE',  ( 96.00000000000000000, 24.11999999999999744, -140.0600000000000023 ) ) ;
#2244 = ORIENTED_EDGE ( 'NONE', *, *, #2735, .F. ) ;
#2245 = DIRECTION ( 'NONE',  ( 0.000000000000000000, 0.000000000000000000, -1.000000000000000000 ) ) ;
#2246 = CARTESIAN_POINT ( 'NONE',  ( 106.0000000000000000, 10.71999999999999886, -60.06000000000000227 ) ) ;
#2247 = EDGE_CURVE ( 'NONE', #2812, #2016, #1704, .T. ) ;
#2248 = EDGE_CURVE ( 'NONE', #1699, #2638, #1902, .T. ) ;
#2249 = FACE_OUTER_BOUND ( 'NONE', #2782, .T. ) ;
#2250 = ORIENTED_EDGE ( 'NONE', *, *, #2272, .T. ) ;
#2251 = LINE ( 'NONE', #2471, #2535 ) ;
#2252 = DIRECTION ( 'NONE',  ( 0.000000000000000000, -1.000000000000000000, -0.000000000000000000 ) ) ;
#2253 = VECTOR ( 'NONE', #2313, 1000.000000000000000 ) ;
#2254 = CARTESIAN_POINT ( 'NONE',  ( 57.99999999999999289, 0.02500000000000006384, -4.249999999999996447 ) ) ;
#2255 = VECTOR ( 'NONE', #548, 1000.000000000000000 ) ;
#2256 = CARTESIAN_POINT ( 'NONE',  ( 57.99999999999999289, 0.000000000000000000, -4.249999999999996447 ) ) ;
#2257 = AXIS2_PLACEMENT_3D ( 'NONE', #652, #1165, #2802 ) ;
#2258 = EDGE_LOOP ( 'NONE', ( #1680, #264, #1368, #604 ) ) ;
#2259 = AXIS2_PLACEMENT_3D ( 'NONE', #1938, #2868, #2584 ) ;
#2260 = CIRCLE ( 'NONE', #1406, 1.699999999999998401 ) ;
#2261 = DIRECTION ( 'NONE',  ( 1.000000000000000000, -0.000000000000000000, -0.000000000000000000 ) ) ;
#2262 = VERTEX_POINT ( 'NONE', #89 ) ;
#2263 = CARTESIAN_POINT ( 'NONE',  ( 106.0000000000000000, 10.71999999999999886, -20.06000000000000227 ) ) ;
#2264 = VECTOR ( 'NONE', #1654, 1000.000000000000000 ) ;
#2265 = DIRECTION ( 'NONE',  ( 0.000000000000000000, 0.000000000000000000, -1.000000000000000000 ) ) ;
#2266 = EDGE_CURVE ( 'NONE', #2730, #2033, #2668, .T. ) ;
#2267 = CARTESIAN_POINT ( 'NONE',  ( 6.000000000000000000, 2.000000000000000000, -165.0000000000000000 ) ) ;
#2268 = VERTEX_POINT ( 'NONE', #2441 ) ;
#2269 = PLANE ( 'NONE',  #2536 ) ;
#2270 = EDGE_CURVE ( 'NONE', #2745, #1058, #2428, .T. ) ;
#2271 = DIRECTION ( 'NONE',  ( 0.000000000000000000, 1.000000000000000000, -1.901066822988282147E-15 ) ) ;
#2272 = EDGE_CURVE ( 'NONE', #1740, #2123, #118, .T. ) ;
#2273 = LINE ( 'NONE', #158, #991 ) ;
#2274 = EDGE_LOOP ( 'NONE', ( #1171, #119 ) ) ;
#2275 = CARTESIAN_POINT ( 'NONE',  ( 0.000000000000000000, 0.000000000000000000, 0.000000000000000000 ) ) ;
#2276 = VERTEX_POINT ( 'NONE', #2916 ) ;
#2277 = FACE_OUTER_BOUND ( 'NONE', #835, .T. ) ;
#2278 = DIRECTION ( 'NONE',  ( -0.000000000000000000, -0.000000000000000000, 1.000000000000000000 ) ) ;
#2279 = AXIS2_PLACEMENT_3D ( 'NONE', #2701, #1200, #577 ) ;
#2280 = CYLINDRICAL_SURFACE ( 'NONE', #3033, 1.700000000000007061 ) ;
#2281 = AXIS2_PLACEMENT_3D ( 'NONE', #1210, #37, #983 ) ;
#2282 = EDGE_LOOP ( 'NONE', ( #1973, #2654, #1998, #2882 ) ) ;
#2283 = FACE_BOUND ( 'NONE', #2355, .T. ) ;
#2284 = ADVANCED_FACE ( 'NONE', ( #2683 ), #298, .F. ) ;
#2285 = CYLINDRICAL_SURFACE ( 'NONE', #792, 4.500000000000003553 ) ;
#2286 = EDGE_LOOP ( 'NONE', ( #1650, #15, #281, #2484 ) ) ;
#2287 = EDGE_CURVE ( 'NONE', #453, #2442, #2225, .T. ) ;
#2288 = EDGE_CURVE ( 'NONE', #2622, #2531, #1045, .T. ) ;
#2289 = VERTEX_POINT ( 'NONE', #2861 ) ;
#2290 = DIRECTION ( 'NONE',  ( -0.000000000000000000, -1.000000000000000000, -0.000000000000000000 ) ) ;
#2291 = DIRECTION ( 'NONE',  ( 0.000000000000000000, 0.000000000000000000, 1.000000000000000000 ) ) ;
#2292 = DIRECTION ( 'NONE',  ( 1.000000000000000000, -0.000000000000000000, -0.000000000000000000 ) ) ;
#2293 = UNCERTAINTY_MEASURE_WITH_UNIT (LENGTH_MEASURE( 1.000000000000000082E-05 ), #393, 'distance_accuracy_value', 'NONE');
#2294 = CIRCLE ( 'NONE', #654, 2.000000000000001776 ) ;
#2295 = EDGE_LOOP ( 'NONE', ( #1980, #2362, #2588, #1043 ) ) ;
#2296 = FACE_OUTER_BOUND ( 'NONE', #2774, .T. ) ;
#2297 = PERSON_AND_ORGANIZATION ( #951, #566 ) ;
#2298 = ORIENTED_EDGE ( 'NONE', *, *, #2272, .F. ) ;
#2299 = CC_DESIGN_DATE_AND_TIME_ASSIGNMENT ( #897, #1838, ( #1458 ) ) ;
#2300 = CARTESIAN_POINT ( 'NONE',  ( 6.000000000000000000, 6.000000000000000000, -160.5000000000000000 ) ) ;
#2301 = EDGE_LOOP ( 'NONE', ( #1512, #2381, #2514, #1930, #1635, #1711 ) ) ;
#2302 = VECTOR ( 'NONE', #3060, 1000.000000000000000 ) ;
#2303 = VECTOR ( 'NONE', #1528, 1000.000000000000000 ) ;
#2304 = ORIENTED_EDGE ( 'NONE', *, *, #1108, .T. ) ;
#2305 = EDGE_CURVE ( 'NONE', #1311, #1452, #2648, .T. ) ;
#2306 = DIRECTION ( 'NONE',  ( -0.000000000000000000, -1.000000000000000000, -0.000000000000000000 ) ) ;
#2307 = EDGE_CURVE ( 'NONE', #549, #845, #2186, .T. ) ;
#2308 = AXIS2_PLACEMENT_3D ( 'NONE', #1149, #202, #1816 ) ;
#2309 = APPROVAL_PERSON_ORGANIZATION ( #1133, #644, #2339 ) ;
#2310 = VECTOR ( 'NONE', #2702, 1000.000000000000000 ) ;
#2311 = DIRECTION ( 'NONE',  ( 1.000000000000000000, -0.000000000000000000, -0.000000000000000000 ) ) ;
#2312 = ORIENTED_EDGE ( 'NONE', *, *, #1898, .T. ) ;
#2313 = DIRECTION ( 'NONE',  ( 0.000000000000000000, -0.7071067811865383579, -0.7071067811865566766 ) ) ;
#2314 = PERSON_AND_ORGANIZATION_ROLE ( 'design_supplier' ) ;
#2315 = EDGE_LOOP ( 'NONE', ( #41, #690, #1578, #398 ) ) ;
#2316 = PLANE ( 'NONE',  #100 ) ;
#2317 = CARTESIAN_POINT ( 'NONE',  ( 2.000000000000000000, 0.000000000000000000, -166.0000000000000000 ) ) ;
#2318 = EDGE_LOOP ( 'NONE', ( #1811, #2181, #2613, #3026 ) ) ;
#2319 = DIRECTION ( 'NONE',  ( 0.000000000000000000, 1.000000000000000000, 0.000000000000000000 ) ) ;
#2320 = EDGE_CURVE ( 'NONE', #91, #1452, #1241, .T. ) ;
#2321 = DIRECTION ( 'NONE',  ( 0.000000000000000000, 0.000000000000000000, -1.000000000000000000 ) ) ;
#2322 = LINE ( 'NONE', #1170, #319 ) ;
#2323 = AXIS2_PLACEMENT_3D ( 'NONE', #2963, #1502, #2929 ) ;
#2324 = EDGE_CURVE ( 'NONE', #488, #1054, #2136, .T. ) ;
#2325 = VECTOR ( 'NONE', #1093, 1000.000000000000000 ) ;
#2326 = VERTEX_POINT ( 'NONE', #724 ) ;
#2327 = DIRECTION ( 'NONE',  ( 0.000000000000000000, 0.000000000000000000, -1.000000000000000000 ) ) ;
#2328 = PERSON_AND_ORGANIZATION ( #951, #566 ) ;
#2329 = ORIENTED_EDGE ( 'NONE', *, *, #431, .T. ) ;
#2330 = DIRECTION ( 'NONE',  ( 0.000000000000000000, 1.000000000000000000, 0.000000000000000000 ) ) ;
#2331 = DIRECTION ( 'NONE',  ( 8.659560562355045024E-17, -0.7071067811865383579, 0.7071067811865566766 ) ) ;
#2332 = ORIENTED_EDGE ( 'NONE', *, *, #205, .T. ) ;
#2333 = LINE ( 'NONE', #2094, #2058 ) ;
#2334 = LINE ( 'NONE', #2572, #1893 ) ;
#2335 = LINE ( 'NONE', #416, #867 ) ;
#2336 = ORIENTED_EDGE ( 'NONE', *, *, #273, .T. ) ;
#2337 = DIRECTION ( 'NONE',  ( 0.000000000000000000, 1.000000000000000000, 0.000000000000000000 ) ) ;
#2338 = EDGE_CURVE ( 'NONE', #1107, #1747, #1929, .T. ) ;
#2339 = APPROVAL_ROLE ( '' ) ;
#2340 = VERTEX_POINT ( 'NONE', #740 ) ;
#2341 = DIRECTION ( 'NONE',  ( 0.000000000000000000, -0.000000000000000000, -1.000000000000000000 ) ) ;
#2342 = CARTESIAN_POINT ( 'NONE',  ( 96.00000000000000000, 24.11999999999999744, -92.06000000000000227 ) ) ;
#2343 = ORIENTED_EDGE ( 'NONE', *, *, #1078, .F. ) ;
#2344 = FACE_OUTER_BOUND ( 'NONE', #277, .T. ) ;
#2345 = CIRCLE ( 'NONE', #2449, 4.500000000000003553 ) ;
#2346 = VECTOR ( 'NONE', #2543, 1000.000000000000000 ) ;
#2347 = DIRECTION ( 'NONE',  ( 0.000000000000000000, 1.000000000000000000, 0.000000000000000000 ) ) ;
#2348 = DIRECTION ( 'NONE',  ( -1.000000000000000000, 0.000000000000000000, -0.000000000000000000 ) ) ;
#2349 = AXIS2_PLACEMENT_3D ( 'NONE', #44, #990, #1926 ) ;
#2350 = AXIS2_PLACEMENT_3D ( 'NONE', #830, #1309, #606 ) ;
#2351 = VECTOR ( 'NONE', #1496, 1000.000000000000000 ) ;
#2352 = VECTOR ( 'NONE', #1900, 1000.000000000000000 ) ;
#2353 = VERTEX_POINT ( 'NONE', #227 ) ;
#2354 = CARTESIAN_POINT ( 'NONE',  ( 96.00000000000000000, 24.11999999999999744, -92.06000000000000227 ) ) ;
#2355 = EDGE_LOOP ( 'NONE', ( #739, #2687, #817, #2126 ) ) ;
#2356 = VECTOR ( 'NONE', #1733, 1000.000000000000000 ) ;
#2357 = EDGE_CURVE ( 'NONE', #2016, #1726, #1174, .T. ) ;
#2358 = DIRECTION ( 'NONE',  ( 0.000000000000000000, 0.000000000000000000, -1.000000000000000000 ) ) ;
#2359 = FACE_BOUND ( 'NONE', #2931, .T. ) ;
#2360 = EDGE_CURVE ( 'NONE', #1289, #1224, #1961, .T. ) ;
#2361 = DIRECTION ( 'NONE',  ( 0.000000000000000000, -1.000000000000000000, 0.000000000000000000 ) ) ;
#2362 = ORIENTED_EDGE ( 'NONE', *, *, #271, .F. ) ;
#2363 = DIRECTION ( 'NONE',  ( -0.000000000000000000, 1.000000000000000000, -0.000000000000000000 ) ) ;
#2364 = ORIENTED_EDGE ( 'NONE', *, *, #2190, .T. ) ;
#2365 = DIRECTION ( 'NONE',  ( -0.000000000000000000, 1.000000000000000000, -9.505334114941410736E-16 ) ) ;
#2366 = DIRECTION ( 'NONE',  ( 1.000000000000000000, -0.000000000000000000, 0.000000000000000000 ) ) ;
#2367 = ORIENTED_EDGE ( 'NONE', *, *, #287, .F. ) ;
#2368 = AXIS2_PLACEMENT_3D ( 'NONE', #2712, #326, #1276 ) ;
#2369 = LINE ( 'NONE', #2150, #1114 ) ;
#2370 = ORIENTED_EDGE ( 'NONE', *, *, #2357, .T. ) ;
#2371 = VECTOR ( 'NONE', #2397, 1000.000000000000000 ) ;
#2372 = CARTESIAN_POINT ( 'NONE',  ( 96.00000000000000000, 10.71999999999999886, -67.93999999999999773 ) ) ;
#2373 = EDGE_LOOP ( 'NONE', ( #209, #2759 ) ) ;
#2374 = DIRECTION ( 'NONE',  ( 1.000000000000000000, 0.000000000000000000, -0.000000000000000000 ) ) ;
#2375 = ADVANCED_FACE ( 'NONE', ( #1698 ), #1, .T. ) ;
#2376 = DIRECTION ( 'NONE',  ( 0.000000000000000000, 0.000000000000000000, 1.000000000000000000 ) ) ;
#2377 = ORIENTED_EDGE ( 'NONE', *, *, #1837, .F. ) ;
#2378 = EDGE_CURVE ( 'NONE', #1184, #531, #2612, .T. ) ;
#2379 = FACE_OUTER_BOUND ( 'NONE', #3059, .T. ) ;
#2380 = EDGE_CURVE ( 'NONE', #2595, #1440, #62, .T. ) ;
#2381 = ORIENTED_EDGE ( 'NONE', *, *, #1527, .F. ) ;
#2382 = DIRECTION ( 'NONE',  ( -0.000000000000000000, -1.000000000000000000, -0.000000000000000000 ) ) ;
#2383 = FACE_OUTER_BOUND ( 'NONE', #2710, .T. ) ;
#2384 = EDGE_LOOP ( 'NONE', ( #2580, #1669, #2432, #1887 ) ) ;
#2385 = DIRECTION ( 'NONE',  ( -0.000000000000000000, -1.000000000000000000, -0.000000000000000000 ) ) ;
#2386 = ORIENTED_EDGE ( 'NONE', *, *, #2985, .T. ) ;
#2387 = CYLINDRICAL_SURFACE ( 'NONE', #1321, 4.500000000000003553 ) ;
#2388 = ORIENTED_EDGE ( 'NONE', *, *, #2146, .T. ) ;
#2389 = CARTESIAN_POINT ( 'NONE',  ( 96.00000000000000000, 24.11999999999999744, -12.06000000000000050 ) ) ;
#2390 = LINE ( 'NONE', #2864, #1336 ) ;
#2391 = CARTESIAN_POINT ( 'NONE',  ( 58.00000000000000000, 6.000000000000000000, -160.5000000000000000 ) ) ;
#2392 = FACE_BOUND ( 'NONE', #1426, .T. ) ;
#2393 = VERTEX_POINT ( 'NONE', #1007 ) ;
#2394 = ADVANCED_FACE ( 'NONE', ( #1949 ), #487, .T. ) ;
#2395 = ORIENTED_EDGE ( 'NONE', *, *, #8, .T. ) ;
#2396 = EDGE_CURVE ( 'NONE', #104, #469, #1854, .T. ) ;
#2397 = DIRECTION ( 'NONE',  ( 0.000000000000000000, 0.000000000000000000, 1.000000000000000000 ) ) ;
#2398 = LINE ( 'NONE', #2132, #1604 ) ;
#2399 = EDGE_CURVE ( 'NONE', #1991, #531, #1717, .T. ) ;
#2400 = VECTOR ( 'NONE', #1385, 1000.000000000000000 ) ;
#2401 = AXIS2_PLACEMENT_3D ( 'NONE', #967, #1459, #1439 ) ;
#2402 = ORIENTED_EDGE ( 'NONE', *, *, #193, .F. ) ;
#2403 = CARTESIAN_POINT ( 'NONE',  ( 106.0000000000000000, 24.11999999999999744, -155.9399999999999977 ) ) ;
#2404 = VECTOR ( 'NONE', #1292, 1000.000000000000000 ) ;
#2405 = LINE ( 'NONE', #473, #2896 ) ;
#2406 = ORIENTED_EDGE ( 'NONE', *, *, #2167, .F. ) ;
#2407 = LINE ( 'NONE', #17, #1423 ) ;
#2408 = VECTOR ( 'NONE', #2738, 1000.000000000000000 ) ;
#2409 = DIRECTION ( 'NONE',  ( 0.000000000000000000, -1.000000000000000000, 0.000000000000000000 ) ) ;
#2410 = DIRECTION ( 'NONE',  ( 0.000000000000000000, -0.7071067811865874297, -0.7071067811865076047 ) ) ;
#2411 = ORIENTED_EDGE ( 'NONE', *, *, #196, .T. ) ;
#2412 = DIRECTION ( 'NONE',  ( 0.000000000000000000, 0.000000000000000000, 1.000000000000000000 ) ) ;
#2413 = ORIENTED_EDGE ( 'NONE', *, *, #515, .T. ) ;
#2414 = ORIENTED_EDGE ( 'NONE', *, *, #2399, .T. ) ;
#2415 = FACE_BOUND ( 'NONE', #889, .T. ) ;
#2416 = EDGE_CURVE ( 'NONE', #361, #730, #622, .T. ) ;
#2417 = DIRECTION ( 'NONE',  ( 1.000000000000000000, -0.000000000000000000, -0.000000000000000000 ) ) ;
#2418 = CYLINDRICAL_SURFACE ( 'NONE', #125, 3.250000000000002665 ) ;
#2419 = EDGE_CURVE ( 'NONE', #2636, #1881, #2405, .T. ) ;
#2420 = DIRECTION ( 'NONE',  ( -0.000000000000000000, -1.000000000000000000, -0.000000000000000000 ) ) ;
#2421 = EDGE_LOOP ( 'NONE', ( #588, #2570 ) ) ;
#2422 = CARTESIAN_POINT ( 'NONE',  ( 57.99999999999999289, 6.000000000000000000, -5.800000000000003375 ) ) ;
#2423 = FACE_OUTER_BOUND ( 'NONE', #2258, .T. ) ;
#2424 = VECTOR ( 'NONE', #554, 1000.000000000000000 ) ;
#2425 = DIRECTION ( 'NONE',  ( -0.000000000000000000, -1.000000000000000000, -0.000000000000000000 ) ) ;
#2426 = ORIENTED_EDGE ( 'NONE', *, *, #750, .F. ) ;
#2427 = AXIS2_PLACEMENT_3D ( 'NONE', #2091, #2046, #1856 ) ;
#2428 = LINE ( 'NONE', #833, #774 ) ;
#2429 = VERTEX_POINT ( 'NONE', #2170 ) ;
#2430 = ORIENTED_EDGE ( 'NONE', *, *, #772, .T. ) ;
#2431 = CARTESIAN_POINT ( 'NONE',  ( 57.99999999999999289, 0.000000000000000000, -7.500000000000000000 ) ) ;
#2432 = ORIENTED_EDGE ( 'NONE', *, *, #2439, .T. ) ;
#2433 = DIRECTION ( 'NONE',  ( 0.000000000000000000, 0.000000000000000000, -1.000000000000000000 ) ) ;
#2434 = ADVANCED_FACE ( 'NONE', ( #16 ), #2387, .T. ) ;
#2435 = FACE_OUTER_BOUND ( 'NONE', #2282, .T. ) ;
#2436 = VERTEX_POINT ( 'NONE', #34 ) ;
#2437 = FACE_OUTER_BOUND ( 'NONE', #426, .T. ) ;
#2438 = DIRECTION ( 'NONE',  ( -0.000000000000000000, -1.000000000000000000, -0.000000000000000000 ) ) ;
#2439 = EDGE_CURVE ( 'NONE', #741, #172, #1227, .T. ) ;
#2440 = CARTESIAN_POINT ( 'NONE',  ( 6.000000000000000000, 6.000000000000000000, -7.500000000000000000 ) ) ;
#2441 = CARTESIAN_POINT ( 'NONE',  ( 0.000000000000000000, 36.00000000000000711, -165.9999999999999432 ) ) ;
#2442 = VERTEX_POINT ( 'NONE', #339 ) ;
#2443 = ORIENTED_EDGE ( 'NONE', *, *, #2808, .T. ) ;
#2444 = DIRECTION ( 'NONE',  ( 0.000000000000000000, 1.000000000000000000, 0.000000000000000000 ) ) ;
#2445 = VECTOR ( 'NONE', #1414, 1000.000000000000000 ) ;
#2446 = DIRECTION ( 'NONE',  ( 1.000000000000000000, -0.000000000000000000, -0.000000000000000000 ) ) ;
#2447 = CARTESIAN_POINT ( 'NONE',  ( 96.00000000000000000, 10.71999999999999886, -115.9400000000000119 ) ) ;
#2448 = AXIS2_PLACEMENT_3D ( 'NONE', #718, #1139, #2606 ) ;
#2449 = AXIS2_PLACEMENT_3D ( 'NONE', #2596, #1417, #738 ) ;
#2450 = AXIS2_PLACEMENT_3D ( 'NONE', #2391, #2914, #1215 ) ;
#2451 = PLANE ( 'NONE',  #3037 ) ;
#2452 = ORIENTED_EDGE ( 'NONE', *, *, #2146, .F. ) ;
#2453 = CARTESIAN_POINT ( 'NONE',  ( 106.0000000000000000, 24.11999999999999744, -140.0600000000000023 ) ) ;
#2454 = DIRECTION ( 'NONE',  ( 0.000000000000000000, 0.000000000000000000, -1.000000000000000000 ) ) ;
#2455 = CIRCLE ( 'NONE', #1267, 3.249999999999999556 ) ;
#2456 = CIRCLE ( 'NONE', #518, 2.000000000000000000 ) ;
#2457 = ADVANCED_FACE ( 'NONE', ( #128 ), #2469, .T. ) ;
#2458 = VECTOR ( 'NONE', #2716, 1000.000000000000000 ) ;
#2459 = LINE ( 'NONE', #157, #2101 ) ;
#2460 = ORIENTED_EDGE ( 'NONE', *, *, #984, .F. ) ;
#2461 = CARTESIAN_POINT ( 'NONE',  ( 104.0000000000000000, 36.00000000000000711, -155.9399999999999977 ) ) ;
#2462 = CARTESIAN_POINT ( 'NONE',  ( 96.00000000000000000, 24.11999999999999744, -107.9400000000000119 ) ) ;
#2463 = ORIENTED_EDGE ( 'NONE', *, *, #846, .T. ) ;
#2464 = EDGE_CURVE ( 'NONE', #1054, #2730, #2498, .T. ) ;
#2465 = ORIENTED_EDGE ( 'NONE', *, *, #330, .F. ) ;
#2466 = DIRECTION ( 'NONE',  ( 0.000000000000000000, 0.000000000000000000, -1.000000000000000000 ) ) ;
#2467 = CARTESIAN_POINT ( 'NONE',  ( 6.000000000000005329, 3.399999999999998579, -160.5000000000000000 ) ) ;
#2468 = CARTESIAN_POINT ( 'NONE',  ( 2.000000000000000000, 0.000000000000000000, -168.0000000000000000 ) ) ;
#2469 = PLANE ( 'NONE',  #2105 ) ;
#2470 = ORIENTED_EDGE ( 'NONE', *, *, #1630, .F. ) ;
#2471 = CARTESIAN_POINT ( 'NONE',  ( 106.0000000000000000, 24.11999999999999744, -12.06000000000000050 ) ) ;
#2472 = DIRECTION ( 'NONE',  ( 0.000000000000000000, 0.000000000000000000, -1.000000000000000000 ) ) ;
#2473 = VERTEX_POINT ( 'NONE', #2201 ) ;
#2474 = CARTESIAN_POINT ( 'NONE',  ( 57.99999999999999289, 3.399999999999999467, -7.500000000000000000 ) ) ;
#2475 = LINE ( 'NONE', #595, #2549 ) ;
#2476 = ORIENTED_EDGE ( 'NONE', *, *, #1807, .T. ) ;
#2477 = VECTOR ( 'NONE', #267, 1000.000000000000000 ) ;
#2478 = ORIENTED_EDGE ( 'NONE', *, *, #2057, .T. ) ;
#2479 = ADVANCED_FACE ( 'NONE', ( #2435 ), #374, .F. ) ;
#2480 = DIRECTION ( 'NONE',  ( -0.000000000000000000, 1.000000000000000000, -0.000000000000000000 ) ) ;
#2481 = DIRECTION ( 'NONE',  ( 0.000000000000000000, 1.000000000000000000, 0.000000000000000000 ) ) ;
#2482 = PLANE ( 'NONE',  #1312 ) ;
#2483 = CARTESIAN_POINT ( 'NONE',  ( 96.00000000000000000, 24.11999999999999744, -20.06000000000000227 ) ) ;
#2484 = ORIENTED_EDGE ( 'NONE', *, *, #2056, .F. ) ;
#2485 = LINE ( 'NONE', #1999, #2776 ) ;
#2486 = DIRECTION ( 'NONE',  ( 0.000000000000000000, 0.000000000000000000, -1.000000000000000000 ) ) ;
#2487 = PLANE ( 'NONE',  #134 ) ;
#2488 = EDGE_LOOP ( 'NONE', ( #2187, #2884, #1334, #2064 ) ) ;
#2489 = LINE ( 'NONE', #362, #397 ) ;
#2490 = ORIENTED_EDGE ( 'NONE', *, *, #2751, .F. ) ;
#2491 = CARTESIAN_POINT ( 'NONE',  ( 104.0000000000000000, 10.71999999999999886, -147.9399999999999977 ) ) ;
#2492 = ORIENTED_EDGE ( 'NONE', *, *, #2659, .T. ) ;
#2493 = CARTESIAN_POINT ( 'NONE',  ( 96.00000000000000000, 10.71999999999999886, -107.9400000000000119 ) ) ;
#2494 = EDGE_CURVE ( 'NONE', #608, #2289, #1967, .T. ) ;
#2495 = EDGE_CURVE ( 'NONE', #1500, #2326, #2709, .T. ) ;
#2496 = DIRECTION ( 'NONE',  ( -0.000000000000000000, -1.000000000000000000, -0.000000000000000000 ) ) ;
#2497 = EDGE_CURVE ( 'NONE', #2935, #958, #2908, .T. ) ;
#2498 = LINE ( 'NONE', #111, #1564 ) ;
#2499 = ORIENTED_EDGE ( 'NONE', *, *, #933, .T. ) ;
#2500 = PLANE ( 'NONE',  #2913 ) ;
#2501 = AXIS2_PLACEMENT_3D ( 'NONE', #895, #1172, #1649 ) ;
#2502 = AXIS2_PLACEMENT_3D ( 'NONE', #2243, #1342, #2051 ) ;
#2503 = LINE ( 'NONE', #812, #1803 ) ;
#2504 = AXIS2_PLACEMENT_3D ( 'NONE', #1415, #2366, #237 ) ;
#2505 = DIRECTION ( 'NONE',  ( 0.000000000000000000, 0.000000000000000000, -1.000000000000000000 ) ) ;
#2506 = ORIENTED_EDGE ( 'NONE', *, *, #2185, .T. ) ;
#2507 = VECTOR ( 'NONE', #1989, 1000.000000000000000 ) ;
#2508 = CARTESIAN_POINT ( 'NONE',  ( 104.0000000000000000, 10.71999999999999886, -75.94000000000001194 ) ) ;
#2509 = ORIENTED_EDGE ( 'NONE', *, *, #976, .T. ) ;
#2510 = CARTESIAN_POINT ( 'NONE',  ( 2.000000000000000000, 7.419999999999999929, 0.000000000000000000 ) ) ;
#2511 = AXIS2_PLACEMENT_3D ( 'NONE', #2893, #2827, #1435 ) ;
#2512 = EDGE_CURVE ( 'NONE', #2393, #1198, #1322, .T. ) ;
#2513 = CARTESIAN_POINT ( 'NONE',  ( 0.000000000000000000, 6.000000000000000000, 0.000000000000000000 ) ) ;
#2514 = ORIENTED_EDGE ( 'NONE', *, *, #1177, .F. ) ;
#2515 = CARTESIAN_POINT ( 'NONE',  ( 106.0000000000000000, 10.71999999999999886, -27.94000000000000128 ) ) ;
#2516 = ADVANCED_FACE ( 'NONE', ( #1746 ), #807, .F. ) ;
#2517 = VERTEX_POINT ( 'NONE', #2267 ) ;
#2518 = FACE_OUTER_BOUND ( 'NONE', #1328, .T. ) ;
#2519 = ORIENTED_EDGE ( 'NONE', *, *, #1648, .F. ) ;
#2520 = DIRECTION ( 'NONE',  ( 0.000000000000000000, 0.000000000000000000, -1.000000000000000000 ) ) ;
#2521 = VERTEX_POINT ( 'NONE', #2675 ) ;
#2522 = AXIS2_PLACEMENT_3D ( 'NONE', #726, #525, #1486 ) ;
#2523 = CARTESIAN_POINT ( 'NONE',  ( 6.000000000000005329, 6.000000000000000000, -158.7999999999999829 ) ) ;
#2524 = AXIS2_PLACEMENT_3D ( 'NONE', #2568, #229, #2341 ) ;
#2525 = CARTESIAN_POINT ( 'NONE',  ( 104.0000000000000000, 10.71999999999999886, -107.9400000000000119 ) ) ;
#2526 = ORIENTED_EDGE ( 'NONE', *, *, #2983, .T. ) ;
#2527 = FACE_OUTER_BOUND ( 'NONE', #2567, .T. ) ;
#2528 = EDGE_CURVE ( 'NONE', #1889, #571, #552, .T. ) ;
#2529 = ADVANCED_FACE ( 'NONE', ( #1273 ), #2451, .F. ) ;
#2530 = DIRECTION ( 'NONE',  ( 0.000000000000000000, 1.000000000000000000, 0.000000000000000000 ) ) ;
#2531 = VERTEX_POINT ( 'NONE', #1071 ) ;
#2532 = ORIENTED_EDGE ( 'NONE', *, *, #1728, .T. ) ;
#2533 = FACE_BOUND ( 'NONE', #1250, .T. ) ;
#2534 = CARTESIAN_POINT ( 'NONE',  ( 104.0000000000000000, 6.000000000000000000, -166.0000000000000000 ) ) ;
#2535 = VECTOR ( 'NONE', #1579, 1000.000000000000000 ) ;
#2536 = AXIS2_PLACEMENT_3D ( 'NONE', #1055, #146, #827 ) ;
#2537 = ORIENTED_EDGE ( 'NONE', *, *, #920, .F. ) ;
#2538 = CARTESIAN_POINT ( 'NONE',  ( 6.000000000000000000, 2.000000000000000000, -7.500000000000000000 ) ) ;
#2539 = DATE_AND_TIME ( #1580, #78 ) ;
#2540 = LINE ( 'NONE', #185, #1286 ) ;
#2541 = EDGE_CURVE ( 'NONE', #1311, #1859, #1484, .T. ) ;
#2542 = VECTOR ( 'NONE', #1023, 1000.000000000000000 ) ;
#2543 = DIRECTION ( 'NONE',  ( -0.000000000000000000, -1.000000000000000000, -0.000000000000000000 ) ) ;
#2544 = VERTEX_POINT ( 'NONE', #2218 ) ;
#2545 = CARTESIAN_POINT ( 'NONE',  ( 104.0000000000000000, 10.71999999999999886, -100.0600000000000165 ) ) ;
#2546 = EDGE_CURVE ( 'NONE', #2043, #172, #2690, .T. ) ;
#2547 = CIRCLE ( 'NONE', #3036, 4.500000000000003553 ) ;
#2548 = AXIS2_PLACEMENT_3D ( 'NONE', #623, #1521, #2271 ) ;
#2549 = VECTOR ( 'NONE', #2211, 1000.000000000000000 ) ;
#2550 = DIRECTION ( 'NONE',  ( -0.000000000000000000, -1.000000000000000000, -0.000000000000000000 ) ) ;
#2551 = CARTESIAN_POINT ( 'NONE',  ( 106.0000000000000000, 10.71999999999999886, -140.0600000000000023 ) ) ;
#2552 = EDGE_LOOP ( 'NONE', ( #83, #1296, #2388, #2004 ) ) ;
#2553 = CYLINDRICAL_SURFACE ( 'NONE', #1947, 3.249999999999999556 ) ;
#2554 = APPROVAL_STATUS ( 'not_yet_approved' ) ;
#2555 = PLANE ( 'NONE',  #3012 ) ;
#2556 = CARTESIAN_POINT ( 'NONE',  ( 2.000000000000000000, 36.00000000000000711, -2.000000000000000000 ) ) ;
#2557 = ORIENTED_EDGE ( 'NONE', *, *, #2071, .F. ) ;
#2558 = DIRECTION ( 'NONE',  ( 0.000000000000000000, 0.000000000000000000, -1.000000000000000000 ) ) ;
#2559 = EDGE_CURVE ( 'NONE', #1726, #2980, #2643, .T. ) ;
#2560 = EDGE_CURVE ( 'NONE', #968, #1905, #1548, .T. ) ;
#2561 = FACE_OUTER_BOUND ( 'NONE', #1683, .T. ) ;
#2562 = DIRECTION ( 'NONE',  ( -1.000000000000000000, -0.000000000000000000, -0.000000000000000000 ) ) ;
#2563 = CIRCLE ( 'NONE', #2072, 4.500000000000003553 ) ;
#2564 = EDGE_LOOP ( 'NONE', ( #162, #1274 ) ) ;
#2565 = DIRECTION ( 'NONE',  ( -0.000000000000000000, 0.000000000000000000, 1.000000000000000000 ) ) ;
#2566 = DATE_TIME_ROLE ( 'creation_date' ) ;
#2567 = EDGE_LOOP ( 'NONE', ( #2093, #1677, #443, #2073 ) ) ;
#2568 = CARTESIAN_POINT ( 'NONE',  ( 0.000000000000000000, 36.00000000000000711, 0.000000000000000000 ) ) ;
#2569 = DIRECTION ( 'NONE',  ( -0.000000000000000000, -1.000000000000000000, -0.000000000000000000 ) ) ;
#2570 = ORIENTED_EDGE ( 'NONE', *, *, #1935, .T. ) ;
#2571 = LINE ( 'NONE', #1626, #1066 ) ;
#2572 = CARTESIAN_POINT ( 'NONE',  ( 57.99999999999999289, 0.000000000000000000, -163.7500000000000000 ) ) ;
#2573 = FACE_OUTER_BOUND ( 'NONE', #2605, .T. ) ;
#2574 = ADVANCED_FACE ( 'NONE', ( #82, #1024, #356, #1305, #2249 ), #2960, .T. ) ;
#2575 = EDGE_CURVE ( 'NONE', #2268, #1232, #139, .T. ) ;
#2576 = VERTEX_POINT ( 'NONE', #2491 ) ;
#2577 = LINE ( 'NONE', #1880, #2253 ) ;
#2578 = ORIENTED_EDGE ( 'NONE', *, *, #2075, .T. ) ;
#2579 = EDGE_CURVE ( 'NONE', #624, #2853, #775, .T. ) ;
#2580 = ORIENTED_EDGE ( 'NONE', *, *, #2787, .F. ) ;
#2581 = DIRECTION ( 'NONE',  ( 0.000000000000000000, -1.000000000000000000, 1.901066822988282147E-15 ) ) ;
#2582 = CYLINDRICAL_SURFACE ( 'NONE', #2257, 2.000000000000001776 ) ;
#2583 = ORIENTED_EDGE ( 'NONE', *, *, #132, .T. ) ;
#2584 = DIRECTION ( 'NONE',  ( 0.000000000000000000, -0.000000000000000000, 1.000000000000000000 ) ) ;
#2585 = AXIS2_PLACEMENT_3D ( 'NONE', #1185, #2098, #1397 ) ;
#2586 = AXIS2_PLACEMENT_3D ( 'NONE', #536, #1912, #1681 ) ;
#2587 = CIRCLE ( 'NONE', #913, 1.700000000000000178 ) ;
#2588 = ORIENTED_EDGE ( 'NONE', *, *, #2419, .F. ) ;
#2589 = CARTESIAN_POINT ( 'NONE',  ( 6.000000000000000888, 6.000000000000000000, -156.0000000000000000 ) ) ;
#2590 = DIRECTION ( 'NONE',  ( 0.000000000000000000, 1.000000000000000000, 0.000000000000000000 ) ) ;
#2591 = VECTOR ( 'NONE', #2466, 1000.000000000000000 ) ;
#2592 = CC_DESIGN_APPROVAL ( #2837, ( #973 ) ) ;
#2593 = VECTOR ( 'NONE', #401, 1000.000000000000000 ) ;
#2594 = EDGE_CURVE ( 'NONE', #2853, #3039, #1106, .T. ) ;
#2595 = VERTEX_POINT ( 'NONE', #639 ) ;
#2596 = CARTESIAN_POINT ( 'NONE',  ( 6.000000000000000000, 2.000000000000000000, -160.5000000000000000 ) ) ;
#2597 = VERTEX_POINT ( 'NONE', #1297 ) ;
#2598 = DIRECTION ( 'NONE',  ( 0.000000000000000000, 0.000000000000000000, -1.000000000000000000 ) ) ;
#2599 = VERTEX_POINT ( 'NONE', #2508 ) ;
#2600 = ADVANCED_FACE ( 'NONE', ( #1572 ), #581, .F. ) ;
#2601 = DIRECTION ( 'NONE',  ( -0.000000000000000000, -1.000000000000000000, -0.000000000000000000 ) ) ;
#2602 = CARTESIAN_POINT ( 'NONE',  ( 104.0000000000000000, 36.00000000000000711, -2.000000000000000000 ) ) ;
#2603 = VERTEX_POINT ( 'NONE', #1081 ) ;
#2604 = CARTESIAN_POINT ( 'NONE',  ( 106.0000000000000000, 10.71999999999999886, -67.93999999999999773 ) ) ;
#2605 = EDGE_LOOP ( 'NONE', ( #1494, #1950, #2506, #1148 ) ) ;
#2606 = DIRECTION ( 'NONE',  ( 0.000000000000000000, 0.000000000000000000, 1.000000000000000000 ) ) ;
#2607 = CARTESIAN_POINT ( 'NONE',  ( 106.0000000000000000, 24.11999999999999744, -12.06000000000000050 ) ) ;
#2608 = EDGE_LOOP ( 'NONE', ( #1268, #834 ) ) ;
#2609 = DIRECTION ( 'NONE',  ( 0.000000000000000000, 0.000000000000000000, 1.000000000000000000 ) ) ;
#2610 = ORIENTED_EDGE ( 'NONE', *, *, #1031, .T. ) ;
#2611 = CIRCLE ( 'NONE', #1091, 1.699999999999996625 ) ;
#2612 = LINE ( 'NONE', #1451, #1069 ) ;
#2613 = ORIENTED_EDGE ( 'NONE', *, *, #159, .T. ) ;
#2614 = CARTESIAN_POINT ( 'NONE',  ( 58.00000000000000000, 6.000000000000000000, -12.00000000000001243 ) ) ;
#2615 = FACE_OUTER_BOUND ( 'NONE', #3047, .T. ) ;
#2616 = ADVANCED_FACE ( 'NONE', ( #1758 ), #2955, .F. ) ;
#2617 = EDGE_CURVE ( 'NONE', #2935, #494, #1814, .T. ) ;
#2618 = CARTESIAN_POINT ( 'NONE',  ( 104.0000000000000000, 24.11999999999999744, -52.06000000000000227 ) ) ;
#2619 = ORIENTED_EDGE ( 'NONE', *, *, #192, .T. ) ;
#2620 = DIRECTION ( 'NONE',  ( 0.000000000000000000, -0.000000000000000000, 1.000000000000000000 ) ) ;
#2621 = ORIENTED_EDGE ( 'NONE', *, *, #72, .T. ) ;
#2622 = VERTEX_POINT ( 'NONE', #384 ) ;
#2623 = DIRECTION ( 'NONE',  ( 0.000000000000000000, -1.000000000000000000, 9.505334114941410736E-16 ) ) ;
#2624 = CARTESIAN_POINT ( 'NONE',  ( 57.99999999999999289, 3.399999999999999467, -160.5000000000000000 ) ) ;
#2625 = ORIENTED_EDGE ( 'NONE', *, *, #1325, .T. ) ;
#2626 = FACE_OUTER_BOUND ( 'NONE', #2119, .T. ) ;
#2627 = AXIS2_PLACEMENT_3D ( 'NONE', #2754, #1748, #391 ) ;
#2628 = CARTESIAN_POINT ( 'NONE',  ( 6.000000000000000000, 6.000000000000000000, -7.500000000000000000 ) ) ;
#2629 = ORIENTED_EDGE ( 'NONE', *, *, #309, .F. ) ;
#2630 = DIRECTION ( 'NONE',  ( 1.000000000000000000, 0.000000000000000000, 0.000000000000000000 ) ) ;
#2631 = PLANE ( 'NONE',  #1181 ) ;
#2632 = LINE ( 'NONE', #746, #1849 ) ;
#2633 = ORIENTED_EDGE ( 'NONE', *, *, #3035, .T. ) ;
#2634 = EDGE_CURVE ( 'NONE', #1859, #1542, #1096, .T. ) ;
#2635 = DIRECTION ( 'NONE',  ( 0.000000000000000000, -1.000000000000000000, -1.294569758191647155E-16 ) ) ;
#2636 = VERTEX_POINT ( 'NONE', #2704 ) ;
#2637 = VECTOR ( 'NONE', #2807, 1000.000000000000000 ) ;
#2638 = VERTEX_POINT ( 'NONE', #1799 ) ;
#2639 = EDGE_CURVE ( 'NONE', #3051, #1265, #1456, .T. ) ;
#2640 = CARTESIAN_POINT ( 'NONE',  ( 6.000000000000005329, 0.000000000000000000, -157.2249999999999943 ) ) ;
#2641 = VECTOR ( 'NONE', #2385, 1000.000000000000000 ) ;
#2642 = AXIS2_PLACEMENT_3D ( 'NONE', #631, #441, #2764 ) ;
#2643 = CIRCLE ( 'NONE', #76, 3.275000000000000355 ) ;
#2644 = VERTEX_POINT ( 'NONE', #161 ) ;
#2645 = CARTESIAN_POINT ( 'NONE',  ( 104.0000000000000000, 24.11999999999999744, -115.9400000000000119 ) ) ;
#2646 = AXIS2_PLACEMENT_3D ( 'NONE', #2881, #969, #986 ) ;
#2647 = CIRCLE ( 'NONE', #174, 1.699999999999996625 ) ;
#2648 = LINE ( 'NONE', #50, #621 ) ;
#2649 = ORIENTED_EDGE ( 'NONE', *, *, #2380, .F. ) ;
#2650 = LINE ( 'NONE', #64, #2810 ) ;
#2651 = VECTOR ( 'NONE', #1469, 1000.000000000000000 ) ;
#2652 = DIRECTION ( 'NONE',  ( 0.000000000000000000, -1.000000000000000000, 0.000000000000000000 ) ) ;
#2653 = CARTESIAN_POINT ( 'NONE',  ( 57.99999999999999289, 6.000000000000000000, -162.2000000000000171 ) ) ;
#2654 = ORIENTED_EDGE ( 'NONE', *, *, #1546, .T. ) ;
#2655 = CARTESIAN_POINT ( 'NONE',  ( 0.000000000000000000, 36.00000000000000711, -2.000000000000000000 ) ) ;
#2656 = ORIENTED_EDGE ( 'NONE', *, *, #1783, .F. ) ;
#2657 = EDGE_LOOP ( 'NONE', ( #1236, #2800, #284, #2047, #1019, #2113 ) ) ;
#2658 = FACE_OUTER_BOUND ( 'NONE', #2934, .T. ) ;
#2659 = EDGE_CURVE ( 'NONE', #2531, #1983, #1410, .T. ) ;
#2660 = CARTESIAN_POINT ( 'NONE',  ( 96.00000000000000000, 24.11999999999999744, -147.9399999999999977 ) ) ;
#2661 = DIRECTION ( 'NONE',  ( 0.000000000000000000, 1.000000000000000000, 0.000000000000000000 ) ) ;
#2662 = CARTESIAN_POINT ( 'NONE',  ( 6.000000000000005329, 0.000000000000000000, -7.500000000000000000 ) ) ;
#2663 = ORIENTED_EDGE ( 'NONE', *, *, #2679, .F. ) ;
#2664 = FACE_OUTER_BOUND ( 'NONE', #1474, .T. ) ;
#2665 = CARTESIAN_POINT ( 'NONE',  ( 6.000000000000005329, 3.399999999999999467, -7.500000000000000000 ) ) ;
#2666 = FACE_BOUND ( 'NONE', #1242, .T. ) ;
#2667 = VECTOR ( 'NONE', #279, 1000.000000000000000 ) ;
#2668 = LINE ( 'NONE', #2953, #2310 ) ;
#2669 = EDGE_LOOP ( 'NONE', ( #2031, #2135, #1434, #2915 ) ) ;
#2670 = VERTEX_POINT ( 'NONE', #1381 ) ;
#2671 = CARTESIAN_POINT ( 'NONE',  ( 2.000000000000000000, 36.00000000000000711, -166.0000000000000000 ) ) ;
#2672 = LINE ( 'NONE', #791, #2351 ) ;
#2673 = EDGE_CURVE ( 'NONE', #225, #453, #216, .T. ) ;
#2674 = DIRECTION ( 'NONE',  ( 8.659560562354443518E-17, -0.7071067811865874297, 0.7071067811865076047 ) ) ;
#2675 = CARTESIAN_POINT ( 'NONE',  ( 58.00000000000000000, 2.000000000000000000, -156.0000000000000000 ) ) ;
#2676 = EDGE_LOOP ( 'NONE', ( #2209, #1605, #783, #1492 ) ) ;
#2677 = CARTESIAN_POINT ( 'NONE',  ( 58.00000000000000000, 6.000000000000000000, -7.500000000000000000 ) ) ;
#2678 = DIRECTION ( 'NONE',  ( 0.000000000000000000, 0.000000000000000000, 1.000000000000000000 ) ) ;
#2679 = EDGE_CURVE ( 'NONE', #2622, #845, #3050, .T. ) ;
#2680 = CARTESIAN_POINT ( 'NONE',  ( 2.000000000000000000, 6.000000000000000000, -158.4384471871911728 ) ) ;
#2681 = VECTOR ( 'NONE', #2928, 1000.000000000000000 ) ;
#2682 = CARTESIAN_POINT ( 'NONE',  ( 2.000000000000000000, 36.00000000000000711, -2.000000000000000000 ) ) ;
#2683 = FACE_OUTER_BOUND ( 'NONE', #63, .T. ) ;
#2684 = ORIENTED_EDGE ( 'NONE', *, *, #2946, .F. ) ;
#2685 = DIRECTION ( 'NONE',  ( 0.000000000000000000, -1.000000000000000000, 0.000000000000000000 ) ) ;
#2686 = AXIS2_PLACEMENT_3D ( 'NONE', #1600, #2550, #2777 ) ;
#2687 = ORIENTED_EDGE ( 'NONE', *, *, #159, .F. ) ;
#2688 = FACE_OUTER_BOUND ( 'NONE', #1189, .T. ) ;
#2689 = AXIS2_PLACEMENT_3D ( 'NONE', #927, #1865, #2118 ) ;
#2690 = CIRCLE ( 'NONE', #1646, 3.249999999999999556 ) ;
#2691 = DIRECTION ( 'NONE',  ( 0.000000000000000000, 0.000000000000000000, -1.000000000000000000 ) ) ;
#2692 = ORIENTED_EDGE ( 'NONE', *, *, #1712, .T. ) ;
#2693 = LINE ( 'NONE', #572, #1778 ) ;
#2694 = PLANE ( 'NONE',  #534 ) ;
#2695 = AXIS2_PLACEMENT_3D ( 'NONE', #1713, #1237, #26 ) ;
#2696 = VECTOR ( 'NONE', #1986, 1000.000000000000000 ) ;
#2697 = EDGE_CURVE ( 'NONE', #2436, #2033, #463, .T. ) ;
#2698 = VECTOR ( 'NONE', #1914, 1000.000000000000000 ) ;
#2699 = CARTESIAN_POINT ( 'NONE',  ( 106.0000000000000000, 24.11999999999999744, -52.06000000000000227 ) ) ;
#2700 = ORIENTED_EDGE ( 'NONE', *, *, #92, .F. ) ;
#2701 = CARTESIAN_POINT ( 'NONE',  ( 57.99999999999999289, 0.000000000000000000, -160.5000000000000000 ) ) ;
#2702 = DIRECTION ( 'NONE',  ( 0.000000000000000000, 1.000000000000000000, 0.000000000000000000 ) ) ;
#2703 = ORIENTED_EDGE ( 'NONE', *, *, #611, .T. ) ;
#2704 = CARTESIAN_POINT ( 'NONE',  ( 106.0000000000000000, 10.71999999999999886, -12.06000000000000227 ) ) ;
#2705 = ORIENTED_EDGE ( 'NONE', *, *, #349, .T. ) ;
#2706 = CARTESIAN_POINT ( 'NONE',  ( 104.0000000000000000, 5.999999999999998224, -2.000000000000000000 ) ) ;
#2707 = FACE_BOUND ( 'NONE', #1094, .T. ) ;
#2708 = DIRECTION ( 'NONE',  ( 0.000000000000000000, -0.000000000000000000, 1.000000000000000000 ) ) ;
#2709 = LINE ( 'NONE', #1790, #2408 ) ;
#2710 = EDGE_LOOP ( 'NONE', ( #953, #1549, #905, #910, #274, #502, #2009, #651, #2298, #206, #1515, #1815 ) ) ;
#2711 = CARTESIAN_POINT ( 'NONE',  ( 104.0000000000000000, 36.00000000000000711, -166.0000000000000000 ) ) ;
#2712 = CARTESIAN_POINT ( 'NONE',  ( 6.000000000000005329, 0.000000000000000000, -160.5000000000000000 ) ) ;
#2713 = DIRECTION ( 'NONE',  ( 1.000000000000000000, -0.000000000000000000, -0.000000000000000000 ) ) ;
#2714 = CARTESIAN_POINT ( 'NONE',  ( 0.000000000000000000, 0.000000000000000000, -165.9999999999999432 ) ) ;
#2715 = ADVANCED_FACE ( 'NONE', ( #1829 ), #1179, .T. ) ;
#2716 = DIRECTION ( 'NONE',  ( 0.000000000000000000, 0.000000000000000000, -1.000000000000000000 ) ) ;
#2717 = ORIENTED_EDGE ( 'NONE', *, *, #67, .F. ) ;
#2718 = ADVANCED_FACE ( 'NONE', ( #2816 ), #2582, .T. ) ;
#2719 = CIRCLE ( 'NONE', #2228, 3.250000000000002665 ) ;
#2720 = VERTEX_POINT ( 'NONE', #1367 ) ;
#2721 = DIRECTION ( 'NONE',  ( 0.000000000000000000, 0.000000000000000000, 1.000000000000000000 ) ) ;
#2722 = EDGE_CURVE ( 'NONE', #1341, #1808, #2110, .T. ) ;
#2723 = LINE ( 'NONE', #2029, #2096 ) ;
#2724 = DIRECTION ( 'NONE',  ( 0.000000000000000000, 0.000000000000000000, -1.000000000000000000 ) ) ;
#2725 = ORIENTED_EDGE ( 'NONE', *, *, #3017, .F. ) ;
#2726 = DIRECTION ( 'NONE',  ( -0.000000000000000000, -1.000000000000000000, -0.000000000000000000 ) ) ;
#2727 = CARTESIAN_POINT ( 'NONE',  ( 59.69999999999999574, 3.399999999999999023, -7.500000000000000000 ) ) ;
#2728 = ORIENTED_EDGE ( 'NONE', *, *, #2617, .F. ) ;
#2729 = LINE ( 'NONE', #117, #2477 ) ;
#2730 = VERTEX_POINT ( 'NONE', #1624 ) ;
#2731 = EDGE_CURVE ( 'NONE', #786, #624, #2092, .T. ) ;
#2732 = VERTEX_POINT ( 'NONE', #1637 ) ;
#2733 = CARTESIAN_POINT ( 'NONE',  ( 58.00000000000000000, 2.000000000000000000, -160.5000000000000000 ) ) ;
#2734 = EDGE_CURVE ( 'NONE', #390, #1440, #318, .T. ) ;
#2735 = EDGE_CURVE ( 'NONE', #466, #1443, #2050, .T. ) ;
#2736 = DIRECTION ( 'NONE',  ( 0.000000000000000000, -0.000000000000000000, -1.000000000000000000 ) ) ;
#2737 = VECTOR ( 'NONE', #354, 1000.000000000000000 ) ;
#2738 = DIRECTION ( 'NONE',  ( 1.000000000000000000, 0.000000000000000000, 0.000000000000000000 ) ) ;
#2739 = ORIENTED_EDGE ( 'NONE', *, *, #2307, .T. ) ;
#2740 = DIRECTION ( 'NONE',  ( 0.000000000000000000, -0.000000000000000000, 1.000000000000000000 ) ) ;
#2741 = VECTOR ( 'NONE', #1125, 1000.000000000000000 ) ;
#2742 = ORIENTED_EDGE ( 'NONE', *, *, #2964, .T. ) ;
#2743 = AXIS2_PLACEMENT_3D ( 'NONE', #1269, #1964, #106 ) ;
#2744 = DIRECTION ( 'NONE',  ( -1.000000000000000000, 0.000000000000000000, -0.000000000000000000 ) ) ;
#2745 = VERTEX_POINT ( 'NONE', #186 ) ;
#2746 = VECTOR ( 'NONE', #1675, 1000.000000000000000 ) ;
#2747 = DIRECTION ( 'NONE',  ( -0.000000000000000000, -1.000000000000000000, -0.000000000000000000 ) ) ;
#2748 = EDGE_LOOP ( 'NONE', ( #2954, #241, #1395, #1987 ) ) ;
#2749 = CARTESIAN_POINT ( 'NONE',  ( 57.99999999999999289, 6.000000000000000000, -160.5000000000000000 ) ) ;
#2750 = LINE ( 'NONE', #1617, #2839 ) ;
#2751 = EDGE_CURVE ( 'NONE', #2961, #2852, #2097, .T. ) ;
#2752 = EDGE_CURVE ( 'NONE', #1843, #453, #1212, .T. ) ;
#2753 = ORIENTED_EDGE ( 'NONE', *, *, #2174, .F. ) ;
#2754 = CARTESIAN_POINT ( 'NONE',  ( 58.00000000000000000, 6.000000000000000000, -7.500000000000000000 ) ) ;
#2755 = CARTESIAN_POINT ( 'NONE',  ( 6.000000000000005329, 3.399999999999998579, -7.500000000000000000 ) ) ;
#2756 = ORIENTED_EDGE ( 'NONE', *, *, #1078, .T. ) ;
#2757 = CARTESIAN_POINT ( 'NONE',  ( 6.000000000000000000, 6.000000000000000000, -160.5000000000000000 ) ) ;
#2758 = EDGE_LOOP ( 'NONE', ( #1382, #2229, #2625, #1003 ) ) ;
#2759 = ORIENTED_EDGE ( 'NONE', *, *, #1874, .T. ) ;
#2760 = VECTOR ( 'NONE', #1487, 1000.000000000000000 ) ;
#2761 = CYLINDRICAL_SURFACE ( 'NONE', #1219, 3.250000000000002665 ) ;
#2762 = VECTOR ( 'NONE', #1752, 1000.000000000000000 ) ;
#2763 = PLANE ( 'NONE',  #658 ) ;
#2764 = DIRECTION ( 'NONE',  ( 0.000000000000000000, -0.000000000000000000, 1.000000000000000000 ) ) ;
#2765 = AXIS2_PLACEMENT_3D ( 'NONE', #1720, #2189, #2678 ) ;
#2766 = EDGE_CURVE ( 'NONE', #1830, #2123, #3038, .T. ) ;
#2767 = ORIENTED_EDGE ( 'NONE', *, *, #2227, .F. ) ;
#2768 = PLANE ( 'NONE',  #2939 ) ;
#2769 = MECHANICAL_CONTEXT ( 'NONE', #3001, 'mechanical' ) ;
#2770 = EDGE_CURVE ( 'NONE', #2043, #361, #948, .T. ) ;
#2771 = FACE_OUTER_BOUND ( 'NONE', #2657, .T. ) ;
#2772 = VERTEX_POINT ( 'NONE', #1658 ) ;
#2773 = DIRECTION ( 'NONE',  ( 0.000000000000000000, -1.000000000000000000, 0.000000000000000000 ) ) ;
#2774 = EDGE_LOOP ( 'NONE', ( #32, #2154, #547, #2180 ) ) ;
#2775 = CARTESIAN_POINT ( 'NONE',  ( 106.0000000000000000, 36.00000000000000711, -165.9999999999999432 ) ) ;
#2776 = VECTOR ( 'NONE', #377, 1000.000000000000000 ) ;
#2777 = DIRECTION ( 'NONE',  ( 0.000000000000000000, 0.000000000000000000, -1.000000000000000000 ) ) ;
#2778 = FACE_OUTER_BOUND ( 'NONE', #474, .T. ) ;
#2779 = ORIENTED_EDGE ( 'NONE', *, *, #1300, .F. ) ;
#2780 = DIRECTION ( 'NONE',  ( -0.000000000000000000, 1.000000000000000000, -0.000000000000000000 ) ) ;
#2781 = CALENDAR_DATE ( 2025, 8, 7 ) ;
#2782 = EDGE_LOOP ( 'NONE', ( #1591, #1416, #2649, #1786, #138, #2509, #2195, #1122 ) ) ;
#2783 = FACE_OUTER_BOUND ( 'NONE', #2748, .T. ) ;
#2784 = AXIS2_PLACEMENT_3D ( 'NONE', #943, #2813, #418 ) ;
#2785 = EDGE_CURVE ( 'NONE', #2852, #1722, #2079, .T. ) ;
#2786 = EDGE_CURVE ( 'NONE', #466, #2340, #902, .T. ) ;
#2787 = EDGE_CURVE ( 'NONE', #847, #2043, #436, .T. ) ;
#2788 = CONICAL_SURFACE ( 'NONE', #1756, 3.275000000000000355, 0.7853981633974612686 ) ;
#2789 = AXIS2_PLACEMENT_3D ( 'NONE', #2275, #2037, #2997 ) ;
#2790 = DIRECTION ( 'NONE',  ( 0.000000000000000000, 1.000000000000000000, 0.000000000000000000 ) ) ;
#2791 = ORIENTED_EDGE ( 'NONE', *, *, #1337, .F. ) ;
#2792 = DIRECTION ( 'NONE',  ( 0.000000000000000000, 0.000000000000000000, -1.000000000000000000 ) ) ;
#2793 = CIRCLE ( 'NONE', #1514, 3.250000000000002665 ) ;
#2794 = VECTOR ( 'NONE', #1038, 1000.000000000000000 ) ;
#2795 = CARTESIAN_POINT ( 'NONE',  ( 6.000000000000000000, 6.000000000000000000, -160.5000000000000000 ) ) ;
#2796 = DIRECTION ( 'NONE',  ( 0.000000000000000000, -1.000000000000000000, 9.505334114941410736E-16 ) ) ;
#2797 = ORIENTED_EDGE ( 'NONE', *, *, #1245, .T. ) ;
#2798 = FACE_OUTER_BOUND ( 'NONE', #2384, .T. ) ;
#2799 = PERSON_AND_ORGANIZATION_ROLE ( 'creator' ) ;
#2800 = ORIENTED_EDGE ( 'NONE', *, *, #1994, .T. ) ;
#2801 = CARTESIAN_POINT ( 'NONE',  ( 57.99999999999999289, 6.000000000000000000, -160.5000000000000000 ) ) ;
#2802 = DIRECTION ( 'NONE',  ( 0.000000000000000000, 0.000000000000000000, -1.000000000000000000 ) ) ;
#2803 = ORIENTED_EDGE ( 'NONE', *, *, #829, .F. ) ;
#2804 = EDGE_CURVE ( 'NONE', #2544, #488, #1858, .T. ) ;
#2805 = CARTESIAN_POINT ( 'NONE',  ( 57.99999999999999289, 3.399999999999999467, -7.500000000000000000 ) ) ;
#2806 = EDGE_CURVE ( 'NONE', #2268, #390, #68, .T. ) ;
#2807 = DIRECTION ( 'NONE',  ( 0.000000000000000000, 1.000000000000000000, -0.000000000000000000 ) ) ;
#2808 = EDGE_CURVE ( 'NONE', #737, #839, #2632, .T. ) ;
#2809 = CARTESIAN_POINT ( 'NONE',  ( 2.000000000000000000, 5.999999999999998224, 0.000000000000000000 ) ) ;
#2810 = VECTOR ( 'NONE', #1009, 1000.000000000000000 ) ;
#2811 = VECTOR ( 'NONE', #2581, 1000.000000000000000 ) ;
#2812 = VERTEX_POINT ( 'NONE', #2191 ) ;
#2813 = DIRECTION ( 'NONE',  ( 0.000000000000000000, 1.000000000000000000, 0.000000000000000000 ) ) ;
#2814 = VERTEX_POINT ( 'NONE', #1673 ) ;
#2815 = DIRECTION ( 'NONE',  ( -0.000000000000000000, -1.000000000000000000, -0.000000000000000000 ) ) ;
#2816 = FACE_OUTER_BOUND ( 'NONE', #1195, .T. ) ;
#2817 = ORIENTED_EDGE ( 'NONE', *, *, #1767, .T. ) ;
#2818 = DIRECTION ( 'NONE',  ( -0.000000000000000000, 1.000000000000000000, -0.000000000000000000 ) ) ;
#2819 = EDGE_CURVE ( 'NONE', #1536, #2232, #2587, .T. ) ;
#2820 = ORIENTED_EDGE ( 'NONE', *, *, #1199, .F. ) ;
#2821 = LINE ( 'NONE', #939, #907 ) ;
#2822 = DIRECTION ( 'NONE',  ( -0.000000000000000000, 1.000000000000000000, -0.000000000000000000 ) ) ;
#2823 = ADVANCED_FACE ( 'NONE', ( #260 ), #1507, .F. ) ;
#2824 = ORIENTED_EDGE ( 'NONE', *, *, #2786, .T. ) ;
#2825 = LINE ( 'NONE', #1633, #2302 ) ;
#2826 = ORIENTED_EDGE ( 'NONE', *, *, #2679, .T. ) ;
#2827 = DIRECTION ( 'NONE',  ( 0.000000000000000000, 1.000000000000000000, 0.000000000000000000 ) ) ;
#2828 = ORIENTED_EDGE ( 'NONE', *, *, #1422, .T. ) ;
#2829 = LINE ( 'NONE', #963, #3058 ) ;
#2830 = CARTESIAN_POINT ( 'NONE',  ( 58.00000000000000000, 6.000000000000000000, -160.5000000000000000 ) ) ;
#2831 = VERTEX_POINT ( 'NONE', #1473 ) ;
#2832 = CARTESIAN_POINT ( 'NONE',  ( 104.0000000000000000, 10.72000000000000064, -80.00000000000000000 ) ) ;
#2833 = CIRCLE ( 'NONE', #1152, 2.000000000000001776 ) ;
#2834 = CIRCLE ( 'NONE', #2401, 4.500000000000012434 ) ;
#2835 = ORIENTED_EDGE ( 'NONE', *, *, #123, .F. ) ;
#2836 = DIRECTION ( 'NONE',  ( -0.000000000000000000, 1.000000000000000000, -0.000000000000000000 ) ) ;
#2837 = APPROVAL ( #1121, 'UNSPECIFIED' ) ;
#2838 = CARTESIAN_POINT ( 'NONE',  ( 6.000000000000005329, 3.399999999999998579, -158.7999999999999829 ) ) ;
#2839 = VECTOR ( 'NONE', #877, 1000.000000000000000 ) ;
#2840 = CC_DESIGN_APPROVAL ( #644, ( #918 ) ) ;
#2841 = VECTOR ( 'NONE', #560, 1000.000000000000000 ) ;
#2842 = ORIENTED_EDGE ( 'NONE', *, *, #372, .F. ) ;
#2843 = EDGE_CURVE ( 'NONE', #60, #3039, #19, .T. ) ;
#2844 = CYLINDRICAL_SURFACE ( 'NONE', #2199, 4.500000000000003553 ) ;
#2845 = ORIENTED_EDGE ( 'NONE', *, *, #1424, .T. ) ;
#2846 = EDGE_CURVE ( 'NONE', #2576, #1184, #2866, .T. ) ;
#2847 = CARTESIAN_POINT ( 'NONE',  ( 6.000000000000005329, 3.399999999999999467, -160.5000000000000000 ) ) ;
#2848 = CARTESIAN_POINT ( 'NONE',  ( 0.000000000000000000, 0.000000000000000000, 0.000000000000000000 ) ) ;
#2849 = CARTESIAN_POINT ( 'NONE',  ( 104.0000000000000000, 36.00000000000000711, -168.0000000000000000 ) ) ;
#2850 = CARTESIAN_POINT ( 'NONE',  ( 106.0000000000000000, 24.11999999999999744, -75.94000000000001194 ) ) ;
#2851 = CARTESIAN_POINT ( 'NONE',  ( 106.0000000000000000, 24.11999999999999744, -52.06000000000000227 ) ) ;
#2852 = VERTEX_POINT ( 'NONE', #1504 ) ;
#2853 = VERTEX_POINT ( 'NONE', #2618 ) ;
#2854 = PLANE ( 'NONE',  #2969 ) ;
#2855 = LINE ( 'NONE', #1663, #2054 ) ;
#2856 = VERTEX_POINT ( 'NONE', #782 ) ;
#2857 = CARTESIAN_POINT ( 'NONE',  ( 57.99999999999999289, 0.02500000000000006384, -10.75000000000000178 ) ) ;
#2858 = ORIENTED_EDGE ( 'NONE', *, *, #2287, .F. ) ;
#2859 = EDGE_CURVE ( 'NONE', #2473, #1808, #296, .T. ) ;
#2860 = CIRCLE ( 'NONE', #1533, 1.700000000000007061 ) ;
#2861 = CARTESIAN_POINT ( 'NONE',  ( 104.0000000000000000, 24.11999999999999744, -75.94000000000001194 ) ) ;
#2862 = VERTEX_POINT ( 'NONE', #86 ) ;
#2863 = CARTESIAN_POINT ( 'NONE',  ( 6.000000000000005329, 0.000000000000000000, -157.2500000000000000 ) ) ;
#2864 = CARTESIAN_POINT ( 'NONE',  ( 57.99999999999999289, 0.000000000000000000, -9.199999999999995737 ) ) ;
#2865 = ADVANCED_FACE ( 'NONE', ( #2666, #1260 ), #543, .T. ) ;
#2866 = LINE ( 'NONE', #1194, #1894 ) ;
#2867 = ORIENTED_EDGE ( 'NONE', *, *, #805, .T. ) ;
#2868 = DIRECTION ( 'NONE',  ( 0.000000000000000000, 1.000000000000000000, 0.000000000000000000 ) ) ;
#2869 = ORIENTED_EDGE ( 'NONE', *, *, #2497, .T. ) ;
#2870 = VERTEX_POINT ( 'NONE', #2208 ) ;
#2871 = LINE ( 'NONE', #1506, #1821 ) ;
#2872 = CARTESIAN_POINT ( 'NONE',  ( 2.000000000000000000, 2.000000000000000000, -5.438447187191163046 ) ) ;
#2873 = ORIENTED_EDGE ( 'NONE', *, *, #1223, .F. ) ;
#2874 = DIRECTION ( 'NONE',  ( 0.000000000000000000, -1.000000000000000000, 0.000000000000000000 ) ) ;
#2875 = DIRECTION ( 'NONE',  ( 1.000000000000000000, -0.000000000000000000, -0.000000000000000000 ) ) ;
#2876 = ORIENTED_EDGE ( 'NONE', *, *, #790, .F. ) ;
#2877 = CARTESIAN_POINT ( 'NONE',  ( 6.000000000000005329, 0.000000000000000000, -160.5000000000000000 ) ) ;
#2878 = DIRECTION ( 'NONE',  ( 0.000000000000000000, 1.000000000000000000, 0.000000000000000000 ) ) ;
#2879 = DIRECTION ( 'NONE',  ( 0.000000000000000000, 1.000000000000000000, 0.000000000000000000 ) ) ;
#2880 = VERTEX_POINT ( 'NONE', #1028 ) ;
#2881 = CARTESIAN_POINT ( 'NONE',  ( 6.000000000000005329, 6.000000000000000000, -160.5000000000000000 ) ) ;
#2882 = ORIENTED_EDGE ( 'NONE', *, *, #3000, .F. ) ;
#2883 = EDGE_CURVE ( 'NONE', #831, #90, #2834, .T. ) ;
#2884 = ORIENTED_EDGE ( 'NONE', *, *, #893, .T. ) ;
#2885 = FACE_BOUND ( 'NONE', #2011, .T. ) ;
#2886 = VECTOR ( 'NONE', #1853, 1000.000000000000000 ) ;
#2887 = VECTOR ( 'NONE', #350, 1000.000000000000000 ) ;
#2888 = CARTESIAN_POINT ( 'NONE',  ( 0.000000000000000000, 36.00000000000000711, 0.000000000000000000 ) ) ;
#2889 = AXIS2_PLACEMENT_3D ( 'NONE', #1495, #2444, #848 ) ;
#2890 = ORIENTED_EDGE ( 'NONE', *, *, #1712, .F. ) ;
#2891 = FACE_OUTER_BOUND ( 'NONE', #2488, .T. ) ;
#2892 = VECTOR ( 'NONE', #331, 1000.000000000000000 ) ;
#2893 = CARTESIAN_POINT ( 'NONE',  ( 6.000000000000000000, 6.000000000000000000, -7.500000000000000000 ) ) ;
#2894 = ORIENTED_EDGE ( 'NONE', *, *, #1408, .F. ) ;
#2895 = DIRECTION ( 'NONE',  ( -0.000000000000000000, -1.000000000000000000, -0.000000000000000000 ) ) ;
#2896 = VECTOR ( 'NONE', #276, 1000.000000000000000 ) ;
#2897 = CARTESIAN_POINT ( 'NONE',  ( 0.000000000000000000, 0.000000000000000000, -1.999999999999999112 ) ) ;
#2898 = DIRECTION ( 'NONE',  ( 1.000000000000000000, -0.000000000000000000, -0.000000000000000000 ) ) ;
#2899 = ORIENTED_EDGE ( 'NONE', *, *, #406, .T. ) ;
#2900 = DIRECTION ( 'NONE',  ( -0.000000000000000000, -1.000000000000000000, -0.000000000000000000 ) ) ;
#2901 = VERTEX_POINT ( 'NONE', #2653 ) ;
#2902 = EDGE_CURVE ( 'NONE', #1843, #2103, #1904, .T. ) ;
#2903 = ORIENTED_EDGE ( 'NONE', *, *, #979, .F. ) ;
#2904 = CARTESIAN_POINT ( 'NONE',  ( 6.000000000000005329, 0.000000000000000000, -163.7500000000000000 ) ) ;
#2905 = EDGE_CURVE ( 'NONE', #2852, #2961, #2991, .T. ) ;
#2906 = ORIENTED_EDGE ( 'NONE', *, *, #1226, .T. ) ;
#2907 = DIRECTION ( 'NONE',  ( -1.000000000000000000, 0.000000000000000000, -0.000000000000000000 ) ) ;
#2908 = LINE ( 'NONE', #794, #2794 ) ;
#2909 = VERTEX_POINT ( 'NONE', #798 ) ;
#2910 = CARTESIAN_POINT ( 'NONE',  ( 57.99999999999999289, 0.000000000000000000, -7.500000000000000000 ) ) ;
#2911 = FACE_OUTER_BOUND ( 'NONE', #1584, .T. ) ;
#2912 = AXIS2_PLACEMENT_3D ( 'NONE', #475, #1421, #2374 ) ;
#2913 = AXIS2_PLACEMENT_3D ( 'NONE', #1765, #1781, #1290 ) ;
#2914 = DIRECTION ( 'NONE',  ( 0.000000000000000000, 1.000000000000000000, 0.000000000000000000 ) ) ;
#2915 = ORIENTED_EDGE ( 'NONE', *, *, #750, .T. ) ;
#2916 = CARTESIAN_POINT ( 'NONE',  ( 6.000000000000005329, 3.399999999999998579, -5.800000000000001599 ) ) ;
#2917 = ORIENTED_EDGE ( 'NONE', *, *, #2806, .F. ) ;
#2918 = AXIS2_PLACEMENT_3D ( 'NONE', #541, #1901, #1243 ) ;
#2919 = VERTEX_POINT ( 'NONE', #2850 ) ;
#2920 = DIRECTION ( 'NONE',  ( 1.000000000000000000, 0.000000000000000000, -0.000000000000000000 ) ) ;
#2921 = ADVANCED_FACE ( 'NONE', ( #2158 ), #985, .F. ) ;
#2922 = ORIENTED_EDGE ( 'NONE', *, *, #230, .F. ) ;
#2923 = DIRECTION ( 'NONE',  ( -1.000000000000000000, 0.000000000000000000, -0.000000000000000000 ) ) ;
#2924 = ADVANCED_FACE ( 'NONE', ( #1737 ), #1231, .T. ) ;
#2925 = EDGE_CURVE ( 'NONE', #466, #433, #55, .T. ) ;
#2926 = DIRECTION ( 'NONE',  ( -0.000000000000000000, -1.000000000000000000, -0.000000000000000000 ) ) ;
#2927 = ORIENTED_EDGE ( 'NONE', *, *, #1197, .F. ) ;
#2928 = DIRECTION ( 'NONE',  ( 0.000000000000000000, -1.000000000000000000, 0.000000000000000000 ) ) ;
#2929 = DIRECTION ( 'NONE',  ( 0.000000000000000000, 0.000000000000000000, -1.000000000000000000 ) ) ;
#2930 = DIRECTION ( 'NONE',  ( 0.000000000000000000, -0.000000000000000000, 1.000000000000000000 ) ) ;
#2931 = EDGE_LOOP ( 'NONE', ( #2077, #2903, #182, #2060 ) ) ;
#2932 = DIRECTION ( 'NONE',  ( 0.000000000000000000, -1.000000000000000000, -0.000000000000000000 ) ) ;
#2933 = DIRECTION ( 'NONE',  ( 0.000000000000000000, -0.000000000000000000, 1.000000000000000000 ) ) ;
#2934 = EDGE_LOOP ( 'NONE', ( #2465, #514, #413, #160, #437, #2244, #2824, #1392, #801, #2402, #2250, #2329 ) ) ;
#2935 = VERTEX_POINT ( 'NONE', #761 ) ;
#2936 = DIRECTION ( 'NONE',  ( 0.000000000000000000, 0.000000000000000000, -1.000000000000000000 ) ) ;
#2937 = CARTESIAN_POINT ( 'NONE',  ( 104.0000000000000000, 36.00000000000000711, 0.000000000000000000 ) ) ;
#2938 = DIRECTION ( 'NONE',  ( 0.000000000000000000, 0.000000000000000000, -1.000000000000000000 ) ) ;
#2939 = AXIS2_PLACEMENT_3D ( 'NONE', #2354, #1403, #1119 ) ;
#2940 = VECTOR ( 'NONE', #2331, 1000.000000000000000 ) ;
#2941 = EDGE_CURVE ( 'NONE', #90, #831, #822, .T. ) ;
#2942 = CARTESIAN_POINT ( 'NONE',  ( 106.0000000000000000, 0.000000000000000000, 0.000000000000000000 ) ) ;
#2943 = VERTEX_POINT ( 'NONE', #327 ) ;
#2944 = CYLINDRICAL_SURFACE ( 'NONE', #2627, 4.500000000000012434 ) ;
#2945 = CARTESIAN_POINT ( 'NONE',  ( 6.000000000000005329, 0.000000000000000000, -160.5000000000000000 ) ) ;
#2946 = EDGE_CURVE ( 'NONE', #24, #732, #2456, .T. ) ;
#2947 = CIRCLE ( 'NONE', #269, 2.000000000000001776 ) ;
#2948 = AXIS2_PLACEMENT_3D ( 'NONE', #923, #1860, #685 ) ;
#2949 = DIRECTION ( 'NONE',  ( 0.000000000000000000, 0.000000000000000000, 1.000000000000000000 ) ) ;
#2950 = ORIENTED_EDGE ( 'NONE', *, *, #2722, .F. ) ;
#2951 = ADVANCED_FACE ( 'NONE', ( #2045, #592 ), #2487, .F. ) ;
#2952 = DIRECTION ( 'NONE',  ( -0.000000000000000000, 9.505334114941410736E-16, 1.000000000000000000 ) ) ;
#2953 = CARTESIAN_POINT ( 'NONE',  ( 106.0000000000000000, 10.71999999999999886, -35.93999999999999773 ) ) ;
#2954 = ORIENTED_EDGE ( 'NONE', *, *, #330, .T. ) ;
#2955 = PLANE ( 'NONE',  #1948 ) ;
#2956 = ORIENTED_EDGE ( 'NONE', *, *, #2787, .T. ) ;
#2957 = DIRECTION ( 'NONE',  ( -0.000000000000000000, -1.000000000000000000, -0.000000000000000000 ) ) ;
#2958 = FACE_BOUND ( 'NONE', #9, .T. ) ;
#2959 = CARTESIAN_POINT ( 'NONE',  ( 58.00000000000000000, 6.000000000000000000, -156.0000000000000000 ) ) ;
#2960 = PLANE ( 'NONE',  #2789 ) ;
#2961 = VERTEX_POINT ( 'NONE', #1277 ) ;
#2962 = DIRECTION ( 'NONE',  ( 1.000000000000000000, -0.000000000000000000, -0.000000000000000000 ) ) ;
#2963 = CARTESIAN_POINT ( 'NONE',  ( 96.00000000000000000, 10.71999999999999886, -92.06000000000000227 ) ) ;
#2964 = EDGE_CURVE ( 'NONE', #2103, #2442, #1851, .T. ) ;
#2965 = DIRECTION ( 'NONE',  ( -0.000000000000000000, -1.000000000000000000, -0.000000000000000000 ) ) ;
#2966 = DIRECTION ( 'NONE',  ( 0.000000000000000000, 0.000000000000000000, -1.000000000000000000 ) ) ;
#2967 = ORIENTED_EDGE ( 'NONE', *, *, #1667, .F. ) ;
#2968 = EDGE_CURVE ( 'NONE', #20, #2276, #2260, .T. ) ;
#2969 = AXIS2_PLACEMENT_3D ( 'NONE', #843, #2932, #2966 ) ;
#2970 = EDGE_LOOP ( 'NONE', ( #3004, #496, #266, #960 ) ) ;
#2971 = CARTESIAN_POINT ( 'NONE',  ( 6.000000000000000000, 6.000000000000000000, -160.5000000000000000 ) ) ;
#2972 = FACE_BOUND ( 'NONE', #1136, .T. ) ;
#2973 = CARTESIAN_POINT ( 'NONE',  ( 96.00000000000000000, 10.71999999999999886, -35.93999999999999773 ) ) ;
#2974 = DIRECTION ( 'NONE',  ( -0.000000000000000000, -1.000000000000000000, -0.000000000000000000 ) ) ;
#2975 = ORIENTED_EDGE ( 'NONE', *, *, #427, .F. ) ;
#2976 = CARTESIAN_POINT ( 'NONE',  ( 99.00000000000000000, 2.000000000000000000, -2.000000000000000000 ) ) ;
#2977 = DIRECTION ( 'NONE',  ( 0.000000000000000000, 0.000000000000000000, -1.000000000000000000 ) ) ;
#2978 = EDGE_LOOP ( 'NONE', ( #1875, #638 ) ) ;
#2979 = CARTESIAN_POINT ( 'NONE',  ( 6.000000000000005329, 0.000000000000000000, -162.2000000000000171 ) ) ;
#2980 = VERTEX_POINT ( 'NONE', #635 ) ;
#2981 = CARTESIAN_POINT ( 'NONE',  ( 104.0000000000000000, 10.72000000000000064, -80.00000000000000000 ) ) ;
#2982 = ORIENTED_EDGE ( 'NONE', *, *, #2731, .T. ) ;
#2983 = EDGE_CURVE ( 'NONE', #116, #1443, #1568, .T. ) ;
#2984 = FACE_OUTER_BOUND ( 'NONE', #2676, .T. ) ;
#2985 = EDGE_CURVE ( 'NONE', #2599, #1107, #1539, .T. ) ;
#2986 = CARTESIAN_POINT ( 'NONE',  ( 58.00000000000000000, 6.000000000000000000, -2.999999999999987121 ) ) ;
#2987 = CARTESIAN_POINT ( 'NONE',  ( 58.00000000000000000, 2.000000000000000000, -7.500000000000000000 ) ) ;
#2988 = ORIENTED_EDGE ( 'NONE', *, *, #2575, .T. ) ;
#2989 = CARTESIAN_POINT ( 'NONE',  ( 104.0000000000000000, 0.000000000000000000, -2.000000000000000000 ) ) ;
#2990 = CIRCLE ( 'NONE', #1645, 1.700000000000000178 ) ;
#2991 = CIRCLE ( 'NONE', #2450, 4.500000000000003553 ) ;
#2992 = DIRECTION ( 'NONE',  ( 0.000000000000000000, 0.000000000000000000, 1.000000000000000000 ) ) ;
#2993 = CIRCLE ( 'NONE', #565, 3.250000000000002665 ) ;
#2994 = CARTESIAN_POINT ( 'NONE',  ( 2.000000000000000000, 2.000000000000000000, -158.4384471871911728 ) ) ;
#2995 = EDGE_LOOP ( 'NONE', ( #2858, #1490, #932, #2742 ) ) ;
#2996 = VECTOR ( 'NONE', #2412, 1000.000000000000000 ) ;
#2997 = DIRECTION ( 'NONE',  ( 0.000000000000000000, -0.000000000000000000, -1.000000000000000000 ) ) ;
#2998 = ORIENTED_EDGE ( 'NONE', *, *, #1424, .F. ) ;
#2999 = CARTESIAN_POINT ( 'NONE',  ( 6.000000000000005329, 0.000000000000000000, -7.500000000000000000 ) ) ;
#3000 = EDGE_CURVE ( 'NONE', #839, #971, #2459, .T. ) ;
#3001 = APPLICATION_CONTEXT ( 'configuration controlled 3d designs of mechanical parts and assemblies' ) ;
#3002 = LINE ( 'NONE', #191, #126 ) ;
#3003 = EDGE_CURVE ( 'NONE', #1058, #1830, #1782, .T. ) ;
#3004 = ORIENTED_EDGE ( 'NONE', *, *, #2770, .F. ) ;
#3005 = DIRECTION ( 'NONE',  ( 0.000000000000000000, 0.000000000000000000, -1.000000000000000000 ) ) ;
#3006 = PERSON_AND_ORGANIZATION ( #951, #566 ) ;
#3007 = PLANE ( 'NONE',  #1036 ) ;
#3008 = ORIENTED_EDGE ( 'NONE', *, *, #2785, .F. ) ;
#3009 = DIRECTION ( 'NONE',  ( 0.000000000000000000, 0.000000000000000000, 1.000000000000000000 ) ) ;
#3010 = ORIENTED_EDGE ( 'NONE', *, *, #2806, .T. ) ;
#3011 = CARTESIAN_POINT ( 'NONE',  ( 99.00000000000000000, 6.000000000000000000, -2.000000000000000000 ) ) ;
#3012 = AXIS2_PLACEMENT_3D ( 'NONE', #625, #1794, #2744 ) ;
#3013 = CARTESIAN_POINT ( 'NONE',  ( 96.00000000000000000, 24.11999999999999744, -155.9399999999999977 ) ) ;
#3014 = DIRECTION ( 'NONE',  ( -0.000000000000000000, -1.000000000000000000, -0.000000000000000000 ) ) ;
#3015 = ORIENTED_EDGE ( 'NONE', *, *, #2185, .F. ) ;
#3016 = CARTESIAN_POINT ( 'NONE',  ( 106.0000000000000000, 24.11999999999999744, -60.06000000000000227 ) ) ;
#3017 = EDGE_CURVE ( 'NONE', #1975, #1676, #2503, .T. ) ;
#3018 = PERSON_AND_ORGANIZATION_ROLE ( 'classification_officer' ) ;
#3019 = DIRECTION ( 'NONE',  ( -0.000000000000000000, -1.000000000000000000, -0.000000000000000000 ) ) ;
#3020 = CARTESIAN_POINT ( 'NONE',  ( 104.0000000000000000, 36.00000000000000711, -100.0600000000000165 ) ) ;
#3021 = ORIENTED_EDGE ( 'NONE', *, *, #720, .T. ) ;
#3022 = CYLINDRICAL_SURFACE ( 'NONE', #666, 4.500000000000003553 ) ;
#3023 = ORIENTED_EDGE ( 'NONE', *, *, #1466, .T. ) ;
#3024 = CARTESIAN_POINT ( 'NONE',  ( 96.00000000000000000, 24.11999999999999744, -107.9400000000000119 ) ) ;
#3025 = DIRECTION ( 'NONE',  ( 0.000000000000000000, 1.000000000000000000, 0.000000000000000000 ) ) ;
#3026 = ORIENTED_EDGE ( 'NONE', *, *, #456, .F. ) ;
#3027 = LINE ( 'NONE', #3016, #2002 ) ;
#3028 = EDGE_CURVE ( 'NONE', #531, #1255, #2238, .T. ) ;
#3029 = EDGE_CURVE ( 'NONE', #816, #915, #2647, .T. ) ;
#3030 = PERSON_AND_ORGANIZATION ( #951, #566 ) ;
#3031 = ORIENTED_EDGE ( 'NONE', *, *, #476, .T. ) ;
#3032 = DIRECTION ( 'NONE',  ( -1.000000000000000000, -0.000000000000000000, -0.000000000000000000 ) ) ;
#3033 = AXIS2_PLACEMENT_3D ( 'NONE', #1744, #2217, #1762 ) ;
#3034 = VECTOR ( 'NONE', #1489, 1000.000000000000000 ) ;
#3035 = EDGE_CURVE ( 'NONE', #624, #1625, #1793, .T. ) ;
#3036 = AXIS2_PLACEMENT_3D ( 'NONE', #753, #1692, #516 ) ;
#3037 = AXIS2_PLACEMENT_3D ( 'NONE', #1288, #1087, #2030 ) ;
#3038 = LINE ( 'NONE', #2556, #2741 ) ;
#3039 = VERTEX_POINT ( 'NONE', #2699 ) ;
#3040 = DIRECTION ( 'NONE',  ( 0.000000000000000000, 0.000000000000000000, -1.000000000000000000 ) ) ;
#3041 = VECTOR ( 'NONE', #2160, 1000.000000000000000 ) ;
#3042 = AXIS2_PLACEMENT_3D ( 'NONE', #945, #706, #523 ) ;
#3043 = DIRECTION ( 'NONE',  ( 8.462065736472229849E-17, 0.000000000000000000, 1.000000000000000000 ) ) ;
#3044 = PLANE ( 'NONE',  #1065 ) ;
#3045 = ORIENTED_EDGE ( 'NONE', *, *, #273, .F. ) ;
#3046 = DIRECTION ( 'NONE',  ( 0.000000000000000000, 1.000000000000000000, 0.000000000000000000 ) ) ;
#3047 = EDGE_LOOP ( 'NONE', ( #1872, #2817, #2988, #87, #1800, #2364, #1897, #311 ) ) ;
#3048 = CARTESIAN_POINT ( 'NONE',  ( 1.999999999999998224, 2.000000000000000000, -162.5615528128088556 ) ) ;
#3049 = EDGE_CURVE ( 'NONE', #730, #361, #1117, .T. ) ;
#3050 = LINE ( 'NONE', #2342, #1359 ) ;
#3051 = VERTEX_POINT ( 'NONE', #2254 ) ;
#3052 = PLANE ( 'NONE',  #1363 ) ;
#3053 = ADVANCED_FACE ( 'NONE', ( #1551 ), #575, .F. ) ;
#3054 = EDGE_LOOP ( 'NONE', ( #1990, #3031, #235, #779 ) ) ;
#3055 = CARTESIAN_POINT ( 'NONE',  ( 57.99999999999999289, 0.02500000000000006384, -160.5000000000000000 ) ) ;
#3056 = CARTESIAN_POINT ( 'NONE',  ( 57.99999999999999289, 0.000000000000000000, -162.2000000000000171 ) ) ;
#3057 = VECTOR ( 'NONE', #814, 1000.000000000000000 ) ;
#3058 = VECTOR ( 'NONE', #2878, 1000.000000000000000 ) ;
#3059 = EDGE_LOOP ( 'NONE', ( #1965, #2826, #2899, #499 ) ) ;
#3060 = DIRECTION ( 'NONE',  ( -1.000000000000000000, 0.000000000000000000, 0.000000000000000000 ) ) ;
#3061 = ORIENTED_EDGE ( 'NONE', *, *, #1581, .T. ) ;
ENDSEC;
END-ISO-10303-21;
