ISO-10303-21;
HEADER;

/* File generated by Shapr3D Version 3.0 */

FILE_DESCRIPTION(('HOOPS Exchange Step'),'2;1');

FILE_NAME('/private/var/mobile/Containers/Data/Application/89EAFF3B-FD6E-48C0-8948-8AF8FE5B2F4F/tmp/export/temp_export',
'2022-05-13T13:14:04+02:00',
('mobile'),
('Shapr3D Limited'),
'HOOPS Exchange 2021.2',
'Shapr3D',
'Authorized');

FILE_SCHEMA( ('AP203_CONFIGURATION_CONTROLLED_3D_DESIGN_OF_MECHANICAL_PARTS_AND_ASSEMBLIES_MIM_LF') );

ENDSEC;

DATA;
#3=(NAMED_UNIT(*)PLANE_ANGLE_UNIT()SI_UNIT($,.RADIAN.));
#4=PLANE_ANGLE_MEASURE_WITH_UNIT(PLANE_ANGLE_MEASURE(0.0174532925),#3);
#5=(CONVERSION_BASED_UNIT('DEGREE',#4)NAMED_UNIT(#6)PLANE_ANGLE_UNIT());
#6=DIMENSIONAL_EXPONENTS(0.,0.,0.,0.,0.,0.,0.);
#7=(NAMED_UNIT(*)SI_UNIT($,.STERADIAN.)SOLID_ANGLE_UNIT());
#8=(LENGTH_UNIT()NAMED_UNIT(*)SI_UNIT(.MILLI.,.METRE.));
#9=UNCERTAINTY_MEASURE_WITH_UNIT(LENGTH_MEASURE(1.000000E-05),#8,'DISTANCE_ACCURACY_VALUE','Maximum Tolerance applied to model');
#10=(GEOMETRIC_REPRESENTATION_CONTEXT(3)GLOBAL_UNCERTAINTY_ASSIGNED_CONTEXT((#9))GLOBAL_UNIT_ASSIGNED_CONTEXT((#8,#5,#7))REPRESENTATION_CONTEXT('','root'));
#12=CARTESIAN_POINT('',(0.,0.,0.));
#13=DIRECTION('',(0.,0.,1.));
#14=DIRECTION('',(1.,0.,0.));
#15=AXIS2_PLACEMENT_3D('',#12,#13,#14);
#27=CARTESIAN_POINT('',(0.,15.35,0.1));
#28=DIRECTION('',(0.,-0.,-1.));
#29=DIRECTION('',(0.,-1.,0.));
#30=AXIS2_PLACEMENT_3D('',#27,#28,#29);
#31=PLANE('',#30);
#32=CARTESIAN_POINT('',(0.,2.31,0.1));
#33=VERTEX_POINT('',#32);
#34=CARTESIAN_POINT('',(0.53,2.31,0.1));
#35=VERTEX_POINT('',#34);
#36=CARTESIAN_POINT('',(0.,2.31,0.1));
#37=DIRECTION('',(1.,0.,-0.));
#38=VECTOR('',#37,0.53);
#39=LINE('',#36,#38);
#40=EDGE_CURVE('',#33,#35,#39,.T.);
#41=ORIENTED_EDGE('',*,*,#40,.F.);
#42=CARTESIAN_POINT('',(0.,1.77,0.1));
#43=VERTEX_POINT('',#42);
#44=CARTESIAN_POINT('',(0.,2.31,0.1));
#45=DIRECTION('',(0.,-1.,0.));
#46=VECTOR('',#45,0.54);
#47=LINE('',#44,#46);
#48=EDGE_CURVE('',#33,#43,#47,.T.);
#49=ORIENTED_EDGE('',*,*,#48,.T.);
#50=CARTESIAN_POINT('',(0.53,1.77,0.1));
#51=VERTEX_POINT('',#50);
#52=CARTESIAN_POINT('',(0.,1.77,0.1));
#53=DIRECTION('',(1.,0.,0.));
#54=VECTOR('',#53,0.53);
#55=LINE('',#52,#54);
#56=EDGE_CURVE('',#43,#51,#55,.T.);
#57=ORIENTED_EDGE('',*,*,#56,.T.);
#58=CARTESIAN_POINT('',(0.53,1.04,0.1));
#59=VERTEX_POINT('',#58);
#60=CARTESIAN_POINT('',(0.53,1.04,0.1));
#61=DIRECTION('',(0.,1.,0.));
#62=VECTOR('',#61,0.73);
#63=LINE('',#60,#62);
#64=EDGE_CURVE('',#59,#51,#63,.T.);
#65=ORIENTED_EDGE('',*,*,#64,.F.);
#66=CARTESIAN_POINT('',(0.,1.04,0.1));
#67=VERTEX_POINT('',#66);
#68=CARTESIAN_POINT('',(0.,1.04,0.1));
#69=DIRECTION('',(1.,-0.,0.));
#70=VECTOR('',#69,0.53);
#71=LINE('',#68,#70);
#72=EDGE_CURVE('',#67,#59,#71,.T.);
#73=ORIENTED_EDGE('',*,*,#72,.F.);
#74=CARTESIAN_POINT('',(0.,0.5,0.1));
#75=VERTEX_POINT('',#74);
#76=CARTESIAN_POINT('',(0.,1.04,0.1));
#77=DIRECTION('',(0.,-1.,0.));
#78=VECTOR('',#77,0.54);
#79=LINE('',#76,#78);
#80=EDGE_CURVE('',#67,#75,#79,.T.);
#81=ORIENTED_EDGE('',*,*,#80,.T.);
#82=CARTESIAN_POINT('',(3.86,0.5,0.1));
#83=VERTEX_POINT('',#82);
#84=CARTESIAN_POINT('',(3.86,0.5,0.1));
#85=DIRECTION('',(-1.,0.,0.));
#86=VECTOR('',#85,3.86);
#87=LINE('',#84,#86);
#88=EDGE_CURVE('',#83,#75,#87,.T.);
#89=ORIENTED_EDGE('',*,*,#88,.F.);
#90=CARTESIAN_POINT('',(3.86,0.,0.1));
#91=VERTEX_POINT('',#90);
#92=CARTESIAN_POINT('',(3.86,0.,0.1));
#93=DIRECTION('',(0.,1.,-0.));
#94=VECTOR('',#93,0.5);
#95=LINE('',#92,#94);
#96=EDGE_CURVE('',#91,#83,#95,.T.);
#97=ORIENTED_EDGE('',*,*,#96,.F.);
#98=CARTESIAN_POINT('',(4.26,0.,0.1));
#99=VERTEX_POINT('',#98);
#100=CARTESIAN_POINT('',(3.86,0.,0.1));
#101=DIRECTION('',(1.,0.,-0.));
#102=VECTOR('',#101,0.4);
#103=LINE('',#100,#102);
#104=EDGE_CURVE('',#91,#99,#103,.T.);
#105=ORIENTED_EDGE('',*,*,#104,.T.);
#106=CARTESIAN_POINT('',(4.26,5.35,0.1));
#107=VERTEX_POINT('',#106);
#108=CARTESIAN_POINT('',(4.26,5.35,0.1));
#109=DIRECTION('',(0.,-1.,0.));
#110=VECTOR('',#109,5.35);
#111=LINE('',#108,#110);
#112=EDGE_CURVE('',#107,#99,#111,.T.);
#113=ORIENTED_EDGE('',*,*,#112,.F.);
#114=CARTESIAN_POINT('',(3.86,5.35,0.1));
#115=VERTEX_POINT('',#114);
#116=CARTESIAN_POINT('',(4.26,5.35,0.1));
#117=DIRECTION('',(-1.,0.,0.));
#118=VECTOR('',#117,0.4);
#119=LINE('',#116,#118);
#120=EDGE_CURVE('',#107,#115,#119,.T.);
#121=ORIENTED_EDGE('',*,*,#120,.T.);
#122=CARTESIAN_POINT('',(3.86,4.85,0.1));
#123=VERTEX_POINT('',#122);
#124=CARTESIAN_POINT('',(3.86,5.35,0.1));
#125=DIRECTION('',(0.,-1.,0.));
#126=VECTOR('',#125,0.5);
#127=LINE('',#124,#126);
#128=EDGE_CURVE('',#115,#123,#127,.T.);
#129=ORIENTED_EDGE('',*,*,#128,.T.);
#130=CARTESIAN_POINT('',(0.,4.85,0.1));
#131=VERTEX_POINT('',#130);
#132=CARTESIAN_POINT('',(3.86,4.85,0.1));
#133=DIRECTION('',(-1.,0.,0.));
#134=VECTOR('',#133,3.86);
#135=LINE('',#132,#134);
#136=EDGE_CURVE('',#123,#131,#135,.T.);
#137=ORIENTED_EDGE('',*,*,#136,.T.);
#138=CARTESIAN_POINT('',(0.,4.31,0.1));
#139=VERTEX_POINT('',#138);
#140=CARTESIAN_POINT('',(0.,4.85,0.1));
#141=DIRECTION('',(0.,-1.,0.));
#142=VECTOR('',#141,0.54);
#143=LINE('',#140,#142);
#144=EDGE_CURVE('',#131,#139,#143,.T.);
#145=ORIENTED_EDGE('',*,*,#144,.T.);
#146=CARTESIAN_POINT('',(0.53,4.31,0.1));
#147=VERTEX_POINT('',#146);
#148=CARTESIAN_POINT('',(0.,4.31,0.1));
#149=DIRECTION('',(1.,0.,-0.));
#150=VECTOR('',#149,0.53);
#151=LINE('',#148,#150);
#152=EDGE_CURVE('',#139,#147,#151,.T.);
#153=ORIENTED_EDGE('',*,*,#152,.T.);
#154=CARTESIAN_POINT('',(0.53,3.58,0.1));
#155=VERTEX_POINT('',#154);
#156=CARTESIAN_POINT('',(0.53,3.58,0.1));
#157=DIRECTION('',(0.,1.,0.));
#158=VECTOR('',#157,0.73);
#159=LINE('',#156,#158);
#160=EDGE_CURVE('',#155,#147,#159,.T.);
#161=ORIENTED_EDGE('',*,*,#160,.F.);
#162=CARTESIAN_POINT('',(0.,3.58,0.1));
#163=VERTEX_POINT('',#162);
#164=CARTESIAN_POINT('',(0.,3.58,0.1));
#165=DIRECTION('',(1.,0.,-0.));
#166=VECTOR('',#165,0.53);
#167=LINE('',#164,#166);
#168=EDGE_CURVE('',#163,#155,#167,.T.);
#169=ORIENTED_EDGE('',*,*,#168,.F.);
#170=CARTESIAN_POINT('',(0.,3.04,0.1));
#171=VERTEX_POINT('',#170);
#172=CARTESIAN_POINT('',(0.,3.58,0.1));
#173=DIRECTION('',(0.,-1.,0.));
#174=VECTOR('',#173,0.54);
#175=LINE('',#172,#174);
#176=EDGE_CURVE('',#163,#171,#175,.T.);
#177=ORIENTED_EDGE('',*,*,#176,.T.);
#178=CARTESIAN_POINT('',(0.53,3.04,0.1));
#179=VERTEX_POINT('',#178);
#180=CARTESIAN_POINT('',(0.,3.04,0.1));
#181=DIRECTION('',(1.,0.,-0.));
#182=VECTOR('',#181,0.53);
#183=LINE('',#180,#182);
#184=EDGE_CURVE('',#171,#179,#183,.T.);
#185=ORIENTED_EDGE('',*,*,#184,.T.);
#186=CARTESIAN_POINT('',(0.53,2.31,0.1));
#187=DIRECTION('',(0.,1.,0.));
#188=VECTOR('',#187,0.73);
#189=LINE('',#186,#188);
#190=EDGE_CURVE('',#35,#179,#189,.T.);
#191=ORIENTED_EDGE('',*,*,#190,.F.);
#192=EDGE_LOOP('',(#41,#49,#57,#65,#73,#81,#89,#97,#105,#113,#121,#129,#137,#145,#153,#161,#169,#177,#185,#191));
#193=FACE_BOUND('',#192,.T.);
#194=ADVANCED_FACE('',(#193),#31,.F.);
#195=CARTESIAN_POINT('',(1.93,4.85,-0.));
#196=DIRECTION('',(0.,1.,-0.));
#197=DIRECTION('',(0.,0.,1.));
#198=AXIS2_PLACEMENT_3D('',#195,#196,#197);
#199=PLANE('',#198);
#200=ORIENTED_EDGE('',*,*,#136,.F.);
#201=CARTESIAN_POINT('',(3.86,4.85,-0.));
#202=VERTEX_POINT('',#201);
#203=CARTESIAN_POINT('',(3.86,4.85,-0.));
#204=DIRECTION('',(0.,0.,1.));
#205=VECTOR('',#204,0.1);
#206=LINE('',#203,#205);
#207=EDGE_CURVE('',#202,#123,#206,.T.);
#208=ORIENTED_EDGE('',*,*,#207,.F.);
#209=CARTESIAN_POINT('',(-0.16,4.85,-0.));
#210=VERTEX_POINT('',#209);
#211=CARTESIAN_POINT('',(3.86,4.85,-0.));
#212=DIRECTION('',(-1.,0.,0.));
#213=VECTOR('',#212,4.02);
#214=LINE('',#211,#213);
#215=EDGE_CURVE('',#202,#210,#214,.T.);
#216=ORIENTED_EDGE('',*,*,#215,.T.);
#217=CARTESIAN_POINT('',(-0.16,4.85,0.35));
#218=VERTEX_POINT('',#217);
#219=CARTESIAN_POINT('',(-0.16,4.85,0.35));
#220=DIRECTION('',(0.,-0.,-1.));
#221=VECTOR('',#220,0.35);
#222=LINE('',#219,#221);
#223=EDGE_CURVE('',#218,#210,#222,.T.);
#224=ORIENTED_EDGE('',*,*,#223,.F.);
#225=CARTESIAN_POINT('',(0.,4.85,0.35));
#226=VERTEX_POINT('',#225);
#227=CARTESIAN_POINT('',(-0.16,4.85,0.35));
#228=DIRECTION('',(1.,0.,-0.));
#229=VECTOR('',#228,0.16);
#230=LINE('',#227,#229);
#231=EDGE_CURVE('',#218,#226,#230,.T.);
#232=ORIENTED_EDGE('',*,*,#231,.T.);
#233=CARTESIAN_POINT('',(0.,4.85,0.35));
#234=DIRECTION('',(0.,-0.,-1.));
#235=VECTOR('',#234,0.25);
#236=LINE('',#233,#235);
#237=EDGE_CURVE('',#226,#131,#236,.T.);
#238=ORIENTED_EDGE('',*,*,#237,.T.);
#239=EDGE_LOOP('',(#200,#208,#216,#224,#232,#238));
#240=FACE_BOUND('',#239,.T.);
#241=ADVANCED_FACE('',(#240),#199,.T.);
#242=CARTESIAN_POINT('',(3.86,5.1,-0.));
#243=DIRECTION('',(-1.,0.,0.));
#244=DIRECTION('',(0.,-0.,-1.));
#245=AXIS2_PLACEMENT_3D('',#242,#243,#244);
#246=PLANE('',#245);
#247=ORIENTED_EDGE('',*,*,#128,.F.);
#248=CARTESIAN_POINT('',(3.86,5.35,0.35));
#249=VERTEX_POINT('',#248);
#250=CARTESIAN_POINT('',(3.86,5.35,0.35));
#251=DIRECTION('',(0.,-0.,-1.));
#252=VECTOR('',#251,0.25);
#253=LINE('',#250,#252);
#254=EDGE_CURVE('',#249,#115,#253,.T.);
#255=ORIENTED_EDGE('',*,*,#254,.F.);
#256=CARTESIAN_POINT('',(3.86,5.58,0.35));
#257=VERTEX_POINT('',#256);
#258=CARTESIAN_POINT('',(3.86,5.35,0.35));
#259=DIRECTION('',(0.,1.,-0.));
#260=VECTOR('',#259,0.23);
#261=LINE('',#258,#260);
#262=EDGE_CURVE('',#249,#257,#261,.T.);
#263=ORIENTED_EDGE('',*,*,#262,.T.);
#264=CARTESIAN_POINT('',(3.86,5.58,-0.));
#265=VERTEX_POINT('',#264);
#266=CARTESIAN_POINT('',(3.86,5.58,0.35));
#267=DIRECTION('',(0.,-0.,-1.));
#268=VECTOR('',#267,0.35);
#269=LINE('',#266,#268);
#270=EDGE_CURVE('',#257,#265,#269,.T.);
#271=ORIENTED_EDGE('',*,*,#270,.T.);
#272=CARTESIAN_POINT('',(3.86,5.58,-0.));
#273=DIRECTION('',(0.,-1.,0.));
#274=VECTOR('',#273,0.73);
#275=LINE('',#272,#274);
#276=EDGE_CURVE('',#265,#202,#275,.T.);
#277=ORIENTED_EDGE('',*,*,#276,.T.);
#278=ORIENTED_EDGE('',*,*,#207,.T.);
#279=EDGE_LOOP('',(#247,#255,#263,#271,#277,#278));
#280=FACE_BOUND('',#279,.T.);
#281=ADVANCED_FACE('',(#280),#246,.T.);
#282=CARTESIAN_POINT('',(4.26,2.675,0.));
#283=DIRECTION('',(-1.,0.,0.));
#284=DIRECTION('',(0.,-0.,-1.));
#285=AXIS2_PLACEMENT_3D('',#282,#283,#284);
#286=PLANE('',#285);
#287=ORIENTED_EDGE('',*,*,#112,.T.);
#288=CARTESIAN_POINT('',(4.26,0.,0.35));
#289=VERTEX_POINT('',#288);
#290=CARTESIAN_POINT('',(4.26,0.,0.35));
#291=DIRECTION('',(0.,-0.,-1.));
#292=VECTOR('',#291,0.25);
#293=LINE('',#290,#292);
#294=EDGE_CURVE('',#289,#99,#293,.T.);
#295=ORIENTED_EDGE('',*,*,#294,.F.);
#296=CARTESIAN_POINT('',(4.26,-0.23,0.35));
#297=VERTEX_POINT('',#296);
#298=CARTESIAN_POINT('',(4.26,-0.23,0.35));
#299=DIRECTION('',(0.,1.,-0.));
#300=VECTOR('',#299,0.23);
#301=LINE('',#298,#300);
#302=EDGE_CURVE('',#297,#289,#301,.T.);
#303=ORIENTED_EDGE('',*,*,#302,.F.);
#304=CARTESIAN_POINT('',(4.26,-0.23,0.));
#305=VERTEX_POINT('',#304);
#306=CARTESIAN_POINT('',(4.26,-0.23,0.35));
#307=DIRECTION('',(0.,-0.,-1.));
#308=VECTOR('',#307,0.35);
#309=LINE('',#306,#308);
#310=EDGE_CURVE('',#297,#305,#309,.T.);
#311=ORIENTED_EDGE('',*,*,#310,.T.);
#312=CARTESIAN_POINT('',(4.26,5.58,-0.));
#313=VERTEX_POINT('',#312);
#314=CARTESIAN_POINT('',(4.26,5.58,-0.));
#315=DIRECTION('',(0.,-1.,0.));
#316=VECTOR('',#315,5.81);
#317=LINE('',#314,#316);
#318=EDGE_CURVE('',#313,#305,#317,.T.);
#319=ORIENTED_EDGE('',*,*,#318,.F.);
#320=CARTESIAN_POINT('',(4.26,5.58,0.35));
#321=VERTEX_POINT('',#320);
#322=CARTESIAN_POINT('',(4.26,5.58,0.35));
#323=DIRECTION('',(0.,-0.,-1.));
#324=VECTOR('',#323,0.35);
#325=LINE('',#322,#324);
#326=EDGE_CURVE('',#321,#313,#325,.T.);
#327=ORIENTED_EDGE('',*,*,#326,.F.);
#328=CARTESIAN_POINT('',(4.26,5.35,0.35));
#329=VERTEX_POINT('',#328);
#330=CARTESIAN_POINT('',(4.26,5.35,0.35));
#331=DIRECTION('',(0.,1.,-0.));
#332=VECTOR('',#331,0.23);
#333=LINE('',#330,#332);
#334=EDGE_CURVE('',#329,#321,#333,.T.);
#335=ORIENTED_EDGE('',*,*,#334,.F.);
#336=CARTESIAN_POINT('',(4.26,5.35,0.35));
#337=DIRECTION('',(0.,-0.,-1.));
#338=VECTOR('',#337,0.25);
#339=LINE('',#336,#338);
#340=EDGE_CURVE('',#329,#107,#339,.T.);
#341=ORIENTED_EDGE('',*,*,#340,.T.);
#342=EDGE_LOOP('',(#287,#295,#303,#311,#319,#327,#335,#341));
#343=FACE_BOUND('',#342,.T.);
#344=ADVANCED_FACE('',(#343),#286,.F.);
#345=CARTESIAN_POINT('',(3.86,0.25,0.));
#346=DIRECTION('',(1.,0.,0.));
#347=DIRECTION('',(0.,0.,1.));
#348=AXIS2_PLACEMENT_3D('',#345,#346,#347);
#349=PLANE('',#348);
#350=ORIENTED_EDGE('',*,*,#96,.T.);
#351=CARTESIAN_POINT('',(3.86,0.5,0.));
#352=VERTEX_POINT('',#351);
#353=CARTESIAN_POINT('',(3.86,0.5,0.));
#354=DIRECTION('',(0.,0.,1.));
#355=VECTOR('',#354,0.1);
#356=LINE('',#353,#355);
#357=EDGE_CURVE('',#352,#83,#356,.T.);
#358=ORIENTED_EDGE('',*,*,#357,.F.);
#359=CARTESIAN_POINT('',(3.86,-0.23,0.));
#360=VERTEX_POINT('',#359);
#361=CARTESIAN_POINT('',(3.86,-0.23,0.));
#362=DIRECTION('',(0.,1.,-0.));
#363=VECTOR('',#362,0.73);
#364=LINE('',#361,#363);
#365=EDGE_CURVE('',#360,#352,#364,.T.);
#366=ORIENTED_EDGE('',*,*,#365,.F.);
#367=CARTESIAN_POINT('',(3.86,-0.23,0.35));
#368=VERTEX_POINT('',#367);
#369=CARTESIAN_POINT('',(3.86,-0.23,0.35));
#370=DIRECTION('',(0.,-0.,-1.));
#371=VECTOR('',#370,0.35);
#372=LINE('',#369,#371);
#373=EDGE_CURVE('',#368,#360,#372,.T.);
#374=ORIENTED_EDGE('',*,*,#373,.F.);
#375=CARTESIAN_POINT('',(3.86,0.,0.35));
#376=VERTEX_POINT('',#375);
#377=CARTESIAN_POINT('',(3.86,-0.23,0.35));
#378=DIRECTION('',(0.,1.,-0.));
#379=VECTOR('',#378,0.23);
#380=LINE('',#377,#379);
#381=EDGE_CURVE('',#368,#376,#380,.T.);
#382=ORIENTED_EDGE('',*,*,#381,.T.);
#383=CARTESIAN_POINT('',(3.86,0.,0.35));
#384=DIRECTION('',(0.,-0.,-1.));
#385=VECTOR('',#384,0.25);
#386=LINE('',#383,#385);
#387=EDGE_CURVE('',#376,#91,#386,.T.);
#388=ORIENTED_EDGE('',*,*,#387,.T.);
#389=EDGE_LOOP('',(#350,#358,#366,#374,#382,#388));
#390=FACE_BOUND('',#389,.T.);
#391=ADVANCED_FACE('',(#390),#349,.F.);
#392=CARTESIAN_POINT('',(1.93,0.5,0.));
#393=DIRECTION('',(0.,1.,-0.));
#394=DIRECTION('',(0.,0.,1.));
#395=AXIS2_PLACEMENT_3D('',#392,#393,#394);
#396=PLANE('',#395);
#397=ORIENTED_EDGE('',*,*,#88,.T.);
#398=CARTESIAN_POINT('',(0.,0.5,0.35));
#399=VERTEX_POINT('',#398);
#400=CARTESIAN_POINT('',(0.,0.5,0.35));
#401=DIRECTION('',(0.,-0.,-1.));
#402=VECTOR('',#401,0.25);
#403=LINE('',#400,#402);
#404=EDGE_CURVE('',#399,#75,#403,.T.);
#405=ORIENTED_EDGE('',*,*,#404,.F.);
#406=CARTESIAN_POINT('',(-0.16,0.5,0.35));
#407=VERTEX_POINT('',#406);
#408=CARTESIAN_POINT('',(0.,0.5,0.35));
#409=DIRECTION('',(-1.,0.,0.));
#410=VECTOR('',#409,0.16);
#411=LINE('',#408,#410);
#412=EDGE_CURVE('',#399,#407,#411,.T.);
#413=ORIENTED_EDGE('',*,*,#412,.T.);
#414=CARTESIAN_POINT('',(-0.16,0.5,0.));
#415=VERTEX_POINT('',#414);
#416=CARTESIAN_POINT('',(-0.16,0.5,0.35));
#417=DIRECTION('',(0.,-0.,-1.));
#418=VECTOR('',#417,0.35);
#419=LINE('',#416,#418);
#420=EDGE_CURVE('',#407,#415,#419,.T.);
#421=ORIENTED_EDGE('',*,*,#420,.T.);
#422=CARTESIAN_POINT('',(3.86,0.5,0.));
#423=DIRECTION('',(-1.,0.,0.));
#424=VECTOR('',#423,4.02);
#425=LINE('',#422,#424);
#426=EDGE_CURVE('',#352,#415,#425,.T.);
#427=ORIENTED_EDGE('',*,*,#426,.F.);
#428=ORIENTED_EDGE('',*,*,#357,.T.);
#429=EDGE_LOOP('',(#397,#405,#413,#421,#427,#428));
#430=FACE_BOUND('',#429,.T.);
#431=ADVANCED_FACE('',(#430),#396,.F.);
#432=CARTESIAN_POINT('',(0.,15.35,-0.));
#433=DIRECTION('',(0.,-0.,-1.));
#434=DIRECTION('',(0.,-1.,0.));
#435=AXIS2_PLACEMENT_3D('',#432,#433,#434);
#436=PLANE('',#435);
#437=CARTESIAN_POINT('',(0.53,1.04,0.));
#438=VERTEX_POINT('',#437);
#439=CARTESIAN_POINT('',(0.53,1.77,0.));
#440=VERTEX_POINT('',#439);
#441=CARTESIAN_POINT('',(0.53,1.04,0.));
#442=DIRECTION('',(0.,1.,0.));
#443=VECTOR('',#442,0.73);
#444=LINE('',#441,#443);
#445=EDGE_CURVE('',#438,#440,#444,.T.);
#446=ORIENTED_EDGE('',*,*,#445,.T.);
#447=CARTESIAN_POINT('',(-0.16,1.77,0.));
#448=VERTEX_POINT('',#447);
#449=CARTESIAN_POINT('',(0.53,1.77,0.));
#450=DIRECTION('',(-1.,0.,0.));
#451=VECTOR('',#450,0.69);
#452=LINE('',#449,#451);
#453=EDGE_CURVE('',#440,#448,#452,.T.);
#454=ORIENTED_EDGE('',*,*,#453,.T.);
#455=CARTESIAN_POINT('',(-0.16,2.31,0.));
#456=VERTEX_POINT('',#455);
#457=CARTESIAN_POINT('',(-0.16,1.77,0.));
#458=DIRECTION('',(0.,1.,-0.));
#459=VECTOR('',#458,0.54);
#460=LINE('',#457,#459);
#461=EDGE_CURVE('',#448,#456,#460,.T.);
#462=ORIENTED_EDGE('',*,*,#461,.T.);
#463=CARTESIAN_POINT('',(0.53,2.31,0.));
#464=VERTEX_POINT('',#463);
#465=CARTESIAN_POINT('',(-0.16,2.31,0.));
#466=DIRECTION('',(1.,0.,-0.));
#467=VECTOR('',#466,0.69);
#468=LINE('',#465,#467);
#469=EDGE_CURVE('',#456,#464,#468,.T.);
#470=ORIENTED_EDGE('',*,*,#469,.T.);
#471=CARTESIAN_POINT('',(0.53,3.04,0.));
#472=VERTEX_POINT('',#471);
#473=CARTESIAN_POINT('',(0.53,2.31,0.));
#474=DIRECTION('',(0.,1.,0.));
#475=VECTOR('',#474,0.73);
#476=LINE('',#473,#475);
#477=EDGE_CURVE('',#464,#472,#476,.T.);
#478=ORIENTED_EDGE('',*,*,#477,.T.);
#479=CARTESIAN_POINT('',(-0.16,3.04,-0.));
#480=VERTEX_POINT('',#479);
#481=CARTESIAN_POINT('',(0.53,3.04,-0.));
#482=DIRECTION('',(-1.,0.,0.));
#483=VECTOR('',#482,0.69);
#484=LINE('',#481,#483);
#485=EDGE_CURVE('',#472,#480,#484,.T.);
#486=ORIENTED_EDGE('',*,*,#485,.T.);
#487=CARTESIAN_POINT('',(-0.16,3.58,-0.));
#488=VERTEX_POINT('',#487);
#489=CARTESIAN_POINT('',(-0.16,3.04,-0.));
#490=DIRECTION('',(0.,1.,-0.));
#491=VECTOR('',#490,0.54);
#492=LINE('',#489,#491);
#493=EDGE_CURVE('',#480,#488,#492,.T.);
#494=ORIENTED_EDGE('',*,*,#493,.T.);
#495=CARTESIAN_POINT('',(0.53,3.58,0.));
#496=VERTEX_POINT('',#495);
#497=CARTESIAN_POINT('',(-0.16,3.58,-0.));
#498=DIRECTION('',(1.,0.,-0.));
#499=VECTOR('',#498,0.69);
#500=LINE('',#497,#499);
#501=EDGE_CURVE('',#488,#496,#500,.T.);
#502=ORIENTED_EDGE('',*,*,#501,.T.);
#503=CARTESIAN_POINT('',(0.53,4.31,0.));
#504=VERTEX_POINT('',#503);
#505=CARTESIAN_POINT('',(0.53,3.58,0.));
#506=DIRECTION('',(0.,1.,0.));
#507=VECTOR('',#506,0.73);
#508=LINE('',#505,#507);
#509=EDGE_CURVE('',#496,#504,#508,.T.);
#510=ORIENTED_EDGE('',*,*,#509,.T.);
#511=CARTESIAN_POINT('',(-0.16,4.31,-0.));
#512=VERTEX_POINT('',#511);
#513=CARTESIAN_POINT('',(0.53,4.31,-0.));
#514=DIRECTION('',(-1.,0.,0.));
#515=VECTOR('',#514,0.69);
#516=LINE('',#513,#515);
#517=EDGE_CURVE('',#504,#512,#516,.T.);
#518=ORIENTED_EDGE('',*,*,#517,.T.);
#519=CARTESIAN_POINT('',(-0.16,4.31,-0.));
#520=DIRECTION('',(0.,1.,-0.));
#521=VECTOR('',#520,0.54);
#522=LINE('',#519,#521);
#523=EDGE_CURVE('',#512,#210,#522,.T.);
#524=ORIENTED_EDGE('',*,*,#523,.T.);
#525=ORIENTED_EDGE('',*,*,#215,.F.);
#526=ORIENTED_EDGE('',*,*,#276,.F.);
#527=CARTESIAN_POINT('',(3.86,5.58,-0.));
#528=DIRECTION('',(1.,-0.,0.));
#529=VECTOR('',#528,0.4);
#530=LINE('',#527,#529);
#531=EDGE_CURVE('',#265,#313,#530,.T.);
#532=ORIENTED_EDGE('',*,*,#531,.T.);
#533=ORIENTED_EDGE('',*,*,#318,.T.);
#534=CARTESIAN_POINT('',(4.26,-0.23,0.));
#535=DIRECTION('',(-1.,0.,0.));
#536=VECTOR('',#535,0.4);
#537=LINE('',#534,#536);
#538=EDGE_CURVE('',#305,#360,#537,.T.);
#539=ORIENTED_EDGE('',*,*,#538,.T.);
#540=ORIENTED_EDGE('',*,*,#365,.T.);
#541=ORIENTED_EDGE('',*,*,#426,.T.);
#542=CARTESIAN_POINT('',(-0.16,1.04,0.));
#543=VERTEX_POINT('',#542);
#544=CARTESIAN_POINT('',(-0.16,0.5,0.));
#545=DIRECTION('',(0.,1.,-0.));
#546=VECTOR('',#545,0.54);
#547=LINE('',#544,#546);
#548=EDGE_CURVE('',#415,#543,#547,.T.);
#549=ORIENTED_EDGE('',*,*,#548,.T.);
#550=CARTESIAN_POINT('',(-0.16,1.04,0.));
#551=DIRECTION('',(1.,0.,-0.));
#552=VECTOR('',#551,0.69);
#553=LINE('',#550,#552);
#554=EDGE_CURVE('',#543,#438,#553,.T.);
#555=ORIENTED_EDGE('',*,*,#554,.T.);
#556=EDGE_LOOP('',(#446,#454,#462,#470,#478,#486,#494,#502,#510,#518,#524,#525,#526,#532,#533,#539,#540,#541,#549,#555));
#557=FACE_BOUND('',#556,.T.);
#558=ADVANCED_FACE('',(#557),#436,.T.);
#559=CARTESIAN_POINT('',(0.,5.35,0.35));
#560=DIRECTION('',(0.,-1.,0.));
#561=DIRECTION('',(0.,-0.,-1.));
#562=AXIS2_PLACEMENT_3D('',#559,#560,#561);
#563=PLANE('',#562);
#564=ORIENTED_EDGE('',*,*,#120,.F.);
#565=ORIENTED_EDGE('',*,*,#340,.F.);
#566=CARTESIAN_POINT('',(4.26,5.35,0.35));
#567=DIRECTION('',(-1.,0.,0.));
#568=VECTOR('',#567,0.4);
#569=LINE('',#566,#568);
#570=EDGE_CURVE('',#329,#249,#569,.T.);
#571=ORIENTED_EDGE('',*,*,#570,.T.);
#572=ORIENTED_EDGE('',*,*,#254,.T.);
#573=EDGE_LOOP('',(#564,#565,#571,#572));
#574=FACE_BOUND('',#573,.T.);
#575=ADVANCED_FACE('',(#574),#563,.T.);
#576=CARTESIAN_POINT('',(4.06,5.58,0.35));
#577=DIRECTION('',(0.,1.,-0.));
#578=DIRECTION('',(1.,-0.,0.));
#579=AXIS2_PLACEMENT_3D('',#576,#577,#578);
#580=PLANE('',#579);
#581=ORIENTED_EDGE('',*,*,#531,.F.);
#582=ORIENTED_EDGE('',*,*,#270,.F.);
#583=CARTESIAN_POINT('',(3.86,5.58,0.35));
#584=DIRECTION('',(1.,-0.,0.));
#585=VECTOR('',#584,0.4);
#586=LINE('',#583,#585);
#587=EDGE_CURVE('',#257,#321,#586,.T.);
#588=ORIENTED_EDGE('',*,*,#587,.T.);
#589=ORIENTED_EDGE('',*,*,#326,.T.);
#590=EDGE_LOOP('',(#581,#582,#588,#589));
#591=FACE_BOUND('',#590,.T.);
#592=ADVANCED_FACE('',(#591),#580,.T.);
#593=CARTESIAN_POINT('',(0.,5.35,0.35));
#594=DIRECTION('',(0.,-0.,-1.));
#595=DIRECTION('',(0.,-1.,0.));
#596=AXIS2_PLACEMENT_3D('',#593,#594,#595);
#597=PLANE('',#596);
#598=ORIENTED_EDGE('',*,*,#334,.T.);
#599=ORIENTED_EDGE('',*,*,#587,.F.);
#600=ORIENTED_EDGE('',*,*,#262,.F.);
#601=ORIENTED_EDGE('',*,*,#570,.F.);
#602=EDGE_LOOP('',(#598,#599,#600,#601));
#603=FACE_BOUND('',#602,.T.);
#604=ADVANCED_FACE('',(#603),#597,.F.);
#605=CARTESIAN_POINT('',(3.05,0.,0.35));
#606=DIRECTION('',(0.,1.,-0.));
#607=DIRECTION('',(0.,0.,1.));
#608=AXIS2_PLACEMENT_3D('',#605,#606,#607);
#609=PLANE('',#608);
#610=ORIENTED_EDGE('',*,*,#104,.F.);
#611=ORIENTED_EDGE('',*,*,#387,.F.);
#612=CARTESIAN_POINT('',(3.86,0.,0.35));
#613=DIRECTION('',(1.,0.,-0.));
#614=VECTOR('',#613,0.4);
#615=LINE('',#612,#614);
#616=EDGE_CURVE('',#376,#289,#615,.T.);
#617=ORIENTED_EDGE('',*,*,#616,.T.);
#618=ORIENTED_EDGE('',*,*,#294,.T.);
#619=EDGE_LOOP('',(#610,#611,#617,#618));
#620=FACE_BOUND('',#619,.T.);
#621=ADVANCED_FACE('',(#620),#609,.T.);
#622=CARTESIAN_POINT('',(4.06,-0.23,0.35));
#623=DIRECTION('',(0.,-1.,0.));
#624=DIRECTION('',(0.,-0.,-1.));
#625=AXIS2_PLACEMENT_3D('',#622,#623,#624);
#626=PLANE('',#625);
#627=ORIENTED_EDGE('',*,*,#538,.F.);
#628=ORIENTED_EDGE('',*,*,#310,.F.);
#629=CARTESIAN_POINT('',(4.26,-0.23,0.35));
#630=DIRECTION('',(-1.,0.,0.));
#631=VECTOR('',#630,0.4);
#632=LINE('',#629,#631);
#633=EDGE_CURVE('',#297,#368,#632,.T.);
#634=ORIENTED_EDGE('',*,*,#633,.T.);
#635=ORIENTED_EDGE('',*,*,#373,.T.);
#636=EDGE_LOOP('',(#627,#628,#634,#635));
#637=FACE_BOUND('',#636,.T.);
#638=ADVANCED_FACE('',(#637),#626,.T.);
#639=CARTESIAN_POINT('',(0.,5.35,0.35));
#640=DIRECTION('',(0.,-0.,-1.));
#641=DIRECTION('',(0.,-1.,0.));
#642=AXIS2_PLACEMENT_3D('',#639,#640,#641);
#643=PLANE('',#642);
#644=ORIENTED_EDGE('',*,*,#302,.T.);
#645=ORIENTED_EDGE('',*,*,#616,.F.);
#646=ORIENTED_EDGE('',*,*,#381,.F.);
#647=ORIENTED_EDGE('',*,*,#633,.F.);
#648=EDGE_LOOP('',(#644,#645,#646,#647));
#649=FACE_BOUND('',#648,.T.);
#650=ADVANCED_FACE('',(#649),#643,.F.);
#651=CARTESIAN_POINT('',(0.,5.35,0.35));
#652=DIRECTION('',(-1.,0.,0.));
#653=DIRECTION('',(0.,-0.,-1.));
#654=AXIS2_PLACEMENT_3D('',#651,#652,#653);
#655=PLANE('',#654);
#656=ORIENTED_EDGE('',*,*,#80,.F.);
#657=CARTESIAN_POINT('',(0.,1.04,0.35));
#658=VERTEX_POINT('',#657);
#659=CARTESIAN_POINT('',(0.,1.04,0.35));
#660=DIRECTION('',(0.,-0.,-1.));
#661=VECTOR('',#660,0.25);
#662=LINE('',#659,#661);
#663=EDGE_CURVE('',#658,#67,#662,.T.);
#664=ORIENTED_EDGE('',*,*,#663,.F.);
#665=CARTESIAN_POINT('',(0.,0.5,0.35));
#666=DIRECTION('',(-0.,1.,-0.));
#667=VECTOR('',#666,0.54);
#668=LINE('',#665,#667);
#669=EDGE_CURVE('',#399,#658,#668,.T.);
#670=ORIENTED_EDGE('',*,*,#669,.F.);
#671=ORIENTED_EDGE('',*,*,#404,.T.);
#672=EDGE_LOOP('',(#656,#664,#670,#671));
#673=FACE_BOUND('',#672,.T.);
#674=ADVANCED_FACE('',(#673),#655,.F.);
#675=CARTESIAN_POINT('',(-0.16,0.77,0.35));
#676=DIRECTION('',(-1.,0.,-0.));
#677=DIRECTION('',(0.,1.,-0.));
#678=AXIS2_PLACEMENT_3D('',#675,#676,#677);
#679=PLANE('',#678);
#680=ORIENTED_EDGE('',*,*,#548,.F.);
#681=ORIENTED_EDGE('',*,*,#420,.F.);
#682=CARTESIAN_POINT('',(-0.16,1.04,0.35));
#683=VERTEX_POINT('',#682);
#684=CARTESIAN_POINT('',(-0.16,0.5,0.35));
#685=DIRECTION('',(0.,1.,-0.));
#686=VECTOR('',#685,0.54);
#687=LINE('',#684,#686);
#688=EDGE_CURVE('',#407,#683,#687,.T.);
#689=ORIENTED_EDGE('',*,*,#688,.T.);
#690=CARTESIAN_POINT('',(-0.16,1.04,0.35));
#691=DIRECTION('',(0.,-0.,-1.));
#692=VECTOR('',#691,0.35);
#693=LINE('',#690,#692);
#694=EDGE_CURVE('',#683,#543,#693,.T.);
#695=ORIENTED_EDGE('',*,*,#694,.T.);
#696=EDGE_LOOP('',(#680,#681,#689,#695));
#697=FACE_BOUND('',#696,.T.);
#698=ADVANCED_FACE('',(#697),#679,.T.);
#699=CARTESIAN_POINT('',(-0.08,1.04,0.35));
#700=DIRECTION('',(0.,1.,-0.));
#701=DIRECTION('',(0.,0.,1.));
#702=AXIS2_PLACEMENT_3D('',#699,#700,#701);
#703=PLANE('',#702);
#704=ORIENTED_EDGE('',*,*,#554,.F.);
#705=ORIENTED_EDGE('',*,*,#694,.F.);
#706=CARTESIAN_POINT('',(-0.16,1.04,0.35));
#707=DIRECTION('',(1.,0.,-0.));
#708=VECTOR('',#707,0.16);
#709=LINE('',#706,#708);
#710=EDGE_CURVE('',#683,#658,#709,.T.);
#711=ORIENTED_EDGE('',*,*,#710,.T.);
#712=ORIENTED_EDGE('',*,*,#663,.T.);
#713=ORIENTED_EDGE('',*,*,#72,.T.);
#714=CARTESIAN_POINT('',(0.53,1.04,0.1));
#715=DIRECTION('',(0.,0.,-1.));
#716=VECTOR('',#715,0.1);
#717=LINE('',#714,#716);
#718=EDGE_CURVE('',#59,#438,#717,.T.);
#719=ORIENTED_EDGE('',*,*,#718,.T.);
#720=EDGE_LOOP('',(#704,#705,#711,#712,#713,#719));
#721=FACE_BOUND('',#720,.T.);
#722=ADVANCED_FACE('',(#721),#703,.T.);
#723=CARTESIAN_POINT('',(0.,5.35,0.35));
#724=DIRECTION('',(0.,-0.,-1.));
#725=DIRECTION('',(0.,-1.,0.));
#726=AXIS2_PLACEMENT_3D('',#723,#724,#725);
#727=PLANE('',#726);
#728=ORIENTED_EDGE('',*,*,#669,.T.);
#729=ORIENTED_EDGE('',*,*,#710,.F.);
#730=ORIENTED_EDGE('',*,*,#688,.F.);
#731=ORIENTED_EDGE('',*,*,#412,.F.);
#732=EDGE_LOOP('',(#728,#729,#730,#731));
#733=FACE_BOUND('',#732,.T.);
#734=ADVANCED_FACE('',(#733),#727,.F.);
#735=CARTESIAN_POINT('',(0.,5.35,0.35));
#736=DIRECTION('',(-1.,0.,0.));
#737=DIRECTION('',(0.,-0.,-1.));
#738=AXIS2_PLACEMENT_3D('',#735,#736,#737);
#739=PLANE('',#738);
#740=ORIENTED_EDGE('',*,*,#176,.F.);
#741=CARTESIAN_POINT('',(0.,3.58,0.35));
#742=VERTEX_POINT('',#741);
#743=CARTESIAN_POINT('',(0.,3.58,0.35));
#744=DIRECTION('',(0.,-0.,-1.));
#745=VECTOR('',#744,0.25);
#746=LINE('',#743,#745);
#747=EDGE_CURVE('',#742,#163,#746,.T.);
#748=ORIENTED_EDGE('',*,*,#747,.F.);
#749=CARTESIAN_POINT('',(0.,3.04,0.35));
#750=VERTEX_POINT('',#749);
#751=CARTESIAN_POINT('',(0.,3.04,0.35));
#752=DIRECTION('',(-0.,1.,-0.));
#753=VECTOR('',#752,0.54);
#754=LINE('',#751,#753);
#755=EDGE_CURVE('',#750,#742,#754,.T.);
#756=ORIENTED_EDGE('',*,*,#755,.F.);
#757=CARTESIAN_POINT('',(0.,3.04,0.35));
#758=DIRECTION('',(0.,-0.,-1.));
#759=VECTOR('',#758,0.25);
#760=LINE('',#757,#759);
#761=EDGE_CURVE('',#750,#171,#760,.T.);
#762=ORIENTED_EDGE('',*,*,#761,.T.);
#763=EDGE_LOOP('',(#740,#748,#756,#762));
#764=FACE_BOUND('',#763,.T.);
#765=ADVANCED_FACE('',(#764),#739,.F.);
#766=CARTESIAN_POINT('',(-0.08,3.04,0.35));
#767=DIRECTION('',(0.,-1.,0.));
#768=DIRECTION('',(0.,-0.,-1.));
#769=AXIS2_PLACEMENT_3D('',#766,#767,#768);
#770=PLANE('',#769);
#771=ORIENTED_EDGE('',*,*,#485,.F.);
#772=CARTESIAN_POINT('',(0.53,3.04,0.1));
#773=DIRECTION('',(0.,0.,-1.));
#774=VECTOR('',#773,0.1);
#775=LINE('',#772,#774);
#776=EDGE_CURVE('',#179,#472,#775,.T.);
#777=ORIENTED_EDGE('',*,*,#776,.F.);
#778=ORIENTED_EDGE('',*,*,#184,.F.);
#779=ORIENTED_EDGE('',*,*,#761,.F.);
#780=CARTESIAN_POINT('',(-0.16,3.04,0.35));
#781=VERTEX_POINT('',#780);
#782=CARTESIAN_POINT('',(0.,3.04,0.35));
#783=DIRECTION('',(-1.,0.,0.));
#784=VECTOR('',#783,0.16);
#785=LINE('',#782,#784);
#786=EDGE_CURVE('',#750,#781,#785,.T.);
#787=ORIENTED_EDGE('',*,*,#786,.T.);
#788=CARTESIAN_POINT('',(-0.16,3.04,0.35));
#789=DIRECTION('',(0.,-0.,-1.));
#790=VECTOR('',#789,0.35);
#791=LINE('',#788,#790);
#792=EDGE_CURVE('',#781,#480,#791,.T.);
#793=ORIENTED_EDGE('',*,*,#792,.T.);
#794=EDGE_LOOP('',(#771,#777,#778,#779,#787,#793));
#795=FACE_BOUND('',#794,.T.);
#796=ADVANCED_FACE('',(#795),#770,.T.);
#797=CARTESIAN_POINT('',(-0.16,3.31,0.35));
#798=DIRECTION('',(-1.,0.,-0.));
#799=DIRECTION('',(0.,1.,-0.));
#800=AXIS2_PLACEMENT_3D('',#797,#798,#799);
#801=PLANE('',#800);
#802=ORIENTED_EDGE('',*,*,#493,.F.);
#803=ORIENTED_EDGE('',*,*,#792,.F.);
#804=CARTESIAN_POINT('',(-0.16,3.58,0.35));
#805=VERTEX_POINT('',#804);
#806=CARTESIAN_POINT('',(-0.16,3.04,0.35));
#807=DIRECTION('',(0.,1.,-0.));
#808=VECTOR('',#807,0.54);
#809=LINE('',#806,#808);
#810=EDGE_CURVE('',#781,#805,#809,.T.);
#811=ORIENTED_EDGE('',*,*,#810,.T.);
#812=CARTESIAN_POINT('',(-0.16,3.58,0.35));
#813=DIRECTION('',(0.,-0.,-1.));
#814=VECTOR('',#813,0.35);
#815=LINE('',#812,#814);
#816=EDGE_CURVE('',#805,#488,#815,.T.);
#817=ORIENTED_EDGE('',*,*,#816,.T.);
#818=EDGE_LOOP('',(#802,#803,#811,#817));
#819=FACE_BOUND('',#818,.T.);
#820=ADVANCED_FACE('',(#819),#801,.T.);
#821=CARTESIAN_POINT('',(-0.08,3.58,0.35));
#822=DIRECTION('',(0.,1.,-0.));
#823=DIRECTION('',(0.,0.,1.));
#824=AXIS2_PLACEMENT_3D('',#821,#822,#823);
#825=PLANE('',#824);
#826=ORIENTED_EDGE('',*,*,#501,.F.);
#827=ORIENTED_EDGE('',*,*,#816,.F.);
#828=CARTESIAN_POINT('',(-0.16,3.58,0.35));
#829=DIRECTION('',(1.,0.,-0.));
#830=VECTOR('',#829,0.16);
#831=LINE('',#828,#830);
#832=EDGE_CURVE('',#805,#742,#831,.T.);
#833=ORIENTED_EDGE('',*,*,#832,.T.);
#834=ORIENTED_EDGE('',*,*,#747,.T.);
#835=ORIENTED_EDGE('',*,*,#168,.T.);
#836=CARTESIAN_POINT('',(0.53,3.58,0.1));
#837=DIRECTION('',(0.,0.,-1.));
#838=VECTOR('',#837,0.1);
#839=LINE('',#836,#838);
#840=EDGE_CURVE('',#155,#496,#839,.T.);
#841=ORIENTED_EDGE('',*,*,#840,.T.);
#842=EDGE_LOOP('',(#826,#827,#833,#834,#835,#841));
#843=FACE_BOUND('',#842,.T.);
#844=ADVANCED_FACE('',(#843),#825,.T.);
#845=CARTESIAN_POINT('',(0.,5.35,0.35));
#846=DIRECTION('',(0.,-0.,-1.));
#847=DIRECTION('',(0.,-1.,0.));
#848=AXIS2_PLACEMENT_3D('',#845,#846,#847);
#849=PLANE('',#848);
#850=ORIENTED_EDGE('',*,*,#755,.T.);
#851=ORIENTED_EDGE('',*,*,#832,.F.);
#852=ORIENTED_EDGE('',*,*,#810,.F.);
#853=ORIENTED_EDGE('',*,*,#786,.F.);
#854=EDGE_LOOP('',(#850,#851,#852,#853));
#855=FACE_BOUND('',#854,.T.);
#856=ADVANCED_FACE('',(#855),#849,.F.);
#857=CARTESIAN_POINT('',(-0.16,4.58,0.35));
#858=DIRECTION('',(-1.,0.,-0.));
#859=DIRECTION('',(0.,1.,-0.));
#860=AXIS2_PLACEMENT_3D('',#857,#858,#859);
#861=PLANE('',#860);
#862=ORIENTED_EDGE('',*,*,#523,.F.);
#863=CARTESIAN_POINT('',(-0.16,4.31,0.35));
#864=VERTEX_POINT('',#863);
#865=CARTESIAN_POINT('',(-0.16,4.31,0.35));
#866=DIRECTION('',(0.,-0.,-1.));
#867=VECTOR('',#866,0.35);
#868=LINE('',#865,#867);
#869=EDGE_CURVE('',#864,#512,#868,.T.);
#870=ORIENTED_EDGE('',*,*,#869,.F.);
#871=CARTESIAN_POINT('',(-0.16,4.31,0.35));
#872=DIRECTION('',(0.,1.,-0.));
#873=VECTOR('',#872,0.54);
#874=LINE('',#871,#873);
#875=EDGE_CURVE('',#864,#218,#874,.T.);
#876=ORIENTED_EDGE('',*,*,#875,.T.);
#877=ORIENTED_EDGE('',*,*,#223,.T.);
#878=EDGE_LOOP('',(#862,#870,#876,#877));
#879=FACE_BOUND('',#878,.T.);
#880=ADVANCED_FACE('',(#879),#861,.T.);
#881=CARTESIAN_POINT('',(0.,5.35,0.35));
#882=DIRECTION('',(-1.,0.,0.));
#883=DIRECTION('',(0.,-0.,-1.));
#884=AXIS2_PLACEMENT_3D('',#881,#882,#883);
#885=PLANE('',#884);
#886=ORIENTED_EDGE('',*,*,#144,.F.);
#887=ORIENTED_EDGE('',*,*,#237,.F.);
#888=CARTESIAN_POINT('',(0.,4.31,0.35));
#889=VERTEX_POINT('',#888);
#890=CARTESIAN_POINT('',(0.,4.31,0.35));
#891=DIRECTION('',(-0.,1.,-0.));
#892=VECTOR('',#891,0.54);
#893=LINE('',#890,#892);
#894=EDGE_CURVE('',#889,#226,#893,.T.);
#895=ORIENTED_EDGE('',*,*,#894,.F.);
#896=CARTESIAN_POINT('',(0.,4.31,0.35));
#897=DIRECTION('',(0.,-0.,-1.));
#898=VECTOR('',#897,0.25);
#899=LINE('',#896,#898);
#900=EDGE_CURVE('',#889,#139,#899,.T.);
#901=ORIENTED_EDGE('',*,*,#900,.T.);
#902=EDGE_LOOP('',(#886,#887,#895,#901));
#903=FACE_BOUND('',#902,.T.);
#904=ADVANCED_FACE('',(#903),#885,.F.);
#905=CARTESIAN_POINT('',(-0.08,4.31,0.35));
#906=DIRECTION('',(0.,-1.,0.));
#907=DIRECTION('',(0.,-0.,-1.));
#908=AXIS2_PLACEMENT_3D('',#905,#906,#907);
#909=PLANE('',#908);
#910=ORIENTED_EDGE('',*,*,#517,.F.);
#911=CARTESIAN_POINT('',(0.53,4.31,0.1));
#912=DIRECTION('',(0.,0.,-1.));
#913=VECTOR('',#912,0.1);
#914=LINE('',#911,#913);
#915=EDGE_CURVE('',#147,#504,#914,.T.);
#916=ORIENTED_EDGE('',*,*,#915,.F.);
#917=ORIENTED_EDGE('',*,*,#152,.F.);
#918=ORIENTED_EDGE('',*,*,#900,.F.);
#919=CARTESIAN_POINT('',(0.,4.31,0.35));
#920=DIRECTION('',(-1.,0.,0.));
#921=VECTOR('',#920,0.16);
#922=LINE('',#919,#921);
#923=EDGE_CURVE('',#889,#864,#922,.T.);
#924=ORIENTED_EDGE('',*,*,#923,.T.);
#925=ORIENTED_EDGE('',*,*,#869,.T.);
#926=EDGE_LOOP('',(#910,#916,#917,#918,#924,#925));
#927=FACE_BOUND('',#926,.T.);
#928=ADVANCED_FACE('',(#927),#909,.T.);
#929=CARTESIAN_POINT('',(0.,5.35,0.35));
#930=DIRECTION('',(0.,-0.,-1.));
#931=DIRECTION('',(0.,-1.,0.));
#932=AXIS2_PLACEMENT_3D('',#929,#930,#931);
#933=PLANE('',#932);
#934=ORIENTED_EDGE('',*,*,#875,.F.);
#935=ORIENTED_EDGE('',*,*,#923,.F.);
#936=ORIENTED_EDGE('',*,*,#894,.T.);
#937=ORIENTED_EDGE('',*,*,#231,.F.);
#938=EDGE_LOOP('',(#934,#935,#936,#937));
#939=FACE_BOUND('',#938,.T.);
#940=ADVANCED_FACE('',(#939),#933,.F.);
#941=CARTESIAN_POINT('',(0.,5.35,0.35));
#942=DIRECTION('',(-1.,0.,0.));
#943=DIRECTION('',(0.,-0.,-1.));
#944=AXIS2_PLACEMENT_3D('',#941,#942,#943);
#945=PLANE('',#944);
#946=ORIENTED_EDGE('',*,*,#48,.F.);
#947=CARTESIAN_POINT('',(0.,2.31,0.35));
#948=VERTEX_POINT('',#947);
#949=CARTESIAN_POINT('',(0.,2.31,0.35));
#950=DIRECTION('',(0.,-0.,-1.));
#951=VECTOR('',#950,0.25);
#952=LINE('',#949,#951);
#953=EDGE_CURVE('',#948,#33,#952,.T.);
#954=ORIENTED_EDGE('',*,*,#953,.F.);
#955=CARTESIAN_POINT('',(0.,1.77,0.35));
#956=VERTEX_POINT('',#955);
#957=CARTESIAN_POINT('',(0.,1.77,0.35));
#958=DIRECTION('',(-0.,1.,-0.));
#959=VECTOR('',#958,0.54);
#960=LINE('',#957,#959);
#961=EDGE_CURVE('',#956,#948,#960,.T.);
#962=ORIENTED_EDGE('',*,*,#961,.F.);
#963=CARTESIAN_POINT('',(0.,1.77,0.35));
#964=DIRECTION('',(0.,-0.,-1.));
#965=VECTOR('',#964,0.25);
#966=LINE('',#963,#965);
#967=EDGE_CURVE('',#956,#43,#966,.T.);
#968=ORIENTED_EDGE('',*,*,#967,.T.);
#969=EDGE_LOOP('',(#946,#954,#962,#968));
#970=FACE_BOUND('',#969,.T.);
#971=ADVANCED_FACE('',(#970),#945,.F.);
#972=CARTESIAN_POINT('',(-0.08,1.77,0.35));
#973=DIRECTION('',(0.,-1.,0.));
#974=DIRECTION('',(0.,-0.,-1.));
#975=AXIS2_PLACEMENT_3D('',#972,#973,#974);
#976=PLANE('',#975);
#977=ORIENTED_EDGE('',*,*,#453,.F.);
#978=CARTESIAN_POINT('',(0.53,1.77,0.1));
#979=DIRECTION('',(0.,0.,-1.));
#980=VECTOR('',#979,0.1);
#981=LINE('',#978,#980);
#982=EDGE_CURVE('',#51,#440,#981,.T.);
#983=ORIENTED_EDGE('',*,*,#982,.F.);
#984=ORIENTED_EDGE('',*,*,#56,.F.);
#985=ORIENTED_EDGE('',*,*,#967,.F.);
#986=CARTESIAN_POINT('',(-0.16,1.77,0.35));
#987=VERTEX_POINT('',#986);
#988=CARTESIAN_POINT('',(0.,1.77,0.35));
#989=DIRECTION('',(-1.,0.,0.));
#990=VECTOR('',#989,0.16);
#991=LINE('',#988,#990);
#992=EDGE_CURVE('',#956,#987,#991,.T.);
#993=ORIENTED_EDGE('',*,*,#992,.T.);
#994=CARTESIAN_POINT('',(-0.16,1.77,0.35));
#995=DIRECTION('',(0.,-0.,-1.));
#996=VECTOR('',#995,0.35);
#997=LINE('',#994,#996);
#998=EDGE_CURVE('',#987,#448,#997,.T.);
#999=ORIENTED_EDGE('',*,*,#998,.T.);
#1000=EDGE_LOOP('',(#977,#983,#984,#985,#993,#999));
#1001=FACE_BOUND('',#1000,.T.);
#1002=ADVANCED_FACE('',(#1001),#976,.T.);
#1003=CARTESIAN_POINT('',(-0.16,2.04,0.35));
#1004=DIRECTION('',(-1.,0.,-0.));
#1005=DIRECTION('',(0.,1.,-0.));
#1006=AXIS2_PLACEMENT_3D('',#1003,#1004,#1005);
#1007=PLANE('',#1006);
#1008=ORIENTED_EDGE('',*,*,#461,.F.);
#1009=ORIENTED_EDGE('',*,*,#998,.F.);
#1010=CARTESIAN_POINT('',(-0.16,2.31,0.35));
#1011=VERTEX_POINT('',#1010);
#1012=CARTESIAN_POINT('',(-0.16,1.77,0.35));
#1013=DIRECTION('',(0.,1.,-0.));
#1014=VECTOR('',#1013,0.54);
#1015=LINE('',#1012,#1014);
#1016=EDGE_CURVE('',#987,#1011,#1015,.T.);
#1017=ORIENTED_EDGE('',*,*,#1016,.T.);
#1018=CARTESIAN_POINT('',(-0.16,2.31,0.35));
#1019=DIRECTION('',(0.,-0.,-1.));
#1020=VECTOR('',#1019,0.35);
#1021=LINE('',#1018,#1020);
#1022=EDGE_CURVE('',#1011,#456,#1021,.T.);
#1023=ORIENTED_EDGE('',*,*,#1022,.T.);
#1024=EDGE_LOOP('',(#1008,#1009,#1017,#1023));
#1025=FACE_BOUND('',#1024,.T.);
#1026=ADVANCED_FACE('',(#1025),#1007,.T.);
#1027=CARTESIAN_POINT('',(-0.08,2.31,0.35));
#1028=DIRECTION('',(0.,1.,-0.));
#1029=DIRECTION('',(0.,0.,1.));
#1030=AXIS2_PLACEMENT_3D('',#1027,#1028,#1029);
#1031=PLANE('',#1030);
#1032=ORIENTED_EDGE('',*,*,#469,.F.);
#1033=ORIENTED_EDGE('',*,*,#1022,.F.);
#1034=CARTESIAN_POINT('',(-0.16,2.31,0.35));
#1035=DIRECTION('',(1.,0.,-0.));
#1036=VECTOR('',#1035,0.16);
#1037=LINE('',#1034,#1036);
#1038=EDGE_CURVE('',#1011,#948,#1037,.T.);
#1039=ORIENTED_EDGE('',*,*,#1038,.T.);
#1040=ORIENTED_EDGE('',*,*,#953,.T.);
#1041=ORIENTED_EDGE('',*,*,#40,.T.);
#1042=CARTESIAN_POINT('',(0.53,2.31,0.1));
#1043=DIRECTION('',(0.,0.,-1.));
#1044=VECTOR('',#1043,0.1);
#1045=LINE('',#1042,#1044);
#1046=EDGE_CURVE('',#35,#464,#1045,.T.);
#1047=ORIENTED_EDGE('',*,*,#1046,.T.);
#1048=EDGE_LOOP('',(#1032,#1033,#1039,#1040,#1041,#1047));
#1049=FACE_BOUND('',#1048,.T.);
#1050=ADVANCED_FACE('',(#1049),#1031,.T.);
#1051=CARTESIAN_POINT('',(0.,5.35,0.35));
#1052=DIRECTION('',(0.,-0.,-1.));
#1053=DIRECTION('',(0.,-1.,0.));
#1054=AXIS2_PLACEMENT_3D('',#1051,#1052,#1053);
#1055=PLANE('',#1054);
#1056=ORIENTED_EDGE('',*,*,#961,.T.);
#1057=ORIENTED_EDGE('',*,*,#1038,.F.);
#1058=ORIENTED_EDGE('',*,*,#1016,.F.);
#1059=ORIENTED_EDGE('',*,*,#992,.F.);
#1060=EDGE_LOOP('',(#1056,#1057,#1058,#1059));
#1061=FACE_BOUND('',#1060,.T.);
#1062=ADVANCED_FACE('',(#1061),#1055,.F.);
#1063=CARTESIAN_POINT('',(0.53,2.774192876,0.1));
#1064=DIRECTION('',(-1.,0.,0.));
#1065=DIRECTION('',(0.,0.,1.));
#1066=AXIS2_PLACEMENT_3D('',#1063,#1064,#1065);
#1067=PLANE('',#1066);
#1068=ORIENTED_EDGE('',*,*,#509,.F.);
#1069=ORIENTED_EDGE('',*,*,#840,.F.);
#1070=ORIENTED_EDGE('',*,*,#160,.T.);
#1071=ORIENTED_EDGE('',*,*,#915,.T.);
#1072=EDGE_LOOP('',(#1068,#1069,#1070,#1071));
#1073=FACE_BOUND('',#1072,.T.);
#1074=ADVANCED_FACE('',(#1073),#1067,.T.);
#1075=CARTESIAN_POINT('',(0.53,2.774192876,0.1));
#1076=DIRECTION('',(-1.,0.,0.));
#1077=DIRECTION('',(0.,0.,1.));
#1078=AXIS2_PLACEMENT_3D('',#1075,#1076,#1077);
#1079=PLANE('',#1078);
#1080=ORIENTED_EDGE('',*,*,#477,.F.);
#1081=ORIENTED_EDGE('',*,*,#1046,.F.);
#1082=ORIENTED_EDGE('',*,*,#190,.T.);
#1083=ORIENTED_EDGE('',*,*,#776,.T.);
#1084=EDGE_LOOP('',(#1080,#1081,#1082,#1083));
#1085=FACE_BOUND('',#1084,.T.);
#1086=ADVANCED_FACE('',(#1085),#1079,.T.);
#1087=CARTESIAN_POINT('',(0.53,2.774192876,0.1));
#1088=DIRECTION('',(-1.,0.,0.));
#1089=DIRECTION('',(0.,0.,1.));
#1090=AXIS2_PLACEMENT_3D('',#1087,#1088,#1089);
#1091=PLANE('',#1090);
#1092=ORIENTED_EDGE('',*,*,#445,.F.);
#1093=ORIENTED_EDGE('',*,*,#718,.F.);
#1094=ORIENTED_EDGE('',*,*,#64,.T.);
#1095=ORIENTED_EDGE('',*,*,#982,.T.);
#1096=EDGE_LOOP('',(#1092,#1093,#1094,#1095));
#1097=FACE_BOUND('',#1096,.T.);
#1098=ADVANCED_FACE('',(#1097),#1091,.T.);
#1099=CLOSED_SHELL('',(#194,#241,#281,#344,#391,#431,#558,#575,#592,#604,#621,#638,#650,#674,#698,#722,#734,#765,#796,#820,#844,#856,#880,#904,#928,#940,
#971,#1002,#1026,#1050,#1062,#1074,#1086,#1098));
#1100=MANIFOLD_SOLID_BREP('K\S\vrper 12',#1099);
#1101=COLOUR_RGB('',1.,0.690196097,0.592156887);
#1102=FILL_AREA_STYLE_COLOUR('',#1101);
#1103=FILL_AREA_STYLE('',(#1102));
#1104=SURFACE_STYLE_FILL_AREA(#1103);
#1105=SURFACE_SIDE_STYLE('',(#1104));
#1106=SURFACE_STYLE_USAGE(.BOTH.,#1105);
#1107=PRESENTATION_STYLE_ASSIGNMENT((#1106));
#26=STYLED_ITEM('',(#1107),#1100);
#1109=CARTESIAN_POINT('',(5.36,2.675,0.35));
#1110=DIRECTION('',(-1.,0.,-0.));
#1111=DIRECTION('',(0.,1.,-0.));
#1112=AXIS2_PLACEMENT_3D('',#1109,#1110,#1111);
#1113=PLANE('',#1112);
#1114=CARTESIAN_POINT('',(5.36,0.5,0.));
#1115=VERTEX_POINT('',#1114);
#1116=CARTESIAN_POINT('',(5.36,3.58,-0.));
#1117=VERTEX_POINT('',#1116);
#1118=CARTESIAN_POINT('',(5.36,0.5,0.));
#1119=DIRECTION('',(0.,1.,-0.));
#1120=VECTOR('',#1119,3.08);
#1121=LINE('',#1118,#1120);
#1122=EDGE_CURVE('',#1115,#1117,#1121,.T.);
#1123=ORIENTED_EDGE('',*,*,#1122,.F.);
#1124=CARTESIAN_POINT('',(5.36,0.5,0.35));
#1125=VERTEX_POINT('',#1124);
#1126=CARTESIAN_POINT('',(5.36,0.5,0.35));
#1127=DIRECTION('',(0.,-0.,-1.));
#1128=VECTOR('',#1127,0.35);
#1129=LINE('',#1126,#1128);
#1130=EDGE_CURVE('',#1125,#1115,#1129,.T.);
#1131=ORIENTED_EDGE('',*,*,#1130,.F.);
#1132=CARTESIAN_POINT('',(5.36,3.58,0.35));
#1133=VERTEX_POINT('',#1132);
#1134=CARTESIAN_POINT('',(5.36,0.5,0.35));
#1135=DIRECTION('',(0.,1.,-0.));
#1136=VECTOR('',#1135,3.08);
#1137=LINE('',#1134,#1136);
#1138=EDGE_CURVE('',#1125,#1133,#1137,.T.);
#1139=ORIENTED_EDGE('',*,*,#1138,.T.);
#1140=CARTESIAN_POINT('',(5.36,3.58,0.35));
#1141=DIRECTION('',(0.,-0.,-1.));
#1142=VECTOR('',#1141,0.35);
#1143=LINE('',#1140,#1142);
#1144=EDGE_CURVE('',#1133,#1117,#1143,.T.);
#1145=ORIENTED_EDGE('',*,*,#1144,.T.);
#1146=EDGE_LOOP('',(#1123,#1131,#1139,#1145));
#1147=FACE_BOUND('',#1146,.T.);
#1148=ADVANCED_FACE('',(#1147),#1113,.T.);
#1149=CARTESIAN_POINT('',(6.18,1.04,0.35));
#1150=DIRECTION('',(0.,1.,-0.));
#1151=DIRECTION('',(0.,0.,1.));
#1152=AXIS2_PLACEMENT_3D('',#1149,#1150,#1151);
#1153=PLANE('',#1152);
#1154=CARTESIAN_POINT('',(5.94,1.04,0.35));
#1155=VERTEX_POINT('',#1154);
#1156=CARTESIAN_POINT('',(5.94,1.04,0.));
#1157=VERTEX_POINT('',#1156);
#1158=CARTESIAN_POINT('',(5.94,1.04,0.35));
#1159=DIRECTION('',(0.,-0.,-1.));
#1160=VECTOR('',#1159,0.35);
#1161=LINE('',#1158,#1160);
#1162=EDGE_CURVE('',#1155,#1157,#1161,.T.);
#1163=ORIENTED_EDGE('',*,*,#1162,.F.);
#1164=CARTESIAN_POINT('',(6.26,1.04,0.35));
#1165=VERTEX_POINT('',#1164);
#1166=CARTESIAN_POINT('',(5.94,1.04,0.35));
#1167=DIRECTION('',(1.,0.,-0.));
#1168=VECTOR('',#1167,0.32);
#1169=LINE('',#1166,#1168);
#1170=EDGE_CURVE('',#1155,#1165,#1169,.T.);
#1171=ORIENTED_EDGE('',*,*,#1170,.T.);
#1172=CARTESIAN_POINT('',(6.26,1.04,0.));
#1173=VERTEX_POINT('',#1172);
#1174=CARTESIAN_POINT('',(6.26,1.04,0.35));
#1175=DIRECTION('',(0.,-0.,-1.));
#1176=VECTOR('',#1175,0.35);
#1177=LINE('',#1174,#1176);
#1178=EDGE_CURVE('',#1165,#1173,#1177,.T.);
#1179=ORIENTED_EDGE('',*,*,#1178,.T.);
#1180=CARTESIAN_POINT('',(5.94,1.04,0.));
#1181=DIRECTION('',(1.,0.,-0.));
#1182=VECTOR('',#1181,0.32);
#1183=LINE('',#1180,#1182);
#1184=EDGE_CURVE('',#1157,#1173,#1183,.T.);
#1185=ORIENTED_EDGE('',*,*,#1184,.F.);
#1186=EDGE_LOOP('',(#1163,#1171,#1179,#1185));
#1187=FACE_BOUND('',#1186,.T.);
#1188=ADVANCED_FACE('',(#1187),#1153,.T.);
#1189=CARTESIAN_POINT('',(6.26,0.77,0.35));
#1190=DIRECTION('',(1.,0.,0.));
#1191=DIRECTION('',(0.,0.,1.));
#1192=AXIS2_PLACEMENT_3D('',#1189,#1190,#1191);
#1193=PLANE('',#1192);
#1194=CARTESIAN_POINT('',(6.26,0.5,0.));
#1195=VERTEX_POINT('',#1194);
#1196=CARTESIAN_POINT('',(6.26,1.04,0.));
#1197=DIRECTION('',(0.,-1.,0.));
#1198=VECTOR('',#1197,0.54);
#1199=LINE('',#1196,#1198);
#1200=EDGE_CURVE('',#1173,#1195,#1199,.T.);
#1201=ORIENTED_EDGE('',*,*,#1200,.F.);
#1202=ORIENTED_EDGE('',*,*,#1178,.F.);
#1203=CARTESIAN_POINT('',(6.26,0.5,0.35));
#1204=VERTEX_POINT('',#1203);
#1205=CARTESIAN_POINT('',(6.26,1.04,0.35));
#1206=DIRECTION('',(0.,-1.,0.));
#1207=VECTOR('',#1206,0.54);
#1208=LINE('',#1205,#1207);
#1209=EDGE_CURVE('',#1165,#1204,#1208,.T.);
#1210=ORIENTED_EDGE('',*,*,#1209,.T.);
#1211=CARTESIAN_POINT('',(6.26,0.5,0.35));
#1212=DIRECTION('',(0.,-0.,-1.));
#1213=VECTOR('',#1212,0.35);
#1214=LINE('',#1211,#1213);
#1215=EDGE_CURVE('',#1204,#1195,#1214,.T.);
#1216=ORIENTED_EDGE('',*,*,#1215,.T.);
#1217=EDGE_LOOP('',(#1201,#1202,#1210,#1216));
#1218=FACE_BOUND('',#1217,.T.);
#1219=ADVANCED_FACE('',(#1218),#1193,.T.);
#1220=CARTESIAN_POINT('',(6.18,0.5,0.35));
#1221=DIRECTION('',(0.,-1.,0.));
#1222=DIRECTION('',(0.,-0.,-1.));
#1223=AXIS2_PLACEMENT_3D('',#1220,#1221,#1222);
#1224=PLANE('',#1223);
#1225=CARTESIAN_POINT('',(6.26,0.5,0.));
#1226=DIRECTION('',(-1.,0.,0.));
#1227=VECTOR('',#1226,0.9);
#1228=LINE('',#1225,#1227);
#1229=EDGE_CURVE('',#1195,#1115,#1228,.T.);
#1230=ORIENTED_EDGE('',*,*,#1229,.F.);
#1231=ORIENTED_EDGE('',*,*,#1215,.F.);
#1232=CARTESIAN_POINT('',(6.26,0.5,0.35));
#1233=DIRECTION('',(-1.,0.,0.));
#1234=VECTOR('',#1233,0.9);
#1235=LINE('',#1232,#1234);
#1236=EDGE_CURVE('',#1204,#1125,#1235,.T.);
#1237=ORIENTED_EDGE('',*,*,#1236,.T.);
#1238=ORIENTED_EDGE('',*,*,#1130,.T.);
#1239=EDGE_LOOP('',(#1230,#1231,#1237,#1238));
#1240=FACE_BOUND('',#1239,.T.);
#1241=ADVANCED_FACE('',(#1240),#1224,.T.);
#1242=CARTESIAN_POINT('',(0.,5.35,0.35));
#1243=DIRECTION('',(0.,-0.,-1.));
#1244=DIRECTION('',(0.,-1.,0.));
#1245=AXIS2_PLACEMENT_3D('',#1242,#1243,#1244);
#1246=PLANE('',#1245);
#1247=ORIENTED_EDGE('',*,*,#1138,.F.);
#1248=ORIENTED_EDGE('',*,*,#1236,.F.);
#1249=ORIENTED_EDGE('',*,*,#1209,.F.);
#1250=ORIENTED_EDGE('',*,*,#1170,.F.);
#1251=CARTESIAN_POINT('',(5.94,1.77,0.35));
#1252=VERTEX_POINT('',#1251);
#1253=CARTESIAN_POINT('',(5.94,1.77,0.35));
#1254=DIRECTION('',(-0.,-1.,0.));
#1255=VECTOR('',#1254,0.73);
#1256=LINE('',#1253,#1255);
#1257=EDGE_CURVE('',#1252,#1155,#1256,.T.);
#1258=ORIENTED_EDGE('',*,*,#1257,.F.);
#1259=CARTESIAN_POINT('',(6.26,1.77,0.35));
#1260=VERTEX_POINT('',#1259);
#1261=CARTESIAN_POINT('',(6.26,1.77,0.35));
#1262=DIRECTION('',(-1.,0.,0.));
#1263=VECTOR('',#1262,0.32);
#1264=LINE('',#1261,#1263);
#1265=EDGE_CURVE('',#1260,#1252,#1264,.T.);
#1266=ORIENTED_EDGE('',*,*,#1265,.F.);
#1267=CARTESIAN_POINT('',(6.26,2.31,0.35));
#1268=VERTEX_POINT('',#1267);
#1269=CARTESIAN_POINT('',(6.26,2.31,0.35));
#1270=DIRECTION('',(0.,-1.,0.));
#1271=VECTOR('',#1270,0.54);
#1272=LINE('',#1269,#1271);
#1273=EDGE_CURVE('',#1268,#1260,#1272,.T.);
#1274=ORIENTED_EDGE('',*,*,#1273,.F.);
#1275=CARTESIAN_POINT('',(5.94,2.31,0.35));
#1276=VERTEX_POINT('',#1275);
#1277=CARTESIAN_POINT('',(5.94,2.31,0.35));
#1278=DIRECTION('',(1.,0.,-0.));
#1279=VECTOR('',#1278,0.32);
#1280=LINE('',#1277,#1279);
#1281=EDGE_CURVE('',#1276,#1268,#1280,.T.);
#1282=ORIENTED_EDGE('',*,*,#1281,.F.);
#1283=CARTESIAN_POINT('',(5.94,3.04,0.35));
#1284=VERTEX_POINT('',#1283);
#1285=CARTESIAN_POINT('',(5.94,3.04,0.35));
#1286=DIRECTION('',(-0.,-1.,0.));
#1287=VECTOR('',#1286,0.73);
#1288=LINE('',#1285,#1287);
#1289=EDGE_CURVE('',#1284,#1276,#1288,.T.);
#1290=ORIENTED_EDGE('',*,*,#1289,.F.);
#1291=CARTESIAN_POINT('',(6.26,3.04,0.35));
#1292=VERTEX_POINT('',#1291);
#1293=CARTESIAN_POINT('',(6.26,3.04,0.35));
#1294=DIRECTION('',(-1.,0.,0.));
#1295=VECTOR('',#1294,0.32);
#1296=LINE('',#1293,#1295);
#1297=EDGE_CURVE('',#1292,#1284,#1296,.T.);
#1298=ORIENTED_EDGE('',*,*,#1297,.F.);
#1299=CARTESIAN_POINT('',(6.26,3.58,0.35));
#1300=VERTEX_POINT('',#1299);
#1301=CARTESIAN_POINT('',(6.26,3.58,0.35));
#1302=DIRECTION('',(0.,-1.,0.));
#1303=VECTOR('',#1302,0.54);
#1304=LINE('',#1301,#1303);
#1305=EDGE_CURVE('',#1300,#1292,#1304,.T.);
#1306=ORIENTED_EDGE('',*,*,#1305,.F.);
#1307=CARTESIAN_POINT('',(5.36,3.58,0.35));
#1308=DIRECTION('',(1.,0.,-0.));
#1309=VECTOR('',#1308,0.9);
#1310=LINE('',#1307,#1309);
#1311=EDGE_CURVE('',#1133,#1300,#1310,.T.);
#1312=ORIENTED_EDGE('',*,*,#1311,.F.);
#1313=EDGE_LOOP('',(#1247,#1248,#1249,#1250,#1258,#1266,#1274,#1282,#1290,#1298,#1306,#1312));
#1314=FACE_BOUND('',#1313,.T.);
#1315=ADVANCED_FACE('',(#1314),#1246,.F.);
#1316=CARTESIAN_POINT('',(0.,5.35,-0.));
#1317=DIRECTION('',(0.,-0.,-1.));
#1318=DIRECTION('',(0.,-1.,0.));
#1319=AXIS2_PLACEMENT_3D('',#1316,#1317,#1318);
#1320=PLANE('',#1319);
#1321=ORIENTED_EDGE('',*,*,#1122,.T.);
#1322=CARTESIAN_POINT('',(6.26,3.58,-0.));
#1323=VERTEX_POINT('',#1322);
#1324=CARTESIAN_POINT('',(5.36,3.58,-0.));
#1325=DIRECTION('',(1.,0.,-0.));
#1326=VECTOR('',#1325,0.9);
#1327=LINE('',#1324,#1326);
#1328=EDGE_CURVE('',#1117,#1323,#1327,.T.);
#1329=ORIENTED_EDGE('',*,*,#1328,.T.);
#1330=CARTESIAN_POINT('',(6.26,3.04,-0.));
#1331=VERTEX_POINT('',#1330);
#1332=CARTESIAN_POINT('',(6.26,3.58,-0.));
#1333=DIRECTION('',(0.,-1.,0.));
#1334=VECTOR('',#1333,0.54);
#1335=LINE('',#1332,#1334);
#1336=EDGE_CURVE('',#1323,#1331,#1335,.T.);
#1337=ORIENTED_EDGE('',*,*,#1336,.T.);
#1338=CARTESIAN_POINT('',(5.94,3.04,-0.));
#1339=VERTEX_POINT('',#1338);
#1340=CARTESIAN_POINT('',(6.26,3.04,-0.));
#1341=DIRECTION('',(-1.,0.,0.));
#1342=VECTOR('',#1341,0.32);
#1343=LINE('',#1340,#1342);
#1344=EDGE_CURVE('',#1331,#1339,#1343,.T.);
#1345=ORIENTED_EDGE('',*,*,#1344,.T.);
#1346=CARTESIAN_POINT('',(5.94,2.31,0.));
#1347=VERTEX_POINT('',#1346);
#1348=CARTESIAN_POINT('',(5.94,3.04,-0.));
#1349=DIRECTION('',(-0.,-1.,0.));
#1350=VECTOR('',#1349,0.73);
#1351=LINE('',#1348,#1350);
#1352=EDGE_CURVE('',#1339,#1347,#1351,.T.);
#1353=ORIENTED_EDGE('',*,*,#1352,.T.);
#1354=CARTESIAN_POINT('',(6.26,2.31,0.));
#1355=VERTEX_POINT('',#1354);
#1356=CARTESIAN_POINT('',(5.94,2.31,0.));
#1357=DIRECTION('',(1.,0.,-0.));
#1358=VECTOR('',#1357,0.32);
#1359=LINE('',#1356,#1358);
#1360=EDGE_CURVE('',#1347,#1355,#1359,.T.);
#1361=ORIENTED_EDGE('',*,*,#1360,.T.);
#1362=CARTESIAN_POINT('',(6.26,1.77,0.));
#1363=VERTEX_POINT('',#1362);
#1364=CARTESIAN_POINT('',(6.26,2.31,-0.));
#1365=DIRECTION('',(0.,-1.,0.));
#1366=VECTOR('',#1365,0.54);
#1367=LINE('',#1364,#1366);
#1368=EDGE_CURVE('',#1355,#1363,#1367,.T.);
#1369=ORIENTED_EDGE('',*,*,#1368,.T.);
#1370=CARTESIAN_POINT('',(5.94,1.77,0.));
#1371=VERTEX_POINT('',#1370);
#1372=CARTESIAN_POINT('',(6.26,1.77,0.));
#1373=DIRECTION('',(-1.,0.,0.));
#1374=VECTOR('',#1373,0.32);
#1375=LINE('',#1372,#1374);
#1376=EDGE_CURVE('',#1363,#1371,#1375,.T.);
#1377=ORIENTED_EDGE('',*,*,#1376,.T.);
#1378=CARTESIAN_POINT('',(5.94,1.77,-0.));
#1379=DIRECTION('',(-0.,-1.,0.));
#1380=VECTOR('',#1379,0.73);
#1381=LINE('',#1378,#1380);
#1382=EDGE_CURVE('',#1371,#1157,#1381,.T.);
#1383=ORIENTED_EDGE('',*,*,#1382,.T.);
#1384=ORIENTED_EDGE('',*,*,#1184,.T.);
#1385=ORIENTED_EDGE('',*,*,#1200,.T.);
#1386=ORIENTED_EDGE('',*,*,#1229,.T.);
#1387=EDGE_LOOP('',(#1321,#1329,#1337,#1345,#1353,#1361,#1369,#1377,#1383,#1384,#1385,#1386));
#1388=FACE_BOUND('',#1387,.T.);
#1389=ADVANCED_FACE('',(#1388),#1320,.T.);
#1390=CARTESIAN_POINT('',(5.94,2.675,0.35));
#1391=DIRECTION('',(1.,-0.,0.));
#1392=DIRECTION('',(-0.,-1.,0.));
#1393=AXIS2_PLACEMENT_3D('',#1390,#1391,#1392);
#1394=PLANE('',#1393);
#1395=ORIENTED_EDGE('',*,*,#1352,.F.);
#1396=CARTESIAN_POINT('',(5.94,3.04,0.35));
#1397=DIRECTION('',(0.,-0.,-1.));
#1398=VECTOR('',#1397,0.35);
#1399=LINE('',#1396,#1398);
#1400=EDGE_CURVE('',#1284,#1339,#1399,.T.);
#1401=ORIENTED_EDGE('',*,*,#1400,.F.);
#1402=ORIENTED_EDGE('',*,*,#1289,.T.);
#1403=CARTESIAN_POINT('',(5.94,2.31,0.35));
#1404=DIRECTION('',(0.,-0.,-1.));
#1405=VECTOR('',#1404,0.35);
#1406=LINE('',#1403,#1405);
#1407=EDGE_CURVE('',#1276,#1347,#1406,.T.);
#1408=ORIENTED_EDGE('',*,*,#1407,.T.);
#1409=EDGE_LOOP('',(#1395,#1401,#1402,#1408));
#1410=FACE_BOUND('',#1409,.T.);
#1411=ADVANCED_FACE('',(#1410),#1394,.T.);
#1412=CARTESIAN_POINT('',(6.18,3.58,0.35));
#1413=DIRECTION('',(0.,1.,-0.));
#1414=DIRECTION('',(0.,0.,1.));
#1415=AXIS2_PLACEMENT_3D('',#1412,#1413,#1414);
#1416=PLANE('',#1415);
#1417=ORIENTED_EDGE('',*,*,#1328,.F.);
#1418=ORIENTED_EDGE('',*,*,#1144,.F.);
#1419=ORIENTED_EDGE('',*,*,#1311,.T.);
#1420=CARTESIAN_POINT('',(6.26,3.58,0.35));
#1421=DIRECTION('',(0.,-0.,-1.));
#1422=VECTOR('',#1421,0.35);
#1423=LINE('',#1420,#1422);
#1424=EDGE_CURVE('',#1300,#1323,#1423,.T.);
#1425=ORIENTED_EDGE('',*,*,#1424,.T.);
#1426=EDGE_LOOP('',(#1417,#1418,#1419,#1425));
#1427=FACE_BOUND('',#1426,.T.);
#1428=ADVANCED_FACE('',(#1427),#1416,.T.);
#1429=CARTESIAN_POINT('',(6.26,3.31,0.35));
#1430=DIRECTION('',(1.,0.,0.));
#1431=DIRECTION('',(0.,0.,1.));
#1432=AXIS2_PLACEMENT_3D('',#1429,#1430,#1431);
#1433=PLANE('',#1432);
#1434=ORIENTED_EDGE('',*,*,#1336,.F.);
#1435=ORIENTED_EDGE('',*,*,#1424,.F.);
#1436=ORIENTED_EDGE('',*,*,#1305,.T.);
#1437=CARTESIAN_POINT('',(6.26,3.04,0.35));
#1438=DIRECTION('',(0.,-0.,-1.));
#1439=VECTOR('',#1438,0.35);
#1440=LINE('',#1437,#1439);
#1441=EDGE_CURVE('',#1292,#1331,#1440,.T.);
#1442=ORIENTED_EDGE('',*,*,#1441,.T.);
#1443=EDGE_LOOP('',(#1434,#1435,#1436,#1442));
#1444=FACE_BOUND('',#1443,.T.);
#1445=ADVANCED_FACE('',(#1444),#1433,.T.);
#1446=CARTESIAN_POINT('',(6.18,3.04,0.35));
#1447=DIRECTION('',(0.,-1.,0.));
#1448=DIRECTION('',(0.,-0.,-1.));
#1449=AXIS2_PLACEMENT_3D('',#1446,#1447,#1448);
#1450=PLANE('',#1449);
#1451=ORIENTED_EDGE('',*,*,#1297,.T.);
#1452=ORIENTED_EDGE('',*,*,#1400,.T.);
#1453=ORIENTED_EDGE('',*,*,#1344,.F.);
#1454=ORIENTED_EDGE('',*,*,#1441,.F.);
#1455=EDGE_LOOP('',(#1451,#1452,#1453,#1454));
#1456=FACE_BOUND('',#1455,.T.);
#1457=ADVANCED_FACE('',(#1456),#1450,.T.);
#1458=CARTESIAN_POINT('',(6.18,2.31,0.35));
#1459=DIRECTION('',(0.,1.,-0.));
#1460=DIRECTION('',(0.,0.,1.));
#1461=AXIS2_PLACEMENT_3D('',#1458,#1459,#1460);
#1462=PLANE('',#1461);
#1463=ORIENTED_EDGE('',*,*,#1407,.F.);
#1464=ORIENTED_EDGE('',*,*,#1281,.T.);
#1465=CARTESIAN_POINT('',(6.26,2.31,0.35));
#1466=DIRECTION('',(0.,-0.,-1.));
#1467=VECTOR('',#1466,0.35);
#1468=LINE('',#1465,#1467);
#1469=EDGE_CURVE('',#1268,#1355,#1468,.T.);
#1470=ORIENTED_EDGE('',*,*,#1469,.T.);
#1471=ORIENTED_EDGE('',*,*,#1360,.F.);
#1472=EDGE_LOOP('',(#1463,#1464,#1470,#1471));
#1473=FACE_BOUND('',#1472,.T.);
#1474=ADVANCED_FACE('',(#1473),#1462,.T.);
#1475=CARTESIAN_POINT('',(6.18,1.77,0.35));
#1476=DIRECTION('',(0.,-1.,0.));
#1477=DIRECTION('',(0.,-0.,-1.));
#1478=AXIS2_PLACEMENT_3D('',#1475,#1476,#1477);
#1479=PLANE('',#1478);
#1480=ORIENTED_EDGE('',*,*,#1265,.T.);
#1481=CARTESIAN_POINT('',(5.94,1.77,0.35));
#1482=DIRECTION('',(0.,-0.,-1.));
#1483=VECTOR('',#1482,0.35);
#1484=LINE('',#1481,#1483);
#1485=EDGE_CURVE('',#1252,#1371,#1484,.T.);
#1486=ORIENTED_EDGE('',*,*,#1485,.T.);
#1487=ORIENTED_EDGE('',*,*,#1376,.F.);
#1488=CARTESIAN_POINT('',(6.26,1.77,0.35));
#1489=DIRECTION('',(0.,-0.,-1.));
#1490=VECTOR('',#1489,0.35);
#1491=LINE('',#1488,#1490);
#1492=EDGE_CURVE('',#1260,#1363,#1491,.T.);
#1493=ORIENTED_EDGE('',*,*,#1492,.F.);
#1494=EDGE_LOOP('',(#1480,#1486,#1487,#1493));
#1495=FACE_BOUND('',#1494,.T.);
#1496=ADVANCED_FACE('',(#1495),#1479,.T.);
#1497=CARTESIAN_POINT('',(6.26,2.04,0.35));
#1498=DIRECTION('',(1.,0.,0.));
#1499=DIRECTION('',(0.,0.,1.));
#1500=AXIS2_PLACEMENT_3D('',#1497,#1498,#1499);
#1501=PLANE('',#1500);
#1502=ORIENTED_EDGE('',*,*,#1368,.F.);
#1503=ORIENTED_EDGE('',*,*,#1469,.F.);
#1504=ORIENTED_EDGE('',*,*,#1273,.T.);
#1505=ORIENTED_EDGE('',*,*,#1492,.T.);
#1506=EDGE_LOOP('',(#1502,#1503,#1504,#1505));
#1507=FACE_BOUND('',#1506,.T.);
#1508=ADVANCED_FACE('',(#1507),#1501,.T.);
#1509=CARTESIAN_POINT('',(5.94,1.675,0.35));
#1510=DIRECTION('',(1.,-0.,0.));
#1511=DIRECTION('',(-0.,-1.,0.));
#1512=AXIS2_PLACEMENT_3D('',#1509,#1510,#1511);
#1513=PLANE('',#1512);
#1514=ORIENTED_EDGE('',*,*,#1382,.F.);
#1515=ORIENTED_EDGE('',*,*,#1485,.F.);
#1516=ORIENTED_EDGE('',*,*,#1257,.T.);
#1517=ORIENTED_EDGE('',*,*,#1162,.T.);
#1518=EDGE_LOOP('',(#1514,#1515,#1516,#1517));
#1519=FACE_BOUND('',#1518,.T.);
#1520=ADVANCED_FACE('',(#1519),#1513,.T.);
#1521=CLOSED_SHELL('',(#1148,#1188,#1219,#1241,#1315,#1389,#1411,#1428,#1445,#1457,#1474,#1496,#1508,#1520));
#1522=MANIFOLD_SOLID_BREP('K\S\vrper 02 (1)',#1521);
#1108=STYLED_ITEM('',(#1107),#1522);
#1524=CARTESIAN_POINT('',(6.26,4.58,0.35));
#1525=DIRECTION('',(1.,0.,0.));
#1526=DIRECTION('',(0.,0.,1.));
#1527=AXIS2_PLACEMENT_3D('',#1524,#1525,#1526);
#1528=PLANE('',#1527);
#1529=CARTESIAN_POINT('',(6.26,4.85,-0.));
#1530=VERTEX_POINT('',#1529);
#1531=CARTESIAN_POINT('',(6.26,4.31,-0.));
#1532=VERTEX_POINT('',#1531);
#1533=CARTESIAN_POINT('',(6.26,4.85,-0.));
#1534=DIRECTION('',(0.,-1.,0.));
#1535=VECTOR('',#1534,0.54);
#1536=LINE('',#1533,#1535);
#1537=EDGE_CURVE('',#1530,#1532,#1536,.T.);
#1538=ORIENTED_EDGE('',*,*,#1537,.F.);
#1539=CARTESIAN_POINT('',(6.26,4.85,0.35));
#1540=VERTEX_POINT('',#1539);
#1541=CARTESIAN_POINT('',(6.26,4.85,0.35));
#1542=DIRECTION('',(0.,-0.,-1.));
#1543=VECTOR('',#1542,0.35);
#1544=LINE('',#1541,#1543);
#1545=EDGE_CURVE('',#1540,#1530,#1544,.T.);
#1546=ORIENTED_EDGE('',*,*,#1545,.F.);
#1547=CARTESIAN_POINT('',(6.26,4.31,0.35));
#1548=VERTEX_POINT('',#1547);
#1549=CARTESIAN_POINT('',(6.26,4.85,0.35));
#1550=DIRECTION('',(0.,-1.,0.));
#1551=VECTOR('',#1550,0.54);
#1552=LINE('',#1549,#1551);
#1553=EDGE_CURVE('',#1540,#1548,#1552,.T.);
#1554=ORIENTED_EDGE('',*,*,#1553,.T.);
#1555=CARTESIAN_POINT('',(6.26,4.31,0.35));
#1556=DIRECTION('',(0.,-0.,-1.));
#1557=VECTOR('',#1556,0.35);
#1558=LINE('',#1555,#1557);
#1559=EDGE_CURVE('',#1548,#1532,#1558,.T.);
#1560=ORIENTED_EDGE('',*,*,#1559,.T.);
#1561=EDGE_LOOP('',(#1538,#1546,#1554,#1560));
#1562=FACE_BOUND('',#1561,.T.);
#1563=ADVANCED_FACE('',(#1562),#1528,.T.);
#1564=CARTESIAN_POINT('',(6.18,4.31,0.35));
#1565=DIRECTION('',(0.,-1.,0.));
#1566=DIRECTION('',(0.,-0.,-1.));
#1567=AXIS2_PLACEMENT_3D('',#1564,#1565,#1566);
#1568=PLANE('',#1567);
#1569=CARTESIAN_POINT('',(5.36,4.31,-0.));
#1570=VERTEX_POINT('',#1569);
#1571=CARTESIAN_POINT('',(6.26,4.31,-0.));
#1572=DIRECTION('',(-1.,0.,0.));
#1573=VECTOR('',#1572,0.9);
#1574=LINE('',#1571,#1573);
#1575=EDGE_CURVE('',#1532,#1570,#1574,.T.);
#1576=ORIENTED_EDGE('',*,*,#1575,.F.);
#1577=ORIENTED_EDGE('',*,*,#1559,.F.);
#1578=CARTESIAN_POINT('',(5.36,4.31,0.35));
#1579=VERTEX_POINT('',#1578);
#1580=CARTESIAN_POINT('',(6.26,4.31,0.35));
#1581=DIRECTION('',(-1.,0.,0.));
#1582=VECTOR('',#1581,0.9);
#1583=LINE('',#1580,#1582);
#1584=EDGE_CURVE('',#1548,#1579,#1583,.T.);
#1585=ORIENTED_EDGE('',*,*,#1584,.T.);
#1586=CARTESIAN_POINT('',(5.36,4.31,0.35));
#1587=DIRECTION('',(0.,-0.,-1.));
#1588=VECTOR('',#1587,0.35);
#1589=LINE('',#1586,#1588);
#1590=EDGE_CURVE('',#1579,#1570,#1589,.T.);
#1591=ORIENTED_EDGE('',*,*,#1590,.T.);
#1592=EDGE_LOOP('',(#1576,#1577,#1585,#1591));
#1593=FACE_BOUND('',#1592,.T.);
#1594=ADVANCED_FACE('',(#1593),#1568,.T.);
#1595=CARTESIAN_POINT('',(5.36,2.675,0.35));
#1596=DIRECTION('',(-1.,0.,-0.));
#1597=DIRECTION('',(0.,1.,-0.));
#1598=AXIS2_PLACEMENT_3D('',#1595,#1596,#1597);
#1599=PLANE('',#1598);
#1600=CARTESIAN_POINT('',(5.36,4.85,-0.));
#1601=VERTEX_POINT('',#1600);
#1602=CARTESIAN_POINT('',(5.36,4.31,-0.));
#1603=DIRECTION('',(0.,1.,-0.));
#1604=VECTOR('',#1603,0.54);
#1605=LINE('',#1602,#1604);
#1606=EDGE_CURVE('',#1570,#1601,#1605,.T.);
#1607=ORIENTED_EDGE('',*,*,#1606,.F.);
#1608=ORIENTED_EDGE('',*,*,#1590,.F.);
#1609=CARTESIAN_POINT('',(5.36,4.85,0.35));
#1610=VERTEX_POINT('',#1609);
#1611=CARTESIAN_POINT('',(5.36,4.31,0.35));
#1612=DIRECTION('',(0.,1.,-0.));
#1613=VECTOR('',#1612,0.54);
#1614=LINE('',#1611,#1613);
#1615=EDGE_CURVE('',#1579,#1610,#1614,.T.);
#1616=ORIENTED_EDGE('',*,*,#1615,.T.);
#1617=CARTESIAN_POINT('',(5.36,4.85,0.35));
#1618=DIRECTION('',(0.,-0.,-1.));
#1619=VECTOR('',#1618,0.35);
#1620=LINE('',#1617,#1619);
#1621=EDGE_CURVE('',#1610,#1601,#1620,.T.);
#1622=ORIENTED_EDGE('',*,*,#1621,.T.);
#1623=EDGE_LOOP('',(#1607,#1608,#1616,#1622));
#1624=FACE_BOUND('',#1623,.T.);
#1625=ADVANCED_FACE('',(#1624),#1599,.T.);
#1626=CARTESIAN_POINT('',(6.18,4.85,0.35));
#1627=DIRECTION('',(0.,1.,-0.));
#1628=DIRECTION('',(0.,0.,1.));
#1629=AXIS2_PLACEMENT_3D('',#1626,#1627,#1628);
#1630=PLANE('',#1629);
#1631=CARTESIAN_POINT('',(5.36,4.85,-0.));
#1632=DIRECTION('',(1.,0.,-0.));
#1633=VECTOR('',#1632,0.9);
#1634=LINE('',#1631,#1633);
#1635=EDGE_CURVE('',#1601,#1530,#1634,.T.);
#1636=ORIENTED_EDGE('',*,*,#1635,.F.);
#1637=ORIENTED_EDGE('',*,*,#1621,.F.);
#1638=CARTESIAN_POINT('',(5.36,4.85,0.35));
#1639=DIRECTION('',(1.,0.,-0.));
#1640=VECTOR('',#1639,0.9);
#1641=LINE('',#1638,#1640);
#1642=EDGE_CURVE('',#1610,#1540,#1641,.T.);
#1643=ORIENTED_EDGE('',*,*,#1642,.T.);
#1644=ORIENTED_EDGE('',*,*,#1545,.T.);
#1645=EDGE_LOOP('',(#1636,#1637,#1643,#1644));
#1646=FACE_BOUND('',#1645,.T.);
#1647=ADVANCED_FACE('',(#1646),#1630,.T.);
#1648=CARTESIAN_POINT('',(0.,5.35,0.35));
#1649=DIRECTION('',(0.,-0.,-1.));
#1650=DIRECTION('',(0.,-1.,0.));
#1651=AXIS2_PLACEMENT_3D('',#1648,#1649,#1650);
#1652=PLANE('',#1651);
#1653=ORIENTED_EDGE('',*,*,#1553,.F.);
#1654=ORIENTED_EDGE('',*,*,#1642,.F.);
#1655=ORIENTED_EDGE('',*,*,#1615,.F.);
#1656=ORIENTED_EDGE('',*,*,#1584,.F.);
#1657=EDGE_LOOP('',(#1653,#1654,#1655,#1656));
#1658=FACE_BOUND('',#1657,.T.);
#1659=ADVANCED_FACE('',(#1658),#1652,.F.);
#1660=CARTESIAN_POINT('',(0.,5.35,-0.));
#1661=DIRECTION('',(0.,-0.,-1.));
#1662=DIRECTION('',(0.,-1.,0.));
#1663=AXIS2_PLACEMENT_3D('',#1660,#1661,#1662);
#1664=PLANE('',#1663);
#1665=ORIENTED_EDGE('',*,*,#1537,.T.);
#1666=ORIENTED_EDGE('',*,*,#1575,.T.);
#1667=ORIENTED_EDGE('',*,*,#1606,.T.);
#1668=ORIENTED_EDGE('',*,*,#1635,.T.);
#1669=EDGE_LOOP('',(#1665,#1666,#1667,#1668));
#1670=FACE_BOUND('',#1669,.T.);
#1671=ADVANCED_FACE('',(#1670),#1664,.T.);
#1672=CLOSED_SHELL('',(#1563,#1594,#1625,#1647,#1659,#1671));
#1673=MANIFOLD_SOLID_BREP('K\S\vrper 04',#1672);
#1523=STYLED_ITEM('',(#1107),#1673);
#1675=CARTESIAN_POINT('',(0.,5.35,0.1));
#1676=DIRECTION('',(0.,-0.,-1.));
#1677=DIRECTION('',(0.,-1.,0.));
#1678=AXIS2_PLACEMENT_3D('',#1675,#1676,#1677);
#1679=PLANE('',#1678);
#1680=CARTESIAN_POINT('',(0.,0.5,0.1));
#1681=VERTEX_POINT('',#1680);
#1682=CARTESIAN_POINT('',(0.,1.04,0.1));
#1683=VERTEX_POINT('',#1682);
#1684=CARTESIAN_POINT('',(0.,0.5,0.1));
#1685=DIRECTION('',(-0.,1.,-0.));
#1686=VECTOR('',#1685,0.54);
#1687=LINE('',#1684,#1686);
#1688=EDGE_CURVE('',#1681,#1683,#1687,.T.);
#1689=ORIENTED_EDGE('',*,*,#1688,.T.);
#1690=CARTESIAN_POINT('',(0.53,1.04,0.1));
#1691=VERTEX_POINT('',#1690);
#1692=CARTESIAN_POINT('',(0.,1.04,0.1));
#1693=DIRECTION('',(1.,0.,-0.));
#1694=VECTOR('',#1693,0.53);
#1695=LINE('',#1692,#1694);
#1696=EDGE_CURVE('',#1683,#1691,#1695,.T.);
#1697=ORIENTED_EDGE('',*,*,#1696,.T.);
#1698=CARTESIAN_POINT('',(0.53,1.77,0.1));
#1699=VERTEX_POINT('',#1698);
#1700=CARTESIAN_POINT('',(0.53,1.04,0.1));
#1701=DIRECTION('',(0.,1.,0.));
#1702=VECTOR('',#1701,0.73);
#1703=LINE('',#1700,#1702);
#1704=EDGE_CURVE('',#1691,#1699,#1703,.T.);
#1705=ORIENTED_EDGE('',*,*,#1704,.T.);
#1706=CARTESIAN_POINT('',(0.,1.77,0.1));
#1707=VERTEX_POINT('',#1706);
#1708=CARTESIAN_POINT('',(0.,1.77,0.1));
#1709=DIRECTION('',(1.,0.,0.));
#1710=VECTOR('',#1709,0.53);
#1711=LINE('',#1708,#1710);
#1712=EDGE_CURVE('',#1707,#1699,#1711,.T.);
#1713=ORIENTED_EDGE('',*,*,#1712,.F.);
#1714=CARTESIAN_POINT('',(0.,2.31,0.1));
#1715=VERTEX_POINT('',#1714);
#1716=CARTESIAN_POINT('',(0.,1.77,0.1));
#1717=DIRECTION('',(-0.,1.,-0.));
#1718=VECTOR('',#1717,0.54);
#1719=LINE('',#1716,#1718);
#1720=EDGE_CURVE('',#1707,#1715,#1719,.T.);
#1721=ORIENTED_EDGE('',*,*,#1720,.T.);
#1722=CARTESIAN_POINT('',(0.53,2.31,0.1));
#1723=VERTEX_POINT('',#1722);
#1724=CARTESIAN_POINT('',(0.,2.31,0.1));
#1725=DIRECTION('',(1.,0.,-0.));
#1726=VECTOR('',#1725,0.53);
#1727=LINE('',#1724,#1726);
#1728=EDGE_CURVE('',#1715,#1723,#1727,.T.);
#1729=ORIENTED_EDGE('',*,*,#1728,.T.);
#1730=CARTESIAN_POINT('',(0.53,3.04,0.1));
#1731=VERTEX_POINT('',#1730);
#1732=CARTESIAN_POINT('',(0.53,2.31,0.1));
#1733=DIRECTION('',(0.,1.,0.));
#1734=VECTOR('',#1733,0.73);
#1735=LINE('',#1732,#1734);
#1736=EDGE_CURVE('',#1723,#1731,#1735,.T.);
#1737=ORIENTED_EDGE('',*,*,#1736,.T.);
#1738=CARTESIAN_POINT('',(0.,3.04,0.1));
#1739=VERTEX_POINT('',#1738);
#1740=CARTESIAN_POINT('',(0.,3.04,0.1));
#1741=DIRECTION('',(1.,0.,-0.));
#1742=VECTOR('',#1741,0.53);
#1743=LINE('',#1740,#1742);
#1744=EDGE_CURVE('',#1739,#1731,#1743,.T.);
#1745=ORIENTED_EDGE('',*,*,#1744,.F.);
#1746=CARTESIAN_POINT('',(0.,3.58,0.1));
#1747=VERTEX_POINT('',#1746);
#1748=CARTESIAN_POINT('',(0.,3.04,0.1));
#1749=DIRECTION('',(-0.,1.,-0.));
#1750=VECTOR('',#1749,0.54);
#1751=LINE('',#1748,#1750);
#1752=EDGE_CURVE('',#1739,#1747,#1751,.T.);
#1753=ORIENTED_EDGE('',*,*,#1752,.T.);
#1754=CARTESIAN_POINT('',(0.53,3.58,0.1));
#1755=VERTEX_POINT('',#1754);
#1756=CARTESIAN_POINT('',(0.,3.58,0.1));
#1757=DIRECTION('',(1.,0.,-0.));
#1758=VECTOR('',#1757,0.53);
#1759=LINE('',#1756,#1758);
#1760=EDGE_CURVE('',#1747,#1755,#1759,.T.);
#1761=ORIENTED_EDGE('',*,*,#1760,.T.);
#1762=CARTESIAN_POINT('',(0.53,4.31,0.1));
#1763=VERTEX_POINT('',#1762);
#1764=CARTESIAN_POINT('',(0.53,3.58,0.1));
#1765=DIRECTION('',(0.,1.,0.));
#1766=VECTOR('',#1765,0.73);
#1767=LINE('',#1764,#1766);
#1768=EDGE_CURVE('',#1755,#1763,#1767,.T.);
#1769=ORIENTED_EDGE('',*,*,#1768,.T.);
#1770=CARTESIAN_POINT('',(0.,4.31,0.1));
#1771=VERTEX_POINT('',#1770);
#1772=CARTESIAN_POINT('',(0.,4.31,0.1));
#1773=DIRECTION('',(1.,0.,-0.));
#1774=VECTOR('',#1773,0.53);
#1775=LINE('',#1772,#1774);
#1776=EDGE_CURVE('',#1771,#1763,#1775,.T.);
#1777=ORIENTED_EDGE('',*,*,#1776,.F.);
#1778=CARTESIAN_POINT('',(0.,4.85,0.1));
#1779=VERTEX_POINT('',#1778);
#1780=CARTESIAN_POINT('',(0.,4.31,0.1));
#1781=DIRECTION('',(-0.,1.,-0.));
#1782=VECTOR('',#1781,0.54);
#1783=LINE('',#1780,#1782);
#1784=EDGE_CURVE('',#1771,#1779,#1783,.T.);
#1785=ORIENTED_EDGE('',*,*,#1784,.T.);
#1786=CARTESIAN_POINT('',(3.86,4.85,0.1));
#1787=VERTEX_POINT('',#1786);
#1788=CARTESIAN_POINT('',(3.86,4.85,0.1));
#1789=DIRECTION('',(-1.,0.,0.));
#1790=VECTOR('',#1789,3.86);
#1791=LINE('',#1788,#1790);
#1792=EDGE_CURVE('',#1787,#1779,#1791,.T.);
#1793=ORIENTED_EDGE('',*,*,#1792,.F.);
#1794=CARTESIAN_POINT('',(3.86,5.35,0.1));
#1795=VERTEX_POINT('',#1794);
#1796=CARTESIAN_POINT('',(3.86,5.35,0.1));
#1797=DIRECTION('',(0.,-1.,0.));
#1798=VECTOR('',#1797,0.5);
#1799=LINE('',#1796,#1798);
#1800=EDGE_CURVE('',#1795,#1787,#1799,.T.);
#1801=ORIENTED_EDGE('',*,*,#1800,.F.);
#1802=CARTESIAN_POINT('',(4.26,5.35,0.1));
#1803=VERTEX_POINT('',#1802);
#1804=CARTESIAN_POINT('',(4.26,5.35,0.1));
#1805=DIRECTION('',(-1.,0.,0.));
#1806=VECTOR('',#1805,0.4);
#1807=LINE('',#1804,#1806);
#1808=EDGE_CURVE('',#1803,#1795,#1807,.T.);
#1809=ORIENTED_EDGE('',*,*,#1808,.F.);
#1810=CARTESIAN_POINT('',(4.26,0.,0.1));
#1811=VERTEX_POINT('',#1810);
#1812=CARTESIAN_POINT('',(4.26,5.35,0.1));
#1813=DIRECTION('',(0.,-1.,0.));
#1814=VECTOR('',#1813,5.35);
#1815=LINE('',#1812,#1814);
#1816=EDGE_CURVE('',#1803,#1811,#1815,.T.);
#1817=ORIENTED_EDGE('',*,*,#1816,.T.);
#1818=CARTESIAN_POINT('',(3.86,0.,0.1));
#1819=VERTEX_POINT('',#1818);
#1820=CARTESIAN_POINT('',(3.86,0.,0.1));
#1821=DIRECTION('',(1.,0.,-0.));
#1822=VECTOR('',#1821,0.4);
#1823=LINE('',#1820,#1822);
#1824=EDGE_CURVE('',#1819,#1811,#1823,.T.);
#1825=ORIENTED_EDGE('',*,*,#1824,.F.);
#1826=CARTESIAN_POINT('',(3.86,0.5,0.1));
#1827=VERTEX_POINT('',#1826);
#1828=CARTESIAN_POINT('',(3.86,0.,0.1));
#1829=DIRECTION('',(0.,1.,-0.));
#1830=VECTOR('',#1829,0.5);
#1831=LINE('',#1828,#1830);
#1832=EDGE_CURVE('',#1819,#1827,#1831,.T.);
#1833=ORIENTED_EDGE('',*,*,#1832,.T.);
#1834=CARTESIAN_POINT('',(3.86,0.5,0.1));
#1835=DIRECTION('',(-1.,0.,0.));
#1836=VECTOR('',#1835,3.86);
#1837=LINE('',#1834,#1836);
#1838=EDGE_CURVE('',#1827,#1681,#1837,.T.);
#1839=ORIENTED_EDGE('',*,*,#1838,.T.);
#1840=EDGE_LOOP('',(#1689,#1697,#1705,#1713,#1721,#1729,#1737,#1745,#1753,#1761,#1769,#1777,#1785,#1793,#1801,#1809,#1817,#1825,#1833,#1839));
#1841=FACE_BOUND('',#1840,.T.);
#1842=ADVANCED_FACE('',(#1841),#1679,.T.);
#1843=CARTESIAN_POINT('',(0.,5.35,-0.));
#1844=DIRECTION('',(0.,-0.,-1.));
#1845=DIRECTION('',(0.,-1.,0.));
#1846=AXIS2_PLACEMENT_3D('',#1843,#1844,#1845);
#1847=PLANE('',#1846);
#1848=CARTESIAN_POINT('',(6.1,3.04,-0.));
#1849=VERTEX_POINT('',#1848);
#1850=CARTESIAN_POINT('',(5.94,3.04,-0.));
#1851=VERTEX_POINT('',#1850);
#1852=CARTESIAN_POINT('',(6.1,3.04,-0.));
#1853=DIRECTION('',(-1.,0.,0.));
#1854=VECTOR('',#1853,0.16);
#1855=LINE('',#1852,#1854);
#1856=EDGE_CURVE('',#1849,#1851,#1855,.T.);
#1857=ORIENTED_EDGE('',*,*,#1856,.F.);
#1858=CARTESIAN_POINT('',(6.1,2.31,0.));
#1859=VERTEX_POINT('',#1858);
#1860=CARTESIAN_POINT('',(6.1,2.31,0.));
#1861=DIRECTION('',(0.,1.,-0.));
#1862=VECTOR('',#1861,0.73);
#1863=LINE('',#1860,#1862);
#1864=EDGE_CURVE('',#1859,#1849,#1863,.T.);
#1865=ORIENTED_EDGE('',*,*,#1864,.F.);
#1866=CARTESIAN_POINT('',(5.94,2.31,0.));
#1867=VERTEX_POINT('',#1866);
#1868=CARTESIAN_POINT('',(5.94,2.31,0.));
#1869=DIRECTION('',(1.,0.,-0.));
#1870=VECTOR('',#1869,0.16);
#1871=LINE('',#1868,#1870);
#1872=EDGE_CURVE('',#1867,#1859,#1871,.T.);
#1873=ORIENTED_EDGE('',*,*,#1872,.F.);
#1874=CARTESIAN_POINT('',(5.94,3.04,-0.));
#1875=DIRECTION('',(-0.,-1.,0.));
#1876=VECTOR('',#1875,0.73);
#1877=LINE('',#1874,#1876);
#1878=EDGE_CURVE('',#1851,#1867,#1877,.T.);
#1879=ORIENTED_EDGE('',*,*,#1878,.F.);
#1880=EDGE_LOOP('',(#1857,#1865,#1873,#1879));
#1881=FACE_BOUND('',#1880,.T.);
#1882=ADVANCED_FACE('',(#1881),#1847,.T.);
#1883=CARTESIAN_POINT('',(0.,5.35,-0.));
#1884=DIRECTION('',(0.,-0.,-1.));
#1885=DIRECTION('',(0.,-1.,0.));
#1886=AXIS2_PLACEMENT_3D('',#1883,#1884,#1885);
#1887=PLANE('',#1886);
#1888=CARTESIAN_POINT('',(6.1,1.77,0.));
#1889=VERTEX_POINT('',#1888);
#1890=CARTESIAN_POINT('',(5.94,1.77,0.));
#1891=VERTEX_POINT('',#1890);
#1892=CARTESIAN_POINT('',(6.1,1.77,0.));
#1893=DIRECTION('',(-1.,0.,0.));
#1894=VECTOR('',#1893,0.16);
#1895=LINE('',#1892,#1894);
#1896=EDGE_CURVE('',#1889,#1891,#1895,.T.);
#1897=ORIENTED_EDGE('',*,*,#1896,.F.);
#1898=CARTESIAN_POINT('',(6.1,1.04,0.));
#1899=VERTEX_POINT('',#1898);
#1900=CARTESIAN_POINT('',(6.1,1.04,0.));
#1901=DIRECTION('',(0.,1.,-0.));
#1902=VECTOR('',#1901,0.73);
#1903=LINE('',#1900,#1902);
#1904=EDGE_CURVE('',#1899,#1889,#1903,.T.);
#1905=ORIENTED_EDGE('',*,*,#1904,.F.);
#1906=CARTESIAN_POINT('',(5.94,1.04,0.));
#1907=VERTEX_POINT('',#1906);
#1908=CARTESIAN_POINT('',(5.94,1.04,0.));
#1909=DIRECTION('',(1.,0.,-0.));
#1910=VECTOR('',#1909,0.16);
#1911=LINE('',#1908,#1910);
#1912=EDGE_CURVE('',#1907,#1899,#1911,.T.);
#1913=ORIENTED_EDGE('',*,*,#1912,.F.);
#1914=CARTESIAN_POINT('',(5.94,1.77,-0.));
#1915=DIRECTION('',(-0.,-1.,0.));
#1916=VECTOR('',#1915,0.73);
#1917=LINE('',#1914,#1916);
#1918=EDGE_CURVE('',#1891,#1907,#1917,.T.);
#1919=ORIENTED_EDGE('',*,*,#1918,.F.);
#1920=EDGE_LOOP('',(#1897,#1905,#1913,#1919));
#1921=FACE_BOUND('',#1920,.T.);
#1922=ADVANCED_FACE('',(#1921),#1887,.T.);
#1923=CARTESIAN_POINT('',(0.,5.35,-0.));
#1924=DIRECTION('',(0.,-0.,-1.));
#1925=DIRECTION('',(0.,-1.,0.));
#1926=AXIS2_PLACEMENT_3D('',#1923,#1924,#1925);
#1927=PLANE('',#1926);
#1928=CARTESIAN_POINT('',(3.86,5.35,-0.));
#1929=VERTEX_POINT('',#1928);
#1930=CARTESIAN_POINT('',(3.86,4.85,-0.));
#1931=VERTEX_POINT('',#1930);
#1932=CARTESIAN_POINT('',(3.86,5.35,-0.));
#1933=DIRECTION('',(0.,-1.,0.));
#1934=VECTOR('',#1933,0.5);
#1935=LINE('',#1932,#1934);
#1936=EDGE_CURVE('',#1929,#1931,#1935,.T.);
#1937=ORIENTED_EDGE('',*,*,#1936,.T.);
#1938=CARTESIAN_POINT('',(0.,4.85,-0.));
#1939=VERTEX_POINT('',#1938);
#1940=CARTESIAN_POINT('',(3.86,4.85,-0.));
#1941=DIRECTION('',(-1.,0.,0.));
#1942=VECTOR('',#1941,3.86);
#1943=LINE('',#1940,#1942);
#1944=EDGE_CURVE('',#1931,#1939,#1943,.T.);
#1945=ORIENTED_EDGE('',*,*,#1944,.T.);
#1946=CARTESIAN_POINT('',(0.,5.35,-0.));
#1947=VERTEX_POINT('',#1946);
#1948=CARTESIAN_POINT('',(0.,4.85,-0.));
#1949=DIRECTION('',(-0.,1.,-0.));
#1950=VECTOR('',#1949,0.5);
#1951=LINE('',#1948,#1950);
#1952=EDGE_CURVE('',#1939,#1947,#1951,.T.);
#1953=ORIENTED_EDGE('',*,*,#1952,.T.);
#1954=CARTESIAN_POINT('',(0.,5.35,-0.));
#1955=DIRECTION('',(1.,-0.,-0.));
#1956=VECTOR('',#1955,3.86);
#1957=LINE('',#1954,#1956);
#1958=EDGE_CURVE('',#1947,#1929,#1957,.T.);
#1959=ORIENTED_EDGE('',*,*,#1958,.T.);
#1960=EDGE_LOOP('',(#1937,#1945,#1953,#1959));
#1961=FACE_BOUND('',#1960,.T.);
#1962=ADVANCED_FACE('',(#1961),#1927,.T.);
#1963=CARTESIAN_POINT('',(0.,5.35,-0.));
#1964=DIRECTION('',(0.,-0.,-1.));
#1965=DIRECTION('',(0.,-1.,0.));
#1966=AXIS2_PLACEMENT_3D('',#1963,#1964,#1965);
#1967=PLANE('',#1966);
#1968=CARTESIAN_POINT('',(3.86,0.,0.));
#1969=VERTEX_POINT('',#1968);
#1970=CARTESIAN_POINT('',(3.86,0.5,0.));
#1971=VERTEX_POINT('',#1970);
#1972=CARTESIAN_POINT('',(3.86,0.,0.));
#1973=DIRECTION('',(0.,1.,-0.));
#1974=VECTOR('',#1973,0.5);
#1975=LINE('',#1972,#1974);
#1976=EDGE_CURVE('',#1969,#1971,#1975,.T.);
#1977=ORIENTED_EDGE('',*,*,#1976,.F.);
#1978=CARTESIAN_POINT('',(0.,0.,0.));
#1979=VERTEX_POINT('',#1978);
#1980=CARTESIAN_POINT('',(0.,0.,0.));
#1981=DIRECTION('',(1.,0.,-0.));
#1982=VECTOR('',#1981,3.86);
#1983=LINE('',#1980,#1982);
#1984=EDGE_CURVE('',#1979,#1969,#1983,.T.);
#1985=ORIENTED_EDGE('',*,*,#1984,.F.);
#1986=CARTESIAN_POINT('',(0.,0.5,0.));
#1987=VERTEX_POINT('',#1986);
#1988=CARTESIAN_POINT('',(0.,0.,0.));
#1989=DIRECTION('',(-0.,1.,-0.));
#1990=VECTOR('',#1989,0.5);
#1991=LINE('',#1988,#1990);
#1992=EDGE_CURVE('',#1979,#1987,#1991,.T.);
#1993=ORIENTED_EDGE('',*,*,#1992,.T.);
#1994=CARTESIAN_POINT('',(3.86,0.5,0.));
#1995=DIRECTION('',(-1.,0.,0.));
#1996=VECTOR('',#1995,3.86);
#1997=LINE('',#1994,#1996);
#1998=EDGE_CURVE('',#1971,#1987,#1997,.T.);
#1999=ORIENTED_EDGE('',*,*,#1998,.F.);
#2000=EDGE_LOOP('',(#1977,#1985,#1993,#1999));
#2001=FACE_BOUND('',#2000,.T.);
#2002=ADVANCED_FACE('',(#2001),#1967,.T.);
#2003=CARTESIAN_POINT('',(3.05,0.,0.));
#2004=DIRECTION('',(0.,-1.,0.));
#2005=DIRECTION('',(0.,-0.,-1.));
#2006=AXIS2_PLACEMENT_3D('',#2003,#2004,#2005);
#2007=PLANE('',#2006);
#2008=ORIENTED_EDGE('',*,*,#1824,.T.);
#2009=CARTESIAN_POINT('',(4.26,0.,0.));
#2010=VERTEX_POINT('',#2009);
#2011=CARTESIAN_POINT('',(4.26,0.,0.1));
#2012=DIRECTION('',(0.,-0.,-1.));
#2013=VECTOR('',#2012,0.1);
#2014=LINE('',#2011,#2013);
#2015=EDGE_CURVE('',#1811,#2010,#2014,.T.);
#2016=ORIENTED_EDGE('',*,*,#2015,.T.);
#2017=CARTESIAN_POINT('',(6.1,0.,0.));
#2018=VERTEX_POINT('',#2017);
#2019=CARTESIAN_POINT('',(4.26,0.,0.));
#2020=DIRECTION('',(1.,0.,-0.));
#2021=VECTOR('',#2020,1.84);
#2022=LINE('',#2019,#2021);
#2023=EDGE_CURVE('',#2010,#2018,#2022,.T.);
#2024=ORIENTED_EDGE('',*,*,#2023,.T.);
#2025=CARTESIAN_POINT('',(6.1,0.,1.2));
#2026=VERTEX_POINT('',#2025);
#2027=CARTESIAN_POINT('',(6.1,0.,0.));
#2028=DIRECTION('',(0.,0.,1.));
#2029=VECTOR('',#2028,1.2);
#2030=LINE('',#2027,#2029);
#2031=EDGE_CURVE('',#2018,#2026,#2030,.T.);
#2032=ORIENTED_EDGE('',*,*,#2031,.T.);
#2033=CARTESIAN_POINT('',(0.,0.,1.2));
#2034=VERTEX_POINT('',#2033);
#2035=CARTESIAN_POINT('',(0.,0.,1.2));
#2036=DIRECTION('',(1.,0.,-0.));
#2037=VECTOR('',#2036,6.1);
#2038=LINE('',#2035,#2037);
#2039=EDGE_CURVE('',#2034,#2026,#2038,.T.);
#2040=ORIENTED_EDGE('',*,*,#2039,.F.);
#2041=CARTESIAN_POINT('',(0.,0.,0.));
#2042=DIRECTION('',(0.,0.,1.));
#2043=VECTOR('',#2042,1.2);
#2044=LINE('',#2041,#2043);
#2045=EDGE_CURVE('',#1979,#2034,#2044,.T.);
#2046=ORIENTED_EDGE('',*,*,#2045,.F.);
#2047=ORIENTED_EDGE('',*,*,#1984,.T.);
#2048=CARTESIAN_POINT('',(3.86,0.,0.1));
#2049=DIRECTION('',(0.,-0.,-1.));
#2050=VECTOR('',#2049,0.1);
#2051=LINE('',#2048,#2050);
#2052=EDGE_CURVE('',#1819,#1969,#2051,.T.);
#2053=ORIENTED_EDGE('',*,*,#2052,.F.);
#2054=EDGE_LOOP('',(#2008,#2016,#2024,#2032,#2040,#2046,#2047,#2053));
#2055=FACE_BOUND('',#2054,.T.);
#2056=ADVANCED_FACE('',(#2055),#2007,.T.);
#2057=CARTESIAN_POINT('',(6.1,2.675,0.));
#2058=DIRECTION('',(1.,-0.,0.));
#2059=DIRECTION('',(-0.,-1.,0.));
#2060=AXIS2_PLACEMENT_3D('',#2057,#2058,#2059);
#2061=PLANE('',#2060);
#2062=CARTESIAN_POINT('',(6.1,1.04,0.35));
#2063=VERTEX_POINT('',#2062);
#2064=CARTESIAN_POINT('',(6.1,1.04,-0.));
#2065=DIRECTION('',(0.,0.,1.));
#2066=VECTOR('',#2065,0.35);
#2067=LINE('',#2064,#2066);
#2068=EDGE_CURVE('',#1899,#2063,#2067,.T.);
#2069=ORIENTED_EDGE('',*,*,#2068,.F.);
#2070=ORIENTED_EDGE('',*,*,#1904,.T.);
#2071=CARTESIAN_POINT('',(6.1,1.77,0.35));
#2072=VERTEX_POINT('',#2071);
#2073=CARTESIAN_POINT('',(6.1,1.77,0.35));
#2074=DIRECTION('',(0.,-0.,-1.));
#2075=VECTOR('',#2074,0.35);
#2076=LINE('',#2073,#2075);
#2077=EDGE_CURVE('',#2072,#1889,#2076,.T.);
#2078=ORIENTED_EDGE('',*,*,#2077,.F.);
#2079=CARTESIAN_POINT('',(6.1,2.31,0.35));
#2080=VERTEX_POINT('',#2079);
#2081=CARTESIAN_POINT('',(6.1,1.77,0.35));
#2082=DIRECTION('',(0.,1.,-0.));
#2083=VECTOR('',#2082,0.54);
#2084=LINE('',#2081,#2083);
#2085=EDGE_CURVE('',#2072,#2080,#2084,.T.);
#2086=ORIENTED_EDGE('',*,*,#2085,.T.);
#2087=CARTESIAN_POINT('',(6.1,2.31,0.));
#2088=DIRECTION('',(0.,0.,1.));
#2089=VECTOR('',#2088,0.35);
#2090=LINE('',#2087,#2089);
#2091=EDGE_CURVE('',#1859,#2080,#2090,.T.);
#2092=ORIENTED_EDGE('',*,*,#2091,.F.);
#2093=ORIENTED_EDGE('',*,*,#1864,.T.);
#2094=CARTESIAN_POINT('',(6.1,3.04,0.35));
#2095=VERTEX_POINT('',#2094);
#2096=CARTESIAN_POINT('',(6.1,3.04,0.35));
#2097=DIRECTION('',(0.,-0.,-1.));
#2098=VECTOR('',#2097,0.35);
#2099=LINE('',#2096,#2098);
#2100=EDGE_CURVE('',#2095,#1849,#2099,.T.);
#2101=ORIENTED_EDGE('',*,*,#2100,.F.);
#2102=CARTESIAN_POINT('',(6.1,3.58,0.35));
#2103=VERTEX_POINT('',#2102);
#2104=CARTESIAN_POINT('',(6.1,3.04,0.35));
#2105=DIRECTION('',(0.,1.,-0.));
#2106=VECTOR('',#2105,0.54);
#2107=LINE('',#2104,#2106);
#2108=EDGE_CURVE('',#2095,#2103,#2107,.T.);
#2109=ORIENTED_EDGE('',*,*,#2108,.T.);
#2110=CARTESIAN_POINT('',(6.1,3.58,-0.));
#2111=VERTEX_POINT('',#2110);
#2112=CARTESIAN_POINT('',(6.1,3.58,-0.));
#2113=DIRECTION('',(0.,0.,1.));
#2114=VECTOR('',#2113,0.35);
#2115=LINE('',#2112,#2114);
#2116=EDGE_CURVE('',#2111,#2103,#2115,.T.);
#2117=ORIENTED_EDGE('',*,*,#2116,.F.);
#2118=CARTESIAN_POINT('',(6.1,4.31,-0.));
#2119=VERTEX_POINT('',#2118);
#2120=CARTESIAN_POINT('',(6.1,3.58,-0.));
#2121=DIRECTION('',(0.,1.,-0.));
#2122=VECTOR('',#2121,0.73);
#2123=LINE('',#2120,#2122);
#2124=EDGE_CURVE('',#2111,#2119,#2123,.T.);
#2125=ORIENTED_EDGE('',*,*,#2124,.T.);
#2126=CARTESIAN_POINT('',(6.1,4.31,0.35));
#2127=VERTEX_POINT('',#2126);
#2128=CARTESIAN_POINT('',(6.1,4.31,0.35));
#2129=DIRECTION('',(0.,-0.,-1.));
#2130=VECTOR('',#2129,0.35);
#2131=LINE('',#2128,#2130);
#2132=EDGE_CURVE('',#2127,#2119,#2131,.T.);
#2133=ORIENTED_EDGE('',*,*,#2132,.F.);
#2134=CARTESIAN_POINT('',(6.1,4.85,0.35));
#2135=VERTEX_POINT('',#2134);
#2136=CARTESIAN_POINT('',(6.1,4.31,0.35));
#2137=DIRECTION('',(0.,1.,-0.));
#2138=VECTOR('',#2137,0.54);
#2139=LINE('',#2136,#2138);
#2140=EDGE_CURVE('',#2127,#2135,#2139,.T.);
#2141=ORIENTED_EDGE('',*,*,#2140,.T.);
#2142=CARTESIAN_POINT('',(6.1,4.85,-0.));
#2143=VERTEX_POINT('',#2142);
#2144=CARTESIAN_POINT('',(6.1,4.85,-0.));
#2145=DIRECTION('',(0.,0.,1.));
#2146=VECTOR('',#2145,0.35);
#2147=LINE('',#2144,#2146);
#2148=EDGE_CURVE('',#2143,#2135,#2147,.T.);
#2149=ORIENTED_EDGE('',*,*,#2148,.F.);
#2150=CARTESIAN_POINT('',(6.1,5.35,-0.));
#2151=VERTEX_POINT('',#2150);
#2152=CARTESIAN_POINT('',(6.1,4.85,-0.));
#2153=DIRECTION('',(0.,1.,-0.));
#2154=VECTOR('',#2153,0.5);
#2155=LINE('',#2152,#2154);
#2156=EDGE_CURVE('',#2143,#2151,#2155,.T.);
#2157=ORIENTED_EDGE('',*,*,#2156,.T.);
#2158=CARTESIAN_POINT('',(6.1,5.35,1.2));
#2159=VERTEX_POINT('',#2158);
#2160=CARTESIAN_POINT('',(6.1,5.35,-0.));
#2161=DIRECTION('',(0.,0.,1.));
#2162=VECTOR('',#2161,1.2);
#2163=LINE('',#2160,#2162);
#2164=EDGE_CURVE('',#2151,#2159,#2163,.T.);
#2165=ORIENTED_EDGE('',*,*,#2164,.T.);
#2166=CARTESIAN_POINT('',(6.1,0.,1.2));
#2167=DIRECTION('',(0.,1.,-0.));
#2168=VECTOR('',#2167,5.35);
#2169=LINE('',#2166,#2168);
#2170=EDGE_CURVE('',#2026,#2159,#2169,.T.);
#2171=ORIENTED_EDGE('',*,*,#2170,.F.);
#2172=ORIENTED_EDGE('',*,*,#2031,.F.);
#2173=CARTESIAN_POINT('',(6.1,0.5,0.));
#2174=VERTEX_POINT('',#2173);
#2175=CARTESIAN_POINT('',(6.1,0.,0.));
#2176=DIRECTION('',(0.,1.,-0.));
#2177=VECTOR('',#2176,0.5);
#2178=LINE('',#2175,#2177);
#2179=EDGE_CURVE('',#2018,#2174,#2178,.T.);
#2180=ORIENTED_EDGE('',*,*,#2179,.T.);
#2181=CARTESIAN_POINT('',(6.1,0.5,0.35));
#2182=VERTEX_POINT('',#2181);
#2183=CARTESIAN_POINT('',(6.1,0.5,0.35));
#2184=DIRECTION('',(0.,-0.,-1.));
#2185=VECTOR('',#2184,0.35);
#2186=LINE('',#2183,#2185);
#2187=EDGE_CURVE('',#2182,#2174,#2186,.T.);
#2188=ORIENTED_EDGE('',*,*,#2187,.F.);
#2189=CARTESIAN_POINT('',(6.1,0.5,0.35));
#2190=DIRECTION('',(0.,1.,-0.));
#2191=VECTOR('',#2190,0.54);
#2192=LINE('',#2189,#2191);
#2193=EDGE_CURVE('',#2182,#2063,#2192,.T.);
#2194=ORIENTED_EDGE('',*,*,#2193,.T.);
#2195=EDGE_LOOP('',(#2069,#2070,#2078,#2086,#2092,#2093,#2101,#2109,#2117,#2125,#2133,#2141,#2149,#2157,#2165,#2171,#2172,#2180,#2188,#2194));
#2196=FACE_BOUND('',#2195,.T.);
#2197=ADVANCED_FACE('',(#2196),#2061,.T.);
#2198=CARTESIAN_POINT('',(0.,5.35,-0.));
#2199=DIRECTION('',(1.,0.,0.));
#2200=DIRECTION('',(0.,0.,1.));
#2201=AXIS2_PLACEMENT_3D('',#2198,#2199,#2200);
#2202=PLANE('',#2201);
#2203=ORIENTED_EDGE('',*,*,#1688,.F.);
#2204=CARTESIAN_POINT('',(0.,0.5,0.1));
#2205=DIRECTION('',(0.,-0.,-1.));
#2206=VECTOR('',#2205,0.1);
#2207=LINE('',#2204,#2206);
#2208=EDGE_CURVE('',#1681,#1987,#2207,.T.);
#2209=ORIENTED_EDGE('',*,*,#2208,.T.);
#2210=ORIENTED_EDGE('',*,*,#1992,.F.);
#2211=ORIENTED_EDGE('',*,*,#2045,.T.);
#2212=CARTESIAN_POINT('',(0.,5.35,1.2));
#2213=VERTEX_POINT('',#2212);
#2214=CARTESIAN_POINT('',(0.,0.,1.2));
#2215=DIRECTION('',(-0.,1.,-0.));
#2216=VECTOR('',#2215,5.35);
#2217=LINE('',#2214,#2216);
#2218=EDGE_CURVE('',#2034,#2213,#2217,.T.);
#2219=ORIENTED_EDGE('',*,*,#2218,.T.);
#2220=CARTESIAN_POINT('',(0.,5.35,-0.));
#2221=DIRECTION('',(0.,0.,1.));
#2222=VECTOR('',#2221,1.2);
#2223=LINE('',#2220,#2222);
#2224=EDGE_CURVE('',#1947,#2213,#2223,.T.);
#2225=ORIENTED_EDGE('',*,*,#2224,.F.);
#2226=ORIENTED_EDGE('',*,*,#1952,.F.);
#2227=CARTESIAN_POINT('',(0.,4.85,0.1));
#2228=DIRECTION('',(0.,-0.,-1.));
#2229=VECTOR('',#2228,0.1);
#2230=LINE('',#2227,#2229);
#2231=EDGE_CURVE('',#1779,#1939,#2230,.T.);
#2232=ORIENTED_EDGE('',*,*,#2231,.F.);
#2233=ORIENTED_EDGE('',*,*,#1784,.F.);
#2234=CARTESIAN_POINT('',(0.,4.31,0.));
#2235=VERTEX_POINT('',#2234);
#2236=CARTESIAN_POINT('',(0.,4.31,0.));
#2237=DIRECTION('',(0.,0.,1.));
#2238=VECTOR('',#2237,0.1);
#2239=LINE('',#2236,#2238);
#2240=EDGE_CURVE('',#2235,#1771,#2239,.T.);
#2241=ORIENTED_EDGE('',*,*,#2240,.F.);
#2242=CARTESIAN_POINT('',(0.,3.58,0.));
#2243=VERTEX_POINT('',#2242);
#2244=CARTESIAN_POINT('',(0.,3.58,0.));
#2245=DIRECTION('',(0.,1.,0.));
#2246=VECTOR('',#2245,0.73);
#2247=LINE('',#2244,#2246);
#2248=EDGE_CURVE('',#2243,#2235,#2247,.T.);
#2249=ORIENTED_EDGE('',*,*,#2248,.F.);
#2250=CARTESIAN_POINT('',(0.,3.58,0.));
#2251=DIRECTION('',(0.,0.,1.));
#2252=VECTOR('',#2251,0.1);
#2253=LINE('',#2250,#2252);
#2254=EDGE_CURVE('',#2243,#1747,#2253,.T.);
#2255=ORIENTED_EDGE('',*,*,#2254,.T.);
#2256=ORIENTED_EDGE('',*,*,#1752,.F.);
#2257=CARTESIAN_POINT('',(0.,3.04,0.));
#2258=VERTEX_POINT('',#2257);
#2259=CARTESIAN_POINT('',(0.,3.04,0.));
#2260=DIRECTION('',(0.,0.,1.));
#2261=VECTOR('',#2260,0.1);
#2262=LINE('',#2259,#2261);
#2263=EDGE_CURVE('',#2258,#1739,#2262,.T.);
#2264=ORIENTED_EDGE('',*,*,#2263,.F.);
#2265=CARTESIAN_POINT('',(0.,2.31,0.));
#2266=VERTEX_POINT('',#2265);
#2267=CARTESIAN_POINT('',(0.,2.31,0.));
#2268=DIRECTION('',(0.,1.,0.));
#2269=VECTOR('',#2268,0.73);
#2270=LINE('',#2267,#2269);
#2271=EDGE_CURVE('',#2266,#2258,#2270,.T.);
#2272=ORIENTED_EDGE('',*,*,#2271,.F.);
#2273=CARTESIAN_POINT('',(0.,2.31,0.));
#2274=DIRECTION('',(0.,0.,1.));
#2275=VECTOR('',#2274,0.1);
#2276=LINE('',#2273,#2275);
#2277=EDGE_CURVE('',#2266,#1715,#2276,.T.);
#2278=ORIENTED_EDGE('',*,*,#2277,.T.);
#2279=ORIENTED_EDGE('',*,*,#1720,.F.);
#2280=CARTESIAN_POINT('',(0.,1.77,0.));
#2281=VERTEX_POINT('',#2280);
#2282=CARTESIAN_POINT('',(0.,1.77,0.));
#2283=DIRECTION('',(0.,0.,1.));
#2284=VECTOR('',#2283,0.1);
#2285=LINE('',#2282,#2284);
#2286=EDGE_CURVE('',#2281,#1707,#2285,.T.);
#2287=ORIENTED_EDGE('',*,*,#2286,.F.);
#2288=CARTESIAN_POINT('',(0.,1.04,0.));
#2289=VERTEX_POINT('',#2288);
#2290=CARTESIAN_POINT('',(0.,1.04,0.));
#2291=DIRECTION('',(0.,1.,0.));
#2292=VECTOR('',#2291,0.73);
#2293=LINE('',#2290,#2292);
#2294=EDGE_CURVE('',#2289,#2281,#2293,.T.);
#2295=ORIENTED_EDGE('',*,*,#2294,.F.);
#2296=CARTESIAN_POINT('',(0.,1.04,0.));
#2297=DIRECTION('',(0.,0.,1.));
#2298=VECTOR('',#2297,0.1);
#2299=LINE('',#2296,#2298);
#2300=EDGE_CURVE('',#2289,#1683,#2299,.T.);
#2301=ORIENTED_EDGE('',*,*,#2300,.T.);
#2302=EDGE_LOOP('',(#2203,#2209,#2210,#2211,#2219,#2225,#2226,#2232,#2233,#2241,#2249,#2255,#2256,#2264,#2272,#2278,#2279,#2287,#2295,#2301));
#2303=FACE_BOUND('',#2302,.T.);
#2304=ADVANCED_FACE('',(#2303),#2202,.F.);
#2305=CARTESIAN_POINT('',(0.,5.35,-0.));
#2306=DIRECTION('',(0.,-1.,0.));
#2307=DIRECTION('',(0.,-0.,-1.));
#2308=AXIS2_PLACEMENT_3D('',#2305,#2306,#2307);
#2309=PLANE('',#2308);
#2310=ORIENTED_EDGE('',*,*,#1808,.T.);
#2311=CARTESIAN_POINT('',(3.86,5.35,0.1));
#2312=DIRECTION('',(0.,-0.,-1.));
#2313=VECTOR('',#2312,0.1);
#2314=LINE('',#2311,#2313);
#2315=EDGE_CURVE('',#1795,#1929,#2314,.T.);
#2316=ORIENTED_EDGE('',*,*,#2315,.T.);
#2317=ORIENTED_EDGE('',*,*,#1958,.F.);
#2318=ORIENTED_EDGE('',*,*,#2224,.T.);
#2319=CARTESIAN_POINT('',(0.,5.35,1.2));
#2320=DIRECTION('',(1.,-0.,-0.));
#2321=VECTOR('',#2320,6.1);
#2322=LINE('',#2319,#2321);
#2323=EDGE_CURVE('',#2213,#2159,#2322,.T.);
#2324=ORIENTED_EDGE('',*,*,#2323,.T.);
#2325=ORIENTED_EDGE('',*,*,#2164,.F.);
#2326=CARTESIAN_POINT('',(4.26,5.35,-0.));
#2327=VERTEX_POINT('',#2326);
#2328=CARTESIAN_POINT('',(4.26,5.35,-0.));
#2329=DIRECTION('',(1.,-0.,-0.));
#2330=VECTOR('',#2329,1.84);
#2331=LINE('',#2328,#2330);
#2332=EDGE_CURVE('',#2327,#2151,#2331,.T.);
#2333=ORIENTED_EDGE('',*,*,#2332,.F.);
#2334=CARTESIAN_POINT('',(4.26,5.35,0.1));
#2335=DIRECTION('',(0.,-0.,-1.));
#2336=VECTOR('',#2335,0.1);
#2337=LINE('',#2334,#2336);
#2338=EDGE_CURVE('',#1803,#2327,#2337,.T.);
#2339=ORIENTED_EDGE('',*,*,#2338,.F.);
#2340=EDGE_LOOP('',(#2310,#2316,#2317,#2318,#2324,#2325,#2333,#2339));
#2341=FACE_BOUND('',#2340,.T.);
#2342=ADVANCED_FACE('',(#2341),#2309,.F.);
#2343=CARTESIAN_POINT('',(0.,5.35,-0.));
#2344=DIRECTION('',(0.,-0.,-1.));
#2345=DIRECTION('',(0.,-1.,0.));
#2346=AXIS2_PLACEMENT_3D('',#2343,#2344,#2345);
#2347=PLANE('',#2346);
#2348=CARTESIAN_POINT('',(5.36,3.58,-0.));
#2349=VERTEX_POINT('',#2348);
#2350=CARTESIAN_POINT('',(5.36,3.58,-0.));
#2351=DIRECTION('',(1.,0.,-0.));
#2352=VECTOR('',#2351,0.74);
#2353=LINE('',#2350,#2352);
#2354=EDGE_CURVE('',#2349,#2111,#2353,.T.);
#2355=ORIENTED_EDGE('',*,*,#2354,.F.);
#2356=CARTESIAN_POINT('',(5.36,0.5,0.));
#2357=VERTEX_POINT('',#2356);
#2358=CARTESIAN_POINT('',(5.36,0.5,0.));
#2359=DIRECTION('',(0.,1.,-0.));
#2360=VECTOR('',#2359,3.08);
#2361=LINE('',#2358,#2360);
#2362=EDGE_CURVE('',#2357,#2349,#2361,.T.);
#2363=ORIENTED_EDGE('',*,*,#2362,.F.);
#2364=CARTESIAN_POINT('',(6.1,0.5,0.));
#2365=DIRECTION('',(-1.,0.,0.));
#2366=VECTOR('',#2365,0.74);
#2367=LINE('',#2364,#2366);
#2368=EDGE_CURVE('',#2174,#2357,#2367,.T.);
#2369=ORIENTED_EDGE('',*,*,#2368,.F.);
#2370=ORIENTED_EDGE('',*,*,#2179,.F.);
#2371=ORIENTED_EDGE('',*,*,#2023,.F.);
#2372=CARTESIAN_POINT('',(4.26,5.35,-0.));
#2373=DIRECTION('',(0.,-1.,0.));
#2374=VECTOR('',#2373,5.35);
#2375=LINE('',#2372,#2374);
#2376=EDGE_CURVE('',#2327,#2010,#2375,.T.);
#2377=ORIENTED_EDGE('',*,*,#2376,.F.);
#2378=ORIENTED_EDGE('',*,*,#2332,.T.);
#2379=ORIENTED_EDGE('',*,*,#2156,.F.);
#2380=CARTESIAN_POINT('',(5.36,4.85,-0.));
#2381=VERTEX_POINT('',#2380);
#2382=CARTESIAN_POINT('',(5.36,4.85,-0.));
#2383=DIRECTION('',(1.,0.,-0.));
#2384=VECTOR('',#2383,0.74);
#2385=LINE('',#2382,#2384);
#2386=EDGE_CURVE('',#2381,#2143,#2385,.T.);
#2387=ORIENTED_EDGE('',*,*,#2386,.F.);
#2388=CARTESIAN_POINT('',(5.36,4.31,-0.));
#2389=VERTEX_POINT('',#2388);
#2390=CARTESIAN_POINT('',(5.36,4.31,-0.));
#2391=DIRECTION('',(0.,1.,-0.));
#2392=VECTOR('',#2391,0.54);
#2393=LINE('',#2390,#2392);
#2394=EDGE_CURVE('',#2389,#2381,#2393,.T.);
#2395=ORIENTED_EDGE('',*,*,#2394,.F.);
#2396=CARTESIAN_POINT('',(6.1,4.31,-0.));
#2397=DIRECTION('',(-1.,0.,0.));
#2398=VECTOR('',#2397,0.74);
#2399=LINE('',#2396,#2398);
#2400=EDGE_CURVE('',#2119,#2389,#2399,.T.);
#2401=ORIENTED_EDGE('',*,*,#2400,.F.);
#2402=ORIENTED_EDGE('',*,*,#2124,.F.);
#2403=EDGE_LOOP('',(#2355,#2363,#2369,#2370,#2371,#2377,#2378,#2379,#2387,#2395,#2401,#2402));
#2404=FACE_BOUND('',#2403,.T.);
#2405=ADVANCED_FACE('',(#2404),#2347,.T.);
#2406=CARTESIAN_POINT('',(0.,5.35,1.2));
#2407=DIRECTION('',(0.,-0.,-1.));
#2408=DIRECTION('',(0.,-1.,0.));
#2409=AXIS2_PLACEMENT_3D('',#2406,#2407,#2408);
#2410=PLANE('',#2409);
#2411=ORIENTED_EDGE('',*,*,#2170,.T.);
#2412=ORIENTED_EDGE('',*,*,#2323,.F.);
#2413=ORIENTED_EDGE('',*,*,#2218,.F.);
#2414=ORIENTED_EDGE('',*,*,#2039,.T.);
#2415=EDGE_LOOP('',(#2411,#2412,#2413,#2414));
#2416=FACE_BOUND('',#2415,.T.);
#2417=ADVANCED_FACE('',(#2416),#2410,.F.);
#2418=CARTESIAN_POINT('',(3.86,0.25,0.1));
#2419=DIRECTION('',(-1.,0.,0.));
#2420=DIRECTION('',(0.,-0.,-1.));
#2421=AXIS2_PLACEMENT_3D('',#2418,#2419,#2420);
#2422=PLANE('',#2421);
#2423=ORIENTED_EDGE('',*,*,#1976,.T.);
#2424=CARTESIAN_POINT('',(3.86,0.5,0.1));
#2425=DIRECTION('',(0.,-0.,-1.));
#2426=VECTOR('',#2425,0.1);
#2427=LINE('',#2424,#2426);
#2428=EDGE_CURVE('',#1827,#1971,#2427,.T.);
#2429=ORIENTED_EDGE('',*,*,#2428,.F.);
#2430=ORIENTED_EDGE('',*,*,#1832,.F.);
#2431=ORIENTED_EDGE('',*,*,#2052,.T.);
#2432=EDGE_LOOP('',(#2423,#2429,#2430,#2431));
#2433=FACE_BOUND('',#2432,.T.);
#2434=ADVANCED_FACE('',(#2433),#2422,.F.);
#2435=CARTESIAN_POINT('',(1.93,0.5,0.1));
#2436=DIRECTION('',(0.,-1.,0.));
#2437=DIRECTION('',(0.,-0.,-1.));
#2438=AXIS2_PLACEMENT_3D('',#2435,#2436,#2437);
#2439=PLANE('',#2438);
#2440=ORIENTED_EDGE('',*,*,#1998,.T.);
#2441=ORIENTED_EDGE('',*,*,#2208,.F.);
#2442=ORIENTED_EDGE('',*,*,#1838,.F.);
#2443=ORIENTED_EDGE('',*,*,#2428,.T.);
#2444=EDGE_LOOP('',(#2440,#2441,#2442,#2443));
#2445=FACE_BOUND('',#2444,.T.);
#2446=ADVANCED_FACE('',(#2445),#2439,.F.);
#2447=CARTESIAN_POINT('',(1.93,4.85,0.1));
#2448=DIRECTION('',(0.,-1.,0.));
#2449=DIRECTION('',(0.,-0.,-1.));
#2450=AXIS2_PLACEMENT_3D('',#2447,#2448,#2449);
#2451=PLANE('',#2450);
#2452=ORIENTED_EDGE('',*,*,#1944,.F.);
#2453=CARTESIAN_POINT('',(3.86,4.85,0.1));
#2454=DIRECTION('',(0.,-0.,-1.));
#2455=VECTOR('',#2454,0.1);
#2456=LINE('',#2453,#2455);
#2457=EDGE_CURVE('',#1787,#1931,#2456,.T.);
#2458=ORIENTED_EDGE('',*,*,#2457,.F.);
#2459=ORIENTED_EDGE('',*,*,#1792,.T.);
#2460=ORIENTED_EDGE('',*,*,#2231,.T.);
#2461=EDGE_LOOP('',(#2452,#2458,#2459,#2460));
#2462=FACE_BOUND('',#2461,.T.);
#2463=ADVANCED_FACE('',(#2462),#2451,.T.);
#2464=CARTESIAN_POINT('',(3.86,5.1,0.1));
#2465=DIRECTION('',(1.,0.,0.));
#2466=DIRECTION('',(0.,0.,1.));
#2467=AXIS2_PLACEMENT_3D('',#2464,#2465,#2466);
#2468=PLANE('',#2467);
#2469=ORIENTED_EDGE('',*,*,#1936,.F.);
#2470=ORIENTED_EDGE('',*,*,#2315,.F.);
#2471=ORIENTED_EDGE('',*,*,#1800,.T.);
#2472=ORIENTED_EDGE('',*,*,#2457,.T.);
#2473=EDGE_LOOP('',(#2469,#2470,#2471,#2472));
#2474=FACE_BOUND('',#2473,.T.);
#2475=ADVANCED_FACE('',(#2474),#2468,.T.);
#2476=CARTESIAN_POINT('',(4.26,2.675,0.1));
#2477=DIRECTION('',(1.,0.,0.));
#2478=DIRECTION('',(0.,0.,1.));
#2479=AXIS2_PLACEMENT_3D('',#2476,#2477,#2478);
#2480=PLANE('',#2479);
#2481=ORIENTED_EDGE('',*,*,#2376,.T.);
#2482=ORIENTED_EDGE('',*,*,#2015,.F.);
#2483=ORIENTED_EDGE('',*,*,#1816,.F.);
#2484=ORIENTED_EDGE('',*,*,#2338,.T.);
#2485=EDGE_LOOP('',(#2481,#2482,#2483,#2484));
#2486=FACE_BOUND('',#2485,.T.);
#2487=ADVANCED_FACE('',(#2486),#2480,.F.);
#2488=CARTESIAN_POINT('',(6.18,4.31,0.35));
#2489=DIRECTION('',(0.,-1.,0.));
#2490=DIRECTION('',(0.,-0.,-1.));
#2491=AXIS2_PLACEMENT_3D('',#2488,#2489,#2490);
#2492=PLANE('',#2491);
#2493=ORIENTED_EDGE('',*,*,#2132,.T.);
#2494=ORIENTED_EDGE('',*,*,#2400,.T.);
#2495=CARTESIAN_POINT('',(5.36,4.31,0.35));
#2496=VERTEX_POINT('',#2495);
#2497=CARTESIAN_POINT('',(5.36,4.31,0.35));
#2498=DIRECTION('',(0.,-0.,-1.));
#2499=VECTOR('',#2498,0.35);
#2500=LINE('',#2497,#2499);
#2501=EDGE_CURVE('',#2496,#2389,#2500,.T.);
#2502=ORIENTED_EDGE('',*,*,#2501,.F.);
#2503=CARTESIAN_POINT('',(6.1,4.31,0.35));
#2504=DIRECTION('',(-1.,0.,0.));
#2505=VECTOR('',#2504,0.74);
#2506=LINE('',#2503,#2505);
#2507=EDGE_CURVE('',#2127,#2496,#2506,.T.);
#2508=ORIENTED_EDGE('',*,*,#2507,.F.);
#2509=EDGE_LOOP('',(#2493,#2494,#2502,#2508));
#2510=FACE_BOUND('',#2509,.T.);
#2511=ADVANCED_FACE('',(#2510),#2492,.F.);
#2512=CARTESIAN_POINT('',(5.36,2.675,0.35));
#2513=DIRECTION('',(-1.,0.,-0.));
#2514=DIRECTION('',(0.,1.,-0.));
#2515=AXIS2_PLACEMENT_3D('',#2512,#2513,#2514);
#2516=PLANE('',#2515);
#2517=ORIENTED_EDGE('',*,*,#2394,.T.);
#2518=CARTESIAN_POINT('',(5.36,4.85,0.35));
#2519=VERTEX_POINT('',#2518);
#2520=CARTESIAN_POINT('',(5.36,4.85,0.35));
#2521=DIRECTION('',(0.,-0.,-1.));
#2522=VECTOR('',#2521,0.35);
#2523=LINE('',#2520,#2522);
#2524=EDGE_CURVE('',#2519,#2381,#2523,.T.);
#2525=ORIENTED_EDGE('',*,*,#2524,.F.);
#2526=CARTESIAN_POINT('',(5.36,4.31,0.35));
#2527=DIRECTION('',(0.,1.,-0.));
#2528=VECTOR('',#2527,0.54);
#2529=LINE('',#2526,#2528);
#2530=EDGE_CURVE('',#2496,#2519,#2529,.T.);
#2531=ORIENTED_EDGE('',*,*,#2530,.F.);
#2532=ORIENTED_EDGE('',*,*,#2501,.T.);
#2533=EDGE_LOOP('',(#2517,#2525,#2531,#2532));
#2534=FACE_BOUND('',#2533,.T.);
#2535=ADVANCED_FACE('',(#2534),#2516,.F.);
#2536=CARTESIAN_POINT('',(6.18,4.85,0.35));
#2537=DIRECTION('',(0.,1.,-0.));
#2538=DIRECTION('',(0.,0.,1.));
#2539=AXIS2_PLACEMENT_3D('',#2536,#2537,#2538);
#2540=PLANE('',#2539);
#2541=ORIENTED_EDGE('',*,*,#2148,.T.);
#2542=CARTESIAN_POINT('',(5.36,4.85,0.35));
#2543=DIRECTION('',(1.,0.,-0.));
#2544=VECTOR('',#2543,0.74);
#2545=LINE('',#2542,#2544);
#2546=EDGE_CURVE('',#2519,#2135,#2545,.T.);
#2547=ORIENTED_EDGE('',*,*,#2546,.F.);
#2548=ORIENTED_EDGE('',*,*,#2524,.T.);
#2549=ORIENTED_EDGE('',*,*,#2386,.T.);
#2550=EDGE_LOOP('',(#2541,#2547,#2548,#2549));
#2551=FACE_BOUND('',#2550,.T.);
#2552=ADVANCED_FACE('',(#2551),#2540,.F.);
#2553=CARTESIAN_POINT('',(0.,5.35,0.35));
#2554=DIRECTION('',(0.,-0.,-1.));
#2555=DIRECTION('',(0.,-1.,0.));
#2556=AXIS2_PLACEMENT_3D('',#2553,#2554,#2555);
#2557=PLANE('',#2556);
#2558=ORIENTED_EDGE('',*,*,#2507,.T.);
#2559=ORIENTED_EDGE('',*,*,#2530,.T.);
#2560=ORIENTED_EDGE('',*,*,#2546,.T.);
#2561=ORIENTED_EDGE('',*,*,#2140,.F.);
#2562=EDGE_LOOP('',(#2558,#2559,#2560,#2561));
#2563=FACE_BOUND('',#2562,.T.);
#2564=ADVANCED_FACE('',(#2563),#2557,.T.);
#2565=CARTESIAN_POINT('',(5.36,2.675,0.35));
#2566=DIRECTION('',(-1.,0.,-0.));
#2567=DIRECTION('',(0.,1.,-0.));
#2568=AXIS2_PLACEMENT_3D('',#2565,#2566,#2567);
#2569=PLANE('',#2568);
#2570=ORIENTED_EDGE('',*,*,#2362,.T.);
#2571=CARTESIAN_POINT('',(5.36,3.58,0.35));
#2572=VERTEX_POINT('',#2571);
#2573=CARTESIAN_POINT('',(5.36,3.58,0.35));
#2574=DIRECTION('',(0.,-0.,-1.));
#2575=VECTOR('',#2574,0.35);
#2576=LINE('',#2573,#2575);
#2577=EDGE_CURVE('',#2572,#2349,#2576,.T.);
#2578=ORIENTED_EDGE('',*,*,#2577,.F.);
#2579=CARTESIAN_POINT('',(5.36,0.5,0.35));
#2580=VERTEX_POINT('',#2579);
#2581=CARTESIAN_POINT('',(5.36,0.5,0.35));
#2582=DIRECTION('',(0.,1.,-0.));
#2583=VECTOR('',#2582,3.08);
#2584=LINE('',#2581,#2583);
#2585=EDGE_CURVE('',#2580,#2572,#2584,.T.);
#2586=ORIENTED_EDGE('',*,*,#2585,.F.);
#2587=CARTESIAN_POINT('',(5.36,0.5,0.35));
#2588=DIRECTION('',(0.,-0.,-1.));
#2589=VECTOR('',#2588,0.35);
#2590=LINE('',#2587,#2589);
#2591=EDGE_CURVE('',#2580,#2357,#2590,.T.);
#2592=ORIENTED_EDGE('',*,*,#2591,.T.);
#2593=EDGE_LOOP('',(#2570,#2578,#2586,#2592));
#2594=FACE_BOUND('',#2593,.T.);
#2595=ADVANCED_FACE('',(#2594),#2569,.F.);
#2596=CARTESIAN_POINT('',(6.18,1.04,0.35));
#2597=DIRECTION('',(0.,1.,-0.));
#2598=DIRECTION('',(0.,0.,1.));
#2599=AXIS2_PLACEMENT_3D('',#2596,#2597,#2598);
#2600=PLANE('',#2599);
#2601=ORIENTED_EDGE('',*,*,#2068,.T.);
#2602=CARTESIAN_POINT('',(5.94,1.04,0.35));
#2603=VERTEX_POINT('',#2602);
#2604=CARTESIAN_POINT('',(5.94,1.04,0.35));
#2605=DIRECTION('',(1.,0.,-0.));
#2606=VECTOR('',#2605,0.16);
#2607=LINE('',#2604,#2606);
#2608=EDGE_CURVE('',#2603,#2063,#2607,.T.);
#2609=ORIENTED_EDGE('',*,*,#2608,.F.);
#2610=CARTESIAN_POINT('',(5.94,1.04,0.35));
#2611=DIRECTION('',(0.,-0.,-1.));
#2612=VECTOR('',#2611,0.35);
#2613=LINE('',#2610,#2612);
#2614=EDGE_CURVE('',#2603,#1907,#2613,.T.);
#2615=ORIENTED_EDGE('',*,*,#2614,.T.);
#2616=ORIENTED_EDGE('',*,*,#1912,.T.);
#2617=EDGE_LOOP('',(#2601,#2609,#2615,#2616));
#2618=FACE_BOUND('',#2617,.T.);
#2619=ADVANCED_FACE('',(#2618),#2600,.F.);
#2620=CARTESIAN_POINT('',(6.18,0.5,0.35));
#2621=DIRECTION('',(0.,-1.,0.));
#2622=DIRECTION('',(0.,-0.,-1.));
#2623=AXIS2_PLACEMENT_3D('',#2620,#2621,#2622);
#2624=PLANE('',#2623);
#2625=ORIENTED_EDGE('',*,*,#2187,.T.);
#2626=ORIENTED_EDGE('',*,*,#2368,.T.);
#2627=ORIENTED_EDGE('',*,*,#2591,.F.);
#2628=CARTESIAN_POINT('',(6.1,0.5,0.35));
#2629=DIRECTION('',(-1.,0.,0.));
#2630=VECTOR('',#2629,0.74);
#2631=LINE('',#2628,#2630);
#2632=EDGE_CURVE('',#2182,#2580,#2631,.T.);
#2633=ORIENTED_EDGE('',*,*,#2632,.F.);
#2634=EDGE_LOOP('',(#2625,#2626,#2627,#2633));
#2635=FACE_BOUND('',#2634,.T.);
#2636=ADVANCED_FACE('',(#2635),#2624,.F.);
#2637=CARTESIAN_POINT('',(0.,5.35,0.35));
#2638=DIRECTION('',(0.,-0.,-1.));
#2639=DIRECTION('',(0.,-1.,0.));
#2640=AXIS2_PLACEMENT_3D('',#2637,#2638,#2639);
#2641=PLANE('',#2640);
#2642=ORIENTED_EDGE('',*,*,#2632,.T.);
#2643=ORIENTED_EDGE('',*,*,#2585,.T.);
#2644=CARTESIAN_POINT('',(5.36,3.58,0.35));
#2645=DIRECTION('',(1.,0.,-0.));
#2646=VECTOR('',#2645,0.74);
#2647=LINE('',#2644,#2646);
#2648=EDGE_CURVE('',#2572,#2103,#2647,.T.);
#2649=ORIENTED_EDGE('',*,*,#2648,.T.);
#2650=ORIENTED_EDGE('',*,*,#2108,.F.);
#2651=CARTESIAN_POINT('',(5.94,3.04,0.35));
#2652=VERTEX_POINT('',#2651);
#2653=CARTESIAN_POINT('',(6.1,3.04,0.35));
#2654=DIRECTION('',(-1.,0.,0.));
#2655=VECTOR('',#2654,0.16);
#2656=LINE('',#2653,#2655);
#2657=EDGE_CURVE('',#2095,#2652,#2656,.T.);
#2658=ORIENTED_EDGE('',*,*,#2657,.T.);
#2659=CARTESIAN_POINT('',(5.94,2.31,0.35));
#2660=VERTEX_POINT('',#2659);
#2661=CARTESIAN_POINT('',(5.94,3.04,0.35));
#2662=DIRECTION('',(-0.,-1.,0.));
#2663=VECTOR('',#2662,0.73);
#2664=LINE('',#2661,#2663);
#2665=EDGE_CURVE('',#2652,#2660,#2664,.T.);
#2666=ORIENTED_EDGE('',*,*,#2665,.T.);
#2667=CARTESIAN_POINT('',(5.94,2.31,0.35));
#2668=DIRECTION('',(1.,0.,-0.));
#2669=VECTOR('',#2668,0.16);
#2670=LINE('',#2667,#2669);
#2671=EDGE_CURVE('',#2660,#2080,#2670,.T.);
#2672=ORIENTED_EDGE('',*,*,#2671,.T.);
#2673=ORIENTED_EDGE('',*,*,#2085,.F.);
#2674=CARTESIAN_POINT('',(5.94,1.77,0.35));
#2675=VERTEX_POINT('',#2674);
#2676=CARTESIAN_POINT('',(6.1,1.77,0.35));
#2677=DIRECTION('',(-1.,0.,0.));
#2678=VECTOR('',#2677,0.16);
#2679=LINE('',#2676,#2678);
#2680=EDGE_CURVE('',#2072,#2675,#2679,.T.);
#2681=ORIENTED_EDGE('',*,*,#2680,.T.);
#2682=CARTESIAN_POINT('',(5.94,1.77,0.35));
#2683=DIRECTION('',(-0.,-1.,0.));
#2684=VECTOR('',#2683,0.73);
#2685=LINE('',#2682,#2684);
#2686=EDGE_CURVE('',#2675,#2603,#2685,.T.);
#2687=ORIENTED_EDGE('',*,*,#2686,.T.);
#2688=ORIENTED_EDGE('',*,*,#2608,.T.);
#2689=ORIENTED_EDGE('',*,*,#2193,.F.);
#2690=EDGE_LOOP('',(#2642,#2643,#2649,#2650,#2658,#2666,#2672,#2673,#2681,#2687,#2688,#2689));
#2691=FACE_BOUND('',#2690,.T.);
#2692=ADVANCED_FACE('',(#2691),#2641,.T.);
#2693=CARTESIAN_POINT('',(5.94,2.675,0.35));
#2694=DIRECTION('',(1.,-0.,0.));
#2695=DIRECTION('',(-0.,-1.,0.));
#2696=AXIS2_PLACEMENT_3D('',#2693,#2694,#2695);
#2697=PLANE('',#2696);
#2698=ORIENTED_EDGE('',*,*,#1878,.T.);
#2699=CARTESIAN_POINT('',(5.94,2.31,0.35));
#2700=DIRECTION('',(0.,-0.,-1.));
#2701=VECTOR('',#2700,0.35);
#2702=LINE('',#2699,#2701);
#2703=EDGE_CURVE('',#2660,#1867,#2702,.T.);
#2704=ORIENTED_EDGE('',*,*,#2703,.F.);
#2705=ORIENTED_EDGE('',*,*,#2665,.F.);
#2706=CARTESIAN_POINT('',(5.94,3.04,0.35));
#2707=DIRECTION('',(0.,-0.,-1.));
#2708=VECTOR('',#2707,0.35);
#2709=LINE('',#2706,#2708);
#2710=EDGE_CURVE('',#2652,#1851,#2709,.T.);
#2711=ORIENTED_EDGE('',*,*,#2710,.T.);
#2712=EDGE_LOOP('',(#2698,#2704,#2705,#2711));
#2713=FACE_BOUND('',#2712,.T.);
#2714=ADVANCED_FACE('',(#2713),#2697,.F.);
#2715=CARTESIAN_POINT('',(6.18,3.58,0.35));
#2716=DIRECTION('',(0.,1.,-0.));
#2717=DIRECTION('',(0.,0.,1.));
#2718=AXIS2_PLACEMENT_3D('',#2715,#2716,#2717);
#2719=PLANE('',#2718);
#2720=ORIENTED_EDGE('',*,*,#2116,.T.);
#2721=ORIENTED_EDGE('',*,*,#2648,.F.);
#2722=ORIENTED_EDGE('',*,*,#2577,.T.);
#2723=ORIENTED_EDGE('',*,*,#2354,.T.);
#2724=EDGE_LOOP('',(#2720,#2721,#2722,#2723));
#2725=FACE_BOUND('',#2724,.T.);
#2726=ADVANCED_FACE('',(#2725),#2719,.F.);
#2727=CARTESIAN_POINT('',(6.18,3.04,0.35));
#2728=DIRECTION('',(0.,-1.,0.));
#2729=DIRECTION('',(0.,-0.,-1.));
#2730=AXIS2_PLACEMENT_3D('',#2727,#2728,#2729);
#2731=PLANE('',#2730);
#2732=ORIENTED_EDGE('',*,*,#2100,.T.);
#2733=ORIENTED_EDGE('',*,*,#1856,.T.);
#2734=ORIENTED_EDGE('',*,*,#2710,.F.);
#2735=ORIENTED_EDGE('',*,*,#2657,.F.);
#2736=EDGE_LOOP('',(#2732,#2733,#2734,#2735));
#2737=FACE_BOUND('',#2736,.T.);
#2738=ADVANCED_FACE('',(#2737),#2731,.F.);
#2739=CARTESIAN_POINT('',(6.18,2.31,0.35));
#2740=DIRECTION('',(0.,1.,-0.));
#2741=DIRECTION('',(0.,0.,1.));
#2742=AXIS2_PLACEMENT_3D('',#2739,#2740,#2741);
#2743=PLANE('',#2742);
#2744=ORIENTED_EDGE('',*,*,#2091,.T.);
#2745=ORIENTED_EDGE('',*,*,#2671,.F.);
#2746=ORIENTED_EDGE('',*,*,#2703,.T.);
#2747=ORIENTED_EDGE('',*,*,#1872,.T.);
#2748=EDGE_LOOP('',(#2744,#2745,#2746,#2747));
#2749=FACE_BOUND('',#2748,.T.);
#2750=ADVANCED_FACE('',(#2749),#2743,.F.);
#2751=CARTESIAN_POINT('',(6.18,1.77,0.35));
#2752=DIRECTION('',(0.,-1.,0.));
#2753=DIRECTION('',(0.,-0.,-1.));
#2754=AXIS2_PLACEMENT_3D('',#2751,#2752,#2753);
#2755=PLANE('',#2754);
#2756=ORIENTED_EDGE('',*,*,#2077,.T.);
#2757=ORIENTED_EDGE('',*,*,#1896,.T.);
#2758=CARTESIAN_POINT('',(5.94,1.77,0.35));
#2759=DIRECTION('',(0.,-0.,-1.));
#2760=VECTOR('',#2759,0.35);
#2761=LINE('',#2758,#2760);
#2762=EDGE_CURVE('',#2675,#1891,#2761,.T.);
#2763=ORIENTED_EDGE('',*,*,#2762,.F.);
#2764=ORIENTED_EDGE('',*,*,#2680,.F.);
#2765=EDGE_LOOP('',(#2756,#2757,#2763,#2764));
#2766=FACE_BOUND('',#2765,.T.);
#2767=ADVANCED_FACE('',(#2766),#2755,.F.);
#2768=CARTESIAN_POINT('',(5.94,1.675,0.35));
#2769=DIRECTION('',(1.,-0.,0.));
#2770=DIRECTION('',(-0.,-1.,0.));
#2771=AXIS2_PLACEMENT_3D('',#2768,#2769,#2770);
#2772=PLANE('',#2771);
#2773=ORIENTED_EDGE('',*,*,#1918,.T.);
#2774=ORIENTED_EDGE('',*,*,#2614,.F.);
#2775=ORIENTED_EDGE('',*,*,#2686,.F.);
#2776=ORIENTED_EDGE('',*,*,#2762,.T.);
#2777=EDGE_LOOP('',(#2773,#2774,#2775,#2776));
#2778=FACE_BOUND('',#2777,.T.);
#2779=ADVANCED_FACE('',(#2778),#2772,.F.);
#2780=CARTESIAN_POINT('',(0.265,3.04,0.));
#2781=DIRECTION('',(0.,-1.,0.));
#2782=DIRECTION('',(0.,0.,-1.));
#2783=AXIS2_PLACEMENT_3D('',#2780,#2781,#2782);
#2784=PLANE('',#2783);
#2785=ORIENTED_EDGE('',*,*,#1744,.T.);
#2786=CARTESIAN_POINT('',(0.53,3.04,0.));
#2787=VERTEX_POINT('',#2786);
#2788=CARTESIAN_POINT('',(0.53,3.04,0.));
#2789=DIRECTION('',(0.,0.,1.));
#2790=VECTOR('',#2789,0.1);
#2791=LINE('',#2788,#2790);
#2792=EDGE_CURVE('',#2787,#1731,#2791,.T.);
#2793=ORIENTED_EDGE('',*,*,#2792,.F.);
#2794=CARTESIAN_POINT('',(0.,3.04,0.));
#2795=DIRECTION('',(1.,0.,-0.));
#2796=VECTOR('',#2795,0.53);
#2797=LINE('',#2794,#2796);
#2798=EDGE_CURVE('',#2258,#2787,#2797,.T.);
#2799=ORIENTED_EDGE('',*,*,#2798,.F.);
#2800=ORIENTED_EDGE('',*,*,#2263,.T.);
#2801=EDGE_LOOP('',(#2785,#2793,#2799,#2800));
#2802=FACE_BOUND('',#2801,.T.);
#2803=ADVANCED_FACE('',(#2802),#2784,.F.);
#2804=CARTESIAN_POINT('',(0.53,2.675,0.));
#2805=DIRECTION('',(1.,0.,0.));
#2806=DIRECTION('',(0.,0.,-1.));
#2807=AXIS2_PLACEMENT_3D('',#2804,#2805,#2806);
#2808=PLANE('',#2807);
#2809=ORIENTED_EDGE('',*,*,#1736,.F.);
#2810=CARTESIAN_POINT('',(0.53,2.31,0.));
#2811=VERTEX_POINT('',#2810);
#2812=CARTESIAN_POINT('',(0.53,2.31,0.));
#2813=DIRECTION('',(0.,0.,1.));
#2814=VECTOR('',#2813,0.1);
#2815=LINE('',#2812,#2814);
#2816=EDGE_CURVE('',#2811,#1723,#2815,.T.);
#2817=ORIENTED_EDGE('',*,*,#2816,.F.);
#2818=CARTESIAN_POINT('',(0.53,2.31,0.));
#2819=DIRECTION('',(0.,1.,0.));
#2820=VECTOR('',#2819,0.73);
#2821=LINE('',#2818,#2820);
#2822=EDGE_CURVE('',#2811,#2787,#2821,.T.);
#2823=ORIENTED_EDGE('',*,*,#2822,.T.);
#2824=ORIENTED_EDGE('',*,*,#2792,.T.);
#2825=EDGE_LOOP('',(#2809,#2817,#2823,#2824));
#2826=FACE_BOUND('',#2825,.T.);
#2827=ADVANCED_FACE('',(#2826),#2808,.T.);
#2828=CARTESIAN_POINT('',(0.265,2.31,0.));
#2829=DIRECTION('',(0.,-1.,0.));
#2830=DIRECTION('',(0.,0.,-1.));
#2831=AXIS2_PLACEMENT_3D('',#2828,#2829,#2830);
#2832=PLANE('',#2831);
#2833=ORIENTED_EDGE('',*,*,#1728,.F.);
#2834=ORIENTED_EDGE('',*,*,#2277,.F.);
#2835=CARTESIAN_POINT('',(0.,2.31,0.));
#2836=DIRECTION('',(1.,0.,-0.));
#2837=VECTOR('',#2836,0.53);
#2838=LINE('',#2835,#2837);
#2839=EDGE_CURVE('',#2266,#2811,#2838,.T.);
#2840=ORIENTED_EDGE('',*,*,#2839,.T.);
#2841=ORIENTED_EDGE('',*,*,#2816,.T.);
#2842=EDGE_LOOP('',(#2833,#2834,#2840,#2841));
#2843=FACE_BOUND('',#2842,.T.);
#2844=ADVANCED_FACE('',(#2843),#2832,.T.);
#2845=CARTESIAN_POINT('',(0.,0.,0.));
#2846=DIRECTION('',(0.,0.,-1.));
#2847=DIRECTION('',(0.,1.,0.));
#2848=AXIS2_PLACEMENT_3D('',#2845,#2846,#2847);
#2849=PLANE('',#2848);
#2850=ORIENTED_EDGE('',*,*,#2271,.T.);
#2851=ORIENTED_EDGE('',*,*,#2798,.T.);
#2852=ORIENTED_EDGE('',*,*,#2822,.F.);
#2853=ORIENTED_EDGE('',*,*,#2839,.F.);
#2854=EDGE_LOOP('',(#2850,#2851,#2852,#2853));
#2855=FACE_BOUND('',#2854,.T.);
#2856=ADVANCED_FACE('',(#2855),#2849,.T.);
#2857=CARTESIAN_POINT('',(0.265,4.31,0.));
#2858=DIRECTION('',(0.,-1.,0.));
#2859=DIRECTION('',(0.,0.,-1.));
#2860=AXIS2_PLACEMENT_3D('',#2857,#2858,#2859);
#2861=PLANE('',#2860);
#2862=ORIENTED_EDGE('',*,*,#1776,.T.);
#2863=CARTESIAN_POINT('',(0.53,4.31,0.));
#2864=VERTEX_POINT('',#2863);
#2865=CARTESIAN_POINT('',(0.53,4.31,0.));
#2866=DIRECTION('',(0.,0.,1.));
#2867=VECTOR('',#2866,0.1);
#2868=LINE('',#2865,#2867);
#2869=EDGE_CURVE('',#2864,#1763,#2868,.T.);
#2870=ORIENTED_EDGE('',*,*,#2869,.F.);
#2871=CARTESIAN_POINT('',(0.,4.31,0.));
#2872=DIRECTION('',(1.,0.,-0.));
#2873=VECTOR('',#2872,0.53);
#2874=LINE('',#2871,#2873);
#2875=EDGE_CURVE('',#2235,#2864,#2874,.T.);
#2876=ORIENTED_EDGE('',*,*,#2875,.F.);
#2877=ORIENTED_EDGE('',*,*,#2240,.T.);
#2878=EDGE_LOOP('',(#2862,#2870,#2876,#2877));
#2879=FACE_BOUND('',#2878,.T.);
#2880=ADVANCED_FACE('',(#2879),#2861,.F.);
#2881=CARTESIAN_POINT('',(0.53,3.945,0.));
#2882=DIRECTION('',(1.,0.,0.));
#2883=DIRECTION('',(0.,0.,-1.));
#2884=AXIS2_PLACEMENT_3D('',#2881,#2882,#2883);
#2885=PLANE('',#2884);
#2886=ORIENTED_EDGE('',*,*,#1768,.F.);
#2887=CARTESIAN_POINT('',(0.53,3.58,0.));
#2888=VERTEX_POINT('',#2887);
#2889=CARTESIAN_POINT('',(0.53,3.58,0.));
#2890=DIRECTION('',(0.,0.,1.));
#2891=VECTOR('',#2890,0.1);
#2892=LINE('',#2889,#2891);
#2893=EDGE_CURVE('',#2888,#1755,#2892,.T.);
#2894=ORIENTED_EDGE('',*,*,#2893,.F.);
#2895=CARTESIAN_POINT('',(0.53,3.58,0.));
#2896=DIRECTION('',(0.,1.,0.));
#2897=VECTOR('',#2896,0.73);
#2898=LINE('',#2895,#2897);
#2899=EDGE_CURVE('',#2888,#2864,#2898,.T.);
#2900=ORIENTED_EDGE('',*,*,#2899,.T.);
#2901=ORIENTED_EDGE('',*,*,#2869,.T.);
#2902=EDGE_LOOP('',(#2886,#2894,#2900,#2901));
#2903=FACE_BOUND('',#2902,.T.);
#2904=ADVANCED_FACE('',(#2903),#2885,.T.);
#2905=CARTESIAN_POINT('',(0.265,3.58,0.));
#2906=DIRECTION('',(0.,-1.,0.));
#2907=DIRECTION('',(0.,0.,-1.));
#2908=AXIS2_PLACEMENT_3D('',#2905,#2906,#2907);
#2909=PLANE('',#2908);
#2910=ORIENTED_EDGE('',*,*,#1760,.F.);
#2911=ORIENTED_EDGE('',*,*,#2254,.F.);
#2912=CARTESIAN_POINT('',(0.,3.58,0.));
#2913=DIRECTION('',(1.,0.,-0.));
#2914=VECTOR('',#2913,0.53);
#2915=LINE('',#2912,#2914);
#2916=EDGE_CURVE('',#2243,#2888,#2915,.T.);
#2917=ORIENTED_EDGE('',*,*,#2916,.T.);
#2918=ORIENTED_EDGE('',*,*,#2893,.T.);
#2919=EDGE_LOOP('',(#2910,#2911,#2917,#2918));
#2920=FACE_BOUND('',#2919,.T.);
#2921=ADVANCED_FACE('',(#2920),#2909,.T.);
#2922=CARTESIAN_POINT('',(0.,0.,0.));
#2923=DIRECTION('',(0.,0.,-1.));
#2924=DIRECTION('',(0.,1.,0.));
#2925=AXIS2_PLACEMENT_3D('',#2922,#2923,#2924);
#2926=PLANE('',#2925);
#2927=ORIENTED_EDGE('',*,*,#2248,.T.);
#2928=ORIENTED_EDGE('',*,*,#2875,.T.);
#2929=ORIENTED_EDGE('',*,*,#2899,.F.);
#2930=ORIENTED_EDGE('',*,*,#2916,.F.);
#2931=EDGE_LOOP('',(#2927,#2928,#2929,#2930));
#2932=FACE_BOUND('',#2931,.T.);
#2933=ADVANCED_FACE('',(#2932),#2926,.T.);
#2934=CARTESIAN_POINT('',(0.265,1.04,0.));
#2935=DIRECTION('',(0.,-1.,0.));
#2936=DIRECTION('',(0.,0.,-1.));
#2937=AXIS2_PLACEMENT_3D('',#2934,#2935,#2936);
#2938=PLANE('',#2937);
#2939=ORIENTED_EDGE('',*,*,#1696,.F.);
#2940=ORIENTED_EDGE('',*,*,#2300,.F.);
#2941=CARTESIAN_POINT('',(0.53,1.04,0.));
#2942=VERTEX_POINT('',#2941);
#2943=CARTESIAN_POINT('',(0.,1.04,0.));
#2944=DIRECTION('',(1.,0.,-0.));
#2945=VECTOR('',#2944,0.53);
#2946=LINE('',#2943,#2945);
#2947=EDGE_CURVE('',#2289,#2942,#2946,.T.);
#2948=ORIENTED_EDGE('',*,*,#2947,.T.);
#2949=CARTESIAN_POINT('',(0.53,1.04,0.));
#2950=DIRECTION('',(0.,0.,1.));
#2951=VECTOR('',#2950,0.1);
#2952=LINE('',#2949,#2951);
#2953=EDGE_CURVE('',#2942,#1691,#2952,.T.);
#2954=ORIENTED_EDGE('',*,*,#2953,.T.);
#2955=EDGE_LOOP('',(#2939,#2940,#2948,#2954));
#2956=FACE_BOUND('',#2955,.T.);
#2957=ADVANCED_FACE('',(#2956),#2938,.T.);
#2958=CARTESIAN_POINT('',(0.265,1.77,0.));
#2959=DIRECTION('',(0.,-1.,0.));
#2960=DIRECTION('',(1.,0.,0.));
#2961=AXIS2_PLACEMENT_3D('',#2958,#2959,#2960);
#2962=PLANE('',#2961);
#2963=ORIENTED_EDGE('',*,*,#1712,.T.);
#2964=CARTESIAN_POINT('',(0.53,1.77,0.));
#2965=VERTEX_POINT('',#2964);
#2966=CARTESIAN_POINT('',(0.53,1.77,0.));
#2967=DIRECTION('',(0.,0.,1.));
#2968=VECTOR('',#2967,0.1);
#2969=LINE('',#2966,#2968);
#2970=EDGE_CURVE('',#2965,#1699,#2969,.T.);
#2971=ORIENTED_EDGE('',*,*,#2970,.F.);
#2972=CARTESIAN_POINT('',(0.,1.77,0.));
#2973=DIRECTION('',(1.,0.,0.));
#2974=VECTOR('',#2973,0.53);
#2975=LINE('',#2972,#2974);
#2976=EDGE_CURVE('',#2281,#2965,#2975,.T.);
#2977=ORIENTED_EDGE('',*,*,#2976,.F.);
#2978=ORIENTED_EDGE('',*,*,#2286,.T.);
#2979=EDGE_LOOP('',(#2963,#2971,#2977,#2978));
#2980=FACE_BOUND('',#2979,.T.);
#2981=ADVANCED_FACE('',(#2980),#2962,.F.);
#2982=CARTESIAN_POINT('',(0.53,1.405,0.));
#2983=DIRECTION('',(1.,0.,0.));
#2984=DIRECTION('',(0.,0.,-1.));
#2985=AXIS2_PLACEMENT_3D('',#2982,#2983,#2984);
#2986=PLANE('',#2985);
#2987=ORIENTED_EDGE('',*,*,#1704,.F.);
#2988=ORIENTED_EDGE('',*,*,#2953,.F.);
#2989=CARTESIAN_POINT('',(0.53,1.04,0.));
#2990=DIRECTION('',(0.,1.,0.));
#2991=VECTOR('',#2990,0.73);
#2992=LINE('',#2989,#2991);
#2993=EDGE_CURVE('',#2942,#2965,#2992,.T.);
#2994=ORIENTED_EDGE('',*,*,#2993,.T.);
#2995=ORIENTED_EDGE('',*,*,#2970,.T.);
#2996=EDGE_LOOP('',(#2987,#2988,#2994,#2995));
#2997=FACE_BOUND('',#2996,.T.);
#2998=ADVANCED_FACE('',(#2997),#2986,.T.);
#2999=CARTESIAN_POINT('',(0.,0.,0.));
#3000=DIRECTION('',(0.,0.,-1.));
#3001=DIRECTION('',(0.,1.,0.));
#3002=AXIS2_PLACEMENT_3D('',#2999,#3000,#3001);
#3003=PLANE('',#3002);
#3004=ORIENTED_EDGE('',*,*,#2947,.F.);
#3005=ORIENTED_EDGE('',*,*,#2294,.T.);
#3006=ORIENTED_EDGE('',*,*,#2976,.T.);
#3007=ORIENTED_EDGE('',*,*,#2993,.F.);
#3008=EDGE_LOOP('',(#3004,#3005,#3006,#3007));
#3009=FACE_BOUND('',#3008,.T.);
#3010=ADVANCED_FACE('',(#3009),#3003,.T.);
#3011=CLOSED_SHELL('',(#1842,#1882,#1922,#1962,#2002,#2056,#2197,#2304,#2342,#2405,#2417,#2434,#2446,#2463,#2475,#2487,#2511,#2535,#2552,#2564,#2595,#2619,#2636,#2692,#2714,#2726,
#2738,#2750,#2767,#2779,#2803,#2827,#2844,#2856,#2880,#2904,#2921,#2933,#2957,#2981,#2998,#3010));
#3012=MANIFOLD_SOLID_BREP('K\S\vrper 01',#3011);
#3013=COLOUR_RGB('',0.494117647,0.494117647,0.525490224);
#3014=FILL_AREA_STYLE_COLOUR('',#3013);
#3015=FILL_AREA_STYLE('',(#3014));
#3016=SURFACE_STYLE_FILL_AREA(#3015);
#3017=SURFACE_SIDE_STYLE('',(#3016));
#3018=SURFACE_STYLE_USAGE(.BOTH.,#3017);
#3019=PRESENTATION_STYLE_ASSIGNMENT((#3018));
#1674=STYLED_ITEM('',(#3019),#3012);
#16=SHAPE_REPRESENTATION('root',(#15),#10);
#17=ADVANCED_BREP_SHAPE_REPRESENTATION('root',(#1100,#1522,#1673,#3012),#10);
#3027=SHAPE_REPRESENTATION_RELATIONSHIP('','',#16,#17);
#3028=APPLICATION_CONTEXT('configuration controlled 3D design of mechanical parts and assemblies');
#3029=APPLICATION_PROTOCOL_DEFINITION('international standard','configuration_control_3d_design_ed2_mim',2004,#3028);
#3030=PRODUCT_CONTEXT('',#3028,'mechanical');
#3031=PRODUCT_DEFINITION_CONTEXT('part definition',#3028,'design');
#24=PRODUCT('root','root','',(#3030));
#3032=PRODUCT_RELATED_PRODUCT_CATEGORY('part','',(#24));
#3033=PRODUCT_DEFINITION_FORMATION_WITH_SPECIFIED_SOURCE('','',#24,.NOT_KNOWN.);
#25=PRODUCT_DEFINITION('design','',#3033,#3031);
#23=PRODUCT_DEFINITION_SHAPE('','',#25);
#3034=SHAPE_DEFINITION_REPRESENTATION(#23,#16);
#11=DRAUGHTING_MODEL('',(),#10);
#1=MECHANICAL_DESIGN_GEOMETRIC_PRESENTATION_REPRESENTATION('',(#26,#1108,#1523,#1674),#10);
ENDSEC;
END-ISO-10303-21;
